path,y,split
${BOSSBASE_ROOT}\cover\1546.pgm,0,train
${BOSSBASE_ROOT}\cover\3347.pgm,0,train
${BOSSBASE_ROOT}\cover\5414.pgm,0,train
${BOSSBASE_ROOT}\cover\5923.pgm,0,train
${BOSSBASE_ROOT}\stego\HILL\0.4bpp\stego\8768.pgm,1,train
${BOSSBASE_ROOT}\cover\6632.pgm,0,train
${BOSSBASE_ROOT}\cover\6667.pgm,0,train
${BOSSBASE_ROOT}\stego\HILL\0.4bpp\stego\3868.pgm,1,train
${BOSSBASE_ROOT}\cover\9220.pgm,0,train
${BOSSBASE_ROOT}\stego\HILL\0.4bpp\stego\9121.pgm,1,train
${BOSSBASE_ROOT}\cover\9504.pgm,0,train
${BOSSBASE_ROOT}\stego\HILL\0.4bpp\stego\9261.pgm,1,train
${BOSSBASE_ROOT}\stego\HILL\0.4bpp\stego\9395.pgm,1,train
${BOSSBASE_ROOT}\stego\HILL\0.4bpp\stego\3267.pgm,1,train
${BOSSBASE_ROOT}\cover\4743.pgm,0,train
${BOSSBASE_ROOT}\stego\HILL\0.4bpp\stego\7997.pgm,1,train
${BOSSBASE_ROOT}\cover\191.pgm,0,train
${BOSSBASE_ROOT}\cover\3170.pgm,0,train
${BOSSBASE_ROOT}\cover\3490.pgm,0,train
${BOSSBASE_ROOT}\cover\9066.pgm,0,train
${BOSSBASE_ROOT}\stego\HILL\0.4bpp\stego\2395.pgm,1,train
${BOSSBASE_ROOT}\cover\6836.pgm,0,train
${BOSSBASE_ROOT}\cover\9174.pgm,0,train
${BOSSBASE_ROOT}\cover\3484.pgm,0,train
${BOSSBASE_ROOT}\cover\441.pgm,0,train
${BOSSBASE_ROOT}\cover\4929.pgm,0,train
${BOSSBASE_ROOT}\stego\HILL\0.4bpp\stego\5932.pgm,1,train
${BOSSBASE_ROOT}\cover\3140.pgm,0,train
${BOSSBASE_ROOT}\stego\HILL\0.4bpp\stego\5916.pgm,1,train
${BOSSBASE_ROOT}\stego\HILL\0.4bpp\stego\2350.pgm,1,train
${BOSSBASE_ROOT}\cover\2064.pgm,0,train
${BOSSBASE_ROOT}\cover\4143.pgm,0,train
${BOSSBASE_ROOT}\cover\4114.pgm,0,train
${BOSSBASE_ROOT}\stego\HILL\0.4bpp\stego\6994.pgm,1,train
${BOSSBASE_ROOT}\stego\HILL\0.4bpp\stego\7520.pgm,1,train
${BOSSBASE_ROOT}\stego\HILL\0.4bpp\stego\7192.pgm,1,train
${BOSSBASE_ROOT}\stego\HILL\0.4bpp\stego\638.pgm,1,train
${BOSSBASE_ROOT}\cover\7043.pgm,0,train
${BOSSBASE_ROOT}\cover\6871.pgm,0,train
${BOSSBASE_ROOT}\cover\7640.pgm,0,train
${BOSSBASE_ROOT}\stego\HILL\0.4bpp\stego\2953.pgm,1,train
${BOSSBASE_ROOT}\stego\HILL\0.4bpp\stego\1036.pgm,1,train
${BOSSBASE_ROOT}\stego\HILL\0.4bpp\stego\7511.pgm,1,train
${BOSSBASE_ROOT}\cover\9238.pgm,0,train
${BOSSBASE_ROOT}\cover\57.pgm,0,train
${BOSSBASE_ROOT}\stego\HILL\0.4bpp\stego\1623.pgm,1,train
${BOSSBASE_ROOT}\cover\3665.pgm,0,train
${BOSSBASE_ROOT}\cover\8621.pgm,0,train
${BOSSBASE_ROOT}\cover\3827.pgm,0,train
${BOSSBASE_ROOT}\stego\HILL\0.4bpp\stego\3126.pgm,1,train
${BOSSBASE_ROOT}\cover\6844.pgm,0,train
${BOSSBASE_ROOT}\cover\2043.pgm,0,train
${BOSSBASE_ROOT}\stego\HILL\0.4bpp\stego\9623.pgm,1,train
${BOSSBASE_ROOT}\cover\7008.pgm,0,train
${BOSSBASE_ROOT}\stego\HILL\0.4bpp\stego\5689.pgm,1,train
${BOSSBASE_ROOT}\cover\8495.pgm,0,train
${BOSSBASE_ROOT}\cover\1033.pgm,0,train
${BOSSBASE_ROOT}\cover\9770.pgm,0,train
${BOSSBASE_ROOT}\stego\HILL\0.4bpp\stego\303.pgm,1,train
${BOSSBASE_ROOT}\cover\7874.pgm,0,train
${BOSSBASE_ROOT}\stego\HILL\0.4bpp\stego\1778.pgm,1,train
${BOSSBASE_ROOT}\stego\HILL\0.4bpp\stego\9835.pgm,1,train
${BOSSBASE_ROOT}\stego\HILL\0.4bpp\stego\3198.pgm,1,train
${BOSSBASE_ROOT}\stego\HILL\0.4bpp\stego\1188.pgm,1,train
${BOSSBASE_ROOT}\cover\5909.pgm,0,train
${BOSSBASE_ROOT}\stego\HILL\0.4bpp\stego\6721.pgm,1,train
${BOSSBASE_ROOT}\stego\HILL\0.4bpp\stego\6069.pgm,1,train
${BOSSBASE_ROOT}\stego\HILL\0.4bpp\stego\3379.pgm,1,train
${BOSSBASE_ROOT}\cover\1012.pgm,0,train
${BOSSBASE_ROOT}\stego\HILL\0.4bpp\stego\6460.pgm,1,train
${BOSSBASE_ROOT}\cover\8296.pgm,0,train
${BOSSBASE_ROOT}\cover\1872.pgm,0,train
${BOSSBASE_ROOT}\stego\HILL\0.4bpp\stego\4133.pgm,1,train
${BOSSBASE_ROOT}\cover\7927.pgm,0,train
${BOSSBASE_ROOT}\cover\5918.pgm,0,train
${BOSSBASE_ROOT}\cover\1571.pgm,0,train
${BOSSBASE_ROOT}\stego\HILL\0.4bpp\stego\4640.pgm,1,train
${BOSSBASE_ROOT}\cover\6681.pgm,0,train
${BOSSBASE_ROOT}\stego\HILL\0.4bpp\stego\8395.pgm,1,train
${BOSSBASE_ROOT}\stego\HILL\0.4bpp\stego\5518.pgm,1,train
${BOSSBASE_ROOT}\cover\5716.pgm,0,train
${BOSSBASE_ROOT}\stego\HILL\0.4bpp\stego\8886.pgm,1,train
${BOSSBASE_ROOT}\stego\HILL\0.4bpp\stego\3065.pgm,1,train
${BOSSBASE_ROOT}\stego\HILL\0.4bpp\stego\5138.pgm,1,train
${BOSSBASE_ROOT}\stego\HILL\0.4bpp\stego\5454.pgm,1,train
${BOSSBASE_ROOT}\cover\9375.pgm,0,train
${BOSSBASE_ROOT}\stego\HILL\0.4bpp\stego\8320.pgm,1,train
${BOSSBASE_ROOT}\stego\HILL\0.4bpp\stego\9904.pgm,1,train
${BOSSBASE_ROOT}\stego\HILL\0.4bpp\stego\2684.pgm,1,train
${BOSSBASE_ROOT}\cover\2653.pgm,0,train
${BOSSBASE_ROOT}\stego\HILL\0.4bpp\stego\8311.pgm,1,train
${BOSSBASE_ROOT}\cover\1506.pgm,0,train
${BOSSBASE_ROOT}\stego\HILL\0.4bpp\stego\7651.pgm,1,train
${BOSSBASE_ROOT}\cover\4522.pgm,0,train
${BOSSBASE_ROOT}\cover\6126.pgm,0,train
${BOSSBASE_ROOT}\cover\6870.pgm,0,train
${BOSSBASE_ROOT}\stego\HILL\0.4bpp\stego\1895.pgm,1,train
${BOSSBASE_ROOT}\stego\HILL\0.4bpp\stego\1420.pgm,1,train
${BOSSBASE_ROOT}\stego\HILL\0.4bpp\stego\1867.pgm,1,train
${BOSSBASE_ROOT}\cover\7649.pgm,0,train
${BOSSBASE_ROOT}\cover\8789.pgm,0,train
${BOSSBASE_ROOT}\cover\4808.pgm,0,train
${BOSSBASE_ROOT}\stego\HILL\0.4bpp\stego\4070.pgm,1,train
${BOSSBASE_ROOT}\stego\HILL\0.4bpp\stego\4413.pgm,1,train
${BOSSBASE_ROOT}\stego\HILL\0.4bpp\stego\6824.pgm,1,train
${BOSSBASE_ROOT}\cover\9855.pgm,0,train
${BOSSBASE_ROOT}\cover\4854.pgm,0,train
${BOSSBASE_ROOT}\cover\5422.pgm,0,train
${BOSSBASE_ROOT}\stego\HILL\0.4bpp\stego\6674.pgm,1,train
${BOSSBASE_ROOT}\cover\1455.pgm,0,train
${BOSSBASE_ROOT}\cover\532.pgm,0,train
${BOSSBASE_ROOT}\cover\9310.pgm,0,train
${BOSSBASE_ROOT}\cover\3441.pgm,0,train
${BOSSBASE_ROOT}\cover\9469.pgm,0,train
${BOSSBASE_ROOT}\cover\9719.pgm,0,train
${BOSSBASE_ROOT}\stego\HILL\0.4bpp\stego\3262.pgm,1,train
${BOSSBASE_ROOT}\cover\2729.pgm,0,train
${BOSSBASE_ROOT}\stego\HILL\0.4bpp\stego\9532.pgm,1,train
${BOSSBASE_ROOT}\cover\2107.pgm,0,train
${BOSSBASE_ROOT}\stego\HILL\0.4bpp\stego\4251.pgm,1,train
${BOSSBASE_ROOT}\stego\HILL\0.4bpp\stego\2867.pgm,1,train
${BOSSBASE_ROOT}\cover\5181.pgm,0,train
${BOSSBASE_ROOT}\stego\HILL\0.4bpp\stego\4703.pgm,1,train
${BOSSBASE_ROOT}\stego\HILL\0.4bpp\stego\42.pgm,1,train
${BOSSBASE_ROOT}\cover\9459.pgm,0,train
${BOSSBASE_ROOT}\cover\4170.pgm,0,train
${BOSSBASE_ROOT}\cover\4078.pgm,0,train
${BOSSBASE_ROOT}\cover\6068.pgm,0,train
${BOSSBASE_ROOT}\cover\121.pgm,0,train
${BOSSBASE_ROOT}\cover\7600.pgm,0,train
${BOSSBASE_ROOT}\stego\HILL\0.4bpp\stego\5524.pgm,1,train
${BOSSBASE_ROOT}\cover\6153.pgm,0,train
${BOSSBASE_ROOT}\cover\869.pgm,0,train
${BOSSBASE_ROOT}\cover\2283.pgm,0,train
${BOSSBASE_ROOT}\cover\8913.pgm,0,train
${BOSSBASE_ROOT}\stego\HILL\0.4bpp\stego\6887.pgm,1,train
${BOSSBASE_ROOT}\cover\6528.pgm,0,train
${BOSSBASE_ROOT}\stego\HILL\0.4bpp\stego\1319.pgm,1,train
${BOSSBASE_ROOT}\stego\HILL\0.4bpp\stego\8637.pgm,1,train
${BOSSBASE_ROOT}\cover\3257.pgm,0,train
${BOSSBASE_ROOT}\cover\197.pgm,0,train
${BOSSBASE_ROOT}\cover\3816.pgm,0,train
${BOSSBASE_ROOT}\stego\HILL\0.4bpp\stego\632.pgm,1,train
${BOSSBASE_ROOT}\stego\HILL\0.4bpp\stego\593.pgm,1,train
${BOSSBASE_ROOT}\cover\1707.pgm,0,train
${BOSSBASE_ROOT}\cover\9487.pgm,0,train
${BOSSBASE_ROOT}\cover\7033.pgm,0,train
${BOSSBASE_ROOT}\stego\HILL\0.4bpp\stego\7231.pgm,1,train
${BOSSBASE_ROOT}\cover\5153.pgm,0,train
${BOSSBASE_ROOT}\stego\HILL\0.4bpp\stego\1996.pgm,1,train
${BOSSBASE_ROOT}\cover\570.pgm,0,train
${BOSSBASE_ROOT}\cover\445.pgm,0,train
${BOSSBASE_ROOT}\stego\HILL\0.4bpp\stego\5661.pgm,1,train
${BOSSBASE_ROOT}\cover\2998.pgm,0,train
${BOSSBASE_ROOT}\cover\6210.pgm,0,train
${BOSSBASE_ROOT}\stego\HILL\0.4bpp\stego\2643.pgm,1,train
${BOSSBASE_ROOT}\stego\HILL\0.4bpp\stego\2149.pgm,1,train
${BOSSBASE_ROOT}\cover\5419.pgm,0,train
${BOSSBASE_ROOT}\stego\HILL\0.4bpp\stego\9427.pgm,1,train
${BOSSBASE_ROOT}\cover\3491.pgm,0,train
${BOSSBASE_ROOT}\stego\HILL\0.4bpp\stego\265.pgm,1,train
${BOSSBASE_ROOT}\cover\1478.pgm,0,train
${BOSSBASE_ROOT}\stego\HILL\0.4bpp\stego\9091.pgm,1,train
${BOSSBASE_ROOT}\cover\8946.pgm,0,train
${BOSSBASE_ROOT}\stego\HILL\0.4bpp\stego\862.pgm,1,train
${BOSSBASE_ROOT}\stego\HILL\0.4bpp\stego\2557.pgm,1,train
${BOSSBASE_ROOT}\cover\6285.pgm,0,train
${BOSSBASE_ROOT}\cover\5459.pgm,0,train
${BOSSBASE_ROOT}\cover\6387.pgm,0,train
${BOSSBASE_ROOT}\cover\2375.pgm,0,train
${BOSSBASE_ROOT}\cover\4728.pgm,0,train
${BOSSBASE_ROOT}\cover\1791.pgm,0,train
${BOSSBASE_ROOT}\stego\HILL\0.4bpp\stego\4019.pgm,1,train
${BOSSBASE_ROOT}\stego\HILL\0.4bpp\stego\299.pgm,1,train
${BOSSBASE_ROOT}\cover\1324.pgm,0,train
${BOSSBASE_ROOT}\stego\HILL\0.4bpp\stego\8415.pgm,1,train
${BOSSBASE_ROOT}\stego\HILL\0.4bpp\stego\4575.pgm,1,train
${BOSSBASE_ROOT}\cover\7768.pgm,0,train
${BOSSBASE_ROOT}\stego\HILL\0.4bpp\stego\5084.pgm,1,train
${BOSSBASE_ROOT}\cover\5062.pgm,0,train
${BOSSBASE_ROOT}\stego\HILL\0.4bpp\stego\8933.pgm,1,train
${BOSSBASE_ROOT}\stego\HILL\0.4bpp\stego\2417.pgm,1,train
${BOSSBASE_ROOT}\stego\HILL\0.4bpp\stego\3758.pgm,1,train
${BOSSBASE_ROOT}\cover\2419.pgm,0,train
${BOSSBASE_ROOT}\stego\HILL\0.4bpp\stego\6519.pgm,1,train
${BOSSBASE_ROOT}\stego\HILL\0.4bpp\stego\8843.pgm,1,train
${BOSSBASE_ROOT}\stego\HILL\0.4bpp\stego\7087.pgm,1,train
${BOSSBASE_ROOT}\stego\HILL\0.4bpp\stego\6233.pgm,1,train
${BOSSBASE_ROOT}\cover\9938.pgm,0,train
${BOSSBASE_ROOT}\cover\4893.pgm,0,train
${BOSSBASE_ROOT}\stego\HILL\0.4bpp\stego\1665.pgm,1,train
${BOSSBASE_ROOT}\cover\5543.pgm,0,train
${BOSSBASE_ROOT}\cover\3101.pgm,0,train
${BOSSBASE_ROOT}\stego\HILL\0.4bpp\stego\8879.pgm,1,train
${BOSSBASE_ROOT}\stego\HILL\0.4bpp\stego\6730.pgm,1,train
${BOSSBASE_ROOT}\stego\HILL\0.4bpp\stego\9435.pgm,1,train
${BOSSBASE_ROOT}\stego\HILL\0.4bpp\stego\4017.pgm,1,train
${BOSSBASE_ROOT}\cover\3721.pgm,0,train
${BOSSBASE_ROOT}\cover\9843.pgm,0,train
${BOSSBASE_ROOT}\cover\9103.pgm,0,train
${BOSSBASE_ROOT}\cover\6906.pgm,0,train
${BOSSBASE_ROOT}\stego\HILL\0.4bpp\stego\3957.pgm,1,train
${BOSSBASE_ROOT}\cover\3929.pgm,0,train
${BOSSBASE_ROOT}\stego\HILL\0.4bpp\stego\9105.pgm,1,train
${BOSSBASE_ROOT}\cover\9196.pgm,0,train
${BOSSBASE_ROOT}\stego\HILL\0.4bpp\stego\2727.pgm,1,train
${BOSSBASE_ROOT}\stego\HILL\0.4bpp\stego\2253.pgm,1,train
${BOSSBASE_ROOT}\cover\6656.pgm,0,train
${BOSSBASE_ROOT}\stego\HILL\0.4bpp\stego\6472.pgm,1,train
${BOSSBASE_ROOT}\stego\HILL\0.4bpp\stego\9077.pgm,1,train
${BOSSBASE_ROOT}\cover\485.pgm,0,train
${BOSSBASE_ROOT}\cover\1239.pgm,0,train
${BOSSBASE_ROOT}\cover\9164.pgm,0,train
${BOSSBASE_ROOT}\stego\HILL\0.4bpp\stego\5670.pgm,1,train
${BOSSBASE_ROOT}\cover\2693.pgm,0,train
${BOSSBASE_ROOT}\stego\HILL\0.4bpp\stego\7286.pgm,1,train
${BOSSBASE_ROOT}\cover\54.pgm,0,train
${BOSSBASE_ROOT}\stego\HILL\0.4bpp\stego\2742.pgm,1,train
${BOSSBASE_ROOT}\stego\HILL\0.4bpp\stego\4200.pgm,1,train
${BOSSBASE_ROOT}\cover\195.pgm,0,train
${BOSSBASE_ROOT}\stego\HILL\0.4bpp\stego\4062.pgm,1,train
${BOSSBASE_ROOT}\stego\HILL\0.4bpp\stego\3242.pgm,1,train
${BOSSBASE_ROOT}\stego\HILL\0.4bpp\stego\6409.pgm,1,train
${BOSSBASE_ROOT}\stego\HILL\0.4bpp\stego\3661.pgm,1,train
${BOSSBASE_ROOT}\cover\7394.pgm,0,train
${BOSSBASE_ROOT}\cover\4987.pgm,0,train
${BOSSBASE_ROOT}\stego\HILL\0.4bpp\stego\8758.pgm,1,train
${BOSSBASE_ROOT}\stego\HILL\0.4bpp\stego\7667.pgm,1,train
${BOSSBASE_ROOT}\cover\596.pgm,0,train
${BOSSBASE_ROOT}\stego\HILL\0.4bpp\stego\4314.pgm,1,train
${BOSSBASE_ROOT}\stego\HILL\0.4bpp\stego\7753.pgm,1,train
${BOSSBASE_ROOT}\cover\9269.pgm,0,train
${BOSSBASE_ROOT}\cover\8845.pgm,0,train
${BOSSBASE_ROOT}\cover\4915.pgm,0,train
${BOSSBASE_ROOT}\stego\HILL\0.4bpp\stego\5166.pgm,1,train
${BOSSBASE_ROOT}\cover\8587.pgm,0,train
${BOSSBASE_ROOT}\stego\HILL\0.4bpp\stego\2030.pgm,1,train
${BOSSBASE_ROOT}\cover\8151.pgm,0,train
${BOSSBASE_ROOT}\cover\7670.pgm,0,train
${BOSSBASE_ROOT}\stego\HILL\0.4bpp\stego\6357.pgm,1,train
${BOSSBASE_ROOT}\cover\3190.pgm,0,train
${BOSSBASE_ROOT}\cover\559.pgm,0,train
${BOSSBASE_ROOT}\cover\537.pgm,0,train
${BOSSBASE_ROOT}\stego\HILL\0.4bpp\stego\485.pgm,1,train
${BOSSBASE_ROOT}\cover\4928.pgm,0,train
${BOSSBASE_ROOT}\cover\376.pgm,0,train
${BOSSBASE_ROOT}\stego\HILL\0.4bpp\stego\9817.pgm,1,train
${BOSSBASE_ROOT}\cover\2087.pgm,0,train
${BOSSBASE_ROOT}\cover\3357.pgm,0,train
${BOSSBASE_ROOT}\cover\9159.pgm,0,train
${BOSSBASE_ROOT}\stego\HILL\0.4bpp\stego\4267.pgm,1,train
${BOSSBASE_ROOT}\cover\5664.pgm,0,train
${BOSSBASE_ROOT}\stego\HILL\0.4bpp\stego\2529.pgm,1,train
${BOSSBASE_ROOT}\cover\6758.pgm,0,train
${BOSSBASE_ROOT}\stego\HILL\0.4bpp\stego\4239.pgm,1,train
${BOSSBASE_ROOT}\cover\7276.pgm,0,train
${BOSSBASE_ROOT}\cover\7166.pgm,0,train
${BOSSBASE_ROOT}\cover\5681.pgm,0,train
${BOSSBASE_ROOT}\cover\9652.pgm,0,train
${BOSSBASE_ROOT}\cover\1654.pgm,0,train
${BOSSBASE_ROOT}\cover\8259.pgm,0,train
${BOSSBASE_ROOT}\stego\HILL\0.4bpp\stego\6068.pgm,1,train
${BOSSBASE_ROOT}\stego\HILL\0.4bpp\stego\7147.pgm,1,train
${BOSSBASE_ROOT}\cover\7304.pgm,0,train
${BOSSBASE_ROOT}\cover\7770.pgm,0,train
${BOSSBASE_ROOT}\cover\675.pgm,0,train
${BOSSBASE_ROOT}\cover\6738.pgm,0,train
${BOSSBASE_ROOT}\stego\HILL\0.4bpp\stego\6696.pgm,1,train
${BOSSBASE_ROOT}\stego\HILL\0.4bpp\stego\5921.pgm,1,train
${BOSSBASE_ROOT}\stego\HILL\0.4bpp\stego\476.pgm,1,train
${BOSSBASE_ROOT}\stego\HILL\0.4bpp\stego\7938.pgm,1,train
${BOSSBASE_ROOT}\stego\HILL\0.4bpp\stego\8726.pgm,1,train
${BOSSBASE_ROOT}\cover\5508.pgm,0,train
${BOSSBASE_ROOT}\stego\HILL\0.4bpp\stego\3339.pgm,1,train
${BOSSBASE_ROOT}\stego\HILL\0.4bpp\stego\2972.pgm,1,train
${BOSSBASE_ROOT}\stego\HILL\0.4bpp\stego\4843.pgm,1,train
${BOSSBASE_ROOT}\cover\9244.pgm,0,train
${BOSSBASE_ROOT}\cover\8910.pgm,0,train
${BOSSBASE_ROOT}\stego\HILL\0.4bpp\stego\8621.pgm,1,train
${BOSSBASE_ROOT}\stego\HILL\0.4bpp\stego\2085.pgm,1,train
${BOSSBASE_ROOT}\stego\HILL\0.4bpp\stego\6780.pgm,1,train
${BOSSBASE_ROOT}\cover\2147.pgm,0,train
${BOSSBASE_ROOT}\cover\9663.pgm,0,train
${BOSSBASE_ROOT}\cover\5021.pgm,0,train
${BOSSBASE_ROOT}\cover\1850.pgm,0,train
${BOSSBASE_ROOT}\stego\HILL\0.4bpp\stego\473.pgm,1,train
${BOSSBASE_ROOT}\cover\9747.pgm,0,train
${BOSSBASE_ROOT}\cover\4074.pgm,0,train
${BOSSBASE_ROOT}\cover\1836.pgm,0,train
${BOSSBASE_ROOT}\cover\4736.pgm,0,train
${BOSSBASE_ROOT}\cover\1273.pgm,0,train
${BOSSBASE_ROOT}\cover\5001.pgm,0,train
${BOSSBASE_ROOT}\cover\1383.pgm,0,train
${BOSSBASE_ROOT}\cover\9445.pgm,0,train
${BOSSBASE_ROOT}\cover\7933.pgm,0,train
${BOSSBASE_ROOT}\cover\1411.pgm,0,train
${BOSSBASE_ROOT}\cover\2726.pgm,0,train
${BOSSBASE_ROOT}\stego\HILL\0.4bpp\stego\5676.pgm,1,train
${BOSSBASE_ROOT}\stego\HILL\0.4bpp\stego\9050.pgm,1,train
${BOSSBASE_ROOT}\stego\HILL\0.4bpp\stego\5146.pgm,1,train
${BOSSBASE_ROOT}\cover\2403.pgm,0,train
${BOSSBASE_ROOT}\stego\HILL\0.4bpp\stego\6235.pgm,1,train
${BOSSBASE_ROOT}\stego\HILL\0.4bpp\stego\5840.pgm,1,train
${BOSSBASE_ROOT}\stego\HILL\0.4bpp\stego\2010.pgm,1,train
${BOSSBASE_ROOT}\stego\HILL\0.4bpp\stego\1269.pgm,1,train
${BOSSBASE_ROOT}\stego\HILL\0.4bpp\stego\7023.pgm,1,train
${BOSSBASE_ROOT}\cover\5954.pgm,0,train
${BOSSBASE_ROOT}\cover\8205.pgm,0,train
${BOSSBASE_ROOT}\stego\HILL\0.4bpp\stego\4010.pgm,1,train
${BOSSBASE_ROOT}\stego\HILL\0.4bpp\stego\1143.pgm,1,train
${BOSSBASE_ROOT}\stego\HILL\0.4bpp\stego\8593.pgm,1,train
${BOSSBASE_ROOT}\cover\9637.pgm,0,train
${BOSSBASE_ROOT}\stego\HILL\0.4bpp\stego\3749.pgm,1,train
${BOSSBASE_ROOT}\stego\HILL\0.4bpp\stego\5896.pgm,1,train
${BOSSBASE_ROOT}\stego\HILL\0.4bpp\stego\7157.pgm,1,train
${BOSSBASE_ROOT}\stego\HILL\0.4bpp\stego\7247.pgm,1,train
${BOSSBASE_ROOT}\cover\9474.pgm,0,train
${BOSSBASE_ROOT}\stego\HILL\0.4bpp\stego\2269.pgm,1,train
${BOSSBASE_ROOT}\cover\8640.pgm,0,train
${BOSSBASE_ROOT}\cover\6846.pgm,0,train
${BOSSBASE_ROOT}\cover\3035.pgm,0,train
${BOSSBASE_ROOT}\cover\7009.pgm,0,train
${BOSSBASE_ROOT}\stego\HILL\0.4bpp\stego\9804.pgm,1,train
${BOSSBASE_ROOT}\cover\6081.pgm,0,train
${BOSSBASE_ROOT}\cover\1238.pgm,0,train
${BOSSBASE_ROOT}\stego\HILL\0.4bpp\stego\5564.pgm,1,train
${BOSSBASE_ROOT}\stego\HILL\0.4bpp\stego\2445.pgm,1,train
${BOSSBASE_ROOT}\cover\2054.pgm,0,train
${BOSSBASE_ROOT}\stego\HILL\0.4bpp\stego\2021.pgm,1,train
${BOSSBASE_ROOT}\cover\9005.pgm,0,train
${BOSSBASE_ROOT}\cover\4564.pgm,0,train
${BOSSBASE_ROOT}\stego\HILL\0.4bpp\stego\1359.pgm,1,train
${BOSSBASE_ROOT}\cover\5988.pgm,0,train
${BOSSBASE_ROOT}\cover\7221.pgm,0,train
${BOSSBASE_ROOT}\stego\HILL\0.4bpp\stego\1314.pgm,1,train
${BOSSBASE_ROOT}\stego\HILL\0.4bpp\stego\6597.pgm,1,train
${BOSSBASE_ROOT}\stego\HILL\0.4bpp\stego\4540.pgm,1,train
${BOSSBASE_ROOT}\stego\HILL\0.4bpp\stego\2123.pgm,1,train
${BOSSBASE_ROOT}\cover\7650.pgm,0,train
${BOSSBASE_ROOT}\stego\HILL\0.4bpp\stego\5864.pgm,1,train
${BOSSBASE_ROOT}\cover\1154.pgm,0,train
${BOSSBASE_ROOT}\cover\5704.pgm,0,train
${BOSSBASE_ROOT}\stego\HILL\0.4bpp\stego\415.pgm,1,train
${BOSSBASE_ROOT}\stego\HILL\0.4bpp\stego\8687.pgm,1,train
${BOSSBASE_ROOT}\stego\HILL\0.4bpp\stego\491.pgm,1,train
${BOSSBASE_ROOT}\stego\HILL\0.4bpp\stego\2921.pgm,1,train
${BOSSBASE_ROOT}\cover\3194.pgm,0,train
${BOSSBASE_ROOT}\stego\HILL\0.4bpp\stego\5382.pgm,1,train
${BOSSBASE_ROOT}\stego\HILL\0.4bpp\stego\6647.pgm,1,train
${BOSSBASE_ROOT}\stego\HILL\0.4bpp\stego\6809.pgm,1,train
${BOSSBASE_ROOT}\cover\8101.pgm,0,train
${BOSSBASE_ROOT}\stego\HILL\0.4bpp\stego\1316.pgm,1,train
${BOSSBASE_ROOT}\cover\22.pgm,0,train
${BOSSBASE_ROOT}\stego\HILL\0.4bpp\stego\1111.pgm,1,train
${BOSSBASE_ROOT}\stego\HILL\0.4bpp\stego\999.pgm,1,train
${BOSSBASE_ROOT}\cover\4671.pgm,0,train
${BOSSBASE_ROOT}\stego\HILL\0.4bpp\stego\9303.pgm,1,train
${BOSSBASE_ROOT}\cover\6795.pgm,0,train
${BOSSBASE_ROOT}\stego\HILL\0.4bpp\stego\358.pgm,1,train
${BOSSBASE_ROOT}\stego\HILL\0.4bpp\stego\7424.pgm,1,train
${BOSSBASE_ROOT}\cover\5256.pgm,0,train
${BOSSBASE_ROOT}\cover\2077.pgm,0,train
${BOSSBASE_ROOT}\stego\HILL\0.4bpp\stego\4477.pgm,1,train
${BOSSBASE_ROOT}\stego\HILL\0.4bpp\stego\7698.pgm,1,train
${BOSSBASE_ROOT}\stego\HILL\0.4bpp\stego\453.pgm,1,train
${BOSSBASE_ROOT}\stego\HILL\0.4bpp\stego\6158.pgm,1,train
${BOSSBASE_ROOT}\cover\548.pgm,0,train
${BOSSBASE_ROOT}\stego\HILL\0.4bpp\stego\2302.pgm,1,train
${BOSSBASE_ROOT}\cover\9301.pgm,0,train
${BOSSBASE_ROOT}\stego\HILL\0.4bpp\stego\5580.pgm,1,train
${BOSSBASE_ROOT}\stego\HILL\0.4bpp\stego\9472.pgm,1,train
${BOSSBASE_ROOT}\cover\4233.pgm,0,train
${BOSSBASE_ROOT}\cover\4096.pgm,0,train
${BOSSBASE_ROOT}\stego\HILL\0.4bpp\stego\2592.pgm,1,train
${BOSSBASE_ROOT}\cover\752.pgm,0,train
${BOSSBASE_ROOT}\cover\8379.pgm,0,train
${BOSSBASE_ROOT}\stego\HILL\0.4bpp\stego\4584.pgm,1,train
${BOSSBASE_ROOT}\stego\HILL\0.4bpp\stego\8472.pgm,1,train
${BOSSBASE_ROOT}\stego\HILL\0.4bpp\stego\4350.pgm,1,train
${BOSSBASE_ROOT}\stego\HILL\0.4bpp\stego\6882.pgm,1,train
${BOSSBASE_ROOT}\cover\2538.pgm,0,train
${BOSSBASE_ROOT}\cover\7398.pgm,0,train
${BOSSBASE_ROOT}\cover\9468.pgm,0,train
${BOSSBASE_ROOT}\stego\HILL\0.4bpp\stego\8241.pgm,1,train
${BOSSBASE_ROOT}\stego\HILL\0.4bpp\stego\6966.pgm,1,train
${BOSSBASE_ROOT}\stego\HILL\0.4bpp\stego\2943.pgm,1,train
${BOSSBASE_ROOT}\cover\7697.pgm,0,train
${BOSSBASE_ROOT}\cover\3809.pgm,0,train
${BOSSBASE_ROOT}\cover\9054.pgm,0,train
${BOSSBASE_ROOT}\cover\8014.pgm,0,train
${BOSSBASE_ROOT}\stego\HILL\0.4bpp\stego\1821.pgm,1,train
${BOSSBASE_ROOT}\stego\HILL\0.4bpp\stego\6869.pgm,1,train
${BOSSBASE_ROOT}\stego\HILL\0.4bpp\stego\7763.pgm,1,train
${BOSSBASE_ROOT}\cover\924.pgm,0,train
${BOSSBASE_ROOT}\cover\162.pgm,0,train
${BOSSBASE_ROOT}\stego\HILL\0.4bpp\stego\5807.pgm,1,train
${BOSSBASE_ROOT}\stego\HILL\0.4bpp\stego\155.pgm,1,train
${BOSSBASE_ROOT}\stego\HILL\0.4bpp\stego\7670.pgm,1,train
${BOSSBASE_ROOT}\cover\3609.pgm,0,train
${BOSSBASE_ROOT}\cover\5089.pgm,0,train
${BOSSBASE_ROOT}\cover\6535.pgm,0,train
${BOSSBASE_ROOT}\stego\HILL\0.4bpp\stego\200.pgm,1,train
${BOSSBASE_ROOT}\stego\HILL\0.4bpp\stego\5012.pgm,1,train
${BOSSBASE_ROOT}\cover\5983.pgm,0,train
${BOSSBASE_ROOT}\stego\HILL\0.4bpp\stego\4481.pgm,1,train
${BOSSBASE_ROOT}\cover\9454.pgm,0,train
${BOSSBASE_ROOT}\cover\7046.pgm,0,train
${BOSSBASE_ROOT}\stego\HILL\0.4bpp\stego\6708.pgm,1,train
${BOSSBASE_ROOT}\cover\3599.pgm,0,train
${BOSSBASE_ROOT}\stego\HILL\0.4bpp\stego\1459.pgm,1,train
${BOSSBASE_ROOT}\stego\HILL\0.4bpp\stego\9875.pgm,1,train
${BOSSBASE_ROOT}\stego\HILL\0.4bpp\stego\2722.pgm,1,train
${BOSSBASE_ROOT}\cover\8824.pgm,0,train
${BOSSBASE_ROOT}\stego\HILL\0.4bpp\stego\7491.pgm,1,train
${BOSSBASE_ROOT}\cover\1394.pgm,0,train
${BOSSBASE_ROOT}\cover\7684.pgm,0,train
${BOSSBASE_ROOT}\stego\HILL\0.4bpp\stego\6034.pgm,1,train
${BOSSBASE_ROOT}\stego\HILL\0.4bpp\stego\6093.pgm,1,train
${BOSSBASE_ROOT}\stego\HILL\0.4bpp\stego\650.pgm,1,train
${BOSSBASE_ROOT}\stego\HILL\0.4bpp\stego\2711.pgm,1,train
${BOSSBASE_ROOT}\cover\6790.pgm,0,train
${BOSSBASE_ROOT}\stego\HILL\0.4bpp\stego\2434.pgm,1,train
${BOSSBASE_ROOT}\cover\4555.pgm,0,train
${BOSSBASE_ROOT}\stego\HILL\0.4bpp\stego\1643.pgm,1,train
${BOSSBASE_ROOT}\cover\7661.pgm,0,train
${BOSSBASE_ROOT}\stego\HILL\0.4bpp\stego\1042.pgm,1,train
${BOSSBASE_ROOT}\stego\HILL\0.4bpp\stego\6195.pgm,1,train
${BOSSBASE_ROOT}\stego\HILL\0.4bpp\stego\8467.pgm,1,train
${BOSSBASE_ROOT}\stego\HILL\0.4bpp\stego\2624.pgm,1,train
${BOSSBASE_ROOT}\stego\HILL\0.4bpp\stego\7881.pgm,1,train
${BOSSBASE_ROOT}\cover\8402.pgm,0,train
${BOSSBASE_ROOT}\cover\4504.pgm,0,train
${BOSSBASE_ROOT}\stego\HILL\0.4bpp\stego\7361.pgm,1,train
${BOSSBASE_ROOT}\cover\1885.pgm,0,train
${BOSSBASE_ROOT}\stego\HILL\0.4bpp\stego\7018.pgm,1,train
${BOSSBASE_ROOT}\stego\HILL\0.4bpp\stego\5549.pgm,1,train
${BOSSBASE_ROOT}\stego\HILL\0.4bpp\stego\5449.pgm,1,train
${BOSSBASE_ROOT}\cover\1977.pgm,0,train
${BOSSBASE_ROOT}\stego\HILL\0.4bpp\stego\1168.pgm,1,train
${BOSSBASE_ROOT}\stego\HILL\0.4bpp\stego\8691.pgm,1,train
${BOSSBASE_ROOT}\stego\HILL\0.4bpp\stego\4077.pgm,1,train
${BOSSBASE_ROOT}\cover\4433.pgm,0,train
${BOSSBASE_ROOT}\stego\HILL\0.4bpp\stego\339.pgm,1,train
${BOSSBASE_ROOT}\cover\2611.pgm,0,train
${BOSSBASE_ROOT}\stego\HILL\0.4bpp\stego\3950.pgm,1,train
${BOSSBASE_ROOT}\cover\9027.pgm,0,train
${BOSSBASE_ROOT}\cover\6473.pgm,0,train
${BOSSBASE_ROOT}\stego\HILL\0.4bpp\stego\6846.pgm,1,train
${BOSSBASE_ROOT}\stego\HILL\0.4bpp\stego\2345.pgm,1,train
${BOSSBASE_ROOT}\stego\HILL\0.4bpp\stego\6029.pgm,1,train
${BOSSBASE_ROOT}\cover\4711.pgm,0,train
${BOSSBASE_ROOT}\stego\HILL\0.4bpp\stego\407.pgm,1,train
${BOSSBASE_ROOT}\cover\2680.pgm,0,train
${BOSSBASE_ROOT}\stego\HILL\0.4bpp\stego\8008.pgm,1,train
${BOSSBASE_ROOT}\stego\HILL\0.4bpp\stego\5959.pgm,1,train
${BOSSBASE_ROOT}\cover\6129.pgm,0,train
${BOSSBASE_ROOT}\stego\HILL\0.4bpp\stego\7584.pgm,1,train
${BOSSBASE_ROOT}\cover\9665.pgm,0,train
${BOSSBASE_ROOT}\stego\HILL\0.4bpp\stego\6135.pgm,1,train
${BOSSBASE_ROOT}\cover\1618.pgm,0,train
${BOSSBASE_ROOT}\stego\HILL\0.4bpp\stego\8923.pgm,1,train
${BOSSBASE_ROOT}\cover\2454.pgm,0,train
${BOSSBASE_ROOT}\cover\3919.pgm,0,train
${BOSSBASE_ROOT}\cover\9452.pgm,0,train
${BOSSBASE_ROOT}\stego\HILL\0.4bpp\stego\1445.pgm,1,train
${BOSSBASE_ROOT}\cover\8454.pgm,0,train
${BOSSBASE_ROOT}\cover\343.pgm,0,train
${BOSSBASE_ROOT}\stego\HILL\0.4bpp\stego\5710.pgm,1,train
${BOSSBASE_ROOT}\stego\HILL\0.4bpp\stego\6334.pgm,1,train
${BOSSBASE_ROOT}\cover\8634.pgm,0,train
${BOSSBASE_ROOT}\stego\HILL\0.4bpp\stego\5172.pgm,1,train
${BOSSBASE_ROOT}\cover\7427.pgm,0,train
${BOSSBASE_ROOT}\cover\435.pgm,0,train
${BOSSBASE_ROOT}\cover\3933.pgm,0,train
${BOSSBASE_ROOT}\stego\HILL\0.4bpp\stego\8692.pgm,1,train
${BOSSBASE_ROOT}\cover\2897.pgm,0,train
${BOSSBASE_ROOT}\cover\3896.pgm,0,train
${BOSSBASE_ROOT}\cover\6679.pgm,0,train
${BOSSBASE_ROOT}\cover\607.pgm,0,train
${BOSSBASE_ROOT}\cover\3925.pgm,0,train
${BOSSBASE_ROOT}\stego\HILL\0.4bpp\stego\885.pgm,1,train
${BOSSBASE_ROOT}\stego\HILL\0.4bpp\stego\4273.pgm,1,train
${BOSSBASE_ROOT}\cover\7895.pgm,0,train
${BOSSBASE_ROOT}\cover\7327.pgm,0,train
${BOSSBASE_ROOT}\cover\5830.pgm,0,train
${BOSSBASE_ROOT}\cover\2100.pgm,0,train
${BOSSBASE_ROOT}\cover\5500.pgm,0,train
${BOSSBASE_ROOT}\stego\HILL\0.4bpp\stego\4378.pgm,1,train
${BOSSBASE_ROOT}\stego\HILL\0.4bpp\stego\5488.pgm,1,train
${BOSSBASE_ROOT}\cover\3880.pgm,0,train
${BOSSBASE_ROOT}\stego\HILL\0.4bpp\stego\6465.pgm,1,train
${BOSSBASE_ROOT}\stego\HILL\0.4bpp\stego\7738.pgm,1,train
${BOSSBASE_ROOT}\cover\6085.pgm,0,train
${BOSSBASE_ROOT}\stego\HILL\0.4bpp\stego\8013.pgm,1,train
${BOSSBASE_ROOT}\stego\HILL\0.4bpp\stego\5757.pgm,1,train
${BOSSBASE_ROOT}\cover\3392.pgm,0,train
${BOSSBASE_ROOT}\stego\HILL\0.4bpp\stego\2437.pgm,1,train
${BOSSBASE_ROOT}\stego\HILL\0.4bpp\stego\8526.pgm,1,train
${BOSSBASE_ROOT}\stego\HILL\0.4bpp\stego\6509.pgm,1,train
${BOSSBASE_ROOT}\stego\HILL\0.4bpp\stego\88.pgm,1,train
${BOSSBASE_ROOT}\stego\HILL\0.4bpp\stego\6532.pgm,1,train
${BOSSBASE_ROOT}\cover\2861.pgm,0,train
${BOSSBASE_ROOT}\stego\HILL\0.4bpp\stego\5434.pgm,1,train
${BOSSBASE_ROOT}\cover\6840.pgm,0,train
${BOSSBASE_ROOT}\stego\HILL\0.4bpp\stego\7777.pgm,1,train
${BOSSBASE_ROOT}\cover\5319.pgm,0,train
${BOSSBASE_ROOT}\stego\HILL\0.4bpp\stego\5480.pgm,1,train
${BOSSBASE_ROOT}\cover\4731.pgm,0,train
${BOSSBASE_ROOT}\cover\822.pgm,0,train
${BOSSBASE_ROOT}\stego\HILL\0.4bpp\stego\8477.pgm,1,train
${BOSSBASE_ROOT}\cover\4755.pgm,0,train
${BOSSBASE_ROOT}\cover\9144.pgm,0,train
${BOSSBASE_ROOT}\stego\HILL\0.4bpp\stego\9570.pgm,1,train
${BOSSBASE_ROOT}\stego\HILL\0.4bpp\stego\7394.pgm,1,train
${BOSSBASE_ROOT}\stego\HILL\0.4bpp\stego\8556.pgm,1,train
${BOSSBASE_ROOT}\cover\4525.pgm,0,train
${BOSSBASE_ROOT}\cover\631.pgm,0,train
${BOSSBASE_ROOT}\stego\HILL\0.4bpp\stego\3144.pgm,1,train
${BOSSBASE_ROOT}\stego\HILL\0.4bpp\stego\8250.pgm,1,train
${BOSSBASE_ROOT}\cover\4127.pgm,0,train
${BOSSBASE_ROOT}\cover\4858.pgm,0,train
${BOSSBASE_ROOT}\stego\HILL\0.4bpp\stego\6303.pgm,1,train
${BOSSBASE_ROOT}\cover\4303.pgm,0,train
${BOSSBASE_ROOT}\cover\7101.pgm,0,train
${BOSSBASE_ROOT}\stego\HILL\0.4bpp\stego\7752.pgm,1,train
${BOSSBASE_ROOT}\stego\HILL\0.4bpp\stego\2286.pgm,1,train
${BOSSBASE_ROOT}\stego\HILL\0.4bpp\stego\6458.pgm,1,train
${BOSSBASE_ROOT}\stego\HILL\0.4bpp\stego\3045.pgm,1,train
${BOSSBASE_ROOT}\cover\7918.pgm,0,train
${BOSSBASE_ROOT}\cover\9623.pgm,0,train
${BOSSBASE_ROOT}\cover\968.pgm,0,train
${BOSSBASE_ROOT}\cover\6462.pgm,0,train
${BOSSBASE_ROOT}\cover\6853.pgm,0,train
${BOSSBASE_ROOT}\stego\HILL\0.4bpp\stego\1814.pgm,1,train
${BOSSBASE_ROOT}\cover\4380.pgm,0,train
${BOSSBASE_ROOT}\cover\4111.pgm,0,train
${BOSSBASE_ROOT}\stego\HILL\0.4bpp\stego\837.pgm,1,train
${BOSSBASE_ROOT}\stego\HILL\0.4bpp\stego\8549.pgm,1,train
${BOSSBASE_ROOT}\stego\HILL\0.4bpp\stego\327.pgm,1,train
${BOSSBASE_ROOT}\stego\HILL\0.4bpp\stego\1816.pgm,1,train
${BOSSBASE_ROOT}\cover\410.pgm,0,train
${BOSSBASE_ROOT}\cover\296.pgm,0,train
${BOSSBASE_ROOT}\cover\3338.pgm,0,train
${BOSSBASE_ROOT}\stego\HILL\0.4bpp\stego\939.pgm,1,train
${BOSSBASE_ROOT}\cover\7990.pgm,0,train
${BOSSBASE_ROOT}\cover\1089.pgm,0,train
${BOSSBASE_ROOT}\stego\HILL\0.4bpp\stego\5064.pgm,1,train
${BOSSBASE_ROOT}\stego\HILL\0.4bpp\stego\8098.pgm,1,train
${BOSSBASE_ROOT}\cover\8015.pgm,0,train
${BOSSBASE_ROOT}\cover\5138.pgm,0,train
${BOSSBASE_ROOT}\cover\1020.pgm,0,train
${BOSSBASE_ROOT}\stego\HILL\0.4bpp\stego\5552.pgm,1,train
${BOSSBASE_ROOT}\cover\9905.pgm,0,train
${BOSSBASE_ROOT}\cover\1991.pgm,0,train
${BOSSBASE_ROOT}\cover\2285.pgm,0,train
${BOSSBASE_ROOT}\stego\HILL\0.4bpp\stego\850.pgm,1,train
${BOSSBASE_ROOT}\cover\4838.pgm,0,train
${BOSSBASE_ROOT}\stego\HILL\0.4bpp\stego\205.pgm,1,train
${BOSSBASE_ROOT}\stego\HILL\0.4bpp\stego\1322.pgm,1,train
${BOSSBASE_ROOT}\cover\3904.pgm,0,train
${BOSSBASE_ROOT}\stego\HILL\0.4bpp\stego\1260.pgm,1,train
${BOSSBASE_ROOT}\cover\1333.pgm,0,train
${BOSSBASE_ROOT}\stego\HILL\0.4bpp\stego\2860.pgm,1,train
${BOSSBASE_ROOT}\stego\HILL\0.4bpp\stego\4671.pgm,1,train
${BOSSBASE_ROOT}\cover\4644.pgm,0,train
${BOSSBASE_ROOT}\stego\HILL\0.4bpp\stego\5927.pgm,1,train
${BOSSBASE_ROOT}\cover\1501.pgm,0,train
${BOSSBASE_ROOT}\cover\8110.pgm,0,train
${BOSSBASE_ROOT}\cover\9515.pgm,0,train
${BOSSBASE_ROOT}\stego\HILL\0.4bpp\stego\4740.pgm,1,train
${BOSSBASE_ROOT}\stego\HILL\0.4bpp\stego\3956.pgm,1,train
${BOSSBASE_ROOT}\stego\HILL\0.4bpp\stego\7624.pgm,1,train
${BOSSBASE_ROOT}\cover\9230.pgm,0,train
${BOSSBASE_ROOT}\cover\4666.pgm,0,train
${BOSSBASE_ROOT}\cover\9627.pgm,0,train
${BOSSBASE_ROOT}\stego\HILL\0.4bpp\stego\2906.pgm,1,train
${BOSSBASE_ROOT}\stego\HILL\0.4bpp\stego\7802.pgm,1,train
${BOSSBASE_ROOT}\stego\HILL\0.4bpp\stego\3987.pgm,1,train
${BOSSBASE_ROOT}\stego\HILL\0.4bpp\stego\1478.pgm,1,train
${BOSSBASE_ROOT}\cover\3923.pgm,0,train
${BOSSBASE_ROOT}\stego\HILL\0.4bpp\stego\5273.pgm,1,train
${BOSSBASE_ROOT}\stego\HILL\0.4bpp\stego\8165.pgm,1,train
${BOSSBASE_ROOT}\stego\HILL\0.4bpp\stego\8287.pgm,1,train
${BOSSBASE_ROOT}\stego\HILL\0.4bpp\stego\8347.pgm,1,train
${BOSSBASE_ROOT}\cover\5737.pgm,0,train
${BOSSBASE_ROOT}\stego\HILL\0.4bpp\stego\5647.pgm,1,train
${BOSSBASE_ROOT}\cover\6799.pgm,0,train
${BOSSBASE_ROOT}\cover\6373.pgm,0,train
${BOSSBASE_ROOT}\cover\794.pgm,0,train
${BOSSBASE_ROOT}\stego\HILL\0.4bpp\stego\4023.pgm,1,train
${BOSSBASE_ROOT}\cover\792.pgm,0,train
${BOSSBASE_ROOT}\stego\HILL\0.4bpp\stego\3169.pgm,1,train
${BOSSBASE_ROOT}\cover\6332.pgm,0,train
${BOSSBASE_ROOT}\stego\HILL\0.4bpp\stego\2457.pgm,1,train
${BOSSBASE_ROOT}\stego\HILL\0.4bpp\stego\4724.pgm,1,train
${BOSSBASE_ROOT}\cover\6096.pgm,0,train
${BOSSBASE_ROOT}\cover\144.pgm,0,train
${BOSSBASE_ROOT}\stego\HILL\0.4bpp\stego\9146.pgm,1,train
${BOSSBASE_ROOT}\cover\9554.pgm,0,train
${BOSSBASE_ROOT}\stego\HILL\0.4bpp\stego\3092.pgm,1,train
${BOSSBASE_ROOT}\cover\5373.pgm,0,train
${BOSSBASE_ROOT}\cover\4151.pgm,0,train
${BOSSBASE_ROOT}\stego\HILL\0.4bpp\stego\1511.pgm,1,train
${BOSSBASE_ROOT}\stego\HILL\0.4bpp\stego\4578.pgm,1,train
${BOSSBASE_ROOT}\stego\HILL\0.4bpp\stego\1071.pgm,1,train
${BOSSBASE_ROOT}\stego\HILL\0.4bpp\stego\182.pgm,1,train
${BOSSBASE_ROOT}\cover\3192.pgm,0,train
${BOSSBASE_ROOT}\stego\HILL\0.4bpp\stego\1791.pgm,1,train
${BOSSBASE_ROOT}\stego\HILL\0.4bpp\stego\6588.pgm,1,train
${BOSSBASE_ROOT}\stego\HILL\0.4bpp\stego\6423.pgm,1,train
${BOSSBASE_ROOT}\cover\7819.pgm,0,train
${BOSSBASE_ROOT}\stego\HILL\0.4bpp\stego\6521.pgm,1,train
${BOSSBASE_ROOT}\stego\HILL\0.4bpp\stego\2446.pgm,1,train
${BOSSBASE_ROOT}\cover\9232.pgm,0,train
${BOSSBASE_ROOT}\cover\6322.pgm,0,train
${BOSSBASE_ROOT}\stego\HILL\0.4bpp\stego\8973.pgm,1,train
${BOSSBASE_ROOT}\cover\9173.pgm,0,train
${BOSSBASE_ROOT}\cover\327.pgm,0,train
${BOSSBASE_ROOT}\stego\HILL\0.4bpp\stego\7708.pgm,1,train
${BOSSBASE_ROOT}\stego\HILL\0.4bpp\stego\9125.pgm,1,train
${BOSSBASE_ROOT}\stego\HILL\0.4bpp\stego\392.pgm,1,train
${BOSSBASE_ROOT}\cover\5484.pgm,0,train
${BOSSBASE_ROOT}\cover\6511.pgm,0,train
${BOSSBASE_ROOT}\cover\7094.pgm,0,train
${BOSSBASE_ROOT}\stego\HILL\0.4bpp\stego\1223.pgm,1,train
${BOSSBASE_ROOT}\cover\5080.pgm,0,train
${BOSSBASE_ROOT}\stego\HILL\0.4bpp\stego\9886.pgm,1,train
${BOSSBASE_ROOT}\stego\HILL\0.4bpp\stego\156.pgm,1,train
${BOSSBASE_ROOT}\cover\662.pgm,0,train
${BOSSBASE_ROOT}\cover\8433.pgm,0,train
${BOSSBASE_ROOT}\cover\7106.pgm,0,train
${BOSSBASE_ROOT}\cover\2041.pgm,0,train
${BOSSBASE_ROOT}\cover\9677.pgm,0,train
${BOSSBASE_ROOT}\stego\HILL\0.4bpp\stego\5263.pgm,1,train
${BOSSBASE_ROOT}\cover\240.pgm,0,train
${BOSSBASE_ROOT}\stego\HILL\0.4bpp\stego\9418.pgm,1,train
${BOSSBASE_ROOT}\stego\HILL\0.4bpp\stego\5788.pgm,1,train
${BOSSBASE_ROOT}\cover\2371.pgm,0,train
${BOSSBASE_ROOT}\cover\5746.pgm,0,train
${BOSSBASE_ROOT}\cover\3941.pgm,0,train
${BOSSBASE_ROOT}\cover\3832.pgm,0,train
${BOSSBASE_ROOT}\stego\HILL\0.4bpp\stego\3156.pgm,1,train
${BOSSBASE_ROOT}\cover\5128.pgm,0,train
${BOSSBASE_ROOT}\stego\HILL\0.4bpp\stego\5614.pgm,1,train
${BOSSBASE_ROOT}\stego\HILL\0.4bpp\stego\8967.pgm,1,train
${BOSSBASE_ROOT}\stego\HILL\0.4bpp\stego\8557.pgm,1,train
${BOSSBASE_ROOT}\cover\7178.pgm,0,train
${BOSSBASE_ROOT}\cover\7593.pgm,0,train
${BOSSBASE_ROOT}\cover\3075.pgm,0,train
${BOSSBASE_ROOT}\stego\HILL\0.4bpp\stego\7046.pgm,1,train
${BOSSBASE_ROOT}\stego\HILL\0.4bpp\stego\8712.pgm,1,train
${BOSSBASE_ROOT}\stego\HILL\0.4bpp\stego\2658.pgm,1,train
${BOSSBASE_ROOT}\stego\HILL\0.4bpp\stego\3764.pgm,1,train
${BOSSBASE_ROOT}\stego\HILL\0.4bpp\stego\2282.pgm,1,train
${BOSSBASE_ROOT}\cover\9814.pgm,0,train
${BOSSBASE_ROOT}\stego\HILL\0.4bpp\stego\6329.pgm,1,train
${BOSSBASE_ROOT}\cover\286.pgm,0,train
${BOSSBASE_ROOT}\stego\HILL\0.4bpp\stego\9784.pgm,1,train
${BOSSBASE_ROOT}\stego\HILL\0.4bpp\stego\1633.pgm,1,train
${BOSSBASE_ROOT}\cover\9529.pgm,0,train
${BOSSBASE_ROOT}\cover\2400.pgm,0,train
${BOSSBASE_ROOT}\stego\HILL\0.4bpp\stego\2186.pgm,1,train
${BOSSBASE_ROOT}\cover\154.pgm,0,train
${BOSSBASE_ROOT}\stego\HILL\0.4bpp\stego\6949.pgm,1,train
${BOSSBASE_ROOT}\stego\HILL\0.4bpp\stego\943.pgm,1,train
${BOSSBASE_ROOT}\cover\8681.pgm,0,train
${BOSSBASE_ROOT}\cover\9152.pgm,0,train
${BOSSBASE_ROOT}\stego\HILL\0.4bpp\stego\718.pgm,1,train
${BOSSBASE_ROOT}\cover\7415.pgm,0,train
${BOSSBASE_ROOT}\stego\HILL\0.4bpp\stego\5576.pgm,1,train
${BOSSBASE_ROOT}\cover\2143.pgm,0,train
${BOSSBASE_ROOT}\cover\9231.pgm,0,train
${BOSSBASE_ROOT}\cover\4174.pgm,0,train
${BOSSBASE_ROOT}\stego\HILL\0.4bpp\stego\8819.pgm,1,train
${BOSSBASE_ROOT}\stego\HILL\0.4bpp\stego\8480.pgm,1,train
${BOSSBASE_ROOT}\cover\4130.pgm,0,train
${BOSSBASE_ROOT}\cover\8784.pgm,0,train
${BOSSBASE_ROOT}\cover\4077.pgm,0,train
${BOSSBASE_ROOT}\stego\HILL\0.4bpp\stego\5858.pgm,1,train
${BOSSBASE_ROOT}\cover\7473.pgm,0,train
${BOSSBASE_ROOT}\stego\HILL\0.4bpp\stego\7205.pgm,1,train
${BOSSBASE_ROOT}\cover\5475.pgm,0,train
${BOSSBASE_ROOT}\stego\HILL\0.4bpp\stego\2824.pgm,1,train
${BOSSBASE_ROOT}\stego\HILL\0.4bpp\stego\4958.pgm,1,train
${BOSSBASE_ROOT}\stego\HILL\0.4bpp\stego\7946.pgm,1,train
${BOSSBASE_ROOT}\stego\HILL\0.4bpp\stego\1889.pgm,1,train
${BOSSBASE_ROOT}\stego\HILL\0.4bpp\stego\3418.pgm,1,train
${BOSSBASE_ROOT}\cover\3556.pgm,0,train
${BOSSBASE_ROOT}\cover\4273.pgm,0,train
${BOSSBASE_ROOT}\cover\4760.pgm,0,train
${BOSSBASE_ROOT}\stego\HILL\0.4bpp\stego\5473.pgm,1,train
${BOSSBASE_ROOT}\stego\HILL\0.4bpp\stego\6548.pgm,1,train
${BOSSBASE_ROOT}\cover\4828.pgm,0,train
${BOSSBASE_ROOT}\cover\6478.pgm,0,train
${BOSSBASE_ROOT}\stego\HILL\0.4bpp\stego\3979.pgm,1,train
${BOSSBASE_ROOT}\cover\4744.pgm,0,train
${BOSSBASE_ROOT}\cover\896.pgm,0,train
${BOSSBASE_ROOT}\cover\2217.pgm,0,train
${BOSSBASE_ROOT}\stego\HILL\0.4bpp\stego\2414.pgm,1,train
${BOSSBASE_ROOT}\stego\HILL\0.4bpp\stego\6454.pgm,1,train
${BOSSBASE_ROOT}\cover\2669.pgm,0,train
${BOSSBASE_ROOT}\cover\718.pgm,0,train
${BOSSBASE_ROOT}\stego\HILL\0.4bpp\stego\9924.pgm,1,train
${BOSSBASE_ROOT}\stego\HILL\0.4bpp\stego\7407.pgm,1,train
${BOSSBASE_ROOT}\stego\HILL\0.4bpp\stego\2353.pgm,1,train
${BOSSBASE_ROOT}\cover\2663.pgm,0,train
${BOSSBASE_ROOT}\cover\9185.pgm,0,train
${BOSSBASE_ROOT}\cover\1391.pgm,0,train
${BOSSBASE_ROOT}\stego\HILL\0.4bpp\stego\8033.pgm,1,train
${BOSSBASE_ROOT}\stego\HILL\0.4bpp\stego\8184.pgm,1,train
${BOSSBASE_ROOT}\cover\940.pgm,0,train
${BOSSBASE_ROOT}\stego\HILL\0.4bpp\stego\3975.pgm,1,train
${BOSSBASE_ROOT}\stego\HILL\0.4bpp\stego\7154.pgm,1,train
${BOSSBASE_ROOT}\stego\HILL\0.4bpp\stego\7326.pgm,1,train
${BOSSBASE_ROOT}\stego\HILL\0.4bpp\stego\7161.pgm,1,train
${BOSSBASE_ROOT}\cover\3215.pgm,0,train
${BOSSBASE_ROOT}\stego\HILL\0.4bpp\stego\7790.pgm,1,train
${BOSSBASE_ROOT}\stego\HILL\0.4bpp\stego\2383.pgm,1,train
${BOSSBASE_ROOT}\stego\HILL\0.4bpp\stego\2082.pgm,1,train
${BOSSBASE_ROOT}\stego\HILL\0.4bpp\stego\8394.pgm,1,train
${BOSSBASE_ROOT}\stego\HILL\0.4bpp\stego\5150.pgm,1,train
${BOSSBASE_ROOT}\stego\HILL\0.4bpp\stego\3996.pgm,1,train
${BOSSBASE_ROOT}\cover\3169.pgm,0,train
${BOSSBASE_ROOT}\stego\HILL\0.4bpp\stego\7276.pgm,1,train
${BOSSBASE_ROOT}\cover\1139.pgm,0,train
${BOSSBASE_ROOT}\cover\363.pgm,0,train
${BOSSBASE_ROOT}\cover\886.pgm,0,train
${BOSSBASE_ROOT}\stego\HILL\0.4bpp\stego\6894.pgm,1,train
${BOSSBASE_ROOT}\cover\1845.pgm,0,train
${BOSSBASE_ROOT}\cover\5119.pgm,0,train
${BOSSBASE_ROOT}\stego\HILL\0.4bpp\stego\918.pgm,1,train
${BOSSBASE_ROOT}\stego\HILL\0.4bpp\stego\4288.pgm,1,train
${BOSSBASE_ROOT}\stego\HILL\0.4bpp\stego\2985.pgm,1,train
${BOSSBASE_ROOT}\cover\4235.pgm,0,train
${BOSSBASE_ROOT}\cover\7795.pgm,0,train
${BOSSBASE_ROOT}\cover\6936.pgm,0,train
${BOSSBASE_ROOT}\cover\4091.pgm,0,train
${BOSSBASE_ROOT}\cover\8234.pgm,0,train
${BOSSBASE_ROOT}\cover\2013.pgm,0,train
${BOSSBASE_ROOT}\stego\HILL\0.4bpp\stego\9740.pgm,1,train
${BOSSBASE_ROOT}\stego\HILL\0.4bpp\stego\9234.pgm,1,train
${BOSSBASE_ROOT}\stego\HILL\0.4bpp\stego\3796.pgm,1,train
${BOSSBASE_ROOT}\stego\HILL\0.4bpp\stego\6291.pgm,1,train
${BOSSBASE_ROOT}\stego\HILL\0.4bpp\stego\35.pgm,1,train
${BOSSBASE_ROOT}\stego\HILL\0.4bpp\stego\5313.pgm,1,train
${BOSSBASE_ROOT}\cover\3517.pgm,0,train
${BOSSBASE_ROOT}\cover\1830.pgm,0,train
${BOSSBASE_ROOT}\cover\4805.pgm,0,train
${BOSSBASE_ROOT}\stego\HILL\0.4bpp\stego\4655.pgm,1,train
${BOSSBASE_ROOT}\stego\HILL\0.4bpp\stego\9355.pgm,1,train
${BOSSBASE_ROOT}\cover\430.pgm,0,train
${BOSSBASE_ROOT}\stego\HILL\0.4bpp\stego\9812.pgm,1,train
${BOSSBASE_ROOT}\cover\5426.pgm,0,train
${BOSSBASE_ROOT}\cover\9840.pgm,0,train
${BOSSBASE_ROOT}\stego\HILL\0.4bpp\stego\1772.pgm,1,train
${BOSSBASE_ROOT}\stego\HILL\0.4bpp\stego\2629.pgm,1,train
${BOSSBASE_ROOT}\cover\9851.pgm,0,train
${BOSSBASE_ROOT}\cover\863.pgm,0,train
${BOSSBASE_ROOT}\cover\976.pgm,0,train
${BOSSBASE_ROOT}\stego\HILL\0.4bpp\stego\6720.pgm,1,train
${BOSSBASE_ROOT}\stego\HILL\0.4bpp\stego\101.pgm,1,train
${BOSSBASE_ROOT}\cover\1985.pgm,0,train
${BOSSBASE_ROOT}\cover\1002.pgm,0,train
${BOSSBASE_ROOT}\cover\3209.pgm,0,train
${BOSSBASE_ROOT}\cover\7972.pgm,0,train
${BOSSBASE_ROOT}\stego\HILL\0.4bpp\stego\5562.pgm,1,train
${BOSSBASE_ROOT}\stego\HILL\0.4bpp\stego\9167.pgm,1,train
${BOSSBASE_ROOT}\stego\HILL\0.4bpp\stego\9529.pgm,1,train
${BOSSBASE_ROOT}\stego\HILL\0.4bpp\stego\5837.pgm,1,train
${BOSSBASE_ROOT}\stego\HILL\0.4bpp\stego\2442.pgm,1,train
${BOSSBASE_ROOT}\stego\HILL\0.4bpp\stego\6524.pgm,1,train
${BOSSBASE_ROOT}\stego\HILL\0.4bpp\stego\8852.pgm,1,train
${BOSSBASE_ROOT}\cover\7343.pgm,0,train
${BOSSBASE_ROOT}\cover\9316.pgm,0,train
${BOSSBASE_ROOT}\cover\3152.pgm,0,train
${BOSSBASE_ROOT}\cover\4773.pgm,0,train
${BOSSBASE_ROOT}\cover\1173.pgm,0,train
${BOSSBASE_ROOT}\cover\1355.pgm,0,train
${BOSSBASE_ROOT}\cover\5496.pgm,0,train
${BOSSBASE_ROOT}\cover\9141.pgm,0,train
${BOSSBASE_ROOT}\cover\3097.pgm,0,train
${BOSSBASE_ROOT}\cover\3758.pgm,0,train
${BOSSBASE_ROOT}\cover\5420.pgm,0,train
${BOSSBASE_ROOT}\cover\7824.pgm,0,train
${BOSSBASE_ROOT}\stego\HILL\0.4bpp\stego\8581.pgm,1,train
${BOSSBASE_ROOT}\stego\HILL\0.4bpp\stego\5013.pgm,1,train
${BOSSBASE_ROOT}\cover\3134.pgm,0,train
${BOSSBASE_ROOT}\cover\6087.pgm,0,train
${BOSSBASE_ROOT}\stego\HILL\0.4bpp\stego\5299.pgm,1,train
${BOSSBASE_ROOT}\cover\6156.pgm,0,train
${BOSSBASE_ROOT}\cover\2914.pgm,0,train
${BOSSBASE_ROOT}\cover\7837.pgm,0,train
${BOSSBASE_ROOT}\stego\HILL\0.4bpp\stego\3593.pgm,1,train
${BOSSBASE_ROOT}\stego\HILL\0.4bpp\stego\8405.pgm,1,train
${BOSSBASE_ROOT}\stego\HILL\0.4bpp\stego\9854.pgm,1,train
${BOSSBASE_ROOT}\cover\6402.pgm,0,train
${BOSSBASE_ROOT}\cover\3710.pgm,0,train
${BOSSBASE_ROOT}\cover\4117.pgm,0,train
${BOSSBASE_ROOT}\cover\4466.pgm,0,train
${BOSSBASE_ROOT}\cover\332.pgm,0,train
${BOSSBASE_ROOT}\stego\HILL\0.4bpp\stego\3974.pgm,1,train
${BOSSBASE_ROOT}\stego\HILL\0.4bpp\stego\5048.pgm,1,train
${BOSSBASE_ROOT}\stego\HILL\0.4bpp\stego\6023.pgm,1,train
${BOSSBASE_ROOT}\stego\HILL\0.4bpp\stego\737.pgm,1,train
${BOSSBASE_ROOT}\cover\2705.pgm,0,train
${BOSSBASE_ROOT}\cover\3754.pgm,0,train
${BOSSBASE_ROOT}\cover\8689.pgm,0,train
${BOSSBASE_ROOT}\cover\9733.pgm,0,train
${BOSSBASE_ROOT}\cover\727.pgm,0,train
${BOSSBASE_ROOT}\cover\7823.pgm,0,train
${BOSSBASE_ROOT}\cover\56.pgm,0,train
${BOSSBASE_ROOT}\cover\6692.pgm,0,train
${BOSSBASE_ROOT}\cover\3104.pgm,0,train
${BOSSBASE_ROOT}\cover\538.pgm,0,train
${BOSSBASE_ROOT}\cover\2300.pgm,0,train
${BOSSBASE_ROOT}\cover\8341.pgm,0,train
${BOSSBASE_ROOT}\stego\HILL\0.4bpp\stego\8867.pgm,1,train
${BOSSBASE_ROOT}\stego\HILL\0.4bpp\stego\4607.pgm,1,train
${BOSSBASE_ROOT}\stego\HILL\0.4bpp\stego\961.pgm,1,train
${BOSSBASE_ROOT}\stego\HILL\0.4bpp\stego\3228.pgm,1,train
${BOSSBASE_ROOT}\cover\7552.pgm,0,train
${BOSSBASE_ROOT}\stego\HILL\0.4bpp\stego\74.pgm,1,train
${BOSSBASE_ROOT}\cover\8629.pgm,0,train
${BOSSBASE_ROOT}\stego\HILL\0.4bpp\stego\6477.pgm,1,train
${BOSSBASE_ROOT}\stego\HILL\0.4bpp\stego\5833.pgm,1,train
${BOSSBASE_ROOT}\stego\HILL\0.4bpp\stego\5955.pgm,1,train
${BOSSBASE_ROOT}\cover\2377.pgm,0,train
${BOSSBASE_ROOT}\stego\HILL\0.4bpp\stego\3137.pgm,1,train
${BOSSBASE_ROOT}\cover\2942.pgm,0,train
${BOSSBASE_ROOT}\stego\HILL\0.4bpp\stego\6873.pgm,1,train
${BOSSBASE_ROOT}\stego\HILL\0.4bpp\stego\9571.pgm,1,train
${BOSSBASE_ROOT}\cover\6399.pgm,0,train
${BOSSBASE_ROOT}\stego\HILL\0.4bpp\stego\7852.pgm,1,train
${BOSSBASE_ROOT}\cover\6499.pgm,0,train
${BOSSBASE_ROOT}\stego\HILL\0.4bpp\stego\2775.pgm,1,train
${BOSSBASE_ROOT}\stego\HILL\0.4bpp\stego\218.pgm,1,train
${BOSSBASE_ROOT}\stego\HILL\0.4bpp\stego\5298.pgm,1,train
${BOSSBASE_ROOT}\stego\HILL\0.4bpp\stego\2640.pgm,1,train
${BOSSBASE_ROOT}\cover\2685.pgm,0,train
${BOSSBASE_ROOT}\stego\HILL\0.4bpp\stego\4272.pgm,1,train
${BOSSBASE_ROOT}\cover\8676.pgm,0,train
${BOSSBASE_ROOT}\cover\9181.pgm,0,train
${BOSSBASE_ROOT}\cover\1271.pgm,0,train
${BOSSBASE_ROOT}\cover\2185.pgm,0,train
${BOSSBASE_ROOT}\stego\HILL\0.4bpp\stego\8877.pgm,1,train
${BOSSBASE_ROOT}\stego\HILL\0.4bpp\stego\4805.pgm,1,train
${BOSSBASE_ROOT}\stego\HILL\0.4bpp\stego\9673.pgm,1,train
${BOSSBASE_ROOT}\cover\4658.pgm,0,train
${BOSSBASE_ROOT}\cover\6669.pgm,0,train
${BOSSBASE_ROOT}\cover\7825.pgm,0,train
${BOSSBASE_ROOT}\stego\HILL\0.4bpp\stego\4970.pgm,1,train
${BOSSBASE_ROOT}\stego\HILL\0.4bpp\stego\3046.pgm,1,train
${BOSSBASE_ROOT}\cover\789.pgm,0,train
${BOSSBASE_ROOT}\cover\6802.pgm,0,train
${BOSSBASE_ROOT}\stego\HILL\0.4bpp\stego\9304.pgm,1,train
${BOSSBASE_ROOT}\cover\6750.pgm,0,train
${BOSSBASE_ROOT}\stego\HILL\0.4bpp\stego\9063.pgm,1,train
${BOSSBASE_ROOT}\cover\1630.pgm,0,train
${BOSSBASE_ROOT}\stego\HILL\0.4bpp\stego\2735.pgm,1,train
${BOSSBASE_ROOT}\stego\HILL\0.4bpp\stego\4093.pgm,1,train
${BOSSBASE_ROOT}\stego\HILL\0.4bpp\stego\2836.pgm,1,train
${BOSSBASE_ROOT}\stego\HILL\0.4bpp\stego\6050.pgm,1,train
${BOSSBASE_ROOT}\stego\HILL\0.4bpp\stego\4959.pgm,1,train
${BOSSBASE_ROOT}\cover\8680.pgm,0,train
${BOSSBASE_ROOT}\cover\6226.pgm,0,train
${BOSSBASE_ROOT}\cover\2709.pgm,0,train
${BOSSBASE_ROOT}\stego\HILL\0.4bpp\stego\1283.pgm,1,train
${BOSSBASE_ROOT}\stego\HILL\0.4bpp\stego\4316.pgm,1,train
${BOSSBASE_ROOT}\cover\3819.pgm,0,train
${BOSSBASE_ROOT}\stego\HILL\0.4bpp\stego\7561.pgm,1,train
${BOSSBASE_ROOT}\stego\HILL\0.4bpp\stego\2262.pgm,1,train
${BOSSBASE_ROOT}\cover\8614.pgm,0,train
${BOSSBASE_ROOT}\cover\5308.pgm,0,train
${BOSSBASE_ROOT}\stego\HILL\0.4bpp\stego\1092.pgm,1,train
${BOSSBASE_ROOT}\cover\4747.pgm,0,train
${BOSSBASE_ROOT}\stego\HILL\0.4bpp\stego\1440.pgm,1,train
${BOSSBASE_ROOT}\cover\2211.pgm,0,train
${BOSSBASE_ROOT}\stego\HILL\0.4bpp\stego\4561.pgm,1,train
${BOSSBASE_ROOT}\stego\HILL\0.4bpp\stego\7022.pgm,1,train
${BOSSBASE_ROOT}\cover\4821.pgm,0,train
${BOSSBASE_ROOT}\stego\HILL\0.4bpp\stego\9944.pgm,1,train
${BOSSBASE_ROOT}\cover\9966.pgm,0,train
${BOSSBASE_ROOT}\stego\HILL\0.4bpp\stego\6173.pgm,1,train
${BOSSBASE_ROOT}\stego\HILL\0.4bpp\stego\5147.pgm,1,train
${BOSSBASE_ROOT}\stego\HILL\0.4bpp\stego\1980.pgm,1,train
${BOSSBASE_ROOT}\cover\147.pgm,0,train
${BOSSBASE_ROOT}\stego\HILL\0.4bpp\stego\9448.pgm,1,train
${BOSSBASE_ROOT}\cover\2937.pgm,0,train
${BOSSBASE_ROOT}\cover\8935.pgm,0,train
${BOSSBASE_ROOT}\cover\9892.pgm,0,train
${BOSSBASE_ROOT}\stego\HILL\0.4bpp\stego\1509.pgm,1,train
${BOSSBASE_ROOT}\cover\6094.pgm,0,train
${BOSSBASE_ROOT}\cover\7677.pgm,0,train
${BOSSBASE_ROOT}\stego\HILL\0.4bpp\stego\3265.pgm,1,train
${BOSSBASE_ROOT}\cover\7392.pgm,0,train
${BOSSBASE_ROOT}\cover\5890.pgm,0,train
${BOSSBASE_ROOT}\cover\366.pgm,0,train
${BOSSBASE_ROOT}\cover\5026.pgm,0,train
${BOSSBASE_ROOT}\stego\HILL\0.4bpp\stego\3696.pgm,1,train
${BOSSBASE_ROOT}\cover\529.pgm,0,train
${BOSSBASE_ROOT}\stego\HILL\0.4bpp\stego\617.pgm,1,train
${BOSSBASE_ROOT}\stego\HILL\0.4bpp\stego\7457.pgm,1,train
${BOSSBASE_ROOT}\cover\7525.pgm,0,train
${BOSSBASE_ROOT}\stego\HILL\0.4bpp\stego\4398.pgm,1,train
${BOSSBASE_ROOT}\stego\HILL\0.4bpp\stego\1577.pgm,1,train
${BOSSBASE_ROOT}\stego\HILL\0.4bpp\stego\4929.pgm,1,train
${BOSSBASE_ROOT}\stego\HILL\0.4bpp\stego\5237.pgm,1,train
${BOSSBASE_ROOT}\stego\HILL\0.4bpp\stego\1461.pgm,1,train
${BOSSBASE_ROOT}\stego\HILL\0.4bpp\stego\6766.pgm,1,train
${BOSSBASE_ROOT}\cover\8086.pgm,0,train
${BOSSBASE_ROOT}\stego\HILL\0.4bpp\stego\7449.pgm,1,train
${BOSSBASE_ROOT}\stego\HILL\0.4bpp\stego\4611.pgm,1,train
${BOSSBASE_ROOT}\cover\1261.pgm,0,train
${BOSSBASE_ROOT}\stego\HILL\0.4bpp\stego\520.pgm,1,train
${BOSSBASE_ROOT}\cover\3540.pgm,0,train
${BOSSBASE_ROOT}\stego\HILL\0.4bpp\stego\524.pgm,1,train
${BOSSBASE_ROOT}\stego\HILL\0.4bpp\stego\3279.pgm,1,train
${BOSSBASE_ROOT}\stego\HILL\0.4bpp\stego\592.pgm,1,train
${BOSSBASE_ROOT}\cover\8340.pgm,0,train
${BOSSBASE_ROOT}\stego\HILL\0.4bpp\stego\4910.pgm,1,train
${BOSSBASE_ROOT}\cover\2010.pgm,0,train
${BOSSBASE_ROOT}\cover\7465.pgm,0,train
${BOSSBASE_ROOT}\cover\6162.pgm,0,train
${BOSSBASE_ROOT}\cover\1820.pgm,0,train
${BOSSBASE_ROOT}\cover\4870.pgm,0,train
${BOSSBASE_ROOT}\stego\HILL\0.4bpp\stego\9228.pgm,1,train
${BOSSBASE_ROOT}\cover\5465.pgm,0,train
${BOSSBASE_ROOT}\cover\1652.pgm,0,train
${BOSSBASE_ROOT}\stego\HILL\0.4bpp\stego\6090.pgm,1,train
${BOSSBASE_ROOT}\stego\HILL\0.4bpp\stego\1229.pgm,1,train
${BOSSBASE_ROOT}\stego\HILL\0.4bpp\stego\7575.pgm,1,train
${BOSSBASE_ROOT}\stego\HILL\0.4bpp\stego\4993.pgm,1,train
${BOSSBASE_ROOT}\cover\8618.pgm,0,train
${BOSSBASE_ROOT}\cover\110.pgm,0,train
${BOSSBASE_ROOT}\stego\HILL\0.4bpp\stego\9393.pgm,1,train
${BOSSBASE_ROOT}\stego\HILL\0.4bpp\stego\9573.pgm,1,train
${BOSSBASE_ROOT}\cover\624.pgm,0,train
${BOSSBASE_ROOT}\cover\4119.pgm,0,train
${BOSSBASE_ROOT}\stego\HILL\0.4bpp\stego\8408.pgm,1,train
${BOSSBASE_ROOT}\cover\6211.pgm,0,train
${BOSSBASE_ROOT}\stego\HILL\0.4bpp\stego\3218.pgm,1,train
${BOSSBASE_ROOT}\stego\HILL\0.4bpp\stego\8929.pgm,1,train
${BOSSBASE_ROOT}\stego\HILL\0.4bpp\stego\8707.pgm,1,train
${BOSSBASE_ROOT}\cover\6969.pgm,0,train
${BOSSBASE_ROOT}\cover\9848.pgm,0,train
${BOSSBASE_ROOT}\stego\HILL\0.4bpp\stego\628.pgm,1,train
${BOSSBASE_ROOT}\cover\3412.pgm,0,train
${BOSSBASE_ROOT}\stego\HILL\0.4bpp\stego\390.pgm,1,train
${BOSSBASE_ROOT}\cover\3786.pgm,0,train
${BOSSBASE_ROOT}\stego\HILL\0.4bpp\stego\4471.pgm,1,train
${BOSSBASE_ROOT}\stego\HILL\0.4bpp\stego\7249.pgm,1,train
${BOSSBASE_ROOT}\cover\836.pgm,0,train
${BOSSBASE_ROOT}\stego\HILL\0.4bpp\stego\5155.pgm,1,train
${BOSSBASE_ROOT}\stego\HILL\0.4bpp\stego\9353.pgm,1,train
${BOSSBASE_ROOT}\stego\HILL\0.4bpp\stego\9957.pgm,1,train
${BOSSBASE_ROOT}\stego\HILL\0.4bpp\stego\8397.pgm,1,train
${BOSSBASE_ROOT}\cover\6832.pgm,0,train
${BOSSBASE_ROOT}\stego\HILL\0.4bpp\stego\3762.pgm,1,train
${BOSSBASE_ROOT}\stego\HILL\0.4bpp\stego\7675.pgm,1,train
${BOSSBASE_ROOT}\stego\HILL\0.4bpp\stego\6979.pgm,1,train
${BOSSBASE_ROOT}\stego\HILL\0.4bpp\stego\6105.pgm,1,train
${BOSSBASE_ROOT}\stego\HILL\0.4bpp\stego\8197.pgm,1,train
${BOSSBASE_ROOT}\cover\713.pgm,0,train
${BOSSBASE_ROOT}\cover\7715.pgm,0,train
${BOSSBASE_ROOT}\stego\HILL\0.4bpp\stego\2831.pgm,1,train
${BOSSBASE_ROOT}\stego\HILL\0.4bpp\stego\2017.pgm,1,train
${BOSSBASE_ROOT}\stego\HILL\0.4bpp\stego\6857.pgm,1,train
${BOSSBASE_ROOT}\stego\HILL\0.4bpp\stego\610.pgm,1,train
${BOSSBASE_ROOT}\cover\6826.pgm,0,train
${BOSSBASE_ROOT}\cover\4765.pgm,0,train
${BOSSBASE_ROOT}\cover\1849.pgm,0,train
${BOSSBASE_ROOT}\cover\7794.pgm,0,train
${BOSSBASE_ROOT}\cover\3009.pgm,0,train
${BOSSBASE_ROOT}\cover\5462.pgm,0,train
${BOSSBASE_ROOT}\stego\HILL\0.4bpp\stego\7270.pgm,1,train
${BOSSBASE_ROOT}\cover\700.pgm,0,train
${BOSSBASE_ROOT}\cover\5440.pgm,0,train
${BOSSBASE_ROOT}\cover\8645.pgm,0,train
${BOSSBASE_ROOT}\stego\HILL\0.4bpp\stego\9809.pgm,1,train
${BOSSBASE_ROOT}\stego\HILL\0.4bpp\stego\7746.pgm,1,train
${BOSSBASE_ROOT}\cover\6000.pgm,0,train
${BOSSBASE_ROOT}\cover\478.pgm,0,train
${BOSSBASE_ROOT}\cover\5965.pgm,0,train
${BOSSBASE_ROOT}\cover\9317.pgm,0,train
${BOSSBASE_ROOT}\stego\HILL\0.4bpp\stego\8185.pgm,1,train
${BOSSBASE_ROOT}\cover\1275.pgm,0,train
${BOSSBASE_ROOT}\cover\6513.pgm,0,train
${BOSSBASE_ROOT}\cover\4639.pgm,0,train
${BOSSBASE_ROOT}\stego\HILL\0.4bpp\stego\9417.pgm,1,train
${BOSSBASE_ROOT}\stego\HILL\0.4bpp\stego\4710.pgm,1,train
${BOSSBASE_ROOT}\cover\3408.pgm,0,train
${BOSSBASE_ROOT}\stego\HILL\0.4bpp\stego\1133.pgm,1,train
${BOSSBASE_ROOT}\cover\6734.pgm,0,train
${BOSSBASE_ROOT}\stego\HILL\0.4bpp\stego\1977.pgm,1,train
${BOSSBASE_ROOT}\stego\HILL\0.4bpp\stego\4243.pgm,1,train
${BOSSBASE_ROOT}\stego\HILL\0.4bpp\stego\9184.pgm,1,train
${BOSSBASE_ROOT}\stego\HILL\0.4bpp\stego\529.pgm,1,train
${BOSSBASE_ROOT}\stego\HILL\0.4bpp\stego\8669.pgm,1,train
${BOSSBASE_ROOT}\stego\HILL\0.4bpp\stego\5926.pgm,1,train
${BOSSBASE_ROOT}\cover\5570.pgm,0,train
${BOSSBASE_ROOT}\cover\3811.pgm,0,train
${BOSSBASE_ROOT}\cover\7963.pgm,0,train
${BOSSBASE_ROOT}\cover\3094.pgm,0,train
${BOSSBASE_ROOT}\cover\6500.pgm,0,train
${BOSSBASE_ROOT}\cover\3666.pgm,0,train
${BOSSBASE_ROOT}\cover\1085.pgm,0,train
${BOSSBASE_ROOT}\stego\HILL\0.4bpp\stego\1630.pgm,1,train
${BOSSBASE_ROOT}\cover\3928.pgm,0,train
${BOSSBASE_ROOT}\cover\5177.pgm,0,train
${BOSSBASE_ROOT}\cover\8603.pgm,0,train
${BOSSBASE_ROOT}\cover\3314.pgm,0,train
${BOSSBASE_ROOT}\cover\2767.pgm,0,train
${BOSSBASE_ROOT}\stego\HILL\0.4bpp\stego\5692.pgm,1,train
${BOSSBASE_ROOT}\stego\HILL\0.4bpp\stego\1205.pgm,1,train
${BOSSBASE_ROOT}\cover\5616.pgm,0,train
${BOSSBASE_ROOT}\stego\HILL\0.4bpp\stego\1334.pgm,1,train
${BOSSBASE_ROOT}\stego\HILL\0.4bpp\stego\7238.pgm,1,train
${BOSSBASE_ROOT}\cover\3966.pgm,0,train
${BOSSBASE_ROOT}\cover\313.pgm,0,train
${BOSSBASE_ROOT}\stego\HILL\0.4bpp\stego\6633.pgm,1,train
${BOSSBASE_ROOT}\stego\HILL\0.4bpp\stego\3357.pgm,1,train
${BOSSBASE_ROOT}\cover\647.pgm,0,train
${BOSSBASE_ROOT}\stego\HILL\0.4bpp\stego\4944.pgm,1,train
${BOSSBASE_ROOT}\cover\6990.pgm,0,train
${BOSSBASE_ROOT}\stego\HILL\0.4bpp\stego\5174.pgm,1,train
${BOSSBASE_ROOT}\stego\HILL\0.4bpp\stego\9009.pgm,1,train
${BOSSBASE_ROOT}\stego\HILL\0.4bpp\stego\6578.pgm,1,train
${BOSSBASE_ROOT}\stego\HILL\0.4bpp\stego\2331.pgm,1,train
${BOSSBASE_ROOT}\cover\900.pgm,0,train
${BOSSBASE_ROOT}\stego\HILL\0.4bpp\stego\8996.pgm,1,train
${BOSSBASE_ROOT}\stego\HILL\0.4bpp\stego\4510.pgm,1,train
${BOSSBASE_ROOT}\stego\HILL\0.4bpp\stego\9818.pgm,1,train
${BOSSBASE_ROOT}\stego\HILL\0.4bpp\stego\121.pgm,1,train
${BOSSBASE_ROOT}\cover\6202.pgm,0,train
${BOSSBASE_ROOT}\cover\3447.pgm,0,train
${BOSSBASE_ROOT}\cover\6072.pgm,0,train
${BOSSBASE_ROOT}\cover\5182.pgm,0,train
${BOSSBASE_ROOT}\cover\1808.pgm,0,train
${BOSSBASE_ROOT}\cover\6769.pgm,0,train
${BOSSBASE_ROOT}\cover\3004.pgm,0,train
${BOSSBASE_ROOT}\cover\7083.pgm,0,train
${BOSSBASE_ROOT}\stego\HILL\0.4bpp\stego\9284.pgm,1,train
${BOSSBASE_ROOT}\cover\4360.pgm,0,train
${BOSSBASE_ROOT}\cover\2737.pgm,0,train
${BOSSBASE_ROOT}\stego\HILL\0.4bpp\stego\1368.pgm,1,train
${BOSSBASE_ROOT}\cover\2042.pgm,0,train
${BOSSBASE_ROOT}\stego\HILL\0.4bpp\stego\9474.pgm,1,train
${BOSSBASE_ROOT}\stego\HILL\0.4bpp\stego\7132.pgm,1,train
${BOSSBASE_ROOT}\cover\7866.pgm,0,train
${BOSSBASE_ROOT}\stego\HILL\0.4bpp\stego\8725.pgm,1,train
${BOSSBASE_ROOT}\cover\2380.pgm,0,train
${BOSSBASE_ROOT}\cover\2102.pgm,0,train
${BOSSBASE_ROOT}\stego\HILL\0.4bpp\stego\1462.pgm,1,train
${BOSSBASE_ROOT}\stego\HILL\0.4bpp\stego\6724.pgm,1,train
${BOSSBASE_ROOT}\cover\3833.pgm,0,train
${BOSSBASE_ROOT}\cover\3162.pgm,0,train
${BOSSBASE_ROOT}\stego\HILL\0.4bpp\stego\7739.pgm,1,train
${BOSSBASE_ROOT}\cover\9655.pgm,0,train
${BOSSBASE_ROOT}\cover\4562.pgm,0,train
${BOSSBASE_ROOT}\cover\5214.pgm,0,train
${BOSSBASE_ROOT}\cover\2719.pgm,0,train
${BOSSBASE_ROOT}\stego\HILL\0.4bpp\stego\7837.pgm,1,train
${BOSSBASE_ROOT}\cover\3342.pgm,0,train
${BOSSBASE_ROOT}\stego\HILL\0.4bpp\stego\2820.pgm,1,train
${BOSSBASE_ROOT}\stego\HILL\0.4bpp\stego\5641.pgm,1,train
${BOSSBASE_ROOT}\stego\HILL\0.4bpp\stego\7490.pgm,1,train
${BOSSBASE_ROOT}\stego\HILL\0.4bpp\stego\8475.pgm,1,train
${BOSSBASE_ROOT}\stego\HILL\0.4bpp\stego\5198.pgm,1,train
${BOSSBASE_ROOT}\stego\HILL\0.4bpp\stego\3842.pgm,1,train
${BOSSBASE_ROOT}\cover\6403.pgm,0,train
${BOSSBASE_ROOT}\cover\4180.pgm,0,train
${BOSSBASE_ROOT}\stego\HILL\0.4bpp\stego\5324.pgm,1,train
${BOSSBASE_ROOT}\cover\4649.pgm,0,train
${BOSSBASE_ROOT}\stego\HILL\0.4bpp\stego\5815.pgm,1,train
${BOSSBASE_ROOT}\cover\609.pgm,0,train
${BOSSBASE_ROOT}\stego\HILL\0.4bpp\stego\4122.pgm,1,train
${BOSSBASE_ROOT}\stego\HILL\0.4bpp\stego\3524.pgm,1,train
${BOSSBASE_ROOT}\cover\6097.pgm,0,train
${BOSSBASE_ROOT}\stego\HILL\0.4bpp\stego\3666.pgm,1,train
${BOSSBASE_ROOT}\stego\HILL\0.4bpp\stego\9821.pgm,1,train
${BOSSBASE_ROOT}\stego\HILL\0.4bpp\stego\7206.pgm,1,train
${BOSSBASE_ROOT}\stego\HILL\0.4bpp\stego\5426.pgm,1,train
${BOSSBASE_ROOT}\cover\317.pgm,0,train
${BOSSBASE_ROOT}\cover\8366.pgm,0,train
${BOSSBASE_ROOT}\stego\HILL\0.4bpp\stego\4429.pgm,1,train
${BOSSBASE_ROOT}\stego\HILL\0.4bpp\stego\5838.pgm,1,train
${BOSSBASE_ROOT}\stego\HILL\0.4bpp\stego\1267.pgm,1,train
${BOSSBASE_ROOT}\cover\1628.pgm,0,train
${BOSSBASE_ROOT}\stego\HILL\0.4bpp\stego\2610.pgm,1,train
${BOSSBASE_ROOT}\stego\HILL\0.4bpp\stego\2436.pgm,1,train
${BOSSBASE_ROOT}\cover\1944.pgm,0,train
${BOSSBASE_ROOT}\stego\HILL\0.4bpp\stego\3389.pgm,1,train
${BOSSBASE_ROOT}\cover\1674.pgm,0,train
${BOSSBASE_ROOT}\cover\7039.pgm,0,train
${BOSSBASE_ROOT}\cover\7988.pgm,0,train
${BOSSBASE_ROOT}\stego\HILL\0.4bpp\stego\2717.pgm,1,train
${BOSSBASE_ROOT}\cover\6702.pgm,0,train
${BOSSBASE_ROOT}\cover\7482.pgm,0,train
${BOSSBASE_ROOT}\cover\853.pgm,0,train
${BOSSBASE_ROOT}\stego\HILL\0.4bpp\stego\2893.pgm,1,train
${BOSSBASE_ROOT}\stego\HILL\0.4bpp\stego\7719.pgm,1,train
${BOSSBASE_ROOT}\cover\196.pgm,0,train
${BOSSBASE_ROOT}\stego\HILL\0.4bpp\stego\3678.pgm,1,train
${BOSSBASE_ROOT}\cover\2524.pgm,0,train
${BOSSBASE_ROOT}\cover\4886.pgm,0,train
${BOSSBASE_ROOT}\stego\HILL\0.4bpp\stego\8088.pgm,1,train
${BOSSBASE_ROOT}\stego\HILL\0.4bpp\stego\250.pgm,1,train
${BOSSBASE_ROOT}\cover\1996.pgm,0,train
${BOSSBASE_ROOT}\cover\9254.pgm,0,train
${BOSSBASE_ROOT}\stego\HILL\0.4bpp\stego\2654.pgm,1,train
${BOSSBASE_ROOT}\cover\3320.pgm,0,train
${BOSSBASE_ROOT}\stego\HILL\0.4bpp\stego\7936.pgm,1,train
${BOSSBASE_ROOT}\cover\6650.pgm,0,train
${BOSSBASE_ROOT}\stego\HILL\0.4bpp\stego\402.pgm,1,train
${BOSSBASE_ROOT}\cover\1726.pgm,0,train
${BOSSBASE_ROOT}\cover\8388.pgm,0,train
${BOSSBASE_ROOT}\cover\5118.pgm,0,train
${BOSSBASE_ROOT}\cover\1019.pgm,0,train
${BOSSBASE_ROOT}\cover\8745.pgm,0,train
${BOSSBASE_ROOT}\stego\HILL\0.4bpp\stego\4606.pgm,1,train
${BOSSBASE_ROOT}\stego\HILL\0.4bpp\stego\8485.pgm,1,train
${BOSSBASE_ROOT}\cover\9246.pgm,0,train
${BOSSBASE_ROOT}\cover\2802.pgm,0,train
${BOSSBASE_ROOT}\cover\342.pgm,0,train
${BOSSBASE_ROOT}\stego\HILL\0.4bpp\stego\8910.pgm,1,train
${BOSSBASE_ROOT}\stego\HILL\0.4bpp\stego\9840.pgm,1,train
${BOSSBASE_ROOT}\stego\HILL\0.4bpp\stego\1842.pgm,1,train
${BOSSBASE_ROOT}\stego\HILL\0.4bpp\stego\1564.pgm,1,train
${BOSSBASE_ROOT}\stego\HILL\0.4bpp\stego\5396.pgm,1,train
${BOSSBASE_ROOT}\stego\HILL\0.4bpp\stego\3817.pgm,1,train
${BOSSBASE_ROOT}\cover\9826.pgm,0,train
${BOSSBASE_ROOT}\stego\HILL\0.4bpp\stego\9286.pgm,1,train
${BOSSBASE_ROOT}\stego\HILL\0.4bpp\stego\3214.pgm,1,train
${BOSSBASE_ROOT}\stego\HILL\0.4bpp\stego\4713.pgm,1,train
${BOSSBASE_ROOT}\stego\HILL\0.4bpp\stego\130.pgm,1,train
${BOSSBASE_ROOT}\cover\326.pgm,0,train
${BOSSBASE_ROOT}\cover\1285.pgm,0,train
${BOSSBASE_ROOT}\stego\HILL\0.4bpp\stego\3883.pgm,1,train
${BOSSBASE_ROOT}\cover\1782.pgm,0,train
${BOSSBASE_ROOT}\cover\5771.pgm,0,train
${BOSSBASE_ROOT}\cover\7414.pgm,0,train
${BOSSBASE_ROOT}\stego\HILL\0.4bpp\stego\8940.pgm,1,train
${BOSSBASE_ROOT}\cover\8696.pgm,0,train
${BOSSBASE_ROOT}\stego\HILL\0.4bpp\stego\2746.pgm,1,train
${BOSSBASE_ROOT}\stego\HILL\0.4bpp\stego\5587.pgm,1,train
${BOSSBASE_ROOT}\stego\HILL\0.4bpp\stego\4384.pgm,1,train
${BOSSBASE_ROOT}\cover\7712.pgm,0,train
${BOSSBASE_ROOT}\stego\HILL\0.4bpp\stego\1150.pgm,1,train
${BOSSBASE_ROOT}\stego\HILL\0.4bpp\stego\6333.pgm,1,train
${BOSSBASE_ROOT}\stego\HILL\0.4bpp\stego\8126.pgm,1,train
${BOSSBASE_ROOT}\stego\HILL\0.4bpp\stego\2095.pgm,1,train
${BOSSBASE_ROOT}\cover\5442.pgm,0,train
${BOSSBASE_ROOT}\stego\HILL\0.4bpp\stego\1598.pgm,1,train
${BOSSBASE_ROOT}\cover\761.pgm,0,train
${BOSSBASE_ROOT}\stego\HILL\0.4bpp\stego\3151.pgm,1,train
${BOSSBASE_ROOT}\cover\3717.pgm,0,train
${BOSSBASE_ROOT}\cover\4136.pgm,0,train
${BOSSBASE_ROOT}\stego\HILL\0.4bpp\stego\538.pgm,1,train
${BOSSBASE_ROOT}\cover\2062.pgm,0,train
${BOSSBASE_ROOT}\stego\HILL\0.4bpp\stego\5038.pgm,1,train
${BOSSBASE_ROOT}\cover\9023.pgm,0,train
${BOSSBASE_ROOT}\cover\4286.pgm,0,train
${BOSSBASE_ROOT}\stego\HILL\0.4bpp\stego\2426.pgm,1,train
${BOSSBASE_ROOT}\stego\HILL\0.4bpp\stego\8570.pgm,1,train
${BOSSBASE_ROOT}\stego\HILL\0.4bpp\stego\9074.pgm,1,train
${BOSSBASE_ROOT}\cover\8221.pgm,0,train
${BOSSBASE_ROOT}\cover\9786.pgm,0,train
${BOSSBASE_ROOT}\stego\HILL\0.4bpp\stego\591.pgm,1,train
${BOSSBASE_ROOT}\cover\3856.pgm,0,train
${BOSSBASE_ROOT}\stego\HILL\0.4bpp\stego\3009.pgm,1,train
${BOSSBASE_ROOT}\stego\HILL\0.4bpp\stego\7072.pgm,1,train
${BOSSBASE_ROOT}\cover\5678.pgm,0,train
${BOSSBASE_ROOT}\cover\4998.pgm,0,train
${BOSSBASE_ROOT}\cover\9063.pgm,0,train
${BOSSBASE_ROOT}\cover\420.pgm,0,train
${BOSSBASE_ROOT}\cover\3220.pgm,0,train
${BOSSBASE_ROOT}\stego\HILL\0.4bpp\stego\1583.pgm,1,train
${BOSSBASE_ROOT}\stego\HILL\0.4bpp\stego\7237.pgm,1,train
${BOSSBASE_ROOT}\cover\9367.pgm,0,train
${BOSSBASE_ROOT}\cover\8536.pgm,0,train
${BOSSBASE_ROOT}\cover\5970.pgm,0,train
${BOSSBASE_ROOT}\stego\HILL\0.4bpp\stego\1290.pgm,1,train
${BOSSBASE_ROOT}\stego\HILL\0.4bpp\stego\1857.pgm,1,train
${BOSSBASE_ROOT}\stego\HILL\0.4bpp\stego\1768.pgm,1,train
${BOSSBASE_ROOT}\stego\HILL\0.4bpp\stego\4157.pgm,1,train
${BOSSBASE_ROOT}\cover\482.pgm,0,train
${BOSSBASE_ROOT}\cover\9086.pgm,0,train
${BOSSBASE_ROOT}\stego\HILL\0.4bpp\stego\6781.pgm,1,train
${BOSSBASE_ROOT}\cover\816.pgm,0,train
${BOSSBASE_ROOT}\cover\7769.pgm,0,train
${BOSSBASE_ROOT}\cover\800.pgm,0,train
${BOSSBASE_ROOT}\cover\785.pgm,0,train
${BOSSBASE_ROOT}\cover\3658.pgm,0,train
${BOSSBASE_ROOT}\cover\304.pgm,0,train
${BOSSBASE_ROOT}\cover\3486.pgm,0,train
${BOSSBASE_ROOT}\stego\HILL\0.4bpp\stego\9455.pgm,1,train
${BOSSBASE_ROOT}\cover\3777.pgm,0,train
${BOSSBASE_ROOT}\cover\4318.pgm,0,train
${BOSSBASE_ROOT}\stego\HILL\0.4bpp\stego\1931.pgm,1,train
${BOSSBASE_ROOT}\stego\HILL\0.4bpp\stego\9584.pgm,1,train
${BOSSBASE_ROOT}\stego\HILL\0.4bpp\stego\5206.pgm,1,train
${BOSSBASE_ROOT}\cover\415.pgm,0,train
${BOSSBASE_ROOT}\stego\HILL\0.4bpp\stego\9480.pgm,1,train
${BOSSBASE_ROOT}\stego\HILL\0.4bpp\stego\3231.pgm,1,train
${BOSSBASE_ROOT}\cover\5376.pgm,0,train
${BOSSBASE_ROOT}\stego\HILL\0.4bpp\stego\141.pgm,1,train
${BOSSBASE_ROOT}\stego\HILL\0.4bpp\stego\6819.pgm,1,train
${BOSSBASE_ROOT}\stego\HILL\0.4bpp\stego\8479.pgm,1,train
${BOSSBASE_ROOT}\stego\HILL\0.4bpp\stego\1792.pgm,1,train
${BOSSBASE_ROOT}\stego\HILL\0.4bpp\stego\6398.pgm,1,train
${BOSSBASE_ROOT}\stego\HILL\0.4bpp\stego\423.pgm,1,train
${BOSSBASE_ROOT}\stego\HILL\0.4bpp\stego\9563.pgm,1,train
${BOSSBASE_ROOT}\stego\HILL\0.4bpp\stego\7216.pgm,1,train
${BOSSBASE_ROOT}\stego\HILL\0.4bpp\stego\3811.pgm,1,train
${BOSSBASE_ROOT}\stego\HILL\0.4bpp\stego\8727.pgm,1,train
${BOSSBASE_ROOT}\stego\HILL\0.4bpp\stego\5394.pgm,1,train
${BOSSBASE_ROOT}\cover\5996.pgm,0,train
${BOSSBASE_ROOT}\cover\7347.pgm,0,train
${BOSSBASE_ROOT}\cover\3419.pgm,0,train
${BOSSBASE_ROOT}\cover\8856.pgm,0,train
${BOSSBASE_ROOT}\stego\HILL\0.4bpp\stego\1847.pgm,1,train
${BOSSBASE_ROOT}\cover\552.pgm,0,train
${BOSSBASE_ROOT}\stego\HILL\0.4bpp\stego\8332.pgm,1,train
${BOSSBASE_ROOT}\stego\HILL\0.4bpp\stego\989.pgm,1,train
${BOSSBASE_ROOT}\stego\HILL\0.4bpp\stego\6888.pgm,1,train
${BOSSBASE_ROOT}\stego\HILL\0.4bpp\stego\2039.pgm,1,train
${BOSSBASE_ROOT}\stego\HILL\0.4bpp\stego\7328.pgm,1,train
${BOSSBASE_ROOT}\cover\8202.pgm,0,train
${BOSSBASE_ROOT}\stego\HILL\0.4bpp\stego\9790.pgm,1,train
${BOSSBASE_ROOT}\stego\HILL\0.4bpp\stego\1031.pgm,1,train
${BOSSBASE_ROOT}\stego\HILL\0.4bpp\stego\1540.pgm,1,train
${BOSSBASE_ROOT}\stego\HILL\0.4bpp\stego\5972.pgm,1,train
${BOSSBASE_ROOT}\cover\8736.pgm,0,train
${BOSSBASE_ROOT}\stego\HILL\0.4bpp\stego\5089.pgm,1,train
${BOSSBASE_ROOT}\stego\HILL\0.4bpp\stego\6126.pgm,1,train
${BOSSBASE_ROOT}\stego\HILL\0.4bpp\stego\2381.pgm,1,train
${BOSSBASE_ROOT}\cover\565.pgm,0,train
${BOSSBASE_ROOT}\stego\HILL\0.4bpp\stego\1185.pgm,1,train
${BOSSBASE_ROOT}\stego\HILL\0.4bpp\stego\1803.pgm,1,train
${BOSSBASE_ROOT}\stego\HILL\0.4bpp\stego\2917.pgm,1,train
${BOSSBASE_ROOT}\stego\HILL\0.4bpp\stego\166.pgm,1,train
${BOSSBASE_ROOT}\stego\HILL\0.4bpp\stego\7581.pgm,1,train
${BOSSBASE_ROOT}\stego\HILL\0.4bpp\stego\441.pgm,1,train
${BOSSBASE_ROOT}\stego\HILL\0.4bpp\stego\3120.pgm,1,train
${BOSSBASE_ROOT}\stego\HILL\0.4bpp\stego\8073.pgm,1,train
${BOSSBASE_ROOT}\stego\HILL\0.4bpp\stego\6073.pgm,1,train
${BOSSBASE_ROOT}\stego\HILL\0.4bpp\stego\3314.pgm,1,train
${BOSSBASE_ROOT}\cover\75.pgm,0,train
${BOSSBASE_ROOT}\stego\HILL\0.4bpp\stego\858.pgm,1,train
${BOSSBASE_ROOT}\cover\6775.pgm,0,train
${BOSSBASE_ROOT}\cover\3056.pgm,0,train
${BOSSBASE_ROOT}\cover\5821.pgm,0,train
${BOSSBASE_ROOT}\cover\3729.pgm,0,train
${BOSSBASE_ROOT}\stego\HILL\0.4bpp\stego\9909.pgm,1,train
${BOSSBASE_ROOT}\stego\HILL\0.4bpp\stego\8463.pgm,1,train
${BOSSBASE_ROOT}\cover\1602.pgm,0,train
${BOSSBASE_ROOT}\stego\HILL\0.4bpp\stego\157.pgm,1,train
${BOSSBASE_ROOT}\cover\2385.pgm,0,train
${BOSSBASE_ROOT}\cover\3699.pgm,0,train
${BOSSBASE_ROOT}\cover\2188.pgm,0,train
${BOSSBASE_ROOT}\stego\HILL\0.4bpp\stego\1758.pgm,1,train
${BOSSBASE_ROOT}\cover\7224.pgm,0,train
${BOSSBASE_ROOT}\cover\4285.pgm,0,train
${BOSSBASE_ROOT}\cover\3494.pgm,0,train
${BOSSBASE_ROOT}\cover\5770.pgm,0,train
${BOSSBASE_ROOT}\stego\HILL\0.4bpp\stego\8386.pgm,1,train
${BOSSBASE_ROOT}\stego\HILL\0.4bpp\stego\9964.pgm,1,train
${BOSSBASE_ROOT}\cover\7924.pgm,0,train
${BOSSBASE_ROOT}\cover\7313.pgm,0,train
${BOSSBASE_ROOT}\stego\HILL\0.4bpp\stego\1125.pgm,1,train
${BOSSBASE_ROOT}\cover\7249.pgm,0,train
${BOSSBASE_ROOT}\cover\7554.pgm,0,train
${BOSSBASE_ROOT}\stego\HILL\0.4bpp\stego\7819.pgm,1,train
${BOSSBASE_ROOT}\cover\6522.pgm,0,train
${BOSSBASE_ROOT}\stego\HILL\0.4bpp\stego\1788.pgm,1,train
${BOSSBASE_ROOT}\cover\2911.pgm,0,train
${BOSSBASE_ROOT}\cover\9273.pgm,0,train
${BOSSBASE_ROOT}\stego\HILL\0.4bpp\stego\8096.pgm,1,train
${BOSSBASE_ROOT}\cover\3417.pgm,0,train
${BOSSBASE_ROOT}\stego\HILL\0.4bpp\stego\2897.pgm,1,train
${BOSSBASE_ROOT}\stego\HILL\0.4bpp\stego\4988.pgm,1,train
${BOSSBASE_ROOT}\stego\HILL\0.4bpp\stego\4873.pgm,1,train
${BOSSBASE_ROOT}\cover\3339.pgm,0,train
${BOSSBASE_ROOT}\stego\HILL\0.4bpp\stego\4720.pgm,1,train
${BOSSBASE_ROOT}\cover\2184.pgm,0,train
${BOSSBASE_ROOT}\stego\HILL\0.4bpp\stego\8385.pgm,1,train
${BOSSBASE_ROOT}\cover\7186.pgm,0,train
${BOSSBASE_ROOT}\stego\HILL\0.4bpp\stego\9699.pgm,1,train
${BOSSBASE_ROOT}\cover\7945.pgm,0,train
${BOSSBASE_ROOT}\cover\6507.pgm,0,train
${BOSSBASE_ROOT}\stego\HILL\0.4bpp\stego\4849.pgm,1,train
${BOSSBASE_ROOT}\cover\5645.pgm,0,train
${BOSSBASE_ROOT}\stego\HILL\0.4bpp\stego\6062.pgm,1,train
${BOSSBASE_ROOT}\stego\HILL\0.4bpp\stego\5130.pgm,1,train
${BOSSBASE_ROOT}\cover\2406.pgm,0,train
${BOSSBASE_ROOT}\stego\HILL\0.4bpp\stego\4827.pgm,1,train
${BOSSBASE_ROOT}\cover\8531.pgm,0,train
${BOSSBASE_ROOT}\cover\9090.pgm,0,train
${BOSSBASE_ROOT}\cover\5178.pgm,0,train
${BOSSBASE_ROOT}\cover\3755.pgm,0,train
${BOSSBASE_ROOT}\stego\HILL\0.4bpp\stego\4747.pgm,1,train
${BOSSBASE_ROOT}\cover\8619.pgm,0,train
${BOSSBASE_ROOT}\cover\3837.pgm,0,train
${BOSSBASE_ROOT}\cover\775.pgm,0,train
${BOSSBASE_ROOT}\cover\4023.pgm,0,train
${BOSSBASE_ROOT}\stego\HILL\0.4bpp\stego\9490.pgm,1,train
${BOSSBASE_ROOT}\stego\HILL\0.4bpp\stego\3891.pgm,1,train
${BOSSBASE_ROOT}\cover\1042.pgm,0,train
${BOSSBASE_ROOT}\cover\2607.pgm,0,train
${BOSSBASE_ROOT}\cover\5234.pgm,0,train
${BOSSBASE_ROOT}\cover\3453.pgm,0,train
${BOSSBASE_ROOT}\cover\9679.pgm,0,train
${BOSSBASE_ROOT}\stego\HILL\0.4bpp\stego\5956.pgm,1,train
${BOSSBASE_ROOT}\stego\HILL\0.4bpp\stego\7808.pgm,1,train
${BOSSBASE_ROOT}\cover\3967.pgm,0,train
${BOSSBASE_ROOT}\stego\HILL\0.4bpp\stego\4327.pgm,1,train
${BOSSBASE_ROOT}\stego\HILL\0.4bpp\stego\4031.pgm,1,train
${BOSSBASE_ROOT}\cover\7423.pgm,0,train
${BOSSBASE_ROOT}\cover\7086.pgm,0,train
${BOSSBASE_ROOT}\cover\7042.pgm,0,train
${BOSSBASE_ROOT}\stego\HILL\0.4bpp\stego\3150.pgm,1,train
${BOSSBASE_ROOT}\cover\9754.pgm,0,train
${BOSSBASE_ROOT}\stego\HILL\0.4bpp\stego\5139.pgm,1,train
${BOSSBASE_ROOT}\stego\HILL\0.4bpp\stego\3516.pgm,1,train
${BOSSBASE_ROOT}\cover\1574.pgm,0,train
${BOSSBASE_ROOT}\stego\HILL\0.4bpp\stego\2074.pgm,1,train
${BOSSBASE_ROOT}\stego\HILL\0.4bpp\stego\4071.pgm,1,train
${BOSSBASE_ROOT}\cover\6547.pgm,0,train
${BOSSBASE_ROOT}\cover\7240.pgm,0,train
${BOSSBASE_ROOT}\cover\7800.pgm,0,train
${BOSSBASE_ROOT}\stego\HILL\0.4bpp\stego\871.pgm,1,train
${BOSSBASE_ROOT}\stego\HILL\0.4bpp\stego\5158.pgm,1,train
${BOSSBASE_ROOT}\cover\3310.pgm,0,train
${BOSSBASE_ROOT}\stego\HILL\0.4bpp\stego\8215.pgm,1,train
${BOSSBASE_ROOT}\cover\9320.pgm,0,train
${BOSSBASE_ROOT}\stego\HILL\0.4bpp\stego\7590.pgm,1,train
${BOSSBASE_ROOT}\stego\HILL\0.4bpp\stego\5425.pgm,1,train
${BOSSBASE_ROOT}\stego\HILL\0.4bpp\stego\1579.pgm,1,train
${BOSSBASE_ROOT}\cover\8904.pgm,0,train
${BOSSBASE_ROOT}\cover\1298.pgm,0,train
${BOSSBASE_ROOT}\cover\414.pgm,0,train
${BOSSBASE_ROOT}\stego\HILL\0.4bpp\stego\3225.pgm,1,train
${BOSSBASE_ROOT}\cover\7104.pgm,0,train
${BOSSBASE_ROOT}\stego\HILL\0.4bpp\stego\3804.pgm,1,train
${BOSSBASE_ROOT}\stego\HILL\0.4bpp\stego\4702.pgm,1,train
${BOSSBASE_ROOT}\stego\HILL\0.4bpp\stego\2451.pgm,1,train
${BOSSBASE_ROOT}\stego\HILL\0.4bpp\stego\2450.pgm,1,train
${BOSSBASE_ROOT}\cover\9450.pgm,0,train
${BOSSBASE_ROOT}\cover\1679.pgm,0,train
${BOSSBASE_ROOT}\stego\HILL\0.4bpp\stego\7782.pgm,1,train
${BOSSBASE_ROOT}\stego\HILL\0.4bpp\stego\7632.pgm,1,train
${BOSSBASE_ROOT}\stego\HILL\0.4bpp\stego\475.pgm,1,train
${BOSSBASE_ROOT}\cover\4899.pgm,0,train
${BOSSBASE_ROOT}\cover\1475.pgm,0,train
${BOSSBASE_ROOT}\cover\1907.pgm,0,train
${BOSSBASE_ROOT}\cover\5627.pgm,0,train
${BOSSBASE_ROOT}\stego\HILL\0.4bpp\stego\2358.pgm,1,train
${BOSSBASE_ROOT}\cover\1732.pgm,0,train
${BOSSBASE_ROOT}\cover\9476.pgm,0,train
${BOSSBASE_ROOT}\stego\HILL\0.4bpp\stego\5021.pgm,1,train
${BOSSBASE_ROOT}\cover\6084.pgm,0,train
${BOSSBASE_ROOT}\cover\1781.pgm,0,train
${BOSSBASE_ROOT}\stego\HILL\0.4bpp\stego\7788.pgm,1,train
${BOSSBASE_ROOT}\cover\5646.pgm,0,train
${BOSSBASE_ROOT}\stego\HILL\0.4bpp\stego\4325.pgm,1,train
${BOSSBASE_ROOT}\cover\8277.pgm,0,train
${BOSSBASE_ROOT}\stego\HILL\0.4bpp\stego\3287.pgm,1,train
${BOSSBASE_ROOT}\stego\HILL\0.4bpp\stego\8769.pgm,1,train
${BOSSBASE_ROOT}\stego\HILL\0.4bpp\stego\1091.pgm,1,train
${BOSSBASE_ROOT}\stego\HILL\0.4bpp\stego\3779.pgm,1,train
${BOSSBASE_ROOT}\cover\6318.pgm,0,train
${BOSSBASE_ROOT}\stego\HILL\0.4bpp\stego\7059.pgm,1,train
${BOSSBASE_ROOT}\stego\HILL\0.4bpp\stego\2471.pgm,1,train
${BOSSBASE_ROOT}\cover\5518.pgm,0,train
${BOSSBASE_ROOT}\stego\HILL\0.4bpp\stego\5104.pgm,1,train
${BOSSBASE_ROOT}\cover\3561.pgm,0,train
${BOSSBASE_ROOT}\cover\6531.pgm,0,train
${BOSSBASE_ROOT}\cover\2781.pgm,0,train
${BOSSBASE_ROOT}\stego\HILL\0.4bpp\stego\8749.pgm,1,train
${BOSSBASE_ROOT}\cover\8084.pgm,0,train
${BOSSBASE_ROOT}\cover\7077.pgm,0,train
${BOSSBASE_ROOT}\stego\HILL\0.4bpp\stego\1377.pgm,1,train
${BOSSBASE_ROOT}\cover\5772.pgm,0,train
${BOSSBASE_ROOT}\stego\HILL\0.4bpp\stego\2878.pgm,1,train
${BOSSBASE_ROOT}\cover\3214.pgm,0,train
${BOSSBASE_ROOT}\stego\HILL\0.4bpp\stego\4581.pgm,1,train
${BOSSBASE_ROOT}\cover\5100.pgm,0,train
${BOSSBASE_ROOT}\cover\2903.pgm,0,train
${BOSSBASE_ROOT}\cover\2969.pgm,0,train
${BOSSBASE_ROOT}\cover\8776.pgm,0,train
${BOSSBASE_ROOT}\cover\1829.pgm,0,train
${BOSSBASE_ROOT}\cover\7710.pgm,0,train
${BOSSBASE_ROOT}\cover\5940.pgm,0,train
${BOSSBASE_ROOT}\cover\9564.pgm,0,train
${BOSSBASE_ROOT}\stego\HILL\0.4bpp\stego\6659.pgm,1,train
${BOSSBASE_ROOT}\stego\HILL\0.4bpp\stego\1916.pgm,1,train
${BOSSBASE_ROOT}\stego\HILL\0.4bpp\stego\2868.pgm,1,train
${BOSSBASE_ROOT}\stego\HILL\0.4bpp\stego\5253.pgm,1,train
${BOSSBASE_ROOT}\stego\HILL\0.4bpp\stego\5971.pgm,1,train
${BOSSBASE_ROOT}\stego\HILL\0.4bpp\stego\2832.pgm,1,train
${BOSSBASE_ROOT}\stego\HILL\0.4bpp\stego\904.pgm,1,train
${BOSSBASE_ROOT}\stego\HILL\0.4bpp\stego\5539.pgm,1,train
${BOSSBASE_ROOT}\cover\7685.pgm,0,train
${BOSSBASE_ROOT}\stego\HILL\0.4bpp\stego\3604.pgm,1,train
${BOSSBASE_ROOT}\stego\HILL\0.4bpp\stego\1735.pgm,1,train
${BOSSBASE_ROOT}\stego\HILL\0.4bpp\stego\1456.pgm,1,train
${BOSSBASE_ROOT}\stego\HILL\0.4bpp\stego\4338.pgm,1,train
${BOSSBASE_ROOT}\stego\HILL\0.4bpp\stego\5226.pgm,1,train
${BOSSBASE_ROOT}\stego\HILL\0.4bpp\stego\995.pgm,1,train
${BOSSBASE_ROOT}\stego\HILL\0.4bpp\stego\9850.pgm,1,train
${BOSSBASE_ROOT}\stego\HILL\0.4bpp\stego\5610.pgm,1,train
${BOSSBASE_ROOT}\cover\4898.pgm,0,train
${BOSSBASE_ROOT}\stego\HILL\0.4bpp\stego\5375.pgm,1,train
${BOSSBASE_ROOT}\cover\1137.pgm,0,train
${BOSSBASE_ROOT}\cover\5208.pgm,0,train
${BOSSBASE_ROOT}\cover\3424.pgm,0,train
${BOSSBASE_ROOT}\stego\HILL\0.4bpp\stego\2213.pgm,1,train
${BOSSBASE_ROOT}\cover\9343.pgm,0,train
${BOSSBASE_ROOT}\cover\5454.pgm,0,train
${BOSSBASE_ROOT}\stego\HILL\0.4bpp\stego\6384.pgm,1,train
${BOSSBASE_ROOT}\stego\HILL\0.4bpp\stego\2843.pgm,1,train
${BOSSBASE_ROOT}\stego\HILL\0.4bpp\stego\6035.pgm,1,train
${BOSSBASE_ROOT}\cover\3908.pgm,0,train
${BOSSBASE_ROOT}\cover\7779.pgm,0,train
${BOSSBASE_ROOT}\stego\HILL\0.4bpp\stego\4320.pgm,1,train
${BOSSBASE_ROOT}\cover\4582.pgm,0,train
${BOSSBASE_ROOT}\stego\HILL\0.4bpp\stego\7048.pgm,1,train
${BOSSBASE_ROOT}\cover\301.pgm,0,train
${BOSSBASE_ROOT}\cover\3943.pgm,0,train
${BOSSBASE_ROOT}\cover\6704.pgm,0,train
${BOSSBASE_ROOT}\stego\HILL\0.4bpp\stego\3740.pgm,1,train
${BOSSBASE_ROOT}\stego\HILL\0.4bpp\stego\3050.pgm,1,train
${BOSSBASE_ROOT}\stego\HILL\0.4bpp\stego\7847.pgm,1,train
${BOSSBASE_ROOT}\stego\HILL\0.4bpp\stego\4972.pgm,1,train
${BOSSBASE_ROOT}\stego\HILL\0.4bpp\stego\113.pgm,1,train
${BOSSBASE_ROOT}\stego\HILL\0.4bpp\stego\2709.pgm,1,train
${BOSSBASE_ROOT}\cover\3970.pgm,0,train
${BOSSBASE_ROOT}\cover\2364.pgm,0,train
${BOSSBASE_ROOT}\stego\HILL\0.4bpp\stego\5672.pgm,1,train
${BOSSBASE_ROOT}\stego\HILL\0.4bpp\stego\5372.pgm,1,train
${BOSSBASE_ROOT}\stego\HILL\0.4bpp\stego\284.pgm,1,train
${BOSSBASE_ROOT}\cover\7157.pgm,0,train
${BOSSBASE_ROOT}\cover\2261.pgm,0,train
${BOSSBASE_ROOT}\cover\220.pgm,0,train
${BOSSBASE_ROOT}\stego\HILL\0.4bpp\stego\1487.pgm,1,train
${BOSSBASE_ROOT}\stego\HILL\0.4bpp\stego\3651.pgm,1,train
${BOSSBASE_ROOT}\stego\HILL\0.4bpp\stego\3372.pgm,1,train
${BOSSBASE_ROOT}\cover\2932.pgm,0,train
${BOSSBASE_ROOT}\stego\HILL\0.4bpp\stego\7570.pgm,1,train
${BOSSBASE_ROOT}\stego\HILL\0.4bpp\stego\849.pgm,1,train
${BOSSBASE_ROOT}\cover\6167.pgm,0,train
${BOSSBASE_ROOT}\cover\5702.pgm,0,train
${BOSSBASE_ROOT}\stego\HILL\0.4bpp\stego\5841.pgm,1,train
${BOSSBASE_ROOT}\stego\HILL\0.4bpp\stego\9781.pgm,1,train
${BOSSBASE_ROOT}\cover\5270.pgm,0,train
${BOSSBASE_ROOT}\stego\HILL\0.4bpp\stego\354.pgm,1,train
${BOSSBASE_ROOT}\cover\6279.pgm,0,train
${BOSSBASE_ROOT}\stego\HILL\0.4bpp\stego\4487.pgm,1,train
${BOSSBASE_ROOT}\cover\4320.pgm,0,train
${BOSSBASE_ROOT}\stego\HILL\0.4bpp\stego\3761.pgm,1,train
${BOSSBASE_ROOT}\stego\HILL\0.4bpp\stego\6365.pgm,1,train
${BOSSBASE_ROOT}\cover\9606.pgm,0,train
${BOSSBASE_ROOT}\stego\HILL\0.4bpp\stego\1479.pgm,1,train
${BOSSBASE_ROOT}\stego\HILL\0.4bpp\stego\2338.pgm,1,train
${BOSSBASE_ROOT}\cover\8049.pgm,0,train
${BOSSBASE_ROOT}\cover\5629.pgm,0,train
${BOSSBASE_ROOT}\cover\4520.pgm,0,train
${BOSSBASE_ROOT}\cover\2435.pgm,0,train
${BOSSBASE_ROOT}\cover\8873.pgm,0,train
${BOSSBASE_ROOT}\cover\7572.pgm,0,train
${BOSSBASE_ROOT}\stego\HILL\0.4bpp\stego\6551.pgm,1,train
${BOSSBASE_ROOT}\cover\9578.pgm,0,train
${BOSSBASE_ROOT}\cover\5333.pgm,0,train
${BOSSBASE_ROOT}\stego\HILL\0.4bpp\stego\3637.pgm,1,train
${BOSSBASE_ROOT}\stego\HILL\0.4bpp\stego\3160.pgm,1,train
${BOSSBASE_ROOT}\stego\HILL\0.4bpp\stego\259.pgm,1,train
${BOSSBASE_ROOT}\cover\3687.pgm,0,train
${BOSSBASE_ROOT}\cover\7604.pgm,0,train
${BOSSBASE_ROOT}\cover\261.pgm,0,train
${BOSSBASE_ROOT}\stego\HILL\0.4bpp\stego\7774.pgm,1,train
${BOSSBASE_ROOT}\cover\4465.pgm,0,train
${BOSSBASE_ROOT}\stego\HILL\0.4bpp\stego\5289.pgm,1,train
${BOSSBASE_ROOT}\stego\HILL\0.4bpp\stego\6060.pgm,1,train
${BOSSBASE_ROOT}\cover\223.pgm,0,train
${BOSSBASE_ROOT}\stego\HILL\0.4bpp\stego\5284.pgm,1,train
${BOSSBASE_ROOT}\cover\2452.pgm,0,train
${BOSSBASE_ROOT}\cover\5427.pgm,0,train
${BOSSBASE_ROOT}\stego\HILL\0.4bpp\stego\4201.pgm,1,train
${BOSSBASE_ROOT}\cover\4229.pgm,0,train
${BOSSBASE_ROOT}\cover\7230.pgm,0,train
${BOSSBASE_ROOT}\cover\5065.pgm,0,train
${BOSSBASE_ROOT}\cover\7267.pgm,0,train
${BOSSBASE_ROOT}\stego\HILL\0.4bpp\stego\2627.pgm,1,train
${BOSSBASE_ROOT}\stego\HILL\0.4bpp\stego\5350.pgm,1,train
${BOSSBASE_ROOT}\cover\5189.pgm,0,train
${BOSSBASE_ROOT}\cover\1072.pgm,0,train
${BOSSBASE_ROOT}\stego\HILL\0.4bpp\stego\5315.pgm,1,train
${BOSSBASE_ROOT}\cover\6552.pgm,0,train
${BOSSBASE_ROOT}\cover\6124.pgm,0,train
${BOSSBASE_ROOT}\stego\HILL\0.4bpp\stego\6816.pgm,1,train
${BOSSBASE_ROOT}\cover\5235.pgm,0,train
${BOSSBASE_ROOT}\stego\HILL\0.4bpp\stego\9877.pgm,1,train
${BOSSBASE_ROOT}\stego\HILL\0.4bpp\stego\3404.pgm,1,train
${BOSSBASE_ROOT}\cover\7340.pgm,0,train
${BOSSBASE_ROOT}\cover\9996.pgm,0,train
${BOSSBASE_ROOT}\cover\3031.pgm,0,train
${BOSSBASE_ROOT}\stego\HILL\0.4bpp\stego\7460.pgm,1,train
${BOSSBASE_ROOT}\stego\HILL\0.4bpp\stego\4749.pgm,1,train
${BOSSBASE_ROOT}\cover\9779.pgm,0,train
${BOSSBASE_ROOT}\cover\782.pgm,0,train
${BOSSBASE_ROOT}\cover\7448.pgm,0,train
${BOSSBASE_ROOT}\cover\3199.pgm,0,train
${BOSSBASE_ROOT}\cover\6380.pgm,0,train
${BOSSBASE_ROOT}\stego\HILL\0.4bpp\stego\4920.pgm,1,train
${BOSSBASE_ROOT}\stego\HILL\0.4bpp\stego\4387.pgm,1,train
${BOSSBASE_ROOT}\cover\5443.pgm,0,train
${BOSSBASE_ROOT}\cover\8714.pgm,0,train
${BOSSBASE_ROOT}\stego\HILL\0.4bpp\stego\7923.pgm,1,train
${BOSSBASE_ROOT}\cover\2235.pgm,0,train
${BOSSBASE_ROOT}\stego\HILL\0.4bpp\stego\9331.pgm,1,train
${BOSSBASE_ROOT}\cover\7462.pgm,0,train
${BOSSBASE_ROOT}\cover\9265.pgm,0,train
${BOSSBASE_ROOT}\stego\HILL\0.4bpp\stego\1485.pgm,1,train
${BOSSBASE_ROOT}\cover\8642.pgm,0,train
${BOSSBASE_ROOT}\stego\HILL\0.4bpp\stego\5318.pgm,1,train
${BOSSBASE_ROOT}\stego\HILL\0.4bpp\stego\4980.pgm,1,train
${BOSSBASE_ROOT}\cover\16.pgm,0,train
${BOSSBASE_ROOT}\cover\3482.pgm,0,train
${BOSSBASE_ROOT}\cover\5335.pgm,0,train
${BOSSBASE_ROOT}\cover\2331.pgm,0,train
${BOSSBASE_ROOT}\stego\HILL\0.4bpp\stego\5001.pgm,1,train
${BOSSBASE_ROOT}\stego\HILL\0.4bpp\stego\1587.pgm,1,train
${BOSSBASE_ROOT}\stego\HILL\0.4bpp\stego\295.pgm,1,train
${BOSSBASE_ROOT}\stego\HILL\0.4bpp\stego\4339.pgm,1,train
${BOSSBASE_ROOT}\stego\HILL\0.4bpp\stego\2587.pgm,1,train
${BOSSBASE_ROOT}\cover\5755.pgm,0,train
${BOSSBASE_ROOT}\stego\HILL\0.4bpp\stego\7200.pgm,1,train
${BOSSBASE_ROOT}\stego\HILL\0.4bpp\stego\6366.pgm,1,train
${BOSSBASE_ROOT}\stego\HILL\0.4bpp\stego\5561.pgm,1,train
${BOSSBASE_ROOT}\stego\HILL\0.4bpp\stego\5327.pgm,1,train
${BOSSBASE_ROOT}\stego\HILL\0.4bpp\stego\1790.pgm,1,train
${BOSSBASE_ROOT}\stego\HILL\0.4bpp\stego\7346.pgm,1,train
${BOSSBASE_ROOT}\cover\4792.pgm,0,train
${BOSSBASE_ROOT}\cover\2433.pgm,0,train
${BOSSBASE_ROOT}\stego\HILL\0.4bpp\stego\3900.pgm,1,train
${BOSSBASE_ROOT}\stego\HILL\0.4bpp\stego\7414.pgm,1,train
${BOSSBASE_ROOT}\cover\3371.pgm,0,train
${BOSSBASE_ROOT}\stego\HILL\0.4bpp\stego\9975.pgm,1,train
${BOSSBASE_ROOT}\stego\HILL\0.4bpp\stego\1020.pgm,1,train
${BOSSBASE_ROOT}\stego\HILL\0.4bpp\stego\507.pgm,1,train
${BOSSBASE_ROOT}\cover\7509.pgm,0,train
${BOSSBASE_ROOT}\cover\8152.pgm,0,train
${BOSSBASE_ROOT}\stego\HILL\0.4bpp\stego\8776.pgm,1,train
${BOSSBASE_ROOT}\cover\5114.pgm,0,train
${BOSSBASE_ROOT}\cover\1799.pgm,0,train
${BOSSBASE_ROOT}\cover\1576.pgm,0,train
${BOSSBASE_ROOT}\stego\HILL\0.4bpp\stego\5400.pgm,1,train
${BOSSBASE_ROOT}\stego\HILL\0.4bpp\stego\4106.pgm,1,train
${BOSSBASE_ROOT}\stego\HILL\0.4bpp\stego\7117.pgm,1,train
${BOSSBASE_ROOT}\cover\199.pgm,0,train
${BOSSBASE_ROOT}\stego\HILL\0.4bpp\stego\4792.pgm,1,train
${BOSSBASE_ROOT}\stego\HILL\0.4bpp\stego\57.pgm,1,train
${BOSSBASE_ROOT}\cover\4031.pgm,0,train
${BOSSBASE_ROOT}\cover\7344.pgm,0,train
${BOSSBASE_ROOT}\stego\HILL\0.4bpp\stego\3393.pgm,1,train
${BOSSBASE_ROOT}\stego\HILL\0.4bpp\stego\240.pgm,1,train
${BOSSBASE_ROOT}\stego\HILL\0.4bpp\stego\646.pgm,1,train
${BOSSBASE_ROOT}\stego\HILL\0.4bpp\stego\5214.pgm,1,train
${BOSSBASE_ROOT}\stego\HILL\0.4bpp\stego\8014.pgm,1,train
${BOSSBASE_ROOT}\cover\1588.pgm,0,train
${BOSSBASE_ROOT}\stego\HILL\0.4bpp\stego\3024.pgm,1,train
${BOSSBASE_ROOT}\cover\5867.pgm,0,train
${BOSSBASE_ROOT}\cover\1614.pgm,0,train
${BOSSBASE_ROOT}\cover\9409.pgm,0,train
${BOSSBASE_ROOT}\stego\HILL\0.4bpp\stego\4943.pgm,1,train
${BOSSBASE_ROOT}\stego\HILL\0.4bpp\stego\1690.pgm,1,train
${BOSSBASE_ROOT}\stego\HILL\0.4bpp\stego\4159.pgm,1,train
${BOSSBASE_ROOT}\stego\HILL\0.4bpp\stego\2637.pgm,1,train
${BOSSBASE_ROOT}\stego\HILL\0.4bpp\stego\973.pgm,1,train
${BOSSBASE_ROOT}\cover\5921.pgm,0,train
${BOSSBASE_ROOT}\stego\HILL\0.4bpp\stego\4227.pgm,1,train
${BOSSBASE_ROOT}\cover\8644.pgm,0,train
${BOSSBASE_ROOT}\cover\9056.pgm,0,train
${BOSSBASE_ROOT}\cover\1435.pgm,0,train
${BOSSBASE_ROOT}\cover\8026.pgm,0,train
${BOSSBASE_ROOT}\stego\HILL\0.4bpp\stego\1987.pgm,1,train
${BOSSBASE_ROOT}\cover\9715.pgm,0,train
${BOSSBASE_ROOT}\cover\9834.pgm,0,train
${BOSSBASE_ROOT}\stego\HILL\0.4bpp\stego\6743.pgm,1,train
${BOSSBASE_ROOT}\stego\HILL\0.4bpp\stego\3135.pgm,1,train
${BOSSBASE_ROOT}\stego\HILL\0.4bpp\stego\7981.pgm,1,train
${BOSSBASE_ROOT}\cover\2603.pgm,0,train
${BOSSBASE_ROOT}\cover\2374.pgm,0,train
${BOSSBASE_ROOT}\stego\HILL\0.4bpp\stego\9279.pgm,1,train
${BOSSBASE_ROOT}\stego\HILL\0.4bpp\stego\3159.pgm,1,train
${BOSSBASE_ROOT}\cover\7752.pgm,0,train
${BOSSBASE_ROOT}\cover\7809.pgm,0,train
${BOSSBASE_ROOT}\stego\HILL\0.4bpp\stego\6230.pgm,1,train
${BOSSBASE_ROOT}\stego\HILL\0.4bpp\stego\9183.pgm,1,train
${BOSSBASE_ROOT}\stego\HILL\0.4bpp\stego\142.pgm,1,train
${BOSSBASE_ROOT}\cover\8950.pgm,0,train
${BOSSBASE_ROOT}\stego\HILL\0.4bpp\stego\9313.pgm,1,train
${BOSSBASE_ROOT}\stego\HILL\0.4bpp\stego\8804.pgm,1,train
${BOSSBASE_ROOT}\cover\9682.pgm,0,train
${BOSSBASE_ROOT}\stego\HILL\0.4bpp\stego\6799.pgm,1,train
${BOSSBASE_ROOT}\stego\HILL\0.4bpp\stego\5264.pgm,1,train
${BOSSBASE_ROOT}\cover\1657.pgm,0,train
${BOSSBASE_ROOT}\cover\9323.pgm,0,train
${BOSSBASE_ROOT}\stego\HILL\0.4bpp\stego\3078.pgm,1,train
${BOSSBASE_ROOT}\stego\HILL\0.4bpp\stego\4949.pgm,1,train
${BOSSBASE_ROOT}\cover\9718.pgm,0,train
${BOSSBASE_ROOT}\cover\7012.pgm,0,train
${BOSSBASE_ROOT}\stego\HILL\0.4bpp\stego\3570.pgm,1,train
${BOSSBASE_ROOT}\cover\9361.pgm,0,train
${BOSSBASE_ROOT}\cover\1424.pgm,0,train
${BOSSBASE_ROOT}\stego\HILL\0.4bpp\stego\1029.pgm,1,train
${BOSSBASE_ROOT}\stego\HILL\0.4bpp\stego\1348.pgm,1,train
${BOSSBASE_ROOT}\cover\6850.pgm,0,train
${BOSSBASE_ROOT}\cover\3500.pgm,0,train
${BOSSBASE_ROOT}\stego\HILL\0.4bpp\stego\3344.pgm,1,train
${BOSSBASE_ROOT}\cover\2022.pgm,0,train
${BOSSBASE_ROOT}\stego\HILL\0.4bpp\stego\360.pgm,1,train
${BOSSBASE_ROOT}\stego\HILL\0.4bpp\stego\1081.pgm,1,train
${BOSSBASE_ROOT}\stego\HILL\0.4bpp\stego\4126.pgm,1,train
${BOSSBASE_ROOT}\cover\4665.pgm,0,train
${BOSSBASE_ROOT}\stego\HILL\0.4bpp\stego\9152.pgm,1,train
${BOSSBASE_ROOT}\stego\HILL\0.4bpp\stego\5349.pgm,1,train
${BOSSBASE_ROOT}\cover\9610.pgm,0,train
${BOSSBASE_ROOT}\stego\HILL\0.4bpp\stego\2045.pgm,1,train
${BOSSBASE_ROOT}\stego\HILL\0.4bpp\stego\9148.pgm,1,train
${BOSSBASE_ROOT}\cover\4335.pgm,0,train
${BOSSBASE_ROOT}\cover\382.pgm,0,train
${BOSSBASE_ROOT}\stego\HILL\0.4bpp\stego\469.pgm,1,train
${BOSSBASE_ROOT}\stego\HILL\0.4bpp\stego\6818.pgm,1,train
${BOSSBASE_ROOT}\stego\HILL\0.4bpp\stego\7150.pgm,1,train
${BOSSBASE_ROOT}\cover\6009.pgm,0,train
${BOSSBASE_ROOT}\cover\1111.pgm,0,train
${BOSSBASE_ROOT}\stego\HILL\0.4bpp\stego\513.pgm,1,train
${BOSSBASE_ROOT}\cover\4734.pgm,0,train
${BOSSBASE_ROOT}\stego\HILL\0.4bpp\stego\8245.pgm,1,train
${BOSSBASE_ROOT}\stego\HILL\0.4bpp\stego\7874.pgm,1,train
${BOSSBASE_ROOT}\cover\3926.pgm,0,train
${BOSSBASE_ROOT}\stego\HILL\0.4bpp\stego\1596.pgm,1,train
${BOSSBASE_ROOT}\cover\1342.pgm,0,train
${BOSSBASE_ROOT}\stego\HILL\0.4bpp\stego\5997.pgm,1,train
${BOSSBASE_ROOT}\stego\HILL\0.4bpp\stego\2568.pgm,1,train
${BOSSBASE_ROOT}\cover\5748.pgm,0,train
${BOSSBASE_ROOT}\cover\3261.pgm,0,train
${BOSSBASE_ROOT}\stego\HILL\0.4bpp\stego\2258.pgm,1,train
${BOSSBASE_ROOT}\stego\HILL\0.4bpp\stego\9907.pgm,1,train
${BOSSBASE_ROOT}\cover\8128.pgm,0,train
${BOSSBASE_ROOT}\cover\5241.pgm,0,train
${BOSSBASE_ROOT}\stego\HILL\0.4bpp\stego\7545.pgm,1,train
${BOSSBASE_ROOT}\stego\HILL\0.4bpp\stego\2801.pgm,1,train
${BOSSBASE_ROOT}\stego\HILL\0.4bpp\stego\1411.pgm,1,train
${BOSSBASE_ROOT}\cover\1040.pgm,0,train
${BOSSBASE_ROOT}\cover\8311.pgm,0,train
${BOSSBASE_ROOT}\stego\HILL\0.4bpp\stego\8019.pgm,1,train
${BOSSBASE_ROOT}\cover\4788.pgm,0,train
${BOSSBASE_ROOT}\cover\3568.pgm,0,train
${BOSSBASE_ROOT}\stego\HILL\0.4bpp\stego\618.pgm,1,train
${BOSSBASE_ROOT}\stego\HILL\0.4bpp\stego\1494.pgm,1,train
${BOSSBASE_ROOT}\cover\2409.pgm,0,train
${BOSSBASE_ROOT}\cover\970.pgm,0,train
${BOSSBASE_ROOT}\stego\HILL\0.4bpp\stego\2346.pgm,1,train
${BOSSBASE_ROOT}\cover\2553.pgm,0,train
${BOSSBASE_ROOT}\stego\HILL\0.4bpp\stego\6466.pgm,1,train
${BOSSBASE_ROOT}\stego\HILL\0.4bpp\stego\3966.pgm,1,train
${BOSSBASE_ROOT}\cover\8964.pgm,0,train
${BOSSBASE_ROOT}\stego\HILL\0.4bpp\stego\6756.pgm,1,train
${BOSSBASE_ROOT}\stego\HILL\0.4bpp\stego\8153.pgm,1,train
${BOSSBASE_ROOT}\stego\HILL\0.4bpp\stego\6921.pgm,1,train
${BOSSBASE_ROOT}\cover\2033.pgm,0,train
${BOSSBASE_ROOT}\stego\HILL\0.4bpp\stego\771.pgm,1,train
${BOSSBASE_ROOT}\cover\7194.pgm,0,train
${BOSSBASE_ROOT}\cover\4455.pgm,0,train
${BOSSBASE_ROOT}\stego\HILL\0.4bpp\stego\7103.pgm,1,train
${BOSSBASE_ROOT}\cover\872.pgm,0,train
${BOSSBASE_ROOT}\cover\9366.pgm,0,train
${BOSSBASE_ROOT}\cover\1580.pgm,0,train
${BOSSBASE_ROOT}\cover\6235.pgm,0,train
${BOSSBASE_ROOT}\stego\HILL\0.4bpp\stego\8780.pgm,1,train
${BOSSBASE_ROOT}\stego\HILL\0.4bpp\stego\6940.pgm,1,train
${BOSSBASE_ROOT}\stego\HILL\0.4bpp\stego\3653.pgm,1,train
${BOSSBASE_ROOT}\cover\1590.pgm,0,train
${BOSSBASE_ROOT}\stego\HILL\0.4bpp\stego\5483.pgm,1,train
${BOSSBASE_ROOT}\cover\830.pgm,0,train
${BOSSBASE_ROOT}\cover\5928.pgm,0,train
${BOSSBASE_ROOT}\cover\1182.pgm,0,train
${BOSSBASE_ROOT}\cover\6892.pgm,0,train
${BOSSBASE_ROOT}\cover\1224.pgm,0,train
${BOSSBASE_ROOT}\stego\HILL\0.4bpp\stego\8111.pgm,1,train
${BOSSBASE_ROOT}\stego\HILL\0.4bpp\stego\1539.pgm,1,train
${BOSSBASE_ROOT}\cover\2052.pgm,0,train
${BOSSBASE_ROOT}\stego\HILL\0.4bpp\stego\7116.pgm,1,train
${BOSSBASE_ROOT}\cover\4026.pgm,0,train
${BOSSBASE_ROOT}\stego\HILL\0.4bpp\stego\2225.pgm,1,train
${BOSSBASE_ROOT}\cover\6610.pgm,0,train
${BOSSBASE_ROOT}\stego\HILL\0.4bpp\stego\4078.pgm,1,train
${BOSSBASE_ROOT}\stego\HILL\0.4bpp\stego\7671.pgm,1,train
${BOSSBASE_ROOT}\cover\2668.pgm,0,train
${BOSSBASE_ROOT}\stego\HILL\0.4bpp\stego\7926.pgm,1,train
${BOSSBASE_ROOT}\cover\9720.pgm,0,train
${BOSSBASE_ROOT}\stego\HILL\0.4bpp\stego\8262.pgm,1,train
${BOSSBASE_ROOT}\stego\HILL\0.4bpp\stego\6328.pgm,1,train
${BOSSBASE_ROOT}\cover\9641.pgm,0,train
${BOSSBASE_ROOT}\cover\8707.pgm,0,train
${BOSSBASE_ROOT}\cover\6236.pgm,0,train
${BOSSBASE_ROOT}\stego\HILL\0.4bpp\stego\1597.pgm,1,train
${BOSSBASE_ROOT}\cover\9575.pgm,0,train
${BOSSBASE_ROOT}\cover\8416.pgm,0,train
${BOSSBASE_ROOT}\stego\HILL\0.4bpp\stego\2014.pgm,1,train
${BOSSBASE_ROOT}\stego\HILL\0.4bpp\stego\2655.pgm,1,train
${BOSSBASE_ROOT}\cover\4492.pgm,0,train
${BOSSBASE_ROOT}\stego\HILL\0.4bpp\stego\7725.pgm,1,train
${BOSSBASE_ROOT}\cover\1956.pgm,0,train
${BOSSBASE_ROOT}\stego\HILL\0.4bpp\stego\7567.pgm,1,train
${BOSSBASE_ROOT}\cover\4072.pgm,0,train
${BOSSBASE_ROOT}\cover\7386.pgm,0,train
${BOSSBASE_ROOT}\stego\HILL\0.4bpp\stego\2537.pgm,1,train
${BOSSBASE_ROOT}\cover\2688.pgm,0,train
${BOSSBASE_ROOT}\cover\7934.pgm,0,train
${BOSSBASE_ROOT}\cover\1596.pgm,0,train
${BOSSBASE_ROOT}\stego\HILL\0.4bpp\stego\8922.pgm,1,train
${BOSSBASE_ROOT}\stego\HILL\0.4bpp\stego\5415.pgm,1,train
${BOSSBASE_ROOT}\stego\HILL\0.4bpp\stego\6314.pgm,1,train
${BOSSBASE_ROOT}\stego\HILL\0.4bpp\stego\6801.pgm,1,train
${BOSSBASE_ROOT}\stego\HILL\0.4bpp\stego\2686.pgm,1,train
${BOSSBASE_ROOT}\stego\HILL\0.4bpp\stego\4298.pgm,1,train
${BOSSBASE_ROOT}\cover\2615.pgm,0,train
${BOSSBASE_ROOT}\stego\HILL\0.4bpp\stego\7389.pgm,1,train
${BOSSBASE_ROOT}\cover\1984.pgm,0,train
${BOSSBASE_ROOT}\stego\HILL\0.4bpp\stego\7107.pgm,1,train
${BOSSBASE_ROOT}\cover\8770.pgm,0,train
${BOSSBASE_ROOT}\cover\5070.pgm,0,train
${BOSSBASE_ROOT}\stego\HILL\0.4bpp\stego\3373.pgm,1,train
${BOSSBASE_ROOT}\cover\9970.pgm,0,train
${BOSSBASE_ROOT}\stego\HILL\0.4bpp\stego\6895.pgm,1,train
${BOSSBASE_ROOT}\stego\HILL\0.4bpp\stego\1505.pgm,1,train
${BOSSBASE_ROOT}\stego\HILL\0.4bpp\stego\8216.pgm,1,train
${BOSSBASE_ROOT}\stego\HILL\0.4bpp\stego\9236.pgm,1,train
${BOSSBASE_ROOT}\cover\6740.pgm,0,train
${BOSSBASE_ROOT}\stego\HILL\0.4bpp\stego\7704.pgm,1,train
${BOSSBASE_ROOT}\cover\236.pgm,0,train
${BOSSBASE_ROOT}\cover\9953.pgm,0,train
${BOSSBASE_ROOT}\cover\1329.pgm,0,train
${BOSSBASE_ROOT}\cover\1736.pgm,0,train
${BOSSBASE_ROOT}\cover\5639.pgm,0,train
${BOSSBASE_ROOT}\cover\364.pgm,0,train
${BOSSBASE_ROOT}\cover\7729.pgm,0,train
${BOSSBASE_ROOT}\cover\9097.pgm,0,train
${BOSSBASE_ROOT}\stego\HILL\0.4bpp\stego\294.pgm,1,train
${BOSSBASE_ROOT}\stego\HILL\0.4bpp\stego\7120.pgm,1,train
${BOSSBASE_ROOT}\stego\HILL\0.4bpp\stego\1351.pgm,1,train
${BOSSBASE_ROOT}\stego\HILL\0.4bpp\stego\1902.pgm,1,train
${BOSSBASE_ROOT}\stego\HILL\0.4bpp\stego\8911.pgm,1,train
${BOSSBASE_ROOT}\stego\HILL\0.4bpp\stego\2035.pgm,1,train
${BOSSBASE_ROOT}\cover\2945.pgm,0,train
${BOSSBASE_ROOT}\cover\4668.pgm,0,train
${BOSSBASE_ROOT}\cover\562.pgm,0,train
${BOSSBASE_ROOT}\cover\9137.pgm,0,train
${BOSSBASE_ROOT}\stego\HILL\0.4bpp\stego\3020.pgm,1,train
${BOSSBASE_ROOT}\cover\1980.pgm,0,train
${BOSSBASE_ROOT}\cover\8595.pgm,0,train
${BOSSBASE_ROOT}\stego\HILL\0.4bpp\stego\7988.pgm,1,train
${BOSSBASE_ROOT}\stego\HILL\0.4bpp\stego\5406.pgm,1,train
${BOSSBASE_ROOT}\cover\3622.pgm,0,train
${BOSSBASE_ROOT}\stego\HILL\0.4bpp\stego\1362.pgm,1,train
${BOSSBASE_ROOT}\cover\1540.pgm,0,train
${BOSSBASE_ROOT}\cover\4120.pgm,0,train
${BOSSBASE_ROOT}\stego\HILL\0.4bpp\stego\6598.pgm,1,train
${BOSSBASE_ROOT}\stego\HILL\0.4bpp\stego\5988.pgm,1,train
${BOSSBASE_ROOT}\stego\HILL\0.4bpp\stego\870.pgm,1,train
${BOSSBASE_ROOT}\cover\3638.pgm,0,train
${BOSSBASE_ROOT}\cover\2956.pgm,0,train
${BOSSBASE_ROOT}\stego\HILL\0.4bpp\stego\1905.pgm,1,train
${BOSSBASE_ROOT}\cover\3437.pgm,0,train
${BOSSBASE_ROOT}\stego\HILL\0.4bpp\stego\6213.pgm,1,train
${BOSSBASE_ROOT}\stego\HILL\0.4bpp\stego\2560.pgm,1,train
${BOSSBASE_ROOT}\stego\HILL\0.4bpp\stego\2275.pgm,1,train
${BOSSBASE_ROOT}\stego\HILL\0.4bpp\stego\8436.pgm,1,train
${BOSSBASE_ROOT}\stego\HILL\0.4bpp\stego\503.pgm,1,train
${BOSSBASE_ROOT}\stego\HILL\0.4bpp\stego\7506.pgm,1,train
${BOSSBASE_ROOT}\cover\3598.pgm,0,train
${BOSSBASE_ROOT}\stego\HILL\0.4bpp\stego\1476.pgm,1,train
${BOSSBASE_ROOT}\stego\HILL\0.4bpp\stego\5555.pgm,1,train
${BOSSBASE_ROOT}\stego\HILL\0.4bpp\stego\4233.pgm,1,train
${BOSSBASE_ROOT}\cover\6339.pgm,0,train
${BOSSBASE_ROOT}\cover\6186.pgm,0,train
${BOSSBASE_ROOT}\stego\HILL\0.4bpp\stego\2949.pgm,1,train
${BOSSBASE_ROOT}\stego\HILL\0.4bpp\stego\5211.pgm,1,train
${BOSSBASE_ROOT}\stego\HILL\0.4bpp\stego\6170.pgm,1,train
${BOSSBASE_ROOT}\cover\7096.pgm,0,train
${BOSSBASE_ROOT}\cover\735.pgm,0,train
${BOSSBASE_ROOT}\cover\6731.pgm,0,train
${BOSSBASE_ROOT}\stego\HILL\0.4bpp\stego\4507.pgm,1,train
${BOSSBASE_ROOT}\stego\HILL\0.4bpp\stego\6476.pgm,1,train
${BOSSBASE_ROOT}\cover\7443.pgm,0,train
${BOSSBASE_ROOT}\cover\557.pgm,0,train
${BOSSBASE_ROOT}\cover\2824.pgm,0,train
${BOSSBASE_ROOT}\cover\1710.pgm,0,train
${BOSSBASE_ROOT}\cover\6924.pgm,0,train
${BOSSBASE_ROOT}\stego\HILL\0.4bpp\stego\7020.pgm,1,train
${BOSSBASE_ROOT}\stego\HILL\0.4bpp\stego\2788.pgm,1,train
${BOSSBASE_ROOT}\cover\4977.pgm,0,train
${BOSSBASE_ROOT}\cover\3555.pgm,0,train
${BOSSBASE_ROOT}\cover\6137.pgm,0,train
${BOSSBASE_ROOT}\stego\HILL\0.4bpp\stego\4221.pgm,1,train
${BOSSBASE_ROOT}\cover\9124.pgm,0,train
${BOSSBASE_ROOT}\stego\HILL\0.4bpp\stego\9600.pgm,1,train
${BOSSBASE_ROOT}\stego\HILL\0.4bpp\stego\5106.pgm,1,train
${BOSSBASE_ROOT}\cover\9297.pgm,0,train
${BOSSBASE_ROOT}\cover\3072.pgm,0,train
${BOSSBASE_ROOT}\cover\9311.pgm,0,train
${BOSSBASE_ROOT}\stego\HILL\0.4bpp\stego\4065.pgm,1,train
${BOSSBASE_ROOT}\cover\4061.pgm,0,train
${BOSSBASE_ROOT}\stego\HILL\0.4bpp\stego\4000.pgm,1,train
${BOSSBASE_ROOT}\cover\9135.pgm,0,train
${BOSSBASE_ROOT}\stego\HILL\0.4bpp\stego\2290.pgm,1,train
${BOSSBASE_ROOT}\stego\HILL\0.4bpp\stego\6627.pgm,1,train
${BOSSBASE_ROOT}\stego\HILL\0.4bpp\stego\5180.pgm,1,train
${BOSSBASE_ROOT}\cover\6414.pgm,0,train
${BOSSBASE_ROOT}\cover\5169.pgm,0,train
${BOSSBASE_ROOT}\cover\2084.pgm,0,train
${BOSSBASE_ROOT}\stego\HILL\0.4bpp\stego\1326.pgm,1,train
${BOSSBASE_ROOT}\stego\HILL\0.4bpp\stego\3819.pgm,1,train
${BOSSBASE_ROOT}\stego\HILL\0.4bpp\stego\9988.pgm,1,train
${BOSSBASE_ROOT}\stego\HILL\0.4bpp\stego\8066.pgm,1,train
${BOSSBASE_ROOT}\cover\2023.pgm,0,train
${BOSSBASE_ROOT}\stego\HILL\0.4bpp\stego\3158.pgm,1,train
${BOSSBASE_ROOT}\cover\4961.pgm,0,train
${BOSSBASE_ROOT}\cover\3770.pgm,0,train
${BOSSBASE_ROOT}\cover\7920.pgm,0,train
${BOSSBASE_ROOT}\cover\2252.pgm,0,train
${BOSSBASE_ROOT}\stego\HILL\0.4bpp\stego\8582.pgm,1,train
${BOSSBASE_ROOT}\cover\9569.pgm,0,train
${BOSSBASE_ROOT}\stego\HILL\0.4bpp\stego\8823.pgm,1,train
${BOSSBASE_ROOT}\stego\HILL\0.4bpp\stego\3021.pgm,1,train
${BOSSBASE_ROOT}\cover\6498.pgm,0,train
${BOSSBASE_ROOT}\cover\6316.pgm,0,train
${BOSSBASE_ROOT}\stego\HILL\0.4bpp\stego\931.pgm,1,train
${BOSSBASE_ROOT}\cover\913.pgm,0,train
${BOSSBASE_ROOT}\stego\HILL\0.4bpp\stego\8495.pgm,1,train
${BOSSBASE_ROOT}\cover\9670.pgm,0,train
${BOSSBASE_ROOT}\cover\6057.pgm,0,train
${BOSSBASE_ROOT}\cover\8763.pgm,0,train
${BOSSBASE_ROOT}\stego\HILL\0.4bpp\stego\557.pgm,1,train
${BOSSBASE_ROOT}\cover\3863.pgm,0,train
${BOSSBASE_ROOT}\cover\6771.pgm,0,train
${BOSSBASE_ROOT}\stego\HILL\0.4bpp\stego\5028.pgm,1,train
${BOSSBASE_ROOT}\cover\5567.pgm,0,train
${BOSSBASE_ROOT}\stego\HILL\0.4bpp\stego\3259.pgm,1,train
${BOSSBASE_ROOT}\cover\2560.pgm,0,train
${BOSSBASE_ROOT}\cover\2326.pgm,0,train
${BOSSBASE_ROOT}\cover\68.pgm,0,train
${BOSSBASE_ROOT}\stego\HILL\0.4bpp\stego\3363.pgm,1,train
${BOSSBASE_ROOT}\stego\HILL\0.4bpp\stego\7978.pgm,1,train
${BOSSBASE_ROOT}\stego\HILL\0.4bpp\stego\6664.pgm,1,train
${BOSSBASE_ROOT}\stego\HILL\0.4bpp\stego\6676.pgm,1,train
${BOSSBASE_ROOT}\cover\7346.pgm,0,train
${BOSSBASE_ROOT}\cover\9556.pgm,0,train
${BOSSBASE_ROOT}\stego\HILL\0.4bpp\stego\7841.pgm,1,train
${BOSSBASE_ROOT}\cover\966.pgm,0,train
${BOSSBASE_ROOT}\stego\HILL\0.4bpp\stego\5776.pgm,1,train
${BOSSBASE_ROOT}\cover\1490.pgm,0,train
${BOSSBASE_ROOT}\stego\HILL\0.4bpp\stego\2181.pgm,1,train
${BOSSBASE_ROOT}\stego\HILL\0.4bpp\stego\5285.pgm,1,train
${BOSSBASE_ROOT}\cover\7784.pgm,0,train
${BOSSBASE_ROOT}\cover\8218.pgm,0,train
${BOSSBASE_ROOT}\stego\HILL\0.4bpp\stego\8371.pgm,1,train
${BOSSBASE_ROOT}\stego\HILL\0.4bpp\stego\9096.pgm,1,train
${BOSSBASE_ROOT}\stego\HILL\0.4bpp\stego\7131.pgm,1,train
${BOSSBASE_ROOT}\cover\8777.pgm,0,train
${BOSSBASE_ROOT}\stego\HILL\0.4bpp\stego\6115.pgm,1,train
${BOSSBASE_ROOT}\stego\HILL\0.4bpp\stego\616.pgm,1,train
${BOSSBASE_ROOT}\stego\HILL\0.4bpp\stego\5742.pgm,1,train
${BOSSBASE_ROOT}\stego\HILL\0.4bpp\stego\9161.pgm,1,train
${BOSSBASE_ROOT}\stego\HILL\0.4bpp\stego\6889.pgm,1,train
${BOSSBASE_ROOT}\cover\7452.pgm,0,train
${BOSSBASE_ROOT}\cover\7887.pgm,0,train
${BOSSBASE_ROOT}\cover\9590.pgm,0,train
${BOSSBASE_ROOT}\stego\HILL\0.4bpp\stego\7399.pgm,1,train
${BOSSBASE_ROOT}\stego\HILL\0.4bpp\stego\5991.pgm,1,train
${BOSSBASE_ROOT}\cover\2307.pgm,0,train
${BOSSBASE_ROOT}\cover\6005.pgm,0,train
${BOSSBASE_ROOT}\cover\6336.pgm,0,train
${BOSSBASE_ROOT}\stego\HILL\0.4bpp\stego\9903.pgm,1,train
${BOSSBASE_ROOT}\stego\HILL\0.4bpp\stego\6160.pgm,1,train
${BOSSBASE_ROOT}\cover\6139.pgm,0,train
${BOSSBASE_ROOT}\stego\HILL\0.4bpp\stego\7273.pgm,1,train
${BOSSBASE_ROOT}\stego\HILL\0.4bpp\stego\9871.pgm,1,train
${BOSSBASE_ROOT}\cover\3181.pgm,0,train
${BOSSBASE_ROOT}\cover\8754.pgm,0,train
${BOSSBASE_ROOT}\stego\HILL\0.4bpp\stego\1194.pgm,1,train
${BOSSBASE_ROOT}\stego\HILL\0.4bpp\stego\9465.pgm,1,train
${BOSSBASE_ROOT}\stego\HILL\0.4bpp\stego\9437.pgm,1,train
${BOSSBASE_ROOT}\cover\531.pgm,0,train
${BOSSBASE_ROOT}\stego\HILL\0.4bpp\stego\7480.pgm,1,train
${BOSSBASE_ROOT}\stego\HILL\0.4bpp\stego\3982.pgm,1,train
${BOSSBASE_ROOT}\cover\9233.pgm,0,train
${BOSSBASE_ROOT}\stego\HILL\0.4bpp\stego\8664.pgm,1,train
${BOSSBASE_ROOT}\cover\1200.pgm,0,train
${BOSSBASE_ROOT}\stego\HILL\0.4bpp\stego\8987.pgm,1,train
${BOSSBASE_ROOT}\cover\7636.pgm,0,train
${BOSSBASE_ROOT}\cover\8564.pgm,0,train
${BOSSBASE_ROOT}\cover\7274.pgm,0,train
${BOSSBASE_ROOT}\stego\HILL\0.4bpp\stego\6641.pgm,1,train
${BOSSBASE_ROOT}\stego\HILL\0.4bpp\stego\6912.pgm,1,train
${BOSSBASE_ROOT}\stego\HILL\0.4bpp\stego\5750.pgm,1,train
${BOSSBASE_ROOT}\stego\HILL\0.4bpp\stego\6847.pgm,1,train
${BOSSBASE_ROOT}\cover\1432.pgm,0,train
${BOSSBASE_ROOT}\cover\2350.pgm,0,train
${BOSSBASE_ROOT}\cover\6901.pgm,0,train
${BOSSBASE_ROOT}\cover\8959.pgm,0,train
${BOSSBASE_ROOT}\stego\HILL\0.4bpp\stego\6543.pgm,1,train
${BOSSBASE_ROOT}\stego\HILL\0.4bpp\stego\1390.pgm,1,train
${BOSSBASE_ROOT}\stego\HILL\0.4bpp\stego\6569.pgm,1,train
${BOSSBASE_ROOT}\cover\3508.pgm,0,train
${BOSSBASE_ROOT}\cover\4393.pgm,0,train
${BOSSBASE_ROOT}\stego\HILL\0.4bpp\stego\3018.pgm,1,train
${BOSSBASE_ROOT}\cover\4181.pgm,0,train
${BOSSBASE_ROOT}\stego\HILL\0.4bpp\stego\5804.pgm,1,train
${BOSSBASE_ROOT}\cover\2471.pgm,0,train
${BOSSBASE_ROOT}\stego\HILL\0.4bpp\stego\3767.pgm,1,train
${BOSSBASE_ROOT}\stego\HILL\0.4bpp\stego\9084.pgm,1,train
${BOSSBASE_ROOT}\stego\HILL\0.4bpp\stego\263.pgm,1,train
${BOSSBASE_ROOT}\stego\HILL\0.4bpp\stego\5428.pgm,1,train
${BOSSBASE_ROOT}\cover\2469.pgm,0,train
${BOSSBASE_ROOT}\stego\HILL\0.4bpp\stego\859.pgm,1,train
${BOSSBASE_ROOT}\stego\HILL\0.4bpp\stego\7915.pgm,1,train
${BOSSBASE_ROOT}\stego\HILL\0.4bpp\stego\1850.pgm,1,train
${BOSSBASE_ROOT}\stego\HILL\0.4bpp\stego\8130.pgm,1,train
${BOSSBASE_ROOT}\cover\6982.pgm,0,train
${BOSSBASE_ROOT}\cover\2784.pgm,0,train
${BOSSBASE_ROOT}\cover\5874.pgm,0,train
${BOSSBASE_ROOT}\cover\8093.pgm,0,train
${BOSSBASE_ROOT}\stego\HILL\0.4bpp\stego\9293.pgm,1,train
${BOSSBASE_ROOT}\cover\3521.pgm,0,train
${BOSSBASE_ROOT}\stego\HILL\0.4bpp\stego\955.pgm,1,train
${BOSSBASE_ROOT}\cover\2638.pgm,0,train
${BOSSBASE_ROOT}\cover\7361.pgm,0,train
${BOSSBASE_ROOT}\stego\HILL\0.4bpp\stego\3710.pgm,1,train
${BOSSBASE_ROOT}\stego\HILL\0.4bpp\stego\4025.pgm,1,train
${BOSSBASE_ROOT}\cover\3480.pgm,0,train
${BOSSBASE_ROOT}\stego\HILL\0.4bpp\stego\9301.pgm,1,train
${BOSSBASE_ROOT}\stego\HILL\0.4bpp\stego\9046.pgm,1,train
${BOSSBASE_ROOT}\stego\HILL\0.4bpp\stego\2352.pgm,1,train
${BOSSBASE_ROOT}\cover\8060.pgm,0,train
${BOSSBASE_ROOT}\stego\HILL\0.4bpp\stego\381.pgm,1,train
${BOSSBASE_ROOT}\stego\HILL\0.4bpp\stego\6760.pgm,1,train
${BOSSBASE_ROOT}\stego\HILL\0.4bpp\stego\9633.pgm,1,train
${BOSSBASE_ROOT}\cover\7091.pgm,0,train
${BOSSBASE_ROOT}\stego\HILL\0.4bpp\stego\574.pgm,1,train
${BOSSBASE_ROOT}\stego\HILL\0.4bpp\stego\1493.pgm,1,train
${BOSSBASE_ROOT}\cover\7698.pgm,0,train
${BOSSBASE_ROOT}\stego\HILL\0.4bpp\stego\5879.pgm,1,train
${BOSSBASE_ROOT}\stego\HILL\0.4bpp\stego\1784.pgm,1,train
${BOSSBASE_ROOT}\stego\HILL\0.4bpp\stego\8352.pgm,1,train
${BOSSBASE_ROOT}\stego\HILL\0.4bpp\stego\3587.pgm,1,train
${BOSSBASE_ROOT}\cover\8846.pgm,0,train
${BOSSBASE_ROOT}\cover\7714.pgm,0,train
${BOSSBASE_ROOT}\stego\HILL\0.4bpp\stego\9166.pgm,1,train
${BOSSBASE_ROOT}\stego\HILL\0.4bpp\stego\3124.pgm,1,train
${BOSSBASE_ROOT}\cover\6512.pgm,0,train
${BOSSBASE_ROOT}\cover\5738.pgm,0,train
${BOSSBASE_ROOT}\cover\8349.pgm,0,train
${BOSSBASE_ROOT}\stego\HILL\0.4bpp\stego\547.pgm,1,train
${BOSSBASE_ROOT}\cover\9807.pgm,0,train
${BOSSBASE_ROOT}\stego\HILL\0.4bpp\stego\4516.pgm,1,train
${BOSSBASE_ROOT}\stego\HILL\0.4bpp\stego\8895.pgm,1,train
${BOSSBASE_ROOT}\cover\2174.pgm,0,train
${BOSSBASE_ROOT}\cover\9880.pgm,0,train
${BOSSBASE_ROOT}\stego\HILL\0.4bpp\stego\5042.pgm,1,train
${BOSSBASE_ROOT}\cover\6089.pgm,0,train
${BOSSBASE_ROOT}\stego\HILL\0.4bpp\stego\2185.pgm,1,train
${BOSSBASE_ROOT}\stego\HILL\0.4bpp\stego\1199.pgm,1,train
${BOSSBASE_ROOT}\stego\HILL\0.4bpp\stego\2201.pgm,1,train
${BOSSBASE_ROOT}\stego\HILL\0.4bpp\stego\1308.pgm,1,train
${BOSSBASE_ROOT}\cover\3769.pgm,0,train
${BOSSBASE_ROOT}\cover\8299.pgm,0,train
${BOSSBASE_ROOT}\cover\6232.pgm,0,train
${BOSSBASE_ROOT}\cover\8069.pgm,0,train
${BOSSBASE_ROOT}\cover\7512.pgm,0,train
${BOSSBASE_ROOT}\cover\3794.pgm,0,train
${BOSSBASE_ROOT}\cover\9126.pgm,0,train
${BOSSBASE_ROOT}\stego\HILL\0.4bpp\stego\3383.pgm,1,train
${BOSSBASE_ROOT}\cover\4664.pgm,0,train
${BOSSBASE_ROOT}\cover\1332.pgm,0,train
${BOSSBASE_ROOT}\stego\HILL\0.4bpp\stego\2515.pgm,1,train
${BOSSBASE_ROOT}\cover\993.pgm,0,train
${BOSSBASE_ROOT}\cover\7664.pgm,0,train
${BOSSBASE_ROOT}\cover\1520.pgm,0,train
${BOSSBASE_ROOT}\cover\6539.pgm,0,train
${BOSSBASE_ROOT}\cover\8066.pgm,0,train
${BOSSBASE_ROOT}\stego\HILL\0.4bpp\stego\446.pgm,1,train
${BOSSBASE_ROOT}\cover\925.pgm,0,train
${BOSSBASE_ROOT}\cover\4651.pgm,0,train
${BOSSBASE_ROOT}\stego\HILL\0.4bpp\stego\4801.pgm,1,train
${BOSSBASE_ROOT}\stego\HILL\0.4bpp\stego\4155.pgm,1,train
${BOSSBASE_ROOT}\stego\HILL\0.4bpp\stego\9578.pgm,1,train
${BOSSBASE_ROOT}\stego\HILL\0.4bpp\stego\7710.pgm,1,train
${BOSSBASE_ROOT}\cover\6047.pgm,0,train
${BOSSBASE_ROOT}\stego\HILL\0.4bpp\stego\3499.pgm,1,train
${BOSSBASE_ROOT}\cover\8991.pgm,0,train
${BOSSBASE_ROOT}\stego\HILL\0.4bpp\stego\6995.pgm,1,train
${BOSSBASE_ROOT}\cover\6756.pgm,0,train
${BOSSBASE_ROOT}\cover\6351.pgm,0,train
${BOSSBASE_ROOT}\stego\HILL\0.4bpp\stego\8398.pgm,1,train
${BOSSBASE_ROOT}\cover\2081.pgm,0,train
${BOSSBASE_ROOT}\cover\2244.pgm,0,train
${BOSSBASE_ROOT}\stego\HILL\0.4bpp\stego\6916.pgm,1,train
${BOSSBASE_ROOT}\stego\HILL\0.4bpp\stego\227.pgm,1,train
${BOSSBASE_ROOT}\stego\HILL\0.4bpp\stego\8420.pgm,1,train
${BOSSBASE_ROOT}\stego\HILL\0.4bpp\stego\4346.pgm,1,train
${BOSSBASE_ROOT}\stego\HILL\0.4bpp\stego\2855.pgm,1,train
${BOSSBASE_ROOT}\cover\9716.pgm,0,train
${BOSSBASE_ROOT}\stego\HILL\0.4bpp\stego\6095.pgm,1,train
${BOSSBASE_ROOT}\stego\HILL\0.4bpp\stego\5127.pgm,1,train
${BOSSBASE_ROOT}\stego\HILL\0.4bpp\stego\1769.pgm,1,train
${BOSSBASE_ROOT}\stego\HILL\0.4bpp\stego\6330.pgm,1,train
${BOSSBASE_ROOT}\stego\HILL\0.4bpp\stego\8580.pgm,1,train
${BOSSBASE_ROOT}\stego\HILL\0.4bpp\stego\7030.pgm,1,train
${BOSSBASE_ROOT}\cover\6700.pgm,0,train
${BOSSBASE_ROOT}\cover\9757.pgm,0,train
${BOSSBASE_ROOT}\cover\3571.pgm,0,train
${BOSSBASE_ROOT}\stego\HILL\0.4bpp\stego\3145.pgm,1,train
${BOSSBASE_ROOT}\cover\7804.pgm,0,train
${BOSSBASE_ROOT}\cover\7059.pgm,0,train
${BOSSBASE_ROOT}\stego\HILL\0.4bpp\stego\8445.pgm,1,train
${BOSSBASE_ROOT}\stego\HILL\0.4bpp\stego\5540.pgm,1,train
${BOSSBASE_ROOT}\cover\5519.pgm,0,train
${BOSSBASE_ROOT}\cover\3634.pgm,0,train
${BOSSBASE_ROOT}\cover\7499.pgm,0,train
${BOSSBASE_ROOT}\cover\3900.pgm,0,train
${BOSSBASE_ROOT}\stego\HILL\0.4bpp\stego\6679.pgm,1,train
${BOSSBASE_ROOT}\stego\HILL\0.4bpp\stego\129.pgm,1,train
${BOSSBASE_ROOT}\stego\HILL\0.4bpp\stego\34.pgm,1,train
${BOSSBASE_ROOT}\cover\9006.pgm,0,train
${BOSSBASE_ROOT}\stego\HILL\0.4bpp\stego\8795.pgm,1,train
${BOSSBASE_ROOT}\stego\HILL\0.4bpp\stego\9194.pgm,1,train
${BOSSBASE_ROOT}\cover\5077.pgm,0,train
${BOSSBASE_ROOT}\cover\7156.pgm,0,train
${BOSSBASE_ROOT}\stego\HILL\0.4bpp\stego\9580.pgm,1,train
${BOSSBASE_ROOT}\cover\7449.pgm,0,train
${BOSSBASE_ROOT}\cover\1166.pgm,0,train
${BOSSBASE_ROOT}\cover\8594.pgm,0,train
${BOSSBASE_ROOT}\cover\53.pgm,0,train
${BOSSBASE_ROOT}\stego\HILL\0.4bpp\stego\5077.pgm,1,train
${BOSSBASE_ROOT}\cover\5706.pgm,0,train
${BOSSBASE_ROOT}\cover\1517.pgm,0,train
${BOSSBASE_ROOT}\stego\HILL\0.4bpp\stego\4661.pgm,1,train
${BOSSBASE_ROOT}\cover\9553.pgm,0,train
${BOSSBASE_ROOT}\cover\7169.pgm,0,train
${BOSSBASE_ROOT}\cover\341.pgm,0,train
${BOSSBASE_ROOT}\stego\HILL\0.4bpp\stego\9079.pgm,1,train
${BOSSBASE_ROOT}\stego\HILL\0.4bpp\stego\4919.pgm,1,train
${BOSSBASE_ROOT}\stego\HILL\0.4bpp\stego\9242.pgm,1,train
${BOSSBASE_ROOT}\stego\HILL\0.4bpp\stego\5466.pgm,1,train
${BOSSBASE_ROOT}\stego\HILL\0.4bpp\stego\3844.pgm,1,train
${BOSSBASE_ROOT}\stego\HILL\0.4bpp\stego\1928.pgm,1,train
${BOSSBASE_ROOT}\stego\HILL\0.4bpp\stego\189.pgm,1,train
${BOSSBASE_ROOT}\cover\8266.pgm,0,train
${BOSSBASE_ROOT}\cover\9844.pgm,0,train
${BOSSBASE_ROOT}\cover\2545.pgm,0,train
${BOSSBASE_ROOT}\cover\428.pgm,0,train
${BOSSBASE_ROOT}\cover\3799.pgm,0,train
${BOSSBASE_ROOT}\cover\515.pgm,0,train
${BOSSBASE_ROOT}\cover\8678.pgm,0,train
${BOSSBASE_ROOT}\cover\6334.pgm,0,train
${BOSSBASE_ROOT}\stego\HILL\0.4bpp\stego\5930.pgm,1,train
${BOSSBASE_ROOT}\cover\8938.pgm,0,train
${BOSSBASE_ROOT}\stego\HILL\0.4bpp\stego\7751.pgm,1,train
${BOSSBASE_ROOT}\cover\6205.pgm,0,train
${BOSSBASE_ROOT}\stego\HILL\0.4bpp\stego\3364.pgm,1,train
${BOSSBASE_ROOT}\cover\637.pgm,0,train
${BOSSBASE_ROOT}\stego\HILL\0.4bpp\stego\8969.pgm,1,train
${BOSSBASE_ROOT}\stego\HILL\0.4bpp\stego\8871.pgm,1,train
${BOSSBASE_ROOT}\cover\8604.pgm,0,train
${BOSSBASE_ROOT}\stego\HILL\0.4bpp\stego\3300.pgm,1,train
${BOSSBASE_ROOT}\cover\9776.pgm,0,train
${BOSSBASE_ROOT}\stego\HILL\0.4bpp\stego\937.pgm,1,train
${BOSSBASE_ROOT}\stego\HILL\0.4bpp\stego\5249.pgm,1,train
${BOSSBASE_ROOT}\stego\HILL\0.4bpp\stego\6055.pgm,1,train
${BOSSBASE_ROOT}\cover\2243.pgm,0,train
${BOSSBASE_ROOT}\cover\8209.pgm,0,train
${BOSSBASE_ROOT}\stego\HILL\0.4bpp\stego\9911.pgm,1,train
${BOSSBASE_ROOT}\stego\HILL\0.4bpp\stego\6152.pgm,1,train
${BOSSBASE_ROOT}\stego\HILL\0.4bpp\stego\8446.pgm,1,train
${BOSSBASE_ROOT}\stego\HILL\0.4bpp\stego\2514.pgm,1,train
${BOSSBASE_ROOT}\stego\HILL\0.4bpp\stego\4464.pgm,1,train
${BOSSBASE_ROOT}\cover\6831.pgm,0,train
${BOSSBASE_ROOT}\cover\2003.pgm,0,train
${BOSSBASE_ROOT}\stego\HILL\0.4bpp\stego\6072.pgm,1,train
${BOSSBASE_ROOT}\cover\1062.pgm,0,train
${BOSSBASE_ROOT}\cover\458.pgm,0,train
${BOSSBASE_ROOT}\stego\HILL\0.4bpp\stego\8905.pgm,1,train
${BOSSBASE_ROOT}\stego\HILL\0.4bpp\stego\8139.pgm,1,train
${BOSSBASE_ROOT}\cover\7813.pgm,0,train
${BOSSBASE_ROOT}\stego\HILL\0.4bpp\stego\1866.pgm,1,train
${BOSSBASE_ROOT}\cover\23.pgm,0,train
${BOSSBASE_ROOT}\stego\HILL\0.4bpp\stego\8289.pgm,1,train
${BOSSBASE_ROOT}\stego\HILL\0.4bpp\stego\2448.pgm,1,train
${BOSSBASE_ROOT}\cover\8165.pgm,0,train
${BOSSBASE_ROOT}\stego\HILL\0.4bpp\stego\20.pgm,1,train
${BOSSBASE_ROOT}\stego\HILL\0.4bpp\stego\4380.pgm,1,train
${BOSSBASE_ROOT}\cover\7785.pgm,0,train
${BOSSBASE_ROOT}\stego\HILL\0.4bpp\stego\6836.pgm,1,train
${BOSSBASE_ROOT}\stego\HILL\0.4bpp\stego\727.pgm,1,train
${BOSSBASE_ROOT}\stego\HILL\0.4bpp\stego\9240.pgm,1,train
${BOSSBASE_ROOT}\cover\9129.pgm,0,train
${BOSSBASE_ROOT}\cover\5904.pgm,0,train
${BOSSBASE_ROOT}\stego\HILL\0.4bpp\stego\7628.pgm,1,train
${BOSSBASE_ROOT}\stego\HILL\0.4bpp\stego\9107.pgm,1,train
${BOSSBASE_ROOT}\stego\HILL\0.4bpp\stego\8914.pgm,1,train
${BOSSBASE_ROOT}\stego\HILL\0.4bpp\stego\3466.pgm,1,train
${BOSSBASE_ROOT}\stego\HILL\0.4bpp\stego\8997.pgm,1,train
${BOSSBASE_ROOT}\cover\6621.pgm,0,train
${BOSSBASE_ROOT}\cover\9674.pgm,0,train
${BOSSBASE_ROOT}\cover\2883.pgm,0,train
${BOSSBASE_ROOT}\cover\5029.pgm,0,train
${BOSSBASE_ROOT}\cover\4447.pgm,0,train
${BOSSBASE_ROOT}\stego\HILL\0.4bpp\stego\3276.pgm,1,train
${BOSSBASE_ROOT}\cover\6381.pgm,0,train
${BOSSBASE_ROOT}\stego\HILL\0.4bpp\stego\7692.pgm,1,train
${BOSSBASE_ROOT}\stego\HILL\0.4bpp\stego\2521.pgm,1,train
${BOSSBASE_ROOT}\cover\9155.pgm,0,train
${BOSSBASE_ROOT}\cover\2635.pgm,0,train
${BOSSBASE_ROOT}\cover\7079.pgm,0,train
${BOSSBASE_ROOT}\stego\HILL\0.4bpp\stego\1460.pgm,1,train
${BOSSBASE_ROOT}\stego\HILL\0.4bpp\stego\1333.pgm,1,train
${BOSSBASE_ROOT}\cover\409.pgm,0,train
${BOSSBASE_ROOT}\stego\HILL\0.4bpp\stego\7127.pgm,1,train
${BOSSBASE_ROOT}\cover\4378.pgm,0,train
${BOSSBASE_ROOT}\stego\HILL\0.4bpp\stego\1869.pgm,1,train
${BOSSBASE_ROOT}\stego\HILL\0.4bpp\stego\1278.pgm,1,train
${BOSSBASE_ROOT}\cover\2099.pgm,0,train
${BOSSBASE_ROOT}\cover\3861.pgm,0,train
${BOSSBASE_ROOT}\stego\HILL\0.4bpp\stego\9901.pgm,1,train
${BOSSBASE_ROOT}\stego\HILL\0.4bpp\stego\1364.pgm,1,train
${BOSSBASE_ROOT}\cover\3497.pgm,0,train
${BOSSBASE_ROOT}\stego\HILL\0.4bpp\stego\128.pgm,1,train
${BOSSBASE_ROOT}\stego\HILL\0.4bpp\stego\4422.pgm,1,train
${BOSSBASE_ROOT}\stego\HILL\0.4bpp\stego\7484.pgm,1,train
${BOSSBASE_ROOT}\cover\2924.pgm,0,train
${BOSSBASE_ROOT}\stego\HILL\0.4bpp\stego\6826.pgm,1,train
${BOSSBASE_ROOT}\cover\1720.pgm,0,train
${BOSSBASE_ROOT}\cover\1048.pgm,0,train
${BOSSBASE_ROOT}\stego\HILL\0.4bpp\stego\6401.pgm,1,train
${BOSSBASE_ROOT}\cover\5569.pgm,0,train
${BOSSBASE_ROOT}\stego\HILL\0.4bpp\stego\9592.pgm,1,train
${BOSSBASE_ROOT}\stego\HILL\0.4bpp\stego\3780.pgm,1,train
${BOSSBASE_ROOT}\cover\1862.pgm,0,train
${BOSSBASE_ROOT}\cover\5392.pgm,0,train
${BOSSBASE_ROOT}\stego\HILL\0.4bpp\stego\6982.pgm,1,train
${BOSSBASE_ROOT}\cover\6724.pgm,0,train
${BOSSBASE_ROOT}\cover\5635.pgm,0,train
${BOSSBASE_ROOT}\stego\HILL\0.4bpp\stego\3361.pgm,1,train
${BOSSBASE_ROOT}\stego\HILL\0.4bpp\stego\6574.pgm,1,train
${BOSSBASE_ROOT}\stego\HILL\0.4bpp\stego\3867.pgm,1,train
${BOSSBASE_ROOT}\stego\HILL\0.4bpp\stego\6838.pgm,1,train
${BOSSBASE_ROOT}\cover\7669.pgm,0,train
${BOSSBASE_ROOT}\cover\6203.pgm,0,train
${BOSSBASE_ROOT}\cover\4585.pgm,0,train
${BOSSBASE_ROOT}\stego\HILL\0.4bpp\stego\933.pgm,1,train
${BOSSBASE_ROOT}\cover\7718.pgm,0,train
${BOSSBASE_ROOT}\cover\3987.pgm,0,train
${BOSSBASE_ROOT}\cover\1250.pgm,0,train
${BOSSBASE_ROOT}\cover\388.pgm,0,train
${BOSSBASE_ROOT}\cover\5511.pgm,0,train
${BOSSBASE_ROOT}\cover\4250.pgm,0,train
${BOSSBASE_ROOT}\cover\9368.pgm,0,train
${BOSSBASE_ROOT}\stego\HILL\0.4bpp\stego\7733.pgm,1,train
${BOSSBASE_ROOT}\cover\2232.pgm,0,train
${BOSSBASE_ROOT}\cover\2446.pgm,0,train
${BOSSBASE_ROOT}\stego\HILL\0.4bpp\stego\5367.pgm,1,train
${BOSSBASE_ROOT}\stego\HILL\0.4bpp\stego\239.pgm,1,train
${BOSSBASE_ROOT}\stego\HILL\0.4bpp\stego\4360.pgm,1,train
${BOSSBASE_ROOT}\stego\HILL\0.4bpp\stego\7959.pgm,1,train
${BOSSBASE_ROOT}\stego\HILL\0.4bpp\stego\8880.pgm,1,train
${BOSSBASE_ROOT}\cover\2568.pgm,0,train
${BOSSBASE_ROOT}\cover\7226.pgm,0,train
${BOSSBASE_ROOT}\stego\HILL\0.4bpp\stego\4841.pgm,1,train
${BOSSBASE_ROOT}\stego\HILL\0.4bpp\stego\3463.pgm,1,train
${BOSSBASE_ROOT}\cover\8082.pgm,0,train
${BOSSBASE_ROOT}\stego\HILL\0.4bpp\stego\3195.pgm,1,train
${BOSSBASE_ROOT}\stego\HILL\0.4bpp\stego\6076.pgm,1,train
${BOSSBASE_ROOT}\stego\HILL\0.4bpp\stego\6180.pgm,1,train
${BOSSBASE_ROOT}\cover\7488.pgm,0,train
${BOSSBASE_ROOT}\stego\HILL\0.4bpp\stego\2179.pgm,1,train
${BOSSBASE_ROOT}\cover\3766.pgm,0,train
${BOSSBASE_ROOT}\cover\1704.pgm,0,train
${BOSSBASE_ROOT}\cover\8347.pgm,0,train
${BOSSBASE_ROOT}\cover\956.pgm,0,train
${BOSSBASE_ROOT}\cover\1807.pgm,0,train
${BOSSBASE_ROOT}\stego\HILL\0.4bpp\stego\3539.pgm,1,train
${BOSSBASE_ROOT}\cover\4529.pgm,0,train
${BOSSBASE_ROOT}\cover\8796.pgm,0,train
${BOSSBASE_ROOT}\cover\8753.pgm,0,train
${BOSSBASE_ROOT}\cover\2195.pgm,0,train
${BOSSBASE_ROOT}\stego\HILL\0.4bpp\stego\4194.pgm,1,train
${BOSSBASE_ROOT}\cover\6204.pgm,0,train
${BOSSBASE_ROOT}\stego\HILL\0.4bpp\stego\6771.pgm,1,train
${BOSSBASE_ROOT}\cover\6997.pgm,0,train
${BOSSBASE_ROOT}\cover\6238.pgm,0,train
${BOSSBASE_ROOT}\stego\HILL\0.4bpp\stego\6108.pgm,1,train
${BOSSBASE_ROOT}\cover\1080.pgm,0,train
${BOSSBASE_ROOT}\stego\HILL\0.4bpp\stego\1993.pgm,1,train
${BOSSBASE_ROOT}\stego\HILL\0.4bpp\stego\4437.pgm,1,train
${BOSSBASE_ROOT}\stego\HILL\0.4bpp\stego\198.pgm,1,train
${BOSSBASE_ROOT}\stego\HILL\0.4bpp\stego\5643.pgm,1,train
${BOSSBASE_ROOT}\cover\6895.pgm,0,train
${BOSSBASE_ROOT}\cover\4321.pgm,0,train
${BOSSBASE_ROOT}\cover\7690.pgm,0,train
${BOSSBASE_ROOT}\cover\5121.pgm,0,train
${BOSSBASE_ROOT}\cover\4603.pgm,0,train
${BOSSBASE_ROOT}\stego\HILL\0.4bpp\stego\1436.pgm,1,train
${BOSSBASE_ROOT}\stego\HILL\0.4bpp\stego\9998.pgm,1,train
${BOSSBASE_ROOT}\cover\9350.pgm,0,train
${BOSSBASE_ROOT}\cover\9017.pgm,0,train
${BOSSBASE_ROOT}\cover\5606.pgm,0,train
${BOSSBASE_ROOT}\stego\HILL\0.4bpp\stego\8507.pgm,1,train
${BOSSBASE_ROOT}\cover\9010.pgm,0,train
${BOSSBASE_ROOT}\stego\HILL\0.4bpp\stego\793.pgm,1,train
${BOSSBASE_ROOT}\cover\9121.pgm,0,train
${BOSSBASE_ROOT}\cover\9664.pgm,0,train
${BOSSBASE_ROOT}\stego\HILL\0.4bpp\stego\3548.pgm,1,train
${BOSSBASE_ROOT}\stego\HILL\0.4bpp\stego\2069.pgm,1,train
${BOSSBASE_ROOT}\cover\8917.pgm,0,train
${BOSSBASE_ROOT}\cover\7623.pgm,0,train
${BOSSBASE_ROOT}\stego\HILL\0.4bpp\stego\4875.pgm,1,train
${BOSSBASE_ROOT}\cover\890.pgm,0,train
${BOSSBASE_ROOT}\cover\7764.pgm,0,train
${BOSSBASE_ROOT}\cover\6365.pgm,0,train
${BOSSBASE_ROOT}\cover\8154.pgm,0,train
${BOSSBASE_ROOT}\cover\6418.pgm,0,train
${BOSSBASE_ROOT}\stego\HILL\0.4bpp\stego\1129.pgm,1,train
${BOSSBASE_ROOT}\cover\2429.pgm,0,train
${BOSSBASE_ROOT}\stego\HILL\0.4bpp\stego\6568.pgm,1,train
${BOSSBASE_ROOT}\stego\HILL\0.4bpp\stego\1232.pgm,1,train
${BOSSBASE_ROOT}\stego\HILL\0.4bpp\stego\320.pgm,1,train
${BOSSBASE_ROOT}\stego\HILL\0.4bpp\stego\8264.pgm,1,train
${BOSSBASE_ROOT}\stego\HILL\0.4bpp\stego\8816.pgm,1,train
${BOSSBASE_ROOT}\cover\5891.pgm,0,train
${BOSSBASE_ROOT}\stego\HILL\0.4bpp\stego\7314.pgm,1,train
${BOSSBASE_ROOT}\cover\9242.pgm,0,train
${BOSSBASE_ROOT}\cover\4818.pgm,0,train
${BOSSBASE_ROOT}\cover\9484.pgm,0,train
${BOSSBASE_ROOT}\cover\5950.pgm,0,train
${BOSSBASE_ROOT}\cover\438.pgm,0,train
${BOSSBASE_ROOT}\cover\1606.pgm,0,train
${BOSSBASE_ROOT}\stego\HILL\0.4bpp\stego\7526.pgm,1,train
${BOSSBASE_ROOT}\cover\7378.pgm,0,train
${BOSSBASE_ROOT}\stego\HILL\0.4bpp\stego\3555.pgm,1,train
${BOSSBASE_ROOT}\stego\HILL\0.4bpp\stego\3640.pgm,1,train
${BOSSBASE_ROOT}\stego\HILL\0.4bpp\stego\3206.pgm,1,train
${BOSSBASE_ROOT}\stego\HILL\0.4bpp\stego\4604.pgm,1,train
${BOSSBASE_ROOT}\cover\5054.pgm,0,train
${BOSSBASE_ROOT}\stego\HILL\0.4bpp\stego\5754.pgm,1,train
${BOSSBASE_ROOT}\stego\HILL\0.4bpp\stego\2271.pgm,1,train
${BOSSBASE_ROOT}\stego\HILL\0.4bpp\stego\6382.pgm,1,train
${BOSSBASE_ROOT}\stego\HILL\0.4bpp\stego\37.pgm,1,train
${BOSSBASE_ROOT}\cover\8613.pgm,0,train
${BOSSBASE_ROOT}\stego\HILL\0.4bpp\stego\4008.pgm,1,train
${BOSSBASE_ROOT}\stego\HILL\0.4bpp\stego\9250.pgm,1,train
${BOSSBASE_ROOT}\stego\HILL\0.4bpp\stego\5356.pgm,1,train
${BOSSBASE_ROOT}\stego\HILL\0.4bpp\stego\6311.pgm,1,train
${BOSSBASE_ROOT}\cover\9085.pgm,0,train
${BOSSBASE_ROOT}\cover\4003.pgm,0,train
${BOSSBASE_ROOT}\stego\HILL\0.4bpp\stego\2815.pgm,1,train
${BOSSBASE_ROOT}\stego\HILL\0.4bpp\stego\2585.pgm,1,train
${BOSSBASE_ROOT}\stego\HILL\0.4bpp\stego\2106.pgm,1,train
${BOSSBASE_ROOT}\cover\2259.pgm,0,train
${BOSSBASE_ROOT}\stego\HILL\0.4bpp\stego\1721.pgm,1,train
${BOSSBASE_ROOT}\cover\8871.pgm,0,train
${BOSSBASE_ROOT}\cover\2699.pgm,0,train
${BOSSBASE_ROOT}\stego\HILL\0.4bpp\stego\2903.pgm,1,train
${BOSSBASE_ROOT}\cover\1409.pgm,0,train
${BOSSBASE_ROOT}\cover\4171.pgm,0,train
${BOSSBASE_ROOT}\stego\HILL\0.4bpp\stego\677.pgm,1,train
${BOSSBASE_ROOT}\cover\1017.pgm,0,train
${BOSSBASE_ROOT}\stego\HILL\0.4bpp\stego\195.pgm,1,train
${BOSSBASE_ROOT}\cover\9990.pgm,0,train
${BOSSBASE_ROOT}\stego\HILL\0.4bpp\stego\5526.pgm,1,train
${BOSSBASE_ROOT}\stego\HILL\0.4bpp\stego\8913.pgm,1,train
${BOSSBASE_ROOT}\stego\HILL\0.4bpp\stego\1962.pgm,1,train
${BOSSBASE_ROOT}\cover\9673.pgm,0,train
${BOSSBASE_ROOT}\cover\2009.pgm,0,train
${BOSSBASE_ROOT}\stego\HILL\0.4bpp\stego\2161.pgm,1,train
${BOSSBASE_ROOT}\cover\6439.pgm,0,train
${BOSSBASE_ROOT}\stego\HILL\0.4bpp\stego\4447.pgm,1,train
${BOSSBASE_ROOT}\stego\HILL\0.4bpp\stego\4634.pgm,1,train
${BOSSBASE_ROOT}\stego\HILL\0.4bpp\stego\4035.pgm,1,train
${BOSSBASE_ROOT}\cover\899.pgm,0,train
${BOSSBASE_ROOT}\stego\HILL\0.4bpp\stego\1249.pgm,1,train
${BOSSBASE_ROOT}\stego\HILL\0.4bpp\stego\1473.pgm,1,train
${BOSSBASE_ROOT}\cover\4216.pgm,0,train
${BOSSBASE_ROOT}\stego\HILL\0.4bpp\stego\8065.pgm,1,train
${BOSSBASE_ROOT}\stego\HILL\0.4bpp\stego\4426.pgm,1,train
${BOSSBASE_ROOT}\cover\1810.pgm,0,train
${BOSSBASE_ROOT}\cover\3596.pgm,0,train
${BOSSBASE_ROOT}\stego\HILL\0.4bpp\stego\4908.pgm,1,train
${BOSSBASE_ROOT}\stego\HILL\0.4bpp\stego\4476.pgm,1,train
${BOSSBASE_ROOT}\stego\HILL\0.4bpp\stego\5452.pgm,1,train
${BOSSBASE_ROOT}\cover\2810.pgm,0,train
${BOSSBASE_ROOT}\cover\2451.pgm,0,train
${BOSSBASE_ROOT}\cover\5862.pgm,0,train
${BOSSBASE_ROOT}\cover\6311.pgm,0,train
${BOSSBASE_ROOT}\stego\HILL\0.4bpp\stego\3925.pgm,1,train
${BOSSBASE_ROOT}\stego\HILL\0.4bpp\stego\3856.pgm,1,train
${BOSSBASE_ROOT}\stego\HILL\0.4bpp\stego\5543.pgm,1,train
${BOSSBASE_ROOT}\cover\9884.pgm,0,train
${BOSSBASE_ROOT}\cover\8872.pgm,0,train
${BOSSBASE_ROOT}\cover\5844.pgm,0,train
${BOSSBASE_ROOT}\stego\HILL\0.4bpp\stego\6341.pgm,1,train
${BOSSBASE_ROOT}\stego\HILL\0.4bpp\stego\465.pgm,1,train
${BOSSBASE_ROOT}\cover\2191.pgm,0,train
${BOSSBASE_ROOT}\cover\9503.pgm,0,train
${BOSSBASE_ROOT}\stego\HILL\0.4bpp\stego\9752.pgm,1,train
${BOSSBASE_ROOT}\cover\1498.pgm,0,train
${BOSSBASE_ROOT}\cover\8702.pgm,0,train
${BOSSBASE_ROOT}\stego\HILL\0.4bpp\stego\6997.pgm,1,train
${BOSSBASE_ROOT}\stego\HILL\0.4bpp\stego\4229.pgm,1,train
${BOSSBASE_ROOT}\cover\2929.pgm,0,train
${BOSSBASE_ROOT}\stego\HILL\0.4bpp\stego\2839.pgm,1,train
${BOSSBASE_ROOT}\cover\9045.pgm,0,train
${BOSSBASE_ROOT}\cover\4794.pgm,0,train
${BOSSBASE_ROOT}\cover\8295.pgm,0,train
${BOSSBASE_ROOT}\cover\1302.pgm,0,train
${BOSSBASE_ROOT}\cover\667.pgm,0,train
${BOSSBASE_ROOT}\stego\HILL\0.4bpp\stego\1386.pgm,1,train
${BOSSBASE_ROOT}\cover\4428.pgm,0,train
${BOSSBASE_ROOT}\cover\6523.pgm,0,train
${BOSSBASE_ROOT}\cover\6330.pgm,0,train
${BOSSBASE_ROOT}\stego\HILL\0.4bpp\stego\9828.pgm,1,train
${BOSSBASE_ROOT}\stego\HILL\0.4bpp\stego\7899.pgm,1,train
${BOSSBASE_ROOT}\stego\HILL\0.4bpp\stego\6829.pgm,1,train
${BOSSBASE_ROOT}\cover\6449.pgm,0,train
${BOSSBASE_ROOT}\cover\8648.pgm,0,train
${BOSSBASE_ROOT}\stego\HILL\0.4bpp\stego\3108.pgm,1,train
${BOSSBASE_ROOT}\cover\8302.pgm,0,train
${BOSSBASE_ROOT}\stego\HILL\0.4bpp\stego\2138.pgm,1,train
${BOSSBASE_ROOT}\stego\HILL\0.4bpp\stego\4573.pgm,1,train
${BOSSBASE_ROOT}\stego\HILL\0.4bpp\stego\6843.pgm,1,train
${BOSSBASE_ROOT}\stego\HILL\0.4bpp\stego\940.pgm,1,train
${BOSSBASE_ROOT}\stego\HILL\0.4bpp\stego\7467.pgm,1,train
${BOSSBASE_ROOT}\cover\2637.pgm,0,train
${BOSSBASE_ROOT}\cover\8821.pgm,0,train
${BOSSBASE_ROOT}\stego\HILL\0.4bpp\stego\7996.pgm,1,train
${BOSSBASE_ROOT}\cover\6504.pgm,0,train
${BOSSBASE_ROOT}\cover\8610.pgm,0,train
${BOSSBASE_ROOT}\cover\5382.pgm,0,train
${BOSSBASE_ROOT}\cover\8759.pgm,0,train
${BOSSBASE_ROOT}\stego\HILL\0.4bpp\stego\6722.pgm,1,train
${BOSSBASE_ROOT}\stego\HILL\0.4bpp\stego\388.pgm,1,train
${BOSSBASE_ROOT}\cover\8039.pgm,0,train
${BOSSBASE_ROOT}\stego\HILL\0.4bpp\stego\2881.pgm,1,train
${BOSSBASE_ROOT}\stego\HILL\0.4bpp\stego\9568.pgm,1,train
${BOSSBASE_ROOT}\stego\HILL\0.4bpp\stego\3603.pgm,1,train
${BOSSBASE_ROOT}\cover\2178.pgm,0,train
${BOSSBASE_ROOT}\cover\6434.pgm,0,train
${BOSSBASE_ROOT}\cover\380.pgm,0,train
${BOSSBASE_ROOT}\cover\5736.pgm,0,train
${BOSSBASE_ROOT}\cover\5287.pgm,0,train
${BOSSBASE_ROOT}\stego\HILL\0.4bpp\stego\2939.pgm,1,train
${BOSSBASE_ROOT}\cover\8126.pgm,0,train
${BOSSBASE_ROOT}\stego\HILL\0.4bpp\stego\2807.pgm,1,train
${BOSSBASE_ROOT}\cover\3974.pgm,0,train
${BOSSBASE_ROOT}\cover\7235.pgm,0,train
${BOSSBASE_ROOT}\cover\4404.pgm,0,train
${BOSSBASE_ROOT}\cover\7078.pgm,0,train
${BOSSBASE_ROOT}\cover\2408.pgm,0,train
${BOSSBASE_ROOT}\stego\HILL\0.4bpp\stego\4836.pgm,1,train
${BOSSBASE_ROOT}\stego\HILL\0.4bpp\stego\163.pgm,1,train
${BOSSBASE_ROOT}\stego\HILL\0.4bpp\stego\6323.pgm,1,train
${BOSSBASE_ROOT}\cover\1090.pgm,0,train
${BOSSBASE_ROOT}\cover\1724.pgm,0,train
${BOSSBASE_ROOT}\stego\HILL\0.4bpp\stego\8585.pgm,1,train
${BOSSBASE_ROOT}\cover\3477.pgm,0,train
${BOSSBASE_ROOT}\cover\975.pgm,0,train
${BOSSBASE_ROOT}\stego\HILL\0.4bpp\stego\7283.pgm,1,train
${BOSSBASE_ROOT}\cover\6056.pgm,0,train
${BOSSBASE_ROOT}\stego\HILL\0.4bpp\stego\2239.pgm,1,train
${BOSSBASE_ROOT}\stego\HILL\0.4bpp\stego\8906.pgm,1,train
${BOSSBASE_ROOT}\stego\HILL\0.4bpp\stego\96.pgm,1,train
${BOSSBASE_ROOT}\cover\7316.pgm,0,train
${BOSSBASE_ROOT}\cover\5242.pgm,0,train
${BOSSBASE_ROOT}\cover\7523.pgm,0,train
${BOSSBASE_ROOT}\cover\6253.pgm,0,train
${BOSSBASE_ROOT}\stego\HILL\0.4bpp\stego\936.pgm,1,train
${BOSSBASE_ROOT}\stego\HILL\0.4bpp\stego\4750.pgm,1,train
${BOSSBASE_ROOT}\stego\HILL\0.4bpp\stego\3304.pgm,1,train
${BOSSBASE_ROOT}\cover\4604.pgm,0,train
${BOSSBASE_ROOT}\cover\915.pgm,0,train
${BOSSBASE_ROOT}\cover\8157.pgm,0,train
${BOSSBASE_ROOT}\cover\6293.pgm,0,train
${BOSSBASE_ROOT}\stego\HILL\0.4bpp\stego\319.pgm,1,train
${BOSSBASE_ROOT}\cover\1216.pgm,0,train
${BOSSBASE_ROOT}\stego\HILL\0.4bpp\stego\5835.pgm,1,train
${BOSSBASE_ROOT}\stego\HILL\0.4bpp\stego\1674.pgm,1,train
${BOSSBASE_ROOT}\cover\5900.pgm,0,train
${BOSSBASE_ROOT}\stego\HILL\0.4bpp\stego\325.pgm,1,train
${BOSSBASE_ROOT}\cover\2229.pgm,0,train
${BOSSBASE_ROOT}\cover\8199.pgm,0,train
${BOSSBASE_ROOT}\stego\HILL\0.4bpp\stego\7438.pgm,1,train
${BOSSBASE_ROOT}\cover\7984.pgm,0,train
${BOSSBASE_ROOT}\stego\HILL\0.4bpp\stego\2162.pgm,1,train
${BOSSBASE_ROOT}\cover\1663.pgm,0,train
${BOSSBASE_ROOT}\stego\HILL\0.4bpp\stego\8326.pgm,1,train
${BOSSBASE_ROOT}\stego\HILL\0.4bpp\stego\2597.pgm,1,train
${BOSSBASE_ROOT}\stego\HILL\0.4bpp\stego\3566.pgm,1,train
${BOSSBASE_ROOT}\stego\HILL\0.4bpp\stego\1075.pgm,1,train
${BOSSBASE_ROOT}\cover\9967.pgm,0,train
${BOSSBASE_ROOT}\stego\HILL\0.4bpp\stego\1541.pgm,1,train
${BOSSBASE_ROOT}\stego\HILL\0.4bpp\stego\8810.pgm,1,train
${BOSSBASE_ROOT}\stego\HILL\0.4bpp\stego\3186.pgm,1,train
${BOSSBASE_ROOT}\cover\3541.pgm,0,train
${BOSSBASE_ROOT}\stego\HILL\0.4bpp\stego\9720.pgm,1,train
${BOSSBASE_ROOT}\stego\HILL\0.4bpp\stego\3090.pgm,1,train
${BOSSBASE_ROOT}\cover\1458.pgm,0,train
${BOSSBASE_ROOT}\cover\5766.pgm,0,train
${BOSSBASE_ROOT}\cover\2142.pgm,0,train
${BOSSBASE_ROOT}\stego\HILL\0.4bpp\stego\9248.pgm,1,train
${BOSSBASE_ROOT}\stego\HILL\0.4bpp\stego\7370.pgm,1,train
${BOSSBASE_ROOT}\cover\9437.pgm,0,train
${BOSSBASE_ROOT}\cover\3543.pgm,0,train
${BOSSBASE_ROOT}\cover\9223.pgm,0,train
${BOSSBASE_ROOT}\stego\HILL\0.4bpp\stego\831.pgm,1,train
${BOSSBASE_ROOT}\cover\9907.pgm,0,train
${BOSSBASE_ROOT}\cover\2037.pgm,0,train
${BOSSBASE_ROOT}\cover\9857.pgm,0,train
${BOSSBASE_ROOT}\stego\HILL\0.4bpp\stego\6312.pgm,1,train
${BOSSBASE_ROOT}\cover\3742.pgm,0,train
${BOSSBASE_ROOT}\stego\HILL\0.4bpp\stego\5418.pgm,1,train
${BOSSBASE_ROOT}\stego\HILL\0.4bpp\stego\7393.pgm,1,train
${BOSSBASE_ROOT}\cover\7716.pgm,0,train
${BOSSBASE_ROOT}\cover\153.pgm,0,train
${BOSSBASE_ROOT}\stego\HILL\0.4bpp\stego\4198.pgm,1,train
${BOSSBASE_ROOT}\cover\3066.pgm,0,train
${BOSSBASE_ROOT}\stego\HILL\0.4bpp\stego\2728.pgm,1,train
${BOSSBASE_ROOT}\stego\HILL\0.4bpp\stego\3852.pgm,1,train
${BOSSBASE_ROOT}\cover\7808.pgm,0,train
${BOSSBASE_ROOT}\stego\HILL\0.4bpp\stego\5279.pgm,1,train
${BOSSBASE_ROOT}\stego\HILL\0.4bpp\stego\3510.pgm,1,train
${BOSSBASE_ROOT}\stego\HILL\0.4bpp\stego\7831.pgm,1,train
${BOSSBASE_ROOT}\stego\HILL\0.4bpp\stego\1985.pgm,1,train
${BOSSBASE_ROOT}\stego\HILL\0.4bpp\stego\643.pgm,1,train
${BOSSBASE_ROOT}\stego\HILL\0.4bpp\stego\4079.pgm,1,train
${BOSSBASE_ROOT}\stego\HILL\0.4bpp\stego\372.pgm,1,train
${BOSSBASE_ROOT}\cover\4620.pgm,0,train
${BOSSBASE_ROOT}\cover\4588.pgm,0,train
${BOSSBASE_ROOT}\stego\HILL\0.4bpp\stego\1581.pgm,1,train
${BOSSBASE_ROOT}\stego\HILL\0.4bpp\stego\7479.pgm,1,train
${BOSSBASE_ROOT}\cover\2156.pgm,0,train
${BOSSBASE_ROOT}\cover\9465.pgm,0,train
${BOSSBASE_ROOT}\stego\HILL\0.4bpp\stego\9168.pgm,1,train
${BOSSBASE_ROOT}\stego\HILL\0.4bpp\stego\2473.pgm,1,train
${BOSSBASE_ROOT}\stego\HILL\0.4bpp\stego\3614.pgm,1,train
${BOSSBASE_ROOT}\cover\3879.pgm,0,train
${BOSSBASE_ROOT}\stego\HILL\0.4bpp\stego\1516.pgm,1,train
${BOSSBASE_ROOT}\stego\HILL\0.4bpp\stego\6695.pgm,1,train
${BOSSBASE_ROOT}\stego\HILL\0.4bpp\stego\8171.pgm,1,train
${BOSSBASE_ROOT}\cover\4298.pgm,0,train
${BOSSBASE_ROOT}\cover\4850.pgm,0,train
${BOSSBASE_ROOT}\cover\2645.pgm,0,train
${BOSSBASE_ROOT}\cover\9951.pgm,0,train
${BOSSBASE_ROOT}\cover\9002.pgm,0,train
${BOSSBASE_ROOT}\cover\5302.pgm,0,train
${BOSSBASE_ROOT}\cover\4712.pgm,0,train
${BOSSBASE_ROOT}\cover\1806.pgm,0,train
${BOSSBASE_ROOT}\cover\8309.pgm,0,train
${BOSSBASE_ROOT}\stego\HILL\0.4bpp\stego\5563.pgm,1,train
${BOSSBASE_ROOT}\stego\HILL\0.4bpp\stego\9853.pgm,1,train
${BOSSBASE_ROOT}\stego\HILL\0.4bpp\stego\7685.pgm,1,train
${BOSSBASE_ROOT}\cover\9991.pgm,0,train
${BOSSBASE_ROOT}\cover\4339.pgm,0,train
${BOSSBASE_ROOT}\cover\4502.pgm,0,train
${BOSSBASE_ROOT}\cover\2318.pgm,0,train
${BOSSBASE_ROOT}\stego\HILL\0.4bpp\stego\9334.pgm,1,train
${BOSSBASE_ROOT}\stego\HILL\0.4bpp\stego\8946.pgm,1,train
${BOSSBASE_ROOT}\cover\4973.pgm,0,train
${BOSSBASE_ROOT}\cover\756.pgm,0,train
${BOSSBASE_ROOT}\stego\HILL\0.4bpp\stego\273.pgm,1,train
${BOSSBASE_ROOT}\cover\5504.pgm,0,train
${BOSSBASE_ROOT}\cover\290.pgm,0,train
${BOSSBASE_ROOT}\stego\HILL\0.4bpp\stego\8699.pgm,1,train
${BOSSBASE_ROOT}\stego\HILL\0.4bpp\stego\8412.pgm,1,train
${BOSSBASE_ROOT}\stego\HILL\0.4bpp\stego\6643.pgm,1,train
${BOSSBASE_ROOT}\cover\6327.pgm,0,train
${BOSSBASE_ROOT}\cover\4881.pgm,0,train
${BOSSBASE_ROOT}\cover\8690.pgm,0,train
${BOSSBASE_ROOT}\stego\HILL\0.4bpp\stego\9905.pgm,1,train
${BOSSBASE_ROOT}\stego\HILL\0.4bpp\stego\6097.pgm,1,train
${BOSSBASE_ROOT}\stego\HILL\0.4bpp\stego\9736.pgm,1,train
${BOSSBASE_ROOT}\cover\7954.pgm,0,train
${BOSSBASE_ROOT}\stego\HILL\0.4bpp\stego\6902.pgm,1,train
${BOSSBASE_ROOT}\stego\HILL\0.4bpp\stego\1759.pgm,1,train
${BOSSBASE_ROOT}\cover\984.pgm,0,train
${BOSSBASE_ROOT}\stego\HILL\0.4bpp\stego\3236.pgm,1,train
${BOSSBASE_ROOT}\cover\3416.pgm,0,train
${BOSSBASE_ROOT}\stego\HILL\0.4bpp\stego\4215.pgm,1,train
${BOSSBASE_ROOT}\stego\HILL\0.4bpp\stego\4627.pgm,1,train
${BOSSBASE_ROOT}\stego\HILL\0.4bpp\stego\5184.pgm,1,train
${BOSSBASE_ROOT}\stego\HILL\0.4bpp\stego\6128.pgm,1,train
${BOSSBASE_ROOT}\stego\HILL\0.4bpp\stego\5560.pgm,1,train
${BOSSBASE_ROOT}\stego\HILL\0.4bpp\stego\6772.pgm,1,train
${BOSSBASE_ROOT}\cover\3502.pgm,0,train
${BOSSBASE_ROOT}\cover\61.pgm,0,train
${BOSSBASE_ROOT}\cover\7516.pgm,0,train
${BOSSBASE_ROOT}\cover\6150.pgm,0,train
${BOSSBASE_ROOT}\cover\8801.pgm,0,train
${BOSSBASE_ROOT}\stego\HILL\0.4bpp\stego\8938.pgm,1,train
${BOSSBASE_ROOT}\stego\HILL\0.4bpp\stego\8932.pgm,1,train
${BOSSBASE_ROOT}\cover\1077.pgm,0,train
${BOSSBASE_ROOT}\stego\HILL\0.4bpp\stego\5541.pgm,1,train
${BOSSBASE_ROOT}\stego\HILL\0.4bpp\stego\5744.pgm,1,train
${BOSSBASE_ROOT}\stego\HILL\0.4bpp\stego\6070.pgm,1,train
${BOSSBASE_ROOT}\stego\HILL\0.4bpp\stego\8091.pgm,1,train
${BOSSBASE_ROOT}\cover\3935.pgm,0,train
${BOSSBASE_ROOT}\stego\HILL\0.4bpp\stego\2259.pgm,1,train
${BOSSBASE_ROOT}\cover\3808.pgm,0,train
${BOSSBASE_ROOT}\cover\6782.pgm,0,train
${BOSSBASE_ROOT}\stego\HILL\0.4bpp\stego\6644.pgm,1,train
${BOSSBASE_ROOT}\stego\HILL\0.4bpp\stego\7569.pgm,1,train
${BOSSBASE_ROOT}\cover\571.pgm,0,train
${BOSSBASE_ROOT}\cover\8455.pgm,0,train
${BOSSBASE_ROOT}\cover\6607.pgm,0,train
${BOSSBASE_ROOT}\stego\HILL\0.4bpp\stego\4853.pgm,1,train
${BOSSBASE_ROOT}\stego\HILL\0.4bpp\stego\9745.pgm,1,train
${BOSSBASE_ROOT}\stego\HILL\0.4bpp\stego\4907.pgm,1,train
${BOSSBASE_ROOT}\cover\5942.pgm,0,train
${BOSSBASE_ROOT}\stego\HILL\0.4bpp\stego\4784.pgm,1,train
${BOSSBASE_ROOT}\cover\2430.pgm,0,train
${BOSSBASE_ROOT}\cover\5266.pgm,0,train
${BOSSBASE_ROOT}\cover\3440.pgm,0,train
${BOSSBASE_ROOT}\cover\4971.pgm,0,train
${BOSSBASE_ROOT}\cover\1922.pgm,0,train
${BOSSBASE_ROOT}\cover\361.pgm,0,train
${BOSSBASE_ROOT}\cover\7504.pgm,0,train
${BOSSBASE_ROOT}\stego\HILL\0.4bpp\stego\328.pgm,1,train
${BOSSBASE_ROOT}\cover\4338.pgm,0,train
${BOSSBASE_ROOT}\cover\3607.pgm,0,train
${BOSSBASE_ROOT}\stego\HILL\0.4bpp\stego\4599.pgm,1,train
${BOSSBASE_ROOT}\cover\4641.pgm,0,train
${BOSSBASE_ROOT}\stego\HILL\0.4bpp\stego\6749.pgm,1,train
${BOSSBASE_ROOT}\stego\HILL\0.4bpp\stego\2502.pgm,1,train
${BOSSBASE_ROOT}\cover\9081.pgm,0,train
${BOSSBASE_ROOT}\stego\HILL\0.4bpp\stego\8155.pgm,1,train
${BOSSBASE_ROOT}\stego\HILL\0.4bpp\stego\7.pgm,1,train
${BOSSBASE_ROOT}\cover\4933.pgm,0,train
${BOSSBASE_ROOT}\stego\HILL\0.4bpp\stego\7684.pgm,1,train
${BOSSBASE_ROOT}\stego\HILL\0.4bpp\stego\7625.pgm,1,train
${BOSSBASE_ROOT}\stego\HILL\0.4bpp\stego\2958.pgm,1,train
${BOSSBASE_ROOT}\cover\3235.pgm,0,train
${BOSSBASE_ROOT}\cover\4819.pgm,0,train
${BOSSBASE_ROOT}\stego\HILL\0.4bpp\stego\6237.pgm,1,train
${BOSSBASE_ROOT}\cover\2222.pgm,0,train
${BOSSBASE_ROOT}\cover\4660.pgm,0,train
${BOSSBASE_ROOT}\stego\HILL\0.4bpp\stego\8523.pgm,1,train
${BOSSBASE_ROOT}\cover\340.pgm,0,train
${BOSSBASE_ROOT}\cover\2616.pgm,0,train
${BOSSBASE_ROOT}\cover\5816.pgm,0,train
${BOSSBASE_ROOT}\cover\2201.pgm,0,train
${BOSSBASE_ROOT}\stego\HILL\0.4bpp\stego\84.pgm,1,train
${BOSSBASE_ROOT}\cover\8836.pgm,0,train
${BOSSBASE_ROOT}\stego\HILL\0.4bpp\stego\5086.pgm,1,train
${BOSSBASE_ROOT}\cover\6654.pgm,0,train
${BOSSBASE_ROOT}\stego\HILL\0.4bpp\stego\3977.pgm,1,train
${BOSSBASE_ROOT}\cover\7616.pgm,0,train
${BOSSBASE_ROOT}\cover\8761.pgm,0,train
${BOSSBASE_ROOT}\cover\2760.pgm,0,train
${BOSSBASE_ROOT}\cover\43.pgm,0,train
${BOSSBASE_ROOT}\cover\3730.pgm,0,train
${BOSSBASE_ROOT}\stego\HILL\0.4bpp\stego\8201.pgm,1,train
${BOSSBASE_ROOT}\stego\HILL\0.4bpp\stego\3841.pgm,1,train
${BOSSBASE_ROOT}\stego\HILL\0.4bpp\stego\2945.pgm,1,train
${BOSSBASE_ROOT}\cover\6709.pgm,0,train
${BOSSBASE_ROOT}\cover\1004.pgm,0,train
${BOSSBASE_ROOT}\stego\HILL\0.4bpp\stego\2877.pgm,1,train
${BOSSBASE_ROOT}\cover\9703.pgm,0,train
${BOSSBASE_ROOT}\stego\HILL\0.4bpp\stego\2732.pgm,1,train
${BOSSBASE_ROOT}\stego\HILL\0.4bpp\stego\7366.pgm,1,train
${BOSSBASE_ROOT}\stego\HILL\0.4bpp\stego\3167.pgm,1,train
${BOSSBASE_ROOT}\cover\1386.pgm,0,train
${BOSSBASE_ROOT}\cover\2332.pgm,0,train
${BOSSBASE_ROOT}\cover\2050.pgm,0,train
${BOSSBASE_ROOT}\stego\HILL\0.4bpp\stego\4927.pgm,1,train
${BOSSBASE_ROOT}\stego\HILL\0.4bpp\stego\8844.pgm,1,train
${BOSSBASE_ROOT}\cover\1756.pgm,0,train
${BOSSBASE_ROOT}\cover\1321.pgm,0,train
${BOSSBASE_ROOT}\cover\1158.pgm,0,train
${BOSSBASE_ROOT}\stego\HILL\0.4bpp\stego\5778.pgm,1,train
${BOSSBASE_ROOT}\cover\851.pgm,0,train
${BOSSBASE_ROOT}\stego\HILL\0.4bpp\stego\3428.pgm,1,train
${BOSSBASE_ROOT}\cover\1419.pgm,0,train
${BOSSBASE_ROOT}\stego\HILL\0.4bpp\stego\2057.pgm,1,train
${BOSSBASE_ROOT}\stego\HILL\0.4bpp\stego\4651.pgm,1,train
${BOSSBASE_ROOT}\cover\693.pgm,0,train
${BOSSBASE_ROOT}\cover\4292.pgm,0,train
${BOSSBASE_ROOT}\cover\766.pgm,0,train
${BOSSBASE_ROOT}\cover\5486.pgm,0,train
${BOSSBASE_ROOT}\stego\HILL\0.4bpp\stego\994.pgm,1,train
${BOSSBASE_ROOT}\cover\170.pgm,0,train
${BOSSBASE_ROOT}\stego\HILL\0.4bpp\stego\9755.pgm,1,train
${BOSSBASE_ROOT}\cover\300.pgm,0,train
${BOSSBASE_ROOT}\cover\3927.pgm,0,train
${BOSSBASE_ROOT}\cover\355.pgm,0,train
${BOSSBASE_ROOT}\stego\HILL\0.4bpp\stego\5295.pgm,1,train
${BOSSBASE_ROOT}\cover\1335.pgm,0,train
${BOSSBASE_ROOT}\cover\5051.pgm,0,train
${BOSSBASE_ROOT}\stego\HILL\0.4bpp\stego\2416.pgm,1,train
${BOSSBASE_ROOT}\cover\1460.pgm,0,train
${BOSSBASE_ROOT}\stego\HILL\0.4bpp\stego\3837.pgm,1,train
${BOSSBASE_ROOT}\cover\113.pgm,0,train
${BOSSBASE_ROOT}\stego\HILL\0.4bpp\stego\3840.pgm,1,train
${BOSSBASE_ROOT}\stego\HILL\0.4bpp\stego\7395.pgm,1,train
${BOSSBASE_ROOT}\stego\HILL\0.4bpp\stego\1034.pgm,1,train
${BOSSBASE_ROOT}\cover\2838.pgm,0,train
${BOSSBASE_ROOT}\stego\HILL\0.4bpp\stego\1888.pgm,1,train
${BOSSBASE_ROOT}\stego\HILL\0.4bpp\stego\7741.pgm,1,train
${BOSSBASE_ROOT}\stego\HILL\0.4bpp\stego\9744.pgm,1,train
${BOSSBASE_ROOT}\stego\HILL\0.4bpp\stego\8569.pgm,1,train
${BOSSBASE_ROOT}\cover\7460.pgm,0,train
${BOSSBASE_ROOT}\stego\HILL\0.4bpp\stego\5980.pgm,1,train
${BOSSBASE_ROOT}\stego\HILL\0.4bpp\stego\526.pgm,1,train
${BOSSBASE_ROOT}\stego\HILL\0.4bpp\stego\9062.pgm,1,train
${BOSSBASE_ROOT}\cover\578.pgm,0,train
${BOSSBASE_ROOT}\cover\4334.pgm,0,train
${BOSSBASE_ROOT}\cover\6221.pgm,0,train
${BOSSBASE_ROOT}\cover\3661.pgm,0,train
${BOSSBASE_ROOT}\cover\9800.pgm,0,train
${BOSSBASE_ROOT}\cover\5636.pgm,0,train
${BOSSBASE_ROOT}\stego\HILL\0.4bpp\stego\5668.pgm,1,train
${BOSSBASE_ROOT}\stego\HILL\0.4bpp\stego\5268.pgm,1,train
${BOSSBASE_ROOT}\stego\HILL\0.4bpp\stego\3201.pgm,1,train
${BOSSBASE_ROOT}\cover\9406.pgm,0,train
${BOSSBASE_ROOT}\stego\HILL\0.4bpp\stego\334.pgm,1,train
${BOSSBASE_ROOT}\stego\HILL\0.4bpp\stego\9593.pgm,1,train
${BOSSBASE_ROOT}\cover\9274.pgm,0,train
${BOSSBASE_ROOT}\cover\4997.pgm,0,train
${BOSSBASE_ROOT}\stego\HILL\0.4bpp\stego\7197.pgm,1,train
${BOSSBASE_ROOT}\cover\7095.pgm,0,train
${BOSSBASE_ROOT}\stego\HILL\0.4bpp\stego\150.pgm,1,train
${BOSSBASE_ROOT}\cover\873.pgm,0,train
${BOSSBASE_ROOT}\stego\HILL\0.4bpp\stego\9519.pgm,1,train
${BOSSBASE_ROOT}\cover\1151.pgm,0,train
${BOSSBASE_ROOT}\stego\HILL\0.4bpp\stego\2941.pgm,1,train
${BOSSBASE_ROOT}\stego\HILL\0.4bpp\stego\7647.pgm,1,train
${BOSSBASE_ROOT}\cover\4958.pgm,0,train
${BOSSBASE_ROOT}\cover\2756.pgm,0,train
${BOSSBASE_ROOT}\stego\HILL\0.4bpp\stego\495.pgm,1,train
${BOSSBASE_ROOT}\stego\HILL\0.4bpp\stego\9387.pgm,1,train
${BOSSBASE_ROOT}\cover\5842.pgm,0,train
${BOSSBASE_ROOT}\stego\HILL\0.4bpp\stego\8773.pgm,1,train
${BOSSBASE_ROOT}\stego\HILL\0.4bpp\stego\5266.pgm,1,train
${BOSSBASE_ROOT}\cover\4999.pgm,0,train
${BOSSBASE_ROOT}\stego\HILL\0.4bpp\stego\2280.pgm,1,train
${BOSSBASE_ROOT}\cover\4372.pgm,0,train
${BOSSBASE_ROOT}\cover\6992.pgm,0,train
${BOSSBASE_ROOT}\stego\HILL\0.4bpp\stego\7646.pgm,1,train
${BOSSBASE_ROOT}\stego\HILL\0.4bpp\stego\7542.pgm,1,train
${BOSSBASE_ROOT}\cover\5719.pgm,0,train
${BOSSBASE_ROOT}\cover\1344.pgm,0,train
${BOSSBASE_ROOT}\stego\HILL\0.4bpp\stego\9216.pgm,1,train
${BOSSBASE_ROOT}\stego\HILL\0.4bpp\stego\1374.pgm,1,train
${BOSSBASE_ROOT}\stego\HILL\0.4bpp\stego\7079.pgm,1,train
${BOSSBASE_ROOT}\cover\4337.pgm,0,train
${BOSSBASE_ROOT}\stego\HILL\0.4bpp\stego\9500.pgm,1,train
${BOSSBASE_ROOT}\cover\9096.pgm,0,train
${BOSSBASE_ROOT}\stego\HILL\0.4bpp\stego\8631.pgm,1,train
${BOSSBASE_ROOT}\cover\6218.pgm,0,train
${BOSSBASE_ROOT}\cover\4237.pgm,0,train
${BOSSBASE_ROOT}\stego\HILL\0.4bpp\stego\2578.pgm,1,train
${BOSSBASE_ROOT}\cover\8851.pgm,0,train
${BOSSBASE_ROOT}\stego\HILL\0.4bpp\stego\1779.pgm,1,train
${BOSSBASE_ROOT}\cover\9818.pgm,0,train
${BOSSBASE_ROOT}\stego\HILL\0.4bpp\stego\387.pgm,1,train
${BOSSBASE_ROOT}\cover\1728.pgm,0,train
${BOSSBASE_ROOT}\stego\HILL\0.4bpp\stego\8106.pgm,1,train
${BOSSBASE_ROOT}\stego\HILL\0.4bpp\stego\1606.pgm,1,train
${BOSSBASE_ROOT}\cover\1567.pgm,0,train
${BOSSBASE_ROOT}\stego\HILL\0.4bpp\stego\7715.pgm,1,train
${BOSSBASE_ROOT}\stego\HILL\0.4bpp\stego\2168.pgm,1,train
${BOSSBASE_ROOT}\cover\8415.pgm,0,train
${BOSSBASE_ROOT}\stego\HILL\0.4bpp\stego\1002.pgm,1,train
${BOSSBASE_ROOT}\stego\HILL\0.4bpp\stego\7508.pgm,1,train
${BOSSBASE_ROOT}\stego\HILL\0.4bpp\stego\6385.pgm,1,train
${BOSSBASE_ROOT}\cover\6935.pgm,0,train
${BOSSBASE_ROOT}\stego\HILL\0.4bpp\stego\499.pgm,1,train
${BOSSBASE_ROOT}\stego\HILL\0.4bpp\stego\8618.pgm,1,train
${BOSSBASE_ROOT}\cover\5099.pgm,0,train
${BOSSBASE_ROOT}\stego\HILL\0.4bpp\stego\3460.pgm,1,train
${BOSSBASE_ROOT}\stego\HILL\0.4bpp\stego\5320.pgm,1,train
${BOSSBASE_ROOT}\stego\HILL\0.4bpp\stego\1.pgm,1,train
${BOSSBASE_ROOT}\stego\HILL\0.4bpp\stego\4488.pgm,1,train
${BOSSBASE_ROOT}\stego\HILL\0.4bpp\stego\6433.pgm,1,train
${BOSSBASE_ROOT}\cover\5467.pgm,0,train
${BOSSBASE_ROOT}\stego\HILL\0.4bpp\stego\3669.pgm,1,train
${BOSSBASE_ROOT}\cover\5005.pgm,0,train
${BOSSBASE_ROOT}\cover\6174.pgm,0,train
${BOSSBASE_ROOT}\stego\HILL\0.4bpp\stego\8310.pgm,1,train
${BOSSBASE_ROOT}\stego\HILL\0.4bpp\stego\172.pgm,1,train
${BOSSBASE_ROOT}\cover\6869.pgm,0,train
${BOSSBASE_ROOT}\cover\9335.pgm,0,train
${BOSSBASE_ROOT}\stego\HILL\0.4bpp\stego\6356.pgm,1,train
${BOSSBASE_ROOT}\stego\HILL\0.4bpp\stego\1140.pgm,1,train
${BOSSBASE_ROOT}\cover\9392.pgm,0,train
${BOSSBASE_ROOT}\stego\HILL\0.4bpp\stego\1975.pgm,1,train
${BOSSBASE_ROOT}\cover\3454.pgm,0,train
${BOSSBASE_ROOT}\cover\4662.pgm,0,train
${BOSSBASE_ROOT}\stego\HILL\0.4bpp\stego\7425.pgm,1,train
${BOSSBASE_ROOT}\stego\HILL\0.4bpp\stego\4727.pgm,1,train
${BOSSBASE_ROOT}\cover\5129.pgm,0,train
${BOSSBASE_ROOT}\stego\HILL\0.4bpp\stego\2899.pgm,1,train
${BOSSBASE_ROOT}\cover\597.pgm,0,train
${BOSSBASE_ROOT}\cover\8667.pgm,0,train
${BOSSBASE_ROOT}\cover\8575.pgm,0,train
${BOSSBASE_ROOT}\cover\1812.pgm,0,train
${BOSSBASE_ROOT}\cover\2884.pgm,0,train
${BOSSBASE_ROOT}\cover\9942.pgm,0,train
${BOSSBASE_ROOT}\cover\4129.pgm,0,train
${BOSSBASE_ROOT}\stego\HILL\0.4bpp\stego\576.pgm,1,train
${BOSSBASE_ROOT}\stego\HILL\0.4bpp\stego\7745.pgm,1,train
${BOSSBASE_ROOT}\cover\7665.pgm,0,train
${BOSSBASE_ROOT}\cover\9224.pgm,0,train
${BOSSBASE_ROOT}\stego\HILL\0.4bpp\stego\554.pgm,1,train
${BOSSBASE_ROOT}\cover\7606.pgm,0,train
${BOSSBASE_ROOT}\cover\2919.pgm,0,train
${BOSSBASE_ROOT}\stego\HILL\0.4bpp\stego\2697.pgm,1,train
${BOSSBASE_ROOT}\stego\HILL\0.4bpp\stego\4161.pgm,1,train
${BOSSBASE_ROOT}\cover\9760.pgm,0,train
${BOSSBASE_ROOT}\stego\HILL\0.4bpp\stego\7430.pgm,1,train
${BOSSBASE_ROOT}\stego\HILL\0.4bpp\stego\2829.pgm,1,train
${BOSSBASE_ROOT}\cover\9011.pgm,0,train
${BOSSBASE_ROOT}\stego\HILL\0.4bpp\stego\362.pgm,1,train
${BOSSBASE_ROOT}\stego\HILL\0.4bpp\stego\8568.pgm,1,train
${BOSSBASE_ROOT}\cover\709.pgm,0,train
${BOSSBASE_ROOT}\cover\3481.pgm,0,train
${BOSSBASE_ROOT}\cover\5612.pgm,0,train
${BOSSBASE_ROOT}\cover\1932.pgm,0,train
${BOSSBASE_ROOT}\stego\HILL\0.4bpp\stego\2183.pgm,1,train
${BOSSBASE_ROOT}\stego\HILL\0.4bpp\stego\302.pgm,1,train
${BOSSBASE_ROOT}\cover\5435.pgm,0,train
${BOSSBASE_ROOT}\stego\HILL\0.4bpp\stego\6618.pgm,1,train
${BOSSBASE_ROOT}\stego\HILL\0.4bpp\stego\5720.pgm,1,train
${BOSSBASE_ROOT}\stego\HILL\0.4bpp\stego\3091.pgm,1,train
${BOSSBASE_ROOT}\stego\HILL\0.4bpp\stego\8034.pgm,1,train
${BOSSBASE_ROOT}\cover\4191.pgm,0,train
${BOSSBASE_ROOT}\stego\HILL\0.4bpp\stego\9110.pgm,1,train
${BOSSBASE_ROOT}\cover\2529.pgm,0,train
${BOSSBASE_ROOT}\cover\8615.pgm,0,train
${BOSSBASE_ROOT}\cover\4496.pgm,0,train
${BOSSBASE_ROOT}\cover\5927.pgm,0,train
${BOSSBASE_ROOT}\cover\6823.pgm,0,train
${BOSSBASE_ROOT}\cover\8268.pgm,0,train
${BOSSBASE_ROOT}\stego\HILL\0.4bpp\stego\4886.pgm,1,train
${BOSSBASE_ROOT}\cover\1937.pgm,0,train
${BOSSBASE_ROOT}\stego\HILL\0.4bpp\stego\2092.pgm,1,train
${BOSSBASE_ROOT}\stego\HILL\0.4bpp\stego\9287.pgm,1,train
${BOSSBASE_ROOT}\stego\HILL\0.4bpp\stego\6993.pgm,1,train
${BOSSBASE_ROOT}\stego\HILL\0.4bpp\stego\4382.pgm,1,train
${BOSSBASE_ROOT}\cover\9675.pgm,0,train
${BOSSBASE_ROOT}\cover\4055.pgm,0,train
${BOSSBASE_ROOT}\cover\7128.pgm,0,train
${BOSSBASE_ROOT}\stego\HILL\0.4bpp\stego\8404.pgm,1,train
${BOSSBASE_ROOT}\cover\8899.pgm,0,train
${BOSSBASE_ROOT}\stego\HILL\0.4bpp\stego\1580.pgm,1,train
${BOSSBASE_ROOT}\cover\2550.pgm,0,train
${BOSSBASE_ROOT}\cover\9408.pgm,0,train
${BOSSBASE_ROOT}\stego\HILL\0.4bpp\stego\7771.pgm,1,train
${BOSSBASE_ROOT}\cover\2904.pgm,0,train
${BOSSBASE_ROOT}\cover\5767.pgm,0,train
${BOSSBASE_ROOT}\stego\HILL\0.4bpp\stego\2293.pgm,1,train
${BOSSBASE_ROOT}\cover\3940.pgm,0,train
${BOSSBASE_ROOT}\stego\HILL\0.4bpp\stego\3984.pgm,1,train
${BOSSBASE_ROOT}\cover\6441.pgm,0,train
${BOSSBASE_ROOT}\stego\HILL\0.4bpp\stego\9159.pgm,1,train
${BOSSBASE_ROOT}\cover\7081.pgm,0,train
${BOSSBASE_ROOT}\cover\7109.pgm,0,train
${BOSSBASE_ROOT}\cover\1403.pgm,0,train
${BOSSBASE_ROOT}\stego\HILL\0.4bpp\stego\7177.pgm,1,train
${BOSSBASE_ROOT}\stego\HILL\0.4bpp\stego\4417.pgm,1,train
${BOSSBASE_ROOT}\cover\8004.pgm,0,train
${BOSSBASE_ROOT}\cover\5856.pgm,0,train
${BOSSBASE_ROOT}\cover\1866.pgm,0,train
${BOSSBASE_ROOT}\cover\3953.pgm,0,train
${BOSSBASE_ROOT}\cover\4518.pgm,0,train
${BOSSBASE_ROOT}\cover\4861.pgm,0,train
${BOSSBASE_ROOT}\cover\4283.pgm,0,train
${BOSSBASE_ROOT}\cover\9973.pgm,0,train
${BOSSBASE_ROOT}\stego\HILL\0.4bpp\stego\2863.pgm,1,train
${BOSSBASE_ROOT}\cover\1164.pgm,0,train
${BOSSBASE_ROOT}\stego\HILL\0.4bpp\stego\704.pgm,1,train
${BOSSBASE_ROOT}\cover\2057.pgm,0,train
${BOSSBASE_ROOT}\cover\3790.pgm,0,train
${BOSSBASE_ROOT}\stego\HILL\0.4bpp\stego\3290.pgm,1,train
${BOSSBASE_ROOT}\cover\1685.pgm,0,train
${BOSSBASE_ROOT}\stego\HILL\0.4bpp\stego\6249.pgm,1,train
${BOSSBASE_ROOT}\stego\HILL\0.4bpp\stego\8434.pgm,1,train
${BOSSBASE_ROOT}\stego\HILL\0.4bpp\stego\5612.pgm,1,train
${BOSSBASE_ROOT}\stego\HILL\0.4bpp\stego\1976.pgm,1,train
${BOSSBASE_ROOT}\cover\8915.pgm,0,train
${BOSSBASE_ROOT}\cover\4969.pgm,0,train
${BOSSBASE_ROOT}\stego\HILL\0.4bpp\stego\5533.pgm,1,train
${BOSSBASE_ROOT}\stego\HILL\0.4bpp\stego\6983.pgm,1,train
${BOSSBASE_ROOT}\stego\HILL\0.4bpp\stego\8728.pgm,1,train
${BOSSBASE_ROOT}\stego\HILL\0.4bpp\stego\3445.pgm,1,train
${BOSSBASE_ROOT}\cover\1556.pgm,0,train
${BOSSBASE_ROOT}\stego\HILL\0.4bpp\stego\4076.pgm,1,train
${BOSSBASE_ROOT}\stego\HILL\0.4bpp\stego\7756.pgm,1,train
${BOSSBASE_ROOT}\stego\HILL\0.4bpp\stego\5767.pgm,1,train
${BOSSBASE_ROOT}\cover\4714.pgm,0,train
${BOSSBASE_ROOT}\stego\HILL\0.4bpp\stego\1533.pgm,1,train
${BOSSBASE_ROOT}\stego\HILL\0.4bpp\stego\6143.pgm,1,train
${BOSSBASE_ROOT}\stego\HILL\0.4bpp\stego\1937.pgm,1,train
${BOSSBASE_ROOT}\cover\6422.pgm,0,train
${BOSSBASE_ROOT}\stego\HILL\0.4bpp\stego\741.pgm,1,train
${BOSSBASE_ROOT}\cover\5548.pgm,0,train
${BOSSBASE_ROOT}\cover\2275.pgm,0,train
${BOSSBASE_ROOT}\cover\4414.pgm,0,train
${BOSSBASE_ROOT}\stego\HILL\0.4bpp\stego\9823.pgm,1,train
${BOSSBASE_ROOT}\cover\9890.pgm,0,train
${BOSSBASE_ROOT}\stego\HILL\0.4bpp\stego\6567.pgm,1,train
${BOSSBASE_ROOT}\stego\HILL\0.4bpp\stego\821.pgm,1,train
${BOSSBASE_ROOT}\cover\4291.pgm,0,train
${BOSSBASE_ROOT}\cover\3529.pgm,0,train
${BOSSBASE_ROOT}\stego\HILL\0.4bpp\stego\7317.pgm,1,train
${BOSSBASE_ROOT}\cover\945.pgm,0,train
${BOSSBASE_ROOT}\cover\5541.pgm,0,train
${BOSSBASE_ROOT}\cover\7807.pgm,0,train
${BOSSBASE_ROOT}\cover\73.pgm,0,train
${BOSSBASE_ROOT}\stego\HILL\0.4bpp\stego\1486.pgm,1,train
${BOSSBASE_ROOT}\stego\HILL\0.4bpp\stego\728.pgm,1,train
${BOSSBASE_ROOT}\stego\HILL\0.4bpp\stego\8168.pgm,1,train
${BOSSBASE_ROOT}\stego\HILL\0.4bpp\stego\1083.pgm,1,train
${BOSSBASE_ROOT}\cover\6243.pgm,0,train
${BOSSBASE_ROOT}\cover\2702.pgm,0,train
${BOSSBASE_ROOT}\stego\HILL\0.4bpp\stego\2991.pgm,1,train
${BOSSBASE_ROOT}\stego\HILL\0.4bpp\stego\2202.pgm,1,train
${BOSSBASE_ROOT}\cover\5301.pgm,0,train
${BOSSBASE_ROOT}\cover\6525.pgm,0,train
${BOSSBASE_ROOT}\cover\9253.pgm,0,train
${BOSSBASE_ROOT}\stego\HILL\0.4bpp\stego\8638.pgm,1,train
${BOSSBASE_ROOT}\cover\3964.pgm,0,train
${BOSSBASE_ROOT}\cover\4263.pgm,0,train
${BOSSBASE_ROOT}\stego\HILL\0.4bpp\stego\1668.pgm,1,train
${BOSSBASE_ROOT}\stego\HILL\0.4bpp\stego\2100.pgm,1,train
${BOSSBASE_ROOT}\cover\9669.pgm,0,train
${BOSSBASE_ROOT}\cover\3303.pgm,0,train
${BOSSBASE_ROOT}\cover\2274.pgm,0,train
${BOSSBASE_ROOT}\cover\263.pgm,0,train
${BOSSBASE_ROOT}\cover\4831.pgm,0,train
${BOSSBASE_ROOT}\cover\2773.pgm,0,train
${BOSSBASE_ROOT}\stego\HILL\0.4bpp\stego\9033.pgm,1,train
${BOSSBASE_ROOT}\cover\4424.pgm,0,train
${BOSSBASE_ROOT}\cover\7256.pgm,0,train
${BOSSBASE_ROOT}\cover\9778.pgm,0,train
${BOSSBASE_ROOT}\cover\4495.pgm,0,train
${BOSSBASE_ROOT}\cover\7149.pgm,0,train
${BOSSBASE_ROOT}\cover\5823.pgm,0,train
${BOSSBASE_ROOT}\stego\HILL\0.4bpp\stego\4633.pgm,1,train
${BOSSBASE_ROOT}\stego\HILL\0.4bpp\stego\7162.pgm,1,train
${BOSSBASE_ROOT}\cover\3783.pgm,0,train
${BOSSBASE_ROOT}\cover\2913.pgm,0,train
${BOSSBASE_ROOT}\cover\3842.pgm,0,train
${BOSSBASE_ROOT}\stego\HILL\0.4bpp\stego\4340.pgm,1,train
${BOSSBASE_ROOT}\cover\7133.pgm,0,train
${BOSSBASE_ROOT}\stego\HILL\0.4bpp\stego\8186.pgm,1,train
${BOSSBASE_ROOT}\stego\HILL\0.4bpp\stego\8396.pgm,1,train
${BOSSBASE_ROOT}\cover\3021.pgm,0,train
${BOSSBASE_ROOT}\cover\9108.pgm,0,train
${BOSSBASE_ROOT}\cover\9774.pgm,0,train
${BOSSBASE_ROOT}\cover\6292.pgm,0,train
${BOSSBASE_ROOT}\stego\HILL\0.4bpp\stego\8817.pgm,1,train
${BOSSBASE_ROOT}\stego\HILL\0.4bpp\stego\1078.pgm,1,train
${BOSSBASE_ROOT}\stego\HILL\0.4bpp\stego\5666.pgm,1,train
${BOSSBASE_ROOT}\stego\HILL\0.4bpp\stego\8919.pgm,1,train
${BOSSBASE_ROOT}\cover\1310.pgm,0,train
${BOSSBASE_ROOT}\cover\3850.pgm,0,train
${BOSSBASE_ROOT}\cover\1664.pgm,0,train
${BOSSBASE_ROOT}\cover\1708.pgm,0,train
${BOSSBASE_ROOT}\cover\2001.pgm,0,train
${BOSSBASE_ROOT}\stego\HILL\0.4bpp\stego\3006.pgm,1,train
${BOSSBASE_ROOT}\stego\HILL\0.4bpp\stego\4468.pgm,1,train
${BOSSBASE_ROOT}\cover\9202.pgm,0,train
${BOSSBASE_ROOT}\cover\2319.pgm,0,train
${BOSSBASE_ROOT}\stego\HILL\0.4bpp\stego\9976.pgm,1,train
${BOSSBASE_ROOT}\cover\3148.pgm,0,train
${BOSSBASE_ROOT}\cover\2731.pgm,0,train
${BOSSBASE_ROOT}\cover\4995.pgm,0,train
${BOSSBASE_ROOT}\stego\HILL\0.4bpp\stego\5847.pgm,1,train
${BOSSBASE_ROOT}\stego\HILL\0.4bpp\stego\4889.pgm,1,train
${BOSSBASE_ROOT}\stego\HILL\0.4bpp\stego\9642.pgm,1,train
${BOSSBASE_ROOT}\cover\148.pgm,0,train
${BOSSBASE_ROOT}\cover\7749.pgm,0,train
${BOSSBASE_ROOT}\cover\7485.pgm,0,train
${BOSSBASE_ROOT}\cover\5487.pgm,0,train
${BOSSBASE_ROOT}\cover\2180.pgm,0,train
${BOSSBASE_ROOT}\cover\358.pgm,0,train
${BOSSBASE_ROOT}\stego\HILL\0.4bpp\stego\7026.pgm,1,train
${BOSSBASE_ROOT}\cover\8399.pgm,0,train
${BOSSBASE_ROOT}\stego\HILL\0.4bpp\stego\3354.pgm,1,train
${BOSSBASE_ROOT}\cover\5813.pgm,0,train
${BOSSBASE_ROOT}\cover\4926.pgm,0,train
${BOSSBASE_ROOT}\cover\2249.pgm,0,train
${BOSSBASE_ROOT}\cover\2494.pgm,0,train
${BOSSBASE_ROOT}\stego\HILL\0.4bpp\stego\6361.pgm,1,train
${BOSSBASE_ROOT}\cover\823.pgm,0,train
${BOSSBASE_ROOT}\cover\9272.pgm,0,train
${BOSSBASE_ROOT}\stego\HILL\0.4bpp\stego\4642.pgm,1,train
${BOSSBASE_ROOT}\stego\HILL\0.4bpp\stego\2856.pgm,1,train
${BOSSBASE_ROOT}\cover\6591.pgm,0,train
${BOSSBASE_ROOT}\cover\5345.pgm,0,train
${BOSSBASE_ROOT}\cover\2000.pgm,0,train
${BOSSBASE_ROOT}\stego\HILL\0.4bpp\stego\9700.pgm,1,train
${BOSSBASE_ROOT}\stego\HILL\0.4bpp\stego\8070.pgm,1,train
${BOSSBASE_ROOT}\cover\9206.pgm,0,train
${BOSSBASE_ROOT}\stego\HILL\0.4bpp\stego\6489.pgm,1,train
${BOSSBASE_ROOT}\stego\HILL\0.4bpp\stego\5090.pgm,1,train
${BOSSBASE_ROOT}\stego\HILL\0.4bpp\stego\3613.pgm,1,train
${BOSSBASE_ROOT}\stego\HILL\0.4bpp\stego\7477.pgm,1,train
${BOSSBASE_ROOT}\stego\HILL\0.4bpp\stego\2887.pgm,1,train
${BOSSBASE_ROOT}\cover\2137.pgm,0,train
${BOSSBASE_ROOT}\cover\691.pgm,0,train
${BOSSBASE_ROOT}\stego\HILL\0.4bpp\stego\9884.pgm,1,train
${BOSSBASE_ROOT}\stego\HILL\0.4bpp\stego\61.pgm,1,train
${BOSSBASE_ROOT}\cover\1291.pgm,0,train
${BOSSBASE_ROOT}\cover\9789.pgm,0,train
${BOSSBASE_ROOT}\cover\3150.pgm,0,train
${BOSSBASE_ROOT}\stego\HILL\0.4bpp\stego\8563.pgm,1,train
${BOSSBASE_ROOT}\stego\HILL\0.4bpp\stego\1452.pgm,1,train
${BOSSBASE_ROOT}\cover\1144.pgm,0,train
${BOSSBASE_ROOT}\cover\749.pgm,0,train
${BOSSBASE_ROOT}\cover\7406.pgm,0,train
${BOSSBASE_ROOT}\cover\4673.pgm,0,train
${BOSSBASE_ROOT}\stego\HILL\0.4bpp\stego\7689.pgm,1,train
${BOSSBASE_ROOT}\stego\HILL\0.4bpp\stego\7706.pgm,1,train
${BOSSBASE_ROOT}\stego\HILL\0.4bpp\stego\8984.pgm,1,train
${BOSSBASE_ROOT}\stego\HILL\0.4bpp\stego\8260.pgm,1,train
${BOSSBASE_ROOT}\cover\8532.pgm,0,train
${BOSSBASE_ROOT}\cover\6347.pgm,0,train
${BOSSBASE_ROOT}\stego\HILL\0.4bpp\stego\7493.pgm,1,train
${BOSSBASE_ROOT}\cover\6571.pgm,0,train
${BOSSBASE_ROOT}\cover\2727.pgm,0,train
${BOSSBASE_ROOT}\cover\7966.pgm,0,train
${BOSSBASE_ROOT}\stego\HILL\0.4bpp\stego\8903.pgm,1,train
${BOSSBASE_ROOT}\stego\HILL\0.4bpp\stego\3068.pgm,1,train
${BOSSBASE_ROOT}\cover\567.pgm,0,train
${BOSSBASE_ROOT}\cover\1734.pgm,0,train
${BOSSBASE_ROOT}\cover\379.pgm,0,train
${BOSSBASE_ROOT}\stego\HILL\0.4bpp\stego\3465.pgm,1,train
${BOSSBASE_ROOT}\stego\HILL\0.4bpp\stego\6762.pgm,1,train
${BOSSBASE_ROOT}\stego\HILL\0.4bpp\stego\8227.pgm,1,train
${BOSSBASE_ROOT}\stego\HILL\0.4bpp\stego\2756.pgm,1,train
${BOSSBASE_ROOT}\cover\2220.pgm,0,train
${BOSSBASE_ROOT}\cover\3483.pgm,0,train
${BOSSBASE_ROOT}\cover\4624.pgm,0,train
${BOSSBASE_ROOT}\stego\HILL\0.4bpp\stego\4699.pgm,1,train
${BOSSBASE_ROOT}\stego\HILL\0.4bpp\stego\2976.pgm,1,train
${BOSSBASE_ROOT}\stego\HILL\0.4bpp\stego\8680.pgm,1,train
${BOSSBASE_ROOT}\cover\5731.pgm,0,train
${BOSSBASE_ROOT}\stego\HILL\0.4bpp\stego\4009.pgm,1,train
${BOSSBASE_ROOT}\cover\6710.pgm,0,train
${BOSSBASE_ROOT}\cover\6762.pgm,0,train
${BOSSBASE_ROOT}\stego\HILL\0.4bpp\stego\1862.pgm,1,train
${BOSSBASE_ROOT}\cover\6689.pgm,0,train
${BOSSBASE_ROOT}\stego\HILL\0.4bpp\stego\1611.pgm,1,train
${BOSSBASE_ROOT}\cover\7594.pgm,0,train
${BOSSBASE_ROOT}\stego\HILL\0.4bpp\stego\183.pgm,1,train
${BOSSBASE_ROOT}\cover\8451.pgm,0,train
${BOSSBASE_ROOT}\cover\9018.pgm,0,train
${BOSSBASE_ROOT}\cover\4185.pgm,0,train
${BOSSBASE_ROOT}\cover\3999.pgm,0,train
${BOSSBASE_ROOT}\stego\HILL\0.4bpp\stego\449.pgm,1,train
${BOSSBASE_ROOT}\stego\HILL\0.4bpp\stego\8980.pgm,1,train
${BOSSBASE_ROOT}\cover\9897.pgm,0,train
${BOSSBASE_ROOT}\stego\HILL\0.4bpp\stego\4631.pgm,1,train
${BOSSBASE_ROOT}\cover\4636.pgm,0,train
${BOSSBASE_ROOT}\stego\HILL\0.4bpp\stego\3493.pgm,1,train
${BOSSBASE_ROOT}\stego\HILL\0.4bpp\stego\1692.pgm,1,train
${BOSSBASE_ROOT}\cover\6999.pgm,0,train
${BOSSBASE_ROOT}\cover\2067.pgm,0,train
${BOSSBASE_ROOT}\stego\HILL\0.4bpp\stego\5325.pgm,1,train
${BOSSBASE_ROOT}\cover\6788.pgm,0,train
${BOSSBASE_ROOT}\cover\1297.pgm,0,train
${BOSSBASE_ROOT}\cover\9100.pgm,0,train
${BOSSBASE_ROOT}\stego\HILL\0.4bpp\stego\1858.pgm,1,train
${BOSSBASE_ROOT}\stego\HILL\0.4bpp\stego\4142.pgm,1,train
${BOSSBASE_ROOT}\stego\HILL\0.4bpp\stego\1945.pgm,1,train
${BOSSBASE_ROOT}\cover\3510.pgm,0,train
${BOSSBASE_ROOT}\cover\185.pgm,0,train
${BOSSBASE_ROOT}\stego\HILL\0.4bpp\stego\7615.pgm,1,train
${BOSSBASE_ROOT}\stego\HILL\0.4bpp\stego\3541.pgm,1,train
${BOSSBASE_ROOT}\cover\9799.pgm,0,train
${BOSSBASE_ROOT}\cover\2134.pgm,0,train
${BOSSBASE_ROOT}\cover\604.pgm,0,train
${BOSSBASE_ROOT}\cover\2617.pgm,0,train
${BOSSBASE_ROOT}\cover\4692.pgm,0,train
${BOSSBASE_ROOT}\cover\7122.pgm,0,train
${BOSSBASE_ROOT}\stego\HILL\0.4bpp\stego\7313.pgm,1,train
${BOSSBASE_ROOT}\cover\9210.pgm,0,train
${BOSSBASE_ROOT}\stego\HILL\0.4bpp\stego\300.pgm,1,train
${BOSSBASE_ROOT}\stego\HILL\0.4bpp\stego\6053.pgm,1,train
${BOSSBASE_ROOT}\stego\HILL\0.4bpp\stego\8861.pgm,1,train
${BOSSBASE_ROOT}\stego\HILL\0.4bpp\stego\4730.pgm,1,train
${BOSSBASE_ROOT}\stego\HILL\0.4bpp\stego\7312.pgm,1,train
${BOSSBASE_ROOT}\stego\HILL\0.4bpp\stego\8039.pgm,1,train
${BOSSBASE_ROOT}\stego\HILL\0.4bpp\stego\4649.pgm,1,train
${BOSSBASE_ROOT}\cover\1536.pgm,0,train
${BOSSBASE_ROOT}\stego\HILL\0.4bpp\stego\2664.pgm,1,train
${BOSSBASE_ROOT}\stego\HILL\0.4bpp\stego\4069.pgm,1,train
${BOSSBASE_ROOT}\cover\4645.pgm,0,train
${BOSSBASE_ROOT}\cover\6382.pgm,0,train
${BOSSBASE_ROOT}\cover\3256.pgm,0,train
${BOSSBASE_ROOT}\stego\HILL\0.4bpp\stego\1174.pgm,1,train
${BOSSBASE_ROOT}\stego\HILL\0.4bpp\stego\8300.pgm,1,train
${BOSSBASE_ROOT}\stego\HILL\0.4bpp\stego\6808.pgm,1,train
${BOSSBASE_ROOT}\stego\HILL\0.4bpp\stego\4414.pgm,1,train
${BOSSBASE_ROOT}\stego\HILL\0.4bpp\stego\4127.pgm,1,train
${BOSSBASE_ROOT}\stego\HILL\0.4bpp\stego\9560.pgm,1,train
${BOSSBASE_ROOT}\cover\8355.pgm,0,train
${BOSSBASE_ROOT}\cover\7843.pgm,0,train
${BOSSBASE_ROOT}\cover\6333.pgm,0,train
${BOSSBASE_ROOT}\cover\5832.pgm,0,train
${BOSSBASE_ROOT}\stego\HILL\0.4bpp\stego\3371.pgm,1,train
${BOSSBASE_ROOT}\stego\HILL\0.4bpp\stego\231.pgm,1,train
${BOSSBASE_ROOT}\cover\4047.pgm,0,train
${BOSSBASE_ROOT}\cover\9082.pgm,0,train
${BOSSBASE_ROOT}\cover\5340.pgm,0,train
${BOSSBASE_ROOT}\stego\HILL\0.4bpp\stego\6595.pgm,1,train
${BOSSBASE_ROOT}\stego\HILL\0.4bpp\stego\2973.pgm,1,train
${BOSSBASE_ROOT}\stego\HILL\0.4bpp\stego\8550.pgm,1,train
${BOSSBASE_ROOT}\stego\HILL\0.4bpp\stego\2444.pgm,1,train
${BOSSBASE_ROOT}\stego\HILL\0.4bpp\stego\1750.pgm,1,train
${BOSSBASE_ROOT}\cover\1528.pgm,0,train
${BOSSBASE_ROOT}\stego\HILL\0.4bpp\stego\5881.pgm,1,train
${BOSSBASE_ROOT}\cover\7805.pgm,0,train
${BOSSBASE_ROOT}\cover\8970.pgm,0,train
${BOSSBASE_ROOT}\stego\HILL\0.4bpp\stego\6619.pgm,1,train
${BOSSBASE_ROOT}\stego\HILL\0.4bpp\stego\6225.pgm,1,train
${BOSSBASE_ROOT}\cover\42.pgm,0,train
${BOSSBASE_ROOT}\stego\HILL\0.4bpp\stego\8657.pgm,1,train
${BOSSBASE_ROOT}\cover\1940.pgm,0,train
${BOSSBASE_ROOT}\stego\HILL\0.4bpp\stego\5049.pgm,1,train
${BOSSBASE_ROOT}\cover\1027.pgm,0,train
${BOSSBASE_ROOT}\cover\1610.pgm,0,train
${BOSSBASE_ROOT}\cover\4045.pgm,0,train
${BOSSBASE_ROOT}\stego\HILL\0.4bpp\stego\5459.pgm,1,train
${BOSSBASE_ROOT}\stego\HILL\0.4bpp\stego\2604.pgm,1,train
${BOSSBASE_ROOT}\stego\HILL\0.4bpp\stego\2024.pgm,1,train
${BOSSBASE_ROOT}\stego\HILL\0.4bpp\stego\8931.pgm,1,train
${BOSSBASE_ROOT}\stego\HILL\0.4bpp\stego\6717.pgm,1,train
${BOSSBASE_ROOT}\cover\6881.pgm,0,train
${BOSSBASE_ROOT}\cover\9668.pgm,0,train
${BOSSBASE_ROOT}\stego\HILL\0.4bpp\stego\9483.pgm,1,train
${BOSSBASE_ROOT}\stego\HILL\0.4bpp\stego\5839.pgm,1,train
${BOSSBASE_ROOT}\cover\9318.pgm,0,train
${BOSSBASE_ROOT}\cover\3621.pgm,0,train
${BOSSBASE_ROOT}\cover\3519.pgm,0,train
${BOSSBASE_ROOT}\stego\HILL\0.4bpp\stego\9249.pgm,1,train
${BOSSBASE_ROOT}\stego\HILL\0.4bpp\stego\9296.pgm,1,train
${BOSSBASE_ROOT}\stego\HILL\0.4bpp\stego\1918.pgm,1,train
${BOSSBASE_ROOT}\stego\HILL\0.4bpp\stego\759.pgm,1,train
${BOSSBASE_ROOT}\stego\HILL\0.4bpp\stego\1409.pgm,1,train
${BOSSBASE_ROOT}\stego\HILL\0.4bpp\stego\4080.pgm,1,train
${BOSSBASE_ROOT}\cover\9710.pgm,0,train
${BOSSBASE_ROOT}\stego\HILL\0.4bpp\stego\1872.pgm,1,train
${BOSSBASE_ROOT}\stego\HILL\0.4bpp\stego\9885.pgm,1,train
${BOSSBASE_ROOT}\stego\HILL\0.4bpp\stego\6751.pgm,1,train
${BOSSBASE_ROOT}\stego\HILL\0.4bpp\stego\7826.pgm,1,train
${BOSSBASE_ROOT}\cover\7303.pgm,0,train
${BOSSBASE_ROOT}\cover\8339.pgm,0,train
${BOSSBASE_ROOT}\cover\426.pgm,0,train
${BOSSBASE_ROOT}\stego\HILL\0.4bpp\stego\5780.pgm,1,train
${BOSSBASE_ROOT}\cover\3164.pgm,0,train
${BOSSBASE_ROOT}\stego\HILL\0.4bpp\stego\1833.pgm,1,train
${BOSSBASE_ROOT}\cover\6385.pgm,0,train
${BOSSBASE_ROOT}\cover\3732.pgm,0,train
${BOSSBASE_ROOT}\cover\2626.pgm,0,train
${BOSSBASE_ROOT}\cover\7964.pgm,0,train
${BOSSBASE_ROOT}\stego\HILL\0.4bpp\stego\4933.pgm,1,train
${BOSSBASE_ROOT}\stego\HILL\0.4bpp\stego\1528.pgm,1,train
${BOSSBASE_ROOT}\stego\HILL\0.4bpp\stego\7723.pgm,1,train
${BOSSBASE_ROOT}\cover\9430.pgm,0,train
${BOSSBASE_ROOT}\cover\8030.pgm,0,train
${BOSSBASE_ROOT}\stego\HILL\0.4bpp\stego\5160.pgm,1,train
${BOSSBASE_ROOT}\stego\HILL\0.4bpp\stego\7597.pgm,1,train
${BOSSBASE_ROOT}\cover\9482.pgm,0,train
${BOSSBASE_ROOT}\cover\7154.pgm,0,train
${BOSSBASE_ROOT}\cover\3921.pgm,0,train
${BOSSBASE_ROOT}\cover\6201.pgm,0,train
${BOSSBASE_ROOT}\stego\HILL\0.4bpp\stego\1843.pgm,1,train
${BOSSBASE_ROOT}\cover\937.pgm,0,train
${BOSSBASE_ROOT}\stego\HILL\0.4bpp\stego\9230.pgm,1,train
${BOSSBASE_ROOT}\cover\7412.pgm,0,train
${BOSSBASE_ROOT}\stego\HILL\0.4bpp\stego\2922.pgm,1,train
${BOSSBASE_ROOT}\stego\HILL\0.4bpp\stego\7446.pgm,1,train
${BOSSBASE_ROOT}\stego\HILL\0.4bpp\stego\4220.pgm,1,train
${BOSSBASE_ROOT}\stego\HILL\0.4bpp\stego\6656.pgm,1,train
${BOSSBASE_ROOT}\cover\1832.pgm,0,train
${BOSSBASE_ROOT}\cover\4261.pgm,0,train
${BOSSBASE_ROOT}\stego\HILL\0.4bpp\stego\5953.pgm,1,train
${BOSSBASE_ROOT}\cover\8003.pgm,0,train
${BOSSBASE_ROOT}\stego\HILL\0.4bpp\stego\6203.pgm,1,train
${BOSSBASE_ROOT}\stego\HILL\0.4bpp\stego\1182.pgm,1,train
${BOSSBASE_ROOT}\cover\8625.pgm,0,train
${BOSSBASE_ROOT}\stego\HILL\0.4bpp\stego\2.pgm,1,train
${BOSSBASE_ROOT}\stego\HILL\0.4bpp\stego\8684.pgm,1,train
${BOSSBASE_ROOT}\stego\HILL\0.4bpp\stego\3937.pgm,1,train
${BOSSBASE_ROOT}\stego\HILL\0.4bpp\stego\8802.pgm,1,train
${BOSSBASE_ROOT}\cover\9759.pgm,0,train
${BOSSBASE_ROOT}\cover\1093.pgm,0,train
${BOSSBASE_ROOT}\stego\HILL\0.4bpp\stego\2682.pgm,1,train
${BOSSBASE_ROOT}\stego\HILL\0.4bpp\stego\2303.pgm,1,train
${BOSSBASE_ROOT}\cover\2250.pgm,0,train
${BOSSBASE_ROOT}\stego\HILL\0.4bpp\stego\8952.pgm,1,train
${BOSSBASE_ROOT}\cover\4723.pgm,0,train
${BOSSBASE_ROOT}\stego\HILL\0.4bpp\stego\1974.pgm,1,train
${BOSSBASE_ROOT}\stego\HILL\0.4bpp\stego\5923.pgm,1,train
${BOSSBASE_ROOT}\cover\3323.pgm,0,train
${BOSSBASE_ROOT}\stego\HILL\0.4bpp\stego\4991.pgm,1,train
${BOSSBASE_ROOT}\cover\4110.pgm,0,train
${BOSSBASE_ROOT}\stego\HILL\0.4bpp\stego\6925.pgm,1,train
${BOSSBASE_ROOT}\cover\7833.pgm,0,train
${BOSSBASE_ROOT}\stego\HILL\0.4bpp\stego\2875.pgm,1,train
${BOSSBASE_ROOT}\stego\HILL\0.4bpp\stego\3227.pgm,1,train
${BOSSBASE_ROOT}\cover\5819.pgm,0,train
${BOSSBASE_ROOT}\cover\1892.pgm,0,train
${BOSSBASE_ROOT}\stego\HILL\0.4bpp\stego\4995.pgm,1,train
${BOSSBASE_ROOT}\stego\HILL\0.4bpp\stego\7780.pgm,1,train
${BOSSBASE_ROOT}\stego\HILL\0.4bpp\stego\6929.pgm,1,train
${BOSSBASE_ROOT}\cover\393.pgm,0,train
${BOSSBASE_ROOT}\cover\8654.pgm,0,train
${BOSSBASE_ROOT}\cover\6224.pgm,0,train
${BOSSBASE_ROOT}\stego\HILL\0.4bpp\stego\8532.pgm,1,train
${BOSSBASE_ROOT}\cover\1336.pgm,0,train
${BOSSBASE_ROOT}\stego\HILL\0.4bpp\stego\6300.pgm,1,train
${BOSSBASE_ROOT}\cover\8606.pgm,0,train
${BOSSBASE_ROOT}\stego\HILL\0.4bpp\stego\7168.pgm,1,train
${BOSSBASE_ROOT}\stego\HILL\0.4bpp\stego\6066.pgm,1,train
${BOSSBASE_ROOT}\stego\HILL\0.4bpp\stego\4241.pgm,1,train
${BOSSBASE_ROOT}\stego\HILL\0.4bpp\stego\1736.pgm,1,train
${BOSSBASE_ROOT}\stego\HILL\0.4bpp\stego\6773.pgm,1,train
${BOSSBASE_ROOT}\cover\6241.pgm,0,train
${BOSSBASE_ROOT}\cover\1201.pgm,0,train
${BOSSBASE_ROOT}\cover\1060.pgm,0,train
${BOSSBASE_ROOT}\cover\3008.pgm,0,train
${BOSSBASE_ROOT}\cover\897.pgm,0,train
${BOSSBASE_ROOT}\stego\HILL\0.4bpp\stego\5867.pgm,1,train
${BOSSBASE_ROOT}\cover\4748.pgm,0,train
${BOSSBASE_ROOT}\stego\HILL\0.4bpp\stego\309.pgm,1,train
${BOSSBASE_ROOT}\stego\HILL\0.4bpp\stego\1835.pgm,1,train
${BOSSBASE_ROOT}\cover\1635.pgm,0,train
${BOSSBASE_ROOT}\stego\HILL\0.4bpp\stego\5503.pgm,1,train
${BOSSBASE_ROOT}\stego\HILL\0.4bpp\stego\533.pgm,1,train
${BOSSBASE_ROOT}\cover\3324.pgm,0,train
${BOSSBASE_ROOT}\cover\7037.pgm,0,train
${BOSSBASE_ROOT}\cover\400.pgm,0,train
${BOSSBASE_ROOT}\cover\7754.pgm,0,train
${BOSSBASE_ROOT}\cover\2931.pgm,0,train
${BOSSBASE_ROOT}\stego\HILL\0.4bpp\stego\7362.pgm,1,train
${BOSSBASE_ROOT}\stego\HILL\0.4bpp\stego\6992.pgm,1,train
${BOSSBASE_ROOT}\cover\7237.pgm,0,train
${BOSSBASE_ROOT}\stego\HILL\0.4bpp\stego\5386.pgm,1,train
${BOSSBASE_ROOT}\cover\7189.pgm,0,train
${BOSSBASE_ROOT}\stego\HILL\0.4bpp\stego\9379.pgm,1,train
${BOSSBASE_ROOT}\stego\HILL\0.4bpp\stego\5618.pgm,1,train
${BOSSBASE_ROOT}\stego\HILL\0.4bpp\stego\7108.pgm,1,train
${BOSSBASE_ROOT}\stego\HILL\0.4bpp\stego\1389.pgm,1,train
${BOSSBASE_ROOT}\stego\HILL\0.4bpp\stego\7005.pgm,1,train
${BOSSBASE_ROOT}\cover\6977.pgm,0,train
${BOSSBASE_ROOT}\stego\HILL\0.4bpp\stego\7322.pgm,1,train
${BOSSBASE_ROOT}\cover\3385.pgm,0,train
${BOSSBASE_ROOT}\stego\HILL\0.4bpp\stego\7717.pgm,1,train
${BOSSBASE_ROOT}\cover\3411.pgm,0,train
${BOSSBASE_ROOT}\cover\5306.pgm,0,train
${BOSSBASE_ROOT}\stego\HILL\0.4bpp\stego\5331.pgm,1,train
${BOSSBASE_ROOT}\stego\HILL\0.4bpp\stego\2602.pgm,1,train
${BOSSBASE_ROOT}\cover\8148.pgm,0,train
${BOSSBASE_ROOT}\stego\HILL\0.4bpp\stego\4290.pgm,1,train
${BOSSBASE_ROOT}\cover\1644.pgm,0,train
${BOSSBASE_ROOT}\stego\HILL\0.4bpp\stego\5814.pgm,1,train
${BOSSBASE_ROOT}\stego\HILL\0.4bpp\stego\1214.pgm,1,train
${BOSSBASE_ROOT}\stego\HILL\0.4bpp\stego\86.pgm,1,train
${BOSSBASE_ROOT}\stego\HILL\0.4bpp\stego\4107.pgm,1,train
${BOSSBASE_ROOT}\stego\HILL\0.4bpp\stego\5271.pgm,1,train
${BOSSBASE_ROOT}\cover\2908.pgm,0,train
${BOSSBASE_ROOT}\cover\5691.pgm,0,train
${BOSSBASE_ROOT}\cover\2866.pgm,0,train
${BOSSBASE_ROOT}\stego\HILL\0.4bpp\stego\8599.pgm,1,train
${BOSSBASE_ROOT}\cover\8529.pgm,0,train
${BOSSBASE_ROOT}\stego\HILL\0.4bpp\stego\9031.pgm,1,train
${BOSSBASE_ROOT}\cover\3071.pgm,0,train
${BOSSBASE_ROOT}\stego\HILL\0.4bpp\stego\8365.pgm,1,train
${BOSSBASE_ROOT}\cover\311.pgm,0,train
${BOSSBASE_ROOT}\stego\HILL\0.4bpp\stego\6236.pgm,1,train
${BOSSBASE_ROOT}\cover\3705.pgm,0,train
${BOSSBASE_ROOT}\stego\HILL\0.4bpp\stego\7392.pgm,1,train
${BOSSBASE_ROOT}\stego\HILL\0.4bpp\stego\4591.pgm,1,train
${BOSSBASE_ROOT}\cover\8994.pgm,0,train
${BOSSBASE_ROOT}\cover\821.pgm,0,train
${BOSSBASE_ROOT}\cover\2476.pgm,0,train
${BOSSBASE_ROOT}\stego\HILL\0.4bpp\stego\1941.pgm,1,train
${BOSSBASE_ROOT}\stego\HILL\0.4bpp\stego\6008.pgm,1,train
${BOSSBASE_ROOT}\cover\6198.pgm,0,train
${BOSSBASE_ROOT}\cover\8900.pgm,0,train
${BOSSBASE_ROOT}\stego\HILL\0.4bpp\stego\9772.pgm,1,train
${BOSSBASE_ROOT}\cover\4342.pgm,0,train
${BOSSBASE_ROOT}\cover\3249.pgm,0,train
${BOSSBASE_ROOT}\cover\6397.pgm,0,train
${BOSSBASE_ROOT}\cover\3243.pgm,0,train
${BOSSBASE_ROOT}\stego\HILL\0.4bpp\stego\4928.pgm,1,train
${BOSSBASE_ROOT}\cover\8802.pgm,0,train
${BOSSBASE_ROOT}\cover\3888.pgm,0,train
${BOSSBASE_ROOT}\cover\1256.pgm,0,train
${BOSSBASE_ROOT}\stego\HILL\0.4bpp\stego\1014.pgm,1,train
${BOSSBASE_ROOT}\stego\HILL\0.4bpp\stego\4363.pgm,1,train
${BOSSBASE_ROOT}\stego\HILL\0.4bpp\stego\5338.pgm,1,train
${BOSSBASE_ROOT}\stego\HILL\0.4bpp\stego\279.pgm,1,train
${BOSSBASE_ROOT}\cover\8163.pgm,0,train
${BOSSBASE_ROOT}\cover\4594.pgm,0,train
${BOSSBASE_ROOT}\stego\HILL\0.4bpp\stego\6680.pgm,1,train
${BOSSBASE_ROOT}\cover\5082.pgm,0,train
${BOSSBASE_ROOT}\cover\4780.pgm,0,train
${BOSSBASE_ROOT}\stego\HILL\0.4bpp\stego\3798.pgm,1,train
${BOSSBASE_ROOT}\cover\8768.pgm,0,train
${BOSSBASE_ROOT}\stego\HILL\0.4bpp\stego\915.pgm,1,train
${BOSSBASE_ROOT}\stego\HILL\0.4bpp\stego\1104.pgm,1,train
${BOSSBASE_ROOT}\cover\3286.pgm,0,train
${BOSSBASE_ROOT}\stego\HILL\0.4bpp\stego\6298.pgm,1,train
${BOSSBASE_ROOT}\stego\HILL\0.4bpp\stego\4399.pgm,1,train
${BOSSBASE_ROOT}\cover\962.pgm,0,train
${BOSSBASE_ROOT}\stego\HILL\0.4bpp\stego\5631.pgm,1,train
${BOSSBASE_ROOT}\stego\HILL\0.4bpp\stego\2955.pgm,1,train
${BOSSBASE_ROOT}\stego\HILL\0.4bpp\stego\7227.pgm,1,train
${BOSSBASE_ROOT}\cover\1088.pgm,0,train
${BOSSBASE_ROOT}\cover\8839.pgm,0,train
${BOSSBASE_ROOT}\cover\9393.pgm,0,train
${BOSSBASE_ROOT}\cover\1311.pgm,0,train
${BOSSBASE_ROOT}\cover\101.pgm,0,train
${BOSSBASE_ROOT}\stego\HILL\0.4bpp\stego\7218.pgm,1,train
${BOSSBASE_ROOT}\cover\4698.pgm,0,train
${BOSSBASE_ROOT}\stego\HILL\0.4bpp\stego\8000.pgm,1,train
${BOSSBASE_ROOT}\cover\257.pgm,0,train
${BOSSBASE_ROOT}\stego\HILL\0.4bpp\stego\3700.pgm,1,train
${BOSSBASE_ROOT}\cover\9642.pgm,0,train
${BOSSBASE_ROOT}\cover\7639.pgm,0,train
${BOSSBASE_ROOT}\stego\HILL\0.4bpp\stego\3000.pgm,1,train
${BOSSBASE_ROOT}\cover\4258.pgm,0,train
${BOSSBASE_ROOT}\stego\HILL\0.4bpp\stego\3221.pgm,1,train
${BOSSBASE_ROOT}\cover\4719.pgm,0,train
${BOSSBASE_ROOT}\stego\HILL\0.4bpp\stego\5390.pgm,1,train
${BOSSBASE_ROOT}\stego\HILL\0.4bpp\stego\9145.pgm,1,train
${BOSSBASE_ROOT}\stego\HILL\0.4bpp\stego\4566.pgm,1,train
${BOSSBASE_ROOT}\cover\9395.pgm,0,train
${BOSSBASE_ROOT}\stego\HILL\0.4bpp\stego\881.pgm,1,train
${BOSSBASE_ROOT}\stego\HILL\0.4bpp\stego\669.pgm,1,train
${BOSSBASE_ROOT}\cover\466.pgm,0,train
${BOSSBASE_ROOT}\cover\5255.pgm,0,train
${BOSSBASE_ROOT}\stego\HILL\0.4bpp\stego\1820.pgm,1,train
${BOSSBASE_ROOT}\cover\5989.pgm,0,train
${BOSSBASE_ROOT}\stego\HILL\0.4bpp\stego\5411.pgm,1,train
${BOSSBASE_ROOT}\stego\HILL\0.4bpp\stego\8383.pgm,1,train
${BOSSBASE_ROOT}\cover\953.pgm,0,train
${BOSSBASE_ROOT}\cover\4022.pgm,0,train
${BOSSBASE_ROOT}\cover\2597.pgm,0,train
${BOSSBASE_ROOT}\stego\HILL\0.4bpp\stego\6406.pgm,1,train
${BOSSBASE_ROOT}\stego\HILL\0.4bpp\stego\6061.pgm,1,train
${BOSSBASE_ROOT}\cover\389.pgm,0,train
${BOSSBASE_ROOT}\cover\9059.pgm,0,train
${BOSSBASE_ROOT}\stego\HILL\0.4bpp\stego\2866.pgm,1,train
${BOSSBASE_ROOT}\cover\5557.pgm,0,train
${BOSSBASE_ROOT}\stego\HILL\0.4bpp\stego\5603.pgm,1,train
${BOSSBASE_ROOT}\stego\HILL\0.4bpp\stego\9319.pgm,1,train
${BOSSBASE_ROOT}\cover\7732.pgm,0,train
${BOSSBASE_ROOT}\cover\6358.pgm,0,train
${BOSSBASE_ROOT}\cover\1531.pgm,0,train
${BOSSBASE_ROOT}\cover\6360.pgm,0,train
${BOSSBASE_ROOT}\stego\HILL\0.4bpp\stego\891.pgm,1,train
${BOSSBASE_ROOT}\stego\HILL\0.4bpp\stego\8335.pgm,1,train
${BOSSBASE_ROOT}\stego\HILL\0.4bpp\stego\5885.pgm,1,train
${BOSSBASE_ROOT}\stego\HILL\0.4bpp\stego\7049.pgm,1,train
${BOSSBASE_ROOT}\stego\HILL\0.4bpp\stego\4492.pgm,1,train
${BOSSBASE_ROOT}\cover\1300.pgm,0,train
${BOSSBASE_ROOT}\stego\HILL\0.4bpp\stego\1844.pgm,1,train
${BOSSBASE_ROOT}\stego\HILL\0.4bpp\stego\366.pgm,1,train
${BOSSBASE_ROOT}\stego\HILL\0.4bpp\stego\838.pgm,1,train
${BOSSBASE_ROOT}\stego\HILL\0.4bpp\stego\3557.pgm,1,train
${BOSSBASE_ROOT}\stego\HILL\0.4bpp\stego\410.pgm,1,train
${BOSSBASE_ROOT}\cover\5540.pgm,0,train
${BOSSBASE_ROOT}\stego\HILL\0.4bpp\stego\6892.pgm,1,train
${BOSSBASE_ROOT}\stego\HILL\0.4bpp\stego\8349.pgm,1,train
${BOSSBASE_ROOT}\cover\163.pgm,0,train
${BOSSBASE_ROOT}\stego\HILL\0.4bpp\stego\8442.pgm,1,train
${BOSSBASE_ROOT}\stego\HILL\0.4bpp\stego\4095.pgm,1,train
${BOSSBASE_ROOT}\stego\HILL\0.4bpp\stego\5342.pgm,1,train
${BOSSBASE_ROOT}\cover\5710.pgm,0,train
${BOSSBASE_ROOT}\stego\HILL\0.4bpp\stego\9918.pgm,1,train
${BOSSBASE_ROOT}\cover\760.pgm,0,train
${BOSSBASE_ROOT}\stego\HILL\0.4bpp\stego\3102.pgm,1,train
${BOSSBASE_ROOT}\cover\4277.pgm,0,train
${BOSSBASE_ROOT}\stego\HILL\0.4bpp\stego\2544.pgm,1,train
${BOSSBASE_ROOT}\stego\HILL\0.4bpp\stego\8856.pgm,1,train
${BOSSBASE_ROOT}\cover\7531.pgm,0,train
${BOSSBASE_ROOT}\cover\9493.pgm,0,train
${BOSSBASE_ROOT}\cover\9738.pgm,0,train
${BOSSBASE_ROOT}\stego\HILL\0.4bpp\stego\3319.pgm,1,train
${BOSSBASE_ROOT}\stego\HILL\0.4bpp\stego\2042.pgm,1,train
${BOSSBASE_ROOT}\stego\HILL\0.4bpp\stego\1806.pgm,1,train
${BOSSBASE_ROOT}\stego\HILL\0.4bpp\stego\8279.pgm,1,train
${BOSSBASE_ROOT}\cover\8778.pgm,0,train
${BOSSBASE_ROOT}\stego\HILL\0.4bpp\stego\5805.pgm,1,train
${BOSSBASE_ROOT}\stego\HILL\0.4bpp\stego\5076.pgm,1,train
${BOSSBASE_ROOT}\cover\7555.pgm,0,train
${BOSSBASE_ROOT}\stego\HILL\0.4bpp\stego\2401.pgm,1,train
${BOSSBASE_ROOT}\cover\2493.pgm,0,train
${BOSSBASE_ROOT}\cover\9131.pgm,0,train
${BOSSBASE_ROOT}\cover\3328.pgm,0,train
${BOSSBASE_ROOT}\cover\7991.pgm,0,train
${BOSSBASE_ROOT}\cover\9626.pgm,0,train
${BOSSBASE_ROOT}\cover\6450.pgm,0,train
${BOSSBASE_ROOT}\stego\HILL\0.4bpp\stego\569.pgm,1,train
${BOSSBASE_ROOT}\stego\HILL\0.4bpp\stego\9316.pgm,1,train
${BOSSBASE_ROOT}\cover\2588.pgm,0,train
${BOSSBASE_ROOT}\stego\HILL\0.4bpp\stego\6166.pgm,1,train
${BOSSBASE_ROOT}\cover\6560.pgm,0,train
${BOSSBASE_ROOT}\stego\HILL\0.4bpp\stego\3075.pgm,1,train
${BOSSBASE_ROOT}\cover\6745.pgm,0,train
${BOSSBASE_ROOT}\cover\9512.pgm,0,train
${BOSSBASE_ROOT}\cover\5520.pgm,0,train
${BOSSBASE_ROOT}\stego\HILL\0.4bpp\stego\1986.pgm,1,train
${BOSSBASE_ROOT}\stego\HILL\0.4bpp\stego\4654.pgm,1,train
${BOSSBASE_ROOT}\stego\HILL\0.4bpp\stego\8998.pgm,1,train
${BOSSBASE_ROOT}\stego\HILL\0.4bpp\stego\5589.pgm,1,train
${BOSSBASE_ROOT}\cover\833.pgm,0,train
${BOSSBASE_ROOT}\stego\HILL\0.4bpp\stego\8572.pgm,1,train
${BOSSBASE_ROOT}\stego\HILL\0.4bpp\stego\8760.pgm,1,train
${BOSSBASE_ROOT}\cover\2357.pgm,0,train
${BOSSBASE_ROOT}\cover\7183.pgm,0,train
${BOSSBASE_ROOT}\stego\HILL\0.4bpp\stego\6260.pgm,1,train
${BOSSBASE_ROOT}\cover\8865.pgm,0,train
${BOSSBASE_ROOT}\stego\HILL\0.4bpp\stego\3756.pgm,1,train
${BOSSBASE_ROOT}\cover\5853.pgm,0,train
${BOSSBASE_ROOT}\cover\5146.pgm,0,train
${BOSSBASE_ROOT}\stego\HILL\0.4bpp\stego\9619.pgm,1,train
${BOSSBASE_ROOT}\stego\HILL\0.4bpp\stego\9253.pgm,1,train
${BOSSBASE_ROOT}\stego\HILL\0.4bpp\stego\9599.pgm,1,train
${BOSSBASE_ROOT}\cover\8438.pgm,0,train
${BOSSBASE_ROOT}\cover\9351.pgm,0,train
${BOSSBASE_ROOT}\cover\1006.pgm,0,train
${BOSSBASE_ROOT}\stego\HILL\0.4bpp\stego\8870.pgm,1,train
${BOSSBASE_ROOT}\cover\1287.pgm,0,train
${BOSSBASE_ROOT}\stego\HILL\0.4bpp\stego\2951.pgm,1,train
${BOSSBASE_ROOT}\stego\HILL\0.4bpp\stego\5708.pgm,1,train
${BOSSBASE_ROOT}\stego\HILL\0.4bpp\stego\9973.pgm,1,train
${BOSSBASE_ROOT}\stego\HILL\0.4bpp\stego\6118.pgm,1,train
${BOSSBASE_ROOT}\stego\HILL\0.4bpp\stego\2090.pgm,1,train
${BOSSBASE_ROOT}\cover\372.pgm,0,train
${BOSSBASE_ROOT}\stego\HILL\0.4bpp\stego\3848.pgm,1,train
${BOSSBASE_ROOT}\cover\9134.pgm,0,train
${BOSSBASE_ROOT}\cover\8469.pgm,0,train
${BOSSBASE_ROOT}\cover\9680.pgm,0,train
${BOSSBASE_ROOT}\cover\8762.pgm,0,train
${BOSSBASE_ROOT}\stego\HILL\0.4bpp\stego\5974.pgm,1,train
${BOSSBASE_ROOT}\cover\7461.pgm,0,train
${BOSSBASE_ROOT}\stego\HILL\0.4bpp\stego\4102.pgm,1,train
${BOSSBASE_ROOT}\stego\HILL\0.4bpp\stego\3872.pgm,1,train
${BOSSBASE_ROOT}\stego\HILL\0.4bpp\stego\2724.pgm,1,train
${BOSSBASE_ROOT}\stego\HILL\0.4bpp\stego\3672.pgm,1,train
${BOSSBASE_ROOT}\cover\7992.pgm,0,train
${BOSSBASE_ROOT}\stego\HILL\0.4bpp\stego\2386.pgm,1,train
${BOSSBASE_ROOT}\stego\HILL\0.4bpp\stego\6518.pgm,1,train
${BOSSBASE_ROOT}\stego\HILL\0.4bpp\stego\2245.pgm,1,train
${BOSSBASE_ROOT}\cover\7307.pgm,0,train
${BOSSBASE_ROOT}\stego\HILL\0.4bpp\stego\3023.pgm,1,train
${BOSSBASE_ROOT}\cover\8017.pgm,0,train
${BOSSBASE_ROOT}\stego\HILL\0.4bpp\stego\1395.pgm,1,train
${BOSSBASE_ROOT}\cover\7220.pgm,0,train
${BOSSBASE_ROOT}\stego\HILL\0.4bpp\stego\4665.pgm,1,train
${BOSSBASE_ROOT}\stego\HILL\0.4bpp\stego\990.pgm,1,train
${BOSSBASE_ROOT}\cover\446.pgm,0,train
${BOSSBASE_ROOT}\stego\HILL\0.4bpp\stego\5906.pgm,1,train
${BOSSBASE_ROOT}\cover\26.pgm,0,train
${BOSSBASE_ROOT}\cover\8225.pgm,0,train
${BOSSBASE_ROOT}\cover\2532.pgm,0,train
${BOSSBASE_ROOT}\cover\98.pgm,0,train
${BOSSBASE_ROOT}\stego\HILL\0.4bpp\stego\9364.pgm,1,train
${BOSSBASE_ROOT}\stego\HILL\0.4bpp\stego\4074.pgm,1,train
${BOSSBASE_ROOT}\stego\HILL\0.4bpp\stego\9897.pgm,1,train
${BOSSBASE_ROOT}\stego\HILL\0.4bpp\stego\4968.pgm,1,train
${BOSSBASE_ROOT}\cover\5213.pgm,0,train
${BOSSBASE_ROOT}\cover\7380.pgm,0,train
${BOSSBASE_ROOT}\cover\7292.pgm,0,train
${BOSSBASE_ROOT}\cover\5725.pgm,0,train
${BOSSBASE_ROOT}\cover\512.pgm,0,train
${BOSSBASE_ROOT}\cover\7568.pgm,0,train
${BOSSBASE_ROOT}\cover\5282.pgm,0,train
${BOSSBASE_ROOT}\stego\HILL\0.4bpp\stego\3490.pgm,1,train
${BOSSBASE_ROOT}\stego\HILL\0.4bpp\stego\5136.pgm,1,train
${BOSSBASE_ROOT}\stego\HILL\0.4bpp\stego\1277.pgm,1,train
${BOSSBASE_ROOT}\stego\HILL\0.4bpp\stego\3417.pgm,1,train
${BOSSBASE_ROOT}\stego\HILL\0.4bpp\stego\278.pgm,1,train
${BOSSBASE_ROOT}\cover\4679.pgm,0,train
${BOSSBASE_ROOT}\cover\5886.pgm,0,train
${BOSSBASE_ROOT}\stego\HILL\0.4bpp\stego\1076.pgm,1,train
${BOSSBASE_ROOT}\cover\4346.pgm,0,train
${BOSSBASE_ROOT}\stego\HILL\0.4bpp\stego\9338.pgm,1,train
${BOSSBASE_ROOT}\cover\7578.pgm,0,train
${BOSSBASE_ROOT}\cover\4207.pgm,0,train
${BOSSBASE_ROOT}\cover\6180.pgm,0,train
${BOSSBASE_ROOT}\stego\HILL\0.4bpp\stego\3997.pgm,1,train
${BOSSBASE_ROOT}\stego\HILL\0.4bpp\stego\7251.pgm,1,train
${BOSSBASE_ROOT}\stego\HILL\0.4bpp\stego\2130.pgm,1,train
${BOSSBASE_ROOT}\stego\HILL\0.4bpp\stego\9097.pgm,1,train
${BOSSBASE_ROOT}\cover\9428.pgm,0,train
${BOSSBASE_ROOT}\stego\HILL\0.4bpp\stego\7220.pgm,1,train
${BOSSBASE_ROOT}\stego\HILL\0.4bpp\stego\3079.pgm,1,train
${BOSSBASE_ROOT}\cover\7067.pgm,0,train
${BOSSBASE_ROOT}\cover\7610.pgm,0,train
${BOSSBASE_ROOT}\cover\4863.pgm,0,train
${BOSSBASE_ROOT}\cover\6179.pgm,0,train
${BOSSBASE_ROOT}\cover\7283.pgm,0,train
${BOSSBASE_ROOT}\cover\9314.pgm,0,train
${BOSSBASE_ROOT}\stego\HILL\0.4bpp\stego\2214.pgm,1,train
${BOSSBASE_ROOT}\cover\9075.pgm,0,train
${BOSSBASE_ROOT}\stego\HILL\0.4bpp\stego\8904.pgm,1,train
${BOSSBASE_ROOT}\stego\HILL\0.4bpp\stego\5393.pgm,1,train
${BOSSBASE_ROOT}\cover\9093.pgm,0,train
${BOSSBASE_ROOT}\cover\2213.pgm,0,train
${BOSSBASE_ROOT}\stego\HILL\0.4bpp\stego\595.pgm,1,train
${BOSSBASE_ROOT}\stego\HILL\0.4bpp\stego\971.pgm,1,train
${BOSSBASE_ROOT}\stego\HILL\0.4bpp\stego\9847.pgm,1,train
${BOSSBASE_ROOT}\cover\4254.pgm,0,train
${BOSSBASE_ROOT}\cover\7928.pgm,0,train
${BOSSBASE_ROOT}\stego\HILL\0.4bpp\stego\9100.pgm,1,train
${BOSSBASE_ROOT}\cover\6567.pgm,0,train
${BOSSBASE_ROOT}\stego\HILL\0.4bpp\stego\478.pgm,1,train
${BOSSBASE_ROOT}\cover\4550.pgm,0,train
${BOSSBASE_ROOT}\stego\HILL\0.4bpp\stego\1653.pgm,1,train
${BOSSBASE_ROOT}\stego\HILL\0.4bpp\stego\1332.pgm,1,train
${BOSSBASE_ROOT}\stego\HILL\0.4bpp\stego\5358.pgm,1,train
${BOSSBASE_ROOT}\stego\HILL\0.4bpp\stego\6937.pgm,1,train
${BOSSBASE_ROOT}\stego\HILL\0.4bpp\stego\6833.pgm,1,train
${BOSSBASE_ROOT}\cover\5848.pgm,0,train
${BOSSBASE_ROOT}\stego\HILL\0.4bpp\stego\7428.pgm,1,train
${BOSSBASE_ROOT}\cover\4523.pgm,0,train
${BOSSBASE_ROOT}\cover\671.pgm,0,train
${BOSSBASE_ROOT}\stego\HILL\0.4bpp\stego\4389.pgm,1,train
${BOSSBASE_ROOT}\stego\HILL\0.4bpp\stego\6559.pgm,1,train
${BOSSBASE_ROOT}\cover\8773.pgm,0,train
${BOSSBASE_ROOT}\stego\HILL\0.4bpp\stego\7767.pgm,1,train
${BOSSBASE_ROOT}\cover\9084.pgm,0,train
${BOSSBASE_ROOT}\cover\4066.pgm,0,train
${BOSSBASE_ROOT}\stego\HILL\0.4bpp\stego\1366.pgm,1,train
${BOSSBASE_ROOT}\cover\9879.pgm,0,train
${BOSSBASE_ROOT}\cover\6350.pgm,0,train
${BOSSBASE_ROOT}\stego\HILL\0.4bpp\stego\7352.pgm,1,train
${BOSSBASE_ROOT}\stego\HILL\0.4bpp\stego\9579.pgm,1,train
${BOSSBASE_ROOT}\stego\HILL\0.4bpp\stego\5749.pgm,1,train
${BOSSBASE_ROOT}\cover\5106.pgm,0,train
${BOSSBASE_ROOT}\cover\7113.pgm,0,train
${BOSSBASE_ROOT}\stego\HILL\0.4bpp\stego\2157.pgm,1,train
${BOSSBASE_ROOT}\stego\HILL\0.4bpp\stego\8105.pgm,1,train
${BOSSBASE_ROOT}\stego\HILL\0.4bpp\stego\8730.pgm,1,train
${BOSSBASE_ROOT}\cover\3958.pgm,0,train
${BOSSBASE_ROOT}\cover\8281.pgm,0,train
${BOSSBASE_ROOT}\cover\7004.pgm,0,train
${BOSSBASE_ROOT}\cover\7746.pgm,0,train
${BOSSBASE_ROOT}\stego\HILL\0.4bpp\stego\4058.pgm,1,train
${BOSSBASE_ROOT}\stego\HILL\0.4bpp\stego\185.pgm,1,train
${BOSSBASE_ROOT}\stego\HILL\0.4bpp\stego\9051.pgm,1,train
${BOSSBASE_ROOT}\cover\2662.pgm,0,train
${BOSSBASE_ROOT}\stego\HILL\0.4bpp\stego\2061.pgm,1,train
${BOSSBASE_ROOT}\cover\4761.pgm,0,train
${BOSSBASE_ROOT}\cover\359.pgm,0,train
${BOSSBASE_ROOT}\cover\7068.pgm,0,train
${BOSSBASE_ROOT}\stego\HILL\0.4bpp\stego\4603.pgm,1,train
${BOSSBASE_ROOT}\cover\5279.pgm,0,train
${BOSSBASE_ROOT}\cover\184.pgm,0,train
${BOSSBASE_ROOT}\stego\HILL\0.4bpp\stego\534.pgm,1,train
${BOSSBASE_ROOT}\cover\9574.pgm,0,train
${BOSSBASE_ROOT}\stego\HILL\0.4bpp\stego\3321.pgm,1,train
${BOSSBASE_ROOT}\cover\356.pgm,0,train
${BOSSBASE_ROOT}\cover\6945.pgm,0,train
${BOSSBASE_ROOT}\stego\HILL\0.4bpp\stego\1433.pgm,1,train
${BOSSBASE_ROOT}\stego\HILL\0.4bpp\stego\9439.pgm,1,train
${BOSSBASE_ROOT}\stego\HILL\0.4bpp\stego\3127.pgm,1,train
${BOSSBASE_ROOT}\cover\8827.pgm,0,train
${BOSSBASE_ROOT}\stego\HILL\0.4bpp\stego\352.pgm,1,train
${BOSSBASE_ROOT}\stego\HILL\0.4bpp\stego\7408.pgm,1,train
${BOSSBASE_ROOT}\stego\HILL\0.4bpp\stego\7947.pgm,1,train
${BOSSBASE_ROOT}\cover\6290.pgm,0,train
${BOSSBASE_ROOT}\stego\HILL\0.4bpp\stego\6492.pgm,1,train
${BOSSBASE_ROOT}\stego\HILL\0.4bpp\stego\4835.pgm,1,train
${BOSSBASE_ROOT}\cover\1073.pgm,0,train
${BOSSBASE_ROOT}\stego\HILL\0.4bpp\stego\2195.pgm,1,train
${BOSSBASE_ROOT}\cover\5590.pgm,0,train
${BOSSBASE_ROOT}\stego\HILL\0.4bpp\stego\56.pgm,1,train
${BOSSBASE_ROOT}\cover\1452.pgm,0,train
${BOSSBASE_ROOT}\stego\HILL\0.4bpp\stego\5117.pgm,1,train
${BOSSBASE_ROOT}\cover\4451.pgm,0,train
${BOSSBASE_ROOT}\stego\HILL\0.4bpp\stego\5922.pgm,1,train
${BOSSBASE_ROOT}\stego\HILL\0.4bpp\stego\5472.pgm,1,train
${BOSSBASE_ROOT}\cover\7909.pgm,0,train
${BOSSBASE_ROOT}\stego\HILL\0.4bpp\stego\7057.pgm,1,train
${BOSSBASE_ROOT}\stego\HILL\0.4bpp\stego\6271.pgm,1,train
${BOSSBASE_ROOT}\stego\HILL\0.4bpp\stego\8367.pgm,1,train
${BOSSBASE_ROOT}\stego\HILL\0.4bpp\stego\5323.pgm,1,train
${BOSSBASE_ROOT}\stego\HILL\0.4bpp\stego\1321.pgm,1,train
${BOSSBASE_ROOT}\stego\HILL\0.4bpp\stego\5986.pgm,1,train
${BOSSBASE_ROOT}\stego\HILL\0.4bpp\stego\4419.pgm,1,train
${BOSSBASE_ROOT}\stego\HILL\0.4bpp\stego\7363.pgm,1,train
${BOSSBASE_ROOT}\stego\HILL\0.4bpp\stego\2527.pgm,1,train
${BOSSBASE_ROOT}\stego\HILL\0.4bpp\stego\9933.pgm,1,train
${BOSSBASE_ROOT}\stego\HILL\0.4bpp\stego\2795.pgm,1,train
${BOSSBASE_ROOT}\cover\9444.pgm,0,train
${BOSSBASE_ROOT}\cover\1059.pgm,0,train
${BOSSBASE_ROOT}\cover\8641.pgm,0,train
${BOSSBASE_ROOT}\stego\HILL\0.4bpp\stego\9076.pgm,1,train
${BOSSBASE_ROOT}\stego\HILL\0.4bpp\stego\3440.pgm,1,train
${BOSSBASE_ROOT}\stego\HILL\0.4bpp\stego\6364.pgm,1,train
${BOSSBASE_ROOT}\stego\HILL\0.4bpp\stego\6001.pgm,1,train
${BOSSBASE_ROOT}\cover\1398.pgm,0,train
${BOSSBASE_ROOT}\stego\HILL\0.4bpp\stego\5849.pgm,1,train
${BOSSBASE_ROOT}\cover\3026.pgm,0,train
${BOSSBASE_ROOT}\stego\HILL\0.4bpp\stego\6288.pgm,1,train
${BOSSBASE_ROOT}\stego\HILL\0.4bpp\stego\8418.pgm,1,train
${BOSSBASE_ROOT}\stego\HILL\0.4bpp\stego\8961.pgm,1,train
${BOSSBASE_ROOT}\cover\6620.pgm,0,train
${BOSSBASE_ROOT}\stego\HILL\0.4bpp\stego\6084.pgm,1,train
${BOSSBASE_ROOT}\cover\2445.pgm,0,train
${BOSSBASE_ROOT}\cover\8135.pgm,0,train
${BOSSBASE_ROOT}\stego\HILL\0.4bpp\stego\1960.pgm,1,train
${BOSSBASE_ROOT}\stego\HILL\0.4bpp\stego\39.pgm,1,train
${BOSSBASE_ROOT}\stego\HILL\0.4bpp\stego\6316.pgm,1,train
${BOSSBASE_ROOT}\stego\HILL\0.4bpp\stego\6934.pgm,1,train
${BOSSBASE_ROOT}\stego\HILL\0.4bpp\stego\3802.pgm,1,train
${BOSSBASE_ROOT}\stego\HILL\0.4bpp\stego\8611.pgm,1,train
${BOSSBASE_ROOT}\stego\HILL\0.4bpp\stego\5554.pgm,1,train
${BOSSBASE_ROOT}\cover\7706.pgm,0,train
${BOSSBASE_ROOT}\stego\HILL\0.4bpp\stego\4049.pgm,1,train
${BOSSBASE_ROOT}\stego\HILL\0.4bpp\stego\6194.pgm,1,train
${BOSSBASE_ROOT}\stego\HILL\0.4bpp\stego\5347.pgm,1,train
${BOSSBASE_ROOT}\stego\HILL\0.4bpp\stego\8682.pgm,1,train
${BOSSBASE_ROOT}\cover\4894.pgm,0,train
${BOSSBASE_ROOT}\stego\HILL\0.4bpp\stego\8327.pgm,1,train
${BOSSBASE_ROOT}\cover\1947.pgm,0,train
${BOSSBASE_ROOT}\stego\HILL\0.4bpp\stego\6635.pgm,1,train
${BOSSBASE_ROOT}\stego\HILL\0.4bpp\stego\5961.pgm,1,train
${BOSSBASE_ROOT}\cover\6420.pgm,0,train
${BOSSBASE_ROOT}\stego\HILL\0.4bpp\stego\7903.pgm,1,train
${BOSSBASE_ROOT}\cover\4667.pgm,0,train
${BOSSBASE_ROOT}\stego\HILL\0.4bpp\stego\5650.pgm,1,train
${BOSSBASE_ROOT}\stego\HILL\0.4bpp\stego\2812.pgm,1,train
${BOSSBASE_ROOT}\stego\HILL\0.4bpp\stego\3397.pgm,1,train
${BOSSBASE_ROOT}\cover\319.pgm,0,train
${BOSSBASE_ROOT}\cover\1155.pgm,0,train
${BOSSBASE_ROOT}\cover\2219.pgm,0,train
${BOSSBASE_ROOT}\cover\2820.pgm,0,train
${BOSSBASE_ROOT}\cover\2193.pgm,0,train
${BOSSBASE_ROOT}\cover\9912.pgm,0,train
${BOSSBASE_ROOT}\stego\HILL\0.4bpp\stego\6163.pgm,1,train
${BOSSBASE_ROOT}\stego\HILL\0.4bpp\stego\7122.pgm,1,train
${BOSSBASE_ROOT}\cover\6308.pgm,0,train
${BOSSBASE_ROOT}\stego\HILL\0.4bpp\stego\3200.pgm,1,train
${BOSSBASE_ROOT}\cover\5676.pgm,0,train
${BOSSBASE_ROOT}\stego\HILL\0.4bpp\stego\954.pgm,1,train
${BOSSBASE_ROOT}\cover\7330.pgm,0,train
${BOSSBASE_ROOT}\stego\HILL\0.4bpp\stego\3229.pgm,1,train
${BOSSBASE_ROOT}\cover\161.pgm,0,train
${BOSSBASE_ROOT}\cover\7598.pgm,0,train
${BOSSBASE_ROOT}\stego\HILL\0.4bpp\stego\9094.pgm,1,train
${BOSSBASE_ROOT}\stego\HILL\0.4bpp\stego\2828.pgm,1,train
${BOSSBASE_ROOT}\cover\8146.pgm,0,train
${BOSSBASE_ROOT}\cover\1646.pgm,0,train
${BOSSBASE_ROOT}\stego\HILL\0.4bpp\stego\1300.pgm,1,train
${BOSSBASE_ROOT}\stego\HILL\0.4bpp\stego\4831.pgm,1,train
${BOSSBASE_ROOT}\stego\HILL\0.4bpp\stego\7582.pgm,1,train
${BOSSBASE_ROOT}\cover\8445.pgm,0,train
${BOSSBASE_ROOT}\stego\HILL\0.4bpp\stego\3999.pgm,1,train
${BOSSBASE_ROOT}\stego\HILL\0.4bpp\stego\9977.pgm,1,train
${BOSSBASE_ROOT}\stego\HILL\0.4bpp\stego\329.pgm,1,train
${BOSSBASE_ROOT}\cover\3937.pgm,0,train
${BOSSBASE_ROOT}\cover\2362.pgm,0,train
${BOSSBASE_ROOT}\cover\4872.pgm,0,train
${BOSSBASE_ROOT}\stego\HILL\0.4bpp\stego\2642.pgm,1,train
${BOSSBASE_ROOT}\cover\7196.pgm,0,train
${BOSSBASE_ROOT}\cover\6338.pgm,0,train
${BOSSBASE_ROOT}\stego\HILL\0.4bpp\stego\6480.pgm,1,train
${BOSSBASE_ROOT}\cover\4281.pgm,0,train
${BOSSBASE_ROOT}\cover\4739.pgm,0,train
${BOSSBASE_ROOT}\cover\2355.pgm,0,train
${BOSSBASE_ROOT}\cover\8818.pgm,0,train
${BOSSBASE_ROOT}\cover\3674.pgm,0,train
${BOSSBASE_ROOT}\stego\HILL\0.4bpp\stego\8278.pgm,1,train
${BOSSBASE_ROOT}\cover\1487.pgm,0,train
${BOSSBASE_ROOT}\stego\HILL\0.4bpp\stego\6812.pgm,1,train
${BOSSBASE_ROOT}\cover\2683.pgm,0,train
${BOSSBASE_ROOT}\cover\8056.pgm,0,train
${BOSSBASE_ROOT}\cover\7324.pgm,0,train
${BOSSBASE_ROOT}\cover\3304.pgm,0,train
${BOSSBASE_ROOT}\cover\7570.pgm,0,train
${BOSSBASE_ROOT}\cover\8255.pgm,0,train
${BOSSBASE_ROOT}\stego\HILL\0.4bpp\stego\1434.pgm,1,train
${BOSSBASE_ROOT}\cover\4713.pgm,0,train
${BOSSBASE_ROOT}\stego\HILL\0.4bpp\stego\4686.pgm,1,train
${BOSSBASE_ROOT}\stego\HILL\0.4bpp\stego\336.pgm,1,train
${BOSSBASE_ROOT}\cover\8492.pgm,0,train
${BOSSBASE_ROOT}\cover\6456.pgm,0,train
${BOSSBASE_ROOT}\stego\HILL\0.4bpp\stego\4862.pgm,1,train
${BOSSBASE_ROOT}\cover\9091.pgm,0,train
${BOSSBASE_ROOT}\stego\HILL\0.4bpp\stego\8435.pgm,1,train
${BOSSBASE_ROOT}\cover\8988.pgm,0,train
${BOSSBASE_ROOT}\cover\3077.pgm,0,train
${BOSSBASE_ROOT}\stego\HILL\0.4bpp\stego\8966.pgm,1,train
${BOSSBASE_ROOT}\cover\2465.pgm,0,train
${BOSSBASE_ROOT}\cover\8608.pgm,0,train
${BOSSBASE_ROOT}\cover\5972.pgm,0,train
${BOSSBASE_ROOT}\stego\HILL\0.4bpp\stego\4052.pgm,1,train
${BOSSBASE_ROOT}\cover\9209.pgm,0,train
${BOSSBASE_ROOT}\stego\HILL\0.4bpp\stego\4629.pgm,1,train
${BOSSBASE_ROOT}\stego\HILL\0.4bpp\stego\7463.pgm,1,train
${BOSSBASE_ROOT}\stego\HILL\0.4bpp\stego\4874.pgm,1,train
${BOSSBASE_ROOT}\cover\7259.pgm,0,train
${BOSSBASE_ROOT}\stego\HILL\0.4bpp\stego\3799.pgm,1,train
${BOSSBASE_ROOT}\cover\408.pgm,0,train
${BOSSBASE_ROOT}\stego\HILL\0.4bpp\stego\7009.pgm,1,train
${BOSSBASE_ROOT}\cover\7069.pgm,0,train
${BOSSBASE_ROOT}\cover\3569.pgm,0,train
${BOSSBASE_ROOT}\stego\HILL\0.4bpp\stego\599.pgm,1,train
${BOSSBASE_ROOT}\stego\HILL\0.4bpp\stego\5528.pgm,1,train
${BOSSBASE_ROOT}\cover\7789.pgm,0,train
${BOSSBASE_ROOT}\stego\HILL\0.4bpp\stego\2060.pgm,1,train
${BOSSBASE_ROOT}\stego\HILL\0.4bpp\stego\4482.pgm,1,train
${BOSSBASE_ROOT}\cover\3522.pgm,0,train
${BOSSBASE_ROOT}\stego\HILL\0.4bpp\stego\8714.pgm,1,train
${BOSSBASE_ROOT}\cover\5922.pgm,0,train
${BOSSBASE_ROOT}\stego\HILL\0.4bpp\stego\9337.pgm,1,train
${BOSSBASE_ROOT}\cover\3726.pgm,0,train
${BOSSBASE_ROOT}\cover\1963.pgm,0,train
${BOSSBASE_ROOT}\cover\3893.pgm,0,train
${BOSSBASE_ROOT}\cover\2656.pgm,0,train
${BOSSBASE_ROOT}\cover\7584.pgm,0,train
${BOSSBASE_ROOT}\cover\656.pgm,0,train
${BOSSBASE_ROOT}\stego\HILL\0.4bpp\stego\9825.pgm,1,train
${BOSSBASE_ROOT}\stego\HILL\0.4bpp\stego\4863.pgm,1,train
${BOSSBASE_ROOT}\stego\HILL\0.4bpp\stego\5679.pgm,1,train
${BOSSBASE_ROOT}\cover\2682.pgm,0,train
${BOSSBASE_ROOT}\cover\1053.pgm,0,train
${BOSSBASE_ROOT}\stego\HILL\0.4bpp\stego\4552.pgm,1,train
${BOSSBASE_ROOT}\stego\HILL\0.4bpp\stego\5869.pgm,1,train
${BOSSBASE_ROOT}\stego\HILL\0.4bpp\stego\1595.pgm,1,train
${BOSSBASE_ROOT}\cover\6062.pgm,0,train
${BOSSBASE_ROOT}\cover\9102.pgm,0,train
${BOSSBASE_ROOT}\stego\HILL\0.4bpp\stego\180.pgm,1,train
${BOSSBASE_ROOT}\stego\HILL\0.4bpp\stego\4405.pgm,1,train
${BOSSBASE_ROOT}\stego\HILL\0.4bpp\stego\4418.pgm,1,train
${BOSSBASE_ROOT}\stego\HILL\0.4bpp\stego\7155.pgm,1,train
${BOSSBASE_ROOT}\cover\9559.pgm,0,train
${BOSSBASE_ROOT}\stego\HILL\0.4bpp\stego\1465.pgm,1,train
${BOSSBASE_ROOT}\cover\4629.pgm,0,train
${BOSSBASE_ROOT}\cover\7035.pgm,0,train
${BOSSBASE_ROOT}\cover\78.pgm,0,train
${BOSSBASE_ROOT}\stego\HILL\0.4bpp\stego\5241.pgm,1,train
${BOSSBASE_ROOT}\cover\1529.pgm,0,train
${BOSSBASE_ROOT}\cover\5751.pgm,0,train
${BOSSBASE_ROOT}\cover\2241.pgm,0,train
${BOSSBASE_ROOT}\stego\HILL\0.4bpp\stego\854.pgm,1,train
${BOSSBASE_ROOT}\stego\HILL\0.4bpp\stego\6967.pgm,1,train
${BOSSBASE_ROOT}\cover\510.pgm,0,train
${BOSSBASE_ROOT}\cover\8417.pgm,0,train
${BOSSBASE_ROOT}\stego\HILL\0.4bpp\stego\9878.pgm,1,train
${BOSSBASE_ROOT}\stego\HILL\0.4bpp\stego\2002.pgm,1,train
${BOSSBASE_ROOT}\stego\HILL\0.4bpp\stego\6554.pgm,1,train
${BOSSBASE_ROOT}\stego\HILL\0.4bpp\stego\2408.pgm,1,train
${BOSSBASE_ROOT}\stego\HILL\0.4bpp\stego\5598.pgm,1,train
${BOSSBASE_ROOT}\stego\HILL\0.4bpp\stego\2593.pgm,1,train
${BOSSBASE_ROOT}\cover\5286.pgm,0,train
${BOSSBASE_ROOT}\stego\HILL\0.4bpp\stego\7434.pgm,1,train
${BOSSBASE_ROOT}\stego\HILL\0.4bpp\stego\4435.pgm,1,train
${BOSSBASE_ROOT}\stego\HILL\0.4bpp\stego\5931.pgm,1,train
${BOSSBASE_ROOT}\stego\HILL\0.4bpp\stego\3644.pgm,1,train
${BOSSBASE_ROOT}\cover\3551.pgm,0,train
${BOSSBASE_ROOT}\stego\HILL\0.4bpp\stego\8545.pgm,1,train
${BOSSBASE_ROOT}\cover\4608.pgm,0,train
${BOSSBASE_ROOT}\cover\3136.pgm,0,train
${BOSSBASE_ROOT}\cover\1752.pgm,0,train
${BOSSBASE_ROOT}\cover\8041.pgm,0,train
${BOSSBASE_ROOT}\stego\HILL\0.4bpp\stego\5062.pgm,1,train
${BOSSBASE_ROOT}\cover\8601.pgm,0,train
${BOSSBASE_ROOT}\stego\HILL\0.4bpp\stego\4181.pgm,1,train
${BOSSBASE_ROOT}\cover\8190.pgm,0,train
${BOSSBASE_ROOT}\cover\2389.pgm,0,train
${BOSSBASE_ROOT}\stego\HILL\0.4bpp\stego\5763.pgm,1,train
${BOSSBASE_ROOT}\cover\5489.pgm,0,train
${BOSSBASE_ROOT}\cover\9160.pgm,0,train
${BOSSBASE_ROOT}\cover\9616.pgm,0,train
${BOSSBASE_ROOT}\stego\HILL\0.4bpp\stego\4530.pgm,1,train
${BOSSBASE_ROOT}\cover\4939.pgm,0,train
${BOSSBASE_ROOT}\cover\2816.pgm,0,train
${BOSSBASE_ROOT}\stego\HILL\0.4bpp\stego\3513.pgm,1,train
${BOSSBASE_ROOT}\stego\HILL\0.4bpp\stego\8428.pgm,1,train
${BOSSBASE_ROOT}\cover\1293.pgm,0,train
${BOSSBASE_ROOT}\cover\6170.pgm,0,train
${BOSSBASE_ROOT}\stego\HILL\0.4bpp\stego\9347.pgm,1,train
${BOSSBASE_ROOT}\stego\HILL\0.4bpp\stego\1011.pgm,1,train
${BOSSBASE_ROOT}\stego\HILL\0.4bpp\stego\880.pgm,1,train
${BOSSBASE_ROOT}\stego\HILL\0.4bpp\stego\6145.pgm,1,train
${BOSSBASE_ROOT}\cover\7625.pgm,0,train
${BOSSBASE_ROOT}\stego\HILL\0.4bpp\stego\8466.pgm,1,train
${BOSSBASE_ROOT}\stego\HILL\0.4bpp\stego\9273.pgm,1,train
${BOSSBASE_ROOT}\stego\HILL\0.4bpp\stego\5364.pgm,1,train
${BOSSBASE_ROOT}\stego\HILL\0.4bpp\stego\3312.pgm,1,train
${BOSSBASE_ROOT}\stego\HILL\0.4bpp\stego\5785.pgm,1,train
${BOSSBASE_ROOT}\cover\2785.pgm,0,train
${BOSSBASE_ROOT}\stego\HILL\0.4bpp\stego\59.pgm,1,train
${BOSSBASE_ROOT}\stego\HILL\0.4bpp\stego\905.pgm,1,train
${BOSSBASE_ROOT}\cover\1600.pgm,0,train
${BOSSBASE_ROOT}\stego\HILL\0.4bpp\stego\2190.pgm,1,train
${BOSSBASE_ROOT}\cover\6554.pgm,0,train
${BOSSBASE_ROOT}\stego\HILL\0.4bpp\stego\2723.pgm,1,train
${BOSSBASE_ROOT}\stego\HILL\0.4bpp\stego\6140.pgm,1,train
${BOSSBASE_ROOT}\stego\HILL\0.4bpp\stego\7905.pgm,1,train
${BOSSBASE_ROOT}\stego\HILL\0.4bpp\stego\8018.pgm,1,train
${BOSSBASE_ROOT}\cover\3831.pgm,0,train
${BOSSBASE_ROOT}\cover\3233.pgm,0,train
${BOSSBASE_ROOT}\stego\HILL\0.4bpp\stego\8509.pgm,1,train
${BOSSBASE_ROOT}\stego\HILL\0.4bpp\stego\4709.pgm,1,train
${BOSSBASE_ROOT}\cover\6911.pgm,0,train
${BOSSBASE_ROOT}\cover\6405.pgm,0,train
${BOSSBASE_ROOT}\cover\6867.pgm,0,train
${BOSSBASE_ROOT}\stego\HILL\0.4bpp\stego\452.pgm,1,train
${BOSSBASE_ROOT}\cover\1023.pgm,0,train
${BOSSBASE_ROOT}\stego\HILL\0.4bpp\stego\5674.pgm,1,train
${BOSSBASE_ROOT}\stego\HILL\0.4bpp\stego\317.pgm,1,train
${BOSSBASE_ROOT}\stego\HILL\0.4bpp\stego\8188.pgm,1,train
${BOSSBASE_ROOT}\stego\HILL\0.4bpp\stego\4268.pgm,1,train
${BOSSBASE_ROOT}\cover\8037.pgm,0,train
${BOSSBASE_ROOT}\stego\HILL\0.4bpp\stego\1924.pgm,1,train
${BOSSBASE_ROOT}\cover\3899.pgm,0,train
${BOSSBASE_ROOT}\cover\5297.pgm,0,train
${BOSSBASE_ROOT}\stego\HILL\0.4bpp\stego\8484.pgm,1,train
${BOSSBASE_ROOT}\cover\5979.pgm,0,train
${BOSSBASE_ROOT}\stego\HILL\0.4bpp\stego\7608.pgm,1,train
${BOSSBASE_ROOT}\cover\4004.pgm,0,train
${BOSSBASE_ROOT}\stego\HILL\0.4bpp\stego\9940.pgm,1,train
${BOSSBASE_ROOT}\cover\2935.pgm,0,train
${BOSSBASE_ROOT}\cover\5692.pgm,0,train
${BOSSBASE_ROOT}\stego\HILL\0.4bpp\stego\2170.pgm,1,train
${BOSSBASE_ROOT}\cover\8905.pgm,0,train
${BOSSBASE_ROOT}\cover\3345.pgm,0,train
${BOSSBASE_ROOT}\cover\6011.pgm,0,train
${BOSSBASE_ROOT}\stego\HILL\0.4bpp\stego\8858.pgm,1,train
${BOSSBASE_ROOT}\stego\HILL\0.4bpp\stego\6500.pgm,1,train
${BOSSBASE_ROOT}\cover\8599.pgm,0,train
${BOSSBASE_ROOT}\cover\2290.pgm,0,train
${BOSSBASE_ROOT}\cover\6466.pgm,0,train
${BOSSBASE_ROOT}\cover\4600.pgm,0,train
${BOSSBASE_ROOT}\stego\HILL\0.4bpp\stego\6988.pgm,1,train
${BOSSBASE_ROOT}\stego\HILL\0.4bpp\stego\5247.pgm,1,train
${BOSSBASE_ROOT}\cover\6628.pgm,0,train
${BOSSBASE_ROOT}\stego\HILL\0.4bpp\stego\7964.pgm,1,train
${BOSSBASE_ROOT}\cover\7567.pgm,0,train
${BOSSBASE_ROOT}\cover\6185.pgm,0,train
${BOSSBASE_ROOT}\cover\7618.pgm,0,train
${BOSSBASE_ROOT}\cover\9433.pgm,0,train
${BOSSBASE_ROOT}\stego\HILL\0.4bpp\stego\9247.pgm,1,train
${BOSSBASE_ROOT}\stego\HILL\0.4bpp\stego\5151.pgm,1,train
${BOSSBASE_ROOT}\cover\1662.pgm,0,train
${BOSSBASE_ROOT}\stego\HILL\0.4bpp\stego\9342.pgm,1,train
${BOSSBASE_ROOT}\cover\5585.pgm,0,train
${BOSSBASE_ROOT}\cover\9750.pgm,0,train
${BOSSBASE_ROOT}\stego\HILL\0.4bpp\stego\1726.pgm,1,train
${BOSSBASE_ROOT}\cover\6875.pgm,0,train
${BOSSBASE_ROOT}\stego\HILL\0.4bpp\stego\8164.pgm,1,train
${BOSSBASE_ROOT}\stego\HILL\0.4bpp\stego\5102.pgm,1,train
${BOSSBASE_ROOT}\stego\HILL\0.4bpp\stego\326.pgm,1,train
${BOSSBASE_ROOT}\stego\HILL\0.4bpp\stego\5099.pgm,1,train
${BOSSBASE_ROOT}\stego\HILL\0.4bpp\stego\1360.pgm,1,train
${BOSSBASE_ROOT}\stego\HILL\0.4bpp\stego\8521.pgm,1,train
${BOSSBASE_ROOT}\stego\HILL\0.4bpp\stego\148.pgm,1,train
${BOSSBASE_ROOT}\cover\9755.pgm,0,train
${BOSSBASE_ROOT}\cover\8294.pgm,0,train
${BOSSBASE_ROOT}\cover\3327.pgm,0,train
${BOSSBASE_ROOT}\stego\HILL\0.4bpp\stego\3853.pgm,1,train
${BOSSBASE_ROOT}\stego\HILL\0.4bpp\stego\159.pgm,1,train
${BOSSBASE_ROOT}\cover\1551.pgm,0,train
${BOSSBASE_ROOT}\stego\HILL\0.4bpp\stego\6687.pgm,1,train
${BOSSBASE_ROOT}\stego\HILL\0.4bpp\stego\8991.pgm,1,train
${BOSSBASE_ROOT}\cover\3218.pgm,0,train
${BOSSBASE_ROOT}\stego\HILL\0.4bpp\stego\3275.pgm,1,train
${BOSSBASE_ROOT}\stego\HILL\0.4bpp\stego\748.pgm,1,train
${BOSSBASE_ROOT}\stego\HILL\0.4bpp\stego\8235.pgm,1,train
${BOSSBASE_ROOT}\cover\7234.pgm,0,train
${BOSSBASE_ROOT}\stego\HILL\0.4bpp\stego\4679.pgm,1,train
${BOSSBASE_ROOT}\stego\HILL\0.4bpp\stego\9476.pgm,1,train
${BOSSBASE_ROOT}\stego\HILL\0.4bpp\stego\6024.pgm,1,train
${BOSSBASE_ROOT}\stego\HILL\0.4bpp\stego\3649.pgm,1,train
${BOSSBASE_ROOT}\stego\HILL\0.4bpp\stego\9205.pgm,1,train
${BOSSBASE_ROOT}\cover\2505.pgm,0,train
${BOSSBASE_ROOT}\cover\9087.pgm,0,train
${BOSSBASE_ROOT}\cover\7339.pgm,0,train
${BOSSBASE_ROOT}\stego\HILL\0.4bpp\stego\1470.pgm,1,train
${BOSSBASE_ROOT}\stego\HILL\0.4bpp\stego\9791.pgm,1,train
${BOSSBASE_ROOT}\cover\1352.pgm,0,train
${BOSSBASE_ROOT}\stego\HILL\0.4bpp\stego\8470.pgm,1,train
${BOSSBASE_ROOT}\stego\HILL\0.4bpp\stego\112.pgm,1,train
${BOSSBASE_ROOT}\cover\5517.pgm,0,train
${BOSSBASE_ROOT}\stego\HILL\0.4bpp\stego\5646.pgm,1,train
${BOSSBASE_ROOT}\stego\HILL\0.4bpp\stego\3285.pgm,1,train
${BOSSBASE_ROOT}\cover\8350.pgm,0,train
${BOSSBASE_ROOT}\stego\HILL\0.4bpp\stego\750.pgm,1,train
${BOSSBASE_ROOT}\cover\7528.pgm,0,train
${BOSSBASE_ROOT}\stego\HILL\0.4bpp\stego\5227.pgm,1,train
${BOSSBASE_ROOT}\stego\HILL\0.4bpp\stego\774.pgm,1,train
${BOSSBASE_ROOT}\cover\4681.pgm,0,train
${BOSSBASE_ROOT}\cover\9313.pgm,0,train
${BOSSBASE_ROOT}\stego\HILL\0.4bpp\stego\3443.pgm,1,train
${BOSSBASE_ROOT}\cover\4389.pgm,0,train
${BOSSBASE_ROOT}\stego\HILL\0.4bpp\stego\5514.pgm,1,train
${BOSSBASE_ROOT}\cover\9961.pgm,0,train
${BOSSBASE_ROOT}\stego\HILL\0.4bpp\stego\9775.pgm,1,train
${BOSSBASE_ROOT}\stego\HILL\0.4bpp\stego\516.pgm,1,train
${BOSSBASE_ROOT}\cover\7858.pgm,0,train
${BOSSBASE_ROOT}\cover\6772.pgm,0,train
${BOSSBASE_ROOT}\cover\2352.pgm,0,train
${BOSSBASE_ROOT}\cover\6829.pgm,0,train
${BOSSBASE_ROOT}\cover\5460.pgm,0,train
${BOSSBASE_ROOT}\cover\5452.pgm,0,train
${BOSSBASE_ROOT}\stego\HILL\0.4bpp\stego\9680.pgm,1,train
${BOSSBASE_ROOT}\cover\3871.pgm,0,train
${BOSSBASE_ROOT}\stego\HILL\0.4bpp\stego\4685.pgm,1,train
${BOSSBASE_ROOT}\cover\6893.pgm,0,train
${BOSSBASE_ROOT}\stego\HILL\0.4bpp\stego\8591.pgm,1,train
${BOSSBASE_ROOT}\cover\7911.pgm,0,train
${BOSSBASE_ROOT}\cover\7024.pgm,0,train
${BOSSBASE_ROOT}\stego\HILL\0.4bpp\stego\5532.pgm,1,train
${BOSSBASE_ROOT}\cover\600.pgm,0,train
${BOSSBASE_ROOT}\stego\HILL\0.4bpp\stego\3278.pgm,1,train
${BOSSBASE_ROOT}\cover\9727.pgm,0,train
${BOSSBASE_ROOT}\cover\8016.pgm,0,train
${BOSSBASE_ROOT}\cover\2817.pgm,0,train
${BOSSBASE_ROOT}\stego\HILL\0.4bpp\stego\7098.pgm,1,train
${BOSSBASE_ROOT}\cover\483.pgm,0,train
${BOSSBASE_ROOT}\cover\6544.pgm,0,train
${BOSSBASE_ROOT}\stego\HILL\0.4bpp\stego\2188.pgm,1,train
${BOSSBASE_ROOT}\stego\HILL\0.4bpp\stego\7496.pgm,1,train
${BOSSBASE_ROOT}\stego\HILL\0.4bpp\stego\2548.pgm,1,train
${BOSSBASE_ROOT}\cover\6964.pgm,0,train
${BOSSBASE_ROOT}\stego\HILL\0.4bpp\stego\274.pgm,1,train
${BOSSBASE_ROOT}\stego\HILL\0.4bpp\stego\7861.pgm,1,train
${BOSSBASE_ROOT}\stego\HILL\0.4bpp\stego\310.pgm,1,train
${BOSSBASE_ROOT}\cover\1008.pgm,0,train
${BOSSBASE_ROOT}\stego\HILL\0.4bpp\stego\480.pgm,1,train
${BOSSBASE_ROOT}\stego\HILL\0.4bpp\stego\941.pgm,1,train
${BOSSBASE_ROOT}\cover\1185.pgm,0,train
${BOSSBASE_ROOT}\cover\1011.pgm,0,train
${BOSSBASE_ROOT}\stego\HILL\0.4bpp\stego\3088.pgm,1,train
${BOSSBASE_ROOT}\stego\HILL\0.4bpp\stego\9557.pgm,1,train
${BOSSBASE_ROOT}\stego\HILL\0.4bpp\stego\8071.pgm,1,train
${BOSSBASE_ROOT}\stego\HILL\0.4bpp\stego\2147.pgm,1,train
${BOSSBASE_ROOT}\cover\4356.pgm,0,train
${BOSSBASE_ROOT}\stego\HILL\0.4bpp\stego\805.pgm,1,train
${BOSSBASE_ROOT}\cover\6550.pgm,0,train
${BOSSBASE_ROOT}\cover\4222.pgm,0,train
${BOSSBASE_ROOT}\stego\HILL\0.4bpp\stego\5129.pgm,1,train
${BOSSBASE_ROOT}\cover\3274.pgm,0,train
${BOSSBASE_ROOT}\stego\HILL\0.4bpp\stego\7324.pgm,1,train
${BOSSBASE_ROOT}\stego\HILL\0.4bpp\stego\3334.pgm,1,train
${BOSSBASE_ROOT}\stego\HILL\0.4bpp\stego\5701.pgm,1,train
${BOSSBASE_ROOT}\cover\6636.pgm,0,train
${BOSSBASE_ROOT}\stego\HILL\0.4bpp\stego\3688.pgm,1,train
${BOSSBASE_ROOT}\cover\982.pgm,0,train
${BOSSBASE_ROOT}\stego\HILL\0.4bpp\stego\1571.pgm,1,train
${BOSSBASE_ROOT}\stego\HILL\0.4bpp\stego\1722.pgm,1,train
${BOSSBASE_ROOT}\cover\8977.pgm,0,train
${BOSSBASE_ROOT}\cover\1676.pgm,0,train
${BOSSBASE_ROOT}\stego\HILL\0.4bpp\stego\9517.pgm,1,train
${BOSSBASE_ROOT}\cover\2724.pgm,0,train
${BOSSBASE_ROOT}\cover\3340.pgm,0,train
${BOSSBASE_ROOT}\stego\HILL\0.4bpp\stego\202.pgm,1,train
${BOSSBASE_ROOT}\stego\HILL\0.4bpp\stego\5008.pgm,1,train
${BOSSBASE_ROOT}\cover\4937.pgm,0,train
${BOSSBASE_ROOT}\cover\3694.pgm,0,train
${BOSSBASE_ROOT}\stego\HILL\0.4bpp\stego\6289.pgm,1,train
${BOSSBASE_ROOT}\stego\HILL\0.4bpp\stego\7969.pgm,1,train
${BOSSBASE_ROOT}\stego\HILL\0.4bpp\stego\578.pgm,1,train
${BOSSBASE_ROOT}\stego\HILL\0.4bpp\stego\5384.pgm,1,train
${BOSSBASE_ROOT}\cover\1709.pgm,0,train
${BOSSBASE_ROOT}\cover\2975.pgm,0,train
${BOSSBASE_ROOT}\cover\1418.pgm,0,train
${BOSSBASE_ROOT}\cover\5236.pgm,0,train
${BOSSBASE_ROOT}\cover\7753.pgm,0,train
${BOSSBASE_ROOT}\stego\HILL\0.4bpp\stego\1123.pgm,1,train
${BOSSBASE_ROOT}\stego\HILL\0.4bpp\stego\5306.pgm,1,train
${BOSSBASE_ROOT}\stego\HILL\0.4bpp\stego\6352.pgm,1,train
${BOSSBASE_ROOT}\cover\1640.pgm,0,train
${BOSSBASE_ROOT}\cover\2970.pgm,0,train
${BOSSBASE_ROOT}\cover\3901.pgm,0,train
${BOSSBASE_ROOT}\stego\HILL\0.4bpp\stego\8060.pgm,1,train
${BOSSBASE_ROOT}\stego\HILL\0.4bpp\stego\8628.pgm,1,train
${BOSSBASE_ROOT}\cover\6857.pgm,0,train
${BOSSBASE_ROOT}\cover\9500.pgm,0,train
${BOSSBASE_ROOT}\stego\HILL\0.4bpp\stego\5794.pgm,1,train
${BOSSBASE_ROOT}\stego\HILL\0.4bpp\stego\9269.pgm,1,train
${BOSSBASE_ROOT}\cover\553.pgm,0,train
${BOSSBASE_ROOT}\cover\5914.pgm,0,train
${BOSSBASE_ROOT}\cover\2947.pgm,0,train
${BOSSBASE_ROOT}\cover\8882.pgm,0,train
${BOSSBASE_ROOT}\cover\4137.pgm,0,train
${BOSSBASE_ROOT}\cover\5457.pgm,0,train
${BOSSBASE_ROOT}\cover\6026.pgm,0,train
${BOSSBASE_ROOT}\cover\5703.pgm,0,train
${BOSSBASE_ROOT}\stego\HILL\0.4bpp\stego\556.pgm,1,train
${BOSSBASE_ROOT}\stego\HILL\0.4bpp\stego\1450.pgm,1,train
${BOSSBASE_ROOT}\cover\2766.pgm,0,train
${BOSSBASE_ROOT}\cover\7773.pgm,0,train
${BOSSBASE_ROOT}\cover\4533.pgm,0,train
${BOSSBASE_ROOT}\cover\3384.pgm,0,train
${BOSSBASE_ROOT}\stego\HILL\0.4bpp\stego\238.pgm,1,train
${BOSSBASE_ROOT}\stego\HILL\0.4bpp\stego\9020.pgm,1,train
${BOSSBASE_ROOT}\cover\3080.pgm,0,train
${BOSSBASE_ROOT}\stego\HILL\0.4bpp\stego\255.pgm,1,train
${BOSSBASE_ROOT}\stego\HILL\0.4bpp\stego\496.pgm,1,train
${BOSSBASE_ROOT}\cover\2860.pgm,0,train
${BOSSBASE_ROOT}\cover\2489.pgm,0,train
${BOSSBASE_ROOT}\stego\HILL\0.4bpp\stego\9620.pgm,1,train
${BOSSBASE_ROOT}\stego\HILL\0.4bpp\stego\653.pgm,1,train
${BOSSBASE_ROOT}\stego\HILL\0.4bpp\stego\3843.pgm,1,train
${BOSSBASE_ROOT}\cover\2596.pgm,0,train
${BOSSBASE_ROOT}\stego\HILL\0.4bpp\stego\4547.pgm,1,train
${BOSSBASE_ROOT}\cover\8499.pgm,0,train
${BOSSBASE_ROOT}\stego\HILL\0.4bpp\stego\1291.pgm,1,train
${BOSSBASE_ROOT}\cover\3281.pgm,0,train
${BOSSBASE_ROOT}\cover\6310.pgm,0,train
${BOSSBASE_ROOT}\stego\HILL\0.4bpp\stego\3041.pgm,1,train
${BOSSBASE_ROOT}\cover\6816.pgm,0,train
${BOSSBASE_ROOT}\cover\2065.pgm,0,train
${BOSSBASE_ROOT}\stego\HILL\0.4bpp\stego\7310.pgm,1,train
${BOSSBASE_ROOT}\stego\HILL\0.4bpp\stego\2059.pgm,1,train
${BOSSBASE_ROOT}\cover\4873.pgm,0,train
${BOSSBASE_ROOT}\stego\HILL\0.4bpp\stego\7564.pgm,1,train
${BOSSBASE_ROOT}\stego\HILL\0.4bpp\stego\3129.pgm,1,train
${BOSSBASE_ROOT}\stego\HILL\0.4bpp\stego\9497.pgm,1,train
${BOSSBASE_ROOT}\stego\HILL\0.4bpp\stego\4246.pgm,1,train
${BOSSBASE_ROOT}\stego\HILL\0.4bpp\stego\7482.pgm,1,train
${BOSSBASE_ROOT}\cover\8057.pgm,0,train
${BOSSBASE_ROOT}\stego\HILL\0.4bpp\stego\9308.pgm,1,train
${BOSSBASE_ROOT}\cover\8708.pgm,0,train
${BOSSBASE_ROOT}\stego\HILL\0.4bpp\stego\7342.pgm,1,train
${BOSSBASE_ROOT}\cover\5127.pgm,0,train
${BOSSBASE_ROOT}\stego\HILL\0.4bpp\stego\2513.pgm,1,train
${BOSSBASE_ROOT}\cover\799.pgm,0,train
${BOSSBASE_ROOT}\cover\1228.pgm,0,train
${BOSSBASE_ROOT}\cover\2658.pgm,0,train
${BOSSBASE_ROOT}\stego\HILL\0.4bpp\stego\2767.pgm,1,train
${BOSSBASE_ROOT}\stego\HILL\0.4bpp\stego\656.pgm,1,train
${BOSSBASE_ROOT}\cover\6910.pgm,0,train
${BOSSBASE_ROOT}\stego\HILL\0.4bpp\stego\2504.pgm,1,train
${BOSSBASE_ROOT}\cover\6605.pgm,0,train
${BOSSBASE_ROOT}\stego\HILL\0.4bpp\stego\1418.pgm,1,train
${BOSSBASE_ROOT}\stego\HILL\0.4bpp\stego\8498.pgm,1,train
${BOSSBASE_ROOT}\stego\HILL\0.4bpp\stego\2391.pgm,1,train
${BOSSBASE_ROOT}\cover\4197.pgm,0,train
${BOSSBASE_ROOT}\cover\5450.pgm,0,train
${BOSSBASE_ROOT}\cover\3319.pgm,0,train
${BOSSBASE_ROOT}\stego\HILL\0.4bpp\stego\5216.pgm,1,train
${BOSSBASE_ROOT}\cover\8115.pgm,0,train
${BOSSBASE_ROOT}\stego\HILL\0.4bpp\stego\7674.pgm,1,train
${BOSSBASE_ROOT}\cover\8385.pgm,0,train
${BOSSBASE_ROOT}\cover\6987.pgm,0,train
${BOSSBASE_ROOT}\stego\HILL\0.4bpp\stego\9955.pgm,1,train
${BOSSBASE_ROOT}\stego\HILL\0.4bpp\stego\1919.pgm,1,train
${BOSSBASE_ROOT}\stego\HILL\0.4bpp\stego\25.pgm,1,train
${BOSSBASE_ROOT}\cover\1421.pgm,0,train
${BOSSBASE_ROOT}\cover\5780.pgm,0,train
${BOSSBASE_ROOT}\stego\HILL\0.4bpp\stego\5529.pgm,1,train
${BOSSBASE_ROOT}\stego\HILL\0.4bpp\stego\5165.pgm,1,train
${BOSSBASE_ROOT}\stego\HILL\0.4bpp\stego\1095.pgm,1,train
${BOSSBASE_ROOT}\cover\4635.pgm,0,train
${BOSSBASE_ROOT}\stego\HILL\0.4bpp\stego\2304.pgm,1,train
${BOSSBASE_ROOT}\cover\3898.pgm,0,train
${BOSSBASE_ROOT}\cover\9853.pgm,0,train
${BOSSBASE_ROOT}\cover\3651.pgm,0,train
${BOSSBASE_ROOT}\stego\HILL\0.4bpp\stego\3210.pgm,1,train
${BOSSBASE_ROOT}\cover\5174.pgm,0,train
${BOSSBASE_ROOT}\stego\HILL\0.4bpp\stego\3829.pgm,1,train
${BOSSBASE_ROOT}\cover\5688.pgm,0,train
${BOSSBASE_ROOT}\stego\HILL\0.4bpp\stego\2367.pgm,1,train
${BOSSBASE_ROOT}\stego\HILL\0.4bpp\stego\2891.pgm,1,train
${BOSSBASE_ROOT}\cover\3603.pgm,0,train
${BOSSBASE_ROOT}\cover\8257.pgm,0,train
${BOSSBASE_ROOT}\stego\HILL\0.4bpp\stego\4560.pgm,1,train
${BOSSBASE_ROOT}\stego\HILL\0.4bpp\stego\359.pgm,1,train
${BOSSBASE_ROOT}\cover\2168.pgm,0,train
${BOSSBASE_ROOT}\cover\4655.pgm,0,train
${BOSSBASE_ROOT}\cover\9158.pgm,0,train
${BOSSBASE_ROOT}\stego\HILL\0.4bpp\stego\7516.pgm,1,train
${BOSSBASE_ROOT}\cover\496.pgm,0,train
${BOSSBASE_ROOT}\cover\1613.pgm,0,train
${BOSSBASE_ROOT}\cover\2029.pgm,0,train
${BOSSBASE_ROOT}\stego\HILL\0.4bpp\stego\1672.pgm,1,train
${BOSSBASE_ROOT}\cover\969.pgm,0,train
${BOSSBASE_ROOT}\cover\2987.pgm,0,train
${BOSSBASE_ROOT}\cover\5421.pgm,0,train
${BOSSBASE_ROOT}\cover\7285.pgm,0,train
${BOSSBASE_ROOT}\cover\7253.pgm,0,train
${BOSSBASE_ROOT}\stego\HILL\0.4bpp\stego\2999.pgm,1,train
${BOSSBASE_ROOT}\stego\HILL\0.4bpp\stego\7928.pgm,1,train
${BOSSBASE_ROOT}\stego\HILL\0.4bpp\stego\928.pgm,1,train
${BOSSBASE_ROOT}\stego\HILL\0.4bpp\stego\929.pgm,1,train
${BOSSBASE_ROOT}\cover\3945.pgm,0,train
${BOSSBASE_ROOT}\stego\HILL\0.4bpp\stego\3477.pgm,1,train
${BOSSBASE_ROOT}\cover\64.pgm,0,train
${BOSSBASE_ROOT}\stego\HILL\0.4bpp\stego\2489.pgm,1,train
${BOSSBASE_ROOT}\cover\9869.pgm,0,train
${BOSSBASE_ROOT}\cover\8318.pgm,0,train
${BOSSBASE_ROOT}\cover\874.pgm,0,train
${BOSSBASE_ROOT}\cover\5799.pgm,0,train
${BOSSBASE_ROOT}\cover\6444.pgm,0,train
${BOSSBASE_ROOT}\stego\HILL\0.4bpp\stego\2764.pgm,1,train
${BOSSBASE_ROOT}\cover\1255.pgm,0,train
${BOSSBASE_ROOT}\stego\HILL\0.4bpp\stego\3313.pgm,1,train
${BOSSBASE_ROOT}\cover\8794.pgm,0,train
${BOSSBASE_ROOT}\cover\3166.pgm,0,train
${BOSSBASE_ROOT}\stego\HILL\0.4bpp\stego\176.pgm,1,train
${BOSSBASE_ROOT}\cover\9485.pgm,0,train
${BOSSBASE_ROOT}\cover\8378.pgm,0,train
${BOSSBASE_ROOT}\stego\HILL\0.4bpp\stego\3529.pgm,1,train
${BOSSBASE_ROOT}\stego\HILL\0.4bpp\stego\1982.pgm,1,train
${BOSSBASE_ROOT}\stego\HILL\0.4bpp\stego\2736.pgm,1,train
${BOSSBASE_ROOT}\stego\HILL\0.4bpp\stego\1072.pgm,1,train
${BOSSBASE_ROOT}\stego\HILL\0.4bpp\stego\8848.pgm,1,train
${BOSSBASE_ROOT}\cover\2354.pgm,0,train
${BOSSBASE_ROOT}\cover\6335.pgm,0,train
${BOSSBASE_ROOT}\cover\1039.pgm,0,train
${BOSSBASE_ROOT}\stego\HILL\0.4bpp\stego\138.pgm,1,train
${BOSSBASE_ROOT}\stego\HILL\0.4bpp\stego\4197.pgm,1,train
${BOSSBASE_ROOT}\stego\HILL\0.4bpp\stego\28.pgm,1,train
${BOSSBASE_ROOT}\stego\HILL\0.4bpp\stego\1554.pgm,1,train
${BOSSBASE_ROOT}\stego\HILL\0.4bpp\stego\6822.pgm,1,train
${BOSSBASE_ROOT}\cover\6007.pgm,0,train
${BOSSBASE_ROOT}\stego\HILL\0.4bpp\stego\6669.pgm,1,train
${BOSSBASE_ROOT}\cover\8861.pgm,0,train
${BOSSBASE_ROOT}\stego\HILL\0.4bpp\stego\1955.pgm,1,train
${BOSSBASE_ROOT}\stego\HILL\0.4bpp\stego\8350.pgm,1,train
${BOSSBASE_ROOT}\stego\HILL\0.4bpp\stego\4802.pgm,1,train
${BOSSBASE_ROOT}\cover\7494.pgm,0,train
${BOSSBASE_ROOT}\stego\HILL\0.4bpp\stego\3958.pgm,1,train
${BOSSBASE_ROOT}\cover\7609.pgm,0,train
${BOSSBASE_ROOT}\stego\HILL\0.4bpp\stego\9481.pgm,1,train
${BOSSBASE_ROOT}\cover\3639.pgm,0,train
${BOSSBASE_ROOT}\cover\6958.pgm,0,train
${BOSSBASE_ROOT}\cover\4618.pgm,0,train
${BOSSBASE_ROOT}\stego\HILL\0.4bpp\stego\5987.pgm,1,train
${BOSSBASE_ROOT}\cover\6390.pgm,0,train
${BOSSBASE_ROOT}\cover\748.pgm,0,train
${BOSSBASE_ROOT}\stego\HILL\0.4bpp\stego\1624.pgm,1,train
${BOSSBASE_ROOT}\cover\7019.pgm,0,train
${BOSSBASE_ROOT}\cover\4563.pgm,0,train
${BOSSBASE_ROOT}\stego\HILL\0.4bpp\stego\2734.pgm,1,train
${BOSSBASE_ROOT}\cover\7413.pgm,0,train
${BOSSBASE_ROOT}\stego\HILL\0.4bpp\stego\1763.pgm,1,train
${BOSSBASE_ROOT}\cover\3223.pgm,0,train
${BOSSBASE_ROOT}\stego\HILL\0.4bpp\stego\4687.pgm,1,train
${BOSSBASE_ROOT}\stego\HILL\0.4bpp\stego\5014.pgm,1,train
${BOSSBASE_ROOT}\cover\5559.pgm,0,train
${BOSSBASE_ROOT}\stego\HILL\0.4bpp\stego\5690.pgm,1,train
${BOSSBASE_ROOT}\cover\4383.pgm,0,train
${BOSSBASE_ROOT}\stego\HILL\0.4bpp\stego\5985.pgm,1,train
${BOSSBASE_ROOT}\cover\6988.pgm,0,train
${BOSSBASE_ROOT}\stego\HILL\0.4bpp\stego\6332.pgm,1,train
${BOSSBASE_ROOT}\stego\HILL\0.4bpp\stego\1543.pgm,1,train
${BOSSBASE_ROOT}\stego\HILL\0.4bpp\stego\1309.pgm,1,train
${BOSSBASE_ROOT}\cover\2126.pgm,0,train
${BOSSBASE_ROOT}\stego\HILL\0.4bpp\stego\714.pgm,1,train
${BOSSBASE_ROOT}\stego\HILL\0.4bpp\stego\2405.pgm,1,train
${BOSSBASE_ROOT}\cover\4548.pgm,0,train
${BOSSBASE_ROOT}\stego\HILL\0.4bpp\stego\6959.pgm,1,train
${BOSSBASE_ROOT}\stego\HILL\0.4bpp\stego\8170.pgm,1,train
${BOSSBASE_ROOT}\stego\HILL\0.4bpp\stego\1856.pgm,1,train
${BOSSBASE_ROOT}\stego\HILL\0.4bpp\stego\2131.pgm,1,train
${BOSSBASE_ROOT}\cover\1521.pgm,0,train
${BOSSBASE_ROOT}\stego\HILL\0.4bpp\stego\4850.pgm,1,train
${BOSSBASE_ROOT}\stego\HILL\0.4bpp\stego\9802.pgm,1,train
${BOSSBASE_ROOT}\stego\HILL\0.4bpp\stego\6056.pgm,1,train
${BOSSBASE_ROOT}\stego\HILL\0.4bpp\stego\5644.pgm,1,train
${BOSSBASE_ROOT}\stego\HILL\0.4bpp\stego\4757.pgm,1,train
${BOSSBASE_ROOT}\cover\131.pgm,0,train
${BOSSBASE_ROOT}\stego\HILL\0.4bpp\stego\3571.pgm,1,train
${BOSSBASE_ROOT}\stego\HILL\0.4bpp\stego\152.pgm,1,train
${BOSSBASE_ROOT}\stego\HILL\0.4bpp\stego\8005.pgm,1,train
${BOSSBASE_ROOT}\stego\HILL\0.4bpp\stego\4982.pgm,1,train
${BOSSBASE_ROOT}\cover\988.pgm,0,train
${BOSSBASE_ROOT}\cover\9805.pgm,0,train
${BOSSBASE_ROOT}\cover\3841.pgm,0,train
${BOSSBASE_ROOT}\stego\HILL\0.4bpp\stego\8771.pgm,1,train
${BOSSBASE_ROOT}\stego\HILL\0.4bpp\stego\7800.pgm,1,train
${BOSSBASE_ROOT}\cover\7734.pgm,0,train
${BOSSBASE_ROOT}\cover\293.pgm,0,train
${BOSSBASE_ROOT}\cover\7834.pgm,0,train
${BOSSBASE_ROOT}\cover\9440.pgm,0,train
${BOSSBASE_ROOT}\cover\4406.pgm,0,train
${BOSSBASE_ROOT}\cover\4312.pgm,0,train
${BOSSBASE_ROOT}\cover\9389.pgm,0,train
${BOSSBASE_ROOT}\cover\5656.pgm,0,train
${BOSSBASE_ROOT}\cover\574.pgm,0,train
${BOSSBASE_ROOT}\stego\HILL\0.4bpp\stego\6793.pgm,1,train
${BOSSBASE_ROOT}\cover\3894.pgm,0,train
${BOSSBASE_ROOT}\cover\616.pgm,0,train
${BOSSBASE_ROOT}\cover\806.pgm,0,train
${BOSSBASE_ROOT}\cover\9359.pgm,0,train
${BOSSBASE_ROOT}\stego\HILL\0.4bpp\stego\4045.pgm,1,train
${BOSSBASE_ROOT}\cover\7781.pgm,0,train
${BOSSBASE_ROOT}\cover\6880.pgm,0,train
${BOSSBASE_ROOT}\cover\9499.pgm,0,train
${BOSSBASE_ROOT}\stego\HILL\0.4bpp\stego\3803.pgm,1,train
${BOSSBASE_ROOT}\stego\HILL\0.4bpp\stego\500.pgm,1,train
${BOSSBASE_ROOT}\cover\8223.pgm,0,train
${BOSSBASE_ROOT}\stego\HILL\0.4bpp\stego\702.pgm,1,train
${BOSSBASE_ROOT}\cover\9307.pgm,0,train
${BOSSBASE_ROOT}\cover\3691.pgm,0,train
${BOSSBASE_ROOT}\cover\8317.pgm,0,train
${BOSSBASE_ROOT}\stego\HILL\0.4bpp\stego\8978.pgm,1,train
${BOSSBASE_ROOT}\cover\877.pgm,0,train
${BOSSBASE_ROOT}\stego\HILL\0.4bpp\stego\7502.pgm,1,train
${BOSSBASE_ROOT}\cover\9218.pgm,0,train
${BOSSBASE_ROOT}\cover\5756.pgm,0,train
${BOSSBASE_ROOT}\stego\HILL\0.4bpp\stego\9742.pgm,1,train
${BOSSBASE_ROOT}\stego\HILL\0.4bpp\stego\8426.pgm,1,train
${BOSSBASE_ROOT}\cover\7455.pgm,0,train
${BOSSBASE_ROOT}\cover\9734.pgm,0,train
${BOSSBASE_ROOT}\cover\1816.pgm,0,train
${BOSSBASE_ROOT}\cover\8859.pgm,0,train
${BOSSBASE_ROOT}\cover\9696.pgm,0,train
${BOSSBASE_ROOT}\stego\HILL\0.4bpp\stego\3076.pgm,1,train
${BOSSBASE_ROOT}\stego\HILL\0.4bpp\stego\3748.pgm,1,train
${BOSSBASE_ROOT}\stego\HILL\0.4bpp\stego\9026.pgm,1,train
${BOSSBASE_ROOT}\stego\HILL\0.4bpp\stego\7862.pgm,1,train
${BOSSBASE_ROOT}\cover\7100.pgm,0,train
${BOSSBASE_ROOT}\stego\HILL\0.4bpp\stego\9969.pgm,1,train
${BOSSBASE_ROOT}\cover\6757.pgm,0,train
${BOSSBASE_ROOT}\cover\7644.pgm,0,train
${BOSSBASE_ROOT}\stego\HILL\0.4bpp\stego\2680.pgm,1,train
${BOSSBASE_ROOT}\stego\HILL\0.4bpp\stego\8036.pgm,1,train
${BOSSBASE_ROOT}\cover\6114.pgm,0,train
${BOSSBASE_ROOT}\cover\8868.pgm,0,train
${BOSSBASE_ROOT}\stego\HILL\0.4bpp\stego\1701.pgm,1,train
${BOSSBASE_ROOT}\stego\HILL\0.4bpp\stego\3273.pgm,1,train
${BOSSBASE_ROOT}\stego\HILL\0.4bpp\stego\6672.pgm,1,train
${BOSSBASE_ROOT}\stego\HILL\0.4bpp\stego\1010.pgm,1,train
${BOSSBASE_ROOT}\stego\HILL\0.4bpp\stego\6612.pgm,1,train
${BOSSBASE_ROOT}\cover\2725.pgm,0,train
${BOSSBASE_ROOT}\cover\5604.pgm,0,train
${BOSSBASE_ROOT}\stego\HILL\0.4bpp\stego\6042.pgm,1,train
${BOSSBASE_ROOT}\stego\HILL\0.4bpp\stego\5947.pgm,1,train
${BOSSBASE_ROOT}\stego\HILL\0.4bpp\stego\4570.pgm,1,train
${BOSSBASE_ROOT}\stego\HILL\0.4bpp\stego\7051.pgm,1,train
${BOSSBASE_ROOT}\stego\HILL\0.4bpp\stego\5193.pgm,1,train
${BOSSBASE_ROOT}\cover\3216.pgm,0,train
${BOSSBASE_ROOT}\stego\HILL\0.4bpp\stego\3586.pgm,1,train
${BOSSBASE_ROOT}\stego\HILL\0.4bpp\stego\5969.pgm,1,train
${BOSSBASE_ROOT}\stego\HILL\0.4bpp\stego\8181.pgm,1,train
${BOSSBASE_ROOT}\cover\7751.pgm,0,train
${BOSSBASE_ROOT}\stego\HILL\0.4bpp\stego\9143.pgm,1,train
${BOSSBASE_ROOT}\cover\3542.pgm,0,train
${BOSSBASE_ROOT}\stego\HILL\0.4bpp\stego\8225.pgm,1,train
${BOSSBASE_ROOT}\stego\HILL\0.4bpp\stego\5774.pgm,1,train
${BOSSBASE_ROOT}\cover\8308.pgm,0,train
${BOSSBASE_ROOT}\cover\2661.pgm,0,train
${BOSSBASE_ROOT}\stego\HILL\0.4bpp\stego\2412.pgm,1,train
${BOSSBASE_ROOT}\cover\4301.pgm,0,train
${BOSSBASE_ROOT}\stego\HILL\0.4bpp\stego\2948.pgm,1,train
${BOSSBASE_ROOT}\stego\HILL\0.4bpp\stego\1138.pgm,1,train
${BOSSBASE_ROOT}\cover\4167.pgm,0,train
${BOSSBASE_ROOT}\stego\HILL\0.4bpp\stego\3330.pgm,1,train
${BOSSBASE_ROOT}\cover\1246.pgm,0,train
${BOSSBASE_ROOT}\cover\1795.pgm,0,train
${BOSSBASE_ROOT}\stego\HILL\0.4bpp\stego\4981.pgm,1,train
${BOSSBASE_ROOT}\stego\HILL\0.4bpp\stego\2797.pgm,1,train
${BOSSBASE_ROOT}\stego\HILL\0.4bpp\stego\7791.pgm,1,train
${BOSSBASE_ROOT}\cover\2554.pgm,0,train
${BOSSBASE_ROOT}\stego\HILL\0.4bpp\stego\9773.pgm,1,train
${BOSSBASE_ROOT}\stego\HILL\0.4bpp\stego\6182.pgm,1,train
${BOSSBASE_ROOT}\stego\HILL\0.4bpp\stego\9412.pgm,1,train
${BOSSBASE_ROOT}\cover\8881.pgm,0,train
${BOSSBASE_ROOT}\stego\HILL\0.4bpp\stego\7096.pgm,1,train
${BOSSBASE_ROOT}\stego\HILL\0.4bpp\stego\2105.pgm,1,train
${BOSSBASE_ROOT}\stego\HILL\0.4bpp\stego\6373.pgm,1,train
${BOSSBASE_ROOT}\stego\HILL\0.4bpp\stego\7785.pgm,1,train
${BOSSBASE_ROOT}\stego\HILL\0.4bpp\stego\7223.pgm,1,train
${BOSSBASE_ROOT}\stego\HILL\0.4bpp\stego\5792.pgm,1,train
${BOSSBASE_ROOT}\cover\933.pgm,0,train
${BOSSBASE_ROOT}\cover\5425.pgm,0,train
${BOSSBASE_ROOT}\stego\HILL\0.4bpp\stego\2180.pgm,1,train
${BOSSBASE_ROOT}\cover\5164.pgm,0,train
${BOSSBASE_ROOT}\cover\7501.pgm,0,train
${BOSSBASE_ROOT}\cover\8368.pgm,0,train
${BOSSBASE_ROOT}\stego\HILL\0.4bpp\stego\6973.pgm,1,train
${BOSSBASE_ROOT}\cover\1257.pgm,0,train
${BOSSBASE_ROOT}\cover\3476.pgm,0,train
${BOSSBASE_ROOT}\stego\HILL\0.4bpp\stego\8145.pgm,1,train
${BOSSBASE_ROOT}\stego\HILL\0.4bpp\stego\5825.pgm,1,train
${BOSSBASE_ROOT}\cover\5977.pgm,0,train
${BOSSBASE_ROOT}\cover\916.pgm,0,train
${BOSSBASE_ROOT}\stego\HILL\0.4bpp\stego\4088.pgm,1,train
${BOSSBASE_ROOT}\cover\5521.pgm,0,train
${BOSSBASE_ROOT}\cover\6754.pgm,0,train
${BOSSBASE_ROOT}\stego\HILL\0.4bpp\stego\8275.pgm,1,train
${BOSSBASE_ROOT}\cover\5411.pgm,0,train
${BOSSBASE_ROOT}\cover\9446.pgm,0,train
${BOSSBASE_ROOT}\stego\HILL\0.4bpp\stego\4962.pgm,1,train
${BOSSBASE_ROOT}\cover\2061.pgm,0,train
${BOSSBASE_ROOT}\stego\HILL\0.4bpp\stego\5901.pgm,1,train
${BOSSBASE_ROOT}\cover\5165.pgm,0,train
${BOSSBASE_ROOT}\stego\HILL\0.4bpp\stego\1660.pgm,1,train
${BOSSBASE_ROOT}\cover\8283.pgm,0,train
${BOSSBASE_ROOT}\cover\8032.pgm,0,train
${BOSSBASE_ROOT}\cover\7439.pgm,0,train
${BOSSBASE_ROOT}\stego\HILL\0.4bpp\stego\7278.pgm,1,train
${BOSSBASE_ROOT}\stego\HILL\0.4bpp\stego\6606.pgm,1,train
${BOSSBASE_ROOT}\stego\HILL\0.4bpp\stego\906.pgm,1,train
${BOSSBASE_ROOT}\cover\3396.pgm,0,train
${BOSSBASE_ROOT}\cover\5558.pgm,0,train
${BOSSBASE_ROOT}\cover\949.pgm,0,train
${BOSSBASE_ROOT}\stego\HILL\0.4bpp\stego\9359.pgm,1,train
${BOSSBASE_ROOT}\stego\HILL\0.4bpp\stego\9548.pgm,1,train
${BOSSBASE_ROOT}\cover\8701.pgm,0,train
${BOSSBASE_ROOT}\cover\2253.pgm,0,train
${BOSSBASE_ROOT}\cover\5311.pgm,0,train
${BOSSBASE_ROOT}\cover\5701.pgm,0,train
${BOSSBASE_ROOT}\stego\HILL\0.4bpp\stego\1037.pgm,1,train
${BOSSBASE_ROOT}\cover\1760.pgm,0,train
${BOSSBASE_ROOT}\cover\3884.pgm,0,train
${BOSSBASE_ROOT}\cover\7437.pgm,0,train
${BOSSBASE_ROOT}\stego\HILL\0.4bpp\stego\5286.pgm,1,train
${BOSSBASE_ROOT}\stego\HILL\0.4bpp\stego\6239.pgm,1,train
${BOSSBASE_ROOT}\stego\HILL\0.4bpp\stego\7530.pgm,1,train
${BOSSBASE_ROOT}\cover\5353.pgm,0,train
${BOSSBASE_ROOT}\cover\3635.pgm,0,train
${BOSSBASE_ROOT}\cover\6991.pgm,0,train
${BOSSBASE_ROOT}\stego\HILL\0.4bpp\stego\872.pgm,1,train
${BOSSBASE_ROOT}\stego\HILL\0.4bpp\stego\528.pgm,1,train
${BOSSBASE_ROOT}\cover\1825.pgm,0,train
${BOSSBASE_ROOT}\cover\7478.pgm,0,train
${BOSSBASE_ROOT}\stego\HILL\0.4bpp\stego\1139.pgm,1,train
${BOSSBASE_ROOT}\cover\4591.pgm,0,train
${BOSSBASE_ROOT}\cover\37.pgm,0,train
${BOSSBASE_ROOT}\stego\HILL\0.4bpp\stego\1082.pgm,1,train
${BOSSBASE_ROOT}\stego\HILL\0.4bpp\stego\930.pgm,1,train
${BOSSBASE_ROOT}\cover\4462.pgm,0,train
${BOSSBASE_ROOT}\stego\HILL\0.4bpp\stego\9111.pgm,1,train
${BOSSBASE_ROOT}\stego\HILL\0.4bpp\stego\2781.pgm,1,train
${BOSSBASE_ROOT}\cover\1586.pgm,0,train
${BOSSBASE_ROOT}\stego\HILL\0.4bpp\stego\7714.pgm,1,train
${BOSSBASE_ROOT}\stego\HILL\0.4bpp\stego\7375.pgm,1,train
${BOSSBASE_ROOT}\stego\HILL\0.4bpp\stego\6296.pgm,1,train
${BOSSBASE_ROOT}\cover\3174.pgm,0,train
${BOSSBASE_ROOT}\cover\4471.pgm,0,train
${BOSSBASE_ROOT}\stego\HILL\0.4bpp\stego\671.pgm,1,train
${BOSSBASE_ROOT}\stego\HILL\0.4bpp\stego\9577.pgm,1,train
${BOSSBASE_ROOT}\stego\HILL\0.4bpp\stego\2292.pgm,1,train
${BOSSBASE_ROOT}\stego\HILL\0.4bpp\stego\3348.pgm,1,train
${BOSSBASE_ROOT}\cover\9432.pgm,0,train
${BOSSBASE_ROOT}\cover\2834.pgm,0,train
${BOSSBASE_ROOT}\cover\7643.pgm,0,train
${BOSSBASE_ROOT}\stego\HILL\0.4bpp\stego\386.pgm,1,train
${BOSSBASE_ROOT}\stego\HILL\0.4bpp\stego\9693.pgm,1,train
${BOSSBASE_ROOT}\cover\5649.pgm,0,train
${BOSSBASE_ROOT}\stego\HILL\0.4bpp\stego\1152.pgm,1,train
${BOSSBASE_ROOT}\cover\3605.pgm,0,train
${BOSSBASE_ROOT}\cover\335.pgm,0,train
${BOSSBASE_ROOT}\cover\7569.pgm,0,train
${BOSSBASE_ROOT}\cover\5863.pgm,0,train
${BOSSBASE_ROOT}\stego\HILL\0.4bpp\stego\9780.pgm,1,train
${BOSSBASE_ROOT}\cover\2192.pgm,0,train
${BOSSBASE_ROOT}\stego\HILL\0.4bpp\stego\2990.pgm,1,train
${BOSSBASE_ROOT}\cover\5103.pgm,0,train
${BOSSBASE_ROOT}\cover\3648.pgm,0,train
${BOSSBASE_ROOT}\stego\HILL\0.4bpp\stego\700.pgm,1,train
${BOSSBASE_ROOT}\cover\2651.pgm,0,train
${BOSSBASE_ROOT}\stego\HILL\0.4bpp\stego\2022.pgm,1,train
${BOSSBASE_ROOT}\cover\9566.pgm,0,train
${BOSSBASE_ROOT}\cover\8787.pgm,0,train
${BOSSBASE_ROOT}\stego\HILL\0.4bpp\stego\6292.pgm,1,train
${BOSSBASE_ROOT}\cover\9457.pgm,0,train
${BOSSBASE_ROOT}\cover\6638.pgm,0,train
${BOSSBASE_ROOT}\stego\HILL\0.4bpp\stego\1492.pgm,1,train
${BOSSBASE_ROOT}\stego\HILL\0.4bpp\stego\518.pgm,1,train
${BOSSBASE_ROOT}\stego\HILL\0.4bpp\stego\4190.pgm,1,train
${BOSSBASE_ROOT}\stego\HILL\0.4bpp\stego\3268.pgm,1,train
${BOSSBASE_ROOT}\stego\HILL\0.4bpp\stego\5120.pgm,1,train
${BOSSBASE_ROOT}\stego\HILL\0.4bpp\stego\2023.pgm,1,train
${BOSSBASE_ROOT}\cover\6141.pgm,0,train
${BOSSBASE_ROOT}\cover\2976.pgm,0,train
${BOSSBASE_ROOT}\cover\5538.pgm,0,train
${BOSSBASE_ROOT}\cover\7124.pgm,0,train
${BOSSBASE_ROOT}\stego\HILL\0.4bpp\stego\2598.pgm,1,train
${BOSSBASE_ROOT}\cover\7591.pgm,0,train
${BOSSBASE_ROOT}\cover\8995.pgm,0,train
${BOSSBASE_ROOT}\cover\6273.pgm,0,train
${BOSSBASE_ROOT}\stego\HILL\0.4bpp\stego\2283.pgm,1,train
${BOSSBASE_ROOT}\stego\HILL\0.4bpp\stego\5998.pgm,1,train
${BOSSBASE_ROOT}\stego\HILL\0.4bpp\stego\5751.pgm,1,train
${BOSSBASE_ROOT}\stego\HILL\0.4bpp\stego\1330.pgm,1,train
${BOSSBASE_ROOT}\stego\HILL\0.4bpp\stego\8079.pgm,1,train
${BOSSBASE_ROOT}\cover\399.pgm,0,train
${BOSSBASE_ROOT}\cover\4147.pgm,0,train
${BOSSBASE_ROOT}\cover\2907.pgm,0,train
${BOSSBASE_ROOT}\cover\1645.pgm,0,train
${BOSSBASE_ROOT}\cover\6586.pgm,0,train
${BOSSBASE_ROOT}\stego\HILL\0.4bpp\stego\6336.pgm,1,train
${BOSSBASE_ROOT}\cover\4932.pgm,0,train
${BOSSBASE_ROOT}\stego\HILL\0.4bpp\stego\9015.pgm,1,train
${BOSSBASE_ROOT}\cover\901.pgm,0,train
${BOSSBASE_ROOT}\stego\HILL\0.4bpp\stego\3247.pgm,1,train
${BOSSBASE_ROOT}\cover\8010.pgm,0,train
${BOSSBASE_ROOT}\stego\HILL\0.4bpp\stego\2265.pgm,1,train
${BOSSBASE_ROOT}\cover\9870.pgm,0,train
${BOSSBASE_ROOT}\stego\HILL\0.4bpp\stego\6112.pgm,1,train
${BOSSBASE_ROOT}\stego\HILL\0.4bpp\stego\7440.pgm,1,train
${BOSSBASE_ROOT}\stego\HILL\0.4bpp\stego\1819.pgm,1,train
${BOSSBASE_ROOT}\stego\HILL\0.4bpp\stego\251.pgm,1,train
${BOSSBASE_ROOT}\stego\HILL\0.4bpp\stego\6928.pgm,1,train
${BOSSBASE_ROOT}\cover\3911.pgm,0,train
${BOSSBASE_ROOT}\cover\129.pgm,0,train
${BOSSBASE_ROOT}\cover\88.pgm,0,train
${BOSSBASE_ROOT}\cover\4537.pgm,0,train
${BOSSBASE_ROOT}\stego\HILL\0.4bpp\stego\409.pgm,1,train
${BOSSBASE_ROOT}\stego\HILL\0.4bpp\stego\8029.pgm,1,train
${BOSSBASE_ROOT}\stego\HILL\0.4bpp\stego\3916.pgm,1,train
${BOSSBASE_ROOT}\cover\6830.pgm,0,train
${BOSSBASE_ROOT}\cover\3296.pgm,0,train
${BOSSBASE_ROOT}\cover\2555.pgm,0,train
${BOSSBASE_ROOT}\cover\4705.pgm,0,train
${BOSSBASE_ROOT}\cover\5634.pgm,0,train
${BOSSBASE_ROOT}\stego\HILL\0.4bpp\stego\6456.pgm,1,train
${BOSSBASE_ROOT}\stego\HILL\0.4bpp\stego\7303.pgm,1,train
${BOSSBASE_ROOT}\cover\6282.pgm,0,train
${BOSSBASE_ROOT}\stego\HILL\0.4bpp\stego\1141.pgm,1,train
${BOSSBASE_ROOT}\stego\HILL\0.4bpp\stego\1197.pgm,1,train
${BOSSBASE_ROOT}\cover\1864.pgm,0,train
${BOSSBASE_ROOT}\stego\HILL\0.4bpp\stego\7970.pgm,1,train
${BOSSBASE_ROOT}\cover\7970.pgm,0,train
${BOSSBASE_ROOT}\stego\HILL\0.4bpp\stego\8751.pgm,1,train
${BOSSBASE_ROOT}\cover\5134.pgm,0,train
${BOSSBASE_ROOT}\stego\HILL\0.4bpp\stego\4550.pgm,1,train
${BOSSBASE_ROOT}\cover\4806.pgm,0,train
${BOSSBASE_ROOT}\cover\492.pgm,0,train
${BOSSBASE_ROOT}\cover\3619.pgm,0,train
${BOSSBASE_ROOT}\stego\HILL\0.4bpp\stego\3263.pgm,1,train
${BOSSBASE_ROOT}\cover\2356.pgm,0,train
${BOSSBASE_ROOT}\stego\HILL\0.4bpp\stego\3727.pgm,1,train
${BOSSBASE_ROOT}\stego\HILL\0.4bpp\stego\541.pgm,1,train
${BOSSBASE_ROOT}\stego\HILL\0.4bpp\stego\3945.pgm,1,train
${BOSSBASE_ROOT}\stego\HILL\0.4bpp\stego\4659.pgm,1,train
${BOSSBASE_ROOT}\stego\HILL\0.4bpp\stego\347.pgm,1,train
${BOSSBASE_ROOT}\cover\9365.pgm,0,train
${BOSSBASE_ROOT}\cover\4209.pgm,0,train
${BOSSBASE_ROOT}\stego\HILL\0.4bpp\stego\4983.pgm,1,train
${BOSSBASE_ROOT}\stego\HILL\0.4bpp\stego\3475.pgm,1,train
${BOSSBASE_ROOT}\stego\HILL\0.4bpp\stego\3988.pgm,1,train
${BOSSBASE_ROOT}\stego\HILL\0.4bpp\stego\2934.pgm,1,train
${BOSSBASE_ROOT}\cover\7755.pgm,0,train
${BOSSBASE_ROOT}\stego\HILL\0.4bpp\stego\7164.pgm,1,train
${BOSSBASE_ROOT}\cover\8120.pgm,0,train
${BOSSBASE_ROOT}\cover\469.pgm,0,train
${BOSSBASE_ROOT}\stego\HILL\0.4bpp\stego\2882.pgm,1,train
${BOSSBASE_ROOT}\cover\6437.pgm,0,train
${BOSSBASE_ROOT}\stego\HILL\0.4bpp\stego\9186.pgm,1,train
${BOSSBASE_ROOT}\cover\4115.pgm,0,train
${BOSSBASE_ROOT}\stego\HILL\0.4bpp\stego\5162.pgm,1,train
${BOSSBASE_ROOT}\cover\7025.pgm,0,train
${BOSSBASE_ROOT}\stego\HILL\0.4bpp\stego\3420.pgm,1,train
${BOSSBASE_ROOT}\stego\HILL\0.4bpp\stego\3514.pgm,1,train
${BOSSBASE_ROOT}\stego\HILL\0.4bpp\stego\8025.pgm,1,train
${BOSSBASE_ROOT}\cover\6067.pgm,0,train
${BOSSBASE_ROOT}\stego\HILL\0.4bpp\stego\2189.pgm,1,train
${BOSSBASE_ROOT}\stego\HILL\0.4bpp\stego\1312.pgm,1,train
${BOSSBASE_ROOT}\cover\2258.pgm,0,train
${BOSSBASE_ROOT}\stego\HILL\0.4bpp\stego\8753.pgm,1,train
${BOSSBASE_ROOT}\cover\2095.pgm,0,train
${BOSSBASE_ROOT}\cover\7717.pgm,0,train
${BOSSBASE_ROOT}\stego\HILL\0.4bpp\stego\5902.pgm,1,train
${BOSSBASE_ROOT}\cover\9340.pgm,0,train
${BOSSBASE_ROOT}\cover\4823.pgm,0,train
${BOSSBASE_ROOT}\cover\3920.pgm,0,train
${BOSSBASE_ROOT}\stego\HILL\0.4bpp\stego\9515.pgm,1,train
${BOSSBASE_ROOT}\cover\6145.pgm,0,train
${BOSSBASE_ROOT}\cover\2341.pgm,0,train
${BOSSBASE_ROOT}\stego\HILL\0.4bpp\stego\8231.pgm,1,train
${BOSSBASE_ROOT}\stego\HILL\0.4bpp\stego\3358.pgm,1,train
${BOSSBASE_ROOT}\stego\HILL\0.4bpp\stego\7264.pgm,1,train
${BOSSBASE_ROOT}\stego\HILL\0.4bpp\stego\4033.pgm,1,train
${BOSSBASE_ROOT}\cover\9876.pgm,0,train
${BOSSBASE_ROOT}\stego\HILL\0.4bpp\stego\6763.pgm,1,train
${BOSSBASE_ROOT}\stego\HILL\0.4bpp\stego\7499.pgm,1,train
${BOSSBASE_ROOT}\cover\453.pgm,0,train
${BOSSBASE_ROOT}\cover\3526.pgm,0,train
${BOSSBASE_ROOT}\stego\HILL\0.4bpp\stego\8372.pgm,1,train
${BOSSBASE_ROOT}\cover\8960.pgm,0,train
${BOSSBASE_ROOT}\cover\2295.pgm,0,train
${BOSSBASE_ROOT}\stego\HILL\0.4bpp\stego\6306.pgm,1,train
${BOSSBASE_ROOT}\cover\8481.pgm,0,train
${BOSSBASE_ROOT}\cover\9917.pgm,0,train
${BOSSBASE_ROOT}\stego\HILL\0.4bpp\stego\5730.pgm,1,train
${BOSSBASE_ROOT}\cover\1908.pgm,0,train
${BOSSBASE_ROOT}\cover\4814.pgm,0,train
${BOSSBASE_ROOT}\cover\9837.pgm,0,train
${BOSSBASE_ROOT}\stego\HILL\0.4bpp\stego\7369.pgm,1,train
${BOSSBASE_ROOT}\stego\HILL\0.4bpp\stego\8889.pgm,1,train
${BOSSBASE_ROOT}\stego\HILL\0.4bpp\stego\4546.pgm,1,train
${BOSSBASE_ROOT}\stego\HILL\0.4bpp\stego\7128.pgm,1,train
${BOSSBASE_ROOT}\stego\HILL\0.4bpp\stego\2362.pgm,1,train
${BOSSBASE_ROOT}\stego\HILL\0.4bpp\stego\4310.pgm,1,train
${BOSSBASE_ROOT}\stego\HILL\0.4bpp\stego\8134.pgm,1,train
${BOSSBASE_ROOT}\cover\5046.pgm,0,train
${BOSSBASE_ROOT}\cover\9707.pgm,0,train
${BOSSBASE_ROOT}\stego\HILL\0.4bpp\stego\9307.pgm,1,train
${BOSSBASE_ROOT}\cover\5393.pgm,0,train
${BOSSBASE_ROOT}\cover\3184.pgm,0,train
${BOSSBASE_ROOT}\cover\93.pgm,0,train
${BOSSBASE_ROOT}\cover\6270.pgm,0,train
${BOSSBASE_ROOT}\stego\HILL\0.4bpp\stego\6205.pgm,1,train
${BOSSBASE_ROOT}\stego\HILL\0.4bpp\stego\3800.pgm,1,train
${BOSSBASE_ROOT}\cover\2273.pgm,0,train
${BOSSBASE_ROOT}\cover\8286.pgm,0,train
${BOSSBASE_ROOT}\stego\HILL\0.4bpp\stego\4692.pgm,1,train
${BOSSBASE_ROOT}\stego\HILL\0.4bpp\stego\3534.pgm,1,train
${BOSSBASE_ROOT}\cover\9342.pgm,0,train
${BOSSBASE_ROOT}\cover\6651.pgm,0,train
${BOSSBASE_ROOT}\stego\HILL\0.4bpp\stego\1336.pgm,1,train
${BOSSBASE_ROOT}\stego\HILL\0.4bpp\stego\9846.pgm,1,train
${BOSSBASE_ROOT}\cover\7856.pgm,0,train
${BOSSBASE_ROOT}\cover\315.pgm,0,train
${BOSSBASE_ROOT}\cover\6931.pgm,0,train
${BOSSBASE_ROOT}\cover\6063.pgm,0,train
${BOSSBASE_ROOT}\stego\HILL\0.4bpp\stego\4641.pgm,1,train
${BOSSBASE_ROOT}\stego\HILL\0.4bpp\stego\9681.pgm,1,train
${BOSSBASE_ROOT}\stego\HILL\0.4bpp\stego\690.pgm,1,train
${BOSSBASE_ROOT}\cover\2813.pgm,0,train
${BOSSBASE_ROOT}\cover\3180.pgm,0,train
${BOSSBASE_ROOT}\stego\HILL\0.4bpp\stego\1654.pgm,1,train
${BOSSBASE_ROOT}\stego\HILL\0.4bpp\stego\3967.pgm,1,train
${BOSSBASE_ROOT}\stego\HILL\0.4bpp\stego\1073.pgm,1,train
${BOSSBASE_ROOT}\stego\HILL\0.4bpp\stego\2546.pgm,1,train
${BOSSBASE_ROOT}\stego\HILL\0.4bpp\stego\1170.pgm,1,train
${BOSSBASE_ROOT}\cover\9190.pgm,0,train
${BOSSBASE_ROOT}\stego\HILL\0.4bpp\stego\2009.pgm,1,train
${BOSSBASE_ROOT}\cover\8577.pgm,0,train
${BOSSBASE_ROOT}\stego\HILL\0.4bpp\stego\3410.pgm,1,train
${BOSSBASE_ROOT}\stego\HILL\0.4bpp\stego\4904.pgm,1,train
${BOSSBASE_ROOT}\stego\HILL\0.4bpp\stego\1466.pgm,1,train
${BOSSBASE_ROOT}\stego\HILL\0.4bpp\stego\5686.pgm,1,train
${BOSSBASE_ROOT}\cover\2076.pgm,0,train
${BOSSBASE_ROOT}\cover\3325.pgm,0,train
${BOSSBASE_ROOT}\stego\HILL\0.4bpp\stego\4866.pgm,1,train
${BOSSBASE_ROOT}\cover\1124.pgm,0,train
${BOSSBASE_ROOT}\cover\4063.pgm,0,train
${BOSSBASE_ROOT}\stego\HILL\0.4bpp\stego\2164.pgm,1,train
${BOSSBASE_ROOT}\stego\HILL\0.4bpp\stego\6601.pgm,1,train
${BOSSBASE_ROOT}\stego\HILL\0.4bpp\stego\3633.pgm,1,train
${BOSSBASE_ROOT}\cover\2540.pgm,0,train
${BOSSBASE_ROOT}\cover\4787.pgm,0,train
${BOSSBASE_ROOT}\cover\4405.pgm,0,train
${BOSSBASE_ROOT}\cover\490.pgm,0,train
${BOSSBASE_ROOT}\stego\HILL\0.4bpp\stego\6175.pgm,1,train
${BOSSBASE_ROOT}\cover\1400.pgm,0,train
${BOSSBASE_ROOT}\cover\5124.pgm,0,train
${BOSSBASE_ROOT}\cover\5405.pgm,0,train
${BOSSBASE_ROOT}\stego\HILL\0.4bpp\stego\4003.pgm,1,train
${BOSSBASE_ROOT}\cover\6101.pgm,0,train
${BOSSBASE_ROOT}\cover\281.pgm,0,train
${BOSSBASE_ROOT}\stego\HILL\0.4bpp\stego\2938.pgm,1,train
${BOSSBASE_ROOT}\stego\HILL\0.4bpp\stego\6963.pgm,1,train
${BOSSBASE_ROOT}\stego\HILL\0.4bpp\stego\5525.pgm,1,train
${BOSSBASE_ROOT}\cover\2552.pgm,0,train
${BOSSBASE_ROOT}\cover\5232.pgm,0,train
${BOSSBASE_ROOT}\cover\5033.pgm,0,train
${BOSSBASE_ROOT}\cover\1769.pgm,0,train
${BOSSBASE_ROOT}\stego\HILL\0.4bpp\stego\8663.pgm,1,train
${BOSSBASE_ROOT}\cover\4554.pgm,0,train
${BOSSBASE_ROOT}\stego\HILL\0.4bpp\stego\9607.pgm,1,train
${BOSSBASE_ROOT}\stego\HILL\0.4bpp\stego\4216.pgm,1,train
${BOSSBASE_ROOT}\cover\8105.pgm,0,train
${BOSSBASE_ROOT}\cover\6487.pgm,0,train
${BOSSBASE_ROOT}\cover\5351.pgm,0,train
${BOSSBASE_ROOT}\stego\HILL\0.4bpp\stego\3763.pgm,1,train
${BOSSBASE_ROOT}\stego\HILL\0.4bpp\stego\8272.pgm,1,train
${BOSSBASE_ROOT}\stego\HILL\0.4bpp\stego\1696.pgm,1,train
${BOSSBASE_ROOT}\stego\HILL\0.4bpp\stego\7574.pgm,1,train
${BOSSBASE_ROOT}\cover\6943.pgm,0,train
${BOSSBASE_ROOT}\cover\4189.pgm,0,train
${BOSSBASE_ROOT}\stego\HILL\0.4bpp\stego\2339.pgm,1,train
${BOSSBASE_ROOT}\stego\HILL\0.4bpp\stego\4969.pgm,1,train
${BOSSBASE_ROOT}\stego\HILL\0.4bpp\stego\1725.pgm,1,train
${BOSSBASE_ROOT}\cover\2293.pgm,0,train
${BOSSBASE_ROOT}\stego\HILL\0.4bpp\stego\1739.pgm,1,train
${BOSSBASE_ROOT}\cover\1620.pgm,0,train
${BOSSBASE_ROOT}\stego\HILL\0.4bpp\stego\2784.pgm,1,train
${BOSSBASE_ROOT}\cover\5802.pgm,0,train
${BOSSBASE_ROOT}\cover\1813.pgm,0,train
${BOSSBASE_ROOT}\stego\HILL\0.4bpp\stego\3947.pgm,1,train
${BOSSBASE_ROOT}\cover\8273.pgm,0,train
${BOSSBASE_ROOT}\stego\HILL\0.4bpp\stego\7864.pgm,1,train
${BOSSBASE_ROOT}\cover\8756.pgm,0,train
${BOSSBASE_ROOT}\cover\1251.pgm,0,train
${BOSSBASE_ROOT}\stego\HILL\0.4bpp\stego\7406.pgm,1,train
${BOSSBASE_ROOT}\stego\HILL\0.4bpp\stego\4519.pgm,1,train
${BOSSBASE_ROOT}\stego\HILL\0.4bpp\stego\3476.pgm,1,train
${BOSSBASE_ROOT}\cover\6448.pgm,0,train
${BOSSBASE_ROOT}\stego\HILL\0.4bpp\stego\3089.pgm,1,train
${BOSSBASE_ROOT}\cover\1133.pgm,0,train
${BOSSBASE_ROOT}\stego\HILL\0.4bpp\stego\6939.pgm,1,train
${BOSSBASE_ROOT}\stego\HILL\0.4bpp\stego\2942.pgm,1,train
${BOSSBASE_ROOT}\stego\HILL\0.4bpp\stego\7913.pgm,1,train
${BOSSBASE_ROOT}\cover\7476.pgm,0,train
${BOSSBASE_ROOT}\cover\269.pgm,0,train
${BOSSBASE_ROOT}\stego\HILL\0.4bpp\stego\5140.pgm,1,train
${BOSSBASE_ROOT}\stego\HILL\0.4bpp\stego\9833.pgm,1,train
${BOSSBASE_ROOT}\stego\HILL\0.4bpp\stego\1673.pgm,1,train
${BOSSBASE_ROOT}\stego\HILL\0.4bpp\stego\5420.pgm,1,train
${BOSSBASE_ROOT}\stego\HILL\0.4bpp\stego\3660.pgm,1,train
${BOSSBASE_ROOT}\cover\4102.pgm,0,train
${BOSSBASE_ROOT}\cover\8027.pgm,0,train
${BOSSBASE_ROOT}\cover\1722.pgm,0,train
${BOSSBASE_ROOT}\stego\HILL\0.4bpp\stego\6301.pgm,1,train
${BOSSBASE_ROOT}\cover\3802.pgm,0,train
${BOSSBASE_ROOT}\stego\HILL\0.4bpp\stego\5588.pgm,1,train
${BOSSBASE_ROOT}\cover\5838.pgm,0,train
${BOSSBASE_ROOT}\cover\1116.pgm,0,train
${BOSSBASE_ROOT}\cover\6518.pgm,0,train
${BOSSBASE_ROOT}\stego\HILL\0.4bpp\stego\7191.pgm,1,train
${BOSSBASE_ROOT}\cover\5861.pgm,0,train
${BOSSBASE_ROOT}\cover\4311.pgm,0,train
${BOSSBASE_ROOT}\cover\7835.pgm,0,train
${BOSSBASE_ROOT}\stego\HILL\0.4bpp\stego\969.pgm,1,train
${BOSSBASE_ROOT}\stego\HILL\0.4bpp\stego\8499.pgm,1,train
${BOSSBASE_ROOT}\cover\825.pgm,0,train
${BOSSBASE_ROOT}\cover\4909.pgm,0,train
${BOSSBASE_ROOT}\cover\1286.pgm,0,train
${BOSSBASE_ROOT}\stego\HILL\0.4bpp\stego\3084.pgm,1,train
${BOSSBASE_ROOT}\cover\5064.pgm,0,train
${BOSSBASE_ROOT}\stego\HILL\0.4bpp\stego\1582.pgm,1,train
${BOSSBASE_ROOT}\stego\HILL\0.4bpp\stego\4047.pgm,1,train
${BOSSBASE_ROOT}\stego\HILL\0.4bpp\stego\5144.pgm,1,train
${BOSSBASE_ROOT}\cover\9911.pgm,0,train
${BOSSBASE_ROOT}\cover\2103.pgm,0,train
${BOSSBASE_ROOT}\stego\HILL\0.4bpp\stego\4293.pgm,1,train
${BOSSBASE_ROOT}\stego\HILL\0.4bpp\stego\4744.pgm,1,train
${BOSSBASE_ROOT}\stego\HILL\0.4bpp\stego\8136.pgm,1,train
${BOSSBASE_ROOT}\cover\9705.pgm,0,train
${BOSSBASE_ROOT}\stego\HILL\0.4bpp\stego\1147.pgm,1,train
${BOSSBASE_ROOT}\stego\HILL\0.4bpp\stego\7118.pgm,1,train
${BOSSBASE_ROOT}\cover\5560.pgm,0,train
${BOSSBASE_ROOT}\cover\411.pgm,0,train
${BOSSBASE_ROOT}\stego\HILL\0.4bpp\stego\204.pgm,1,train
${BOSSBASE_ROOT}\cover\6949.pgm,0,train
${BOSSBASE_ROOT}\stego\HILL\0.4bpp\stego\5072.pgm,1,train
${BOSSBASE_ROOT}\stego\HILL\0.4bpp\stego\5190.pgm,1,train
${BOSSBASE_ROOT}\stego\HILL\0.4bpp\stego\3908.pgm,1,train
${BOSSBASE_ROOT}\stego\HILL\0.4bpp\stego\2726.pgm,1,train
${BOSSBASE_ROOT}\cover\8887.pgm,0,train
${BOSSBASE_ROOT}\stego\HILL\0.4bpp\stego\960.pgm,1,train
${BOSSBASE_ROOT}\stego\HILL\0.4bpp\stego\4129.pgm,1,train
${BOSSBASE_ROOT}\cover\25.pgm,0,train
${BOSSBASE_ROOT}\stego\HILL\0.4bpp\stego\1864.pgm,1,train
${BOSSBASE_ROOT}\stego\HILL\0.4bpp\stego\3546.pgm,1,train
${BOSSBASE_ROOT}\cover\6526.pgm,0,train
${BOSSBASE_ROOT}\stego\HILL\0.4bpp\stego\4247.pgm,1,train
${BOSSBASE_ROOT}\stego\HILL\0.4bpp\stego\8896.pgm,1,train
${BOSSBASE_ROOT}\cover\3213.pgm,0,train
${BOSSBASE_ROOT}\stego\HILL\0.4bpp\stego\3190.pgm,1,train
${BOSSBASE_ROOT}\cover\7208.pgm,0,train
${BOSSBASE_ROOT}\cover\1909.pgm,0,train
${BOSSBASE_ROOT}\stego\HILL\0.4bpp\stego\2678.pgm,1,train
${BOSSBASE_ROOT}\stego\HILL\0.4bpp\stego\553.pgm,1,train
${BOSSBASE_ROOT}\stego\HILL\0.4bpp\stego\5168.pgm,1,train
${BOSSBASE_ROOT}\cover\1414.pgm,0,train
${BOSSBASE_ROOT}\cover\8404.pgm,0,train
${BOSSBASE_ROOT}\cover\7845.pgm,0,train
${BOSSBASE_ROOT}\stego\HILL\0.4bpp\stego\7083.pgm,1,train
${BOSSBASE_ROOT}\stego\HILL\0.4bpp\stego\2909.pgm,1,train
${BOSSBASE_ROOT}\stego\HILL\0.4bpp\stego\3934.pgm,1,train
${BOSSBASE_ROOT}\cover\1276.pgm,0,train
${BOSSBASE_ROOT}\cover\8020.pgm,0,train
${BOSSBASE_ROOT}\stego\HILL\0.4bpp\stego\6911.pgm,1,train
${BOSSBASE_ROOT}\cover\1981.pgm,0,train
${BOSSBASE_ROOT}\cover\3774.pgm,0,train
${BOSSBASE_ROOT}\cover\2271.pgm,0,train
${BOSSBASE_ROOT}\cover\2302.pgm,0,train
${BOSSBASE_ROOT}\stego\HILL\0.4bpp\stego\4282.pgm,1,train
${BOSSBASE_ROOT}\stego\HILL\0.4bpp\stego\9235.pgm,1,train
${BOSSBASE_ROOT}\stego\HILL\0.4bpp\stego\1307.pgm,1,train
${BOSSBASE_ROOT}\stego\HILL\0.4bpp\stego\6411.pgm,1,train
${BOSSBASE_ROOT}\stego\HILL\0.4bpp\stego\1000.pgm,1,train
${BOSSBASE_ROOT}\stego\HILL\0.4bpp\stego\5080.pgm,1,train
${BOSSBASE_ROOT}\cover\4557.pgm,0,train
${BOSSBASE_ROOT}\stego\HILL\0.4bpp\stego\9282.pgm,1,train
${BOSSBASE_ROOT}\stego\HILL\0.4bpp\stego\1832.pgm,1,train
${BOSSBASE_ROOT}\cover\6891.pgm,0,train
${BOSSBASE_ROOT}\stego\HILL\0.4bpp\stego\3430.pgm,1,train
${BOSSBASE_ROOT}\stego\HILL\0.4bpp\stego\2087.pgm,1,train
${BOSSBASE_ROOT}\stego\HILL\0.4bpp\stego\15.pgm,1,train
${BOSSBASE_ROOT}\stego\HILL\0.4bpp\stego\760.pgm,1,train
${BOSSBASE_ROOT}\stego\HILL\0.4bpp\stego\1953.pgm,1,train
${BOSSBASE_ROOT}\stego\HILL\0.4bpp\stego\6832.pgm,1,train
${BOSSBASE_ROOT}\stego\HILL\0.4bpp\stego\4956.pgm,1,train
${BOSSBASE_ROOT}\cover\2461.pgm,0,train
${BOSSBASE_ROOT}\stego\HILL\0.4bpp\stego\780.pgm,1,train
${BOSSBASE_ROOT}\cover\7960.pgm,0,train
${BOSSBASE_ROOT}\cover\9031.pgm,0,train
${BOSSBASE_ROOT}\stego\HILL\0.4bpp\stego\7413.pgm,1,train
${BOSSBASE_ROOT}\cover\3645.pgm,0,train
${BOSSBASE_ROOT}\stego\HILL\0.4bpp\stego\4256.pgm,1,train
${BOSSBASE_ROOT}\stego\HILL\0.4bpp\stego\611.pgm,1,train
${BOSSBASE_ROOT}\cover\2957.pgm,0,train
${BOSSBASE_ROOT}\cover\7724.pgm,0,train
${BOSSBASE_ROOT}\stego\HILL\0.4bpp\stego\424.pgm,1,train
${BOSSBASE_ROOT}\cover\5310.pgm,0,train
${BOSSBASE_ROOT}\stego\HILL\0.4bpp\stego\489.pgm,1,train
${BOSSBASE_ROOT}\cover\9270.pgm,0,train
${BOSSBASE_ROOT}\stego\HILL\0.4bpp\stego\8649.pgm,1,train
${BOSSBASE_ROOT}\cover\5857.pgm,0,train
${BOSSBASE_ROOT}\cover\8437.pgm,0,train
${BOSSBASE_ROOT}\cover\3250.pgm,0,train
${BOSSBASE_ROOT}\cover\5665.pgm,0,train
${BOSSBASE_ROOT}\cover\7608.pgm,0,train
${BOSSBASE_ROOT}\cover\1376.pgm,0,train
${BOSSBASE_ROOT}\stego\HILL\0.4bpp\stego\1101.pgm,1,train
${BOSSBASE_ROOT}\cover\4295.pgm,0,train
${BOSSBASE_ROOT}\cover\6484.pgm,0,train
${BOSSBASE_ROOT}\stego\HILL\0.4bpp\stego\4342.pgm,1,train
${BOSSBASE_ROOT}\cover\7575.pgm,0,train
${BOSSBASE_ROOT}\cover\4924.pgm,0,train
${BOSSBASE_ROOT}\stego\HILL\0.4bpp\stego\587.pgm,1,train
${BOSSBASE_ROOT}\stego\HILL\0.4bpp\stego\9808.pgm,1,train
${BOSSBASE_ROOT}\stego\HILL\0.4bpp\stego\594.pgm,1,train
${BOSSBASE_ROOT}\stego\HILL\0.4bpp\stego\1107.pgm,1,train
${BOSSBASE_ROOT}\stego\HILL\0.4bpp\stego\3086.pgm,1,train
${BOSSBASE_ROOT}\stego\HILL\0.4bpp\stego\2869.pgm,1,train
${BOSSBASE_ROOT}\stego\HILL\0.4bpp\stego\5341.pgm,1,train
${BOSSBASE_ROOT}\cover\8079.pgm,0,train
${BOSSBASE_ROOT}\stego\HILL\0.4bpp\stego\7910.pgm,1,train
${BOSSBASE_ROOT}\stego\HILL\0.4bpp\stego\2143.pgm,1,train
${BOSSBASE_ROOT}\stego\HILL\0.4bpp\stego\3946.pgm,1,train
${BOSSBASE_ROOT}\cover\1790.pgm,0,train
${BOSSBASE_ROOT}\cover\6974.pgm,0,train
${BOSSBASE_ROOT}\cover\928.pgm,0,train
${BOSSBASE_ROOT}\cover\1834.pgm,0,train
${BOSSBASE_ROOT}\cover\8034.pgm,0,train
${BOSSBASE_ROOT}\stego\HILL\0.4bpp\stego\4311.pgm,1,train
${BOSSBASE_ROOT}\stego\HILL\0.4bpp\stego\4021.pgm,1,train
${BOSSBASE_ROOT}\stego\HILL\0.4bpp\stego\4926.pgm,1,train
${BOSSBASE_ROOT}\cover\4244.pgm,0,train
${BOSSBASE_ROOT}\cover\6135.pgm,0,train
${BOSSBASE_ROOT}\stego\HILL\0.4bpp\stego\9552.pgm,1,train
${BOSSBASE_ROOT}\cover\4403.pgm,0,train
${BOSSBASE_ROOT}\stego\HILL\0.4bpp\stego\9003.pgm,1,train
${BOSSBASE_ROOT}\cover\6797.pgm,0,train
${BOSSBASE_ROOT}\stego\HILL\0.4bpp\stego\8003.pgm,1,train
${BOSSBASE_ROOT}\cover\9451.pgm,0,train
${BOSSBASE_ROOT}\cover\858.pgm,0,train
${BOSSBASE_ROOT}\stego\HILL\0.4bpp\stego\1335.pgm,1,train
${BOSSBASE_ROOT}\cover\6781.pgm,0,train
${BOSSBASE_ROOT}\cover\4539.pgm,0,train
${BOSSBASE_ROOT}\stego\HILL\0.4bpp\stego\4563.pgm,1,train
${BOSSBASE_ROOT}\stego\HILL\0.4bpp\stego\3501.pgm,1,train
${BOSSBASE_ROOT}\cover\6589.pgm,0,train
${BOSSBASE_ROOT}\cover\3112.pgm,0,train
${BOSSBASE_ROOT}\cover\992.pgm,0,train
${BOSSBASE_ROOT}\cover\5015.pgm,0,train
${BOSSBASE_ROOT}\cover\3422.pgm,0,train
${BOSSBASE_ROOT}\stego\HILL\0.4bpp\stego\5880.pgm,1,train
${BOSSBASE_ROOT}\cover\6195.pgm,0,train
${BOSSBASE_ROOT}\stego\HILL\0.4bpp\stego\5895.pgm,1,train
${BOSSBASE_ROOT}\stego\HILL\0.4bpp\stego\7554.pgm,1,train
${BOSSBASE_ROOT}\stego\HILL\0.4bpp\stego\3455.pgm,1,train
${BOSSBASE_ROOT}\cover\9169.pgm,0,train
${BOSSBASE_ROOT}\stego\HILL\0.4bpp\stego\7654.pgm,1,train
${BOSSBASE_ROOT}\cover\3539.pgm,0,train
${BOSSBASE_ROOT}\stego\HILL\0.4bpp\stego\6222.pgm,1,train
${BOSSBASE_ROOT}\stego\HILL\0.4bpp\stego\6841.pgm,1,train
${BOSSBASE_ROOT}\cover\849.pgm,0,train
${BOSSBASE_ROOT}\cover\1762.pgm,0,train
${BOSSBASE_ROOT}\cover\4797.pgm,0,train
${BOSSBASE_ROOT}\cover\6254.pgm,0,train
${BOSSBASE_ROOT}\cover\1468.pgm,0,train
${BOSSBASE_ROOT}\stego\HILL\0.4bpp\stego\8380.pgm,1,train
${BOSSBASE_ROOT}\stego\HILL\0.4bpp\stego\5600.pgm,1,train
${BOSSBASE_ROOT}\stego\HILL\0.4bpp\stego\174.pgm,1,train
${BOSSBASE_ROOT}\cover\3254.pgm,0,train
${BOSSBASE_ROOT}\cover\2999.pgm,0,train
${BOSSBASE_ROOT}\cover\6371.pgm,0,train
${BOSSBASE_ROOT}\stego\HILL\0.4bpp\stego\7918.pgm,1,train
${BOSSBASE_ROOT}\stego\HILL\0.4bpp\stego\1442.pgm,1,train
${BOSSBASE_ROOT}\stego\HILL\0.4bpp\stego\1165.pgm,1,train
${BOSSBASE_ROOT}\stego\HILL\0.4bpp\stego\100.pgm,1,train
${BOSSBASE_ROOT}\stego\HILL\0.4bpp\stego\5091.pgm,1,train
${BOSSBASE_ROOT}\cover\6188.pgm,0,train
${BOSSBASE_ROOT}\cover\7583.pgm,0,train
${BOSSBASE_ROOT}\stego\HILL\0.4bpp\stego\2674.pgm,1,train
${BOSSBASE_ROOT}\cover\7265.pgm,0,train
${BOSSBASE_ROOT}\cover\1763.pgm,0,train
${BOSSBASE_ROOT}\cover\9029.pgm,0,train
${BOSSBASE_ROOT}\cover\6191.pgm,0,train
${BOSSBASE_ROOT}\stego\HILL\0.4bpp\stego\2228.pgm,1,train
${BOSSBASE_ROOT}\stego\HILL\0.4bpp\stego\6683.pgm,1,train
${BOSSBASE_ROOT}\stego\HILL\0.4bpp\stego\5288.pgm,1,train
${BOSSBASE_ROOT}\stego\HILL\0.4bpp\stego\3182.pgm,1,train
${BOSSBASE_ROOT}\stego\HILL\0.4bpp\stego\663.pgm,1,train
${BOSSBASE_ROOT}\stego\HILL\0.4bpp\stego\2907.pgm,1,train
${BOSSBASE_ROOT}\cover\8831.pgm,0,train
${BOSSBASE_ROOT}\stego\HILL\0.4bpp\stego\7944.pgm,1,train
${BOSSBASE_ROOT}\cover\6856.pgm,0,train
${BOSSBASE_ROOT}\cover\9058.pgm,0,train
${BOSSBASE_ROOT}\cover\3718.pgm,0,train
${BOSSBASE_ROOT}\cover\2039.pgm,0,train
${BOSSBASE_ROOT}\cover\7203.pgm,0,train
${BOSSBASE_ROOT}\stego\HILL\0.4bpp\stego\8093.pgm,1,train
${BOSSBASE_ROOT}\stego\HILL\0.4bpp\stego\6372.pgm,1,train
${BOSSBASE_ROOT}\cover\2848.pgm,0,train
${BOSSBASE_ROOT}\stego\HILL\0.4bpp\stego\4556.pgm,1,train
${BOSSBASE_ROOT}\stego\HILL\0.4bpp\stego\6593.pgm,1,train
${BOSSBASE_ROOT}\stego\HILL\0.4bpp\stego\4662.pgm,1,train
${BOSSBASE_ROOT}\cover\2769.pgm,0,train
${BOSSBASE_ROOT}\cover\7332.pgm,0,train
${BOSSBASE_ROOT}\cover\2306.pgm,0,train
${BOSSBASE_ROOT}\cover\9914.pgm,0,train
${BOSSBASE_ROOT}\cover\2450.pgm,0,train
${BOSSBASE_ROOT}\cover\1542.pgm,0,train
${BOSSBASE_ROOT}\cover\1022.pgm,0,train
${BOSSBASE_ROOT}\cover\1268.pgm,0,train
${BOSSBASE_ROOT}\stego\HILL\0.4bpp\stego\9200.pgm,1,train
${BOSSBASE_ROOT}\cover\4164.pgm,0,train
${BOSSBASE_ROOT}\stego\HILL\0.4bpp\stego\7650.pgm,1,train
${BOSSBASE_ROOT}\stego\HILL\0.4bpp\stego\7524.pgm,1,train
${BOSSBASE_ROOT}\stego\HILL\0.4bpp\stego\7705.pgm,1,train
${BOSSBASE_ROOT}\stego\HILL\0.4bpp\stego\3965.pgm,1,train
${BOSSBASE_ROOT}\stego\HILL\0.4bpp\stego\3017.pgm,1,train
${BOSSBASE_ROOT}\stego\HILL\0.4bpp\stego\3542.pgm,1,train
${BOSSBASE_ROOT}\stego\HILL\0.4bpp\stego\7423.pgm,1,train
${BOSSBASE_ROOT}\cover\4213.pgm,0,train
${BOSSBASE_ROOT}\cover\9276.pgm,0,train
${BOSSBASE_ROOT}\stego\HILL\0.4bpp\stego\6511.pgm,1,train
${BOSSBASE_ROOT}\cover\6839.pgm,0,train
${BOSSBASE_ROOT}\stego\HILL\0.4bpp\stego\6891.pgm,1,train
${BOSSBASE_ROOT}\stego\HILL\0.4bpp\stego\342.pgm,1,train
${BOSSBASE_ROOT}\stego\HILL\0.4bpp\stego\5309.pgm,1,train
${BOSSBASE_ROOT}\cover\7617.pgm,0,train
${BOSSBASE_ROOT}\cover\1619.pgm,0,train
${BOSSBASE_ROOT}\cover\9013.pgm,0,train
${BOSSBASE_ROOT}\stego\HILL\0.4bpp\stego\4368.pgm,1,train
${BOSSBASE_ROOT}\stego\HILL\0.4bpp\stego\1625.pgm,1,train
${BOSSBASE_ROOT}\cover\4160.pgm,0,train
${BOSSBASE_ROOT}\cover\8106.pgm,0,train
${BOSSBASE_ROOT}\stego\HILL\0.4bpp\stego\3238.pgm,1,train
${BOSSBASE_ROOT}\stego\HILL\0.4bpp\stego\8329.pgm,1,train
${BOSSBASE_ROOT}\stego\HILL\0.4bpp\stego\6954.pgm,1,train
${BOSSBASE_ROOT}\stego\HILL\0.4bpp\stego\6063.pgm,1,train
${BOSSBASE_ROOT}\stego\HILL\0.4bpp\stego\1638.pgm,1,train
${BOSSBASE_ROOT}\stego\HILL\0.4bpp\stego\1530.pgm,1,train
${BOSSBASE_ROOT}\cover\5011.pgm,0,train
${BOSSBASE_ROOT}\stego\HILL\0.4bpp\stego\1339.pgm,1,train
${BOSSBASE_ROOT}\stego\HILL\0.4bpp\stego\2621.pgm,1,train
${BOSSBASE_ROOT}\stego\HILL\0.4bpp\stego\3028.pgm,1,train
${BOSSBASE_ROOT}\cover\7582.pgm,0,train
${BOSSBASE_ROOT}\cover\8206.pgm,0,train
${BOSSBASE_ROOT}\cover\3757.pgm,0,train
${BOSSBASE_ROOT}\cover\8757.pgm,0,train
${BOSSBASE_ROOT}\stego\HILL\0.4bpp\stego\899.pgm,1,train
${BOSSBASE_ROOT}\cover\1050.pgm,0,train
${BOSSBASE_ROOT}\stego\HILL\0.4bpp\stego\7595.pgm,1,train
${BOSSBASE_ROOT}\cover\8580.pgm,0,train
${BOSSBASE_ROOT}\cover\9032.pgm,0,train
${BOSSBASE_ROOT}\stego\HILL\0.4bpp\stego\8960.pgm,1,train
${BOSSBASE_ROOT}\cover\8691.pgm,0,train
${BOSSBASE_ROOT}\cover\4224.pgm,0,train
${BOSSBASE_ROOT}\cover\7851.pgm,0,train
${BOSSBASE_ROOT}\cover\9979.pgm,0,train
${BOSSBASE_ROOT}\cover\9267.pgm,0,train
${BOSSBASE_ROOT}\stego\HILL\0.4bpp\stego\2316.pgm,1,train
${BOSSBASE_ROOT}\cover\2472.pgm,0,train
${BOSSBASE_ROOT}\cover\4150.pgm,0,train
${BOSSBASE_ROOT}\cover\6045.pgm,0,train
${BOSSBASE_ROOT}\cover\3592.pgm,0,train
${BOSSBASE_ROOT}\cover\7873.pgm,0,train
${BOSSBASE_ROOT}\stego\HILL\0.4bpp\stego\9351.pgm,1,train
${BOSSBASE_ROOT}\stego\HILL\0.4bpp\stego\6561.pgm,1,train
${BOSSBASE_ROOT}\cover\5381.pgm,0,train
${BOSSBASE_ROOT}\cover\1054.pgm,0,train
${BOSSBASE_ROOT}\stego\HILL\0.4bpp\stego\5265.pgm,1,train
${BOSSBASE_ROOT}\stego\HILL\0.4bpp\stego\4664.pgm,1,train
${BOSSBASE_ROOT}\stego\HILL\0.4bpp\stego\9431.pgm,1,train
${BOSSBASE_ROOT}\stego\HILL\0.4bpp\stego\5977.pgm,1,train
${BOSSBASE_ROOT}\cover\421.pgm,0,train
${BOSSBASE_ROOT}\cover\4526.pgm,0,train
${BOSSBASE_ROOT}\stego\HILL\0.4bpp\stego\9369.pgm,1,train
${BOSSBASE_ROOT}\cover\8274.pgm,0,train
${BOSSBASE_ROOT}\stego\HILL\0.4bpp\stego\305.pgm,1,train
${BOSSBASE_ROOT}\stego\HILL\0.4bpp\stego\6197.pgm,1,train
${BOSSBASE_ROOT}\cover\4071.pgm,0,train
${BOSSBASE_ROOT}\cover\8829.pgm,0,train
${BOSSBASE_ROOT}\cover\2537.pgm,0,train
${BOSSBASE_ROOT}\cover\5095.pgm,0,train
${BOSSBASE_ROOT}\cover\6476.pgm,0,train
${BOSSBASE_ROOT}\stego\HILL\0.4bpp\stego\3359.pgm,1,train
${BOSSBASE_ROOT}\cover\1338.pgm,0,train
${BOSSBASE_ROOT}\cover\51.pgm,0,train
${BOSSBASE_ROOT}\cover\3536.pgm,0,train
${BOSSBASE_ROOT}\cover\9417.pgm,0,train
${BOSSBASE_ROOT}\stego\HILL\0.4bpp\stego\6831.pgm,1,train
${BOSSBASE_ROOT}\stego\HILL\0.4bpp\stego\9397.pgm,1,train
${BOSSBASE_ROOT}\cover\630.pgm,0,train
${BOSSBASE_ROOT}\cover\6349.pgm,0,train
${BOSSBASE_ROOT}\stego\HILL\0.4bpp\stego\3157.pgm,1,train
${BOSSBASE_ROOT}\cover\6866.pgm,0,train
${BOSSBASE_ROOT}\cover\5356.pgm,0,train
${BOSSBASE_ROOT}\stego\HILL\0.4bpp\stego\3927.pgm,1,train
${BOSSBASE_ROOT}\stego\HILL\0.4bpp\stego\801.pgm,1,train
${BOSSBASE_ROOT}\stego\HILL\0.4bpp\stego\8884.pgm,1,train
${BOSSBASE_ROOT}\cover\6458.pgm,0,train
${BOSSBASE_ROOT}\stego\HILL\0.4bpp\stego\1497.pgm,1,train
${BOSSBASE_ROOT}\stego\HILL\0.4bpp\stego\5461.pgm,1,train
${BOSSBASE_ROOT}\cover\4351.pgm,0,train
${BOSSBASE_ROOT}\stego\HILL\0.4bpp\stego\7398.pgm,1,train
${BOSSBASE_ROOT}\stego\HILL\0.4bpp\stego\9702.pgm,1,train
${BOSSBASE_ROOT}\cover\8672.pgm,0,train
${BOSSBASE_ROOT}\cover\9794.pgm,0,train
${BOSSBASE_ROOT}\cover\5491.pgm,0,train
${BOSSBASE_ROOT}\cover\4509.pgm,0,train
${BOSSBASE_ROOT}\cover\6538.pgm,0,train
${BOSSBASE_ROOT}\cover\6471.pgm,0,train
${BOSSBASE_ROOT}\stego\HILL\0.4bpp\stego\6167.pgm,1,train
${BOSSBASE_ROOT}\cover\911.pgm,0,train
${BOSSBASE_ROOT}\cover\9638.pgm,0,train
${BOSSBASE_ROOT}\cover\2751.pgm,0,train
${BOSSBASE_ROOT}\cover\3768.pgm,0,train
${BOSSBASE_ROOT}\stego\HILL\0.4bpp\stego\5141.pgm,1,train
${BOSSBASE_ROOT}\cover\9266.pgm,0,train
${BOSSBASE_ROOT}\stego\HILL\0.4bpp\stego\5897.pgm,1,train
${BOSSBASE_ROOT}\stego\HILL\0.4bpp\stego\2025.pgm,1,train
${BOSSBASE_ROOT}\stego\HILL\0.4bpp\stego\6027.pgm,1,train
${BOSSBASE_ROOT}\cover\8233.pgm,0,train
${BOSSBASE_ROOT}\cover\5995.pgm,0,train
${BOSSBASE_ROOT}\cover\5264.pgm,0,train
${BOSSBASE_ROOT}\stego\HILL\0.4bpp\stego\6552.pgm,1,train
${BOSSBASE_ROOT}\cover\1463.pgm,0,train
${BOSSBASE_ROOT}\stego\HILL\0.4bpp\stego\9464.pgm,1,train
${BOSSBASE_ROOT}\stego\HILL\0.4bpp\stego\6850.pgm,1,train
${BOSSBASE_ROOT}\stego\HILL\0.4bpp\stego\1756.pgm,1,train
${BOSSBASE_ROOT}\stego\HILL\0.4bpp\stego\7703.pgm,1,train
${BOSSBASE_ROOT}\stego\HILL\0.4bpp\stego\3617.pgm,1,train
${BOSSBASE_ROOT}\cover\7497.pgm,0,train
${BOSSBASE_ROOT}\cover\7728.pgm,0,train
${BOSSBASE_ROOT}\stego\HILL\0.4bpp\stego\2008.pgm,1,train
${BOSSBASE_ROOT}\stego\HILL\0.4bpp\stego\7599.pgm,1,train
${BOSSBASE_ROOT}\stego\HILL\0.4bpp\stego\8900.pgm,1,train
${BOSSBASE_ROOT}\cover\464.pgm,0,train
${BOSSBASE_ROOT}\stego\HILL\0.4bpp\stego\4372.pgm,1,train
${BOSSBASE_ROOT}\cover\7266.pgm,0,train
${BOSSBASE_ROOT}\stego\HILL\0.4bpp\stego\7219.pgm,1,train
${BOSSBASE_ROOT}\stego\HILL\0.4bpp\stego\4449.pgm,1,train
${BOSSBASE_ROOT}\stego\HILL\0.4bpp\stego\7697.pgm,1,train
${BOSSBASE_ROOT}\cover\6125.pgm,0,train
${BOSSBASE_ROOT}\cover\4293.pgm,0,train
${BOSSBASE_ROOT}\stego\HILL\0.4bpp\stego\9290.pgm,1,train
${BOSSBASE_ROOT}\stego\HILL\0.4bpp\stego\4636.pgm,1,train
${BOSSBASE_ROOT}\stego\HILL\0.4bpp\stego\6087.pgm,1,train
${BOSSBASE_ROOT}\stego\HILL\0.4bpp\stego\6952.pgm,1,train
${BOSSBASE_ROOT}\cover\1131.pgm,0,train
${BOSSBASE_ROOT}\cover\9394.pgm,0,train
${BOSSBASE_ROOT}\stego\HILL\0.4bpp\stego\5360.pgm,1,train
${BOSSBASE_ROOT}\stego\HILL\0.4bpp\stego\3930.pgm,1,train
${BOSSBASE_ROOT}\cover\4490.pgm,0,train
${BOSSBASE_ROOT}\stego\HILL\0.4bpp\stego\193.pgm,1,train
${BOSSBASE_ROOT}\stego\HILL\0.4bpp\stego\2636.pgm,1,train
${BOSSBASE_ROOT}\cover\8862.pgm,0,train
${BOSSBASE_ROOT}\stego\HILL\0.4bpp\stego\3309.pgm,1,train
${BOSSBASE_ROOT}\stego\HILL\0.4bpp\stego\3716.pgm,1,train
${BOSSBASE_ROOT}\cover\9034.pgm,0,train
${BOSSBASE_ROOT}\cover\2407.pgm,0,train
${BOSSBASE_ROOT}\stego\HILL\0.4bpp\stego\8825.pgm,1,train
${BOSSBASE_ROOT}\stego\HILL\0.4bpp\stego\1270.pgm,1,train
${BOSSBASE_ROOT}\cover\921.pgm,0,train
${BOSSBASE_ROOT}\cover\4195.pgm,0,train
${BOSSBASE_ROOT}\stego\HILL\0.4bpp\stego\5051.pgm,1,train
${BOSSBASE_ROOT}\stego\HILL\0.4bpp\stego\7474.pgm,1,train
${BOSSBASE_ROOT}\cover\3061.pgm,0,train
${BOSSBASE_ROOT}\stego\HILL\0.4bpp\stego\3114.pgm,1,train
${BOSSBASE_ROOT}\stego\HILL\0.4bpp\stego\2675.pgm,1,train
${BOSSBASE_ROOT}\stego\HILL\0.4bpp\stego\9664.pgm,1,train
${BOSSBASE_ROOT}\cover\2887.pgm,0,train
${BOSSBASE_ROOT}\stego\HILL\0.4bpp\stego\8833.pgm,1,train
${BOSSBASE_ROOT}\cover\5883.pgm,0,train
${BOSSBASE_ROOT}\stego\HILL\0.4bpp\stego\7975.pgm,1,train
${BOSSBASE_ROOT}\cover\3821.pgm,0,train
${BOSSBASE_ROOT}\cover\8422.pgm,0,train
${BOSSBASE_ROOT}\stego\HILL\0.4bpp\stego\3846.pgm,1,train
${BOSSBASE_ROOT}\stego\HILL\0.4bpp\stego\8402.pgm,1,train
${BOSSBASE_ROOT}\cover\7150.pgm,0,train
${BOSSBASE_ROOT}\stego\HILL\0.4bpp\stego\4119.pgm,1,train
${BOSSBASE_ROOT}\cover\498.pgm,0,train
${BOSSBASE_ROOT}\cover\1700.pgm,0,train
${BOSSBASE_ROOT}\cover\5391.pgm,0,train
${BOSSBASE_ROOT}\stego\HILL\0.4bpp\stego\7796.pgm,1,train
${BOSSBASE_ROOT}\stego\HILL\0.4bpp\stego\8605.pgm,1,train
${BOSSBASE_ROOT}\cover\7631.pgm,0,train
${BOSSBASE_ROOT}\cover\5697.pgm,0,train
${BOSSBASE_ROOT}\cover\3436.pgm,0,train
${BOSSBASE_ROOT}\stego\HILL\0.4bpp\stego\3755.pgm,1,train
${BOSSBASE_ROOT}\stego\HILL\0.4bpp\stego\4728.pgm,1,train
${BOSSBASE_ROOT}\stego\HILL\0.4bpp\stego\432.pgm,1,train
${BOSSBASE_ROOT}\cover\8556.pgm,0,train
${BOSSBASE_ROOT}\stego\HILL\0.4bpp\stego\5302.pgm,1,train
${BOSSBASE_ROOT}\cover\8955.pgm,0,train
${BOSSBASE_ROOT}\stego\HILL\0.4bpp\stego\3897.pgm,1,train
${BOSSBASE_ROOT}\stego\HILL\0.4bpp\stego\7032.pgm,1,train
${BOSSBASE_ROOT}\stego\HILL\0.4bpp\stego\38.pgm,1,train
${BOSSBASE_ROOT}\stego\HILL\0.4bpp\stego\1437.pgm,1,train
${BOSSBASE_ROOT}\cover\6698.pgm,0,train
${BOSSBASE_ROOT}\cover\6261.pgm,0,train
${BOSSBASE_ROOT}\stego\HILL\0.4bpp\stego\6706.pgm,1,train
${BOSSBASE_ROOT}\stego\HILL\0.4bpp\stego\7679.pgm,1,train
${BOSSBASE_ROOT}\cover\2564.pgm,0,train
${BOSSBASE_ROOT}\cover\7841.pgm,0,train
${BOSSBASE_ROOT}\cover\2368.pgm,0,train
${BOSSBASE_ROOT}\stego\HILL\0.4bpp\stego\286.pgm,1,train
${BOSSBASE_ROOT}\stego\HILL\0.4bpp\stego\2300.pgm,1,train
${BOSSBASE_ROOT}\cover\5589.pgm,0,train
${BOSSBASE_ROOT}\cover\8166.pgm,0,train
${BOSSBASE_ROOT}\cover\2691.pgm,0,train
${BOSSBASE_ROOT}\stego\HILL\0.4bpp\stego\5935.pgm,1,train
${BOSSBASE_ROOT}\cover\9792.pgm,0,train
${BOSSBASE_ROOT}\stego\HILL\0.4bpp\stego\5175.pgm,1,train
${BOSSBASE_ROOT}\stego\HILL\0.4bpp\stego\9711.pgm,1,train
${BOSSBASE_ROOT}\stego\HILL\0.4bpp\stego\8084.pgm,1,train
${BOSSBASE_ROOT}\cover\8466.pgm,0,train
${BOSSBASE_ROOT}\cover\6728.pgm,0,train
${BOSSBASE_ROOT}\stego\HILL\0.4bpp\stego\4623.pgm,1,train
${BOSSBASE_ROOT}\stego\HILL\0.4bpp\stego\4289.pgm,1,train
${BOSSBASE_ROOT}\cover\8183.pgm,0,train
${BOSSBASE_ROOT}\stego\HILL\0.4bpp\stego\1399.pgm,1,train
${BOSSBASE_ROOT}\stego\HILL\0.4bpp\stego\855.pgm,1,train
${BOSSBASE_ROOT}\cover\5152.pgm,0,train
${BOSSBASE_ROOT}\cover\7140.pgm,0,train
${BOSSBASE_ROOT}\cover\3617.pgm,0,train
${BOSSBASE_ROOT}\stego\HILL\0.4bpp\stego\1287.pgm,1,train
${BOSSBASE_ROOT}\cover\2831.pgm,0,train
${BOSSBASE_ROOT}\stego\HILL\0.4bpp\stego\693.pgm,1,train
${BOSSBASE_ROOT}\stego\HILL\0.4bpp\stego\1616.pgm,1,train
${BOSSBASE_ROOT}\stego\HILL\0.4bpp\stego\247.pgm,1,train
${BOSSBASE_ROOT}\cover\449.pgm,0,train
${BOSSBASE_ROOT}\cover\5750.pgm,0,train
${BOSSBASE_ROOT}\cover\5693.pgm,0,train
${BOSSBASE_ROOT}\stego\HILL\0.4bpp\stego\3235.pgm,1,train
${BOSSBASE_ROOT}\cover\3343.pgm,0,train
${BOSSBASE_ROOT}\stego\HILL\0.4bpp\stego\2880.pgm,1,train
${BOSSBASE_ROOT}\stego\HILL\0.4bpp\stego\1430.pgm,1,train
${BOSSBASE_ROOT}\cover\7725.pgm,0,train
${BOSSBASE_ROOT}\cover\2116.pgm,0,train
${BOSSBASE_ROOT}\cover\1719.pgm,0,train
${BOSSBASE_ROOT}\stego\HILL\0.4bpp\stego\1491.pgm,1,train
${BOSSBASE_ROOT}\cover\2845.pgm,0,train
${BOSSBASE_ROOT}\stego\HILL\0.4bpp\stego\2178.pgm,1,train
${BOSSBASE_ROOT}\stego\HILL\0.4bpp\stego\5045.pgm,1,train
${BOSSBASE_ROOT}\stego\HILL\0.4bpp\stego\3869.pgm,1,train
${BOSSBASE_ROOT}\stego\HILL\0.4bpp\stego\7820.pgm,1,train
${BOSSBASE_ROOT}\cover\3738.pgm,0,train
${BOSSBASE_ROOT}\stego\HILL\0.4bpp\stego\2049.pgm,1,train
${BOSSBASE_ROOT}\cover\2278.pgm,0,train
${BOSSBASE_ROOT}\stego\HILL\0.4bpp\stego\4125.pgm,1,train
${BOSSBASE_ROOT}\stego\HILL\0.4bpp\stego\5462.pgm,1,train
${BOSSBASE_ROOT}\stego\HILL\0.4bpp\stego\6742.pgm,1,train
${BOSSBASE_ROOT}\stego\HILL\0.4bpp\stego\437.pgm,1,train
${BOSSBASE_ROOT}\cover\5958.pgm,0,train
${BOSSBASE_ROOT}\stego\HILL\0.4bpp\stego\1644.pgm,1,train
${BOSSBASE_ROOT}\cover\7573.pgm,0,train
${BOSSBASE_ROOT}\cover\8050.pgm,0,train
${BOSSBASE_ROOT}\cover\4577.pgm,0,train
${BOSSBASE_ROOT}\stego\HILL\0.4bpp\stego\5695.pgm,1,train
${BOSSBASE_ROOT}\stego\HILL\0.4bpp\stego\6864.pgm,1,train
${BOSSBASE_ROOT}\cover\1835.pgm,0,train
${BOSSBASE_ROOT}\stego\HILL\0.4bpp\stego\54.pgm,1,train
${BOSSBASE_ROOT}\stego\HILL\0.4bpp\stego\1167.pgm,1,train
${BOSSBASE_ROOT}\stego\HILL\0.4bpp\stego\1233.pgm,1,train
${BOSSBASE_ROOT}\cover\804.pgm,0,train
${BOSSBASE_ROOT}\cover\3656.pgm,0,train
${BOSSBASE_ROOT}\cover\2423.pgm,0,train
${BOSSBASE_ROOT}\cover\6464.pgm,0,train
${BOSSBASE_ROOT}\cover\4198.pgm,0,train
${BOSSBASE_ROOT}\stego\HILL\0.4bpp\stego\3845.pgm,1,train
${BOSSBASE_ROOT}\cover\2862.pgm,0,train
${BOSSBASE_ROOT}\cover\1673.pgm,0,train
${BOSSBASE_ROOT}\stego\HILL\0.4bpp\stego\4108.pgm,1,train
${BOSSBASE_ROOT}\cover\4411.pgm,0,train
${BOSSBASE_ROOT}\stego\HILL\0.4bpp\stego\400.pgm,1,train
${BOSSBASE_ROOT}\stego\HILL\0.4bpp\stego\457.pgm,1,train
${BOSSBASE_ROOT}\cover\3815.pgm,0,train
${BOSSBASE_ROOT}\cover\8509.pgm,0,train
${BOSSBASE_ROOT}\cover\398.pgm,0,train
${BOSSBASE_ROOT}\stego\HILL\0.4bpp\stego\4336.pgm,1,train
${BOSSBASE_ROOT}\stego\HILL\0.4bpp\stego\6280.pgm,1,train
${BOSSBASE_ROOT}\cover\6199.pgm,0,train
${BOSSBASE_ROOT}\cover\9271.pgm,0,train
${BOSSBASE_ROOT}\stego\HILL\0.4bpp\stego\824.pgm,1,train
${BOSSBASE_ROOT}\stego\HILL\0.4bpp\stego\1551.pgm,1,train
${BOSSBASE_ROOT}\stego\HILL\0.4bpp\stego\85.pgm,1,train
${BOSSBASE_ROOT}\cover\7844.pgm,0,train
${BOSSBASE_ROOT}\cover\781.pgm,0,train
${BOSSBASE_ROOT}\cover\5740.pgm,0,train
${BOSSBASE_ROOT}\cover\4271.pgm,0,train
${BOSSBASE_ROOT}\cover\6461.pgm,0,train
${BOSSBASE_ROOT}\stego\HILL\0.4bpp\stego\5652.pgm,1,train
${BOSSBASE_ROOT}\stego\HILL\0.4bpp\stego\8739.pgm,1,train
${BOSSBASE_ROOT}\stego\HILL\0.4bpp\stego\7213.pgm,1,train
${BOSSBASE_ROOT}\stego\HILL\0.4bpp\stego\1331.pgm,1,train
${BOSSBASE_ROOT}\stego\HILL\0.4bpp\stego\6161.pgm,1,train
${BOSSBASE_ROOT}\cover\285.pgm,0,train
${BOSSBASE_ROOT}\stego\HILL\0.4bpp\stego\4448.pgm,1,train
${BOSSBASE_ROOT}\cover\433.pgm,0,train
${BOSSBASE_ROOT}\cover\5546.pgm,0,train
${BOSSBASE_ROOT}\stego\HILL\0.4bpp\stego\1338.pgm,1,train
${BOSSBASE_ROOT}\cover\1777.pgm,0,train
${BOSSBASE_ROOT}\stego\HILL\0.4bpp\stego\5471.pgm,1,train
${BOSSBASE_ROOT}\stego\HILL\0.4bpp\stego\3049.pgm,1,train
${BOSSBASE_ROOT}\cover\4289.pgm,0,train
${BOSSBASE_ROOT}\cover\7766.pgm,0,train
${BOSSBASE_ROOT}\stego\HILL\0.4bpp\stego\7033.pgm,1,train
${BOSSBASE_ROOT}\stego\HILL\0.4bpp\stego\3507.pgm,1,train
${BOSSBASE_ROOT}\cover\5566.pgm,0,train
${BOSSBASE_ROOT}\stego\HILL\0.4bpp\stego\9442.pgm,1,train
${BOSSBASE_ROOT}\stego\HILL\0.4bpp\stego\4057.pgm,1,train
${BOSSBASE_ROOT}\stego\HILL\0.4bpp\stego\443.pgm,1,train
${BOSSBASE_ROOT}\stego\HILL\0.4bpp\stego\1647.pgm,1,train
${BOSSBASE_ROOT}\cover\1592.pgm,0,train
${BOSSBASE_ROOT}\cover\7017.pgm,0,train
${BOSSBASE_ROOT}\stego\HILL\0.4bpp\stego\4770.pgm,1,train
${BOSSBASE_ROOT}\cover\3332.pgm,0,train
${BOSSBASE_ROOT}\stego\HILL\0.4bpp\stego\9043.pgm,1,train
${BOSSBASE_ROOT}\cover\8508.pgm,0,train
${BOSSBASE_ROOT}\stego\HILL\0.4bpp\stego\4445.pgm,1,train
${BOSSBASE_ROOT}\stego\HILL\0.4bpp\stego\6172.pgm,1,train
${BOSSBASE_ROOT}\cover\3800.pgm,0,train
${BOSSBASE_ROOT}\stego\HILL\0.4bpp\stego\8818.pgm,1,train
${BOSSBASE_ROOT}\stego\HILL\0.4bpp\stego\6351.pgm,1,train
${BOSSBASE_ROOT}\cover\5796.pgm,0,train
${BOSSBASE_ROOT}\cover\7958.pgm,0,train
${BOSSBASE_ROOT}\stego\HILL\0.4bpp\stego\4975.pgm,1,train
${BOSSBASE_ROOT}\stego\HILL\0.4bpp\stego\571.pgm,1,train
${BOSSBASE_ROOT}\stego\HILL\0.4bpp\stego\2481.pgm,1,train
${BOSSBASE_ROOT}\stego\HILL\0.4bpp\stego\2274.pgm,1,train
${BOSSBASE_ROOT}\stego\HILL\0.4bpp\stego\1280.pgm,1,train
${BOSSBASE_ROOT}\cover\9521.pgm,0,train
${BOSSBASE_ROOT}\stego\HILL\0.4bpp\stego\5413.pgm,1,train
${BOSSBASE_ROOT}\stego\HILL\0.4bpp\stego\6522.pgm,1,train
${BOSSBASE_ROOT}\cover\8671.pgm,0,train
${BOSSBASE_ROOT}\cover\2859.pgm,0,train
${BOSSBASE_ROOT}\stego\HILL\0.4bpp\stego\9908.pgm,1,train
${BOSSBASE_ROOT}\stego\HILL\0.4bpp\stego\1558.pgm,1,train
${BOSSBASE_ROOT}\stego\HILL\0.4bpp\stego\2384.pgm,1,train
${BOSSBASE_ROOT}\cover\2629.pgm,0,train
${BOSSBASE_ROOT}\cover\1063.pgm,0,train
${BOSSBASE_ROOT}\stego\HILL\0.4bpp\stego\754.pgm,1,train
${BOSSBASE_ROOT}\stego\HILL\0.4bpp\stego\1212.pgm,1,train
${BOSSBASE_ROOT}\cover\1555.pgm,0,train
${BOSSBASE_ROOT}\cover\1750.pgm,0,train
${BOSSBASE_ROOT}\cover\864.pgm,0,train
${BOSSBASE_ROOT}\cover\931.pgm,0,train
${BOSSBASE_ROOT}\stego\HILL\0.4bpp\stego\6487.pgm,1,train
${BOSSBASE_ROOT}\cover\52.pgm,0,train
${BOSSBASE_ROOT}\cover\668.pgm,0,train
${BOSSBASE_ROOT}\stego\HILL\0.4bpp\stego\5192.pgm,1,train
${BOSSBASE_ROOT}\cover\2889.pgm,0,train
${BOSSBASE_ROOT}\stego\HILL\0.4bpp\stego\706.pgm,1,train
${BOSSBASE_ROOT}\cover\2448.pgm,0,train
${BOSSBASE_ROOT}\cover\7275.pgm,0,train
${BOSSBASE_ROOT}\cover\4622.pgm,0,train
${BOSSBASE_ROOT}\stego\HILL\0.4bpp\stego\9848.pgm,1,train
${BOSSBASE_ROOT}\cover\4578.pgm,0,train
${BOSSBASE_ROOT}\cover\4950.pgm,0,train
${BOSSBASE_ROOT}\stego\HILL\0.4bpp\stego\7991.pgm,1,train
${BOSSBASE_ROOT}\cover\627.pgm,0,train
${BOSSBASE_ROOT}\stego\HILL\0.4bpp\stego\4187.pgm,1,train
${BOSSBASE_ROOT}\cover\465.pgm,0,train
${BOSSBASE_ROOT}\stego\HILL\0.4bpp\stego\3302.pgm,1,train
${BOSSBASE_ROOT}\stego\HILL\0.4bpp\stego\3862.pgm,1,train
${BOSSBASE_ROOT}\stego\HILL\0.4bpp\stego\4811.pgm,1,train
${BOSSBASE_ROOT}\stego\HILL\0.4bpp\stego\7186.pgm,1,train
${BOSSBASE_ROOT}\stego\HILL\0.4bpp\stego\7454.pgm,1,train
${BOSSBASE_ROOT}\stego\HILL\0.4bpp\stego\5304.pgm,1,train
${BOSSBASE_ROOT}\stego\HILL\0.4bpp\stego\3173.pgm,1,train
${BOSSBASE_ROOT}\stego\HILL\0.4bpp\stego\5863.pgm,1,train
${BOSSBASE_ROOT}\cover\447.pgm,0,train
${BOSSBASE_ROOT}\cover\618.pgm,0,train
${BOSSBASE_ROOT}\cover\8514.pgm,0,train
${BOSSBASE_ROOT}\stego\HILL\0.4bpp\stego\2506.pgm,1,train
${BOSSBASE_ROOT}\cover\3390.pgm,0,train
${BOSSBASE_ROOT}\stego\HILL\0.4bpp\stego\6281.pgm,1,train
${BOSSBASE_ROOT}\stego\HILL\0.4bpp\stego\4164.pgm,1,train
${BOSSBASE_ROOT}\cover\660.pgm,0,train
${BOSSBASE_ROOT}\cover\2483.pgm,0,train
${BOSSBASE_ROOT}\stego\HILL\0.4bpp\stego\199.pgm,1,train
${BOSSBASE_ROOT}\cover\3795.pgm,0,train
${BOSSBASE_ROOT}\cover\4738.pgm,0,train
${BOSSBASE_ROOT}\cover\6701.pgm,0,train
${BOSSBASE_ROOT}\stego\HILL\0.4bpp\stego\4277.pgm,1,train
${BOSSBASE_ROOT}\cover\8616.pgm,0,train
${BOSSBASE_ROOT}\stego\HILL\0.4bpp\stego\5627.pgm,1,train
${BOSSBASE_ROOT}\stego\HILL\0.4bpp\stego\7892.pgm,1,train
${BOSSBASE_ROOT}\stego\HILL\0.4bpp\stego\4450.pgm,1,train
${BOSSBASE_ROOT}\cover\6937.pgm,0,train
${BOSSBASE_ROOT}\stego\HILL\0.4bpp\stego\5010.pgm,1,train
${BOSSBASE_ROOT}\stego\HILL\0.4bpp\stego\8514.pgm,1,train
${BOSSBASE_ROOT}\cover\8164.pgm,0,train
${BOSSBASE_ROOT}\cover\7602.pgm,0,train
${BOSSBASE_ROOT}\stego\HILL\0.4bpp\stego\3347.pgm,1,train
${BOSSBASE_ROOT}\cover\9704.pgm,0,train
${BOSSBASE_ROOT}\stego\HILL\0.4bpp\stego\1413.pgm,1,train
${BOSSBASE_ROOT}\stego\HILL\0.4bpp\stego\3594.pgm,1,train
${BOSSBASE_ROOT}\stego\HILL\0.4bpp\stego\5137.pgm,1,train
${BOSSBASE_ROOT}\cover\3109.pgm,0,train
${BOSSBASE_ROOT}\stego\HILL\0.4bpp\stego\4598.pgm,1,train
${BOSSBASE_ROOT}\cover\3709.pgm,0,train
${BOSSBASE_ROOT}\stego\HILL\0.4bpp\stego\4176.pgm,1,train
${BOSSBASE_ROOT}\cover\5110.pgm,0,train
${BOSSBASE_ROOT}\stego\HILL\0.4bpp\stego\2351.pgm,1,train
${BOSSBASE_ROOT}\stego\HILL\0.4bpp\stego\2463.pgm,1,train
${BOSSBASE_ROOT}\cover\590.pgm,0,train
${BOSSBASE_ROOT}\cover\9899.pgm,0,train
${BOSSBASE_ROOT}\stego\HILL\0.4bpp\stego\1422.pgm,1,train
${BOSSBASE_ROOT}\stego\HILL\0.4bpp\stego\1259.pgm,1,train
${BOSSBASE_ROOT}\cover\2499.pgm,0,train
${BOSSBASE_ROOT}\stego\HILL\0.4bpp\stego\3595.pgm,1,train
${BOSSBASE_ROOT}\cover\1706.pgm,0,train
${BOSSBASE_ROOT}\stego\HILL\0.4bpp\stego\1542.pgm,1,train
${BOSSBASE_ROOT}\cover\943.pgm,0,train
${BOSSBASE_ROOT}\cover\7153.pgm,0,train
${BOSSBASE_ROOT}\cover\2895.pgm,0,train
${BOSSBASE_ROOT}\cover\4196.pgm,0,train
${BOSSBASE_ROOT}\stego\HILL\0.4bpp\stego\8988.pgm,1,train
${BOSSBASE_ROOT}\stego\HILL\0.4bpp\stego\2628.pgm,1,train
${BOSSBASE_ROOT}\cover\4265.pgm,0,train
${BOSSBASE_ROOT}\stego\HILL\0.4bpp\stego\9028.pgm,1,train
${BOSSBASE_ROOT}\stego\HILL\0.4bpp\stego\6968.pgm,1,train
${BOSSBASE_ROOT}\cover\745.pgm,0,train
${BOSSBASE_ROOT}\stego\HILL\0.4bpp\stego\248.pgm,1,train
${BOSSBASE_ROOT}\cover\8024.pgm,0,train
${BOSSBASE_ROOT}\stego\HILL\0.4bpp\stego\3431.pgm,1,train
${BOSSBASE_ROOT}\stego\HILL\0.4bpp\stego\9800.pgm,1,train
${BOSSBASE_ROOT}\stego\HILL\0.4bpp\stego\6737.pgm,1,train
${BOSSBASE_ROOT}\stego\HILL\0.4bpp\stego\5685.pgm,1,train
${BOSSBASE_ROOT}\cover\7299.pgm,0,train
${BOSSBASE_ROOT}\stego\HILL\0.4bpp\stego\1898.pgm,1,train
${BOSSBASE_ROOT}\stego\HILL\0.4bpp\stego\2715.pgm,1,train
${BOSSBASE_ROOT}\stego\HILL\0.4bpp\stego\5391.pgm,1,train
${BOSSBASE_ROOT}\stego\HILL\0.4bpp\stego\2591.pgm,1,train
${BOSSBASE_ROOT}\stego\HILL\0.4bpp\stego\2048.pgm,1,train
${BOSSBASE_ROOT}\cover\2028.pgm,0,train
${BOSSBASE_ROOT}\cover\3584.pgm,0,train
${BOSSBASE_ROOT}\stego\HILL\0.4bpp\stego\7678.pgm,1,train
${BOSSBASE_ROOT}\cover\1818.pgm,0,train
${BOSSBASE_ROOT}\cover\5215.pgm,0,train
${BOSSBASE_ROOT}\stego\HILL\0.4bpp\stego\775.pgm,1,train
${BOSSBASE_ROOT}\cover\1950.pgm,0,train
${BOSSBASE_ROOT}\stego\HILL\0.4bpp\stego\8566.pgm,1,train
${BOSSBASE_ROOT}\stego\HILL\0.4bpp\stego\7766.pgm,1,train
${BOSSBASE_ROOT}\stego\HILL\0.4bpp\stego\8282.pgm,1,train
${BOSSBASE_ROOT}\cover\4503.pgm,0,train
${BOSSBASE_ROOT}\cover\2150.pgm,0,train
${BOSSBASE_ROOT}\stego\HILL\0.4bpp\stego\8648.pgm,1,train
${BOSSBASE_ROOT}\stego\HILL\0.4bpp\stego\9960.pgm,1,train
${BOSSBASE_ROOT}\stego\HILL\0.4bpp\stego\7133.pgm,1,train
${BOSSBASE_ROOT}\stego\HILL\0.4bpp\stego\5105.pgm,1,train
${BOSSBASE_ROOT}\cover\3074.pgm,0,train
${BOSSBASE_ROOT}\stego\HILL\0.4bpp\stego\9753.pgm,1,train
${BOSSBASE_ROOT}\cover\5580.pgm,0,train
${BOSSBASE_ROOT}\stego\HILL\0.4bpp\stego\1376.pgm,1,train
${BOSSBASE_ROOT}\stego\HILL\0.4bpp\stego\2187.pgm,1,train
${BOSSBASE_ROOT}\cover\3750.pgm,0,train
${BOSSBASE_ROOT}\stego\HILL\0.4bpp\stego\8161.pgm,1,train
${BOSSBASE_ROOT}\cover\8901.pgm,0,train
${BOSSBASE_ROOT}\cover\8664.pgm,0,train
${BOSSBASE_ROOT}\stego\HILL\0.4bpp\stego\1950.pgm,1,train
${BOSSBASE_ROOT}\stego\HILL\0.4bpp\stego\4491.pgm,1,train
${BOSSBASE_ROOT}\cover\4885.pgm,0,train
${BOSSBASE_ROOT}\cover\5086.pgm,0,train
${BOSSBASE_ROOT}\cover\7982.pgm,0,train
${BOSSBASE_ROOT}\cover\3988.pgm,0,train
${BOSSBASE_ROOT}\stego\HILL\0.4bpp\stego\3902.pgm,1,train
${BOSSBASE_ROOT}\cover\4643.pgm,0,train
${BOSSBASE_ROOT}\cover\1363.pgm,0,train
${BOSSBASE_ROOT}\stego\HILL\0.4bpp\stego\6667.pgm,1,train
${BOSSBASE_ROOT}\cover\9962.pgm,0,train
${BOSSBASE_ROOT}\cover\1024.pgm,0,train
${BOSSBASE_ROOT}\stego\HILL\0.4bpp\stego\1285.pgm,1,train
${BOSSBASE_ROOT}\cover\871.pgm,0,train
${BOSSBASE_ROOT}\cover\950.pgm,0,train
${BOSSBASE_ROOT}\stego\HILL\0.4bpp\stego\5395.pgm,1,train
${BOSSBASE_ROOT}\cover\3299.pgm,0,train
${BOSSBASE_ROOT}\cover\2825.pgm,0,train
${BOSSBASE_ROOT}\stego\HILL\0.4bpp\stego\459.pgm,1,train
${BOSSBASE_ROOT}\stego\HILL\0.4bpp\stego\9024.pgm,1,train
${BOSSBASE_ROOT}\stego\HILL\0.4bpp\stego\3380.pgm,1,train
${BOSSBASE_ROOT}\cover\4701.pgm,0,train
${BOSSBASE_ROOT}\cover\6865.pgm,0,train
${BOSSBASE_ROOT}\stego\HILL\0.4bpp\stego\3366.pgm,1,train
${BOSSBASE_ROOT}\stego\HILL\0.4bpp\stego\9113.pgm,1,train
${BOSSBASE_ROOT}\cover\1621.pgm,0,train
${BOSSBASE_ROOT}\stego\HILL\0.4bpp\stego\5441.pgm,1,train
${BOSSBASE_ROOT}\stego\HILL\0.4bpp\stego\7478.pgm,1,train
${BOSSBASE_ROOT}\stego\HILL\0.4bpp\stego\2555.pgm,1,train
${BOSSBASE_ROOT}\cover\9742.pgm,0,train
${BOSSBASE_ROOT}\stego\HILL\0.4bpp\stego\9670.pgm,1,train
${BOSSBASE_ROOT}\cover\5493.pgm,0,train
${BOSSBASE_ROOT}\stego\HILL\0.4bpp\stego\957.pgm,1,train
${BOSSBASE_ROOT}\stego\HILL\0.4bpp\stego\6183.pgm,1,train
${BOSSBASE_ROOT}\cover\3947.pgm,0,train
${BOSSBASE_ROOT}\stego\HILL\0.4bpp\stego\1384.pgm,1,train
${BOSSBASE_ROOT}\stego\HILL\0.4bpp\stego\7451.pgm,1,train
${BOSSBASE_ROOT}\cover\6843.pgm,0,train
${BOSSBASE_ROOT}\cover\4386.pgm,0,train
${BOSSBASE_ROOT}\cover\1163.pgm,0,train
${BOSSBASE_ROOT}\cover\1667.pgm,0,train
${BOSSBASE_ROOT}\stego\HILL\0.4bpp\stego\7681.pgm,1,train
${BOSSBASE_ROOT}\stego\HILL\0.4bpp\stego\398.pgm,1,train
${BOSSBASE_ROOT}\cover\5407.pgm,0,train
${BOSSBASE_ROOT}\stego\HILL\0.4bpp\stego\2479.pgm,1,train
${BOSSBASE_ROOT}\cover\6130.pgm,0,train
${BOSSBASE_ROOT}\cover\5700.pgm,0,train
${BOSSBASE_ROOT}\stego\HILL\0.4bpp\stego\602.pgm,1,train
${BOSSBASE_ROOT}\stego\HILL\0.4bpp\stego\896.pgm,1,train
${BOSSBASE_ROOT}\cover\4100.pgm,0,train
${BOSSBASE_ROOT}\cover\1688.pgm,0,train
${BOSSBASE_ROOT}\cover\5898.pgm,0,train
${BOSSBASE_ROOT}\stego\HILL\0.4bpp\stego\4364.pgm,1,train
${BOSSBASE_ROOT}\cover\231.pgm,0,train
${BOSSBASE_ROOT}\cover\7434.pgm,0,train
${BOSSBASE_ROOT}\stego\HILL\0.4bpp\stego\8955.pgm,1,train
${BOSSBASE_ROOT}\stego\HILL\0.4bpp\stego\900.pgm,1,train
${BOSSBASE_ROOT}\stego\HILL\0.4bpp\stego\6470.pgm,1,train
${BOSSBASE_ROOT}\cover\8805.pgm,0,train
${BOSSBASE_ROOT}\stego\HILL\0.4bpp\stego\2571.pgm,1,train
${BOSSBASE_ROOT}\stego\HILL\0.4bpp\stego\4585.pgm,1,train
${BOSSBASE_ROOT}\stego\HILL\0.4bpp\stego\4775.pgm,1,train
${BOSSBASE_ROOT}\stego\HILL\0.4bpp\stego\4100.pgm,1,train
${BOSSBASE_ROOT}\cover\497.pgm,0,train
${BOSSBASE_ROOT}\cover\6902.pgm,0,train
${BOSSBASE_ROOT}\stego\HILL\0.4bpp\stego\848.pgm,1,train
${BOSSBASE_ROOT}\stego\HILL\0.4bpp\stego\1911.pgm,1,train
${BOSSBASE_ROOT}\cover\8852.pgm,0,train
${BOSSBASE_ROOT}\stego\HILL\0.4bpp\stego\5484.pgm,1,train
${BOSSBASE_ROOT}\stego\HILL\0.4bpp\stego\9893.pgm,1,train
${BOSSBASE_ROOT}\stego\HILL\0.4bpp\stego\9968.pgm,1,train
${BOSSBASE_ROOT}\stego\HILL\0.4bpp\stego\4859.pgm,1,train
${BOSSBASE_ROOT}\cover\721.pgm,0,train
${BOSSBASE_ROOT}\stego\HILL\0.4bpp\stego\3048.pgm,1,train
${BOSSBASE_ROOT}\cover\1668.pgm,0,train
${BOSSBASE_ROOT}\stego\HILL\0.4bpp\stego\3368.pgm,1,train
${BOSSBASE_ROOT}\cover\3054.pgm,0,train
${BOSSBASE_ROOT}\cover\629.pgm,0,train
${BOSSBASE_ROOT}\stego\HILL\0.4bpp\stego\9862.pgm,1,train
${BOSSBASE_ROOT}\cover\4478.pgm,0,train
${BOSSBASE_ROOT}\cover\8744.pgm,0,train
${BOSSBASE_ROOT}\cover\4542.pgm,0,train
${BOSSBASE_ROOT}\stego\HILL\0.4bpp\stego\1930.pgm,1,train
${BOSSBASE_ROOT}\cover\8528.pgm,0,train
${BOSSBASE_ROOT}\stego\HILL\0.4bpp\stego\3105.pgm,1,train
${BOSSBASE_ROOT}\stego\HILL\0.4bpp\stego\5536.pgm,1,train
${BOSSBASE_ROOT}\stego\HILL\0.4bpp\stego\4743.pgm,1,train
${BOSSBASE_ROOT}\cover\5801.pgm,0,train
${BOSSBASE_ROOT}\stego\HILL\0.4bpp\stego\4946.pgm,1,train
${BOSSBASE_ROOT}\cover\7762.pgm,0,train
${BOSSBASE_ROOT}\stego\HILL\0.4bpp\stego\6484.pgm,1,train
${BOSSBASE_ROOT}\cover\6481.pgm,0,train
${BOSSBASE_ROOT}\stego\HILL\0.4bpp\stego\6611.pgm,1,train
${BOSSBASE_ROOT}\cover\2181.pgm,0,train
${BOSSBASE_ROOT}\stego\HILL\0.4bpp\stego\7305.pgm,1,train
${BOSSBASE_ROOT}\stego\HILL\0.4bpp\stego\7732.pgm,1,train
${BOSSBASE_ROOT}\cover\4080.pgm,0,train
${BOSSBASE_ROOT}\stego\HILL\0.4bpp\stego\8336.pgm,1,train
${BOSSBASE_ROOT}\stego\HILL\0.4bpp\stego\5474.pgm,1,train
${BOSSBASE_ROOT}\cover\3948.pgm,0,train
${BOSSBASE_ROOT}\cover\9339.pgm,0,train
${BOSSBASE_ROOT}\cover\7738.pgm,0,train
${BOSSBASE_ROOT}\stego\HILL\0.4bpp\stego\393.pgm,1,train
${BOSSBASE_ROOT}\cover\213.pgm,0,train
${BOSSBASE_ROOT}\stego\HILL\0.4bpp\stego\5499.pgm,1,train
${BOSSBASE_ROOT}\stego\HILL\0.4bpp\stego\4626.pgm,1,train
${BOSSBASE_ROOT}\cover\884.pgm,0,train
${BOSSBASE_ROOT}\cover\7163.pgm,0,train
${BOSSBASE_ROOT}\stego\HILL\0.4bpp\stego\5611.pgm,1,train
${BOSSBASE_ROOT}\cover\3078.pgm,0,train
${BOSSBASE_ROOT}\cover\6644.pgm,0,train
${BOSSBASE_ROOT}\stego\HILL\0.4bpp\stego\9036.pgm,1,train
${BOSSBASE_ROOT}\stego\HILL\0.4bpp\stego\9193.pgm,1,train
${BOSSBASE_ROOT}\cover\9007.pgm,0,train
${BOSSBASE_ROOT}\stego\HILL\0.4bpp\stego\7823.pgm,1,train
${BOSSBASE_ROOT}\cover\6348.pgm,0,train
${BOSSBASE_ROOT}\stego\HILL\0.4bpp\stego\6057.pgm,1,train
${BOSSBASE_ROOT}\cover\2557.pgm,0,train
${BOSSBASE_ROOT}\stego\HILL\0.4bpp\stego\406.pgm,1,train
${BOSSBASE_ROOT}\stego\HILL\0.4bpp\stego\2295.pgm,1,train
${BOSSBASE_ROOT}\cover\8092.pgm,0,train
${BOSSBASE_ROOT}\stego\HILL\0.4bpp\stego\761.pgm,1,train
${BOSSBASE_ROOT}\stego\HILL\0.4bpp\stego\2607.pgm,1,train
${BOSSBASE_ROOT}\cover\6095.pgm,0,train
${BOSSBASE_ROOT}\cover\7621.pgm,0,train
${BOSSBASE_ROOT}\stego\HILL\0.4bpp\stego\7593.pgm,1,train
${BOSSBASE_ROOT}\cover\8418.pgm,0,train
${BOSSBASE_ROOT}\cover\5777.pgm,0,train
${BOSSBASE_ROOT}\cover\9684.pgm,0,train
${BOSSBASE_ROOT}\cover\7357.pgm,0,train
${BOSSBASE_ROOT}\stego\HILL\0.4bpp\stego\1640.pgm,1,train
${BOSSBASE_ROOT}\stego\HILL\0.4bpp\stego\6141.pgm,1,train
${BOSSBASE_ROOT}\cover\8029.pgm,0,train
${BOSSBASE_ROOT}\stego\HILL\0.4bpp\stego\4195.pgm,1,train
${BOSSBASE_ROOT}\cover\2135.pgm,0,train
${BOSSBASE_ROOT}\stego\HILL\0.4bpp\stego\522.pgm,1,train
${BOSSBASE_ROOT}\cover\5938.pgm,0,train
${BOSSBASE_ROOT}\cover\1817.pgm,0,train
${BOSSBASE_ROOT}\cover\4020.pgm,0,train
${BOSSBASE_ROOT}\cover\8620.pgm,0,train
${BOSSBASE_ROOT}\stego\HILL\0.4bpp\stego\6448.pgm,1,train
${BOSSBASE_ROOT}\stego\HILL\0.4bpp\stego\723.pgm,1,train
${BOSSBASE_ROOT}\stego\HILL\0.4bpp\stego\3498.pgm,1,train
${BOSSBASE_ROOT}\cover\386.pgm,0,train
${BOSSBASE_ROOT}\cover\7730.pgm,0,train
${BOSSBASE_ROOT}\stego\HILL\0.4bpp\stego\6665.pgm,1,train
${BOSSBASE_ROOT}\stego\HILL\0.4bpp\stego\3919.pgm,1,train
${BOSSBASE_ROOT}\cover\3992.pgm,0,train
${BOSSBASE_ROOT}\cover\9935.pgm,0,train
${BOSSBASE_ROOT}\cover\7853.pgm,0,train
${BOSSBASE_ROOT}\cover\5820.pgm,0,train
${BOSSBASE_ROOT}\cover\7629.pgm,0,train
${BOSSBASE_ROOT}\stego\HILL\0.4bpp\stego\8316.pgm,1,train
${BOSSBASE_ROOT}\cover\8156.pgm,0,train
${BOSSBASE_ROOT}\cover\7914.pgm,0,train
${BOSSBASE_ROOT}\stego\HILL\0.4bpp\stego\5876.pgm,1,train
${BOSSBASE_ROOT}\cover\9964.pgm,0,train
${BOSSBASE_ROOT}\cover\689.pgm,0,train
${BOSSBASE_ROOT}\stego\HILL\0.4bpp\stego\8459.pgm,1,train
${BOSSBASE_ROOT}\stego\HILL\0.4bpp\stego\2223.pgm,1,train
${BOSSBASE_ROOT}\stego\HILL\0.4bpp\stego\1744.pgm,1,train
${BOSSBASE_ROOT}\stego\HILL\0.4bpp\stego\5854.pgm,1,train
${BOSSBASE_ROOT}\stego\HILL\0.4bpp\stego\8458.pgm,1,train
${BOSSBASE_ROOT}\stego\HILL\0.4bpp\stego\6778.pgm,1,train
${BOSSBASE_ROOT}\stego\HILL\0.4bpp\stego\2936.pgm,1,train
${BOSSBASE_ROOT}\stego\HILL\0.4bpp\stego\9315.pgm,1,train
${BOSSBASE_ROOT}\cover\9602.pgm,0,train
${BOSSBASE_ROOT}\cover\9067.pgm,0,train
${BOSSBASE_ROOT}\cover\7907.pgm,0,train
${BOSSBASE_ROOT}\stego\HILL\0.4bpp\stego\2433.pgm,1,train
${BOSSBASE_ROOT}\cover\4412.pgm,0,train
${BOSSBASE_ROOT}\stego\HILL\0.4bpp\stego\6915.pgm,1,train
${BOSSBASE_ROOT}\stego\HILL\0.4bpp\stego\3826.pgm,1,train
${BOSSBASE_ROOT}\cover\7611.pgm,0,train
${BOSSBASE_ROOT}\stego\HILL\0.4bpp\stego\2229.pgm,1,train
${BOSSBASE_ROOT}\stego\HILL\0.4bpp\stego\509.pgm,1,train
${BOSSBASE_ROOT}\cover\8096.pgm,0,train
${BOSSBASE_ROOT}\stego\HILL\0.4bpp\stego\6098.pgm,1,train
${BOSSBASE_ROOT}\cover\7894.pgm,0,train
${BOSSBASE_ROOT}\stego\HILL\0.4bpp\stego\7513.pgm,1,train
${BOSSBASE_ROOT}\stego\HILL\0.4bpp\stego\7781.pgm,1,train
${BOSSBASE_ROOT}\stego\HILL\0.4bpp\stego\4412.pgm,1,train
${BOSSBASE_ROOT}\cover\1855.pgm,0,train
${BOSSBASE_ROOT}\cover\4612.pgm,0,train
${BOSSBASE_ROOT}\stego\HILL\0.4bpp\stego\4304.pgm,1,train
${BOSSBASE_ROOT}\stego\HILL\0.4bpp\stego\3318.pgm,1,train
${BOSSBASE_ROOT}\stego\HILL\0.4bpp\stego\2392.pgm,1,train
${BOSSBASE_ROOT}\cover\1519.pgm,0,train
${BOSSBASE_ROOT}\cover\5889.pgm,0,train
${BOSSBASE_ROOT}\cover\9875.pgm,0,train
${BOSSBASE_ROOT}\cover\4720.pgm,0,train
${BOSSBASE_ROOT}\cover\9895.pgm,0,train
${BOSSBASE_ROOT}\cover\1003.pgm,0,train
${BOSSBASE_ROOT}\cover\267.pgm,0,train
${BOSSBASE_ROOT}\stego\HILL\0.4bpp\stego\7663.pgm,1,train
${BOSSBASE_ROOT}\stego\HILL\0.4bpp\stego\5848.pgm,1,train
${BOSSBASE_ROOT}\cover\9842.pgm,0,train
${BOSSBASE_ROOT}\stego\HILL\0.4bpp\stego\530.pgm,1,train
${BOSSBASE_ROOT}\stego\HILL\0.4bpp\stego\5678.pgm,1,train
${BOSSBASE_ROOT}\cover\5998.pgm,0,train
${BOSSBASE_ROOT}\cover\6028.pgm,0,train
${BOSSBASE_ROOT}\stego\HILL\0.4bpp\stego\9493.pgm,1,train
${BOSSBASE_ROOT}\cover\8853.pgm,0,train
${BOSSBASE_ROOT}\stego\HILL\0.4bpp\stego\8363.pgm,1,train
${BOSSBASE_ROOT}\stego\HILL\0.4bpp\stego\160.pgm,1,train
${BOSSBASE_ROOT}\cover\5117.pgm,0,train
${BOSSBASE_ROOT}\stego\HILL\0.4bpp\stego\5918.pgm,1,train
${BOSSBASE_ROOT}\stego\HILL\0.4bpp\stego\5929.pgm,1,train
${BOSSBASE_ROOT}\stego\HILL\0.4bpp\stego\9377.pgm,1,train
${BOSSBASE_ROOT}\cover\4757.pgm,0,train
${BOSSBASE_ROOT}\cover\168.pgm,0,train
${BOSSBASE_ROOT}\cover\8167.pgm,0,train
${BOSSBASE_ROOT}\stego\HILL\0.4bpp\stego\6789.pgm,1,train
${BOSSBASE_ROOT}\cover\2133.pgm,0,train
${BOSSBASE_ROOT}\stego\HILL\0.4bpp\stego\444.pgm,1,train
${BOSSBASE_ROOT}\stego\HILL\0.4bpp\stego\2634.pgm,1,train
${BOSSBASE_ROOT}\stego\HILL\0.4bpp\stego\2175.pgm,1,train
${BOSSBASE_ROOT}\stego\HILL\0.4bpp\stego\8427.pgm,1,train
${BOSSBASE_ROOT}\stego\HILL\0.4bpp\stego\645.pgm,1,train
${BOSSBASE_ROOT}\cover\2394.pgm,0,train
${BOSSBASE_ROOT}\cover\1013.pgm,0,train
${BOSSBASE_ROOT}\stego\HILL\0.4bpp\stego\8368.pgm,1,train
${BOSSBASE_ROOT}\cover\8909.pgm,0,train
${BOSSBASE_ROOT}\stego\HILL\0.4bpp\stego\4694.pgm,1,train
${BOSSBASE_ROOT}\cover\6190.pgm,0,train
${BOSSBASE_ROOT}\stego\HILL\0.4bpp\stego\6768.pgm,1,train
${BOSSBASE_ROOT}\cover\5143.pgm,0,train
${BOSSBASE_ROOT}\cover\5268.pgm,0,train
${BOSSBASE_ROOT}\cover\8477.pgm,0,train
${BOSSBASE_ROOT}\cover\3451.pgm,0,train
${BOSSBASE_ROOT}\stego\HILL\0.4bpp\stego\4116.pgm,1,train
${BOSSBASE_ROOT}\cover\8733.pgm,0,train
${BOSSBASE_ROOT}\stego\HILL\0.4bpp\stego\7255.pgm,1,train
${BOSSBASE_ROOT}\stego\HILL\0.4bpp\stego\6692.pgm,1,train
${BOSSBASE_ROOT}\cover\1457.pgm,0,train
${BOSSBASE_ROOT}\cover\9228.pgm,0,train
${BOSSBASE_ROOT}\cover\2503.pgm,0,train
${BOSSBASE_ROOT}\cover\1604.pgm,0,train
${BOSSBASE_ROOT}\cover\3700.pgm,0,train
${BOSSBASE_ROOT}\stego\HILL\0.4bpp\stego\3308.pgm,1,train
${BOSSBASE_ROOT}\cover\1438.pgm,0,train
${BOSSBASE_ROOT}\stego\HILL\0.4bpp\stego\2596.pgm,1,train
${BOSSBASE_ROOT}\cover\423.pgm,0,train
${BOSSBASE_ROOT}\stego\HILL\0.4bpp\stego\5361.pgm,1,train
${BOSSBASE_ROOT}\cover\4584.pgm,0,train
${BOSSBASE_ROOT}\stego\HILL\0.4bpp\stego\8277.pgm,1,train
${BOSSBASE_ROOT}\stego\HILL\0.4bpp\stego\4139.pgm,1,train
${BOSSBASE_ROOT}\stego\HILL\0.4bpp\stego\6159.pgm,1,train
${BOSSBASE_ROOT}\cover\7372.pgm,0,train
${BOSSBASE_ROOT}\cover\7694.pgm,0,train
${BOSSBASE_ROOT}\stego\HILL\0.4bpp\stego\4568.pgm,1,train
${BOSSBASE_ROOT}\stego\HILL\0.4bpp\stego\6860.pgm,1,train
${BOSSBASE_ROOT}\stego\HILL\0.4bpp\stego\3913.pgm,1,train
${BOSSBASE_ROOT}\stego\HILL\0.4bpp\stego\5169.pgm,1,train
${BOSSBASE_ROOT}\cover\1290.pgm,0,train
${BOSSBASE_ROOT}\stego\HILL\0.4bpp\stego\7778.pgm,1,train
${BOSSBASE_ROOT}\cover\6154.pgm,0,train
${BOSSBASE_ROOT}\cover\3690.pgm,0,train
${BOSSBASE_ROOT}\stego\HILL\0.4bpp\stego\81.pgm,1,train
${BOSSBASE_ROOT}\stego\HILL\0.4bpp\stego\9324.pgm,1,train
${BOSSBASE_ROOT}\stego\HILL\0.4bpp\stego\5157.pgm,1,train
${BOSSBASE_ROOT}\stego\HILL\0.4bpp\stego\7417.pgm,1,train
${BOSSBASE_ROOT}\stego\HILL\0.4bpp\stego\2199.pgm,1,train
${BOSSBASE_ROOT}\cover\137.pgm,0,train
${BOSSBASE_ROOT}\stego\HILL\0.4bpp\stego\5468.pgm,1,train
${BOSSBASE_ROOT}\stego\HILL\0.4bpp\stego\3011.pgm,1,train
${BOSSBASE_ROOT}\stego\HILL\0.4bpp\stego\4957.pgm,1,train
${BOSSBASE_ROOT}\cover\7508.pgm,0,train
${BOSSBASE_ROOT}\cover\9360.pgm,0,train
${BOSSBASE_ROOT}\stego\HILL\0.4bpp\stego\4232.pgm,1,train
${BOSSBASE_ROOT}\cover\6158.pgm,0,train
${BOSSBASE_ROOT}\stego\HILL\0.4bpp\stego\6941.pgm,1,train
${BOSSBASE_ROOT}\stego\HILL\0.4bpp\stego\5537.pgm,1,train
${BOSSBASE_ROOT}\cover\4435.pgm,0,train
${BOSSBASE_ROOT}\stego\HILL\0.4bpp\stego\5317.pgm,1,train
${BOSSBASE_ROOT}\cover\7073.pgm,0,train
${BOSSBASE_ROOT}\stego\HILL\0.4bpp\stego\2699.pgm,1,train
${BOSSBASE_ROOT}\stego\HILL\0.4bpp\stego\3706.pgm,1,train
${BOSSBASE_ROOT}\cover\1277.pgm,0,train
${BOSSBASE_ROOT}\cover\7925.pgm,0,train
${BOSSBASE_ROOT}\stego\HILL\0.4bpp\stego\6881.pgm,1,train
${BOSSBASE_ROOT}\stego\HILL\0.4bpp\stego\414.pgm,1,train
${BOSSBASE_ROOT}\stego\HILL\0.4bpp\stego\7319.pgm,1,train
${BOSSBASE_ROOT}\cover\1107.pgm,0,train
${BOSSBASE_ROOT}\cover\5987.pgm,0,train
${BOSSBASE_ROOT}\cover\5251.pgm,0,train
${BOSSBASE_ROOT}\stego\HILL\0.4bpp\stego\1162.pgm,1,train
${BOSSBASE_ROOT}\cover\28.pgm,0,train
${BOSSBASE_ROOT}\cover\1634.pgm,0,train
${BOSSBASE_ROOT}\cover\1442.pgm,0,train
${BOSSBASE_ROOT}\cover\5338.pgm,0,train
${BOSSBASE_ROOT}\stego\HILL\0.4bpp\stego\3562.pgm,1,train
${BOSSBASE_ROOT}\cover\3748.pgm,0,train
${BOSSBASE_ROOT}\cover\9068.pgm,0,train
${BOSSBASE_ROOT}\stego\HILL\0.4bpp\stego\3074.pgm,1,train
${BOSSBASE_ROOT}\stego\HILL\0.4bpp\stego\318.pgm,1,train
${BOSSBASE_ROOT}\cover\9859.pgm,0,train
${BOSSBASE_ROOT}\stego\HILL\0.4bpp\stego\97.pgm,1,train
${BOSSBASE_ROOT}\cover\9239.pgm,0,train
${BOSSBASE_ROOT}\stego\HILL\0.4bpp\stego\6081.pgm,1,train
${BOSSBASE_ROOT}\stego\HILL\0.4bpp\stego\8129.pgm,1,train
${BOSSBASE_ROOT}\cover\8505.pgm,0,train
${BOSSBASE_ROOT}\cover\8200.pgm,0,train
${BOSSBASE_ROOT}\stego\HILL\0.4bpp\stego\492.pgm,1,train
${BOSSBASE_ROOT}\stego\HILL\0.4bpp\stego\9576.pgm,1,train
${BOSSBASE_ROOT}\stego\HILL\0.4bpp\stego\997.pgm,1,train
${BOSSBASE_ROOT}\cover\159.pgm,0,train
${BOSSBASE_ROOT}\stego\HILL\0.4bpp\stego\951.pgm,1,train
${BOSSBASE_ROOT}\stego\HILL\0.4bpp\stego\2588.pgm,1,train
${BOSSBASE_ROOT}\stego\HILL\0.4bpp\stego\1155.pgm,1,train
${BOSSBASE_ROOT}\cover\8942.pgm,0,train
${BOSSBASE_ROOT}\stego\HILL\0.4bpp\stego\2744.pgm,1,train
${BOSSBASE_ROOT}\stego\HILL\0.4bpp\stego\3323.pgm,1,train
${BOSSBASE_ROOT}\cover\3394.pgm,0,train
${BOSSBASE_ROOT}\stego\HILL\0.4bpp\stego\9949.pgm,1,train
${BOSSBASE_ROOT}\stego\HILL\0.4bpp\stego\2298.pgm,1,train
${BOSSBASE_ROOT}\cover\8085.pgm,0,train
${BOSSBASE_ROOT}\cover\9288.pgm,0,train
${BOSSBASE_ROOT}\stego\HILL\0.4bpp\stego\3492.pgm,1,train
${BOSSBASE_ROOT}\cover\5233.pgm,0,train
${BOSSBASE_ROOT}\cover\8434.pgm,0,train
${BOSSBASE_ROOT}\cover\6502.pgm,0,train
${BOSSBASE_ROOT}\cover\9024.pgm,0,train
${BOSSBASE_ROOT}\cover\9130.pgm,0,train
${BOSSBASE_ROOT}\stego\HILL\0.4bpp\stego\3920.pgm,1,train
${BOSSBASE_ROOT}\stego\HILL\0.4bpp\stego\4645.pgm,1,train
${BOSSBASE_ROOT}\cover\6521.pgm,0,train
${BOSSBASE_ROOT}\stego\HILL\0.4bpp\stego\66.pgm,1,train
${BOSSBASE_ROOT}\stego\HILL\0.4bpp\stego\2176.pgm,1,train
${BOSSBASE_ROOT}\stego\HILL\0.4bpp\stego\5606.pgm,1,train
${BOSSBASE_ROOT}\cover\5395.pgm,0,train
${BOSSBASE_ROOT}\cover\1744.pgm,0,train
${BOSSBASE_ROOT}\cover\1425.pgm,0,train
${BOSSBASE_ROOT}\cover\9426.pgm,0,train
${BOSSBASE_ROOT}\cover\1161.pgm,0,train
${BOSSBASE_ROOT}\stego\HILL\0.4bpp\stego\9160.pgm,1,train
${BOSSBASE_ROOT}\stego\HILL\0.4bpp\stego\3647.pgm,1,train
${BOSSBASE_ROOT}\cover\9570.pgm,0,train
${BOSSBASE_ROOT}\cover\9671.pgm,0,train
${BOSSBASE_ROOT}\stego\HILL\0.4bpp\stego\41.pgm,1,train
${BOSSBASE_ROOT}\cover\7290.pgm,0,train
${BOSSBASE_ROOT}\cover\3877.pgm,0,train
${BOSSBASE_ROOT}\stego\HILL\0.4bpp\stego\962.pgm,1,train
${BOSSBASE_ROOT}\cover\7821.pgm,0,train
${BOSSBASE_ROOT}\cover\32.pgm,0,train
${BOSSBASE_ROOT}\stego\HILL\0.4bpp\stego\3760.pgm,1,train
${BOSSBASE_ROOT}\cover\1997.pgm,0,train
${BOSSBASE_ROOT}\stego\HILL\0.4bpp\stego\9618.pgm,1,train
${BOSSBASE_ROOT}\stego\HILL\0.4bpp\stego\2261.pgm,1,train
${BOSSBASE_ROOT}\stego\HILL\0.4bpp\stego\1681.pgm,1,train
${BOSSBASE_ROOT}\cover\1367.pgm,0,train
${BOSSBASE_ROOT}\cover\4883.pgm,0,train
${BOSSBASE_ROOT}\cover\17.pgm,0,train
${BOSSBASE_ROOT}\cover\7756.pgm,0,train
${BOSSBASE_ROOT}\stego\HILL\0.4bpp\stego\9358.pgm,1,train
${BOSSBASE_ROOT}\stego\HILL\0.4bpp\stego\9574.pgm,1,train
${BOSSBASE_ROOT}\cover\9192.pgm,0,train
${BOSSBASE_ROOT}\cover\7273.pgm,0,train
${BOSSBASE_ROOT}\cover\6860.pgm,0,train
${BOSSBASE_ROOT}\stego\HILL\0.4bpp\stego\4787.pgm,1,train
${BOSSBASE_ROOT}\stego\HILL\0.4bpp\stego\6650.pgm,1,train
${BOSSBASE_ROOT}\stego\HILL\0.4bpp\stego\8824.pgm,1,train
${BOSSBASE_ROOT}\cover\7457.pgm,0,train
${BOSSBASE_ROOT}\cover\8732.pgm,0,train
${BOSSBASE_ROOT}\cover\7782.pgm,0,train
${BOSSBASE_ROOT}\cover\7142.pgm,0,train
${BOSSBASE_ROOT}\cover\8310.pgm,0,train
${BOSSBASE_ROOT}\cover\568.pgm,0,train
${BOSSBASE_ROOT}\stego\HILL\0.4bpp\stego\5339.pgm,1,train
${BOSSBASE_ROOT}\cover\4917.pgm,0,train
${BOSSBASE_ROOT}\stego\HILL\0.4bpp\stego\2773.pgm,1,train
${BOSSBASE_ROOT}\cover\2641.pgm,0,train
${BOSSBASE_ROOT}\stego\HILL\0.4bpp\stego\6533.pgm,1,train
${BOSSBASE_ROOT}\stego\HILL\0.4bpp\stego\4087.pgm,1,train
${BOSSBASE_ROOT}\cover\9565.pgm,0,train
${BOSSBASE_ROOT}\stego\HILL\0.4bpp\stego\3381.pgm,1,train
${BOSSBASE_ROOT}\cover\7047.pgm,0,train
${BOSSBASE_ROOT}\stego\HILL\0.4bpp\stego\7613.pgm,1,train
${BOSSBASE_ROOT}\stego\HILL\0.4bpp\stego\7894.pgm,1,train
${BOSSBASE_ROOT}\cover\8214.pgm,0,train
${BOSSBASE_ROOT}\cover\1041.pgm,0,train
${BOSSBASE_ROOT}\stego\HILL\0.4bpp\stego\7579.pgm,1,train
${BOSSBASE_ROOT}\stego\HILL\0.4bpp\stego\394.pgm,1,train
${BOSSBASE_ROOT}\cover\8087.pgm,0,train
${BOSSBASE_ROOT}\cover\6455.pgm,0,train
${BOSSBASE_ROOT}\stego\HILL\0.4bpp\stego\3280.pgm,1,train
${BOSSBASE_ROOT}\cover\1585.pgm,0,train
${BOSSBASE_ROOT}\stego\HILL\0.4bpp\stego\1224.pgm,1,train
${BOSSBASE_ROOT}\stego\HILL\0.4bpp\stego\5407.pgm,1,train
${BOSSBASE_ROOT}\cover\8327.pgm,0,train
${BOSSBASE_ROOT}\stego\HILL\0.4bpp\stego\544.pgm,1,train
${BOSSBASE_ROOT}\stego\HILL\0.4bpp\stego\426.pgm,1,train
${BOSSBASE_ROOT}\cover\3814.pgm,0,train
${BOSSBASE_ROOT}\cover\8511.pgm,0,train
${BOSSBASE_ROOT}\stego\HILL\0.4bpp\stego\3820.pgm,1,train
${BOSSBASE_ROOT}\stego\HILL\0.4bpp\stego\901.pgm,1,train
${BOSSBASE_ROOT}\cover\9737.pgm,0,train
${BOSSBASE_ROOT}\stego\HILL\0.4bpp\stego\330.pgm,1,train
${BOSSBASE_ROOT}\stego\HILL\0.4bpp\stego\2913.pgm,1,train
${BOSSBASE_ROOT}\cover\225.pgm,0,train
${BOSSBASE_ROOT}\cover\5934.pgm,0,train
${BOSSBASE_ROOT}\stego\HILL\0.4bpp\stego\6945.pgm,1,train
${BOSSBASE_ROOT}\cover\3157.pgm,0,train
${BOSSBASE_ROOT}\stego\HILL\0.4bpp\stego\609.pgm,1,train
${BOSSBASE_ROOT}\stego\HILL\0.4bpp\stego\8267.pgm,1,train
${BOSSBASE_ROOT}\stego\HILL\0.4bpp\stego\8614.pgm,1,train
${BOSSBASE_ROOT}\cover\7758.pgm,0,train
${BOSSBASE_ROOT}\stego\HILL\0.4bpp\stego\8578.pgm,1,train
${BOSSBASE_ROOT}\cover\1309.pgm,0,train
${BOSSBASE_ROOT}\stego\HILL\0.4bpp\stego\8821.pgm,1,train
${BOSSBASE_ROOT}\cover\7891.pgm,0,train
${BOSSBASE_ROOT}\stego\HILL\0.4bpp\stego\2910.pgm,1,train
${BOSSBASE_ROOT}\stego\HILL\0.4bpp\stego\8989.pgm,1,train
${BOSSBASE_ROOT}\stego\HILL\0.4bpp\stego\5457.pgm,1,train
${BOSSBASE_ROOT}\cover\7532.pgm,0,train
${BOSSBASE_ROOT}\cover\5248.pgm,0,train
${BOSSBASE_ROOT}\cover\4084.pgm,0,train
${BOSSBASE_ROOT}\cover\9388.pgm,0,train
${BOSSBASE_ROOT}\cover\6369.pgm,0,train
${BOSSBASE_ROOT}\stego\HILL\0.4bpp\stego\4474.pgm,1,train
${BOSSBASE_ROOT}\stego\HILL\0.4bpp\stego\3032.pgm,1,train
${BOSSBASE_ROOT}\stego\HILL\0.4bpp\stego\5182.pgm,1,train
${BOSSBASE_ROOT}\stego\HILL\0.4bpp\stego\5034.pgm,1,train
${BOSSBASE_ROOT}\cover\2387.pgm,0,train
${BOSSBASE_ROOT}\stego\HILL\0.4bpp\stego\7731.pgm,1,train
${BOSSBASE_ROOT}\cover\3762.pgm,0,train
${BOSSBASE_ROOT}\cover\1129.pgm,0,train
${BOSSBASE_ROOT}\cover\1157.pgm,0,train
${BOSSBASE_ROOT}\stego\HILL\0.4bpp\stego\4698.pgm,1,train
${BOSSBASE_ROOT}\cover\1565.pgm,0,train
${BOSSBASE_ROOT}\cover\6994.pgm,0,train
${BOSSBASE_ROOT}\stego\HILL\0.4bpp\stego\220.pgm,1,train
${BOSSBASE_ROOT}\cover\4813.pgm,0,train
${BOSSBASE_ROOT}\stego\HILL\0.4bpp\stego\1785.pgm,1,train
${BOSSBASE_ROOT}\stego\HILL\0.4bpp\stego\2015.pgm,1,train
${BOSSBASE_ROOT}\cover\2604.pgm,0,train
${BOSSBASE_ROOT}\cover\8916.pgm,0,train
${BOSSBASE_ROOT}\cover\1493.pgm,0,train
${BOSSBASE_ROOT}\stego\HILL\0.4bpp\stego\3123.pgm,1,train
${BOSSBASE_ROOT}\stego\HILL\0.4bpp\stego\8220.pgm,1,train
${BOSSBASE_ROOT}\cover\8270.pgm,0,train
${BOSSBASE_ROOT}\stego\HILL\0.4bpp\stego\8522.pgm,1,train
${BOSSBASE_ROOT}\stego\HILL\0.4bpp\stego\2142.pgm,1,train
${BOSSBASE_ROOT}\cover\2642.pgm,0,train
${BOSSBASE_ROOT}\cover\7580.pgm,0,train
${BOSSBASE_ROOT}\cover\7889.pgm,0,train
${BOSSBASE_ROOT}\stego\HILL\0.4bpp\stego\2714.pgm,1,train
${BOSSBASE_ROOT}\cover\1259.pgm,0,train
${BOSSBASE_ROOT}\stego\HILL\0.4bpp\stego\9639.pgm,1,train
${BOSSBASE_ROOT}\stego\HILL\0.4bpp\stego\1449.pgm,1,train
${BOSSBASE_ROOT}\stego\HILL\0.4bpp\stego\4406.pgm,1,train
${BOSSBASE_ROOT}\cover\4840.pgm,0,train
${BOSSBASE_ROOT}\cover\788.pgm,0,train
${BOSSBASE_ROOT}\stego\HILL\0.4bpp\stego\8623.pgm,1,train
${BOSSBASE_ROOT}\stego\HILL\0.4bpp\stego\2718.pgm,1,train
${BOSSBASE_ROOT}\stego\HILL\0.4bpp\stego\3972.pgm,1,train
${BOSSBASE_ROOT}\stego\HILL\0.4bpp\stego\786.pgm,1,train
${BOSSBASE_ROOT}\cover\128.pgm,0,train
${BOSSBASE_ROOT}\cover\2438.pgm,0,train
${BOSSBASE_ROOT}\stego\HILL\0.4bpp\stego\7563.pgm,1,train
${BOSSBASE_ROOT}\cover\6930.pgm,0,train
${BOSSBASE_ROOT}\cover\3227.pgm,0,train
${BOSSBASE_ROOT}\cover\6828.pgm,0,train
${BOSSBASE_ROOT}\cover\5497.pgm,0,train
${BOSSBASE_ROOT}\stego\HILL\0.4bpp\stego\711.pgm,1,train
${BOSSBASE_ROOT}\cover\999.pgm,0,train
${BOSSBASE_ROOT}\cover\4015.pgm,0,train
${BOSSBASE_ROOT}\stego\HILL\0.4bpp\stego\2260.pgm,1,train
${BOSSBASE_ROOT}\stego\HILL\0.4bpp\stego\3037.pgm,1,train
${BOSSBASE_ROOT}\cover\456.pgm,0,train
${BOSSBASE_ROOT}\stego\HILL\0.4bpp\stego\2419.pgm,1,train
${BOSSBASE_ROOT}\stego\HILL\0.4bpp\stego\3573.pgm,1,train
${BOSSBASE_ROOT}\stego\HILL\0.4bpp\stego\2963.pgm,1,train
${BOSSBASE_ROOT}\cover\7477.pgm,0,train
${BOSSBASE_ROOT}\cover\1015.pgm,0,train
${BOSSBASE_ROOT}\stego\HILL\0.4bpp\stego\221.pgm,1,train
${BOSSBASE_ROOT}\stego\HILL\0.4bpp\stego\5087.pgm,1,train
${BOSSBASE_ROOT}\stego\HILL\0.4bpp\stego\6119.pgm,1,train
${BOSSBASE_ROOT}\cover\7399.pgm,0,train
${BOSSBASE_ROOT}\stego\HILL\0.4bpp\stego\1686.pgm,1,train
${BOSSBASE_ROOT}\cover\6917.pgm,0,train
${BOSSBASE_ROOT}\cover\1100.pgm,0,train
${BOSSBASE_ROOT}\cover\3708.pgm,0,train
${BOSSBASE_ROOT}\cover\2414.pgm,0,train
${BOSSBASE_ROOT}\stego\HILL\0.4bpp\stego\7397.pgm,1,train
${BOSSBASE_ROOT}\stego\HILL\0.4bpp\stego\3786.pgm,1,train
${BOSSBASE_ROOT}\stego\HILL\0.4bpp\stego\4036.pgm,1,train
${BOSSBASE_ROOT}\cover\8848.pgm,0,train
${BOSSBASE_ROOT}\stego\HILL\0.4bpp\stego\2670.pgm,1,train
${BOSSBASE_ROOT}\stego\HILL\0.4bpp\stego\3013.pgm,1,train
${BOSSBASE_ROOT}\stego\HILL\0.4bpp\stego\3991.pgm,1,train
${BOSSBASE_ROOT}\stego\HILL\0.4bpp\stego\6132.pgm,1,train
${BOSSBASE_ROOT}\stego\HILL\0.4bpp\stego\6283.pgm,1,train
${BOSSBASE_ROOT}\stego\HILL\0.4bpp\stego\4150.pgm,1,train
${BOSSBASE_ROOT}\stego\HILL\0.4bpp\stego\8854.pgm,1,train
${BOSSBASE_ROOT}\cover\6406.pgm,0,train
${BOSSBASE_ROOT}\cover\8971.pgm,0,train
${BOSSBASE_ROOT}\cover\3280.pgm,0,train
${BOSSBASE_ROOT}\stego\HILL\0.4bpp\stego\6573.pgm,1,train
${BOSSBASE_ROOT}\stego\HILL\0.4bpp\stego\3295.pgm,1,train
${BOSSBASE_ROOT}\stego\HILL\0.4bpp\stego\8551.pgm,1,train
${BOSSBASE_ROOT}\stego\HILL\0.4bpp\stego\2075.pgm,1,train
${BOSSBASE_ROOT}\cover\2240.pgm,0,train
${BOSSBASE_ROOT}\stego\HILL\0.4bpp\stego\5853.pgm,1,train
${BOSSBASE_ROOT}\stego\HILL\0.4bpp\stego\3695.pgm,1,train
${BOSSBASE_ROOT}\stego\HILL\0.4bpp\stego\5824.pgm,1,train
${BOSSBASE_ROOT}\cover\9725.pgm,0,train
${BOSSBASE_ROOT}\stego\HILL\0.4bpp\stego\7598.pgm,1,train
${BOSSBASE_ROOT}\stego\HILL\0.4bpp\stego\1661.pgm,1,train
${BOSSBASE_ROOT}\cover\5794.pgm,0,train
${BOSSBASE_ROOT}\cover\8535.pgm,0,train
${BOSSBASE_ROOT}\stego\HILL\0.4bpp\stego\4809.pgm,1,train
${BOSSBASE_ROOT}\cover\5910.pgm,0,train
${BOSSBASE_ROOT}\cover\91.pgm,0,train
${BOSSBASE_ROOT}\stego\HILL\0.4bpp\stego\4371.pgm,1,train
${BOSSBASE_ROOT}\stego\HILL\0.4bpp\stego\7737.pgm,1,train
${BOSSBASE_ROOT}\cover\1429.pgm,0,train
${BOSSBASE_ROOT}\cover\5206.pgm,0,train
${BOSSBASE_ROOT}\cover\9074.pgm,0,train
${BOSSBASE_ROOT}\stego\HILL\0.4bpp\stego\1024.pgm,1,train
${BOSSBASE_ROOT}\stego\HILL\0.4bpp\stego\487.pgm,1,train
${BOSSBASE_ROOT}\cover\9338.pgm,0,train
${BOSSBASE_ROOT}\cover\3807.pgm,0,train
${BOSSBASE_ROOT}\cover\1587.pgm,0,train
${BOSSBASE_ROOT}\stego\HILL\0.4bpp\stego\4895.pgm,1,train
${BOSSBASE_ROOT}\stego\HILL\0.4bpp\stego\2099.pgm,1,train
${BOSSBASE_ROOT}\cover\6317.pgm,0,train
${BOSSBASE_ROOT}\cover\7341.pgm,0,train
${BOSSBASE_ROOT}\cover\4568.pgm,0,train
${BOSSBASE_ROOT}\cover\1399.pgm,0,train
${BOSSBASE_ROOT}\stego\HILL\0.4bpp\stego\2688.pgm,1,train
${BOSSBASE_ROOT}\stego\HILL\0.4bpp\stego\7836.pgm,1,train
${BOSSBASE_ROOT}\cover\76.pgm,0,train
${BOSSBASE_ROOT}\stego\HILL\0.4bpp\stego\7937.pgm,1,train
${BOSSBASE_ROOT}\stego\HILL\0.4bpp\stego\8441.pgm,1,train
${BOSSBASE_ROOT}\stego\HILL\0.4bpp\stego\6759.pgm,1,train
${BOSSBASE_ROOT}\stego\HILL\0.4bpp\stego\7822.pgm,1,train
${BOSSBASE_ROOT}\stego\HILL\0.4bpp\stego\9175.pgm,1,train
${BOSSBASE_ROOT}\stego\HILL\0.4bpp\stego\5617.pgm,1,train
${BOSSBASE_ROOT}\cover\6921.pgm,0,train
${BOSSBASE_ROOT}\cover\8767.pgm,0,train
${BOSSBASE_ROOT}\cover\115.pgm,0,train
${BOSSBASE_ROOT}\cover\8395.pgm,0,train
${BOSSBASE_ROOT}\cover\7115.pgm,0,train
${BOSSBASE_ROOT}\cover\5361.pgm,0,train
${BOSSBASE_ROOT}\stego\HILL\0.4bpp\stego\5322.pgm,1,train
${BOSSBASE_ROOT}\cover\7214.pgm,0,train
${BOSSBASE_ROOT}\stego\HILL\0.4bpp\stego\8462.pgm,1,train
${BOSSBASE_ROOT}\stego\HILL\0.4bpp\stego\5311.pgm,1,train
${BOSSBASE_ROOT}\stego\HILL\0.4bpp\stego\418.pgm,1,train
${BOSSBASE_ROOT}\stego\HILL\0.4bpp\stego\1126.pgm,1,train
${BOSSBASE_ROOT}\cover\8305.pgm,0,train
${BOSSBASE_ROOT}\cover\6652.pgm,0,train
${BOSSBASE_ROOT}\cover\7723.pgm,0,train
${BOSSBASE_ROOT}\cover\4683.pgm,0,train
${BOSSBASE_ROOT}\stego\HILL\0.4bpp\stego\1824.pgm,1,train
${BOSSBASE_ROOT}\stego\HILL\0.4bpp\stego\7045.pgm,1,train
${BOSSBASE_ROOT}\cover\9544.pgm,0,train
${BOSSBASE_ROOT}\cover\3563.pgm,0,train
${BOSSBASE_ROOT}\cover\4225.pgm,0,train
${BOSSBASE_ROOT}\cover\1608.pgm,0,train
${BOSSBASE_ROOT}\cover\2379.pgm,0,train
${BOSSBASE_ROOT}\cover\5430.pgm,0,train
${BOSSBASE_ROOT}\stego\HILL\0.4bpp\stego\3962.pgm,1,train
${BOSSBASE_ROOT}\stego\HILL\0.4bpp\stego\3553.pgm,1,train
${BOSSBASE_ROOT}\stego\HILL\0.4bpp\stego\2205.pgm,1,train
${BOSSBASE_ROOT}\stego\HILL\0.4bpp\stego\5945.pgm,1,train
${BOSSBASE_ROOT}\cover\1207.pgm,0,train
${BOSSBASE_ROOT}\cover\9016.pgm,0,train
${BOSSBASE_ROOT}\cover\7435.pgm,0,train
${BOSSBASE_ROOT}\cover\3045.pgm,0,train
${BOSSBASE_ROOT}\cover\100.pgm,0,train
${BOSSBASE_ROOT}\stego\HILL\0.4bpp\stego\420.pgm,1,train
${BOSSBASE_ROOT}\stego\HILL\0.4bpp\stego\2197.pgm,1,train
${BOSSBASE_ROOT}\cover\9780.pgm,0,train
${BOSSBASE_ROOT}\stego\HILL\0.4bpp\stego\6101.pgm,1,train
${BOSSBASE_ROOT}\cover\6822.pgm,0,train
${BOSSBASE_ROOT}\cover\6966.pgm,0,train
${BOSSBASE_ROOT}\cover\9947.pgm,0,train
${BOSSBASE_ROOT}\cover\8408.pgm,0,train
${BOSSBASE_ROOT}\cover\4288.pgm,0,train
${BOSSBASE_ROOT}\stego\HILL\0.4bpp\stego\4361.pgm,1,train
${BOSSBASE_ROOT}\stego\HILL\0.4bpp\stego\5862.pgm,1,train
${BOSSBASE_ROOT}\stego\HILL\0.4bpp\stego\8465.pgm,1,train
${BOSSBASE_ROOT}\stego\HILL\0.4bpp\stego\60.pgm,1,train
${BOSSBASE_ROOT}\stego\HILL\0.4bpp\stego\2005.pgm,1,train
${BOSSBASE_ROOT}\cover\7092.pgm,0,train
${BOSSBASE_ROOT}\stego\HILL\0.4bpp\stego\7816.pgm,1,train
${BOSSBASE_ROOT}\stego\HILL\0.4bpp\stego\1157.pgm,1,train
${BOSSBASE_ROOT}\stego\HILL\0.4bpp\stego\2409.pgm,1,train
${BOSSBASE_ROOT}\stego\HILL\0.4bpp\stego\144.pgm,1,train
${BOSSBASE_ROOT}\cover\8639.pgm,0,train
${BOSSBASE_ROOT}\cover\1496.pgm,0,train
${BOSSBASE_ROOT}\cover\6714.pgm,0,train
${BOSSBASE_ROOT}\stego\HILL\0.4bpp\stego\5523.pgm,1,train
${BOSSBASE_ROOT}\cover\6674.pgm,0,train
${BOSSBASE_ROOT}\stego\HILL\0.4bpp\stego\644.pgm,1,train
${BOSSBASE_ROOT}\cover\5814.pgm,0,train
${BOSSBASE_ROOT}\cover\2563.pgm,0,train
${BOSSBASE_ROOT}\stego\HILL\0.4bpp\stego\5632.pgm,1,train
${BOSSBASE_ROOT}\stego\HILL\0.4bpp\stego\5718.pgm,1,train
${BOSSBASE_ROOT}\cover\2315.pgm,0,train
${BOSSBASE_ROOT}\cover\7016.pgm,0,train
${BOSSBASE_ROOT}\stego\HILL\0.4bpp\stego\5274.pgm,1,train
${BOSSBASE_ROOT}\stego\HILL\0.4bpp\stego\7062.pgm,1,train
${BOSSBASE_ROOT}\stego\HILL\0.4bpp\stego\9265.pgm,1,train
${BOSSBASE_ROOT}\stego\HILL\0.4bpp\stego\9767.pgm,1,train
${BOSSBASE_ROOT}\cover\8038.pgm,0,train
${BOSSBASE_ROOT}\stego\HILL\0.4bpp\stego\2172.pgm,1,train
${BOSSBASE_ROOT}\cover\4332.pgm,0,train
${BOSSBASE_ROOT}\cover\9650.pgm,0,train
${BOSSBASE_ROOT}\cover\1232.pgm,0,train
${BOSSBASE_ROOT}\cover\5276.pgm,0,train
${BOSSBASE_ROOT}\cover\4619.pgm,0,train
${BOSSBASE_ROOT}\stego\HILL\0.4bpp\stego\6541.pgm,1,train
${BOSSBASE_ROOT}\cover\4310.pgm,0,train
${BOSSBASE_ROOT}\stego\HILL\0.4bpp\stego\9953.pgm,1,train
${BOSSBASE_ROOT}\cover\9877.pgm,0,train
${BOSSBASE_ROOT}\cover\2946.pgm,0,train
${BOSSBASE_ROOT}\cover\8622.pgm,0,train
${BOSSBASE_ROOT}\stego\HILL\0.4bpp\stego\6703.pgm,1,train
${BOSSBASE_ROOT}\cover\9048.pgm,0,train
${BOSSBASE_ROOT}\cover\9813.pgm,0,train
${BOSSBASE_ROOT}\stego\HILL\0.4bpp\stego\2148.pgm,1,train
${BOSSBASE_ROOT}\stego\HILL\0.4bpp\stego\5806.pgm,1,train
${BOSSBASE_ROOT}\cover\3038.pgm,0,train
${BOSSBASE_ROOT}\cover\6031.pgm,0,train
${BOSSBASE_ROOT}\cover\9963.pgm,0,train
${BOSSBASE_ROOT}\stego\HILL\0.4bpp\stego\7529.pgm,1,train
${BOSSBASE_ROOT}\stego\HILL\0.4bpp\stego\8124.pgm,1,train
${BOSSBASE_ROOT}\cover\6927.pgm,0,train
${BOSSBASE_ROOT}\stego\HILL\0.4bpp\stego\6214.pgm,1,train
${BOSSBASE_ROOT}\cover\7932.pgm,0,train
${BOSSBASE_ROOT}\cover\9473.pgm,0,train
${BOSSBASE_ROOT}\cover\1007.pgm,0,train
${BOSSBASE_ROOT}\cover\1891.pgm,0,train
${BOSSBASE_ROOT}\cover\7159.pgm,0,train
${BOSSBASE_ROOT}\cover\2993.pgm,0,train
${BOSSBASE_ROOT}\stego\HILL\0.4bpp\stego\6028.pgm,1,train
${BOSSBASE_ROOT}\cover\8841.pgm,0,train
${BOSSBASE_ROOT}\cover\3682.pgm,0,train
${BOSSBASE_ROOT}\cover\9972.pgm,0,train
${BOSSBASE_ROOT}\stego\HILL\0.4bpp\stego\3434.pgm,1,train
${BOSSBASE_ROOT}\cover\7997.pgm,0,train
${BOSSBASE_ROOT}\cover\9828.pgm,0,train
${BOSSBASE_ROOT}\stego\HILL\0.4bpp\stego\6972.pgm,1,train
${BOSSBASE_ROOT}\stego\HILL\0.4bpp\stego\5608.pgm,1,train
${BOSSBASE_ROOT}\cover\291.pgm,0,train
${BOSSBASE_ROOT}\cover\620.pgm,0,train
${BOSSBASE_ROOT}\stego\HILL\0.4bpp\stego\1239.pgm,1,train
${BOSSBASE_ROOT}\cover\9801.pgm,0,train
${BOSSBASE_ROOT}\stego\HILL\0.4bpp\stego\285.pgm,1,train
${BOSSBASE_ROOT}\stego\HILL\0.4bpp\stego\6815.pgm,1,train
${BOSSBASE_ROOT}\stego\HILL\0.4bpp\stego\33.pgm,1,train
${BOSSBASE_ROOT}\stego\HILL\0.4bpp\stego\7538.pgm,1,train
${BOSSBASE_ROOT}\stego\HILL\0.4bpp\stego\2651.pgm,1,train
${BOSSBASE_ROOT}\stego\HILL\0.4bpp\stego\1812.pgm,1,train
${BOSSBASE_ROOT}\stego\HILL\0.4bpp\stego\1315.pgm,1,train
${BOSSBASE_ROOT}\stego\HILL\0.4bpp\stego\6220.pgm,1,train
${BOSSBASE_ROOT}\stego\HILL\0.4bpp\stego\9140.pgm,1,train
${BOSSBASE_ROOT}\cover\5277.pgm,0,train
${BOSSBASE_ROOT}\stego\HILL\0.4bpp\stego\2255.pgm,1,train
${BOSSBASE_ROOT}\stego\HILL\0.4bpp\stego\4518.pgm,1,train
${BOSSBASE_ROOT}\cover\9724.pgm,0,train
${BOSSBASE_ROOT}\cover\7384.pgm,0,train
${BOSSBASE_ROOT}\stego\HILL\0.4bpp\stego\3994.pgm,1,train
${BOSSBASE_ROOT}\stego\HILL\0.4bpp\stego\8159.pgm,1,train
${BOSSBASE_ROOT}\cover\7777.pgm,0,train
${BOSSBASE_ROOT}\cover\5803.pgm,0,train
${BOSSBASE_ROOT}\cover\4361.pgm,0,train
${BOSSBASE_ROOT}\stego\HILL\0.4bpp\stego\673.pgm,1,train
${BOSSBASE_ROOT}\cover\653.pgm,0,train
${BOSSBASE_ROOT}\stego\HILL\0.4bpp\stego\5163.pgm,1,train
${BOSSBASE_ROOT}\cover\6684.pgm,0,train
${BOSSBASE_ROOT}\stego\HILL\0.4bpp\stego\9837.pgm,1,train
${BOSSBASE_ROOT}\stego\HILL\0.4bpp\stego\5044.pgm,1,train
${BOSSBASE_ROOT}\stego\HILL\0.4bpp\stego\7939.pgm,1,train
${BOSSBASE_ROOT}\cover\1235.pgm,0,train
${BOSSBASE_ROOT}\stego\HILL\0.4bpp\stego\5219.pgm,1,train
${BOSSBASE_ROOT}\stego\HILL\0.4bpp\stego\3914.pgm,1,train
${BOSSBASE_ROOT}\stego\HILL\0.4bpp\stego\963.pgm,1,train
${BOSSBASE_ROOT}\stego\HILL\0.4bpp\stego\456.pgm,1,train
${BOSSBASE_ROOT}\stego\HILL\0.4bpp\stego\1098.pgm,1,train
${BOSSBASE_ROOT}\cover\9259.pgm,0,train
${BOSSBASE_ROOT}\cover\9477.pgm,0,train
${BOSSBASE_ROOT}\cover\2966.pgm,0,train
${BOSSBASE_ROOT}\cover\4255.pgm,0,train
${BOSSBASE_ROOT}\stego\HILL\0.4bpp\stego\22.pgm,1,train
${BOSSBASE_ROOT}\cover\644.pgm,0,train
${BOSSBASE_ROOT}\stego\HILL\0.4bpp\stego\9365.pgm,1,train
${BOSSBASE_ROOT}\cover\8984.pgm,0,train
${BOSSBASE_ROOT}\cover\974.pgm,0,train
${BOSSBASE_ROOT}\cover\1871.pgm,0,train
${BOSSBASE_ROOT}\stego\HILL\0.4bpp\stego\8054.pgm,1,train
${BOSSBASE_ROOT}\stego\HILL\0.4bpp\stego\2116.pgm,1,train
${BOSSBASE_ROOT}\cover\1516.pgm,0,train
${BOSSBASE_ROOT}\stego\HILL\0.4bpp\stego\8280.pgm,1,train
${BOSSBASE_ROOT}\cover\8669.pgm,0,train
${BOSSBASE_ROOT}\stego\HILL\0.4bpp\stego\2554.pgm,1,train
${BOSSBASE_ROOT}\cover\5349.pgm,0,train
${BOSSBASE_ROOT}\stego\HILL\0.4bpp\stego\9646.pgm,1,train
${BOSSBASE_ROOT}\stego\HILL\0.4bpp\stego\9169.pgm,1,train
${BOSSBASE_ROOT}\cover\4458.pgm,0,train
${BOSSBASE_ROOT}\cover\7688.pgm,0,train
${BOSSBASE_ROOT}\cover\1792.pgm,0,train
${BOSSBASE_ROOT}\cover\2774.pgm,0,train
${BOSSBASE_ROOT}\cover\9772.pgm,0,train
${BOSSBASE_ROOT}\cover\5429.pgm,0,train
${BOSSBASE_ROOT}\stego\HILL\0.4bpp\stego\5022.pgm,1,train
${BOSSBASE_ROOT}\cover\6286.pgm,0,train
${BOSSBASE_ROOT}\stego\HILL\0.4bpp\stego\735.pgm,1,train
${BOSSBASE_ROOT}\cover\3854.pgm,0,train
${BOSSBASE_ROOT}\stego\HILL\0.4bpp\stego\3252.pgm,1,train
${BOSSBASE_ROOT}\cover\6581.pgm,0,train
${BOSSBASE_ROOT}\cover\5183.pgm,0,train
${BOSSBASE_ROOT}\cover\3566.pgm,0,train
${BOSSBASE_ROOT}\stego\HILL\0.4bpp\stego\2018.pgm,1,train
${BOSSBASE_ROOT}\cover\8752.pgm,0,train
${BOSSBASE_ROOT}\cover\1697.pgm,0,train
${BOSSBASE_ROOT}\cover\8548.pgm,0,train
${BOSSBASE_ROOT}\stego\HILL\0.4bpp\stego\5329.pgm,1,train
${BOSSBASE_ROOT}\stego\HILL\0.4bpp\stego\5404.pgm,1,train
${BOSSBASE_ROOT}\cover\3630.pgm,0,train
${BOSSBASE_ROOT}\stego\HILL\0.4bpp\stego\772.pgm,1,train
${BOSSBASE_ROOT}\cover\292.pgm,0,train
${BOSSBASE_ROOT}\stego\HILL\0.4bpp\stego\1248.pgm,1,train
${BOSSBASE_ROOT}\stego\HILL\0.4bpp\stego\8697.pgm,1,train
${BOSSBASE_ROOT}\stego\HILL\0.4bpp\stego\6434.pgm,1,train
${BOSSBASE_ROOT}\stego\HILL\0.4bpp\stego\1732.pgm,1,train
${BOSSBASE_ROOT}\cover\3499.pgm,0,train
${BOSSBASE_ROOT}\stego\HILL\0.4bpp\stego\5516.pgm,1,train
${BOSSBASE_ROOT}\cover\3185.pgm,0,train
${BOSSBASE_ROOT}\stego\HILL\0.4bpp\stego\1813.pgm,1,train
${BOSSBASE_ROOT}\cover\4772.pgm,0,train
${BOSSBASE_ROOT}\stego\HILL\0.4bpp\stego\50.pgm,1,train
${BOSSBASE_ROOT}\cover\1202.pgm,0,train
${BOSSBASE_ROOT}\stego\HILL\0.4bpp\stego\3154.pgm,1,train
${BOSSBASE_ROOT}\stego\HILL\0.4bpp\stego\515.pgm,1,train
${BOSSBASE_ROOT}\cover\9557.pgm,0,train
${BOSSBASE_ROOT}\cover\8507.pgm,0,train
${BOSSBASE_ROOT}\cover\1603.pgm,0,train
${BOSSBASE_ROOT}\stego\HILL\0.4bpp\stego\6193.pgm,1,train
${BOSSBASE_ROOT}\cover\2888.pgm,0,train
${BOSSBASE_ROOT}\stego\HILL\0.4bpp\stego\9288.pgm,1,train
${BOSSBASE_ROOT}\stego\HILL\0.4bpp\stego\3737.pgm,1,train
${BOSSBASE_ROOT}\stego\HILL\0.4bpp\stego\6944.pgm,1,train
${BOSSBASE_ROOT}\cover\4855.pgm,0,train
${BOSSBASE_ROOT}\stego\HILL\0.4bpp\stego\1876.pgm,1,train
${BOSSBASE_ROOT}\stego\HILL\0.4bpp\stego\275.pgm,1,train
${BOSSBASE_ROOT}\stego\HILL\0.4bpp\stego\498.pgm,1,train
${BOSSBASE_ROOT}\stego\HILL\0.4bpp\stego\3453.pgm,1,train
${BOSSBASE_ROOT}\cover\7296.pgm,0,train
${BOSSBASE_ROOT}\stego\HILL\0.4bpp\stego\370.pgm,1,train
${BOSSBASE_ROOT}\cover\7748.pgm,0,train
${BOSSBASE_ROOT}\cover\4186.pgm,0,train
${BOSSBASE_ROOT}\stego\HILL\0.4bpp\stego\5781.pgm,1,train
${BOSSBASE_ROOT}\stego\HILL\0.4bpp\stego\2399.pgm,1,train
${BOSSBASE_ROOT}\cover\2091.pgm,0,train
${BOSSBASE_ROOT}\cover\2829.pgm,0,train
${BOSSBASE_ROOT}\stego\HILL\0.4bpp\stego\8729.pgm,1,train
${BOSSBASE_ROOT}\stego\HILL\0.4bpp\stego\4177.pgm,1,train
${BOSSBASE_ROOT}\cover\4531.pgm,0,train
${BOSSBASE_ROOT}\stego\HILL\0.4bpp\stego\3960.pgm,1,train
${BOSSBASE_ROOT}\stego\HILL\0.4bpp\stego\8609.pgm,1,train
${BOSSBASE_ROOT}\stego\HILL\0.4bpp\stego\3563.pgm,1,train
${BOSSBASE_ROOT}\cover\2755.pgm,0,train
${BOSSBASE_ROOT}\cover\2535.pgm,0,train
${BOSSBASE_ROOT}\cover\6670.pgm,0,train
${BOSSBASE_ROOT}\stego\HILL\0.4bpp\stego\3519.pgm,1,train
${BOSSBASE_ROOT}\stego\HILL\0.4bpp\stego\6629.pgm,1,train
${BOSSBASE_ROOT}\stego\HILL\0.4bpp\stego\5419.pgm,1,train
${BOSSBASE_ROOT}\cover\7793.pgm,0,train
${BOSSBASE_ROOT}\cover\751.pgm,0,train
${BOSSBASE_ROOT}\stego\HILL\0.4bpp\stego\7825.pgm,1,train
${BOSSBASE_ROOT}\stego\HILL\0.4bpp\stego\4989.pgm,1,train
${BOSSBASE_ROOT}\stego\HILL\0.4bpp\stego\7000.pgm,1,train
${BOSSBASE_ROOT}\cover\4248.pgm,0,train
${BOSSBASE_ROOT}\stego\HILL\0.4bpp\stego\6817.pgm,1,train
${BOSSBASE_ROOT}\cover\5096.pgm,0,train
${BOSSBASE_ROOT}\cover\4067.pgm,0,train
${BOSSBASE_ROOT}\stego\HILL\0.4bpp\stego\6022.pgm,1,train
${BOSSBASE_ROOT}\cover\5944.pgm,0,train
${BOSSBASE_ROOT}\cover\1108.pgm,0,train
${BOSSBASE_ROOT}\stego\HILL\0.4bpp\stego\2177.pgm,1,train
${BOSSBASE_ROOT}\cover\8358.pgm,0,train
${BOSSBASE_ROOT}\cover\5479.pgm,0,train
${BOSSBASE_ROOT}\stego\HILL\0.4bpp\stego\8006.pgm,1,train
${BOSSBASE_ROOT}\stego\HILL\0.4bpp\stego\9521.pgm,1,train
${BOSSBASE_ROOT}\cover\1935.pgm,0,train
${BOSSBASE_ROOT}\stego\HILL\0.4bpp\stego\298.pgm,1,train
${BOSSBASE_ROOT}\cover\9812.pgm,0,train
${BOSSBASE_ROOT}\cover\8682.pgm,0,train
${BOSSBASE_ROOT}\stego\HILL\0.4bpp\stego\2055.pgm,1,train
${BOSSBASE_ROOT}\cover\1172.pgm,0,train
${BOSSBASE_ROOT}\cover\9251.pgm,0,train
${BOSSBASE_ROOT}\stego\HILL\0.4bpp\stego\1378.pgm,1,train
${BOSSBASE_ROOT}\stego\HILL\0.4bpp\stego\1447.pgm,1,train
${BOSSBASE_ROOT}\stego\HILL\0.4bpp\stego\4084.pgm,1,train
${BOSSBASE_ROOT}\cover\3028.pgm,0,train
${BOSSBASE_ROOT}\stego\HILL\0.4bpp\stego\3808.pgm,1,train
${BOSSBASE_ROOT}\stego\HILL\0.4bpp\stego\3765.pgm,1,train
${BOSSBASE_ROOT}\cover\654.pgm,0,train
${BOSSBASE_ROOT}\stego\HILL\0.4bpp\stego\9419.pgm,1,train
${BOSSBASE_ROOT}\stego\HILL\0.4bpp\stego\4899.pgm,1,train
${BOSSBASE_ROOT}\cover\8303.pgm,0,train
${BOSSBASE_ROOT}\cover\7181.pgm,0,train
${BOSSBASE_ROOT}\cover\6972.pgm,0,train
${BOSSBASE_ROOT}\stego\HILL\0.4bpp\stego\1634.pgm,1,train
${BOSSBASE_ROOT}\stego\HILL\0.4bpp\stego\2420.pgm,1,train
${BOSSBASE_ROOT}\cover\440.pgm,0,train
${BOSSBASE_ROOT}\cover\1097.pgm,0,train
${BOSSBASE_ROOT}\cover\6003.pgm,0,train
${BOSSBASE_ROOT}\stego\HILL\0.4bpp\stego\5047.pgm,1,train
${BOSSBASE_ROOT}\cover\2543.pgm,0,train
${BOSSBASE_ROOT}\stego\HILL\0.4bpp\stego\9640.pgm,1,train
${BOSSBASE_ROOT}\stego\HILL\0.4bpp\stego\8214.pgm,1,train
${BOSSBASE_ROOT}\stego\HILL\0.4bpp\stego\3004.pgm,1,train
${BOSSBASE_ROOT}\stego\HILL\0.4bpp\stego\6840.pgm,1,train
${BOSSBASE_ROOT}\stego\HILL\0.4bpp\stego\6150.pgm,1,train
${BOSSBASE_ROOT}\stego\HILL\0.4bpp\stego\7695.pgm,1,train
${BOSSBASE_ROOT}\cover\6475.pgm,0,train
${BOSSBASE_ROOT}\stego\HILL\0.4bpp\stego\9820.pgm,1,train
${BOSSBASE_ROOT}\stego\HILL\0.4bpp\stego\4856.pgm,1,train
${BOSSBASE_ROOT}\cover\375.pgm,0,train
${BOSSBASE_ROOT}\cover\9927.pgm,0,train
${BOSSBASE_ROOT}\stego\HILL\0.4bpp\stego\7377.pgm,1,train
${BOSSBASE_ROOT}\cover\2323.pgm,0,train
${BOSSBASE_ROOT}\stego\HILL\0.4bpp\stego\5634.pgm,1,train
${BOSSBASE_ROOT}\cover\2618.pgm,0,train
${BOSSBASE_ROOT}\stego\HILL\0.4bpp\stego\4410.pgm,1,train
${BOSSBASE_ROOT}\cover\3956.pgm,0,train
${BOSSBASE_ROOT}\stego\HILL\0.4bpp\stego\9546.pgm,1,train
${BOSSBASE_ROOT}\cover\3594.pgm,0,train
${BOSSBASE_ROOT}\stego\HILL\0.4bpp\stego\401.pgm,1,train
${BOSSBASE_ROOT}\cover\5514.pgm,0,train
${BOSSBASE_ROOT}\cover\7726.pgm,0,train
${BOSSBASE_ROOT}\stego\HILL\0.4bpp\stego\4099.pgm,1,train
${BOSSBASE_ROOT}\stego\HILL\0.4bpp\stego\8968.pgm,1,train
${BOSSBASE_ROOT}\cover\4400.pgm,0,train
${BOSSBASE_ROOT}\cover\1401.pgm,0,train
${BOSSBASE_ROOT}\stego\HILL\0.4bpp\stego\2219.pgm,1,train
${BOSSBASE_ROOT}\stego\HILL\0.4bpp\stego\9830.pgm,1,train
${BOSSBASE_ROOT}\stego\HILL\0.4bpp\stego\8378.pgm,1,train
${BOSSBASE_ROOT}\stego\HILL\0.4bpp\stego\4354.pgm,1,train
${BOSSBASE_ROOT}\cover\6746.pgm,0,train
${BOSSBASE_ROOT}\cover\5776.pgm,0,train
${BOSSBASE_ROOT}\cover\6980.pgm,0,train
${BOSSBASE_ROOT}\stego\HILL\0.4bpp\stego\9176.pgm,1,train
${BOSSBASE_ROOT}\stego\HILL\0.4bpp\stego\4684.pgm,1,train
${BOSSBASE_ROOT}\cover\8428.pgm,0,train
${BOSSBASE_ROOT}\cover\1768.pgm,0,train
${BOSSBASE_ROOT}\stego\HILL\0.4bpp\stego\8898.pgm,1,train
${BOSSBASE_ROOT}\stego\HILL\0.4bpp\stego\2852.pgm,1,train
${BOSSBASE_ROOT}\cover\2885.pgm,0,train
${BOSSBASE_ROOT}\stego\HILL\0.4bpp\stego\203.pgm,1,train
${BOSSBASE_ROOT}\cover\2233.pgm,0,train
${BOSSBASE_ROOT}\cover\3652.pgm,0,train
${BOSSBASE_ROOT}\cover\4038.pgm,0,train
${BOSSBASE_ROOT}\cover\8018.pgm,0,train
${BOSSBASE_ROOT}\stego\HILL\0.4bpp\stego\1048.pgm,1,train
${BOSSBASE_ROOT}\cover\6501.pgm,0,train
${BOSSBASE_ROOT}\stego\HILL\0.4bpp\stego\1306.pgm,1,train
${BOSSBASE_ROOT}\stego\HILL\0.4bpp\stego\6811.pgm,1,train
${BOSSBASE_ROOT}\stego\HILL\0.4bpp\stego\8891.pgm,1,train
${BOSSBASE_ROOT}\cover\6340.pgm,0,train
${BOSSBASE_ROOT}\stego\HILL\0.4bpp\stego\4499.pgm,1,train
${BOSSBASE_ROOT}\cover\3205.pgm,0,train
${BOSSBASE_ROOT}\stego\HILL\0.4bpp\stego\6666.pgm,1,train
${BOSSBASE_ROOT}\cover\2714.pgm,0,train
${BOSSBASE_ROOT}\cover\948.pgm,0,train
${BOSSBASE_ROOT}\stego\HILL\0.4bpp\stego\8513.pgm,1,train
${BOSSBASE_ROOT}\cover\4647.pgm,0,train
${BOSSBASE_ROOT}\stego\HILL\0.4bpp\stego\1520.pgm,1,train
${BOSSBASE_ROOT}\cover\8607.pgm,0,train
${BOSSBASE_ROOT}\stego\HILL\0.4bpp\stego\8799.pgm,1,train
${BOSSBASE_ROOT}\cover\7828.pgm,0,train
${BOSSBASE_ROOT}\stego\HILL\0.4bpp\stego\170.pgm,1,train
${BOSSBASE_ROOT}\stego\HILL\0.4bpp\stego\8451.pgm,1,train
${BOSSBASE_ROOT}\stego\HILL\0.4bpp\stego\7284.pgm,1,train
${BOSSBASE_ROOT}\stego\HILL\0.4bpp\stego\1608.pgm,1,train
${BOSSBASE_ROOT}\cover\4482.pgm,0,train
${BOSSBASE_ROOT}\cover\764.pgm,0,train
${BOSSBASE_ROOT}\cover\6933.pgm,0,train
${BOSSBASE_ROOT}\cover\6611.pgm,0,train
${BOSSBASE_ROOT}\stego\HILL\0.4bpp\stego\4167.pgm,1,train
${BOSSBASE_ROOT}\cover\4416.pgm,0,train
${BOSSBASE_ROOT}\stego\HILL\0.4bpp\stego\3657.pgm,1,train
${BOSSBASE_ROOT}\cover\2547.pgm,0,train
${BOSSBASE_ROOT}\stego\HILL\0.4bpp\stego\5731.pgm,1,train
${BOSSBASE_ROOT}\cover\9028.pgm,0,train
${BOSSBASE_ROOT}\stego\HILL\0.4bpp\stego\1561.pgm,1,train
${BOSSBASE_ROOT}\stego\HILL\0.4bpp\stego\5813.pgm,1,train
${BOSSBASE_ROOT}\stego\HILL\0.4bpp\stego\6178.pgm,1,train
${BOSSBASE_ROOT}\stego\HILL\0.4bpp\stego\6479.pgm,1,train
${BOSSBASE_ROOT}\cover\2189.pgm,0,train
${BOSSBASE_ROOT}\cover\8649.pgm,0,train
${BOSSBASE_ROOT}\stego\HILL\0.4bpp\stego\2013.pgm,1,train
${BOSSBASE_ROOT}\stego\HILL\0.4bpp\stego\1195.pgm,1,train
${BOSSBASE_ROOT}\cover\4846.pgm,0,train
${BOSSBASE_ROOT}\stego\HILL\0.4bpp\stego\271.pgm,1,train
${BOSSBASE_ROOT}\cover\9384.pgm,0,train
${BOSSBASE_ROOT}\stego\HILL\0.4bpp\stego\178.pgm,1,train
${BOSSBASE_ROOT}\stego\HILL\0.4bpp\stego\207.pgm,1,train
${BOSSBASE_ROOT}\stego\HILL\0.4bpp\stego\375.pgm,1,train
${BOSSBASE_ROOT}\stego\HILL\0.4bpp\stego\613.pgm,1,train
${BOSSBASE_ROOT}\cover\2299.pgm,0,train
${BOSSBASE_ROOT}\cover\3000.pgm,0,train
${BOSSBASE_ROOT}\stego\HILL\0.4bpp\stego\2098.pgm,1,train
${BOSSBASE_ROOT}\stego\HILL\0.4bpp\stego\2703.pgm,1,train
${BOSSBASE_ROOT}\cover\3600.pgm,0,train
${BOSSBASE_ROOT}\cover\844.pgm,0,train
${BOSSBASE_ROOT}\stego\HILL\0.4bpp\stego\2834.pgm,1,train
${BOSSBASE_ROOT}\stego\HILL\0.4bpp\stego\8273.pgm,1,train
${BOSSBASE_ROOT}\cover\4035.pgm,0,train
${BOSSBASE_ROOT}\cover\7812.pgm,0,train
${BOSSBASE_ROOT}\cover\4245.pgm,0,train
${BOSSBASE_ROOT}\cover\8828.pgm,0,train
${BOSSBASE_ROOT}\cover\6480.pgm,0,train
${BOSSBASE_ROOT}\cover\81.pgm,0,train
${BOSSBASE_ROOT}\stego\HILL\0.4bpp\stego\4297.pgm,1,train
${BOSSBASE_ROOT}\stego\HILL\0.4bpp\stego\8414.pgm,1,train
${BOSSBASE_ROOT}\stego\HILL\0.4bpp\stego\1397.pgm,1,train
${BOSSBASE_ROOT}\cover\4101.pgm,0,train
${BOSSBASE_ROOT}\stego\HILL\0.4bpp\stego\8343.pgm,1,train
${BOSSBASE_ROOT}\cover\4461.pgm,0,train
${BOSSBASE_ROOT}\cover\6148.pgm,0,train
${BOSSBASE_ROOT}\stego\HILL\0.4bpp\stego\8253.pgm,1,train
${BOSSBASE_ROOT}\stego\HILL\0.4bpp\stego\242.pgm,1,train
${BOSSBASE_ROOT}\cover\1988.pgm,0,train
${BOSSBASE_ROOT}\stego\HILL\0.4bpp\stego\95.pgm,1,train
${BOSSBASE_ROOT}\cover\5028.pgm,0,train
${BOSSBASE_ROOT}\stego\HILL\0.4bpp\stego\7630.pgm,1,train
${BOSSBASE_ROOT}\cover\6346.pgm,0,train
${BOSSBASE_ROOT}\stego\HILL\0.4bpp\stego\9218.pgm,1,train
${BOSSBASE_ROOT}\cover\8364.pgm,0,train
${BOSSBASE_ROOT}\cover\7066.pgm,0,train
${BOSSBASE_ROOT}\stego\HILL\0.4bpp\stego\5624.pgm,1,train
${BOSSBASE_ROOT}\stego\HILL\0.4bpp\stego\4939.pgm,1,train
${BOSSBASE_ROOT}\cover\221.pgm,0,train
${BOSSBASE_ROOT}\stego\HILL\0.4bpp\stego\3072.pgm,1,train
${BOSSBASE_ROOT}\stego\HILL\0.4bpp\stego\4673.pgm,1,train
${BOSSBASE_ROOT}\cover\5453.pgm,0,train
${BOSSBASE_ROOT}\cover\8398.pgm,0,train
${BOSSBASE_ROOT}\cover\8198.pgm,0,train
${BOSSBASE_ROOT}\stego\HILL\0.4bpp\stego\6660.pgm,1,train
${BOSSBASE_ROOT}\stego\HILL\0.4bpp\stego\8351.pgm,1,train
${BOSSBASE_ROOT}\cover\6421.pgm,0,train
${BOSSBASE_ROOT}\cover\2287.pgm,0,train
${BOSSBASE_ROOT}\cover\4938.pgm,0,train
${BOSSBASE_ROOT}\stego\HILL\0.4bpp\stego\2825.pgm,1,train
${BOSSBASE_ROOT}\stego\HILL\0.4bpp\stego\6671.pgm,1,train
${BOSSBASE_ROOT}\cover\5113.pgm,0,train
${BOSSBASE_ROOT}\stego\HILL\0.4bpp\stego\5345.pgm,1,train
${BOSSBASE_ROOT}\stego\HILL\0.4bpp\stego\5567.pgm,1,train
${BOSSBASE_ROOT}\stego\HILL\0.4bpp\stego\4401.pgm,1,train
${BOSSBASE_ROOT}\stego\HILL\0.4bpp\stego\1521.pgm,1,train
${BOSSBASE_ROOT}\stego\HILL\0.4bpp\stego\7523.pgm,1,train
${BOSSBASE_ROOT}\stego\HILL\0.4bpp\stego\7687.pgm,1,train
${BOSSBASE_ROOT}\stego\HILL\0.4bpp\stego\1468.pgm,1,train
${BOSSBASE_ROOT}\stego\HILL\0.4bpp\stego\1729.pgm,1,train
${BOSSBASE_ROOT}\cover\4001.pgm,0,train
${BOSSBASE_ROOT}\cover\6249.pgm,0,train
${BOSSBASE_ROOT}\stego\HILL\0.4bpp\stego\5037.pgm,1,train
${BOSSBASE_ROOT}\cover\7634.pgm,0,train
${BOSSBASE_ROOT}\stego\HILL\0.4bpp\stego\2901.pgm,1,train
${BOSSBASE_ROOT}\cover\2851.pgm,0,train
${BOSSBASE_ROOT}\cover\891.pgm,0,train
${BOSSBASE_ROOT}\stego\HILL\0.4bpp\stego\7453.pgm,1,train
${BOSSBASE_ROOT}\stego\HILL\0.4bpp\stego\7952.pgm,1,train
${BOSSBASE_ROOT}\cover\8884.pgm,0,train
${BOSSBASE_ROOT}\cover\4984.pgm,0,train
${BOSSBASE_ROOT}\cover\4735.pgm,0,train
${BOSSBASE_ROOT}\stego\HILL\0.4bpp\stego\5255.pgm,1,train
${BOSSBASE_ROOT}\cover\1126.pgm,0,train
${BOSSBASE_ROOT}\cover\599.pgm,0,train
${BOSSBASE_ROOT}\cover\8652.pgm,0,train
${BOSSBASE_ROOT}\cover\1214.pgm,0,train
${BOSSBASE_ROOT}\stego\HILL\0.4bpp\stego\4242.pgm,1,train
${BOSSBASE_ROOT}\stego\HILL\0.4bpp\stego\1108.pgm,1,train
${BOSSBASE_ROOT}\cover\124.pgm,0,train
${BOSSBASE_ROOT}\stego\HILL\0.4bpp\stego\9289.pgm,1,train
${BOSSBASE_ROOT}\stego\HILL\0.4bpp\stego\2889.pgm,1,train
${BOSSBASE_ROOT}\stego\HILL\0.4bpp\stego\2390.pgm,1,train
${BOSSBASE_ROOT}\stego\HILL\0.4bpp\stego\9129.pgm,1,train
${BOSSBASE_ROOT}\cover\2484.pgm,0,train
${BOSSBASE_ROOT}\stego\HILL\0.4bpp\stego\7267.pgm,1,train
${BOSSBASE_ROOT}\cover\264.pgm,0,train
${BOSSBASE_ROOT}\cover\7826.pgm,0,train
${BOSSBASE_ROOT}\cover\3030.pgm,0,train
${BOSSBASE_ROOT}\cover\1797.pgm,0,train
${BOSSBASE_ROOT}\cover\5667.pgm,0,train
${BOSSBASE_ROOT}\cover\194.pgm,0,train
${BOSSBASE_ROOT}\cover\172.pgm,0,train
${BOSSBASE_ROOT}\cover\2247.pgm,0,train
${BOSSBASE_ROOT}\stego\HILL\0.4bpp\stego\8473.pgm,1,train
${BOSSBASE_ROOT}\stego\HILL\0.4bpp\stego\3530.pgm,1,train
${BOSSBASE_ROOT}\cover\6546.pgm,0,train
${BOSSBASE_ROOT}\cover\622.pgm,0,train
${BOSSBASE_ROOT}\stego\HILL\0.4bpp\stego\6189.pgm,1,train
${BOSSBASE_ROOT}\stego\HILL\0.4bpp\stego\1815.pgm,1,train
${BOSSBASE_ROOT}\stego\HILL\0.4bpp\stego\6415.pgm,1,train
${BOSSBASE_ROOT}\stego\HILL\0.4bpp\stego\1840.pgm,1,train
${BOSSBASE_ROOT}\cover\4678.pgm,0,train
${BOSSBASE_ROOT}\cover\3889.pgm,0,train
${BOSSBASE_ROOT}\cover\7328.pgm,0,train
${BOSSBASE_ROOT}\stego\HILL\0.4bpp\stego\7998.pgm,1,train
${BOSSBASE_ROOT}\cover\8983.pgm,0,train
${BOSSBASE_ROOT}\cover\8242.pgm,0,train
${BOSSBASE_ROOT}\cover\5672.pgm,0,train
${BOSSBASE_ROOT}\cover\7872.pgm,0,train
${BOSSBASE_ROOT}\stego\HILL\0.4bpp\stego\4941.pgm,1,train
${BOSSBASE_ROOT}\cover\6404.pgm,0,train
${BOSSBASE_ROOT}\stego\HILL\0.4bpp\stego\8917.pgm,1,train
${BOSSBASE_ROOT}\cover\1270.pgm,0,train
${BOSSBASE_ROOT}\stego\HILL\0.4bpp\stego\3.pgm,1,train
${BOSSBASE_ROOT}\cover\6053.pgm,0,train
${BOSSBASE_ROOT}\stego\HILL\0.4bpp\stego\3119.pgm,1,train
${BOSSBASE_ROOT}\stego\HILL\0.4bpp\stego\1870.pgm,1,train
${BOSSBASE_ROOT}\cover\7187.pgm,0,train
${BOSSBASE_ROOT}\cover\5198.pgm,0,train
${BOSSBASE_ROOT}\stego\HILL\0.4bpp\stego\4347.pgm,1,train
${BOSSBASE_ROOT}\cover\8920.pgm,0,train
${BOSSBASE_ROOT}\cover\1793.pgm,0,train
${BOSSBASE_ROOT}\cover\4796.pgm,0,train
${BOSSBASE_ROOT}\stego\HILL\0.4bpp\stego\8122.pgm,1,train
${BOSSBASE_ROOT}\cover\7955.pgm,0,train
${BOSSBASE_ROOT}\stego\HILL\0.4bpp\stego\8409.pgm,1,train
${BOSSBASE_ROOT}\stego\HILL\0.4bpp\stego\9041.pgm,1,train
${BOSSBASE_ROOT}\stego\HILL\0.4bpp\stego\6893.pgm,1,train
${BOSSBASE_ROOT}\stego\HILL\0.4bpp\stego\1995.pgm,1,train
${BOSSBASE_ROOT}\stego\HILL\0.4bpp\stego\8401.pgm,1,train
${BOSSBASE_ROOT}\stego\HILL\0.4bpp\stego\8178.pgm,1,train
${BOSSBASE_ROOT}\cover\9125.pgm,0,train
${BOSSBASE_ROOT}\cover\7326.pgm,0,train
${BOSSBASE_ROOT}\stego\HILL\0.4bpp\stego\7396.pgm,1,train
${BOSSBASE_ROOT}\cover\7792.pgm,0,train
${BOSSBASE_ROOT}\stego\HILL\0.4bpp\stego\8826.pgm,1,train
${BOSSBASE_ROOT}\stego\HILL\0.4bpp\stego\3216.pgm,1,train
${BOSSBASE_ROOT}\cover\4623.pgm,0,train
${BOSSBASE_ROOT}\cover\1413.pgm,0,train
${BOSSBASE_ROOT}\cover\83.pgm,0,train
${BOSSBASE_ROOT}\cover\3467.pgm,0,train
${BOSSBASE_ROOT}\stego\HILL\0.4bpp\stego\4131.pgm,1,train
${BOSSBASE_ROOT}\stego\HILL\0.4bpp\stego\9974.pgm,1,train
${BOSSBASE_ROOT}\stego\HILL\0.4bpp\stego\6668.pgm,1,train
${BOSSBASE_ROOT}\stego\HILL\0.4bpp\stego\8101.pgm,1,train
${BOSSBASE_ROOT}\cover\1030.pgm,0,train
${BOSSBASE_ROOT}\stego\HILL\0.4bpp\stego\351.pgm,1,train
${BOSSBASE_ROOT}\stego\HILL\0.4bpp\stego\6946.pgm,1,train
${BOSSBASE_ROOT}\cover\8319.pgm,0,train
${BOSSBASE_ROOT}\stego\HILL\0.4bpp\stego\9771.pgm,1,train
${BOSSBASE_ROOT}\stego\HILL\0.4bpp\stego\378.pgm,1,train
${BOSSBASE_ROOT}\cover\4536.pgm,0,train
${BOSSBASE_ROOT}\stego\HILL\0.4bpp\stego\6021.pgm,1,train
${BOSSBASE_ROOT}\cover\8724.pgm,0,train
${BOSSBASE_ROOT}\stego\HILL\0.4bpp\stego\6905.pgm,1,train
${BOSSBASE_ROOT}\cover\1152.pgm,0,train
${BOSSBASE_ROOT}\stego\HILL\0.4bpp\stego\8176.pgm,1,train
${BOSSBASE_ROOT}\stego\HILL\0.4bpp\stego\3272.pgm,1,train
${BOSSBASE_ROOT}\cover\6753.pgm,0,train
${BOSSBASE_ROOT}\stego\HILL\0.4bpp\stego\6380.pgm,1,train
${BOSSBASE_ROOT}\cover\2876.pgm,0,train
${BOSSBASE_ROOT}\stego\HILL\0.4bpp\stego\7472.pgm,1,train
${BOSSBASE_ROOT}\stego\HILL\0.4bpp\stego\5766.pgm,1,train
${BOSSBASE_ROOT}\cover\986.pgm,0,train
${BOSSBASE_ROOT}\stego\HILL\0.4bpp\stego\4707.pgm,1,train
${BOSSBASE_ROOT}\cover\3025.pgm,0,train
${BOSSBASE_ROOT}\stego\HILL\0.4bpp\stego\1146.pgm,1,train
${BOSSBASE_ROOT}\cover\9243.pgm,0,train
${BOSSBASE_ROOT}\stego\HILL\0.4bpp\stego\7178.pgm,1,train
${BOSSBASE_ROOT}\stego\HILL\0.4bpp\stego\5571.pgm,1,train
${BOSSBASE_ROOT}\cover\8441.pgm,0,train
${BOSSBASE_ROOT}\cover\9083.pgm,0,train
${BOSSBASE_ROOT}\stego\HILL\0.4bpp\stego\1482.pgm,1,train
${BOSSBASE_ROOT}\stego\HILL\0.4bpp\stego\9861.pgm,1,train
${BOSSBASE_ROOT}\stego\HILL\0.4bpp\stego\5917.pgm,1,train
${BOSSBASE_ROOT}\stego\HILL\0.4bpp\stego\2768.pgm,1,train
${BOSSBASE_ROOT}\cover\9289.pgm,0,train
${BOSSBASE_ROOT}\stego\HILL\0.4bpp\stego\7066.pgm,1,train
${BOSSBASE_ROOT}\cover\6779.pgm,0,train
${BOSSBASE_ROOT}\stego\HILL\0.4bpp\stego\32.pgm,1,train
${BOSSBASE_ROOT}\stego\HILL\0.4bpp\stego\3196.pgm,1,train
${BOSSBASE_ROOT}\cover\7291.pgm,0,train
${BOSSBASE_ROOT}\cover\1753.pgm,0,train
${BOSSBASE_ROOT}\cover\2571.pgm,0,train
${BOSSBASE_ROOT}\stego\HILL\0.4bpp\stego\5638.pgm,1,train
${BOSSBASE_ROOT}\cover\9391.pgm,0,train
${BOSSBASE_ROOT}\stego\HILL\0.4bpp\stego\7136.pgm,1,train
${BOSSBASE_ROOT}\cover\6070.pgm,0,train
${BOSSBASE_ROOT}\stego\HILL\0.4bpp\stego\988.pgm,1,train
${BOSSBASE_ROOT}\stego\HILL\0.4bpp\stego\4059.pgm,1,train
${BOSSBASE_ROOT}\stego\HILL\0.4bpp\stego\1286.pgm,1,train
${BOSSBASE_ROOT}\cover\4851.pgm,0,train
${BOSSBASE_ROOT}\stego\HILL\0.4bpp\stego\3923.pgm,1,train
${BOSSBASE_ROOT}\cover\8684.pgm,0,train
${BOSSBASE_ROOT}\cover\1533.pgm,0,train
${BOSSBASE_ROOT}\stego\HILL\0.4bpp\stego\9406.pgm,1,train
${BOSSBASE_ROOT}\stego\HILL\0.4bpp\stego\1350.pgm,1,train
${BOSSBASE_ROOT}\cover\1672.pgm,0,train
${BOSSBASE_ROOT}\cover\9079.pgm,0,train
${BOSSBASE_ROOT}\stego\HILL\0.4bpp\stego\9917.pgm,1,train
${BOSSBASE_ROOT}\stego\HILL\0.4bpp\stego\9189.pgm,1,train
${BOSSBASE_ROOT}\stego\HILL\0.4bpp\stego\9297.pgm,1,train
${BOSSBASE_ROOT}\stego\HILL\0.4bpp\stego\740.pgm,1,train
${BOSSBASE_ROOT}\cover\2074.pgm,0,train
${BOSSBASE_ROOT}\stego\HILL\0.4bpp\stego\2864.pgm,1,train
${BOSSBASE_ROOT}\cover\7417.pgm,0,train
${BOSSBASE_ROOT}\stego\HILL\0.4bpp\stego\8286.pgm,1,train
${BOSSBASE_ROOT}\stego\HILL\0.4bpp\stego\6412.pgm,1,train
${BOSSBASE_ROOT}\stego\HILL\0.4bpp\stego\6536.pgm,1,train
${BOSSBASE_ROOT}\stego\HILL\0.4bpp\stego\5620.pgm,1,train
${BOSSBASE_ROOT}\cover\1211.pgm,0,train
${BOSSBASE_ROOT}\cover\2541.pgm,0,train
${BOSSBASE_ROOT}\cover\3398.pgm,0,train
${BOSSBASE_ROOT}\cover\4694.pgm,0,train
${BOSSBASE_ROOT}\stego\HILL\0.4bpp\stego\9594.pgm,1,train
${BOSSBASE_ROOT}\stego\HILL\0.4bpp\stego\2251.pgm,1,train
${BOSSBASE_ROOT}\cover\2051.pgm,0,train
${BOSSBASE_ROOT}\cover\5916.pgm,0,train
${BOSSBASE_ROOT}\stego\HILL\0.4bpp\stego\9220.pgm,1,train
${BOSSBASE_ROOT}\cover\5788.pgm,0,train
${BOSSBASE_ROOT}\cover\4333.pgm,0,train
${BOSSBASE_ROOT}\stego\HILL\0.4bpp\stego\3066.pgm,1,train
${BOSSBASE_ROOT}\cover\7438.pgm,0,train
${BOSSBASE_ROOT}\stego\HILL\0.4bpp\stego\6017.pgm,1,train
${BOSSBASE_ROOT}\cover\3883.pgm,0,train
${BOSSBASE_ROOT}\cover\270.pgm,0,train
${BOSSBASE_ROOT}\stego\HILL\0.4bpp\stego\4348.pgm,1,train
${BOSSBASE_ROOT}\stego\HILL\0.4bpp\stego\5790.pgm,1,train
${BOSSBASE_ROOT}\stego\HILL\0.4bpp\stego\4308.pgm,1,train
${BOSSBASE_ROOT}\stego\HILL\0.4bpp\stego\4721.pgm,1,train
${BOSSBASE_ROOT}\stego\HILL\0.4bpp\stego\9637.pgm,1,train
${BOSSBASE_ROOT}\cover\2917.pgm,0,train
${BOSSBASE_ROOT}\cover\3660.pgm,0,train
${BOSSBASE_ROOT}\cover\3060.pgm,0,train
${BOSSBASE_ROOT}\cover\1886.pgm,0,train
${BOSSBASE_ROOT}\stego\HILL\0.4bpp\stego\64.pgm,1,train
${BOSSBASE_ROOT}\cover\4771.pgm,0,train
${BOSSBASE_ROOT}\cover\3119.pgm,0,train
${BOSSBASE_ROOT}\cover\4916.pgm,0,train
${BOSSBASE_ROOT}\stego\HILL\0.4bpp\stego\184.pgm,1,train
${BOSSBASE_ROOT}\cover\9584.pgm,0,train
${BOSSBASE_ROOT}\cover\146.pgm,0,train
${BOSSBASE_ROOT}\stego\HILL\0.4bpp\stego\8508.pgm,1,train
${BOSSBASE_ROOT}\cover\8921.pgm,0,train
${BOSSBASE_ROOT}\stego\HILL\0.4bpp\stego\3350.pgm,1,train
${BOSSBASE_ROOT}\cover\6117.pgm,0,train
${BOSSBASE_ROOT}\cover\4783.pgm,0,train
${BOSSBASE_ROOT}\cover\7282.pgm,0,train
${BOSSBASE_ROOT}\cover\9268.pgm,0,train
${BOSSBASE_ROOT}\stego\HILL\0.4bpp\stego\3099.pgm,1,train
${BOSSBASE_ROOT}\stego\HILL\0.4bpp\stego\2848.pgm,1,train
${BOSSBASE_ROOT}\stego\HILL\0.4bpp\stego\2485.pgm,1,train
${BOSSBASE_ROOT}\cover\7931.pgm,0,train
${BOSSBASE_ROOT}\cover\1106.pgm,0,train
${BOSSBASE_ROOT}\cover\234.pgm,0,train
${BOSSBASE_ROOT}\cover\2764.pgm,0,train
${BOSSBASE_ROOT}\cover\582.pgm,0,train
${BOSSBASE_ROOT}\cover\3720.pgm,0,train
${BOSSBASE_ROOT}\stego\HILL\0.4bpp\stego\4890.pgm,1,train
${BOSSBASE_ROOT}\stego\HILL\0.4bpp\stego\3821.pgm,1,train
${BOSSBASE_ROOT}\cover\5906.pgm,0,train
${BOSSBASE_ROOT}\cover\6416.pgm,0,train
${BOSSBASE_ROOT}\stego\HILL\0.4bpp\stego\2710.pgm,1,train
${BOSSBASE_ROOT}\cover\7375.pgm,0,train
${BOSSBASE_ROOT}\stego\HILL\0.4bpp\stego\5995.pgm,1,train
${BOSSBASE_ROOT}\stego\HILL\0.4bpp\stego\7901.pgm,1,train
${BOSSBASE_ROOT}\cover\798.pgm,0,train
${BOSSBASE_ROOT}\cover\8940.pgm,0,train
${BOSSBASE_ROOT}\cover\6602.pgm,0,train
${BOSSBASE_ROOT}\cover\1162.pgm,0,train
${BOSSBASE_ROOT}\cover\368.pgm,0,train
${BOSSBASE_ROOT}\stego\HILL\0.4bpp\stego\4667.pgm,1,train
${BOSSBASE_ROOT}\cover\3415.pgm,0,train
${BOSSBASE_ROOT}\cover\2096.pgm,0,train
${BOSSBASE_ROOT}\cover\1523.pgm,0,train
${BOSSBASE_ROOT}\stego\HILL\0.4bpp\stego\1023.pgm,1,train
${BOSSBASE_ROOT}\cover\5014.pgm,0,train
${BOSSBASE_ROOT}\stego\HILL\0.4bpp\stego\4408.pgm,1,train
${BOSSBASE_ROOT}\cover\826.pgm,0,train
${BOSSBASE_ROOT}\cover\8765.pgm,0,train
${BOSSBASE_ROOT}\cover\6479.pgm,0,train
${BOSSBASE_ROOT}\stego\HILL\0.4bpp\stego\8666.pgm,1,train
${BOSSBASE_ROOT}\stego\HILL\0.4bpp\stego\7183.pgm,1,train
${BOSSBASE_ROOT}\stego\HILL\0.4bpp\stego\3515.pgm,1,train
${BOSSBASE_ROOT}\stego\HILL\0.4bpp\stego\9128.pgm,1,train
${BOSSBASE_ROOT}\stego\HILL\0.4bpp\stego\3328.pgm,1,train
${BOSSBASE_ROOT}\stego\HILL\0.4bpp\stego\4207.pgm,1,train
${BOSSBASE_ROOT}\cover\2994.pgm,0,train
${BOSSBASE_ROOT}\cover\5434.pgm,0,train
${BOSSBASE_ROOT}\stego\HILL\0.4bpp\stego\9027.pgm,1,train
${BOSSBASE_ROOT}\stego\HILL\0.4bpp\stego\8330.pgm,1,train
${BOSSBASE_ROOT}\cover\734.pgm,0,train
${BOSSBASE_ROOT}\cover\1197.pgm,0,train
${BOSSBASE_ROOT}\stego\HILL\0.4bpp\stego\3209.pgm,1,train
${BOSSBASE_ROOT}\stego\HILL\0.4bpp\stego\5740.pgm,1,train
${BOSSBASE_ROOT}\cover\7936.pgm,0,train
${BOSSBASE_ROOT}\stego\HILL\0.4bpp\stego\2468.pgm,1,train
${BOSSBASE_ROOT}\stego\HILL\0.4bpp\stego\8588.pgm,1,train
${BOSSBASE_ROOT}\stego\HILL\0.4bpp\stego\8194.pgm,1,train
${BOSSBASE_ROOT}\stego\HILL\0.4bpp\stego\2644.pgm,1,train
${BOSSBASE_ROOT}\cover\1406.pgm,0,train
${BOSSBASE_ROOT}\cover\8170.pgm,0,train
${BOSSBASE_ROOT}\stego\HILL\0.4bpp\stego\8715.pgm,1,train
${BOSSBASE_ROOT}\cover\4239.pgm,0,train
${BOSSBASE_ROOT}\stego\HILL\0.4bpp\stego\1971.pgm,1,train
${BOSSBASE_ROOT}\cover\705.pgm,0,train
${BOSSBASE_ROOT}\cover\6025.pgm,0,train
${BOSSBASE_ROOT}\cover\8688.pgm,0,train
${BOSSBASE_ROOT}\stego\HILL\0.4bpp\stego\6082.pgm,1,train
${BOSSBASE_ROOT}\stego\HILL\0.4bpp\stego\3828.pgm,1,train
${BOSSBASE_ROOT}\stego\HILL\0.4bpp\stego\9492.pgm,1,train
${BOSSBASE_ROOT}\cover\4634.pgm,0,train
${BOSSBASE_ROOT}\stego\HILL\0.4bpp\stego\488.pgm,1,train
${BOSSBASE_ROOT}\stego\HILL\0.4bpp\stego\1311.pgm,1,train
${BOSSBASE_ROOT}\cover\5309.pgm,0,train
${BOSSBASE_ROOT}\stego\HILL\0.4bpp\stego\732.pgm,1,train
${BOSSBASE_ROOT}\stego\HILL\0.4bpp\stego\6617.pgm,1,train
${BOSSBASE_ROOT}\stego\HILL\0.4bpp\stego\3857.pgm,1,train
${BOSSBASE_ROOT}\cover\917.pgm,0,train
${BOSSBASE_ROOT}\stego\HILL\0.4bpp\stego\8849.pgm,1,train
${BOSSBASE_ROOT}\cover\6743.pgm,0,train
${BOSSBASE_ROOT}\stego\HILL\0.4bpp\stego\3687.pgm,1,train
${BOSSBASE_ROOT}\cover\9611.pgm,0,train
${BOSSBASE_ROOT}\cover\44.pgm,0,train
${BOSSBASE_ROOT}\cover\9109.pgm,0,train
${BOSSBASE_ROOT}\stego\HILL\0.4bpp\stego\7925.pgm,1,train
${BOSSBASE_ROOT}\stego\HILL\0.4bpp\stego\6589.pgm,1,train
${BOSSBASE_ROOT}\stego\HILL\0.4bpp\stego\6849.pgm,1,train
${BOSSBASE_ROOT}\cover\9165.pgm,0,train
${BOSSBASE_ROOT}\cover\8806.pgm,0,train
${BOSSBASE_ROOT}\cover\3369.pgm,0,train
${BOSSBASE_ROOT}\cover\5630.pgm,0,train
${BOSSBASE_ROOT}\cover\4162.pgm,0,train
${BOSSBASE_ROOT}\cover\9022.pgm,0,train
${BOSSBASE_ROOT}\cover\1105.pgm,0,train
${BOSSBASE_ROOT}\cover\5763.pgm,0,train
${BOSSBASE_ROOT}\stego\HILL\0.4bpp\stego\9930.pgm,1,train
${BOSSBASE_ROOT}\cover\3316.pgm,0,train
${BOSSBASE_ROOT}\stego\HILL\0.4bpp\stego\6560.pgm,1,train
${BOSSBASE_ROOT}\cover\461.pgm,0,train
${BOSSBASE_ROOT}\stego\HILL\0.4bpp\stego\6943.pgm,1,train
${BOSSBASE_ROOT}\stego\HILL\0.4bpp\stego\3482.pgm,1,train
${BOSSBASE_ROOT}\stego\HILL\0.4bpp\stego\1670.pgm,1,train
${BOSSBASE_ROOT}\stego\HILL\0.4bpp\stego\4593.pgm,1,train
${BOSSBASE_ROOT}\cover\4975.pgm,0,train
${BOSSBASE_ROOT}\stego\HILL\0.4bpp\stego\5595.pgm,1,train
${BOSSBASE_ROOT}\cover\2609.pgm,0,train
${BOSSBASE_ROOT}\cover\2630.pgm,0,train
${BOSSBASE_ROOT}\stego\HILL\0.4bpp\stego\814.pgm,1,train
${BOSSBASE_ROOT}\cover\6183.pgm,0,train
${BOSSBASE_ROOT}\stego\HILL\0.4bpp\stego\111.pgm,1,train
${BOSSBASE_ROOT}\cover\7503.pgm,0,train
${BOSSBASE_ROOT}\cover\3848.pgm,0,train
${BOSSBASE_ROOT}\cover\4707.pgm,0,train
${BOSSBASE_ROOT}\cover\7585.pgm,0,train
${BOSSBASE_ROOT}\cover\4697.pgm,0,train
${BOSSBASE_ROOT}\cover\7533.pgm,0,train
${BOSSBASE_ROOT}\stego\HILL\0.4bpp\stego\9660.pgm,1,train
${BOSSBASE_ROOT}\cover\4231.pgm,0,train
${BOSSBASE_ROOT}\stego\HILL\0.4bpp\stego\6755.pgm,1,train
${BOSSBASE_ROOT}\stego\HILL\0.4bpp\stego\1297.pgm,1,train
${BOSSBASE_ROOT}\stego\HILL\0.4bpp\stego\2140.pgm,1,train
${BOSSBASE_ROOT}\cover\5406.pgm,0,train
${BOSSBASE_ROOT}\cover\201.pgm,0,train
${BOSSBASE_ROOT}\stego\HILL\0.4bpp\stego\9372.pgm,1,train
${BOSSBASE_ROOT}\stego\HILL\0.4bpp\stego\4682.pgm,1,train
${BOSSBASE_ROOT}\stego\HILL\0.4bpp\stego\7047.pgm,1,train
${BOSSBASE_ROOT}\stego\HILL\0.4bpp\stego\4674.pgm,1,train
${BOSSBASE_ROOT}\cover\5971.pgm,0,train
${BOSSBASE_ROOT}\stego\HILL\0.4bpp\stego\291.pgm,1,train
${BOSSBASE_ROOT}\stego\HILL\0.4bpp\stego\7382.pgm,1,train
${BOSSBASE_ROOT}\cover\6192.pgm,0,train
${BOSSBASE_ROOT}\cover\3330.pgm,0,train
${BOSSBASE_ROOT}\cover\3715.pgm,0,train
${BOSSBASE_ROOT}\cover\8742.pgm,0,train
${BOSSBASE_ROOT}\stego\HILL\0.4bpp\stego\7017.pgm,1,train
${BOSSBASE_ROOT}\cover\8906.pgm,0,train
${BOSSBASE_ROOT}\stego\HILL\0.4bpp\stego\7359.pgm,1,train
${BOSSBASE_ROOT}\cover\7627.pgm,0,train
${BOSSBASE_ROOT}\stego\HILL\0.4bpp\stego\4230.pgm,1,train
${BOSSBASE_ROOT}\stego\HILL\0.4bpp\stego\9327.pgm,1,train
${BOSSBASE_ROOT}\stego\HILL\0.4bpp\stego\2126.pgm,1,train
${BOSSBASE_ROOT}\cover\4413.pgm,0,train
${BOSSBASE_ROOT}\cover\2490.pgm,0,train
${BOSSBASE_ROOT}\cover\6971.pgm,0,train
${BOSSBASE_ROOT}\stego\HILL\0.4bpp\stego\1940.pgm,1,train
${BOSSBASE_ROOT}\cover\4307.pgm,0,train
${BOSSBASE_ROOT}\cover\8658.pgm,0,train
${BOSSBASE_ROOT}\cover\4895.pgm,0,train
${BOSSBASE_ROOT}\stego\HILL\0.4bpp\stego\445.pgm,1,train
${BOSSBASE_ROOT}\cover\3135.pgm,0,train
${BOSSBASE_ROOT}\cover\3051.pgm,0,train
${BOSSBASE_ROOT}\cover\6747.pgm,0,train
${BOSSBASE_ROOT}\cover\5505.pgm,0,train
${BOSSBASE_ROOT}\stego\HILL\0.4bpp\stego\5764.pgm,1,train
${BOSSBASE_ROOT}\cover\2981.pgm,0,train
${BOSSBASE_ROOT}\cover\9607.pgm,0,train
${BOSSBASE_ROOT}\cover\652.pgm,0,train
${BOSSBASE_ROOT}\stego\HILL\0.4bpp\stego\1256.pgm,1,train
${BOSSBASE_ROOT}\cover\6433.pgm,0,train
${BOSSBASE_ROOT}\cover\4691.pgm,0,train
${BOSSBASE_ROOT}\stego\HILL\0.4bpp\stego\213.pgm,1,train
${BOSSBASE_ROOT}\cover\4966.pgm,0,train
${BOSSBASE_ROOT}\stego\HILL\0.4bpp\stego\7616.pgm,1,train
${BOSSBASE_ROOT}\stego\HILL\0.4bpp\stego\9696.pgm,1,train
${BOSSBASE_ROOT}\stego\HILL\0.4bpp\stego\8710.pgm,1,train
${BOSSBASE_ROOT}\stego\HILL\0.4bpp\stego\9750.pgm,1,train
${BOSSBASE_ROOT}\stego\HILL\0.4bpp\stego\6051.pgm,1,train
${BOSSBASE_ROOT}\cover\8497.pgm,0,train
${BOSSBASE_ROOT}\stego\HILL\0.4bpp\stego\8830.pgm,1,train
${BOSSBASE_ROOT}\stego\HILL\0.4bpp\stego\2752.pgm,1,train
${BOSSBASE_ROOT}\cover\8870.pgm,0,train
${BOSSBASE_ROOT}\cover\9949.pgm,0,train
${BOSSBASE_ROOT}\cover\2416.pgm,0,train
${BOSSBASE_ROOT}\cover\3070.pgm,0,train
${BOSSBASE_ROOT}\cover\2898.pgm,0,train
${BOSSBASE_ROOT}\stego\HILL\0.4bpp\stego\8209.pgm,1,train
${BOSSBASE_ROOT}\cover\3902.pgm,0,train
${BOSSBASE_ROOT}\cover\2549.pgm,0,train
${BOSSBASE_ROOT}\stego\HILL\0.4bpp\stego\7014.pgm,1,train
${BOSSBASE_ROOT}\stego\HILL\0.4bpp\stego\4819.pgm,1,train
${BOSSBASE_ROOT}\stego\HILL\0.4bpp\stego\8115.pgm,1,train
${BOSSBASE_ROOT}\stego\HILL\0.4bpp\stego\2244.pgm,1,train
${BOSSBASE_ROOT}\cover\472.pgm,0,train
${BOSSBASE_ROOT}\stego\HILL\0.4bpp\stego\5517.pgm,1,train
${BOSSBASE_ROOT}\cover\308.pgm,0,train
${BOSSBASE_ROOT}\cover\5623.pgm,0,train
${BOSSBASE_ROOT}\cover\4532.pgm,0,train
${BOSSBASE_ROOT}\stego\HILL\0.4bpp\stego\8908.pgm,1,train
${BOSSBASE_ROOT}\cover\8392.pgm,0,train
${BOSSBASE_ROOT}\stego\HILL\0.4bpp\stego\8640.pgm,1,train
${BOSSBASE_ROOT}\stego\HILL\0.4bpp\stego\306.pgm,1,train
${BOSSBASE_ROOT}\cover\4842.pgm,0,train
${BOSSBASE_ROOT}\cover\8342.pgm,0,train
${BOSSBASE_ROOT}\stego\HILL\0.4bpp\stego\7481.pgm,1,train
${BOSSBASE_ROOT}\cover\5034.pgm,0,train
${BOSSBASE_ROOT}\stego\HILL\0.4bpp\stego\5569.pgm,1,train
${BOSSBASE_ROOT}\stego\HILL\0.4bpp\stego\6339.pgm,1,train
${BOSSBASE_ROOT}\stego\HILL\0.4bpp\stego\6059.pgm,1,train
${BOSSBASE_ROOT}\cover\5404.pgm,0,train
${BOSSBASE_ROOT}\cover\5999.pgm,0,train
${BOSSBASE_ROOT}\cover\3957.pgm,0,train
${BOSSBASE_ROOT}\cover\7065.pgm,0,train
${BOSSBASE_ROOT}\stego\HILL\0.4bpp\stego\5485.pgm,1,train
${BOSSBASE_ROOT}\cover\3263.pgm,0,train
${BOSSBASE_ROOT}\cover\7791.pgm,0,train
${BOSSBASE_ROOT}\cover\2921.pgm,0,train
${BOSSBASE_ROOT}\cover\9891.pgm,0,train
${BOSSBASE_ROOT}\stego\HILL\0.4bpp\stego\4294.pgm,1,train
${BOSSBASE_ROOT}\stego\HILL\0.4bpp\stego\2332.pgm,1,train
${BOSSBASE_ROOT}\stego\HILL\0.4bpp\stego\8421.pgm,1,train
${BOSSBASE_ROOT}\cover\459.pgm,0,train
${BOSSBASE_ROOT}\stego\HILL\0.4bpp\stego\6347.pgm,1,train
${BOSSBASE_ROOT}\stego\HILL\0.4bpp\stego\340.pgm,1,train
${BOSSBASE_ROOT}\stego\HILL\0.4bpp\stego\3879.pgm,1,train
${BOSSBASE_ROOT}\cover\5642.pgm,0,train
${BOSSBASE_ROOT}\stego\HILL\0.4bpp\stego\175.pgm,1,train
${BOSSBASE_ROOT}\cover\9294.pgm,0,train
${BOSSBASE_ROOT}\cover\2485.pgm,0,train
${BOSSBASE_ROOT}\cover\8179.pgm,0,train
${BOSSBASE_ROOT}\stego\HILL\0.4bpp\stego\134.pgm,1,train
${BOSSBASE_ROOT}\cover\3149.pgm,0,train
${BOSSBASE_ROOT}\stego\HILL\0.4bpp\stego\744.pgm,1,train
${BOSSBASE_ROOT}\stego\HILL\0.4bpp\stego\7551.pgm,1,train
${BOSSBASE_ROOT}\cover\7368.pgm,0,train
${BOSSBASE_ROOT}\stego\HILL\0.4bpp\stego\9657.pgm,1,train
${BOSSBASE_ROOT}\cover\5332.pgm,0,train
${BOSSBASE_ROOT}\stego\HILL\0.4bpp\stego\9595.pgm,1,train
${BOSSBASE_ROOT}\cover\5647.pgm,0,train
${BOSSBASE_ROOT}\stego\HILL\0.4bpp\stego\8815.pgm,1,train
${BOSSBASE_ROOT}\stego\HILL\0.4bpp\stego\4973.pgm,1,train
${BOSSBASE_ROOT}\cover\7084.pgm,0,train
${BOSSBASE_ROOT}\stego\HILL\0.4bpp\stego\6138.pgm,1,train
${BOSSBASE_ROOT}\cover\8501.pgm,0,train
${BOSSBASE_ROOT}\stego\HILL\0.4bpp\stego\9471.pgm,1,train
${BOSSBASE_ROOT}\cover\1687.pgm,0,train
${BOSSBASE_ROOT}\stego\HILL\0.4bpp\stego\4616.pgm,1,train
${BOSSBASE_ROOT}\cover\1371.pgm,0,train
${BOSSBASE_ROOT}\cover\4431.pgm,0,train
${BOSSBASE_ROOT}\cover\5031.pgm,0,train
${BOSSBASE_ROOT}\stego\HILL\0.4bpp\stego\5354.pgm,1,train
${BOSSBASE_ROOT}\cover\4972.pgm,0,train
${BOSSBASE_ROOT}\stego\HILL\0.4bpp\stego\8525.pgm,1,train
${BOSSBASE_ROOT}\stego\HILL\0.4bpp\stego\2376.pgm,1,train
${BOSSBASE_ROOT}\stego\HILL\0.4bpp\stego\5905.pgm,1,train
${BOSSBASE_ROOT}\stego\HILL\0.4bpp\stego\8690.pgm,1,train
${BOSSBASE_ROOT}\cover\3210.pgm,0,train
${BOSSBASE_ROOT}\cover\6898.pgm,0,train
${BOSSBASE_ROOT}\stego\HILL\0.4bpp\stego\1907.pgm,1,train
${BOSSBASE_ROOT}\cover\2623.pgm,0,train
${BOSSBASE_ROOT}\stego\HILL\0.4bpp\stego\3083.pgm,1,train
${BOSSBASE_ROOT}\cover\9050.pgm,0,train
${BOSSBASE_ROOT}\stego\HILL\0.4bpp\stego\6435.pgm,1,train
${BOSSBASE_ROOT}\stego\HILL\0.4bpp\stego\1401.pgm,1,train
${BOSSBASE_ROOT}\stego\HILL\0.4bpp\stego\7799.pgm,1,train
${BOSSBASE_ROOT}\cover\1758.pgm,0,train
${BOSSBASE_ROOT}\stego\HILL\0.4bpp\stego\8565.pgm,1,train
${BOSSBASE_ROOT}\stego\HILL\0.4bpp\stego\9627.pgm,1,train
${BOSSBASE_ROOT}\cover\3348.pgm,0,train
${BOSSBASE_ROOT}\cover\5728.pgm,0,train
${BOSSBASE_ROOT}\stego\HILL\0.4bpp\stego\2217.pgm,1,train
${BOSSBASE_ROOT}\stego\HILL\0.4bpp\stego\3607.pgm,1,train
${BOSSBASE_ROOT}\cover\4240.pgm,0,train
${BOSSBASE_ROOT}\cover\5083.pgm,0,train
${BOSSBASE_ROOT}\stego\HILL\0.4bpp\stego\3550.pgm,1,train
${BOSSBASE_ROOT}\stego\HILL\0.4bpp\stego\4454.pgm,1,train
${BOSSBASE_ROOT}\cover\4149.pgm,0,train
${BOSSBASE_ROOT}\cover\3082.pgm,0,train
${BOSSBASE_ROOT}\cover\5741.pgm,0,train
${BOSSBASE_ROOT}\cover\7510.pgm,0,train
${BOSSBASE_ROOT}\stego\HILL\0.4bpp\stego\7242.pgm,1,train
${BOSSBASE_ROOT}\stego\HILL\0.4bpp\stego\519.pgm,1,train
${BOSSBASE_ROOT}\stego\HILL\0.4bpp\stego\5912.pgm,1,train
${BOSSBASE_ROOT}\cover\6297.pgm,0,train
${BOSSBASE_ROOT}\stego\HILL\0.4bpp\stego\2971.pgm,1,train
${BOSSBASE_ROOT}\cover\1848.pgm,0,train
${BOSSBASE_ROOT}\stego\HILL\0.4bpp\stego\8594.pgm,1,train
${BOSSBASE_ROOT}\cover\8635.pgm,0,train
${BOSSBASE_ROOT}\cover\1412.pgm,0,train
${BOSSBASE_ROOT}\stego\HILL\0.4bpp\stego\4395.pgm,1,train
${BOSSBASE_ROOT}\cover\5713.pgm,0,train
${BOSSBASE_ROOT}\stego\HILL\0.4bpp\stego\6883.pgm,1,train
${BOSSBASE_ROOT}\stego\HILL\0.4bpp\stego\6788.pgm,1,train
${BOSSBASE_ROOT}\cover\4540.pgm,0,train
${BOSSBASE_ROOT}\cover\6613.pgm,0,train
${BOSSBASE_ROOT}\cover\3472.pgm,0,train
${BOSSBASE_ROOT}\cover\8563.pgm,0,train
${BOSSBASE_ROOT}\stego\HILL\0.4bpp\stego\2216.pgm,1,train
${BOSSBASE_ROOT}\stego\HILL\0.4bpp\stego\1211.pgm,1,train
${BOSSBASE_ROOT}\cover\2791.pgm,0,train
${BOSSBASE_ROOT}\cover\6069.pgm,0,train
${BOSSBASE_ROOT}\cover\1877.pgm,0,train
${BOSSBASE_ROOT}\cover\8646.pgm,0,train
${BOSSBASE_ROOT}\stego\HILL\0.4bpp\stego\8745.pgm,1,train
${BOSSBASE_ROOT}\cover\5591.pgm,0,train
${BOSSBASE_ROOT}\cover\3524.pgm,0,train
${BOSSBASE_ROOT}\stego\HILL\0.4bpp\stego\6275.pgm,1,train
${BOSSBASE_ROOT}\stego\HILL\0.4bpp\stego\9256.pgm,1,train
${BOSSBASE_ROOT}\cover\9044.pgm,0,train
${BOSSBASE_ROOT}\stego\HILL\0.4bpp\stego\7762.pgm,1,train
${BOSSBASE_ROOT}\cover\4190.pgm,0,train
${BOSSBASE_ROOT}\stego\HILL\0.4bpp\stego\8455.pgm,1,train
${BOSSBASE_ROOT}\stego\HILL\0.4bpp\stego\4986.pgm,1,train
${BOSSBASE_ROOT}\stego\HILL\0.4bpp\stego\672.pgm,1,train
${BOSSBASE_ROOT}\stego\HILL\0.4bpp\stego\3634.pgm,1,train
${BOSSBASE_ROOT}\cover\2199.pgm,0,train
${BOSSBASE_ROOT}\cover\314.pgm,0,train
${BOSSBASE_ROOT}\cover\634.pgm,0,train
${BOSSBASE_ROOT}\stego\HILL\0.4bpp\stego\562.pgm,1,train
${BOSSBASE_ROOT}\stego\HILL\0.4bpp\stego\1963.pgm,1,train
${BOSSBASE_ROOT}\stego\HILL\0.4bpp\stego\6498.pgm,1,train
${BOSSBASE_ROOT}\cover\8158.pgm,0,train
${BOSSBASE_ROOT}\stego\HILL\0.4bpp\stego\3138.pgm,1,train
${BOSSBASE_ROOT}\stego\HILL\0.4bpp\stego\5188.pgm,1,train
${BOSSBASE_ROOT}\stego\HILL\0.4bpp\stego\8945.pgm,1,train
${BOSSBASE_ROOT}\stego\HILL\0.4bpp\stego\9430.pgm,1,train
${BOSSBASE_ROOT}\cover\6718.pgm,0,train
${BOSSBASE_ROOT}\stego\HILL\0.4bpp\stego\7919.pgm,1,train
${BOSSBASE_ROOT}\cover\8943.pgm,0,train
${BOSSBASE_ROOT}\cover\6682.pgm,0,train
${BOSSBASE_ROOT}\cover\5978.pgm,0,train
${BOSSBASE_ROOT}\stego\HILL\0.4bpp\stego\1743.pgm,1,train
${BOSSBASE_ROOT}\cover\6200.pgm,0,train
${BOSSBASE_ROOT}\cover\2782.pgm,0,train
${BOSSBASE_ROOT}\stego\HILL\0.4bpp\stego\1013.pgm,1,train
${BOSSBASE_ROOT}\stego\HILL\0.4bpp\stego\6266.pgm,1,train
${BOSSBASE_ROOT}\stego\HILL\0.4bpp\stego\7262.pgm,1,train
${BOSSBASE_ROOT}\cover\5506.pgm,0,train
${BOSSBASE_ROOT}\cover\3146.pgm,0,train
${BOSSBASE_ROOT}\cover\9396.pgm,0,train
${BOSSBASE_ROOT}\stego\HILL\0.4bpp\stego\1629.pgm,1,train
${BOSSBASE_ROOT}\stego\HILL\0.4bpp\stego\1455.pgm,1,train
${BOSSBASE_ROOT}\cover\6742.pgm,0,train
${BOSSBASE_ROOT}\cover\7549.pgm,0,train
${BOSSBASE_ROOT}\cover\4689.pgm,0,train
${BOSSBASE_ROOT}\cover\5556.pgm,0,train
${BOSSBASE_ROOT}\stego\HILL\0.4bpp\stego\214.pgm,1,train
${BOSSBASE_ROOT}\cover\666.pgm,0,train
${BOSSBASE_ROOT}\cover\5775.pgm,0,train
${BOSSBASE_ROOT}\cover\6705.pgm,0,train
${BOSSBASE_ROOT}\cover\5224.pgm,0,train
${BOSSBASE_ROOT}\cover\701.pgm,0,train
${BOSSBASE_ROOT}\cover\6665.pgm,0,train
${BOSSBASE_ROOT}\stego\HILL\0.4bpp\stego\8429.pgm,1,train
${BOSSBASE_ROOT}\stego\HILL\0.4bpp\stego\1913.pgm,1,train
${BOSSBASE_ROOT}\stego\HILL\0.4bpp\stego\2517.pgm,1,train
${BOSSBASE_ROOT}\cover\7704.pgm,0,train
${BOSSBASE_ROOT}\cover\5073.pgm,0,train
${BOSSBASE_ROOT}\stego\HILL\0.4bpp\stego\312.pgm,1,train
${BOSSBASE_ROOT}\stego\HILL\0.4bpp\stego\3526.pgm,1,train
${BOSSBASE_ROOT}\stego\HILL\0.4bpp\stego\4818.pgm,1,train
${BOSSBASE_ROOT}\cover\7432.pgm,0,train
${BOSSBASE_ROOT}\cover\5850.pgm,0,train
${BOSSBASE_ROOT}\stego\HILL\0.4bpp\stego\1241.pgm,1,train
${BOSSBASE_ROOT}\cover\3434.pgm,0,train
${BOSSBASE_ROOT}\cover\94.pgm,0,train
${BOSSBASE_ROOT}\stego\HILL\0.4bpp\stego\9402.pgm,1,train
${BOSSBASE_ROOT}\stego\HILL\0.4bpp\stego\813.pgm,1,train
${BOSSBASE_ROOT}\stego\HILL\0.4bpp\stego\6640.pgm,1,train
${BOSSBASE_ROOT}\cover\8949.pgm,0,train
${BOSSBASE_ROOT}\cover\242.pgm,0,train
${BOSSBASE_ROOT}\cover\9852.pgm,0,train
${BOSSBASE_ROOT}\stego\HILL\0.4bpp\stego\6978.pgm,1,train
${BOSSBASE_ROOT}\cover\4058.pgm,0,train
${BOSSBASE_ROOT}\cover\7713.pgm,0,train
${BOSSBASE_ROOT}\cover\9148.pgm,0,train
${BOSSBASE_ROOT}\stego\HILL\0.4bpp\stego\2683.pgm,1,train
${BOSSBASE_ROOT}\stego\HILL\0.4bpp\stego\757.pgm,1,train
${BOSSBASE_ROOT}\stego\HILL\0.4bpp\stego\5221.pgm,1,train
${BOSSBASE_ROOT}\stego\HILL\0.4bpp\stego\8321.pgm,1,train
${BOSSBASE_ROOT}\cover\1831.pgm,0,train
${BOSSBASE_ROOT}\cover\2712.pgm,0,train
${BOSSBASE_ROOT}\cover\4670.pgm,0,train
${BOSSBASE_ROOT}\stego\HILL\0.4bpp\stego\161.pgm,1,train
${BOSSBASE_ROOT}\cover\9888.pgm,0,train
${BOSSBASE_ROOT}\cover\5547.pgm,0,train
${BOSSBASE_ROOT}\cover\1914.pgm,0,train
${BOSSBASE_ROOT}\cover\9014.pgm,0,train
${BOSSBASE_ROOT}\stego\HILL\0.4bpp\stego\474.pgm,1,train
${BOSSBASE_ROOT}\cover\7957.pgm,0,train
${BOSSBASE_ROOT}\cover\6807.pgm,0,train
${BOSSBASE_ROOT}\stego\HILL\0.4bpp\stego\882.pgm,1,train
${BOSSBASE_ROOT}\cover\6577.pgm,0,train
${BOSSBASE_ROOT}\cover\8766.pgm,0,train
${BOSSBASE_ROOT}\stego\HILL\0.4bpp\stego\8517.pgm,1,train
${BOSSBASE_ROOT}\cover\8892.pgm,0,train
${BOSSBASE_ROOT}\cover\5679.pgm,0,train
${BOSSBASE_ROOT}\stego\HILL\0.4bpp\stego\7252.pgm,1,train
${BOSSBASE_ROOT}\cover\5937.pgm,0,train
${BOSSBASE_ROOT}\cover\9708.pgm,0,train
${BOSSBASE_ROOT}\cover\7052.pgm,0,train
${BOSSBASE_ROOT}\stego\HILL\0.4bpp\stego\6613.pgm,1,train
${BOSSBASE_ROOT}\stego\HILL\0.4bpp\stego\9626.pgm,1,train
${BOSSBASE_ROOT}\stego\HILL\0.4bpp\stego\4880.pgm,1,train
${BOSSBASE_ROOT}\stego\HILL\0.4bpp\stego\8652.pgm,1,train
${BOSSBASE_ROOT}\stego\HILL\0.4bpp\stego\4024.pgm,1,train
${BOSSBASE_ROOT}\stego\HILL\0.4bpp\stego\5244.pgm,1,train
${BOSSBASE_ROOT}\stego\HILL\0.4bpp\stego\276.pgm,1,train
${BOSSBASE_ROOT}\stego\HILL\0.4bpp\stego\8677.pgm,1,train
${BOSSBASE_ROOT}\cover\2912.pgm,0,train
${BOSSBASE_ROOT}\cover\352.pgm,0,train
${BOSSBASE_ROOT}\stego\HILL\0.4bpp\stego\5920.pgm,1,train
${BOSSBASE_ROOT}\stego\HILL\0.4bpp\stego\4711.pgm,1,train
${BOSSBASE_ROOT}\stego\HILL\0.4bpp\stego\6555.pgm,1,train
${BOSSBASE_ROOT}\stego\HILL\0.4bpp\stego\8718.pgm,1,train
${BOSSBASE_ROOT}\stego\HILL\0.4bpp\stego\7115.pgm,1,train
${BOSSBASE_ROOT}\cover\2701.pgm,0,train
${BOSSBASE_ROOT}\cover\6765.pgm,0,train
${BOSSBASE_ROOT}\stego\HILL\0.4bpp\stego\5463.pgm,1,train
${BOSSBASE_ROOT}\stego\HILL\0.4bpp\stego\5542.pgm,1,train
${BOSSBASE_ROOT}\cover\6676.pgm,0,train
${BOSSBASE_ROOT}\cover\9764.pgm,0,train
${BOSSBASE_ROOT}\cover\1280.pgm,0,train
${BOSSBASE_ROOT}\stego\HILL\0.4bpp\stego\6308.pgm,1,train
${BOSSBASE_ROOT}\cover\5684.pgm,0,train
${BOSSBASE_ROOT}\stego\HILL\0.4bpp\stego\7517.pgm,1,train
${BOSSBASE_ROOT}\stego\HILL\0.4bpp\stego\3104.pgm,1,train
${BOSSBASE_ROOT}\stego\HILL\0.4bpp\stego\4061.pgm,1,train
${BOSSBASE_ROOT}\cover\1920.pgm,0,train
${BOSSBASE_ROOT}\stego\HILL\0.4bpp\stego\4597.pgm,1,train
${BOSSBASE_ROOT}\cover\5105.pgm,0,train
${BOSSBASE_ROOT}\stego\HILL\0.4bpp\stego\8056.pgm,1,train
${BOSSBASE_ROOT}\stego\HILL\0.4bpp\stego\2073.pgm,1,train
${BOSSBASE_ROOT}\stego\HILL\0.4bpp\stego\4748.pgm,1,train
${BOSSBASE_ROOT}\stego\HILL\0.4bpp\stego\590.pgm,1,train
${BOSSBASE_ROOT}\cover\4853.pgm,0,train
${BOSSBASE_ROOT}\cover\7721.pgm,0,train
${BOSSBASE_ROOT}\cover\2870.pgm,0,train
${BOSSBASE_ROOT}\cover\2209.pgm,0,train
${BOSSBASE_ROOT}\cover\5571.pgm,0,train
${BOSSBASE_ROOT}\cover\9241.pgm,0,train
${BOSSBASE_ROOT}\stego\HILL\0.4bpp\stego\2556.pgm,1,train
${BOSSBASE_ROOT}\stego\HILL\0.4bpp\stego\3547.pgm,1,train
${BOSSBASE_ROOT}\stego\HILL\0.4bpp\stego\5498.pgm,1,train
${BOSSBASE_ROOT}\cover\5272.pgm,0,train
${BOSSBASE_ROOT}\stego\HILL\0.4bpp\stego\8430.pgm,1,train
${BOSSBASE_ROOT}\cover\922.pgm,0,train
${BOSSBASE_ROOT}\stego\HILL\0.4bpp\stego\8975.pgm,1,train
${BOSSBASE_ROOT}\stego\HILL\0.4bpp\stego\1325.pgm,1,train
${BOSSBASE_ROOT}\cover\4892.pgm,0,train
${BOSSBASE_ROOT}\stego\HILL\0.4bpp\stego\3310.pgm,1,train
${BOSSBASE_ROOT}\cover\4417.pgm,0,train
${BOSSBASE_ROOT}\cover\4556.pgm,0,train
${BOSSBASE_ROOT}\cover\3846.pgm,0,train
${BOSSBASE_ROOT}\stego\HILL\0.4bpp\stego\2528.pgm,1,train
${BOSSBASE_ROOT}\cover\7107.pgm,0,train
${BOSSBASE_ROOT}\cover\9306.pgm,0,train
${BOSSBASE_ROOT}\cover\8740.pgm,0,train
${BOSSBASE_ROOT}\stego\HILL\0.4bpp\stego\3385.pgm,1,train
${BOSSBASE_ROOT}\stego\HILL\0.4bpp\stego\1967.pgm,1,train
${BOSSBASE_ROOT}\cover\3402.pgm,0,train
${BOSSBASE_ROOT}\cover\8894.pgm,0,train
${BOSSBASE_ROOT}\stego\HILL\0.4bpp\stego\2256.pgm,1,train
${BOSSBASE_ROOT}\cover\8668.pgm,0,train
${BOSSBASE_ROOT}\cover\3203.pgm,0,train
${BOSSBASE_ROOT}\stego\HILL\0.4bpp\stego\1089.pgm,1,train
${BOSSBASE_ROOT}\stego\HILL\0.4bpp\stego\9641.pgm,1,train
${BOSSBASE_ROOT}\stego\HILL\0.4bpp\stego\1426.pgm,1,train
${BOSSBASE_ROOT}\cover\9769.pgm,0,train
${BOSSBASE_ROOT}\stego\HILL\0.4bpp\stego\6413.pgm,1,train
${BOSSBASE_ROOT}\cover\7961.pgm,0,train
${BOSSBASE_ROOT}\cover\4355.pgm,0,train
${BOSSBASE_ROOT}\cover\1970.pgm,0,train
${BOSSBASE_ROOT}\stego\HILL\0.4bpp\stego\8681.pgm,1,train
${BOSSBASE_ROOT}\stego\HILL\0.4bpp\stego\5791.pgm,1,train
${BOSSBASE_ROOT}\cover\7595.pgm,0,train
${BOSSBASE_ROOT}\stego\HILL\0.4bpp\stego\2333.pgm,1,train
${BOSSBASE_ROOT}\cover\9985.pgm,0,train
${BOSSBASE_ROOT}\cover\2353.pgm,0,train
${BOSSBASE_ROOT}\stego\HILL\0.4bpp\stego\2792.pgm,1,train
${BOSSBASE_ROOT}\stego\HILL\0.4bpp\stego\4496.pgm,1,train
${BOSSBASE_ROOT}\stego\HILL\0.4bpp\stego\501.pgm,1,train
${BOSSBASE_ROOT}\cover\2941.pgm,0,train
${BOSSBASE_ROOT}\stego\HILL\0.4bpp\stego\6642.pgm,1,train
${BOSSBASE_ROOT}\cover\2877.pgm,0,train
${BOSSBASE_ROOT}\cover\2747.pgm,0,train
${BOSSBASE_ROOT}\cover\9932.pgm,0,train
${BOSSBASE_ROOT}\stego\HILL\0.4bpp\stego\8873.pgm,1,train
${BOSSBASE_ROOT}\stego\HILL\0.4bpp\stego\3926.pgm,1,train
${BOSSBASE_ROOT}\cover\8462.pgm,0,train
${BOSSBASE_ROOT}\stego\HILL\0.4bpp\stego\1164.pgm,1,train
${BOSSBASE_ROOT}\cover\3193.pgm,0,train
${BOSSBASE_ROOT}\cover\8459.pgm,0,train
${BOSSBASE_ROOT}\stego\HILL\0.4bpp\stego\7600.pgm,1,train
${BOSSBASE_ROOT}\cover\2654.pgm,0,train
${BOSSBASE_ROOT}\stego\HILL\0.4bpp\stego\6046.pgm,1,train
${BOSSBASE_ROOT}\stego\HILL\0.4bpp\stego\935.pgm,1,train
${BOSSBASE_ROOT}\stego\HILL\0.4bpp\stego\8610.pgm,1,train
${BOSSBASE_ROOT}\stego\HILL\0.4bpp\stego\1151.pgm,1,train
${BOSSBASE_ROOT}\cover\6793.pgm,0,train
${BOSSBASE_ROOT}\cover\9829.pgm,0,train
${BOSSBASE_ROOT}\cover\6452.pgm,0,train
${BOSSBASE_ROOT}\stego\HILL\0.4bpp\stego\7431.pgm,1,train
${BOSSBASE_ROOT}\cover\4282.pgm,0,train
${BOSSBASE_ROOT}\cover\8570.pgm,0,train
${BOSSBASE_ROOT}\stego\HILL\0.4bpp\stego\4319.pgm,1,train
${BOSSBASE_ROOT}\stego\HILL\0.4bpp\stego\631.pgm,1,train
${BOSSBASE_ROOT}\cover\8217.pgm,0,train
${BOSSBASE_ROOT}\cover\2301.pgm,0,train
${BOSSBASE_ROOT}\stego\HILL\0.4bpp\stego\8290.pgm,1,train
${BOSSBASE_ROOT}\stego\HILL\0.4bpp\stego\1861.pgm,1,train
${BOSSBASE_ROOT}\cover\1547.pgm,0,train
${BOSSBASE_ROOT}\stego\HILL\0.4bpp\stego\308.pgm,1,train
${BOSSBASE_ROOT}\cover\997.pgm,0,train
${BOSSBASE_ROOT}\stego\HILL\0.4bpp\stego\2449.pgm,1,train
${BOSSBASE_ROOT}\cover\4615.pgm,0,train
${BOSSBASE_ROOT}\stego\HILL\0.4bpp\stego\2743.pgm,1,train
${BOSSBASE_ROOT}\cover\6363.pgm,0,train
${BOSSBASE_ROOT}\stego\HILL\0.4bpp\stego\7226.pgm,1,train
${BOSSBASE_ROOT}\stego\HILL\0.4bpp\stego\1388.pgm,1,train
${BOSSBASE_ROOT}\cover\8278.pgm,0,train
${BOSSBASE_ROOT}\stego\HILL\0.4bpp\stego\1575.pgm,1,train
${BOSSBASE_ROOT}\cover\2759.pgm,0,train
${BOSSBASE_ROOT}\stego\HILL\0.4bpp\stego\2359.pgm,1,train
${BOSSBASE_ROOT}\cover\2523.pgm,0,train
${BOSSBASE_ROOT}\stego\HILL\0.4bpp\stego\8202.pgm,1,train
${BOSSBASE_ROOT}\cover\1558.pgm,0,train
${BOSSBASE_ROOT}\cover\7139.pgm,0,train
${BOSSBASE_ROOT}\stego\HILL\0.4bpp\stego\5983.pgm,1,train
${BOSSBASE_ROOT}\stego\HILL\0.4bpp\stego\7540.pgm,1,train
${BOSSBASE_ROOT}\cover\783.pgm,0,train
${BOSSBASE_ROOT}\cover\2835.pgm,0,train
${BOSSBASE_ROOT}\cover\938.pgm,0,train
${BOSSBASE_ROOT}\cover\238.pgm,0,train
${BOSSBASE_ROOT}\stego\HILL\0.4bpp\stego\1886.pgm,1,train
${BOSSBASE_ROOT}\stego\HILL\0.4bpp\stego\3174.pgm,1,train
${BOSSBASE_ROOT}\cover\6366.pgm,0,train
${BOSSBASE_ROOT}\stego\HILL\0.4bpp\stego\9196.pgm,1,train
${BOSSBASE_ROOT}\cover\7693.pgm,0,train
${BOSSBASE_ROOT}\cover\8065.pgm,0,train
${BOSSBASE_ROOT}\stego\HILL\0.4bpp\stego\2340.pgm,1,train
${BOSSBASE_ROOT}\stego\HILL\0.4bpp\stego\4004.pgm,1,train
${BOSSBASE_ROOT}\stego\HILL\0.4bpp\stego\217.pgm,1,train
${BOSSBASE_ROOT}\stego\HILL\0.4bpp\stego\3015.pgm,1,train
${BOSSBASE_ROOT}\stego\HILL\0.4bpp\stego\4124.pgm,1,train
${BOSSBASE_ROOT}\stego\HILL\0.4bpp\stego\3622.pgm,1,train
${BOSSBASE_ROOT}\cover\6379.pgm,0,train
${BOSSBASE_ROOT}\cover\87.pgm,0,train
${BOSSBASE_ROOT}\cover\1611.pgm,0,train
${BOSSBASE_ROOT}\stego\HILL\0.4bpp\stego\5362.pgm,1,train
${BOSSBASE_ROOT}\cover\2208.pgm,0,train
${BOSSBASE_ROOT}\stego\HILL\0.4bpp\stego\9323.pgm,1,train
${BOSSBASE_ROOT}\cover\8687.pgm,0,train
${BOSSBASE_ROOT}\stego\HILL\0.4bpp\stego\1927.pgm,1,train
${BOSSBASE_ROOT}\stego\HILL\0.4bpp\stego\9695.pgm,1,train
${BOSSBASE_ROOT}\cover\114.pgm,0,train
${BOSSBASE_ROOT}\cover\4227.pgm,0,train
${BOSSBASE_ROOT}\cover\6032.pgm,0,train
${BOSSBASE_ROOT}\stego\HILL\0.4bpp\stego\8554.pgm,1,train
${BOSSBASE_ROOT}\cover\6110.pgm,0,train
${BOSSBASE_ROOT}\stego\HILL\0.4bpp\stego\9407.pgm,1,train
${BOSSBASE_ROOT}\stego\HILL\0.4bpp\stego\3384.pgm,1,train
${BOSSBASE_ROOT}\stego\HILL\0.4bpp\stego\9180.pgm,1,train
${BOSSBASE_ROOT}\stego\HILL\0.4bpp\stego\2472.pgm,1,train
${BOSSBASE_ROOT}\stego\HILL\0.4bpp\stego\5551.pgm,1,train
${BOSSBASE_ROOT}\stego\HILL\0.4bpp\stego\604.pgm,1,train
${BOSSBASE_ROOT}\stego\HILL\0.4bpp\stego\411.pgm,1,train
${BOSSBASE_ROOT}\stego\HILL\0.4bpp\stego\5412.pgm,1,train
${BOSSBASE_ROOT}\cover\9836.pgm,0,train
${BOSSBASE_ROOT}\cover\2833.pgm,0,train
${BOSSBASE_ROOT}\cover\5795.pgm,0,train
${BOSSBASE_ROOT}\cover\8420.pgm,0,train
${BOSSBASE_ROOT}\cover\889.pgm,0,train
${BOSSBASE_ROOT}\cover\9321.pgm,0,train
${BOSSBASE_ROOT}\stego\HILL\0.4bpp\stego\232.pgm,1,train
${BOSSBASE_ROOT}\cover\4369.pgm,0,train
${BOSSBASE_ROOT}\stego\HILL\0.4bpp\stego\4082.pgm,1,train
${BOSSBASE_ROOT}\cover\1193.pgm,0,train
${BOSSBASE_ROOT}\stego\HILL\0.4bpp\stego\2459.pgm,1,train
${BOSSBASE_ROOT}\stego\HILL\0.4bpp\stego\6854.pgm,1,train
${BOSSBASE_ROOT}\cover\3289.pgm,0,train
${BOSSBASE_ROOT}\stego\HILL\0.4bpp\stego\1117.pgm,1,train
${BOSSBASE_ROOT}\cover\5030.pgm,0,train
${BOSSBASE_ROOT}\cover\8365.pgm,0,train
${BOSSBASE_ROOT}\stego\HILL\0.4bpp\stego\1069.pgm,1,train
${BOSSBASE_ROOT}\cover\1560.pgm,0,train
${BOSSBASE_ROOT}\stego\HILL\0.4bpp\stego\9779.pgm,1,train
${BOSSBASE_ROOT}\cover\5593.pgm,0,train
${BOSSBASE_ROOT}\stego\HILL\0.4bpp\stego\6003.pgm,1,train
${BOSSBASE_ROOT}\cover\6767.pgm,0,train
${BOSSBASE_ROOT}\cover\4418.pgm,0,train
${BOSSBASE_ROOT}\stego\HILL\0.4bpp\stego\1469.pgm,1,train
${BOSSBASE_ROOT}\cover\7311.pgm,0,train
${BOSSBASE_ROOT}\stego\HILL\0.4bpp\stego\4469.pgm,1,train
${BOSSBASE_ROOT}\cover\6555.pgm,0,train
${BOSSBASE_ROOT}\stego\HILL\0.4bpp\stego\5197.pgm,1,train
${BOSSBASE_ROOT}\stego\HILL\0.4bpp\stego\4768.pgm,1,train
${BOSSBASE_ROOT}\cover\1038.pgm,0,train
${BOSSBASE_ROOT}\cover\8219.pgm,0,train
${BOSSBASE_ROOT}\cover\8153.pgm,0,train
${BOSSBASE_ROOT}\stego\HILL\0.4bpp\stego\5755.pgm,1,train
${BOSSBASE_ROOT}\stego\HILL\0.4bpp\stego\3935.pgm,1,train
${BOSSBASE_ROOT}\stego\HILL\0.4bpp\stego\4373.pgm,1,train
${BOSSBASE_ROOT}\cover\591.pgm,0,train
${BOSSBASE_ROOT}\cover\8168.pgm,0,train
${BOSSBASE_ROOT}\cover\9237.pgm,0,train
${BOSSBASE_ROOT}\cover\7421.pgm,0,train
${BOSSBASE_ROOT}\stego\HILL\0.4bpp\stego\6570.pgm,1,train
${BOSSBASE_ROOT}\stego\HILL\0.4bpp\stego\7101.pgm,1,train
${BOSSBASE_ROOT}\cover\5131.pgm,0,train
${BOSSBASE_ROOT}\cover\3503.pgm,0,train
${BOSSBASE_ROOT}\stego\HILL\0.4bpp\stego\3026.pgm,1,train
${BOSSBASE_ROOT}\stego\HILL\0.4bpp\stego\6147.pgm,1,train
${BOSSBASE_ROOT}\stego\HILL\0.4bpp\stego\1552.pgm,1,train
${BOSSBASE_ROOT}\stego\HILL\0.4bpp\stego\660.pgm,1,train
${BOSSBASE_ROOT}\cover\929.pgm,0,train
${BOSSBASE_ROOT}\stego\HILL\0.4bpp\stego\2378.pgm,1,train
${BOSSBASE_ROOT}\stego\HILL\0.4bpp\stego\7811.pgm,1,train
${BOSSBASE_ROOT}\stego\HILL\0.4bpp\stego\1576.pgm,1,train
${BOSSBASE_ROOT}\cover\6302.pgm,0,train
${BOSSBASE_ROOT}\stego\HILL\0.4bpp\stego\8355.pgm,1,train
${BOSSBASE_ROOT}\stego\HILL\0.4bpp\stego\5067.pgm,1,train
${BOSSBASE_ROOT}\cover\6176.pgm,0,train
${BOSSBASE_ROOT}\stego\HILL\0.4bpp\stego\3610.pgm,1,train
${BOSSBASE_ROOT}\cover\6469.pgm,0,train
${BOSSBASE_ROOT}\stego\HILL\0.4bpp\stego\3112.pgm,1,train
${BOSSBASE_ROOT}\cover\8282.pgm,0,train
${BOSSBASE_ROOT}\stego\HILL\0.4bpp\stego\1074.pgm,1,train
${BOSSBASE_ROOT}\stego\HILL\0.4bpp\stego\9726.pgm,1,train
${BOSSBASE_ROOT}\stego\HILL\0.4bpp\stego\6540.pgm,1,train
${BOSSBASE_ROOT}\stego\HILL\0.4bpp\stego\5546.pgm,1,train
${BOSSBASE_ROOT}\cover\2049.pgm,0,train
${BOSSBASE_ROOT}\stego\HILL\0.4bpp\stego\4776.pgm,1,train
${BOSSBASE_ROOT}\stego\HILL\0.4bpp\stego\6931.pgm,1,train
${BOSSBASE_ROOT}\cover\4709.pgm,0,train
${BOSSBASE_ROOT}\stego\HILL\0.4bpp\stego\7121.pgm,1,train
${BOSSBASE_ROOT}\stego\HILL\0.4bpp\stego\2320.pgm,1,train
${BOSSBASE_ROOT}\stego\HILL\0.4bpp\stego\665.pgm,1,train
${BOSSBASE_ROOT}\stego\HILL\0.4bpp\stego\9401.pgm,1,train
${BOSSBASE_ROOT}\cover\8573.pgm,0,train
${BOSSBASE_ROOT}\cover\5444.pgm,0,train
${BOSSBASE_ROOT}\stego\HILL\0.4bpp\stego\1510.pgm,1,train
${BOSSBASE_ROOT}\cover\9952.pgm,0,train
${BOSSBASE_ROOT}\cover\3891.pgm,0,train
${BOSSBASE_ROOT}\stego\HILL\0.4bpp\stego\3001.pgm,1,train
${BOSSBASE_ROOT}\stego\HILL\0.4bpp\stego\8291.pgm,1,train
${BOSSBASE_ROOT}\stego\HILL\0.4bpp\stego\4531.pgm,1,train
${BOSSBASE_ROOT}\stego\HILL\0.4bpp\stego\7637.pgm,1,train
${BOSSBASE_ROOT}\stego\HILL\0.4bpp\stego\1956.pgm,1,train
${BOSSBASE_ROOT}\cover\9208.pgm,0,train
${BOSSBASE_ROOT}\stego\HILL\0.4bpp\stego\1667.pgm,1,train
${BOSSBASE_ROOT}\cover\5884.pgm,0,train
${BOSSBASE_ROOT}\cover\8771.pgm,0,train
${BOSSBASE_ROOT}\stego\HILL\0.4bpp\stego\4016.pgm,1,train
${BOSSBASE_ROOT}\stego\HILL\0.4bpp\stego\4209.pgm,1,train
${BOSSBASE_ROOT}\cover\8369.pgm,0,train
${BOSSBASE_ROOT}\stego\HILL\0.4bpp\stego\7130.pgm,1,train
${BOSSBASE_ROOT}\stego\HILL\0.4bpp\stego\5829.pgm,1,train
${BOSSBASE_ROOT}\cover\1757.pgm,0,train
${BOSSBASE_ROOT}\stego\HILL\0.4bpp\stego\6362.pgm,1,train
${BOSSBASE_ROOT}\stego\HILL\0.4bpp\stego\9039.pgm,1,train
${BOSSBASE_ROOT}\cover\8173.pgm,0,train
${BOSSBASE_ROOT}\stego\HILL\0.4bpp\stego\7588.pgm,1,train
${BOSSBASE_ROOT}\cover\5598.pgm,0,train
${BOSSBASE_ROOT}\cover\1181.pgm,0,train
${BOSSBASE_ROOT}\stego\HILL\0.4bpp\stego\5958.pgm,1,train
${BOSSBASE_ROOT}\cover\5985.pgm,0,train
${BOSSBASE_ROOT}\cover\3465.pgm,0,train
${BOSSBASE_ROOT}\cover\8876.pgm,0,train
${BOSSBASE_ROOT}\cover\9562.pgm,0,train
${BOSSBASE_ROOT}\cover\8123.pgm,0,train
${BOSSBASE_ROOT}\stego\HILL\0.4bpp\stego\2804.pgm,1,train
${BOSSBASE_ROOT}\stego\HILL\0.4bpp\stego\6444.pgm,1,train
${BOSSBASE_ROOT}\stego\HILL\0.4bpp\stego\1357.pgm,1,train
${BOSSBASE_ROOT}\cover\4408.pgm,0,train
${BOSSBASE_ROOT}\cover\6810.pgm,0,train
${BOSSBASE_ROOT}\cover\7683.pgm,0,train
${BOSSBASE_ROOT}\stego\HILL\0.4bpp\stego\581.pgm,1,train
${BOSSBASE_ROOT}\stego\HILL\0.4bpp\stego\3584.pgm,1,train
${BOSSBASE_ROOT}\stego\HILL\0.4bpp\stego\3057.pgm,1,train
${BOSSBASE_ROOT}\cover\4260.pgm,0,train
${BOSSBASE_ROOT}\cover\3400.pgm,0,train
${BOSSBASE_ROOT}\stego\HILL\0.4bpp\stego\234.pgm,1,train
${BOSSBASE_ROOT}\cover\6532.pgm,0,train
${BOSSBASE_ROOT}\cover\1512.pgm,0,train
${BOSSBASE_ROOT}\cover\5035.pgm,0,train
${BOSSBASE_ROOT}\stego\HILL\0.4bpp\stego\7245.pgm,1,train
${BOSSBASE_ROOT}\cover\6694.pgm,0,train
${BOSSBASE_ROOT}\cover\7775.pgm,0,train
${BOSSBASE_ROOT}\stego\HILL\0.4bpp\stego\546.pgm,1,train
${BOSSBASE_ROOT}\cover\1176.pgm,0,train
${BOSSBASE_ROOT}\stego\HILL\0.4bpp\stego\9053.pgm,1,train
${BOSSBASE_ROOT}\cover\9547.pgm,0,train
${BOSSBASE_ROOT}\cover\3293.pgm,0,train
${BOSSBASE_ROOT}\stego\HILL\0.4bpp\stego\6723.pgm,1,train
${BOSSBASE_ROOT}\stego\HILL\0.4bpp\stego\6085.pgm,1,train
${BOSSBASE_ROOT}\cover\3103.pgm,0,train
${BOSSBASE_ROOT}\cover\9631.pgm,0,train
${BOSSBASE_ROOT}\stego\HILL\0.4bpp\stego\782.pgm,1,train
${BOSSBASE_ROOT}\stego\HILL\0.4bpp\stego\9264.pgm,1,train
${BOSSBASE_ROOT}\cover\5187.pgm,0,train
${BOSSBASE_ROOT}\cover\3442.pgm,0,train
${BOSSBASE_ROOT}\cover\9662.pgm,0,train
${BOSSBASE_ROOT}\cover\6739.pgm,0,train
${BOSSBASE_ROOT}\cover\5141.pgm,0,train
${BOSSBASE_ROOT}\stego\HILL\0.4bpp\stego\7701.pgm,1,train
${BOSSBASE_ROOT}\stego\HILL\0.4bpp\stego\3623.pgm,1,train
${BOSSBASE_ROOT}\stego\HILL\0.4bpp\stego\6016.pgm,1,train
${BOSSBASE_ROOT}\stego\HILL\0.4bpp\stego\9728.pgm,1,train
${BOSSBASE_ROOT}\cover\8137.pgm,0,train
${BOSSBASE_ROOT}\stego\HILL\0.4bpp\stego\2954.pgm,1,train
${BOSSBASE_ROOT}\stego\HILL\0.4bpp\stego\7089.pgm,1,train
${BOSSBASE_ROOT}\stego\HILL\0.4bpp\stego\1299.pgm,1,train
${BOSSBASE_ROOT}\cover\470.pgm,0,train
${BOSSBASE_ROOT}\stego\HILL\0.4bpp\stego\6155.pgm,1,train
${BOSSBASE_ROOT}\stego\HILL\0.4bpp\stego\6391.pgm,1,train
${BOSSBASE_ROOT}\stego\HILL\0.4bpp\stego\10000.pgm,1,train
${BOSSBASE_ROOT}\cover\4391.pgm,0,train
${BOSSBASE_ROOT}\stego\HILL\0.4bpp\stego\5976.pgm,1,train
${BOSSBASE_ROOT}\stego\HILL\0.4bpp\stego\1251.pgm,1,train
${BOSSBASE_ROOT}\cover\1426.pgm,0,train
${BOSSBASE_ROOT}\stego\HILL\0.4bpp\stego\3488.pgm,1,train
${BOSSBASE_ROOT}\stego\HILL\0.4bpp\stego\9684.pgm,1,train
${BOSSBASE_ROOT}\stego\HILL\0.4bpp\stego\6111.pgm,1,train
${BOSSBASE_ROOT}\cover\4659.pgm,0,train
${BOSSBASE_ROOT}\cover\7364.pgm,0,train
${BOSSBASE_ROOT}\cover\4343.pgm,0,train
${BOSSBASE_ROOT}\stego\HILL\0.4bpp\stego\7309.pgm,1,train
${BOSSBASE_ROOT}\stego\HILL\0.4bpp\stego\4514.pgm,1,train
${BOSSBASE_ROOT}\cover\4497.pgm,0,train
${BOSSBASE_ROOT}\stego\HILL\0.4bpp\stego\5029.pgm,1,train
${BOSSBASE_ROOT}\stego\HILL\0.4bpp\stego\5626.pgm,1,train
${BOSSBASE_ROOT}\cover\8979.pgm,0,train
${BOSSBASE_ROOT}\stego\HILL\0.4bpp\stego\3437.pgm,1,train
${BOSSBASE_ROOT}\stego\HILL\0.4bpp\stego\5817.pgm,1,train
${BOSSBASE_ROOT}\stego\HILL\0.4bpp\stego\9378.pgm,1,train
${BOSSBASE_ROOT}\stego\HILL\0.4bpp\stego\8986.pgm,1,train
${BOSSBASE_ROOT}\cover\4844.pgm,0,train
${BOSSBASE_ROOT}\cover\3163.pgm,0,train
${BOSSBASE_ROOT}\stego\HILL\0.4bpp\stego\1353.pgm,1,train
${BOSSBASE_ROOT}\stego\HILL\0.4bpp\stego\9565.pgm,1,train
${BOSSBASE_ROOT}\stego\HILL\0.4bpp\stego\3459.pgm,1,train
${BOSSBASE_ROOT}\cover\8067.pgm,0,train
${BOSSBASE_ROOT}\stego\HILL\0.4bpp\stego\5212.pgm,1,train
${BOSSBASE_ROOT}\stego\HILL\0.4bpp\stego\5640.pgm,1,train
${BOSSBASE_ROOT}\stego\HILL\0.4bpp\stego\3109.pgm,1,train
${BOSSBASE_ROOT}\stego\HILL\0.4bpp\stego\7421.pgm,1,train
${BOSSBASE_ROOT}\cover\5359.pgm,0,train
${BOSSBASE_ROOT}\cover\6575.pgm,0,train
${BOSSBASE_ROOT}\stego\HILL\0.4bpp\stego\4753.pgm,1,train
${BOSSBASE_ROOT}\stego\HILL\0.4bpp\stego\5002.pgm,1,train
${BOSSBASE_ROOT}\cover\5553.pgm,0,train
${BOSSBASE_ROOT}\cover\4449.pgm,0,train
${BOSSBASE_ROOT}\cover\7138.pgm,0,train
${BOSSBASE_ROOT}\cover\9586.pgm,0,train
${BOSSBASE_ROOT}\cover\8500.pgm,0,train
${BOSSBASE_ROOT}\stego\HILL\0.4bpp\stego\2173.pgm,1,train
${BOSSBASE_ROOT}\cover\7231.pgm,0,train
${BOSSBASE_ROOT}\stego\HILL\0.4bpp\stego\8535.pgm,1,train
${BOSSBASE_ROOT}\stego\HILL\0.4bpp\stego\1045.pgm,1,train
${BOSSBASE_ROOT}\stego\HILL\0.4bpp\stego\764.pgm,1,train
${BOSSBASE_ROOT}\stego\HILL\0.4bpp\stego\4594.pgm,1,train
${BOSSBASE_ROOT}\stego\HILL\0.4bpp\stego\8617.pgm,1,train
${BOSSBASE_ROOT}\stego\HILL\0.4bpp\stego\1115.pgm,1,train
${BOSSBASE_ROOT}\stego\HILL\0.4bpp\stego\8357.pgm,1,train
${BOSSBASE_ROOT}\cover\9114.pgm,0,train
${BOSSBASE_ROOT}\cover\4309.pgm,0,train
${BOSSBASE_ROOT}\stego\HILL\0.4bpp\stego\8200.pgm,1,train
${BOSSBASE_ROOT}\cover\1447.pgm,0,train
${BOSSBASE_ROOT}\stego\HILL\0.4bpp\stego\466.pgm,1,train
${BOSSBASE_ROOT}\cover\7459.pgm,0,train
${BOSSBASE_ROOT}\cover\9215.pgm,0,train
${BOSSBASE_ROOT}\cover\7637.pgm,0,train
${BOSSBASE_ROOT}\stego\HILL\0.4bpp\stego\684.pgm,1,train
${BOSSBASE_ROOT}\stego\HILL\0.4bpp\stego\8187.pgm,1,train
${BOSSBASE_ROOT}\stego\HILL\0.4bpp\stego\1328.pgm,1,train
${BOSSBASE_ROOT}\stego\HILL\0.4bpp\stego\94.pgm,1,train
${BOSSBASE_ROOT}\cover\1248.pgm,0,train
${BOSSBASE_ROOT}\stego\HILL\0.4bpp\stego\8829.pgm,1,train
${BOSSBASE_ROOT}\stego\HILL\0.4bpp\stego\483.pgm,1,train
${BOSSBASE_ROOT}\stego\HILL\0.4bpp\stego\7208.pgm,1,train
${BOSSBASE_ROOT}\cover\1350.pgm,0,train
${BOSSBASE_ROOT}\stego\HILL\0.4bpp\stego\7742.pgm,1,train
${BOSSBASE_ROOT}\stego\HILL\0.4bpp\stego\733.pgm,1,train
${BOSSBASE_ROOT}\cover\972.pgm,0,train
${BOSSBASE_ROOT}\stego\HILL\0.4bpp\stego\219.pgm,1,train
${BOSSBASE_ROOT}\cover\1629.pgm,0,train
${BOSSBASE_ROOT}\cover\1204.pgm,0,train
${BOSSBASE_ROOT}\stego\HILL\0.4bpp\stego\5133.pgm,1,train
${BOSSBASE_ROOT}\cover\3534.pgm,0,train
${BOSSBASE_ROOT}\stego\HILL\0.4bpp\stego\4283.pgm,1,train
${BOSSBASE_ROOT}\cover\282.pgm,0,train
${BOSSBASE_ROOT}\stego\HILL\0.4bpp\stego\4153.pgm,1,train
${BOSSBASE_ROOT}\cover\7197.pgm,0,train
${BOSSBASE_ROOT}\stego\HILL\0.4bpp\stego\277.pgm,1,train
${BOSSBASE_ROOT}\stego\HILL\0.4bpp\stego\7275.pgm,1,train
${BOSSBASE_ROOT}\cover\4862.pgm,0,train
${BOSSBASE_ROOT}\stego\HILL\0.4bpp\stego\3545.pgm,1,train
${BOSSBASE_ROOT}\stego\HILL\0.4bpp\stego\1688.pgm,1,train
${BOSSBASE_ROOT}\cover\5432.pgm,0,train
${BOSSBASE_ROOT}\stego\HILL\0.4bpp\stego\7384.pgm,1,train
${BOSSBASE_ROOT}\cover\3020.pgm,0,train
${BOSSBASE_ROOT}\stego\HILL\0.4bpp\stego\3793.pgm,1,train
${BOSSBASE_ROOT}\stego\HILL\0.4bpp\stego\8530.pgm,1,train
${BOSSBASE_ROOT}\cover\8144.pgm,0,train
${BOSSBASE_ROOT}\stego\HILL\0.4bpp\stego\9243.pgm,1,train
${BOSSBASE_ROOT}\cover\3498.pgm,0,train
${BOSSBASE_ROOT}\cover\8837.pgm,0,train
${BOSSBASE_ROOT}\cover\8074.pgm,0,train
${BOSSBASE_ROOT}\stego\HILL\0.4bpp\stego\7016.pgm,1,train
${BOSSBASE_ROOT}\stego\HILL\0.4bpp\stego\1403.pgm,1,train
${BOSSBASE_ROOT}\stego\HILL\0.4bpp\stego\9813.pgm,1,train
${BOSSBASE_ROOT}\stego\HILL\0.4bpp\stego\9139.pgm,1,train
${BOSSBASE_ROOT}\stego\HILL\0.4bpp\stego\1787.pgm,1,train
${BOSSBASE_ROOT}\stego\HILL\0.4bpp\stego\834.pgm,1,train
${BOSSBASE_ROOT}\cover\7032.pgm,0,train
${BOSSBASE_ROOT}\stego\HILL\0.4bpp\stego\140.pgm,1,train
${BOSSBASE_ROOT}\cover\2269.pgm,0,train
${BOSSBASE_ROOT}\cover\6960.pgm,0,train
${BOSSBASE_ROOT}\cover\1771.pgm,0,train
${BOSSBASE_ROOT}\stego\HILL\0.4bpp\stego\9849.pgm,1,train
${BOSSBASE_ROOT}\cover\7338.pgm,0,train
${BOSSBASE_ROOT}\stego\HILL\0.4bpp\stego\1196.pgm,1,train
${BOSSBASE_ROOT}\cover\9533.pgm,0,train
${BOSSBASE_ROOT}\cover\1784.pgm,0,train
${BOSSBASE_ROOT}\cover\2492.pgm,0,train
${BOSSBASE_ROOT}\cover\5471.pgm,0,train
${BOSSBASE_ROOT}\stego\HILL\0.4bpp\stego\241.pgm,1,train
${BOSSBASE_ROOT}\stego\HILL\0.4bpp\stego\4718.pgm,1,train
${BOSSBASE_ROOT}\stego\HILL\0.4bpp\stego\4138.pgm,1,train
${BOSSBASE_ROOT}\stego\HILL\0.4bpp\stego\7641.pgm,1,train
${BOSSBASE_ROOT}\cover\1.pgm,0,train
${BOSSBASE_ROOT}\cover\2383.pgm,0,train
${BOSSBASE_ROOT}\cover\6468.pgm,0,train
${BOSSBASE_ROOT}\cover\3713.pgm,0,train
${BOSSBASE_ROOT}\cover\8351.pgm,0,train
${BOSSBASE_ROOT}\cover\8444.pgm,0,train
${BOSSBASE_ROOT}\cover\5552.pgm,0,train
${BOSSBASE_ROOT}\stego\HILL\0.4bpp\stego\2425.pgm,1,train
${BOSSBASE_ROOT}\stego\HILL\0.4bpp\stego\3791.pgm,1,train
${BOSSBASE_ROOT}\cover\4353.pgm,0,train
${BOSSBASE_ROOT}\stego\HILL\0.4bpp\stego\2758.pgm,1,train
${BOSSBASE_ROOT}\cover\2930.pgm,0,train
${BOSSBASE_ROOT}\stego\HILL\0.4bpp\stego\9428.pgm,1,train
${BOSSBASE_ROOT}\cover\670.pgm,0,train
${BOSSBASE_ROOT}\cover\6257.pgm,0,train
${BOSSBASE_ROOT}\stego\HILL\0.4bpp\stego\8058.pgm,1,train
${BOSSBASE_ROOT}\stego\HILL\0.4bpp\stego\3147.pgm,1,train
${BOSSBASE_ROOT}\stego\HILL\0.4bpp\stego\7295.pgm,1,train
${BOSSBASE_ROOT}\cover\7185.pgm,0,train
${BOSSBASE_ROOT}\stego\HILL\0.4bpp\stego\5451.pgm,1,train
${BOSSBASE_ROOT}\stego\HILL\0.4bpp\stego\5308.pgm,1,train
${BOSSBASE_ROOT}\cover\664.pgm,0,train
${BOSSBASE_ROOT}\cover\4638.pgm,0,train
${BOSSBASE_ROOT}\stego\HILL\0.4bpp\stego\1015.pgm,1,train
${BOSSBASE_ROOT}\cover\2577.pgm,0,train
${BOSSBASE_ROOT}\stego\HILL\0.4bpp\stego\695.pgm,1,train
${BOSSBASE_ROOT}\cover\1382.pgm,0,train
${BOSSBASE_ROOT}\cover\2778.pgm,0,train
${BOSSBASE_ROOT}\stego\HILL\0.4bpp\stego\9598.pgm,1,train
${BOSSBASE_ROOT}\cover\2072.pgm,0,train
${BOSSBASE_ROOT}\stego\HILL\0.4bpp\stego\9880.pgm,1,train
${BOSSBASE_ROOT}\stego\HILL\0.4bpp\stego\9667.pgm,1,train
${BOSSBASE_ROOT}\stego\HILL\0.4bpp\stego\361.pgm,1,train
${BOSSBASE_ROOT}\stego\HILL\0.4bpp\stego\1044.pgm,1,train
${BOSSBASE_ROOT}\cover\971.pgm,0,train
${BOSSBASE_ROOT}\cover\9041.pgm,0,train
${BOSSBASE_ROOT}\cover\619.pgm,0,train
${BOSSBASE_ROOT}\stego\HILL\0.4bpp\stego\9174.pgm,1,train
${BOSSBASE_ROOT}\cover\4762.pgm,0,train
${BOSSBASE_ROOT}\stego\HILL\0.4bpp\stego\1318.pgm,1,train
${BOSSBASE_ROOT}\cover\7155.pgm,0,train
${BOSSBASE_ROOT}\stego\HILL\0.4bpp\stego\4238.pgm,1,train
${BOSSBASE_ROOT}\cover\6392.pgm,0,train
${BOSSBASE_ROOT}\stego\HILL\0.4bpp\stego\8926.pgm,1,train
${BOSSBASE_ROOT}\cover\2338.pgm,0,train
${BOSSBASE_ROOT}\cover\8334.pgm,0,train
${BOSSBASE_ROOT}\stego\HILL\0.4bpp\stego\4708.pgm,1,train
${BOSSBASE_ROOT}\stego\HILL\0.4bpp\stego\982.pgm,1,train
${BOSSBASE_ROOT}\stego\HILL\0.4bpp\stego\433.pgm,1,train
${BOSSBASE_ROOT}\cover\5894.pgm,0,train
${BOSSBASE_ROOT}\stego\HILL\0.4bpp\stego\9701.pgm,1,train
${BOSSBASE_ROOT}\cover\3495.pgm,0,train
${BOSSBASE_ROOT}\cover\2312.pgm,0,train
${BOSSBASE_ROOT}\stego\HILL\0.4bpp\stego\8447.pgm,1,train
${BOSSBASE_ROOT}\cover\3678.pgm,0,train
${BOSSBASE_ROOT}\stego\HILL\0.4bpp\stego\288.pgm,1,train
${BOSSBASE_ROOT}\stego\HILL\0.4bpp\stego\7135.pgm,1,train
${BOSSBASE_ROOT}\stego\HILL\0.4bpp\stego\2986.pgm,1,train
${BOSSBASE_ROOT}\cover\6878.pgm,0,train
${BOSSBASE_ROOT}\stego\HILL\0.4bpp\stego\7156.pgm,1,train
${BOSSBASE_ROOT}\stego\HILL\0.4bpp\stego\4460.pgm,1,train
${BOSSBASE_ROOT}\stego\HILL\0.4bpp\stego\3447.pgm,1,train
${BOSSBASE_ROOT}\cover\3048.pgm,0,train
${BOSSBASE_ROOT}\cover\936.pgm,0,train
${BOSSBASE_ROOT}\stego\HILL\0.4bpp\stego\1823.pgm,1,train
${BOSSBASE_ROOT}\cover\2624.pgm,0,train
${BOSSBASE_ROOT}\cover\8849.pgm,0,train
${BOSSBASE_ROOT}\stego\HILL\0.4bpp\stego\3788.pgm,1,train
${BOSSBASE_ROOT}\cover\1716.pgm,0,train
${BOSSBASE_ROOT}\cover\9191.pgm,0,train
${BOSSBASE_ROOT}\cover\3311.pgm,0,train
${BOSSBASE_ROOT}\cover\9968.pgm,0,train
${BOSSBASE_ROOT}\cover\8284.pgm,0,train
${BOSSBASE_ROOT}\cover\9941.pgm,0,train
${BOSSBASE_ROOT}\stego\HILL\0.4bpp\stego\3152.pgm,1,train
${BOSSBASE_ROOT}\cover\7260.pgm,0,train
${BOSSBASE_ROOT}\stego\HILL\0.4bpp\stego\7842.pgm,1,train
${BOSSBASE_ROOT}\stego\HILL\0.4bpp\stego\5177.pgm,1,train
${BOSSBASE_ROOT}\cover\6344.pgm,0,train
${BOSSBASE_ROOT}\cover\7168.pgm,0,train
${BOSSBASE_ROOT}\stego\HILL\0.4bpp\stego\7091.pgm,1,train
${BOSSBASE_ROOT}\stego\HILL\0.4bpp\stego\8191.pgm,1,train
${BOSSBASE_ROOT}\stego\HILL\0.4bpp\stego\8636.pgm,1,train
${BOSSBASE_ROOT}\stego\HILL\0.4bpp\stego\6810.pgm,1,train
${BOSSBASE_ROOT}\stego\HILL\0.4bpp\stego\2888.pgm,1,train
${BOSSBASE_ROOT}\cover\8160.pgm,0,train
${BOSSBASE_ROOT}\stego\HILL\0.4bpp\stego\1591.pgm,1,train
${BOSSBASE_ROOT}\cover\952.pgm,0,train
${BOSSBASE_ROOT}\stego\HILL\0.4bpp\stego\3226.pgm,1,train
${BOSSBASE_ROOT}\stego\HILL\0.4bpp\stego\4885.pgm,1,train
${BOSSBASE_ROOT}\stego\HILL\0.4bpp\stego\6075.pgm,1,train
${BOSSBASE_ROOT}\cover\1631.pgm,0,train
${BOSSBASE_ROOT}\stego\HILL\0.4bpp\stego\9888.pgm,1,train
${BOSSBASE_ROOT}\cover\8363.pgm,0,train
${BOSSBASE_ROOT}\cover\7404.pgm,0,train
${BOSSBASE_ROOT}\stego\HILL\0.4bpp\stego\3921.pgm,1,train
${BOSSBASE_ROOT}\cover\5240.pgm,0,train
${BOSSBASE_ROOT}\cover\5654.pgm,0,train
${BOSSBASE_ROOT}\cover\8409.pgm,0,train
${BOSSBASE_ROOT}\cover\7309.pgm,0,train
${BOSSBASE_ROOT}\cover\8847.pgm,0,train
${BOSSBASE_ROOT}\stego\HILL\0.4bpp\stego\8516.pgm,1,train
${BOSSBASE_ROOT}\cover\2339.pgm,0,train
${BOSSBASE_ROOT}\stego\HILL\0.4bpp\stego\4714.pgm,1,train
${BOSSBASE_ROOT}\stego\HILL\0.4bpp\stego\6037.pgm,1,train
${BOSSBASE_ROOT}\stego\HILL\0.4bpp\stego\4766.pgm,1,train
${BOSSBASE_ROOT}\cover\5587.pgm,0,train
${BOSSBASE_ROOT}\stego\HILL\0.4bpp\stego\3794.pgm,1,train
${BOSSBASE_ROOT}\stego\HILL\0.4bpp\stego\7761.pgm,1,train
${BOSSBASE_ROOT}\stego\HILL\0.4bpp\stego\719.pgm,1,train
${BOSSBASE_ROOT}\stego\HILL\0.4bpp\stego\791.pgm,1,train
${BOSSBASE_ROOT}\cover\1076.pgm,0,train
${BOSSBASE_ROOT}\cover\2753.pgm,0,train
${BOSSBASE_ROOT}\cover\908.pgm,0,train
${BOSSBASE_ROOT}\cover\6012.pgm,0,train
${BOSSBASE_ROOT}\stego\HILL\0.4bpp\stego\2432.pgm,1,train
${BOSSBASE_ROOT}\cover\2579.pgm,0,train
${BOSSBASE_ROOT}\cover\5130.pgm,0,train
${BOSSBASE_ROOT}\cover\5320.pgm,0,train
${BOSSBASE_ROOT}\stego\HILL\0.4bpp\stego\1936.pgm,1,train
${BOSSBASE_ROOT}\cover\2237.pgm,0,train
${BOSSBASE_ROOT}\cover\4083.pgm,0,train
${BOSSBASE_ROOT}\stego\HILL\0.4bpp\stego\5069.pgm,1,train
${BOSSBASE_ROOT}\stego\HILL\0.4bpp\stego\177.pgm,1,train
${BOSSBASE_ROOT}\cover\7054.pgm,0,train
${BOSSBASE_ROOT}\cover\2426.pgm,0,train
${BOSSBASE_ROOT}\cover\4218.pgm,0,train
${BOSSBASE_ROOT}\cover\3248.pgm,0,train
${BOSSBASE_ROOT}\stego\HILL\0.4bpp\stego\694.pgm,1,train
${BOSSBASE_ROOT}\cover\4367.pgm,0,train
${BOSSBASE_ROOT}\stego\HILL\0.4bpp\stego\7619.pgm,1,train
${BOSSBASE_ROOT}\stego\HILL\0.4bpp\stego\910.pgm,1,train
${BOSSBASE_ROOT}\stego\HILL\0.4bpp\stego\9777.pgm,1,train
${BOSSBASE_ROOT}\stego\HILL\0.4bpp\stego\1175.pgm,1,train
${BOSSBASE_ROOT}\cover\7801.pgm,0,train
${BOSSBASE_ROOT}\stego\HILL\0.4bpp\stego\4940.pgm,1,train
${BOSSBASE_ROOT}\stego\HILL\0.4bpp\stego\2296.pgm,1,train
${BOSSBASE_ROOT}\stego\HILL\0.4bpp\stego\666.pgm,1,train
${BOSSBASE_ROOT}\stego\HILL\0.4bpp\stego\9703.pgm,1,train
${BOSSBASE_ROOT}\cover\3954.pgm,0,train
${BOSSBASE_ROOT}\stego\HILL\0.4bpp\stego\8948.pgm,1,train
${BOSSBASE_ROOT}\cover\7474.pgm,0,train
${BOSSBASE_ROOT}\stego\HILL\0.4bpp\stego\3073.pgm,1,train
${BOSSBASE_ROOT}\stego\HILL\0.4bpp\stego\6229.pgm,1,train
${BOSSBASE_ROOT}\stego\HILL\0.4bpp\stego\1957.pgm,1,train
${BOSSBASE_ROOT}\stego\HILL\0.4bpp\stego\9906.pgm,1,train
${BOSSBASE_ROOT}\stego\HILL\0.4bpp\stego\5337.pgm,1,train
${BOSSBASE_ROOT}\cover\5222.pgm,0,train
${BOSSBASE_ROOT}\stego\HILL\0.4bpp\stego\2402.pgm,1,train
${BOSSBASE_ROOT}\stego\HILL\0.4bpp\stego\341.pgm,1,train
${BOSSBASE_ROOT}\cover\1074.pgm,0,train
${BOSSBASE_ROOT}\cover\1796.pgm,0,train
${BOSSBASE_ROOT}\cover\4474.pgm,0,train
${BOSSBASE_ROOT}\cover\4439.pgm,0,train
${BOSSBASE_ROOT}\cover\1223.pgm,0,train
${BOSSBASE_ROOT}\cover\8863.pgm,0,train
${BOSSBASE_ROOT}\stego\HILL\0.4bpp\stego\9735.pgm,1,train
${BOSSBASE_ROOT}\stego\HILL\0.4bpp\stego\683.pgm,1,train
${BOSSBASE_ROOT}\cover\6783.pgm,0,train
${BOSSBASE_ROOT}\cover\3073.pgm,0,train
${BOSSBASE_ROOT}\stego\HILL\0.4bpp\stego\5346.pgm,1,train
${BOSSBASE_ROOT}\cover\9077.pgm,0,train
${BOSSBASE_ROOT}\stego\HILL\0.4bpp\stego\9731.pgm,1,train
${BOSSBASE_ROOT}\stego\HILL\0.4bpp\stego\699.pgm,1,train
${BOSSBASE_ROOT}\cover\205.pgm,0,train
${BOSSBASE_ROOT}\cover\8177.pgm,0,train
${BOSSBASE_ROOT}\cover\5293.pgm,0,train
${BOSSBASE_ROOT}\cover\7205.pgm,0,train
${BOSSBASE_ROOT}\cover\6944.pgm,0,train
${BOSSBASE_ROOT}\cover\3083.pgm,0,train
${BOSSBASE_ROOT}\stego\HILL\0.4bpp\stego\1432.pgm,1,train
${BOSSBASE_ROOT}\cover\9618.pgm,0,train
${BOSSBASE_ROOT}\cover\5163.pgm,0,train
${BOSSBASE_ROOT}\stego\HILL\0.4bpp\stego\4758.pgm,1,train
${BOSSBASE_ROOT}\cover\5961.pgm,0,train
${BOSSBASE_ROOT}\stego\HILL\0.4bpp\stego\3581.pgm,1,train
${BOSSBASE_ROOT}\stego\HILL\0.4bpp\stego\2091.pgm,1,train
${BOSSBASE_ROOT}\stego\HILL\0.4bpp\stego\1586.pgm,1,train
${BOSSBASE_ROOT}\cover\7447.pgm,0,train
${BOSSBASE_ROOT}\stego\HILL\0.4bpp\stego\7854.pgm,1,train
${BOSSBASE_ROOT}\cover\6256.pgm,0,train
${BOSSBASE_ROOT}\stego\HILL\0.4bpp\stego\5152.pgm,1,train
${BOSSBASE_ROOT}\stego\HILL\0.4bpp\stego\5653.pgm,1,train
${BOSSBASE_ROOT}\stego\HILL\0.4bpp\stego\1555.pgm,1,train
${BOSSBASE_ROOT}\cover\4561.pgm,0,train
${BOSSBASE_ROOT}\stego\HILL\0.4bpp\stego\43.pgm,1,train
${BOSSBASE_ROOT}\stego\HILL\0.4bpp\stego\6241.pgm,1,train
${BOSSBASE_ROOT}\cover\3659.pgm,0,train
${BOSSBASE_ROOT}\cover\6569.pgm,0,train
${BOSSBASE_ROOT}\stego\HILL\0.4bpp\stego\2641.pgm,1,train
${BOSSBASE_ROOT}\stego\HILL\0.4bpp\stego\7129.pgm,1,train
${BOSSBASE_ROOT}\cover\1545.pgm,0,train
${BOSSBASE_ROOT}\cover\3968.pgm,0,train
${BOSSBASE_ROOT}\cover\9255.pgm,0,train
${BOSSBASE_ROOT}\cover\7114.pgm,0,train
${BOSSBASE_ROOT}\cover\1712.pgm,0,train
${BOSSBASE_ROOT}\stego\HILL\0.4bpp\stego\2307.pgm,1,train
${BOSSBASE_ROOT}\stego\HILL\0.4bpp\stego\9443.pgm,1,train
${BOSSBASE_ROOT}\stego\HILL\0.4bpp\stego\9060.pgm,1,train
${BOSSBASE_ROOT}\cover\7888.pgm,0,train
${BOSSBASE_ROOT}\stego\HILL\0.4bpp\stego\6191.pgm,1,train
${BOSSBASE_ROOT}\cover\412.pgm,0,train
${BOSSBASE_ROOT}\cover\9099.pgm,0,train
${BOSSBASE_ROOT}\stego\HILL\0.4bpp\stego\479.pgm,1,train
${BOSSBASE_ROOT}\cover\7209.pgm,0,train
${BOSSBASE_ROOT}\cover\2456.pgm,0,train
${BOSSBASE_ROOT}\stego\HILL\0.4bpp\stego\1741.pgm,1,train
${BOSSBASE_ROOT}\cover\834.pgm,0,train
${BOSSBASE_ROOT}\stego\HILL\0.4bpp\stego\9512.pgm,1,train
${BOSSBASE_ROOT}\stego\HILL\0.4bpp\stego\9325.pgm,1,train
${BOSSBASE_ROOT}\cover\2522.pgm,0,train
${BOSSBASE_ROOT}\cover\7396.pgm,0,train
${BOSSBASE_ROOT}\cover\5641.pgm,0,train
${BOSSBASE_ROOT}\cover\3307.pgm,0,train
${BOSSBASE_ROOT}\cover\4315.pgm,0,train
${BOSSBASE_ROOT}\stego\HILL\0.4bpp\stego\2933.pgm,1,train
${BOSSBASE_ROOT}\cover\2599.pgm,0,train
${BOSSBASE_ROOT}\cover\7822.pgm,0,train
${BOSSBASE_ROOT}\cover\8376.pgm,0,train
${BOSSBASE_ROOT}\cover\2525.pgm,0,train
${BOSSBASE_ROOT}\stego\HILL\0.4bpp\stego\7795.pgm,1,train
${BOSSBASE_ROOT}\cover\3805.pgm,0,train
${BOSSBASE_ROOT}\cover\3649.pgm,0,train
${BOSSBASE_ROOT}\cover\9353.pgm,0,train
${BOSSBASE_ROOT}\stego\HILL\0.4bpp\stego\2467.pgm,1,train
${BOSSBASE_ROOT}\stego\HILL\0.4bpp\stego\8654.pgm,1,train
${BOSSBASE_ROOT}\stego\HILL\0.4bpp\stego\4352.pgm,1,train
${BOSSBASE_ROOT}\cover\1508.pgm,0,train
${BOSSBASE_ROOT}\cover\5501.pgm,0,train
${BOSSBASE_ROOT}\stego\HILL\0.4bpp\stego\1496.pgm,1,train
${BOSSBASE_ROOT}\stego\HILL\0.4bpp\stego\5671.pgm,1,train
${BOSSBASE_ROOT}\cover\4601.pgm,0,train
${BOSSBASE_ROOT}\stego\HILL\0.4bpp\stego\5613.pgm,1,train
${BOSSBASE_ROOT}\stego\HILL\0.4bpp\stego\7865.pgm,1,train
${BOSSBASE_ROOT}\cover\392.pgm,0,train
${BOSSBASE_ROOT}\cover\7070.pgm,0,train
${BOSSBASE_ROOT}\stego\HILL\0.4bpp\stego\9270.pgm,1,train
${BOSSBASE_ROOT}\stego\HILL\0.4bpp\stego\6748.pgm,1,train
${BOSSBASE_ROOT}\stego\HILL\0.4bpp\stego\2031.pgm,1,train
${BOSSBASE_ROOT}\cover\8237.pgm,0,train
${BOSSBASE_ROOT}\cover\7082.pgm,0,train
${BOSSBASE_ROOT}\cover\9531.pgm,0,train
${BOSSBASE_ROOT}\stego\HILL\0.4bpp\stego\2113.pgm,1,train
${BOSSBASE_ROOT}\cover\2631.pgm,0,train
${BOSSBASE_ROOT}\stego\HILL\0.4bpp\stego\3847.pgm,1,train
${BOSSBASE_ROOT}\cover\3906.pgm,0,train
${BOSSBASE_ROOT}\cover\8215.pgm,0,train
${BOSSBASE_ROOT}\cover\9510.pgm,0,train
${BOSSBASE_ROOT}\stego\HILL\0.4bpp\stego\8157.pgm,1,train
${BOSSBASE_ROOT}\stego\HILL\0.4bpp\stego\7356.pgm,1,train
${BOSSBASE_ROOT}\stego\HILL\0.4bpp\stego\1190.pgm,1,train
${BOSSBASE_ROOT}\cover\1178.pgm,0,train
${BOSSBASE_ROOT}\cover\5408.pgm,0,train
${BOSSBASE_ROOT}\stego\HILL\0.4bpp\stego\5128.pgm,1,train
${BOSSBASE_ROOT}\stego\HILL\0.4bpp\stego\2992.pgm,1,train
${BOSSBASE_ROOT}\cover\2506.pgm,0,train
${BOSSBASE_ROOT}\stego\HILL\0.4bpp\stego\5873.pgm,1,train
${BOSSBASE_ROOT}\cover\3560.pgm,0,train
${BOSSBASE_ROOT}\cover\7562.pgm,0,train
${BOSSBASE_ROOT}\stego\HILL\0.4bpp\stego\2996.pgm,1,train
${BOSSBASE_ROOT}\stego\HILL\0.4bpp\stego\9518.pgm,1,train
${BOSSBASE_ROOT}\cover\6066.pgm,0,train
${BOSSBASE_ROOT}\stego\HILL\0.4bpp\stego\6886.pgm,1,train
${BOSSBASE_ROOT}\stego\HILL\0.4bpp\stego\9786.pgm,1,train
${BOSSBASE_ROOT}\stego\HILL\0.4bpp\stego\6926.pgm,1,train
${BOSSBASE_ROOT}\cover\6968.pgm,0,train
${BOSSBASE_ROOT}\stego\HILL\0.4bpp\stego\3861.pgm,1,train
${BOSSBASE_ROOT}\stego\HILL\0.4bpp\stego\8577.pgm,1,train
${BOSSBASE_ROOT}\stego\HILL\0.4bpp\stego\7721.pgm,1,train
${BOSSBASE_ROOT}\cover\1464.pgm,0,train
${BOSSBASE_ROOT}\cover\6230.pgm,0,train
${BOSSBASE_ROOT}\cover\4348.pgm,0,train
${BOSSBASE_ROOT}\stego\HILL\0.4bpp\stego\6359.pgm,1,train
${BOSSBASE_ROOT}\stego\HILL\0.4bpp\stego\9824.pgm,1,train
${BOSSBASE_ROOT}\stego\HILL\0.4bpp\stego\7114.pgm,1,train
${BOSSBASE_ROOT}\stego\HILL\0.4bpp\stego\5421.pgm,1,train
${BOSSBASE_ROOT}\stego\HILL\0.4bpp\stego\9714.pgm,1,train
${BOSSBASE_ROOT}\stego\HILL\0.4bpp\stego\642.pgm,1,train
${BOSSBASE_ROOT}\stego\HILL\0.4bpp\stego\8993.pgm,1,train
${BOSSBASE_ROOT}\cover\1179.pgm,0,train
${BOSSBASE_ROOT}\stego\HILL\0.4bpp\stego\3536.pgm,1,train
${BOSSBASE_ROOT}\cover\6626.pgm,0,train
${BOSSBASE_ROOT}\cover\1096.pgm,0,train
${BOSSBASE_ROOT}\cover\4481.pgm,0,train
${BOSSBASE_ROOT}\cover\4730.pgm,0,train
${BOSSBASE_ROOT}\stego\HILL\0.4bpp\stego\6508.pgm,1,train
${BOSSBASE_ROOT}\stego\HILL\0.4bpp\stego\3342.pgm,1,train
${BOSSBASE_ROOT}\stego\HILL\0.4bpp\stego\9116.pgm,1,train
${BOSSBASE_ROOT}\cover\8596.pgm,0,train
${BOSSBASE_ROOT}\stego\HILL\0.4bpp\stego\5200.pgm,1,train
${BOSSBASE_ROOT}\stego\HILL\0.4bpp\stego\9662.pgm,1,train
${BOSSBASE_ROOT}\stego\HILL\0.4bpp\stego\8166.pgm,1,train
${BOSSBASE_ROOT}\cover\1900.pgm,0,train
${BOSSBASE_ROOT}\cover\865.pgm,0,train
${BOSSBASE_ROOT}\cover\6470.pgm,0,train
${BOSSBASE_ROOT}\stego\HILL\0.4bpp\stego\116.pgm,1,train
${BOSSBASE_ROOT}\cover\8383.pgm,0,train
${BOSSBASE_ROOT}\cover\7638.pgm,0,train
${BOSSBASE_ROOT}\stego\HILL\0.4bpp\stego\6113.pgm,1,train
${BOSSBASE_ROOT}\cover\3496.pgm,0,train
${BOSSBASE_ROOT}\stego\HILL\0.4bpp\stego\209.pgm,1,train
${BOSSBASE_ROOT}\cover\4910.pgm,0,train
${BOSSBASE_ROOT}\stego\HILL\0.4bpp\stego\8341.pgm,1,train
${BOSSBASE_ROOT}\stego\HILL\0.4bpp\stego\3505.pgm,1,train
${BOSSBASE_ROOT}\stego\HILL\0.4bpp\stego\8085.pgm,1,train
${BOSSBASE_ROOT}\cover\5101.pgm,0,train
${BOSSBASE_ROOT}\stego\HILL\0.4bpp\stego\181.pgm,1,train
${BOSSBASE_ROOT}\stego\HILL\0.4bpp\stego\7297.pgm,1,train
${BOSSBASE_ROOT}\cover\6950.pgm,0,train
${BOSSBASE_ROOT}\cover\1071.pgm,0,train
${BOSSBASE_ROOT}\stego\HILL\0.4bpp\stego\6294.pgm,1,train
${BOSSBASE_ROOT}\stego\HILL\0.4bpp\stego\5810.pgm,1,train
${BOSSBASE_ROOT}\cover\3225.pgm,0,train
${BOSSBASE_ROOT}\cover\5892.pgm,0,train
${BOSSBASE_ROOT}\stego\HILL\0.4bpp\stego\3149.pgm,1,train
${BOSSBASE_ROOT}\cover\1210.pgm,0,train
${BOSSBASE_ROOT}\cover\1360.pgm,0,train
${BOSSBASE_ROOT}\cover\8076.pgm,0,train
${BOSSBASE_ROOT}\stego\HILL\0.4bpp\stego\7812.pgm,1,train
${BOSSBASE_ROOT}\stego\HILL\0.4bpp\stego\3801.pgm,1,train
${BOSSBASE_ROOT}\cover\4505.pgm,0,train
${BOSSBASE_ROOT}\stego\HILL\0.4bpp\stego\1191.pgm,1,train
${BOSSBASE_ROOT}\cover\4215.pgm,0,train
${BOSSBASE_ROOT}\stego\HILL\0.4bpp\stego\2348.pgm,1,train
${BOSSBASE_ROOT}\stego\HILL\0.4bpp\stego\1402.pgm,1,train
${BOSSBASE_ROOT}\stego\HILL\0.4bpp\stego\3790.pgm,1,train
${BOSSBASE_ROOT}\stego\HILL\0.4bpp\stego\8555.pgm,1,train
${BOSSBASE_ROOT}\cover\9909.pgm,0,train
${BOSSBASE_ROOT}\stego\HILL\0.4bpp\stego\1952.pgm,1,train
${BOSSBASE_ROOT}\stego\HILL\0.4bpp\stego\7024.pgm,1,train
${BOSSBASE_ROOT}\cover\6229.pgm,0,train
${BOSSBASE_ROOT}\cover\3186.pgm,0,train
${BOSSBASE_ROOT}\stego\HILL\0.4bpp\stego\627.pgm,1,train
${BOSSBASE_ROOT}\cover\3012.pgm,0,train
${BOSSBASE_ROOT}\stego\HILL\0.4bpp\stego\3222.pgm,1,train
${BOSSBASE_ROOT}\stego\HILL\0.4bpp\stego\2415.pgm,1,train
${BOSSBASE_ROOT}\cover\6294.pgm,0,train
${BOSSBASE_ROOT}\stego\HILL\0.4bpp\stego\1355.pgm,1,train
${BOSSBASE_ROOT}\stego\HILL\0.4bpp\stego\3944.pgm,1,train
${BOSSBASE_ROOT}\stego\HILL\0.4bpp\stego\4965.pgm,1,train
${BOSSBASE_ROOT}\stego\HILL\0.4bpp\stego\8944.pgm,1,train
${BOSSBASE_ROOT}\cover\6029.pgm,0,train
${BOSSBASE_ROOT}\stego\HILL\0.4bpp\stego\7916.pgm,1,train
${BOSSBASE_ROOT}\cover\985.pgm,0,train
${BOSSBASE_ROOT}\stego\HILL\0.4bpp\stego\385.pgm,1,train
${BOSSBASE_ROOT}\stego\HILL\0.4bpp\stego\3907.pgm,1,train
${BOSSBASE_ROOT}\cover\1749.pgm,0,train
${BOSSBASE_ROOT}\stego\HILL\0.4bpp\stego\6575.pgm,1,train
${BOSSBASE_ROOT}\stego\HILL\0.4bpp\stego\5098.pgm,1,train
${BOSSBASE_ROOT}\stego\HILL\0.4bpp\stego\2193.pgm,1,train
${BOSSBASE_ROOT}\stego\HILL\0.4bpp\stego\1795.pgm,1,train
${BOSSBASE_ROOT}\cover\6315.pgm,0,train
${BOSSBASE_ROOT}\stego\HILL\0.4bpp\stego\5724.pgm,1,train
${BOSSBASE_ROOT}\cover\636.pgm,0,train
${BOSSBASE_ROOT}\stego\HILL\0.4bpp\stego\2344.pgm,1,train
${BOSSBASE_ROOT}\cover\8061.pgm,0,train
${BOSSBASE_ROOT}\stego\HILL\0.4bpp\stego\3850.pgm,1,train
${BOSSBASE_ROOT}\stego\HILL\0.4bpp\stego\4026.pgm,1,train
${BOSSBASE_ROOT}\stego\HILL\0.4bpp\stego\1052.pgm,1,train
${BOSSBASE_ROOT}\cover\8111.pgm,0,train
${BOSSBASE_ROOT}\stego\HILL\0.4bpp\stego\7217.pgm,1,train
${BOSSBASE_ROOT}\cover\190.pgm,0,train
${BOSSBASE_ROOT}\cover\542.pgm,0,train
${BOSSBASE_ROOT}\cover\626.pgm,0,train
${BOSSBASE_ROOT}\cover\1334.pgm,0,train
${BOSSBASE_ROOT}\cover\7938.pgm,0,train
${BOSSBASE_ROOT}\cover\6296.pgm,0,train
${BOSSBASE_ROOT}\stego\HILL\0.4bpp\stego\5305.pgm,1,train
${BOSSBASE_ROOT}\stego\HILL\0.4bpp\stego\4582.pgm,1,train
${BOSSBASE_ROOT}\stego\HILL\0.4bpp\stego\6234.pgm,1,train
${BOSSBASE_ROOT}\stego\HILL\0.4bpp\stego\1621.pgm,1,train
${BOSSBASE_ROOT}\stego\HILL\0.4bpp\stego\670.pgm,1,train
${BOSSBASE_ROOT}\stego\HILL\0.4bpp\stego\2486.pgm,1,train
${BOSSBASE_ROOT}\cover\5572.pgm,0,train
${BOSSBASE_ROOT}\cover\2909.pgm,0,train
${BOSSBASE_ROOT}\cover\4517.pgm,0,train
${BOSSBASE_ROOT}\stego\HILL\0.4bpp\stego\6731.pgm,1,train
${BOSSBASE_ROOT}\cover\284.pgm,0,train
${BOSSBASE_ROOT}\cover\8612.pgm,0,train
${BOSSBASE_ROOT}\stego\HILL\0.4bpp\stego\1892.pgm,1,train
${BOSSBASE_ROOT}\cover\1995.pgm,0,train
${BOSSBASE_ROOT}\stego\HILL\0.4bpp\stego\6592.pgm,1,train
${BOSSBASE_ROOT}\stego\HILL\0.4bpp\stego\5111.pgm,1,train
${BOSSBASE_ROOT}\cover\4438.pgm,0,train
${BOSSBASE_ROOT}\stego\HILL\0.4bpp\stego\4580.pgm,1,train
${BOSSBASE_ROOT}\stego\HILL\0.4bpp\stego\8195.pgm,1,train
${BOSSBASE_ROOT}\cover\778.pgm,0,train
${BOSSBASE_ROOT}\cover\7673.pgm,0,train
${BOSSBASE_ROOT}\cover\2392.pgm,0,train
${BOSSBASE_ROOT}\stego\HILL\0.4bpp\stego\1882.pgm,1,train
${BOSSBASE_ROOT}\stego\HILL\0.4bpp\stego\9346.pgm,1,train
${BOSSBASE_ROOT}\cover\5156.pgm,0,train
${BOSSBASE_ROOT}\cover\1624.pgm,0,train
${BOSSBASE_ROOT}\stego\HILL\0.4bpp\stego\6474.pgm,1,train
${BOSSBASE_ROOT}\cover\2640.pgm,0,train
${BOSSBASE_ROOT}\stego\HILL\0.4bpp\stego\9246.pgm,1,train
${BOSSBASE_ROOT}\cover\4249.pgm,0,train
${BOSSBASE_ROOT}\stego\HILL\0.4bpp\stego\281.pgm,1,train
${BOSSBASE_ROOT}\stego\HILL\0.4bpp\stego\2666.pgm,1,train
${BOSSBASE_ROOT}\stego\HILL\0.4bpp\stego\4630.pgm,1,train
${BOSSBASE_ROOT}\stego\HILL\0.4bpp\stego\5300.pgm,1,train
${BOSSBASE_ROOT}\cover\7038.pgm,0,train
${BOSSBASE_ROOT}\stego\HILL\0.4bpp\stego\3663.pgm,1,train
${BOSSBASE_ROOT}\stego\HILL\0.4bpp\stego\7656.pgm,1,train
${BOSSBASE_ROOT}\cover\6642.pgm,0,train
${BOSSBASE_ROOT}\cover\2918.pgm,0,train
${BOSSBASE_ROOT}\stego\HILL\0.4bpp\stego\3292.pgm,1,train
${BOSSBASE_ROOT}\stego\HILL\0.4bpp\stego\4586.pgm,1,train
${BOSSBASE_ROOT}\cover\1915.pgm,0,train
${BOSSBASE_ROOT}\stego\HILL\0.4bpp\stego\4985.pgm,1,train
${BOSSBASE_ROOT}\cover\4904.pgm,0,train
${BOSSBASE_ROOT}\cover\6695.pgm,0,train
${BOSSBASE_ROOT}\stego\HILL\0.4bpp\stego\1106.pgm,1,train
${BOSSBASE_ROOT}\stego\HILL\0.4bpp\stego\1495.pgm,1,train
${BOSSBASE_ROOT}\stego\HILL\0.4bpp\stego\4465.pgm,1,train
${BOSSBASE_ROOT}\cover\1194.pgm,0,train
${BOSSBASE_ROOT}\stego\HILL\0.4bpp\stego\4086.pgm,1,train
${BOSSBASE_ROOT}\stego\HILL\0.4bpp\stego\9441.pgm,1,train
${BOSSBASE_ROOT}\cover\9545.pgm,0,train
${BOSSBASE_ROOT}\stego\HILL\0.4bpp\stego\2712.pgm,1,train
${BOSSBASE_ROOT}\cover\7345.pgm,0,train
${BOSSBASE_ROOT}\cover\5093.pgm,0,train
${BOSSBASE_ROOT}\cover\767.pgm,0,train
${BOSSBASE_ROOT}\stego\HILL\0.4bpp\stego\3367.pgm,1,train
${BOSSBASE_ROOT}\stego\HILL\0.4bpp\stego\9266.pgm,1,train
${BOSSBASE_ROOT}\stego\HILL\0.4bpp\stego\3574.pgm,1,train
${BOSSBASE_ROOT}\stego\HILL\0.4bpp\stego\4950.pgm,1,train
${BOSSBASE_ROOT}\cover\8985.pgm,0,train
${BOSSBASE_ROOT}\cover\2878.pgm,0,train
${BOSSBASE_ROOT}\cover\8323.pgm,0,train
${BOSSBASE_ROOT}\stego\HILL\0.4bpp\stego\2847.pgm,1,train
${BOSSBASE_ROOT}\cover\3024.pgm,0,train
${BOSSBASE_ROOT}\stego\HILL\0.4bpp\stego\4330.pgm,1,train
${BOSSBASE_ROOT}\cover\4900.pgm,0,train
${BOSSBASE_ROOT}\stego\HILL\0.4bpp\stego\7345.pgm,1,train
${BOSSBASE_ROOT}\stego\HILL\0.4bpp\stego\9058.pgm,1,train
${BOSSBASE_ROOT}\cover\7576.pgm,0,train
${BOSSBASE_ROOT}\stego\HILL\0.4bpp\stego\6870.pgm,1,train
${BOSSBASE_ROOT}\cover\5698.pgm,0,train
${BOSSBASE_ROOT}\stego\HILL\0.4bpp\stego\9510.pgm,1,train
${BOSSBASE_ROOT}\cover\8660.pgm,0,train
${BOSSBASE_ROOT}\stego\HILL\0.4bpp\stego\1727.pgm,1,train
${BOSSBASE_ROOT}\stego\HILL\0.4bpp\stego\913.pgm,1,train
${BOSSBASE_ROOT}\cover\8077.pgm,0,train
${BOSSBASE_ROOT}\stego\HILL\0.4bpp\stego\7257.pgm,1,train
${BOSSBASE_ROOT}\cover\2265.pgm,0,train
${BOSSBASE_ROOT}\stego\HILL\0.4bpp\stego\6975.pgm,1,train
${BOSSBASE_ROOT}\cover\265.pgm,0,train
${BOSSBASE_ROOT}\cover\7389.pgm,0,train
${BOSSBASE_ROOT}\stego\HILL\0.4bpp\stego\2616.pgm,1,train
${BOSSBASE_ROOT}\cover\9811.pgm,0,train
${BOSSBASE_ROOT}\stego\HILL\0.4bpp\stego\4589.pgm,1,train
${BOSSBASE_ROOT}\stego\HILL\0.4bpp\stego\7657.pgm,1,train
${BOSSBASE_ROOT}\stego\HILL\0.4bpp\stego\2748.pgm,1,train
${BOSSBASE_ROOT}\cover\9308.pgm,0,train
${BOSSBASE_ROOT}\stego\HILL\0.4bpp\stego\903.pgm,1,train
${BOSSBASE_ROOT}\stego\HILL\0.4bpp\stego\7296.pgm,1,train
${BOSSBASE_ROOT}\cover\6375.pgm,0,train
${BOSSBASE_ROOT}\stego\HILL\0.4bpp\stego\8037.pgm,1,train
${BOSSBASE_ROOT}\cover\8458.pgm,0,train
${BOSSBASE_ROOT}\cover\1407.pgm,0,train
${BOSSBASE_ROOT}\stego\HILL\0.4bpp\stego\5416.pgm,1,train
${BOSSBASE_ROOT}\cover\1384.pgm,0,train
${BOSSBASE_ROOT}\cover\6768.pgm,0,train
${BOSSBASE_ROOT}\stego\HILL\0.4bpp\stego\7260.pgm,1,train
${BOSSBASE_ROOT}\stego\HILL\0.4bpp\stego\8169.pgm,1,train
${BOSSBASE_ROOT}\stego\HILL\0.4bpp\stego\6437.pgm,1,train
${BOSSBASE_ROOT}\cover\7912.pgm,0,train
${BOSSBASE_ROOT}\cover\8923.pgm,0,train
${BOSSBASE_ROOT}\stego\HILL\0.4bpp\stego\3161.pgm,1,train
${BOSSBASE_ROOT}\stego\HILL\0.4bpp\stego\7712.pgm,1,train
${BOSSBASE_ROOT}\stego\HILL\0.4bpp\stego\3739.pgm,1,train
${BOSSBASE_ROOT}\stego\HILL\0.4bpp\stego\5121.pgm,1,train
${BOSSBASE_ROOT}\stego\HILL\0.4bpp\stego\2989.pgm,1,train
${BOSSBASE_ROOT}\stego\HILL\0.4bpp\stego\3355.pgm,1,train
${BOSSBASE_ROOT}\stego\HILL\0.4bpp\stego\8059.pgm,1,train
${BOSSBASE_ROOT}\stego\HILL\0.4bpp\stego\1794.pgm,1,train
${BOSSBASE_ROOT}\stego\HILL\0.4bpp\stego\8503.pgm,1,train
${BOSSBASE_ROOT}\cover\1340.pgm,0,train
${BOSSBASE_ROOT}\stego\HILL\0.4bpp\stego\2112.pgm,1,train
${BOSSBASE_ROOT}\cover\9376.pgm,0,train
${BOSSBASE_ROOT}\stego\HILL\0.4bpp\stego\4504.pgm,1,train
${BOSSBASE_ROOT}\stego\HILL\0.4bpp\stego\6231.pgm,1,train
${BOSSBASE_ROOT}\stego\HILL\0.4bpp\stego\2760.pgm,1,train
${BOSSBASE_ROOT}\cover\2399.pgm,0,train
${BOSSBASE_ROOT}\stego\HILL\0.4bpp\stego\2169.pgm,1,train
${BOSSBASE_ROOT}\stego\HILL\0.4bpp\stego\5812.pgm,1,train
${BOSSBASE_ROOT}\cover\3983.pgm,0,train
${BOSSBASE_ROOT}\stego\HILL\0.4bpp\stego\692.pgm,1,train
${BOSSBASE_ROOT}\stego\HILL\0.4bpp\stego\8840.pgm,1,train
${BOSSBASE_ROOT}\cover\6314.pgm,0,train
${BOSSBASE_ROOT}\stego\HILL\0.4bpp\stego\8528.pgm,1,train
${BOSSBASE_ROOT}\stego\HILL\0.4bpp\stego\4359.pgm,1,train
${BOSSBASE_ROOT}\stego\HILL\0.4bpp\stego\8370.pgm,1,train
${BOSSBASE_ROOT}\cover\801.pgm,0,train
${BOSSBASE_ROOT}\stego\HILL\0.4bpp\stego\2740.pgm,1,train
${BOSSBASE_ROOT}\cover\9630.pgm,0,train
${BOSSBASE_ROOT}\stego\HILL\0.4bpp\stego\87.pgm,1,train
${BOSSBASE_ROOT}\stego\HILL\0.4bpp\stego\2145.pgm,1,train
${BOSSBASE_ROOT}\cover\6639.pgm,0,train
${BOSSBASE_ROOT}\cover\5288.pgm,0,train
${BOSSBASE_ROOT}\stego\HILL\0.4bpp\stego\9142.pgm,1,train
${BOSSBASE_ROOT}\stego\HILL\0.4bpp\stego\8941.pgm,1,train
${BOSSBASE_ROOT}\stego\HILL\0.4bpp\stego\1109.pgm,1,train
${BOSSBASE_ROOT}\stego\HILL\0.4bpp\stego\5700.pgm,1,train
${BOSSBASE_ROOT}\cover\323.pgm,0,train
${BOSSBASE_ROOT}\stego\HILL\0.4bpp\stego\830.pgm,1,train
${BOSSBASE_ROOT}\cover\298.pgm,0,train
${BOSSBASE_ROOT}\cover\7050.pgm,0,train
${BOSSBASE_ROOT}\cover\880.pgm,0,train
${BOSSBASE_ROOT}\stego\HILL\0.4bpp\stego\2865.pgm,1,train
${BOSSBASE_ROOT}\cover\4963.pgm,0,train
${BOSSBASE_ROOT}\stego\HILL\0.4bpp\stego\2914.pgm,1,train
${BOSSBASE_ROOT}\stego\HILL\0.4bpp\stego\724.pgm,1,train
${BOSSBASE_ROOT}\stego\HILL\0.4bpp\stego\5262.pgm,1,train
${BOSSBASE_ROOT}\cover\6545.pgm,0,train
${BOSSBASE_ROOT}\cover\503.pgm,0,train
${BOSSBASE_ROOT}\stego\HILL\0.4bpp\stego\6417.pgm,1,train
${BOSSBASE_ROOT}\stego\HILL\0.4bpp\stego\7636.pgm,1,train
${BOSSBASE_ROOT}\stego\HILL\0.4bpp\stego\4183.pgm,1,train
${BOSSBASE_ROOT}\stego\HILL\0.4bpp\stego\8505.pgm,1,train
${BOSSBASE_ROOT}\stego\HILL\0.4bpp\stego\4193.pgm,1,train
${BOSSBASE_ROOT}\cover\6453.pgm,0,train
${BOSSBASE_ROOT}\stego\HILL\0.4bpp\stego\8461.pgm,1,train
${BOSSBASE_ROOT}\stego\HILL\0.4bpp\stego\1767.pgm,1,train
${BOSSBASE_ROOT}\cover\7744.pgm,0,train
${BOSSBASE_ROOT}\cover\4810.pgm,0,train
${BOSSBASE_ROOT}\stego\HILL\0.4bpp\stego\1526.pgm,1,train
${BOSSBASE_ROOT}\stego\HILL\0.4bpp\stego\3343.pgm,1,train
${BOSSBASE_ROOT}\cover\4178.pgm,0,train
${BOSSBASE_ROOT}\cover\1553.pgm,0,train
${BOSSBASE_ROOT}\stego\HILL\0.4bpp\stego\5677.pgm,1,train
${BOSSBASE_ROOT}\cover\4166.pgm,0,train
${BOSSBASE_ROOT}\cover\3886.pgm,0,train
${BOSSBASE_ROOT}\cover\7767.pgm,0,train
${BOSSBASE_ROOT}\stego\HILL\0.4bpp\stego\2046.pgm,1,train
${BOSSBASE_ROOT}\cover\5184.pgm,0,train
${BOSSBASE_ROOT}\cover\8453.pgm,0,train
${BOSSBASE_ROOT}\cover\3887.pgm,0,train
${BOSSBASE_ROOT}\stego\HILL\0.4bpp\stego\9067.pgm,1,train
${BOSSBASE_ROOT}\cover\973.pgm,0,train
${BOSSBASE_ROOT}\cover\9916.pgm,0,train
${BOSSBASE_ROOT}\stego\HILL\0.4bpp\stego\8755.pgm,1,train
${BOSSBASE_ROOT}\stego\HILL\0.4bpp\stego\7348.pgm,1,train
${BOSSBASE_ROOT}\stego\HILL\0.4bpp\stego\1939.pgm,1,train
${BOSSBASE_ROOT}\cover\5529.pgm,0,train
${BOSSBASE_ROOT}\cover\1395.pgm,0,train
${BOSSBASE_ROOT}\cover\4314.pgm,0,train
${BOSSBASE_ROOT}\stego\HILL\0.4bpp\stego\1087.pgm,1,train
${BOSSBASE_ROOT}\cover\1226.pgm,0,train
${BOSSBASE_ROOT}\cover\1145.pgm,0,train
${BOSSBASE_ROOT}\stego\HILL\0.4bpp\stego\9844.pgm,1,train
${BOSSBASE_ROOT}\stego\HILL\0.4bpp\stego\188.pgm,1,train
${BOSSBASE_ROOT}\stego\HILL\0.4bpp\stego\470.pgm,1,train
${BOSSBASE_ROOT}\cover\2344.pgm,0,train
${BOSSBASE_ROOT}\cover\9940.pgm,0,train
${BOSSBASE_ROOT}\stego\HILL\0.4bpp\stego\3641.pgm,1,train
${BOSSBASE_ROOT}\stego\HILL\0.4bpp\stego\1933.pgm,1,train
${BOSSBASE_ROOT}\cover\9640.pgm,0,train
${BOSSBASE_ROOT}\stego\HILL\0.4bpp\stego\5424.pgm,1,train
${BOSSBASE_ROOT}\stego\HILL\0.4bpp\stego\9498.pgm,1,train
${BOSSBASE_ROOT}\cover\9105.pgm,0,train
${BOSSBASE_ROOT}\cover\6961.pgm,0,train
${BOSSBASE_ROOT}\stego\HILL\0.4bpp\stego\6517.pgm,1,train
${BOSSBASE_ROOT}\stego\HILL\0.4bpp\stego\2264.pgm,1,train
${BOSSBASE_ROOT}\cover\9300.pgm,0,train
${BOSSBASE_ROOT}\cover\4874.pgm,0,train
${BOSSBASE_ROOT}\stego\HILL\0.4bpp\stego\4525.pgm,1,train
${BOSSBASE_ROOT}\stego\HILL\0.4bpp\stego\3508.pgm,1,train
${BOSSBASE_ROOT}\stego\HILL\0.4bpp\stego\5944.pgm,1,train
${BOSSBASE_ROOT}\stego\HILL\0.4bpp\stego\1704.pgm,1,train
${BOSSBASE_ROOT}\stego\HILL\0.4bpp\stego\4722.pgm,1,train
${BOSSBASE_ROOT}\stego\HILL\0.4bpp\stego\3639.pgm,1,train
${BOSSBASE_ROOT}\stego\HILL\0.4bpp\stego\6924.pgm,1,train
${BOSSBASE_ROOT}\stego\HILL\0.4bpp\stego\9866.pgm,1,train
${BOSSBASE_ROOT}\cover\5364.pgm,0,train
${BOSSBASE_ROOT}\stego\HILL\0.4bpp\stego\3564.pgm,1,train
${BOSSBASE_ROOT}\stego\HILL\0.4bpp\stego\7064.pgm,1,train
${BOSSBASE_ROOT}\stego\HILL\0.4bpp\stego\3552.pgm,1,train
${BOSSBASE_ROOT}\cover\2974.pgm,0,train
${BOSSBASE_ROOT}\cover\1669.pgm,0,train
${BOSSBASE_ROOT}\cover\4423.pgm,0,train
${BOSSBASE_ROOT}\cover\6845.pgm,0,train
${BOSSBASE_ROOT}\stego\HILL\0.4bpp\stego\5414.pgm,1,train
${BOSSBASE_ROOT}\stego\HILL\0.4bpp\stego\481.pgm,1,train
${BOSSBASE_ROOT}\stego\HILL\0.4bpp\stego\3130.pgm,1,train
${BOSSBASE_ROOT}\cover\740.pgm,0,train
${BOSSBASE_ROOT}\stego\HILL\0.4bpp\stego\4542.pgm,1,train
${BOSSBASE_ROOT}\stego\HILL\0.4bpp\stego\1033.pgm,1,train
${BOSSBASE_ROOT}\stego\HILL\0.4bpp\stego\8119.pgm,1,train
${BOSSBASE_ROOT}\stego\HILL\0.4bpp\stego\9694.pgm,1,train
${BOSSBASE_ROOT}\cover\383.pgm,0,train
${BOSSBASE_ROOT}\cover\1583.pgm,0,train
${BOSSBASE_ROOT}\cover\2695.pgm,0,train
${BOSSBASE_ROOT}\stego\HILL\0.4bpp\stego\2053.pgm,1,train
${BOSSBASE_ROOT}\cover\8254.pgm,0,train
${BOSSBASE_ROOT}\cover\3668.pgm,0,train
${BOSSBASE_ROOT}\stego\HILL\0.4bpp\stego\9679.pgm,1,train
${BOSSBASE_ROOT}\cover\2721.pgm,0,train
${BOSSBASE_ROOT}\stego\HILL\0.4bpp\stego\168.pgm,1,train
${BOSSBASE_ROOT}\stego\HILL\0.4bpp\stego\5993.pgm,1,train
${BOSSBASE_ROOT}\cover\5791.pgm,0,train
${BOSSBASE_ROOT}\stego\HILL\0.4bpp\stego\7801.pgm,1,train
${BOSSBASE_ROOT}\stego\HILL\0.4bpp\stego\9613.pgm,1,train
${BOSSBASE_ROOT}\cover\3813.pgm,0,train
${BOSSBASE_ROOT}\stego\HILL\0.4bpp\stego\245.pgm,1,train
${BOSSBASE_ROOT}\cover\6812.pgm,0,train
${BOSSBASE_ROOT}\cover\2272.pgm,0,train
${BOSSBASE_ROOT}\cover\4156.pgm,0,train
${BOSSBASE_ROOT}\stego\HILL\0.4bpp\stego\5783.pgm,1,train
${BOSSBASE_ROOT}\cover\4826.pgm,0,train
${BOSSBASE_ROOT}\cover\165.pgm,0,train
${BOSSBASE_ROOT}\stego\HILL\0.4bpp\stego\17.pgm,1,train
${BOSSBASE_ROOT}\cover\7871.pgm,0,train
${BOSSBASE_ROOT}\stego\HILL\0.4bpp\stego\6645.pgm,1,train
${BOSSBASE_ROOT}\cover\3822.pgm,0,train
${BOSSBASE_ROOT}\cover\6962.pgm,0,train
${BOSSBASE_ROOT}\cover\2734.pgm,0,train
${BOSSBASE_ROOT}\stego\HILL\0.4bpp\stego\9081.pgm,1,train
${BOSSBASE_ROOT}\stego\HILL\0.4bpp\stego\5737.pgm,1,train
${BOSSBASE_ROOT}\cover\6932.pgm,0,train
${BOSSBASE_ROOT}\cover\2790.pgm,0,train
${BOSSBASE_ROOT}\stego\HILL\0.4bpp\stego\3181.pgm,1,train
${BOSSBASE_ROOT}\cover\406.pgm,0,train
${BOSSBASE_ROOT}\cover\8816.pgm,0,train
${BOSSBASE_ROOT}\cover\7763.pgm,0,train
${BOSSBASE_ROOT}\cover\5783.pgm,0,train
${BOSSBASE_ROOT}\cover\5610.pgm,0,train
${BOSSBASE_ROOT}\cover\3381.pgm,0,train
${BOSSBASE_ROOT}\stego\HILL\0.4bpp\stego\6089.pgm,1,train
${BOSSBASE_ROOT}\stego\HILL\0.4bpp\stego\873.pgm,1,train
${BOSSBASE_ROOT}\cover\3003.pgm,0,train
${BOSSBASE_ROOT}\stego\HILL\0.4bpp\stego\6250.pgm,1,train
${BOSSBASE_ROOT}\cover\9372.pgm,0,train
${BOSSBASE_ROOT}\stego\HILL\0.4bpp\stego\9019.pgm,1,train
${BOSSBASE_ROOT}\cover\6136.pgm,0,train
${BOSSBASE_ROOT}\cover\3779.pgm,0,train
${BOSSBASE_ROOT}\cover\3995.pgm,0,train
${BOSSBASE_ROOT}\stego\HILL\0.4bpp\stego\6033.pgm,1,train
${BOSSBASE_ROOT}\cover\7527.pgm,0,train
${BOSSBASE_ROOT}\cover\5562.pgm,0,train
${BOSSBASE_ROOT}\stego\HILL\0.4bpp\stego\4402.pgm,1,train
${BOSSBASE_ROOT}\cover\6362.pgm,0,train
${BOSSBASE_ROOT}\stego\HILL\0.4bpp\stego\8831.pgm,1,train
${BOSSBASE_ROOT}\stego\HILL\0.4bpp\stego\8909.pgm,1,train
${BOSSBASE_ROOT}\stego\HILL\0.4bpp\stego\5568.pgm,1,train
${BOSSBASE_ROOT}\cover\3614.pgm,0,train
${BOSSBASE_ROOT}\cover\2792.pgm,0,train
${BOSSBASE_ROOT}\stego\HILL\0.4bpp\stego\4168.pgm,1,train
${BOSSBASE_ROOT}\cover\6251.pgm,0,train
${BOSSBASE_ROOT}\stego\HILL\0.4bpp\stego\3487.pgm,1,train
${BOSSBASE_ROOT}\stego\HILL\0.4bpp\stego\9719.pgm,1,train
${BOSSBASE_ROOT}\stego\HILL\0.4bpp\stego\9158.pgm,1,train
${BOSSBASE_ROOT}\stego\HILL\0.4bpp\stego\9452.pgm,1,train
${BOSSBASE_ROOT}\cover\3317.pgm,0,train
${BOSSBASE_ROOT}\cover\462.pgm,0,train
${BOSSBASE_ROOT}\cover\6240.pgm,0,train
${BOSSBASE_ROOT}\cover\321.pgm,0,train
${BOSSBASE_ROOT}\stego\HILL\0.4bpp\stego\5706.pgm,1,train
${BOSSBASE_ROOT}\stego\HILL\0.4bpp\stego\845.pgm,1,train
${BOSSBASE_ROOT}\cover\1773.pgm,0,train
${BOSSBASE_ROOT}\stego\HILL\0.4bpp\stego\1810.pgm,1,train
${BOSSBASE_ROOT}\cover\9592.pgm,0,train
${BOSSBASE_ROOT}\stego\HILL\0.4bpp\stego\1966.pgm,1,train
${BOSSBASE_ROOT}\stego\HILL\0.4bpp\stego\292.pgm,1,train
${BOSSBASE_ROOT}\cover\5488.pgm,0,train
${BOSSBASE_ROOT}\stego\HILL\0.4bpp\stego\9634.pgm,1,train
${BOSSBASE_ROOT}\stego\HILL\0.4bpp\stego\2687.pgm,1,train
${BOSSBASE_ROOT}\cover\5798.pgm,0,train
${BOSSBASE_ROOT}\stego\HILL\0.4bpp\stego\7007.pgm,1,train
${BOSSBASE_ROOT}\stego\HILL\0.4bpp\stego\1854.pgm,1,train
${BOSSBASE_ROOT}\stego\HILL\0.4bpp\stego\7402.pgm,1,train
${BOSSBASE_ROOT}\stego\HILL\0.4bpp\stego\5319.pgm,1,train
${BOSSBASE_ROOT}\cover\6655.pgm,0,train
${BOSSBASE_ROOT}\cover\3873.pgm,0,train
${BOSSBASE_ROOT}\stego\HILL\0.4bpp\stego\6045.pgm,1,train
${BOSSBASE_ROOT}\cover\1454.pgm,0,train
${BOSSBASE_ROOT}\cover\8429.pgm,0,train
${BOSSBASE_ROOT}\cover\2954.pgm,0,train
${BOSSBASE_ROOT}\cover\5172.pgm,0,train
${BOSSBASE_ROOT}\cover\7539.pgm,0,train
${BOSSBASE_ROOT}\cover\3550.pgm,0,train
${BOSSBASE_ROOT}\stego\HILL\0.4bpp\stego\8276.pgm,1,train
${BOSSBASE_ROOT}\stego\HILL\0.4bpp\stego\1549.pgm,1,train
${BOSSBASE_ROOT}\stego\HILL\0.4bpp\stego\9082.pgm,1,train
${BOSSBASE_ROOT}\cover\4469.pgm,0,train
${BOSSBASE_ROOT}\cover\6106.pgm,0,train
${BOSSBASE_ROOT}\stego\HILL\0.4bpp\stego\3213.pgm,1,train
${BOSSBASE_ROOT}\stego\HILL\0.4bpp\stego\3249.pgm,1,train
${BOSSBASE_ROOT}\stego\HILL\0.4bpp\stego\4331.pgm,1,train
${BOSSBASE_ROOT}\cover\9854.pgm,0,train
${BOSSBASE_ROOT}\stego\HILL\0.4bpp\stego\190.pgm,1,train
${BOSSBASE_ROOT}\cover\8686.pgm,0,train
${BOSSBASE_ROOT}\cover\2700.pgm,0,train
${BOSSBASE_ROOT}\cover\2305.pgm,0,train
${BOSSBASE_ROOT}\stego\HILL\0.4bpp\stego\8483.pgm,1,train
${BOSSBASE_ROOT}\stego\HILL\0.4bpp\stego\9052.pgm,1,train
${BOSSBASE_ROOT}\stego\HILL\0.4bpp\stego\2174.pgm,1,train
${BOSSBASE_ROOT}\stego\HILL\0.4bpp\stego\2787.pgm,1,train
${BOSSBASE_ROOT}\stego\HILL\0.4bpp\stego\6996.pgm,1,train
${BOSSBASE_ROOT}\cover\3044.pgm,0,train
${BOSSBASE_ROOT}\stego\HILL\0.4bpp\stego\58.pgm,1,train
${BOSSBASE_ROOT}\cover\5584.pgm,0,train
${BOSSBASE_ROOT}\cover\9758.pgm,0,train
${BOSSBASE_ROOT}\cover\3531.pgm,0,train
${BOSSBASE_ROOT}\stego\HILL\0.4bpp\stego\412.pgm,1,train
${BOSSBASE_ROOT}\cover\5650.pgm,0,train
${BOSSBASE_ROOT}\stego\HILL\0.4bpp\stego\2184.pgm,1,train
${BOSSBASE_ROOT}\stego\HILL\0.4bpp\stego\6005.pgm,1,train
${BOSSBASE_ROOT}\stego\HILL\0.4bpp\stego\4307.pgm,1,train
${BOSSBASE_ROOT}\stego\HILL\0.4bpp\stego\9403.pgm,1,train
${BOSSBASE_ROOT}\cover\1992.pgm,0,train
${BOSSBASE_ROOT}\stego\HILL\0.4bpp\stego\6177.pgm,1,train
${BOSSBASE_ROOT}\stego\HILL\0.4bpp\stego\3961.pgm,1,train
${BOSSBASE_ROOT}\cover\9290.pgm,0,train
${BOSSBASE_ROOT}\cover\1681.pgm,0,train
${BOSSBASE_ROOT}\stego\HILL\0.4bpp\stego\6584.pgm,1,train
${BOSSBASE_ROOT}\cover\6530.pgm,0,train
${BOSSBASE_ROOT}\stego\HILL\0.4bpp\stego\8388.pgm,1,train
${BOSSBASE_ROOT}\stego\HILL\0.4bpp\stego\9892.pgm,1,train
${BOSSBASE_ROOT}\stego\HILL\0.4bpp\stego\4735.pgm,1,train
${BOSSBASE_ROOT}\stego\HILL\0.4bpp\stego\9099.pgm,1,train
${BOSSBASE_ROOT}\cover\3351.pgm,0,train
${BOSSBASE_ROOT}\cover\4798.pgm,0,train
${BOSSBASE_ROOT}\stego\HILL\0.4bpp\stego\8147.pgm,1,train
${BOSSBASE_ROOT}\cover\8749.pgm,0,train
${BOSSBASE_ROOT}\stego\HILL\0.4bpp\stego\9151.pgm,1,train
${BOSSBASE_ROOT}\stego\HILL\0.4bpp\stego\3963.pgm,1,train
${BOSSBASE_ROOT}\stego\HILL\0.4bpp\stego\4149.pgm,1,train
${BOSSBASE_ROOT}\cover\7695.pgm,0,train
${BOSSBASE_ROOT}\stego\HILL\0.4bpp\stego\9482.pgm,1,train
${BOSSBASE_ROOT}\cover\8025.pgm,0,train
${BOSSBASE_ROOT}\cover\8880.pgm,0,train
${BOSSBASE_ROOT}\stego\HILL\0.4bpp\stego\9344.pgm,1,train
${BOSSBASE_ROOT}\cover\1010.pgm,0,train
${BOSSBASE_ROOT}\cover\5732.pgm,0,train
${BOSSBASE_ROOT}\cover\8252.pgm,0,train
${BOSSBASE_ROOT}\stego\HILL\0.4bpp\stego\8213.pgm,1,train
${BOSSBASE_ROOT}\cover\5682.pgm,0,train
${BOSSBASE_ROOT}\stego\HILL\0.4bpp\stego\5888.pgm,1,train
${BOSSBASE_ROOT}\stego\HILL\0.4bpp\stego\1012.pgm,1,train
${BOSSBASE_ROOT}\cover\981.pgm,0,train
${BOSSBASE_ROOT}\cover\2745.pgm,0,train
${BOSSBASE_ROOT}\cover\8981.pgm,0,train
${BOSSBASE_ROOT}\cover\9577.pgm,0,train
${BOSSBASE_ROOT}\cover\1964.pgm,0,train
${BOSSBASE_ROOT}\stego\HILL\0.4bpp\stego\5357.pgm,1,train
${BOSSBASE_ROOT}\stego\HILL\0.4bpp\stego\4148.pgm,1,train
${BOSSBASE_ROOT}\stego\HILL\0.4bpp\stego\6368.pgm,1,train
${BOSSBASE_ROOT}\cover\686.pgm,0,train
${BOSSBASE_ROOT}\cover\8885.pgm,0,train
${BOSSBASE_ROOT}\cover\4432.pgm,0,train
${BOSSBASE_ROOT}\cover\4241.pgm,0,train
${BOSSBASE_ROOT}\cover\9505.pgm,0,train
${BOSSBASE_ROOT}\stego\HILL\0.4bpp\stego\2969.pgm,1,train
${BOSSBASE_ROOT}\cover\9944.pgm,0,train
${BOSSBASE_ROOT}\cover\7981.pgm,0,train
${BOSSBASE_ROOT}\stego\HILL\0.4bpp\stego\2530.pgm,1,train
${BOSSBASE_ROOT}\stego\HILL\0.4bpp\stego\2671.pgm,1,train
${BOSSBASE_ROOT}\stego\HILL\0.4bpp\stego\4825.pgm,1,train
${BOSSBASE_ROOT}\cover\1470.pgm,0,train
${BOSSBASE_ROOT}\stego\HILL\0.4bpp\stego\7256.pgm,1,train
${BOSSBASE_ROOT}\cover\6104.pgm,0,train
${BOSSBASE_ROOT}\stego\HILL\0.4bpp\stego\8086.pgm,1,train
${BOSSBASE_ROOT}\stego\HILL\0.4bpp\stego\5066.pgm,1,train
${BOSSBASE_ROOT}\cover\1649.pgm,0,train
${BOSSBASE_ROOT}\stego\HILL\0.4bpp\stego\5258.pgm,1,train
${BOSSBASE_ROOT}\cover\9189.pgm,0,train
${BOSSBASE_ROOT}\stego\HILL\0.4bpp\stego\1563.pgm,1,train
${BOSSBASE_ROOT}\stego\HILL\0.4bpp\stego\5711.pgm,1,train
${BOSSBASE_ROOT}\stego\HILL\0.4bpp\stego\3558.pgm,1,train
${BOSSBASE_ROOT}\stego\HILL\0.4bpp\stego\4259.pgm,1,train
${BOSSBASE_ROOT}\stego\HILL\0.4bpp\stego\3655.pgm,1,train
${BOSSBASE_ROOT}\cover\7308.pgm,0,train
${BOSSBASE_ROOT}\stego\HILL\0.4bpp\stego\1922.pgm,1,train
${BOSSBASE_ROOT}\cover\4059.pgm,0,train
${BOSSBASE_ROOT}\stego\HILL\0.4bpp\stego\743.pgm,1,train
${BOSSBASE_ROOT}\cover\7727.pgm,0,train
${BOSSBASE_ROOT}\stego\HILL\0.4bpp\stego\2883.pgm,1,train
${BOSSBASE_ROOT}\stego\HILL\0.4bpp\stego\5402.pgm,1,train
${BOSSBASE_ROOT}\cover\6083.pgm,0,train
${BOSSBASE_ROOT}\stego\HILL\0.4bpp\stego\8361.pgm,1,train
${BOSSBASE_ROOT}\cover\1121.pgm,0,train
${BOSSBASE_ROOT}\cover\2194.pgm,0,train
${BOSSBASE_ROOT}\cover\697.pgm,0,train
${BOSSBASE_ROOT}\cover\5657.pgm,0,train
${BOSSBASE_ROOT}\cover\2202.pgm,0,train
${BOSSBASE_ROOT}\cover\2200.pgm,0,train
${BOSSBASE_ROOT}\stego\HILL\0.4bpp\stego\3191.pgm,1,train
${BOSSBASE_ROOT}\cover\8976.pgm,0,train
${BOSSBASE_ROOT}\cover\5191.pgm,0,train
${BOSSBASE_ROOT}\stego\HILL\0.4bpp\stego\1051.pgm,1,train
${BOSSBASE_ROOT}\stego\HILL\0.4bpp\stego\1973.pgm,1,train
${BOSSBASE_ROOT}\cover\573.pgm,0,train
${BOSSBASE_ROOT}\cover\1186.pgm,0,train
${BOSSBASE_ROOT}\cover\2464.pgm,0,train
${BOSSBASE_ROOT}\cover\3087.pgm,0,train
${BOSSBASE_ROOT}\stego\HILL\0.4bpp\stego\9224.pgm,1,train
${BOSSBASE_ROOT}\stego\HILL\0.4bpp\stego\5403.pgm,1,train
${BOSSBASE_ROOT}\cover\2157.pgm,0,train
${BOSSBASE_ROOT}\cover\6711.pgm,0,train
${BOSSBASE_ROOT}\stego\HILL\0.4bpp\stego\2306.pgm,1,train
${BOSSBASE_ROOT}\cover\3155.pgm,0,train
${BOSSBASE_ROOT}\cover\3895.pgm,0,train
${BOSSBASE_ROOT}\stego\HILL\0.4bpp\stego\3472.pgm,1,train
${BOSSBASE_ROOT}\stego\HILL\0.4bpp\stego\3306.pgm,1,train
${BOSSBASE_ROOT}\stego\HILL\0.4bpp\stego\5159.pgm,1,train
${BOSSBASE_ROOT}\stego\HILL\0.4bpp\stego\5558.pgm,1,train
${BOSSBASE_ROOT}\cover\1893.pgm,0,train
${BOSSBASE_ROOT}\stego\HILL\0.4bpp\stego\2110.pgm,1,train
${BOSSBASE_ROOT}\cover\2660.pgm,0,train
${BOSSBASE_ROOT}\stego\HILL\0.4bpp\stego\8144.pgm,1,train
${BOSSBASE_ROOT}\cover\8738.pgm,0,train
${BOSSBASE_ROOT}\cover\1926.pgm,0,train
${BOSSBASE_ROOT}\cover\846.pgm,0,train
${BOSSBASE_ROOT}\cover\4187.pgm,0,train
${BOSSBASE_ROOT}\stego\HILL\0.4bpp\stego\4115.pgm,1,train
${BOSSBASE_ROOT}\cover\3117.pgm,0,train
${BOSSBASE_ROOT}\stego\HILL\0.4bpp\stego\7418.pgm,1,train
${BOSSBASE_ROOT}\cover\4269.pgm,0,train
${BOSSBASE_ROOT}\cover\4322.pgm,0,train
${BOSSBASE_ROOT}\cover\5052.pgm,0,train
${BOSSBASE_ROOT}\cover\96.pgm,0,train
${BOSSBASE_ROOT}\stego\HILL\0.4bpp\stego\4162.pgm,1,train
${BOSSBASE_ROOT}\cover\3084.pgm,0,train
${BOSSBASE_ROOT}\cover\1056.pgm,0,train
${BOSSBASE_ROOT}\cover\1925.pgm,0,train
${BOSSBASE_ROOT}\cover\3847.pgm,0,train
${BOSSBASE_ROOT}\stego\HILL\0.4bpp\stego\9376.pgm,1,train
${BOSSBASE_ROOT}\stego\HILL\0.4bpp\stego\8448.pgm,1,train
${BOSSBASE_ROOT}\cover\8588.pgm,0,train
${BOSSBASE_ROOT}\stego\HILL\0.4bpp\stego\7834.pgm,1,train
${BOSSBASE_ROOT}\cover\2434.pgm,0,train
${BOSSBASE_ROOT}\stego\HILL\0.4bpp\stego\7956.pgm,1,train
${BOSSBASE_ROOT}\cover\8918.pgm,0,train
${BOSSBASE_ROOT}\stego\HILL\0.4bpp\stego\4284.pgm,1,train
${BOSSBASE_ROOT}\stego\HILL\0.4bpp\stego\8229.pgm,1,train
${BOSSBASE_ROOT}\cover\2527.pgm,0,train
${BOSSBASE_ROOT}\stego\HILL\0.4bpp\stego\3814.pgm,1,train
${BOSSBASE_ROOT}\cover\2612.pgm,0,train
${BOSSBASE_ROOT}\stego\HILL\0.4bpp\stego\6885.pgm,1,train
${BOSSBASE_ROOT}\stego\HILL\0.4bpp\stego\382.pgm,1,train
${BOSSBASE_ROOT}\stego\HILL\0.4bpp\stego\8506.pgm,1,train
${BOSSBASE_ROOT}\stego\HILL\0.4bpp\stego\7680.pgm,1,train
${BOSSBASE_ROOT}\stego\HILL\0.4bpp\stego\78.pgm,1,train
${BOSSBASE_ROOT}\stego\HILL\0.4bpp\stego\7958.pgm,1,train
${BOSSBASE_ROOT}\cover\6814.pgm,0,train
${BOSSBASE_ROOT}\cover\9380.pgm,0,train
${BOSSBASE_ROOT}\stego\HILL\0.4bpp\stego\9629.pgm,1,train
${BOSSBASE_ROOT}\cover\4319.pgm,0,train
${BOSSBASE_ROOT}\cover\5721.pgm,0,train
${BOSSBASE_ROOT}\stego\HILL\0.4bpp\stego\7682.pgm,1,train
${BOSSBASE_ROOT}\stego\HILL\0.4bpp\stego\7378.pgm,1,train
${BOSSBASE_ROOT}\stego\HILL\0.4bpp\stego\1568.pgm,1,train
${BOSSBASE_ROOT}\stego\HILL\0.4bpp\stego\3885.pgm,1,train
${BOSSBASE_ROOT}\stego\HILL\0.4bpp\stego\8750.pgm,1,train
${BOSSBASE_ROOT}\cover\9644.pgm,0,train
${BOSSBASE_ROOT}\stego\HILL\0.4bpp\stego\9566.pgm,1,train
${BOSSBASE_ROOT}\stego\HILL\0.4bpp\stego\1617.pgm,1,train
${BOSSBASE_ROOT}\stego\HILL\0.4bpp\stego\6572.pgm,1,train
${BOSSBASE_ROOT}\cover\9312.pgm,0,train
${BOSSBASE_ROOT}\cover\2154.pgm,0,train
${BOSSBASE_ROOT}\stego\HILL\0.4bpp\stego\3863.pgm,1,train
${BOSSBASE_ROOT}\cover\7590.pgm,0,train
${BOSSBASE_ROOT}\stego\HILL\0.4bpp\stego\2494.pgm,1,train
${BOSSBASE_ROOT}\cover\3812.pgm,0,train
${BOSSBASE_ROOT}\cover\8581.pgm,0,train
${BOSSBASE_ROOT}\stego\HILL\0.4bpp\stego\3450.pgm,1,train
${BOSSBASE_ROOT}\cover\9019.pgm,0,train
${BOSSBASE_ROOT}\cover\1982.pgm,0,train
${BOSSBASE_ROOT}\cover\6617.pgm,0,train
${BOSSBASE_ROOT}\stego\HILL\0.4bpp\stego\8322.pgm,1,train
${BOSSBASE_ROOT}\stego\HILL\0.4bpp\stego\8469.pgm,1,train
${BOSSBASE_ROOT}\cover\3626.pgm,0,train
${BOSSBASE_ROOT}\cover\808.pgm,0,train
${BOSSBASE_ROOT}\stego\HILL\0.4bpp\stego\2078.pgm,1,train
${BOSSBASE_ROOT}\stego\HILL\0.4bpp\stego\5775.pgm,1,train
${BOSSBASE_ROOT}\stego\HILL\0.4bpp\stego\605.pgm,1,train
${BOSSBASE_ROOT}\cover\6277.pgm,0,train
${BOSSBASE_ROOT}\stego\HILL\0.4bpp\stego\4785.pgm,1,train
${BOSSBASE_ROOT}\cover\1593.pgm,0,train
${BOSSBASE_ROOT}\cover\8307.pgm,0,train
${BOSSBASE_ROOT}\stego\HILL\0.4bpp\stego\8511.pgm,1,train
${BOSSBASE_ROOT}\cover\1577.pgm,0,train
${BOSSBASE_ROOT}\stego\HILL\0.4bpp\stego\6876.pgm,1,train
${BOSSBASE_ROOT}\stego\HILL\0.4bpp\stego\1394.pgm,1,train
${BOSSBASE_ROOT}\cover\9923.pgm,0,train
${BOSSBASE_ROOT}\stego\HILL\0.4bpp\stego\9561.pgm,1,train
${BOSSBASE_ROOT}\stego\HILL\0.4bpp\stego\1742.pgm,1,train
${BOSSBASE_ROOT}\stego\HILL\0.4bpp\stego\4712.pgm,1,train
${BOSSBASE_ROOT}\cover\2153.pgm,0,train
${BOSSBASE_ROOT}\cover\5673.pgm,0,train
${BOSSBASE_ROOT}\stego\HILL\0.4bpp\stego\389.pgm,1,train
${BOSSBASE_ROOT}\stego\HILL\0.4bpp\stego\3699.pgm,1,train
${BOSSBASE_ROOT}\stego\HILL\0.4bpp\stego\9766.pgm,1,train
${BOSSBASE_ROOT}\cover\8389.pgm,0,train
${BOSSBASE_ROOT}\cover\1994.pgm,0,train
${BOSSBASE_ROOT}\cover\1140.pgm,0,train
${BOSSBASE_ROOT}\cover\3878.pgm,0,train
${BOSSBASE_ROOT}\cover\4470.pgm,0,train
${BOSSBASE_ROOT}\stego\HILL\0.4bpp\stego\6922.pgm,1,train
${BOSSBASE_ROOT}\stego\HILL\0.4bpp\stego\2980.pgm,1,train
${BOSSBASE_ROOT}\cover\7797.pgm,0,train
${BOSSBASE_ROOT}\stego\HILL\0.4bpp\stego\1925.pgm,1,train
${BOSSBASE_ROOT}\cover\6262.pgm,0,train
${BOSSBASE_ROOT}\stego\HILL\0.4bpp\stego\6447.pgm,1,train
${BOSSBASE_ROOT}\cover\5513.pgm,0,train
${BOSSBASE_ROOT}\cover\9546.pgm,0,train
${BOSSBASE_ROOT}\stego\HILL\0.4bpp\stego\7110.pgm,1,train
${BOSSBASE_ROOT}\cover\3200.pgm,0,train
${BOSSBASE_ROOT}\cover\726.pgm,0,train
${BOSSBASE_ROOT}\stego\HILL\0.4bpp\stego\6704.pgm,1,train
${BOSSBASE_ROOT}\stego\HILL\0.4bpp\stego\7420.pgm,1,train
${BOSSBASE_ROOT}\cover\5809.pgm,0,train
${BOSSBASE_ROOT}\stego\HILL\0.4bpp\stego\9127.pgm,1,train
${BOSSBASE_ROOT}\cover\7682.pgm,0,train
${BOSSBASE_ROOT}\cover\3002.pgm,0,train
${BOSSBASE_ROOT}\cover\7442.pgm,0,train
${BOSSBASE_ROOT}\cover\8425.pgm,0,train
${BOSSBASE_ROOT}\stego\HILL\0.4bpp\stego\1467.pgm,1,train
${BOSSBASE_ROOT}\stego\HILL\0.4bpp\stego\970.pgm,1,train
${BOSSBASE_ROOT}\cover\5365.pgm,0,train
${BOSSBASE_ROOT}\cover\1541.pgm,0,train
${BOSSBASE_ROOT}\cover\6247.pgm,0,train
${BOSSBASE_ROOT}\stego\HILL\0.4bpp\stego\186.pgm,1,train
${BOSSBASE_ROOT}\stego\HILL\0.4bpp\stego\3904.pgm,1,train
${BOSSBASE_ROOT}\cover\1562.pgm,0,train
${BOSSBASE_ROOT}\cover\4943.pgm,0,train
${BOSSBASE_ROOT}\cover\6134.pgm,0,train
${BOSSBASE_ROOT}\cover\4974.pgm,0,train
${BOSSBASE_ROOT}\cover\7544.pgm,0,train
${BOSSBASE_ROOT}\cover\5969.pgm,0,train
${BOSSBASE_ROOT}\cover\6326.pgm,0,train
${BOSSBASE_ROOT}\cover\5078.pgm,0,train
${BOSSBASE_ROOT}\stego\HILL\0.4bpp\stego\9697.pgm,1,train
${BOSSBASE_ROOT}\cover\2105.pgm,0,train
${BOSSBASE_ROOT}\cover\5967.pgm,0,train
${BOSSBASE_ROOT}\stego\HILL\0.4bpp\stego\8916.pgm,1,train
${BOSSBASE_ROOT}\stego\HILL\0.4bpp\stego\9006.pgm,1,train
${BOSSBASE_ROOT}\cover\9598.pgm,0,train
${BOSSBASE_ROOT}\cover\8811.pgm,0,train
${BOSSBASE_ROOT}\cover\9730.pgm,0,train
${BOSSBASE_ROOT}\cover\3105.pgm,0,train
${BOSSBASE_ROOT}\stego\HILL\0.4bpp\stego\1176.pgm,1,train
${BOSSBASE_ROOT}\cover\5239.pgm,0,train
${BOSSBASE_ROOT}\stego\HILL\0.4bpp\stego\6367.pgm,1,train
${BOSSBASE_ROOT}\cover\906.pgm,0,train
${BOSSBASE_ROOT}\stego\HILL\0.4bpp\stego\9181.pgm,1,train
${BOSSBASE_ROOT}\cover\1648.pgm,0,train
${BOSSBASE_ROOT}\cover\1578.pgm,0,train
${BOSSBASE_ROOT}\stego\HILL\0.4bpp\stego\2278.pgm,1,train
${BOSSBASE_ROOT}\cover\5917.pgm,0,train
${BOSSBASE_ROOT}\cover\2309.pgm,0,train
${BOSSBASE_ROOT}\cover\4060.pgm,0,train
${BOSSBASE_ROOT}\stego\HILL\0.4bpp\stego\5594.pgm,1,train
${BOSSBASE_ROOT}\cover\6534.pgm,0,train
${BOSSBASE_ROOT}\stego\HILL\0.4bpp\stego\7986.pgm,1,train
${BOSSBASE_ROOT}\stego\HILL\0.4bpp\stego\568.pgm,1,train
${BOSSBASE_ROOT}\stego\HILL\0.4bpp\stego\2109.pgm,1,train
${BOSSBASE_ROOT}\stego\HILL\0.4bpp\stego\6349.pgm,1,train
${BOSSBASE_ROOT}\stego\HILL\0.4bpp\stego\2357.pgm,1,train
${BOSSBASE_ROOT}\cover\6725.pgm,0,train
${BOSSBASE_ROOT}\stego\HILL\0.4bpp\stego\5722.pgm,1,train
${BOSSBASE_ROOT}\cover\345.pgm,0,train
${BOSSBASE_ROOT}\stego\HILL\0.4bpp\stego\4094.pgm,1,train
${BOSSBASE_ROOT}\stego\HILL\0.4bpp\stego\6083.pgm,1,train
${BOSSBASE_ROOT}\stego\HILL\0.4bpp\stego\8238.pgm,1,train
${BOSSBASE_ROOT}\cover\9538.pgm,0,train
${BOSSBASE_ROOT}\stego\HILL\0.4bpp\stego\6658.pgm,1,train
${BOSSBASE_ROOT}\stego\HILL\0.4bpp\stego\5371.pgm,1,train
${BOSSBASE_ROOT}\stego\HILL\0.4bpp\stego\8839.pgm,1,train
${BOSSBASE_ROOT}\cover\8788.pgm,0,train
${BOSSBASE_ROOT}\cover\9523.pgm,0,train
${BOSSBASE_ROOT}\cover\9120.pgm,0,train
${BOSSBASE_ROOT}\cover\7959.pgm,0,train
${BOSSBASE_ROOT}\cover\3138.pgm,0,train
${BOSSBASE_ROOT}\cover\6353.pgm,0,train
${BOSSBASE_ROOT}\stego\HILL\0.4bpp\stego\7201.pgm,1,train
${BOSSBASE_ROOT}\cover\6082.pgm,0,train
${BOSSBASE_ROOT}\cover\8929.pgm,0,train
${BOSSBASE_ROOT}\stego\HILL\0.4bpp\stego\2919.pgm,1,train
${BOSSBASE_ROOT}\stego\HILL\0.4bpp\stego\6734.pgm,1,train
${BOSSBASE_ROOT}\cover\2463.pgm,0,train
${BOSSBASE_ROOT}\cover\5018.pgm,0,train
${BOSSBASE_ROOT}\stego\HILL\0.4bpp\stego\6186.pgm,1,train
${BOSSBASE_ROOT}\stego\HILL\0.4bpp\stego\9130.pgm,1,train
${BOSSBASE_ROOT}\cover\6259.pgm,0,train
${BOSSBASE_ROOT}\stego\HILL\0.4bpp\stego\1646.pgm,1,train
${BOSSBASE_ROOT}\cover\1725.pgm,0,train
${BOSSBASE_ROOT}\stego\HILL\0.4bpp\stego\6814.pgm,1,train
${BOSSBASE_ROOT}\stego\HILL\0.4bpp\stego\7307.pgm,1,train
${BOSSBASE_ROOT}\stego\HILL\0.4bpp\stego\8230.pgm,1,train
${BOSSBASE_ROOT}\stego\HILL\0.4bpp\stego\5802.pgm,1,train
${BOSSBASE_ROOT}\cover\9371.pgm,0,train
${BOSSBASE_ROOT}\stego\HILL\0.4bpp\stego\266.pgm,1,train
${BOSSBASE_ROOT}\cover\1170.pgm,0,train
${BOSSBASE_ROOT}\stego\HILL\0.4bpp\stego\8308.pgm,1,train
${BOSSBASE_ROOT}\stego\HILL\0.4bpp\stego\7594.pgm,1,train
${BOSSBASE_ROOT}\stego\HILL\0.4bpp\stego\5729.pgm,1,train
${BOSSBASE_ROOT}\stego\HILL\0.4bpp\stego\1171.pgm,1,train
${BOSSBASE_ROOT}\cover\4440.pgm,0,train
${BOSSBASE_ROOT}\cover\9053.pgm,0,train
${BOSSBASE_ROOT}\cover\8703.pgm,0,train
${BOSSBASE_ROOT}\stego\HILL\0.4bpp\stego\8756.pgm,1,train
${BOSSBASE_ROOT}\cover\5022.pgm,0,train
${BOSSBASE_ROOT}\stego\HILL\0.4bpp\stego\3775.pgm,1,train
${BOSSBASE_ROOT}\stego\HILL\0.4bpp\stego\7833.pgm,1,train
${BOSSBASE_ROOT}\stego\HILL\0.4bpp\stego\313.pgm,1,train
${BOSSBASE_ROOT}\stego\HILL\0.4bpp\stego\4951.pgm,1,train
${BOSSBASE_ROOT}\stego\HILL\0.4bpp\stego\3517.pgm,1,train
${BOSSBASE_ROOT}\stego\HILL\0.4bpp\stego\8934.pgm,1,train
${BOSSBASE_ROOT}\cover\3473.pgm,0,train
${BOSSBASE_ROOT}\cover\5125.pgm,0,train
${BOSSBASE_ROOT}\stego\HILL\0.4bpp\stego\6430.pgm,1,train
${BOSSBASE_ROOT}\stego\HILL\0.4bpp\stego\2510.pgm,1,train
${BOSSBASE_ROOT}\stego\HILL\0.4bpp\stego\2011.pgm,1,train
${BOSSBASE_ROOT}\cover\8053.pgm,0,train
${BOSSBASE_ROOT}\cover\2890.pgm,0,train
${BOSSBASE_ROOT}\cover\2316.pgm,0,train
${BOSSBASE_ROOT}\cover\8815.pgm,0,train
${BOSSBASE_ROOT}\cover\1466.pgm,0,train
${BOSSBASE_ROOT}\cover\3047.pgm,0,train
${BOSSBASE_ROOT}\cover\7315.pgm,0,train
${BOSSBASE_ROOT}\cover\3881.pgm,0,train
${BOSSBASE_ROOT}\stego\HILL\0.4bpp\stego\3860.pgm,1,train
${BOSSBASE_ROOT}\cover\2122.pgm,0,train
${BOSSBASE_ROOT}\stego\HILL\0.4bpp\stego\4039.pgm,1,train
${BOSSBASE_ROOT}\stego\HILL\0.4bpp\stego\6121.pgm,1,train
${BOSSBASE_ROOT}\cover\6729.pgm,0,train
${BOSSBASE_ROOT}\stego\HILL\0.4bpp\stego\6133.pgm,1,train
${BOSSBASE_ROOT}\stego\HILL\0.4bpp\stego\5943.pgm,1,train
${BOSSBASE_ROOT}\stego\HILL\0.4bpp\stego\3494.pgm,1,train
${BOSSBASE_ROOT}\cover\1938.pgm,0,train
${BOSSBASE_ROOT}\cover\8624.pgm,0,train
${BOSSBASE_ROOT}\stego\HILL\0.4bpp\stego\4333.pgm,1,train
${BOSSBASE_ROOT}\cover\2056.pgm,0,train
${BOSSBASE_ROOT}\cover\8269.pgm,0,train
${BOSSBASE_ROOT}\cover\3890.pgm,0,train
${BOSSBASE_ROOT}\stego\HILL\0.4bpp\stego\641.pgm,1,train
${BOSSBASE_ROOT}\stego\HILL\0.4bpp\stego\3940.pgm,1,train
${BOSSBASE_ROOT}\stego\HILL\0.4bpp\stego\5655.pgm,1,train
${BOSSBASE_ROOT}\cover\9520.pgm,0,train
${BOSSBASE_ROOT}\stego\HILL\0.4bpp\stego\9898.pgm,1,train
${BOSSBASE_ROOT}\stego\HILL\0.4bpp\stego\5208.pgm,1,train
${BOSSBASE_ROOT}\cover\7490.pgm,0,train
${BOSSBASE_ROOT}\stego\HILL\0.4bpp\stego\7373.pgm,1,train
${BOSSBASE_ROOT}\cover\4706.pgm,0,train
${BOSSBASE_ROOT}\stego\HILL\0.4bpp\stego\1302.pgm,1,train
${BOSSBASE_ROOT}\stego\HILL\0.4bpp\stego\1068.pgm,1,train
${BOSSBASE_ROOT}\cover\7087.pgm,0,train
${BOSSBASE_ROOT}\stego\HILL\0.4bpp\stego\2603.pgm,1,train
${BOSSBASE_ROOT}\cover\2698.pgm,0,train
${BOSSBASE_ROOT}\cover\6021.pgm,0,train
${BOSSBASE_ROOT}\cover\819.pgm,0,train
${BOSSBASE_ROOT}\stego\HILL\0.4bpp\stego\8812.pgm,1,train
${BOSSBASE_ROOT}\cover\1798.pgm,0,train
${BOSSBASE_ROOT}\cover\5354.pgm,0,train
${BOSSBASE_ROOT}\cover\1028.pgm,0,train
${BOSSBASE_ROOT}\stego\HILL\0.4bpp\stego\9447.pgm,1,train
${BOSSBASE_ROOT}\cover\3756.pgm,0,train
${BOSSBASE_ROOT}\cover\3860.pgm,0,train
${BOSSBASE_ROOT}\cover\7929.pgm,0,train
${BOSSBASE_ROOT}\cover\710.pgm,0,train
${BOSSBASE_ROOT}\cover\6672.pgm,0,train
${BOSSBASE_ROOT}\cover\2679.pgm,0,train
${BOSSBASE_ROOT}\cover\3208.pgm,0,train
${BOSSBASE_ROOT}\cover\283.pgm,0,train
${BOSSBASE_ROOT}\stego\HILL\0.4bpp\stego\8976.pgm,1,train
${BOSSBASE_ROOT}\stego\HILL\0.4bpp\stego\3189.pgm,1,train
${BOSSBASE_ROOT}\cover\6510.pgm,0,train
${BOSSBASE_ROOT}\stego\HILL\0.4bpp\stego\4037.pgm,1,train
${BOSSBASE_ROOT}\cover\95.pgm,0,train
${BOSSBASE_ROOT}\stego\HILL\0.4bpp\stego\3425.pgm,1,train
${BOSSBASE_ROOT}\cover\4146.pgm,0,train
${BOSSBASE_ROOT}\stego\HILL\0.4bpp\stego\5597.pgm,1,train
${BOSSBASE_ROOT}\cover\4099.pgm,0,train
${BOSSBASE_ROOT}\cover\7921.pgm,0,train
${BOSSBASE_ROOT}\cover\3875.pgm,0,train
${BOSSBASE_ROOT}\stego\HILL\0.4bpp\stego\3052.pgm,1,train
${BOSSBASE_ROOT}\cover\8482.pgm,0,train
${BOSSBASE_ROOT}\stego\HILL\0.4bpp\stego\7716.pgm,1,train
${BOSSBASE_ROOT}\cover\5263.pgm,0,train
${BOSSBASE_ROOT}\stego\HILL\0.4bpp\stego\6998.pgm,1,train
${BOSSBASE_ROOT}\stego\HILL\0.4bpp\stego\3588.pgm,1,train
${BOSSBASE_ROOT}\cover\6631.pgm,0,train
${BOSSBASE_ROOT}\cover\912.pgm,0,train
${BOSSBASE_ROOT}\stego\HILL\0.4bpp\stego\337.pgm,1,train
${BOSSBASE_ROOT}\cover\3147.pgm,0,train
${BOSSBASE_ROOT}\cover\4553.pgm,0,train
${BOSSBASE_ROOT}\cover\4276.pgm,0,train
${BOSSBASE_ROOT}\cover\9601.pgm,0,train
${BOSSBASE_ROOT}\cover\4425.pgm,0,train
${BOSSBASE_ROOT}\cover\1535.pgm,0,train
${BOSSBASE_ROOT}\stego\HILL\0.4bpp\stego\2778.pgm,1,train
${BOSSBASE_ROOT}\stego\HILL\0.4bpp\stego\5966.pgm,1,train
${BOSSBASE_ROOT}\stego\HILL\0.4bpp\stego\6745.pgm,1,train
${BOSSBASE_ROOT}\cover\8891.pgm,0,train
${BOSSBASE_ROOT}\cover\3156.pgm,0,train
${BOSSBASE_ROOT}\cover\518.pgm,0,train
${BOSSBASE_ROOT}\cover\9608.pgm,0,train
${BOSSBASE_ROOT}\stego\HILL\0.4bpp\stego\2808.pgm,1,train
${BOSSBASE_ROOT}\cover\9560.pgm,0,train
${BOSSBASE_ROOT}\stego\HILL\0.4bpp\stego\1017.pgm,1,train
${BOSSBASE_ROOT}\cover\2155.pgm,0,train
${BOSSBASE_ROOT}\cover\3123.pgm,0,train
${BOSSBASE_ROOT}\stego\HILL\0.4bpp\stego\2103.pgm,1,train
${BOSSBASE_ROOT}\cover\6258.pgm,0,train
${BOSSBASE_ROOT}\stego\HILL\0.4bpp\stego\2632.pgm,1,train
${BOSSBASE_ROOT}\stego\HILL\0.4bpp\stego\4050.pgm,1,train
${BOSSBASE_ROOT}\cover\1841.pgm,0,train
${BOSSBASE_ROOT}\cover\2277.pgm,0,train
${BOSSBASE_ROOT}\cover\7556.pgm,0,train
${BOSSBASE_ROOT}\stego\HILL\0.4bpp\stego\3769.pgm,1,train
${BOSSBASE_ROOT}\cover\305.pgm,0,train
${BOSSBASE_ROOT}\stego\HILL\0.4bpp\stego\9863.pgm,1,train
${BOSSBASE_ROOT}\stego\HILL\0.4bpp\stego\4158.pgm,1,train
${BOSSBASE_ROOT}\cover\3107.pgm,0,train
${BOSSBASE_ROOT}\stego\HILL\0.4bpp\stego\8242.pgm,1,train
${BOSSBASE_ROOT}\stego\HILL\0.4bpp\stego\230.pgm,1,train
${BOSSBASE_ROOT}\cover\7041.pgm,0,train
${BOSSBASE_ROOT}\cover\6115.pgm,0,train
${BOSSBASE_ROOT}\cover\2873.pgm,0,train
${BOSSBASE_ROOT}\cover\5539.pgm,0,train
${BOSSBASE_ROOT}\cover\8071.pgm,0,train
${BOSSBASE_ROOT}\cover\4956.pgm,0,train
${BOSSBASE_ROOT}\cover\3232.pgm,0,train
${BOSSBASE_ROOT}\stego\HILL\0.4bpp\stego\6715.pgm,1,train
${BOSSBASE_ROOT}\stego\HILL\0.4bpp\stego\3063.pgm,1,train
${BOSSBASE_ROOT}\cover\4141.pgm,0,train
${BOSSBASE_ROOT}\cover\9328.pgm,0,train
${BOSSBASE_ROOT}\stego\HILL\0.4bpp\stego\5642.pgm,1,train
${BOSSBASE_ROOT}\cover\5588.pgm,0,train
${BOSSBASE_ROOT}\stego\HILL\0.4bpp\stego\535.pgm,1,train
${BOSSBASE_ROOT}\cover\909.pgm,0,train
${BOSSBASE_ROOT}\cover\9741.pgm,0,train
${BOSSBASE_ROOT}\stego\HILL\0.4bpp\stego\7869.pgm,1,train
${BOSSBASE_ROOT}\cover\6306.pgm,0,train
${BOSSBASE_ROOT}\cover\4704.pgm,0,train
${BOSSBASE_ROOT}\cover\5911.pgm,0,train
${BOSSBASE_ROOT}\cover\8751.pgm,0,train
${BOSSBASE_ROOT}\stego\HILL\0.4bpp\stego\4954.pgm,1,train
${BOSSBASE_ROOT}\cover\6231.pgm,0,train
${BOSSBASE_ROOT}\stego\HILL\0.4bpp\stego\6267.pgm,1,train
${BOSSBASE_ROOT}\cover\817.pgm,0,train
${BOSSBASE_ROOT}\stego\HILL\0.4bpp\stego\3411.pgm,1,train
${BOSSBASE_ROOT}\stego\HILL\0.4bpp\stego\5112.pgm,1,train
${BOSSBASE_ROOT}\cover\564.pgm,0,train
${BOSSBASE_ROOT}\stego\HILL\0.4bpp\stego\5522.pgm,1,train
${BOSSBASE_ROOT}\stego\HILL\0.4bpp\stego\8552.pgm,1,train
${BOSSBASE_ROOT}\cover\8973.pgm,0,train
${BOSSBASE_ROOT}\cover\669.pgm,0,train
${BOSSBASE_ROOT}\cover\6074.pgm,0,train
${BOSSBASE_ROOT}\cover\9064.pgm,0,train
${BOSSBASE_ROOT}\stego\HILL\0.4bpp\stego\2254.pgm,1,train
${BOSSBASE_ROOT}\stego\HILL\0.4bpp\stego\6694.pgm,1,train
${BOSSBASE_ROOT}\stego\HILL\0.4bpp\stego\4773.pgm,1,train
${BOSSBASE_ROOT}\stego\HILL\0.4bpp\stego\8345.pgm,1,train
${BOSSBASE_ROOT}\stego\HILL\0.4bpp\stego\6662.pgm,1,train
${BOSSBASE_ROOT}\cover\7836.pgm,0,train
${BOSSBASE_ROOT}\cover\385.pgm,0,train
${BOSSBASE_ROOT}\cover\3985.pgm,0,train
${BOSSBASE_ROOT}\stego\HILL\0.4bpp\stego\5933.pgm,1,train
${BOSSBASE_ROOT}\stego\HILL\0.4bpp\stego\5097.pgm,1,train
${BOSSBASE_ROOT}\cover\3520.pgm,0,train
${BOSSBASE_ROOT}\cover\7352.pgm,0,train
${BOSSBASE_ROOT}\cover\5876.pgm,0,train
${BOSSBASE_ROOT}\cover\2566.pgm,0,train
${BOSSBASE_ROOT}\stego\HILL\0.4bpp\stego\5909.pgm,1,train
${BOSSBASE_ROOT}\cover\5930.pgm,0,train
${BOSSBASE_ROOT}\cover\7553.pgm,0,train
${BOSSBASE_ROOT}\stego\HILL\0.4bpp\stego\1635.pgm,1,train
${BOSSBASE_ROOT}\cover\6102.pgm,0,train
${BOSSBASE_ROOT}\cover\6599.pgm,0,train
${BOSSBASE_ROOT}\stego\HILL\0.4bpp\stego\1705.pgm,1,train
${BOSSBASE_ROOT}\cover\5724.pgm,0,train
${BOSSBASE_ROOT}\stego\HILL\0.4bpp\stego\4858.pgm,1,train
${BOSSBASE_ROOT}\cover\1989.pgm,0,train
${BOSSBASE_ROOT}\cover\9648.pgm,0,train
${BOSSBASE_ROOT}\stego\HILL\0.4bpp\stego\6546.pgm,1,train
${BOSSBASE_ROOT}\stego\HILL\0.4bpp\stego\5899.pgm,1,train
${BOSSBASE_ROOT}\cover\8969.pgm,0,train
${BOSSBASE_ROOT}\stego\HILL\0.4bpp\stego\5508.pgm,1,train
${BOSSBASE_ROOT}\cover\5765.pgm,0,train
${BOSSBASE_ROOT}\stego\HILL\0.4bpp\stego\9054.pgm,1,train
${BOSSBASE_ROOT}\cover\494.pgm,0,train
${BOSSBASE_ROOT}\stego\HILL\0.4bpp\stego\2930.pgm,1,train
${BOSSBASE_ROOT}\stego\HILL\0.4bpp\stego\4947.pgm,1,train
${BOSSBASE_ROOT}\cover\2012.pgm,0,train
${BOSSBASE_ROOT}\stego\HILL\0.4bpp\stego\2052.pgm,1,train
${BOSSBASE_ROOT}\stego\HILL\0.4bpp\stego\950.pgm,1,train
${BOSSBASE_ROOT}\cover\3114.pgm,0,train
${BOSSBASE_ROOT}\cover\3549.pgm,0,train
${BOSSBASE_ROOT}\stego\HILL\0.4bpp\stego\3807.pgm,1,train
${BOSSBASE_ROOT}\stego\HILL\0.4bpp\stego\6513.pgm,1,train
${BOSSBASE_ROOT}\cover\2595.pgm,0,train
${BOSSBASE_ROOT}\cover\9865.pgm,0,train
${BOSSBASE_ROOT}\stego\HILL\0.4bpp\stego\8491.pgm,1,train
${BOSSBASE_ROOT}\stego\HILL\0.4bpp\stego\6896.pgm,1,train
${BOSSBASE_ROOT}\stego\HILL\0.4bpp\stego\1423.pgm,1,train
${BOSSBASE_ROOT}\cover\3909.pgm,0,train
${BOSSBASE_ROOT}\stego\HILL\0.4bpp\stego\9934.pgm,1,train
${BOSSBASE_ROOT}\stego\HILL\0.4bpp\stego\1881.pgm,1,train
${BOSSBASE_ROOT}\cover\6985.pgm,0,train
${BOSSBASE_ROOT}\cover\9383.pgm,0,train
${BOSSBASE_ROOT}\cover\4764.pgm,0,train
${BOSSBASE_ROOT}\stego\HILL\0.4bpp\stego\1626.pgm,1,train
${BOSSBASE_ROOT}\stego\HILL\0.4bpp\stego\2803.pgm,1,train
${BOSSBASE_ROOT}\cover\30.pgm,0,train
${BOSSBASE_ROOT}\stego\HILL\0.4bpp\stego\4254.pgm,1,train
${BOSSBASE_ROOT}\stego\HILL\0.4bpp\stego\9424.pgm,1,train
${BOSSBASE_ROOT}\stego\HILL\0.4bpp\stego\5796.pgm,1,train
${BOSSBASE_ROOT}\cover\5394.pgm,0,train
${BOSSBASE_ROOT}\cover\3612.pgm,0,train
${BOSSBASE_ROOT}\stego\HILL\0.4bpp\stego\679.pgm,1,train
${BOSSBASE_ROOT}\cover\2115.pgm,0,train
${BOSSBASE_ROOT}\stego\HILL\0.4bpp\stego\5771.pgm,1,train
${BOSSBASE_ROOT}\stego\HILL\0.4bpp\stego\3754.pgm,1,train
${BOSSBASE_ROOT}\cover\8791.pgm,0,train
${BOSSBASE_ROOT}\stego\HILL\0.4bpp\stego\2279.pgm,1,train
${BOSSBASE_ROOT}\stego\HILL\0.4bpp\stego\984.pgm,1,train
${BOSSBASE_ROOT}\cover\8804.pgm,0,train
${BOSSBASE_ROOT}\cover\1385.pgm,0,train
${BOSSBASE_ROOT}\cover\4632.pgm,0,train
${BOSSBASE_ROOT}\cover\2106.pgm,0,train
${BOSSBASE_ROOT}\stego\HILL\0.4bpp\stego\405.pgm,1,train
${BOSSBASE_ROOT}\cover\9803.pgm,0,train
${BOSSBASE_ROOT}\cover\5221.pgm,0,train
${BOSSBASE_ROOT}\cover\1967.pgm,0,train
${BOSSBASE_ROOT}\stego\HILL\0.4bpp\stego\9023.pgm,1,train
${BOSSBASE_ROOT}\stego\HILL\0.4bpp\stego\6767.pgm,1,train
${BOSSBASE_ROOT}\cover\3427.pgm,0,train
${BOSSBASE_ROOT}\cover\7537.pgm,0,train
${BOSSBASE_ROOT}\cover\7162.pgm,0,train
${BOSSBASE_ROOT}\stego\HILL\0.4bpp\stego\8671.pgm,1,train
${BOSSBASE_ROOT}\cover\8937.pgm,0,train
${BOSSBASE_ROOT}\stego\HILL\0.4bpp\stego\8432.pgm,1,train
${BOSSBASE_ROOT}\cover\6103.pgm,0,train
${BOSSBASE_ROOT}\stego\HILL\0.4bpp\stego\9635.pgm,1,train
${BOSSBASE_ROOT}\cover\3041.pgm,0,train
${BOSSBASE_ROOT}\cover\3608.pgm,0,train
${BOSSBASE_ROOT}\cover\3046.pgm,0,train
${BOSSBASE_ROOT}\cover\155.pgm,0,train
${BOSSBASE_ROOT}\cover\9324.pgm,0,train
${BOSSBASE_ROOT}\cover\3471.pgm,0,train
${BOSSBASE_ROOT}\cover\7831.pgm,0,train
${BOSSBASE_ROOT}\stego\HILL\0.4bpp\stego\5662.pgm,1,train
${BOSSBASE_ROOT}\stego\HILL\0.4bpp\stego\3495.pgm,1,train
${BOSSBASE_ROOT}\stego\HILL\0.4bpp\stego\947.pgm,1,train
${BOSSBASE_ROOT}\cover\6864.pgm,0,train
${BOSSBASE_ROOT}\stego\HILL\0.4bpp\stego\1103.pgm,1,train
${BOSSBASE_ROOT}\stego\HILL\0.4bpp\stego\8294.pgm,1,train
${BOSSBASE_ROOT}\cover\7534.pgm,0,train
${BOSSBASE_ROOT}\cover\9977.pgm,0,train
${BOSSBASE_ROOT}\cover\9835.pgm,0,train
${BOSSBASE_ROOT}\cover\9291.pgm,0,train
${BOSSBASE_ROOT}\stego\HILL\0.4bpp\stego\4783.pgm,1,train
${BOSSBASE_ROOT}\stego\HILL\0.4bpp\stego\5019.pgm,1,train
${BOSSBASE_ROOT}\stego\HILL\0.4bpp\stego\1887.pgm,1,train
${BOSSBASE_ROOT}\cover\7170.pgm,0,train
${BOSSBASE_ROOT}\cover\4106.pgm,0,train
${BOSSBASE_ROOT}\cover\3733.pgm,0,train
${BOSSBASE_ROOT}\cover\6419.pgm,0,train
${BOSSBASE_ROOT}\cover\3675.pgm,0,train
${BOSSBASE_ROOT}\stego\HILL\0.4bpp\stego\3849.pgm,1,train
${BOSSBASE_ROOT}\stego\HILL\0.4bpp\stego\1080.pgm,1,train
${BOSSBASE_ROOT}\stego\HILL\0.4bpp\stego\2566.pgm,1,train
${BOSSBASE_ROOT}\stego\HILL\0.4bpp\stego\9429.pgm,1,train
${BOSSBASE_ROOT}\stego\HILL\0.4bpp\stego\2499.pgm,1,train
${BOSSBASE_ROOT}\stego\HILL\0.4bpp\stego\607.pgm,1,train
${BOSSBASE_ROOT}\cover\8055.pgm,0,train
${BOSSBASE_ROOT}\stego\HILL\0.4bpp\stego\1425.pgm,1,train
${BOSSBASE_ROOT}\cover\8289.pgm,0,train
${BOSSBASE_ROOT}\stego\HILL\0.4bpp\stego\2496.pgm,1,train
${BOSSBASE_ROOT}\stego\HILL\0.4bpp\stego\7877.pgm,1,train
${BOSSBASE_ROOT}\cover\2961.pgm,0,train
${BOSSBASE_ROOT}\cover\480.pgm,0,train
${BOSSBASE_ROOT}\stego\HILL\0.4bpp\stego\6984.pgm,1,train
${BOSSBASE_ROOT}\stego\HILL\0.4bpp\stego\6257.pgm,1,train
${BOSSBASE_ROOT}\cover\7863.pgm,0,train
${BOSSBASE_ROOT}\cover\2728.pgm,0,train
${BOSSBASE_ROOT}\cover\6051.pgm,0,train
${BOSSBASE_ROOT}\cover\2992.pgm,0,train
${BOSSBASE_ROOT}\cover\3905.pgm,0,train
${BOSSBASE_ROOT}\stego\HILL\0.4bpp\stego\7498.pgm,1,train
${BOSSBASE_ROOT}\stego\HILL\0.4bpp\stego\3205.pgm,1,train
${BOSSBASE_ROOT}\stego\HILL\0.4bpp\stego\4650.pgm,1,train
${BOSSBASE_ROOT}\cover\2964.pgm,0,train
${BOSSBASE_ROOT}\cover\8141.pgm,0,train
${BOSSBASE_ROOT}\stego\HILL\0.4bpp\stego\5811.pgm,1,train
${BOSSBASE_ROOT}\stego\HILL\0.4bpp\stego\8632.pgm,1,train
${BOSSBASE_ROOT}\cover\333.pgm,0,train
${BOSSBASE_ROOT}\stego\HILL\0.4bpp\stego\1120.pgm,1,train
${BOSSBASE_ROOT}\cover\736.pgm,0,train
${BOSSBASE_ROOT}\cover\1537.pgm,0,train
${BOSSBASE_ROOT}\cover\1180.pgm,0,train
${BOSSBASE_ROOT}\cover\6847.pgm,0,train
${BOSSBASE_ROOT}\cover\6271.pgm,0,train
${BOSSBASE_ROOT}\cover\7429.pgm,0,train
${BOSSBASE_ROOT}\stego\HILL\0.4bpp\stego\467.pgm,1,train
${BOSSBASE_ROOT}\cover\9787.pgm,0,train
${BOSSBASE_ROOT}\cover\7906.pgm,0,train
${BOSSBASE_ROOT}\cover\649.pgm,0,train
${BOSSBASE_ROOT}\cover\3386.pgm,0,train
${BOSSBASE_ROOT}\stego\HILL\0.4bpp\stego\9873.pgm,1,train
${BOSSBASE_ROOT}\cover\2225.pgm,0,train
${BOSSBASE_ROOT}\cover\8842.pgm,0,train
${BOSSBASE_ROOT}\cover\7129.pgm,0,train
${BOSSBASE_ROOT}\cover\2257.pgm,0,train
${BOSSBASE_ROOT}\cover\3241.pgm,0,train
${BOSSBASE_ROOT}\cover\6140.pgm,0,train
${BOSSBASE_ROOT}\stego\HILL\0.4bpp\stego\1737.pgm,1,train
${BOSSBASE_ROOT}\cover\1462.pgm,0,train
${BOSSBASE_ROOT}\cover\6959.pgm,0,train
${BOSSBASE_ROOT}\stego\HILL\0.4bpp\stego\9645.pgm,1,train
${BOSSBASE_ROOT}\stego\HILL\0.4bpp\stego\6485.pgm,1,train
${BOSSBASE_ROOT}\cover\3420.pgm,0,train
${BOSSBASE_ROOT}\cover\7365.pgm,0,train
${BOSSBASE_ROOT}\cover\9287.pgm,0,train
${BOSSBASE_ROOT}\cover\489.pgm,0,train
${BOSSBASE_ROOT}\cover\7015.pgm,0,train
${BOSSBASE_ROOT}\cover\2892.pgm,0,train
${BOSSBASE_ROOT}\cover\3336.pgm,0,train
${BOSSBASE_ROOT}\cover\8585.pgm,0,train
${BOSSBASE_ROOT}\cover\4124.pgm,0,train
${BOSSBASE_ROOT}\stego\HILL\0.4bpp\stego\5383.pgm,1,train
${BOSSBASE_ROOT}\cover\6572.pgm,0,train
${BOSSBASE_ROOT}\stego\HILL\0.4bpp\stego\2058.pgm,1,train
${BOSSBASE_ROOT}\cover\1972.pgm,0,train
${BOSSBASE_ROOT}\stego\HILL\0.4bpp\stego\8504.pgm,1,train
${BOSSBASE_ROOT}\cover\6073.pgm,0,train
${BOSSBASE_ROOT}\stego\HILL\0.4bpp\stego\4779.pgm,1,train
${BOSSBASE_ROOT}\stego\HILL\0.4bpp\stego\10.pgm,1,train
${BOSSBASE_ROOT}\stego\HILL\0.4bpp\stego\7830.pgm,1,train
${BOSSBASE_ROOT}\cover\4914.pgm,0,train
${BOSSBASE_ROOT}\cover\9539.pgm,0,train
${BOSSBASE_ROOT}\cover\4804.pgm,0,train
${BOSSBASE_ROOT}\cover\3042.pgm,0,train
${BOSSBASE_ROOT}\cover\9305.pgm,0,train
${BOSSBASE_ROOT}\cover\6417.pgm,0,train
${BOSSBASE_ROOT}\stego\HILL\0.4bpp\stego\8406.pgm,1,train
${BOSSBASE_ROOT}\cover\4716.pgm,0,train
${BOSSBASE_ROOT}\cover\1993.pgm,0,train
${BOSSBASE_ROOT}\stego\HILL\0.4bpp\stego\7536.pgm,1,train
${BOSSBASE_ROOT}\cover\8155.pgm,0,train
${BOSSBASE_ROOT}\stego\HILL\0.4bpp\stego\187.pgm,1,train
${BOSSBASE_ROOT}\cover\1358.pgm,0,train
${BOSSBASE_ROOT}\stego\HILL\0.4bpp\stego\8205.pgm,1,train
${BOSSBASE_ROOT}\cover\2388.pgm,0,train
${BOSSBASE_ROOT}\cover\8554.pgm,0,train
${BOSSBASE_ROOT}\cover\3693.pgm,0,train
${BOSSBASE_ROOT}\cover\840.pgm,0,train
${BOSSBASE_ROOT}\stego\HILL\0.4bpp\stego\6739.pgm,1,train
${BOSSBASE_ROOT}\cover\1979.pgm,0,train
${BOSSBASE_ROOT}\cover\6233.pgm,0,train
${BOSSBASE_ROOT}\cover\9882.pgm,0,train
${BOSSBASE_ROOT}\stego\HILL\0.4bpp\stego\8798.pgm,1,train
${BOSSBASE_ROOT}\stego\HILL\0.4bpp\stego\3464.pgm,1,train
${BOSSBASE_ROOT}\stego\HILL\0.4bpp\stego\6327.pgm,1,train
${BOSSBASE_ROOT}\stego\HILL\0.4bpp\stego\6211.pgm,1,train
${BOSSBASE_ROOT}\stego\HILL\0.4bpp\stego\3320.pgm,1,train
${BOSSBASE_ROOT}\cover\2562.pgm,0,train
${BOSSBASE_ROOT}\stego\HILL\0.4bpp\stego\9650.pgm,1,train
${BOSSBASE_ROOT}\stego\HILL\0.4bpp\stego\8043.pgm,1,train
${BOSSBASE_ROOT}\stego\HILL\0.4bpp\stego\7293.pgm,1,train
${BOSSBASE_ROOT}\cover\338.pgm,0,train
${BOSSBASE_ROOT}\stego\HILL\0.4bpp\stego\697.pgm,1,train
${BOSSBASE_ROOT}\cover\9540.pgm,0,train
${BOSSBASE_ROOT}\stego\HILL\0.4bpp\stego\9665.pgm,1,train
${BOSSBASE_ROOT}\cover\6668.pgm,0,train
${BOSSBASE_ROOT}\cover\69.pgm,0,train
${BOSSBASE_ROOT}\cover\5247.pgm,0,train
${BOSSBASE_ROOT}\stego\HILL\0.4bpp\stego\4515.pgm,1,train
${BOSSBASE_ROOT}\stego\HILL\0.4bpp\stego\3406.pgm,1,train
${BOSSBASE_ROOT}\stego\HILL\0.4bpp\stego\5291.pgm,1,train
${BOSSBASE_ROOT}\cover\9442.pgm,0,train
${BOSSBASE_ROOT}\stego\HILL\0.4bpp\stego\1178.pgm,1,train
${BOSSBASE_ROOT}\stego\HILL\0.4bpp\stego\9725.pgm,1,train
${BOSSBASE_ROOT}\cover\2251.pgm,0,train
${BOSSBASE_ROOT}\stego\HILL\0.4bpp\stego\5460.pgm,1,train
${BOSSBASE_ROOT}\cover\5446.pgm,0,train
${BOSSBASE_ROOT}\cover\5726.pgm,0,train
${BOSSBASE_ROOT}\cover\738.pgm,0,train
${BOSSBASE_ROOT}\cover\4657.pgm,0,train
${BOSSBASE_ROOT}\stego\HILL\0.4bpp\stego\7148.pgm,1,train
${BOSSBASE_ROOT}\cover\3934.pgm,0,train
${BOSSBASE_ROOT}\cover\8674.pgm,0,train
${BOSSBASE_ROOT}\cover\8447.pgm,0,train
${BOSSBASE_ROOT}\stego\HILL\0.4bpp\stego\5003.pgm,1,train
${BOSSBASE_ROOT}\cover\8384.pgm,0,train
${BOSSBASE_ROOT}\stego\HILL\0.4bpp\stego\9188.pgm,1,train
${BOSSBASE_ROOT}\cover\8196.pgm,0,train
${BOSSBASE_ROOT}\cover\2366.pgm,0,train
${BOSSBASE_ROOT}\cover\2477.pgm,0,train
${BOSSBASE_ROOT}\stego\HILL\0.4bpp\stego\3864.pgm,1,train
${BOSSBASE_ROOT}\stego\HILL\0.4bpp\stego\6576.pgm,1,train
${BOSSBASE_ROOT}\stego\HILL\0.4bpp\stego\2595.pgm,1,train
${BOSSBASE_ROOT}\stego\HILL\0.4bpp\stego\3734.pgm,1,train
${BOSSBASE_ROOT}\stego\HILL\0.4bpp\stego\3325.pgm,1,train
${BOSSBASE_ROOT}\stego\HILL\0.4bpp\stego\8239.pgm,1,train
${BOSSBASE_ROOT}\cover\779.pgm,0,train
${BOSSBASE_ROOT}\cover\2984.pgm,0,train
${BOSSBASE_ROOT}\stego\HILL\0.4bpp\stego\4174.pgm,1,train
${BOSSBASE_ROOT}\cover\7810.pgm,0,train
${BOSSBASE_ROOT}\stego\HILL\0.4bpp\stego\5153.pgm,1,train
${BOSSBASE_ROOT}\stego\HILL\0.4bpp\stego\6499.pgm,1,train
${BOSSBASE_ROOT}\cover\3862.pgm,0,train
${BOSSBASE_ROOT}\stego\HILL\0.4bpp\stego\1435.pgm,1,train
${BOSSBASE_ROOT}\cover\4527.pgm,0,train
${BOSSBASE_ROOT}\stego\HILL\0.4bpp\stego\4882.pgm,1,train
${BOSSBASE_ROOT}\stego\HILL\0.4bpp\stego\7334.pgm,1,train
${BOSSBASE_ROOT}\stego\HILL\0.4bpp\stego\4458.pgm,1,train
${BOSSBASE_ROOT}\cover\9981.pgm,0,train
${BOSSBASE_ROOT}\stego\HILL\0.4bpp\stego\4857.pgm,1,train
${BOSSBASE_ROOT}\stego\HILL\0.4bpp\stego\6221.pgm,1,train
${BOSSBASE_ROOT}\stego\HILL\0.4bpp\stego\90.pgm,1,train
${BOSSBASE_ROOT}\cover\7619.pgm,0,train
${BOSSBASE_ROOT}\cover\303.pgm,0,train
${BOSSBASE_ROOT}\stego\HILL\0.4bpp\stego\3033.pgm,1,train
${BOSSBASE_ROOT}\stego\HILL\0.4bpp\stego\1293.pgm,1,train
${BOSSBASE_ROOT}\stego\HILL\0.4bpp\stego\8121.pgm,1,train
${BOSSBASE_ROOT}\stego\HILL\0.4bpp\stego\7142.pgm,1,train
${BOSSBASE_ROOT}\stego\HILL\0.4bpp\stego\9222.pgm,1,train
${BOSSBASE_ROOT}\cover\3791.pgm,0,train
${BOSSBASE_ROOT}\stego\HILL\0.4bpp\stego\8809.pgm,1,train
${BOSSBASE_ROOT}\stego\HILL\0.4bpp\stego\1480.pgm,1,train
${BOSSBASE_ROOT}\cover\641.pgm,0,train
${BOSSBASE_ROOT}\cover\9629.pgm,0,train
${BOSSBASE_ROOT}\cover\7202.pgm,0,train
${BOSSBASE_ROOT}\stego\HILL\0.4bpp\stego\9201.pgm,1,train
${BOSSBASE_ROOT}\stego\HILL\0.4bpp\stego\9394.pgm,1,train
${BOSSBASE_ROOT}\cover\7006.pgm,0,train
${BOSSBASE_ROOT}\cover\818.pgm,0,train
${BOSSBASE_ROOT}\stego\HILL\0.4bpp\stego\3521.pgm,1,train
${BOSSBASE_ROOT}\cover\8896.pgm,0,train
${BOSSBASE_ROOT}\cover\4845.pgm,0,train
${BOSSBASE_ROOT}\stego\HILL\0.4bpp\stego\6363.pgm,1,train
${BOSSBASE_ROOT}\cover\4476.pgm,0,train
${BOSSBASE_ROOT}\stego\HILL\0.4bpp\stego\1594.pgm,1,train
${BOSSBASE_ROOT}\stego\HILL\0.4bpp\stego\5259.pgm,1,train
${BOSSBASE_ROOT}\stego\HILL\0.4bpp\stego\4462.pgm,1,train
${BOSSBASE_ROOT}\stego\HILL\0.4bpp\stego\8683.pgm,1,train
${BOSSBASE_ROOT}\stego\HILL\0.4bpp\stego\742.pgm,1,train
${BOSSBASE_ROOT}\stego\HILL\0.4bpp\stego\6144.pgm,1,train
${BOSSBASE_ROOT}\stego\HILL\0.4bpp\stego\4842.pgm,1,train
${BOSSBASE_ROOT}\stego\HILL\0.4bpp\stego\3322.pgm,1,train
${BOSSBASE_ROOT}\stego\HILL\0.4bpp\stego\5882.pgm,1,train
${BOSSBASE_ROOT}\cover\5753.pgm,0,train
${BOSSBASE_ROOT}\stego\HILL\0.4bpp\stego\6261.pgm,1,train
${BOSSBASE_ROOT}\cover\6609.pgm,0,train
${BOSSBASE_ROOT}\stego\HILL\0.4bpp\stego\246.pgm,1,train
${BOSSBASE_ROOT}\stego\HILL\0.4bpp\stego\126.pgm,1,train
${BOSSBASE_ROOT}\stego\HILL\0.4bpp\stego\5359.pgm,1,train
${BOSSBASE_ROOT}\cover\1192.pgm,0,train
${BOSSBASE_ROOT}\stego\HILL\0.4bpp\stego\902.pgm,1,train
${BOSSBASE_ROOT}\cover\8683.pgm,0,train
${BOSSBASE_ROOT}\stego\HILL\0.4bpp\stego\1609.pgm,1,train
${BOSSBASE_ROOT}\cover\9948.pgm,0,train
${BOSSBASE_ROOT}\stego\HILL\0.4bpp\stego\7158.pgm,1,train
${BOSSBASE_ROOT}\stego\HILL\0.4bpp\stego\3785.pgm,1,train
${BOSSBASE_ROOT}\stego\HILL\0.4bpp\stego\9747.pgm,1,train
${BOSSBASE_ROOT}\stego\HILL\0.4bpp\stego\2421.pgm,1,train
${BOSSBASE_ROOT}\cover\4513.pgm,0,train
${BOSSBASE_ROOT}\cover\9257.pgm,0,train
${BOSSBASE_ROOT}\stego\HILL\0.4bpp\stego\7198.pgm,1,train
${BOSSBASE_ROOT}\stego\HILL\0.4bpp\stego\7607.pgm,1,train
${BOSSBASE_ROOT}\cover\8992.pgm,0,train
${BOSSBASE_ROOT}\stego\HILL\0.4bpp\stego\1578.pgm,1,train
${BOSSBASE_ROOT}\stego\HILL\0.4bpp\stego\8720.pgm,1,train
${BOSSBASE_ROOT}\cover\7297.pgm,0,train
${BOSSBASE_ROOT}\stego\HILL\0.4bpp\stego\7353.pgm,1,train
${BOSSBASE_ROOT}\stego\HILL\0.4bpp\stego\8717.pgm,1,train
${BOSSBASE_ROOT}\cover\2218.pgm,0,train
${BOSSBASE_ROOT}\cover\8175.pgm,0,train
${BOSSBASE_ROOT}\stego\HILL\0.4bpp\stego\3081.pgm,1,train
${BOSSBASE_ROOT}\cover\4.pgm,0,train
${BOSSBASE_ROOT}\cover\9132.pgm,0,train
${BOSSBASE_ROOT}\cover\6431.pgm,0,train
${BOSSBASE_ROOT}\stego\HILL\0.4bpp\stego\4620.pgm,1,train
${BOSSBASE_ROOT}\stego\HILL\0.4bpp\stego\3888.pgm,1,train
${BOSSBASE_ROOT}\cover\2294.pgm,0,train
${BOSSBASE_ROOT}\cover\8256.pgm,0,train
${BOSSBASE_ROOT}\cover\3714.pgm,0,train
${BOSSBASE_ROOT}\cover\860.pgm,0,train
${BOSSBASE_ROOT}\stego\HILL\0.4bpp\stego\3036.pgm,1,train
${BOSSBASE_ROOT}\stego\HILL\0.4bpp\stego\2570.pgm,1,train
${BOSSBASE_ROOT}\cover\8665.pgm,0,train
${BOSSBASE_ROOT}\cover\8088.pgm,0,train
${BOSSBASE_ROOT}\cover\2478.pgm,0,train
${BOSSBASE_ROOT}\stego\HILL\0.4bpp\stego\8723.pgm,1,train
${BOSSBASE_ROOT}\stego\HILL\0.4bpp\stego\9986.pgm,1,train
${BOSSBASE_ROOT}\cover\6040.pgm,0,train
${BOSSBASE_ROOT}\cover\5259.pgm,0,train
${BOSSBASE_ROOT}\stego\HILL\0.4bpp\stego\6340.pgm,1,train
${BOSSBASE_ROOT}\cover\2034.pgm,0,train
${BOSSBASE_ROOT}\stego\HILL\0.4bpp\stego\7934.pgm,1,train
${BOSSBASE_ROOT}\stego\HILL\0.4bpp\stego\2066.pgm,1,train
${BOSSBASE_ROOT}\cover\9157.pgm,0,train
${BOSSBASE_ROOT}\cover\4053.pgm,0,train
${BOSSBASE_ROOT}\stego\HILL\0.4bpp\stego\6682.pgm,1,train
${BOSSBASE_ROOT}\stego\HILL\0.4bpp\stego\3658.pgm,1,train
${BOSSBASE_ROOT}\cover\105.pgm,0,train
${BOSSBASE_ROOT}\stego\HILL\0.4bpp\stego\8127.pgm,1,train
${BOSSBASE_ROOT}\cover\861.pgm,0,train
${BOSSBASE_ROOT}\stego\HILL\0.4bpp\stego\5351.pgm,1,train
${BOSSBASE_ROOT}\stego\HILL\0.4bpp\stego\1878.pgm,1,train
${BOSSBASE_ROOT}\stego\HILL\0.4bpp\stego\4572.pgm,1,train
${BOSSBASE_ROOT}\stego\HILL\0.4bpp\stego\7081.pgm,1,train
${BOSSBASE_ROOT}\cover\77.pgm,0,train
${BOSSBASE_ROOT}\stego\HILL\0.4bpp\stego\4992.pgm,1,train
${BOSSBASE_ROOT}\stego\HILL\0.4bpp\stego\1421.pgm,1,train
${BOSSBASE_ROOT}\stego\HILL\0.4bpp\stego\289.pgm,1,train
${BOSSBASE_ROOT}\stego\HILL\0.4bpp\stego\5908.pgm,1,train
${BOSSBASE_ROOT}\cover\5085.pgm,0,train
${BOSSBASE_ROOT}\stego\HILL\0.4bpp\stego\6586.pgm,1,train
${BOSSBASE_ROOT}\cover\2097.pgm,0,train
${BOSSBASE_ROOT}\cover\3315.pgm,0,train
${BOSSBASE_ROOT}\stego\HILL\0.4bpp\stego\4745.pgm,1,train
${BOSSBASE_ROOT}\cover\759.pgm,0,train
${BOSSBASE_ROOT}\cover\8600.pgm,0,train
${BOSSBASE_ROOT}\stego\HILL\0.4bpp\stego\9615.pgm,1,train
${BOSSBASE_ROOT}\stego\HILL\0.4bpp\stego\6784.pgm,1,train
${BOSSBASE_ROOT}\stego\HILL\0.4bpp\stego\5868.pgm,1,train
${BOSSBASE_ROOT}\stego\HILL\0.4bpp\stego\3442.pgm,1,train
${BOSSBASE_ROOT}\stego\HILL\0.4bpp\stego\6732.pgm,1,train
${BOSSBASE_ROOT}\cover\4221.pgm,0,train
${BOSSBASE_ROOT}\cover\5025.pgm,0,train
${BOSSBASE_ROOT}\cover\3346.pgm,0,train
${BOSSBASE_ROOT}\cover\3719.pgm,0,train
${BOSSBASE_ROOT}\cover\3098.pgm,0,train
${BOSSBASE_ROOT}\cover\1729.pgm,0,train
${BOSSBASE_ROOT}\stego\HILL\0.4bpp\stego\490.pgm,1,train
${BOSSBASE_ROOT}\cover\1274.pgm,0,train
${BOSSBASE_ROOT}\stego\HILL\0.4bpp\stego\11.pgm,1,train
${BOSSBASE_ROOT}\cover\9658.pgm,0,train
${BOSSBASE_ROOT}\stego\HILL\0.4bpp\stego\783.pgm,1,train
${BOSSBASE_ROOT}\stego\HILL\0.4bpp\stego\3351.pgm,1,train
${BOSSBASE_ROOT}\cover\2587.pgm,0,train
${BOSSBASE_ROOT}\stego\HILL\0.4bpp\stego\3030.pgm,1,train
${BOSSBASE_ROOT}\cover\5959.pgm,0,train
${BOSSBASE_ROOT}\cover\5912.pgm,0,train
${BOSSBASE_ROOT}\stego\HILL\0.4bpp\stego\99.pgm,1,train
${BOSSBASE_ROOT}\cover\5179.pgm,0,train
${BOSSBASE_ROOT}\stego\HILL\0.4bpp\stego\8108.pgm,1,train
${BOSSBASE_ROOT}\stego\HILL\0.4bpp\stego\7060.pgm,1,train
${BOSSBASE_ROOT}\cover\5202.pgm,0,train
${BOSSBASE_ROOT}\cover\6168.pgm,0,train
${BOSSBASE_ROOT}\stego\HILL\0.4bpp\stego\3998.pgm,1,train
${BOSSBASE_ROOT}\stego\HILL\0.4bpp\stego\6200.pgm,1,train
${BOSSBASE_ROOT}\cover\9604.pgm,0,train
${BOSSBASE_ROOT}\stego\HILL\0.4bpp\stego\3067.pgm,1,train
${BOSSBASE_ROOT}\stego\HILL\0.4bpp\stego\983.pgm,1,train
${BOSSBASE_ROOT}\cover\9819.pgm,0,train
${BOSSBASE_ROOT}\stego\HILL\0.4bpp\stego\8356.pgm,1,train
${BOSSBASE_ROOT}\stego\HILL\0.4bpp\stego\6655.pgm,1,train
${BOSSBASE_ROOT}\stego\HILL\0.4bpp\stego\7635.pgm,1,train
${BOSSBASE_ROOT}\cover\3043.pgm,0,train
${BOSSBASE_ROOT}\stego\HILL\0.4bpp\stego\7547.pgm,1,train
${BOSSBASE_ROOT}\cover\3727.pgm,0,train
${BOSSBASE_ROOT}\stego\HILL\0.4bpp\stego\73.pgm,1,train
${BOSSBASE_ROOT}\cover\7971.pgm,0,train
${BOSSBASE_ROOT}\cover\6065.pgm,0,train
${BOSSBASE_ROOT}\cover\7233.pgm,0,train
${BOSSBASE_ROOT}\stego\HILL\0.4bpp\stego\8354.pgm,1,train
${BOSSBASE_ROOT}\cover\5632.pgm,0,train
${BOSSBASE_ROOT}\stego\HILL\0.4bpp\stego\5057.pgm,1,train
${BOSSBASE_ROOT}\stego\HILL\0.4bpp\stego\2845.pgm,1,train
${BOSSBASE_ROOT}\stego\HILL\0.4bpp\stego\6064.pgm,1,train
${BOSSBASE_ROOT}\stego\HILL\0.4bpp\stego\2037.pgm,1,train
${BOSSBASE_ROOT}\cover\3365.pgm,0,train
${BOSSBASE_ROOT}\cover\4729.pgm,0,train
${BOSSBASE_ROOT}\cover\4884.pgm,0,train
${BOSSBASE_ROOT}\cover\6320.pgm,0,train
${BOSSBASE_ROOT}\cover\8722.pgm,0,train
${BOSSBASE_ROOT}\stego\HILL\0.4bpp\stego\4180.pgm,1,train
${BOSSBASE_ROOT}\cover\4421.pgm,0,train
${BOSSBASE_ROOT}\cover\5858.pgm,0,train
${BOSSBASE_ROOT}\cover\6888.pgm,0,train
${BOSSBASE_ROOT}\stego\HILL\0.4bpp\stego\4341.pgm,1,train
${BOSSBASE_ROOT}\stego\HILL\0.4bpp\stego\588.pgm,1,train
${BOSSBASE_ROOT}\stego\HILL\0.4bpp\stego\3648.pgm,1,train
${BOSSBASE_ROOT}\cover\7287.pgm,0,train
${BOSSBASE_ROOT}\stego\HILL\0.4bpp\stego\1383.pgm,1,train
${BOSSBASE_ROOT}\cover\7750.pgm,0,train
${BOSSBASE_ROOT}\cover\9904.pgm,0,train
${BOSSBASE_ROOT}\stego\HILL\0.4bpp\stego\9258.pgm,1,train
${BOSSBASE_ROOT}\stego\HILL\0.4bpp\stego\8027.pgm,1,train
${BOSSBASE_ROOT}\cover\5053.pgm,0,train
${BOSSBASE_ROOT}\stego\HILL\0.4bpp\stego\6174.pgm,1,train
${BOSSBASE_ROOT}\stego\HILL\0.4bpp\stego\1836.pgm,1,train
${BOSSBASE_ROOT}\stego\HILL\0.4bpp\stego\6094.pgm,1,train
${BOSSBASE_ROOT}\cover\6492.pgm,0,train
${BOSSBASE_ROOT}\cover\7018.pgm,0,train
${BOSSBASE_ROOT}\stego\HILL\0.4bpp\stego\647.pgm,1,train
${BOSSBASE_ROOT}\stego\HILL\0.4bpp\stego\2385.pgm,1,train
${BOSSBASE_ROOT}\stego\HILL\0.4bpp\stego\9604.pgm,1,train
${BOSSBASE_ROOT}\cover\9612.pgm,0,train
${BOSSBASE_ROOT}\stego\HILL\0.4bpp\stego\4063.pgm,1,train
${BOSSBASE_ROOT}\stego\HILL\0.4bpp\stego\5385.pgm,1,train
${BOSSBASE_ROOT}\stego\HILL\0.4bpp\stego\8893.pgm,1,train
${BOSSBASE_ROOT}\stego\HILL\0.4bpp\stego\1684.pgm,1,train
${BOSSBASE_ROOT}\cover\987.pgm,0,train
${BOSSBASE_ROOT}\cover\3955.pgm,0,train
${BOSSBASE_ROOT}\stego\HILL\0.4bpp\stego\1415.pgm,1,train
${BOSSBASE_ROOT}\stego\HILL\0.4bpp\stego\863.pgm,1,train
${BOSSBASE_ROOT}\stego\HILL\0.4bpp\stego\2757.pgm,1,train
${BOSSBASE_ROOT}\cover\843.pgm,0,train
${BOSSBASE_ROOT}\stego\HILL\0.4bpp\stego\3575.pgm,1,train
${BOSSBASE_ROOT}\stego\HILL\0.4bpp\stego\2916.pgm,1,train
${BOSSBASE_ROOT}\cover\8181.pgm,0,train
${BOSSBASE_ROOT}\cover\8989.pgm,0,train
${BOSSBASE_ROOT}\stego\HILL\0.4bpp\stego\5405.pgm,1,train
${BOSSBASE_ROOT}\stego\HILL\0.4bpp\stego\2470.pgm,1,train
${BOSSBASE_ROOT}\cover\5659.pgm,0,train
${BOSSBASE_ROOT}\stego\HILL\0.4bpp\stego\6986.pgm,1,train
${BOSSBASE_ROOT}\stego\HILL\0.4bpp\stego\7672.pgm,1,train
${BOSSBASE_ROOT}\stego\HILL\0.4bpp\stego\8032.pgm,1,train
${BOSSBASE_ROOT}\stego\HILL\0.4bpp\stego\2146.pgm,1,train
${BOSSBASE_ROOT}\cover\8574.pgm,0,train
${BOSSBASE_ROOT}\stego\HILL\0.4bpp\stego\4932.pgm,1,train
${BOSSBASE_ROOT}\stego\HILL\0.4bpp\stego\6255.pgm,1,train
${BOSSBASE_ROOT}\stego\HILL\0.4bpp\stego\8742.pgm,1,train
${BOSSBASE_ROOT}\cover\8546.pgm,0,train
${BOSSBASE_ROOT}\stego\HILL\0.4bpp\stego\3097.pgm,1,train
${BOSSBASE_ROOT}\stego\HILL\0.4bpp\stego\149.pgm,1,train
${BOSSBASE_ROOT}\cover\8834.pgm,0,train
${BOSSBASE_ROOT}\stego\HILL\0.4bpp\stego\367.pgm,1,train
${BOSSBASE_ROOT}\cover\7040.pgm,0,train
${BOSSBASE_ROOT}\cover\9825.pgm,0,train
${BOSSBASE_ROOT}\stego\HILL\0.4bpp\stego\8672.pgm,1,train
${BOSSBASE_ROOT}\stego\HILL\0.4bpp\stego\893.pgm,1,train
${BOSSBASE_ROOT}\cover\4484.pgm,0,train
${BOSSBASE_ROOT}\cover\2148.pgm,0,train
${BOSSBASE_ROOT}\stego\HILL\0.4bpp\stego\9494.pgm,1,train
${BOSSBASE_ROOT}\cover\9832.pgm,0,train
${BOSSBASE_ROOT}\stego\HILL\0.4bpp\stego\1546.pgm,1,train
${BOSSBASE_ROOT}\cover\2296.pgm,0,train
${BOSSBASE_ROOT}\cover\6049.pgm,0,train
${BOSSBASE_ROOT}\stego\HILL\0.4bpp\stego\147.pgm,1,train
${BOSSBASE_ROOT}\stego\HILL\0.4bpp\stego\8022.pgm,1,train
${BOSSBASE_ROOT}\stego\HILL\0.4bpp\stego\7942.pgm,1,train
${BOSSBASE_ROOT}\cover\1548.pgm,0,train
${BOSSBASE_ROOT}\cover\1266.pgm,0,train
${BOSSBASE_ROOT}\cover\4441.pgm,0,train
${BOSSBASE_ROOT}\cover\4717.pgm,0,train
${BOSSBASE_ROOT}\cover\9025.pgm,0,train
${BOSSBASE_ROOT}\cover\1069.pgm,0,train
${BOSSBASE_ROOT}\cover\5949.pgm,0,train
${BOSSBASE_ROOT}\stego\HILL\0.4bpp\stego\7233.pgm,1,train
${BOSSBASE_ROOT}\cover\8381.pgm,0,train
${BOSSBASE_ROOT}\cover\1320.pgm,0,train
${BOSSBASE_ROOT}\stego\HILL\0.4bpp\stego\4628.pgm,1,train
${BOSSBASE_ROOT}\cover\4993.pgm,0,train
${BOSSBASE_ROOT}\cover\8097.pgm,0,train
${BOSSBASE_ROOT}\stego\HILL\0.4bpp\stego\965.pgm,1,train
${BOSSBASE_ROOT}\stego\HILL\0.4bpp\stego\1102.pgm,1,train
${BOSSBASE_ROOT}\stego\HILL\0.4bpp\stego\6276.pgm,1,train
${BOSSBASE_ROOT}\cover\228.pgm,0,train
${BOSSBASE_ROOT}\stego\HILL\0.4bpp\stego\630.pgm,1,train
${BOSSBASE_ROOT}\cover\8019.pgm,0,train
${BOSSBASE_ROOT}\cover\1196.pgm,0,train
${BOSSBASE_ROOT}\cover\8051.pgm,0,train
${BOSSBASE_ROOT}\cover\6648.pgm,0,train
${BOSSBASE_ROOT}\stego\HILL\0.4bpp\stego\1124.pgm,1,train
${BOSSBASE_ROOT}\cover\1659.pgm,0,train
${BOSSBASE_ROOT}\stego\HILL\0.4bpp\stego\7437.pgm,1,train
${BOSSBASE_ROOT}\stego\HILL\0.4bpp\stego\826.pgm,1,train
${BOSSBASE_ROOT}\stego\HILL\0.4bpp\stego\649.pgm,1,train
${BOSSBASE_ROOT}\stego\HILL\0.4bpp\stego\3592.pgm,1,train
${BOSSBASE_ROOT}\cover\6527.pgm,0,train
${BOSSBASE_ROOT}\stego\HILL\0.4bpp\stego\7145.pgm,1,train
${BOSSBASE_ROOT}\stego\HILL\0.4bpp\stego\4014.pgm,1,train
${BOSSBASE_ROOT}\cover\3168.pgm,0,train
${BOSSBASE_ROOT}\cover\2085.pgm,0,train
${BOSSBASE_ROOT}\cover\1844.pgm,0,train
${BOSSBASE_ROOT}\cover\5244.pgm,0,train
${BOSSBASE_ROOT}\stego\HILL\0.4bpp\stego\991.pgm,1,train
${BOSSBASE_ROOT}\cover\965.pgm,0,train
${BOSSBASE_ROOT}\stego\HILL\0.4bpp\stego\7962.pgm,1,train
${BOSSBASE_ROOT}\cover\8785.pgm,0,train
${BOSSBASE_ROOT}\cover\8276.pgm,0,train
${BOSSBASE_ROOT}\stego\HILL\0.4bpp\stego\3714.pgm,1,train
${BOSSBASE_ROOT}\cover\8699.pgm,0,train
${BOSSBASE_ROOT}\stego\HILL\0.4bpp\stego\6545.pgm,1,train
${BOSSBASE_ROOT}\stego\HILL\0.4bpp\stego\4996.pgm,1,train
${BOSSBASE_ROOT}\stego\HILL\0.4bpp\stego\7660.pgm,1,train
${BOSSBASE_ROOT}\cover\2681.pgm,0,train
${BOSSBASE_ROOT}\stego\HILL\0.4bpp\stego\5256.pgm,1,train
${BOSSBASE_ROOT}\stego\HILL\0.4bpp\stego\7241.pgm,1,train
${BOSSBASE_ROOT}\cover\5805.pgm,0,train
${BOSSBASE_ROOT}\stego\HILL\0.4bpp\stego\6830.pgm,1,train
${BOSSBASE_ROOT}\stego\HILL\0.4bpp\stego\1134.pgm,1,train
${BOSSBASE_ROOT}\stego\HILL\0.4bpp\stego\104.pgm,1,train
${BOSSBASE_ROOT}\stego\HILL\0.4bpp\stego\2111.pgm,1,train
${BOSSBASE_ROOT}\stego\HILL\0.4bpp\stego\731.pgm,1,train
${BOSSBASE_ROOT}\cover\1217.pgm,0,train
${BOSSBASE_ROOT}\stego\HILL\0.4bpp\stego\5267.pgm,1,train
${BOSSBASE_ROOT}\cover\3997.pgm,0,train
${BOSSBASE_ROOT}\cover\3932.pgm,0,train
${BOSSBASE_ROOT}\stego\HILL\0.4bpp\stego\9551.pgm,1,train
${BOSSBASE_ROOT}\cover\1428.pgm,0,train
${BOSSBASE_ROOT}\stego\HILL\0.4bpp\stego\1043.pgm,1,train
${BOSSBASE_ROOT}\cover\5158.pgm,0,train
${BOSSBASE_ROOT}\stego\HILL\0.4bpp\stego\8154.pgm,1,train
${BOSSBASE_ROOT}\cover\3433.pgm,0,train
${BOSSBASE_ROOT}\cover\9913.pgm,0,train
${BOSSBASE_ROOT}\cover\8813.pgm,0,train
${BOSSBASE_ROOT}\cover\1748.pgm,0,train
${BOSSBASE_ROOT}\stego\HILL\0.4bpp\stego\4446.pgm,1,train
${BOSSBASE_ROOT}\stego\HILL\0.4bpp\stego\5478.pgm,1,train
${BOSSBASE_ROOT}\cover\2417.pgm,0,train
${BOSSBASE_ROOT}\stego\HILL\0.4bpp\stego\3889.pgm,1,train
${BOSSBASE_ROOT}\cover\5744.pgm,0,train
${BOSSBASE_ROOT}\cover\2418.pgm,0,train
${BOSSBASE_ROOT}\stego\HILL\0.4bpp\stego\272.pgm,1,train
${BOSSBASE_ROOT}\cover\6438.pgm,0,train
${BOSSBASE_ROOT}\cover\5002.pgm,0,train
${BOSSBASE_ROOT}\stego\HILL\0.4bpp\stego\7056.pgm,1,train
${BOSSBASE_ROOT}\stego\HILL\0.4bpp\stego\9415.pgm,1,train
${BOSSBASE_ROOT}\stego\HILL\0.4bpp\stego\3681.pgm,1,train
${BOSSBASE_ROOT}\stego\HILL\0.4bpp\stego\4415.pgm,1,train
${BOSSBASE_ROOT}\cover\9995.pgm,0,train
${BOSSBASE_ROOT}\cover\9136.pgm,0,train
${BOSSBASE_ROOT}\stego\HILL\0.4bpp\stego\7069.pgm,1,train
${BOSSBASE_ROOT}\cover\2177.pgm,0,train
${BOSSBASE_ROOT}\cover\1377.pgm,0,train
${BOSSBASE_ROOT}\stego\HILL\0.4bpp\stego\9783.pgm,1,train
${BOSSBASE_ROOT}\cover\4477.pgm,0,train
${BOSSBASE_ROOT}\stego\HILL\0.4bpp\stego\8930.pgm,1,train
${BOSSBASE_ROOT}\stego\HILL\0.4bpp\stego\7058.pgm,1,train
${BOSSBASE_ROOT}\cover\4699.pgm,0,train
${BOSSBASE_ROOT}\stego\HILL\0.4bpp\stego\8529.pgm,1,train
${BOSSBASE_ROOT}\cover\7218.pgm,0,train
${BOSSBASE_ROOT}\stego\HILL\0.4bpp\stego\3115.pgm,1,train
${BOSSBASE_ROOT}\stego\HILL\0.4bpp\stego\472.pgm,1,train
${BOSSBASE_ROOT}\cover\7367.pgm,0,train
${BOSSBASE_ROOT}\stego\HILL\0.4bpp\stego\243.pgm,1,train
${BOSSBASE_ROOT}\cover\9588.pgm,0,train
${BOSSBASE_ROOT}\cover\5933.pgm,0,train
${BOSSBASE_ROOT}\stego\HILL\0.4bpp\stego\5822.pgm,1,train
${BOSSBASE_ROOT}\stego\HILL\0.4bpp\stego\7306.pgm,1,train
${BOSSBASE_ROOT}\stego\HILL\0.4bpp\stego\2363.pgm,1,train
${BOSSBASE_ROOT}\cover\6666.pgm,0,train
${BOSSBASE_ROOT}\cover\8073.pgm,0,train
${BOSSBASE_ROOT}\stego\HILL\0.4bpp\stego\365.pgm,1,train
${BOSSBASE_ROOT}\stego\HILL\0.4bpp\stego\8476.pgm,1,train
${BOSSBASE_ROOT}\stego\HILL\0.4bpp\stego\3240.pgm,1,train
${BOSSBASE_ROOT}\stego\HILL\0.4bpp\stego\8781.pgm,1,train
${BOSSBASE_ROOT}\cover\7656.pgm,0,train
${BOSSBASE_ROOT}\cover\3062.pgm,0,train
${BOSSBASE_ROOT}\stego\HILL\0.4bpp\stego\2077.pgm,1,train
${BOSSBASE_ROOT}\stego\HILL\0.4bpp\stego\8488.pgm,1,train
${BOSSBASE_ROOT}\cover\3373.pgm,0,train
${BOSSBASE_ROOT}\stego\HILL\0.4bpp\stego\1802.pgm,1,train
${BOSSBASE_ROOT}\stego\HILL\0.4bpp\stego\2062.pgm,1,train
${BOSSBASE_ROOT}\stego\HILL\0.4bpp\stego\8017.pgm,1,train
${BOSSBASE_ROOT}\cover\4123.pgm,0,train
${BOSSBASE_ROOT}\stego\HILL\0.4bpp\stego\4777.pgm,1,train
${BOSSBASE_ROOT}\stego\HILL\0.4bpp\stego\3451.pgm,1,train
${BOSSBASE_ROOT}\cover\3573.pgm,0,train
${BOSSBASE_ROOT}\cover\3159.pgm,0,train
${BOSSBASE_ROOT}\cover\6942.pgm,0,train
${BOSSBASE_ROOT}\cover\9939.pgm,0,train
${BOSSBASE_ROOT}\stego\HILL\0.4bpp\stego\8422.pgm,1,train
${BOSSBASE_ROOT}\cover\9187.pgm,0,train
${BOSSBASE_ROOT}\cover\6355.pgm,0,train
${BOSSBASE_ROOT}\cover\4827.pgm,0,train
${BOSSBASE_ROOT}\stego\HILL\0.4bpp\stego\3903.pgm,1,train
${BOSSBASE_ROOT}\cover\5533.pgm,0,train
${BOSSBASE_ROOT}\cover\8558.pgm,0,train
${BOSSBASE_ROOT}\stego\HILL\0.4bpp\stego\7855.pgm,1,train
${BOSSBASE_ROOT}\stego\HILL\0.4bpp\stego\356.pgm,1,train
${BOSSBASE_ROOT}\cover\5485.pgm,0,train
${BOSSBASE_ROOT}\stego\HILL\0.4bpp\stego\6716.pgm,1,train
${BOSSBASE_ROOT}\stego\HILL\0.4bpp\stego\6604.pgm,1,train
${BOSSBASE_ROOT}\cover\3086.pgm,0,train
${BOSSBASE_ROOT}\cover\5674.pgm,0,train
${BOSSBASE_ROOT}\cover\427.pgm,0,train
${BOSSBASE_ROOT}\cover\347.pgm,0,train
${BOSSBASE_ROOT}\cover\3388.pgm,0,train
${BOSSBASE_ROOT}\cover\9609.pgm,0,train
${BOSSBASE_ROOT}\cover\9527.pgm,0,train
${BOSSBASE_ROOT}\cover\8043.pgm,0,train
${BOSSBASE_ROOT}\cover\7774.pgm,0,train
${BOSSBASE_ROOT}\stego\HILL\0.4bpp\stego\4635.pgm,1,train
${BOSSBASE_ROOT}\cover\8291.pgm,0,train
${BOSSBASE_ROOT}\stego\HILL\0.4bpp\stego\8346.pgm,1,train
${BOSSBASE_ROOT}\stego\HILL\0.4bpp\stego\5397.pgm,1,train
${BOSSBASE_ROOT}\stego\HILL\0.4bpp\stego\4860.pgm,1,train
${BOSSBASE_ROOT}\stego\HILL\0.4bpp\stego\1849.pgm,1,train
${BOSSBASE_ROOT}\cover\3623.pgm,0,train
${BOSSBASE_ROOT}\stego\HILL\0.4bpp\stego\2439.pgm,1,train
${BOSSBASE_ROOT}\cover\7453.pgm,0,train
${BOSSBASE_ROOT}\cover\5499.pgm,0,train
${BOSSBASE_ROOT}\cover\2533.pgm,0,train
${BOSSBASE_ROOT}\cover\5565.pgm,0,train
${BOSSBASE_ROOT}\cover\4194.pgm,0,train
${BOSSBASE_ROOT}\cover\7207.pgm,0,train
${BOSSBASE_ROOT}\cover\8924.pgm,0,train
${BOSSBASE_ROOT}\cover\9726.pgm,0,train
${BOSSBASE_ROOT}\stego\HILL\0.4bpp\stego\4189.pgm,1,train
${BOSSBASE_ROOT}\cover\8362.pgm,0,train
${BOSSBASE_ROOT}\stego\HILL\0.4bpp\stego\3627.pgm,1,train
${BOSSBASE_ROOT}\stego\HILL\0.4bpp\stego\7730.pgm,1,train
${BOSSBASE_ROOT}\cover\7587.pgm,0,train
${BOSSBASE_ROOT}\stego\HILL\0.4bpp\stego\8902.pgm,1,train
${BOSSBASE_ROOT}\cover\5291.pgm,0,train
${BOSSBASE_ROOT}\stego\HILL\0.4bpp\stego\44.pgm,1,train
${BOSSBASE_ROOT}\cover\1365.pgm,0,train
${BOSSBASE_ROOT}\cover\4674.pgm,0,train
${BOSSBASE_ROOT}\cover\2427.pgm,0,train
${BOSSBASE_ROOT}\stego\HILL\0.4bpp\stego\2738.pgm,1,train
${BOSSBASE_ROOT}\cover\8609.pgm,0,train
${BOSSBASE_ROOT}\stego\HILL\0.4bpp\stego\7603.pgm,1,train
${BOSSBASE_ROOT}\stego\HILL\0.4bpp\stego\9202.pgm,1,train
${BOSSBASE_ROOT}\stego\HILL\0.4bpp\stego\4054.pgm,1,train
${BOSSBASE_ROOT}\cover\9978.pgm,0,train
${BOSSBASE_ROOT}\cover\7108.pgm,0,train
${BOSSBASE_ROOT}\cover\8866.pgm,0,train
${BOSSBASE_ROOT}\stego\HILL\0.4bpp\stego\9647.pgm,1,train
${BOSSBASE_ROOT}\stego\HILL\0.4bpp\stego\9503.pgm,1,train
${BOSSBASE_ROOT}\cover\3642.pgm,0,train
${BOSSBASE_ROOT}\stego\HILL\0.4bpp\stego\9392.pgm,1,train
${BOSSBASE_ROOT}\cover\4275.pgm,0,train
${BOSSBASE_ROOT}\cover\809.pgm,0,train
${BOSSBASE_ROOT}\cover\6643.pgm,0,train
${BOSSBASE_ROOT}\cover\280.pgm,0,train
${BOSSBASE_ROOT}\stego\HILL\0.4bpp\stego\6685.pgm,1,train
${BOSSBASE_ROOT}\cover\1326.pgm,0,train
${BOSSBASE_ROOT}\stego\HILL\0.4bpp\stego\165.pgm,1,train
${BOSSBASE_ROOT}\stego\HILL\0.4bpp\stego\1254.pgm,1,train
${BOSSBASE_ROOT}\stego\HILL\0.4bpp\stego\29.pgm,1,train
${BOSSBASE_ROOT}\stego\HILL\0.4bpp\stego\4613.pgm,1,train
${BOSSBASE_ROOT}\cover\7517.pgm,0,train
${BOSSBASE_ROOT}\stego\HILL\0.4bpp\stego\8439.pgm,1,train
${BOSSBASE_ROOT}\stego\HILL\0.4bpp\stego\463.pgm,1,train
${BOSSBASE_ROOT}\stego\HILL\0.4bpp\stego\2319.pgm,1,train
${BOSSBASE_ROOT}\cover\5399.pgm,0,train
${BOSSBASE_ROOT}\cover\5445.pgm,0,train
${BOSSBASE_ROOT}\cover\505.pgm,0,train
${BOSSBASE_ROOT}\stego\HILL\0.4bpp\stego\8116.pgm,1,train
${BOSSBASE_ROOT}\stego\HILL\0.4bpp\stego\7461.pgm,1,train
${BOSSBASE_ROOT}\stego\HILL\0.4bpp\stego\3286.pgm,1,train
${BOSSBASE_ROOT}\cover\9051.pgm,0,train
${BOSSBASE_ROOT}\stego\HILL\0.4bpp\stego\1789.pgm,1,train
${BOSSBASE_ROOT}\stego\HILL\0.4bpp\stego\236.pgm,1,train
${BOSSBASE_ROOT}\cover\1678.pgm,0,train
${BOSSBASE_ROOT}\stego\HILL\0.4bpp\stego\8892.pgm,1,train
${BOSSBASE_ROOT}\cover\6884.pgm,0,train
${BOSSBASE_ROOT}\stego\HILL\0.4bpp\stego\8457.pgm,1,train
${BOSSBASE_ROOT}\cover\8746.pgm,0,train
${BOSSBASE_ROOT}\stego\HILL\0.4bpp\stego\5115.pgm,1,train
${BOSSBASE_ROOT}\stego\HILL\0.4bpp\stego\7531.pgm,1,train
${BOSSBASE_ROOT}\stego\HILL\0.4bpp\stego\1183.pgm,1,train
${BOSSBASE_ROOT}\cover\9820.pgm,0,train
${BOSSBASE_ROOT}\cover\6514.pgm,0,train
${BOSSBASE_ROOT}\cover\2276.pgm,0,train
${BOSSBASE_ROOT}\cover\4048.pgm,0,train
${BOSSBASE_ROOT}\stego\HILL\0.4bpp\stego\350.pgm,1,train
${BOSSBASE_ROOT}\stego\HILL\0.4bpp\stego\1446.pgm,1,train
${BOSSBASE_ROOT}\stego\HILL\0.4bpp\stego\2365.pgm,1,train
${BOSSBASE_ROOT}\cover\2031.pgm,0,train
${BOSSBASE_ROOT}\cover\1081.pgm,0,train
${BOSSBASE_ROOT}\cover\6678.pgm,0,train
${BOSSBASE_ROOT}\cover\6596.pgm,0,train
${BOSSBASE_ROOT}\cover\1731.pgm,0,train
${BOSSBASE_ROOT}\stego\HILL\0.4bpp\stego\5950.pgm,1,train
${BOSSBASE_ROOT}\stego\HILL\0.4bpp\stego\7368.pgm,1,train
${BOSSBASE_ROOT}\stego\HILL\0.4bpp\stego\5310.pgm,1,train
${BOSSBASE_ROOT}\cover\5935.pgm,0,train
${BOSSBASE_ROOT}\cover\9118.pgm,0,train
${BOSSBASE_ROOT}\stego\HILL\0.4bpp\stego\9285.pgm,1,train
${BOSSBASE_ROOT}\stego\HILL\0.4bpp\stego\7898.pgm,1,train
${BOSSBASE_ROOT}\stego\HILL\0.4bpp\stego\6770.pgm,1,train
${BOSSBASE_ROOT}\stego\HILL\0.4bpp\stego\2411.pgm,1,train
${BOSSBASE_ROOT}\stego\HILL\0.4bpp\stego\3702.pgm,1,train
${BOSSBASE_ROOT}\cover\2744.pgm,0,train
${BOSSBASE_ROOT}\stego\HILL\0.4bpp\stego\1028.pgm,1,train
${BOSSBASE_ROOT}\cover\143.pgm,0,train
${BOSSBASE_ROOT}\cover\2447.pgm,0,train
${BOSSBASE_ROOT}\stego\HILL\0.4bpp\stego\7280.pgm,1,train
${BOSSBASE_ROOT}\stego\HILL\0.4bpp\stego\3055.pgm,1,train
${BOSSBASE_ROOT}\cover\9435.pgm,0,train
${BOSSBASE_ROOT}\cover\5403.pgm,0,train
${BOSSBASE_ROOT}\stego\HILL\0.4bpp\stego\1780.pgm,1,train
${BOSSBASE_ROOT}\cover\4062.pgm,0,train
${BOSSBASE_ROOT}\stego\HILL\0.4bpp\stego\7848.pgm,1,train
${BOSSBASE_ROOT}\stego\HILL\0.4bpp\stego\9473.pgm,1,train
${BOSSBASE_ROOT}\stego\HILL\0.4bpp\stego\9436.pgm,1,train
${BOSSBASE_ROOT}\stego\HILL\0.4bpp\stego\9814.pgm,1,train
${BOSSBASE_ROOT}\cover\2172.pgm,0,train
${BOSSBASE_ROOT}\stego\HILL\0.4bpp\stego\7174.pgm,1,train
${BOSSBASE_ROOT}\stego\HILL\0.4bpp\stego\4353.pgm,1,train
${BOSSBASE_ROOT}\stego\HILL\0.4bpp\stego\1179.pgm,1,train
${BOSSBASE_ROOT}\stego\HILL\0.4bpp\stego\5458.pgm,1,train
${BOSSBASE_ROOT}\cover\2058.pgm,0,train
${BOSSBASE_ROOT}\stego\HILL\0.4bpp\stego\7891.pgm,1,train
${BOSSBASE_ROOT}\stego\HILL\0.4bpp\stego\8183.pgm,1,train
${BOSSBASE_ROOT}\stego\HILL\0.4bpp\stego\5962.pgm,1,train
${BOSSBASE_ROOT}\cover\4297.pgm,0,train
${BOSSBASE_ROOT}\stego\HILL\0.4bpp\stego\6800.pgm,1,train
${BOSSBASE_ROOT}\cover\8860.pgm,0,train
${BOSSBASE_ROOT}\cover\3644.pgm,0,train
${BOSSBASE_ROOT}\cover\5424.pgm,0,train
${BOSSBASE_ROOT}\stego\HILL\0.4bpp\stego\8651.pgm,1,train
${BOSSBASE_ROOT}\stego\HILL\0.4bpp\stego\2141.pgm,1,train
${BOSSBASE_ROOT}\stego\HILL\0.4bpp\stego\120.pgm,1,train
${BOSSBASE_ROOT}\cover\7371.pgm,0,train
${BOSSBASE_ROOT}\stego\HILL\0.4bpp\stego\4376.pgm,1,train
${BOSSBASE_ROOT}\cover\3393.pgm,0,train
${BOSSBASE_ROOT}\stego\HILL\0.4bpp\stego\8537.pgm,1,train
${BOSSBASE_ROOT}\stego\HILL\0.4bpp\stego\3525.pgm,1,train
${BOSSBASE_ROOT}\stego\HILL\0.4bpp\stego\6127.pgm,1,train
${BOSSBASE_ROOT}\cover\8651.pgm,0,train
${BOSSBASE_ROOT}\stego\HILL\0.4bpp\stego\8389.pgm,1,train
${BOSSBASE_ROOT}\stego\HILL\0.4bpp\stego\6117.pgm,1,train
${BOSSBASE_ROOT}\stego\HILL\0.4bpp\stego\1553.pgm,1,train
${BOSSBASE_ROOT}\stego\HILL\0.4bpp\stego\725.pgm,1,train
${BOSSBASE_ROOT}\cover\6677.pgm,0,train
${BOSSBASE_ROOT}\cover\6736.pgm,0,train
${BOSSBASE_ROOT}\cover\7353.pgm,0,train
${BOSSBASE_ROOT}\cover\1594.pgm,0,train
${BOSSBASE_ROOT}\cover\206.pgm,0,train
${BOSSBASE_ROOT}\cover\6872.pgm,0,train
${BOSSBASE_ROOT}\cover\4037.pgm,0,train
${BOSSBASE_ROOT}\stego\HILL\0.4bpp\stego\6738.pgm,1,train
${BOSSBASE_ROOT}\cover\9619.pgm,0,train
${BOSSBASE_ROOT}\cover\8391.pgm,0,train
${BOSSBASE_ROOT}\stego\HILL\0.4bpp\stego\6987.pgm,1,train
${BOSSBASE_ROOT}\cover\9526.pgm,0,train
${BOSSBASE_ROOT}\cover\3321.pgm,0,train
${BOSSBASE_ROOT}\cover\2952.pgm,0,train
${BOSSBASE_ROOT}\stego\HILL\0.4bpp\stego\115.pgm,1,train
${BOSSBASE_ROOT}\cover\4450.pgm,0,train
${BOSSBASE_ROOT}\stego\HILL\0.4bpp\stego\8077.pgm,1,train
${BOSSBASE_ROOT}\stego\HILL\0.4bpp\stego\4781.pgm,1,train
${BOSSBASE_ROOT}\stego\HILL\0.4bpp\stego\9631.pgm,1,train
${BOSSBASE_ROOT}\cover\3595.pgm,0,train
${BOSSBASE_ROOT}\cover\6442.pgm,0,train
${BOSSBASE_ROOT}\cover\3576.pgm,0,train
${BOSSBASE_ROOT}\stego\HILL\0.4bpp\stego\8694.pgm,1,train
${BOSSBASE_ROOT}\cover\3023.pgm,0,train
${BOSSBASE_ROOT}\cover\2754.pgm,0,train
${BOSSBASE_ROOT}\cover\9055.pgm,0,train
${BOSSBASE_ROOT}\stego\HILL\0.4bpp\stego\9302.pgm,1,train
${BOSSBASE_ROOT}\stego\HILL\0.4bpp\stego\7933.pgm,1,train
${BOSSBASE_ROOT}\cover\3429.pgm,0,train
${BOSSBASE_ROOT}\cover\9369.pgm,0,train
${BOSSBASE_ROOT}\stego\HILL\0.4bpp\stego\4900.pgm,1,train
${BOSSBASE_ROOT}\cover\3234.pgm,0,train
${BOSSBASE_ROOT}\stego\HILL\0.4bpp\stego\3568.pgm,1,train
${BOSSBASE_ROOT}\stego\HILL\0.4bpp\stego\1271.pgm,1,train
${BOSSBASE_ROOT}\stego\HILL\0.4bpp\stego\9827.pgm,1,train
${BOSSBASE_ROOT}\stego\HILL\0.4bpp\stego\5973.pgm,1,train
${BOSSBASE_ROOT}\stego\HILL\0.4bpp\stego\2240.pgm,1,train
${BOSSBASE_ROOT}\cover\5315.pgm,0,train
${BOSSBASE_ROOT}\cover\8361.pgm,0,train
${BOSSBASE_ROOT}\cover\9073.pgm,0,train
${BOSSBASE_ROOT}\stego\HILL\0.4bpp\stego\5703.pgm,1,train
${BOSSBASE_ROOT}\stego\HILL\0.4bpp\stego\685.pgm,1,train
${BOSSBASE_ROOT}\stego\HILL\0.4bpp\stego\4669.pgm,1,train
${BOSSBASE_ROOT}\cover\8632.pgm,0,train
${BOSSBASE_ROOT}\stego\HILL\0.4bpp\stego\9545.pgm,1,train
${BOSSBASE_ROOT}\cover\84.pgm,0,train
${BOSSBASE_ROOT}\cover\167.pgm,0,train
${BOSSBASE_ROOT}\cover\4489.pgm,0,train
${BOSSBASE_ROOT}\cover\6603.pgm,0,train
${BOSSBASE_ROOT}\stego\HILL\0.4bpp\stego\9294.pgm,1,train
${BOSSBASE_ROOT}\cover\6941.pgm,0,train
${BOSSBASE_ROOT}\cover\5789.pgm,0,train
${BOSSBASE_ROOT}\stego\HILL\0.4bpp\stego\8814.pgm,1,train
${BOSSBASE_ROOT}\stego\HILL\0.4bpp\stego\9739.pgm,1,train
${BOSSBASE_ROOT}\stego\HILL\0.4bpp\stego\448.pgm,1,train
${BOSSBASE_ROOT}\cover\4907.pgm,0,train
${BOSSBASE_ROOT}\stego\HILL\0.4bpp\stego\795.pgm,1,train
${BOSSBASE_ROOT}\stego\HILL\0.4bpp\stego\4821.pgm,1,train
${BOSSBASE_ROOT}\stego\HILL\0.4bpp\stego\5009.pgm,1,train
${BOSSBASE_ROOT}\stego\HILL\0.4bpp\stego\1534.pgm,1,train
${BOSSBASE_ROOT}\stego\HILL\0.4bpp\stego\561.pgm,1,train
${BOSSBASE_ROOT}\stego\HILL\0.4bpp\stego\5667.pgm,1,train
${BOSSBASE_ROOT}\stego\HILL\0.4bpp\stego\8874.pgm,1,train
${BOSSBASE_ROOT}\stego\HILL\0.4bpp\stego\3899.pgm,1,train
${BOSSBASE_ROOT}\cover\6801.pgm,0,train
${BOSSBASE_ROOT}\cover\1559.pgm,0,train
${BOSSBASE_ROOT}\stego\HILL\0.4bpp\stego\4144.pgm,1,train
${BOSSBASE_ROOT}\stego\HILL\0.4bpp\stego\3992.pgm,1,train
${BOSSBASE_ROOT}\cover\1890.pgm,0,train
${BOSSBASE_ROOT}\stego\HILL\0.4bpp\stego\2505.pgm,1,train
${BOSSBASE_ROOT}\stego\HILL\0.4bpp\stego\3784.pgm,1,train
${BOSSBASE_ROOT}\stego\HILL\0.4bpp\stego\9486.pgm,1,train
${BOSSBASE_ROOT}\cover\374.pgm,0,train
${BOSSBASE_ROOT}\cover\5586.pgm,0,train
${BOSSBASE_ROOT}\cover\1549.pgm,0,train
${BOSSBASE_ROOT}\cover\5136.pgm,0,train
${BOSSBASE_ROOT}\cover\126.pgm,0,train
${BOSSBASE_ROOT}\cover\9221.pgm,0,train
${BOSSBASE_ROOT}\cover\8869.pgm,0,train
${BOSSBASE_ROOT}\stego\HILL\0.4bpp\stego\7821.pgm,1,train
${BOSSBASE_ROOT}\stego\HILL\0.4bpp\stego\9089.pgm,1,train
${BOSSBASE_ROOT}\cover\6903.pgm,0,train
${BOSSBASE_ROOT}\cover\5837.pgm,0,train
${BOSSBASE_ROOT}\stego\HILL\0.4bpp\stego\5242.pgm,1,train
${BOSSBASE_ROOT}\cover\7407.pgm,0,train
${BOSSBASE_ROOT}\cover\4931.pgm,0,train
${BOSSBASE_ROOT}\stego\HILL\0.4bpp\stego\8384.pgm,1,train
${BOSSBASE_ROOT}\cover\4317.pgm,0,train
${BOSSBASE_ROOT}\cover\4138.pgm,0,train
${BOSSBASE_ROOT}\cover\7251.pgm,0,train
${BOSSBASE_ROOT}\cover\1794.pgm,0,train
${BOSSBASE_ROOT}\cover\6092.pgm,0,train
${BOSSBASE_ROOT}\cover\6319.pgm,0,train
${BOSSBASE_ROOT}\cover\8258.pgm,0,train
${BOSSBASE_ROOT}\cover\3684.pgm,0,train
${BOSSBASE_ROOT}\stego\HILL\0.4bpp\stego\2766.pgm,1,train
${BOSSBASE_ROOT}\cover\1990.pgm,0,train
${BOSSBASE_ROOT}\stego\HILL\0.4bpp\stego\6856.pgm,1,train
${BOSSBASE_ROOT}\stego\HILL\0.4bpp\stego\1161.pgm,1,train
${BOSSBASE_ROOT}\cover\3697.pgm,0,train
${BOSSBASE_ROOT}\cover\3292.pgm,0,train
${BOSSBASE_ROOT}\stego\HILL\0.4bpp\stego\3345.pgm,1,train
${BOSSBASE_ROOT}\cover\316.pgm,0,train
${BOSSBASE_ROOT}\cover\9739.pgm,0,train
${BOSSBASE_ROOT}\cover\3432.pgm,0,train
${BOSSBASE_ROOT}\cover\4506.pgm,0,train
${BOSSBASE_ROOT}\stego\HILL\0.4bpp\stego\7775.pgm,1,train
${BOSSBASE_ROOT}\stego\HILL\0.4bpp\stego\9124.pgm,1,train
${BOSSBASE_ROOT}\stego\HILL\0.4bpp\stego\5605.pgm,1,train
${BOSSBASE_ROOT}\cover\6764.pgm,0,train
${BOSSBASE_ROOT}\cover\5081.pgm,0,train
${BOSSBASE_ROOT}\cover\4558.pgm,0,train
${BOSSBASE_ROOT}\stego\HILL\0.4bpp\stego\707.pgm,1,train
${BOSSBASE_ROOT}\stego\HILL\0.4bpp\stego\1650.pgm,1,train
${BOSSBASE_ROOT}\cover\5683.pgm,0,train
${BOSSBASE_ROOT}\stego\HILL\0.4bpp\stego\3199.pgm,1,train
${BOSSBASE_ROOT}\cover\2875.pgm,0,train
${BOSSBASE_ROOT}\stego\HILL\0.4bpp\stego\6248.pgm,1,train
${BOSSBASE_ROOT}\cover\7136.pgm,0,train
${BOSSBASE_ROOT}\cover\5503.pgm,0,train
${BOSSBASE_ROOT}\stego\HILL\0.4bpp\stego\4739.pgm,1,train
${BOSSBASE_ROOT}\cover\8764.pgm,0,train
${BOSSBASE_ROOT}\cover\3804.pgm,0,train
${BOSSBASE_ROOT}\stego\HILL\0.4bpp\stego\2509.pgm,1,train
${BOSSBASE_ROOT}\stego\HILL\0.4bpp\stego\5787.pgm,1,train
${BOSSBASE_ROOT}\stego\HILL\0.4bpp\stego\3980.pgm,1,train
${BOSSBASE_ROOT}\cover\2768.pgm,0,train
${BOSSBASE_ROOT}\cover\5812.pgm,0,train
${BOSSBASE_ROOT}\cover\7892.pgm,0,train
${BOSSBASE_ROOT}\cover\2119.pgm,0,train
${BOSSBASE_ROOT}\cover\583.pgm,0,train
${BOSSBASE_ROOT}\stego\HILL\0.4bpp\stego\550.pgm,1,train
${BOSSBASE_ROOT}\stego\HILL\0.4bpp\stego\1187.pgm,1,train
${BOSSBASE_ROOT}\stego\HILL\0.4bpp\stego\6899.pgm,1,train
${BOSSBASE_ROOT}\cover\3739.pgm,0,train
${BOSSBASE_ROOT}\stego\HILL\0.4bpp\stego\1265.pgm,1,train
${BOSSBASE_ROOT}\stego\HILL\0.4bpp\stego\287.pgm,1,train
${BOSSBASE_ROOT}\stego\HILL\0.4bpp\stego\7889.pgm,1,train
${BOSSBASE_ROOT}\stego\HILL\0.4bpp\stego\3500.pgm,1,train
${BOSSBASE_ROOT}\cover\9331.pgm,0,train
${BOSSBASE_ROOT}\cover\8928.pgm,0,train
${BOSSBASE_ROOT}\cover\4012.pgm,0,train
${BOSSBASE_ROOT}\stego\HILL\0.4bpp\stego\8131.pgm,1,train
${BOSSBASE_ROOT}\stego\HILL\0.4bpp\stego\3645.pgm,1,train
${BOSSBASE_ROOT}\cover\638.pgm,0,train
${BOSSBASE_ROOT}\cover\24.pgm,0,train
${BOSSBASE_ROOT}\stego\HILL\0.4bpp\stego\6556.pgm,1,train
${BOSSBASE_ROOT}\cover\3326.pgm,0,train
${BOSSBASE_ROOT}\cover\5296.pgm,0,train
${BOSSBASE_ROOT}\cover\7521.pgm,0,train
${BOSSBASE_ROOT}\stego\HILL\0.4bpp\stego\7786.pgm,1,train
${BOSSBASE_ROOT}\cover\8931.pgm,0,train
${BOSSBASE_ROOT}\cover\7431.pgm,0,train
${BOSSBASE_ROOT}\stego\HILL\0.4bpp\stego\5035.pgm,1,train
${BOSSBASE_ROOT}\stego\HILL\0.4bpp\stego\9219.pgm,1,train
${BOSSBASE_ROOT}\cover\2431.pgm,0,train
${BOSSBASE_ROOT}\cover\3745.pgm,0,train
${BOSSBASE_ROOT}\stego\HILL\0.4bpp\stego\45.pgm,1,train
${BOSSBASE_ROOT}\cover\8265.pgm,0,train
${BOSSBASE_ROOT}\cover\3457.pgm,0,train
${BOSSBASE_ROOT}\cover\4014.pgm,0,train
${BOSSBASE_ROOT}\cover\5385.pgm,0,train
${BOSSBASE_ROOT}\cover\450.pgm,0,train
${BOSSBASE_ROOT}\stego\HILL\0.4bpp\stego\1529.pgm,1,train
${BOSSBASE_ROOT}\stego\HILL\0.4bpp\stego\1417.pgm,1,train
${BOSSBASE_ROOT}\cover\3382.pgm,0,train
${BOSSBASE_ROOT}\stego\HILL\0.4bpp\stego\1632.pgm,1,train
${BOSSBASE_ROOT}\cover\6827.pgm,0,train
${BOSSBASE_ROOT}\stego\HILL\0.4bpp\stego\7776.pgm,1,train
${BOSSBASE_ROOT}\stego\HILL\0.4bpp\stego\7711.pgm,1,train
${BOSSBASE_ROOT}\stego\HILL\0.4bpp\stego\3905.pgm,1,train
${BOSSBASE_ROOT}\stego\HILL\0.4bpp\stego\2599.pgm,1,train
${BOSSBASE_ROOT}\stego\HILL\0.4bpp\stego\7729.pgm,1,train
${BOSSBASE_ROOT}\cover\3781.pgm,0,train
${BOSSBASE_ROOT}\cover\2114.pgm,0,train
${BOSSBASE_ROOT}\stego\HILL\0.4bpp\stego\8424.pgm,1,train
${BOSSBASE_ROOT}\cover\555.pgm,0,train
${BOSSBASE_ROOT}\stego\HILL\0.4bpp\stego\6718.pgm,1,train
${BOSSBASE_ROOT}\cover\1242.pgm,0,train
${BOSSBASE_ROOT}\cover\1317.pgm,0,train
${BOSSBASE_ROOT}\cover\8375.pgm,0,train
${BOSSBASE_ROOT}\stego\HILL\0.4bpp\stego\2139.pgm,1,train
${BOSSBASE_ROOT}\stego\HILL\0.4bpp\stego\4171.pgm,1,train
${BOSSBASE_ROOT}\cover\813.pgm,0,train
${BOSSBASE_ROOT}\cover\6042.pgm,0,train
${BOSSBASE_ROOT}\stego\HILL\0.4bpp\stego\6198.pgm,1,train
${BOSSBASE_ROOT}\stego\HILL\0.4bpp\stego\1631.pgm,1,train
${BOSSBASE_ROOT}\cover\694.pgm,0,train
${BOSSBASE_ROOT}\cover\3271.pgm,0,train
${BOSSBASE_ROOT}\stego\HILL\0.4bpp\stego\425.pgm,1,train
${BOSSBASE_ROOT}\cover\6792.pgm,0,train
${BOSSBASE_ROOT}\cover\9460.pgm,0,train
${BOSSBASE_ROOT}\cover\7145.pgm,0,train
${BOSSBASE_ROOT}\cover\7648.pgm,0,train
${BOSSBASE_ROOT}\stego\HILL\0.4bpp\stego\7302.pgm,1,train
${BOSSBASE_ROOT}\cover\4182.pgm,0,train
${BOSSBASE_ROOT}\stego\HILL\0.4bpp\stego\7963.pgm,1,train
${BOSSBASE_ROOT}\stego\HILL\0.4bpp\stego\7442.pgm,1,train
${BOSSBASE_ROOT}\stego\HILL\0.4bpp\stego\4322.pgm,1,train
${BOSSBASE_ROOT}\stego\HILL\0.4bpp\stego\4494.pgm,1,train
${BOSSBASE_ROOT}\stego\HILL\0.4bpp\stego\8527.pgm,1,train
${BOSSBASE_ROOT}\cover\8130.pgm,0,train
${BOSSBASE_ROOT}\stego\HILL\0.4bpp\stego\2681.pgm,1,train
${BOSSBASE_ROOT}\cover\3643.pgm,0,train
${BOSSBASE_ROOT}\cover\4214.pgm,0,train
${BOSSBASE_ROOT}\stego\HILL\0.4bpp\stego\7824.pgm,1,train
${BOSSBASE_ROOT}\cover\8117.pgm,0,train
${BOSSBASE_ROOT}\stego\HILL\0.4bpp\stego\8113.pgm,1,train
${BOSSBASE_ROOT}\stego\HILL\0.4bpp\stego\6122.pgm,1,train
${BOSSBASE_ROOT}\stego\HILL\0.4bpp\stego\5135.pgm,1,train
${BOSSBASE_ROOT}\stego\HILL\0.4bpp\stego\324.pgm,1,train
${BOSSBASE_ROOT}\cover\5212.pgm,0,train
${BOSSBASE_ROOT}\stego\HILL\0.4bpp\stego\5978.pgm,1,train
${BOSSBASE_ROOT}\cover\180.pgm,0,train
${BOSSBASE_ROOT}\stego\HILL\0.4bpp\stego\3871.pgm,1,train
${BOSSBASE_ROOT}\cover\7383.pgm,0,train
${BOSSBASE_ROOT}\stego\HILL\0.4bpp\stego\8203.pgm,1,train
${BOSSBASE_ROOT}\stego\HILL\0.4bpp\stego\5590.pgm,1,train
${BOSSBASE_ROOT}\cover\1903.pgm,0,train
${BOSSBASE_ROOT}\cover\4500.pgm,0,train
${BOSSBASE_ROOT}\stego\HILL\0.4bpp\stego\7734.pgm,1,train
${BOSSBASE_ROOT}\cover\3489.pgm,0,train
${BOSSBASE_ROOT}\stego\HILL\0.4bpp\stego\6821.pgm,1,train
${BOSSBASE_ROOT}\cover\1474.pgm,0,train
${BOSSBASE_ROOT}\stego\HILL\0.4bpp\stego\4527.pgm,1,train
${BOSSBASE_ROOT}\cover\463.pgm,0,train
${BOSSBASE_ROOT}\stego\HILL\0.4bpp\stego\2458.pgm,1,train
${BOSSBASE_ROOT}\cover\6374.pgm,0,train
${BOSSBASE_ROOT}\cover\978.pgm,0,train
${BOSSBASE_ROOT}\stego\HILL\0.4bpp\stego\7119.pgm,1,train
${BOSSBASE_ROOT}\cover\7143.pgm,0,train
${BOSSBASE_ROOT}\cover\2015.pgm,0,train
${BOSSBASE_ROOT}\cover\6223.pgm,0,train
${BOSSBASE_ROOT}\cover\1889.pgm,0,train
${BOSSBASE_ROOT}\cover\4409.pgm,0,train
${BOSSBASE_ROOT}\cover\5329.pgm,0,train
${BOSSBASE_ROOT}\stego\HILL\0.4bpp\stego\7254.pgm,1,train
${BOSSBASE_ROOT}\stego\HILL\0.4bpp\stego\9199.pgm,1,train
${BOSSBASE_ROOT}\cover\3352.pgm,0,train
${BOSSBASE_ROOT}\cover\4560.pgm,0,train
${BOSSBASE_ROOT}\cover\6107.pgm,0,train
${BOSSBASE_ROOT}\stego\HILL\0.4bpp\stego\3585.pgm,1,train
${BOSSBASE_ROOT}\cover\1065.pgm,0,train
${BOSSBASE_ROOT}\stego\HILL\0.4bpp\stego\1781.pgm,1,train
${BOSSBASE_ROOT}\cover\9330.pgm,0,train
${BOSSBASE_ROOT}\cover\9110.pgm,0,train
${BOSSBASE_ROOT}\stego\HILL\0.4bpp\stego\8650.pgm,1,train
${BOSSBASE_ROOT}\stego\HILL\0.4bpp\stego\5852.pgm,1,train
${BOSSBASE_ROOT}\cover\8178.pgm,0,train
${BOSSBASE_ROOT}\cover\5342.pgm,0,train
${BOSSBASE_ROOT}\stego\HILL\0.4bpp\stego\2809.pgm,1,train
${BOSSBASE_ROOT}\cover\7681.pgm,0,train
${BOSSBASE_ROOT}\stego\HILL\0.4bpp\stego\2806.pgm,1,train
${BOSSBASE_ROOT}\stego\HILL\0.4bpp\stego\1865.pgm,1,train
${BOSSBASE_ROOT}\cover\331.pgm,0,train
${BOSSBASE_ROOT}\cover\7780.pgm,0,train
${BOSSBASE_ROOT}\stego\HILL\0.4bpp\stego\2879.pgm,1,train
${BOSSBASE_ROOT}\stego\HILL\0.4bpp\stego\5500.pgm,1,train
${BOSSBASE_ROOT}\cover\6014.pgm,0,train
${BOSSBASE_ROOT}\stego\HILL\0.4bpp\stego\2389.pgm,1,train
${BOSSBASE_ROOT}\cover\46.pgm,0,train
${BOSSBASE_ROOT}\stego\HILL\0.4bpp\stego\1088.pgm,1,train
${BOSSBASE_ROOT}\stego\HILL\0.4bpp\stego\2665.pgm,1,train
${BOSSBASE_ROOT}\cover\6593.pgm,0,train
${BOSSBASE_ROOT}\stego\HILL\0.4bpp\stego\5018.pgm,1,train
${BOSSBASE_ROOT}\cover\4256.pgm,0,train
${BOSSBASE_ROOT}\stego\HILL\0.4bpp\stego\8362.pgm,1,train
${BOSSBASE_ROOT}\cover\1566.pgm,0,train
${BOSSBASE_ROOT}\cover\6193.pgm,0,train
${BOSSBASE_ROOT}\cover\4684.pgm,0,train
${BOSSBASE_ROOT}\cover\2772.pgm,0,train
${BOSSBASE_ROOT}\stego\HILL\0.4bpp\stego\7757.pgm,1,train
${BOSSBASE_ROOT}\cover\6645.pgm,0,train
${BOSSBASE_ROOT}\cover\994.pgm,0,train
${BOSSBASE_ROOT}\stego\HILL\0.4bpp\stego\6210.pgm,1,train
${BOSSBASE_ROOT}\cover\8524.pgm,0,train
${BOSSBASE_ROOT}\cover\4801.pgm,0,train
${BOSSBASE_ROOT}\stego\HILL\0.4bpp\stego\8493.pgm,1,train
${BOSSBASE_ROOT}\cover\9015.pgm,0,train
${BOSSBASE_ROOT}\stego\HILL\0.4bpp\stego\6025.pgm,1,train
${BOSSBASE_ROOT}\cover\793.pgm,0,train
${BOSSBASE_ROOT}\stego\HILL\0.4bpp\stego\1666.pgm,1,train
${BOSSBASE_ROOT}\cover\7198.pgm,0,train
${BOSSBASE_ROOT}\stego\HILL\0.4bpp\stego\3307.pgm,1,train
${BOSSBASE_ROOT}\stego\HILL\0.4bpp\stego\4484.pgm,1,train
${BOSSBASE_ROOT}\stego\HILL\0.4bpp\stego\9485.pgm,1,train
${BOSSBASE_ROOT}\cover\932.pgm,0,train
${BOSSBASE_ROOT}\stego\HILL\0.4bpp\stego\8803.pgm,1,train
${BOSSBASE_ROOT}\stego\HILL\0.4bpp\stego\4007.pgm,1,train
${BOSSBASE_ROOT}\cover\2850.pgm,0,train
${BOSSBASE_ROOT}\cover\2197.pgm,0,train
${BOSSBASE_ROOT}\cover\2575.pgm,0,train
${BOSSBASE_ROOT}\stego\HILL\0.4bpp\stego\1972.pgm,1,train
${BOSSBASE_ROOT}\stego\HILL\0.4bpp\stego\1783.pgm,1,train
${BOSSBASE_ROOT}\cover\8557.pgm,0,train
${BOSSBASE_ROOT}\stego\HILL\0.4bpp\stego\331.pgm,1,train
${BOSSBASE_ROOT}\cover\5855.pgm,0,train
${BOSSBASE_ROOT}\stego\HILL\0.4bpp\stego\413.pgm,1,train
${BOSSBASE_ROOT}\cover\6957.pgm,0,train
${BOSSBASE_ROOT}\cover\9957.pgm,0,train
${BOSSBASE_ROOT}\cover\9348.pgm,0,train
${BOSSBASE_ROOT}\cover\7171.pgm,0,train
${BOSSBASE_ROOT}\cover\8028.pgm,0,train
${BOSSBASE_ROOT}\stego\HILL\0.4bpp\stego\5204.pgm,1,train
${BOSSBASE_ROOT}\stego\HILL\0.4bpp\stego\749.pgm,1,train
${BOSSBASE_ROOT}\stego\HILL\0.4bpp\stego\6852.pgm,1,train
${BOSSBASE_ROOT}\cover\7855.pgm,0,train
${BOSSBASE_ROOT}\stego\HILL\0.4bpp\stego\5748.pgm,1,train
${BOSSBASE_ROOT}\cover\7363.pgm,0,train
${BOSSBASE_ROOT}\stego\HILL\0.4bpp\stego\5578.pgm,1,train
${BOSSBASE_ROOT}\cover\8710.pgm,0,train
${BOSSBASE_ROOT}\cover\935.pgm,0,train
${BOSSBASE_ROOT}\stego\HILL\0.4bpp\stego\4067.pgm,1,train
${BOSSBASE_ROOT}\cover\8394.pgm,0,train
${BOSSBASE_ROOT}\cover\6019.pgm,0,train
${BOSSBASE_ROOT}\stego\HILL\0.4bpp\stego\7189.pgm,1,train
${BOSSBASE_ROOT}\stego\HILL\0.4bpp\stego\5481.pgm,1,train
${BOSSBASE_ROOT}\cover\9153.pgm,0,train
${BOSSBASE_ROOT}\cover\4049.pgm,0,train
${BOSSBASE_ROOT}\cover\6152.pgm,0,train
${BOSSBASE_ROOT}\cover\8457.pgm,0,train
${BOSSBASE_ROOT}\cover\2421.pgm,0,train
${BOSSBASE_ROOT}\stego\HILL\0.4bpp\stego\7405.pgm,1,train
${BOSSBASE_ROOT}\cover\6324.pgm,0,train
${BOSSBASE_ROOT}\cover\4521.pgm,0,train
${BOSSBASE_ROOT}\stego\HILL\0.4bpp\stego\3223.pgm,1,train
${BOSSBASE_ROOT}\cover\2280.pgm,0,train
${BOSSBASE_ROOT}\stego\HILL\0.4bpp\stego\1885.pgm,1,train
${BOSSBASE_ROOT}\cover\7522.pgm,0,train
${BOSSBASE_ROOT}\stego\HILL\0.4bpp\stego\264.pgm,1,train
${BOSSBASE_ROOT}\cover\3255.pgm,0,train
${BOSSBASE_ROOT}\stego\HILL\0.4bpp\stego\1222.pgm,1,train
${BOSSBASE_ROOT}\cover\1125.pgm,0,train
${BOSSBASE_ROOT}\cover\9413.pgm,0,train
${BOSSBASE_ROOT}\stego\HILL\0.4bpp\stego\122.pgm,1,train
${BOSSBASE_ROOT}\cover\8435.pgm,0,train
${BOSSBASE_ROOT}\cover\4327.pgm,0,train
${BOSSBASE_ROOT}\stego\HILL\0.4bpp\stego\5714.pgm,1,train
${BOSSBASE_ROOT}\cover\395.pgm,0,train
${BOSSBASE_ROOT}\stego\HILL\0.4bpp\stego\3353.pgm,1,train
${BOSSBASE_ROOT}\cover\5339.pgm,0,train
${BOSSBASE_ROOT}\cover\7975.pgm,0,train
${BOSSBASE_ROOT}\cover\1751.pgm,0,train
${BOSSBASE_ROOT}\stego\HILL\0.4bpp\stego\9171.pgm,1,train
${BOSSBASE_ROOT}\stego\HILL\0.4bpp\stego\8337.pgm,1,train
${BOSSBASE_ROOT}\cover\7901.pgm,0,train
${BOSSBASE_ROOT}\stego\HILL\0.4bpp\stego\9348.pgm,1,train
${BOSSBASE_ROOT}\cover\4957.pgm,0,train
${BOSSBASE_ROOT}\stego\HILL\0.4bpp\stego\1457.pgm,1,train
${BOSSBASE_ROOT}\cover\3633.pgm,0,train
${BOSSBASE_ROOT}\cover\328.pgm,0,train
${BOSSBASE_ROOT}\stego\HILL\0.4bpp\stego\1400.pgm,1,train
${BOSSBASE_ROOT}\stego\HILL\0.4bpp\stego\7367.pgm,1,train
${BOSSBASE_ROOT}\stego\HILL\0.4bpp\stego\1958.pgm,1,train
${BOSSBASE_ROOT}\cover\4259.pgm,0,train
${BOSSBASE_ROOT}\cover\4918.pgm,0,train
${BOSSBASE_ROOT}\cover\2021.pgm,0,train
${BOSSBASE_ROOT}\stego\HILL\0.4bpp\stego\8592.pgm,1,train
${BOSSBASE_ROOT}\stego\HILL\0.4bpp\stego\6538.pgm,1,train
${BOSSBASE_ROOT}\stego\HILL\0.4bpp\stego\7576.pgm,1,train
${BOSSBASE_ROOT}\cover\7520.pgm,0,train
${BOSSBASE_ROOT}\stego\HILL\0.4bpp\stego\8092.pgm,1,train
${BOSSBASE_ROOT}\cover\5617.pgm,0,train
${BOSSBASE_ROOT}\stego\HILL\0.4bpp\stego\6464.pgm,1,train
${BOSSBASE_ROOT}\stego\HILL\0.4bpp\stego\5777.pgm,1,train
${BOSSBASE_ROOT}\cover\2304.pgm,0,train
${BOSSBASE_ROOT}\cover\7850.pgm,0,train
${BOSSBASE_ROOT}\stego\HILL\0.4bpp\stego\6403.pgm,1,train
${BOSSBASE_ROOT}\cover\3946.pgm,0,train
${BOSSBASE_ROOT}\stego\HILL\0.4bpp\stego\4403.pgm,1,train
${BOSSBASE_ROOT}\cover\2345.pgm,0,train
${BOSSBASE_ROOT}\stego\HILL\0.4bpp\stego\2967.pgm,1,train
${BOSSBASE_ROOT}\cover\5510.pgm,0,train
${BOSSBASE_ROOT}\cover\9784.pgm,0,train
${BOSSBASE_ROOT}\stego\HILL\0.4bpp\stego\4192.pgm,1,train
${BOSSBASE_ROOT}\cover\805.pgm,0,train
${BOSSBASE_ROOT}\stego\HILL\0.4bpp\stego\462.pgm,1,train
${BOSSBASE_ROOT}\cover\8998.pgm,0,train
${BOSSBASE_ROOT}\stego\HILL\0.4bpp\stego\7279.pgm,1,train
${BOSSBASE_ROOT}\cover\9933.pgm,0,train
${BOSSBASE_ROOT}\stego\HILL\0.4bpp\stego\6270.pgm,1,train
${BOSSBASE_ROOT}\stego\HILL\0.4bpp\stego\4253.pgm,1,train
${BOSSBASE_ROOT}\stego\HILL\0.4bpp\stego\6753.pgm,1,train
${BOSSBASE_ROOT}\stego\HILL\0.4bpp\stego\8261.pgm,1,train
${BOSSBASE_ROOT}\stego\HILL\0.4bpp\stego\5276.pgm,1,train
${BOSSBASE_ROOT}\stego\HILL\0.4bpp\stego\5075.pgm,1,train
${BOSSBASE_ROOT}\stego\HILL\0.4bpp\stego\7300.pgm,1,train
${BOSSBASE_ROOT}\cover\5932.pgm,0,train
${BOSSBASE_ROOT}\stego\HILL\0.4bpp\stego\5240.pgm,1,train
${BOSSBASE_ROOT}\stego\HILL\0.4bpp\stego\7225.pgm,1,train
${BOSSBASE_ROOT}\cover\9860.pgm,0,train
${BOSSBASE_ROOT}\stego\HILL\0.4bpp\stego\9935.pgm,1,train
${BOSSBASE_ROOT}\stego\HILL\0.4bpp\stego\6879.pgm,1,train
${BOSSBASE_ROOT}\cover\2675.pgm,0,train
${BOSSBASE_ROOT}\stego\HILL\0.4bpp\stego\2097.pgm,1,train
${BOSSBASE_ROOT}\stego\HILL\0.4bpp\stego\3851.pgm,1,train
${BOSSBASE_ROOT}\stego\HILL\0.4bpp\stego\428.pgm,1,train
${BOSSBASE_ROOT}\cover\2347.pgm,0,train
${BOSSBASE_ROOT}\stego\HILL\0.4bpp\stego\6976.pgm,1,train
${BOSSBASE_ROOT}\cover\429.pgm,0,train
${BOSSBASE_ROOT}\cover\5603.pgm,0,train
${BOSSBASE_ROOT}\cover\3055.pgm,0,train
${BOSSBASE_ROOT}\cover\2955.pgm,0,train
${BOSSBASE_ROOT}\stego\HILL\0.4bpp\stego\1451.pgm,1,train
${BOSSBASE_ROOT}\stego\HILL\0.4bpp\stego\8559.pgm,1,train
${BOSSBASE_ROOT}\cover\2404.pgm,0,train
${BOSSBASE_ROOT}\stego\HILL\0.4bpp\stego\3444.pgm,1,train
${BOSSBASE_ROOT}\cover\6093.pgm,0,train
${BOSSBASE_ROOT}\stego\HILL\0.4bpp\stego\4903.pgm,1,train
${BOSSBASE_ROOT}\cover\6278.pgm,0,train
${BOSSBASE_ROOT}\cover\4871.pgm,0,train
${BOSSBASE_ROOT}\cover\2867.pgm,0,train
${BOSSBASE_ROOT}\stego\HILL\0.4bpp\stego\8767.pgm,1,train
${BOSSBASE_ROOT}\stego\HILL\0.4bpp\stego\7075.pgm,1,train
${BOSSBASE_ROOT}\cover\5253.pgm,0,train
${BOSSBASE_ROOT}\stego\HILL\0.4bpp\stego\2918.pgm,1,train
${BOSSBASE_ROOT}\stego\HILL\0.4bpp\stego\5321.pgm,1,train
${BOSSBASE_ROOT}\stego\HILL\0.4bpp\stego\739.pgm,1,train
${BOSSBASE_ROOT}\cover\2874.pgm,0,train
${BOSSBASE_ROOT}\cover\6496.pgm,0,train
${BOSSBASE_ROOT}\stego\HILL\0.4bpp\stego\7376.pgm,1,train
${BOSSBASE_ROOT}\stego\HILL\0.4bpp\stego\4367.pgm,1,train
${BOSSBASE_ROOT}\cover\9453.pgm,0,train
${BOSSBASE_ROOT}\cover\7211.pgm,0,train
${BOSSBASE_ROOT}\cover\5625.pgm,0,train
${BOSSBASE_ROOT}\cover\2789.pgm,0,train
${BOSSBASE_ROOT}\cover\6996.pgm,0,train
${BOSSBASE_ROOT}\cover\7370.pgm,0,train
${BOSSBASE_ROOT}\stego\HILL\0.4bpp\stego\5709.pgm,1,train
${BOSSBASE_ROOT}\stego\HILL\0.4bpp\stego\2004.pgm,1,train
${BOSSBASE_ROOT}\cover\5749.pgm,0,train
${BOSSBASE_ROOT}\cover\3752.pgm,0,train
${BOSSBASE_ROOT}\stego\HILL\0.4bpp\stego\304.pgm,1,train
${BOSSBASE_ROOT}\cover\2805.pgm,0,train
${BOSSBASE_ROOT}\stego\HILL\0.4bpp\stego\5960.pgm,1,train
${BOSSBASE_ROOT}\cover\7614.pgm,0,train
${BOSSBASE_ROOT}\cover\4652.pgm,0,train
${BOSSBASE_ROOT}\stego\HILL\0.4bpp\stego\79.pgm,1,train
${BOSSBASE_ROOT}\cover\4028.pgm,0,train
${BOSSBASE_ROOT}\stego\HILL\0.4bpp\stego\455.pgm,1,train
${BOSSBASE_ROOT}\cover\2327.pgm,0,train
${BOSSBASE_ROOT}\cover\8370.pgm,0,train
${BOSSBASE_ROOT}\stego\HILL\0.4bpp\stego\7976.pgm,1,train
${BOSSBASE_ROOT}\stego\HILL\0.4bpp\stego\1724.pgm,1,train
${BOSSBASE_ROOT}\stego\HILL\0.4bpp\stego\8182.pgm,1,train
${BOSSBASE_ROOT}\stego\HILL\0.4bpp\stego\9045.pgm,1,train
${BOSSBASE_ROOT}\stego\HILL\0.4bpp\stego\3423.pgm,1,train
${BOSSBASE_ROOT}\cover\8244.pgm,0,train
${BOSSBASE_ROOT}\stego\HILL\0.4bpp\stego\9187.pgm,1,train
${BOSSBASE_ROOT}\stego\HILL\0.4bpp\stego\9329.pgm,1,train
${BOSSBASE_ROOT}\stego\HILL\0.4bpp\stego\4356.pgm,1,train
${BOSSBASE_ROOT}\cover\4279.pgm,0,train
${BOSSBASE_ROOT}\cover\71.pgm,0,train
${BOSSBASE_ROOT}\cover\9625.pgm,0,train
${BOSSBASE_ROOT}\stego\HILL\0.4bpp\stego\6142.pgm,1,train
${BOSSBASE_ROOT}\stego\HILL\0.4bpp\stego\8296.pgm,1,train
${BOSSBASE_ROOT}\cover\3065.pgm,0,train
${BOSSBASE_ROOT}\stego\HILL\0.4bpp\stego\9630.pgm,1,train
${BOSSBASE_ROOT}\stego\HILL\0.4bpp\stego\5026.pgm,1,train
${BOSSBASE_ROOT}\stego\HILL\0.4bpp\stego\2956.pgm,1,train
${BOSSBASE_ROOT}\cover\628.pgm,0,train
${BOSSBASE_ROOT}\cover\5274.pgm,0,train
${BOSSBASE_ROOT}\stego\HILL\0.4bpp\stego\6047.pgm,1,train
${BOSSBASE_ROOT}\cover\3976.pgm,0,train
${BOSSBASE_ROOT}\cover\6304.pgm,0,train
${BOSSBASE_ROOT}\stego\HILL\0.4bpp\stego\1218.pgm,1,train
${BOSSBASE_ROOT}\stego\HILL\0.4bpp\stego\5352.pgm,1,train
${BOSSBASE_ROOT}\stego\HILL\0.4bpp\stego\5845.pgm,1,train
${BOSSBASE_ROOT}\cover\2717.pgm,0,train
${BOSSBASE_ROOT}\cover\149.pgm,0,train
${BOSSBASE_ROOT}\cover\3836.pgm,0,train
${BOSSBASE_ROOT}\stego\HILL\0.4bpp\stego\9616.pgm,1,train
${BOSSBASE_ROOT}\cover\9441.pgm,0,train
${BOSSBASE_ROOT}\cover\8521.pgm,0,train
${BOSSBASE_ROOT}\cover\3344.pgm,0,train
${BOSSBASE_ROOT}\stego\HILL\0.4bpp\stego\8500.pgm,1,train
${BOSSBASE_ROOT}\stego\HILL\0.4bpp\stego\2542.pgm,1,train
${BOSSBASE_ROOT}\stego\HILL\0.4bpp\stego\8584.pgm,1,train
${BOSSBASE_ROOT}\stego\HILL\0.4bpp\stego\2070.pgm,1,train
${BOSSBASE_ROOT}\stego\HILL\0.4bpp\stego\4103.pgm,1,train
${BOSSBASE_ROOT}\stego\HILL\0.4bpp\stego\857.pgm,1,train
${BOSSBASE_ROOT}\cover\5055.pgm,0,train
${BOSSBASE_ROOT}\stego\HILL\0.4bpp\stego\2770.pgm,1,train
${BOSSBASE_ROOT}\stego\HILL\0.4bpp\stego\589.pgm,1,train
${BOSSBASE_ROOT}\cover\8659.pgm,0,train
${BOSSBASE_ROOT}\cover\3778.pgm,0,train
${BOSSBASE_ROOT}\stego\HILL\0.4bpp\stego\2895.pgm,1,train
${BOSSBASE_ROOT}\stego\HILL\0.4bpp\stego\5900.pgm,1,train
${BOSSBASE_ROOT}\cover\8131.pgm,0,train
${BOSSBASE_ROOT}\stego\HILL\0.4bpp\stego\781.pgm,1,train
${BOSSBASE_ROOT}\cover\235.pgm,0,train
${BOSSBASE_ROOT}\cover\104.pgm,0,train
${BOSSBASE_ROOT}\stego\HILL\0.4bpp\stego\9299.pgm,1,train
${BOSSBASE_ROOT}\stego\HILL\0.4bpp\stego\8775.pgm,1,train
${BOSSBASE_ROOT}\stego\HILL\0.4bpp\stego\6740.pgm,1,train
${BOSSBASE_ROOT}\stego\HILL\0.4bpp\stego\3813.pgm,1,train
${BOSSBASE_ROOT}\stego\HILL\0.4bpp\stego\3683.pgm,1,train
${BOSSBASE_ROOT}\cover\36.pgm,0,train
${BOSSBASE_ROOT}\cover\4983.pgm,0,train
${BOSSBASE_ROOT}\cover\9542.pgm,0,train
${BOSSBASE_ROOT}\stego\HILL\0.4bpp\stego\2713.pgm,1,train
${BOSSBASE_ROOT}\stego\HILL\0.4bpp\stego\4068.pgm,1,train
${BOSSBASE_ROOT}\cover\584.pgm,0,train
${BOSSBASE_ROOT}\stego\HILL\0.4bpp\stego\851.pgm,1,train
${BOSSBASE_ROOT}\stego\HILL\0.4bpp\stego\9400.pgm,1,train
${BOSSBASE_ROOT}\stego\HILL\0.4bpp\stego\5020.pgm,1,train
${BOSSBASE_ROOT}\cover\3011.pgm,0,train
${BOSSBASE_ROOT}\cover\3064.pgm,0,train
${BOSSBASE_ROOT}\stego\HILL\0.4bpp\stego\1636.pgm,1,train
${BOSSBASE_ROOT}\cover\2807.pgm,0,train
${BOSSBASE_ROOT}\stego\HILL\0.4bpp\stego\6900.pgm,1,train
${BOSSBASE_ROOT}\stego\HILL\0.4bpp\stego\5290.pgm,1,train
${BOSSBASE_ROOT}\stego\HILL\0.4bpp\stego\7769.pgm,1,train
${BOSSBASE_ROOT}\stego\HILL\0.4bpp\stego\5707.pgm,1,train
${BOSSBASE_ROOT}\cover\8058.pgm,0,train
${BOSSBASE_ROOT}\stego\HILL\0.4bpp\stego\9467.pgm,1,train
${BOSSBASE_ROOT}\cover\8176.pgm,0,train
${BOSSBASE_ROOT}\stego\HILL\0.4bpp\stego\2132.pgm,1,train
${BOSSBASE_ROOT}\stego\HILL\0.4bpp\stego\4532.pgm,1,train
${BOSSBASE_ROOT}\stego\HILL\0.4bpp\stego\7176.pgm,1,train
${BOSSBASE_ROOT}\stego\HILL\0.4bpp\stego\3386.pgm,1,train
${BOSSBASE_ROOT}\cover\4770.pgm,0,train
${BOSSBASE_ROOT}\stego\HILL\0.4bpp\stego\1295.pgm,1,train
${BOSSBASE_ROOT}\stego\HILL\0.4bpp\stego\2589.pgm,1,train
${BOSSBASE_ROOT}\cover\9582.pgm,0,train
${BOSSBASE_ROOT}\cover\8411.pgm,0,train
${BOSSBASE_ROOT}\cover\2659.pgm,0,train
${BOSSBASE_ROOT}\cover\5836.pgm,0,train
${BOSSBASE_ROOT}\cover\3516.pgm,0,train
${BOSSBASE_ROOT}\cover\7053.pgm,0,train
${BOSSBASE_ROOT}\stego\HILL\0.4bpp\stego\3656.pgm,1,train
${BOSSBASE_ROOT}\cover\8329.pgm,0,train
${BOSSBASE_ROOT}\stego\HILL\0.4bpp\stego\6377.pgm,1,train
${BOSSBASE_ROOT}\cover\1686.pgm,0,train
${BOSSBASE_ROOT}\cover\1612.pgm,0,train
${BOSSBASE_ROOT}\cover\8982.pgm,0,train
${BOSSBASE_ROOT}\cover\9571.pgm,0,train
${BOSSBASE_ROOT}\cover\210.pgm,0,train
${BOSSBASE_ROOT}\cover\3632.pgm,0,train
${BOSSBASE_ROOT}\cover\1279.pgm,0,train
${BOSSBASE_ROOT}\cover\13.pgm,0,train
${BOSSBASE_ROOT}\stego\HILL\0.4bpp\stego\4457.pgm,1,train
${BOSSBASE_ROOT}\cover\7000.pgm,0,train
${BOSSBASE_ROOT}\stego\HILL\0.4bpp\stego\5125.pgm,1,train
${BOSSBASE_ROOT}\stego\HILL\0.4bpp\stego\7578.pgm,1,train
${BOSSBASE_ROOT}\cover\8888.pgm,0,train
${BOSSBASE_ROOT}\stego\HILL\0.4bpp\stego\4705.pgm,1,train
${BOSSBASE_ROOT}\stego\HILL\0.4bpp\stego\8883.pgm,1,train
${BOSSBASE_ROOT}\cover\2026.pgm,0,train
${BOSSBASE_ROOT}\stego\HILL\0.4bpp\stego\9479.pgm,1,train
${BOSSBASE_ROOT}\stego\HILL\0.4bpp\stego\946.pgm,1,train
${BOSSBASE_ROOT}\cover\4070.pgm,0,train
${BOSSBASE_ROOT}\cover\7182.pgm,0,train
${BOSSBASE_ROOT}\stego\HILL\0.4bpp\stego\7550.pgm,1,train
${BOSSBASE_ROOT}\stego\HILL\0.4bpp\stego\9590.pgm,1,train
${BOSSBASE_ROOT}\stego\HILL\0.4bpp\stego\7929.pgm,1,train
${BOSSBASE_ROOT}\cover\6791.pgm,0,train
${BOSSBASE_ROOT}\stego\HILL\0.4bpp\stego\1733.pgm,1,train
${BOSSBASE_ROOT}\cover\2649.pgm,0,train
${BOSSBASE_ROOT}\cover\4570.pgm,0,train
${BOSSBASE_ROOT}\cover\3537.pgm,0,train
${BOSSBASE_ROOT}\stego\HILL\0.4bpp\stego\505.pgm,1,train
${BOSSBASE_ROOT}\stego\HILL\0.4bpp\stego\3140.pgm,1,train
${BOSSBASE_ROOT}\cover\3195.pgm,0,train
${BOSSBASE_ROOT}\stego\HILL\0.4bpp\stego\1268.pgm,1,train
${BOSSBASE_ROOT}\cover\7134.pgm,0,train
${BOSSBASE_ROOT}\stego\HILL\0.4bpp\stego\6539.pgm,1,train
${BOSSBASE_ROOT}\stego\HILL\0.4bpp\stego\9283.pgm,1,train
${BOSSBASE_ROOT}\stego\HILL\0.4bpp\stego\5114.pgm,1,train
${BOSSBASE_ROOT}\cover\7535.pgm,0,train
${BOSSBASE_ROOT}\stego\HILL\0.4bpp\stego\6190.pgm,1,train
${BOSSBASE_ROOT}\stego\HILL\0.4bpp\stego\1709.pgm,1,train
${BOSSBASE_ROOT}\stego\HILL\0.4bpp\stego\2288.pgm,1,train
${BOSSBASE_ROOT}\cover\4177.pgm,0,train
${BOSSBASE_ROOT}\stego\HILL\0.4bpp\stego\49.pgm,1,train
${BOSSBASE_ROOT}\cover\3279.pgm,0,train
${BOSSBASE_ROOT}\cover\6313.pgm,0,train
${BOSSBASE_ROOT}\cover\6033.pgm,0,train
${BOSSBASE_ROOT}\stego\HILL\0.4bpp\stego\9612.pgm,1,train
${BOSSBASE_ROOT}\cover\506.pgm,0,train
${BOSSBASE_ROOT}\cover\6587.pgm,0,train
${BOSSBASE_ROOT}\cover\1156.pgm,0,train
${BOSSBASE_ROOT}\cover\6646.pgm,0,train
${BOSSBASE_ROOT}\cover\4962.pgm,0,train
${BOSSBASE_ROOT}\stego\HILL\0.4bpp\stego\2698.pgm,1,train
${BOSSBASE_ROOT}\stego\HILL\0.4bpp\stego\9197.pgm,1,train
${BOSSBASE_ROOT}\cover\1575.pgm,0,train
${BOSSBASE_ROOT}\stego\HILL\0.4bpp\stego\5758.pgm,1,train
${BOSSBASE_ROOT}\cover\5461.pgm,0,train
${BOSSBASE_ROOT}\stego\HILL\0.4bpp\stego\5293.pgm,1,train
${BOSSBASE_ROOT}\cover\9399.pgm,0,train
${BOSSBASE_ROOT}\stego\HILL\0.4bpp\stego\9768.pgm,1,train
${BOSSBASE_ROOT}\cover\3574.pgm,0,train
${BOSSBASE_ROOT}\stego\HILL\0.4bpp\stego\7896.pgm,1,train
${BOSSBASE_ROOT}\cover\4230.pgm,0,train
${BOSSBASE_ROOT}\cover\6578.pgm,0,train
${BOSSBASE_ROOT}\stego\HILL\0.4bpp\stego\8827.pgm,1,train
${BOSSBASE_ROOT}\cover\2510.pgm,0,train
${BOSSBASE_ROOT}\stego\HILL\0.4bpp\stego\2810.pgm,1,train
${BOSSBASE_ROOT}\cover\4251.pgm,0,train
${BOSSBASE_ROOT}\cover\3765.pgm,0,train
${BOSSBASE_ROOT}\stego\HILL\0.4bpp\stego\1301.pgm,1,train
${BOSSBASE_ROOT}\cover\7451.pgm,0,train
${BOSSBASE_ROOT}\cover\226.pgm,0,train
${BOSSBASE_ROOT}\cover\3695.pgm,0,train
${BOSSBASE_ROOT}\cover\8809.pgm,0,train
${BOSSBASE_ROOT}\cover\3359.pgm,0,train
${BOSSBASE_ROOT}\stego\HILL\0.4bpp\stego\6605.pgm,1,train
${BOSSBASE_ROOT}\stego\HILL\0.4bpp\stego\3824.pgm,1,train
${BOSSBASE_ROOT}\cover\5973.pgm,0,train
${BOSSBASE_ROOT}\cover\5551.pgm,0,train
${BOSSBASE_ROOT}\cover\3395.pgm,0,train
${BOSSBASE_ROOT}\stego\HILL\0.4bpp\stego\4165.pgm,1,train
${BOSSBASE_ROOT}\stego\HILL\0.4bpp\stego\8665.pgm,1,train
${BOSSBASE_ROOT}\stego\HILL\0.4bpp\stego\622.pgm,1,train
${BOSSBASE_ROOT}\stego\HILL\0.4bpp\stego\3825.pgm,1,train
${BOSSBASE_ROOT}\cover\275.pgm,0,train
${BOSSBASE_ROOT}\stego\HILL\0.4bpp\stego\3959.pgm,1,train
${BOSSBASE_ROOT}\stego\HILL\0.4bpp\stego\7972.pgm,1,train
${BOSSBASE_ROOT}\stego\HILL\0.4bpp\stego\3468.pgm,1,train
${BOSSBASE_ROOT}\stego\HILL\0.4bpp\stego\3540.pgm,1,train
${BOSSBASE_ROOT}\cover\2066.pgm,0,train
${BOSSBASE_ROOT}\stego\HILL\0.4bpp\stego\829.pgm,1,train
${BOSSBASE_ROOT}\stego\HILL\0.4bpp\stego\1276.pgm,1,train
${BOSSBASE_ROOT}\stego\HILL\0.4bpp\stego\8822.pgm,1,train
${BOSSBASE_ROOT}\stego\HILL\0.4bpp\stego\2935.pgm,1,train
${BOSSBASE_ROOT}\cover\3333.pgm,0,train
${BOSSBASE_ROOT}\stego\HILL\0.4bpp\stego\8575.pgm,1,train
${BOSSBASE_ROOT}\cover\2083.pgm,0,train
${BOSSBASE_ROOT}\cover\4967.pgm,0,train
${BOSSBASE_ROOT}\stego\HILL\0.4bpp\stego\4876.pgm,1,train
${BOSSBASE_ROOT}\stego\HILL\0.4bpp\stego\9162.pgm,1,train
${BOSSBASE_ROOT}\cover\3276.pgm,0,train
${BOSSBASE_ROOT}\cover\8954.pgm,0,train
${BOSSBASE_ROOT}\cover\6808.pgm,0,train
${BOSSBASE_ROOT}\cover\6163.pgm,0,train
${BOSSBASE_ROOT}\cover\6699.pgm,0,train
${BOSSBASE_ROOT}\stego\HILL\0.4bpp\stego\5892.pgm,1,train
${BOSSBASE_ROOT}\stego\HILL\0.4bpp\stego\8051.pgm,1,train
${BOSSBASE_ROOT}\cover\7870.pgm,0,train
${BOSSBASE_ROOT}\cover\6529.pgm,0,train
${BOSSBASE_ROOT}\cover\3998.pgm,0,train
${BOSSBASE_ROOT}\cover\9506.pgm,0,train
${BOSSBASE_ROOT}\stego\HILL\0.4bpp\stego\4804.pgm,1,train
${BOSSBASE_ROOT}\stego\HILL\0.4bpp\stego\3180.pgm,1,train
${BOSSBASE_ROOT}\cover\72.pgm,0,train
${BOSSBASE_ROOT}\cover\4953.pgm,0,train
${BOSSBASE_ROOT}\cover\2223.pgm,0,train
${BOSSBASE_ROOT}\cover\177.pgm,0,train
${BOSSBASE_ROOT}\cover\2487.pgm,0,train
${BOSSBASE_ROOT}\cover\38.pgm,0,train
${BOSSBASE_ROOT}\cover\6595.pgm,0,train
${BOSSBASE_ROOT}\stego\HILL\0.4bpp\stego\7261.pgm,1,train
${BOSSBASE_ROOT}\stego\HILL\0.4bpp\stego\3951.pgm,1,train
${BOSSBASE_ROOT}\stego\HILL\0.4bpp\stego\7034.pgm,1,train
${BOSSBASE_ROOT}\stego\HILL\0.4bpp\stego\8965.pgm,1,train
${BOSSBASE_ROOT}\stego\HILL\0.4bpp\stego\1689.pgm,1,train
${BOSSBASE_ROOT}\cover\690.pgm,0,train
${BOSSBASE_ROOT}\cover\1737.pgm,0,train
${BOSSBASE_ROOT}\stego\HILL\0.4bpp\stego\7951.pgm,1,train
${BOSSBASE_ROOT}\stego\HILL\0.4bpp\stego\5178.pgm,1,train
${BOSSBASE_ROOT}\stego\HILL\0.4bpp\stego\9000.pgm,1,train
${BOSSBASE_ROOT}\stego\HILL\0.4bpp\stego\6620.pgm,1,train
${BOSSBASE_ROOT}\cover\249.pgm,0,train
${BOSSBASE_ROOT}\cover\4039.pgm,0,train
${BOSSBASE_ROOT}\cover\9026.pgm,0,train
${BOSSBASE_ROOT}\stego\HILL\0.4bpp\stego\7044.pgm,1,train
${BOSSBASE_ROOT}\cover\3686.pgm,0,train
${BOSSBASE_ROOT}\stego\HILL\0.4bpp\stego\267.pgm,1,train
${BOSSBASE_ROOT}\stego\HILL\0.4bpp\stego\6436.pgm,1,train
${BOSSBASE_ROOT}\stego\HILL\0.4bpp\stego\3187.pgm,1,train
${BOSSBASE_ROOT}\stego\HILL\0.4bpp\stego\9322.pgm,1,train
${BOSSBASE_ROOT}\cover\6144.pgm,0,train
${BOSSBASE_ROOT}\stego\HILL\0.4bpp\stego\3481.pgm,1,train
${BOSSBASE_ROOT}\stego\HILL\0.4bpp\stego\827.pgm,1,train
${BOSSBASE_ROOT}\stego\HILL\0.4bpp\stego\4503.pgm,1,train
${BOSSBASE_ROOT}\stego\HILL\0.4bpp\stego\9291.pgm,1,train
${BOSSBASE_ROOT}\stego\HILL\0.4bpp\stego\664.pgm,1,train
${BOSSBASE_ROOT}\cover\7236.pgm,0,train
${BOSSBASE_ROOT}\cover\8132.pgm,0,train
${BOSSBASE_ROOT}\cover\2017.pgm,0,train
${BOSSBASE_ROOT}\stego\HILL\0.4bpp\stego\7669.pgm,1,train
${BOSSBASE_ROOT}\stego\HILL\0.4bpp\stego\6733.pgm,1,train
${BOSSBASE_ROOT}\cover\2045.pgm,0,train
${BOSSBASE_ROOT}\stego\HILL\0.4bpp\stego\1859.pgm,1,train
${BOSSBASE_ROOT}\stego\HILL\0.4bpp\stego\9520.pgm,1,train
${BOSSBASE_ROOT}\stego\HILL\0.4bpp\stego\7441.pgm,1,train
${BOSSBASE_ROOT}\cover\2020.pgm,0,train
${BOSSBASE_ROOT}\cover\550.pgm,0,train
${BOSSBASE_ROOT}\cover\2059.pgm,0,train
${BOSSBASE_ROOT}\stego\HILL\0.4bpp\stego\1203.pgm,1,train
${BOSSBASE_ROOT}\cover\3613.pgm,0,train
${BOSSBASE_ROOT}\cover\4946.pgm,0,train
${BOSSBASE_ROOT}\stego\HILL\0.4bpp\stego\4013.pgm,1,train
${BOSSBASE_ROOT}\cover\519.pgm,0,train
${BOSSBASE_ROOT}\stego\HILL\0.4bpp\stego\7617.pgm,1,train
${BOSSBASE_ROOT}\cover\9872.pgm,0,train
${BOSSBASE_ROOT}\stego\HILL\0.4bpp\stego\9997.pgm,1,train
${BOSSBASE_ROOT}\cover\4148.pgm,0,train
${BOSSBASE_ROOT}\stego\HILL\0.4bpp\stego\9943.pgm,1,train
${BOSSBASE_ROOT}\cover\7548.pgm,0,train
${BOSSBASE_ROOT}\stego\HILL\0.4bpp\stego\2120.pgm,1,train
${BOSSBASE_ROOT}\stego\HILL\0.4bpp\stego\8857.pgm,1,train
${BOSSBASE_ROOT}\stego\HILL\0.4bpp\stego\2561.pgm,1,train
${BOSSBASE_ROOT}\cover\4290.pgm,0,train
${BOSSBASE_ROOT}\cover\8491.pgm,0,train
${BOSSBASE_ROOT}\stego\HILL\0.4bpp\stego\1507.pgm,1,train
${BOSSBASE_ROOT}\stego\HILL\0.4bpp\stego\7546.pgm,1,train
${BOSSBASE_ROOT}\cover\1341.pgm,0,train
${BOSSBASE_ROOT}\stego\HILL\0.4bpp\stego\2638.pgm,1,train
${BOSSBASE_ROOT}\cover\156.pgm,0,train
${BOSSBASE_ROOT}\cover\4567.pgm,0,train
${BOSSBASE_ROOT}\stego\HILL\0.4bpp\stego\7448.pgm,1,train
${BOSSBASE_ROOT}\stego\HILL\0.4bpp\stego\2652.pgm,1,train
${BOSSBASE_ROOT}\cover\245.pgm,0,train
${BOSSBASE_ROOT}\cover\543.pgm,0,train
${BOSSBASE_ROOT}\cover\2958.pgm,0,train
${BOSSBASE_ROOT}\cover\8735.pgm,0,train
${BOSSBASE_ROOT}\cover\9356.pgm,0,train
${BOSSBASE_ROOT}\cover\3102.pgm,0,train
${BOSSBASE_ROOT}\cover\9969.pgm,0,train
${BOSSBASE_ROOT}\cover\3022.pgm,0,train
${BOSSBASE_ROOT}\cover\8965.pgm,0,train
${BOSSBASE_ROOT}\stego\HILL\0.4bpp\stego\8151.pgm,1,train
${BOSSBASE_ROOT}\stego\HILL\0.4bpp\stego\8030.pgm,1,train
${BOSSBASE_ROOT}\stego\HILL\0.4bpp\stego\282.pgm,1,train
${BOSSBASE_ROOT}\cover\6551.pgm,0,train
${BOSSBASE_ROOT}\cover\9421.pgm,0,train
${BOSSBASE_ROOT}\stego\HILL\0.4bpp\stego\4695.pgm,1,train
${BOSSBASE_ROOT}\cover\3912.pgm,0,train
${BOSSBASE_ROOT}\stego\HILL\0.4bpp\stego\2747.pgm,1,train
${BOSSBASE_ROOT}\stego\HILL\0.4bpp\stego\9589.pgm,1,train
${BOSSBASE_ROOT}\cover\523.pgm,0,train
${BOSSBASE_ROOT}\cover\5534.pgm,0,train
${BOSSBASE_ROOT}\stego\HILL\0.4bpp\stego\9085.pgm,1,train
${BOSSBASE_ROOT}\cover\3226.pgm,0,train
${BOSSBASE_ROOT}\cover\6929.pgm,0,train
${BOSSBASE_ROOT}\cover\67.pgm,0,train
${BOSSBASE_ROOT}\stego\HILL\0.4bpp\stego\3830.pgm,1,train
${BOSSBASE_ROOT}\stego\HILL\0.4bpp\stego\5691.pgm,1,train
${BOSSBASE_ROOT}\stego\HILL\0.4bpp\stego\3686.pgm,1,train
${BOSSBASE_ROOT}\stego\HILL\0.4bpp\stego\5544.pgm,1,train
${BOSSBASE_ROOT}\stego\HILL\0.4bpp\stego\4937.pgm,1,train
${BOSSBASE_ROOT}\stego\HILL\0.4bpp\stego\9575.pgm,1,train
${BOSSBASE_ROOT}\cover\8974.pgm,0,train
${BOSSBASE_ROOT}\stego\HILL\0.4bpp\stego\4658.pgm,1,train
${BOSSBASE_ROOT}\cover\9303.pgm,0,train
${BOSSBASE_ROOT}\stego\HILL\0.4bpp\stego\6681.pgm,1,train
${BOSSBASE_ROOT}\cover\1746.pgm,0,train
${BOSSBASE_ROOT}\cover\1998.pgm,0,train
${BOSSBASE_ROOT}\cover\1416.pgm,0,train
${BOSSBASE_ROOT}\cover\1220.pgm,0,train
${BOSSBASE_ROOT}\stego\HILL\0.4bpp\stego\6371.pgm,1,train
${BOSSBASE_ROOT}\stego\HILL\0.4bpp\stego\8619.pgm,1,train
${BOSSBASE_ROOT}\stego\HILL\0.4bpp\stego\404.pgm,1,train
${BOSSBASE_ROOT}\stego\HILL\0.4bpp\stego\5548.pgm,1,train
${BOSSBASE_ROOT}\stego\HILL\0.4bpp\stego\3291.pgm,1,train
${BOSSBASE_ROOT}\cover\1331.pgm,0,train
${BOSSBASE_ROOT}\stego\HILL\0.4bpp\stego\3729.pgm,1,train
${BOSSBASE_ROOT}\stego\HILL\0.4bpp\stego\1244.pgm,1,train
${BOSSBASE_ROOT}\cover\1809.pgm,0,train
${BOSSBASE_ROOT}\cover\2436.pgm,0,train
${BOSSBASE_ROOT}\cover\4468.pgm,0,train
${BOSSBASE_ROOT}\stego\HILL\0.4bpp\stego\6795.pgm,1,train
${BOSSBASE_ROOT}\cover\2830.pgm,0,train
${BOSSBASE_ROOT}\cover\1098.pgm,0,train
${BOSSBASE_ROOT}\cover\1132.pgm,0,train
${BOSSBASE_ROOT}\cover\4708.pgm,0,train
${BOSSBASE_ROOT}\stego\HILL\0.4bpp\stego\3932.pgm,1,train
${BOSSBASE_ROOT}\stego\HILL\0.4bpp\stego\3753.pgm,1,train
${BOSSBASE_ROOT}\cover\7601.pgm,0,train
${BOSSBASE_ROOT}\stego\HILL\0.4bpp\stego\9354.pgm,1,train
${BOSSBASE_ROOT}\stego\HILL\0.4bpp\stego\5465.pgm,1,train
${BOSSBASE_ROOT}\stego\HILL\0.4bpp\stego\6908.pgm,1,train
${BOSSBASE_ROOT}\cover\1295.pgm,0,train
${BOSSBASE_ROOT}\stego\HILL\0.4bpp\stego\923.pgm,1,train
${BOSSBASE_ROOT}\cover\2453.pgm,0,train
${BOSSBASE_ROOT}\cover\1895.pgm,0,train
${BOSSBASE_ROOT}\cover\2288.pgm,0,train
${BOSSBASE_ROOT}\stego\HILL\0.4bpp\stego\1746.pgm,1,train
${BOSSBASE_ROOT}\cover\8692.pgm,0,train
${BOSSBASE_ROOT}\cover\887.pgm,0,train
${BOSSBASE_ROOT}\stego\HILL\0.4bpp\stego\7873.pgm,1,train
${BOSSBASE_ROOT}\stego\HILL\0.4bpp\stego\9251.pgm,1,train
${BOSSBASE_ROOT}\cover\6524.pgm,0,train
${BOSSBASE_ROOT}\stego\HILL\0.4bpp\stego\4261.pgm,1,train
${BOSSBASE_ROOT}\stego\HILL\0.4bpp\stego\9453.pgm,1,train
${BOSSBASE_ROOT}\cover\3139.pgm,0,train
${BOSSBASE_ROOT}\stego\HILL\0.4bpp\stego\6478.pgm,1,train
${BOSSBASE_ROOT}\cover\9479.pgm,0,train
${BOSSBASE_ROOT}\stego\HILL\0.4bpp\stego\5734.pgm,1,train
${BOSSBASE_ROOT}\stego\HILL\0.4bpp\stego\8218.pgm,1,train
${BOSSBASE_ROOT}\stego\HILL\0.4bpp\stego\966.pgm,1,train
${BOSSBASE_ROOT}\cover\1846.pgm,0,train
${BOSSBASE_ROOT}\stego\HILL\0.4bpp\stego\832.pgm,1,train
${BOSSBASE_ROOT}\stego\HILL\0.4bpp\stego\8693.pgm,1,train
${BOSSBASE_ROOT}\cover\9793.pgm,0,train
${BOSSBASE_ROOT}\cover\7847.pgm,0,train
${BOSSBASE_ROOT}\stego\HILL\0.4bpp\stego\127.pgm,1,train
${BOSSBASE_ROOT}\stego\HILL\0.4bpp\stego\9001.pgm,1,train
${BOSSBASE_ROOT}\stego\HILL\0.4bpp\stego\4234.pgm,1,train
${BOSSBASE_ROOT}\cover\5281.pgm,0,train
${BOSSBASE_ROOT}\cover\1477.pgm,0,train
${BOSSBASE_ROOT}\cover\2926.pgm,0,train
${BOSSBASE_ROOT}\stego\HILL\0.4bpp\stego\7475.pgm,1,train
${BOSSBASE_ROOT}\stego\HILL\0.4bpp\stego\5809.pgm,1,train
${BOSSBASE_ROOT}\cover\1314.pgm,0,train
${BOSSBASE_ROOT}\cover\3207.pgm,0,train
${BOSSBASE_ROOT}\stego\HILL\0.4bpp\stego\3742.pgm,1,train
${BOSSBASE_ROOT}\cover\3058.pgm,0,train
${BOSSBASE_ROOT}\stego\HILL\0.4bpp\stego\2241.pgm,1,train
${BOSSBASE_ROOT}\stego\HILL\0.4bpp\stego\1894.pgm,1,train
${BOSSBASE_ROOT}\stego\HILL\0.4bpp\stego\4156.pgm,1,train
${BOSSBASE_ROOT}\stego\HILL\0.4bpp\stego\3971.pgm,1,train
${BOSSBASE_ROOT}\cover\6598.pgm,0,train
${BOSSBASE_ROOT}\cover\193.pgm,0,train
${BOSSBASE_ROOT}\stego\HILL\0.4bpp\stego\9867.pgm,1,train
${BOSSBASE_ROOT}\stego\HILL\0.4bpp\stego\5823.pgm,1,train
${BOSSBASE_ROOT}\stego\HILL\0.4bpp\stego\4592.pgm,1,train
${BOSSBASE_ROOT}\cover\3418.pgm,0,train
${BOSSBASE_ROOT}\cover\8396.pgm,0,train
${BOSSBASE_ROOT}\cover\9773.pgm,0,train
${BOSSBASE_ROOT}\cover\85.pgm,0,train
${BOSSBASE_ROOT}\stego\HILL\0.4bpp\stego\9826.pgm,1,train
${BOSSBASE_ROOT}\stego\HILL\0.4bpp\stego\2979.pgm,1,train
${BOSSBASE_ROOT}\cover\3356.pgm,0,train
${BOSSBASE_ROOT}\cover\7511.pgm,0,train
${BOSSBASE_ROOT}\stego\HILL\0.4bpp\stego\2477.pgm,1,train
${BOSSBASE_ROOT}\stego\HILL\0.4bpp\stego\1266.pgm,1,train
${BOSSBASE_ROOT}\stego\HILL\0.4bpp\stego\3628.pgm,1,train
${BOSSBASE_ROOT}\cover\3133.pgm,0,train
${BOSSBASE_ROOT}\cover\5826.pgm,0,train
${BOSSBASE_ROOT}\stego\HILL\0.4bpp\stego\9815.pgm,1,train
${BOSSBASE_ROOT}\cover\5735.pgm,0,train
${BOSSBASE_ROOT}\cover\4913.pgm,0,train
${BOSSBASE_ROOT}\stego\HILL\0.4bpp\stego\6114.pgm,1,train
${BOSSBASE_ROOT}\stego\HILL\0.4bpp\stego\3898.pgm,1,train
${BOSSBASE_ROOT}\stego\HILL\0.4bpp\stego\2886.pgm,1,train
${BOSSBASE_ROOT}\cover\8448.pgm,0,train
${BOSSBASE_ROOT}\stego\HILL\0.4bpp\stego\7365.pgm,1,train
${BOSSBASE_ROOT}\cover\3059.pgm,0,train
${BOSSBASE_ROOT}\cover\8251.pgm,0,train
${BOSSBASE_ROOT}\stego\HILL\0.4bpp\stego\5601.pgm,1,train
${BOSSBASE_ROOT}\stego\HILL\0.4bpp\stego\2497.pgm,1,train
${BOSSBASE_ROOT}\cover\4208.pgm,0,train
${BOSSBASE_ROOT}\stego\HILL\0.4bpp\stego\5078.pgm,1,train
${BOSSBASE_ROOT}\cover\3387.pgm,0,train
${BOSSBASE_ROOT}\cover\3698.pgm,0,train
${BOSSBASE_ROOT}\stego\HILL\0.4bpp\stego\3069.pgm,1,train
${BOSSBASE_ROOT}\cover\5132.pgm,0,train
${BOSSBASE_ROOT}\stego\HILL\0.4bpp\stego\5681.pgm,1,train
${BOSSBASE_ROOT}\stego\HILL\0.4bpp\stego\3886.pgm,1,train
${BOSSBASE_ROOT}\stego\HILL\0.4bpp\stego\2081.pgm,1,train
${BOSSBASE_ROOT}\stego\HILL\0.4bpp\stego\3936.pgm,1,train
${BOSSBASE_ROOT}\stego\HILL\0.4bpp\stego\629.pgm,1,train
${BOSSBASE_ROOT}\cover\5284.pgm,0,train
${BOSSBASE_ROOT}\stego\HILL\0.4bpp\stego\2937.pgm,1,train
${BOSSBASE_ROOT}\stego\HILL\0.4bpp\stego\6299.pgm,1,train
${BOSSBASE_ROOT}\cover\9502.pgm,0,train
${BOSSBASE_ROOT}\stego\HILL\0.4bpp\stego\747.pgm,1,train
${BOSSBASE_ROOT}\cover\7731.pgm,0,train
${BOSSBASE_ROOT}\stego\HILL\0.4bpp\stego\4838.pgm,1,train
${BOSSBASE_ROOT}\stego\HILL\0.4bpp\stego\2859.pgm,1,train
${BOSSBASE_ROOT}\cover\9247.pgm,0,train
${BOSSBASE_ROOT}\stego\HILL\0.4bpp\stego\1210.pgm,1,train
${BOSSBASE_ROOT}\stego\HILL\0.4bpp\stego\9659.pgm,1,train
${BOSSBASE_ROOT}\cover\711.pgm,0,train
${BOSSBASE_ROOT}\cover\9327.pgm,0,train
${BOSSBASE_ROOT}\cover\9127.pgm,0,train
${BOSSBASE_ROOT}\stego\HILL\0.4bpp\stego\7173.pgm,1,train
${BOSSBASE_ROOT}\cover\5833.pgm,0,train
${BOSSBASE_ROOT}\stego\HILL\0.4bpp\stego\8232.pgm,1,train
${BOSSBASE_ROOT}\stego\HILL\0.4bpp\stego\8120.pgm,1,train
${BOSSBASE_ROOT}\stego\HILL\0.4bpp\stego\7092.pgm,1,train
${BOSSBASE_ROOT}\stego\HILL\0.4bpp\stego\2491.pgm,1,train
${BOSSBASE_ROOT}\stego\HILL\0.4bpp\stego\1119.pgm,1,train
${BOSSBASE_ROOT}\stego\HILL\0.4bpp\stego\5687.pgm,1,train
${BOSSBASE_ROOT}\stego\HILL\0.4bpp\stego\1873.pgm,1,train
${BOSSBASE_ROOT}\stego\HILL\0.4bpp\stego\40.pgm,1,train
${BOSSBASE_ROOT}\cover\108.pgm,0,train
${BOSSBASE_ROOT}\cover\1307.pgm,0,train
${BOSSBASE_ROOT}\stego\HILL\0.4bpp\stego\2452.pgm,1,train
${BOSSBASE_ROOT}\stego\HILL\0.4bpp\stego\7838.pgm,1,train
${BOSSBASE_ROOT}\stego\HILL\0.4bpp\stego\380.pgm,1,train
${BOSSBASE_ROOT}\stego\HILL\0.4bpp\stego\8318.pgm,1,train
${BOSSBASE_ROOT}\cover\6164.pgm,0,train
${BOSSBASE_ROOT}\cover\9753.pgm,0,train
${BOSSBASE_ROOT}\stego\HILL\0.4bpp\stego\7779.pgm,1,train
${BOSSBASE_ROOT}\cover\3640.pgm,0,train
${BOSSBASE_ROOT}\cover\9256.pgm,0,train
${BOSSBASE_ROOT}\cover\6493.pgm,0,train
${BOSSBASE_ROOT}\cover\6171.pgm,0,train
${BOSSBASE_ROOT}\cover\2690.pgm,0,train
${BOSSBASE_ROOT}\stego\HILL\0.4bpp\stego\3185.pgm,1,train
${BOSSBASE_ROOT}\stego\HILL\0.4bpp\stego\992.pgm,1,train
${BOSSBASE_ROOT}\stego\HILL\0.4bpp\stego\9388.pgm,1,train
${BOSSBASE_ROOT}\stego\HILL\0.4bpp\stego\6558.pgm,1,train
${BOSSBASE_ROOT}\stego\HILL\0.4bpp\stego\9688.pgm,1,train
${BOSSBASE_ROOT}\stego\HILL\0.4bpp\stego\8416.pgm,1,train
${BOSSBASE_ROOT}\cover\4566.pgm,0,train
${BOSSBASE_ROOT}\stego\HILL\0.4bpp\stego\8219.pgm,1,train
${BOSSBASE_ROOT}\cover\8114.pgm,0,train
${BOSSBASE_ROOT}\stego\HILL\0.4bpp\stego\9155.pgm,1,train
${BOSSBASE_ROOT}\stego\HILL\0.4bpp\stego\8236.pgm,1,train
${BOSSBASE_ROOT}\cover\9915.pgm,0,train
${BOSSBASE_ROOT}\cover\9928.pgm,0,train
${BOSSBASE_ROOT}\cover\9798.pgm,0,train
${BOSSBASE_ROOT}\stego\HILL\0.4bpp\stego\2540.pgm,1,train
${BOSSBASE_ROOT}\cover\5036.pgm,0,train
${BOSSBASE_ROOT}\stego\HILL\0.4bpp\stego\715.pgm,1,train
${BOSSBASE_ROOT}\stego\HILL\0.4bpp\stego\7289.pgm,1,train
${BOSSBASE_ROOT}\stego\HILL\0.4bpp\stego\2388.pgm,1,train
${BOSSBASE_ROOT}\stego\HILL\0.4bpp\stego\9530.pgm,1,train
${BOSSBASE_ROOT}\stego\HILL\0.4bpp\stego\716.pgm,1,train
${BOSSBASE_ROOT}\cover\8330.pgm,0,train
${BOSSBASE_ROOT}\cover\2328.pgm,0,train
${BOSSBASE_ROOT}\cover\6715.pgm,0,train
${BOSSBASE_ROOT}\cover\3872.pgm,0,train
${BOSSBASE_ROOT}\stego\HILL\0.4bpp\stego\3705.pgm,1,train
${BOSSBASE_ROOT}\cover\9142.pgm,0,train
${BOSSBASE_ROOT}\stego\HILL\0.4bpp\stego\1130.pgm,1,train
${BOSSBASE_ROOT}\cover\8850.pgm,0,train
${BOSSBASE_ROOT}\stego\HILL\0.4bpp\stego\4840.pgm,1,train
${BOSSBASE_ROOT}\cover\3986.pgm,0,train
${BOSSBASE_ROOT}\stego\HILL\0.4bpp\stego\5209.pgm,1,train
${BOSSBASE_ROOT}\cover\4088.pgm,0,train
${BOSSBASE_ROOT}\stego\HILL\0.4bpp\stego\9795.pgm,1,train
${BOSSBASE_ROOT}\cover\7861.pgm,0,train
${BOSSBASE_ROOT}\stego\HILL\0.4bpp\stego\2997.pgm,1,train
${BOSSBASE_ROOT}\cover\7331.pgm,0,train
${BOSSBASE_ROOT}\cover\9751.pgm,0,train
${BOSSBASE_ROOT}\stego\HILL\0.4bpp\stego\3346.pgm,1,train
${BOSSBASE_ROOT}\cover\5289.pgm,0,train
${BOSSBASE_ROOT}\stego\HILL\0.4bpp\stego\8596.pgm,1,train
${BOSSBASE_ROOT}\stego\HILL\0.4bpp\stego\890.pgm,1,train
${BOSSBASE_ROOT}\stego\HILL\0.4bpp\stego\6188.pgm,1,train
${BOSSBASE_ROOT}\cover\2576.pgm,0,train
${BOSSBASE_ROOT}\cover\845.pgm,0,train
${BOSSBASE_ROOT}\cover\625.pgm,0,train
${BOSSBASE_ROOT}\stego\HILL\0.4bpp\stego\3549.pgm,1,train
${BOSSBASE_ROOT}\stego\HILL\0.4bpp\stego\5501.pgm,1,train
${BOSSBASE_ROOT}\cover\329.pgm,0,train
${BOSSBASE_ROOT}\stego\HILL\0.4bpp\stego\2790.pgm,1,train
${BOSSBASE_ROOT}\cover\2088.pgm,0,train
${BOSSBASE_ROOT}\cover\9483.pgm,0,train
${BOSSBASE_ROOT}\cover\5413.pgm,0,train
${BOSSBASE_ROOT}\stego\HILL\0.4bpp\stego\7772.pgm,1,train
${BOSSBASE_ROOT}\stego\HILL\0.4bpp\stego\13.pgm,1,train
${BOSSBASE_ROOT}\stego\HILL\0.4bpp\stego\5292.pgm,1,train
${BOSSBASE_ROOT}\stego\HILL\0.4bpp\stego\9055.pgm,1,train
${BOSSBASE_ROOT}\cover\827.pgm,0,train
${BOSSBASE_ROOT}\stego\HILL\0.4bpp\stego\3859.pgm,1,train
${BOSSBASE_ROOT}\stego\HILL\0.4bpp\stego\7266.pgm,1,train
${BOSSBASE_ROOT}\stego\HILL\0.4bpp\stego\8561.pgm,1,train
${BOSSBASE_ROOT}\stego\HILL\0.4bpp\stego\7589.pgm,1,train
${BOSSBASE_ROOT}\cover\276.pgm,0,train
${BOSSBASE_ROOT}\stego\HILL\0.4bpp\stego\9386.pgm,1,train
${BOSSBASE_ROOT}\stego\HILL\0.4bpp\stego\6422.pgm,1,train
${BOSSBASE_ROOT}\stego\HILL\0.4bpp\stego\2524.pgm,1,train
${BOSSBASE_ROOT}\stego\HILL\0.4bpp\stego\2947.pgm,1,train
${BOSSBASE_ROOT}\cover\3096.pgm,0,train
${BOSSBASE_ROOT}\cover\7483.pgm,0,train
${BOSSBASE_ROOT}\stego\HILL\0.4bpp\stego\4780.pgm,1,train
${BOSSBASE_ROOT}\stego\HILL\0.4bpp\stego\3305.pgm,1,train
${BOSSBASE_ROOT}\stego\HILL\0.4bpp\stego\7076.pgm,1,train
${BOSSBASE_ROOT}\cover\3368.pgm,0,train
${BOSSBASE_ROOT}\cover\4583.pgm,0,train
${BOSSBASE_ROOT}\stego\HILL\0.4bpp\stego\252.pgm,1,train
${BOSSBASE_ROOT}\cover\7001.pgm,0,train
${BOSSBASE_ROOT}\stego\HILL\0.4bpp\stego\7700.pgm,1,train
${BOSSBASE_ROOT}\cover\824.pgm,0,train
${BOSSBASE_ROOT}\stego\HILL\0.4bpp\stego\8656.pgm,1,train
${BOSSBASE_ROOT}\cover\9791.pgm,0,train
${BOSSBASE_ROOT}\stego\HILL\0.4bpp\stego\5992.pgm,1,train
${BOSSBASE_ROOT}\stego\HILL\0.4bpp\stego\4955.pgm,1,train
${BOSSBASE_ROOT}\stego\HILL\0.4bpp\stego\6752.pgm,1,train
${BOSSBASE_ROOT}\cover\8582.pgm,0,train
${BOSSBASE_ROOT}\cover\4579.pgm,0,train
${BOSSBASE_ROOT}\cover\1774.pgm,0,train
${BOSSBASE_ROOT}\cover\7239.pgm,0,train
${BOSSBASE_ROOT}\stego\HILL\0.4bpp\stego\5827.pgm,1,train
${BOSSBASE_ROOT}\stego\HILL\0.4bpp\stego\6192.pgm,1,train
${BOSSBASE_ROOT}\stego\HILL\0.4bpp\stego\3733.pgm,1,train
${BOSSBASE_ROOT}\stego\HILL\0.4bpp\stego\6486.pgm,1,train
${BOSSBASE_ROOT}\stego\HILL\0.4bpp\stego\4884.pgm,1,train
${BOSSBASE_ROOT}\cover\8245.pgm,0,train
${BOSSBASE_ROOT}\stego\HILL\0.4bpp\stego\9144.pgm,1,train
${BOSSBASE_ROOT}\stego\HILL\0.4bpp\stego\9135.pgm,1,train
${BOSSBASE_ROOT}\stego\HILL\0.4bpp\stego\7611.pgm,1,train
${BOSSBASE_ROOT}\stego\HILL\0.4bpp\stego\8063.pgm,1,train
${BOSSBASE_ROOT}\cover\7902.pgm,0,train
${BOSSBASE_ROOT}\cover\256.pgm,0,train
${BOSSBASE_ROOT}\stego\HILL\0.4bpp\stego\1253.pgm,1,train
${BOSSBASE_ROOT}\cover\3013.pgm,0,train
${BOSSBASE_ROOT}\stego\HILL\0.4bpp\stego\5477.pgm,1,train
${BOSSBASE_ROOT}\cover\9694.pgm,0,train
${BOSSBASE_ROOT}\cover\875.pgm,0,train
${BOSSBASE_ROOT}\cover\8553.pgm,0,train
${BOSSBASE_ROOT}\cover\2600.pgm,0,train
${BOSSBASE_ROOT}\stego\HILL\0.4bpp\stego\5696.pgm,1,train
${BOSSBASE_ROOT}\stego\HILL\0.4bpp\stego\2101.pgm,1,train
${BOSSBASE_ROOT}\stego\HILL\0.4bpp\stego\5663.pgm,1,train
${BOSSBASE_ROOT}\cover\1656.pgm,0,train
${BOSSBASE_ROOT}\cover\9728.pgm,0,train
${BOSSBASE_ROOT}\stego\HILL\0.4bpp\stego\5343.pgm,1,train
${BOSSBASE_ROOT}\cover\3680.pgm,0,train
${BOSSBASE_ROOT}\cover\9823.pgm,0,train
${BOSSBASE_ROOT}\cover\1754.pgm,0,train
${BOSSBASE_ROOT}\cover\5048.pgm,0,train
${BOSSBASE_ROOT}\cover\611.pgm,0,train
${BOSSBASE_ROOT}\cover\6220.pgm,0,train
${BOSSBASE_ROOT}\stego\HILL\0.4bpp\stego\8983.pgm,1,train
${BOSSBASE_ROOT}\cover\200.pgm,0,train
${BOSSBASE_ROOT}\cover\5908.pgm,0,train
${BOSSBASE_ROOT}\cover\8275.pgm,0,train
${BOSSBASE_ROOT}\cover\5220.pgm,0,train
${BOSSBASE_ROOT}\stego\HILL\0.4bpp\stego\5083.pgm,1,train
${BOSSBASE_ROOT}\stego\HILL\0.4bpp\stego\7055.pgm,1,train
${BOSSBASE_ROOT}\cover\4754.pgm,0,train
${BOSSBASE_ROOT}\stego\HILL\0.4bpp\stego\5261.pgm,1,train
${BOSSBASE_ROOT}\stego\HILL\0.4bpp\stego\5965.pgm,1,train
${BOSSBASE_ROOT}\stego\HILL\0.4bpp\stego\4647.pgm,1,train
${BOSSBASE_ROOT}\stego\HILL\0.4bpp\stego\345.pgm,1,train
${BOSSBASE_ROOT}\cover\2739.pgm,0,train
${BOSSBASE_ROOT}\cover\4696.pgm,0,train
${BOSSBASE_ROOT}\stego\HILL\0.4bpp\stego\1416.pgm,1,train
${BOSSBASE_ROOT}\stego\HILL\0.4bpp\stego\6110.pgm,1,train
${BOSSBASE_ROOT}\cover\3173.pgm,0,train
${BOSSBASE_ROOT}\cover\2916.pgm,0,train
${BOSSBASE_ROOT}\stego\HILL\0.4bpp\stego\4260.pgm,1,train
${BOSSBASE_ROOT}\cover\5509.pgm,0,train
${BOSSBASE_ROOT}\cover\8826.pgm,0,train
${BOSSBASE_ROOT}\stego\HILL\0.4bpp\stego\1874.pgm,1,train
${BOSSBASE_ROOT}\cover\9906.pgm,0,train
${BOSSBASE_ROOT}\cover\2449.pgm,0,train
${BOSSBASE_ROOT}\stego\HILL\0.4bpp\stego\162.pgm,1,train
${BOSSBASE_ROOT}\cover\8840.pgm,0,train
${BOSSBASE_ROOT}\cover\7454.pgm,0,train
${BOSSBASE_ROOT}\stego\HILL\0.4bpp\stego\9.pgm,1,train
${BOSSBASE_ROOT}\stego\HILL\0.4bpp\stego\8271.pgm,1,train
${BOSSBASE_ROOT}\cover\7839.pgm,0,train
${BOSSBASE_ROOT}\cover\5483.pgm,0,train
${BOSSBASE_ROOT}\cover\7342.pgm,0,train
${BOSSBASE_ROOT}\cover\6976.pgm,0,train
${BOSSBASE_ROOT}\cover\2255.pgm,0,train
${BOSSBASE_ROOT}\cover\460.pgm,0,train
${BOSSBASE_ROOT}\cover\5825.pgm,0,train
${BOSSBASE_ROOT}\cover\2497.pgm,0,train
${BOSSBASE_ROOT}\cover\7857.pgm,0,train
${BOSSBASE_ROOT}\cover\665.pgm,0,train
${BOSSBASE_ROOT}\cover\254.pgm,0,train
${BOSSBASE_ROOT}\stego\HILL\0.4bpp\stego\5440.pgm,1,train
${BOSSBASE_ROOT}\cover\4398.pgm,0,train
${BOSSBASE_ROOT}\cover\4613.pgm,0,train
${BOSSBASE_ROOT}\stego\HILL\0.4bpp\stego\9967.pgm,1,train
${BOSSBASE_ROOT}\cover\4445.pgm,0,train
${BOSSBASE_ROOT}\cover\106.pgm,0,train
${BOSSBASE_ROOT}\cover\7467.pgm,0,train
${BOSSBASE_ROOT}\stego\HILL\0.4bpp\stego\6026.pgm,1,train
${BOSSBASE_ROOT}\stego\HILL\0.4bpp\stego\4979.pgm,1,train
${BOSSBASE_ROOT}\cover\2787.pgm,0,train
${BOSSBASE_ROOT}\stego\HILL\0.4bpp\stego\938.pgm,1,train
${BOSSBASE_ROOT}\cover\8226.pgm,0,train
${BOSSBASE_ROOT}\cover\3511.pgm,0,train
${BOSSBASE_ROOT}\cover\7953.pgm,0,train
${BOSSBASE_ROOT}\stego\HILL\0.4bpp\stego\4222.pgm,1,train
${BOSSBASE_ROOT}\cover\1906.pgm,0,train
${BOSSBASE_ROOT}\cover\8517.pgm,0,train
${BOSSBASE_ROOT}\cover\7761.pgm,0,train
${BOSSBASE_ROOT}\stego\HILL\0.4bpp\stego\9984.pgm,1,train
${BOSSBASE_ROOT}\cover\4057.pgm,0,train
${BOSSBASE_ROOT}\cover\130.pgm,0,train
${BOSSBASE_ROOT}\cover\5925.pgm,0,train
${BOSSBASE_ROOT}\stego\HILL\0.4bpp\stego\21.pgm,1,train
${BOSSBASE_ROOT}\stego\HILL\0.4bpp\stego\5639.pgm,1,train
${BOSSBASE_ROOT}\cover\5193.pgm,0,train
${BOSSBASE_ROOT}\cover\2303.pgm,0,train
${BOSSBASE_ROOT}\stego\HILL\0.4bpp\stego\8547.pgm,1,train
${BOSSBASE_ROOT}\stego\HILL\0.4bpp\stego\3901.pgm,1,train
${BOSSBASE_ROOT}\cover\8172.pgm,0,train
${BOSSBASE_ROOT}\stego\HILL\0.4bpp\stego\3789.pgm,1,train
${BOSSBASE_ROOT}\stego\HILL\0.4bpp\stego\8360.pgm,1,train
${BOSSBASE_ROOT}\cover\1306.pgm,0,train
${BOSSBASE_ROOT}\cover\6184.pgm,0,train
${BOSSBASE_ROOT}\stego\HILL\0.4bpp\stego\1252.pgm,1,train
${BOSSBASE_ROOT}\stego\HILL\0.4bpp\stego\8695.pgm,1,train
${BOSSBASE_ROOT}\cover\3019.pgm,0,train
${BOSSBASE_ROOT}\stego\HILL\0.4bpp\stego\5577.pgm,1,train
${BOSSBASE_ROOT}\stego\HILL\0.4bpp\stego\3394.pgm,1,train
${BOSSBASE_ROOT}\cover\1552.pgm,0,train
${BOSSBASE_ROOT}\stego\HILL\0.4bpp\stego\69.pgm,1,train
${BOSSBASE_ROOT}\stego\HILL\0.4bpp\stego\9624.pgm,1,train
${BOSSBASE_ROOT}\stego\HILL\0.4bpp\stego\4922.pgm,1,train
${BOSSBASE_ROOT}\stego\HILL\0.4bpp\stego\9959.pgm,1,train
${BOSSBASE_ROOT}\stego\HILL\0.4bpp\stego\979.pgm,1,train
${BOSSBASE_ROOT}\stego\HILL\0.4bpp\stego\5054.pgm,1,train
${BOSSBASE_ROOT}\cover\8211.pgm,0,train
${BOSSBASE_ROOT}\cover\8142.pgm,0,train
${BOSSBASE_ROOT}\stego\HILL\0.4bpp\stego\512.pgm,1,train
${BOSSBASE_ROOT}\cover\8737.pgm,0,train
${BOSSBASE_ROOT}\cover\509.pgm,0,train
${BOSSBASE_ROOT}\stego\HILL\0.4bpp\stego\807.pgm,1,train
${BOSSBASE_ROOT}\cover\6859.pgm,0,train
${BOSSBASE_ROOT}\cover\7112.pgm,0,train
${BOSSBASE_ROOT}\cover\8715.pgm,0,train
${BOSSBASE_ROOT}\cover\6973.pgm,0,train
${BOSSBASE_ROOT}\stego\HILL\0.4bpp\stego\224.pgm,1,train
${BOSSBASE_ROOT}\stego\HILL\0.4bpp\stego\8128.pgm,1,train
${BOSSBASE_ROOT}\cover\963.pgm,0,train
${BOSSBASE_ROOT}\stego\HILL\0.4bpp\stego\8655.pgm,1,train
${BOSSBASE_ROOT}\stego\HILL\0.4bpp\stego\9692.pgm,1,train
${BOSSBASE_ROOT}\stego\HILL\0.4bpp\stego\2677.pgm,1,train
${BOSSBASE_ROOT}\stego\HILL\0.4bpp\stego\8.pgm,1,train
${BOSSBASE_ROOT}\stego\HILL\0.4bpp\stego\597.pgm,1,train
${BOSSBASE_ROOT}\cover\4815.pgm,0,train
${BOSSBASE_ROOT}\stego\HILL\0.4bpp\stego\7662.pgm,1,train
${BOSSBASE_ROOT}\stego\HILL\0.4bpp\stego\2204.pgm,1,train
${BOSSBASE_ROOT}\stego\HILL\0.4bpp\stego\6839.pgm,1,train
${BOSSBASE_ROOT}\cover\9072.pgm,0,train
${BOSSBASE_ROOT}\cover\5142.pgm,0,train
${BOSSBASE_ROOT}\cover\4512.pgm,0,train
${BOSSBASE_ROOT}\stego\HILL\0.4bpp\stego\7793.pgm,1,train
${BOSSBASE_ROOT}\cover\1397.pgm,0,train
${BOSSBASE_ROOT}\cover\1482.pgm,0,train
${BOSSBASE_ROOT}\stego\HILL\0.4bpp\stego\6591.pgm,1,train
${BOSSBASE_ROOT}\cover\6542.pgm,0,train
${BOSSBASE_ROOT}\stego\HILL\0.4bpp\stego\570.pgm,1,train
${BOSSBASE_ROOT}\stego\HILL\0.4bpp\stego\5399.pgm,1,train
${BOSSBASE_ROOT}\stego\HILL\0.4bpp\stego\5553.pgm,1,train
${BOSSBASE_ROOT}\cover\2363.pgm,0,train
${BOSSBASE_ROOT}\stego\HILL\0.4bpp\stego\3858.pgm,1,train
${BOSSBASE_ROOT}\cover\6100.pgm,0,train
${BOSSBASE_ROOT}\stego\HILL\0.4bpp\stego\5789.pgm,1,train
${BOSSBASE_ROOT}\stego\HILL\0.4bpp\stego\8023.pgm,1,train
${BOSSBASE_ROOT}\cover\2788.pgm,0,train
${BOSSBASE_ROOT}\cover\4165.pgm,0,train
${BOSSBASE_ROOT}\cover\3657.pgm,0,train
${BOSSBASE_ROOT}\cover\1167.pgm,0,train
${BOSSBASE_ROOT}\cover\1898.pgm,0,train
${BOSSBASE_ROOT}\stego\HILL\0.4bpp\stego\4006.pgm,1,train
${BOSSBASE_ROOT}\cover\3575.pgm,0,train
${BOSSBASE_ROOT}\cover\1788.pgm,0,train
${BOSSBASE_ROOT}\stego\HILL\0.4bpp\stego\7709.pgm,1,train
${BOSSBASE_ROOT}\cover\5878.pgm,0,train
${BOSSBASE_ROOT}\stego\HILL\0.4bpp\stego\1548.pgm,1,train
${BOSSBASE_ROOT}\cover\9456.pgm,0,train
${BOSSBASE_ROOT}\stego\HILL\0.4bpp\stego\4706.pgm,1,train
${BOSSBASE_ROOT}\cover\7652.pgm,0,train
${BOSSBASE_ROOT}\stego\HILL\0.4bpp\stego\5566.pgm,1,train
${BOSSBASE_ROOT}\cover\4598.pgm,0,train
${BOSSBASE_ROOT}\stego\HILL\0.4bpp\stego\8538.pgm,1,train
${BOSSBASE_ROOT}\stego\HILL\0.4bpp\stego\6971.pgm,1,train
${BOSSBASE_ROOT}\stego\HILL\0.4bpp\stego\3747.pgm,1,train
${BOSSBASE_ROOT}\stego\HILL\0.4bpp\stego\9117.pgm,1,train
${BOSSBASE_ROOT}\cover\1484.pgm,0,train
${BOSSBASE_ROOT}\stego\HILL\0.4bpp\stego\9788.pgm,1,train
${BOSSBASE_ROOT}\cover\1225.pgm,0,train
${BOSSBASE_ROOT}\stego\HILL\0.4bpp\stego\9271.pgm,1,train
${BOSSBASE_ROOT}\cover\9489.pgm,0,train
${BOSSBASE_ROOT}\stego\HILL\0.4bpp\stego\655.pgm,1,train
${BOSSBASE_ROOT}\cover\9226.pgm,0,train
${BOSSBASE_ROOT}\stego\HILL\0.4bpp\stego\9137.pgm,1,train
${BOSSBASE_ROOT}\cover\5201.pgm,0,train
${BOSSBASE_ROOT}\stego\HILL\0.4bpp\stego\8118.pgm,1,train
${BOSSBASE_ROOT}\stego\HILL\0.4bpp\stego\3964.pgm,1,train
${BOSSBASE_ROOT}\cover\4769.pgm,0,train
${BOSSBASE_ROOT}\stego\HILL\0.4bpp\stego\6263.pgm,1,train
${BOSSBASE_ROOT}\cover\6774.pgm,0,train
${BOSSBASE_ROOT}\stego\HILL\0.4bpp\stego\4392.pgm,1,train
${BOSSBASE_ROOT}\stego\HILL\0.4bpp\stego\2739.pgm,1,train
${BOSSBASE_ROOT}\stego\HILL\0.4bpp\stego\8198.pgm,1,train
${BOSSBASE_ROOT}\cover\4675.pgm,0,train
${BOSSBASE_ROOT}\cover\1315.pgm,0,train
${BOSSBASE_ROOT}\cover\4387.pgm,0,train
${BOSSBASE_ROOT}\cover\5759.pgm,0,train
${BOSSBASE_ROOT}\cover\1354.pgm,0,train
${BOSSBASE_ROOT}\stego\HILL\0.4bpp\stego\333.pgm,1,train
${BOSSBASE_ROOT}\cover\3664.pgm,0,train
${BOSSBASE_ROOT}\cover\3667.pgm,0,train
${BOSSBASE_ROOT}\cover\6395.pgm,0,train
${BOSSBASE_ROOT}\cover\5337.pgm,0,train
${BOSSBASE_ROOT}\stego\HILL\0.4bpp\stego\4621.pgm,1,train
${BOSSBASE_ROOT}\stego\HILL\0.4bpp\stego\4407.pgm,1,train
${BOSSBASE_ROOT}\cover\753.pgm,0,train
${BOSSBASE_ROOT}\stego\HILL\0.4bpp\stego\1676.pgm,1,train
${BOSSBASE_ROOT}\stego\HILL\0.4bpp\stego\2927.pgm,1,train
${BOSSBASE_ROOT}\stego\HILL\0.4bpp\stego\8081.pgm,1,train
${BOSSBASE_ROOT}\stego\HILL\0.4bpp\stego\5275.pgm,1,train
${BOSSBASE_ROOT}\cover\9633.pgm,0,train
${BOSSBASE_ROOT}\cover\4656.pgm,0,train
${BOSSBASE_ROOT}\stego\HILL\0.4bpp\stego\531.pgm,1,train
${BOSSBASE_ROOT}\cover\4228.pgm,0,train
${BOSSBASE_ROOT}\cover\5120.pgm,0,train
${BOSSBASE_ROOT}\stego\HILL\0.4bpp\stego\6930.pgm,1,train
${BOSSBASE_ROOT}\cover\5628.pgm,0,train
${BOSSBASE_ROOT}\stego\HILL\0.4bpp\stego\4769.pgm,1,train
${BOSSBASE_ROOT}\cover\4510.pgm,0,train
${BOSSBASE_ROOT}\cover\7063.pgm,0,train
${BOSSBASE_ROOT}\stego\HILL\0.4bpp\stego\5519.pgm,1,train
${BOSSBASE_ROOT}\cover\2869.pgm,0,train
${BOSSBASE_ROOT}\cover\1265.pgm,0,train
${BOSSBASE_ROOT}\cover\2995.pgm,0,train
${BOSSBASE_ROOT}\stego\HILL\0.4bpp\stego\2311.pgm,1,train
${BOSSBASE_ROOT}\stego\HILL\0.4bpp\stego\1090.pgm,1,train
${BOSSBASE_ROOT}\stego\HILL\0.4bpp\stego\2125.pgm,1,train
${BOSSBASE_ROOT}\stego\HILL\0.4bpp\stego\2816.pgm,1,train
${BOSSBASE_ROOT}\cover\7076.pgm,0,train
${BOSSBASE_ROOT}\cover\1776.pgm,0,train
${BOSSBASE_ROOT}\cover\5742.pgm,0,train
${BOSSBASE_ROOT}\stego\HILL\0.4bpp\stego\4072.pgm,1,train
${BOSSBASE_ROOT}\cover\3018.pgm,0,train
${BOSSBASE_ROOT}\stego\HILL\0.4bpp\stego\7073.pgm,1,train
${BOSSBASE_ROOT}\stego\HILL\0.4bpp\stego\8440.pgm,1,train
${BOSSBASE_ROOT}\cover\6086.pgm,0,train
${BOSSBASE_ROOT}\cover\8503.pgm,0,train
${BOSSBASE_ROOT}\cover\8033.pgm,0,train
${BOSSBASE_ROOT}\stego\HILL\0.4bpp\stego\4219.pgm,1,train
${BOSSBASE_ROOT}\cover\5056.pgm,0,train
${BOSSBASE_ROOT}\cover\4007.pgm,0,train
${BOSSBASE_ROOT}\stego\HILL\0.4bpp\stego\4829.pgm,1,train
${BOSSBASE_ROOT}\cover\8314.pgm,0,train
${BOSSBASE_ROOT}\stego\HILL\0.4bpp\stego\9461.pgm,1,train
${BOSSBASE_ROOT}\cover\1234.pgm,0,train
${BOSSBASE_ROOT}\cover\451.pgm,0,train
${BOSSBASE_ROOT}\stego\HILL\0.4bpp\stego\5712.pgm,1,train
${BOSSBASE_ROOT}\cover\4313.pgm,0,train
${BOSSBASE_ROOT}\stego\HILL\0.4bpp\stego\5572.pgm,1,train
${BOSSBASE_ROOT}\stego\HILL\0.4bpp\stego\2813.pgm,1,train
${BOSSBASE_ROOT}\stego\HILL\0.4bpp\stego\1793.pgm,1,train
${BOSSBASE_ROOT}\cover\6076.pgm,0,train
${BOSSBASE_ROOT}\stego\HILL\0.4bpp\stego\8887.pgm,1,train
${BOSSBASE_ROOT}\stego\HILL\0.4bpp\stego\6609.pgm,1,train
${BOSSBASE_ROOT}\stego\HILL\0.4bpp\stego\2633.pgm,1,train
${BOSSBASE_ROOT}\cover\9827.pgm,0,train
${BOSSBASE_ROOT}\stego\HILL\0.4bpp\stego\2043.pgm,1,train
${BOSSBASE_ROOT}\stego\HILL\0.4bpp\stego\2212.pgm,1,train
${BOSSBASE_ROOT}\cover\2161.pgm,0,train
${BOSSBASE_ROOT}\stego\HILL\0.4bpp\stego\9278.pgm,1,train
${BOSSBASE_ROOT}\stego\HILL\0.4bpp\stego\3008.pgm,1,train
${BOSSBASE_ROOT}\cover\158.pgm,0,train
${BOSSBASE_ROOT}\stego\HILL\0.4bpp\stego\8107.pgm,1,train
${BOSSBASE_ROOT}\cover\7243.pgm,0,train
${BOSSBASE_ROOT}\stego\HILL\0.4bpp\stego\9805.pgm,1,train
${BOSSBASE_ROOT}\stego\HILL\0.4bpp\stego\977.pgm,1,train
${BOSSBASE_ROOT}\cover\5076.pgm,0,train
${BOSSBASE_ROOT}\cover\3624.pgm,0,train
${BOSSBASE_ROOT}\stego\HILL\0.4bpp\stego\9776.pgm,1,train
${BOSSBASE_ROOT}\cover\717.pgm,0,train
${BOSSBASE_ROOT}\cover\4193.pgm,0,train
${BOSSBASE_ROOT}\cover\2605.pgm,0,train
${BOSSBASE_ROOT}\cover\1509.pgm,0,train
${BOSSBASE_ROOT}\cover\7348.pgm,0,train
${BOSSBASE_ROOT}\stego\HILL\0.4bpp\stego\6705.pgm,1,train
${BOSSBASE_ROOT}\stego\HILL\0.4bpp\stego\62.pgm,1,train
${BOSSBASE_ROOT}\stego\HILL\0.4bpp\stego\5628.pgm,1,train
${BOSSBASE_ROOT}\stego\HILL\0.4bpp\stego\1808.pgm,1,train
${BOSSBASE_ROOT}\cover\2140.pgm,0,train
${BOSSBASE_ROOT}\cover\8947.pgm,0,train
${BOSSBASE_ROOT}\stego\HILL\0.4bpp\stego\7400.pgm,1,train
${BOSSBASE_ROOT}\cover\4837.pgm,0,train
${BOSSBASE_ROOT}\stego\HILL\0.4bpp\stego\6874.pgm,1,train
${BOSSBASE_ROOT}\stego\HILL\0.4bpp\stego\3839.pgm,1,train
${BOSSBASE_ROOT}\stego\HILL\0.4bpp\stego\7054.pgm,1,train
${BOSSBASE_ROOT}\stego\HILL\0.4bpp\stego\7236.pgm,1,train
${BOSSBASE_ROOT}\cover\7489.pgm,0,train
${BOSSBASE_ROOT}\stego\HILL\0.4bpp\stego\6020.pgm,1,train
${BOSSBASE_ROOT}\stego\HILL\0.4bpp\stego\2525.pgm,1,train
${BOSSBASE_ROOT}\cover\6763.pgm,0,train
${BOSSBASE_ROOT}\stego\HILL\0.4bpp\stego\5693.pgm,1,train
${BOSSBASE_ROOT}\cover\4991.pgm,0,train
${BOSSBASE_ROOT}\stego\HILL\0.4bpp\stego\6440.pgm,1,train
${BOSSBASE_ROOT}\stego\HILL\0.4bpp\stego\2257.pgm,1,train
${BOSSBASE_ROOT}\stego\HILL\0.4bpp\stego\6515.pgm,1,train
${BOSSBASE_ROOT}\cover\8220.pgm,0,train
${BOSSBASE_ROOT}\cover\731.pgm,0,train
${BOSSBASE_ROOT}\stego\HILL\0.4bpp\stego\9225.pgm,1,train
${BOSSBASE_ROOT}\cover\103.pgm,0,train
${BOSSBASE_ROOT}\cover\1465.pgm,0,train
${BOSSBASE_ROOT}\cover\3780.pgm,0,train
${BOSSBASE_ROOT}\stego\HILL\0.4bpp\stego\7817.pgm,1,train
${BOSSBASE_ROOT}\cover\6778.pgm,0,train
${BOSSBASE_ROOT}\stego\HILL\0.4bpp\stego\4820.pgm,1,train
${BOSSBASE_ROOT}\stego\HILL\0.4bpp\stego\1574.pgm,1,train
${BOSSBASE_ROOT}\cover\7382.pgm,0,train
${BOSSBASE_ROOT}\cover\136.pgm,0,train
${BOSSBASE_ROOT}\stego\HILL\0.4bpp\stego\7555.pgm,1,train
${BOSSBASE_ROOT}\stego\HILL\0.4bpp\stego\8471.pgm,1,train
${BOSSBASE_ROOT}\stego\HILL\0.4bpp\stego\7258.pgm,1,train
${BOSSBASE_ROOT}\stego\HILL\0.4bpp\stego\1085.pgm,1,train
${BOSSBASE_ROOT}\cover\539.pgm,0,train
${BOSSBASE_ROOT}\stego\HILL\0.4bpp\stego\6418.pgm,1,train
${BOSSBASE_ROOT}\stego\HILL\0.4bpp\stego\7152.pgm,1,train
${BOSSBASE_ROOT}\stego\HILL\0.4bpp\stego\3387.pgm,1,train
${BOSSBASE_ROOT}\cover\4976.pgm,0,train
${BOSSBASE_ROOT}\cover\1396.pgm,0,train
${BOSSBASE_ROOT}\cover\3361.pgm,0,train
${BOSSBASE_ROOT}\stego\HILL\0.4bpp\stego\468.pgm,1,train
${BOSSBASE_ROOT}\cover\9945.pgm,0,train
${BOSSBASE_ROOT}\stego\HILL\0.4bpp\stego\9366.pgm,1,train
${BOSSBASE_ROOT}\cover\1636.pgm,0,train
${BOSSBASE_ROOT}\stego\HILL\0.4bpp\stego\9237.pgm,1,train
${BOSSBASE_ROOT}\stego\HILL\0.4bpp\stego\9177.pgm,1,train
${BOSSBASE_ROOT}\stego\HILL\0.4bpp\stego\3179.pgm,1,train
${BOSSBASE_ROOT}\stego\HILL\0.4bpp\stego\6797.pgm,1,train
${BOSSBASE_ROOT}\stego\HILL\0.4bpp\stego\5699.pgm,1,train
${BOSSBASE_ROOT}\cover\6833.pgm,0,train
${BOSSBASE_ROOT}\stego\HILL\0.4bpp\stego\1406.pgm,1,train
${BOSSBASE_ROOT}\cover\454.pgm,0,train
${BOSSBASE_ROOT}\cover\8064.pgm,0,train
${BOSSBASE_ROOT}\stego\HILL\0.4bpp\stego\1365.pgm,1,train
${BOSSBASE_ROOT}\stego\HILL\0.4bpp\stego\6461.pgm,1,train
${BOSSBASE_ROOT}\cover\5229.pgm,0,train
${BOSSBASE_ROOT}\cover\3118.pgm,0,train
${BOSSBASE_ROOT}\cover\1160.pgm,0,train
${BOSSBASE_ROOT}\cover\9998.pgm,0,train
${BOSSBASE_ROOT}\cover\9279.pgm,0,train
${BOSSBASE_ROOT}\cover\4089.pgm,0,train
${BOSSBASE_ROOT}\cover\1018.pgm,0,train
${BOSSBASE_ROOT}\stego\HILL\0.4bpp\stego\3338.pgm,1,train
${BOSSBASE_ROOT}\cover\7605.pgm,0,train
${BOSSBASE_ROOT}\stego\HILL\0.4bpp\stego\3248.pgm,1,train
${BOSSBASE_ROOT}\cover\9261.pgm,0,train
${BOSSBASE_ROOT}\stego\HILL\0.4bpp\stego\5828.pgm,1,train
${BOSSBASE_ROOT}\stego\HILL\0.4bpp\stego\9845.pgm,1,train
${BOSSBASE_ROOT}\cover\6574.pgm,0,train
${BOSSBASE_ROOT}\stego\HILL\0.4bpp\stego\878.pgm,1,train
${BOSSBASE_ROOT}\cover\5745.pgm,0,train
${BOSSBASE_ROOT}\cover\9201.pgm,0,train
${BOSSBASE_ROOT}\stego\HILL\0.4bpp\stego\7432.pgm,1,train
${BOSSBASE_ROOT}\cover\1666.pgm,0,train
${BOSSBASE_ROOT}\stego\HILL\0.4bpp\stego\7182.pgm,1,train
${BOSSBASE_ROOT}\cover\4921.pgm,0,train
${BOSSBASE_ROOT}\cover\8001.pgm,0,train
${BOSSBASE_ROOT}\stego\HILL\0.4bpp\stego\8288.pgm,1,train
${BOSSBASE_ROOT}\cover\5168.pgm,0,train
${BOSSBASE_ROOT}\cover\1811.pgm,0,train
${BOSSBASE_ROOT}\stego\HILL\0.4bpp\stego\4173.pgm,1,train
${BOSSBASE_ROOT}\cover\2281.pgm,0,train
${BOSSBASE_ROOT}\cover\4960.pgm,0,train
${BOSSBASE_ROOT}\stego\HILL\0.4bpp\stego\7544.pgm,1,train
${BOSSBASE_ROOT}\cover\9643.pgm,0,train
${BOSSBASE_ROOT}\cover\2621.pgm,0,train
${BOSSBASE_ROOT}\stego\HILL\0.4bpp\stego\7095.pgm,1,train
${BOSSBASE_ROOT}\stego\HILL\0.4bpp\stego\1713.pgm,1,train
${BOSSBASE_ROOT}\cover\5068.pgm,0,train
${BOSSBASE_ROOT}\stego\HILL\0.4bpp\stego\8743.pgm,1,train
${BOSSBASE_ROOT}\cover\5810.pgm,0,train
${BOSSBASE_ROOT}\cover\9001.pgm,0,train
${BOSSBASE_ROOT}\stego\HILL\0.4bpp\stego\4032.pgm,1,train
${BOSSBASE_ROOT}\cover\3219.pgm,0,train
${BOSSBASE_ROOT}\stego\HILL\0.4bpp\stego\5444.pgm,1,train
${BOSSBASE_ROOT}\stego\HILL\0.4bpp\stego\9585.pgm,1,train
${BOSSBASE_ROOT}\cover\9116.pgm,0,train
${BOSSBASE_ROOT}\stego\HILL\0.4bpp\stego\3795.pgm,1,train
${BOSSBASE_ROOT}\stego\HILL\0.4bpp\stego\5968.pgm,1,train
${BOSSBASE_ROOT}\cover\3655.pgm,0,train
${BOSSBASE_ROOT}\cover\4330.pgm,0,train
${BOSSBASE_ROOT}\cover\8134.pgm,0,train
${BOSSBASE_ROOT}\stego\HILL\0.4bpp\stego\5376.pgm,1,train
${BOSSBASE_ROOT}\stego\HILL\0.4bpp\stego\4179.pgm,1,train
${BOSSBASE_ROOT}\cover\1486.pgm,0,train
${BOSSBASE_ROOT}\cover\1639.pgm,0,train
${BOSSBASE_ROOT}\cover\5438.pgm,0,train
${BOSSBASE_ROOT}\stego\HILL\0.4bpp\stego\4653.pgm,1,train
${BOSSBASE_ROOT}\cover\3366.pgm,0,train
${BOSSBASE_ROOT}\cover\7269.pgm,0,train
${BOSSBASE_ROOT}\cover\8545.pgm,0,train
${BOSSBASE_ROOT}\stego\HILL\0.4bpp\stego\5487.pgm,1,train
${BOSSBASE_ROOT}\stego\HILL\0.4bpp\stego\7948.pgm,1,train
${BOSSBASE_ROOT}\stego\HILL\0.4bpp\stego\4255.pgm,1,train
${BOSSBASE_ROOT}\stego\HILL\0.4bpp\stego\2373.pgm,1,train
${BOSSBASE_ROOT}\cover\6904.pgm,0,train
${BOSSBASE_ROOT}\cover\4266.pgm,0,train
${BOSSBASE_ROOT}\cover\47.pgm,0,train
${BOSSBASE_ROOT}\cover\6509.pgm,0,train
${BOSSBASE_ROOT}\cover\7742.pgm,0,train
${BOSSBASE_ROOT}\cover\2203.pgm,0,train
${BOSSBASE_ROOT}\stego\HILL\0.4bpp\stego\7190.pgm,1,train
${BOSSBASE_ROOT}\stego\HILL\0.4bpp\stego\5893.pgm,1,train
${BOSSBASE_ROOT}\cover\1692.pgm,0,train
${BOSSBASE_ROOT}\cover\5870.pgm,0,train
${BOSSBASE_ROOT}\stego\HILL\0.4bpp\stego\108.pgm,1,train
${BOSSBASE_ROOT}\stego\HILL\0.4bpp\stego\9280.pgm,1,train
${BOSSBASE_ROOT}\stego\HILL\0.4bpp\stego\3717.pgm,1,train
${BOSSBASE_ROOT}\cover\1171.pgm,0,train
${BOSSBASE_ROOT}\stego\HILL\0.4bpp\stego\8705.pgm,1,train
${BOSSBASE_ROOT}\cover\4774.pgm,0,train
${BOSSBASE_ROOT}\stego\HILL\0.4bpp\stego\3003.pgm,1,train
${BOSSBASE_ROOT}\cover\5464.pgm,0,train
${BOSSBASE_ROOT}\cover\8631.pgm,0,train
${BOSSBASE_ROOT}\cover\9887.pgm,0,train
${BOSSBASE_ROOT}\cover\5383.pgm,0,train
${BOSSBASE_ROOT}\stego\HILL\0.4bpp\stego\427.pgm,1,train
${BOSSBASE_ROOT}\cover\9362.pgm,0,train
${BOSSBASE_ROOT}\stego\HILL\0.4bpp\stego\2232.pgm,1,train
${BOSSBASE_ROOT}\stego\HILL\0.4bpp\stego\4999.pgm,1,train
${BOSSBASE_ROOT}\stego\HILL\0.4bpp\stego\7195.pgm,1,train
${BOSSBASE_ROOT}\stego\HILL\0.4bpp\stego\6031.pgm,1,train
${BOSSBASE_ROOT}\stego\HILL\0.4bpp\stego\9460.pgm,1,train
${BOSSBASE_ROOT}\cover\2928.pgm,0,train
${BOSSBASE_ROOT}\cover\7897.pgm,0,train
${BOSSBASE_ROOT}\stego\HILL\0.4bpp\stego\2231.pgm,1,train
${BOSSBASE_ROOT}\cover\4843.pgm,0,train
${BOSSBASE_ROOT}\stego\HILL\0.4bpp\stego\1830.pgm,1,train
${BOSSBASE_ROOT}\stego\HILL\0.4bpp\stego\9360.pgm,1,train
${BOSSBASE_ROOT}\stego\HILL\0.4bpp\stego\1477.pgm,1,train
${BOSSBASE_ROOT}\cover\2053.pgm,0,train
${BOSSBASE_ROOT}\stego\HILL\0.4bpp\stego\8515.pgm,1,train
${BOSSBASE_ROOT}\stego\HILL\0.4bpp\stego\6278.pgm,1,train
${BOSSBASE_ROOT}\stego\HILL\0.4bpp\stego\926.pgm,1,train
${BOSSBASE_ROOT}\stego\HILL\0.4bpp\stego\1565.pgm,1,train
${BOSSBASE_ROOT}\cover\3984.pgm,0,train
${BOSSBASE_ROOT}\cover\9098.pgm,0,train
${BOSSBASE_ROOT}\cover\3751.pgm,0,train
${BOSSBASE_ROOT}\cover\7689.pgm,0,train
${BOSSBASE_ROOT}\cover\9252.pgm,0,train
${BOSSBASE_ROOT}\cover\4184.pgm,0,train
${BOSSBASE_ROOT}\cover\7279.pgm,0,train
${BOSSBASE_ROOT}\cover\6696.pgm,0,train
${BOSSBASE_ROOT}\stego\HILL\0.4bpp\stego\7019.pgm,1,train
${BOSSBASE_ROOT}\cover\8304.pgm,0,train
${BOSSBASE_ROOT}\cover\66.pgm,0,train
${BOSSBASE_ROOT}\stego\HILL\0.4bpp\stego\8951.pgm,1,train
${BOSSBASE_ROOT}\cover\5739.pgm,0,train
${BOSSBASE_ROOT}\stego\HILL\0.4bpp\stego\539.pgm,1,train
${BOSSBASE_ROOT}\cover\5743.pgm,0,train
${BOSSBASE_ROOT}\stego\HILL\0.4bpp\stego\9706.pgm,1,train
${BOSSBASE_ROOT}\stego\HILL\0.4bpp\stego\6392.pgm,1,train
${BOSSBASE_ROOT}\stego\HILL\0.4bpp\stego\7074.pgm,1,train
${BOSSBASE_ROOT}\stego\HILL\0.4bpp\stego\5060.pgm,1,train
${BOSSBASE_ROOT}\cover\9436.pgm,0,train
${BOSSBASE_ROOT}\cover\3406.pgm,0,train
${BOSSBASE_ROOT}\stego\HILL\0.4bpp\stego\7560.pgm,1,train
${BOSSBASE_ROOT}\stego\HILL\0.4bpp\stego\5996.pgm,1,train
${BOSSBASE_ROOT}\stego\HILL\0.4bpp\stego\7459.pgm,1,train
${BOSSBASE_ROOT}\stego\HILL\0.4bpp\stego\7188.pgm,1,train
${BOSSBASE_ROOT}\stego\HILL\0.4bpp\stego\5832.pgm,1,train
${BOSSBASE_ROOT}\stego\HILL\0.4bpp\stego\6890.pgm,1,train
${BOSSBASE_ROOT}\cover\3951.pgm,0,train
${BOSSBASE_ROOT}\cover\5761.pgm,0,train
${BOSSBASE_ROOT}\cover\3053.pgm,0,train
${BOSSBASE_ROOT}\stego\HILL\0.4bpp\stego\8626.pgm,1,train
${BOSSBASE_ROOT}\stego\HILL\0.4bpp\stego\7797.pgm,1,train
${BOSSBASE_ROOT}\cover\3767.pgm,0,train
${BOSSBASE_ROOT}\cover\493.pgm,0,train
${BOSSBASE_ROOT}\stego\HILL\0.4bpp\stego\7676.pgm,1,train
${BOSSBASE_ROOT}\stego\HILL\0.4bpp\stego\729.pgm,1,train
${BOSSBASE_ROOT}\stego\HILL\0.4bpp\stego\7039.pgm,1,train
${BOSSBASE_ROOT}\cover\4700.pgm,0,train
${BOSSBASE_ROOT}\stego\HILL\0.4bpp\stego\8851.pgm,1,train
${BOSSBASE_ROOT}\cover\5864.pgm,0,train
${BOSSBASE_ROOT}\stego\HILL\0.4bpp\stego\335.pgm,1,train
${BOSSBASE_ROOT}\cover\8212.pgm,0,train
${BOSSBASE_ROOT}\stego\HILL\0.4bpp\stego\9229.pgm,1,train
${BOSSBASE_ROOT}\stego\HILL\0.4bpp\stego\2368.pgm,1,train
${BOSSBASE_ROOT}\cover\714.pgm,0,train
${BOSSBASE_ROOT}\stego\HILL\0.4bpp\stego\2562.pgm,1,train
${BOSSBASE_ROOT}\cover\8772.pgm,0,train
${BOSSBASE_ROOT}\cover\6926.pgm,0,train
${BOSSBASE_ROOT}\cover\7599.pgm,0,train
${BOSSBASE_ROOT}\stego\HILL\0.4bpp\stego\8935.pgm,1,train
${BOSSBASE_ROOT}\cover\5712.pgm,0,train
${BOSSBASE_ROOT}\stego\HILL\0.4bpp\stego\5765.pgm,1,train
${BOSSBASE_ROOT}\stego\HILL\0.4bpp\stego\1522.pgm,1,train
${BOSSBASE_ROOT}\stego\HILL\0.4bpp\stego\5187.pgm,1,train
${BOSSBASE_ROOT}\stego\HILL\0.4bpp\stego\7248.pgm,1,train
${BOSSBASE_ROOT}\stego\HILL\0.4bpp\stego\9765.pgm,1,train
${BOSSBASE_ROOT}\stego\HILL\0.4bpp\stego\7809.pgm,1,train
${BOSSBASE_ROOT}\cover\5839.pgm,0,train
${BOSSBASE_ROOT}\stego\HILL\0.4bpp\stego\5294.pgm,1,train
${BOSSBASE_ROOT}\cover\6394.pgm,0,train
${BOSSBASE_ROOT}\stego\HILL\0.4bpp\stego\2733.pgm,1,train
${BOSSBASE_ROOT}\stego\HILL\0.4bpp\stego\689.pgm,1,train
${BOSSBASE_ROOT}\stego\HILL\0.4bpp\stego\1751.pgm,1,train
${BOSSBASE_ROOT}\stego\HILL\0.4bpp\stego\1968.pgm,1,train
${BOSSBASE_ROOT}\stego\HILL\0.4bpp\stego\5957.pgm,1,train
${BOSSBASE_ROOT}\stego\HILL\0.4bpp\stego\261.pgm,1,train
${BOSSBASE_ROOT}\cover\6142.pgm,0,train
${BOSSBASE_ROOT}\cover\9277.pgm,0,train
${BOSSBASE_ROOT}\stego\HILL\0.4bpp\stego\9508.pgm,1,train
${BOSSBASE_ROOT}\stego\HILL\0.4bpp\stego\3806.pgm,1,train
${BOSSBASE_ROOT}\cover\2432.pgm,0,train
${BOSSBASE_ROOT}\cover\3672.pgm,0,train
${BOSSBASE_ROOT}\stego\HILL\0.4bpp\stego\8641.pgm,1,train
${BOSSBASE_ROOT}\stego\HILL\0.4bpp\stego\154.pgm,1,train
${BOSSBASE_ROOT}\cover\4571.pgm,0,train
${BOSSBASE_ROOT}\stego\HILL\0.4bpp\stego\2047.pgm,1,train
${BOSSBASE_ROOT}\stego\HILL\0.4bpp\stego\109.pgm,1,train
${BOSSBASE_ROOT}\stego\HILL\0.4bpp\stego\8872.pgm,1,train
${BOSSBASE_ROOT}\stego\HILL\0.4bpp\stego\2272.pgm,1,train
${BOSSBASE_ROOT}\cover\2439.pgm,0,train
${BOSSBASE_ROOT}\cover\9200.pgm,0,train
${BOSSBASE_ROOT}\cover\6787.pgm,0,train
${BOSSBASE_ROOT}\stego\HILL\0.4bpp\stego\2429.pgm,1,train
${BOSSBASE_ROOT}\stego\HILL\0.4bpp\stego\5904.pgm,1,train
${BOSSBASE_ROOT}\cover\1479.pgm,0,train
${BOSSBASE_ROOT}\cover\8313.pgm,0,train
${BOSSBASE_ROOT}\stego\HILL\0.4bpp\stego\8688.pgm,1,train
${BOSSBASE_ROOT}\cover\8052.pgm,0,train
${BOSSBASE_ROOT}\stego\HILL\0.4bpp\stego\7985.pgm,1,train
${BOSSBASE_ROOT}\stego\HILL\0.4bpp\stego\2238.pgm,1,train
${BOSSBASE_ROOT}\stego\HILL\0.4bpp\stego\1954.pgm,1,train
${BOSSBASE_ROOT}\cover\1931.pgm,0,train
${BOSSBASE_ROOT}\cover\2410.pgm,0,train
${BOSSBASE_ROOT}\stego\HILL\0.4bpp\stego\843.pgm,1,train
${BOSSBASE_ROOT}\cover\7646.pgm,0,train
${BOSSBASE_ROOT}\cover\138.pgm,0,train
${BOSSBASE_ROOT}\stego\HILL\0.4bpp\stego\9541.pgm,1,train
${BOSSBASE_ROOT}\cover\4841.pgm,0,train
${BOSSBASE_ROOT}\cover\5304.pgm,0,train
${BOSSBASE_ROOT}\cover\639.pgm,0,train
${BOSSBASE_ROOT}\cover\5956.pgm,0,train
${BOSSBASE_ROOT}\cover\9112.pgm,0,train
${BOSSBASE_ROOT}\cover\1215.pgm,0,train
${BOSSBASE_ROOT}\cover\1351.pgm,0,train
${BOSSBASE_ROOT}\cover\9464.pgm,0,train
${BOSSBASE_ROOT}\stego\HILL\0.4bpp\stego\4668.pgm,1,train
${BOSSBASE_ROOT}\cover\3673.pgm,0,train
${BOSSBASE_ROOT}\cover\227.pgm,0,train
${BOSSBASE_ROOT}\stego\HILL\0.4bpp\stego\9549.pgm,1,train
${BOSSBASE_ROOT}\cover\5416.pgm,0,train
${BOSSBASE_ROOT}\cover\9878.pgm,0,train
${BOSSBASE_ROOT}\cover\5305.pgm,0,train
${BOSSBASE_ROOT}\cover\7152.pgm,0,train
${BOSSBASE_ROOT}\cover\1461.pgm,0,train
${BOSSBASE_ROOT}\cover\7910.pgm,0,train
${BOSSBASE_ROOT}\cover\6287.pgm,0,train
${BOSSBASE_ROOT}\cover\6064.pgm,0,train
${BOSSBASE_ROOT}\stego\HILL\0.4bpp\stego\3854.pgm,1,train
${BOSSBASE_ROOT}\cover\7561.pgm,0,train
${BOSSBASE_ROOT}\stego\HILL\0.4bpp\stego\5122.pgm,1,train
${BOSSBASE_ROOT}\cover\4779.pgm,0,train
${BOSSBASE_ROOT}\cover\3479.pgm,0,train
${BOSSBASE_ROOT}\cover\1761.pgm,0,train
${BOSSBASE_ROOT}\cover\9000.pgm,0,train
${BOSSBASE_ROOT}\cover\1633.pgm,0,train
${BOSSBASE_ROOT}\stego\HILL\0.4bpp\stego\9729.pgm,1,train
${BOSSBASE_ROOT}\cover\8104.pgm,0,train
${BOSSBASE_ROOT}\stego\HILL\0.4bpp\stego\8645.pgm,1,train
${BOSSBASE_ROOT}\cover\9494.pgm,0,train
${BOSSBASE_ROOT}\stego\HILL\0.4bpp\stego\399.pgm,1,train
${BOSSBASE_ROOT}\cover\4452.pgm,0,train
${BOSSBASE_ROOT}\stego\HILL\0.4bpp\stego\9653.pgm,1,train
${BOSSBASE_ROOT}\cover\9516.pgm,0,train
${BOSSBASE_ROOT}\stego\HILL\0.4bpp\stego\2192.pgm,1,train
${BOSSBASE_ROOT}\cover\2692.pgm,0,train
${BOSSBASE_ROOT}\cover\704.pgm,0,train
${BOSSBASE_ROOT}\cover\5660.pgm,0,train
${BOSSBASE_ROOT}\cover\1153.pgm,0,train
${BOSSBASE_ROOT}\stego\HILL\0.4bpp\stego\1537.pgm,1,train
${BOSSBASE_ROOT}\cover\4741.pgm,0,train
${BOSSBASE_ROOT}\cover\2267.pgm,0,train
${BOSSBASE_ROOT}\stego\HILL\0.4bpp\stego\2614.pgm,1,train
${BOSSBASE_ROOT}\cover\4576.pgm,0,train
${BOSSBASE_ROOT}\cover\4985.pgm,0,train
${BOSSBASE_ROOT}\cover\8958.pgm,0,train
${BOSSBASE_ROOT}\stego\HILL\0.4bpp\stego\8832.pgm,1,train
${BOSSBASE_ROOT}\stego\HILL\0.4bpp\stego\5623.pgm,1,train
${BOSSBASE_ROOT}\stego\HILL\0.4bpp\stego\3485.pgm,1,train
${BOSSBASE_ROOT}\cover\9205.pgm,0,train
${BOSSBASE_ROOT}\cover\5964.pgm,0,train
${BOSSBASE_ROOT}\cover\4460.pgm,0,train
${BOSSBASE_ROOT}\stego\HILL\0.4bpp\stego\4502.pgm,1,train
${BOSSBASE_ROOT}\stego\HILL\0.4bpp\stego\6530.pgm,1,train
${BOSSBASE_ROOT}\stego\HILL\0.4bpp\stego\4453.pgm,1,train
${BOSSBASE_ROOT}\cover\7300.pgm,0,train
${BOSSBASE_ROOT}\cover\9354.pgm,0,train
${BOSSBASE_ROOT}\cover\1044.pgm,0,train
${BOSSBASE_ROOT}\stego\HILL\0.4bpp\stego\2299.pgm,1,train
${BOSSBASE_ROOT}\stego\HILL\0.4bpp\stego\7401.pgm,1,train
${BOSSBASE_ROOT}\cover\5494.pgm,0,train
${BOSSBASE_ROOT}\stego\HILL\0.4bpp\stego\482.pgm,1,train
${BOSSBASE_ROOT}\cover\894.pgm,0,train
${BOSSBASE_ROOT}\stego\HILL\0.4bpp\stego\4828.pgm,1,train
${BOSSBASE_ROOT}\cover\2055.pgm,0,train
${BOSSBASE_ROOT}\stego\HILL\0.4bpp\stego\9586.pgm,1,train
${BOSSBASE_ROOT}\cover\4930.pgm,0,train
${BOSSBASE_ROOT}\stego\HILL\0.4bpp\stego\8627.pgm,1,train
${BOSSBASE_ROOT}\cover\4650.pgm,0,train
${BOSSBASE_ROOT}\cover\5063.pgm,0,train
${BOSSBASE_ROOT}\cover\4363.pgm,0,train
${BOSSBASE_ROOT}\stego\HILL\0.4bpp\stego\8764.pgm,1,train
${BOSSBASE_ROOT}\cover\8728.pgm,0,train
${BOSSBASE_ROOT}\cover\3236.pgm,0,train
${BOSSBASE_ROOT}\cover\419.pgm,0,train
${BOSSBASE_ROOT}\stego\HILL\0.4bpp\stego\2964.pgm,1,train
${BOSSBASE_ROOT}\stego\HILL\0.4bpp\stego\9713.pgm,1,train
${BOSSBASE_ROOT}\stego\HILL\0.4bpp\stego\794.pgm,1,train
${BOSSBASE_ROOT}\stego\HILL\0.4bpp\stego\211.pgm,1,train
${BOSSBASE_ROOT}\cover\2369.pgm,0,train
${BOSSBASE_ROOT}\cover\1075.pgm,0,train
${BOSSBASE_ROOT}\cover\8271.pgm,0,train
${BOSSBASE_ROOT}\stego\HILL\0.4bpp\stego\9872.pgm,1,train
${BOSSBASE_ROOT}\stego\HILL\0.4bpp\stego\9390.pgm,1,train
${BOSSBASE_ROOT}\cover\1532.pgm,0,train
${BOSSBASE_ROOT}\stego\HILL\0.4bpp\stego\7381.pgm,1,train
${BOSSBASE_ROOT}\stego\HILL\0.4bpp\stego\1766.pgm,1,train
${BOSSBASE_ROOT}\stego\HILL\0.4bpp\stego\7973.pgm,1,train
${BOSSBASE_ROOT}\cover\8490.pgm,0,train
${BOSSBASE_ROOT}\cover\6630.pgm,0,train
${BOSSBASE_ROOT}\stego\HILL\0.4bpp\stego\2464.pgm,1,train
${BOSSBASE_ROOT}\cover\939.pgm,0,train
${BOSSBASE_ROOT}\stego\HILL\0.4bpp\stego\6527.pgm,1,train
${BOSSBASE_ROOT}\stego\HILL\0.4bpp\stego\6712.pgm,1,train
${BOSSBASE_ROOT}\stego\HILL\0.4bpp\stego\7488.pgm,1,train
${BOSSBASE_ROOT}\stego\HILL\0.4bpp\stego\1358.pgm,1,train
${BOSSBASE_ROOT}\stego\HILL\0.4bpp\stego\6927.pgm,1,train
${BOSSBASE_ROOT}\cover\3692.pgm,0,train
${BOSSBASE_ROOT}\stego\HILL\0.4bpp\stego\1317.pgm,1,train
${BOSSBASE_ROOT}\cover\9646.pgm,0,train
${BOSSBASE_ROOT}\cover\6050.pgm,0,train
${BOSSBASE_ROOT}\cover\5207.pgm,0,train
${BOSSBASE_ROOT}\cover\4420.pgm,0,train
${BOSSBASE_ROOT}\cover\4955.pgm,0,train
${BOSSBASE_ROOT}\cover\5123.pgm,0,train
${BOSSBASE_ROOT}\stego\HILL\0.4bpp\stego\8674.pgm,1,train
${BOSSBASE_ROOT}\stego\HILL\0.4bpp\stego\1951.pgm,1,train
${BOSSBASE_ROOT}\cover\7965.pgm,0,train
${BOSSBASE_ROOT}\stego\HILL\0.4bpp\stego\2754.pgm,1,train
${BOSSBASE_ROOT}\cover\6483.pgm,0,train
${BOSSBASE_ROOT}\stego\HILL\0.4bpp\stego\2730.pgm,1,train
${BOSSBASE_ROOT}\cover\3212.pgm,0,train
${BOSSBASE_ROOT}\cover\8287.pgm,0,train
${BOSSBASE_ROOT}\stego\HILL\0.4bpp\stego\1040.pgm,1,train
${BOSSBASE_ROOT}\stego\HILL\0.4bpp\stego\486.pgm,1,train
${BOSSBASE_ROOT}\cover\3397.pgm,0,train
${BOSSBASE_ROOT}\stego\HILL\0.4bpp\stego\639.pgm,1,train
${BOSSBASE_ROOT}\stego\HILL\0.4bpp\stego\822.pgm,1,train
${BOSSBASE_ROOT}\cover\7551.pgm,0,train
${BOSSBASE_ROOT}\cover\2412.pgm,0,train
${BOSSBASE_ROOT}\stego\HILL\0.4bpp\stego\9093.pgm,1,train
${BOSSBASE_ROOT}\stego\HILL\0.4bpp\stego\6321.pgm,1,train
${BOSSBASE_ROOT}\cover\212.pgm,0,train
${BOSSBASE_ROOT}\stego\HILL\0.4bpp\stego\5745.pgm,1,train
${BOSSBASE_ROOT}\cover\1983.pgm,0,train
${BOSSBASE_ROOT}\stego\HILL\0.4bpp\stego\3983.pgm,1,train
${BOSSBASE_ROOT}\cover\3646.pgm,0,train
${BOSSBASE_ROOT}\stego\HILL\0.4bpp\stego\6253.pgm,1,train
${BOSSBASE_ROOT}\stego\HILL\0.4bpp\stego\1749.pgm,1,train
${BOSSBASE_ROOT}\stego\HILL\0.4bpp\stego\2403.pgm,1,train
${BOSSBASE_ROOT}\cover\9950.pgm,0,train
${BOSSBASE_ROOT}\stego\HILL\0.4bpp\stego\1379.pgm,1,train
${BOSSBASE_ROOT}\stego\HILL\0.4bpp\stego\6038.pgm,1,train
${BOSSBASE_ROOT}\stego\HILL\0.4bpp\stego\4553.pgm,1,train
${BOSSBASE_ROOT}\stego\HILL\0.4bpp\stego\4211.pgm,1,train
${BOSSBASE_ROOT}\stego\HILL\0.4bpp\stego\2144.pgm,1,train
${BOSSBASE_ROOT}\cover\7216.pgm,0,train
${BOSSBASE_ROOT}\stego\HILL\0.4bpp\stego\1908.pgm,1,train
${BOSSBASE_ROOT}\cover\9647.pgm,0,train
${BOSSBASE_ROOT}\cover\442.pgm,0,train
${BOSSBASE_ROOT}\stego\HILL\0.4bpp\stego\3590.pgm,1,train
${BOSSBASE_ROOT}\cover\9514.pgm,0,train
${BOSSBASE_ROOT}\stego\HILL\0.4bpp\stego\3217.pgm,1,train
${BOSSBASE_ROOT}\stego\HILL\0.4bpp\stego\4892.pgm,1,train
${BOSSBASE_ROOT}\stego\HILL\0.4bpp\stego\4872.pgm,1,train
${BOSSBASE_ROOT}\stego\HILL\0.4bpp\stego\9213.pgm,1,train
${BOSSBASE_ROOT}\cover\5527.pgm,0,train
${BOSSBASE_ROOT}\cover\8677.pgm,0,train
${BOSSBASE_ROOT}\cover\4050.pgm,0,train
${BOSSBASE_ROOT}\cover\1902.pgm,0,train
${BOSSBASE_ROOT}\cover\6713.pgm,0,train
${BOSSBASE_ROOT}\cover\3372.pgm,0,train
${BOSSBASE_ROOT}\stego\HILL\0.4bpp\stego\6525.pgm,1,train
${BOSSBASE_ROOT}\cover\5859.pgm,0,train
${BOSSBASE_ROOT}\cover\1408.pgm,0,train
${BOSSBASE_ROOT}\cover\2018.pgm,0,train
${BOSSBASE_ROOT}\cover\3358.pgm,0,train
${BOSSBASE_ROOT}\cover\2936.pgm,0,train
${BOSSBASE_ROOT}\stego\HILL\0.4bpp\stego\2968.pgm,1,train
${BOSSBASE_ROOT}\cover\9147.pgm,0,train
${BOSSBASE_ROOT}\stego\HILL\0.4bpp\stego\5928.pgm,1,train
${BOSSBASE_ROOT}\stego\HILL\0.4bpp\stego\7605.pgm,1,train
${BOSSBASE_ROOT}\cover\9937.pgm,0,train
${BOSSBASE_ROOT}\stego\HILL\0.4bpp\stego\4439.pgm,1,train
${BOSSBASE_ROOT}\cover\1356.pgm,0,train
${BOSSBASE_ROOT}\stego\HILL\0.4bpp\stego\8520.pgm,1,train
${BOSSBASE_ROOT}\stego\HILL\0.4bpp\stego\6091.pgm,1,train
${BOSSBASE_ROOT}\cover\2896.pgm,0,train
${BOSSBASE_ROOT}\stego\HILL\0.4bpp\stego\4228.pgm,1,train
${BOSSBASE_ROOT}\cover\9856.pgm,0,train
${BOSSBASE_ROOT}\stego\HILL\0.4bpp\stego\1046.pgm,1,train
${BOSSBASE_ROOT}\cover\4790.pgm,0,train
${BOSSBASE_ROOT}\cover\5974.pgm,0,train
${BOSSBASE_ROOT}\cover\9752.pgm,0,train
${BOSSBASE_ROOT}\cover\8372.pgm,0,train
${BOSSBASE_ROOT}\cover\3591.pgm,0,train
${BOSSBASE_ROOT}\cover\4877.pgm,0,train
${BOSSBASE_ROOT}\cover\5463.pgm,0,train
${BOSSBASE_ROOT}\stego\HILL\0.4bpp\stego\1838.pgm,1,train
${BOSSBASE_ROOT}\cover\5316.pgm,0,train
${BOSSBASE_ROOT}\cover\3930.pgm,0,train
${BOSSBASE_ROOT}\cover\9936.pgm,0,train
${BOSSBASE_ROOT}\stego\HILL\0.4bpp\stego\3948.pgm,1,train
${BOSSBASE_ROOT}\cover\3171.pgm,0,train
${BOSSBASE_ROOT}\stego\HILL\0.4bpp\stego\5006.pgm,1,train
${BOSSBASE_ROOT}\cover\918.pgm,0,train
${BOSSBASE_ROOT}\cover\4552.pgm,0,train
${BOSSBASE_ROOT}\stego\HILL\0.4bpp\stego\9136.pgm,1,train
${BOSSBASE_ROOT}\cover\4344.pgm,0,train
${BOSSBASE_ROOT}\cover\2832.pgm,0,train
${BOSSBASE_ROOT}\stego\HILL\0.4bpp\stego\4924.pgm,1,train
${BOSSBASE_ROOT}\cover\1337.pgm,0,train
${BOSSBASE_ROOT}\stego\HILL\0.4bpp\stego\3569.pgm,1,train
${BOSSBASE_ROOT}\cover\5441.pgm,0,train
${BOSSBASE_ROOT}\stego\HILL\0.4bpp\stego\678.pgm,1,train
${BOSSBASE_ROOT}\stego\HILL\0.4bpp\stego\8228.pgm,1,train
${BOSSBASE_ROOT}\stego\HILL\0.4bpp\stego\2549.pgm,1,train
${BOSSBASE_ROOT}\stego\HILL\0.4bpp\stego\8924.pgm,1,train
${BOSSBASE_ROOT}\stego\HILL\0.4bpp\stego\3035.pgm,1,train
${BOSSBASE_ROOT}\stego\HILL\0.4bpp\stego\9511.pgm,1,train
${BOSSBASE_ROOT}\cover\1289.pgm,0,train
${BOSSBASE_ROOT}\cover\9033.pgm,0,train
${BOSSBASE_ROOT}\cover\4422.pgm,0,train
${BOSSBASE_ROOT}\stego\HILL\0.4bpp\stego\1323.pgm,1,train
${BOSSBASE_ROOT}\stego\HILL\0.4bpp\stego\7037.pgm,1,train
${BOSSBASE_ROOT}\cover\4803.pgm,0,train
${BOSSBASE_ROOT}\stego\HILL\0.4bpp\stego\2313.pgm,1,train
${BOSSBASE_ROOT}\stego\HILL\0.4bpp\stego\3675.pgm,1,train
${BOSSBASE_ROOT}\stego\HILL\0.4bpp\stego\2297.pgm,1,train
${BOSSBASE_ROOT}\cover\5687.pgm,0,train
${BOSSBASE_ROOT}\stego\HILL\0.4bpp\stego\3537.pgm,1,train
${BOSSBASE_ROOT}\cover\3377.pgm,0,train
${BOSSBASE_ROOT}\stego\HILL\0.4bpp\stego\1407.pgm,1,train
${BOSSBASE_ROOT}\stego\HILL\0.4bpp\stego\6914.pgm,1,train
${BOSSBASE_ROOT}\stego\HILL\0.4bpp\stego\9147.pgm,1,train
${BOSSBASE_ROOT}\cover\6217.pgm,0,train
${BOSSBASE_ROOT}\stego\HILL\0.4bpp\stego\5510.pgm,1,train
${BOSSBASE_ROOT}\cover\6913.pgm,0,train
${BOSSBASE_ROOT}\cover\6004.pgm,0,train
${BOSSBASE_ROOT}\stego\HILL\0.4bpp\stego\1702.pgm,1,train
${BOSSBASE_ROOT}\stego\HILL\0.4bpp\stego\6450.pgm,1,train
${BOSSBASE_ROOT}\stego\HILL\0.4bpp\stego\8972.pgm,1,train
${BOSSBASE_ROOT}\cover\7026.pgm,0,train
${BOSSBASE_ROOT}\cover\7103.pgm,0,train
${BOSSBASE_ROOT}\cover\9292.pgm,0,train
${BOSSBASE_ROOT}\cover\6978.pgm,0,train
${BOSSBASE_ROOT}\cover\1916.pgm,0,train
${BOSSBASE_ROOT}\stego\HILL\0.4bpp\stego\9035.pgm,1,train
${BOSSBASE_ROOT}\cover\769.pgm,0,train
${BOSSBASE_ROOT}\stego\HILL\0.4bpp\stego\290.pgm,1,train
${BOSSBASE_ROOT}\stego\HILL\0.4bpp\stego\9547.pgm,1,train
${BOSSBASE_ROOT}\cover\2628.pgm,0,train
${BOSSBASE_ROOT}\stego\HILL\0.4bpp\stego\9399.pgm,1,train
${BOSSBASE_ROOT}\cover\1000.pgm,0,train
${BOSSBASE_ROOT}\stego\HILL\0.4bpp\stego\9601.pgm,1,train
${BOSSBASE_ROOT}\cover\1837.pgm,0,train
${BOSSBASE_ROOT}\stego\HILL\0.4bpp\stego\7379.pgm,1,train
${BOSSBASE_ROOT}\cover\2836.pgm,0,train
${BOSSBASE_ROOT}\stego\HILL\0.4bpp\stego\7001.pgm,1,train
${BOSSBASE_ROOT}\stego\HILL\0.4bpp\stego\4097.pgm,1,train
${BOSSBASE_ROOT}\cover\5774.pgm,0,train
${BOSSBASE_ROOT}\cover\4782.pgm,0,train
${BOSSBASE_ROOT}\stego\HILL\0.4bpp\stego\5801.pgm,1,train
${BOSSBASE_ROOT}\cover\1199.pgm,0,train
${BOSSBASE_ROOT}\stego\HILL\0.4bpp\stego\1804.pgm,1,train
${BOSSBASE_ROOT}\cover\3298.pgm,0,train
${BOSSBASE_ROOT}\stego\HILL\0.4bpp\stego\8589.pgm,1,train
${BOSSBASE_ROOT}\stego\HILL\0.4bpp\stego\9509.pgm,1,train
${BOSSBASE_ROOT}\cover\4246.pgm,0,train
${BOSSBASE_ROOT}\cover\1698.pgm,0,train
${BOSSBASE_ROOT}\cover\4586.pgm,0,train
${BOSSBASE_ROOT}\stego\HILL\0.4bpp\stego\1320.pgm,1,train
${BOSSBASE_ROOT}\cover\1759.pgm,0,train
${BOSSBASE_ROOT}\cover\1402.pgm,0,train
${BOSSBASE_ROOT}\stego\HILL\0.4bpp\stego\8700.pgm,1,train
${BOSSBASE_ROOT}\stego\HILL\0.4bpp\stego\6688.pgm,1,train
${BOSSBASE_ROOT}\cover\7255.pgm,0,train
${BOSSBASE_ROOT}\stego\HILL\0.4bpp\stego\4916.pgm,1,train
${BOSSBASE_ROOT}\cover\4538.pgm,0,train
${BOSSBASE_ROOT}\stego\HILL\0.4bpp\stego\1557.pgm,1,train
${BOSSBASE_ROOT}\cover\9685.pgm,0,train
${BOSSBASE_ROOT}\stego\HILL\0.4bpp\stego\2987.pgm,1,train
${BOSSBASE_ROOT}\stego\HILL\0.4bpp\stego\68.pgm,1,train
${BOSSBASE_ROOT}\cover\5104.pgm,0,train
${BOSSBASE_ROOT}\stego\HILL\0.4bpp\stego\2649.pgm,1,train
${BOSSBASE_ROOT}\cover\6109.pgm,0,train
${BOSSBASE_ROOT}\cover\7687.pgm,0,train
${BOSSBASE_ROOT}\stego\HILL\0.4bpp\stego\8413.pgm,1,train
${BOSSBASE_ROOT}\stego\HILL\0.4bpp\stego\7330.pgm,1,train
${BOSSBASE_ROOT}\cover\367.pgm,0,train
${BOSSBASE_ROOT}\cover\8336.pgm,0,train
${BOSSBASE_ROOT}\cover\2480.pgm,0,train
${BOSSBASE_ROOT}\stego\HILL\0.4bpp\stego\6523.pgm,1,train
${BOSSBASE_ROOT}\stego\HILL\0.4bpp\stego\1490.pgm,1,train
${BOSSBASE_ROOT}\cover\6916.pgm,0,train
${BOSSBASE_ROOT}\stego\HILL\0.4bpp\stego\9038.pgm,1,train
${BOSSBASE_ROOT}\cover\5258.pgm,0,train
${BOSSBASE_ROOT}\cover\3137.pgm,0,train
${BOSSBASE_ROOT}\cover\1786.pgm,0,train
${BOSSBASE_ROOT}\cover\7319.pgm,0,train
${BOSSBASE_ROOT}\cover\7468.pgm,0,train
${BOSSBASE_ROOT}\cover\1677.pgm,0,train
${BOSSBASE_ROOT}\stego\HILL\0.4bpp\stego\7562.pgm,1,train
${BOSSBASE_ROOT}\stego\HILL\0.4bpp\stego\6383.pgm,1,train
${BOSSBASE_ROOT}\stego\HILL\0.4bpp\stego\8177.pgm,1,train
${BOSSBASE_ROOT}\cover\3414.pgm,0,train
${BOSSBASE_ROOT}\stego\HILL\0.4bpp\stego\5509.pgm,1,train
${BOSSBASE_ROOT}\stego\HILL\0.4bpp\stego\3061.pgm,1,train
${BOSSBASE_ROOT}\cover\2967.pgm,0,train
${BOSSBASE_ROOT}\stego\HILL\0.4bpp\stego\6204.pgm,1,train
${BOSSBASE_ROOT}\stego\HILL\0.4bpp\stego\4096.pgm,1,train
${BOSSBASE_ROOT}\stego\HILL\0.4bpp\stego\4442.pgm,1,train
${BOSSBASE_ROOT}\stego\HILL\0.4bpp\stego\953.pgm,1,train
${BOSSBASE_ROOT}\stego\HILL\0.4bpp\stego\3458.pgm,1,train
${BOSSBASE_ROOT}\stego\HILL\0.4bpp\stego\9310.pgm,1,train
${BOSSBASE_ROOT}\cover\1296.pgm,0,train
${BOSSBASE_ROOT}\cover\7072.pgm,0,train
${BOSSBASE_ROOT}\stego\HILL\0.4bpp\stego\2461.pgm,1,train
${BOSSBASE_ROOT}\stego\HILL\0.4bpp\stego\6390.pgm,1,train
${BOSSBASE_ROOT}\cover\5428.pgm,0,train
${BOSSBASE_ROOT}\stego\HILL\0.4bpp\stego\586.pgm,1,train
${BOSSBASE_ROOT}\cover\7173.pgm,0,train
${BOSSBASE_ROOT}\cover\757.pgm,0,train
${BOSSBASE_ROOT}\stego\HILL\0.4bpp\stego\2894.pgm,1,train
${BOSSBASE_ROOT}\cover\1715.pgm,0,train
${BOSSBASE_ROOT}\cover\2574.pgm,0,train
${BOSSBASE_ROOT}\stego\HILL\0.4bpp\stego\323.pgm,1,train
${BOSSBASE_ROOT}\cover\6896.pgm,0,train
${BOSSBASE_ROOT}\cover\2291.pgm,0,train
${BOSSBASE_ROOT}\stego\HILL\0.4bpp\stego\2526.pgm,1,train
${BOSSBASE_ROOT}\cover\2520.pgm,0,train
${BOSSBASE_ROOT}\cover\9004.pgm,0,train
${BOSSBASE_ROOT}\cover\8357.pgm,0,train
${BOSSBASE_ROOT}\cover\8790.pgm,0,train
${BOSSBASE_ROOT}\cover\1929.pgm,0,train
${BOSSBASE_ROOT}\stego\HILL\0.4bpp\stego\8785.pgm,1,train
${BOSSBASE_ROOT}\cover\3506.pgm,0,train
${BOSSBASE_ROOT}\stego\HILL\0.4bpp\stego\4041.pgm,1,train
${BOSSBASE_ROOT}\cover\904.pgm,0,train
${BOSSBASE_ROOT}\stego\HILL\0.4bpp\stego\80.pgm,1,train
${BOSSBASE_ROOT}\cover\7840.pgm,0,train
${BOSSBASE_ROOT}\stego\HILL\0.4bpp\stego\7644.pgm,1,train
${BOSSBASE_ROOT}\stego\HILL\0.4bpp\stego\996.pgm,1,train
${BOSSBASE_ROOT}\stego\HILL\0.4bpp\stego\1055.pgm,1,train
${BOSSBASE_ROOT}\cover\4253.pgm,0,train
${BOSSBASE_ROOT}\stego\HILL\0.4bpp\stego\7050.pgm,1,train
${BOSSBASE_ROOT}\stego\HILL\0.4bpp\stego\9938.pgm,1,train
${BOSSBASE_ROOT}\cover\3734.pgm,0,train
${BOSSBASE_ROOT}\stego\HILL\0.4bpp\stego\4543.pgm,1,train
${BOSSBASE_ROOT}\cover\4901.pgm,0,train
${BOSSBASE_ROOT}\stego\HILL\0.4bpp\stego\4738.pgm,1,train
${BOSSBASE_ROOT}\cover\186.pgm,0,train
${BOSSBASE_ROOT}\stego\HILL\0.4bpp\stego\5507.pgm,1,train
${BOSSBASE_ROOT}\cover\9833.pgm,0,train
${BOSSBASE_ROOT}\stego\HILL\0.4bpp\stego\8443.pgm,1,train
${BOSSBASE_ROOT}\cover\6803.pgm,0,train
${BOSSBASE_ROOT}\stego\HILL\0.4bpp\stego\4815.pgm,1,train
${BOSSBASE_ROOT}\stego\HILL\0.4bpp\stego\2590.pgm,1,train
${BOSSBASE_ROOT}\cover\5920.pgm,0,train
${BOSSBASE_ROOT}\stego\HILL\0.4bpp\stego\525.pgm,1,train
${BOSSBASE_ROOT}\cover\3853.pgm,0,train
${BOSSBASE_ROOT}\stego\HILL\0.4bpp\stego\1720.pgm,1,train
${BOSSBASE_ROOT}\stego\HILL\0.4bpp\stego\9553.pgm,1,train
${BOSSBASE_ROOT}\stego\HILL\0.4bpp\stego\1272.pgm,1,train
${BOSSBASE_ROOT}\cover\5532.pgm,0,train
${BOSSBASE_ROOT}\cover\9713.pgm,0,train
${BOSSBASE_ROOT}\stego\HILL\0.4bpp\stego\5495.pgm,1,train
${BOSSBASE_ROOT}\cover\1198.pgm,0,train
${BOSSBASE_ROOT}\cover\2358.pgm,0,train
${BOSSBASE_ROOT}\cover\2457.pgm,0,train
${BOSSBASE_ROOT}\cover\6838.pgm,0,train
${BOSSBASE_ROOT}\cover\7719.pgm,0,train
${BOSSBASE_ROOT}\cover\3262.pgm,0,train
${BOSSBASE_ROOT}\cover\8267.pgm,0,train
${BOSSBASE_ROOT}\stego\HILL\0.4bpp\stego\8135.pgm,1,train
${BOSSBASE_ROOT}\cover\2186.pgm,0,train
${BOSSBASE_ROOT}\stego\HILL\0.4bpp\stego\919.pgm,1,train
${BOSSBASE_ROOT}\cover\8161.pgm,0,train
${BOSSBASE_ROOT}\cover\8424.pgm,0,train
${BOSSBASE_ROOT}\stego\HILL\0.4bpp\stego\7386.pgm,1,train
${BOSSBASE_ROOT}\stego\HILL\0.4bpp\stego\3192.pgm,1,train
${BOSSBASE_ROOT}\stego\HILL\0.4bpp\stego\2779.pgm,1,train
${BOSSBASE_ROOT}\cover\34.pgm,0,train
${BOSSBASE_ROOT}\stego\HILL\0.4bpp\stego\9298.pgm,1,train
${BOSSBASE_ROOT}\stego\HILL\0.4bpp\stego\4691.pgm,1,train
${BOSSBASE_ROOT}\cover\3391.pgm,0,train
${BOSSBASE_ROOT}\stego\HILL\0.4bpp\stego\9979.pgm,1,train
${BOSSBASE_ROOT}\stego\HILL\0.4bpp\stego\3915.pgm,1,train
${BOSSBASE_ROOT}\cover\8700.pgm,0,train
${BOSSBASE_ROOT}\cover\7620.pgm,0,train
${BOSSBASE_ROOT}\stego\HILL\0.4bpp\stego\3701.pgm,1,train
${BOSSBASE_ROOT}\cover\7778.pgm,0,train
${BOSSBASE_ROOT}\stego\HILL\0.4bpp\stego\5925.pgm,1,train
${BOSSBASE_ROOT}\cover\2121.pgm,0,train
${BOSSBASE_ROOT}\stego\HILL\0.4bpp\stego\6092.pgm,1,train
${BOSSBASE_ROOT}\stego\HILL\0.4bpp\stego\1959.pgm,1,train
${BOSSBASE_ROOT}\cover\9788.pgm,0,train
${BOSSBASE_ROOT}\cover\6920.pgm,0,train
${BOSSBASE_ROOT}\stego\HILL\0.4bpp\stego\4549.pgm,1,train
${BOSSBASE_ROOT}\stego\HILL\0.4bpp\stego\4081.pgm,1,train
${BOSSBASE_ROOT}\stego\HILL\0.4bpp\stego\9444.pgm,1,train
${BOSSBASE_ROOT}\stego\HILL\0.4bpp\stego\2165.pgm,1,train
${BOSSBASE_ROOT}\cover\8523.pgm,0,train
${BOSSBASE_ROOT}\cover\8706.pgm,0,train
${BOSSBASE_ROOT}\stego\HILL\0.4bpp\stego\9737.pgm,1,train
${BOSSBASE_ROOT}\stego\HILL\0.4bpp\stego\9156.pgm,1,train
${BOSSBASE_ROOT}\stego\HILL\0.4bpp\stego\8411.pgm,1,train
${BOSSBASE_ROOT}\stego\HILL\0.4bpp\stego\2892.pgm,1,train
${BOSSBASE_ROOT}\cover\9695.pgm,0,train
${BOSSBASE_ROOT}\stego\HILL\0.4bpp\stego\2576.pgm,1,train
${BOSSBASE_ROOT}\stego\HILL\0.4bpp\stego\1680.pgm,1,train
${BOSSBASE_ROOT}\cover\6887.pgm,0,train
${BOSSBASE_ROOT}\stego\HILL\0.4bpp\stego\6386.pgm,1,train
${BOSSBASE_ROOT}\stego\HILL\0.4bpp\stego\7086.pgm,1,train
${BOSSBASE_ROOT}\stego\HILL\0.4bpp\stego\9010.pgm,1,train
${BOSSBASE_ROOT}\stego\HILL\0.4bpp\stego\6637.pgm,1,train
${BOSSBASE_ROOT}\stego\HILL\0.4bpp\stego\7727.pgm,1,train
${BOSSBASE_ROOT}\stego\HILL\0.4bpp\stego\1607.pgm,1,train
${BOSSBASE_ROOT}\cover\1440.pgm,0,train
${BOSSBASE_ROOT}\stego\HILL\0.4bpp\stego\8540.pgm,1,train
${BOSSBASE_ROOT}\cover\3306.pgm,0,train
${BOSSBASE_ROOT}\stego\HILL\0.4bpp\stego\2622.pgm,1,train
${BOSSBASE_ROOT}\stego\HILL\0.4bpp\stego\6758.pgm,1,train
${BOSSBASE_ROOT}\cover\1094.pgm,0,train
${BOSSBASE_ROOT}\cover\5895.pgm,0,train
${BOSSBASE_ROOT}\cover\2855.pgm,0,train
${BOSSBASE_ROOT}\cover\9175.pgm,0,train
${BOSSBASE_ROOT}\stego\HILL\0.4bpp\stego\8534.pgm,1,train
${BOSSBASE_ROOT}\stego\HILL\0.4bpp\stego\2558.pgm,1,train
${BOSSBASE_ROOT}\cover\7983.pgm,0,train
${BOSSBASE_ROOT}\cover\546.pgm,0,train
${BOSSBASE_ROOT}\stego\HILL\0.4bpp\stego\5497.pgm,1,train
${BOSSBASE_ROOT}\stego\HILL\0.4bpp\stego\5884.pgm,1,train
${BOSSBASE_ROOT}\cover\722.pgm,0,train
${BOSSBASE_ROOT}\stego\HILL\0.4bpp\stego\105.pgm,1,train
${BOSSBASE_ROOT}\cover\1804.pgm,0,train
${BOSSBASE_ROOT}\stego\HILL\0.4bpp\stego\4894.pgm,1,train
${BOSSBASE_ROOT}\stego\HILL\0.4bpp\stego\1770.pgm,1,train
${BOSSBASE_ROOT}\stego\HILL\0.4bpp\stego\9685.pgm,1,train
${BOSSBASE_ROOT}\cover\5175.pgm,0,train
${BOSSBASE_ROOT}\stego\HILL\0.4bpp\stego\6149.pgm,1,train
${BOSSBASE_ROOT}\cover\9507.pgm,0,train
${BOSSBASE_ROOT}\cover\2548.pgm,0,train
${BOSSBASE_ROOT}\cover\2118.pgm,0,train
${BOSSBASE_ROOT}\stego\HILL\0.4bpp\stego\4789.pgm,1,train
${BOSSBASE_ROOT}\stego\HILL\0.4bpp\stego\8845.pgm,1,train
${BOSSBASE_ROOT}\cover\7350.pgm,0,train
${BOSSBASE_ROOT}\stego\HILL\0.4bpp\stego\6335.pgm,1,train
${BOSSBASE_ROOT}\stego\HILL\0.4bpp\stego\6157.pgm,1,train
${BOSSBASE_ROOT}\cover\2254.pgm,0,train
${BOSSBASE_ROOT}\stego\HILL\0.4bpp\stego\6493.pgm,1,train
${BOSSBASE_ROOT}\cover\4549.pgm,0,train
${BOSSBASE_ROOT}\cover\6128.pgm,0,train
${BOSSBASE_ROOT}\cover\1568.pgm,0,train
${BOSSBASE_ROOT}\stego\HILL\0.4bpp\stego\1760.pgm,1,train
${BOSSBASE_ROOT}\stego\HILL\0.4bpp\stego\8950.pgm,1,train
${BOSSBASE_ROOT}\stego\HILL\0.4bpp\stego\2583.pgm,1,train
${BOSSBASE_ROOT}\cover\3590.pgm,0,train
${BOSSBASE_ROOT}\cover\520.pgm,0,train
${BOSSBASE_ROOT}\cover\7456.pgm,0,train
${BOSSBASE_ROOT}\stego\HILL\0.4bpp\stego\1983.pgm,1,train
${BOSSBASE_ROOT}\cover\7397.pgm,0,train
${BOSSBASE_ROOT}\cover\651.pgm,0,train
${BOSSBASE_ROOT}\stego\HILL\0.4bpp\stego\4005.pgm,1,train
${BOSSBASE_ROOT}\cover\2776.pgm,0,train
${BOSSBASE_ROOT}\cover\3944.pgm,0,train
${BOSSBASE_ROOT}\cover\1843.pgm,0,train
${BOSSBASE_ROOT}\stego\HILL\0.4bpp\stego\206.pgm,1,train
${BOSSBASE_ROOT}\cover\9714.pgm,0,train
${BOSSBASE_ROOT}\stego\HILL\0.4bpp\stego\2093.pgm,1,train
${BOSSBASE_ROOT}\stego\HILL\0.4bpp\stego\8738.pgm,1,train
${BOSSBASE_ROOT}\cover\2111.pgm,0,train
${BOSSBASE_ROOT}\stego\HILL\0.4bpp\stego\812.pgm,1,train
${BOSSBASE_ROOT}\cover\3108.pgm,0,train
${BOSSBASE_ROOT}\stego\HILL\0.4bpp\stego\3370.pgm,1,train
${BOSSBASE_ROOT}\stego\HILL\0.4bpp\stego\2874.pgm,1,train
${BOSSBASE_ROOT}\cover\5893.pgm,0,train
${BOSSBASE_ROOT}\cover\8297.pgm,0,train
${BOSSBASE_ROOT}\stego\HILL\0.4bpp\stego\1404.pgm,1,train
${BOSSBASE_ROOT}\stego\HILL\0.4bpp\stego\6317.pgm,1,train
${BOSSBASE_ROOT}\stego\HILL\0.4bpp\stego\7770.pgm,1,train
${BOSSBASE_ROOT}\cover\6212.pgm,0,train
${BOSSBASE_ROOT}\cover\1284.pgm,0,train
${BOSSBASE_ROOT}\stego\HILL\0.4bpp\stego\2960.pgm,1,train
${BOSSBASE_ROOT}\stego\HILL\0.4bpp\stego\9398.pgm,1,train
${BOSSBASE_ROOT}\cover\486.pgm,0,train
${BOSSBASE_ROOT}\stego\HILL\0.4bpp\stego\5717.pgm,1,train
${BOSSBASE_ROOT}\stego\HILL\0.4bpp\stego\7927.pgm,1,train
${BOSSBASE_ROOT}\cover\9691.pgm,0,train
${BOSSBASE_ROOT}\cover\9078.pgm,0,train
${BOSSBASE_ROOT}\stego\HILL\0.4bpp\stego\1304.pgm,1,train
${BOSSBASE_ROOT}\stego\HILL\0.4bpp\stego\5846.pgm,1,train
${BOSSBASE_ROOT}\stego\HILL\0.4bpp\stego\6207.pgm,1,train
${BOSSBASE_ROOT}\stego\HILL\0.4bpp\stego\8089.pgm,1,train
${BOSSBASE_ROOT}\cover\9804.pgm,0,train
${BOSSBASE_ROOT}\stego\HILL\0.4bpp\stego\640.pgm,1,train
${BOSSBASE_ROOT}\cover\232.pgm,0,train
${BOSSBASE_ROOT}\stego\HILL\0.4bpp\stego\4906.pgm,1,train
${BOSSBASE_ROOT}\stego\HILL\0.4bpp\stego\4443.pgm,1,train
${BOSSBASE_ROOT}\stego\HILL\0.4bpp\stego\3668.pgm,1,train
${BOSSBASE_ROOT}\cover\3354.pgm,0,train
${BOSSBASE_ROOT}\stego\HILL\0.4bpp\stego\314.pgm,1,train
${BOSSBASE_ROOT}\cover\2207.pgm,0,train
${BOSSBASE_ROOT}\stego\HILL\0.4bpp\stego\2050.pgm,1,train
${BOSSBASE_ROOT}\stego\HILL\0.4bpp\stego\7250.pgm,1,train
${BOSSBASE_ROOT}\cover\334.pgm,0,train
${BOSSBASE_ROOT}\cover\7632.pgm,0,train
${BOSSBASE_ROOT}\stego\HILL\0.4bpp\stego\7690.pgm,1,train
${BOSSBASE_ROOT}\cover\920.pgm,0,train
${BOSSBASE_ROOT}\cover\19.pgm,0,train
${BOSSBASE_ROOT}\cover\9889.pgm,0,train
${BOSSBASE_ROOT}\stego\HILL\0.4bpp\stego\874.pgm,1,train
${BOSSBASE_ROOT}\cover\2112.pgm,0,train
${BOSSBASE_ROOT}\stego\HILL\0.4bpp\stego\2465.pgm,1,train
${BOSSBASE_ROOT}\stego\HILL\0.4bpp\stego\9466.pgm,1,train
${BOSSBASE_ROOT}\cover\477.pgm,0,train
${BOSSBASE_ROOT}\stego\HILL\0.4bpp\stego\7494.pgm,1,train
${BOSSBASE_ROOT}\cover\2239.pgm,0,train
${BOSSBASE_ROOT}\cover\870.pgm,0,train
${BOSSBASE_ROOT}\stego\HILL\0.4bpp\stego\3311.pgm,1,train
${BOSSBASE_ROOT}\stego\HILL\0.4bpp\stego\5939.pgm,1,train
${BOSSBASE_ROOT}\stego\HILL\0.4bpp\stego\3616.pgm,1,train
${BOSSBASE_ROOT}\cover\9414.pgm,0,train
${BOSSBASE_ROOT}\stego\HILL\0.4bpp\stego\8885.pgm,1,train
${BOSSBASE_ROOT}\cover\3597.pgm,0,train
${BOSSBASE_ROOT}\stego\HILL\0.4bpp\stego\1419.pgm,1,train
${BOSSBASE_ROOT}\stego\HILL\0.4bpp\stego\6228.pgm,1,train
${BOSSBASE_ROOT}\stego\HILL\0.4bpp\stego\7476.pgm,1,train
${BOSSBASE_ROOT}\stego\HILL\0.4bpp\stego\8265.pgm,1,train
${BOSSBASE_ROOT}\stego\HILL\0.4bpp\stego\4001.pgm,1,train
${BOSSBASE_ROOT}\stego\HILL\0.4bpp\stego\2456.pgm,1,train
${BOSSBASE_ROOT}\stego\HILL\0.4bpp\stego\559.pgm,1,train
${BOSSBASE_ROOT}\stego\HILL\0.4bpp\stego\9666.pgm,1,train
${BOSSBASE_ROOT}\stego\HILL\0.4bpp\stego\8659.pgm,1,train
${BOSSBASE_ROOT}\stego\HILL\0.4bpp\stego\8925.pgm,1,train
${BOSSBASE_ROOT}\stego\HILL\0.4bpp\stego\7953.pgm,1,train
${BOSSBASE_ROOT}\cover\7711.pgm,0,train
${BOSSBASE_ROOT}\stego\HILL\0.4bpp\stego\6610.pgm,1,train
${BOSSBASE_ROOT}\cover\560.pgm,0,train
${BOSSBASE_ROOT}\stego\HILL\0.4bpp\stego\6338.pgm,1,train
${BOSSBASE_ROOT}\cover\9918.pgm,0,train
${BOSSBASE_ROOT}\stego\HILL\0.4bpp\stego\6322.pgm,1,train
${BOSSBASE_ROOT}\stego\HILL\0.4bpp\stego\9811.pgm,1,train
${BOSSBASE_ROOT}\cover\3588.pgm,0,train
${BOSSBASE_ROOT}\cover\6298.pgm,0,train
${BOSSBASE_ROOT}\stego\HILL\0.4bpp\stego\818.pgm,1,train
${BOSSBASE_ROOT}\cover\9920.pgm,0,train
${BOSSBASE_ROOT}\stego\HILL\0.4bpp\stego\1994.pgm,1,train
${BOSSBASE_ROOT}\cover\2811.pgm,0,train
${BOSSBASE_ROOT}\stego\HILL\0.4bpp\stego\1897.pgm,1,train
${BOSSBASE_ROOT}\cover\5492.pgm,0,train
${BOSSBASE_ROOT}\stego\HILL\0.4bpp\stego\36.pgm,1,train
${BOSSBASE_ROOT}\stego\HILL\0.4bpp\stego\756.pgm,1,train
${BOSSBASE_ROOT}\stego\HILL\0.4bpp\stego\8431.pgm,1,train
${BOSSBASE_ROOT}\stego\HILL\0.4bpp\stego\1841.pgm,1,train
${BOSSBASE_ROOT}\stego\HILL\0.4bpp\stego\2673.pgm,1,train
${BOSSBASE_ROOT}\stego\HILL\0.4bpp\stego\6396.pgm,1,train
${BOSSBASE_ROOT}\cover\3564.pgm,0,train
${BOSSBASE_ROOT}\cover\3570.pgm,0,train
${BOSSBASE_ROOT}\cover\1623.pgm,0,train
${BOSSBASE_ROOT}\stego\HILL\0.4bpp\stego\3388.pgm,1,train
${BOSSBASE_ROOT}\stego\HILL\0.4bpp\stego\1361.pgm,1,train
${BOSSBASE_ROOT}\stego\HILL\0.4bpp\stego\7272.pgm,1,train
${BOSSBASE_ROOT}\cover\9280.pgm,0,train
${BOSSBASE_ROOT}\cover\7409.pgm,0,train
${BOSSBASE_ROOT}\stego\HILL\0.4bpp\stego\6148.pgm,1,train
${BOSSBASE_ROOT}\cover\1589.pgm,0,train
${BOSSBASE_ROOT}\cover\4565.pgm,0,train
${BOSSBASE_ROOT}\cover\1253.pgm,0,train
${BOSSBASE_ROOT}\cover\4541.pgm,0,train
${BOSSBASE_ROOT}\stego\HILL\0.4bpp\stego\1352.pgm,1,train
${BOSSBASE_ROOT}\cover\1616.pgm,0,train
${BOSSBASE_ROOT}\stego\HILL\0.4bpp\stego\3952.pgm,1,train
${BOSSBASE_ROOT}\cover\8463.pgm,0,train
${BOSSBASE_ROOT}\stego\HILL\0.4bpp\stego\9966.pgm,1,train
${BOSSBASE_ROOT}\cover\8530.pgm,0,train
${BOSSBASE_ROOT}\cover\20.pgm,0,train
${BOSSBASE_ROOT}\stego\HILL\0.4bpp\stego\5239.pgm,1,train
${BOSSBASE_ROOT}\cover\8000.pgm,0,train
${BOSSBASE_ROOT}\stego\HILL\0.4bpp\stego\4416.pgm,1,train
${BOSSBASE_ROOT}\cover\1637.pgm,0,train
${BOSSBASE_ROOT}\cover\2297.pgm,0,train
${BOSSBASE_ROOT}\cover\5624.pgm,0,train
${BOSSBASE_ROOT}\stego\HILL\0.4bpp\stego\4782.pgm,1,train
${BOSSBASE_ROOT}\stego\HILL\0.4bpp\stego\5096.pgm,1,train
${BOSSBASE_ROOT}\cover\4097.pgm,0,train
${BOSSBASE_ROOT}\stego\HILL\0.4bpp\stego\7610.pgm,1,train
${BOSSBASE_ROOT}\cover\9236.pgm,0,train
${BOSSBASE_ROOT}\stego\HILL\0.4bpp\stego\8662.pgm,1,train
${BOSSBASE_ROOT}\stego\HILL\0.4bpp\stego\6506.pgm,1,train
${BOSSBASE_ROOT}\cover\4965.pgm,0,train
${BOSSBASE_ROOT}\cover\27.pgm,0,train
${BOSSBASE_ROOT}\stego\HILL\0.4bpp\stego\4301.pgm,1,train
${BOSSBASE_ROOT}\stego\HILL\0.4bpp\stego\3838.pgm,1,train
${BOSSBASE_ROOT}\stego\HILL\0.4bpp\stego\7627.pgm,1,train
${BOSSBASE_ROOT}\cover\8116.pgm,0,train
${BOSSBASE_ROOT}\cover\1973.pgm,0,train
${BOSSBASE_ROOT}\cover\1146.pgm,0,train
${BOSSBASE_ROOT}\cover\5199.pgm,0,train
${BOSSBASE_ROOT}\stego\HILL\0.4bpp\stego\8734.pgm,1,train
${BOSSBASE_ROOT}\cover\3544.pgm,0,train
${BOSSBASE_ROOT}\stego\HILL\0.4bpp\stego\4178.pgm,1,train
${BOSSBASE_ROOT}\cover\6467.pgm,0,train
${BOSSBASE_ROOT}\stego\HILL\0.4bpp\stego\3834.pgm,1,train
${BOSSBASE_ROOT}\cover\5846.pgm,0,train
${BOSSBASE_ROOT}\stego\HILL\0.4bpp\stego\6240.pgm,1,train
${BOSSBASE_ROOT}\stego\HILL\0.4bpp\stego\7151.pgm,1,train
${BOSSBASE_ROOT}\stego\HILL\0.4bpp\stego\9678.pgm,1,train
${BOSSBASE_ROOT}\stego\HILL\0.4bpp\stego\626.pgm,1,train
${BOSSBASE_ROOT}\stego\HILL\0.4bpp\stego\9478.pgm,1,train
${BOSSBASE_ROOT}\cover\5913.pgm,0,train
${BOSSBASE_ROOT}\cover\132.pgm,0,train
${BOSSBASE_ROOT}\cover\1045.pgm,0,train
${BOSSBASE_ROOT}\stego\HILL\0.4bpp\stego\3512.pgm,1,train
${BOSSBASE_ROOT}\cover\4375.pgm,0,train
${BOSSBASE_ROOT}\stego\HILL\0.4bpp\stego\5438.pgm,1,train
${BOSSBASE_ROOT}\stego\HILL\0.4bpp\stego\9276.pgm,1,train
${BOSSBASE_ROOT}\stego\HILL\0.4bpp\stego\9044.pgm,1,train
${BOSSBASE_ROOT}\stego\HILL\0.4bpp\stego\1837.pgm,1,train
${BOSSBASE_ROOT}\cover\8099.pgm,0,train
${BOSSBASE_ROOT}\stego\HILL\0.4bpp\stego\8247.pgm,1,train
${BOSSBASE_ROOT}\cover\4710.pgm,0,train
${BOSSBASE_ROOT}\cover\3567.pgm,0,train
${BOSSBASE_ROOT}\cover\6883.pgm,0,train
${BOSSBASE_ROOT}\stego\HILL\0.4bpp\stego\2102.pgm,1,train
${BOSSBASE_ROOT}\cover\2145.pgm,0,train
${BOSSBASE_ROOT}\stego\HILL\0.4bpp\stego\215.pgm,1,train
${BOSSBASE_ROOT}\stego\HILL\0.4bpp\stego\5857.pgm,1,train
${BOSSBASE_ROOT}\cover\9498.pgm,0,train
${BOSSBASE_ROOT}\cover\4951.pgm,0,train
${BOSSBASE_ROOT}\stego\HILL\0.4bpp\stego\2692.pgm,1,train
${BOSSBASE_ROOT}\stego\HILL\0.4bpp\stego\8746.pgm,1,train
${BOSSBASE_ROOT}\stego\HILL\0.4bpp\stego\3578.pgm,1,train
${BOSSBASE_ROOT}\stego\HILL\0.4bpp\stego\9259.pgm,1,train
${BOSSBASE_ROOT}\stego\HILL\0.4bpp\stego\1172.pgm,1,train
${BOSSBASE_ROOT}\cover\8231.pgm,0,train
${BOSSBASE_ROOT}\cover\8162.pgm,0,train
${BOSSBASE_ROOT}\cover\742.pgm,0,train
${BOSSBASE_ROOT}\stego\HILL\0.4bpp\stego\5883.pgm,1,train
${BOSSBASE_ROOT}\cover\3401.pgm,0,train
${BOSSBASE_ROOT}\stego\HILL\0.4bpp\stego\2858.pgm,1,train
${BOSSBASE_ROOT}\stego\HILL\0.4bpp\stego\2427.pgm,1,train
${BOSSBASE_ROOT}\cover\8653.pgm,0,train
${BOSSBASE_ROOT}\cover\5899.pgm,0,train
${BOSSBASE_ROOT}\stego\HILL\0.4bpp\stego\7728.pgm,1,train
${BOSSBASE_ROOT}\stego\HILL\0.4bpp\stego\9683.pgm,1,train
${BOSSBASE_ROOT}\cover\1842.pgm,0,train
${BOSSBASE_ROOT}\stego\HILL\0.4bpp\stego\9899.pgm,1,train
${BOSSBASE_ROOT}\cover\8948.pgm,0,train
${BOSSBASE_ROOT}\stego\HILL\0.4bpp\stego\8083.pgm,1,train
${BOSSBASE_ROOT}\stego\HILL\0.4bpp\stego\823.pgm,1,train
${BOSSBASE_ROOT}\cover\6301.pgm,0,train
${BOSSBASE_ROOT}\cover\5237.pgm,0,train
${BOSSBASE_ROOT}\stego\HILL\0.4bpp\stego\8302.pgm,1,train
${BOSSBASE_ROOT}\stego\HILL\0.4bpp\stego\5994.pgm,1,train
${BOSSBASE_ROOT}\stego\HILL\0.4bpp\stego\8524.pgm,1,train
${BOSSBASE_ROOT}\stego\HILL\0.4bpp\stego\6632.pgm,1,train
${BOSSBASE_ROOT}\cover\8460.pgm,0,train
${BOSSBASE_ROOT}\cover\1727.pgm,0,train
${BOSSBASE_ROOT}\stego\HILL\0.4bpp\stego\4091.pgm,1,train
${BOSSBASE_ROOT}\cover\5173.pgm,0,train
${BOSSBASE_ROOT}\stego\HILL\0.4bpp\stego\7202.pgm,1,train
${BOSSBASE_ROOT}\stego\HILL\0.4bpp\stego\7126.pgm,1,train
${BOSSBASE_ROOT}\cover\4646.pgm,0,train
${BOSSBASE_ROOT}\cover\1134.pgm,0,train
${BOSSBASE_ROOT}\stego\HILL\0.4bpp\stego\7203.pgm,1,train
${BOSSBASE_ROOT}\cover\8446.pgm,0,train
${BOSSBASE_ROOT}\cover\1876.pgm,0,train
${BOSSBASE_ROOT}\cover\2263.pgm,0,train
${BOSSBASE_ROOT}\stego\HILL\0.4bpp\stego\2159.pgm,1,train
${BOSSBASE_ROOT}\stego\HILL\0.4bpp\stego\4130.pgm,1,train
${BOSSBASE_ROOT}\cover\9140.pgm,0,train
${BOSSBASE_ROOT}\stego\HILL\0.4bpp\stego\907.pgm,1,train
${BOSSBASE_ROOT}\cover\6837.pgm,0,train
${BOSSBASE_ROOT}\stego\HILL\0.4bpp\stego\2379.pgm,1,train
${BOSSBASE_ROOT}\stego\HILL\0.4bpp\stego\6162.pgm,1,train
${BOSSBASE_ROOT}\stego\HILL\0.4bpp\stego\8811.pgm,1,train
${BOSSBASE_ROOT}\stego\HILL\0.4bpp\stego\3745.pgm,1,train
${BOSSBASE_ROOT}\cover\9455.pgm,0,train
${BOSSBASE_ROOT}\cover\9552.pgm,0,train
${BOSSBASE_ROOT}\cover\5808.pgm,0,train
${BOSSBASE_ROOT}\cover\7377.pgm,0,train
${BOSSBASE_ROOT}\stego\HILL\0.4bpp\stego\9463.pgm,1,train
${BOSSBASE_ROOT}\stego\HILL\0.4bpp\stego\2798.pgm,1,train
${BOSSBASE_ROOT}\stego\HILL\0.4bpp\stego\1914.pgm,1,train
${BOSSBASE_ROOT}\stego\HILL\0.4bpp\stego\2422.pgm,1,train
${BOSSBASE_ROOT}\cover\8475.pgm,0,train
${BOSSBASE_ROOT}\cover\9649.pgm,0,train
${BOSSBASE_ROOT}\cover\6430.pgm,0,train
${BOSSBASE_ROOT}\stego\HILL\0.4bpp\stego\9468.pgm,1,train
${BOSSBASE_ROOT}\cover\2644.pgm,0,train
${BOSSBASE_ROOT}\stego\HILL\0.4bpp\stego\4915.pgm,1,train
${BOSSBASE_ROOT}\cover\1858.pgm,0,train
${BOSSBASE_ROOT}\cover\1410.pgm,0,train
${BOSSBASE_ROOT}\cover\8717.pgm,0,train
${BOSSBASE_ROOT}\stego\HILL\0.4bpp\stego\9654.pgm,1,train
${BOSSBASE_ROOT}\cover\5211.pgm,0,train
${BOSSBASE_ROOT}\cover\4402.pgm,0,train
${BOSSBASE_ROOT}\cover\9039.pgm,0,train
${BOSSBASE_ROOT}\stego\HILL\0.4bpp\stego\5088.pgm,1,train
${BOSSBASE_ROOT}\stego\HILL\0.4bpp\stego\4660.pgm,1,train
${BOSSBASE_ROOT}\stego\HILL\0.4bpp\stego\4638.pgm,1,train
${BOSSBASE_ROOT}\cover\4299.pgm,0,train
${BOSSBASE_ROOT}\stego\HILL\0.4bpp\stego\1173.pgm,1,train
${BOSSBASE_ROOT}\stego\HILL\0.4bpp\stego\2534.pgm,1,train
${BOSSBASE_ROOT}\cover\9924.pgm,0,train
${BOSSBASE_ROOT}\cover\8321.pgm,0,train
${BOSSBASE_ROOT}\cover\6138.pgm,0,train
${BOSSBASE_ROOT}\stego\HILL\0.4bpp\stego\8544.pgm,1,train
${BOSSBASE_ROOT}\stego\HILL\0.4bpp\stego\5368.pgm,1,train
${BOSSBASE_ROOT}\cover\4640.pgm,0,train
${BOSSBASE_ROOT}\cover\9567.pgm,0,train
${BOSSBASE_ROOT}\stego\HILL\0.4bpp\stego\1231.pgm,1,train
${BOSSBASE_ROOT}\stego\HILL\0.4bpp\stego\6919.pgm,1,train
${BOSSBASE_ROOT}\cover\3260.pgm,0,train
${BOSSBASE_ROOT}\cover\6948.pgm,0,train
${BOSSBASE_ROOT}\cover\9382.pgm,0,train
${BOSSBASE_ROOT}\cover\11.pgm,0,train
${BOSSBASE_ROOT}\cover\9873.pgm,0,train
${BOSSBASE_ROOT}\stego\HILL\0.4bpp\stego\136.pgm,1,train
${BOSSBASE_ROOT}\stego\HILL\0.4bpp\stego\8391.pgm,1,train
${BOSSBASE_ROOT}\stego\HILL\0.4bpp\stego\3237.pgm,1,train
${BOSSBASE_ROOT}\cover\3295.pgm,0,train
${BOSSBASE_ROOT}\cover\7691.pgm,0,train
${BOSSBASE_ROOT}\stego\HILL\0.4bpp\stego\6534.pgm,1,train
${BOSSBASE_ROOT}\stego\HILL\0.4bpp\stego\7935.pgm,1,train
${BOSSBASE_ROOT}\stego\HILL\0.4bpp\stego\3874.pgm,1,train
${BOSSBASE_ROOT}\cover\3318.pgm,0,train
${BOSSBASE_ROOT}\cover\8410.pgm,0,train
${BOSSBASE_ROOT}\stego\HILL\0.4bpp\stego\9491.pgm,1,train
${BOSSBASE_ROOT}\cover\9850.pgm,0,train
${BOSSBASE_ROOT}\stego\HILL\0.4bpp\stego\9757.pgm,1,train
${BOSSBASE_ROOT}\stego\HILL\0.4bpp\stego\7744.pgm,1,train
${BOSSBASE_ROOT}\cover\5528.pgm,0,train
${BOSSBASE_ROOT}\stego\HILL\0.4bpp\stego\9413.pgm,1,train
${BOSSBASE_ROOT}\cover\1218.pgm,0,train
${BOSSBASE_ROOT}\stego\HILL\0.4bpp\stego\9380.pgm,1,train
${BOSSBASE_ROOT}\cover\3689.pgm,0,train
${BOSSBASE_ROOT}\stego\HILL\0.4bpp\stego\4689.pgm,1,train
${BOSSBASE_ROOT}\stego\HILL\0.4bpp\stego\4444.pgm,1,train
${BOSSBASE_ROOT}\stego\HILL\0.4bpp\stego\842.pgm,1,train
${BOSSBASE_ROOT}\cover\7045.pgm,0,train
${BOSSBASE_ROOT}\stego\HILL\0.4bpp\stego\1719.pgm,1,train
${BOSSBASE_ROOT}\cover\4820.pgm,0,train
${BOSSBASE_ROOT}\stego\HILL\0.4bpp\stego\5948.pgm,1,train
${BOSSBASE_ROOT}\stego\HILL\0.4bpp\stego\4400.pgm,1,train
${BOSSBASE_ROOT}\stego\HILL\0.4bpp\stego\4237.pgm,1,train
${BOSSBASE_ROOT}\stego\HILL\0.4bpp\stego\3416.pgm,1,train
${BOSSBASE_ROOT}\cover\403.pgm,0,train
${BOSSBASE_ROOT}\cover\3099.pgm,0,train
${BOSSBASE_ROOT}\stego\HILL\0.4bpp\stego\6217.pgm,1,train
${BOSSBASE_ROOT}\stego\HILL\0.4bpp\stego\2443.pgm,1,train
${BOSSBASE_ROOT}\stego\HILL\0.4bpp\stego\1556.pgm,1,train
${BOSSBASE_ROOT}\stego\HILL\0.4bpp\stego\7515.pgm,1,train
${BOSSBASE_ROOT}\stego\HILL\0.4bpp\stego\6529.pgm,1,train
${BOSSBASE_ROOT}\stego\HILL\0.4bpp\stego\4101.pgm,1,train
${BOSSBASE_ROOT}\cover\4357.pgm,0,train
${BOSSBASE_ROOT}\cover\6495.pgm,0,train
${BOSSBASE_ROOT}\stego\HILL\0.4bpp\stego\1879.pgm,1,train
${BOSSBASE_ROOT}\cover\4606.pgm,0,train
${BOSSBASE_ROOT}\stego\HILL\0.4bpp\stego\5773.pgm,1,train
${BOSSBASE_ROOT}\cover\8858.pgm,0,train
${BOSSBASE_ROOT}\cover\9462.pgm,0,train
${BOSSBASE_ROOT}\cover\8886.pgm,0,train
${BOSSBASE_ROOT}\cover\1965.pgm,0,train
${BOSSBASE_ROOT}\cover\4086.pgm,0,train
${BOSSBASE_ROOT}\stego\HILL\0.4bpp\stego\4217.pgm,1,train
${BOSSBASE_ROOT}\cover\5675.pgm,0,train
${BOSSBASE_ROOT}\stego\HILL\0.4bpp\stego\6505.pgm,1,train
${BOSSBASE_ROOT}\stego\HILL\0.4bpp\stego\4997.pgm,1,train
${BOSSBASE_ROOT}\stego\HILL\0.4bpp\stego\8010.pgm,1,train
${BOSSBASE_ROOT}\stego\HILL\0.4bpp\stego\2862.pgm,1,train
${BOSSBASE_ROOT}\cover\7994.pgm,0,train
${BOSSBASE_ROOT}\cover\4864.pgm,0,train
${BOSSBASE_ROOT}\stego\HILL\0.4bpp\stego\2034.pgm,1,train
${BOSSBASE_ROOT}\stego\HILL\0.4bpp\stego\3768.pgm,1,train
${BOSSBASE_ROOT}\cover\4395.pgm,0,train
${BOSSBASE_ROOT}\stego\HILL\0.4bpp\stego\5215.pgm,1,train
${BOSSBASE_ROOT}\cover\2322.pgm,0,train
${BOSSBASE_ROOT}\stego\HILL\0.4bpp\stego\307.pgm,1,train
${BOSSBASE_ROOT}\cover\2264.pgm,0,train
${BOSSBASE_ROOT}\stego\HILL\0.4bpp\stego\7169.pgm,1,train
${BOSSBASE_ROOT}\cover\3126.pgm,0,train
${BOSSBASE_ROOT}\cover\6002.pgm,0,train
${BOSSBASE_ROOT}\stego\HILL\0.4bpp\stego\9198.pgm,1,train
${BOSSBASE_ROOT}\stego\HILL\0.4bpp\stego\5877.pgm,1,train
${BOSSBASE_ROOT}\stego\HILL\0.4bpp\stego\9942.pgm,1,train
${BOSSBASE_ROOT}\stego\HILL\0.4bpp\stego\4110.pgm,1,train
${BOSSBASE_ROOT}\stego\HILL\0.4bpp\stego\8600.pgm,1,train
${BOSSBASE_ROOT}\cover\5881.pgm,0,train
${BOSSBASE_ROOT}\cover\2671.pgm,0,train
${BOSSBASE_ROOT}\cover\7563.pgm,0,train
${BOSSBASE_ROOT}\cover\4159.pgm,0,train
${BOSSBASE_ROOT}\stego\HILL\0.4bpp\stego\8837.pgm,1,train
${BOSSBASE_ROOT}\cover\2044.pgm,0,train
${BOSSBASE_ROOT}\stego\HILL\0.4bpp\stego\7759.pgm,1,train
${BOSSBASE_ROOT}\stego\HILL\0.4bpp\stego\5504.pgm,1,train
${BOSSBASE_ROOT}\cover\6582.pgm,0,train
${BOSSBASE_ROOT}\cover\4142.pgm,0,train
${BOSSBASE_ROOT}\stego\HILL\0.4bpp\stego\1525.pgm,1,train
${BOSSBASE_ROOT}\stego\HILL\0.4bpp\stego\4210.pgm,1,train
${BOSSBASE_ROOT}\cover\5160.pgm,0,train
${BOSSBASE_ROOT}\stego\HILL\0.4bpp\stego\5388.pgm,1,train
${BOSSBASE_ROOT}\stego\HILL\0.4bpp\stego\7519.pgm,1,train
${BOSSBASE_ROOT}\cover\1883.pgm,0,train
${BOSSBASE_ROOT}\stego\HILL\0.4bpp\stego\7443.pgm,1,train
${BOSSBASE_ROOT}\stego\HILL\0.4bpp\stego\5999.pgm,1,train
${BOSSBASE_ROOT}\stego\HILL\0.4bpp\stego\5615.pgm,1,train
${BOSSBASE_ROOT}\cover\6225.pgm,0,train
${BOSSBASE_ROOT}\stego\HILL\0.4bpp\stego\8791.pgm,1,train
${BOSSBASE_ROOT}\cover\5615.pgm,0,train
${BOSSBASE_ROOT}\stego\HILL\0.4bpp\stego\3062.pgm,1,train
${BOSSBASE_ROOT}\cover\6908.pgm,0,train
${BOSSBASE_ROOT}\cover\1316.pgm,0,train
${BOSSBASE_ROOT}\stego\HILL\0.4bpp\stego\9789.pgm,1,train
${BOSSBASE_ROOT}\cover\7868.pgm,0,train
${BOSSBASE_ROOT}\cover\9193.pgm,0,train
${BOSSBASE_ROOT}\cover\3865.pgm,0,train
${BOSSBASE_ROOT}\stego\HILL\0.4bpp\stego\2970.pgm,1,train
${BOSSBASE_ROOT}\stego\HILL\0.4bpp\stego\7458.pgm,1,train
${BOSSBASE_ROOT}\cover\8526.pgm,0,train
${BOSSBASE_ROOT}\stego\HILL\0.4bpp\stego\2826.pgm,1,train
${BOSSBASE_ROOT}\stego\HILL\0.4bpp\stego\262.pgm,1,train
${BOSSBASE_ROOT}\stego\HILL\0.4bpp\stego\2660.pgm,1,train
${BOSSBASE_ROOT}\stego\HILL\0.4bpp\stego\7908.pgm,1,train
${BOSSBASE_ROOT}\cover\2488.pgm,0,train
${BOSSBASE_ROOT}\cover\8.pgm,0,train
${BOSSBASE_ROOT}\cover\1083.pgm,0,train
${BOSSBASE_ROOT}\stego\HILL\0.4bpp\stego\2701.pgm,1,train
${BOSSBASE_ROOT}\stego\HILL\0.4bpp\stego\24.pgm,1,train
${BOSSBASE_ROOT}\cover\8035.pgm,0,train
${BOSSBASE_ROOT}\stego\HILL\0.4bpp\stego\4315.pgm,1,train
${BOSSBASE_ROOT}\stego\HILL\0.4bpp\stego\5756.pgm,1,train
${BOSSBASE_ROOT}\cover\7859.pgm,0,train
${BOSSBASE_ROOT}\stego\HILL\0.4bpp\stego\9822.pgm,1,train
${BOSSBASE_ROOT}\stego\HILL\0.4bpp\stego\7343.pgm,1,train
${BOSSBASE_ROOT}\cover\362.pgm,0,train
${BOSSBASE_ROOT}\cover\5600.pgm,0,train
${BOSSBASE_ROOT}\cover\4024.pgm,0,train
${BOSSBASE_ROOT}\stego\HILL\0.4bpp\stego\8478.pgm,1,train
${BOSSBASE_ROOT}\cover\7869.pgm,0,train
${BOSSBASE_ROOT}\stego\HILL\0.4bpp\stego\1412.pgm,1,train
${BOSSBASE_ROOT}\stego\HILL\0.4bpp\stego\5970.pgm,1,train
${BOSSBASE_ROOT}\cover\4581.pgm,0,train
${BOSSBASE_ROOT}\stego\HILL\0.4bpp\stego\8045.pgm,1,train
${BOSSBASE_ROOT}\stego\HILL\0.4bpp\stego\4512.pgm,1,train
${BOSSBASE_ROOT}\stego\HILL\0.4bpp\stego\7071.pgm,1,train
${BOSSBASE_ROOT}\stego\HILL\0.4bpp\stego\3632.pgm,1,train
${BOSSBASE_ROOT}\cover\9101.pgm,0,train
${BOSSBASE_ROOT}\stego\HILL\0.4bpp\stego\7469.pgm,1,train
${BOSSBASE_ROOT}\stego\HILL\0.4bpp\stego\2749.pgm,1,train
${BOSSBASE_ROOT}\cover\278.pgm,0,train
${BOSSBASE_ROOT}\cover\1494.pgm,0,train
${BOSSBASE_ROOT}\stego\HILL\0.4bpp\stego\1545.pgm,1,train
${BOSSBASE_ROOT}\cover\6675.pgm,0,train
${BOSSBASE_ROOT}\cover\8011.pgm,0,train
${BOSSBASE_ROOT}\cover\1322.pgm,0,train
${BOSSBASE_ROOT}\stego\HILL\0.4bpp\stego\6727.pgm,1,train
${BOSSBASE_ROOT}\cover\1927.pgm,0,train
${BOSSBASE_ROOT}\stego\HILL\0.4bpp\stego\6416.pgm,1,train
${BOSSBASE_ROOT}\stego\HILL\0.4bpp\stego\7857.pgm,1,train
${BOSSBASE_ROOT}\stego\HILL\0.4bpp\stego\9816.pgm,1,train
${BOSSBASE_ROOT}\cover\1695.pgm,0,train
${BOSSBASE_ROOT}\stego\HILL\0.4bpp\stego\9556.pgm,1,train
${BOSSBASE_ROOT}\stego\HILL\0.4bpp\stego\3255.pgm,1,train
${BOSSBASE_ROOT}\stego\HILL\0.4bpp\stego\2854.pgm,1,train
${BOSSBASE_ROOT}\cover\5962.pgm,0,train
${BOSSBASE_ROOT}\stego\HILL\0.4bpp\stego\510.pgm,1,train
${BOSSBASE_ROOT}\cover\3685.pgm,0,train
${BOSSBASE_ROOT}\stego\HILL\0.4bpp\stego\9712.pgm,1,train
${BOSSBASE_ROOT}\cover\5778.pgm,0,train
${BOSSBASE_ROOT}\stego\HILL\0.4bpp\stego\8364.pgm,1,train
${BOSSBASE_ROOT}\stego\HILL\0.4bpp\stego\7977.pgm,1,train
${BOSSBASE_ROOT}\stego\HILL\0.4bpp\stego\8615.pgm,1,train
${BOSSBASE_ROOT}\cover\2123.pgm,0,train
${BOSSBASE_ROOT}\cover\2670.pgm,0,train
${BOSSBASE_ROOT}\stego\HILL\0.4bpp\stego\6387.pgm,1,train
${BOSSBASE_ROOT}\stego\HILL\0.4bpp\stego\1868.pgm,1,train
${BOSSBASE_ROOT}\cover\6146.pgm,0,train
${BOSSBASE_ROOT}\cover\5166.pgm,0,train
${BOSSBASE_ROOT}\cover\5888.pgm,0,train
${BOSSBASE_ROOT}\stego\HILL\0.4bpp\stego\316.pgm,1,train
${BOSSBASE_ROOT}\stego\HILL\0.4bpp\stego\720.pgm,1,train
${BOSSBASE_ROOT}\cover\3244.pgm,0,train
${BOSSBASE_ROOT}\stego\HILL\0.4bpp\stego\9807.pgm,1,train
${BOSSBASE_ROOT}\stego\HILL\0.4bpp\stego\7932.pgm,1,train
${BOSSBASE_ROOT}\cover\5577.pgm,0,train
${BOSSBASE_ROOT}\stego\HILL\0.4bpp\stego\2476.pgm,1,train
${BOSSBASE_ROOT}\cover\3631.pgm,0,train
${BOSSBASE_ROOT}\stego\HILL\0.4bpp\stego\942.pgm,1,train
${BOSSBASE_ROOT}\stego\HILL\0.4bpp\stego\1786.pgm,1,train
${BOSSBASE_ROOT}\stego\HILL\0.4bpp\stego\4303.pgm,1,train
${BOSSBASE_ROOT}\cover\6407.pgm,0,train
${BOSSBASE_ROOT}\stego\HILL\0.4bpp\stego\2777.pgm,1,train
${BOSSBASE_ROOT}\stego\HILL\0.4bpp\stego\6957.pgm,1,train
${BOSSBASE_ROOT}\stego\HILL\0.4bpp\stego\3619.pgm,1,train
${BOSSBASE_ROOT}\cover\9632.pgm,0,train
${BOSSBASE_ROOT}\cover\2230.pgm,0,train
${BOSSBASE_ROOT}\cover\5140.pgm,0,train
${BOSSBASE_ROOT}\cover\7075.pgm,0,train
${BOSSBASE_ROOT}\cover\9980.pgm,0,train
${BOSSBASE_ROOT}\stego\HILL\0.4bpp\stego\6503.pgm,1,train
${BOSSBASE_ROOT}\stego\HILL\0.4bpp\stego\514.pgm,1,train
${BOSSBASE_ROOT}\cover\5389.pgm,0,train
${BOSSBASE_ROOT}\stego\HILL\0.4bpp\stego\89.pgm,1,train
${BOSSBASE_ROOT}\cover\2393.pgm,0,train
${BOSSBASE_ROOT}\cover\8695.pgm,0,train
${BOSSBASE_ROOT}\cover\807.pgm,0,train
${BOSSBASE_ROOT}\cover\5195.pgm,0,train
${BOSSBASE_ROOT}\cover\1976.pgm,0,train
${BOSSBASE_ROOT}\cover\6398.pgm,0,train
${BOSSBASE_ROOT}\stego\HILL\0.4bpp\stego\1999.pgm,1,train
${BOSSBASE_ROOT}\stego\HILL\0.4bpp\stego\847.pgm,1,train
${BOSSBASE_ROOT}\cover\2482.pgm,0,train
${BOSSBASE_ROOT}\stego\HILL\0.4bpp\stego\5277.pgm,1,train
${BOSSBASE_ROOT}\cover\1282.pgm,0,train
${BOSSBASE_ROOT}\cover\9896.pgm,0,train
${BOSSBASE_ROOT}\cover\9497.pgm,0,train
${BOSSBASE_ROOT}\cover\2740.pgm,0,train
${BOSSBASE_ROOT}\stego\HILL\0.4bpp\stego\3059.pgm,1,train
${BOSSBASE_ROOT}\stego\HILL\0.4bpp\stego\9275.pgm,1,train
${BOSSBASE_ROOT}\cover\9248.pgm,0,train
${BOSSBASE_ROOT}\cover\4616.pgm,0,train
${BOSSBASE_ROOT}\cover\1258.pgm,0,train
${BOSSBASE_ROOT}\stego\HILL\0.4bpp\stego\8912.pgm,1,train
${BOSSBASE_ROOT}\stego\HILL\0.4bpp\stego\9071.pgm,1,train
${BOSSBASE_ROOT}\cover\3081.pgm,0,train
${BOSSBASE_ROOT}\cover\8121.pgm,0,train
${BOSSBASE_ROOT}\cover\1327.pgm,0,train
${BOSSBASE_ROOT}\cover\6132.pgm,0,train
${BOSSBASE_ROOT}\cover\9591.pgm,0,train
${BOSSBASE_ROOT}\stego\HILL\0.4bpp\stego\9774.pgm,1,train
${BOSSBASE_ROOT}\stego\HILL\0.4bpp\stego\3968.pgm,1,train
${BOSSBASE_ROOT}\cover\3724.pgm,0,train
${BOSSBASE_ROOT}\cover\5.pgm,0,train
${BOSSBASE_ROOT}\stego\HILL\0.4bpp\stego\6544.pgm,1,train
${BOSSBASE_ROOT}\cover\7529.pgm,0,train
${BOSSBASE_ROOT}\cover\2286.pgm,0,train
${BOSSBASE_ROOT}\cover\5596.pgm,0,train
${BOSSBASE_ROOT}\stego\HILL\0.4bpp\stego\5585.pgm,1,train
${BOSSBASE_ROOT}\stego\HILL\0.4bpp\stego\7950.pgm,1,train
${BOSSBASE_ROOT}\cover\14.pgm,0,train
${BOSSBASE_ROOT}\cover\9329.pgm,0,train
${BOSSBASE_ROOT}\stego\HILL\0.4bpp\stego\1714.pgm,1,train
${BOSSBASE_ROOT}\cover\5386.pgm,0,train
${BOSSBASE_ROOT}\stego\HILL\0.4bpp\stego\819.pgm,1,train
${BOSSBASE_ROOT}\cover\6796.pgm,0,train
${BOSSBASE_ROOT}\cover\9930.pgm,0,train
${BOSSBASE_ROOT}\cover\4068.pgm,0,train
${BOSSBASE_ROOT}\stego\HILL\0.4bpp\stego\1942.pgm,1,train
${BOSSBASE_ROOT}\cover\4392.pgm,0,train
${BOSSBASE_ROOT}\stego\HILL\0.4bpp\stego\3612.pgm,1,train
${BOSSBASE_ROOT}\cover\2716.pgm,0,train
${BOSSBASE_ROOT}\stego\HILL\0.4bpp\stego\2447.pgm,1,train
${BOSSBASE_ROOT}\stego\HILL\0.4bpp\stego\3565.pgm,1,train
${BOSSBASE_ROOT}\stego\HILL\0.4bpp\stego\5378.pgm,1,train
${BOSSBASE_ROOT}\cover\5038.pgm,0,train
${BOSSBASE_ROOT}\stego\HILL\0.4bpp\stego\9421.pgm,1,train
${BOSSBASE_ROOT}\stego\HILL\0.4bpp\stego\3677.pgm,1,train
${BOSSBASE_ROOT}\cover\2634.pgm,0,train
${BOSSBASE_ROOT}\stego\HILL\0.4bpp\stego\4029.pgm,1,train
${BOSSBASE_ROOT}\cover\4732.pgm,0,train
${BOSSBASE_ROOT}\stego\HILL\0.4bpp\stego\8002.pgm,1,train
${BOSSBASE_ROOT}\stego\HILL\0.4bpp\stego\3654.pgm,1,train
${BOSSBASE_ROOT}\cover\4444.pgm,0,train
${BOSSBASE_ROOT}\stego\HILL\0.4bpp\stego\540.pgm,1,train
${BOSSBASE_ROOT}\cover\2951.pgm,0,train
${BOSSBASE_ROOT}\stego\HILL\0.4bpp\stego\1694.pgm,1,train
${BOSSBASE_ROOT}\stego\HILL\0.4bpp\stego\2431.pgm,1,train
${BOSSBASE_ROOT}\stego\HILL\0.4bpp\stego\9710.pgm,1,train
${BOSSBASE_ROOT}\cover\951.pgm,0,train
${BOSSBASE_ROOT}\cover\1243.pgm,0,train
${BOSSBASE_ROOT}\stego\HILL\0.4bpp\stego\7372.pgm,1,train
${BOSSBASE_ROOT}\cover\50.pgm,0,train
${BOSSBASE_ROOT}\stego\HILL\0.4bpp\stego\6345.pgm,1,train
${BOSSBASE_ROOT}\stego\HILL\0.4bpp\stego\3047.pgm,1,train
${BOSSBASE_ROOT}\stego\HILL\0.4bpp\stego\8553.pgm,1,train
${BOSSBASE_ROOT}\stego\HILL\0.4bpp\stego\1346.pgm,1,train
${BOSSBASE_ROOT}\cover\2905.pgm,0,train
${BOSSBASE_ROOT}\stego\HILL\0.4bpp\stego\1475.pgm,1,train
${BOSSBASE_ROOT}\stego\HILL\0.4bpp\stego\8703.pgm,1,train
${BOSSBASE_ROOT}\stego\HILL\0.4bpp\stego\9583.pgm,1,train
${BOSSBASE_ROOT}\cover\9946.pgm,0,train
${BOSSBASE_ROOT}\cover\1733.pgm,0,train
${BOSSBASE_ROOT}\stego\HILL\0.4bpp\stego\3870.pgm,1,train
${BOSSBASE_ROOT}\stego\HILL\0.4bpp\stego\6354.pgm,1,train
${BOSSBASE_ROOT}\cover\2381.pgm,0,train
${BOSSBASE_ROOT}\cover\7257.pgm,0,train
${BOSSBASE_ROOT}\cover\5631.pgm,0,train
${BOSSBASE_ROOT}\cover\6641.pgm,0,train
${BOSSBASE_ROOT}\cover\8559.pgm,0,train
${BOSSBASE_ROOT}\stego\HILL\0.4bpp\stego\5450.pgm,1,train
${BOSSBASE_ROOT}\cover\9513.pgm,0,train
${BOSSBASE_ROOT}\stego\HILL\0.4bpp\stego\7549.pgm,1,train
${BOSSBASE_ROOT}\stego\HILL\0.4bpp\stego\7301.pgm,1,train
${BOSSBASE_ROOT}\cover\9817.pgm,0,train
${BOSSBASE_ROOT}\stego\HILL\0.4bpp\stego\7844.pgm,1,train
${BOSSBASE_ROOT}\stego\HILL\0.4bpp\stego\1710.pgm,1,train
${BOSSBASE_ROOT}\stego\HILL\0.4bpp\stego\696.pgm,1,train
${BOSSBASE_ROOT}\stego\HILL\0.4bpp\stego\3533.pgm,1,train
${BOSSBASE_ROOT}\cover\6010.pgm,0,train
${BOSSBASE_ROOT}\cover\1263.pgm,0,train
${BOSSBASE_ROOT}\cover\2086.pgm,0,train
${BOSSBASE_ROOT}\cover\8779.pgm,0,train
${BOSSBASE_ROOT}\stego\HILL\0.4bpp\stego\2695.pgm,1,train
${BOSSBASE_ROOT}\cover\9364.pgm,0,train
${BOSSBASE_ROOT}\stego\HILL\0.4bpp\stego\3270.pgm,1,train
${BOSSBASE_ROOT}\stego\HILL\0.4bpp\stego\5741.pgm,1,train
${BOSSBASE_ROOT}\cover\9681.pgm,0,train
${BOSSBASE_ROOT}\stego\HILL\0.4bpp\stego\1685.pgm,1,train
${BOSSBASE_ROOT}\stego\HILL\0.4bpp\stego\1946.pgm,1,train
${BOSSBASE_ROOT}\cover\1212.pgm,0,train
${BOSSBASE_ROOT}\stego\HILL\0.4bpp\stego\7940.pgm,1,train
${BOSSBASE_ROOT}\cover\4680.pgm,0,train
${BOSSBASE_ROOT}\stego\HILL\0.4bpp\stego\9952.pgm,1,train
${BOSSBASE_ROOT}\stego\HILL\0.4bpp\stego\5799.pgm,1,train
${BOSSBASE_ROOT}\stego\HILL\0.4bpp\stego\3289.pgm,1,train
${BOSSBASE_ROOT}\stego\HILL\0.4bpp\stego\5312.pgm,1,train
${BOSSBASE_ROOT}\cover\8598.pgm,0,train
${BOSSBASE_ROOT}\stego\HILL\0.4bpp\stego\4313.pgm,1,train
${BOSSBASE_ROOT}\stego\HILL\0.4bpp\stego\5520.pgm,1,train
${BOSSBASE_ROOT}\cover\3110.pgm,0,train
${BOSSBASE_ROOT}\cover\7700.pgm,0,train
${BOSSBASE_ROOT}\stego\HILL\0.4bpp\stego\9343.pgm,1,train
${BOSSBASE_ROOT}\stego\HILL\0.4bpp\stego\1035.pgm,1,train
${BOSSBASE_ROOT}\stego\HILL\0.4bpp\stego\6151.pgm,1,train
${BOSSBASE_ROOT}\stego\HILL\0.4bpp\stego\708.pgm,1,train
${BOSSBASE_ROOT}\cover\7193.pgm,0,train
${BOSSBASE_ROOT}\cover\8102.pgm,0,train
${BOSSBASE_ROOT}\cover\746.pgm,0,train
${BOSSBASE_ROOT}\cover\3049.pgm,0,train
${BOSSBASE_ROOT}\cover\3014.pgm,0,train
${BOSSBASE_ROOT}\cover\3246.pgm,0,train
${BOSSBASE_ROOT}\stego\HILL\0.4bpp\stego\2819.pgm,1,train
${BOSSBASE_ROOT}\stego\HILL\0.4bpp\stego\2208.pgm,1,train
${BOSSBASE_ROOT}\stego\HILL\0.4bpp\stego\7943.pgm,1,train
${BOSSBASE_ROOT}\stego\HILL\0.4bpp\stego\7235.pgm,1,train
${BOSSBASE_ROOT}\stego\HILL\0.4bpp\stego\8737.pgm,1,train
${BOSSBASE_ROOT}\cover\4201.pgm,0,train
${BOSSBASE_ROOT}\cover\2396.pgm,0,train
${BOSSBASE_ROOT}\stego\HILL\0.4bpp\stego\9332.pgm,1,train
${BOSSBASE_ROOT}\stego\HILL\0.4bpp\stego\7097.pgm,1,train
${BOSSBASE_ROOT}\cover\1187.pgm,0,train
${BOSSBASE_ROOT}\stego\HILL\0.4bpp\stego\8344.pgm,1,train
${BOSSBASE_ROOT}\stego\HILL\0.4bpp\stego\2233.pgm,1,train
${BOSSBASE_ROOT}\cover\6494.pgm,0,train
${BOSSBASE_ROOT}\cover\7254.pgm,0,train
${BOSSBASE_ROOT}\stego\HILL\0.4bpp\stego\8685.pgm,1,train
${BOSSBASE_ROOT}\cover\1827.pgm,0,train
${BOSSBASE_ROOT}\stego\HILL\0.4bpp\stego\1246.pgm,1,train
${BOSSBASE_ROOT}\cover\1869.pgm,0,train
${BOSSBASE_ROOT}\cover\1014.pgm,0,train
${BOSSBASE_ROOT}\cover\1303.pgm,0,train
${BOSSBASE_ROOT}\cover\6435.pgm,0,train
${BOSSBASE_ROOT}\cover\8562.pgm,0,train
${BOSSBASE_ROOT}\stego\HILL\0.4bpp\stego\7214.pgm,1,train
${BOSSBASE_ROOT}\stego\HILL\0.4bpp\stego\9312.pgm,1,train
${BOSSBASE_ROOT}\cover\6858.pgm,0,train
${BOSSBASE_ROOT}\cover\7174.pgm,0,train
${BOSSBASE_ROOT}\stego\HILL\0.4bpp\stego\6451.pgm,1,train
${BOSSBASE_ROOT}\stego\HILL\0.4bpp\stego\4736.pgm,1,train
${BOSSBASE_ROOT}\stego\HILL\0.4bpp\stego\800.pgm,1,train
${BOSSBASE_ROOT}\cover\580.pgm,0,train
${BOSSBASE_ROOT}\stego\HILL\0.4bpp\stego\7077.pgm,1,train
${BOSSBASE_ROOT}\cover\1801.pgm,0,train
${BOSSBASE_ROOT}\stego\HILL\0.4bpp\stego\7694.pgm,1,train
${BOSSBASE_ROOT}\stego\HILL\0.4bpp\stego\9506.pgm,1,train
${BOSSBASE_ROOT}\cover\6813.pgm,0,train
${BOSSBASE_ROOT}\cover\2526.pgm,0,train
${BOSSBASE_ROOT}\stego\HILL\0.4bpp\stego\7486.pgm,1,train
${BOSSBASE_ROOT}\stego\HILL\0.4bpp\stego\7533.pgm,1,train
${BOSSBASE_ROOT}\cover\4203.pgm,0,train
${BOSSBASE_ROOT}\cover\2108.pgm,0,train
${BOSSBASE_ROOT}\cover\1368.pgm,0,train
${BOSSBASE_ROOT}\cover\5412.pgm,0,train
${BOSSBASE_ROOT}\cover\7314.pgm,0,train
${BOSSBASE_ROOT}\cover\8230.pgm,0,train
${BOSSBASE_ROOT}\stego\HILL\0.4bpp\stego\2211.pgm,1,train
${BOSSBASE_ROOT}\stego\HILL\0.4bpp\stego\8806.pgm,1,train
${BOSSBASE_ROOT}\stego\HILL\0.4bpp\stego\3990.pgm,1,train
${BOSSBASE_ROOT}\stego\HILL\0.4bpp\stego\9002.pgm,1,train
${BOSSBASE_ROOT}\cover\7049.pgm,0,train
${BOSSBASE_ROOT}\cover\4927.pgm,0,train
${BOSSBASE_ROOT}\stego\HILL\0.4bpp\stego\7979.pgm,1,train
${BOSSBASE_ROOT}\stego\HILL\0.4bpp\stego\8254.pgm,1,train
${BOSSBASE_ROOT}\stego\HILL\0.4bpp\stego\2249.pgm,1,train
${BOSSBASE_ROOT}\cover\2006.pgm,0,train
${BOSSBASE_ROOT}\cover\3312.pgm,0,train
${BOSSBASE_ROOT}\stego\HILL\0.4bpp\stego\4656.pgm,1,train
${BOSSBASE_ROOT}\stego\HILL\0.4bpp\stego\7993.pgm,1,train
${BOSSBASE_ROOT}\stego\HILL\0.4bpp\stego\2543.pgm,1,train
${BOSSBASE_ROOT}\cover\4206.pgm,0,train
${BOSSBASE_ROOT}\cover\910.pgm,0,train
${BOSSBASE_ROOT}\stego\HILL\0.4bpp\stego\8283.pgm,1,train
${BOSSBASE_ROOT}\stego\HILL\0.4bpp\stego\7333.pgm,1,train
${BOSSBASE_ROOT}\stego\HILL\0.4bpp\stego\6010.pgm,1,train
${BOSSBASE_ROOT}\cover\4545.pgm,0,train
${BOSSBASE_ROOT}\stego\HILL\0.4bpp\stego\1463.pgm,1,train
${BOSSBASE_ROOT}\stego\HILL\0.4bpp\stego\8573.pgm,1,train
${BOSSBASE_ROOT}\cover\8898.pgm,0,train
${BOSSBASE_ROOT}\cover\1043.pgm,0,train
${BOSSBASE_ROOT}\stego\HILL\0.4bpp\stego\4145.pgm,1,train
${BOSSBASE_ROOT}\cover\3711.pgm,0,train
${BOSSBASE_ROOT}\cover\645.pgm,0,train
${BOSSBASE_ROOT}\cover\6592.pgm,0,train
${BOSSBASE_ROOT}\cover\9600.pgm,0,train
${BOSSBASE_ROOT}\cover\5498.pgm,0,train
${BOSSBASE_ROOT}\stego\HILL\0.4bpp\stego\1001.pgm,1,train
${BOSSBASE_ROOT}\cover\8496.pgm,0,train
${BOSSBASE_ROOT}\cover\2569.pgm,0,train
${BOSSBASE_ROOT}\stego\HILL\0.4bpp\stego\6262.pgm,1,train
${BOSSBASE_ROOT}\cover\4528.pgm,0,train
${BOSSBASE_ROOT}\cover\8636.pgm,0,train
${BOSSBASE_ROOT}\cover\4456.pgm,0,train
${BOSSBASE_ROOT}\cover\2320.pgm,0,train
${BOSSBASE_ROOT}\stego\HILL\0.4bpp\stego\8224.pgm,1,train
${BOSSBASE_ROOT}\cover\4183.pgm,0,train
${BOSSBASE_ROOT}\cover\9845.pgm,0,train
${BOSSBASE_ROOT}\stego\HILL\0.4bpp\stego\5872.pgm,1,train
${BOSSBASE_ROOT}\cover\6663.pgm,0,train
${BOSSBASE_ROOT}\cover\6720.pgm,0,train
${BOSSBASE_ROOT}\cover\8467.pgm,0,train
${BOSSBASE_ROOT}\stego\HILL\0.4bpp\stego\6482.pgm,1,train
${BOSSBASE_ROOT}\stego\HILL\0.4bpp\stego\7649.pgm,1,train
${BOSSBASE_ROOT}\cover\9986.pgm,0,train
${BOSSBASE_ROOT}\stego\HILL\0.4bpp\stego\3743.pgm,1,train
${BOSSBASE_ROOT}\cover\5661.pgm,0,train
${BOSSBASE_ROOT}\cover\1434.pgm,0,train
${BOSSBASE_ROOT}\stego\HILL\0.4bpp\stego\6353.pgm,1,train
${BOSSBASE_ROOT}\stego\HILL\0.4bpp\stego\4881.pgm,1,train
${BOSSBASE_ROOT}\cover\7741.pgm,0,train
${BOSSBASE_ROOT}\stego\HILL\0.4bpp\stego\6256.pgm,1,train
${BOSSBASE_ROOT}\cover\2361.pgm,0,train
${BOSSBASE_ROOT}\stego\HILL\0.4bpp\stego\2006.pgm,1,train
${BOSSBASE_ROOT}\cover\2606.pgm,0,train
${BOSSBASE_ROOT}\stego\HILL\0.4bpp\stego\7870.pgm,1,train
${BOSSBASE_ROOT}\cover\2794.pgm,0,train
${BOSSBASE_ROOT}\cover\2863.pgm,0,train
${BOSSBASE_ROOT}\cover\418.pgm,0,train
${BOSSBASE_ROOT}\cover\6821.pgm,0,train
${BOSSBASE_ROOT}\cover\5666.pgm,0,train
${BOSSBASE_ROOT}\stego\HILL\0.4bpp\stego\1142.pgm,1,train
${BOSSBASE_ROOT}\stego\HILL\0.4bpp\stego\4334.pgm,1,train
${BOSSBASE_ROOT}\cover\9439.pgm,0,train
${BOSSBASE_ROOT}\stego\HILL\0.4bpp\stego\6107.pgm,1,train
${BOSSBASE_ROOT}\cover\1507.pgm,0,train
${BOSSBASE_ROOT}\stego\HILL\0.4bpp\stego\2898.pgm,1,train
${BOSSBASE_ROOT}\stego\HILL\0.4bpp\stego\9410.pgm,1,train
${BOSSBASE_ROOT}\stego\HILL\0.4bpp\stego\3208.pgm,1,train
${BOSSBASE_ROOT}\cover\9107.pgm,0,train
${BOSSBASE_ROOT}\stego\HILL\0.4bpp\stego\6103.pgm,1,train
${BOSSBASE_ROOT}\stego\HILL\0.4bpp\stego\6859.pgm,1,train
${BOSSBASE_ROOT}\stego\HILL\0.4bpp\stego\8689.pgm,1,train
${BOSSBASE_ROOT}\stego\HILL\0.4bpp\stego\6293.pgm,1,train
${BOSSBASE_ROOT}\stego\HILL\0.4bpp\stego\9721.pgm,1,train
${BOSSBASE_ROOT}\stego\HILL\0.4bpp\stego\9087.pgm,1,train
${BOSSBASE_ROOT}\stego\HILL\0.4bpp\stego\5445.pgm,1,train
${BOSSBASE_ROOT}\stego\HILL\0.4bpp\stego\5040.pgm,1,train
${BOSSBASE_ROOT}\stego\HILL\0.4bpp\stego\4625.pgm,1,train
${BOSSBASE_ROOT}\cover\6584.pgm,0,train
${BOSSBASE_ROOT}\stego\HILL\0.4bpp\stego\2200.pgm,1,train
${BOSSBASE_ROOT}\cover\9729.pgm,0,train
${BOSSBASE_ROOT}\stego\HILL\0.4bpp\stego\7634.pgm,1,train
${BOSSBASE_ROOT}\cover\6561.pgm,0,train
${BOSSBASE_ROOT}\cover\1665.pgm,0,train
${BOSSBASE_ROOT}\cover\8031.pgm,0,train
${BOSSBASE_ROOT}\cover\6986.pgm,0,train
${BOSSBASE_ROOT}\stego\HILL\0.4bpp\stego\7592.pgm,1,train
${BOSSBASE_ROOT}\cover\2127.pgm,0,train
${BOSSBASE_ROOT}\cover\2346.pgm,0,train
${BOSSBASE_ROOT}\cover\6909.pgm,0,train
${BOSSBASE_ROOT}\cover\1016.pgm,0,train
${BOSSBASE_ROOT}\stego\HILL\0.4bpp\stego\2584.pgm,1,train
${BOSSBASE_ROOT}\cover\3111.pgm,0,train
${BOSSBASE_ROOT}\cover\8393.pgm,0,train
${BOSSBASE_ROOT}\stego\HILL\0.4bpp\stego\573.pgm,1,train
${BOSSBASE_ROOT}\stego\HILL\0.4bpp\stego\8047.pgm,1,train
${BOSSBASE_ROOT}\stego\HILL\0.4bpp\stego\4902.pgm,1,train
${BOSSBASE_ROOT}\stego\HILL\0.4bpp\stego\1131.pgm,1,train
${BOSSBASE_ROOT}\stego\HILL\0.4bpp\stego\3597.pgm,1,train
${BOSSBASE_ROOT}\stego\HILL\0.4bpp\stego\738.pgm,1,train
${BOSSBASE_ROOT}\cover\4257.pgm,0,train
${BOSSBASE_ROOT}\cover\2901.pgm,0,train
${BOSSBASE_ROOT}\cover\3015.pgm,0,train
${BOSSBASE_ROOT}\cover\6445.pgm,0,train
${BOSSBASE_ROOT}\cover\3681.pgm,0,train
${BOSSBASE_ROOT}\stego\HILL\0.4bpp\stego\9513.pgm,1,train
${BOSSBASE_ROOT}\stego\HILL\0.4bpp\stego\840.pgm,1,train
${BOSSBASE_ROOT}\cover\9698.pgm,0,train
${BOSSBASE_ROOT}\stego\HILL\0.4bpp\stego\283.pgm,1,train
${BOSSBASE_ROOT}\stego\HILL\0.4bpp\stego\7666.pgm,1,train
${BOSSBASE_ROOT}\stego\HILL\0.4bpp\stego\2117.pgm,1,train
${BOSSBASE_ROOT}\cover\5020.pgm,0,train
${BOSSBASE_ROOT}\cover\1299.pgm,0,train
${BOSSBASE_ROOT}\stego\HILL\0.4bpp\stego\8574.pgm,1,train
${BOSSBASE_ROOT}\cover\499.pgm,0,train
${BOSSBASE_ROOT}\stego\HILL\0.4bpp\stego\8543.pgm,1,train
${BOSSBASE_ROOT}\stego\HILL\0.4bpp\stego\9734.pgm,1,train
${BOSSBASE_ROOT}\stego\HILL\0.4bpp\stego\1614.pgm,1,train
${BOSSBASE_ROOT}\stego\HILL\0.4bpp\stego\4175.pgm,1,train
${BOSSBASE_ROOT}\stego\HILL\0.4bpp\stego\7677.pgm,1,train
${BOSSBASE_ROOT}\stego\HILL\0.4bpp\stego\7888.pgm,1,train
${BOSSBASE_ROOT}\cover\4019.pgm,0,train
${BOSSBASE_ROOT}\cover\9821.pgm,0,train
${BOSSBASE_ROOT}\stego\HILL\0.4bpp\stego\3576.pgm,1,train
${BOSSBASE_ROOT}\stego\HILL\0.4bpp\stego\9562.pgm,1,train
${BOSSBASE_ROOT}\cover\6216.pgm,0,train
${BOSSBASE_ROOT}\cover\9488.pgm,0,train
${BOSSBASE_ROOT}\cover\150.pgm,0,train
${BOSSBASE_ROOT}\cover\8239.pgm,0,train
${BOSSBASE_ROOT}\cover\6868.pgm,0,train
${BOSSBASE_ROOT}\cover\9319.pgm,0,train
${BOSSBASE_ROOT}\stego\HILL\0.4bpp\stego\2870.pgm,1,train
${BOSSBASE_ROOT}\cover\5468.pgm,0,train
${BOSSBASE_ROOT}\stego\HILL\0.4bpp\stego\6319.pgm,1,train
${BOSSBASE_ROOT}\stego\HILL\0.4bpp\stego\4105.pgm,1,train
${BOSSBASE_ROOT}\stego\HILL\0.4bpp\stego\8800.pgm,1,train
${BOSSBASE_ROOT}\cover\6590.pgm,0,train
${BOSSBASE_ROOT}\stego\HILL\0.4bpp\stego\584.pgm,1,train
${BOSSBASE_ROOT}\stego\HILL\0.4bpp\stego\7960.pgm,1,train
${BOSSBASE_ROOT}\cover\3991.pgm,0,train
${BOSSBASE_ROOT}\cover\8537.pgm,0,train
${BOSSBASE_ROOT}\stego\HILL\0.4bpp\stego\1764.pgm,1,train
${BOSSBASE_ROOT}\cover\3679.pgm,0,train
${BOSSBASE_ROOT}\cover\4328.pgm,0,train
${BOSSBASE_ROOT}\stego\HILL\0.4bpp\stego\2802.pgm,1,train
${BOSSBASE_ROOT}\stego\HILL\0.4bpp\stego\4002.pgm,1,train
${BOSSBASE_ROOT}\cover\3823.pgm,0,train
${BOSSBASE_ROOT}\stego\HILL\0.4bpp\stego\7149.pgm,1,train
${BOSSBASE_ROOT}\stego\HILL\0.4bpp\stego\5942.pgm,1,train
${BOSSBASE_ROOT}\stego\HILL\0.4bpp\stego\770.pgm,1,train
${BOSSBASE_ROOT}\cover\6486.pgm,0,train
${BOSSBASE_ROOT}\cover\9381.pgm,0,train
${BOSSBASE_ROOT}\cover\525.pgm,0,train
${BOSSBASE_ROOT}\stego\HILL\0.4bpp\stego\2218.pgm,1,train
${BOSSBASE_ROOT}\cover\8874.pgm,0,train
${BOSSBASE_ROOT}\cover\2678.pgm,0,train
${BOSSBASE_ROOT}\stego\HILL\0.4bpp\stego\6277.pgm,1,train
${BOSSBASE_ROOT}\stego\HILL\0.4bpp\stego\5486.pgm,1,train
${BOSSBASE_ROOT}\cover\2370.pgm,0,train
${BOSSBASE_ROOT}\stego\HILL\0.4bpp\stego\8612.pgm,1,train
${BOSSBASE_ROOT}\cover\1109.pgm,0,train
${BOSSBASE_ROOT}\cover\495.pgm,0,train
${BOSSBASE_ROOT}\stego\HILL\0.4bpp\stego\5236.pgm,1,train
${BOSSBASE_ROOT}\stego\HILL\0.4bpp\stego\4409.pgm,1,train
${BOSSBASE_ROOT}\cover\9558.pgm,0,train
${BOSSBASE_ROOT}\cover\9766.pgm,0,train
${BOSSBASE_ROOT}\cover\1127.pgm,0,train
${BOSSBASE_ROOT}\stego\HILL\0.4bpp\stego\2128.pgm,1,train
${BOSSBASE_ROOT}\cover\1969.pgm,0,train
${BOSSBASE_ROOT}\stego\HILL\0.4bpp\stego\9896.pgm,1,train
${BOSSBASE_ROOT}\stego\HILL\0.4bpp\stego\1504.pgm,1,train
${BOSSBASE_ROOT}\cover\3601.pgm,0,train
${BOSSBASE_ROOT}\cover\7626.pgm,0,train
${BOSSBASE_ROOT}\stego\HILL\0.4bpp\stego\2822.pgm,1,train
${BOSSBASE_ROOT}\stego\HILL\0.4bpp\stego\3284.pgm,1,train
${BOSSBASE_ROOT}\cover\1203.pgm,0,train
${BOSSBASE_ROOT}\stego\HILL\0.4bpp\stego\4618.pgm,1,train
${BOSSBASE_ROOT}\cover\8139.pgm,0,train
${BOSSBASE_ROOT}\stego\HILL\0.4bpp\stego\8709.pgm,1,train
${BOSSBASE_ROOT}\cover\7589.pgm,0,train
${BOSSBASE_ROOT}\stego\HILL\0.4bpp\stego\7922.pgm,1,train
${BOSSBASE_ROOT}\stego\HILL\0.4bpp\stego\2044.pgm,1,train
${BOSSBASE_ROOT}\stego\HILL\0.4bpp\stego\3692.pgm,1,train
${BOSSBASE_ROOT}\stego\HILL\0.4bpp\stego\5094.pgm,1,train
${BOSSBASE_ROOT}\cover\6805.pgm,0,train
${BOSSBASE_ROOT}\cover\3801.pgm,0,train
${BOSSBASE_ROOT}\stego\HILL\0.4bpp\stego\5278.pgm,1,train
${BOSSBASE_ROOT}\cover\1288.pgm,0,train
${BOSSBASE_ROOT}\cover\18.pgm,0,train
${BOSSBASE_ROOT}\cover\9894.pgm,0,train
${BOSSBASE_ROOT}\stego\HILL\0.4bpp\stego\5052.pgm,1,train
${BOSSBASE_ROOT}\cover\5618.pgm,0,train
${BOSSBASE_ROOT}\cover\8472.pgm,0,train
${BOSSBASE_ROOT}\cover\878.pgm,0,train
${BOSSBASE_ROOT}\cover\6503.pgm,0,train
${BOSSBASE_ROOT}\stego\HILL\0.4bpp\stego\4788.pgm,1,train
${BOSSBASE_ROOT}\stego\HILL\0.4bpp\stego\5915.pgm,1,train
${BOSSBASE_ROOT}\cover\1370.pgm,0,train
${BOSSBASE_ROOT}\cover\1437.pgm,0,train
${BOSSBASE_ROOT}\cover\7093.pgm,0,train
${BOSSBASE_ROOT}\cover\3882.pgm,0,train
${BOSSBASE_ROOT}\cover\2321.pgm,0,train
${BOSSBASE_ROOT}\cover\4121.pgm,0,train
${BOSSBASE_ROOT}\cover\6744.pgm,0,train
${BOSSBASE_ROOT}\cover\8263.pgm,0,train
${BOSSBASE_ROOT}\cover\1387.pgm,0,train
${BOSSBASE_ROOT}\stego\HILL\0.4bpp\stego\7504.pgm,1,train
${BOSSBASE_ROOT}\cover\2551.pgm,0,train
${BOSSBASE_ROOT}\cover\4903.pgm,0,train
${BOSSBASE_ROOT}\cover\5734.pgm,0,train
${BOSSBASE_ROOT}\cover\5530.pgm,0,train
${BOSSBASE_ROOT}\stego\HILL\0.4bpp\stego\6282.pgm,1,train
${BOSSBASE_ROOT}\cover\4559.pgm,0,train
${BOSSBASE_ROOT}\stego\HILL\0.4bpp\stego\6129.pgm,1,train
${BOSSBASE_ROOT}\cover\3949.pgm,0,train
${BOSSBASE_ROOT}\cover\2491.pgm,0,train
${BOSSBASE_ROOT}\cover\5334.pgm,0,train
${BOSSBASE_ROOT}\cover\5945.pgm,0,train
${BOSSBASE_ROOT}\cover\6377.pgm,0,train
${BOSSBASE_ROOT}\cover\8727.pgm,0,train
${BOSSBASE_ROOT}\stego\HILL\0.4bpp\stego\932.pgm,1,train
${BOSSBASE_ROOT}\cover\7055.pgm,0,train
${BOSSBASE_ROOT}\stego\HILL\0.4bpp\stego\8306.pgm,1,train
${BOSSBASE_ROOT}\cover\7783.pgm,0,train
${BOSSBASE_ROOT}\cover\7219.pgm,0,train
${BOSSBASE_ROOT}\stego\HILL\0.4bpp\stego\6376.pgm,1,train
${BOSSBASE_ROOT}\cover\930.pgm,0,train
${BOSSBASE_ROOT}\stego\HILL\0.4bpp\stego\2725.pgm,1,train
${BOSSBASE_ROOT}\cover\5008.pgm,0,train
${BOSSBASE_ROOT}\cover\1278.pgm,0,train
${BOSSBASE_ROOT}\cover\6463.pgm,0,train
${BOSSBASE_ROOT}\stego\HILL\0.4bpp\stego\5017.pgm,1,train
${BOSSBASE_ROOT}\stego\HILL\0.4bpp\stego\4579.pgm,1,train
${BOSSBASE_ROOT}\stego\HILL\0.4bpp\stego\9037.pgm,1,train
${BOSSBASE_ROOT}\stego\HILL\0.4bpp\stego\3911.pgm,1,train
${BOSSBASE_ROOT}\cover\6594.pgm,0,train
${BOSSBASE_ROOT}\cover\7571.pgm,0,train
${BOSSBASE_ROOT}\stego\HILL\0.4bpp\stego\8992.pgm,1,train
${BOSSBASE_ROOT}\stego\HILL\0.4bpp\stego\7268.pgm,1,train
${BOSSBASE_ROOT}\stego\HILL\0.4bpp\stego\2484.pgm,1,train
${BOSSBASE_ROOT}\stego\HILL\0.4bpp\stego\1512.pgm,1,train
${BOSSBASE_ROOT}\cover\5188.pgm,0,train
${BOSSBASE_ROOT}\cover\719.pgm,0,train
${BOSSBASE_ROOT}\stego\HILL\0.4bpp\stego\2620.pgm,1,train
${BOSSBASE_ROOT}\stego\HILL\0.4bpp\stego\3712.pgm,1,train
${BOSSBASE_ROOT}\cover\6266.pgm,0,train
${BOSSBASE_ROOT}\cover\5924.pgm,0,train
${BOSSBASE_ROOT}\cover\9614.pgm,0,train
${BOSSBASE_ROOT}\stego\HILL\0.4bpp\stego\3611.pgm,1,train
${BOSSBASE_ROOT}\stego\HILL\0.4bpp\stego\1718.pgm,1,train
${BOSSBASE_ROOT}\cover\6013.pgm,0,train
${BOSSBASE_ROOT}\cover\63.pgm,0,train
${BOSSBASE_ROOT}\cover\9472.pgm,0,train
${BOSSBASE_ROOT}\cover\8095.pgm,0,train
${BOSSBASE_ROOT}\stego\HILL\0.4bpp\stego\1825.pgm,1,train
${BOSSBASE_ROOT}\cover\9167.pgm,0,train
${BOSSBASE_ROOT}\cover\9971.pgm,0,train
${BOSSBASE_ROOT}\stego\HILL\0.4bpp\stego\3708.pgm,1,train
${BOSSBASE_ROOT}\cover\6965.pgm,0,train
${BOSSBASE_ROOT}\stego\HILL\0.4bpp\stego\3620.pgm,1,train
${BOSSBASE_ROOT}\stego\HILL\0.4bpp\stego\3212.pgm,1,train
${BOSSBASE_ROOT}\cover\5267.pgm,0,train
${BOSSBASE_ROOT}\cover\5845.pgm,0,train
${BOSSBASE_ROOT}\stego\HILL\0.4bpp\stego\9340.pgm,1,train
${BOSSBASE_ROOT}\cover\839.pgm,0,train
${BOSSBASE_ROOT}\cover\1444.pgm,0,train
${BOSSBASE_ROOT}\stego\HILL\0.4bpp\stego\1981.pgm,1,train
${BOSSBASE_ROOT}\stego\HILL\0.4bpp\stego\3922.pgm,1,train
${BOSSBASE_ROOT}\cover\6113.pgm,0,train
${BOSSBASE_ROOT}\cover\9511.pgm,0,train
${BOSSBASE_ROOT}\cover\1488.pgm,0,train
${BOSSBASE_ROOT}\stego\HILL\0.4bpp\stego\8012.pgm,1,train
${BOSSBASE_ROOT}\stego\HILL\0.4bpp\stego\4921.pgm,1,train
${BOSSBASE_ROOT}\cover\6206.pgm,0,train
${BOSSBASE_ROOT}\cover\9298.pgm,0,train
${BOSSBASE_ROOT}\stego\HILL\0.4bpp\stego\3269.pgm,1,train
${BOSSBASE_ROOT}\stego\HILL\0.4bpp\stego\8901.pgm,1,train
${BOSSBASE_ROOT}\stego\HILL\0.4bpp\stego\9738.pgm,1,train
${BOSSBASE_ROOT}\stego\HILL\0.4bpp\stego\2669.pgm,1,train
${BOSSBASE_ROOT}\cover\5300.pgm,0,train
${BOSSBASE_ROOT}\cover\2891.pgm,0,train
${BOSSBASE_ROOT}\stego\HILL\0.4bpp\stego\7585.pgm,1,train
${BOSSBASE_ROOT}\stego\HILL\0.4bpp\stego\6776.pgm,1,train
${BOSSBASE_ROOT}\cover\214.pgm,0,train
${BOSSBASE_ROOT}\cover\1573.pgm,0,train
${BOSSBASE_ROOT}\stego\HILL\0.4bpp\stego\952.pgm,1,train
${BOSSBASE_ROOT}\stego\HILL\0.4bpp\stego\2840.pgm,1,train
${BOSSBASE_ROOT}\stego\HILL\0.4bpp\stego\4479.pgm,1,train
${BOSSBASE_ROOT}\cover\9431.pgm,0,train
${BOSSBASE_ROOT}\stego\HILL\0.4bpp\stego\8698.pgm,1,train
${BOSSBASE_ROOT}\cover\6568.pgm,0,train
${BOSSBASE_ROOT}\cover\501.pgm,0,train
${BOSSBASE_ROOT}\stego\HILL\0.4bpp\stego\3707.pgm,1,train
${BOSSBASE_ROOT}\cover\5363.pgm,0,train
${BOSSBASE_ROOT}\stego\HILL\0.4bpp\stego\2094.pgm,1,train
${BOSSBASE_ROOT}\stego\HILL\0.4bpp\stego\4501.pgm,1,train
${BOSSBASE_ROOT}\stego\HILL\0.4bpp\stego\7008.pgm,1,train
${BOSSBASE_ROOT}\cover\4791.pgm,0,train
${BOSSBASE_ROOT}\cover\7546.pgm,0,train
${BOSSBASE_ROOT}\stego\HILL\0.4bpp\stego\8788.pgm,1,train
${BOSSBASE_ROOT}\cover\5243.pgm,0,train
${BOSSBASE_ROOT}\stego\HILL\0.4bpp\stego\1019.pgm,1,train
${BOSSBASE_ROOT}\stego\HILL\0.4bpp\stego\1363.pgm,1,train
${BOSSBASE_ROOT}\cover\7628.pgm,0,train
${BOSSBASE_ROOT}\stego\HILL\0.4bpp\stego\7726.pgm,1,train
${BOSSBASE_ROOT}\stego\HILL\0.4bpp\stego\3730.pgm,1,train
${BOSSBASE_ROOT}\cover\513.pgm,0,train
${BOSSBASE_ROOT}\stego\HILL\0.4bpp\stego\3836.pgm,1,train
${BOSSBASE_ROOT}\cover\990.pgm,0,train
${BOSSBASE_ROOT}\cover\7814.pgm,0,train
${BOSSBASE_ROOT}\cover\5032.pgm,0,train
${BOSSBASE_ROOT}\stego\HILL\0.4bpp\stego\8675.pgm,1,train
${BOSSBASE_ROOT}\cover\914.pgm,0,train
${BOSSBASE_ROOT}\stego\HILL\0.4bpp\stego\8263.pgm,1,train
${BOSSBASE_ROOT}\stego\HILL\0.4bpp\stego\3489.pgm,1,train
${BOSSBASE_ROOT}\cover\5507.pgm,0,train
${BOSSBASE_ROOT}\cover\7830.pgm,0,train
${BOSSBASE_ROOT}\cover\5854.pgm,0,train
${BOSSBASE_ROOT}\stego\HILL\0.4bpp\stego\4715.pgm,1,train
${BOSSBASE_ROOT}\cover\5705.pgm,0,train
${BOSSBASE_ROOT}\stego\HILL\0.4bpp\stego\5914.pgm,1,train
${BOSSBASE_ROOT}\stego\HILL\0.4bpp\stego\4897.pgm,1,train
${BOSSBASE_ROOT}\stego\HILL\0.4bpp\stego\3917.pgm,1,train
${BOSSBASE_ROOT}\stego\HILL\0.4bpp\stego\6861.pgm,1,train
${BOSSBASE_ROOT}\cover\351.pgm,0,train
${BOSSBASE_ROOT}\cover\2425.pgm,0,train
${BOSSBASE_ROOT}\cover\4340.pgm,0,train
${BOSSBASE_ROOT}\stego\HILL\0.4bpp\stego\7212.pgm,1,train
${BOSSBASE_ROOT}\cover\2647.pgm,0,train
${BOSSBASE_ROOT}\cover\862.pgm,0,train
${BOSSBASE_ROOT}\cover\9740.pgm,0,train
${BOSSBASE_ROOT}\cover\6263.pgm,0,train
${BOSSBASE_ROOT}\cover\3017.pgm,0,train
${BOSSBASE_ROOT}\stego\HILL\0.4bpp\stego\1675.pgm,1,train
${BOSSBASE_ROOT}\cover\3224.pgm,0,train
${BOSSBASE_ROOT}\stego\HILL\0.4bpp\stego\6381.pgm,1,train
${BOSSBASE_ROOT}\cover\123.pgm,0,train
${BOSSBASE_ROOT}\cover\8741.pgm,0,train
${BOSSBASE_ROOT}\cover\6661.pgm,0,train
${BOSSBASE_ROOT}\stego\HILL\0.4bpp\stego\860.pgm,1,train
${BOSSBASE_ROOT}\stego\HILL\0.4bpp\stego\4729.pgm,1,train
${BOSSBASE_ROOT}\stego\HILL\0.4bpp\stego\2771.pgm,1,train
${BOSSBASE_ROOT}\stego\HILL\0.4bpp\stego\9793.pgm,1,train
${BOSSBASE_ROOT}\stego\HILL\0.4bpp\stego\7492.pgm,1,train
${BOSSBASE_ROOT}\stego\HILL\0.4bpp\stego\3601.pgm,1,train
${BOSSBASE_ROOT}\stego\HILL\0.4bpp\stego\7859.pgm,1,train
${BOSSBASE_ROOT}\stego\HILL\0.4bpp\stego\886.pgm,1,train
${BOSSBASE_ROOT}\cover\8803.pgm,0,train
${BOSSBASE_ROOT}\stego\HILL\0.4bpp\stego\3172.pgm,1,train
${BOSSBASE_ROOT}\cover\9653.pgm,0,train
${BOSSBASE_ROOT}\stego\HILL\0.4bpp\stego\6754.pgm,1,train
${BOSSBASE_ROOT}\cover\8902.pgm,0,train
${BOSSBASE_ROOT}\cover\7146.pgm,0,train
${BOSSBASE_ROOT}\stego\HILL\0.4bpp\stego\5579.pgm,1,train
${BOSSBASE_ROOT}\stego\HILL\0.4bpp\stego\8974.pgm,1,train
${BOSSBASE_ROOT}\stego\HILL\0.4bpp\stego\4377.pgm,1,train
${BOSSBASE_ROOT}\cover\3360.pgm,0,train
${BOSSBASE_ROOT}\stego\HILL\0.4bpp\stego\3471.pgm,1,train
${BOSSBASE_ROOT}\stego\HILL\0.4bpp\stego\3281.pgm,1,train
${BOSSBASE_ROOT}\cover\5644.pgm,0,train
${BOSSBASE_ROOT}\stego\HILL\0.4bpp\stego\2038.pgm,1,train
${BOSSBASE_ROOT}\stego\HILL\0.4bpp\stego\4539.pgm,1,train
${BOSSBASE_ROOT}\cover\646.pgm,0,train
${BOSSBASE_ROOT}\stego\HILL\0.4bpp\stego\3170.pgm,1,train
${BOSSBASE_ROOT}\cover\6213.pgm,0,train
${BOSSBASE_ROOT}\cover\2397.pgm,0,train
${BOSSBASE_ROOT}\cover\6160.pgm,0,train
${BOSSBASE_ROOT}\cover\4152.pgm,0,train
${BOSSBASE_ROOT}\stego\HILL\0.4bpp\stego\7720.pgm,1,train
${BOSSBASE_ROOT}\stego\HILL\0.4bpp\stego\6657.pgm,1,train
${BOSSBASE_ROOT}\cover\5162.pgm,0,train
${BOSSBASE_ROOT}\stego\HILL\0.4bpp\stego\1049.pgm,1,train
${BOSSBASE_ROOT}\cover\5476.pgm,0,train
${BOSSBASE_ROOT}\cover\7658.pgm,0,train
${BOSSBASE_ROOT}\cover\8426.pgm,0,train
${BOSSBASE_ROOT}\stego\HILL\0.4bpp\stego\8269.pgm,1,train
${BOSSBASE_ROOT}\cover\134.pgm,0,train
${BOSSBASE_ROOT}\stego\HILL\0.4bpp\stego\1209.pgm,1,train
${BOSSBASE_ROOT}\cover\6305.pgm,0,train
${BOSSBASE_ROOT}\stego\HILL\0.4bpp\stego\1329.pgm,1,train
${BOSSBASE_ROOT}\cover\5249.pgm,0,train
${BOSSBASE_ROOT}\cover\5840.pgm,0,train
${BOSSBASE_ROOT}\cover\7995.pgm,0,train
${BOSSBASE_ROOT}\stego\HILL\0.4bpp\stego\8981.pgm,1,train
${BOSSBASE_ROOT}\stego\HILL\0.4bpp\stego\5230.pgm,1,train
${BOSSBASE_ROOT}\cover\5372.pgm,0,train
${BOSSBASE_ROOT}\stego\HILL\0.4bpp\stego\9859.pgm,1,train
${BOSSBASE_ROOT}\cover\2517.pgm,0,train
${BOSSBASE_ROOT}\cover\302.pgm,0,train
${BOSSBASE_ROOT}\stego\HILL\0.4bpp\stego\3164.pgm,1,train
${BOSSBASE_ROOT}\stego\HILL\0.4bpp\stego\9217.pgm,1,train
${BOSSBASE_ROOT}\stego\HILL\0.4bpp\stego\269.pgm,1,train
${BOSSBASE_ROOT}\cover\9796.pgm,0,train
${BOSSBASE_ROOT}\stego\HILL\0.4bpp\stego\8152.pgm,1,train
${BOSSBASE_ROOT}\cover\5341.pgm,0,train
${BOSSBASE_ROOT}\stego\HILL\0.4bpp\stego\4030.pgm,1,train
${BOSSBASE_ROOT}\stego\HILL\0.4bpp\stego\5065.pgm,1,train
${BOSSBASE_ROOT}\stego\HILL\0.4bpp\stego\4163.pgm,1,train
${BOSSBASE_ROOT}\stego\HILL\0.4bpp\stego\7829.pgm,1,train
${BOSSBASE_ROOT}\cover\4919.pgm,0,train
${BOSSBASE_ROOT}\stego\HILL\0.4bpp\stego\2853.pgm,1,train
${BOSSBASE_ROOT}\cover\4350.pgm,0,train
${BOSSBASE_ROOT}\cover\5966.pgm,0,train
${BOSSBASE_ROOT}\stego\HILL\0.4bpp\stego\6218.pgm,1,train
${BOSSBASE_ROOT}\cover\2826.pgm,0,train
${BOSSBASE_ROOT}\cover\173.pgm,0,train
${BOSSBASE_ROOT}\cover\4226.pgm,0,train
${BOSSBASE_ROOT}\stego\HILL\0.4bpp\stego\7884.pgm,1,train
${BOSSBASE_ROOT}\stego\HILL\0.4bpp\stego\2252.pgm,1,train
${BOSSBASE_ROOT}\stego\HILL\0.4bpp\stego\3165.pgm,1,train
${BOSSBASE_ROOT}\cover\9579.pgm,0,train
${BOSSBASE_ROOT}\cover\1661.pgm,0,train
${BOSSBASE_ROOT}\cover\8322.pgm,0,train
${BOSSBASE_ROOT}\stego\HILL\0.4bpp\stego\3232.pgm,1,train
${BOSSBASE_ROOT}\stego\HILL\0.4bpp\stego\922.pgm,1,train
${BOSSBASE_ROOT}\stego\HILL\0.4bpp\stego\9005.pgm,1,train
${BOSSBASE_ROOT}\cover\164.pgm,0,train
${BOSSBASE_ROOT}\cover\1346.pgm,0,train
${BOSSBASE_ROOT}\cover\2292.pgm,0,train
${BOSSBASE_ROOT}\stego\HILL\0.4bpp\stego\7304.pgm,1,train
${BOSSBASE_ROOT}\cover\4690.pgm,0,train
${BOSSBASE_ROOT}\stego\HILL\0.4bpp\stego\8571.pgm,1,train
${BOSSBASE_ROOT}\cover\3079.pgm,0,train
${BOSSBASE_ROOT}\cover\9326.pgm,0,train
${BOSSBASE_ROOT}\cover\3247.pgm,0,train
${BOSSBASE_ROOT}\stego\HILL\0.4bpp\stego\7895.pgm,1,train
${BOSSBASE_ROOT}\cover\1819.pgm,0,train
${BOSSBASE_ROOT}\cover\9443.pgm,0,train
${BOSSBASE_ROOT}\stego\HILL\0.4bpp\stego\1050.pgm,1,train
${BOSSBASE_ROOT}\cover\4464.pgm,0,train
${BOSSBASE_ROOT}\stego\HILL\0.4bpp\stego\4051.pgm,1,train
${BOSSBASE_ROOT}\cover\7232.pgm,0,train
${BOSSBASE_ROOT}\cover\4032.pgm,0,train
${BOSSBASE_ROOT}\cover\9901.pgm,0,train
${BOSSBASE_ROOT}\cover\5638.pgm,0,train
${BOSSBASE_ROOT}\stego\HILL\0.4bpp\stego\8379.pgm,1,train
${BOSSBASE_ROOT}\stego\HILL\0.4bpp\stego\1279.pgm,1,train
${BOSSBASE_ROOT}\stego\HILL\0.4bpp\stego\9656.pgm,1,train
${BOSSBASE_ROOT}\cover\7164.pgm,0,train
${BOSSBASE_ROOT}\stego\HILL\0.4bpp\stego\3766.pgm,1,train
${BOSSBASE_ROOT}\cover\6981.pgm,0,train
${BOSSBASE_ROOT}\cover\4041.pgm,0,train
${BOSSBASE_ROOT}\cover\3383.pgm,0,train
${BOSSBASE_ROOT}\cover\97.pgm,0,train
${BOSSBASE_ROOT}\cover\9768.pgm,0,train
${BOSSBASE_ROOT}\cover\1928.pgm,0,train
${BOSSBASE_ROOT}\cover\3843.pgm,0,train
${BOSSBASE_ROOT}\cover\139.pgm,0,train
${BOSSBASE_ROOT}\stego\HILL\0.4bpp\stego\6065.pgm,1,train
${BOSSBASE_ROOT}\stego\HILL\0.4bpp\stego\9021.pgm,1,train
${BOSSBASE_ROOT}\cover\3288.pgm,0,train
${BOSSBASE_ROOT}\cover\2104.pgm,0,train
${BOSSBASE_ROOT}\cover\533.pgm,0,train
${BOSSBASE_ROOT}\stego\HILL\0.4bpp\stego\5167.pgm,1,train
${BOSSBASE_ROOT}\stego\HILL\0.4bpp\stego\1884.pgm,1,train
${BOSSBASE_ROOT}\stego\HILL\0.4bpp\stego\4358.pgm,1,train
${BOSSBASE_ROOT}\cover\2750.pgm,0,train
${BOSSBASE_ROOT}\cover\7671.pgm,0,train
${BOSSBASE_ROOT}\stego\HILL\0.4bpp\stego\8099.pgm,1,train
${BOSSBASE_ROOT}\stego\HILL\0.4bpp\stego\7294.pgm,1,train
${BOSSBASE_ROOT}\stego\HILL\0.4bpp\stego\77.pgm,1,train
${BOSSBASE_ROOT}\stego\HILL\0.4bpp\stego\606.pgm,1,train
${BOSSBASE_ROOT}\stego\HILL\0.4bpp\stego\911.pgm,1,train
${BOSSBASE_ROOT}\cover\3975.pgm,0,train
${BOSSBASE_ROOT}\cover\2934.pgm,0,train
${BOSSBASE_ROOT}\stego\HILL\0.4bpp\stego\4245.pgm,1,train
${BOSSBASE_ROOT}\stego\HILL\0.4bpp\stego\7340.pgm,1,train
${BOSSBASE_ROOT}\stego\HILL\0.4bpp\stego\887.pgm,1,train
${BOSSBASE_ROOT}\cover\1905.pgm,0,train
${BOSSBASE_ROOT}\stego\HILL\0.4bpp\stego\7331.pgm,1,train
${BOSSBASE_ROOT}\cover\1191.pgm,0,train
${BOSSBASE_ROOT}\stego\HILL\0.4bpp\stego\7507.pgm,1,train
${BOSSBASE_ROOT}\stego\HILL\0.4bpp\stego\765.pgm,1,train
${BOSSBASE_ROOT}\cover\7480.pgm,0,train
${BOSSBASE_ROOT}\cover\7064.pgm,0,train
${BOSSBASE_ROOT}\stego\HILL\0.4bpp\stego\7764.pgm,1,train
${BOSSBASE_ROOT}\stego\HILL\0.4bpp\stego\3497.pgm,1,train
${BOSSBASE_ROOT}\stego\HILL\0.4bpp\stego\2423.pgm,1,train
${BOSSBASE_ROOT}\stego\HILL\0.4bpp\stego\662.pgm,1,train
${BOSSBASE_ROOT}\cover\4498.pgm,0,train
${BOSSBASE_ROOT}\stego\HILL\0.4bpp\stego\549.pgm,1,train
${BOSSBASE_ROOT}\cover\5196.pgm,0,train
${BOSSBASE_ROOT}\cover\6515.pgm,0,train
${BOSSBASE_ROOT}\cover\7860.pgm,0,train
${BOSSBASE_ROOT}\cover\9775.pgm,0,train
${BOSSBASE_ROOT}\cover\1584.pgm,0,train
${BOSSBASE_ROOT}\cover\251.pgm,0,train
${BOSSBASE_ROOT}\cover\6806.pgm,0,train
${BOSSBASE_ROOT}\stego\HILL\0.4bpp\stego\5808.pgm,1,train
${BOSSBASE_ROOT}\stego\HILL\0.4bpp\stego\752.pgm,1,train
${BOSSBASE_ROOT}\cover\5690.pgm,0,train
${BOSSBASE_ROOT}\stego\HILL\0.4bpp\stego\2309.pgm,1,train
${BOSSBASE_ROOT}\stego\HILL\0.4bpp\stego\6226.pgm,1,train
${BOSSBASE_ROOT}\cover\1104.pgm,0,train
${BOSSBASE_ROOT}\cover\2004.pgm,0,train
${BOSSBASE_ROOT}\stego\HILL\0.4bpp\stego\1773.pgm,1,train
${BOSSBASE_ROOT}\cover\2279.pgm,0,train
${BOSSBASE_ROOT}\cover\7879.pgm,0,train
${BOSSBASE_ROOT}\cover\396.pgm,0,train
${BOSSBASE_ROOT}\cover\8348.pgm,0,train
${BOSSBASE_ROOT}\cover\3820.pgm,0,train
${BOSSBASE_ROOT}\stego\HILL\0.4bpp\stego\8353.pgm,1,train
${BOSSBASE_ROOT}\stego\HILL\0.4bpp\stego\3162.pgm,1,train
${BOSSBASE_ROOT}\cover\8241.pgm,0,train
${BOSSBASE_ROOT}\cover\9765.pgm,0,train
${BOSSBASE_ROOT}\cover\4785.pgm,0,train
${BOSSBASE_ROOT}\stego\HILL\0.4bpp\stego\8853.pgm,1,train
${BOSSBASE_ROOT}\cover\2214.pgm,0,train
${BOSSBASE_ROOT}\cover\7852.pgm,0,train
${BOSSBASE_ROOT}\stego\HILL\0.4bpp\stego\8069.pgm,1,train
${BOSSBASE_ROOT}\cover\6804.pgm,0,train
${BOSSBASE_ROOT}\cover\8439.pgm,0,train
${BOSSBASE_ROOT}\cover\6967.pgm,0,train
${BOSSBASE_ROOT}\cover\5609.pgm,0,train
${BOSSBASE_ROOT}\cover\6776.pgm,0,train
${BOSSBASE_ROOT}\stego\HILL\0.4bpp\stego\376.pgm,1,train
${BOSSBASE_ROOT}\stego\HILL\0.4bpp\stego\8497.pgm,1,train
${BOSSBASE_ROOT}\cover\3305.pgm,0,train
${BOSSBASE_ROOT}\stego\HILL\0.4bpp\stego\8460.pgm,1,train
${BOSSBASE_ROOT}\cover\2620.pgm,0,train
${BOSSBASE_ROOT}\cover\1821.pgm,0,train
${BOSSBASE_ROOT}\stego\HILL\0.4bpp\stego\1058.pgm,1,train
${BOSSBASE_ROOT}\cover\1780.pgm,0,train
${BOSSBASE_ROOT}\cover\8547.pgm,0,train
${BOSSBASE_ROOT}\stego\HILL\0.4bpp\stego\4600.pgm,1,train
${BOSSBASE_ROOT}\stego\HILL\0.4bpp\stego\6048.pgm,1,train
${BOSSBASE_ROOT}\cover\5327.pgm,0,train
${BOSSBASE_ROOT}\stego\HILL\0.4bpp\stego\6130.pgm,1,train
${BOSSBASE_ROOT}\stego\HILL\0.4bpp\stego\796.pgm,1,train
${BOSSBASE_ROOT}\cover\3245.pgm,0,train
${BOSSBASE_ROOT}\cover\4889.pgm,0,train
${BOSSBASE_ROOT}\stego\HILL\0.4bpp\stego\7803.pgm,1,train
${BOSSBASE_ROOT}\stego\HILL\0.4bpp\stego\8953.pgm,1,train
${BOSSBASE_ROOT}\stego\HILL\0.4bpp\stego\8410.pgm,1,train
${BOSSBASE_ROOT}\cover\9229.pgm,0,train
${BOSSBASE_ROOT}\cover\2748.pgm,0,train
${BOSSBASE_ROOT}\stego\HILL\0.4bpp\stego\5408.pgm,1,train
${BOSSBASE_ROOT}\cover\2498.pgm,0,train
${BOSSBASE_ROOT}\stego\HILL\0.4bpp\stego\201.pgm,1,train
${BOSSBASE_ROOT}\cover\6600.pgm,0,train
${BOSSBASE_ROOT}\cover\2234.pgm,0,train
${BOSSBASE_ROOT}\stego\HILL\0.4bpp\stego\7966.pgm,1,train
${BOSSBASE_ROOT}\stego\HILL\0.4bpp\stego\1880.pgm,1,train
${BOSSBASE_ROOT}\cover\3378.pgm,0,train
${BOSSBASE_ROOT}\stego\HILL\0.4bpp\stego\9487.pgm,1,train
${BOSSBASE_ROOT}\cover\8292.pgm,0,train
${BOSSBASE_ROOT}\cover\9438.pgm,0,train
${BOSSBASE_ROOT}\stego\HILL\0.4bpp\stego\7181.pgm,1,train
${BOSSBASE_ROOT}\stego\HILL\0.4bpp\stego\1039.pgm,1,train
${BOSSBASE_ROOT}\cover\7674.pgm,0,train
${BOSSBASE_ROOT}\cover\9934.pgm,0,train
${BOSSBASE_ROOT}\cover\7705.pgm,0,train
${BOSSBASE_ROOT}\stego\HILL\0.4bpp\stego\3502.pgm,1,train
${BOSSBASE_ROOT}\cover\1049.pgm,0,train
${BOSSBASE_ROOT}\stego\HILL\0.4bpp\stego\4137.pgm,1,train
${BOSSBASE_ROOT}\cover\4609.pgm,0,train
${BOSSBASE_ROOT}\cover\4839.pgm,0,train
${BOSSBASE_ROOT}\cover\4763.pgm,0,train
${BOSSBASE_ROOT}\stego\HILL\0.4bpp\stego\442.pgm,1,train
${BOSSBASE_ROOT}\stego\HILL\0.4bpp\stego\3878.pgm,1,train
${BOSSBASE_ROOT}\cover\6934.pgm,0,train
${BOSSBASE_ROOT}\cover\4906.pgm,0,train
${BOSSBASE_ROOT}\stego\HILL\0.4bpp\stego\6100.pgm,1,train
${BOSSBASE_ROOT}\cover\4677.pgm,0,train
${BOSSBASE_ROOT}\stego\HILL\0.4bpp\stego\6344.pgm,1,train
${BOSSBASE_ROOT}\stego\HILL\0.4bpp\stego\8956.pgm,1,train
${BOSSBASE_ROOT}\stego\HILL\0.4bpp\stego\4286.pgm,1,train
${BOSSBASE_ROOT}\stego\HILL\0.4bpp\stego\3034.pgm,1,train
${BOSSBASE_ROOT}\cover\6900.pgm,0,train
${BOSSBASE_ROOT}\cover\3063.pgm,0,train
${BOSSBASE_ROOT}\cover\615.pgm,0,train
${BOSSBASE_ROOT}\stego\HILL\0.4bpp\stego\1671.pgm,1,train
${BOSSBASE_ROOT}\stego\HILL\0.4bpp\stego\5234.pgm,1,train
${BOSSBASE_ROOT}\cover\9921.pgm,0,train
${BOSSBASE_ROOT}\stego\HILL\0.4bpp\stego\8985.pgm,1,train
${BOSSBASE_ROOT}\stego\HILL\0.4bpp\stego\7028.pgm,1,train
${BOSSBASE_ROOT}\stego\HILL\0.4bpp\stego\7159.pgm,1,train
${BOSSBASE_ROOT}\cover\8657.pgm,0,train
${BOSSBASE_ROOT}\stego\HILL\0.4bpp\stego\5142.pgm,1,train
${BOSSBASE_ROOT}\cover\3907.pgm,0,train
${BOSSBASE_ROOT}\stego\HILL\0.4bpp\stego\1755.pgm,1,train
${BOSSBASE_ROOT}\cover\8774.pgm,0,train
${BOSSBASE_ROOT}\stego\HILL\0.4bpp\stego\3567.pgm,1,train
${BOSSBASE_ROOT}\stego\HILL\0.4bpp\stego\3246.pgm,1,train
${BOSSBASE_ROOT}\cover\9900.pgm,0,train
${BOSSBASE_ROOT}\cover\4902.pgm,0,train
${BOSSBASE_ROOT}\stego\HILL\0.4bpp\stego\1305.pgm,1,train
${BOSSBASE_ROOT}\stego\HILL\0.4bpp\stego\9937.pgm,1,train
${BOSSBASE_ROOT}\stego\HILL\0.4bpp\stego\7040.pgm,1,train
${BOSSBASE_ROOT}\cover\4359.pgm,0,train
${BOSSBASE_ROOT}\stego\HILL\0.4bpp\stego\5604.pgm,1,train
${BOSSBASE_ROOT}\stego\HILL\0.4bpp\stego\6054.pgm,1,train
${BOSSBASE_ROOT}\cover\3518.pgm,0,train
${BOSSBASE_ROOT}\cover\7244.pgm,0,train
${BOSSBASE_ROOT}\stego\HILL\0.4bpp\stego\4832.pgm,1,train
${BOSSBASE_ROOT}\cover\5017.pgm,0,train
${BOSSBASE_ROOT}\stego\HILL\0.4bpp\stego\4648.pgm,1,train
${BOSSBASE_ROOT}\stego\HILL\0.4bpp\stego\2480.pgm,1,train
${BOSSBASE_ROOT}\stego\HILL\0.4bpp\stego\1005.pgm,1,train
${BOSSBASE_ROOT}\cover\732.pgm,0,train
${BOSSBASE_ROOT}\cover\5516.pgm,0,train
${BOSSBASE_ROOT}\stego\HILL\0.4bpp\stego\5760.pgm,1,train
${BOSSBASE_ROOT}\cover\9767.pgm,0,train
${BOSSBASE_ROOT}\stego\HILL\0.4bpp\stego\6071.pgm,1,train
${BOSSBASE_ROOT}\stego\HILL\0.4bpp\stego\9501.pgm,1,train
${BOSSBASE_ROOT}\cover\8566.pgm,0,train
${BOSSBASE_ROOT}\cover\9143.pgm,0,train
${BOSSBASE_ROOT}\cover\6922.pgm,0,train
${BOSSBASE_ROOT}\cover\5594.pgm,0,train
${BOSSBASE_ROOT}\cover\8516.pgm,0,train
${BOSSBASE_ROOT}\cover\4242.pgm,0,train
${BOSSBASE_ROOT}\cover\9992.pgm,0,train
${BOSSBASE_ROOT}\stego\HILL\0.4bpp\stego\2520.pgm,1,train
${BOSSBASE_ROOT}\stego\HILL\0.4bpp\stego\3711.pgm,1,train
${BOSSBASE_ROOT}\cover\3641.pgm,0,train
${BOSSBASE_ROOT}\cover\2158.pgm,0,train
${BOSSBASE_ROOT}\cover\7376.pgm,0,train
${BOSSBASE_ROOT}\cover\1448.pgm,0,train
${BOSSBASE_ROOT}\stego\HILL\0.4bpp\stego\6782.pgm,1,train
${BOSSBASE_ROOT}\stego\HILL\0.4bpp\stego\1292.pgm,1,train
${BOSSBASE_ROOT}\cover\9170.pgm,0,train
${BOSSBASE_ROOT}\cover\2556.pgm,0,train
${BOSSBASE_ROOT}\stego\HILL\0.4bpp\stego\1658.pgm,1,train
${BOSSBASE_ROOT}\cover\8494.pgm,0,train
${BOSSBASE_ROOT}\stego\HILL\0.4bpp\stego\6786.pgm,1,train
${BOSSBASE_ROOT}\stego\HILL\0.4bpp\stego\6917.pgm,1,train
${BOSSBASE_ROOT}\stego\HILL\0.4bpp\stego\2737.pgm,1,train
${BOSSBASE_ROOT}\stego\HILL\0.4bpp\stego\4090.pgm,1,train
${BOSSBASE_ROOT}\cover\6601.pgm,0,train
${BOSSBASE_ROOT}\cover\8068.pgm,0,train
${BOSSBASE_ROOT}\stego\HILL\0.4bpp\stego\7041.pgm,1,train
${BOSSBASE_ROOT}\stego\HILL\0.4bpp\stego\9123.pgm,1,train
${BOSSBASE_ROOT}\stego\HILL\0.4bpp\stego\135.pgm,1,train
${BOSSBASE_ROOT}\stego\HILL\0.4bpp\stego\9102.pgm,1,train
${BOSSBASE_ROOT}\cover\9227.pgm,0,train
${BOSSBASE_ROOT}\cover\9357.pgm,0,train
${BOSSBASE_ROOT}\cover\3961.pgm,0,train
${BOSSBASE_ROOT}\cover\5800.pgm,0,train
${BOSSBASE_ROOT}\stego\HILL\0.4bpp\stego\4109.pgm,1,train
${BOSSBASE_ROOT}\cover\3403.pgm,0,train
${BOSSBASE_ROOT}\cover\3040.pgm,0,train
${BOSSBASE_ROOT}\cover\9309.pgm,0,train
${BOSSBASE_ROOT}\cover\5111.pgm,0,train
${BOSSBASE_ROOT}\stego\HILL\0.4bpp\stego\8369.pgm,1,train
${BOSSBASE_ROOT}\stego\HILL\0.4bpp\stego\3599.pgm,1,train
${BOSSBASE_ROOT}\cover\610.pgm,0,train
${BOSSBASE_ROOT}\cover\2002.pgm,0,train
${BOSSBASE_ROOT}\cover\7204.pgm,0,train
${BOSSBASE_ROOT}\cover\5116.pgm,0,train
${BOSSBASE_ROOT}\cover\7158.pgm,0,train
${BOSSBASE_ROOT}\stego\HILL\0.4bpp\stego\7880.pgm,1,train
${BOSSBASE_ROOT}\cover\3910.pgm,0,train
${BOSSBASE_ROOT}\cover\1671.pgm,0,train
${BOSSBASE_ROOT}\cover\5860.pgm,0,train
${BOSSBASE_ROOT}\stego\HILL\0.4bpp\stego\5878.pgm,1,train
${BOSSBASE_ROOT}\cover\2206.pgm,0,train
${BOSSBASE_ROOT}\stego\HILL\0.4bpp\stego\9956.pgm,1,train
${BOSSBASE_ROOT}\cover\1159.pgm,0,train
${BOSSBASE_ROOT}\stego\HILL\0.4bpp\stego\2124.pgm,1,train
${BOSSBASE_ROOT}\stego\HILL\0.4bpp\stego\2796.pgm,1,train
${BOSSBASE_ROOT}\stego\HILL\0.4bpp\stego\3887.pgm,1,train
${BOSSBASE_ROOT}\cover\1684.pgm,0,train
${BOSSBASE_ROOT}\cover\4589.pgm,0,train
${BOSSBASE_ROOT}\cover\2502.pgm,0,train
${BOSSBASE_ROOT}\stego\HILL\0.4bpp\stego\5093.pgm,1,train
${BOSSBASE_ROOT}\stego\HILL\0.4bpp\stego\6920.pgm,1,train
${BOSSBASE_ROOT}\stego\HILL\0.4bpp\stego\7002.pgm,1,train
${BOSSBASE_ROOT}\stego\HILL\0.4bpp\stego\8399.pgm,1,train
${BOSSBASE_ROOT}\stego\HILL\0.4bpp\stego\5470.pgm,1,train
${BOSSBASE_ROOT}\stego\HILL\0.4bpp\stego\2455.pgm,1,train
${BOSSBASE_ROOT}\stego\HILL\0.4bpp\stego\3504.pgm,1,train
${BOSSBASE_ROOT}\stego\HILL\0.4bpp\stego\6445.pgm,1,train
${BOSSBASE_ROOT}\stego\HILL\0.4bpp\stego\6853.pgm,1,train
${BOSSBASE_ROOT}\cover\7336.pgm,0,train
${BOSSBASE_ROOT}\cover\8986.pgm,0,train
${BOSSBASE_ROOT}\stego\HILL\0.4bpp\stego\8686.pgm,1,train
${BOSSBASE_ROOT}\cover\4188.pgm,0,train
${BOSSBASE_ROOT}\cover\9555.pgm,0,train
${BOSSBASE_ROOT}\cover\8957.pgm,0,train
${BOSSBASE_ROOT}\stego\HILL\0.4bpp\stego\4509.pgm,1,train
${BOSSBASE_ROOT}\stego\HILL\0.4bpp\stego\4963.pgm,1,train
${BOSSBASE_ROOT}\cover\3089.pgm,0,train
${BOSSBASE_ROOT}\cover\4485.pgm,0,train
${BOSSBASE_ROOT}\stego\HILL\0.4bpp\stego\2032.pgm,1,train
${BOSSBASE_ROOT}\cover\8908.pgm,0,train
${BOSSBASE_ROOT}\stego\HILL\0.4bpp\stego\6232.pgm,1,train
${BOSSBASE_ROOT}\cover\8473.pgm,0,train
${BOSSBASE_ROOT}\stego\HILL\0.4bpp\stego\4120.pgm,1,train
${BOSSBASE_ROOT}\cover\7433.pgm,0,train
${BOSSBASE_ROOT}\cover\7105.pgm,0,train
${BOSSBASE_ROOT}\stego\HILL\0.4bpp\stego\1439.pgm,1,train
${BOSSBASE_ROOT}\stego\HILL\0.4bpp\stego\6246.pgm,1,train
${BOSSBASE_ROOT}\cover\6121.pgm,0,train
${BOSSBASE_ROOT}\cover\9463.pgm,0,train
${BOSSBASE_ROOT}\cover\7436.pgm,0,train
${BOSSBASE_ROOT}\cover\3826.pgm,0,train
${BOSSBASE_ROOT}\stego\HILL\0.4bpp\stego\8125.pgm,1,train
${BOSSBASE_ROOT}\cover\1865.pgm,0,train
${BOSSBASE_ROOT}\stego\HILL\0.4bpp\stego\4871.pgm,1,train
${BOSSBASE_ROOT}\stego\HILL\0.4bpp\stego\2630.pgm,1,train
${BOSSBASE_ROOT}\stego\HILL\0.4bpp\stego\4548.pgm,1,train
${BOSSBASE_ROOT}\stego\HILL\0.4bpp\stego\7416.pgm,1,train
${BOSSBASE_ROOT}\stego\HILL\0.4bpp\stego\7661.pgm,1,train
${BOSSBASE_ROOT}\cover\9984.pgm,0,train
${BOSSBASE_ROOT}\stego\HILL\0.4bpp\stego\2354.pgm,1,train
${BOSSBASE_ROOT}\stego\HILL\0.4bpp\stego\4511.pgm,1,train
${BOSSBASE_ROOT}\cover\4637.pgm,0,train
${BOSSBASE_ROOT}\cover\3090.pgm,0,train
${BOSSBASE_ROOT}\stego\HILL\0.4bpp\stego\8624.pgm,1,train
${BOSSBASE_ROOT}\stego\HILL\0.4bpp\stego\7080.pgm,1,train
${BOSSBASE_ROOT}\cover\6209.pgm,0,train
${BOSSBASE_ROOT}\cover\3973.pgm,0,train
${BOSSBASE_ROOT}\stego\HILL\0.4bpp\stego\8450.pgm,1,train
${BOSSBASE_ROOT}\stego\HILL\0.4bpp\stego\4737.pgm,1,train
${BOSSBASE_ROOT}\cover\8775.pgm,0,train
${BOSSBASE_ROOT}\cover\7962.pgm,0,train
${BOSSBASE_ROOT}\cover\8194.pgm,0,train
${BOSSBASE_ROOT}\stego\HILL\0.4bpp\stego\9638.pgm,1,train
${BOSSBASE_ROOT}\stego\HILL\0.4bpp\stego\4551.pgm,1,train
${BOSSBASE_ROOT}\stego\HILL\0.4bpp\stego\7347.pgm,1,train
${BOSSBASE_ROOT}\cover\683.pgm,0,train
${BOSSBASE_ROOT}\stego\HILL\0.4bpp\stego\4411.pgm,1,train
${BOSSBASE_ROOT}\cover\4777.pgm,0,train
${BOSSBASE_ROOT}\stego\HILL\0.4bpp\stego\8055.pgm,1,train
${BOSSBASE_ROOT}\stego\HILL\0.4bpp\stego\4146.pgm,1,train
${BOSSBASE_ROOT}\cover\7943.pgm,0,train
${BOSSBASE_ROOT}\cover\5209.pgm,0,train
${BOSSBASE_ROOT}\cover\4341.pgm,0,train
${BOSSBASE_ROOT}\stego\HILL\0.4bpp\stego\4.pgm,1,train
${BOSSBASE_ROOT}\cover\7699.pgm,0,train
${BOSSBASE_ROOT}\stego\HILL\0.4bpp\stego\2284.pgm,1,train
${BOSSBASE_ROOT}\cover\6099.pgm,0,train
${BOSSBASE_ROOT}\stego\HILL\0.4bpp\stego\3365.pgm,1,train
${BOSSBASE_ROOT}\stego\HILL\0.4bpp\stego\9022.pgm,1,train
${BOSSBASE_ROOT}\stego\HILL\0.4bpp\stego\9073.pgm,1,train
${BOSSBASE_ROOT}\cover\7441.pgm,0,train
${BOSSBASE_ROOT}\stego\HILL\0.4bpp\stego\8942.pgm,1,train
${BOSSBASE_ROOT}\stego\HILL\0.4bpp\stego\5245.pgm,1,train
${BOSSBASE_ROOT}\stego\HILL\0.4bpp\stego\2007.pgm,1,train
${BOSSBASE_ROOT}\stego\HILL\0.4bpp\stego\3412.pgm,1,train
${BOSSBASE_ROOT}\stego\HILL\0.4bpp\stego\3722.pgm,1,train
${BOSSBASE_ROOT}\cover\2391.pgm,0,train
${BOSSBASE_ROOT}\stego\HILL\0.4bpp\stego\6654.pgm,1,train
${BOSSBASE_ROOT}\stego\HILL\0.4bpp\stego\1871.pgm,1,train
${BOSSBASE_ROOT}\cover\3942.pgm,0,train
${BOSSBASE_ROOT}\stego\HILL\0.4bpp\stego\5819.pgm,1,train
${BOSSBASE_ROOT}\cover\9225.pgm,0,train
${BOSSBASE_ROOT}\cover\8758.pgm,0,train
${BOSSBASE_ROOT}\stego\HILL\0.4bpp\stego\7141.pgm,1,train
${BOSSBASE_ROOT}\cover\1966.pgm,0,train
${BOSSBASE_ROOT}\cover\3278.pgm,0,train
${BOSSBASE_ROOT}\cover\2210.pgm,0,train
${BOSSBASE_ROOT}\cover\2024.pgm,0,train
${BOSSBASE_ROOT}\stego\HILL\0.4bpp\stego\346.pgm,1,train
${BOSSBASE_ROOT}\cover\7289.pgm,0,train
${BOSSBASE_ROOT}\stego\HILL\0.4bpp\stego\7043.pgm,1,train
${BOSSBASE_ROOT}\cover\8046.pgm,0,train
${BOSSBASE_ROOT}\cover\2546.pgm,0,train
${BOSSBASE_ROOT}\stego\HILL\0.4bpp\stego\5235.pgm,1,train
${BOSSBASE_ROOT}\cover\706.pgm,0,train
${BOSSBASE_ROOT}\cover\7950.pgm,0,train
${BOSSBASE_ROOT}\stego\HILL\0.4bpp\stego\1728.pgm,1,train
${BOSSBASE_ROOT}\cover\2733.pgm,0,train
${BOSSBASE_ROOT}\stego\HILL\0.4bpp\stego\1356.pgm,1,train
${BOSSBASE_ROOT}\cover\3840.pgm,0,train
${BOSSBASE_ROOT}\stego\HILL\0.4bpp\stego\2993.pgm,1,train
${BOSSBASE_ROOT}\stego\HILL\0.4bpp\stego\1923.pgm,1,train
${BOSSBASE_ROOT}\cover\3237.pgm,0,train
${BOSSBASE_ROOT}\cover\6580.pgm,0,train
${BOSSBASE_ROOT}\cover\4443.pgm,0,train
${BOSSBASE_ROOT}\cover\3201.pgm,0,train
${BOSSBASE_ROOT}\stego\HILL\0.4bpp\stego\6631.pgm,1,train
${BOSSBASE_ROOT}\cover\7985.pgm,0,train
${BOSSBASE_ROOT}\stego\HILL\0.4bpp\stego\8150.pgm,1,train
${BOSSBASE_ROOT}\cover\3922.pgm,0,train
${BOSSBASE_ROOT}\stego\HILL\0.4bpp\stego\5599.pgm,1,train
${BOSSBASE_ROOT}\stego\HILL\0.4bpp\stego\867.pgm,1,train
${BOSSBASE_ROOT}\cover\6071.pgm,0,train
${BOSSBASE_ROOT}\stego\HILL\0.4bpp\stego\9698.pgm,1,train
${BOSSBASE_ROOT}\cover\5822.pgm,0,train
${BOSSBASE_ROOT}\stego\HILL\0.4bpp\stego\3096.pgm,1,train
${BOSSBASE_ROOT}\cover\8129.pgm,0,train
${BOSSBASE_ROOT}\stego\HILL\0.4bpp\stego\825.pgm,1,train
${BOSSBASE_ROOT}\stego\HILL\0.4bpp\stego\2648.pgm,1,train
${BOSSBASE_ROOT}\cover\3269.pgm,0,train
${BOSSBASE_ROOT}\stego\HILL\0.4bpp\stego\4296.pgm,1,train
${BOSSBASE_ROOT}\cover\4590.pgm,0,train
${BOSSBASE_ROOT}\cover\3538.pgm,0,train
${BOSSBASE_ROOT}\cover\3029.pgm,0,train
${BOSSBASE_ROOT}\stego\HILL\0.4bpp\stego\9450.pgm,1,train
${BOSSBASE_ROOT}\cover\7270.pgm,0,train
${BOSSBASE_ROOT}\cover\3787.pgm,0,train
${BOSSBASE_ROOT}\cover\5126.pgm,0,train
${BOSSBASE_ROOT}\cover\8324.pgm,0,train
${BOSSBASE_ROOT}\cover\2806.pgm,0,train
${BOSSBASE_ROOT}\cover\5804.pgm,0,train
${BOSSBASE_ROOT}\cover\3627.pgm,0,train
${BOSSBASE_ROOT}\stego\HILL\0.4bpp\stego\9923.pgm,1,train
${BOSSBASE_ROOT}\cover\8750.pgm,0,train
${BOSSBASE_ROOT}\stego\HILL\0.4bpp\stego\2134.pgm,1,train
${BOSSBASE_ROOT}\stego\HILL\0.4bpp\stego\2086.pgm,1,train
${BOSSBASE_ROOT}\cover\3259.pgm,0,train
${BOSSBASE_ROOT}\cover\244.pgm,0,train
${BOSSBASE_ROOT}\stego\HILL\0.4bpp\stego\8759.pgm,1,train
${BOSSBASE_ROOT}\stego\HILL\0.4bpp\stego\3426.pgm,1,train
${BOSSBASE_ROOT}\stego\HILL\0.4bpp\stego\3995.pgm,1,train
${BOSSBASE_ROOT}\stego\HILL\0.4bpp\stego\7840.pgm,1,train
${BOSSBASE_ROOT}\cover\6824.pgm,0,train
${BOSSBASE_ROOT}\cover\7668.pgm,0,train
${BOSSBASE_ROOT}\cover\1735.pgm,0,train
${BOSSBASE_ROOT}\stego\HILL\0.4bpp\stego\8160.pgm,1,train
${BOSSBASE_ROOT}\cover\4908.pgm,0,train
${BOSSBASE_ROOT}\stego\HILL\0.4bpp\stego\2902.pgm,1,train
${BOSSBASE_ROOT}\stego\HILL\0.4bpp\stego\8633.pgm,1,train
${BOSSBASE_ROOT}\stego\HILL\0.4bpp\stego\4731.pgm,1,train
${BOSSBASE_ROOT}\cover\5112.pgm,0,train
${BOSSBASE_ROOT}\stego\HILL\0.4bpp\stego\7815.pgm,1,train
${BOSSBASE_ROOT}\stego\HILL\0.4bpp\stego\1079.pgm,1,train
${BOSSBASE_ROOT}\cover\6264.pgm,0,train
${BOSSBASE_ROOT}\cover\1948.pgm,0,train
${BOSSBASE_ROOT}\stego\HILL\0.4bpp\stego\8607.pgm,1,train
${BOSSBASE_ROOT}\cover\4627.pgm,0,train
${BOSSBASE_ROOT}\stego\HILL\0.4bpp\stego\3812.pgm,1,train
${BOSSBASE_ROOT}\cover\5686.pgm,0,train
${BOSSBASE_ROOT}\cover\2613.pgm,0,train
${BOSSBASE_ROOT}\cover\5423.pgm,0,train
${BOSSBASE_ROOT}\stego\HILL\0.4bpp\stego\9951.pgm,1,train
${BOSSBASE_ROOT}\stego\HILL\0.4bpp\stego\4800.pgm,1,train
${BOSSBASE_ROOT}\cover\8721.pgm,0,train
${BOSSBASE_ROOT}\stego\HILL\0.4bpp\stego\8103.pgm,1,train
${BOSSBASE_ROOT}\stego\HILL\0.4bpp\stego\3040.pgm,1,train
${BOSSBASE_ROOT}\cover\6629.pgm,0,train
${BOSSBASE_ROOT}\stego\HILL\0.4bpp\stego\975.pgm,1,train
${BOSSBASE_ROOT}\cover\4082.pgm,0,train
${BOSSBASE_ROOT}\stego\HILL\0.4bpp\stego\9756.pgm,1,train
${BOSSBASE_ROOT}\stego\HILL\0.4bpp\stego\3528.pgm,1,train
${BOSSBASE_ROOT}\cover\9989.pgm,0,train
${BOSSBASE_ROOT}\stego\HILL\0.4bpp\stego\3128.pgm,1,train
${BOSSBASE_ROOT}\stego\HILL\0.4bpp\stego\5154.pgm,1,train
${BOSSBASE_ROOT}\stego\HILL\0.4bpp\stego\681.pgm,1,train
${BOSSBASE_ROOT}\stego\HILL\0.4bpp\stego\7883.pgm,1,train
${BOSSBASE_ROOT}\stego\HILL\0.4bpp\stego\2209.pgm,1,train
${BOSSBASE_ROOT}\cover\5963.pgm,0,train
${BOSSBASE_ROOT}\cover\6482.pgm,0,train
${BOSSBASE_ROOT}\cover\635.pgm,0,train
${BOSSBASE_ROOT}\cover\2720.pgm,0,train
${BOSSBASE_ROOT}\stego\HILL\0.4bpp\stego\3744.pgm,1,train
${BOSSBASE_ROOT}\cover\2622.pgm,0,train
${BOSSBASE_ROOT}\stego\HILL\0.4bpp\stego\798.pgm,1,train
${BOSSBASE_ROOT}\cover\3577.pgm,0,train
${BOSSBASE_ROOT}\cover\3688.pgm,0,train
${BOSSBASE_ROOT}\stego\HILL\0.4bpp\stego\1508.pgm,1,train
${BOSSBASE_ROOT}\stego\HILL\0.4bpp\stego\4089.pgm,1,train
${BOSSBASE_ROOT}\stego\HILL\0.4bpp\stego\1523.pgm,1,train
${BOSSBASE_ROOT}\stego\HILL\0.4bpp\stego\7912.pgm,1,train
${BOSSBASE_ROOT}\stego\HILL\0.4bpp\stego\9212.pgm,1,train
${BOSSBASE_ROOT}\cover\9194.pgm,0,train
${BOSSBASE_ROOT}\stego\HILL\0.4bpp\stego\322.pgm,1,train
${BOSSBASE_ROOT}\stego\HILL\0.4bpp\stego\1381.pgm,1,train
${BOSSBASE_ROOT}\stego\HILL\0.4bpp\stego\3118.pgm,1,train
${BOSSBASE_ROOT}\cover\448.pgm,0,train
${BOSSBASE_ROOT}\stego\HILL\0.4bpp\stego\1275.pgm,1,train
${BOSSBASE_ROOT}\cover\4811.pgm,0,train
${BOSSBASE_ROOT}\stego\HILL\0.4bpp\stego\3396.pgm,1,train
${BOSSBASE_ROOT}\stego\HILL\0.4bpp\stego\3257.pgm,1,train
${BOSSBASE_ROOT}\cover\7334.pgm,0,train
${BOSSBASE_ROOT}\stego\HILL\0.4bpp\stego\9856.pgm,1,train
${BOSSBASE_ROOT}\stego\HILL\0.4bpp\stego\4609.pgm,1,train
${BOSSBASE_ROOT}\cover\6688.pgm,0,train
${BOSSBASE_ROOT}\stego\HILL\0.4bpp\stego\4271.pgm,1,train
${BOSSBASE_ROOT}\cover\4308.pgm,0,train
${BOSSBASE_ROOT}\cover\1237.pgm,0,train
${BOSSBASE_ROOT}\cover\5495.pgm,0,train
${BOSSBASE_ROOT}\cover\9151.pgm,0,train
${BOSSBASE_ROOT}\cover\815.pgm,0,train
${BOSSBASE_ROOT}\cover\2395.pgm,0,train
${BOSSBASE_ROOT}\cover\5039.pgm,0,train
${BOSSBASE_ROOT}\cover\9636.pgm,0,train
${BOSSBASE_ROOT}\cover\2027.pgm,0,train
${BOSSBASE_ROOT}\cover\770.pgm,0,train
${BOSSBASE_ROOT}\cover\6149.pgm,0,train
${BOSSBASE_ROOT}\cover\6477.pgm,0,train
${BOSSBASE_ROOT}\stego\HILL\0.4bpp\stego\3002.pgm,1,train
${BOSSBASE_ROOT}\stego\HILL\0.4bpp\stego\6297.pgm,1,train
${BOSSBASE_ROOT}\cover\4685.pgm,0,train
${BOSSBASE_ROOT}\cover\2224.pgm,0,train
${BOSSBASE_ROOT}\cover\9119.pgm,0,train
${BOSSBASE_ROOT}\stego\HILL\0.4bpp\stego\1236.pgm,1,train
${BOSSBASE_ROOT}\cover\5953.pgm,0,train
${BOSSBASE_ROOT}\stego\HILL\0.4bpp\stego\8813.pgm,1,train
${BOSSBASE_ROOT}\stego\HILL\0.4bpp\stego\5381.pgm,1,train
${BOSSBASE_ROOT}\cover\3005.pgm,0,train
${BOSSBASE_ROOT}\stego\HILL\0.4bpp\stego\2872.pgm,1,train
${BOSSBASE_ROOT}\stego\HILL\0.4bpp\stego\7618.pgm,1,train
${BOSSBASE_ROOT}\cover\7862.pgm,0,train
${BOSSBASE_ROOT}\stego\HILL\0.4bpp\stego\1216.pgm,1,train
${BOSSBASE_ROOT}\cover\7980.pgm,0,train
${BOSSBASE_ROOT}\stego\HILL\0.4bpp\stego\6823.pgm,1,train
${BOSSBASE_ROOT}\stego\HILL\0.4bpp\stego\5194.pgm,1,train
${BOSSBASE_ROOT}\stego\HILL\0.4bpp\stego\4534.pgm,1,train
${BOSSBASE_ROOT}\stego\HILL\0.4bpp\stego\7021.pgm,1,train
${BOSSBASE_ROOT}\stego\HILL\0.4bpp\stego\3340.pgm,1,train
${BOSSBASE_ROOT}\cover\4905.pgm,0,train
${BOSSBASE_ROOT}\stego\HILL\0.4bpp\stego\608.pgm,1,train
${BOSSBASE_ROOT}\stego\HILL\0.4bpp\stego\3038.pgm,1,train
${BOSSBASE_ROOT}\stego\HILL\0.4bpp\stego\3143.pgm,1,train
${BOSSBASE_ROOT}\cover\802.pgm,0,train
${BOSSBASE_ROOT}\stego\HILL\0.4bpp\stego\7410.pgm,1,train
${BOSSBASE_ROOT}\cover\1103.pgm,0,train
${BOSSBASE_ROOT}\cover\6562.pgm,0,train
${BOSSBASE_ROOT}\stego\HILL\0.4bpp\stego\680.pgm,1,train
${BOSSBASE_ROOT}\stego\HILL\0.4bpp\stego\1337.pgm,1,train
${BOSSBASE_ROOT}\stego\HILL\0.4bpp\stego\7967.pgm,1,train
${BOSSBASE_ROOT}\stego\HILL\0.4bpp\stego\7566.pgm,1,train
${BOSSBASE_ROOT}\stego\HILL\0.4bpp\stego\9921.pgm,1,train
${BOSSBASE_ROOT}\stego\HILL\0.4bpp\stego\3122.pgm,1,train
${BOSSBASE_ROOT}\stego\HILL\0.4bpp\stego\815.pgm,1,train
${BOSSBASE_ROOT}\cover\2539.pgm,0,train
${BOSSBASE_ROOT}\cover\1348.pgm,0,train
${BOSSBASE_ROOT}\stego\HILL\0.4bpp\stego\2932.pgm,1,train
${BOSSBASE_ROOT}\cover\2459.pgm,0,train
${BOSSBASE_ROOT}\cover\8054.pgm,0,train
${BOSSBASE_ROOT}\cover\5849.pgm,0,train
${BOSSBASE_ROOT}\cover\1582.pgm,0,train
${BOSSBASE_ROOT}\stego\HILL\0.4bpp\stego\2065.pgm,1,train
${BOSSBASE_ROOT}\stego\HILL\0.4bpp\stego\7068.pgm,1,train
${BOSSBASE_ROOT}\cover\6516.pgm,0,train
${BOSSBASE_ROOT}\cover\1815.pgm,0,train
${BOSSBASE_ROOT}\cover\5907.pgm,0,train
${BOSSBASE_ROOT}\stego\HILL\0.4bpp\stego\4851.pgm,1,train
${BOSSBASE_ROOT}\stego\HILL\0.4bpp\stego\2952.pgm,1,train
${BOSSBASE_ROOT}\cover\9377.pgm,0,train
${BOSSBASE_ROOT}\stego\HILL\0.4bpp\stego\9602.pgm,1,train
${BOSSBASE_ROOT}\cover\188.pgm,0,train
${BOSSBASE_ROOT}\cover\2167.pgm,0,train
${BOSSBASE_ROOT}\cover\7190.pgm,0,train
${BOSSBASE_ROOT}\cover\9333.pgm,0,train
${BOSSBASE_ROOT}\stego\HILL\0.4bpp\stego\8964.pgm,1,train
${BOSSBASE_ROOT}\cover\797.pgm,0,train
${BOSSBASE_ROOT}\stego\HILL\0.4bpp\stego\8114.pgm,1,train
${BOSSBASE_ROOT}\stego\HILL\0.4bpp\stego\7931.pgm,1,train
${BOSSBASE_ROOT}\stego\HILL\0.4bpp\stego\4397.pgm,1,train
${BOSSBASE_ROOT}\stego\HILL\0.4bpp\stego\6871.pgm,1,train
${BOSSBASE_ROOT}\stego\HILL\0.4bpp\stego\4567.pgm,1,train
${BOSSBASE_ROOT}\stego\HILL\0.4bpp\stego\3941.pgm,1,train
${BOSSBASE_ROOT}\stego\HILL\0.4bpp\stego\7955.pgm,1,train
${BOSSBASE_ROOT}\stego\HILL\0.4bpp\stego\1853.pgm,1,train
${BOSSBASE_ROOT}\cover\6619.pgm,0,train
${BOSSBASE_ROOT}\stego\HILL\0.4bpp\stego\8838.pgm,1,train
${BOSSBASE_ROOT}\cover\5007.pgm,0,train
${BOSSBASE_ROOT}\cover\9163.pgm,0,train
${BOSSBASE_ROOT}\stego\HILL\0.4bpp\stego\9092.pgm,1,train
${BOSSBASE_ROOT}\stego\HILL\0.4bpp\stego\4451.pgm,1,train
${BOSSBASE_ROOT}\stego\HILL\0.4bpp\stego\118.pgm,1,train
${BOSSBASE_ROOT}\stego\HILL\0.4bpp\stego\7042.pgm,1,train
${BOSSBASE_ROOT}\stego\HILL\0.4bpp\stego\5938.pgm,1,train
${BOSSBASE_ROOT}\cover\1802.pgm,0,train
${BOSSBASE_ROOT}\cover\569.pgm,0,train
${BOSSBASE_ROOT}\cover\4945.pgm,0,train
${BOSSBASE_ROOT}\cover\160.pgm,0,train
${BOSSBASE_ROOT}\stego\HILL\0.4bpp\stego\9900.pgm,1,train
${BOSSBASE_ROOT}\cover\1099.pgm,0,train
${BOSSBASE_ROOT}\stego\HILL\0.4bpp\stego\3197.pgm,1,train
${BOSSBASE_ROOT}\stego\HILL\0.4bpp\stego\8266.pgm,1,train
${BOSSBASE_ROOT}\stego\HILL\0.4bpp\stego\3452.pgm,1,train
${BOSSBASE_ROOT}\stego\HILL\0.4bpp\stego\2619.pgm,1,train
${BOSSBASE_ROOT}\cover\5102.pgm,0,train
${BOSSBASE_ROOT}\cover\7737.pgm,0,train
${BOSSBASE_ROOT}\cover\3671.pgm,0,train
${BOSSBASE_ROOT}\cover\9188.pgm,0,train
${BOSSBASE_ROOT}\cover\7987.pgm,0,train
${BOSSBASE_ROOT}\cover\4669.pgm,0,train
${BOSSBASE_ROOT}\stego\HILL\0.4bpp\stego\4485.pgm,1,train
${BOSSBASE_ROOT}\cover\2589.pgm,0,train
${BOSSBASE_ROOT}\stego\HILL\0.4bpp\stego\4386.pgm,1,train
${BOSSBASE_ROOT}\cover\3362.pgm,0,train
${BOSSBASE_ROOT}\stego\HILL\0.4bpp\stego\7900.pgm,1,train
${BOSSBASE_ROOT}\stego\HILL\0.4bpp\stego\6697.pgm,1,train
${BOSSBASE_ROOT}\cover\3488.pgm,0,train
${BOSSBASE_ROOT}\cover\7051.pgm,0,train
${BOSSBASE_ROOT}\stego\HILL\0.4bpp\stego\7642.pgm,1,train
${BOSSBASE_ROOT}\stego\HILL\0.4bpp\stego\5727.pgm,1,train
${BOSSBASE_ROOT}\stego\HILL\0.4bpp\stego\2394.pgm,1,train
${BOSSBASE_ROOT}\stego\HILL\0.4bpp\stego\5222.pgm,1,train
${BOSSBASE_ROOT}\cover\6938.pgm,0,train
${BOSSBASE_ROOT}\stego\HILL\0.4bpp\stego\3750.pgm,1,train
${BOSSBASE_ROOT}\stego\HILL\0.4bpp\stego\2308.pgm,1,train
${BOSSBASE_ROOT}\stego\HILL\0.4bpp\stego\2488.pgm,1,train
${BOSSBASE_ROOT}\cover\5133.pgm,0,train
${BOSSBASE_ROOT}\cover\4688.pgm,0,train
${BOSSBASE_ROOT}\cover\9974.pgm,0,train
${BOSSBASE_ROOT}\cover\2881.pgm,0,train
${BOSSBASE_ROOT}\stego\HILL\0.4bpp\stego\9095.pgm,1,train
${BOSSBASE_ROOT}\stego\HILL\0.4bpp\stego\1454.pgm,1,train
${BOSSBASE_ROOT}\cover\2016.pgm,0,train
${BOSSBASE_ROOT}\stego\HILL\0.4bpp\stego\7403.pgm,1,train
${BOSSBASE_ROOT}\stego\HILL\0.4bpp\stego\114.pgm,1,train
${BOSSBASE_ROOT}\stego\HILL\0.4bpp\stego\7011.pgm,1,train
${BOSSBASE_ROOT}\stego\HILL\0.4bpp\stego\1775.pgm,1,train
${BOSSBASE_ROOT}\cover\4161.pgm,0,train
${BOSSBASE_ROOT}\stego\HILL\0.4bpp\stego\755.pgm,1,train
${BOSSBASE_ROOT}\cover\8512.pgm,0,train
${BOSSBASE_ROOT}\stego\HILL\0.4bpp\stego\7758.pgm,1,train
${BOSSBASE_ROOT}\stego\HILL\0.4bpp\stego\6302.pgm,1,train
${BOSSBASE_ROOT}\cover\3960.pgm,0,train
${BOSSBASE_ROOT}\stego\HILL\0.4bpp\stego\5591.pgm,1,train
${BOSSBASE_ROOT}\cover\353.pgm,0,train
${BOSSBASE_ROOT}\cover\1443.pgm,0,train
${BOSSBASE_ROOT}\cover\4715.pgm,0,train
${BOSSBASE_ROOT}\cover\8786.pgm,0,train
${BOSSBASE_ROOT}\cover\1195.pgm,0,train
${BOSSBASE_ROOT}\stego\HILL\0.4bpp\stego\8137.pgm,1,train
${BOSSBASE_ROOT}\stego\HILL\0.4bpp\stego\9153.pgm,1,train
${BOSSBASE_ROOT}\stego\HILL\0.4bpp\stego\8927.pgm,1,train
${BOSSBASE_ROOT}\stego\HILL\0.4bpp\stego\2215.pgm,1,train
${BOSSBASE_ROOT}\stego\HILL\0.4bpp\stego\8382.pgm,1,train
${BOSSBASE_ROOT}\stego\HILL\0.4bpp\stego\4252.pgm,1,train
${BOSSBASE_ROOT}\cover\4602.pgm,0,train
${BOSSBASE_ROOT}\stego\HILL\0.4bpp\stego\8696.pgm,1,train
${BOSSBASE_ROOT}\cover\5677.pgm,0,train
${BOSSBASE_ROOT}\cover\9666.pgm,0,train
${BOSSBASE_ROOT}\stego\HILL\0.4bpp\stego\4644.pgm,1,train
${BOSSBASE_ROOT}\stego\HILL\0.4bpp\stego\1890.pgm,1,train
${BOSSBASE_ROOT}\stego\HILL\0.4bpp\stego\5752.pgm,1,train
${BOSSBASE_ROOT}\stego\HILL\0.4bpp\stego\9203.pgm,1,train
${BOSSBASE_ROOT}\stego\HILL\0.4bpp\stego\6709.pgm,1,train
${BOSSBASE_ROOT}\cover\685.pgm,0,train
${BOSSBASE_ROOT}\cover\431.pgm,0,train
${BOSSBASE_ROOT}\stego\HILL\0.4bpp\stego\9682.pgm,1,train
${BOSSBASE_ROOT}\stego\HILL\0.4bpp\stego\1113.pgm,1,train
${BOSSBASE_ROOT}\cover\142.pgm,0,train
${BOSSBASE_ROOT}\stego\HILL\0.4bpp\stego\3391.pgm,1,train
${BOSSBASE_ROOT}\stego\HILL\0.4bpp\stego\9605.pgm,1,train
${BOSSBASE_ROOT}\stego\HILL\0.4bpp\stego\2171.pgm,1,train
${BOSSBASE_ROOT}\stego\HILL\0.4bpp\stego\8196.pgm,1,train
${BOSSBASE_ROOT}\cover\8465.pgm,0,train
${BOSSBASE_ROOT}\cover\9162.pgm,0,train
${BOSSBASE_ROOT}\cover\658.pgm,0,train
${BOSSBASE_ROOT}\cover\8725.pgm,0,train
${BOSSBASE_ROOT}\stego\HILL\0.4bpp\stego\8519.pgm,1,train
${BOSSBASE_ROOT}\stego\HILL\0.4bpp\stego\5860.pgm,1,train
${BOSSBASE_ROOT}\cover\2382.pgm,0,train
${BOSSBASE_ROOT}\stego\HILL\0.4bpp\stego\2582.pgm,1,train
${BOSSBASE_ROOT}\cover\841.pgm,0,train
${BOSSBASE_ROOT}\stego\HILL\0.4bpp\stego\7583.pgm,1,train
${BOSSBASE_ROOT}\cover\8590.pgm,0,train
${BOSSBASE_ROOT}\stego\HILL\0.4bpp\stego\8963.pgm,1,train
${BOSSBASE_ROOT}\stego\HILL\0.4bpp\stego\2765.pgm,1,train
${BOSSBASE_ROOT}\stego\HILL\0.4bpp\stego\657.pgm,1,train
${BOSSBASE_ROOT}\stego\HILL\0.4bpp\stego\2729.pgm,1,train
${BOSSBASE_ROOT}\cover\2819.pgm,0,train
${BOSSBASE_ROOT}\cover\5896.pgm,0,train
${BOSSBASE_ROOT}\stego\HILL\0.4bpp\stego\7259.pgm,1,train
${BOSSBASE_ROOT}\stego\HILL\0.4bpp\stego\8078.pgm,1,train
${BOSSBASE_ROOT}\cover\777.pgm,0,train
${BOSSBASE_ROOT}\stego\HILL\0.4bpp\stego\7358.pgm,1,train
${BOSSBASE_ROOT}\cover\1779.pgm,0,train
${BOSSBASE_ROOT}\stego\HILL\0.4bpp\stego\9841.pgm,1,train
${BOSSBASE_ROOT}\cover\996.pgm,0,train
${BOSSBASE_ROOT}\cover\1415.pgm,0,train
${BOSSBASE_ROOT}\stego\HILL\0.4bpp\stego\6980.pgm,1,train
${BOSSBASE_ROOT}\cover\8471.pgm,0,train
${BOSSBASE_ROOT}\stego\HILL\0.4bpp\stego\7573.pgm,1,train
${BOSSBASE_ROOT}\stego\HILL\0.4bpp\stego\6960.pgm,1,train
${BOSSBASE_ROOT}\cover\3728.pgm,0,train
${BOSSBASE_ROOT}\stego\HILL\0.4bpp\stego\8067.pgm,1,train
${BOSSBASE_ROOT}\cover\369.pgm,0,train
${BOSSBASE_ROOT}\stego\HILL\0.4bpp\stego\846.pgm,1,train
${BOSSBASE_ROOT}\cover\2572.pgm,0,train
${BOSSBASE_ROOT}\stego\HILL\0.4bpp\stego\5033.pgm,1,train
${BOSSBASE_ROOT}\stego\HILL\0.4bpp\stego\2821.pgm,1,train
${BOSSBASE_ROOT}\stego\HILL\0.4bpp\stego\2329.pgm,1,train
${BOSSBASE_ROOT}\cover\4507.pgm,0,train
${BOSSBASE_ROOT}\stego\HILL\0.4bpp\stego\9648.pgm,1,train
${BOSSBASE_ROOT}\stego\HILL\0.4bpp\stego\6331.pgm,1,train
${BOSSBASE_ROOT}\stego\HILL\0.4bpp\stego\5070.pgm,1,train
${BOSSBASE_ROOT}\stego\HILL\0.4bpp\stego\3401.pgm,1,train
${BOSSBASE_ROOT}\stego\HILL\0.4bpp\stego\980.pgm,1,train
${BOSSBASE_ROOT}\stego\HILL\0.4bpp\stego\4287.pgm,1,train
${BOSSBASE_ROOT}\stego\HILL\0.4bpp\stego\2759.pgm,1,train
${BOSSBASE_ROOT}\stego\HILL\0.4bpp\stego\8907.pgm,1,train
${BOSSBASE_ROOT}\stego\HILL\0.4bpp\stego\6626.pgm,1,train
${BOSSBASE_ROOT}\stego\HILL\0.4bpp\stego\6806.pgm,1,train
${BOSSBASE_ROOT}\stego\HILL\0.4bpp\stego\1281.pgm,1,train
${BOSSBASE_ROOT}\cover\5348.pgm,0,train
${BOSSBASE_ROOT}\cover\7566.pgm,0,train
${BOSSBASE_ROOT}\cover\8229.pgm,0,train
${BOSSBASE_ROOT}\stego\HILL\0.4bpp\stego\2920.pgm,1,train
${BOSSBASE_ROOT}\stego\HILL\0.4bpp\stego\9542.pgm,1,train
${BOSSBASE_ROOT}\stego\HILL\0.4bpp\stego\9385.pgm,1,train
${BOSSBASE_ROOT}\cover\8968.pgm,0,train
${BOSSBASE_ROOT}\stego\HILL\0.4bpp\stego\2137.pgm,1,train
${BOSSBASE_ROOT}\cover\1705.pgm,0,train
${BOSSBASE_ROOT}\cover\2711.pgm,0,train
${BOSSBASE_ROOT}\stego\HILL\0.4bpp\stego\5269.pgm,1,train
${BOSSBASE_ROOT}\cover\4944.pgm,0,train
${BOSSBASE_ROOT}\stego\HILL\0.4bpp\stego\8646.pgm,1,train
${BOSSBASE_ROOT}\stego\HILL\0.4bpp\stego\4526.pgm,1,train
${BOSSBASE_ROOT}\stego\HILL\0.4bpp\stego\3239.pgm,1,train
${BOSSBASE_ROOT}\stego\HILL\0.4bpp\stego\2104.pgm,1,train
${BOSSBASE_ROOT}\stego\HILL\0.4bpp\stego\210.pgm,1,train
${BOSSBASE_ROOT}\stego\HILL\0.4bpp\stego\52.pgm,1,train
${BOSSBASE_ROOT}\stego\HILL\0.4bpp\stego\674.pgm,1,train
${BOSSBASE_ROOT}\cover\1530.pgm,0,train
${BOSSBASE_ROOT}\cover\9763.pgm,0,train
${BOSSBASE_ROOT}\stego\HILL\0.4bpp\stego\124.pgm,1,train
${BOSSBASE_ROOT}\stego\HILL\0.4bpp\stego\9326.pgm,1,train
${BOSSBASE_ROOT}\stego\HILL\0.4bpp\stego\5651.pgm,1,train
${BOSSBASE_ROOT}\cover\6016.pgm,0,train
${BOSSBASE_ROOT}\cover\4410.pgm,0,train
${BOSSBASE_ROOT}\cover\8543.pgm,0,train
${BOSSBASE_ROOT}\cover\4750.pgm,0,train
${BOSSBASE_ROOT}\stego\HILL\0.4bpp\stego\4577.pgm,1,train
${BOSSBASE_ROOT}\cover\8638.pgm,0,train
${BOSSBASE_ROOT}\stego\HILL\0.4bpp\stego\1932.pgm,1,train
${BOSSBASE_ROOT}\stego\HILL\0.4bpp\stego\8053.pgm,1,train
${BOSSBASE_ROOT}\cover\8083.pgm,0,train
${BOSSBASE_ROOT}\cover\8040.pgm,0,train
${BOSSBASE_ROOT}\cover\417.pgm,0,train
${BOSSBASE_ROOT}\stego\HILL\0.4bpp\stego\3833.pgm,1,train
${BOSSBASE_ROOT}\cover\5951.pgm,0,train
${BOSSBASE_ROOT}\stego\HILL\0.4bpp\stego\1373.pgm,1,train
${BOSSBASE_ROOT}\cover\8661.pgm,0,train
${BOSSBASE_ROOT}\cover\7099.pgm,0,train
${BOSSBASE_ROOT}\cover\4793.pgm,0,train
${BOSSBASE_ROOT}\cover\9071.pgm,0,train
${BOSSBASE_ROOT}\stego\HILL\0.4bpp\stego\5726.pgm,1,train
${BOSSBASE_ROOT}\stego\HILL\0.4bpp\stego\6958.pgm,1,train
${BOSSBASE_ROOT}\cover\8406.pgm,0,train
${BOSSBASE_ROOT}\stego\HILL\0.4bpp\stego\4772.pgm,1,train
${BOSSBASE_ROOT}\cover\7418.pgm,0,train
${BOSSBASE_ROOT}\cover\192.pgm,0,train
${BOSSBASE_ROOT}\cover\1570.pgm,0,train
${BOSSBASE_ROOT}\cover\1492.pgm,0,train
${BOSSBASE_ROOT}\stego\HILL\0.4bpp\stego\9066.pgm,1,train
${BOSSBASE_ROOT}\stego\HILL\0.4bpp\stego\3724.pgm,1,train
${BOSSBASE_ROOT}\stego\HILL\0.4bpp\stego\7702.pgm,1,train
${BOSSBASE_ROOT}\cover\1625.pgm,0,train
${BOSSBASE_ROOT}\cover\1505.pgm,0,train
${BOSSBASE_ROOT}\stego\HILL\0.4bpp\stego\9806.pgm,1,train
${BOSSBASE_ROOT}\cover\1208.pgm,0,train
${BOSSBASE_ROOT}\cover\7543.pgm,0,train
${BOSSBASE_ROOT}\cover\7403.pgm,0,train
${BOSSBASE_ROOT}\stego\HILL\0.4bpp\stego\9012.pgm,1,train
${BOSSBASE_ROOT}\cover\4331.pgm,0,train
${BOSSBASE_ROOT}\stego\HILL\0.4bpp\stego\555.pgm,1,train
${BOSSBASE_ROOT}\stego\HILL\0.4bpp\stego\5233.pgm,1,train
${BOSSBASE_ROOT}\stego\HILL\0.4bpp\stego\1354.pgm,1,train
${BOSSBASE_ROOT}\stego\HILL\0.4bpp\stego\4755.pgm,1,train
${BOSSBASE_ROOT}\cover\5696.pgm,0,train
${BOSSBASE_ROOT}\stego\HILL\0.4bpp\stego\836.pgm,1,train
${BOSSBASE_ROOT}\cover\4947.pgm,0,train
${BOSSBASE_ROOT}\cover\8118.pgm,0,train
${BOSSBASE_ROOT}\stego\HILL\0.4bpp\stego\4390.pgm,1,train
${BOSSBASE_ROOT}\stego\HILL\0.4bpp\stego\2083.pgm,1,train
${BOSSBASE_ROOT}\cover\5829.pgm,0,train
${BOSSBASE_ROOT}\cover\7559.pgm,0,train
${BOSSBASE_ROOT}\cover\2324.pgm,0,train
${BOSSBASE_ROOT}\cover\9548.pgm,0,train
${BOSSBASE_ROOT}\stego\HILL\0.4bpp\stego\9852.pgm,1,train
${BOSSBASE_ROOT}\cover\9480.pgm,0,train
${BOSSBASE_ROOT}\cover\9902.pgm,0,train
${BOSSBASE_ROOT}\stego\HILL\0.4bpp\stego\5124.pgm,1,train
${BOSSBASE_ROOT}\cover\6274.pgm,0,train
${BOSSBASE_ROOT}\stego\HILL\0.4bpp\stego\5218.pgm,1,train
${BOSSBASE_ROOT}\stego\HILL\0.4bpp\stego\5844.pgm,1,train
${BOSSBASE_ROOT}\stego\HILL\0.4bpp\stego\6614.pgm,1,train
${BOSSBASE_ROOT}\cover\1119.pgm,0,train
${BOSSBASE_ROOT}\stego\HILL\0.4bpp\stego\5055.pgm,1,train
${BOSSBASE_ROOT}\cover\2593.pgm,0,train
${BOSSBASE_ROOT}\stego\HILL\0.4bpp\stego\9691.pgm,1,train
${BOSSBASE_ROOT}\cover\1095.pgm,0,train
${BOSSBASE_ROOT}\cover\1949.pgm,0,train
${BOSSBASE_ROOT}\cover\166.pgm,0,train
${BOSSBASE_ROOT}\stego\HILL\0.4bpp\stego\7693.pgm,1,train
${BOSSBASE_ROOT}\stego\HILL\0.4bpp\stego\5889.pgm,1,train
${BOSSBASE_ROOT}\stego\HILL\0.4bpp\stego\856.pgm,1,train
${BOSSBASE_ROOT}\cover\5993.pgm,0,train
${BOSSBASE_ROOT}\cover\2757.pgm,0,train
${BOSSBASE_ROOT}\stego\HILL\0.4bpp\stego\4751.pgm,1,train
${BOSSBASE_ROOT}\stego\HILL\0.4bpp\stego\3243.pgm,1,train
${BOSSBASE_ROOT}\stego\HILL\0.4bpp\stego\7535.pgm,1,train
${BOSSBASE_ROOT}\cover\3704.pgm,0,train
${BOSSBASE_ROOT}\cover\5186.pgm,0,train
${BOSSBASE_ROOT}\cover\1057.pgm,0,train
${BOSSBASE_ROOT}\stego\HILL\0.4bpp\stego\3483.pgm,1,train
${BOSSBASE_ROOT}\stego\HILL\0.4bpp\stego\5582.pgm,1,train
${BOSSBASE_ROOT}\cover\5614.pgm,0,train
${BOSSBASE_ROOT}\stego\HILL\0.4bpp\stego\2751.pgm,1,train
${BOSSBASE_ROOT}\stego\HILL\0.4bpp\stego\4056.pgm,1,train
${BOSSBASE_ROOT}\stego\HILL\0.4bpp\stego\2908.pgm,1,train
${BOSSBASE_ROOT}\cover\9576.pgm,0,train
${BOSSBASE_ROOT}\cover\273.pgm,0,train
${BOSSBASE_ROOT}\cover\1147.pgm,0,train
${BOSSBASE_ROOT}\stego\HILL\0.4bpp\stego\8046.pgm,1,train
${BOSSBASE_ROOT}\stego\HILL\0.4bpp\stego\4524.pgm,1,train
${BOSSBASE_ROOT}\stego\HILL\0.4bpp\stego\3646.pgm,1,train
${BOSSBASE_ROOT}\cover\437.pgm,0,train
${BOSSBASE_ROOT}\cover\5522.pgm,0,train
${BOSSBASE_ROOT}\stego\HILL\0.4bpp\stego\9238.pgm,1,train
${BOSSBASE_ROOT}\cover\2765.pgm,0,train
${BOSSBASE_ROOT}\cover\8939.pgm,0,train
${BOSSBASE_ROOT}\stego\HILL\0.4bpp\stego\6258.pgm,1,train
${BOSSBASE_ROOT}\cover\3267.pgm,0,train
${BOSSBASE_ROOT}\stego\HILL\0.4bpp\stego\9919.pgm,1,train
${BOSSBASE_ROOT}\stego\HILL\0.4bpp\stego\4675.pgm,1,train
${BOSSBASE_ROOT}\cover\80.pgm,0,train
${BOSSBASE_ROOT}\cover\407.pgm,0,train
${BOSSBASE_ROOT}\stego\HILL\0.4bpp\stego\5365.pgm,1,train
${BOSSBASE_ROOT}\cover\8140.pgm,0,train
${BOSSBASE_ROOT}\cover\4200.pgm,0,train
${BOSSBASE_ROOT}\cover\8367.pgm,0,train
${BOSSBASE_ROOT}\cover\9654.pgm,0,train
${BOSSBASE_ROOT}\cover\3924.pgm,0,train
${BOSSBASE_ROOT}\stego\HILL\0.4bpp\stego\4114.pgm,1,train
${BOSSBASE_ROOT}\stego\HILL\0.4bpp\stego\4967.pgm,1,train
${BOSSBASE_ROOT}\stego\HILL\0.4bpp\stego\167.pgm,1,train
${BOSSBASE_ROOT}\stego\HILL\0.4bpp\stego\4135.pgm,1,train
${BOSSBASE_ROOT}\stego\HILL\0.4bpp\stego\4318.pgm,1,train
${BOSSBASE_ROOT}\stego\HILL\0.4bpp\stego\4299.pgm,1,train
${BOSSBASE_ROOT}\cover\780.pgm,0,train
${BOSSBASE_ROOT}\cover\2839.pgm,0,train
${BOSSBASE_ROOT}\stego\HILL\0.4bpp\stego\9970.pgm,1,train
${BOSSBASE_ROOT}\cover\4352.pgm,0,train
${BOSSBASE_ROOT}\cover\2060.pgm,0,train
${BOSSBASE_ROOT}\stego\HILL\0.4bpp\stego\4262.pgm,1,train
${BOSSBASE_ROOT}\stego\HILL\0.4bpp\stego\4595.pgm,1,train
${BOSSBASE_ROOT}\cover\5433.pgm,0,train
${BOSSBASE_ROOT}\cover\60.pgm,0,train
${BOSSBASE_ROOT}\cover\3554.pgm,0,train
${BOSSBASE_ROOT}\stego\HILL\0.4bpp\stego\1245.pgm,1,train
${BOSSBASE_ROOT}\stego\HILL\0.4bpp\stego\3479.pgm,1,train
${BOSSBASE_ROOT}\stego\HILL\0.4bpp\stego\3446.pgm,1,train
${BOSSBASE_ROOT}\stego\HILL\0.4bpp\stego\4172.pgm,1,train
${BOSSBASE_ROOT}\stego\HILL\0.4bpp\stego\3402.pgm,1,train
${BOSSBASE_ROOT}\stego\HILL\0.4bpp\stego\7586.pgm,1,train
${BOSSBASE_ROOT}\cover\6356.pgm,0,train
${BOSSBASE_ROOT}\stego\HILL\0.4bpp\stego\883.pgm,1,train
${BOSSBASE_ROOT}\cover\3128.pgm,0,train
${BOSSBASE_ROOT}\cover\2359.pgm,0,train
${BOSSBASE_ROOT}\stego\HILL\0.4bpp\stego\6216.pgm,1,train
${BOSSBASE_ROOT}\stego\HILL\0.4bpp\stego\8701.pgm,1,train
${BOSSBASE_ROOT}\cover\457.pgm,0,train
${BOSSBASE_ROOT}\cover\9722.pgm,0,train
${BOSSBASE_ROOT}\stego\HILL\0.4bpp\stego\3042.pgm,1,train
${BOSSBASE_ROOT}\cover\4867.pgm,0,train
${BOSSBASE_ROOT}\stego\HILL\0.4bpp\stego\3100.pgm,1,train
${BOSSBASE_ROOT}\stego\HILL\0.4bpp\stego\2572.pgm,1,train
${BOSSBASE_ROOT}\cover\7379.pgm,0,train
${BOSSBASE_ROOT}\stego\HILL\0.4bpp\stego\712.pgm,1,train
${BOSSBASE_ROOT}\cover\4027.pgm,0,train
${BOSSBASE_ROOT}\cover\4446.pgm,0,train
${BOSSBASE_ROOT}\cover\5390.pgm,0,train
${BOSSBASE_ROOT}\stego\HILL\0.4bpp\stego\721.pgm,1,train
${BOSSBASE_ROOT}\cover\855.pgm,0,train
${BOSSBASE_ROOT}\cover\2256.pgm,0,train
${BOSSBASE_ROOT}\stego\HILL\0.4bpp\stego\5547.pgm,1,train
${BOSSBASE_ROOT}\stego\HILL\0.4bpp\stego\9178.pgm,1,train
${BOSSBASE_ROOT}\stego\HILL\0.4bpp\stego\2167.pgm,1,train
${BOSSBASE_ROOT}\stego\HILL\0.4bpp\stego\6834.pgm,1,train
${BOSSBASE_ROOT}\stego\HILL\0.4bpp\stego\53.pgm,1,train
${BOSSBASE_ROOT}\stego\HILL\0.4bpp\stego\6077.pgm,1,train
${BOSSBASE_ROOT}\stego\HILL\0.4bpp\stego\7288.pgm,1,train
${BOSSBASE_ROOT}\cover\1564.pgm,0,train
${BOSSBASE_ROOT}\cover\3006.pgm,0,train
${BOSSBASE_ROOT}\cover\724.pgm,0,train
${BOSSBASE_ROOT}\cover\250.pgm,0,train
${BOSSBASE_ROOT}\stego\HILL\0.4bpp\stego\7465.pgm,1,train
${BOSSBASE_ROOT}\stego\HILL\0.4bpp\stego\4701.pgm,1,train
${BOSSBASE_ROOT}\cover\1526.pgm,0,train
${BOSSBASE_ROOT}\cover\3737.pgm,0,train
${BOSSBASE_ROOT}\stego\HILL\0.4bpp\stego\9535.pgm,1,train
${BOSSBASE_ROOT}\cover\7210.pgm,0,train
${BOSSBASE_ROOT}\cover\3535.pgm,0,train
${BOSSBASE_ROOT}\stego\HILL\0.4bpp\stego\8298.pgm,1,train
${BOSSBASE_ROOT}\stego\HILL\0.4bpp\stego\2242.pgm,1,train
${BOSSBASE_ROOT}\stego\HILL\0.4bpp\stego\14.pgm,1,train
${BOSSBASE_ROOT}\cover\1896.pgm,0,train
${BOSSBASE_ROOT}\cover\2152.pgm,0,train
${BOSSBASE_ROOT}\stego\HILL\0.4bpp\stego\7749.pgm,1,train
${BOSSBASE_ROOT}\stego\HILL\0.4bpp\stego\4113.pgm,1,train
${BOSSBASE_ROOT}\stego\HILL\0.4bpp\stego\9451.pgm,1,train
${BOSSBASE_ROOT}\stego\HILL\0.4bpp\stego\1910.pgm,1,train
${BOSSBASE_ROOT}\cover\558.pgm,0,train
${BOSSBASE_ROOT}\cover\2648.pgm,0,train
${BOSSBASE_ROOT}\cover\6283.pgm,0,train
${BOSSBASE_ROOT}\stego\HILL\0.4bpp\stego\9981.pgm,1,train
${BOSSBASE_ROOT}\cover\2590.pgm,0,train
${BOSSBASE_ROOT}\stego\HILL\0.4bpp\stego\2036.pgm,1,train
${BOSSBASE_ROOT}\cover\7463.pgm,0,train
${BOSSBASE_ROOT}\cover\9661.pgm,0,train
${BOSSBASE_ROOT}\cover\6244.pgm,0,train
${BOSSBASE_ROOT}\stego\HILL\0.4bpp\stego\7548.pgm,1,train
${BOSSBASE_ROOT}\cover\6543.pgm,0,train
${BOSSBASE_ROOT}\stego\HILL\0.4bpp\stego\2377.pgm,1,train
${BOSSBASE_ROOT}\cover\8544.pgm,0,train
${BOSSBASE_ROOT}\cover\8783.pgm,0,train
${BOSSBASE_ROOT}\stego\HILL\0.4bpp\stego\5769.pgm,1,train
${BOSSBASE_ROOT}\cover\402.pgm,0,train
${BOSSBASE_ROOT}\stego\HILL\0.4bpp\stego\9321.pgm,1,train
${BOSSBASE_ROOT}\stego\HILL\0.4bpp\stego\3544.pgm,1,train
${BOSSBASE_ROOT}\stego\HILL\0.4bpp\stego\9409.pgm,1,train
${BOSSBASE_ROOT}\stego\HILL\0.4bpp\stego\2707.pgm,1,train
${BOSSBASE_ROOT}\cover\9903.pgm,0,train
${BOSSBASE_ROOT}\stego\HILL\0.4bpp\stego\434.pgm,1,train
${BOSSBASE_ROOT}\stego\HILL\0.4bpp\stego\6563.pgm,1,train
${BOSSBASE_ROOT}\cover\6597.pgm,0,train
${BOSSBASE_ROOT}\cover\5449.pgm,0,train
${BOSSBASE_ROOT}\cover\9689.pgm,0,train
${BOSSBASE_ROOT}\stego\HILL\0.4bpp\stego\6496.pgm,1,train
${BOSSBASE_ROOT}\cover\6905.pgm,0,train
${BOSSBASE_ROOT}\cover\7647.pgm,0,train
${BOSSBASE_ROOT}\stego\HILL\0.4bpp\stego\9801.pgm,1,train
${BOSSBASE_ROOT}\stego\HILL\0.4bpp\stego\1145.pgm,1,train
${BOSSBASE_ROOT}\cover\8966.pgm,0,train
${BOSSBASE_ROOT}\cover\4593.pgm,0,train
${BOSSBASE_ROOT}\cover\6252.pgm,0,train
${BOSSBASE_ROOT}\cover\5695.pgm,0,train
${BOSSBASE_ROOT}\cover\6227.pgm,0,train
${BOSSBASE_ROOT}\stego\HILL\0.4bpp\stego\4657.pgm,1,train
${BOSSBASE_ROOT}\cover\4173.pgm,0,train
${BOSSBASE_ROOT}\stego\HILL\0.4bpp\stego\7924.pgm,1,train
${BOSSBASE_ROOT}\cover\5482.pgm,0,train
${BOSSBASE_ROOT}\stego\HILL\0.4bpp\stego\3873.pgm,1,train
${BOSSBASE_ROOT}\stego\HILL\0.4bpp\stego\3924.pgm,1,train
${BOSSBASE_ROOT}\stego\HILL\0.4bpp\stego\9782.pgm,1,train
${BOSSBASE_ROOT}\cover\2242.pgm,0,train
${BOSSBASE_ROOT}\cover\1035.pgm,0,train
${BOSSBASE_ROOT}\cover\3353.pgm,0,train
${BOSSBASE_ROOT}\cover\8520.pgm,0,train
${BOSSBASE_ROOT}\cover\3918.pgm,0,train
${BOSSBASE_ROOT}\stego\HILL\0.4bpp\stego\9300.pgm,1,train
${BOSSBASE_ROOT}\cover\1446.pgm,0,train
${BOSSBASE_ROOT}\stego\HILL\0.4bpp\stego\8779.pgm,1,train
${BOSSBASE_ROOT}\stego\HILL\0.4bpp\stego\8080.pgm,1,train
${BOSSBASE_ROOT}\cover\8431.pgm,0,train
${BOSSBASE_ROOT}\stego\HILL\0.4bpp\stego\1498.pgm,1,train
${BOSSBASE_ROOT}\cover\6234.pgm,0,train
${BOSSBASE_ROOT}\stego\HILL\0.4bpp\stego\9025.pgm,1,train
${BOSSBASE_ROOT}\cover\1701.pgm,0,train
${BOSSBASE_ROOT}\cover\4596.pgm,0,train
${BOSSBASE_ROOT}\cover\5769.pgm,0,train
${BOSSBASE_ROOT}\stego\HILL\0.4bpp\stego\3949.pgm,1,train
${BOSSBASE_ROOT}\cover\1497.pgm,0,train
${BOSSBASE_ROOT}\stego\HILL\0.4bpp\stego\1428.pgm,1,train
${BOSSBASE_ROOT}\cover\3611.pgm,0,train
${BOSSBASE_ROOT}\stego\HILL\0.4bpp\stego\532.pgm,1,train
${BOSSBASE_ROOT}\stego\HILL\0.4bpp\stego\9456.pgm,1,train
${BOSSBASE_ROOT}\cover\378.pgm,0,train
${BOSSBASE_ROOT}\cover\7058.pgm,0,train
${BOSSBASE_ROOT}\stego\HILL\0.4bpp\stego\6116.pgm,1,train
${BOSSBASE_ROOT}\cover\309.pgm,0,train
${BOSSBASE_ROOT}\stego\HILL\0.4bpp\stego\7285.pgm,1,train
${BOSSBASE_ROOT}\cover\260.pgm,0,train
${BOSSBASE_ROOT}\cover\109.pgm,0,train
${BOSSBASE_ROOT}\stego\HILL\0.4bpp\stego\4151.pgm,1,train
${BOSSBASE_ROOT}\stego\HILL\0.4bpp\stego\9244.pgm,1,train
${BOSSBASE_ROOT}\stego\HILL\0.4bpp\stego\6483.pgm,1,train
${BOSSBASE_ROOT}\stego\HILL\0.4bpp\stego\8246.pgm,1,train
${BOSSBASE_ROOT}\stego\HILL\0.4bpp\stego\9717.pgm,1,train
${BOSSBASE_ROOT}\cover\9634.pgm,0,train
${BOSSBASE_ROOT}\stego\HILL\0.4bpp\stego\3462.pgm,1,train
${BOSSBASE_ROOT}\cover\7355.pgm,0,train
${BOSSBASE_ROOT}\stego\HILL\0.4bpp\stego\2791.pgm,1,train
${BOSSBASE_ROOT}\stego\HILL\0.4bpp\stego\5951.pgm,1,train
${BOSSBASE_ROOT}\cover\6280.pgm,0,train
${BOSSBASE_ROOT}\stego\HILL\0.4bpp\stego\4830.pgm,1,train
${BOSSBASE_ROOT}\stego\HILL\0.4bpp\stego\9059.pgm,1,train
${BOSSBASE_ROOT}\cover\4942.pgm,0,train
${BOSSBASE_ROOT}\stego\HILL\0.4bpp\stego\9920.pgm,1,train
${BOSSBASE_ROOT}\stego\HILL\0.4bpp\stego\1226.pgm,1,train
${BOSSBASE_ROOT}\stego\HILL\0.4bpp\stego\2127.pgm,1,train
${BOSSBASE_ROOT}\stego\HILL\0.4bpp\stego\5633.pgm,1,train
${BOSSBASE_ROOT}\cover\8456.pgm,0,train
${BOSSBASE_ROOT}\stego\HILL\0.4bpp\stego\705.pgm,1,train
${BOSSBASE_ROOT}\cover\5228.pgm,0,train
${BOSSBASE_ROOT}\stego\HILL\0.4bpp\stego\369.pgm,1,train
${BOSSBASE_ROOT}\stego\HILL\0.4bpp\stego\2783.pgm,1,train
${BOSSBASE_ROOT}\cover\672.pgm,0,train
${BOSSBASE_ROOT}\stego\HILL\0.4bpp\stego\6324.pgm,1,train
${BOSSBASE_ROOT}\stego\HILL\0.4bpp\stego\9931.pgm,1,train
${BOSSBASE_ROOT}\stego\HILL\0.4bpp\stego\1258.pgm,1,train
${BOSSBASE_ROOT}\stego\HILL\0.4bpp\stego\2915.pgm,1,train
${BOSSBASE_ROOT}\stego\HILL\0.4bpp\stego\2424.pgm,1,train
${BOSSBASE_ROOT}\cover\8522.pgm,0,train
${BOSSBASE_ROOT}\stego\HILL\0.4bpp\stego\4441.pgm,1,train
${BOSSBASE_ROOT}\stego\HILL\0.4bpp\stego\9927.pgm,1,train
${BOSSBASE_ROOT}\stego\HILL\0.4bpp\stego\6268.pgm,1,train
${BOSSBASE_ROOT}\cover\4472.pgm,0,train
${BOSSBASE_ROOT}\cover\3413.pgm,0,train
${BOSSBASE_ROOT}\cover\9797.pgm,0,train
${BOSSBASE_ROOT}\cover\7028.pgm,0,train
${BOSSBASE_ROOT}\cover\5531.pgm,0,train
${BOSSBASE_ROOT}\cover\1910.pgm,0,train
${BOSSBASE_ROOT}\stego\HILL\0.4bpp\stego\4218.pgm,1,train
${BOSSBASE_ROOT}\stego\HILL\0.4bpp\stego\9292.pgm,1,train
${BOSSBASE_ROOT}\stego\HILL\0.4bpp\stego\3776.pgm,1,train
${BOSSBASE_ROOT}\cover\6659.pgm,0,train
${BOSSBASE_ROOT}\cover\9197.pgm,0,train
${BOSSBASE_ROOT}\cover\3113.pgm,0,train
${BOSSBASE_ROOT}\stego\HILL\0.4bpp\stego\4806.pgm,1,train
${BOSSBASE_ROOT}\cover\4211.pgm,0,train
${BOSSBASE_ROOT}\stego\HILL\0.4bpp\stego\7621.pgm,1,train
${BOSSBASE_ROOT}\stego\HILL\0.4bpp\stego\7025.pgm,1,train
${BOSSBASE_ROOT}\cover\5061.pgm,0,train
${BOSSBASE_ROOT}\cover\3952.pgm,0,train
${BOSSBASE_ROOT}\stego\HILL\0.4bpp\stego\1896.pgm,1,train
${BOSSBASE_ROOT}\stego\HILL\0.4bpp\stego\4934.pgm,1,train
${BOSSBASE_ROOT}\cover\255.pgm,0,train
${BOSSBASE_ROOT}\cover\2762.pgm,0,train
${BOSSBASE_ROOT}\stego\HILL\0.4bpp\stego\7462.pgm,1,train
${BOSSBASE_ROOT}\cover\1052.pgm,0,train
${BOSSBASE_ROOT}\cover\3161.pgm,0,train
${BOSSBASE_ROOT}\stego\HILL\0.4bpp\stego\2516.pgm,1,train
${BOSSBASE_ROOT}\stego\HILL\0.4bpp\stego\4235.pgm,1,train
${BOSSBASE_ROOT}\cover\4875.pgm,0,train
${BOSSBASE_ROOT}\cover\6894.pgm,0,train
${BOSSBASE_ROOT}\cover\3153.pgm,0,train
${BOSSBASE_ROOT}\stego\HILL\0.4bpp\stego\2656.pgm,1,train
${BOSSBASE_ROOT}\stego\HILL\0.4bpp\stego\3184.pgm,1,train
${BOSSBASE_ROOT}\stego\HILL\0.4bpp\stego\5716.pgm,1,train
${BOSSBASE_ROOT}\cover\8895.pgm,0,train
${BOSSBASE_ROOT}\cover\4605.pgm,0,train
${BOSSBASE_ROOT}\cover\1714.pgm,0,train
${BOSSBASE_ROOT}\stego\HILL\0.4bpp\stego\1990.pgm,1,train
${BOSSBASE_ROOT}\cover\6606.pgm,0,train
${BOSSBASE_ROOT}\cover\5185.pgm,0,train
${BOSSBASE_ROOT}\stego\HILL\0.4bpp\stego\675.pgm,1,train
${BOSSBASE_ROOT}\stego\HILL\0.4bpp\stego\3626.pgm,1,train
${BOSSBASE_ROOT}\cover\4009.pgm,0,train
${BOSSBASE_ROOT}\cover\7030.pgm,0,train
${BOSSBASE_ROOT}\cover\8133.pgm,0,train
${BOSSBASE_ROOT}\cover\6623.pgm,0,train
${BOSSBASE_ROOT}\cover\1467.pgm,0,train
${BOSSBASE_ROOT}\cover\2591.pgm,0,train
${BOSSBASE_ROOT}\cover\6400.pgm,0,train
${BOSSBASE_ROOT}\cover\1122.pgm,0,train
${BOSSBASE_ROOT}\cover\8867.pgm,0,train
${BOSSBASE_ROOT}\cover\1607.pgm,0,train
${BOSSBASE_ROOT}\stego\HILL\0.4bpp\stego\1573.pgm,1,train
${BOSSBASE_ROOT}\stego\HILL\0.4bpp\stego\3441.pgm,1,train
${BOSSBASE_ROOT}\cover\307.pgm,0,train
${BOSSBASE_ROOT}\stego\HILL\0.4bpp\stego\6012.pgm,1,train
${BOSSBASE_ROOT}\stego\HILL\0.4bpp\stego\8468.pgm,1,train
${BOSSBASE_ROOT}\cover\7080.pgm,0,train
${BOSSBASE_ROOT}\cover\5139.pgm,0,train
${BOSSBASE_ROOT}\cover\5607.pgm,0,train
${BOSSBASE_ROOT}\cover\4092.pgm,0,train
${BOSSBASE_ROOT}\cover\5455.pgm,0,train
${BOSSBASE_ROOT}\cover\7445.pgm,0,train
${BOSSBASE_ROOT}\cover\1473.pgm,0,train
${BOSSBASE_ROOT}\cover\2378.pgm,0,train
${BOSSBASE_ROOT}\stego\HILL\0.4bpp\stego\4639.pgm,1,train
${BOSSBASE_ROOT}\cover\3579.pgm,0,train
${BOSSBASE_ROOT}\cover\4964.pgm,0,train
${BOSSBASE_ROOT}\cover\6570.pgm,0,train
${BOSSBASE_ROOT}\cover\7867.pgm,0,train
${BOSSBASE_ROOT}\cover\4280.pgm,0,train
${BOSSBASE_ROOT}\stego\HILL\0.4bpp\stego\1515.pgm,1,train
${BOSSBASE_ROOT}\cover\7493.pgm,0,train
${BOSSBASE_ROOT}\stego\HILL\0.4bpp\stego\1566.pgm,1,train
${BOSSBASE_ROOT}\cover\7450.pgm,0,train
${BOSSBASE_ROOT}\stego\HILL\0.4bpp\stego\5772.pgm,1,train
${BOSSBASE_ROOT}\stego\HILL\0.4bpp\stego\6343.pgm,1,train
${BOSSBASE_ROOT}\cover\2943.pgm,0,train
${BOSSBASE_ROOT}\stego\HILL\0.4bpp\stego\6663.pgm,1,train
${BOSSBASE_ROOT}\cover\9543.pgm,0,train
${BOSSBASE_ROOT}\stego\HILL\0.4bpp\stego\7244.pgm,1,train
${BOSSBASE_ROOT}\stego\HILL\0.4bpp\stego\8474.pgm,1,train
${BOSSBASE_ROOT}\cover\2980.pgm,0,train
${BOSSBASE_ROOT}\stego\HILL\0.4bpp\stego\5260.pgm,1,train
${BOSSBASE_ROOT}\stego\HILL\0.4bpp\stego\4608.pgm,1,train
${BOSSBASE_ROOT}\stego\HILL\0.4bpp\stego\8536.pgm,1,train
${BOSSBASE_ROOT}\stego\HILL\0.4bpp\stego\5698.pgm,1,train
${BOSSBASE_ROOT}\stego\HILL\0.4bpp\stego\667.pgm,1,train
${BOSSBASE_ROOT}\stego\HILL\0.4bpp\stego\1189.pgm,1,train
${BOSSBASE_ROOT}\stego\HILL\0.4bpp\stego\7209.pgm,1,train
${BOSSBASE_ROOT}\stego\HILL\0.4bpp\stego\8805.pgm,1,train
${BOSSBASE_ROOT}\stego\HILL\0.4bpp\stego\2532.pgm,1,train
${BOSSBASE_ROOT}\stego\HILL\0.4bpp\stego\1519.pgm,1,train
${BOSSBASE_ROOT}\stego\HILL\0.4bpp\stego\9120.pgm,1,train
${BOSSBASE_ROOT}\cover\8136.pgm,0,train
${BOSSBASE_ROOT}\cover\1680.pgm,0,train
${BOSSBASE_ROOT}\cover\8716.pgm,0,train
${BOSSBASE_ROOT}\stego\HILL\0.4bpp\stego\7917.pgm,1,train
${BOSSBASE_ROOT}\stego\HILL\0.4bpp\stego\2012.pgm,1,train
${BOSSBASE_ROOT}\cover\1485.pgm,0,train
${BOSSBASE_ROOT}\stego\HILL\0.4bpp\stego\5195.pgm,1,train
${BOSSBASE_ROOT}\stego\HILL\0.4bpp\stego\5910.pgm,1,train
${BOSSBASE_ROOT}\cover\7735.pgm,0,train
${BOSSBASE_ROOT}\stego\HILL\0.4bpp\stego\8314.pgm,1,train
${BOSSBASE_ROOT}\stego\HILL\0.4bpp\stego\4697.pgm,1,train
${BOSSBASE_ROOT}\stego\HILL\0.4bpp\stego\7221.pgm,1,train
${BOSSBASE_ROOT}\cover\1557.pgm,0,train
${BOSSBASE_ROOT}\stego\HILL\0.4bpp\stego\1464.pgm,1,train
${BOSSBASE_ROOT}\stego\HILL\0.4bpp\stego\5016.pgm,1,train
${BOSSBASE_ROOT}\cover\1878.pgm,0,train
${BOSSBASE_ROOT}\cover\716.pgm,0,train
${BOSSBASE_ROOT}\cover\8864.pgm,0,train
${BOSSBASE_ROOT}\cover\3001.pgm,0,train
${BOSSBASE_ROOT}\cover\9458.pgm,0,train
${BOSSBASE_ROOT}\stego\HILL\0.4bpp\stego\8390.pgm,1,train
${BOSSBASE_ROOT}\stego\HILL\0.4bpp\stego\6408.pgm,1,train
${BOSSBASE_ROOT}\cover\4010.pgm,0,train
${BOSSBASE_ROOT}\stego\HILL\0.4bpp\stego\2460.pgm,1,train
${BOSSBASE_ROOT}\stego\HILL\0.4bpp\stego\4533.pgm,1,train
${BOSSBASE_ROOT}\stego\HILL\0.4bpp\stego\7422.pgm,1,train
${BOSSBASE_ROOT}\stego\HILL\0.4bpp\stego\1921.pgm,1,train
${BOSSBASE_ROOT}\cover\6143.pgm,0,train
${BOSSBASE_ROOT}\stego\HILL\0.4bpp\stego\3605.pgm,1,train
${BOSSBASE_ROOT}\stego\HILL\0.4bpp\stego\9383.pgm,1,train
${BOSSBASE_ROOT}\stego\HILL\0.4bpp\stego\9457.pgm,1,train
${BOSSBASE_ROOT}\stego\HILL\0.4bpp\stego\2663.pgm,1,train
${BOSSBASE_ROOT}\stego\HILL\0.4bpp\stego\9724.pgm,1,train
${BOSSBASE_ROOT}\cover\8360.pgm,0,train
${BOSSBASE_ROOT}\stego\HILL\0.4bpp\stego\7211.pgm,1,train
${BOSSBASE_ROOT}\stego\HILL\0.4bpp\stego\9150.pgm,1,train
${BOSSBASE_ROOT}\cover\7574.pgm,0,train
${BOSSBASE_ROOT}\stego\HILL\0.4bpp\stego\9017.pgm,1,train
${BOSSBASE_ROOT}\stego\HILL\0.4bpp\stego\4440.pgm,1,train
${BOSSBASE_ROOT}\stego\HILL\0.4bpp\stego\3103.pgm,1,train
${BOSSBASE_ROOT}\cover\9581.pgm,0,train
${BOSSBASE_ROOT}\stego\HILL\0.4bpp\stego\545.pgm,1,train
${BOSSBASE_ROOT}\cover\9418.pgm,0,train
${BOSSBASE_ROOT}\cover\8247.pgm,0,train
${BOSSBASE_ROOT}\stego\HILL\0.4bpp\stego\4576.pgm,1,train
${BOSSBASE_ROOT}\stego\HILL\0.4bpp\stego\4225.pgm,1,train
${BOSSBASE_ROOT}\stego\HILL\0.4bpp\stego\8317.pgm,1,train
${BOSSBASE_ROOT}\stego\HILL\0.4bpp\stego\9543.pgm,1,train
${BOSSBASE_ROOT}\stego\HILL\0.4bpp\stego\9591.pgm,1,train
${BOSSBASE_ROOT}\stego\HILL\0.4bpp\stego\8635.pgm,1,train
${BOSSBASE_ROOT}\stego\HILL\0.4bpp\stego\7246.pgm,1,train
${BOSSBASE_ROOT}\stego\HILL\0.4bpp\stego\6901.pgm,1,train
${BOSSBASE_ROOT}\stego\HILL\0.4bpp\stego\5007.pgm,1,train
${BOSSBASE_ROOT}\cover\8611.pgm,0,train
${BOSSBASE_ROOT}\stego\HILL\0.4bpp\stego\2857.pgm,1,train
${BOSSBASE_ROOT}\cover\4501.pgm,0,train
${BOSSBASE_ROOT}\stego\HILL\0.4bpp\stego\1949.pgm,1,train
${BOSSBASE_ROOT}\cover\2334.pgm,0,train
${BOSSBASE_ROOT}\cover\4648.pgm,0,train
${BOSSBASE_ROOT}\stego\HILL\0.4bpp\stego\5392.pgm,1,train
${BOSSBASE_ROOT}\cover\7976.pgm,0,train
${BOSSBASE_ROOT}\cover\8081.pgm,0,train
${BOSSBASE_ROOT}\cover\888.pgm,0,train
${BOSSBASE_ROOT}\cover\7900.pgm,0,train
${BOSSBASE_ROOT}\stego\HILL\0.4bpp\stego\3146.pgm,1,train
${BOSSBASE_ROOT}\cover\7298.pgm,0,train
${BOSSBASE_ROOT}\cover\5377.pgm,0,train
${BOSSBASE_ROOT}\stego\HILL\0.4bpp\stego\7497.pgm,1,train
${BOSSBASE_ROOT}\stego\HILL\0.4bpp\stego\6845.pgm,1,train
${BOSSBASE_ROOT}\stego\HILL\0.4bpp\stego\146.pgm,1,train
${BOSSBASE_ROOT}\cover\9960.pgm,0,train
${BOSSBASE_ROOT}\stego\HILL\0.4bpp\stego\7591.pgm,1,train
${BOSSBASE_ROOT}\cover\6393.pgm,0,train
${BOSSBASE_ROOT}\stego\HILL\0.4bpp\stego\4742.pgm,1,train
${BOSSBASE_ROOT}\cover\5000.pgm,0,train
${BOSSBASE_ROOT}\cover\8760.pgm,0,train
${BOSSBASE_ROOT}\cover\3868.pgm,0,train
${BOSSBASE_ROOT}\cover\288.pgm,0,train
${BOSSBASE_ROOT}\stego\HILL\0.4bpp\stego\6018.pgm,1,train
${BOSSBASE_ROOT}\cover\9628.pgm,0,train
${BOSSBASE_ROOT}\stego\HILL\0.4bpp\stego\3125.pgm,1,train
${BOSSBASE_ROOT}\cover\6785.pgm,0,train
${BOSSBASE_ROOT}\stego\HILL\0.4bpp\stego\6168.pgm,1,train
${BOSSBASE_ROOT}\cover\4834.pgm,0,train
${BOSSBASE_ROOT}\cover\6075.pgm,0,train
${BOSSBASE_ROOT}\cover\9386.pgm,0,train
${BOSSBASE_ROOT}\stego\HILL\0.4bpp\stego\1429.pgm,1,train
${BOSSBASE_ROOT}\cover\2428.pgm,0,train
${BOSSBASE_ROOT}\cover\6618.pgm,0,train
${BOSSBASE_ROOT}\cover\7588.pgm,0,train
${BOSSBASE_ROOT}\stego\HILL\0.4bpp\stego\620.pgm,1,train
${BOSSBASE_ROOT}\cover\7278.pgm,0,train
${BOSSBASE_ROOT}\stego\HILL\0.4bpp\stego\6599.pgm,1,train
${BOSSBASE_ROOT}\cover\122.pgm,0,train
${BOSSBASE_ROOT}\stego\HILL\0.4bpp\stego\7541.pgm,1,train
${BOSSBASE_ROOT}\cover\5760.pgm,0,train
${BOSSBASE_ROOT}\stego\HILL\0.4bpp\stego\2780.pgm,1,train
${BOSSBASE_ROOT}\stego\HILL\0.4bpp\stego\4867.pgm,1,train
${BOSSBASE_ROOT}\cover\4829.pgm,0,train
${BOSSBASE_ROOT}\cover\401.pgm,0,train
${BOSSBASE_ROOT}\stego\HILL\0.4bpp\stego\9434.pgm,1,train
${BOSSBASE_ROOT}\stego\HILL\0.4bpp\stego\6862.pgm,1,train
${BOSSBASE_ROOT}\stego\HILL\0.4bpp\stego\8762.pgm,1,train
${BOSSBASE_ROOT}\cover\7369.pgm,0,train
${BOSSBASE_ROOT}\stego\HILL\0.4bpp\stego\8542.pgm,1,train
${BOSSBASE_ROOT}\stego\HILL\0.4bpp\stego\5798.pgm,1,train
${BOSSBASE_ROOT}\cover\5238.pgm,0,train
${BOSSBASE_ROOT}\cover\7886.pgm,0,train
${BOSSBASE_ROOT}\stego\HILL\0.4bpp\stego\1628.pgm,1,train
${BOSSBASE_ROOT}\cover\7029.pgm,0,train
${BOSSBASE_ROOT}\cover\8012.pgm,0,train
${BOSSBASE_ROOT}\stego\HILL\0.4bpp\stego\4022.pgm,1,train
${BOSSBASE_ROOT}\cover\4865.pgm,0,train
${BOSSBASE_ROOT}\cover\3191.pgm,0,train
${BOSSBASE_ROOT}\stego\HILL\0.4bpp\stego\6453.pgm,1,train
${BOSSBASE_ROOT}\stego\HILL\0.4bpp\stego\1099.pgm,1,train
${BOSSBASE_ROOT}\stego\HILL\0.4bpp\stego\7082.pgm,1,train
${BOSSBASE_ROOT}\stego\HILL\0.4bpp\stego\7629.pgm,1,train
${BOSSBASE_ROOT}\stego\HILL\0.4bpp\stego\4824.pgm,1,train
${BOSSBASE_ROOT}\stego\HILL\0.4bpp\stego\3188.pgm,1,train
${BOSSBASE_ROOT}\cover\6919.pgm,0,train
${BOSSBASE_ROOT}\cover\5009.pgm,0,train
${BOSSBASE_ROOT}\cover\5880.pgm,0,train
${BOSSBASE_ROOT}\stego\HILL\0.4bpp\stego\226.pgm,1,train
${BOSSBASE_ROOT}\stego\HILL\0.4bpp\stego\6625.pgm,1,train
${BOSSBASE_ROOT}\cover\8808.pgm,0,train
${BOSSBASE_ROOT}\stego\HILL\0.4bpp\stego\6974.pgm,1,train
${BOSSBASE_ROOT}\stego\HILL\0.4bpp\stego\9533.pgm,1,train
${BOSSBASE_ROOT}\stego\HILL\0.4bpp\stego\4952.pgm,1,train
${BOSSBASE_ROOT}\stego\HILL\0.4bpp\stego\2191.pgm,1,train
${BOSSBASE_ROOT}\stego\HILL\0.4bpp\stego\6058.pgm,1,train
${BOSSBASE_ROOT}\stego\HILL\0.4bpp\stego\8324.pgm,1,train
${BOSSBASE_ROOT}\cover\8300.pgm,0,train
${BOSSBASE_ROOT}\stego\HILL\0.4bpp\stego\9132.pgm,1,train
${BOSSBASE_ROOT}\cover\7161.pgm,0,train
${BOSSBASE_ROOT}\stego\HILL\0.4bpp\stego\567.pgm,1,train
${BOSSBASE_ROOT}\stego\HILL\0.4bpp\stego\1652.pgm,1,train
${BOSSBASE_ROOT}\stego\HILL\0.4bpp\stego\1077.pgm,1,train
${BOSSBASE_ROOT}\cover\9416.pgm,0,train
${BOSSBASE_ROOT}\cover\9712.pgm,0,train
${BOSSBASE_ROOT}\cover\3178.pgm,0,train
${BOSSBASE_ROOT}\cover\1079.pgm,0,train
${BOSSBASE_ROOT}\stego\HILL\0.4bpp\stego\7436.pgm,1,train
${BOSSBASE_ROOT}\cover\8605.pgm,0,train
${BOSSBASE_ROOT}\cover\7027.pgm,0,train
${BOSSBASE_ROOT}\stego\HILL\0.4bpp\stego\7344.pgm,1,train
${BOSSBASE_ROOT}\stego\HILL\0.4bpp\stego\7596.pgm,1,train
${BOSSBASE_ROOT}\cover\3091.pgm,0,train
${BOSSBASE_ROOT}\cover\3085.pgm,0,train
${BOSSBASE_ROOT}\stego\HILL\0.4bpp\stego\4517.pgm,1,train
${BOSSBASE_ROOT}\stego\HILL\0.4bpp\stego\5101.pgm,1,train
${BOSSBASE_ROOT}\stego\HILL\0.4bpp\stego\2474.pgm,1,train
${BOSSBASE_ROOT}\cover\5992.pgm,0,train
${BOSSBASE_ROOT}\cover\5137.pgm,0,train
${BOSSBASE_ROOT}\stego\HILL\0.4bpp\stego\2931.pgm,1,train
${BOSSBASE_ROOT}\stego\HILL\0.4bpp\stego\1740.pgm,1,train
${BOSSBASE_ROOT}\cover\6634.pgm,0,train
${BOSSBASE_ROOT}\cover\7660.pgm,0,train
${BOSSBASE_ROOT}\cover\102.pgm,0,train
${BOSSBASE_ROOT}\cover\7880.pgm,0,train
${BOSSBASE_ROOT}\cover\2594.pgm,0,train
${BOSSBASE_ROOT}\cover\4767.pgm,0,train
${BOSSBASE_ROOT}\stego\HILL\0.4bpp\stego\3636.pgm,1,train
${BOSSBASE_ROOT}\stego\HILL\0.4bpp\stego\8979.pgm,1,train
${BOSSBASE_ROOT}\cover\7776.pgm,0,train
${BOSSBASE_ROOT}\cover\7940.pgm,0,train
${BOSSBASE_ROOT}\cover\1380.pgm,0,train
${BOSSBASE_ROOT}\cover\1870.pgm,0,train
${BOSSBASE_ROOT}\cover\7458.pgm,0,train
${BOSSBASE_ROOT}\stego\HILL\0.4bpp\stego\8748.pgm,1,train
${BOSSBASE_ROOT}\cover\5230.pgm,0,train
${BOSSBASE_ROOT}\cover\4358.pgm,0,train
${BOSSBASE_ROOT}\cover\2190.pgm,0,train
${BOSSBASE_ROOT}\stego\HILL\0.4bpp\stego\6184.pgm,1,train
${BOSSBASE_ROOT}\cover\6946.pgm,0,train
${BOSSBASE_ROOT}\cover\3773.pgm,0,train
${BOSSBASE_ROOT}\stego\HILL\0.4bpp\stego\2438.pgm,1,train
${BOSSBASE_ROOT}\stego\HILL\0.4bpp\stego\6439.pgm,1,train
${BOSSBASE_ROOT}\cover\1034.pgm,0,train
${BOSSBASE_ROOT}\stego\HILL\0.4bpp\stego\2763.pgm,1,train
${BOSSBASE_ROOT}\cover\7002.pgm,0,train
${BOSSBASE_ROOT}\stego\HILL\0.4bpp\stego\5380.pgm,1,train
${BOSSBASE_ROOT}\stego\HILL\0.4bpp\stego\4942.pgm,1,train
${BOSSBASE_ROOT}\cover\6912.pgm,0,train
${BOSSBASE_ROOT}\cover\2959.pgm,0,train
${BOSSBASE_ROOT}\cover\7177.pgm,0,train
${BOSSBASE_ROOT}\stego\HILL\0.4bpp\stego\2407.pgm,1,train
${BOSSBASE_ROOT}\cover\5824.pgm,0,train
${BOSSBASE_ROOT}\cover\346.pgm,0,train
${BOSSBASE_ROOT}\stego\HILL\0.4bpp\stego\2691.pgm,1,train
${BOSSBASE_ROOT}\cover\6337.pgm,0,train
${BOSSBASE_ROOT}\stego\HILL\0.4bpp\stego\9374.pgm,1,train
${BOSSBASE_ROOT}\cover\2098.pgm,0,train
${BOSSBASE_ROOT}\stego\HILL\0.4bpp\stego\2635.pgm,1,train
${BOSSBASE_ROOT}\stego\HILL\0.4bpp\stego\2612.pgm,1,train
${BOSSBASE_ROOT}\stego\HILL\0.4bpp\stego\1807.pgm,1,train
${BOSSBASE_ROOT}\stego\HILL\0.4bpp\stego\9507.pgm,1,train
${BOSSBASE_ROOT}\cover\3034.pgm,0,train
${BOSSBASE_ROOT}\stego\HILL\0.4bpp\stego\494.pgm,1,train
${BOSSBASE_ROOT}\cover\2809.pgm,0,train
${BOSSBASE_ROOT}\stego\HILL\0.4bpp\stego\921.pgm,1,train
${BOSSBASE_ROOT}\cover\5398.pgm,0,train
${BOSSBASE_ROOT}\cover\7653.pgm,0,train
${BOSSBASE_ROOT}\cover\7771.pgm,0,train
${BOSSBASE_ROOT}\cover\4789.pgm,0,train
${BOSSBASE_ROOT}\cover\9994.pgm,0,train
${BOSSBASE_ROOT}\stego\HILL\0.4bpp\stego\5645.pgm,1,train
${BOSSBASE_ROOT}\stego\HILL\0.4bpp\stego\8747.pgm,1,train
${BOSSBASE_ROOT}\cover\7630.pgm,0,train
${BOSSBASE_ROOT}\cover\6112.pgm,0,train
${BOSSBASE_ROOT}\cover\89.pgm,0,train
${BOSSBASE_ROOT}\cover\3785.pgm,0,train
${BOSSBASE_ROOT}\stego\HILL\0.4bpp\stego\3360.pgm,1,train
${BOSSBASE_ROOT}\stego\HILL\0.4bpp\stego\6729.pgm,1,train
${BOSSBASE_ROOT}\cover\3722.pgm,0,train
${BOSSBASE_ROOT}\cover\3189.pgm,0,train
${BOSSBASE_ROOT}\cover\8941.pgm,0,train
${BOSSBASE_ROOT}\cover\8697.pgm,0,train
${BOSSBASE_ROOT}\stego\HILL\0.4bpp\stego\417.pgm,1,train
${BOSSBASE_ROOT}\stego\HILL\0.4bpp\stego\2250.pgm,1,train
${BOSSBASE_ROOT}\cover\2823.pgm,0,train
${BOSSBASE_ROOT}\stego\HILL\0.4bpp\stego\8015.pgm,1,train
${BOSSBASE_ROOT}\stego\HILL\0.4bpp\stego\3375.pgm,1,train
${BOSSBASE_ROOT}\stego\HILL\0.4bpp\stego\6019.pgm,1,train
${BOSSBASE_ROOT}\stego\HILL\0.4bpp\stego\7419.pgm,1,train
${BOSSBASE_ROOT}\stego\HILL\0.4bpp\stego\3163.pgm,1,train
${BOSSBASE_ROOT}\stego\HILL\0.4bpp\stego\8863.pgm,1,train
${BOSSBASE_ROOT}\cover\7116.pgm,0,train
${BOSSBASE_ROOT}\stego\HILL\0.4bpp\stego\5581.pgm,1,train
${BOSSBASE_ROOT}\cover\8626.pgm,0,train
${BOSSBASE_ROOT}\cover\1021.pgm,0,train
${BOSSBASE_ROOT}\stego\HILL\0.4bpp\stego\6446.pgm,1,train
${BOSSBASE_ROOT}\cover\9213.pgm,0,train
${BOSSBASE_ROOT}\cover\1563.pgm,0,train
${BOSSBASE_ROOT}\cover\3914.pgm,0,train
${BOSSBASE_ROOT}\cover\9568.pgm,0,train
${BOSSBASE_ROOT}\stego\HILL\0.4bpp\stego\6547.pgm,1,train
${BOSSBASE_ROOT}\stego\HILL\0.4bpp\stego\2375.pgm,1,train
${BOSSBASE_ROOT}\cover\318.pgm,0,train
${BOSSBASE_ROOT}\stego\HILL\0.4bpp\stego\2959.pgm,1,train
${BOSSBASE_ROOT}\cover\1597.pgm,0,train
${BOSSBASE_ROOT}\stego\HILL\0.4bpp\stego\9336.pgm,1,train
${BOSSBASE_ROOT}\cover\5905.pgm,0,train
${BOSSBASE_ROOT}\cover\5929.pgm,0,train
${BOSSBASE_ROOT}\cover\9262.pgm,0,train
${BOSSBASE_ROOT}\stego\HILL\0.4bpp\stego\373.pgm,1,train
${BOSSBASE_ROOT}\cover\9535.pgm,0,train
${BOSSBASE_ROOT}\stego\HILL\0.4bpp\stego\7166.pgm,1,train
${BOSSBASE_ROOT}\cover\6817.pgm,0,train
${BOSSBASE_ROOT}\cover\8822.pgm,0,train
${BOSSBASE_ROOT}\stego\HILL\0.4bpp\stego\2925.pgm,1,train
${BOSSBASE_ROOT}\cover\99.pgm,0,train
${BOSSBASE_ROOT}\stego\HILL\0.4bpp\stego\7332.pgm,1,train
${BOSSBASE_ROOT}\cover\8228.pgm,0,train
${BOSSBASE_ROOT}\cover\5669.pgm,0,train
${BOSSBASE_ROOT}\cover\5180.pgm,0,train
${BOSSBASE_ROOT}\stego\HILL\0.4bpp\stego\1230.pgm,1,train
${BOSSBASE_ROOT}\cover\7479.pgm,0,train
${BOSSBASE_ROOT}\cover\9815.pgm,0,train
${BOSSBASE_ROOT}\stego\HILL\0.4bpp\stego\7980.pgm,1,train
${BOSSBASE_ROOT}\cover\8186.pgm,0,train
${BOSSBASE_ROOT}\cover\8903.pgm,0,train
${BOSSBASE_ROOT}\stego\HILL\0.4bpp\stego\5648.pgm,1,train
${BOSSBASE_ROOT}\cover\6098.pgm,0,train
${BOSSBASE_ROOT}\cover\8149.pgm,0,train
${BOSSBASE_ROOT}\stego\HILL\0.4bpp\stego\3746.pgm,1,train
${BOSSBASE_ROOT}\stego\HILL\0.4bpp\stego\3503.pgm,1,train
${BOSSBASE_ROOT}\stego\HILL\0.4bpp\stego\5024.pgm,1,train
${BOSSBASE_ROOT}\stego\HILL\0.4bpp\stego\9114.pgm,1,train
${BOSSBASE_ROOT}\stego\HILL\0.4bpp\stego\9048.pgm,1,train
${BOSSBASE_ROOT}\cover\6413.pgm,0,train
${BOSSBASE_ROOT}\cover\712.pgm,0,train
${BOSSBASE_ROOT}\stego\HILL\0.4bpp\stego\802.pgm,1,train
${BOSSBASE_ROOT}\cover\2038.pgm,0,train
${BOSSBASE_ROOT}\cover\9062.pgm,0,train
${BOSSBASE_ROOT}\cover\1431.pgm,0,train
${BOSSBASE_ROOT}\cover\7672.pgm,0,train
${BOSSBASE_ROOT}\cover\3039.pgm,0,train
${BOSSBASE_ROOT}\cover\5481.pgm,0,train
${BOSSBASE_ROOT}\stego\HILL\0.4bpp\stego\9108.pgm,1,train
${BOSSBASE_ROOT}\stego\HILL\0.4bpp\stego\9368.pgm,1,train
${BOSSBASE_ROOT}\stego\HILL\0.4bpp\stego\137.pgm,1,train
${BOSSBASE_ROOT}\cover\7612.pgm,0,train
${BOSSBASE_ROOT}\stego\HILL\0.4bpp\stego\5719.pgm,1,train
${BOSSBASE_ROOT}\cover\7323.pgm,0,train
${BOSSBASE_ROOT}\cover\1525.pgm,0,train
${BOSSBASE_ROOT}\stego\HILL\0.4bpp\stego\6875.pgm,1,train
${BOSSBASE_ROOT}\cover\3753.pgm,0,train
${BOSSBASE_ROOT}\stego\HILL\0.4bpp\stego\9118.pgm,1,train
${BOSSBASE_ROOT}\cover\2864.pgm,0,train
${BOSSBASE_ROOT}\cover\4267.pgm,0,train
${BOSSBASE_ROOT}\cover\9195.pgm,0,train
${BOSSBASE_ROOT}\stego\HILL\0.4bpp\stego\3629.pgm,1,train
${BOSSBASE_ROOT}\stego\HILL\0.4bpp\stego\5768.pgm,1,train
${BOSSBASE_ROOT}\stego\HILL\0.4bpp\stego\5975.pgm,1,train
${BOSSBASE_ROOT}\cover\687.pgm,0,train
${BOSSBASE_ROOT}\cover\7111.pgm,0,train
${BOSSBASE_ROOT}\stego\HILL\0.4bpp\stego\3676.pgm,1,train
${BOSSBASE_ROOT}\cover\7228.pgm,0,train
${BOSSBASE_ROOT}\stego\HILL\0.4bpp\stego\894.pgm,1,train
${BOSSBASE_ROOT}\cover\2227.pgm,0,train
${BOSSBASE_ROOT}\cover\879.pgm,0,train
${BOSSBASE_ROOT}\cover\3187.pgm,0,train
${BOSSBASE_ROOT}\stego\HILL\0.4bpp\stego\7724.pgm,1,train
${BOSSBASE_ROOT}\cover\5084.pgm,0,train
${BOSSBASE_ROOT}\cover\4493.pgm,0,train
${BOSSBASE_ROOT}\cover\2462.pgm,0,train
${BOSSBASE_ROOT}\stego\HILL\0.4bpp\stego\2609.pgm,1,train
${BOSSBASE_ROOT}\stego\HILL\0.4bpp\stego\7311.pgm,1,train
${BOSSBASE_ROOT}\stego\HILL\0.4bpp\stego\2371.pgm,1,train
${BOSSBASE_ROOT}\cover\5314.pgm,0,train
${BOSSBASE_ROOT}\cover\8602.pgm,0,train
${BOSSBASE_ROOT}\stego\HILL\0.4bpp\stego\5164.pgm,1,train
${BOSSBASE_ROOT}\cover\5818.pgm,0,train
${BOSSBASE_ROOT}\cover\9874.pgm,0,train
${BOSSBASE_ROOT}\cover\3917.pgm,0,train
${BOSSBASE_ROOT}\stego\HILL\0.4bpp\stego\2837.pgm,1,train
${BOSSBASE_ROOT}\cover\3931.pgm,0,train
${BOSSBASE_ROOT}\cover\2818.pgm,0,train
${BOSSBASE_ROOT}\cover\9943.pgm,0,train
${BOSSBASE_ROOT}\stego\HILL\0.4bpp\stego\1148.pgm,1,train
${BOSSBASE_ROOT}\stego\HILL\0.4bpp\stego\6426.pgm,1,train
${BOSSBASE_ROOT}\cover\6091.pgm,0,train
${BOSSBASE_ROOT}\cover\7722.pgm,0,train
${BOSSBASE_ROOT}\stego\HILL\0.4bpp\stego\9104.pgm,1,train
${BOSSBASE_ROOT}\cover\4479.pgm,0,train
${BOSSBASE_ROOT}\stego\HILL\0.4bpp\stego\7029.pgm,1,train
${BOSSBASE_ROOT}\stego\HILL\0.4bpp\stego\8207.pgm,1,train
${BOSSBASE_ROOT}\stego\HILL\0.4bpp\stego\4375.pgm,1,train
${BOSSBASE_ROOT}\stego\HILL\0.4bpp\stego\8787.pgm,1,train
${BOSSBASE_ROOT}\stego\HILL\0.4bpp\stego\9887.pgm,1,train
${BOSSBASE_ROOT}\cover\3228.pgm,0,train
${BOSSBASE_ROOT}\cover\9186.pgm,0,train
${BOSSBASE_ROOT}\cover\8487.pgm,0,train
${BOSSBASE_ROOT}\cover\7005.pgm,0,train
${BOSSBASE_ROOT}\cover\3979.pgm,0,train
${BOSSBASE_ROOT}\stego\HILL\0.4bpp\stego\6463.pgm,1,train
${BOSSBASE_ROOT}\cover\4911.pgm,0,train
${BOSSBASE_ROOT}\stego\HILL\0.4bpp\stego\6607.pgm,1,train
${BOSSBASE_ROOT}\cover\7679.pgm,0,train
${BOSSBASE_ROOT}\cover\9387.pgm,0,train
${BOSSBASE_ROOT}\cover\1292.pgm,0,train
${BOSSBASE_ROOT}\stego\HILL\0.4bpp\stego\2685.pgm,1,train
${BOSSBASE_ROOT}\cover\1491.pgm,0,train
${BOSSBASE_ROOT}\cover\7952.pgm,0,train
${BOSSBASE_ROOT}\cover\5947.pgm,0,train
${BOSSBASE_ROOT}\stego\HILL\0.4bpp\stego\8028.pgm,1,train
${BOSSBASE_ROOT}\stego\HILL\0.4bpp\stego\6467.pgm,1,train
${BOSSBASE_ROOT}\stego\HILL\0.4bpp\stego\2226.pgm,1,train
${BOSSBASE_ROOT}\stego\HILL\0.4bpp\stego\9208.pgm,1,train
${BOSSBASE_ROOT}\stego\HILL\0.4bpp\stego\4564.pgm,1,train
${BOSSBASE_ROOT}\cover\5715.pgm,0,train
${BOSSBASE_ROOT}\cover\1502.pgm,0,train
${BOSSBASE_ROOT}\cover\5283.pgm,0,train
${BOSSBASE_ROOT}\stego\HILL\0.4bpp\stego\5866.pgm,1,train
${BOSSBASE_ROOT}\cover\7846.pgm,0,train
${BOSSBASE_ROOT}\cover\2978.pgm,0,train
${BOSSBASE_ROOT}\stego\HILL\0.4bpp\stego\8050.pgm,1,train
${BOSSBASE_ROOT}\cover\587.pgm,0,train
${BOSSBASE_ROOT}\cover\6873.pgm,0,train
${BOSSBASE_ROOT}\stego\HILL\0.4bpp\stego\3694.pgm,1,train
${BOSSBASE_ROOT}\stego\HILL\0.4bpp\stego\5732.pgm,1,train
${BOSSBASE_ROOT}\stego\HILL\0.4bpp\stego\8486.pgm,1,train
${BOSSBASE_ROOT}\cover\4426.pgm,0,train
${BOSSBASE_ROOT}\cover\1887.pgm,0,train
${BOSSBASE_ROOT}\cover\9518.pgm,0,train
${BOSSBASE_ROOT}\stego\HILL\0.4bpp\stego\4506.pgm,1,train
${BOSSBASE_ROOT}\stego\HILL\0.4bpp\stego\8100.pgm,1,train
${BOSSBASE_ROOT}\stego\HILL\0.4bpp\stego\3029.pgm,1,train
${BOSSBASE_ROOT}\stego\HILL\0.4bpp\stego\4846.pgm,1,train
${BOSSBASE_ROOT}\stego\HILL\0.4bpp\stego\1122.pgm,1,train
${BOSSBASE_ROOT}\stego\HILL\0.4bpp\stego\1708.pgm,1,train
${BOSSBASE_ROOT}\cover\9806.pgm,0,train
${BOSSBASE_ROOT}\cover\5621.pgm,0,train
${BOSSBASE_ROOT}\stego\HILL\0.4bpp\stego\2441.pgm,1,train
${BOSSBASE_ROOT}\stego\HILL\0.4bpp\stego\6400.pgm,1,train
${BOSSBASE_ROOT}\stego\HILL\0.4bpp\stego\1273.pgm,1,train
${BOSSBASE_ROOT}\stego\HILL\0.4bpp\stego\889.pgm,1,train
${BOSSBASE_ROOT}\cover\9133.pgm,0,train
${BOSSBASE_ROOT}\cover\181.pgm,0,train
${BOSSBASE_ROOT}\cover\1150.pgm,0,train
${BOSSBASE_ROOT}\cover\6963.pgm,0,train
${BOSSBASE_ROOT}\cover\3120.pgm,0,train
${BOSSBASE_ROOT}\stego\HILL\0.4bpp\stego\9516.pgm,1,train
${BOSSBASE_ROOT}\stego\HILL\0.4bpp\stego\4121.pgm,1,train
${BOSSBASE_ROOT}\stego\HILL\0.4bpp\stego\6977.pgm,1,train
${BOSSBASE_ROOT}\cover\8103.pgm,0,train
${BOSSBASE_ROOT}\cover\725.pgm,0,train
${BOSSBASE_ROOT}\cover\9573.pgm,0,train
${BOSSBASE_ROOT}\cover\4631.pgm,0,train
${BOSSBASE_ROOT}\stego\HILL\0.4bpp\stego\9495.pgm,1,train
${BOSSBASE_ROOT}\stego\HILL\0.4bpp\stego\3484.pgm,1,train
${BOSSBASE_ROOT}\stego\HILL\0.4bpp\stego\5940.pgm,1,train
${BOSSBASE_ROOT}\cover\5060.pgm,0,train
${BOSSBASE_ROOT}\cover\8592.pgm,0,train
${BOSSBASE_ROOT}\stego\HILL\0.4bpp\stego\7604.pgm,1,train
${BOSSBASE_ROOT}\cover\29.pgm,0,train
${BOSSBASE_ROOT}\cover\4204.pgm,0,train
${BOSSBASE_ROOT}\stego\HILL\0.4bpp\stego\8375.pgm,1,train
${BOSSBASE_ROOT}\stego\HILL\0.4bpp\stego\3689.pgm,1,train
${BOSSBASE_ROOT}\stego\HILL\0.4bpp\stego\7920.pgm,1,train
${BOSSBASE_ROOT}\stego\HILL\0.4bpp\stego\9785.pgm,1,train
${BOSSBASE_ROOT}\cover\1741.pgm,0,train
${BOSSBASE_ROOT}\stego\HILL\0.4bpp\stego\5355.pgm,1,train
${BOSSBASE_ROOT}\stego\HILL\0.4bpp\stego\4596.pgm,1,train
${BOSSBASE_ROOT}\cover\6485.pgm,0,train
${BOSSBASE_ROOT}\cover\1822.pgm,0,train
${BOSSBASE_ROOT}\cover\5871.pgm,0,train
${BOSSBASE_ROOT}\cover\8571.pgm,0,train
${BOSSBASE_ROOT}\stego\HILL\0.4bpp\stego\6394.pgm,1,train
${BOSSBASE_ROOT}\stego\HILL\0.4bpp\stego\364.pgm,1,train
${BOSSBASE_ROOT}\stego\HILL\0.4bpp\stego\4098.pgm,1,train
${BOSSBASE_ROOT}\cover\31.pgm,0,train
${BOSSBASE_ROOT}\cover\9723.pgm,0,train
${BOSSBASE_ROOT}\cover\6983.pgm,0,train
${BOSSBASE_ROOT}\stego\HILL\0.4bpp\stego\4974.pgm,1,train
${BOSSBASE_ROOT}\stego\HILL\0.4bpp\stego\8597.pgm,1,train
${BOSSBASE_ROOT}\stego\HILL\0.4bpp\stego\4725.pgm,1,train
${BOSSBASE_ROOT}\cover\1873.pgm,0,train
${BOSSBASE_ROOT}\stego\HILL\0.4bpp\stego\8293.pgm,1,train
${BOSSBASE_ROOT}\stego\HILL\0.4bpp\stego\2163.pgm,1,train
${BOSSBASE_ROOT}\stego\HILL\0.4bpp\stego\9652.pgm,1,train
${BOSSBASE_ROOT}\cover\1427.pgm,0,train
${BOSSBASE_ROOT}\cover\1319.pgm,0,train
${BOSSBASE_ROOT}\cover\7118.pgm,0,train
${BOSSBASE_ROOT}\cover\6035.pgm,0,train
${BOSSBASE_ROOT}\cover\6726.pgm,0,train
${BOSSBASE_ROOT}\stego\HILL\0.4bpp\stego\5887.pgm,1,train
${BOSSBASE_ROOT}\cover\728.pgm,0,train
${BOSSBASE_ROOT}\cover\3654.pgm,0,train
${BOSSBASE_ROOT}\stego\HILL\0.4bpp\stego\5664.pgm,1,train
${BOSSBASE_ROOT}\stego\HILL\0.4bpp\stego\6449.pgm,1,train
${BOSSBASE_ROOT}\cover\2582.pgm,0,train
${BOSSBASE_ROOT}\cover\2008.pgm,0,train
${BOSSBASE_ROOT}\cover\8961.pgm,0,train
${BOSSBASE_ROOT}\stego\HILL\0.4bpp\stego\8606.pgm,1,train
${BOSSBASE_ROOT}\stego\HILL\0.4bpp\stego\3630.pgm,1,train
${BOSSBASE_ROOT}\stego\HILL\0.4bpp\stego\9040.pgm,1,train
${BOSSBASE_ROOT}\cover\1770.pgm,0,train
${BOSSBASE_ROOT}\stego\HILL\0.4bpp\stego\1585.pgm,1,train
${BOSSBASE_ROOT}\cover\1272.pgm,0,train
${BOSSBASE_ROOT}\stego\HILL\0.4bpp\stego\1562.pgm,1,train
${BOSSBASE_ROOT}\stego\HILL\0.4bpp\stego\19.pgm,1,train
${BOSSBASE_ROOT}\cover\3167.pgm,0,train
${BOSSBASE_ROOT}\cover\2262.pgm,0,train
${BOSSBASE_ROOT}\cover\8248.pgm,0,train
${BOSSBASE_ROOT}\stego\HILL\0.4bpp\stego\3877.pgm,1,train
${BOSSBASE_ROOT}\stego\HILL\0.4bpp\stego\244.pgm,1,train
${BOSSBASE_ROOT}\cover\9415.pgm,0,train
${BOSSBASE_ROOT}\cover\8442.pgm,0,train
${BOSSBASE_ROOT}\stego\HILL\0.4bpp\stego\1584.pgm,1,train
${BOSSBASE_ROOT}\stego\HILL\0.4bpp\stego\8026.pgm,1,train
${BOSSBASE_ROOT}\cover\1650.pgm,0,train
${BOSSBASE_ROOT}\stego\HILL\0.4bpp\stego\6279.pgm,1,train
${BOSSBASE_ROOT}\cover\3797.pgm,0,train
${BOSSBASE_ROOT}\cover\7393.pgm,0,train
${BOSSBASE_ROOT}\stego\HILL\0.4bpp\stego\4741.pgm,1,train
${BOSSBASE_ROOT}\cover\7188.pgm,0,train
${BOSSBASE_ROOT}\stego\HILL\0.4bpp\stego\3589.pgm,1,train
${BOSSBASE_ROOT}\stego\HILL\0.4bpp\stego\2227.pgm,1,train
${BOSSBASE_ROOT}\stego\HILL\0.4bpp\stego\9420.pgm,1,train
${BOSSBASE_ROOT}\stego\HILL\0.4bpp\stego\5800.pgm,1,train
${BOSSBASE_ROOT}\cover\7408.pgm,0,train
${BOSSBASE_ROOT}\stego\HILL\0.4bpp\stego\9356.pgm,1,train
${BOSSBASE_ROOT}\cover\4847.pgm,0,train
${BOSSBASE_ROOT}\cover\3130.pgm,0,train
${BOSSBASE_ROOT}\stego\HILL\0.4bpp\stego\4046.pgm,1,train
${BOSSBASE_ROOT}\stego\HILL\0.4bpp\stego\8222.pgm,1,train
${BOSSBASE_ROOT}\cover\8188.pgm,0,train
${BOSSBASE_ROOT}\stego\HILL\0.4bpp\stego\9414.pgm,1,train
${BOSSBASE_ROOT}\cover\4499.pgm,0,train
${BOSSBASE_ROOT}\cover\1933.pgm,0,train
${BOSSBASE_ROOT}\cover\2187.pgm,0,train
${BOSSBASE_ROOT}\stego\HILL\0.4bpp\stego\3427.pgm,1,train
${BOSSBASE_ROOT}\stego\HILL\0.4bpp\stego\5056.pgm,1,train
${BOSSBASE_ROOT}\stego\HILL\0.4bpp\stego\9913.pgm,1,train
${BOSSBASE_ROOT}\stego\HILL\0.4bpp\stego\2755.pgm,1,train
${BOSSBASE_ROOT}\cover\2542.pgm,0,train
${BOSSBASE_ROOT}\stego\HILL\0.4bpp\stego\4182.pgm,1,train
${BOSSBASE_ROOT}\stego\HILL\0.4bpp\stego\3726.pgm,1,train
${BOSSBASE_ROOT}\stego\HILL\0.4bpp\stego\3271.pgm,1,train
${BOSSBASE_ROOT}\cover\7293.pgm,0,train
${BOSSBASE_ROOT}\stego\HILL\0.4bpp\stego\3993.pgm,1,train
${BOSSBASE_ROOT}\cover\6723.pgm,0,train
${BOSSBASE_ROOT}\stego\HILL\0.4bpp\stego\6015.pgm,1,train
${BOSSBASE_ROOT}\stego\HILL\0.4bpp\stego\5475.pgm,1,train
${BOSSBASE_ROOT}\stego\HILL\0.4bpp\stego\2545.pgm,1,train
${BOSSBASE_ROOT}\stego\HILL\0.4bpp\stego\9554.pgm,1,train
${BOSSBASE_ROOT}\cover\8569.pgm,0,train
${BOSSBASE_ROOT}\stego\HILL\0.4bpp\stego\7768.pgm,1,train
${BOSSBASE_ROOT}\cover\1219.pgm,0,train
${BOSSBASE_ROOT}\stego\HILL\0.4bpp\stego\6923.pgm,1,train
${BOSSBASE_ROOT}\stego\HILL\0.4bpp\stego\4274.pgm,1,train
${BOSSBASE_ROOT}\cover\2131.pgm,0,train
${BOSSBASE_ROOT}\stego\HILL\0.4bpp\stego\987.pgm,1,train
${BOSSBASE_ROOT}\cover\4000.pgm,0,train
${BOSSBASE_ROOT}\cover\7686.pgm,0,train
${BOSSBASE_ROOT}\cover\9688.pgm,0,train
${BOSSBASE_ROOT}\cover\7655.pgm,0,train
${BOSSBASE_ROOT}\cover\4543.pgm,0,train
${BOSSBASE_ROOT}\stego\HILL\0.4bpp\stego\2838.pgm,1,train
${BOSSBASE_ROOT}\stego\HILL\0.4bpp\stego\2337.pgm,1,train
${BOSSBASE_ROOT}\stego\HILL\0.4bpp\stego\4590.pgm,1,train
${BOSSBASE_ROOT}\stego\HILL\0.4bpp\stego\5202.pgm,1,train
${BOSSBASE_ROOT}\stego\HILL\0.4bpp\stego\7383.pgm,1,train
${BOSSBASE_ROOT}\stego\HILL\0.4bpp\stego\6698.pgm,1,train
${BOSSBASE_ROOT}\stego\HILL\0.4bpp\stego\9661.pgm,1,train
${BOSSBASE_ROOT}\cover\5058.pgm,0,train
${BOSSBASE_ROOT}\stego\HILL\0.4bpp\stego\9610.pgm,1,train
${BOSSBASE_ROOT}\cover\9222.pgm,0,train
${BOSSBASE_ROOT}\cover\8963.pgm,0,train
${BOSSBASE_ROOT}\cover\5952.pgm,0,train
${BOSSBASE_ROOT}\cover\5071.pgm,0,train
${BOSSBASE_ROOT}\stego\HILL\0.4bpp\stego\8328.pgm,1,train
${BOSSBASE_ROOT}\stego\HILL\0.4bpp\stego\7099.pgm,1,train
${BOSSBASE_ROOT}\cover\9492.pgm,0,train
${BOSSBASE_ROOT}\cover\4672.pgm,0,train
${BOSSBASE_ROOT}\stego\HILL\0.4bpp\stego\9154.pgm,1,train
${BOSSBASE_ROOT}\stego\HILL\0.4bpp\stego\4977.pgm,1,train
${BOSSBASE_ROOT}\stego\HILL\0.4bpp\stego\5079.pgm,1,train
${BOSSBASE_ROOT}\cover\3266.pgm,0,train
${BOSSBASE_ROOT}\cover\1518.pgm,0,train
${BOSSBASE_ROOT}\cover\6017.pgm,0,train
${BOSSBASE_ROOT}\cover\3196.pgm,0,train
${BOSSBASE_ROOT}\cover\7703.pgm,0,train
${BOSSBASE_ROOT}\cover\5210.pgm,0,train
${BOSSBASE_ROOT}\stego\HILL\0.4bpp\stego\7572.pgm,1,train
${BOSSBASE_ROOT}\cover\6558.pgm,0,train
${BOSSBASE_ROOT}\stego\HILL\0.4bpp\stego\228.pgm,1,train
${BOSSBASE_ROOT}\cover\7586.pgm,0,train
${BOSSBASE_ROOT}\stego\HILL\0.4bpp\stego\461.pgm,1,train
${BOSSBASE_ROOT}\cover\2268.pgm,0,train
${BOSSBASE_ROOT}\stego\HILL\0.4bpp\stego\1443.pgm,1,train
${BOSSBASE_ROOT}\stego\HILL\0.4bpp\stego\8936.pgm,1,train
${BOSSBASE_ROOT}\stego\HILL\0.4bpp\stego\3016.pgm,1,train
${BOSSBASE_ROOT}\cover\8125.pgm,0,train
${BOSSBASE_ROOT}\stego\HILL\0.4bpp\stego\9831.pgm,1,train
${BOSSBASE_ROOT}\stego\HILL\0.4bpp\stego\9257.pgm,1,train
${BOSSBASE_ROOT}\cover\9214.pgm,0,train
${BOSSBASE_ROOT}\cover\5357.pgm,0,train
${BOSSBASE_ROOT}\cover\2742.pgm,0,train
${BOSSBASE_ROOT}\cover\5525.pgm,0,train
${BOSSBASE_ROOT}\stego\HILL\0.4bpp\stego\6285.pgm,1,train
${BOSSBASE_ROOT}\cover\5135.pgm,0,train
${BOSSBASE_ROOT}\cover\2507.pgm,0,train
${BOSSBASE_ROOT}\cover\5717.pgm,0,train
${BOSSBASE_ROOT}\cover\203.pgm,0,train
${BOSSBASE_ROOT}\cover\3273.pgm,0,train
${BOSSBASE_ROOT}\stego\HILL\0.4bpp\stego\8340.pgm,1,train
${BOSSBASE_ROOT}\cover\7820.pgm,0,train
${BOSSBASE_ROOT}\cover\7470.pgm,0,train
${BOSSBASE_ROOT}\stego\HILL\0.4bpp\stego\2978.pgm,1,train
${BOSSBASE_ROOT}\stego\HILL\0.4bpp\stego\9477.pgm,1,train
${BOSSBASE_ROOT}\stego\HILL\0.4bpp\stego\7455.pgm,1,train
${BOSSBASE_ROOT}\cover\3504.pgm,0,train
${BOSSBASE_ROOT}\cover\4686.pgm,0,train
${BOSSBASE_ROOT}\stego\HILL\0.4bpp\stego\3433.pgm,1,train
${BOSSBASE_ROOT}\cover\605.pgm,0,train
${BOSSBASE_ROOT}\cover\2078.pgm,0,train
${BOSSBASE_ROOT}\stego\HILL\0.4bpp\stego\5417.pgm,1,train
${BOSSBASE_ROOT}\cover\6133.pgm,0,train
${BOSSBASE_ROOT}\cover\500.pgm,0,train
${BOSSBASE_ROOT}\cover\3455.pgm,0,train
${BOSSBASE_ROOT}\cover\541.pgm,0,train
${BOSSBASE_ROOT}\stego\HILL\0.4bpp\stego\1288.pgm,1,train
${BOSSBASE_ROOT}\cover\4030.pgm,0,train
${BOSSBASE_ROOT}\cover\5204.pgm,0,train
${BOSSBASE_ROOT}\cover\8633.pgm,0,train
${BOSSBASE_ROOT}\cover\1345.pgm,0,train
${BOSSBASE_ROOT}\cover\613.pgm,0,train
${BOSSBASE_ROOT}\stego\HILL\0.4bpp\stego\8501.pgm,1,train
${BOSSBASE_ROOT}\stego\HILL\0.4bpp\stego\5363.pgm,1,train
${BOSSBASE_ROOT}\stego\HILL\0.4bpp\stego\1979.pgm,1,train
${BOSSBASE_ROOT}\stego\HILL\0.4bpp\stego\3413.pgm,1,train
${BOSSBASE_ROOT}\cover\5550.pgm,0,train
${BOSSBASE_ROOT}\stego\HILL\0.4bpp\stego\6602.pgm,1,train
${BOSSBASE_ROOT}\cover\9419.pgm,0,train
${BOSSBASE_ROOT}\stego\HILL\0.4bpp\stego\8842.pgm,1,train
${BOSSBASE_ROOT}\stego\HILL\0.4bpp\stego\3429.pgm,1,train
${BOSSBASE_ROOT}\cover\8421.pgm,0,train
${BOSSBASE_ROOT}\cover\8730.pgm,0,train
${BOSSBASE_ROOT}\stego\HILL\0.4bpp\stego\7558.pgm,1,train
${BOSSBASE_ROOT}\stego\HILL\0.4bpp\stego\3912.pgm,1,train
${BOSSBASE_ROOT}\cover\784.pgm,0,train
${BOSSBASE_ROOT}\cover\524.pgm,0,train
${BOSSBASE_ROOT}\cover\5875.pgm,0,train
${BOSSBASE_ROOT}\cover\6222.pgm,0,train
${BOSSBASE_ROOT}\stego\HILL\0.4bpp\stego\5665.pgm,1,train
${BOSSBASE_ROOT}\stego\HILL\0.4bpp\stego\5199.pgm,1,train
${BOSSBASE_ROOT}\cover\9861.pgm,0,train
${BOSSBASE_ROOT}\cover\5841.pgm,0,train
${BOSSBASE_ROOT}\cover\6460.pgm,0,train
${BOSSBASE_ROOT}\cover\2732.pgm,0,train
${BOSSBASE_ROOT}\stego\HILL\0.4bpp\stego\7748.pgm,1,train
${BOSSBASE_ROOT}\cover\4377.pgm,0,train
${BOSSBASE_ROOT}\cover\5050.pgm,0,train
${BOSSBASE_ROOT}\cover\4480.pgm,0,train
${BOSSBASE_ROOT}\stego\HILL\0.4bpp\stego\888.pgm,1,train
${BOSSBASE_ROOT}\stego\HILL\0.4bpp\stego\7783.pgm,1,train
${BOSSBASE_ROOT}\cover\8662.pgm,0,train
${BOSSBASE_ROOT}\stego\HILL\0.4bpp\stego\2940.pgm,1,train
${BOSSBASE_ROOT}\stego\HILL\0.4bpp\stego\2851.pgm,1,train
${BOSSBASE_ROOT}\stego\HILL\0.4bpp\stego\5963.pgm,1,train
${BOSSBASE_ROOT}\cover\9866.pgm,0,train
${BOSSBASE_ROOT}\stego\HILL\0.4bpp\stego\75.pgm,1,train
${BOSSBASE_ROOT}\stego\HILL\0.4bpp\stego\4141.pgm,1,train
${BOSSBASE_ROOT}\cover\8253.pgm,0,train
${BOSSBASE_ROOT}\cover\3527.pgm,0,train
${BOSSBASE_ROOT}\stego\HILL\0.4bpp\stego\2475.pgm,1,train
${BOSSBASE_ROOT}\stego\HILL\0.4bpp\stego\4433.pgm,1,train
${BOSSBASE_ROOT}\cover\1450.pgm,0,train
${BOSSBASE_ROOT}\stego\HILL\0.4bpp\stego\7052.pgm,1,train
${BOSSBASE_ROOT}\cover\2068.pgm,0,train
${BOSSBASE_ROOT}\cover\9587.pgm,0,train
${BOSSBASE_ROOT}\cover\9486.pgm,0,train
${BOSSBASE_ROOT}\cover\6307.pgm,0,train
${BOSSBASE_ROOT}\stego\HILL\0.4bpp\stego\1588.pgm,1,train
${BOSSBASE_ROOT}\cover\9965.pgm,0,train
${BOSSBASE_ROOT}\cover\6952.pgm,0,train
${BOSSBASE_ROOT}\stego\HILL\0.4bpp\stego\460.pgm,1,train
${BOSSBASE_ROOT}\cover\6712.pgm,0,train
${BOSSBASE_ROOT}\stego\HILL\0.4bpp\stego\6393.pgm,1,train
${BOSSBASE_ROOT}\cover\5027.pgm,0,train
${BOSSBASE_ROOT}\stego\HILL\0.4bpp\stego\5307.pgm,1,train
${BOSSBASE_ROOT}\stego\HILL\0.4bpp\stego\1213.pgm,1,train
${BOSSBASE_ROOT}\cover\8208.pgm,0,train
${BOSSBASE_ROOT}\cover\6250.pgm,0,train
${BOSSBASE_ROOT}\cover\116.pgm,0,train
${BOSSBASE_ROOT}\stego\HILL\0.4bpp\stego\5004.pgm,1,train
${BOSSBASE_ROOT}\cover\7013.pgm,0,train
${BOSSBASE_ROOT}\stego\HILL\0.4bpp\stego\2364.pgm,1,train
${BOSSBASE_ROOT}\cover\2601.pgm,0,train
${BOSSBASE_ROOT}\cover\6242.pgm,0,train
${BOSSBASE_ROOT}\cover\6690.pgm,0,train
${BOSSBASE_ROOT}\stego\HILL\0.4bpp\stego\6468.pgm,1,train
${BOSSBASE_ROOT}\cover\3587.pgm,0,train
${BOSSBASE_ROOT}\cover\1436.pgm,0,train
${BOSSBASE_ROOT}\cover\7227.pgm,0,train
${BOSSBASE_ROOT}\stego\HILL\0.4bpp\stego\2567.pgm,1,train
${BOSSBASE_ROOT}\stego\HILL\0.4bpp\stego\7760.pgm,1,train
${BOSSBASE_ROOT}\cover\6918.pgm,0,train
${BOSSBASE_ROOT}\stego\HILL\0.4bpp\stego\7374.pgm,1,train
${BOSSBASE_ROOT}\stego\HILL\0.4bpp\stego\3349.pgm,1,train
${BOSSBASE_ROOT}\cover\5939.pgm,0,train
${BOSSBASE_ROOT}\stego\HILL\0.4bpp\stego\1641.pgm,1,train
${BOSSBASE_ROOT}\cover\8013.pgm,0,train
${BOSSBASE_ROOT}\cover\2846.pgm,0,train
${BOSSBASE_ROOT}\stego\HILL\0.4bpp\stego\6206.pgm,1,train
${BOSSBASE_ROOT}\stego\HILL\0.4bpp\stego\9185.pgm,1,train
${BOSSBASE_ROOT}\stego\HILL\0.4bpp\stego\1180.pgm,1,train
${BOSSBASE_ROOT}\cover\2704.pgm,0,train
${BOSSBASE_ROOT}\stego\HILL\0.4bpp\stego\3642.pgm,1,train
${BOSSBASE_ROOT}\stego\HILL\0.4bpp\stego\9030.pgm,1,train
${BOSSBASE_ROOT}\stego\HILL\0.4bpp\stego\2539.pgm,1,train
${BOSSBASE_ROOT}\cover\991.pgm,0,train
${BOSSBASE_ROOT}\cover\8890.pgm,0,train
${BOSSBASE_ROOT}\stego\HILL\0.4bpp\stego\8020.pgm,1,train
${BOSSBASE_ROOT}\stego\HILL\0.4bpp\stego\3486.pgm,1,train
${BOSSBASE_ROOT}\cover\6370.pgm,0,train
${BOSSBASE_ROOT}\stego\HILL\0.4bpp\stego\6504.pgm,1,train
${BOSSBASE_ROOT}\stego\HILL\0.4bpp\stego\8148.pgm,1,train
${BOSSBASE_ROOT}\cover\5723.pgm,0,train
${BOSSBASE_ROOT}\cover\8972.pgm,0,train
${BOSSBASE_ROOT}\cover\4524.pgm,0,train
${BOSSBASE_ROOT}\stego\HILL\0.4bpp\stego\1648.pgm,1,train
${BOSSBASE_ROOT}\cover\6248.pgm,0,train
${BOSSBASE_ROOT}\cover\7312.pgm,0,train
${BOSSBASE_ROOT}\stego\HILL\0.4bpp\stego\4799.pgm,1,train
${BOSSBASE_ROOT}\cover\3364.pgm,0,train
${BOSSBASE_ROOT}\stego\HILL\0.4bpp\stego\1797.pgm,1,train
${BOSSBASE_ROOT}\stego\HILL\0.4bpp\stego\7470.pgm,1,train
${BOSSBASE_ROOT}\stego\HILL\0.4bpp\stego\2236.pgm,1,train
${BOSSBASE_ROOT}\cover\247.pgm,0,train
${BOSSBASE_ROOT}\stego\HILL\0.4bpp\stego\5658.pgm,1,train
${BOSSBASE_ROOT}\stego\HILL\0.4bpp\stego\8035.pgm,1,train
${BOSSBASE_ROOT}\stego\HILL\0.4bpp\stego\5616.pgm,1,train
${BOSSBASE_ROOT}\cover\4051.pgm,0,train
${BOSSBASE_ROOT}\stego\HILL\0.4bpp\stego\5387.pgm,1,train
${BOSSBASE_ROOT}\cover\8897.pgm,0,train
${BOSSBASE_ROOT}\stego\HILL\0.4bpp\stego\4060.pgm,1,train
${BOSSBASE_ROOT}\cover\1364.pgm,0,train
${BOSSBASE_ROOT}\cover\9656.pgm,0,train
${BOSSBASE_ROOT}\stego\HILL\0.4bpp\stego\4018.pgm,1,train
${BOSSBASE_ROOT}\stego\HILL\0.4bpp\stego\5456.pgm,1,train
${BOSSBASE_ROOT}\stego\HILL\0.4bpp\stego\4925.pgm,1,train
${BOSSBASE_ROOT}\cover\3610.pgm,0,train
${BOSSBASE_ROOT}\stego\HILL\0.4bpp\stego\6254.pgm,1,train
${BOSSBASE_ROOT}\cover\787.pgm,0,train
${BOSSBASE_ROOT}\cover\6147.pgm,0,train
${BOSSBASE_ROOT}\cover\8670.pgm,0,train
${BOSSBASE_ROOT}\cover\6364.pgm,0,train
${BOSSBASE_ROOT}\cover\4284.pgm,0,train
${BOSSBASE_ROOT}\cover\5727.pgm,0,train
${BOSSBASE_ROOT}\stego\HILL\0.4bpp\stego\9016.pgm,1,train
${BOSSBASE_ROOT}\stego\HILL\0.4bpp\stego\7111.pgm,1,train
${BOSSBASE_ROOT}\cover\1755.pgm,0,train
${BOSSBASE_ROOT}\stego\HILL\0.4bpp\stego\2508.pgm,1,train
${BOSSBASE_ROOT}\stego\HILL\0.4bpp\stego\9204.pgm,1,train
${BOSSBASE_ROOT}\stego\HILL\0.4bpp\stego\1250.pgm,1,train
${BOSSBASE_ROOT}\cover\8782.pgm,0,train
${BOSSBASE_ROOT}\stego\HILL\0.4bpp\stego\4092.pgm,1,train
${BOSSBASE_ROOT}\stego\HILL\0.4bpp\stego\9658.pgm,1,train
${BOSSBASE_ROOT}\cover\6410.pgm,0,train
${BOSSBASE_ROOT}\stego\HILL\0.4bpp\stego\4134.pgm,1,train
${BOSSBASE_ROOT}\cover\9260.pgm,0,train
${BOSSBASE_ROOT}\stego\HILL\0.4bpp\stego\3939.pgm,1,train
${BOSSBASE_ROOT}\cover\413.pgm,0,train
${BOSSBASE_ROOT}\cover\4486.pgm,0,train
${BOSSBASE_ROOT}\cover\8400.pgm,0,train
${BOSSBASE_ROOT}\stego\HILL\0.4bpp\stego\4044.pgm,1,train
${BOSSBASE_ROOT}\stego\HILL\0.4bpp\stego\8512.pgm,1,train
${BOSSBASE_ROOT}\stego\HILL\0.4bpp\stego\566.pgm,1,train
${BOSSBASE_ROOT}\stego\HILL\0.4bpp\stego\8613.pgm,1,train
${BOSSBASE_ROOT}\cover\2500.pgm,0,train
${BOSSBASE_ROOT}\cover\7622.pgm,0,train
${BOSSBASE_ROOT}\cover\3268.pgm,0,train
${BOSSBASE_ROOT}\cover\5094.pgm,0,train
${BOSSBASE_ROOT}\cover\6208.pgm,0,train
${BOSSBASE_ROOT}\cover\1025.pgm,0,train
${BOSSBASE_ROOT}\stego\HILL\0.4bpp\stego\8595.pgm,1,train
${BOSSBASE_ROOT}\stego\HILL\0.4bpp\stego\3532.pgm,1,train
${BOSSBASE_ROOT}\stego\HILL\0.4bpp\stego\8297.pgm,1,train
${BOSSBASE_ROOT}\stego\HILL\0.4bpp\stego\7556.pgm,1,train
${BOSSBASE_ROOT}\cover\8980.pgm,0,train
${BOSSBASE_ROOT}\stego\HILL\0.4bpp\stego\4034.pgm,1,train
${BOSSBASE_ROOT}\stego\HILL\0.4bpp\stego\3378.pgm,1,train
${BOSSBASE_ROOT}\cover\3265.pgm,0,train
${BOSSBASE_ROOT}\cover\3124.pgm,0,train
${BOSSBASE_ROOT}\cover\2922.pgm,0,train
${BOSSBASE_ROOT}\stego\HILL\0.4bpp\stego\2929.pgm,1,train
${BOSSBASE_ROOT}\cover\1921.pgm,0,train
${BOSSBASE_ROOT}\stego\HILL\0.4bpp\stego\8763.pgm,1,train
${BOSSBASE_ROOT}\stego\HILL\0.4bpp\stego\9363.pgm,1,train
${BOSSBASE_ROOT}\cover\579.pgm,0,train
${BOSSBASE_ROOT}\stego\HILL\0.4bpp\stego\1220.pgm,1,train
${BOSSBASE_ROOT}\stego\HILL\0.4bpp\stego\1342.pgm,1,train
${BOSSBASE_ROOT}\cover\5680.pgm,0,train
${BOSSBASE_ROOT}\cover\1882.pgm,0,train
${BOSSBASE_ROOT}\stego\HILL\0.4bpp\stego\5659.pgm,1,train
${BOSSBASE_ROOT}\stego\HILL\0.4bpp\stego\5803.pgm,1,train
${BOSSBASE_ROOT}\stego\HILL\0.4bpp\stego\7571.pgm,1,train
${BOSSBASE_ROOT}\stego\HILL\0.4bpp\stego\7539.pgm,1,train
${BOSSBASE_ROOT}\stego\HILL\0.4bpp\stego\3631.pgm,1,train
${BOSSBASE_ROOT}\cover\1504.pgm,0,train
${BOSSBASE_ROOT}\cover\7229.pgm,0,train
${BOSSBASE_ROOT}\stego\HILL\0.4bpp\stego\5713.pgm,1,train
${BOSSBASE_ROOT}\cover\8579.pgm,0,train
${BOSSBASE_ROOT}\cover\8480.pgm,0,train
${BOSSBASE_ROOT}\stego\HILL\0.4bpp\stego\7445.pgm,1,train
${BOSSBASE_ROOT}\stego\HILL\0.4bpp\stego\8658.pgm,1,train
${BOSSBASE_ROOT}\cover\4676.pgm,0,train
${BOSSBASE_ROOT}\cover\455.pgm,0,train
${BOSSBASE_ROOT}\cover\8719.pgm,0,train
${BOSSBASE_ROOT}\cover\189.pgm,0,train
${BOSSBASE_ROOT}\cover\7707.pgm,0,train
${BOSSBASE_ROOT}\stego\HILL\0.4bpp\stego\908.pgm,1,train
${BOSSBASE_ROOT}\cover\8452.pgm,0,train
${BOSSBASE_ROOT}\cover\3204.pgm,0,train
${BOSSBASE_ROOT}\cover\7883.pgm,0,train
${BOSSBASE_ROOT}\cover\5689.pgm,0,train
${BOSSBASE_ROOT}\cover\8560.pgm,0,train
${BOSSBASE_ROOT}\cover\9929.pgm,0,train
${BOSSBASE_ROOT}\cover\5599.pgm,0,train
${BOSSBASE_ROOT}\cover\5109.pgm,0,train
${BOSSBASE_ROOT}\cover\1899.pgm,0,train
${BOSSBASE_ROOT}\stego\HILL\0.4bpp\stego\7945.pgm,1,train
${BOSSBASE_ROOT}\stego\HILL\0.4bpp\stego\6794.pgm,1,train
${BOSSBASE_ROOT}\stego\HILL\0.4bpp\stego\4379.pgm,1,train
${BOSSBASE_ROOT}\cover\7420.pgm,0,train
${BOSSBASE_ROOT}\cover\5069.pgm,0,train
${BOSSBASE_ROOT}\cover\8413.pgm,0,train
${BOSSBASE_ROOT}\cover\3145.pgm,0,train
${BOSSBASE_ROOT}\cover\7849.pgm,0,train
${BOSSBASE_ROOT}\cover\8461.pgm,0,train
${BOSSBASE_ROOT}\cover\211.pgm,0,train
${BOSSBASE_ROOT}\stego\HILL\0.4bpp\stego\1547.pgm,1,train
${BOSSBASE_ROOT}\stego\HILL\0.4bpp\stego\8722.pgm,1,train
${BOSSBASE_ROOT}\stego\HILL\0.4bpp\stego\844.pgm,1,train
${BOSSBASE_ROOT}\cover\7747.pgm,0,train
${BOSSBASE_ROOT}\stego\HILL\0.4bpp\stego\635.pgm,1,train
${BOSSBASE_ROOT}\cover\2337.pgm,0,train
${BOSSBASE_ROOT}\stego\HILL\0.4bpp\stego\8990.pgm,1,train
${BOSSBASE_ROOT}\cover\3981.pgm,0,train
${BOSSBASE_ROOT}\cover\907.pgm,0,train
${BOSSBASE_ROOT}\cover\2501.pgm,0,train
${BOSSBASE_ROOT}\cover\7356.pgm,0,train
${BOSSBASE_ROOT}\cover\8483.pgm,0,train
${BOSSBASE_ROOT}\stego\HILL\0.4bpp\stego\1242.pgm,1,train
${BOSSBASE_ROOT}\stego\HILL\0.4bpp\stego\7027.pgm,1,train
${BOSSBASE_ROOT}\stego\HILL\0.4bpp\stego\6964.pgm,1,train
${BOSSBASE_ROOT}\stego\HILL\0.4bpp\stego\48.pgm,1,train
${BOSSBASE_ROOT}\cover\3308.pgm,0,train
${BOSSBASE_ROOT}\cover\1622.pgm,0,train
${BOSSBASE_ROOT}\cover\9597.pgm,0,train
${BOSSBASE_ROOT}\cover\2047.pgm,0,train
${BOSSBASE_ROOT}\stego\HILL\0.4bpp\stego\458.pgm,1,train
${BOSSBASE_ROOT}\stego\HILL\0.4bpp\stego\2221.pgm,1,train
${BOSSBASE_ROOT}\cover\9841.pgm,0,train
${BOSSBASE_ROOT}\stego\HILL\0.4bpp\stego\8285.pgm,1,train
${BOSSBASE_ROOT}\stego\HILL\0.4bpp\stego\7357.pgm,1,train
${BOSSBASE_ROOT}\stego\HILL\0.4bpp\stego\5482.pgm,1,train
${BOSSBASE_ROOT}\stego\HILL\0.4bpp\stego\5654.pgm,1,train
${BOSSBASE_ROOT}\cover\422.pgm,0,train
${BOSSBASE_ROOT}\cover\5640.pgm,0,train
${BOSSBASE_ROOT}\cover\602.pgm,0,train
${BOSSBASE_ROOT}\cover\3202.pgm,0,train
${BOSSBASE_ROOT}\stego\HILL\0.4bpp\stego\9760.pgm,1,train
${BOSSBASE_ROOT}\cover\1978.pgm,0,train
${BOSSBASE_ROOT}\cover\8513.pgm,0,train
${BOSSBASE_ROOT}\stego\HILL\0.4bpp\stego\8735.pgm,1,train
${BOSSBASE_ROOT}\cover\7426.pgm,0,train
${BOSSBASE_ROOT}\cover\2360.pgm,0,train
${BOSSBASE_ROOT}\cover\5330.pgm,0,train
${BOSSBASE_ROOT}\stego\HILL\0.4bpp\stego\4911.pgm,1,train
${BOSSBASE_ROOT}\cover\2940.pgm,0,train
${BOSSBASE_ROOT}\stego\HILL\0.4bpp\stego\9119.pgm,1,train
${BOSSBASE_ROOT}\cover\15.pgm,0,train
${BOSSBASE_ROOT}\cover\474.pgm,0,train
${BOSSBASE_ROOT}\stego\HILL\0.4bpp\stego\8041.pgm,1,train
${BOSSBASE_ROOT}\stego\HILL\0.4bpp\stego\9504.pgm,1,train
${BOSSBASE_ROOT}\cover\2166.pgm,0,train
${BOSSBASE_ROOT}\cover\4625.pgm,0,train
${BOSSBASE_ROOT}\cover\3093.pgm,0,train
${BOSSBASE_ROOT}\stego\HILL\0.4bpp\stego\2876.pgm,1,train
${BOSSBASE_ROOT}\cover\4941.pgm,0,train
${BOSSBASE_ROOT}\stego\HILL\0.4bpp\stego\8828.pgm,1,train
${BOSSBASE_ROOT}\cover\881.pgm,0,train
${BOSSBASE_ROOT}\stego\HILL\0.4bpp\stego\8482.pgm,1,train
${BOSSBASE_ROOT}\stego\HILL\0.4bpp\stego\6494.pgm,1,train
${BOSSBASE_ROOT}\stego\HILL\0.4bpp\stego\7827.pgm,1,train
${BOSSBASE_ROOT}\stego\HILL\0.4bpp\stego\4893.pgm,1,train
${BOSSBASE_ROOT}\cover\2260.pgm,0,train
${BOSSBASE_ROOT}\cover\4252.pgm,0,train
${BOSSBASE_ROOT}\stego\HILL\0.4bpp\stego\9384.pgm,1,train
${BOSSBASE_ROOT}\cover\65.pgm,0,train
${BOSSBASE_ROOT}\cover\5292.pgm,0,train
${BOSSBASE_ROOT}\stego\HILL\0.4bpp\stego\1875.pgm,1,train
${BOSSBASE_ROOT}\cover\3806.pgm,0,train
${BOSSBASE_ROOT}\stego\HILL\0.4bpp\stego\6325.pgm,1,train
${BOSSBASE_ROOT}\stego\HILL\0.4bpp\stego\396.pgm,1,train
${BOSSBASE_ROOT}\cover\4611.pgm,0,train
${BOSSBASE_ROOT}\stego\HILL\0.4bpp\stego\1327.pgm,1,train
${BOSSBASE_ROOT}\stego\HILL\0.4bpp\stego\9764.pgm,1,train
${BOSSBASE_ROOT}\cover\3272.pgm,0,train
${BOSSBASE_ROOT}\stego\HILL\0.4bpp\stego\9881.pgm,1,train
${BOSSBASE_ROOT}\cover\9168.pgm,0,train
${BOSSBASE_ROOT}\stego\HILL\0.4bpp\stego\6735.pgm,1,train
${BOSSBASE_ROOT}\cover\3116.pgm,0,train
${BOSSBASE_ROOT}\stego\HILL\0.4bpp\stego\7806.pgm,1,train
${BOSSBASE_ROOT}\cover\4825.pgm,0,train
${BOSSBASE_ROOT}\cover\3545.pgm,0,train
${BOSSBASE_ROOT}\cover\8236.pgm,0,train
${BOSSBASE_ROOT}\cover\141.pgm,0,train
${BOSSBASE_ROOT}\stego\HILL\0.4bpp\stego\5231.pgm,1,train
${BOSSBASE_ROOT}\stego\HILL\0.4bpp\stego\7683.pgm,1,train
${BOSSBASE_ROOT}\stego\HILL\0.4bpp\stego\7773.pgm,1,train
${BOSSBASE_ROOT}\cover\2080.pgm,0,train
${BOSSBASE_ROOT}\stego\HILL\0.4bpp\stego\3241.pgm,1,train
${BOSSBASE_ROOT}\stego\HILL\0.4bpp\stego\7253.pgm,1,train
${BOSSBASE_ROOT}\cover\7641.pgm,0,train
${BOSSBASE_ROOT}\stego\HILL\0.4bpp\stego\4793.pgm,1,train
${BOSSBASE_ROOT}\cover\674.pgm,0,train
${BOSSBASE_ROOT}\cover\6786.pgm,0,train
${BOSSBASE_ROOT}\cover\8293.pgm,0,train
${BOSSBASE_ROOT}\cover\5975.pgm,0,train
${BOSSBASE_ROOT}\stego\HILL\0.4bpp\stego\6828.pgm,1,train
${BOSSBASE_ROOT}\stego\HILL\0.4bpp\stego\1723.pgm,1,train
${BOSSBASE_ROOT}\stego\HILL\0.4bpp\stego\5422.pgm,1,train
${BOSSBASE_ROOT}\cover\8332.pgm,0,train
${BOSSBASE_ROOT}\cover\8352.pgm,0,train
${BOSSBASE_ROOT}\cover\5155.pgm,0,train
${BOSSBASE_ROOT}\stego\HILL\0.4bpp\stego\4723.pgm,1,train
${BOSSBASE_ROOT}\cover\3239.pgm,0,train
${BOSSBASE_ROOT}\stego\HILL\0.4bpp\stego\2019.pgm,1,train
${BOSSBASE_ROOT}\stego\HILL\0.4bpp\stego\5609.pgm,1,train
${BOSSBASE_ROOT}\cover\4882.pgm,0,train
${BOSSBASE_ROOT}\cover\1264.pgm,0,train
${BOSSBASE_ROOT}\stego\HILL\0.4bpp\stego\4456.pgm,1,train
${BOSSBASE_ROOT}\cover\5343.pgm,0,train
${BOSSBASE_ROOT}\cover\3431.pgm,0,train
${BOSSBASE_ROOT}\stego\HILL\0.4bpp\stego\625.pgm,1,train
${BOSSBASE_ROOT}\cover\9926.pgm,0,train
${BOSSBASE_ROOT}\stego\HILL\0.4bpp\stego\7789.pgm,1,train
${BOSSBASE_ROOT}\stego\HILL\0.4bpp\stego\1458.pgm,1,train
${BOSSBASE_ROOT}\stego\HILL\0.4bpp\stego\1604.pgm,1,train
${BOSSBASE_ROOT}\cover\6491.pgm,0,train
${BOSSBASE_ROOT}\stego\HILL\0.4bpp\stego\4461.pgm,1,train
