sample_id,image_name,true_algo,is_stego,path,p_WOW,tau_WOW,tau_fpr10_WOW,range_low_WOW,range_high_WOW,p_S-UNIWARD,tau_S-UNIWARD,tau_fpr10_S-UNIWARD,range_low_S-UNIWARD,range_high_S-UNIWARD,p_HILL,tau_HILL,tau_fpr10_HILL,range_low_HILL,range_high_HILL,p_HUGO,tau_HUGO,tau_fpr10_HUGO,range_low_HUGO,range_high_HUGO,p_MiPOD,tau_MiPOD,tau_fpr10_MiPOD,range_low_MiPOD,range_high_MiPOD,logistic_pred,logistic_prob_HILL,logistic_prob_HUGO,logistic_prob_MiPOD,logistic_prob_S-UNIWARD,logistic_prob_WOW
WOW__TEST__STEGO__52.pgm,52.pgm,WOW,1,${BOSSBASE_ROOT}\stego\WOW\0.4bpp\stego\52.pgm,0.9911526449170697,0.491455078125,0.51220703125,0.491455078125,0.51220703125,0.9892648373909093,0.50537109375,0.5322265625,0.50537109375,0.5322265625,0.9936610782629057,0.50048828125,0.548828125,0.50048828125,0.548828125,0.008315778477474129,0.52783203125,0.54833984375,0.52783203125,0.54833984375,0.991186833496954,0.4921875,0.62451171875,0.4921875,0.62451171875,WOW,0.17229789522977143,0.001682198919344055,0.1270196219871339,0.21929979444368328,0.47970048942006727
WOW__TEST__STEGO__7548.pgm,7548.pgm,WOW,1,${BOSSBASE_ROOT}\stego\WOW\0.4bpp\stego\7548.pgm,0.9927952309111313,0.491455078125,0.51220703125,0.491455078125,0.51220703125,0.9940659331606164,0.50537109375,0.5322265625,0.50537109375,0.5322265625,0.9867261125456144,0.50048828125,0.548828125,0.50048828125,0.548828125,0.03155901917057399,0.52783203125,0.54833984375,0.52783203125,0.54833984375,0.23863889487701548,0.4921875,0.62451171875,0.4921875,0.62451171875,WOW,0.15161572164195236,0.002103019611883742,0.019335964247624217,0.28474076584171293,0.5422045286568268
WOW__TEST__STEGO__450.pgm,450.pgm,WOW,1,${BOSSBASE_ROOT}\stego\WOW\0.4bpp\stego\450.pgm,0.5144612976347093,0.491455078125,0.51220703125,0.491455078125,0.51220703125,0.5090779818091946,0.50537109375,0.5322265625,0.50537109375,0.5322265625,0.5084830726270853,0.50048828125,0.548828125,0.50048828125,0.548828125,0.5254144805675072,0.52783203125,0.54833984375,0.52783203125,0.54833984375,0.5147967036176525,0.4921875,0.62451171875,0.4921875,0.62451171875,S-UNIWARD,0.18048117687266124,0.191920436789601,0.204772406070703,0.22828394966144164,0.1945420306055933
WOW__TEST__STEGO__637.pgm,637.pgm,WOW,1,${BOSSBASE_ROOT}\stego\WOW\0.4bpp\stego\637.pgm,0.9929335990367509,0.491455078125,0.51220703125,0.491455078125,0.51220703125,0.8547634457774486,0.50537109375,0.5322265625,0.50537109375,0.5322265625,0.7424217173984088,0.50048828125,0.548828125,0.50048828125,0.548828125,0.15882561045580992,0.52783203125,0.54833984375,0.52783203125,0.54833984375,0.687734866468537,0.4921875,0.62451171875,0.4921875,0.62451171875,WOW,0.09616975182938453,0.00534864396504516,0.074207487047174,0.2340068512582356,0.5902672659001608
WOW__TEST__STEGO__7056.pgm,7056.pgm,WOW,1,${BOSSBASE_ROOT}\stego\WOW\0.4bpp\stego\7056.pgm,0.9903290072365529,0.491455078125,0.51220703125,0.491455078125,0.51220703125,0.9864678513445929,0.50537109375,0.5322265625,0.50537109375,0.5322265625,0.9889278398167658,0.50048828125,0.548828125,0.50048828125,0.548828125,0.008187909901696235,0.52783203125,0.54833984375,0.52783203125,0.54833984375,0.9847524093785005,0.4921875,0.62451171875,0.4921875,0.62451171875,WOW,0.17116353625822248,0.001701911049523632,0.12587819093518954,0.21997270674344757,0.4812836550136166
WOW__TEST__STEGO__9661.pgm,9661.pgm,WOW,1,${BOSSBASE_ROOT}\stego\WOW\0.4bpp\stego\9661.pgm,0.9876638995791303,0.491455078125,0.51220703125,0.491455078125,0.51220703125,0.9893885786697612,0.50537109375,0.5322265625,0.50537109375,0.5322265625,0.992767236196521,0.50048828125,0.548828125,0.50048828125,0.548828125,0.9588471107825551,0.52783203125,0.54833984375,0.52783203125,0.54833984375,0.9869292152258129,0.4921875,0.62451171875,0.4921875,0.62451171875,WOW,0.11225689979653591,0.14516179444821253,0.13401459179488867,0.20682522839365639,0.4017414855667064
WOW__TEST__STEGO__7451.pgm,7451.pgm,WOW,1,${BOSSBASE_ROOT}\stego\WOW\0.4bpp\stego\7451.pgm,0.9909797204985978,0.491455078125,0.51220703125,0.491455078125,0.51220703125,0.987711402470298,0.50537109375,0.5322265625,0.50537109375,0.5322265625,0.9926826025287876,0.50048828125,0.548828125,0.50048828125,0.548828125,0.007460643463940165,0.52783203125,0.54833984375,0.52783203125,0.54833984375,0.4058607701104689,0.4921875,0.62451171875,0.4921875,0.62451171875,WOW,0.1635581599929731,0.0018614760654462967,0.03012031765728567,0.2675654295490467,0.5368946167352482
WOW__TEST__STEGO__3439.pgm,3439.pgm,WOW,1,${BOSSBASE_ROOT}\stego\WOW\0.4bpp\stego\3439.pgm,0.5105651385997119,0.491455078125,0.51220703125,0.491455078125,0.51220703125,0.5046080238285706,0.50537109375,0.5322265625,0.50537109375,0.5322265625,0.5030688854120712,0.50048828125,0.548828125,0.50048828125,0.548828125,0.5041083364949797,0.52783203125,0.54833984375,0.52783203125,0.54833984375,0.5136913396703219,0.4921875,0.62451171875,0.4921875,0.62451171875,S-UNIWARD,0.18414816938290193,0.1793137141090053,0.20913578583238862,0.23120941688609634,0.1961929137896079
WOW__TEST__STEGO__3664.pgm,3664.pgm,WOW,1,${BOSSBASE_ROOT}\stego\WOW\0.4bpp\stego\3664.pgm,0.7884203206608902,0.491455078125,0.51220703125,0.491455078125,0.51220703125,0.8523219402958387,0.50537109375,0.5322265625,0.50537109375,0.5322265625,0.3634209328406997,0.50048828125,0.548828125,0.50048828125,0.548828125,0.5836780397069826,0.52783203125,0.54833984375,0.52783203125,0.54833984375,0.7025300573952054,0.4921875,0.62451171875,0.4921875,0.62451171875,S-UNIWARD,0.03640439902453563,0.10222523380943344,0.10294244086575151,0.4647588274146846,0.2936690988855948
WOW__TEST__STEGO__3390.pgm,3390.pgm,WOW,1,${BOSSBASE_ROOT}\stego\WOW\0.4bpp\stego\3390.pgm,0.6800292550948656,0.491455078125,0.51220703125,0.491455078125,0.51220703125,0.5415300741064153,0.50537109375,0.5322265625,0.50537109375,0.5322265625,0.56727749903977,0.50048828125,0.548828125,0.50048828125,0.548828125,0.6595148131373801,0.52783203125,0.54833984375,0.52783203125,0.54833984375,0.6312533946017395,0.4921875,0.62451171875,0.4921875,0.62451171875,WOW,0.1400609682870786,0.200933633667136,0.1923151282782949,0.17604322614729404,0.29064704362019644
WOW__TEST__STEGO__3272.pgm,3272.pgm,WOW,1,${BOSSBASE_ROOT}\stego\WOW\0.4bpp\stego\3272.pgm,0.5843304751797633,0.491455078125,0.51220703125,0.491455078125,0.51220703125,0.5296587444919232,0.50537109375,0.5322265625,0.50537109375,0.5322265625,0.5240902200632737,0.50048828125,0.548828125,0.50048828125,0.548828125,0.4912194696733231,0.52783203125,0.54833984375,0.52783203125,0.54833984375,0.5174337257859808,0.4921875,0.62451171875,0.4921875,0.62451171875,WOW,0.17643140697255896,0.14154328473533376,0.1903003600117723,0.2355665414574076,0.25615840682292745
WOW__TEST__STEGO__6553.pgm,6553.pgm,WOW,1,${BOSSBASE_ROOT}\stego\WOW\0.4bpp\stego\6553.pgm,0.9799381975595722,0.491455078125,0.51220703125,0.491455078125,0.51220703125,0.8838389091905732,0.50537109375,0.5322265625,0.50537109375,0.5322265625,0.9666001780666844,0.50048828125,0.548828125,0.50048828125,0.548828125,0.8902942261220291,0.52783203125,0.54833984375,0.52783203125,0.54833984375,0.9078038011721642,0.4921875,0.62451171875,0.4921875,0.62451171875,WOW,0.13066100908057274,0.12135256509815942,0.13315816326384033,0.16581797846571036,0.4490102840917171
WOW__TEST__STEGO__2930.pgm,2930.pgm,WOW,1,${BOSSBASE_ROOT}\stego\WOW\0.4bpp\stego\2930.pgm,0.5440444787262739,0.491455078125,0.51220703125,0.491455078125,0.51220703125,0.19284318455981606,0.50537109375,0.5322265625,0.50537109375,0.5322265625,0.5517548819379882,0.50048828125,0.548828125,0.50048828125,0.548828125,0.49823761716193465,0.52783203125,0.54833984375,0.52783203125,0.54833984375,0.5262058231415154,0.4921875,0.62451171875,0.4921875,0.62451171875,HILL,0.2772094440678433,0.1475152558621081,0.2766172335700278,0.06739381185759641,0.23126425464242434
WOW__TEST__STEGO__5964.pgm,5964.pgm,WOW,1,${BOSSBASE_ROOT}\stego\WOW\0.4bpp\stego\5964.pgm,0.9910492885631179,0.491455078125,0.51220703125,0.491455078125,0.51220703125,0.9924812819385679,0.50537109375,0.5322265625,0.50537109375,0.5322265625,0.99440175138534,0.50048828125,0.548828125,0.50048828125,0.548828125,0.9909096166863416,0.52783203125,0.54833984375,0.52783203125,0.54833984375,0.9918120900983038,0.4921875,0.62451171875,0.4921875,0.62451171875,WOW,0.10786896964675413,0.163166569580319,0.13189343672511605,0.20264491685390182,0.39442610719390897
WOW__TEST__STEGO__1554.pgm,1554.pgm,WOW,1,${BOSSBASE_ROOT}\stego\WOW\0.4bpp\stego\1554.pgm,0.9740919790859391,0.491455078125,0.51220703125,0.491455078125,0.51220703125,0.9505947548144925,0.50537109375,0.5322265625,0.50537109375,0.5322265625,0.7689067580749571,0.50048828125,0.548828125,0.50048828125,0.548828125,0.9183338856080049,0.52783203125,0.54833984375,0.52783203125,0.54833984375,0.9772408443444813,0.4921875,0.62451171875,0.4921875,0.62451171875,WOW,0.06247348955843076,0.16059829129029438,0.13248961849337249,0.24701549299182085,0.39742310766608147
WOW__TEST__STEGO__987.pgm,987.pgm,WOW,1,${BOSSBASE_ROOT}\stego\WOW\0.4bpp\stego\987.pgm,0.9897116988662837,0.491455078125,0.51220703125,0.491455078125,0.51220703125,0.9939730484115986,0.50537109375,0.5322265625,0.50537109375,0.5322265625,0.9881308789536605,0.50048828125,0.548828125,0.50048828125,0.548828125,0.012479699745327848,0.52783203125,0.54833984375,0.52783203125,0.54833984375,0.9922444632191525,0.4921875,0.62451171875,0.4921875,0.62451171875,WOW,0.16891755589729845,0.0017343018070234129,0.12708063858178945,0.22509520763354726,0.47717229608034134
WOW__TEST__STEGO__249.pgm,249.pgm,WOW,1,${BOSSBASE_ROOT}\stego\WOW\0.4bpp\stego\249.pgm,0.9845160126963748,0.491455078125,0.51220703125,0.491455078125,0.51220703125,0.8927496741072254,0.50537109375,0.5322265625,0.50537109375,0.5322265625,0.9694979473172858,0.50048828125,0.548828125,0.50048828125,0.548828125,0.9759464471055739,0.52783203125,0.54833984375,0.52783203125,0.54833984375,0.9808392914980092,0.4921875,0.62451171875,0.4921875,0.62451171875,WOW,0.11774031069111306,0.16539936452938572,0.1480649875013985,0.15437949200808718,0.4144158452700156
WOW__TEST__STEGO__536.pgm,536.pgm,WOW,1,${BOSSBASE_ROOT}\stego\WOW\0.4bpp\stego\536.pgm,0.31541958621743976,0.491455078125,0.51220703125,0.491455078125,0.51220703125,0.4340414368524965,0.50537109375,0.5322265625,0.50537109375,0.5322265625,0.5055310854026236,0.50048828125,0.548828125,0.50048828125,0.548828125,0.24707795312525604,0.52783203125,0.54833984375,0.52783203125,0.54833984375,0.43518127083048463,0.4921875,0.62451171875,0.4921875,0.62451171875,HILL,0.3104954978004732,0.09040084382653489,0.2514877802902286,0.2330776485824071,0.11453822950035632
WOW__TEST__STEGO__2135.pgm,2135.pgm,WOW,1,${BOSSBASE_ROOT}\stego\WOW\0.4bpp\stego\2135.pgm,0.983342959990771,0.491455078125,0.51220703125,0.491455078125,0.51220703125,0.9506864014093018,0.50537109375,0.5322265625,0.50537109375,0.5322265625,0.670608279935473,0.50048828125,0.548828125,0.50048828125,0.548828125,0.45014787409847073,0.52783203125,0.54833984375,0.52783203125,0.54833984375,0.9003546962924533,0.4921875,0.62451171875,0.4921875,0.62451171875,WOW,0.06071908143481321,0.021429804434247683,0.11079197528329712,0.3181995844003309,0.48885955444731105
WOW__TEST__STEGO__3282.pgm,3282.pgm,WOW,1,${BOSSBASE_ROOT}\stego\WOW\0.4bpp\stego\3282.pgm,0.9898303422461273,0.491455078125,0.51220703125,0.491455078125,0.51220703125,0.9856629695759892,0.50537109375,0.5322265625,0.50537109375,0.5322265625,0.9858276338086983,0.50048828125,0.548828125,0.50048828125,0.548828125,0.8497219425324707,0.52783203125,0.54833984375,0.52783203125,0.54833984375,0.8810019911062638,0.4921875,0.62451171875,0.4921875,0.62451171875,WOW,0.1215426160064369,0.09443851567875311,0.10873044065244386,0.22797599692605033,0.44731243073631577
WOW__TEST__STEGO__3025.pgm,3025.pgm,WOW,1,${BOSSBASE_ROOT}\stego\WOW\0.4bpp\stego\3025.pgm,0.5095584666889605,0.491455078125,0.51220703125,0.491455078125,0.51220703125,0.5042838002089753,0.50537109375,0.5322265625,0.50537109375,0.5322265625,0.4979229092872637,0.50048828125,0.548828125,0.50048828125,0.548828125,0.529825997255541,0.52783203125,0.54833984375,0.52783203125,0.54833984375,0.5037535915922698,0.4921875,0.62451171875,0.4921875,0.62451171875,S-UNIWARD,0.17650911526866545,0.20096925071384222,0.2012426814587571,0.2293413087889445,0.19193764376979072
WOW__TEST__STEGO__4338.pgm,4338.pgm,WOW,1,${BOSSBASE_ROOT}\stego\WOW\0.4bpp\stego\4338.pgm,0.11920292202211755,0.491455078125,0.51220703125,0.491455078125,0.51220703125,0.552298250809177,0.50537109375,0.5322265625,0.50537109375,0.5322265625,0.5620563145817888,0.50048828125,0.548828125,0.50048828125,0.548828125,0.11536140159594613,0.52783203125,0.54833984375,0.52783203125,0.54833984375,0.6001297732833716,0.4921875,0.62451171875,0.4921875,0.62451171875,HILL,0.32929464706513284,0.050310758971388106,0.3153766899389779,0.2649904037335693,0.040027500290932
WOW__TEST__STEGO__3829.pgm,3829.pgm,WOW,1,${BOSSBASE_ROOT}\stego\WOW\0.4bpp\stego\3829.pgm,0.5003256797329941,0.491455078125,0.51220703125,0.491455078125,0.51220703125,0.5260840865985046,0.50537109375,0.5322265625,0.50537109375,0.5322265625,0.6943026711575786,0.50048828125,0.548828125,0.50048828125,0.548828125,0.007518718061432194,0.52783203125,0.54833984375,0.52783203125,0.54833984375,0.625209303080424,0.4921875,0.62451171875,0.4921875,0.62451171875,HILL,0.37413733332369425,0.012998229548779732,0.252315133210065,0.17841448744570632,0.18213481647175472
WOW__TEST__STEGO__8169.pgm,8169.pgm,WOW,1,${BOSSBASE_ROOT}\stego\WOW\0.4bpp\stego\8169.pgm,0.8967949426280529,0.491455078125,0.51220703125,0.491455078125,0.51220703125,0.9523087167764015,0.50537109375,0.5322265625,0.50537109375,0.5322265625,0.9443823883953985,0.50048828125,0.548828125,0.50048828125,0.548828125,0.008093289897373068,0.52783203125,0.54833984375,0.52783203125,0.54833984375,0.6396235149903111,0.4921875,0.62451171875,0.4921875,0.62451171875,WOW,0.19868813384994055,0.002727856285085658,0.07245655694345984,0.29064724449864227,0.43548020842287166
WOW__TEST__STEGO__6036.pgm,6036.pgm,WOW,1,${BOSSBASE_ROOT}\stego\WOW\0.4bpp\stego\6036.pgm,0.9769787427100676,0.491455078125,0.51220703125,0.491455078125,0.51220703125,0.3170032391635806,0.50537109375,0.5322265625,0.50537109375,0.5322265625,0.9793540692607815,0.50048828125,0.548828125,0.50048828125,0.548828125,0.9197867491515395,0.52783203125,0.54833984375,0.52783203125,0.54833984375,0.9848692716928064,0.4921875,0.62451171875,0.4921875,0.62451171875,WOW,0.20802382027230373,0.11298407740576119,0.23959737789198404,0.01766848257140519,0.4217262418585458
WOW__TEST__STEGO__4156.pgm,4156.pgm,WOW,1,${BOSSBASE_ROOT}\stego\WOW\0.4bpp\stego\4156.pgm,0.24256428978896624,0.491455078125,0.51220703125,0.491455078125,0.51220703125,0.011777842688519623,0.50537109375,0.5322265625,0.50537109375,0.5322265625,0.19698062986831358,0.50048828125,0.548828125,0.50048828125,0.548828125,0.02310927773615126,0.52783203125,0.54833984375,0.52783203125,0.54833984375,0.3092322734931207,0.4921875,0.62451171875,0.4921875,0.62451171875,MiPOD,0.3049717077086698,0.06996281370700067,0.3721699559827448,0.11339704606780594,0.1394984765337789
WOW__TEST__STEGO__3656.pgm,3656.pgm,WOW,1,${BOSSBASE_ROOT}\stego\WOW\0.4bpp\stego\3656.pgm,0.7756048079953142,0.491455078125,0.51220703125,0.491455078125,0.51220703125,0.5253992611771939,0.50537109375,0.5322265625,0.50537109375,0.5322265625,0.44875841328324967,0.50048828125,0.548828125,0.50048828125,0.548828125,0.6010668041380285,0.52783203125,0.54833984375,0.52783203125,0.54833984375,0.4935230063717852,0.4921875,0.62451171875,0.4921875,0.62451171875,WOW,0.0920739317381113,0.14895509593570325,0.12325819597128207,0.1960625516163822,0.43965022473852117
WOW__TEST__STEGO__5552.pgm,5552.pgm,WOW,1,${BOSSBASE_ROOT}\stego\WOW\0.4bpp\stego\5552.pgm,0.967100958652035,0.491455078125,0.51220703125,0.491455078125,0.51220703125,0.8584814629082023,0.50537109375,0.5322265625,0.50537109375,0.5322265625,0.6613763197684221,0.50048828125,0.548828125,0.50048828125,0.548828125,0.9044819293520493,0.52783203125,0.54833984375,0.52783203125,0.54833984375,0.5796978599878359,0.4921875,0.62451171875,0.4921875,0.62451171875,WOW,0.05126407732977492,0.1933582794282024,0.05625621017537762,0.24735121612667643,0.45177021693996866
WOW__TEST__STEGO__6344.pgm,6344.pgm,WOW,1,${BOSSBASE_ROOT}\stego\WOW\0.4bpp\stego\6344.pgm,0.8013146462095748,0.491455078125,0.51220703125,0.491455078125,0.51220703125,0.433321900233323,0.50537109375,0.5322265625,0.50537109375,0.5322265625,0.4927907218206989,0.50048828125,0.548828125,0.50048828125,0.548828125,0.5144308055312528,0.52783203125,0.54833984375,0.52783203125,0.54833984375,0.4807833958646628,0.4921875,0.62451171875,0.4921875,0.62451171875,WOW,0.12054413560916118,0.09244882763724104,0.13175943906501617,0.13687308603179113,0.5183745116567905
WOW__TEST__STEGO__1266.pgm,1266.pgm,WOW,1,${BOSSBASE_ROOT}\stego\WOW\0.4bpp\stego\1266.pgm,0.9925103751011916,0.491455078125,0.51220703125,0.491455078125,0.51220703125,0.9961155234512341,0.50537109375,0.5322265625,0.50537109375,0.5322265625,0.9905142868292047,0.50048828125,0.548828125,0.50048828125,0.548828125,0.006930671656746301,0.52783203125,0.54833984375,0.52783203125,0.54833984375,0.9916842215225259,0.4921875,0.62451171875,0.4921875,0.62451171875,WOW,0.16863723300597408,0.0016662531704198181,0.1255382296719728,0.2245856029763323,0.479572681175301
WOW__TEST__STEGO__8774.pgm,8774.pgm,WOW,1,${BOSSBASE_ROOT}\stego\WOW\0.4bpp\stego\8774.pgm,0.05320620747238809,0.491455078125,0.51220703125,0.491455078125,0.51220703125,0.583203356837953,0.50537109375,0.5322265625,0.50537109375,0.5322265625,0.0021657671990027,0.50048828125,0.548828125,0.50048828125,0.548828125,0.9918437513730266,0.52783203125,0.54833984375,0.52783203125,0.54833984375,0.00011412238544346031,0.4921875,0.62451171875,0.4921875,0.62451171875,HUGO,0.0050242039923570235,0.8919101337474115,0.008613300299674173,0.09068192403093533,0.0037704379296220553
WOW__TEST__STEGO__8497.pgm,8497.pgm,WOW,1,${BOSSBASE_ROOT}\stego\WOW\0.4bpp\stego\8497.pgm,0.9920002454916221,0.491455078125,0.51220703125,0.491455078125,0.51220703125,0.010570488620307572,0.50537109375,0.5322265625,0.50537109375,0.5322265625,0.9938787187092715,0.50048828125,0.548828125,0.50048828125,0.548828125,0.007345826574477061,0.52783203125,0.54833984375,0.52783203125,0.54833984375,0.9937100978631075,0.4921875,0.62451171875,0.4921875,0.62451171875,WOW,0.3370454772319493,0.001124670729815514,0.23295498504744303,0.004601590825128631,0.4242732761656636
WOW__TEST__STEGO__7241.pgm,7241.pgm,WOW,1,${BOSSBASE_ROOT}\stego\WOW\0.4bpp\stego\7241.pgm,0.9923341253113541,0.491455078125,0.51220703125,0.491455078125,0.51220703125,0.9929335990367509,0.50537109375,0.5322265625,0.50537109375,0.5322265625,0.9894295113796924,0.50048828125,0.548828125,0.50048828125,0.548828125,0.9875203002546722,0.52783203125,0.54833984375,0.52783203125,0.54833984375,0.9906599756149459,0.4921875,0.62451171875,0.4921875,0.62451171875,WOW,0.10628473649718115,0.16120797052899602,0.13118495681195985,0.20439791672292262,0.39692441943894036
WOW__TEST__STEGO__2376.pgm,2376.pgm,WOW,1,${BOSSBASE_ROOT}\stego\WOW\0.4bpp\stego\2376.pgm,0.9909447358132779,0.491455078125,0.51220703125,0.491455078125,0.51220703125,0.9895513745548833,0.50537109375,0.5322265625,0.50537109375,0.5322265625,0.9896318433492118,0.50048828125,0.548828125,0.50048828125,0.548828125,0.03228325893338435,0.52783203125,0.54833984375,0.52783203125,0.54833984375,0.9855521474663975,0.4921875,0.62451171875,0.4921875,0.62451171875,WOW,0.16927914511160766,0.001904124347750054,0.12607097436109135,0.22206339489708782,0.48068236128246306
WOW__TEST__STEGO__2882.pgm,2882.pgm,WOW,1,${BOSSBASE_ROOT}\stego\WOW\0.4bpp\stego\2882.pgm,0.49112031847797033,0.491455078125,0.51220703125,0.491455078125,0.51220703125,0.5048597712743321,0.50537109375,0.5322265625,0.50537109375,0.5322265625,0.4781480838077217,0.50048828125,0.548828125,0.50048828125,0.548828125,0.5110608172750866,0.52783203125,0.54833984375,0.52783203125,0.54833984375,0.4903576409115541,0.4921875,0.62451171875,0.4921875,0.62451171875,S-UNIWARD,0.1737032521781279,0.1989980809134241,0.2005948901176746,0.24344220215618062,0.1832615746345927
WOW__TEST__STEGO__5841.pgm,5841.pgm,WOW,1,${BOSSBASE_ROOT}\stego\WOW\0.4bpp\stego\5841.pgm,0.5675172037193447,0.491455078125,0.51220703125,0.491455078125,0.51220703125,0.5322731836568547,0.50537109375,0.5322265625,0.50537109375,0.5322265625,0.5355842703628432,0.50048828125,0.548828125,0.50048828125,0.548828125,0.5374966071008129,0.52783203125,0.54833984375,0.52783203125,0.54833984375,0.5699124942915227,0.4921875,0.62451171875,0.4921875,0.62451171875,WOW,0.17403986019762538,0.16958526698818138,0.21081541428290257,0.22060211352100673,0.2249573450102839
WOW__TEST__STEGO__6552.pgm,6552.pgm,WOW,1,${BOSSBASE_ROOT}\stego\WOW\0.4bpp\stego\6552.pgm,0.983342959990771,0.491455078125,0.51220703125,0.491455078125,0.51220703125,0.885829153706156,0.50537109375,0.5322265625,0.50537109375,0.5322265625,0.9694979473172858,0.50048828125,0.548828125,0.50048828125,0.548828125,0.26170812692029033,0.52783203125,0.54833984375,0.52783203125,0.54833984375,0.9241418199787566,0.4921875,0.62451171875,0.4921875,0.62451171875,WOW,0.17591724442338202,0.006379205628775364,0.13376009094043784,0.17384036891342936,0.5101030900939754
WOW__TEST__STEGO__5563.pgm,5563.pgm,WOW,1,${BOSSBASE_ROOT}\stego\WOW\0.4bpp\stego\5563.pgm,0.9916842215225259,0.491455078125,0.51220703125,0.491455078125,0.51220703125,0.9837849698906836,0.50537109375,0.5322265625,0.50537109375,0.5322265625,0.9904406006529085,0.50048828125,0.548828125,0.50048828125,0.548828125,0.010693757736175492,0.52783203125,0.54833984375,0.52783203125,0.54833984375,0.9914886969734374,0.4921875,0.62451171875,0.4921875,0.62451171875,WOW,0.1717502856701066,0.0017089100764131097,0.1279546552361077,0.21633113414430738,0.4822550148730652
WOW__TEST__STEGO__2247.pgm,2247.pgm,WOW,1,${BOSSBASE_ROOT}\stego\WOW\0.4bpp\stego\2247.pgm,0.9921537607074791,0.491455078125,0.51220703125,0.491455078125,0.51220703125,0.9918437513730266,0.50537109375,0.5322265625,0.50537109375,0.5322265625,0.9816303618907107,0.50048828125,0.548828125,0.50048828125,0.548828125,0.025035423538735918,0.52783203125,0.54833984375,0.52783203125,0.54833984375,0.9265699473001059,0.4921875,0.62451171875,0.4921875,0.62451171875,WOW,0.16526166260978936,0.0018828957970483725,0.10901995976714707,0.23217849724413359,0.49165698458188156
WOW__TEST__STEGO__29.pgm,29.pgm,WOW,1,${BOSSBASE_ROOT}\stego\WOW\0.4bpp\stego\29.pgm,0.9424007941334204,0.491455078125,0.51220703125,0.491455078125,0.51220703125,0.6273806568317251,0.50537109375,0.5322265625,0.50537109375,0.5322265625,0.6265812767716958,0.50048828125,0.548828125,0.50048828125,0.548828125,0.22592856235508138,0.52783203125,0.54833984375,0.52783203125,0.54833984375,0.6011253440753982,0.4921875,0.62451171875,0.4921875,0.62451171875,WOW,0.10682451603883089,0.011300831947594285,0.09412656552245031,0.15442129171633753,0.6333267947747869
WOW__TEST__STEGO__6778.pgm,6778.pgm,WOW,1,${BOSSBASE_ROOT}\stego\WOW\0.4bpp\stego\6778.pgm,0.9934865014403319,0.491455078125,0.51220703125,0.491455078125,0.51220703125,0.961389068531974,0.50537109375,0.5322265625,0.50537109375,0.5322265625,0.9669140216112958,0.50048828125,0.548828125,0.50048828125,0.548828125,0.22151904879943055,0.52783203125,0.54833984375,0.52783203125,0.54833984375,0.913522352543118,0.4921875,0.62451171875,0.4921875,0.62451171875,WOW,0.15584421898079284,0.005013700412433264,0.11465147614169582,0.21987472496606586,0.5046158794990122
WOW__TEST__STEGO__5572.pgm,5572.pgm,WOW,1,${BOSSBASE_ROOT}\stego\WOW\0.4bpp\stego\5572.pgm,0.9897513980768414,0.491455078125,0.51220703125,0.491455078125,0.51220703125,0.9942025987455659,0.50537109375,0.5322265625,0.50537109375,0.5322265625,0.993255010457908,0.50048828125,0.548828125,0.50048828125,0.548828125,0.993461175022765,0.52783203125,0.54833984375,0.52783203125,0.54833984375,0.9681411443139596,0.4921875,0.62451171875,0.4921875,0.62451171875,WOW,0.1073312428991197,0.16682230715131674,0.12463474927506496,0.206414057207218,0.3947976434672807
WOW__TEST__STEGO__6156.pgm,6156.pgm,WOW,1,${BOSSBASE_ROOT}\stego\WOW\0.4bpp\stego\6156.pgm,0.9906960501316063,0.491455078125,0.51220703125,0.491455078125,0.51220703125,0.9875203002546722,0.50537109375,0.5322265625,0.50537109375,0.5322265625,0.8674854455595564,0.50048828125,0.548828125,0.50048828125,0.548828125,0.8643104540313907,0.52783203125,0.54833984375,0.52783203125,0.54833984375,0.8177200818572946,0.4921875,0.62451171875,0.4921875,0.62451171875,WOW,0.0823517956072711,0.11433727897327328,0.08874523448883193,0.26800404696863,0.44656164396199366
WOW__TEST__STEGO__3083.pgm,3083.pgm,WOW,1,${BOSSBASE_ROOT}\stego\WOW\0.4bpp\stego\3083.pgm,0.9900635812940538,0.491455078125,0.51220703125,0.491455078125,0.51220703125,0.01098694263059318,0.50537109375,0.5322265625,0.50537109375,0.5322265625,0.9762653142298868,0.50048828125,0.548828125,0.50048828125,0.548828125,0.9906237625491514,0.52783203125,0.54833984375,0.52783203125,0.54833984375,0.9826909042463318,0.4921875,0.62451171875,0.4921875,0.62451171875,WOW,0.2226967689479099,0.1248236698333702,0.26133979132849144,0.0048140206611406436,0.38632574922908786
WOW__TEST__STEGO__22.pgm,22.pgm,WOW,1,${BOSSBASE_ROOT}\stego\WOW\0.4bpp\stego\22.pgm,0.9776285401622385,0.491455078125,0.51220703125,0.491455078125,0.51220703125,0.9438672242987702,0.50537109375,0.5322265625,0.50537109375,0.5322265625,0.6245225595762177,0.50048828125,0.548828125,0.50048828125,0.548828125,0.008187909901696235,0.52783203125,0.54833984375,0.52783203125,0.54833984375,0.9872281325067137,0.4921875,0.62451171875,0.4921875,0.62451171875,WOW,0.0632177822137847,0.002722715405479152,0.12821851784641436,0.31688204655604907,0.4889589379782727
WOW__TEST__STEGO__5913.pgm,5913.pgm,WOW,1,${BOSSBASE_ROOT}\stego\WOW\0.4bpp\stego\5913.pgm,0.9881766051636294,0.491455078125,0.51220703125,0.491455078125,0.51220703125,0.9455001256588014,0.50537109375,0.5322265625,0.50537109375,0.5322265625,0.7951813604438017,0.50048828125,0.548828125,0.50048828125,0.548828125,0.02194825371486785,0.52783203125,0.54833984375,0.52783203125,0.54833984375,0.7316342000863527,0.4921875,0.62451171875,0.4921875,0.62451171875,WOW,0.10321721598500502,0.0025075274677302858,0.07159115518904804,0.2828856291727354,0.5397984721854813
WOW__TEST__STEGO__3214.pgm,3214.pgm,WOW,1,${BOSSBASE_ROOT}\stego\WOW\0.4bpp\stego\3214.pgm,0.991554373058874,0.491455078125,0.51220703125,0.491455078125,0.51220703125,0.9812389160218716,0.50537109375,0.5322265625,0.50537109375,0.5322265625,0.6313670457856639,0.50048828125,0.548828125,0.50048828125,0.548828125,0.32637877584155367,0.52783203125,0.54833984375,0.52783203125,0.54833984375,0.6256668524290883,0.4921875,0.62451171875,0.4921875,0.62451171875,WOW,0.049864356068567255,0.012097237505753327,0.04972124106078871,0.38469812164743095,0.5036190437174597
WOW__TEST__STEGO__4713.pgm,4713.pgm,WOW,1,${BOSSBASE_ROOT}\stego\WOW\0.4bpp\stego\4713.pgm,0.49236738372377525,0.491455078125,0.51220703125,0.491455078125,0.51220703125,0.2013417068381109,0.50537109375,0.5322265625,0.50537109375,0.5322265625,0.5165192541229722,0.50048828125,0.548828125,0.50048828125,0.548828125,0.2198395635610974,0.52783203125,0.54833984375,0.52783203125,0.54833984375,0.579400408904987,0.4921875,0.62451171875,0.4921875,0.62451171875,MiPOD,0.31761272871066765,0.0488486803439683,0.3430936232389925,0.0796431892595332,0.21080177844683845
WOW__TEST__STEGO__5188.pgm,5188.pgm,WOW,1,${BOSSBASE_ROOT}\stego\WOW\0.4bpp\stego\5188.pgm,0.9901019362839765,0.491455078125,0.51220703125,0.491455078125,0.51220703125,0.9935117304033434,0.50537109375,0.5322265625,0.50537109375,0.5322265625,0.9913892323324893,0.50048828125,0.548828125,0.50048828125,0.548828125,0.007066400963249157,0.52783203125,0.54833984375,0.52783203125,0.54833984375,0.9939024378074247,0.4921875,0.62451171875,0.4921875,0.62451171875,WOW,0.1706532673388628,0.001679211516771445,0.12737342760237236,0.22318971931384476,0.47710437422814855
WOW__TEST__STEGO__6699.pgm,6699.pgm,WOW,1,${BOSSBASE_ROOT}\stego\WOW\0.4bpp\stego\6699.pgm,0.9927391335017144,0.491455078125,0.51220703125,0.491455078125,0.51220703125,0.5102372166123859,0.50537109375,0.5322265625,0.50537109375,0.5322265625,0.9715639669551474,0.50048828125,0.548828125,0.50048828125,0.548828125,0.9729852096621656,0.52783203125,0.54833984375,0.52783203125,0.54833984375,0.9876162153627396,0.4921875,0.62451171875,0.4921875,0.62451171875,WOW,0.16634853730986948,0.14903992049202988,0.20546193292490592,0.036783846850577055,0.4423657624226176
WOW__TEST__STEGO__2391.pgm,2391.pgm,WOW,1,${BOSSBASE_ROOT}\stego\WOW\0.4bpp\stego\2391.pgm,0.9336731259764038,0.491455078125,0.51220703125,0.491455078125,0.51220703125,0.9233161978167049,0.50537109375,0.5322265625,0.50537109375,0.5322265625,0.9514137919629646,0.50048828125,0.548828125,0.50048828125,0.548828125,0.032040078058081095,0.52783203125,0.54833984375,0.52783203125,0.54833984375,0.8942365768704993,0.4921875,0.62451171875,0.4921875,0.62451171875,WOW,0.19345148305315418,0.002554851321795776,0.12809113060888777,0.2215471545177614,0.45435538049840096
WOW__TEST__STEGO__586.pgm,586.pgm,WOW,1,${BOSSBASE_ROOT}\stego\WOW\0.4bpp\stego\586.pgm,0.9878528299001947,0.491455078125,0.51220703125,0.491455078125,0.51220703125,0.922900303783852,0.50537109375,0.5322265625,0.50537109375,0.5322265625,0.34620965688120114,0.50048828125,0.548828125,0.50048828125,0.548828125,0.3062157543745816,0.52783203125,0.54833984375,0.52783203125,0.54833984375,0.7579735664426586,0.4921875,0.62451171875,0.4921875,0.62451171875,WOW,0.022243113370727232,0.014322709695837642,0.06605564686562038,0.4172207346398118,0.4801577954280031
WOW__TEST__STEGO__197.pgm,197.pgm,WOW,1,${BOSSBASE_ROOT}\stego\WOW\0.4bpp\stego\197.pgm,0.9909447358132779,0.491455078125,0.51220703125,0.491455078125,0.51220703125,0.9948603889024311,0.50537109375,0.5322265625,0.50537109375,0.5322265625,0.9919380084717284,0.50048828125,0.548828125,0.50048828125,0.548828125,0.7563575624625937,0.52783203125,0.54833984375,0.52783203125,0.54833984375,0.9904406006529085,0.4921875,0.62451171875,0.4921875,0.62451171875,WOW,0.12885738947432368,0.059267403250911385,0.14014477770246264,0.2261447925997964,0.4455856369725059
WOW__TEST__STEGO__5932.pgm,5932.pgm,WOW,1,${BOSSBASE_ROOT}\stego\WOW\0.4bpp\stego\5932.pgm,0.991422514586288,0.491455078125,0.51220703125,0.491455078125,0.51220703125,0.9943361347628211,0.50537109375,0.5322265625,0.50537109375,0.5322265625,0.9908389730779061,0.50048828125,0.548828125,0.50048828125,0.548828125,0.006488269596656705,0.52783203125,0.54833984375,0.52783203125,0.54833984375,0.9915870224290223,0.4921875,0.62451171875,0.4921875,0.62451171875,WOW,0.16969786347705879,0.0016691562515775782,0.12613493274892576,0.22366189237675413,0.47883615514568373
WOW__TEST__STEGO__177.pgm,177.pgm,WOW,1,${BOSSBASE_ROOT}\stego\WOW\0.4bpp\stego\177.pgm,0.6371436885657369,0.491455078125,0.51220703125,0.491455078125,0.51220703125,0.5482804951968118,0.50537109375,0.5322265625,0.50537109375,0.5322265625,0.5297043595441621,0.50048828125,0.548828125,0.50048828125,0.548828125,0.5538371136452572,0.52783203125,0.54833984375,0.52783203125,0.54833984375,0.5237096219468276,0.4921875,0.62451171875,0.4921875,0.62451171875,WOW,0.1523423223872529,0.15988974473761175,0.17015190927738053,0.22792787797315972,0.28968814562459516
WOW__TEST__STEGO__5988.pgm,5988.pgm,WOW,1,${BOSSBASE_ROOT}\stego\WOW\0.4bpp\stego\5988.pgm,0.9917163731139695,0.491455078125,0.51220703125,0.491455078125,0.51220703125,0.9947391477427643,0.50537109375,0.5322265625,0.50537109375,0.5322265625,0.993384607321672,0.50048828125,0.548828125,0.50048828125,0.548828125,0.35711898910753376,0.52783203125,0.54833984375,0.52783203125,0.54833984375,0.9342753327035105,0.4921875,0.62451171875,0.4921875,0.62451171875,WOW,0.15370559536335202,0.009185519973034673,0.1186273348141751,0.23557279903920525,0.48290875081023293
WOW__TEST__STEGO__7025.pgm,7025.pgm,WOW,1,${BOSSBASE_ROOT}\stego\WOW\0.4bpp\stego\7025.pgm,0.990216123982345,0.491455078125,0.51220703125,0.491455078125,0.51220703125,0.992767236196521,0.50537109375,0.5322265625,0.50537109375,0.5322265625,0.9883127420043056,0.50048828125,0.548828125,0.50048828125,0.548828125,0.008219693061967886,0.52783203125,0.54833984375,0.52783203125,0.54833984375,0.9913892323324893,0.4921875,0.62451171875,0.4921875,0.62451171875,WOW,0.16930892543731807,0.0016968284597995594,0.1267655907280769,0.22396591946370806,0.47826273591109747
WOW__TEST__STEGO__6710.pgm,6710.pgm,WOW,1,${BOSSBASE_ROOT}\stego\WOW\0.4bpp\stego\6710.pgm,0.9921537607074791,0.491455078125,0.51220703125,0.491455078125,0.51220703125,0.9758085141318649,0.50537109375,0.5322265625,0.50537109375,0.5322265625,0.9907319866190857,0.50048828125,0.548828125,0.50048828125,0.548828125,0.007665874688645945,0.52783203125,0.54833984375,0.52783203125,0.54833984375,0.9794329046535715,0.4921875,0.62451171875,0.4921875,0.62451171875,WOW,0.17391452662531678,0.001691671573011309,0.1255453503933788,0.21176551123197696,0.487082940176316
WOW__TEST__STEGO__9153.pgm,9153.pgm,WOW,1,${BOSSBASE_ROOT}\stego\WOW\0.4bpp\stego\9153.pgm,0.9920927084953715,0.491455078125,0.51220703125,0.491455078125,0.51220703125,0.9913222832950107,0.50537109375,0.5322265625,0.50537109375,0.5322265625,0.9956853120436374,0.50048828125,0.548828125,0.50048828125,0.548828125,0.9925103751011916,0.52783203125,0.54833984375,0.52783203125,0.54833984375,0.9912886155422945,0.4921875,0.62451171875,0.4921875,0.62451171875,WOW,0.10808285126933061,0.1636293001381511,0.1316240768913699,0.20113822638857445,0.39552554531257383
WOW__TEST__STEGO__6496.pgm,6496.pgm,WOW,1,${BOSSBASE_ROOT}\stego\WOW\0.4bpp\stego\6496.pgm,0.9762200155633391,0.491455078125,0.51220703125,0.491455078125,0.51220703125,0.39175493105975623,0.50537109375,0.5322265625,0.50537109375,0.5322265625,0.028060739765708186,0.50048828125,0.548828125,0.50048828125,0.548828125,0.007289077583591924,0.52783203125,0.54833984375,0.52783203125,0.54833984375,0.34598864660470574,0.4921875,0.62451171875,0.4921875,0.62451171875,WOW,0.02162696838133142,0.007040492644167905,0.048233363938124184,0.14411861101980455,0.7789805640165718
WOW__TEST__STEGO__6364.pgm,6364.pgm,WOW,1,${BOSSBASE_ROOT}\stego\WOW\0.4bpp\stego\6364.pgm,0.9923043528216078,0.491455078125,0.51220703125,0.491455078125,0.51220703125,0.9922143452346321,0.50537109375,0.5322265625,0.50537109375,0.5322265625,0.991186833496954,0.50048828125,0.548828125,0.50048828125,0.548828125,0.006957608807376377,0.52783203125,0.54833984375,0.52783203125,0.54833984375,0.988755439279336,0.4921875,0.62451171875,0.4921875,0.62451171875,WOW,0.1700188830283593,0.0016699915885995138,0.12542151234175702,0.22198733872842702,0.48090227431285726
WOW__TEST__STEGO__3338.pgm,3338.pgm,WOW,1,${BOSSBASE_ROOT}\stego\WOW\0.4bpp\stego\3338.pgm,0.29594158978032303,0.491455078125,0.51220703125,0.491455078125,0.51220703125,0.459439907224023,0.50537109375,0.5322265625,0.50537109375,0.5322265625,0.5150482493749559,0.50048828125,0.548828125,0.50048828125,0.548828125,0.5048788429517169,0.52783203125,0.54833984375,0.52783203125,0.54833984375,0.4807833958646628,0.4921875,0.62451171875,0.4921875,0.62451171875,HUGO,0.23188726364258788,0.2520126085185389,0.2330332001752623,0.20120323131064755,0.08186369635296337
WOW__TEST__STEGO__7478.pgm,7478.pgm,WOW,1,${BOSSBASE_ROOT}\stego\WOW\0.4bpp\stego\7478.pgm,0.49374040883961834,0.491455078125,0.51220703125,0.491455078125,0.51220703125,0.5072512310747477,0.50537109375,0.5322265625,0.50537109375,0.5322265625,0.5025043278128515,0.50048828125,0.548828125,0.50048828125,0.548828125,0.4925084952365691,0.52783203125,0.54833984375,0.52783203125,0.54833984375,0.5055196427083637,0.4921875,0.62451171875,0.4921875,0.62451171875,S-UNIWARD,0.18894467330745973,0.17733425648134796,0.20944119236402123,0.2382030833035533,0.18607679454361797
WOW__TEST__STEGO__9241.pgm,9241.pgm,WOW,1,${BOSSBASE_ROOT}\stego\WOW\0.4bpp\stego\9241.pgm,0.7085151879024869,0.491455078125,0.51220703125,0.491455078125,0.51220703125,0.5366468124778812,0.50537109375,0.5322265625,0.50537109375,0.5322265625,0.48389229459025357,0.50048828125,0.548828125,0.50048828125,0.548828125,0.6186652458112596,0.52783203125,0.54833984375,0.52783203125,0.54833984375,0.545134373808361,0.4921875,0.62451171875,0.4921875,0.62451171875,WOW,0.11193520690627913,0.1820494968455936,0.15475634898990245,0.20449903830774835,0.3467599089504765
WOW__TEST__STEGO__4651.pgm,4651.pgm,WOW,1,${BOSSBASE_ROOT}\stego\WOW\0.4bpp\stego\4651.pgm,0.693680501599108,0.491455078125,0.51220703125,0.491455078125,0.51220703125,0.5646987065585884,0.50537109375,0.5322265625,0.50537109375,0.5322265625,0.10576342312950059,0.50048828125,0.548828125,0.50048828125,0.548828125,0.016593177919590436,0.52783203125,0.54833984375,0.52783203125,0.54833984375,0.7611836278339746,0.4921875,0.62451171875,0.4921875,0.62451171875,S-UNIWARD,0.04720275362463368,0.016375146823525696,0.22873327189280337,0.3573721248528887,0.35031670280614846
WOW__TEST__STEGO__1575.pgm,1575.pgm,WOW,1,${BOSSBASE_ROOT}\stego\WOW\0.4bpp\stego\1575.pgm,0.9918437513730266,0.491455078125,0.51220703125,0.491455078125,0.51220703125,0.9915215980653225,0.50537109375,0.5322265625,0.50537109375,0.5322265625,0.9895513745548833,0.50048828125,0.548828125,0.50048828125,0.548828125,0.11777491957086147,0.52783203125,0.54833984375,0.52783203125,0.54833984375,0.9912548183179649,0.4921875,0.62451171875,0.4921875,0.62451171875,WOW,0.16410136999479252,0.0028629146034049938,0.129510841120971,0.22414459643991994,0.47938027784091153
WOW__TEST__STEGO__3542.pgm,3542.pgm,WOW,1,${BOSSBASE_ROOT}\stego\WOW\0.4bpp\stego\3542.pgm,0.8992983918150725,0.491455078125,0.51220703125,0.491455078125,0.51220703125,0.999905387373387,0.50537109375,0.5322265625,0.50537109375,0.5322265625,0.8949731912576617,0.50048828125,0.548828125,0.50048828125,0.548828125,0.4943926301176344,0.52783203125,0.54833984375,0.52783203125,0.54833984375,0.8807970779778823,0.4921875,0.62451171875,0.4921875,0.62451171875,WOW,0.1337515469488964,0.02691292948861109,0.12785872360651496,0.32796856006682357,0.383508239889154
WOW__TEST__STEGO__8438.pgm,8438.pgm,WOW,1,${BOSSBASE_ROOT}\stego\WOW\0.4bpp\stego\8438.pgm,0.9517736584118671,0.491455078125,0.51220703125,0.491455078125,0.51220703125,0.5777336229837708,0.50537109375,0.5322265625,0.50537109375,0.5322265625,0.49600991136396927,0.50048828125,0.548828125,0.50048828125,0.548828125,1.5414083577909067e-06,0.52783203125,0.54833984375,0.52783203125,0.54833984375,0.8947894632969136,0.4921875,0.62451171875,0.4921875,0.62451171875,WOW,0.07932007496072077,0.00391650930969051,0.17893174282071225,0.1295774880078675,0.6082541849010089
WOW__TEST__STEGO__2240.pgm,2240.pgm,WOW,1,${BOSSBASE_ROOT}\stego\WOW\0.4bpp\stego\2240.pgm,0.9880389017501905,0.491455078125,0.51220703125,0.491455078125,0.51220703125,0.8546421704730389,0.50537109375,0.5322265625,0.50537109375,0.5322265625,0.6867903384638052,0.50048828125,0.548828125,0.50048828125,0.548828125,0.006718870000837655,0.52783203125,0.54833984375,0.52783203125,0.54833984375,0.8734309010706701,0.4921875,0.62451171875,0.4921875,0.62451171875,WOW,0.08722860360610969,0.002672349517113179,0.11283880918844885,0.2337762132512293,0.563484024437099
WOW__TEST__STEGO__6061.pgm,6061.pgm,WOW,1,${BOSSBASE_ROOT}\stego\WOW\0.4bpp\stego\6061.pgm,0.9897116988662837,0.491455078125,0.51220703125,0.491455078125,0.51220703125,0.9952448000901669,0.50537109375,0.5322265625,0.50537109375,0.5322265625,0.019087433820142514,0.50048828125,0.548828125,0.50048828125,0.548828125,0.00881316650304586,0.52783203125,0.54833984375,0.52783203125,0.54833984375,0.07276837992771637,0.4921875,0.62451171875,0.4921875,0.62451171875,S-UNIWARD,0.0049651718183801085,0.0034647108931303277,0.006203400952468322,0.6390980716544491,0.3462686446815721
WOW__TEST__STEGO__2523.pgm,2523.pgm,WOW,1,${BOSSBASE_ROOT}\stego\WOW\0.4bpp\stego\2523.pgm,0.9909797204985978,0.491455078125,0.51220703125,0.491455078125,0.51220703125,0.9873262643069669,0.50537109375,0.5322265625,0.50537109375,0.5322265625,0.9865717452580314,0.50048828125,0.548828125,0.50048828125,0.548828125,0.03541073007632382,0.52783203125,0.54833984375,0.52783203125,0.54833984375,0.9841546388118627,0.4921875,0.62451171875,0.4921875,0.62451171875,WOW,0.16822858842672586,0.001943264401567286,0.12612288696023133,0.22172071445261302,0.48198454575886246
WOW__TEST__STEGO__9271.pgm,9271.pgm,WOW,1,${BOSSBASE_ROOT}\stego\WOW\0.4bpp\stego\9271.pgm,0.9906599756149459,0.491455078125,0.51220703125,0.491455078125,0.51220703125,0.9956005868372635,0.50537109375,0.5322265625,0.50537109375,0.5322265625,0.9897116988662837,0.50048828125,0.548828125,0.50048828125,0.548828125,0.2171714517424569,0.52783203125,0.54833984375,0.52783203125,0.54833984375,0.9883127420043056,0.4921875,0.62451171875,0.4921875,0.62451171875,WOW,0.15881157013272718,0.004640456898533687,0.1309783167882751,0.22965052582957135,0.4759191303508927
WOW__TEST__STEGO__191.pgm,191.pgm,WOW,1,${BOSSBASE_ROOT}\stego\WOW\0.4bpp\stego\191.pgm,0.014172366191301682,0.491455078125,0.51220703125,0.491455078125,0.51220703125,0.4841056988564382,0.50537109375,0.5322265625,0.50537109375,0.5322265625,0.455743563860063,0.50048828125,0.548828125,0.50048828125,0.548828125,0.2751297238231752,0.52783203125,0.54833984375,0.52783203125,0.54833984375,0.6556668065254758,0.4921875,0.62451171875,0.4921875,0.62451171875,MiPOD,0.24242006980699637,0.13118858116652948,0.3830170684140634,0.21954866314244295,0.023825617469967784
WOW__TEST__STEGO__9501.pgm,9501.pgm,WOW,1,${BOSSBASE_ROOT}\stego\WOW\0.4bpp\stego\9501.pgm,0.9891396689867223,0.491455078125,0.51220703125,0.491455078125,0.51220703125,0.9949001816970466,0.50537109375,0.5322265625,0.50537109375,0.5322265625,0.9908034475769532,0.50048828125,0.548828125,0.50048828125,0.548828125,0.020645930739218447,0.52783203125,0.54833984375,0.52783203125,0.54833984375,0.9922143452346321,0.4921875,0.62451171875,0.4921875,0.62451171875,WOW,0.16977987805942885,0.0018006249163866422,0.12731593218907822,0.22525752221563328,0.475846042619473
WOW__TEST__STEGO__8391.pgm,8391.pgm,WOW,1,${BOSSBASE_ROOT}\stego\WOW\0.4bpp\stego\8391.pgm,0.9932287900693889,0.491455078125,0.51220703125,0.491455078125,0.51220703125,0.9949396679680339,0.50537109375,0.5322265625,0.50537109375,0.5322265625,0.991554373058874,0.50048828125,0.548828125,0.50048828125,0.548828125,0.007345826574477061,0.52783203125,0.54833984375,0.52783203125,0.54833984375,0.9940196700308718,0.4921875,0.62451171875,0.4921875,0.62451171875,WOW,0.16906549818669034,0.0016626347556169246,0.12621146891840762,0.222835278199666,0.4802251199396191
WOW__TEST__STEGO__8010.pgm,8010.pgm,WOW,1,${BOSSBASE_ROOT}\stego\WOW\0.4bpp\stego\8010.pgm,0.9915215980653225,0.491455078125,0.51220703125,0.491455078125,0.51220703125,0.9961306089915051,0.50537109375,0.5322265625,0.50537109375,0.5322265625,0.9933071490757153,0.50048828125,0.548828125,0.50048828125,0.548828125,0.09568694300568312,0.52783203125,0.54833984375,0.52783203125,0.54833984375,0.9939730484115986,0.4921875,0.62451171875,0.4921875,0.62451171875,WOW,0.16592398743184658,0.0025565328729406614,0.12899371920804317,0.2255798985787109,0.4769458619084587
WOW__TEST__STEGO__5739.pgm,5739.pgm,WOW,1,${BOSSBASE_ROOT}\stego\WOW\0.4bpp\stego\5739.pgm,0.5374662610141402,0.491455078125,0.51220703125,0.491455078125,0.51220703125,0.08151975597471893,0.50537109375,0.5322265625,0.50537109375,0.5322265625,0.9325762208953987,0.50048828125,0.548828125,0.50048828125,0.548828125,0.03846619201832428,0.52783203125,0.54833984375,0.52783203125,0.54833984375,0.9361683919753396,0.4921875,0.62451171875,0.4921875,0.62451171875,HILL,0.5188174978507798,0.004341243473068369,0.3723048311477797,0.010232421396404942,0.09430400613196706
WOW__TEST__STEGO__3774.pgm,3774.pgm,WOW,1,${BOSSBASE_ROOT}\stego\WOW\0.4bpp\stego\3774.pgm,0.9869795098861571,0.491455078125,0.51220703125,0.491455078125,0.51220703125,0.9845754479181588,0.50537109375,0.5322265625,0.50537109375,0.5322265625,0.990216123982345,0.50048828125,0.548828125,0.50048828125,0.548828125,0.014063627043245474,0.52783203125,0.54833984375,0.52783203125,0.54833984375,0.9908034475769532,0.4921875,0.62451171875,0.4921875,0.62451171875,WOW,0.173281933110854,0.001765239101601878,0.1291746773720996,0.21902896444718775,0.47674918596825683
WOW__TEST__STEGO__763.pgm,763.pgm,WOW,1,${BOSSBASE_ROOT}\stego\WOW\0.4bpp\stego\763.pgm,0.9853843298993641,0.491455078125,0.51220703125,0.491455078125,0.51220703125,0.872456082633875,0.50537109375,0.5322265625,0.50537109375,0.5322265625,0.37479069691957606,0.50048828125,0.548828125,0.50048828125,0.548828125,0.965963847005629,0.52783203125,0.54833984375,0.52783203125,0.54833984375,0.47656442577494323,0.4921875,0.62451171875,0.4921875,0.62451171875,WOW,0.015687883826895482,0.27114053423722223,0.030887298065026315,0.29964292037020324,0.38264136350065264
WOW__TEST__STEGO__9411.pgm,9411.pgm,WOW,1,${BOSSBASE_ROOT}\stego\WOW\0.4bpp\stego\9411.pgm,0.9531879687361164,0.491455078125,0.51220703125,0.491455078125,0.51220703125,0.36026394128130435,0.50537109375,0.5322265625,0.50537109375,0.5322265625,0.5768995631373356,0.50048828125,0.548828125,0.50048828125,0.548828125,0.009340024385054083,0.52783203125,0.54833984375,0.52783203125,0.54833984375,0.4803263245712842,0.4921875,0.62451171875,0.4921875,0.62451171875,WOW,0.12655766007601896,0.00413190755625558,0.08437620945334996,0.06413355803095915,0.7208006648834163
WOW__TEST__STEGO__7821.pgm,7821.pgm,WOW,1,${BOSSBASE_ROOT}\stego\WOW\0.4bpp\stego\7821.pgm,0.6690965132218099,0.491455078125,0.51220703125,0.491455078125,0.51220703125,0.6349961275385564,0.50537109375,0.5322265625,0.50537109375,0.5322265625,0.2216875011987412,0.50048828125,0.548828125,0.50048828125,0.548828125,0.276495131386202,0.52783203125,0.54833984375,0.52783203125,0.54833984375,0.7414868640815749,0.4921875,0.62451171875,0.4921875,0.62451171875,S-UNIWARD,0.05539648275152458,0.0502109491392626,0.21312630737383567,0.38777445091660767,0.29349180981876954
WOW__TEST__STEGO__6668.pgm,6668.pgm,WOW,1,${BOSSBASE_ROOT}\stego\WOW\0.4bpp\stego\6668.pgm,0.9923043528216078,0.491455078125,0.51220703125,0.491455078125,0.51220703125,0.9913222832950107,0.50537109375,0.5322265625,0.50537109375,0.5322265625,0.9939260655591138,0.50048828125,0.548828125,0.50048828125,0.548828125,0.979784031808104,0.52783203125,0.54833984375,0.52783203125,0.54833984375,0.9920002454916221,0.4921875,0.62451171875,0.4921875,0.62451171875,WOW,0.1089257508714087,0.15554388384602447,0.13265394558649166,0.2032104216086649,0.3996659980874104
WOW__TEST__STEGO__8475.pgm,8475.pgm,WOW,1,${BOSSBASE_ROOT}\stego\WOW\0.4bpp\stego\8475.pgm,0.9913892323324893,0.491455078125,0.51220703125,0.491455078125,0.51220703125,0.8739697093481282,0.50537109375,0.5322265625,0.50537109375,0.5322265625,0.9785902297851473,0.50048828125,0.548828125,0.50048828125,0.548828125,0.009670992763446972,0.52783203125,0.54833984375,0.52783203125,0.54833984375,0.979589692299694,0.4921875,0.62451171875,0.4921875,0.62451171875,WOW,0.19161857149159572,0.0017730087750413529,0.1422357755655177,0.15342206299660172,0.5109505811712436
WOW__TEST__STEGO__9014.pgm,9014.pgm,WOW,1,${BOSSBASE_ROOT}\stego\WOW\0.4bpp\stego\9014.pgm,0.48855790618589795,0.491455078125,0.51220703125,0.491455078125,0.51220703125,0.4762294804924473,0.50537109375,0.5322265625,0.50537109375,0.5322265625,0.4320633892123068,0.50048828125,0.548828125,0.50048828125,0.548828125,0.43875513280009165,0.52783203125,0.54833984375,0.52783203125,0.54833984375,0.45834870020339913,0.4921875,0.62451171875,0.4921875,0.62451171875,S-UNIWARD,0.17428057398242544,0.16321256074481308,0.20382098069876803,0.2568149348589625,0.20187094971503097
WOW__TEST__STEGO__2129.pgm,2129.pgm,WOW,1,${BOSSBASE_ROOT}\stego\WOW\0.4bpp\stego\2129.pgm,0.9920311850466846,0.491455078125,0.51220703125,0.491455078125,0.51220703125,0.9905142868292047,0.50537109375,0.5322265625,0.50537109375,0.5322265625,0.9885803853543514,0.50048828125,0.548828125,0.50048828125,0.548828125,0.01374232049590237,0.52783203125,0.54833984375,0.52783203125,0.54833984375,0.9893062422638245,0.4921875,0.62451171875,0.4921875,0.62451171875,WOW,0.1689767420059593,0.0017340826514025142,0.12614640424407442,0.22185348316537806,0.48128928793318576
WOW__TEST__STEGO__5230.pgm,5230.pgm,WOW,1,${BOSSBASE_ROOT}\stego\WOW\0.4bpp\stego\5230.pgm,0.9947391477427643,0.491455078125,0.51220703125,0.491455078125,0.51220703125,0.008577485413711986,0.50537109375,0.5322265625,0.50537109375,0.5322265625,0.9926826025287876,0.50048828125,0.548828125,0.50048828125,0.548828125,0.005448068085189642,0.52783203125,0.54833984375,0.52783203125,0.54833984375,0.9895513745548833,0.4921875,0.62451171875,0.4921875,0.62451171875,WOW,0.33535358542970356,0.0011096899908361031,0.23003900022033497,0.004571921170394987,0.4289258031887304
WOW__TEST__STEGO__6435.pgm,6435.pgm,WOW,1,${BOSSBASE_ROOT}\stego\WOW\0.4bpp\stego\6435.pgm,0.9368651017878079,0.491455078125,0.51220703125,0.491455078125,0.51220703125,0.6423203052849601,0.50537109375,0.5322265625,0.50537109375,0.5322265625,0.6682310740411628,0.50048828125,0.548828125,0.50048828125,0.548828125,0.3562226740350589,0.52783203125,0.54833984375,0.52783203125,0.54833984375,0.7895584005189641,0.4921875,0.62451171875,0.4921875,0.62451171875,WOW,0.11369482104666015,0.019213624620773292,0.1493839215189016,0.14219150575314052,0.5755161270605245
WOW__TEST__STEGO__1837.pgm,1837.pgm,WOW,1,${BOSSBASE_ROOT}\stego\WOW\0.4bpp\stego\1837.pgm,0.9908743626108194,0.491455078125,0.51220703125,0.491455078125,0.51220703125,0.9942474549497627,0.50537109375,0.5322265625,0.50537109375,0.5322265625,0.9889705299774982,0.50048828125,0.548828125,0.50048828125,0.548828125,0.0638316080246603,0.52783203125,0.54833984375,0.52783203125,0.54833984375,0.9760836129001415,0.4921875,0.62451171875,0.4921875,0.62451171875,WOW,0.16640153943317929,0.0022237539778875506,0.12342699093421441,0.22737976872344048,0.48056794693127813
WOW__TEST__STEGO__1552.pgm,1552.pgm,WOW,1,${BOSSBASE_ROOT}\stego\WOW\0.4bpp\stego\1552.pgm,0.9698996627595705,0.491455078125,0.51220703125,0.491455078125,0.51220703125,0.0005013742398679934,0.50537109375,0.5322265625,0.50537109375,0.5322265625,1.1300808333434095e-05,0.50048828125,0.548828125,0.50048828125,0.548828125,7.879908577138915e-14,0.52783203125,0.54833984375,0.52783203125,0.54833984375,0.9265699473001059,0.4921875,0.62451171875,0.4921875,0.62451171875,WOW,0.028669860988045588,0.005681861616026962,0.2656292968276507,0.02717128765104509,0.6728476929172316
WOW__TEST__STEGO__7662.pgm,7662.pgm,WOW,1,${BOSSBASE_ROOT}\stego\WOW\0.4bpp\stego\7662.pgm,0.9858276338086983,0.491455078125,0.51220703125,0.491455078125,0.51220703125,0.9125920825087166,0.50537109375,0.5322265625,0.50537109375,0.5322265625,0.8962513731336202,0.50048828125,0.548828125,0.50048828125,0.548828125,0.02112519189594821,0.52783203125,0.54833984375,0.52783203125,0.54833984375,0.07211220541293051,0.4921875,0.62451171875,0.4921875,0.62451171875,WOW,0.13148259461555703,0.0024154115885171245,0.014355172038846037,0.2664233126259381,0.5853235091311417
WOW__TEST__STEGO__7807.pgm,7807.pgm,WOW,1,${BOSSBASE_ROOT}\stego\WOW\0.4bpp\stego\7807.pgm,0.9891396689867223,0.491455078125,0.51220703125,0.491455078125,0.51220703125,0.263978703002682,0.50537109375,0.5322265625,0.50537109375,0.5322265625,0.9936856353291037,0.50048828125,0.548828125,0.50048828125,0.548828125,0.386068821409357,0.52783203125,0.54833984375,0.52783203125,0.54833984375,0.9901782070803069,0.4921875,0.62451171875,0.4921875,0.62451171875,WOW,0.2756244964710799,0.008502143936628213,0.2338852411030046,0.01408837103046739,0.46789974745881985
WOW__TEST__STEGO__9556.pgm,9556.pgm,WOW,1,${BOSSBASE_ROOT}\stego\WOW\0.4bpp\stego\9556.pgm,0.9916195466489739,0.491455078125,0.51220703125,0.491455078125,0.51220703125,0.8607207324327466,0.50537109375,0.5322265625,0.50537109375,0.5322265625,0.8067003854356462,0.50048828125,0.548828125,0.50048828125,0.548828125,0.7107287003278533,0.52783203125,0.54833984375,0.52783203125,0.54833984375,0.8877896276377429,0.4921875,0.62451171875,0.4921875,0.62451171875,WOW,0.09280219489368147,0.06428487763057517,0.12803114807748486,0.19943949846877776,0.5154422809294807
WOW__TEST__STEGO__2091.pgm,2091.pgm,WOW,1,${BOSSBASE_ROOT}\stego\WOW\0.4bpp\stego\2091.pgm,0.9632305339244013,0.491455078125,0.51220703125,0.491455078125,0.51220703125,0.6905590864098664,0.50537109375,0.5322265625,0.50537109375,0.5322265625,0.81684509245858,0.50048828125,0.548828125,0.50048828125,0.548828125,0.19759924906186824,0.52783203125,0.54833984375,0.52783203125,0.54833984375,0.9969246301499518,0.4921875,0.62451171875,0.4921875,0.62451171875,WOW,0.1535329953194555,0.006068963567801355,0.20215266270930587,0.11061560934129047,0.5276297690621469
WOW__TEST__STEGO__848.pgm,848.pgm,WOW,1,${BOSSBASE_ROOT}\stego\WOW\0.4bpp\stego\848.pgm,0.5062405206543413,0.491455078125,0.51220703125,0.491455078125,0.51220703125,0.5049169862638372,0.50537109375,0.5322265625,0.50537109375,0.5322265625,0.4994959832944952,0.50048828125,0.548828125,0.50048828125,0.548828125,0.49637228655815413,0.52783203125,0.54833984375,0.52783203125,0.54833984375,0.5040854498480598,0.4921875,0.62451171875,0.4921875,0.62451171875,S-UNIWARD,0.18506532530296727,0.17696511827842812,0.20663373084601722,0.2359919229293658,0.1953439026432217
WOW__TEST__STEGO__6188.pgm,6188.pgm,WOW,1,${BOSSBASE_ROOT}\stego\WOW\0.4bpp\stego\6188.pgm,0.9936610782629057,0.491455078125,0.51220703125,0.491455078125,0.51220703125,0.9118099551992372,0.50537109375,0.5322265625,0.50537109375,0.5322265625,0.9885362026220039,0.50048828125,0.548828125,0.50048828125,0.548828125,0.12400069523126615,0.52783203125,0.54833984375,0.52783203125,0.54833984375,0.7814974261872448,0.4921875,0.62451171875,0.4921875,0.62451171875,WOW,0.18237132576995785,0.0031920190417119225,0.08752448969122179,0.19011210087258393,0.5368000646245245
WOW__TEST__STEGO__1826.pgm,1826.pgm,WOW,1,${BOSSBASE_ROOT}\stego\WOW\0.4bpp\stego\1826.pgm,0.9903663476405535,0.491455078125,0.51220703125,0.491455078125,0.51220703125,0.9853279650847626,0.50537109375,0.5322265625,0.50537109375,0.5322265625,0.9890554225990201,0.50048828125,0.548828125,0.50048828125,0.548828125,0.14817041344298693,0.52783203125,0.54833984375,0.52783203125,0.54833984375,0.988755439279336,0.4921875,0.62451171875,0.4921875,0.62451171875,WOW,0.16445368668996058,0.003344367747737752,0.13117357412599992,0.22136407110663786,0.4796643003296639
WOW__TEST__STEGO__5048.pgm,5048.pgm,WOW,1,${BOSSBASE_ROOT}\stego\WOW\0.4bpp\stego\5048.pgm,0.9890554225990201,0.491455078125,0.51220703125,0.491455078125,0.51220703125,0.9810219632882344,0.50537109375,0.5322265625,0.50537109375,0.5322265625,0.9901019362839765,0.50048828125,0.548828125,0.50048828125,0.548828125,0.9896718474806949,0.52783203125,0.54833984375,0.52783203125,0.54833984375,0.9906237625491514,0.4921875,0.62451171875,0.4921875,0.62451171875,WOW,0.10876773204319551,0.16469267411174238,0.13400638175302285,0.1971680615724819,0.3953651505195573
WOW__TEST__STEGO__5463.pgm,5463.pgm,WOW,1,${BOSSBASE_ROOT}\stego\WOW\0.4bpp\stego\5463.pgm,0.9918120900983038,0.491455078125,0.51220703125,0.491455078125,0.51220703125,0.9826909042463318,0.50537109375,0.5322265625,0.50537109375,0.5322265625,0.9920620058985926,0.50048828125,0.548828125,0.50048828125,0.548828125,0.24999615180126566,0.52783203125,0.54833984375,0.52783203125,0.54833984375,0.9947798743064417,0.4921875,0.62451171875,0.4921875,0.62451171875,WOW,0.1606600665600573,0.005410409309651319,0.13583867139292846,0.21892038702869226,0.47917046570867056
WOW__TEST__STEGO__9228.pgm,9228.pgm,WOW,1,${BOSSBASE_ROOT}\stego\WOW\0.4bpp\stego\9228.pgm,0.991554373058874,0.491455078125,0.51220703125,0.491455078125,0.51220703125,0.9925969859111274,0.50537109375,0.5322265625,0.50537109375,0.5322265625,0.9917803069380321,0.50048828125,0.548828125,0.50048828125,0.548828125,0.008916127052872005,0.52783203125,0.54833984375,0.52783203125,0.54833984375,0.9925393565360598,0.4921875,0.62451171875,0.4921875,0.62451171875,WOW,0.17037859075630785,0.0016864659928614342,0.12673955124151506,0.22198992527728448,0.4792054667320312
WOW__TEST__STEGO__7912.pgm,7912.pgm,WOW,1,${BOSSBASE_ROOT}\stego\WOW\0.4bpp\stego\7912.pgm,0.9914886969734374,0.491455078125,0.51220703125,0.491455078125,0.51220703125,0.9916519461902167,0.50537109375,0.5322265625,0.50537109375,0.5322265625,0.9943580914999767,0.50048828125,0.548828125,0.50048828125,0.548828125,0.9921537607074791,0.52783203125,0.54833984375,0.52783203125,0.54833984375,0.9922744656025764,0.4921875,0.62451171875,0.4921875,0.62451171875,WOW,0.10774387574698178,0.1638168575295058,0.131980151252409,0.20177869868000706,0.3946804167910963
WOW__TEST__STEGO__2003.pgm,2003.pgm,WOW,1,${BOSSBASE_ROOT}\stego\WOW\0.4bpp\stego\2003.pgm,0.5133940115772622,0.491455078125,0.51220703125,0.491455078125,0.51220703125,0.5070757910211747,0.50537109375,0.5322265625,0.50537109375,0.5322265625,0.5093830535740589,0.50048828125,0.548828125,0.50048828125,0.548828125,0.07146149180665831,0.52783203125,0.54833984375,0.52783203125,0.54833984375,0.5149796467373603,0.4921875,0.62451171875,0.4921875,0.62451171875,S-UNIWARD,0.25077133422165426,0.025825935878601318,0.22467485098742432,0.26271300696283967,0.23601487194948037
WOW__TEST__STEGO__7483.pgm,7483.pgm,WOW,1,${BOSSBASE_ROOT}\stego\WOW\0.4bpp\stego\7483.pgm,0.45268714307214136,0.491455078125,0.51220703125,0.491455078125,0.51220703125,0.27086578668548367,0.50537109375,0.5322265625,0.50537109375,0.5322265625,0.39577621339191155,0.50048828125,0.548828125,0.50048828125,0.548828125,0.4045074437594969,0.52783203125,0.54833984375,0.52783203125,0.54833984375,4.391051266646022e-06,0.4921875,0.62451171875,0.4921875,0.62451171875,WOW,0.24429844400335562,0.2078963309570238,0.10295774212387056,0.191771300958143,0.25307618195760706
WOW__TEST__STEGO__3223.pgm,3223.pgm,WOW,1,${BOSSBASE_ROOT}\stego\WOW\0.4bpp\stego\3223.pgm,0.9843964652097964,0.491455078125,0.51220703125,0.491455078125,0.51220703125,0.6719012775177652,0.50537109375,0.5322265625,0.50537109375,0.5322265625,0.4674837005465524,0.50048828125,0.548828125,0.50048828125,0.548828125,0.3081902399767429,0.52783203125,0.54833984375,0.52783203125,0.54833984375,0.5774357950970499,0.4921875,0.62451171875,0.4921875,0.62451171875,WOW,0.05254796159038373,0.01660278584529505,0.0713757920077627,0.197661342106077,0.6618121184504815
WOW__TEST__STEGO__566.pgm,566.pgm,WOW,1,${BOSSBASE_ROOT}\stego\WOW\0.4bpp\stego\566.pgm,0.9899864293768268,0.491455078125,0.51220703125,0.491455078125,0.51220703125,0.956308939359532,0.50537109375,0.5322265625,0.50537109375,0.5322265625,0.9674102552339746,0.50048828125,0.548828125,0.50048828125,0.548828125,0.015784561073809773,0.52783203125,0.54833984375,0.52783203125,0.54833984375,0.9830850867332734,0.4921875,0.62451171875,0.4921875,0.62451171875,WOW,0.16800692303965994,0.001837993956822935,0.13087826765624788,0.20667830478391375,0.49259851056335563
WOW__TEST__STEGO__5764.pgm,5764.pgm,WOW,1,${BOSSBASE_ROOT}\stego\WOW\0.4bpp\stego\5764.pgm,0.9945094367975008,0.491455078125,0.51220703125,0.491455078125,0.51220703125,0.13432105377342907,0.50537109375,0.5322265625,0.50537109375,0.5322265625,0.9912886155422945,0.50048828125,0.548828125,0.50048828125,0.548828125,0.9644556024735851,0.52783203125,0.54833984375,0.52783203125,0.54833984375,0.9926826025287876,0.4921875,0.62451171875,0.4921875,0.62451171875,WOW,0.2193217478203144,0.11479047832168052,0.25163285214516923,0.007776261692053867,0.406478660020782
WOW__TEST__STEGO__7617.pgm,7617.pgm,WOW,1,${BOSSBASE_ROOT}\stego\WOW\0.4bpp\stego\7617.pgm,0.9711838031967466,0.491455078125,0.51220703125,0.491455078125,0.51220703125,0.8598992139095175,0.50537109375,0.5322265625,0.50537109375,0.5322265625,0.9908743626108194,0.50048828125,0.548828125,0.50048828125,0.548828125,0.24617072358082817,0.52783203125,0.54833984375,0.52783203125,0.54833984375,0.929183798137365,0.4921875,0.62451171875,0.4921875,0.62451171875,WOW,0.19885074326007723,0.005985107317840483,0.14271935729664056,0.15657100882190664,0.49587378330353504
WOW__TEST__STEGO__784.pgm,784.pgm,WOW,1,${BOSSBASE_ROOT}\stego\WOW\0.4bpp\stego\784.pgm,0.9213576188158985,0.491455078125,0.51220703125,0.491455078125,0.51220703125,0.6112079400205385,0.50537109375,0.5322265625,0.50537109375,0.5322265625,0.5518454520339305,0.50048828125,0.548828125,0.50048828125,0.548828125,0.95938322225612,0.52783203125,0.54833984375,0.52783203125,0.54833984375,0.9547319063567953,0.4921875,0.62451171875,0.4921875,0.62451171875,WOW,0.050614166838829015,0.2864820570938752,0.1850286585611618,0.10515896472268367,0.37271615278345027
WOW__TEST__STEGO__8284.pgm,8284.pgm,WOW,1,${BOSSBASE_ROOT}\stego\WOW\0.4bpp\stego\8284.pgm,0.4029206086117256,0.491455078125,0.51220703125,0.491455078125,0.51220703125,0.6727618311911396,0.50537109375,0.5322265625,0.50537109375,0.5322265625,0.6176856105628171,0.50048828125,0.548828125,0.50048828125,0.548828125,0.13106196813093668,0.52783203125,0.54833984375,0.52783203125,0.54833984375,0.7000752564236576,0.4921875,0.62451171875,0.4921875,0.62451171875,S-UNIWARD,0.2580748209020883,0.029133968800991124,0.27593351266489674,0.3239232169595723,0.11293448067245151
WOW__TEST__STEGO__361.pgm,361.pgm,WOW,1,${BOSSBASE_ROOT}\stego\WOW\0.4bpp\stego\361.pgm,0.9904775143296634,0.491455078125,0.51220703125,0.491455078125,0.51220703125,0.9888849862785224,0.50537109375,0.5322265625,0.50537109375,0.5322265625,0.9891815513471369,0.50048828125,0.548828125,0.50048828125,0.548828125,0.9948803237619381,0.52783203125,0.54833984375,0.52783203125,0.54833984375,0.9899476313420319,0.4921875,0.62451171875,0.4921875,0.62451171875,WOW,0.10634509896560691,0.16725619756455692,0.1315791992202959,0.2013456768579952,0.39347382739154496
WOW__TEST__STEGO__2108.pgm,2108.pgm,WOW,1,${BOSSBASE_ROOT}\stego\WOW\0.4bpp\stego\2108.pgm,0.9856629695759892,0.491455078125,0.51220703125,0.491455078125,0.51220703125,0.929183798137365,0.50537109375,0.5322265625,0.50537109375,0.5322265625,0.9206471055441225,0.50048828125,0.548828125,0.50048828125,0.548828125,0.9590776971835221,0.52783203125,0.54833984375,0.52783203125,0.54833984375,0.9856076636305632,0.4921875,0.62451171875,0.4921875,0.62451171875,WOW,0.09815384760154794,0.1605339230731846,0.14211471128240075,0.18648599973729846,0.4127115183055684
WOW__TEST__STEGO__9868.pgm,9868.pgm,WOW,1,${BOSSBASE_ROOT}\stego\WOW\0.4bpp\stego\9868.pgm,0.9743860854300219,0.491455078125,0.51220703125,0.491455078125,0.51220703125,0.9515039967560431,0.50537109375,0.5322265625,0.50537109375,0.5322265625,0.9780097803027992,0.50048828125,0.548828125,0.50048828125,0.548828125,0.005469274598698993,0.52783203125,0.54833984375,0.52783203125,0.54833984375,0.8497219425324707,0.4921875,0.62451171875,0.4921875,0.62451171875,WOW,0.18266579811324918,0.0018966236694627915,0.10005335142401521,0.21964530945718044,0.4957389173360923
WOW__TEST__STEGO__3556.pgm,3556.pgm,WOW,1,${BOSSBASE_ROOT}\stego\WOW\0.4bpp\stego\3556.pgm,0.988755439279336,0.491455078125,0.51220703125,0.491455078125,0.51220703125,0.9860442896017267,0.50537109375,0.5322265625,0.50537109375,0.5322265625,0.9882221573114803,0.50048828125,0.548828125,0.50048828125,0.548828125,0.01191502196714824,0.52783203125,0.54833984375,0.52783203125,0.54833984375,0.9827572224423471,0.4921875,0.62451171875,0.4921875,0.62451171875,WOW,0.1714323617161878,0.0017451812936897274,0.1259568432538356,0.22086265119333365,0.48000296254295316
WOW__TEST__STEGO__3907.pgm,3907.pgm,WOW,1,${BOSSBASE_ROOT}\stego\WOW\0.4bpp\stego\3907.pgm,0.5138666824783825,0.491455078125,0.51220703125,0.491455078125,0.51220703125,0.5176470859315436,0.50537109375,0.5322265625,0.50537109375,0.5322265625,0.522719939057638,0.50048828125,0.548828125,0.50048828125,0.548828125,0.5092076381485986,0.52783203125,0.54833984375,0.52783203125,0.54833984375,0.5231919643977404,0.4921875,0.62451171875,0.4921875,0.62451171875,S-UNIWARD,0.189089396980416,0.17582623751589324,0.2087446432846481,0.23169882558427,0.19464089663477263
WOW__TEST__STEGO__4772.pgm,4772.pgm,WOW,1,${BOSSBASE_ROOT}\stego\WOW\0.4bpp\stego\4772.pgm,0.25164770242862033,0.491455078125,0.51220703125,0.491455078125,0.51220703125,0.17455093958035406,0.50537109375,0.5322265625,0.50537109375,0.5322265625,0.4266201685490856,0.50048828125,0.548828125,0.50048828125,0.548828125,0.14092635684691474,0.52783203125,0.54833984375,0.52783203125,0.54833984375,0.8033281311678119,0.4921875,0.62451171875,0.4921875,0.62451171875,MiPOD,0.2561677689268743,0.04338412120925543,0.573917340963246,0.06400117718522247,0.06252959171540179
WOW__TEST__STEGO__3157.pgm,3157.pgm,WOW,1,${BOSSBASE_ROOT}\stego\WOW\0.4bpp\stego\3157.pgm,0.9916195466489739,0.491455078125,0.51220703125,0.491455078125,0.51220703125,0.01028830113371619,0.50537109375,0.5322265625,0.50537109375,0.5322265625,0.986878728873449,0.50048828125,0.548828125,0.50048828125,0.548828125,0.9924520766240994,0.52783203125,0.54833984375,0.52783203125,0.54833984375,0.9860979413749407,0.4921875,0.62451171875,0.4921875,0.62451171875,WOW,0.2272249995137839,0.12268280893280889,0.2612588969893208,0.004678189466441236,0.3841551050976451
WOW__TEST__STEGO__9651.pgm,9651.pgm,WOW,1,${BOSSBASE_ROOT}\stego\WOW\0.4bpp\stego\9651.pgm,0.9207896758909757,0.491455078125,0.51220703125,0.491455078125,0.51220703125,0.5878839571095283,0.50537109375,0.5322265625,0.50537109375,0.5322265625,0.8276889202994314,0.50048828125,0.548828125,0.50048828125,0.548828125,0.06742377910460125,0.52783203125,0.54833984375,0.52783203125,0.54833984375,0.9487275818697054,0.4921875,0.62451171875,0.4921875,0.62451171875,WOW,0.20352454092842853,0.0037134040281872386,0.21495264479751397,0.08245182322305694,0.4953575870228133
WOW__TEST__STEGO__4482.pgm,4482.pgm,WOW,1,${BOSSBASE_ROOT}\stego\WOW\0.4bpp\stego\4482.pgm,0.4995760918679248,0.491455078125,0.51220703125,0.491455078125,0.51220703125,0.5188356867866627,0.50537109375,0.5322265625,0.50537109375,0.5322265625,0.5380124478894484,0.50048828125,0.548828125,0.50048828125,0.548828125,0.4878487675721051,0.52783203125,0.54833984375,0.52783203125,0.54833984375,0.4817433493728965,0.4921875,0.62451171875,0.4921875,0.62451171875,S-UNIWARD,0.20708653468395707,0.16618669106683914,0.19631422600385595,0.23929403872892605,0.19111850951642165
WOW__TEST__STEGO__3175.pgm,3175.pgm,WOW,1,${BOSSBASE_ROOT}\stego\WOW\0.4bpp\stego\3175.pgm,0.23669262586732603,0.491455078125,0.51220703125,0.491455078125,0.51220703125,0.2974699426047947,0.50537109375,0.5322265625,0.50537109375,0.5322265625,0.5006957049648513,0.50048828125,0.548828125,0.50048828125,0.548828125,0.7720154259261435,0.52783203125,0.54833984375,0.52783203125,0.54833984375,0.5301908890749985,0.4921875,0.62451171875,0.4921875,0.62451171875,HUGO,0.1426214149107886,0.5656311725171803,0.18983789585913838,0.06516773792306643,0.03674177878982634
WOW__TEST__STEGO__6175.pgm,6175.pgm,WOW,1,${BOSSBASE_ROOT}\stego\WOW\0.4bpp\stego\6175.pgm,0.9914886969734374,0.491455078125,0.51220703125,0.491455078125,0.51220703125,0.986415607486941,0.50537109375,0.5322265625,0.50537109375,0.5322265625,0.9882221573114803,0.50048828125,0.548828125,0.50048828125,0.548828125,0.17469169026863227,0.52783203125,0.54833984375,0.52783203125,0.54833984375,0.989908684514805,0.4921875,0.62451171875,0.4921875,0.62451171875,WOW,0.1620356036054084,0.003788078019753317,0.13170248437941326,0.22228521446883312,0.48018861952659186
WOW__TEST__STEGO__615.pgm,615.pgm,WOW,1,${BOSSBASE_ROOT}\stego\WOW\0.4bpp\stego\615.pgm,0.8334601905326321,0.491455078125,0.51220703125,0.491455078125,0.51220703125,0.8709269619648802,0.50537109375,0.5322265625,0.50537109375,0.5322265625,0.9669140216112958,0.50048828125,0.548828125,0.50048828125,0.548828125,0.2005576797447963,0.52783203125,0.54833984375,0.52783203125,0.54833984375,0.6144518432491958,0.4921875,0.62451171875,0.4921875,0.62451171875,WOW,0.260477445549125,0.00854153200976275,0.0920605873718351,0.24904286871940212,0.38987756634987486
WOW__TEST__STEGO__3857.pgm,3857.pgm,WOW,1,${BOSSBASE_ROOT}\stego\WOW\0.4bpp\stego\3857.pgm,0.9892232739499199,0.491455078125,0.51220703125,0.491455078125,0.51220703125,0.9904406006529085,0.50537109375,0.5322265625,0.50537109375,0.5322265625,0.9904406006529085,0.50048828125,0.548828125,0.50048828125,0.548828125,0.01819436822090561,0.52783203125,0.54833984375,0.52783203125,0.54833984375,0.9918120900983038,0.4921875,0.62451171875,0.4921875,0.62451171875,WOW,0.17079075074080807,0.0017827473082230837,0.12787902573465218,0.2221526556015552,0.47739482061476146
WOW__TEST__STEGO__8518.pgm,8518.pgm,WOW,1,${BOSSBASE_ROOT}\stego\WOW\0.4bpp\stego\8518.pgm,0.9878996141864553,0.491455078125,0.51220703125,0.491455078125,0.51220703125,0.9618933811875159,0.50537109375,0.5322265625,0.50537109375,0.5322265625,0.9880389017501905,0.50048828125,0.548828125,0.50048828125,0.548828125,0.04046483553314982,0.52783203125,0.54833984375,0.52783203125,0.54833984375,0.9896718474806949,0.4921875,0.62451171875,0.4921875,0.62451171875,WOW,0.17599047639970222,0.002019811976142742,0.13322866162420852,0.20442310168353806,0.4843379483164084
WOW__TEST__STEGO__268.pgm,268.pgm,WOW,1,${BOSSBASE_ROOT}\stego\WOW\0.4bpp\stego\268.pgm,0.6710395673640173,0.491455078125,0.51220703125,0.491455078125,0.51220703125,0.5392865269056989,0.50537109375,0.5322265625,0.50537109375,0.5322265625,0.555103639425937,0.50048828125,0.548828125,0.50048828125,0.548828125,0.5360396856788653,0.52783203125,0.54833984375,0.52783203125,0.54833984375,0.5807087595713449,0.4921875,0.62451171875,0.4921875,0.62451171875,WOW,0.15909968169689617,0.12981076166556088,0.18797525483213853,0.20223664217034606,0.32087765963505843
WOW__TEST__STEGO__8525.pgm,8525.pgm,WOW,1,${BOSSBASE_ROOT}\stego\WOW\0.4bpp\stego\8525.pgm,0.4126484911219695,0.491455078125,0.51220703125,0.491455078125,0.51220703125,0.4918525278752759,0.50537109375,0.5322265625,0.50537109375,0.5322265625,0.9074763422184106,0.50048828125,0.548828125,0.50048828125,0.548828125,0.8285229803698224,0.52783203125,0.54833984375,0.52783203125,0.54833984375,0.8144958663763225,0.4921875,0.62451171875,0.4921875,0.62451171875,HILL,0.30828420151749675,0.29847986313074076,0.27357607639640275,0.06025131740556945,0.05940854154979033
WOW__TEST__STEGO__2123.pgm,2123.pgm,WOW,1,${BOSSBASE_ROOT}\stego\WOW\0.4bpp\stego\2123.pgm,0.8236123187076703,0.491455078125,0.51220703125,0.491455078125,0.51220703125,0.9890976262707148,0.50537109375,0.5322265625,0.50537109375,0.5322265625,0.989908684514805,0.50048828125,0.548828125,0.50048828125,0.548828125,0.06524656576181369,0.52783203125,0.54833984375,0.52783203125,0.54833984375,0.991118324899153,0.4921875,0.62451171875,0.4921875,0.62451171875,WOW,0.23546830799415747,0.003642595407897271,0.17945569055161872,0.2825189925586571,0.29891441348766945
WOW__TEST__STEGO__3477.pgm,3477.pgm,WOW,1,${BOSSBASE_ROOT}\stego\WOW\0.4bpp\stego\3477.pgm,0.711531138050469,0.491455078125,0.51220703125,0.491455078125,0.51220703125,0.6667138193189135,0.50537109375,0.5322265625,0.50537109375,0.5322265625,0.5395291509459361,0.50048828125,0.548828125,0.50048828125,0.548828125,0.338186400845429,0.52783203125,0.54833984375,0.52783203125,0.54833984375,0.5472221223879256,0.4921875,0.62451171875,0.4921875,0.62451171875,WOW,0.13369111523243293,0.0470714721276271,0.13903273612395983,0.3155614446061535,0.36464323190982667
WOW__TEST__STEGO__5909.pgm,5909.pgm,WOW,1,${BOSSBASE_ROOT}\stego\WOW\0.4bpp\stego\5909.pgm,0.6859494550081925,0.491455078125,0.51220703125,0.491455078125,0.51220703125,0.9999999948985958,0.50537109375,0.5322265625,0.50537109375,0.5322265625,0.6627964666451921,0.50048828125,0.548828125,0.50048828125,0.548828125,0.017309095753668163,0.52783203125,0.54833984375,0.52783203125,0.54833984375,0.9999768125224954,0.4921875,0.62451171875,0.4921875,0.62451171875,S-UNIWARD,0.10716106762016475,0.005710204661966078,0.20095328000229684,0.49868437619847195,0.1874910715171004
WOW__TEST__STEGO__9357.pgm,9357.pgm,WOW,1,${BOSSBASE_ROOT}\stego\WOW\0.4bpp\stego\9357.pgm,0.9896718474806949,0.491455078125,0.51220703125,0.491455078125,0.51220703125,0.04099902718739302,0.50537109375,0.5322265625,0.50537109375,0.5322265625,0.9893474891602738,0.50048828125,0.548828125,0.50048828125,0.548828125,0.00714910196654636,0.52783203125,0.54833984375,0.52783203125,0.54833984375,0.9886682464686385,0.4921875,0.62451171875,0.4921875,0.62451171875,WOW,0.33246246231493326,0.0011712497146070717,0.23038247246318533,0.005332972537877669,0.43065084296939665
WOW__TEST__STEGO__6003.pgm,6003.pgm,WOW,1,${BOSSBASE_ROOT}\stego\WOW\0.4bpp\stego\6003.pgm,0.9759922540789444,0.491455078125,0.51220703125,0.491455078125,0.51220703125,0.5048979146149037,0.50537109375,0.5322265625,0.50537109375,0.5322265625,0.9269676128492204,0.50048828125,0.548828125,0.50048828125,0.548828125,0.8702668581550825,0.52783203125,0.54833984375,0.52783203125,0.54833984375,0.8319637828217654,0.4921875,0.62451171875,0.4921875,0.62451171875,WOW,0.17578354809556804,0.11753228329049646,0.16092089115166158,0.04679377042161454,0.4989695070406593
WOW__TEST__STEGO__5573.pgm,5573.pgm,WOW,1,${BOSSBASE_ROOT}\stego\WOW\0.4bpp\stego\5573.pgm,0.9891396689867223,0.491455078125,0.51220703125,0.491455078125,0.51220703125,0.9615338079816756,0.50537109375,0.5322265625,0.50537109375,0.5322265625,0.7723590081380087,0.50048828125,0.548828125,0.50048828125,0.548828125,0.21272225577472892,0.52783203125,0.54833984375,0.52783203125,0.54833984375,0.8153795421936566,0.4921875,0.62451171875,0.4921875,0.62451171875,WOW,0.08830668123251274,0.006238433440885735,0.08793328922901825,0.2985526884614345,0.5189689076361488
WOW__TEST__STEGO__9053.pgm,9053.pgm,WOW,1,${BOSSBASE_ROOT}\stego\WOW\0.4bpp\stego\9053.pgm,0.7745833841649233,0.491455078125,0.51220703125,0.491455078125,0.51220703125,0.5153378986734303,0.50537109375,0.5322265625,0.50537109375,0.5322265625,0.3681784953776196,0.50048828125,0.548828125,0.50048828125,0.548828125,0.5246686754677117,0.52783203125,0.54833984375,0.52783203125,0.54833984375,0.5120521084003746,0.4921875,0.62451171875,0.4921875,0.62451171875,WOW,0.07804181944004529,0.11713005953282885,0.1311828926082391,0.21592063071468726,0.45772459770419954
WOW__TEST__STEGO__2157.pgm,2157.pgm,WOW,1,${BOSSBASE_ROOT}\stego\WOW\0.4bpp\stego\2157.pgm,0.9365176378735215,0.491455078125,0.51220703125,0.491455078125,0.51220703125,0.9971328414066062,0.50537109375,0.5322265625,0.50537109375,0.5322265625,0.5900116824307609,0.50048828125,0.548828125,0.50048828125,0.548828125,0.0686622858604984,0.52783203125,0.54833984375,0.52783203125,0.54833984375,0.9212159832431626,0.4921875,0.62451171875,0.4921875,0.62451171875,S-UNIWARD,0.05459131628342949,0.0041391310819186376,0.10772462428779546,0.4178935476702125,0.4156513806766439
WOW__TEST__STEGO__8724.pgm,8724.pgm,WOW,1,${BOSSBASE_ROOT}\stego\WOW\0.4bpp\stego\8724.pgm,0.48748277950227886,0.491455078125,0.51220703125,0.491455078125,0.51220703125,0.5077889816662872,0.50537109375,0.5322265625,0.50537109375,0.5322265625,0.5180128311679311,0.50048828125,0.548828125,0.50048828125,0.548828125,0.5089178164115782,0.52783203125,0.54833984375,0.52783203125,0.54833984375,0.5061146548616332,0.4921875,0.62451171875,0.4921875,0.62451171875,S-UNIWARD,0.19467530167461627,0.18760973856869273,0.20870419738015536,0.23073493332732897,0.17827582904920677
WOW__TEST__STEGO__6902.pgm,6902.pgm,WOW,1,${BOSSBASE_ROOT}\stego\WOW\0.4bpp\stego\6902.pgm,0.9429286027746023,0.491455078125,0.51220703125,0.491455078125,0.51220703125,0.8346765773924546,0.50537109375,0.5322265625,0.50537109375,0.5322265625,0.6524628898080956,0.50048828125,0.548828125,0.50048828125,0.548828125,0.7161193559138741,0.52783203125,0.54833984375,0.52783203125,0.54833984375,0.664104769484346,0.4921875,0.62451171875,0.4921875,0.62451171875,WOW,0.06673330953987593,0.09674182353476449,0.08301813917089693,0.26495291273031574,0.48855381502414685
WOW__TEST__STEGO__7422.pgm,7422.pgm,WOW,1,${BOSSBASE_ROOT}\stego\WOW\0.4bpp\stego\7422.pgm,0.975154563105731,0.491455078125,0.51220703125,0.491455078125,0.51220703125,0.09138210306717136,0.50537109375,0.5322265625,0.50537109375,0.5322265625,0.9468920959838323,0.50048828125,0.548828125,0.50048828125,0.548828125,0.01020905431880827,0.52783203125,0.54833984375,0.52783203125,0.54833984375,0.9543930566810523,0.4921875,0.62451171875,0.4921875,0.62451171875,WOW,0.31274710569644765,0.001440203914093476,0.2258274990067009,0.0076630033810215804,0.45232218800173646
WOW__TEST__STEGO__9355.pgm,9355.pgm,WOW,1,${BOSSBASE_ROOT}\stego\WOW\0.4bpp\stego\9355.pgm,0.8832359864017768,0.491455078125,0.51220703125,0.491455078125,0.51220703125,0.09203286011100995,0.50537109375,0.5322265625,0.50537109375,0.5322265625,0.6127732140221069,0.50048828125,0.548828125,0.50048828125,0.548828125,0.18242552380635632,0.52783203125,0.54833984375,0.52783203125,0.54833984375,0.6343168279804076,0.4921875,0.62451171875,0.4921875,0.62451171875,WOW,0.1983384230501313,0.010372835364808413,0.18455235867489234,0.023879986367924756,0.5828563965422432
WOW__TEST__STEGO__2559.pgm,2559.pgm,WOW,1,${BOSSBASE_ROOT}\stego\WOW\0.4bpp\stego\2559.pgm,0.500542640472988,0.491455078125,0.51220703125,0.491455078125,0.51220703125,0.5070109540363207,0.50537109375,0.5322265625,0.50537109375,0.5322265625,0.505664583071032,0.50048828125,0.548828125,0.50048828125,0.548828125,0.4908152422923713,0.52783203125,0.54833984375,0.52783203125,0.54833984375,0.5006065365677186,0.4921875,0.62451171875,0.4921875,0.62451171875,S-UNIWARD,0.19022669151744412,0.17380366985800386,0.20646588907768204,0.23759811082276602,0.1919056387241038
WOW__TEST__STEGO__7438.pgm,7438.pgm,WOW,1,${BOSSBASE_ROOT}\stego\WOW\0.4bpp\stego\7438.pgm,0.9927952309111313,0.491455078125,0.51220703125,0.491455078125,0.51220703125,0.9955316157335089,0.50537109375,0.5322265625,0.50537109375,0.5322265625,0.991554373058874,0.50048828125,0.548828125,0.50048828125,0.548828125,0.9449947117065459,0.52783203125,0.54833984375,0.52783203125,0.54833984375,0.992710922416408,0.4921875,0.62451171875,0.4921875,0.62451171875,WOW,0.11117885730373768,0.1346376661942136,0.13413976784550358,0.2108193776102776,0.4092243310462675
WOW__TEST__STEGO__2297.pgm,2297.pgm,WOW,1,${BOSSBASE_ROOT}\stego\WOW\0.4bpp\stego\2297.pgm,0.7337381259657038,0.491455078125,0.51220703125,0.491455078125,0.51220703125,0.5791624065092988,0.50537109375,0.5322265625,0.50537109375,0.5322265625,0.5748721723540451,0.50048828125,0.548828125,0.50048828125,0.548828125,0.5417725205560201,0.52783203125,0.54833984375,0.52783203125,0.54833984375,0.5490966564338281,0.4921875,0.62451171875,0.4921875,0.62451171875,WOW,0.14321479206391569,0.11033438842745985,0.14980703225772707,0.21186517700767665,0.3847786102432207
WOW__TEST__STEGO__6333.pgm,6333.pgm,WOW,1,${BOSSBASE_ROOT}\stego\WOW\0.4bpp\stego\6333.pgm,0.48906881970221844,0.491455078125,0.51220703125,0.491455078125,0.51220703125,0.5278641671119793,0.50537109375,0.5322265625,0.50537109375,0.5322265625,0.521532084745802,0.50048828125,0.548828125,0.50048828125,0.548828125,0.47271390321203316,0.52783203125,0.54833984375,0.52783203125,0.54833984375,0.526266690245647,0.4921875,0.62451171875,0.4921875,0.62451171875,S-UNIWARD,0.19752575038913134,0.15817247207815882,0.21622904961919753,0.24761786392990237,0.18045486398360985
WOW__TEST__STEGO__7783.pgm,7783.pgm,WOW,1,${BOSSBASE_ROOT}\stego\WOW\0.4bpp\stego\7783.pgm,0.9895513745548833,0.491455078125,0.51220703125,0.491455078125,0.51220703125,0.8591918303320635,0.50537109375,0.5322265625,0.50537109375,0.5322265625,0.99440175138534,0.50048828125,0.548828125,0.50048828125,0.548828125,0.005620036400026994,0.52783203125,0.54833984375,0.52783203125,0.54833984375,0.9915215980653225,0.4921875,0.62451171875,0.4921875,0.62451171875,WOW,0.20377259176714366,0.0017000409577766146,0.1484405615183715,0.1412399499687147,0.5048468557879934
WOW__TEST__STEGO__3531.pgm,3531.pgm,WOW,1,${BOSSBASE_ROOT}\stego\WOW\0.4bpp\stego\3531.pgm,0.991554373058874,0.491455078125,0.51220703125,0.491455078125,0.51220703125,0.9764007056485348,0.50537109375,0.5322265625,0.50537109375,0.5322265625,0.07172112432623752,0.50048828125,0.548828125,0.50048828125,0.548828125,0.018229290395128682,0.52783203125,0.54833984375,0.52783203125,0.54833984375,0.03032925698427897,0.4921875,0.62451171875,0.4921875,0.62451171875,S-UNIWARD,0.00629977312155901,0.003673712119748337,0.006170865814608859,0.6064790183218759,0.3773766306222079
WOW__TEST__STEGO__5788.pgm,5788.pgm,WOW,1,${BOSSBASE_ROOT}\stego\WOW\0.4bpp\stego\5788.pgm,0.9916842215225259,0.491455078125,0.51220703125,0.491455078125,0.51220703125,0.9946150620382221,0.50537109375,0.5322265625,0.50537109375,0.5322265625,0.9908034475769532,0.50048828125,0.548828125,0.50048828125,0.548828125,0.9918120900983038,0.52783203125,0.54833984375,0.52783203125,0.54833984375,0.9918120900983038,0.4921875,0.62451171875,0.4921875,0.62451171875,WOW,0.1061049138164009,0.1639375185801066,0.131123491501869,0.2045950521907932,0.3942390239108303
WOW__TEST__STEGO__1304.pgm,1304.pgm,WOW,1,${BOSSBASE_ROOT}\stego\WOW\0.4bpp\stego\1304.pgm,0.9906960501316063,0.491455078125,0.51220703125,0.491455078125,0.51220703125,0.9926826025287876,0.50537109375,0.5322265625,0.50537109375,0.5322265625,0.9914556693065582,0.50048828125,0.548828125,0.50048828125,0.548828125,0.008030813216260063,0.52783203125,0.54833984375,0.52783203125,0.54833984375,0.9917803069380321,0.4921875,0.62451171875,0.4921875,0.62451171875,WOW,0.17061641898769905,0.0016852292157504653,0.1267411153965319,0.2225863473306229,0.47837088906939584
WOW__TEST__STEGO__6971.pgm,6971.pgm,WOW,1,${BOSSBASE_ROOT}\stego\WOW\0.4bpp\stego\6971.pgm,0.9909447358132779,0.491455078125,0.51220703125,0.491455078125,0.51220703125,0.9930693283432538,0.50537109375,0.5322265625,0.50537109375,0.5322265625,0.9908743626108194,0.50048828125,0.548828125,0.50048828125,0.548828125,0.006121281290728532,0.52783203125,0.54833984375,0.52783203125,0.54833984375,0.9902538959474461,0.4921875,0.62451171875,0.4921875,0.62451171875,WOW,0.1702563875907331,0.0016702678444722703,0.12610043145679034,0.22308774732040276,0.4788851657876014
WOW__TEST__STEGO__2697.pgm,2697.pgm,WOW,1,${BOSSBASE_ROOT}\stego\WOW\0.4bpp\stego\2697.pgm,0.991186833496954,0.491455078125,0.51220703125,0.491455078125,0.51220703125,0.9913558220632764,0.50537109375,0.5322265625,0.50537109375,0.5322265625,0.9920002454916221,0.50048828125,0.548828125,0.50048828125,0.548828125,0.4811490760960384,0.52783203125,0.54833984375,0.52783203125,0.54833984375,0.9872772918000768,0.4921875,0.62451171875,0.4921875,0.62451171875,WOW,0.14698057010929116,0.01640929782737295,0.1376261532171271,0.22858965785563187,0.4703943209905768
WOW__TEST__STEGO__5267.pgm,5267.pgm,WOW,1,${BOSSBASE_ROOT}\stego\WOW\0.4bpp\stego\5267.pgm,0.9915215980653225,0.491455078125,0.51220703125,0.491455078125,0.51220703125,0.10034840644105592,0.50537109375,0.5322265625,0.50537109375,0.5322265625,0.205455576153549,0.50048828125,0.548828125,0.50048828125,0.548828125,0.02433019008767565,0.52783203125,0.54833984375,0.52783203125,0.54833984375,0.5281075428804578,0.4921875,0.62451171875,0.4921875,0.62451171875,WOW,0.04766264528899695,0.00557734155597207,0.0989402645360447,0.036038955130152386,0.8117807934888338
WOW__TEST__STEGO__7157.pgm,7157.pgm,WOW,1,${BOSSBASE_ROOT}\stego\WOW\0.4bpp\stego\7157.pgm,0.9626731126558706,0.491455078125,0.51220703125,0.491455078125,0.51220703125,0.024750971173211154,0.50537109375,0.5322265625,0.50537109375,0.5322265625,0.7446563401437933,0.50048828125,0.548828125,0.50048828125,0.548828125,0.006363573696064027,0.52783203125,0.54833984375,0.52783203125,0.54833984375,0.8975157807475012,0.4921875,0.62451171875,0.4921875,0.62451171875,WOW,0.21863993542044372,0.0021688357785782536,0.2401604211292225,0.00953899588347016,0.5294918117882853
WOW__TEST__STEGO__6962.pgm,6962.pgm,WOW,1,${BOSSBASE_ROOT}\stego\WOW\0.4bpp\stego\6962.pgm,0.989908684514805,0.491455078125,0.51220703125,0.491455078125,0.51220703125,0.9929609544025984,0.50537109375,0.5322265625,0.50537109375,0.5322265625,0.9914886969734374,0.50048828125,0.548828125,0.50048828125,0.548828125,0.1110482542474074,0.52783203125,0.54833984375,0.52783203125,0.54833984375,0.9903290072365529,0.4921875,0.62451171875,0.4921875,0.62451171875,WOW,0.1657777706261565,0.002781748105811511,0.1294006069209327,0.22531398873181072,0.4767258856152885
WOW__TEST__STEGO__7328.pgm,7328.pgm,WOW,1,${BOSSBASE_ROOT}\stego\WOW\0.4bpp\stego\7328.pgm,0.979784031808104,0.491455078125,0.51220703125,0.491455078125,0.51220703125,0.6693126946633093,0.50537109375,0.5322265625,0.50537109375,0.5322265625,0.289472115801285,0.50048828125,0.548828125,0.50048828125,0.548828125,0.34964375953941335,0.52783203125,0.54833984375,0.52783203125,0.54833984375,0.8775817402641964,0.4921875,0.62451171875,0.4921875,0.62451171875,WOW,0.030174164453570646,0.02270970482695807,0.13991066446272568,0.21443898839178654,0.5927664778649591
WOW__TEST__STEGO__5614.pgm,5614.pgm,WOW,1,${BOSSBASE_ROOT}\stego\WOW\0.4bpp\stego\5614.pgm,0.9896318433492118,0.491455078125,0.51220703125,0.491455078125,0.51220703125,0.9938787187092715,0.50537109375,0.5322265625,0.50537109375,0.5322265625,0.9901019362839765,0.50048828125,0.548828125,0.50048828125,0.548828125,0.992988204618503,0.52783203125,0.54833984375,0.52783203125,0.54833984375,0.9905874104123901,0.4921875,0.62451171875,0.4921875,0.62451171875,WOW,0.10626705525527474,0.16589125556226889,0.1312605388552829,0.20478686577512142,0.39179428455205206
WOW__TEST__STEGO__2145.pgm,2145.pgm,WOW,1,${BOSSBASE_ROOT}\stego\WOW\0.4bpp\stego\2145.pgm,0.9896718474806949,0.491455078125,0.51220703125,0.491455078125,0.51220703125,0.998196833592204,0.50537109375,0.5322265625,0.50537109375,0.5322265625,0.9876162153627396,0.50048828125,0.548828125,0.50048828125,0.548828125,0.9762653142298868,0.52783203125,0.54833984375,0.52783203125,0.54833984375,0.9853843298993641,0.4921875,0.62451171875,0.4921875,0.62451171875,WOW,0.10672036958006521,0.15540863311076636,0.13001972398545114,0.21119177452902727,0.39665949879469004
WOW__TEST__STEGO__94.pgm,94.pgm,WOW,1,${BOSSBASE_ROOT}\stego\WOW\0.4bpp\stego\94.pgm,0.9029524430206697,0.491455078125,0.51220703125,0.491455078125,0.51220703125,0.2536760752679234,0.50537109375,0.5322265625,0.50537109375,0.5322265625,0.9049869480120961,0.50048828125,0.548828125,0.50048828125,0.548828125,0.27914020662224065,0.52783203125,0.54833984375,0.52783203125,0.54833984375,0.6785400001155409,0.4921875,0.62451171875,0.4921875,0.62451171875,WOW,0.319410922645478,0.00953023318423334,0.15600119844392907,0.023835819806085037,0.4912218259202745
WOW__TEST__STEGO__1274.pgm,1274.pgm,WOW,1,${BOSSBASE_ROOT}\stego\WOW\0.4bpp\stego\1274.pgm,0.26779095917858514,0.491455078125,0.51220703125,0.491455078125,0.51220703125,0.4536853946375325,0.50537109375,0.5322265625,0.50537109375,0.5322265625,0.4008079908625341,0.50048828125,0.548828125,0.50048828125,0.548828125,0.00549056320249923,0.52783203125,0.54833984375,0.52783203125,0.54833984375,0.502418499204626,0.4921875,0.62451171875,0.4921875,0.62451171875,MiPOD,0.267116203348102,0.036322558900513086,0.29960056391375306,0.2966630374111871,0.1002976364264447
WOW__TEST__STEGO__7430.pgm,7430.pgm,WOW,1,${BOSSBASE_ROOT}\stego\WOW\0.4bpp\stego\7430.pgm,0.6668223097540593,0.491455078125,0.51220703125,0.491455078125,0.51220703125,0.5420452491633155,0.50537109375,0.5322265625,0.50537109375,0.5322265625,0.5216234669719573,0.50048828125,0.548828125,0.50048828125,0.548828125,2.526822782693578e-05,0.52783203125,0.54833984375,0.52783203125,0.54833984375,0.7943849604299823,0.4921875,0.62451171875,0.4921875,0.62451171875,WOW,0.1795330415148962,0.010219043908009795,0.29327629195024324,0.19745840635795,0.3195132162689007
WOW__TEST__STEGO__1621.pgm,1621.pgm,WOW,1,${BOSSBASE_ROOT}\stego\WOW\0.4bpp\stego\1621.pgm,0.9787533019806787,0.491455078125,0.51220703125,0.491455078125,0.51220703125,0.9955316157335089,0.50537109375,0.5322265625,0.50537109375,0.5322265625,0.060863446224891905,0.50048828125,0.548828125,0.50048828125,0.548828125,0.10932483007763893,0.52783203125,0.54833984375,0.52783203125,0.54833984375,0.9286679988850831,0.4921875,0.62451171875,0.4921875,0.62451171875,S-UNIWARD,0.007433323957449265,0.005889604680567144,0.06638246183255715,0.5700137505787419,0.3502808589506844
WOW__TEST__STEGO__6853.pgm,6853.pgm,WOW,1,${BOSSBASE_ROOT}\stego\WOW\0.4bpp\stego\6853.pgm,0.5103439828915751,0.491455078125,0.51220703125,0.491455078125,0.51220703125,0.5184547475414897,0.50537109375,0.5322265625,0.50537109375,0.5322265625,0.48609519997003225,0.50048828125,0.548828125,0.50048828125,0.548828125,0.5452251790282437,0.52783203125,0.54833984375,0.52783203125,0.54833984375,0.5136913396703219,0.4921875,0.62451171875,0.4921875,0.62451171875,S-UNIWARD,0.16297525935682125,0.21341202038575713,0.19837189476871112,0.23840782852821063,0.18683299696049982
WOW__TEST__STEGO__206.pgm,206.pgm,WOW,1,${BOSSBASE_ROOT}\stego\WOW\0.4bpp\stego\206.pgm,0.9118099551992372,0.491455078125,0.51220703125,0.491455078125,0.51220703125,0.01685007944789776,0.50537109375,0.5322265625,0.50537109375,0.5322265625,0.9473810466522863,0.50048828125,0.548828125,0.50048828125,0.548828125,0.012527931992744795,0.52783203125,0.54833984375,0.52783203125,0.54833984375,0.5935503795000876,0.4921875,0.62451171875,0.4921875,0.62451171875,WOW,0.41057752919322293,0.002052565215359791,0.12491689730296014,0.008024954853569091,0.4544280534348881
WOW__TEST__STEGO__622.pgm,622.pgm,WOW,1,${BOSSBASE_ROOT}\stego\WOW\0.4bpp\stego\622.pgm,0.9915215980653225,0.491455078125,0.51220703125,0.491455078125,0.51220703125,0.99507548962592,0.50537109375,0.5322265625,0.50537109375,0.5322265625,0.994269753485008,0.50048828125,0.548828125,0.50048828125,0.548828125,0.007260866498285615,0.52783203125,0.54833984375,0.52783203125,0.54833984375,0.9926541734255229,0.4921875,0.62451171875,0.4921875,0.62451171875,WOW,0.17104595001327522,0.0016661119169533232,0.12630801964713387,0.22287530116093707,0.47810461726170056
WOW__TEST__STEGO__8375.pgm,8375.pgm,WOW,1,${BOSSBASE_ROOT}\stego\WOW\0.4bpp\stego\8375.pgm,0.9927391335017144,0.491455078125,0.51220703125,0.491455078125,0.51220703125,0.993734466224161,0.50537109375,0.5322265625,0.50537109375,0.5322265625,0.9893885786697612,0.50048828125,0.548828125,0.50048828125,0.548828125,0.11338310085525109,0.52783203125,0.54833984375,0.52783203125,0.54833984375,0.9925969859111274,0.4921875,0.62451171875,0.4921875,0.62451171875,WOW,0.16334389559139542,0.0027915147720307047,0.12911501184329588,0.2251701881918516,0.4795793896014264
WOW__TEST__STEGO__9048.pgm,9048.pgm,WOW,1,${BOSSBASE_ROOT}\stego\WOW\0.4bpp\stego\9048.pgm,0.9038048371679412,0.491455078125,0.51220703125,0.491455078125,0.51220703125,0.8810019911062638,0.50537109375,0.5322265625,0.50537109375,0.5322265625,0.7024280055200729,0.50048828125,0.548828125,0.50048828125,0.548828125,0.5469801482883202,0.52783203125,0.54833984375,0.52783203125,0.54833984375,0.633296876556777,0.4921875,0.62451171875,0.4921875,0.62451171875,WOW,0.08808718382086532,0.047947885593388244,0.081405223645777,0.32465336921217225,0.45790633772779726
WOW__TEST__STEGO__6604.pgm,6604.pgm,WOW,1,${BOSSBASE_ROOT}\stego\WOW\0.4bpp\stego\6604.pgm,0.5560681321130556,0.491455078125,0.51220703125,0.491455078125,0.51220703125,0.5535957908545561,0.50537109375,0.5322265625,0.50537109375,0.5322265625,0.48773439488224685,0.50048828125,0.548828125,0.50048828125,0.548828125,0.5756476524762837,0.52783203125,0.54833984375,0.52783203125,0.54833984375,0.50527553053933,0.4921875,0.62451171875,0.4921875,0.62451171875,S-UNIWARD,0.1429937683711352,0.2171570399837058,0.1732471784752219,0.2548189871553068,0.21178302601463017
WOW__TEST__STEGO__2902.pgm,2902.pgm,WOW,1,${BOSSBASE_ROOT}\stego\WOW\0.4bpp\stego\2902.pgm,0.972519307190418,0.491455078125,0.51220703125,0.491455078125,0.51220703125,0.013848610215564576,0.50537109375,0.5322265625,0.50537109375,0.5322265625,0.6863700497784223,0.50048828125,0.548828125,0.50048828125,0.548828125,0.06500872992567673,0.52783203125,0.54833984375,0.52783203125,0.54833984375,0.42107563268775156,0.4921875,0.62451171875,0.4921875,0.62451171875,WOW,0.19967723588107586,0.0037812751402931527,0.08575319736117731,0.013464532347414928,0.6973237592700388
WOW__TEST__STEGO__3589.pgm,3589.pgm,WOW,1,${BOSSBASE_ROOT}\stego\WOW\0.4bpp\stego\3589.pgm,0.9902915235185259,0.491455078125,0.51220703125,0.491455078125,0.51220703125,0.41069718924119264,0.50537109375,0.5322265625,0.50537109375,0.5322265625,0.4114064319331894,0.50048828125,0.548828125,0.50048828125,0.548828125,0.01368947769627449,0.52783203125,0.54833984375,0.52783203125,0.54833984375,0.07696083569602613,0.4921875,0.62451171875,0.4921875,0.62451171875,WOW,0.06153878126440993,0.004617992172186605,0.025121919097072565,0.09784540238655437,0.8108759050797765
WOW__TEST__STEGO__7348.pgm,7348.pgm,WOW,1,${BOSSBASE_ROOT}\stego\WOW\0.4bpp\stego\7348.pgm,0.9925393565360598,0.491455078125,0.51220703125,0.491455078125,0.51220703125,0.991118324899153,0.50537109375,0.5322265625,0.50537109375,0.5322265625,0.9926541734255229,0.50048828125,0.548828125,0.50048828125,0.548828125,0.006744989542092038,0.52783203125,0.54833984375,0.52783203125,0.54833984375,0.9913892323324893,0.4921875,0.62451171875,0.4921875,0.62451171875,WOW,0.17085990948654495,0.0016628108074233322,0.12629394992190882,0.22031935217019855,0.48086397761392435
WOW__TEST__STEGO__8332.pgm,8332.pgm,WOW,1,${BOSSBASE_ROOT}\stego\WOW\0.4bpp\stego\8332.pgm,0.5779122926011899,0.491455078125,0.51220703125,0.491455078125,0.51220703125,0.05791808743947446,0.50537109375,0.5322265625,0.50537109375,0.5322265625,0.43941655460087203,0.50048828125,0.548828125,0.50048828125,0.548828125,0.01368947769627449,0.52783203125,0.54833984375,0.52783203125,0.54833984375,0.06766981098181625,0.4921875,0.62451171875,0.4921875,0.62451171875,WOW,0.34824306424367224,0.023149030052664298,0.12353042495912532,0.07587763077644524,0.42919984996809285
WOW__TEST__STEGO__1110.pgm,1110.pgm,WOW,1,${BOSSBASE_ROOT}\stego\WOW\0.4bpp\stego\1110.pgm,0.989908684514805,0.491455078125,0.51220703125,0.491455078125,0.51220703125,0.6828910325506992,0.50537109375,0.5322265625,0.50537109375,0.5322265625,0.9789151588631022,0.50048828125,0.548828125,0.50048828125,0.548828125,0.01590639171181471,0.52783203125,0.54833984375,0.52783203125,0.54833984375,0.9871292507842533,0.4921875,0.62451171875,0.4921875,0.62451171875,WOW,0.23001752697376326,0.0017809697614627005,0.1718691317777915,0.07576808581080088,0.5205642856761816
WOW__TEST__STEGO__2767.pgm,2767.pgm,WOW,1,${BOSSBASE_ROOT}\stego\WOW\0.4bpp\stego\2767.pgm,0.5101151968645472,0.491455078125,0.51220703125,0.491455078125,0.51220703125,0.5085364629189951,0.50537109375,0.5322265625,0.50537109375,0.5322265625,0.5044668916544491,0.50048828125,0.548828125,0.50048828125,0.548828125,0.49991565942844274,0.52783203125,0.54833984375,0.52783203125,0.54833984375,0.5035876612058715,0.4921875,0.62451171875,0.4921875,0.62451171875,S-UNIWARD,0.18536230371840248,0.17693839488632754,0.2043416000254373,0.23618146780155908,0.1971762335682736
WOW__TEST__STEGO__5836.pgm,5836.pgm,WOW,1,${BOSSBASE_ROOT}\stego\WOW\0.4bpp\stego\5836.pgm,0.9890130573694068,0.491455078125,0.51220703125,0.491455078125,0.51220703125,0.8966140333938164,0.50537109375,0.5322265625,0.50537109375,0.5322265625,0.9199307308316192,0.50048828125,0.548828125,0.50048828125,0.548828125,0.8115267002059541,0.52783203125,0.54833984375,0.52783203125,0.54833984375,0.83960249747165,0.4921875,0.62451171875,0.4921875,0.62451171875,WOW,0.1170691813796586,0.09007503568075124,0.11106366942524909,0.19353123337724623,0.4882608801370948
WOW__TEST__STEGO__5266.pgm,5266.pgm,WOW,1,${BOSSBASE_ROOT}\stego\WOW\0.4bpp\stego\5266.pgm,0.5003118514610275,0.491455078125,0.51220703125,0.491455078125,0.51220703125,0.5078881394186654,0.50537109375,0.5322265625,0.50537109375,0.5322265625,0.5094288137415829,0.50048828125,0.548828125,0.50048828125,0.548828125,0.4943468595548808,0.52783203125,0.54833984375,0.52783203125,0.54833984375,0.4825053135203685,0.4921875,0.62451171875,0.4921875,0.62451171875,S-UNIWARD,0.1922848690466568,0.1771981987787231,0.19821511702681266,0.23944260458041722,0.19285921056739028
WOW__TEST__STEGO__4766.pgm,4766.pgm,WOW,1,${BOSSBASE_ROOT}\stego\WOW\0.4bpp\stego\4766.pgm,0.8914335771643437,0.491455078125,0.51220703125,0.491455078125,0.51220703125,0.7308665314700865,0.50537109375,0.5322265625,0.50537109375,0.5322265625,0.7608284015956692,0.50048828125,0.548828125,0.50048828125,0.548828125,0.582194144441052,0.52783203125,0.54833984375,0.52783203125,0.54833984375,0.8495971982174474,0.4921875,0.62451171875,0.4921875,0.62451171875,WOW,0.13340630831322045,0.0554585314952901,0.17639430825310592,0.17482120403151338,0.4599196479068702
WOW__TEST__STEGO__3020.pgm,3020.pgm,WOW,1,${BOSSBASE_ROOT}\stego\WOW\0.4bpp\stego\3020.pgm,0.9916195466489739,0.491455078125,0.51220703125,0.491455078125,0.51220703125,0.9956684979794361,0.50537109375,0.5322265625,0.50537109375,0.5322265625,0.9922744656025764,0.50048828125,0.548828125,0.50048828125,0.548828125,0.010860331013277531,0.52783203125,0.54833984375,0.52783203125,0.54833984375,0.9771538025943493,0.4921875,0.62451171875,0.4921875,0.62451171875,WOW,0.1699005131695487,0.001707676546454284,0.1218336998867924,0.22574280046530948,0.4808153099318953
WOW__TEST__STEGO__4111.pgm,4111.pgm,WOW,1,${BOSSBASE_ROOT}\stego\WOW\0.4bpp\stego\4111.pgm,0.5082313729505445,0.491455078125,0.51220703125,0.491455078125,0.51220703125,0.4880470165750563,0.50537109375,0.5322265625,0.50537109375,0.5322265625,0.5097872628602114,0.50048828125,0.548828125,0.50048828125,0.548828125,0.503747869868362,0.52783203125,0.54833984375,0.52783203125,0.54833984375,0.5052564591686889,0.4921875,0.62451171875,0.4921875,0.62451171875,S-UNIWARD,0.1931843194583296,0.18015761588159068,0.21076843604779158,0.21872618263541727,0.1971634459768709
WOW__TEST__STEGO__5442.pgm,5442.pgm,WOW,1,${BOSSBASE_ROOT}\stego\WOW\0.4bpp\stego\5442.pgm,0.991083872947128,0.491455078125,0.51220703125,0.491455078125,0.51220703125,0.994759550379741,0.50537109375,0.5322265625,0.50537109375,0.5322265625,0.9837849698906836,0.50048828125,0.548828125,0.50048828125,0.548828125,0.9837849698906836,0.52783203125,0.54833984375,0.52783203125,0.54833984375,0.9883127420043056,0.4921875,0.62451171875,0.4921875,0.62451171875,WOW,0.10483831562838564,0.16026548043482294,0.1304733571436851,0.20808713674847093,0.3963357100446354
WOW__TEST__STEGO__4011.pgm,4011.pgm,WOW,1,${BOSSBASE_ROOT}\stego\WOW\0.4bpp\stego\4011.pgm,0.1147647802656337,0.491455078125,0.51220703125,0.491455078125,0.51220703125,0.5358271659650631,0.50537109375,0.5322265625,0.50537109375,0.5322265625,0.5134626266016358,0.50048828125,0.548828125,0.50048828125,0.548828125,0.536495040892578,0.52783203125,0.54833984375,0.52783203125,0.54833984375,0.49794007513116056,0.4921875,0.62451171875,0.4921875,0.62451171875,HUGO,0.200277421887906,0.32885216307817255,0.2137061960243934,0.225636878539987,0.03152734046954105
WOW__TEST__STEGO__111.pgm,111.pgm,WOW,1,${BOSSBASE_ROOT}\stego\WOW\0.4bpp\stego\111.pgm,0.5577850838777038,0.491455078125,0.51220703125,0.491455078125,0.51220703125,0.5362521923037145,0.50537109375,0.5322265625,0.50537109375,0.5322265625,0.5108701741515596,0.50048828125,0.548828125,0.50048828125,0.548828125,0.4660253339987369,0.52783203125,0.54833984375,0.52783203125,0.54833984375,0.5265253667073606,0.4921875,0.62451171875,0.4921875,0.62451171875,S-UNIWARD,0.17751745850966646,0.13603281863355818,0.20023981409999503,0.25128912186781865,0.23492078688896165
WOW__TEST__STEGO__1805.pgm,1805.pgm,WOW,1,${BOSSBASE_ROOT}\stego\WOW\0.4bpp\stego\1805.pgm,0.8214741684796966,0.491455078125,0.51220703125,0.491455078125,0.51220703125,0.9909447358132779,0.50537109375,0.5322265625,0.50537109375,0.5322265625,0.9870296135626316,0.50048828125,0.548828125,0.50048828125,0.548828125,0.9639839292499327,0.52783203125,0.54833984375,0.52783203125,0.54833984375,0.9892648373909093,0.4921875,0.62451171875,0.4921875,0.62451171875,S-UNIWARD,0.13967531803726893,0.22118687814198335,0.1697657357753058,0.24169750356024552,0.22767456448519646
WOW__TEST__STEGO__6826.pgm,6826.pgm,WOW,1,${BOSSBASE_ROOT}\stego\WOW\0.4bpp\stego\6826.pgm,0.9932811299991624,0.491455078125,0.51220703125,0.491455078125,0.51220703125,0.728168791778569,0.50537109375,0.5322265625,0.50537109375,0.5322265625,0.9822196099268891,0.50048828125,0.548828125,0.50048828125,0.548828125,0.012870749215746782,0.52783203125,0.54833984375,0.52783203125,0.54833984375,0.9731898041004327,0.4921875,0.62451171875,0.4921875,0.62451171875,WOW,0.22227684499389697,0.0017571336896991063,0.15949518100922944,0.08963851633753088,0.5268323239696436
WOW__TEST__STEGO__4249.pgm,4249.pgm,WOW,1,${BOSSBASE_ROOT}\stego\WOW\0.4bpp\stego\4249.pgm,0.49511734271450814,0.491455078125,0.51220703125,0.491455078125,0.51220703125,0.5057828231891314,0.50537109375,0.5322265625,0.50537109375,0.5322265625,0.4936183580346554,0.50048828125,0.548828125,0.50048828125,0.548828125,0.5227960749440608,0.52783203125,0.54833984375,0.52783203125,0.54833984375,0.4918525278752759,0.4921875,0.62451171875,0.4921875,0.62451171875,S-UNIWARD,0.17824495251597003,0.20286781732515075,0.19912708195302625,0.2361845095504951,0.18357563865535775
WOW__TEST__STEGO__1668.pgm,1668.pgm,WOW,1,${BOSSBASE_ROOT}\stego\WOW\0.4bpp\stego\1668.pgm,0.8967949426280529,0.491455078125,0.51220703125,0.491455078125,0.51220703125,0.19269122361985155,0.50537109375,0.5322265625,0.50537109375,0.5322265625,0.3168975297706384,0.50048828125,0.548828125,0.50048828125,0.548828125,0.0143370304240108,0.52783203125,0.54833984375,0.52783203125,0.54833984375,0.9554024237726139,0.4921875,0.62451171875,0.4921875,0.62451171875,WOW,0.07611138006973199,0.005754616222117164,0.3189482945031709,0.042828245332353354,0.5563574638726265
WOW__TEST__STEGO__5546.pgm,5546.pgm,WOW,1,${BOSSBASE_ROOT}\stego\WOW\0.4bpp\stego\5546.pgm,0.516412558437496,0.491455078125,0.51220703125,0.491455078125,0.51220703125,0.31541958621743976,0.50537109375,0.5322265625,0.50537109375,0.5322265625,0.9828232909876817,0.50048828125,0.548828125,0.50048828125,0.548828125,0.1410446269414867,0.52783203125,0.54833984375,0.52783203125,0.54833984375,0.9451974048440384,0.4921875,0.62451171875,0.4921875,0.62451171875,HILL,0.5205628711802358,0.007866065407967731,0.3555244297859123,0.025020240853102726,0.09102639277278135
WOW__TEST__STEGO__8769.pgm,8769.pgm,WOW,1,${BOSSBASE_ROOT}\stego\WOW\0.4bpp\stego\8769.pgm,0.5246077885152672,0.491455078125,0.51220703125,0.491455078125,0.51220703125,0.5258710401951066,0.50537109375,0.5322265625,0.50537109375,0.5322265625,0.5204201540450033,0.50048828125,0.548828125,0.50048828125,0.548828125,0.5190642398517068,0.52783203125,0.54833984375,0.52783203125,0.54833984375,0.545134373808361,0.4921875,0.62451171875,0.4921875,0.62451171875,S-UNIWARD,0.18050142450707027,0.17704786448308169,0.21254763895119844,0.23214613497889153,0.19775693707975806
WOW__TEST__STEGO__8173.pgm,8173.pgm,WOW,1,${BOSSBASE_ROOT}\stego\WOW\0.4bpp\stego\8173.pgm,0.5117013542830362,0.491455078125,0.51220703125,0.491455078125,0.51220703125,0.5124181000376337,0.50537109375,0.5322265625,0.50537109375,0.5322265625,0.519445143850546,0.50048828125,0.548828125,0.50048828125,0.548828125,0.5172965623306728,0.52783203125,0.54833984375,0.52783203125,0.54833984375,0.5240597732377783,0.4921875,0.62451171875,0.4921875,0.62451171875,S-UNIWARD,0.18725445466108373,0.18323996221177472,0.2098158759842116,0.22747408633222815,0.1922156208107017
WOW__TEST__STEGO__5174.pgm,5174.pgm,WOW,1,${BOSSBASE_ROOT}\stego\WOW\0.4bpp\stego\5174.pgm,0.9909096166863416,0.491455078125,0.51220703125,0.491455078125,0.51220703125,0.9898303422461273,0.50537109375,0.5322265625,0.50537109375,0.5322265625,0.9928231180543431,0.50048828125,0.548828125,0.50048828125,0.548828125,0.007039045597401514,0.52783203125,0.54833984375,0.52783203125,0.54833984375,0.9891396689867223,0.4921875,0.62451171875,0.4921875,0.62451171875,WOW,0.17195277286608415,0.0016759459840315384,0.12636543569397313,0.2202835744734419,0.4797222709824693
WOW__TEST__STEGO__2632.pgm,2632.pgm,WOW,1,${BOSSBASE_ROOT}\stego\WOW\0.4bpp\stego\2632.pgm,0.9913892323324893,0.491455078125,0.51220703125,0.491455078125,0.51220703125,0.993734466224161,0.50537109375,0.5322265625,0.50537109375,0.5322265625,0.9919067101026269,0.50048828125,0.548828125,0.50048828125,0.548828125,0.9843363512883317,0.52783203125,0.54833984375,0.52783203125,0.54833984375,0.990216123982345,0.4921875,0.62451171875,0.4921875,0.62451171875,WOW,0.10754699002471935,0.15914363842769666,0.1314808561397484,0.20507147451085803,0.3967570408969775
WOW__TEST__STEGO__9570.pgm,9570.pgm,WOW,1,${BOSSBASE_ROOT}\stego\WOW\0.4bpp\stego\9570.pgm,0.991083872947128,0.491455078125,0.51220703125,0.491455078125,0.51220703125,0.9856076636305632,0.50537109375,0.5322265625,0.50537109375,0.5322265625,0.9866748522941186,0.50048828125,0.548828125,0.50048828125,0.548828125,0.8444090059229068,0.52783203125,0.54833984375,0.52783203125,0.54833984375,0.9782604045723282,0.4921875,0.62451171875,0.4921875,0.62451171875,WOW,0.12148147253454619,0.08909429770092123,0.13620485812213837,0.21729256268742184,0.43592680895497243
WOW__TEST__STEGO__6088.pgm,6088.pgm,WOW,1,${BOSSBASE_ROOT}\stego\WOW\0.4bpp\stego\6088.pgm,0.9895513745548833,0.491455078125,0.51220703125,0.491455078125,0.51220703125,0.01024860192315863,0.50537109375,0.5322265625,0.50537109375,0.5322265625,0.9869292152258129,0.50048828125,0.548828125,0.50048828125,0.548828125,0.011732463956348185,0.52783203125,0.54833984375,0.52783203125,0.54833984375,0.993096161928778,0.4921875,0.62451171875,0.4921875,0.62451171875,WOW,0.33392833999718613,0.0011751419215686395,0.23546036244198004,0.004692873412795602,0.4247432822264694
WOW__TEST__STEGO__2676.pgm,2676.pgm,WOW,1,${BOSSBASE_ROOT}\stego\WOW\0.4bpp\stego\2676.pgm,0.9906599756149459,0.491455078125,0.51220703125,0.491455078125,0.51220703125,0.9826243354907803,0.50537109375,0.5322265625,0.50537109375,0.5322265625,0.1401007860904824,0.50048828125,0.548828125,0.50048828125,0.548828125,0.01704531725343583,0.52783203125,0.54833984375,0.52783203125,0.54833984375,0.9604354448677627,0.4921875,0.62451171875,0.4921875,0.62451171875,S-UNIWARD,0.010476284215222299,0.003607248364345254,0.07716057569514097,0.5158843923601292,0.39287149936516225
WOW__TEST__STEGO__8553.pgm,8553.pgm,WOW,1,${BOSSBASE_ROOT}\stego\WOW\0.4bpp\stego\8553.pgm,0.48973227864069,0.491455078125,0.51220703125,0.491455078125,0.51220703125,0.5216082367012707,0.50537109375,0.5322265625,0.50537109375,0.5322265625,0.5272252429969155,0.50048828125,0.548828125,0.50048828125,0.548828125,0.524272897247903,0.52783203125,0.54833984375,0.52783203125,0.54833984375,0.5487339504547721,0.4921875,0.62451171875,0.4921875,0.62451171875,S-UNIWARD,0.18951984047957462,0.19058004903286221,0.2211021669447663,0.22758087803269617,0.1712170655101007
WOW__TEST__STEGO__4176.pgm,4176.pgm,WOW,1,${BOSSBASE_ROOT}\stego\WOW\0.4bpp\stego\4176.pgm,0.40833574195249567,0.491455078125,0.51220703125,0.491455078125,0.51220703125,0.4974613407849001,0.50537109375,0.5322265625,0.50537109375,0.5322265625,0.49309965077506257,0.50048828125,0.548828125,0.50048828125,0.548828125,0.5149491564948546,0.52783203125,0.54833984375,0.52783203125,0.54833984375,0.4979152800248788,0.4921875,0.62451171875,0.4921875,0.62451171875,S-UNIWARD,0.19312494287239731,0.22657227788870682,0.21746349983964383,0.23344071461741214,0.12939856478183998
WOW__TEST__STEGO__5025.pgm,5025.pgm,WOW,1,${BOSSBASE_ROOT}\stego\WOW\0.4bpp\stego\5025.pgm,0.8850366449469483,0.491455078125,0.51220703125,0.491455078125,0.51220703125,0.03890198009779777,0.50537109375,0.5322265625,0.50537109375,0.5322265625,0.030386749926760413,0.50048828125,0.548828125,0.50048828125,0.548828125,0.045862664156542186,0.52783203125,0.54833984375,0.52783203125,0.54833984375,0.9846936454393053,0.4921875,0.62451171875,0.4921875,0.62451171875,WOW,0.0373622834686899,0.009171666345853983,0.37377279043816675,0.035086809905828555,0.5446064498414608
WOW__TEST__STEGO__7104.pgm,7104.pgm,WOW,1,${BOSSBASE_ROOT}\stego\WOW\0.4bpp\stego\7104.pgm,0.9919067101026269,0.491455078125,0.51220703125,0.491455078125,0.51220703125,0.9883577758353339,0.50537109375,0.5322265625,0.50537109375,0.5322265625,0.7711548724998493,0.50048828125,0.548828125,0.50048828125,0.548828125,0.036425152640625603,0.52783203125,0.54833984375,0.52783203125,0.54833984375,0.3260568035808109,0.4921875,0.62451171875,0.4921875,0.62451171875,WOW,0.08033401082863972,0.002698736731765342,0.02299045600031129,0.3578796149783976,0.536097181460886
WOW__TEST__STEGO__9195.pgm,9195.pgm,WOW,1,${BOSSBASE_ROOT}\stego\WOW\0.4bpp\stego\9195.pgm,0.9878058669624095,0.491455078125,0.51220703125,0.491455078125,0.51220703125,0.9952999394649492,0.50537109375,0.5322265625,0.50537109375,0.5322265625,0.9898695883364156,0.50048828125,0.548828125,0.50048828125,0.548828125,0.05921025074128593,0.52783203125,0.54833984375,0.52783203125,0.54833984375,0.9941346616392029,0.4921875,0.62451171875,0.4921875,0.62451171875,WOW,0.1678473627313126,0.0021805680524442515,0.12931153844115736,0.22698750178491195,0.4736730289901739
WOW__TEST__STEGO__816.pgm,816.pgm,WOW,1,${BOSSBASE_ROOT}\stego\WOW\0.4bpp\stego\816.pgm,0.7540104528799124,0.491455078125,0.51220703125,0.491455078125,0.51220703125,0.5486734944129984,0.50537109375,0.5322265625,0.50537109375,0.5322265625,0.5487944050579585,0.50048828125,0.548828125,0.50048828125,0.548828125,0.5122656051177531,0.52783203125,0.54833984375,0.52783203125,0.54833984375,0.575945815131361,0.4921875,0.62451171875,0.4921875,0.62451171875,WOW,0.13556893449305543,0.09423983619220526,0.15981816000482577,0.1926017898124953,0.4177712794974182
WOW__TEST__STEGO__7250.pgm,7250.pgm,WOW,1,${BOSSBASE_ROOT}\stego\WOW\0.4bpp\stego\7250.pgm,0.991422514586288,0.491455078125,0.51220703125,0.491455078125,0.51220703125,0.17286890228733162,0.50537109375,0.5322265625,0.50537109375,0.5322265625,0.9893062422638245,0.50048828125,0.548828125,0.50048828125,0.548828125,0.01128807389923099,0.52783203125,0.54833984375,0.52783203125,0.54833984375,0.991875291221819,0.4921875,0.62451171875,0.4921875,0.62451171875,WOW,0.3129834312742317,0.0012973592221168701,0.2211058030196538,0.00926004110833829,0.4553533653756594
WOW__TEST__STEGO__7531.pgm,7531.pgm,WOW,1,${BOSSBASE_ROOT}\stego\WOW\0.4bpp\stego\7531.pgm,0.6529056388166428,0.491455078125,0.51220703125,0.491455078125,0.51220703125,0.5802331259648752,0.50537109375,0.5322265625,0.50537109375,0.5322265625,0.4400481126131963,0.50048828125,0.548828125,0.50048828125,0.548828125,0.06828853752779204,0.52783203125,0.54833984375,0.52783203125,0.54833984375,0.5994265185757242,0.4921875,0.62451171875,0.4921875,0.62451171875,WOW,0.1449573274983701,0.018224231115305238,0.194102998864195,0.29952782093328784,0.3431876215888419
WOW__TEST__STEGO__501.pgm,501.pgm,WOW,1,${BOSSBASE_ROOT}\stego\WOW\0.4bpp\stego\501.pgm,0.6556668065254758,0.491455078125,0.51220703125,0.491455078125,0.51220703125,0.09073548763985106,0.50537109375,0.5322265625,0.50537109375,0.5322265625,0.5677568767912603,0.50048828125,0.548828125,0.50048828125,0.548828125,0.20833995194738297,0.52783203125,0.54833984375,0.52783203125,0.54833984375,0.6109178215781089,0.4921875,0.62451171875,0.4921875,0.62451171875,WOW,0.2982296924790558,0.02651893442728724,0.29885304060247453,0.03877433480458195,0.33762399768660056
WOW__TEST__STEGO__220.pgm,220.pgm,WOW,1,${BOSSBASE_ROOT}\stego\WOW\0.4bpp\stego\220.pgm,0.9915870224290223,0.491455078125,0.51220703125,0.491455078125,0.51220703125,0.9905509186809447,0.50537109375,0.5322265625,0.50537109375,0.5322265625,0.6388352797656791,0.50048828125,0.548828125,0.50048828125,0.548828125,0.022759155655518754,0.52783203125,0.54833984375,0.52783203125,0.54833984375,0.9853843298993641,0.4921875,0.62451171875,0.4921875,0.62451171875,WOW,0.058097851373202225,0.0026421759317982194,0.1140342816552922,0.3448799658567235,0.480345725182984
WOW__TEST__STEGO__1731.pgm,1731.pgm,WOW,1,${BOSSBASE_ROOT}\stego\WOW\0.4bpp\stego\1731.pgm,0.9905874104123901,0.491455078125,0.51220703125,0.491455078125,0.51220703125,0.9777987710969442,0.50537109375,0.5322265625,0.50537109375,0.5322265625,0.9807288620802312,0.50048828125,0.548828125,0.50048828125,0.548828125,0.012722708199923246,0.52783203125,0.54833984375,0.52783203125,0.54833984375,0.982423116732664,0.4921875,0.62451171875,0.4921875,0.62451171875,WOW,0.1690839005869131,0.001763882921848626,0.12673077404882752,0.2168665640811516,0.48555487836125905
WOW__TEST__STEGO__9744.pgm,9744.pgm,WOW,1,${BOSSBASE_ROOT}\stego\WOW\0.4bpp\stego\9744.pgm,0.9908389730779061,0.491455078125,0.51220703125,0.491455078125,0.51220703125,0.9933330680687192,0.50537109375,0.5322265625,0.50537109375,0.5322265625,0.9945730566510748,0.50048828125,0.548828125,0.50048828125,0.548828125,0.010860331013277531,0.52783203125,0.54833984375,0.52783203125,0.54833984375,0.9920927084953715,0.4921875,0.62451171875,0.4921875,0.62451171875,WOW,0.17172985942812294,0.0016999157354688067,0.12675349985657364,0.22195269631351514,0.4778640286663195
WOW__TEST__STEGO__3292.pgm,3292.pgm,WOW,1,${BOSSBASE_ROOT}\stego\WOW\0.4bpp\stego\3292.pgm,0.9818752792555313,0.491455078125,0.51220703125,0.491455078125,0.51220703125,0.7021217288635788,0.50537109375,0.5322265625,0.50537109375,0.5322265625,0.5708098913740778,0.50048828125,0.548828125,0.50048828125,0.548828125,0.7055822014264149,0.52783203125,0.54833984375,0.52783203125,0.54833984375,0.7080107286710589,0.4921875,0.62451171875,0.4921875,0.62451171875,WOW,0.05756790073499315,0.09138441272671723,0.09839140318016773,0.17559318311455066,0.5770631002435713
WOW__TEST__STEGO__1773.pgm,1773.pgm,WOW,1,${BOSSBASE_ROOT}\stego\WOW\0.4bpp\stego\1773.pgm,0.9904775143296634,0.491455078125,0.51220703125,0.491455078125,0.51220703125,0.9719392602342918,0.50537109375,0.5322265625,0.50537109375,0.5322265625,0.22678363486528474,0.50048828125,0.548828125,0.50048828125,0.548828125,0.009196552423046733,0.52783203125,0.54833984375,0.52783203125,0.54833984375,0.560583445399128,0.4921875,0.62451171875,0.4921875,0.62451171875,S-UNIWARD,0.013582610692683197,0.003454764388914871,0.03029480429961781,0.5201087438114016,0.4325590768073825
WOW__TEST__STEGO__225.pgm,225.pgm,WOW,1,${BOSSBASE_ROOT}\stego\WOW\0.4bpp\stego\225.pgm,0.9910145712474399,0.491455078125,0.51220703125,0.491455078125,0.51220703125,0.9722043774187549,0.50537109375,0.5322265625,0.50537109375,0.5322265625,0.8647679192064821,0.50048828125,0.548828125,0.50048828125,0.548828125,0.22936255487832255,0.52783203125,0.54833984375,0.52783203125,0.54833984375,0.8718026479277411,0.4921875,0.62451171875,0.4921875,0.62451171875,WOW,0.1142301391332098,0.005975940215984877,0.10155959546519984,0.26811457274611317,0.5101197524394924
WOW__TEST__STEGO__9095.pgm,9095.pgm,WOW,1,${BOSSBASE_ROOT}\stego\WOW\0.4bpp\stego\9095.pgm,0.8047130321052022,0.491455078125,0.51220703125,0.491455078125,0.51220703125,0.42494883784210224,0.50537109375,0.5322265625,0.50537109375,0.5322265625,0.397178261308638,0.50048828125,0.548828125,0.50048828125,0.548828125,0.02241421646363687,0.52783203125,0.54833984375,0.52783203125,0.54833984375,4.347746723005271e-07,0.4921875,0.62451171875,0.4921875,0.62451171875,WOW,0.11190182053781554,0.011432705691747733,0.03952863903360797,0.18841165162019188,0.6487251831166367
WOW__TEST__STEGO__5593.pgm,5593.pgm,WOW,1,${BOSSBASE_ROOT}\stego\WOW\0.4bpp\stego\5593.pgm,0.9759922540789444,0.491455078125,0.51220703125,0.491455078125,0.51220703125,0.023734685770113232,0.50537109375,0.5322265625,0.50537109375,0.5322265625,0.9840936082881853,0.50048828125,0.548828125,0.50048828125,0.548828125,0.008985428752560176,0.52783203125,0.54833984375,0.52783203125,0.54833984375,0.9840323465112041,0.4921875,0.62451171875,0.4921875,0.62451171875,WOW,0.3412585964422694,0.0012338630531719041,0.2371390894137993,0.005142309045703957,0.41522614204505565
WOW__TEST__STEGO__6454.pgm,6454.pgm,WOW,1,${BOSSBASE_ROOT}\stego\WOW\0.4bpp\stego\6454.pgm,0.9843964652097964,0.491455078125,0.51220703125,0.491455078125,0.51220703125,0.9165588263728889,0.50537109375,0.5322265625,0.50537109375,0.5322265625,0.9413314016155964,0.50048828125,0.548828125,0.50048828125,0.548828125,0.010902373729285245,0.52783203125,0.54833984375,0.52783203125,0.54833984375,0.9488225055941706,0.4921875,0.62451171875,0.4921875,0.62451171875,WOW,0.1680359486000755,0.0019388915622547366,0.1290246380070381,0.19425018678952485,0.5067503350411068
WOW__TEST__STEGO__3318.pgm,3318.pgm,WOW,1,${BOSSBASE_ROOT}\stego\WOW\0.4bpp\stego\3318.pgm,0.54595151200866,0.491455078125,0.51220703125,0.491455078125,0.51220703125,0.5177690031307204,0.50537109375,0.5322265625,0.50537109375,0.5322265625,0.010570488620307572,0.50048828125,0.548828125,0.50048828125,0.548828125,0.013902058625059313,0.52783203125,0.54833984375,0.52783203125,0.54833984375,9.59088786541314e-06,0.4921875,0.62451171875,0.4921875,0.62451171875,S-UNIWARD,0.049545012906624324,0.0333822700040172,0.050827919664841764,0.5805456779349895,0.2856991194895273
WOW__TEST__STEGO__6024.pgm,6024.pgm,WOW,1,${BOSSBASE_ROOT}\stego\WOW\0.4bpp\stego\6024.pgm,0.9886682464686385,0.491455078125,0.51220703125,0.491455078125,0.51220703125,0.9941573948247951,0.50537109375,0.5322265625,0.50537109375,0.5322265625,0.9915870224290223,0.50048828125,0.548828125,0.50048828125,0.548828125,0.007876706716587462,0.52783203125,0.54833984375,0.52783203125,0.54833984375,0.9815597909507104,0.4921875,0.62451171875,0.4921875,0.62451171875,WOW,0.17128824585603059,0.0017000636273647501,0.12413901899511724,0.22559200509354388,0.4772806664279436
WOW__TEST__STEGO__8986.pgm,8986.pgm,WOW,1,${BOSSBASE_ROOT}\stego\WOW\0.4bpp\stego\8986.pgm,0.994445075296309,0.491455078125,0.51220703125,0.491455078125,0.51220703125,0.9890976262707148,0.50537109375,0.5322265625,0.50537109375,0.5322265625,0.9893062422638245,0.50048828125,0.548828125,0.50048828125,0.548828125,0.991118324899153,0.52783203125,0.54833984375,0.52783203125,0.54833984375,0.988755439279336,0.4921875,0.62451171875,0.4921875,0.62451171875,WOW,0.10600540375911702,0.16294896848468388,0.13051139563625822,0.20106435620562782,0.39946987591431304
WOW__TEST__STEGO__7189.pgm,7189.pgm,WOW,1,${BOSSBASE_ROOT}\stego\WOW\0.4bpp\stego\7189.pgm,0.9897909456811917,0.491455078125,0.51220703125,0.491455078125,0.51220703125,0.992710922416408,0.50537109375,0.5322265625,0.50537109375,0.5322265625,0.9939730484115986,0.50048828125,0.548828125,0.50048828125,0.548828125,0.007232763803479049,0.52783203125,0.54833984375,0.52783203125,0.54833984375,0.987711402470298,0.4921875,0.62451171875,0.4921875,0.62451171875,WOW,0.17227243297924535,0.0016803945099623807,0.12580251038375181,0.22256588626426282,0.4776787758627777
WOW__TEST__STEGO__6545.pgm,6545.pgm,WOW,1,${BOSSBASE_ROOT}\stego\WOW\0.4bpp\stego\6545.pgm,0.991186833496954,0.491455078125,0.51220703125,0.491455078125,0.51220703125,0.04949705323280326,0.50537109375,0.5322265625,0.50537109375,0.5322265625,0.8016254192426442,0.50048828125,0.548828125,0.50048828125,0.548828125,0.6674728809308692,0.52783203125,0.54833984375,0.52783203125,0.54833984375,0.6059156425898825,0.4921875,0.62451171875,0.4921875,0.62451171875,WOW,0.19677757694597575,0.04965828115011002,0.13020656696078092,0.011213684359934382,0.612143890583199
WOW__TEST__STEGO__417.pgm,417.pgm,WOW,1,${BOSSBASE_ROOT}\stego\WOW\0.4bpp\stego\417.pgm,0.5130509289344404,0.491455078125,0.51220703125,0.491455078125,0.51220703125,0.5117242299065522,0.50537109375,0.5322265625,0.50537109375,0.5322265625,0.5125705926458899,0.50048828125,0.548828125,0.50048828125,0.548828125,0.49769593916051613,0.52783203125,0.54833984375,0.52783203125,0.54833984375,0.51833284243062,0.4921875,0.62451171875,0.4921875,0.62451171875,S-UNIWARD,0.18805500658616958,0.17111397433503986,0.20974636790236592,0.23354424269006344,0.19754040848636106
WOW__TEST__STEGO__8820.pgm,8820.pgm,WOW,1,${BOSSBASE_ROOT}\stego\WOW\0.4bpp\stego\8820.pgm,0.5440444787262739,0.491455078125,0.51220703125,0.491455078125,0.51220703125,0.5410451223210688,0.50537109375,0.5322265625,0.50537109375,0.5322265625,0.5105346346080352,0.50048828125,0.548828125,0.50048828125,0.548828125,0.5097948893291696,0.52783203125,0.54833984375,0.52783203125,0.54833984375,0.5121741070680396,0.4921875,0.62451171875,0.4921875,0.62451171875,S-UNIWARD,0.1714221448011472,0.1682613936105769,0.19129536308501638,0.252264757625415,0.2167563408778446
WOW__TEST__STEGO__2350.pgm,2350.pgm,WOW,1,${BOSSBASE_ROOT}\stego\WOW\0.4bpp\stego\2350.pgm,0.9905874104123901,0.491455078125,0.51220703125,0.491455078125,0.51220703125,0.9664104943498959,0.50537109375,0.5322265625,0.50537109375,0.5322265625,0.991118324899153,0.50048828125,0.548828125,0.50048828125,0.548828125,0.032774983899956416,0.52783203125,0.54833984375,0.52783203125,0.54833984375,0.9872772918000768,0.4921875,0.62451171875,0.4921875,0.62451171875,WOW,0.1756550363096696,0.001919472789789242,0.13063181851169328,0.20553057477122244,0.4862630976176253
WOW__TEST__STEGO__145.pgm,145.pgm,WOW,1,${BOSSBASE_ROOT}\stego\WOW\0.4bpp\stego\145.pgm,0.5216386972024424,0.491455078125,0.51220703125,0.491455078125,0.51220703125,0.5053403730843442,0.50537109375,0.5322265625,0.50537109375,0.5322265625,0.53682892941588,0.50048828125,0.548828125,0.50048828125,0.548828125,0.5134778743160116,0.52783203125,0.54833984375,0.52783203125,0.54833984375,0.5286398806367824,0.4921875,0.62451171875,0.4921875,0.62451171875,S-UNIWARD,0.1975797964219011,0.17334124087154135,0.212810297664951,0.21603507886636833,0.20023358617523832
WOW__TEST__STEGO__309.pgm,309.pgm,WOW,1,${BOSSBASE_ROOT}\stego\WOW\0.4bpp\stego\309.pgm,0.9890976262707148,0.491455078125,0.51220703125,0.491455078125,0.51220703125,0.9683213752172553,0.50537109375,0.5322265625,0.50537109375,0.5322265625,0.9733422603160213,0.50048828125,0.548828125,0.50048828125,0.548828125,0.9760379759604947,0.52783203125,0.54833984375,0.52783203125,0.54833984375,0.9873750507184357,0.4921875,0.62451171875,0.4921875,0.62451171875,WOW,0.10672866143440721,0.15936960738622774,0.13562245430907943,0.19530357415133479,0.40297570271895083
WOW__TEST__STEGO__2023.pgm,2023.pgm,WOW,1,${BOSSBASE_ROOT}\stego\WOW\0.4bpp\stego\2023.pgm,0.9882675360436518,0.491455078125,0.51220703125,0.491455078125,0.51220703125,0.99999963955911,0.50537109375,0.5322265625,0.50537109375,0.5322265625,0.9465966702001757,0.50048828125,0.548828125,0.50048828125,0.548828125,0.9610249294607885,0.52783203125,0.54833984375,0.52783203125,0.54833984375,0.9918120900983038,0.4921875,0.62451171875,0.4921875,0.62451171875,WOW,0.09529329518669585,0.15219146236415607,0.13108380539869344,0.22469954189938177,0.3967318951510729
WOW__TEST__STEGO__6908.pgm,6908.pgm,WOW,1,${BOSSBASE_ROOT}\stego\WOW\0.4bpp\stego\6908.pgm,0.9781354435078863,0.491455078125,0.51220703125,0.491455078125,0.51220703125,0.929823701560032,0.50537109375,0.5322265625,0.50537109375,0.5322265625,0.7978719760520335,0.50048828125,0.548828125,0.50048828125,0.548828125,0.045522005153122005,0.52783203125,0.54833984375,0.52783203125,0.54833984375,0.9418684051353043,0.4921875,0.62451171875,0.4921875,0.62451171875,WOW,0.10979961004525085,0.0027936222687806145,0.12583312090321153,0.2533081162379514,0.5082655305448056
WOW__TEST__STEGO__311.pgm,311.pgm,WOW,1,${BOSSBASE_ROOT}\stego\WOW\0.4bpp\stego\311.pgm,0.9943580914999767,0.491455078125,0.51220703125,0.491455078125,0.51220703125,0.9918437513730266,0.50537109375,0.5322265625,0.50537109375,0.5322265625,0.979393523864564,0.50048828125,0.548828125,0.50048828125,0.548828125,0.8742920512378466,0.52783203125,0.54833984375,0.52783203125,0.54833984375,0.9705764200363561,0.4921875,0.62451171875,0.4921875,0.62451171875,WOW,0.11434847682788665,0.10133053443234484,0.13052939846110448,0.22088453676895622,0.4329070535097078
WOW__TEST__STEGO__3673.pgm,3673.pgm,WOW,1,${BOSSBASE_ROOT}\stego\WOW\0.4bpp\stego\3673.pgm,0.9915870224290223,0.491455078125,0.51220703125,0.491455078125,0.51220703125,0.9941573948247951,0.50537109375,0.5322265625,0.50537109375,0.5322265625,0.9928231180543431,0.50048828125,0.548828125,0.50048828125,0.548828125,0.008061991528271641,0.52783203125,0.54833984375,0.52783203125,0.54833984375,0.993734466224161,0.4921875,0.62451171875,0.4921875,0.62451171875,WOW,0.17050565323698166,0.0016754037654608382,0.12678487558166304,0.22258125949382665,0.47845280792206785
WOW__TEST__STEGO__1088.pgm,1088.pgm,WOW,1,${BOSSBASE_ROOT}\stego\WOW\0.4bpp\stego\1088.pgm,0.9886243997611625,0.491455078125,0.51220703125,0.491455078125,0.51220703125,0.556369449788337,0.50537109375,0.5322265625,0.50537109375,0.5322265625,0.9187722440021829,0.50048828125,0.548828125,0.50048828125,0.548828125,0.028598360546466146,0.52783203125,0.54833984375,0.52783203125,0.54833984375,0.9501340950202013,0.4921875,0.62451171875,0.4921875,0.62451171875,WOW,0.22079574793198337,0.0020591803912334344,0.17813936681926038,0.05349261677746432,0.5455130880800585
WOW__TEST__STEGO__6174.pgm,6174.pgm,WOW,1,${BOSSBASE_ROOT}\stego\WOW\0.4bpp\stego\6174.pgm,0.991118324899153,0.491455078125,0.51220703125,0.491455078125,0.51220703125,0.1475551828016634,0.50537109375,0.5322265625,0.50537109375,0.5322265625,0.9898695883364156,0.50048828125,0.548828125,0.50048828125,0.548828125,0.4408904916338648,0.52783203125,0.54833984375,0.52783203125,0.54833984375,0.9830200077626816,0.4921875,0.62451171875,0.4921875,0.62451171875,WOW,0.28307786123849216,0.010353395540709558,0.24351753515001015,0.008798001058753283,0.4542532070120348
WOW__TEST__STEGO__6008.pgm,6008.pgm,WOW,1,${BOSSBASE_ROOT}\stego\WOW\0.4bpp\stego\6008.pgm,0.9897513980768414,0.491455078125,0.51220703125,0.491455078125,0.51220703125,0.14940723067340791,0.50537109375,0.5322265625,0.50537109375,0.5322265625,0.3177437334891158,0.50048828125,0.548828125,0.50048828125,0.548828125,0.01757688326733593,0.52783203125,0.54833984375,0.52783203125,0.54833984375,0.969670743015721,0.4921875,0.62451171875,0.4921875,0.62451171875,WOW,0.0591866046147362,0.003958757034967052,0.25650878138021255,0.028504641065119813,0.6518412159049644
WOW__TEST__STEGO__5554.pgm,5554.pgm,WOW,1,${BOSSBASE_ROOT}\stego\WOW\0.4bpp\stego\5554.pgm,0.9760379759604947,0.491455078125,0.51220703125,0.491455078125,0.51220703125,0.031084951087943985,0.50537109375,0.5322265625,0.50537109375,0.5322265625,0.9237300338193294,0.50048828125,0.548828125,0.50048828125,0.548828125,0.955816678097593,0.52783203125,0.54833984375,0.52783203125,0.54833984375,0.9061560406079822,0.4921875,0.62451171875,0.4921875,0.62451171875,WOW,0.212125882657809,0.13046155347631389,0.2361354678614367,0.0063832514808605505,0.41489384452358
WOW__TEST__STEGO__5027.pgm,5027.pgm,WOW,1,${BOSSBASE_ROOT}\stego\WOW\0.4bpp\stego\5027.pgm,0.9889705299774982,0.491455078125,0.51220703125,0.491455078125,0.51220703125,0.9937587407701782,0.50537109375,0.5322265625,0.50537109375,0.5322265625,0.9908034475769532,0.50048828125,0.548828125,0.50048828125,0.548828125,0.14438997749831523,0.52783203125,0.54833984375,0.52783203125,0.54833984375,0.991118324899153,0.4921875,0.62451171875,0.4921875,0.62451171875,WOW,0.16398072070937245,0.0032792873812694714,0.13071137754988008,0.2270519847313415,0.4749766296281364
WOW__TEST__STEGO__3658.pgm,3658.pgm,WOW,1,${BOSSBASE_ROOT}\stego\WOW\0.4bpp\stego\3658.pgm,0.9863631647185701,0.491455078125,0.51220703125,0.491455078125,0.51220703125,0.8113772884396903,0.50537109375,0.5322265625,0.50537109375,0.5322265625,0.9246876936763765,0.50048828125,0.548828125,0.50048828125,0.548828125,0.11676401359822318,0.52783203125,0.54833984375,0.52783203125,0.54833984375,0.8881781760875761,0.4921875,0.62451171875,0.4921875,0.62451171875,WOW,0.1771257198220552,0.0034087282148302592,0.12930029238600246,0.1446642177363285,0.5455010418407835
WOW__TEST__STEGO__9191.pgm,9191.pgm,WOW,1,${BOSSBASE_ROOT}\stego\WOW\0.4bpp\stego\9191.pgm,0.9555685679752156,0.491455078125,0.51220703125,0.491455078125,0.51220703125,0.9590776971835221,0.50537109375,0.5322265625,0.50537109375,0.5322265625,0.9697281305754024,0.50048828125,0.548828125,0.50048828125,0.548828125,0.09252365778158943,0.52783203125,0.54833984375,0.52783203125,0.54833984375,0.949482330277519,0.4921875,0.62451171875,0.4921875,0.62451171875,WOW,0.1795324311298922,0.003012011291063767,0.13333444027534985,0.226944298660559,0.4571768186431351
WOW__TEST__STEGO__4941.pgm,4941.pgm,WOW,1,${BOSSBASE_ROOT}\stego\WOW\0.4bpp\stego\4941.pgm,0.6310260485393894,0.491455078125,0.51220703125,0.491455078125,0.51220703125,0.5497614816333702,0.50537109375,0.5322265625,0.50537109375,0.5322265625,0.4200642208030825,0.50048828125,0.548828125,0.50048828125,0.548828125,0.3259495159352553,0.52783203125,0.54833984375,0.52783203125,0.54833984375,0.5682960250781992,0.4921875,0.62451171875,0.4921875,0.62451171875,WOW,0.13228723807272752,0.0674191884639493,0.19801006073522207,0.28588256305528315,0.31640094967281795
WOW__TEST__STEGO__1385.pgm,1385.pgm,WOW,1,${BOSSBASE_ROOT}\stego\WOW\0.4bpp\stego\1385.pgm,0.9893062422638245,0.491455078125,0.51220703125,0.491455078125,0.51220703125,0.6987407493728792,0.50537109375,0.5322265625,0.50537109375,0.5322265625,0.610337349157466,0.50048828125,0.548828125,0.50048828125,0.548828125,0.7739006059522892,0.52783203125,0.54833984375,0.52783203125,0.54833984375,0.9242786279246686,0.4921875,0.62451171875,0.4921875,0.62451171875,WOW,0.06012476913967769,0.10760512790058768,0.15936156571564236,0.1429612675881264,0.529947269655966
WOW__TEST__STEGO__7325.pgm,7325.pgm,WOW,1,${BOSSBASE_ROOT}\stego\WOW\0.4bpp\stego\7325.pgm,0.9920002454916221,0.491455078125,0.51220703125,0.491455078125,0.51220703125,0.014447852533602467,0.50537109375,0.5322265625,0.50537109375,0.5322265625,0.9830850867332734,0.50048828125,0.548828125,0.50048828125,0.548828125,0.007846239292520898,0.52783203125,0.54833984375,0.52783203125,0.54833984375,0.9619649074673171,0.4921875,0.62451171875,0.4921875,0.62451171875,WOW,0.3337831927830844,0.0011822814069969826,0.2205851407490984,0.004928485961320435,0.4395208990994998
WOW__TEST__STEGO__4332.pgm,4332.pgm,WOW,1,${BOSSBASE_ROOT}\stego\WOW\0.4bpp\stego\4332.pgm,0.8679338421303608,0.491455078125,0.51220703125,0.491455078125,0.51220703125,0.0446808702726502,0.50537109375,0.5322265625,0.50537109375,0.5322265625,0.9565531031399481,0.50048828125,0.548828125,0.50048828125,0.548828125,0.9546474194456936,0.52783203125,0.54833984375,0.52783203125,0.54833984375,0.6542322972011442,0.4921875,0.62451171875,0.4921875,0.62451171875,WOW,0.2974388304702054,0.19019891733131625,0.1656056837609648,0.008674978111553443,0.33808159032595997
WOW__TEST__STEGO__9623.pgm,9623.pgm,WOW,1,${BOSSBASE_ROOT}\stego\WOW\0.4bpp\stego\9623.pgm,0.6722241208979245,0.491455078125,0.51220703125,0.491455078125,0.51220703125,0.414543287947501,0.50537109375,0.5322265625,0.50537109375,0.5322265625,0.712832272116407,0.50048828125,0.548828125,0.50048828125,0.548828125,0.5859306506696685,0.52783203125,0.54833984375,0.52783203125,0.54833984375,0.7325918338117745,0.4921875,0.62451171875,0.4921875,0.62451171875,MiPOD,0.24872087963867673,0.11463885708211963,0.27656252091979383,0.08598391156796055,0.27409383079144917
WOW__TEST__STEGO__2692.pgm,2692.pgm,WOW,1,${BOSSBASE_ROOT}\stego\WOW\0.4bpp\stego\2692.pgm,0.9867771782476948,0.491455078125,0.51220703125,0.491455078125,0.51220703125,0.9636433368120323,0.50537109375,0.5322265625,0.50537109375,0.5322265625,0.9768023732674583,0.50048828125,0.548828125,0.50048828125,0.548828125,0.01028830113371619,0.52783203125,0.54833984375,0.52783203125,0.54833984375,0.9796287059913455,0.4921875,0.62451171875,0.4921875,0.62451171875,WOW,0.1723777748778074,0.0017847685239700112,0.12944143747472805,0.21018325988008849,0.486212759243406
WOW__TEST__STEGO__6418.pgm,6418.pgm,WOW,1,${BOSSBASE_ROOT}\stego\WOW\0.4bpp\stego\6418.pgm,0.9874720680072551,0.491455078125,0.51220703125,0.491455078125,0.51220703125,0.9434518650712325,0.50537109375,0.5322265625,0.50537109375,0.5322265625,0.7590468412771528,0.50048828125,0.548828125,0.50048828125,0.548828125,0.2702875692585487,0.52783203125,0.54833984375,0.52783203125,0.54833984375,0.3250918718866066,0.4921875,0.62451171875,0.4921875,0.62451171875,WOW,0.0794951599745972,0.00891479719167309,0.02639228957272829,0.33082334117787837,0.5543744120831231
WOW__TEST__STEGO__6160.pgm,6160.pgm,WOW,1,${BOSSBASE_ROOT}\stego\WOW\0.4bpp\stego\6160.pgm,0.9897116988662837,0.491455078125,0.51220703125,0.491455078125,0.51220703125,0.9317114624722079,0.50537109375,0.5322265625,0.50537109375,0.5322265625,0.9015745876334377,0.50048828125,0.548828125,0.50048828125,0.548828125,0.01665704000922906,0.52783203125,0.54833984375,0.52783203125,0.54833984375,0.9549844683997677,0.4921875,0.62451171875,0.4921875,0.62451171875,WOW,0.14496453973805457,0.002049900944991934,0.12667180979889817,0.21382703575830875,0.5124867137597465
WOW__TEST__STEGO__2594.pgm,2594.pgm,WOW,1,${BOSSBASE_ROOT}\stego\WOW\0.4bpp\stego\2594.pgm,0.9920002454916221,0.491455078125,0.51220703125,0.491455078125,0.51220703125,0.8975157807475012,0.50537109375,0.5322265625,0.50537109375,0.5322265625,0.9817357216481429,0.50048828125,0.548828125,0.50048828125,0.548828125,0.06705628692511957,0.52783203125,0.54833984375,0.52783203125,0.54833984375,0.9840323465112041,0.4921875,0.62451171875,0.4921875,0.62451171875,WOW,0.18453229697602738,0.002317411732631262,0.14158134836029962,0.16592566584770266,0.5056432770833391
WOW__TEST__STEGO__4304.pgm,4304.pgm,WOW,1,${BOSSBASE_ROOT}\stego\WOW\0.4bpp\stego\4304.pgm,0.8172829938264785,0.491455078125,0.51220703125,0.491455078125,0.51220703125,0.6642136814702956,0.50537109375,0.5322265625,0.50537109375,0.5322265625,0.6190107695157563,0.50048828125,0.548828125,0.50048828125,0.548828125,0.0725052524247181,0.52783203125,0.54833984375,0.52783203125,0.54833984375,0.6749081281133934,0.4921875,0.62451171875,0.4921875,0.62451171875,WOW,0.14817382410100968,0.008419668883414074,0.1464671955844263,0.22296522551316988,0.4739740859179801
WOW__TEST__STEGO__8108.pgm,8108.pgm,WOW,1,${BOSSBASE_ROOT}\stego\WOW\0.4bpp\stego\8108.pgm,0.9920002454916221,0.491455078125,0.51220703125,0.491455078125,0.51220703125,0.9905509186809447,0.50537109375,0.5322265625,0.50537109375,0.5322265625,0.9928508980334536,0.50048828125,0.548828125,0.50048828125,0.548828125,0.9866748522941186,0.52783203125,0.54833984375,0.52783203125,0.54833984375,0.9928508980334536,0.4921875,0.62451171875,0.4921875,0.62451171875,WOW,0.107943626748239,0.1602724048732077,0.132578648894483,0.2020146878916158,0.39719063159245455
WOW__TEST__STEGO__328.pgm,328.pgm,WOW,1,${BOSSBASE_ROOT}\stego\WOW\0.4bpp\stego\328.pgm,0.9926256346917622,0.491455078125,0.51220703125,0.491455078125,0.51220703125,0.9904775143296634,0.50537109375,0.5322265625,0.50537109375,0.5322265625,0.01685007944789776,0.50048828125,0.548828125,0.50048828125,0.548828125,0.009974920824078675,0.52783203125,0.54833984375,0.52783203125,0.54833984375,0.8422153599018343,0.4921875,0.62451171875,0.4921875,0.62451171875,S-UNIWARD,0.006338697325418159,0.0036333046593043017,0.0495090929588997,0.5779706824906741,0.3625482225657037
WOW__TEST__STEGO__4134.pgm,4134.pgm,WOW,1,${BOSSBASE_ROOT}\stego\WOW\0.4bpp\stego\4134.pgm,0.5634380138870771,0.491455078125,0.51220703125,0.491455078125,0.51220703125,0.5048559569371562,0.50537109375,0.5322265625,0.50537109375,0.5322265625,0.49825192210039304,0.50048828125,0.548828125,0.50048828125,0.548828125,0.4846621013265697,0.52783203125,0.54833984375,0.52783203125,0.54833984375,0.004663654952382041,0.4921875,0.62451171875,0.4921875,0.62451171875,S-UNIWARD,0.17975873733299746,0.17628458361475752,0.06131856768653468,0.29448104263736175,0.2881570687283485
WOW__TEST__STEGO__8480.pgm,8480.pgm,WOW,1,${BOSSBASE_ROOT}\stego\WOW\0.4bpp\stego\8480.pgm,0.9915215980653225,0.491455078125,0.51220703125,0.491455078125,0.51220703125,0.09367800267455072,0.50537109375,0.5322265625,0.50537109375,0.5322265625,0.8536689404283129,0.50048828125,0.548828125,0.50048828125,0.548828125,0.007374365308237828,0.52783203125,0.54833984375,0.52783203125,0.54833984375,0.8976952921073469,0.4921875,0.62451171875,0.4921875,0.62451171875,WOW,0.25145191718216403,0.0016800062684353902,0.20546882309260864,0.009608704194499875,0.5317905492622922
WOW__TEST__STEGO__9696.pgm,9696.pgm,WOW,1,${BOSSBASE_ROOT}\stego\WOW\0.4bpp\stego\9696.pgm,0.9903663476405535,0.491455078125,0.51220703125,0.491455078125,0.51220703125,0.9920927084953715,0.50537109375,0.5322265625,0.50537109375,0.5322265625,0.9922444632191525,0.50048828125,0.548828125,0.50048828125,0.548828125,0.00912563738918052,0.52783203125,0.54833984375,0.52783203125,0.54833984375,0.9929061381210885,0.4921875,0.62451171875,0.4921875,0.62451171875,WOW,0.17120374351453274,0.0016939550868410958,0.12730352168499037,0.22193179534887575,0.47786698436476
WOW__TEST__STEGO__6183.pgm,6183.pgm,WOW,1,${BOSSBASE_ROOT}\stego\WOW\0.4bpp\stego\6183.pgm,0.9916519461902167,0.491455078125,0.51220703125,0.491455078125,0.51220703125,0.9654463760327956,0.50537109375,0.5322265625,0.50537109375,0.5322265625,0.9826243354907803,0.50048828125,0.548828125,0.50048828125,0.548828125,0.010013570623173138,0.52783203125,0.54833984375,0.52783203125,0.54833984375,0.972151549366048,0.4921875,0.62451171875,0.4921875,0.62451171875,WOW,0.17272101217525565,0.0017426075500910796,0.12539545922581577,0.20835343557205083,0.4917874854767865
WOW__TEST__STEGO__5605.pgm,5605.pgm,WOW,1,${BOSSBASE_ROOT}\stego\WOW\0.4bpp\stego\5605.pgm,0.9909447358132779,0.491455078125,0.51220703125,0.491455078125,0.51220703125,0.9959614084284943,0.50537109375,0.5322265625,0.50537109375,0.5322265625,0.9879462204837635,0.50048828125,0.548828125,0.50048828125,0.548828125,0.9930153500828657,0.52783203125,0.54833984375,0.52783203125,0.54833984375,0.9895109087400621,0.4921875,0.62451171875,0.4921875,0.62451171875,WOW,0.10497885799574787,0.1655899604766207,0.13014268557907488,0.20642180754493192,0.3928666884036246
WOW__TEST__STEGO__9072.pgm,9072.pgm,WOW,1,${BOSSBASE_ROOT}\stego\WOW\0.4bpp\stego\9072.pgm,0.503847046275845,0.491455078125,0.51220703125,0.491455078125,0.51220703125,0.5039939030901317,0.50537109375,0.5322265625,0.50537109375,0.5322265625,0.49996411800390683,0.50048828125,0.548828125,0.50048828125,0.548828125,0.4990248692477872,0.52783203125,0.54833984375,0.52783203125,0.54833984375,0.4996111393758862,0.4921875,0.62451171875,0.4921875,0.62451171875,S-UNIWARD,0.18563967871960438,0.18002556350556298,0.20506714249944002,0.23561444339768772,0.1936531718777049
WOW__TEST__STEGO__1756.pgm,1756.pgm,WOW,1,${BOSSBASE_ROOT}\stego\WOW\0.4bpp\stego\1756.pgm,0.9897513980768414,0.491455078125,0.51220703125,0.491455078125,0.51220703125,0.9955316157335089,0.50537109375,0.5322265625,0.50537109375,0.5322265625,0.9872772918000768,0.50048828125,0.548828125,0.50048828125,0.548828125,0.471420954689955,0.52783203125,0.54833984375,0.52783203125,0.54833984375,0.9865198970247337,0.4921875,0.62451171875,0.4921875,0.62451171875,WOW,0.14514064304114882,0.015813208167975046,0.1367962397621994,0.23386431346319558,0.46838559556548104
WOW__TEST__STEGO__7234.pgm,7234.pgm,WOW,1,${BOSSBASE_ROOT}\stego\WOW\0.4bpp\stego\7234.pgm,0.9911526449170697,0.491455078125,0.51220703125,0.491455078125,0.51220703125,0.98504291340685,0.50537109375,0.5322265625,0.50537109375,0.5322265625,0.9880849780328519,0.50048828125,0.548828125,0.50048828125,0.548828125,0.015483987303625265,0.52783203125,0.54833984375,0.52783203125,0.54833984375,0.9880389017501905,0.4921875,0.62451171875,0.4921875,0.62451171875,WOW,0.1703607825526925,0.0017590806329653842,0.12703271046350537,0.2186949489351495,0.4821524774156872
WOW__TEST__STEGO__6211.pgm,6211.pgm,WOW,1,${BOSSBASE_ROOT}\stego\WOW\0.4bpp\stego\6211.pgm,0.991554373058874,0.491455078125,0.51220703125,0.491455078125,0.51220703125,0.9943580914999767,0.50537109375,0.5322265625,0.50537109375,0.5322265625,0.9890554225990201,0.50048828125,0.548828125,0.50048828125,0.548828125,0.009161026922093826,0.52783203125,0.54833984375,0.52783203125,0.54833984375,0.9947186660939477,0.4921875,0.62451171875,0.4921875,0.62451171875,WOW,0.16863102167649474,0.0016924036470242498,0.12707987183308672,0.2239318490361216,0.4786648538072727
WOW__TEST__STEGO__9909.pgm,9909.pgm,WOW,1,${BOSSBASE_ROOT}\stego\WOW\0.4bpp\stego\9909.pgm,0.9908389730779061,0.491455078125,0.51220703125,0.491455078125,0.51220703125,0.620794049681062,0.50537109375,0.5322265625,0.50537109375,0.5322265625,0.9914886969734374,0.50048828125,0.548828125,0.50048828125,0.548828125,0.7297124307414513,0.52783203125,0.54833984375,0.52783203125,0.54833984375,0.9913892323324893,0.4921875,0.62451171875,0.4921875,0.62451171875,WOW,0.19392518820454321,0.05184380847176523,0.20329951181564154,0.059653494989592194,0.4912779965184578
WOW__TEST__STEGO__280.pgm,280.pgm,WOW,1,${BOSSBASE_ROOT}\stego\WOW\0.4bpp\stego\280.pgm,0.8128673178375735,0.491455078125,0.51220703125,0.491455078125,0.51220703125,0.15520647285583236,0.50537109375,0.5322265625,0.50537109375,0.5322265625,0.5796978599878359,0.50048828125,0.548828125,0.50048828125,0.548828125,0.09138210306717136,0.52783203125,0.54833984375,0.52783203125,0.54833984375,0.5276512024452596,0.4921875,0.62451171875,0.4921875,0.62451171875,WOW,0.22598410172050704,0.009974289747929415,0.17106101723839043,0.04082218175783068,0.5521584095353426
WOW__TEST__STEGO__5859.pgm,5859.pgm,WOW,1,${BOSSBASE_ROOT}\stego\WOW\0.4bpp\stego\5859.pgm,0.9940196700308718,0.491455078125,0.51220703125,0.491455078125,0.51220703125,0.9916195466489739,0.50537109375,0.5322265625,0.50537109375,0.5322265625,0.9934357507792255,0.50048828125,0.548828125,0.50048828125,0.548828125,0.014227046103179024,0.52783203125,0.54833984375,0.52783203125,0.54833984375,0.9920927084953715,0.4921875,0.62451171875,0.4921875,0.62451171875,WOW,0.17010452425469233,0.0017130326805434874,0.12616961676332275,0.21986894253770087,0.48214388376374046
WOW__TEST__STEGO__1882.pgm,1882.pgm,WOW,1,${BOSSBASE_ROOT}\stego\WOW\0.4bpp\stego\1882.pgm,0.851829586557013,0.491455078125,0.51220703125,0.491455078125,0.51220703125,0.3501991218200541,0.50537109375,0.5322265625,0.50537109375,0.5322265625,0.844280659604721,0.50048828125,0.548828125,0.50048828125,0.548828125,0.9812029269218638,0.52783203125,0.54833984375,0.52783203125,0.54833984375,0.9786311122448239,0.4921875,0.62451171875,0.4921875,0.62451171875,WOW,0.1632361560927191,0.24676658758530046,0.27757883105546405,0.027610803407599024,0.28480762185891745
WOW__TEST__STEGO__2916.pgm,2916.pgm,WOW,1,${BOSSBASE_ROOT}\stego\WOW\0.4bpp\stego\2916.pgm,0.48870278972642317,0.491455078125,0.51220703125,0.491455078125,0.51220703125,0.5045546225505347,0.50537109375,0.5322265625,0.50537109375,0.5322265625,0.5066791375866376,0.50048828125,0.548828125,0.50048828125,0.548828125,0.0006263341581094201,0.52783203125,0.54833984375,0.52783203125,0.54833984375,0.5131729152997992,0.4921875,0.62451171875,0.4921875,0.62451171875,S-UNIWARD,0.2652851492214265,0.019599645942923214,0.2296429095417697,0.2668312778008686,0.21864101749301199
WOW__TEST__STEGO__6493.pgm,6493.pgm,WOW,1,${BOSSBASE_ROOT}\stego\WOW\0.4bpp\stego\6493.pgm,0.5488850842615584,0.491455078125,0.51220703125,0.491455078125,0.51220703125,0.5737978228280377,0.50537109375,0.5322265625,0.50537109375,0.5322265625,0.5157571096207793,0.50048828125,0.548828125,0.50048828125,0.548828125,0.5020446663368531,0.52783203125,0.54833984375,0.52783203125,0.54833984375,0.5041426664330481,0.4921875,0.62451171875,0.4921875,0.62451171875,S-UNIWARD,0.16608976586013657,0.15854312739937146,0.17896021262490158,0.2790584066966665,0.2173484874189239
WOW__TEST__STEGO__2421.pgm,2421.pgm,WOW,1,${BOSSBASE_ROOT}\stego\WOW\0.4bpp\stego\2421.pgm,0.9903290072365529,0.491455078125,0.51220703125,0.491455078125,0.51220703125,0.9443823883953985,0.50537109375,0.5322265625,0.50537109375,0.5322265625,0.9765800557141248,0.50048828125,0.548828125,0.50048828125,0.548828125,0.014447852533602467,0.52783203125,0.54833984375,0.52783203125,0.54833984375,0.9737945865504661,0.4921875,0.62451171875,0.4921875,0.62451171875,WOW,0.1751274038871479,0.0018124867767940144,0.12989627432030387,0.1967090958582833,0.4964547391574709
WOW__TEST__STEGO__7366.pgm,7366.pgm,WOW,1,${BOSSBASE_ROOT}\stego\WOW\0.4bpp\stego\7366.pgm,0.991186833496954,0.491455078125,0.51220703125,0.491455078125,0.51220703125,0.9940889311437562,0.50537109375,0.5322265625,0.50537109375,0.5322265625,0.9906599756149459,0.50048828125,0.548828125,0.50048828125,0.548828125,0.9908034475769532,0.52783203125,0.54833984375,0.52783203125,0.54833984375,0.9900250791759213,0.4921875,0.62451171875,0.4921875,0.62451171875,WOW,0.10636880717383036,0.16365138471441687,0.13087003966995833,0.20475196896366246,0.394357799478132
WOW__TEST__STEGO__9179.pgm,9179.pgm,WOW,1,${BOSSBASE_ROOT}\stego\WOW\0.4bpp\stego\9179.pgm,0.7966091038807018,0.491455078125,0.51220703125,0.491455078125,0.51220703125,0.7821637208041882,0.50537109375,0.5322265625,0.50537109375,0.5322265625,0.6648667863295199,0.50048828125,0.548828125,0.50048828125,0.548828125,0.99963313740476,0.52783203125,0.54833984375,0.52783203125,0.54833984375,0.6171665920698102,0.4921875,0.62451171875,0.4921875,0.62451171875,HUGO,0.06488426187396186,0.4184163621575384,0.07999191899289783,0.2003796309437883,0.2363278260318136
WOW__TEST__STEGO__2256.pgm,2256.pgm,WOW,1,${BOSSBASE_ROOT}\stego\WOW\0.4bpp\stego\2256.pgm,0.989908684514805,0.491455078125,0.51220703125,0.491455078125,0.51220703125,0.9489172630429474,0.50537109375,0.5322265625,0.50537109375,0.5322265625,0.9883127420043056,0.50048828125,0.548828125,0.50048828125,0.548828125,0.018617802261831698,0.52783203125,0.54833984375,0.52783203125,0.54833984375,0.9712384127350021,0.4921875,0.62451171875,0.4921875,0.62451171875,WOW,0.1797299158705464,0.00182157735948333,0.12857075501358742,0.19650753674588045,0.4933702150105023
WOW__TEST__STEGO__9223.pgm,9223.pgm,WOW,1,${BOSSBASE_ROOT}\stego\WOW\0.4bpp\stego\9223.pgm,0.9912208911330882,0.491455078125,0.51220703125,0.491455078125,0.51220703125,0.9942250701465559,0.50537109375,0.5322265625,0.50537109375,0.5322265625,0.9895513745548833,0.50048828125,0.548828125,0.50048828125,0.548828125,0.06804042027255897,0.52783203125,0.54833984375,0.52783203125,0.54833984375,0.9920927084953715,0.4921875,0.62451171875,0.4921875,0.62451171875,WOW,0.16615398967916944,0.0022531482361723217,0.12808895257654246,0.22529079181319328,0.4782131176949225
WOW__TEST__STEGO__1988.pgm,1988.pgm,WOW,1,${BOSSBASE_ROOT}\stego\WOW\0.4bpp\stego\1988.pgm,0.9899864293768268,0.491455078125,0.51220703125,0.491455078125,0.51220703125,0.7503698765343172,0.50537109375,0.5322265625,0.50537109375,0.5322265625,0.9893474891602738,0.50048828125,0.548828125,0.50048828125,0.548828125,0.008030813216260063,0.52783203125,0.54833984375,0.52783203125,0.54833984375,0.9866233967726227,0.4921875,0.62451171875,0.4921875,0.62451171875,WOW,0.22347285921884744,0.0017133910245836648,0.16213399851631735,0.0959417772407587,0.5167379739994928
WOW__TEST__STEGO__7992.pgm,7992.pgm,WOW,1,${BOSSBASE_ROOT}\stego\WOW\0.4bpp\stego\7992.pgm,0.9910492885631179,0.491455078125,0.51220703125,0.491455078125,0.51220703125,0.9896718474806949,0.50537109375,0.5322265625,0.50537109375,0.5322265625,0.9925393565360598,0.50048828125,0.548828125,0.50048828125,0.548828125,0.9942025987455659,0.52783203125,0.54833984375,0.52783203125,0.54833984375,0.991118324899153,0.4921875,0.62451171875,0.4921875,0.62451171875,WOW,0.10729786781499716,0.1658624543353834,0.13185585251057788,0.20088036748106117,0.39410345785798034
WOW__TEST__STEGO__3248.pgm,3248.pgm,WOW,1,${BOSSBASE_ROOT}\stego\WOW\0.4bpp\stego\3248.pgm,0.4474904727260161,0.491455078125,0.51220703125,0.491455078125,0.51220703125,0.12043881659461604,0.50537109375,0.5322265625,0.50537109375,0.5322265625,0.5584775004239418,0.50048828125,0.548828125,0.50048828125,0.548828125,0.689305616785446,0.52783203125,0.54833984375,0.52783203125,0.54833984375,0.6043989226956881,0.4921875,0.62451171875,0.4921875,0.62451171875,HUGO,0.23160373128266404,0.3159119670252987,0.2987080537412766,0.03849515588239353,0.11528109206836722
WOW__TEST__STEGO__6517.pgm,6517.pgm,WOW,1,${BOSSBASE_ROOT}\stego\WOW\0.4bpp\stego\6517.pgm,0.6180891061384653,0.491455078125,0.51220703125,0.491455078125,0.51220703125,0.4215518210658887,0.50537109375,0.5322265625,0.50537109375,0.5322265625,0.5218062270764111,0.50048828125,0.548828125,0.50048828125,0.548828125,0.8374870945748015,0.52783203125,0.54833984375,0.52783203125,0.54833984375,0.5666181490764451,0.4921875,0.62451171875,0.4921875,0.62451171875,HUGO,0.10909126301865524,0.44437878779652085,0.15805977979600758,0.10165223142821284,0.18681793796060345
WOW__TEST__STEGO__4757.pgm,4757.pgm,WOW,1,${BOSSBASE_ROOT}\stego\WOW\0.4bpp\stego\4757.pgm,0.9830850867332734,0.491455078125,0.51220703125,0.491455078125,0.51220703125,0.015424552081841137,0.50537109375,0.5322265625,0.50537109375,0.5322265625,0.6454552005947138,0.50048828125,0.548828125,0.50048828125,0.548828125,0.9253649611035,0.52783203125,0.54833984375,0.52783203125,0.54833984375,0.47383982769780125,0.4921875,0.62451171875,0.4921875,0.62451171875,WOW,0.11123012568102332,0.20172540516899648,0.09454498223981657,0.012332484275559363,0.5801670026346042
WOW__TEST__STEGO__8889.pgm,8889.pgm,WOW,1,${BOSSBASE_ROOT}\stego\WOW\0.4bpp\stego\8889.pgm,0.9920927084953715,0.491455078125,0.51220703125,0.491455078125,0.51220703125,0.9928508980334536,0.50537109375,0.5322265625,0.50537109375,0.5322265625,0.9900635812940538,0.50048828125,0.548828125,0.50048828125,0.548828125,0.9857180660748888,0.52783203125,0.54833984375,0.52783203125,0.54833984375,0.9932287900693889,0.4921875,0.62451171875,0.4921875,0.62451171875,WOW,0.10674500709683538,0.15990884550493678,0.1322007597729245,0.20424742889393263,0.3968979587313706
WOW__TEST__STEGO__7291.pgm,7291.pgm,WOW,1,${BOSSBASE_ROOT}\stego\WOW\0.4bpp\stego\7291.pgm,0.9917484014309144,0.491455078125,0.51220703125,0.491455078125,0.51220703125,0.995207683326861,0.50537109375,0.5322265625,0.50537109375,0.5322265625,0.9904406006529085,0.50048828125,0.548828125,0.50048828125,0.548828125,0.9935868362586746,0.52783203125,0.54833984375,0.52783203125,0.54833984375,0.9921537607074791,0.4921875,0.62451171875,0.4921875,0.62451171875,WOW,0.10567164491429701,0.16509036352761702,0.13095129254846166,0.20475556479550377,0.3935311342141205
WOW__TEST__STEGO__5606.pgm,5606.pgm,WOW,1,${BOSSBASE_ROOT}\stego\WOW\0.4bpp\stego\5606.pgm,0.9911526449170697,0.491455078125,0.51220703125,0.491455078125,0.51220703125,0.99507548962592,0.50537109375,0.5322265625,0.50537109375,0.5322265625,0.985882106574795,0.50048828125,0.548828125,0.50048828125,0.548828125,0.9922143452346321,0.52783203125,0.54833984375,0.52783203125,0.54833984375,0.9852713861502774,0.4921875,0.62451171875,0.4921875,0.62451171875,WOW,0.10451868055833513,0.16558499355697048,0.12895210128472884,0.20684170897965537,0.3941025156203101
WOW__TEST__STEGO__24.pgm,24.pgm,WOW,1,${BOSSBASE_ROOT}\stego\WOW\0.4bpp\stego\24.pgm,0.993384607321672,0.491455078125,0.51220703125,0.491455078125,0.51220703125,0.9916842215225259,0.50537109375,0.5322265625,0.50537109375,0.5322265625,0.9031234594061358,0.50048828125,0.548828125,0.50048828125,0.548828125,0.9164093322460585,0.52783203125,0.54833984375,0.52783203125,0.54833984375,0.9862576795040977,0.4921875,0.62451171875,0.4921875,0.62451171875,WOW,0.08705587343824943,0.13066394812038853,0.13026872751385613,0.2353202913353619,0.41669115959214403
WOW__TEST__STEGO__7131.pgm,7131.pgm,WOW,1,${BOSSBASE_ROOT}\stego\WOW\0.4bpp\stego\7131.pgm,0.9904406006529085,0.491455078125,0.51220703125,0.491455078125,0.51220703125,0.9845754479181588,0.50537109375,0.5322265625,0.50537109375,0.5322265625,0.6183196019638635,0.50048828125,0.548828125,0.50048828125,0.548828125,0.008881675100847034,0.52783203125,0.54833984375,0.52783203125,0.54833984375,0.20354916757571404,0.4921875,0.62451171875,0.4921875,0.62451171875,WOW,0.047651175050139494,0.0026873400533894733,0.015363395530550465,0.4196046122603931,0.5146934771055274
WOW__TEST__STEGO__6878.pgm,6878.pgm,WOW,1,${BOSSBASE_ROOT}\stego\WOW\0.4bpp\stego\6878.pgm,0.9896718474806949,0.491455078125,0.51220703125,0.491455078125,0.51220703125,0.9904035452676181,0.50537109375,0.5322265625,0.50537109375,0.5322265625,0.993384607321672,0.50048828125,0.548828125,0.50048828125,0.548828125,0.008283626886030505,0.52783203125,0.54833984375,0.52783203125,0.54833984375,0.9899864293768268,0.4921875,0.62451171875,0.4921875,0.62451171875,WOW,0.17252969582887942,0.0016910162260925312,0.12692709425920368,0.22094306494685897,0.47790912873896535
WOW__TEST__STEGO__7686.pgm,7686.pgm,WOW,1,${BOSSBASE_ROOT}\stego\WOW\0.4bpp\stego\7686.pgm,0.6080123461109374,0.491455078125,0.51220703125,0.491455078125,0.51220703125,0.819315785835197,0.50537109375,0.5322265625,0.50537109375,0.5322265625,0.8885655479945739,0.50048828125,0.548828125,0.50048828125,0.548828125,0.5842711750404669,0.52783203125,0.54833984375,0.52783203125,0.54833984375,0.7290377681937931,0.4921875,0.62451171875,0.4921875,0.62451171875,S-UNIWARD,0.2674802794242186,0.0977523940189131,0.1856866515053802,0.27317743515447795,0.17590323989701015
WOW__TEST__STEGO__5997.pgm,5997.pgm,WOW,1,${BOSSBASE_ROOT}\stego\WOW\0.4bpp\stego\5997.pgm,0.9906960501316063,0.491455078125,0.51220703125,0.491455078125,0.51220703125,0.9954261357223732,0.50537109375,0.5322265625,0.50537109375,0.5322265625,0.992767236196521,0.50048828125,0.548828125,0.50048828125,0.548828125,0.008711384457705508,0.52783203125,0.54833984375,0.52783203125,0.54833984375,0.9916842215225259,0.4921875,0.62451171875,0.4921875,0.62451171875,WOW,0.17053275462284362,0.0016862623728386395,0.12625839607984202,0.2241233506144723,0.47739923631000336
WOW__TEST__STEGO__71.pgm,71.pgm,WOW,1,${BOSSBASE_ROOT}\stego\WOW\0.4bpp\stego\71.pgm,0.9826243354907803,0.491455078125,0.51220703125,0.491455078125,0.51220703125,0.11716746932535992,0.50537109375,0.5322265625,0.50537109375,0.5322265625,0.44583110897101996,0.50048828125,0.548828125,0.50048828125,0.548828125,0.014728613849722676,0.52783203125,0.54833984375,0.52783203125,0.54833984375,0.5882979414307719,0.4921875,0.62451171875,0.4921875,0.62451171875,WOW,0.09661645769061875,0.004039557757554819,0.1181881279161511,0.027130089660093157,0.7540257669755822
WOW__TEST__STEGO__4367.pgm,4367.pgm,WOW,1,${BOSSBASE_ROOT}\stego\WOW\0.4bpp\stego\4367.pgm,0.9897116988662837,0.491455078125,0.51220703125,0.491455078125,0.51220703125,0.024191485868135024,0.50537109375,0.5322265625,0.50537109375,0.5322265625,0.9888849862785224,0.50048828125,0.548828125,0.50048828125,0.548828125,0.9267027235112548,0.52783203125,0.54833984375,0.52783203125,0.54833984375,0.979784031808104,0.4921875,0.62451171875,0.4921875,0.62451171875,WOW,0.2405772244825021,0.09365123262385355,0.2621951026061968,0.005114809079006397,0.39846163120844114
WOW__TEST__STEGO__7657.pgm,7657.pgm,WOW,1,${BOSSBASE_ROOT}\stego\WOW\0.4bpp\stego\7657.pgm,0.9835338249524974,0.491455078125,0.51220703125,0.491455078125,0.51220703125,0.7077078070244781,0.50537109375,0.5322265625,0.50537109375,0.5322265625,0.23231014609688014,0.50048828125,0.548828125,0.50048828125,0.548828125,0.270962231806207,0.52783203125,0.54833984375,0.52783203125,0.54833984375,0.4713753281152158,0.4921875,0.62451171875,0.4921875,0.62451171875,WOW,0.023120232018442044,0.017019696295653676,0.04614063469687886,0.2911365668856473,0.6225828701033781
WOW__TEST__STEGO__734.pgm,734.pgm,WOW,1,${BOSSBASE_ROOT}\stego\WOW\0.4bpp\stego\734.pgm,0.9415467589589032,0.491455078125,0.51220703125,0.491455078125,0.51220703125,0.4247698677149885,0.50537109375,0.5322265625,0.50537109375,0.5322265625,0.5719459256699465,0.50048828125,0.548828125,0.50048828125,0.548828125,0.008711384457705508,0.52783203125,0.54833984375,0.52783203125,0.54833984375,0.5693738350552698,0.4921875,0.62451171875,0.4921875,0.62451171875,WOW,0.12260569191563578,0.004312335625384104,0.10276849757973074,0.08175133120252567,0.6885621436767237
WOW__TEST__STEGO__4168.pgm,4168.pgm,WOW,1,${BOSSBASE_ROOT}\stego\WOW\0.4bpp\stego\4168.pgm,0.5744544532092697,0.491455078125,0.51220703125,0.491455078125,0.51220703125,0.21272225577472892,0.50537109375,0.5322265625,0.50537109375,0.5322265625,0.43080575458257464,0.50048828125,0.548828125,0.50048828125,0.548828125,0.5137523288575665,0.52783203125,0.54833984375,0.52783203125,0.54833984375,0.48224623640377917,0.4921875,0.62451171875,0.4921875,0.62451171875,WOW,0.1946880276805627,0.18569177372330695,0.24749689741828557,0.09108851794208754,0.2810347832357572
WOW__TEST__STEGO__9431.pgm,9431.pgm,WOW,1,${BOSSBASE_ROOT}\stego\WOW\0.4bpp\stego\9431.pgm,0.9886243997611625,0.491455078125,0.51220703125,0.491455078125,0.51220703125,0.9853843298993641,0.50537109375,0.5322265625,0.50537109375,0.5322265625,0.988841968751916,0.50048828125,0.548828125,0.50048828125,0.548828125,0.22270013882530884,0.52783203125,0.54833984375,0.52783203125,0.54833984375,0.9916519461902167,0.4921875,0.62451171875,0.4921875,0.62451171875,WOW,0.16126656898419642,0.0048160279101290785,0.13466096877688452,0.22314540500203467,0.4761110293267553
WOW__TEST__STEGO__246.pgm,246.pgm,WOW,1,${BOSSBASE_ROOT}\stego\WOW\0.4bpp\stego\246.pgm,0.9924520766240994,0.491455078125,0.51220703125,0.491455078125,0.51220703125,0.9946774645488873,0.50537109375,0.5322265625,0.50537109375,0.5322265625,0.9908389730779061,0.50048828125,0.548828125,0.50048828125,0.548828125,0.007547923375900623,0.52783203125,0.54833984375,0.52783203125,0.54833984375,0.9902538959474461,0.4921875,0.62451171875,0.4921875,0.62451171875,WOW,0.16914868063383115,0.0016724696372252084,0.12540592196338282,0.22364365287320775,0.480129274892353
WOW__TEST__STEGO__7341.pgm,7341.pgm,WOW,1,${BOSSBASE_ROOT}\stego\WOW\0.4bpp\stego\7341.pgm,0.1752555877709867,0.491455078125,0.51220703125,0.491455078125,0.51220703125,0.014672034915237494,0.50537109375,0.5322265625,0.50537109375,0.5322265625,0.9694979473172858,0.50048828125,0.548828125,0.50048828125,0.548828125,0.008644177936723585,0.52783203125,0.54833984375,0.52783203125,0.54833984375,0.9556514186046017,0.4921875,0.62451171875,0.4921875,0.62451171875,HILL,0.5883331436681857,0.004669458415304165,0.3858012596110967,0.00578189877761349,0.015414239527799946
WOW__TEST__STEGO__8452.pgm,8452.pgm,WOW,1,${BOSSBASE_ROOT}\stego\WOW\0.4bpp\stego\8452.pgm,0.9897513980768414,0.491455078125,0.51220703125,0.491455078125,0.51220703125,0.9924520766240994,0.50537109375,0.5322265625,0.50537109375,0.5322265625,0.9845754479181588,0.50048828125,0.548828125,0.50048828125,0.548828125,0.3607142082327444,0.52783203125,0.54833984375,0.52783203125,0.54833984375,0.9860442896017267,0.4921875,0.62451171875,0.4921875,0.62451171875,WOW,0.1504645172324358,0.009361766489353782,0.1347779407582916,0.2317693759965788,0.47362639952334007
WOW__TEST__STEGO__9877.pgm,9877.pgm,WOW,1,${BOSSBASE_ROOT}\stego\WOW\0.4bpp\stego\9877.pgm,0.992710922416408,0.491455078125,0.51220703125,0.491455078125,0.51220703125,0.9938310050773187,0.50537109375,0.5322265625,0.50537109375,0.5322265625,0.991554373058874,0.50048828125,0.548828125,0.50048828125,0.548828125,0.985772953896821,0.52783203125,0.54833984375,0.52783203125,0.54833984375,0.9912208911330882,0.4921875,0.62451171875,0.4921875,0.62451171875,WOW,0.10697148340221298,0.15947693135313204,0.13132250683173669,0.20455375951188848,0.3976753189010299
WOW__TEST__STEGO__5346.pgm,5346.pgm,WOW,1,${BOSSBASE_ROOT}\stego\WOW\0.4bpp\stego\5346.pgm,0.991875291221819,0.491455078125,0.51220703125,0.491455078125,0.51220703125,0.9951136252099114,0.50537109375,0.5322265625,0.50537109375,0.5322265625,0.991083872947128,0.50048828125,0.548828125,0.50048828125,0.548828125,0.008156248626973424,0.52783203125,0.54833984375,0.52783203125,0.54833984375,0.9919067101026269,0.4921875,0.62451171875,0.4921875,0.62451171875,WOW,0.16934894290105082,0.0016789361403296607,0.12600282649069908,0.22394230392925618,0.47902699053866415
WOW__TEST__STEGO__8821.pgm,8821.pgm,WOW,1,${BOSSBASE_ROOT}\stego\WOW\0.4bpp\stego\8821.pgm,0.5499125535753246,0.491455078125,0.51220703125,0.491455078125,0.51220703125,0.48755902592306893,0.50537109375,0.5322265625,0.50537109375,0.5322265625,0.5080330611689928,0.50048828125,0.548828125,0.50048828125,0.548828125,0.5485223480262328,0.52783203125,0.54833984375,0.52783203125,0.54833984375,0.4804482070612316,0.4921875,0.62451171875,0.4921875,0.62451171875,WOW,0.1759593442947295,0.20143854801399275,0.18641489194564076,0.21096253979779173,0.22522467594784532
WOW__TEST__STEGO__6614.pgm,6614.pgm,WOW,1,${BOSSBASE_ROOT}\stego\WOW\0.4bpp\stego\6614.pgm,0.9892648373909093,0.491455078125,0.51220703125,0.491455078125,0.51220703125,0.9537080988961596,0.50537109375,0.5322265625,0.50537109375,0.5322265625,0.7831604117298325,0.50048828125,0.548828125,0.50048828125,0.548828125,0.9705764200363561,0.52783203125,0.54833984375,0.52783203125,0.54833984375,0.9774139572136527,0.4921875,0.62451171875,0.4921875,0.62451171875,WOW,0.05957786584946073,0.1868554639614525,0.12490889607641598,0.2313364185168584,0.39732135559581244
WOW__TEST__STEGO__5793.pgm,5793.pgm,WOW,1,${BOSSBASE_ROOT}\stego\WOW\0.4bpp\stego\5793.pgm,0.9923637835053328,0.491455078125,0.51220703125,0.491455078125,0.51220703125,0.9723622781264187,0.50537109375,0.5322265625,0.50537109375,0.5322265625,0.9915870224290223,0.50048828125,0.548828125,0.50048828125,0.548828125,0.9924520766240994,0.52783203125,0.54833984375,0.52783203125,0.54833984375,0.9929335990367509,0.4921875,0.62451171875,0.4921875,0.62451171875,WOW,0.10956326877693963,0.16508386159554442,0.13529754507088937,0.18996058959919734,0.4000947349574293
WOW__TEST__STEGO__5052.pgm,5052.pgm,WOW,1,${BOSSBASE_ROOT}\stego\WOW\0.4bpp\stego\5052.pgm,0.8621196531439876,0.491455078125,0.51220703125,0.491455078125,0.51220703125,0.6802417074409427,0.50537109375,0.5322265625,0.50537109375,0.5322265625,0.5902478900639219,0.50048828125,0.548828125,0.50048828125,0.548828125,0.5720654643313703,0.52783203125,0.54833984375,0.52783203125,0.54833984375,0.8002240580158556,0.4921875,0.62451171875,0.4921875,0.62451171875,WOW,0.09353735128280946,0.07341301839437918,0.1749220567618968,0.20201828141312106,0.4561092921477935
WOW__TEST__STEGO__2859.pgm,2859.pgm,WOW,1,${BOSSBASE_ROOT}\stego\WOW\0.4bpp\stego\2859.pgm,0.9923341253113541,0.491455078125,0.51220703125,0.491455078125,0.51220703125,0.7550956238673271,0.50537109375,0.5322265625,0.50537109375,0.5322265625,0.9586152811531559,0.50048828125,0.548828125,0.50048828125,0.548828125,0.9257686295391643,0.52783203125,0.54833984375,0.52783203125,0.54833984375,0.9206471055441225,0.4921875,0.62451171875,0.4921875,0.62451171875,WOW,0.13901042164411279,0.13708728696128214,0.15077050880712695,0.10210908916862747,0.4710226934188507
WOW__TEST__STEGO__1967.pgm,1967.pgm,WOW,1,${BOSSBASE_ROOT}\stego\WOW\0.4bpp\stego\1967.pgm,0.9914556693065582,0.491455078125,0.51220703125,0.491455078125,0.51220703125,0.991422514586288,0.50537109375,0.5322265625,0.50537109375,0.5322265625,0.9930423911926235,0.50048828125,0.548828125,0.50048828125,0.548828125,0.06941547240649758,0.52783203125,0.54833984375,0.52783203125,0.54833984375,0.9920002454916221,0.4921875,0.62451171875,0.4921875,0.62451171875,WOW,0.16828887265323422,0.0022581043073062737,0.12852139462670764,0.222043337803548,0.4788882906092039
WOW__TEST__STEGO__3185.pgm,3185.pgm,WOW,1,${BOSSBASE_ROOT}\stego\WOW\0.4bpp\stego\3185.pgm,0.2948236957173762,0.491455078125,0.51220703125,0.491455078125,0.51220703125,0.6551154062132463,0.50537109375,0.5322265625,0.50537109375,0.5322265625,0.5312397719364985,0.50048828125,0.548828125,0.50048828125,0.548828125,0.00031503869408133935,0.52783203125,0.54833984375,0.52783203125,0.54833984375,0.7478001741652905,0.4921875,0.62451171875,0.4921875,0.62451171875,S-UNIWARD,0.2332111390740562,0.020542146514252,0.3301345794952212,0.3423911461376013,0.07372098877886943
WOW__TEST__STEGO__5748.pgm,5748.pgm,WOW,1,${BOSSBASE_ROOT}\stego\WOW\0.4bpp\stego\5748.pgm,0.9835338249524974,0.491455078125,0.51220703125,0.491455078125,0.51220703125,0.904313056994317,0.50537109375,0.5322265625,0.50537109375,0.5322265625,0.9159593884426319,0.50048828125,0.548828125,0.50048828125,0.548828125,0.8796645955620203,0.52783203125,0.54833984375,0.52783203125,0.54833984375,0.9100669877621353,0.4921875,0.62451171875,0.4921875,0.62451171875,WOW,0.10939666923609104,0.1207350382415867,0.12851448083380262,0.1892032029701254,0.45215060871839413
WOW__TEST__STEGO__2189.pgm,2189.pgm,WOW,1,${BOSSBASE_ROOT}\stego\WOW\0.4bpp\stego\2189.pgm,0.9941346616392029,0.491455078125,0.51220703125,0.491455078125,0.51220703125,0.993255010457908,0.50537109375,0.5322265625,0.50537109375,0.5322265625,0.992710922416408,0.50048828125,0.548828125,0.50048828125,0.548828125,0.9935368622818452,0.52783203125,0.54833984375,0.52783203125,0.54833984375,0.991118324899153,0.4921875,0.62451171875,0.4921875,0.62451171875,WOW,0.10625812456894017,0.1637577543385667,0.1305195792149117,0.2024208245444437,0.3970437173331377
WOW__TEST__STEGO__2081.pgm,2081.pgm,WOW,1,${BOSSBASE_ROOT}\stego\WOW\0.4bpp\stego\2081.pgm,0.9924812819385679,0.491455078125,0.51220703125,0.491455078125,0.51220703125,0.9604354448677627,0.50537109375,0.5322265625,0.50537109375,0.5322265625,0.9675331855246277,0.50048828125,0.548828125,0.50048828125,0.548828125,0.3405948414092276,0.52783203125,0.54833984375,0.52783203125,0.54833984375,0.922202551391991,0.4921875,0.62451171875,0.4921875,0.62451171875,WOW,0.15083265333684737,0.00889599351968769,0.12022257746938576,0.2202455727875726,0.49980320288650654
WOW__TEST__STEGO__7539.pgm,7539.pgm,WOW,1,${BOSSBASE_ROOT}\stego\WOW\0.4bpp\stego\7539.pgm,0.9910492885631179,0.491455078125,0.51220703125,0.491455078125,0.51220703125,0.9938310050773187,0.50537109375,0.5322265625,0.50537109375,0.5322265625,0.9898303422461273,0.50048828125,0.548828125,0.50048828125,0.548828125,0.06584470058431105,0.52783203125,0.54833984375,0.52783203125,0.54833984375,0.9911526449170697,0.4921875,0.62451171875,0.4921875,0.62451171875,WOW,0.16656758585830336,0.0022308292612930034,0.1278732145164426,0.22504915043505996,0.47827921992890104
WOW__TEST__STEGO__8227.pgm,8227.pgm,WOW,1,${BOSSBASE_ROOT}\stego\WOW\0.4bpp\stego\8227.pgm,0.8267117940706734,0.491455078125,0.51220703125,0.491455078125,0.51220703125,0.6112659542640081,0.50537109375,0.5322265625,0.50537109375,0.5322265625,0.7444706089910426,0.50048828125,0.548828125,0.50048828125,0.548828125,0.5279098010809627,0.52783203125,0.54833984375,0.52783203125,0.54833984375,0.7662936430859597,0.4921875,0.62451171875,0.4921875,0.62451171875,WOW,0.177782806305972,0.05696392565088699,0.1941622048942987,0.14052764660075706,0.4305634165480853
WOW__TEST__STEGO__259.pgm,259.pgm,WOW,1,${BOSSBASE_ROOT}\stego\WOW\0.4bpp\stego\259.pgm,0.991554373058874,0.491455078125,0.51220703125,0.491455078125,0.51220703125,0.8490973686263605,0.50537109375,0.5322265625,0.50537109375,0.5322265625,0.6099889154581032,0.50048828125,0.548828125,0.50048828125,0.548828125,0.2689414213699951,0.52783203125,0.54833984375,0.52783203125,0.54833984375,0.291585662898897,0.4921875,0.62451171875,0.4921875,0.62451171875,WOW,0.05781706552639162,0.01079296300820679,0.026626050832241534,0.2998871766041353,0.6048767440290248
WOW__TEST__STEGO__7284.pgm,7284.pgm,WOW,1,${BOSSBASE_ROOT}\stego\WOW\0.4bpp\stego\7284.pgm,0.9903290072365529,0.491455078125,0.51220703125,0.491455078125,0.51220703125,0.9912208911330882,0.50537109375,0.5322265625,0.50537109375,0.5322265625,0.993636426303936,0.50048828125,0.548828125,0.50048828125,0.548828125,0.2970619369875227,0.52783203125,0.54833984375,0.52783203125,0.54833984375,0.9910492885631179,0.4921875,0.62451171875,0.4921875,0.62451171875,WOW,0.15765540613657622,0.006794625955936311,0.13484992452512182,0.22620482420006136,0.47449521918230436
WOW__TEST__STEGO__6920.pgm,6920.pgm,WOW,1,${BOSSBASE_ROOT}\stego\WOW\0.4bpp\stego\6920.pgm,0.9687380865831757,0.491455078125,0.51220703125,0.491455078125,0.51220703125,0.8459424373085146,0.50537109375,0.5322265625,0.50537109375,0.5322265625,0.5980187823666805,0.50048828125,0.548828125,0.50048828125,0.548828125,0.16238003666671086,0.52783203125,0.54833984375,0.52783203125,0.54833984375,0.5736186965417515,0.4921875,0.62451171875,0.4921875,0.62451171875,WOW,0.06584367486957847,0.007056347011114096,0.057889198204528085,0.29695285933385007,0.5722579205809293
WOW__TEST__STEGO__8060.pgm,8060.pgm,WOW,1,${BOSSBASE_ROOT}\stego\WOW\0.4bpp\stego\8060.pgm,0.9923043528216078,0.491455078125,0.51220703125,0.491455078125,0.51220703125,0.9949592968881543,0.50537109375,0.5322265625,0.50537109375,0.5322265625,0.9846936454393053,0.50048828125,0.548828125,0.50048828125,0.548828125,0.27776675174125487,0.52783203125,0.54833984375,0.52783203125,0.54833984375,0.9856076636305632,0.4921875,0.62451171875,0.4921875,0.62451171875,WOW,0.1531592625546348,0.006226020475314609,0.13130836230474802,0.2314471715827886,0.4778591830825139
WOW__TEST__STEGO__1895.pgm,1895.pgm,WOW,1,${BOSSBASE_ROOT}\stego\WOW\0.4bpp\stego\1895.pgm,0.9909096166863416,0.491455078125,0.51220703125,0.491455078125,0.51220703125,0.995207683326861,0.50537109375,0.5322265625,0.50537109375,0.5322265625,0.9866233967726227,0.50048828125,0.548828125,0.50048828125,0.548828125,0.9559813501370537,0.52783203125,0.54833984375,0.52783203125,0.54833984375,0.9882221573114803,0.4921875,0.62451171875,0.4921875,0.62451171875,WOW,0.10882490708878065,0.14265698262616702,0.13243477199340167,0.21153587866025117,0.4045474596313994
WOW__TEST__STEGO__1457.pgm,1457.pgm,WOW,1,${BOSSBASE_ROOT}\stego\WOW\0.4bpp\stego\1457.pgm,0.9876162153627396,0.491455078125,0.51220703125,0.491455078125,0.51220703125,0.9766692311915195,0.50537109375,0.5322265625,0.50537109375,0.5322265625,0.9913892323324893,0.50048828125,0.548828125,0.50048828125,0.548828125,0.52705789090568,0.52783203125,0.54833984375,0.52783203125,0.54833984375,0.9602121916306376,0.4921875,0.62451171875,0.4921875,0.62451171875,WOW,0.1489092206956719,0.020977169851653543,0.1339565686982771,0.22294721863749178,0.47320982211690565
WOW__TEST__STEGO__7752.pgm,7752.pgm,WOW,1,${BOSSBASE_ROOT}\stego\WOW\0.4bpp\stego\7752.pgm,0.9913892323324893,0.491455078125,0.51220703125,0.491455078125,0.51220703125,0.4839075375582271,0.50537109375,0.5322265625,0.50537109375,0.5322265625,0.9802430819947855,0.50048828125,0.548828125,0.50048828125,0.548828125,0.12085323249047067,0.52783203125,0.54833984375,0.52783203125,0.54833984375,0.9612438064128053,0.4921875,0.62451171875,0.4921875,0.62451171875,WOW,0.25778421956239844,0.0027537258266914283,0.18784107297515698,0.035401432917251875,0.5162195487185013
WOW__TEST__STEGO__9414.pgm,9414.pgm,WOW,1,${BOSSBASE_ROOT}\stego\WOW\0.4bpp\stego\9414.pgm,0.8008478003966318,0.491455078125,0.51220703125,0.491455078125,0.51220703125,0.46292826329128234,0.50537109375,0.5322265625,0.50537109375,0.5322265625,0.4661772205189021,0.50048828125,0.548828125,0.50048828125,0.548828125,0.037467506898573595,0.52783203125,0.54833984375,0.52783203125,0.54833984375,0.3558868150253476,0.4921875,0.62451171875,0.4921875,0.62451171875,WOW,0.13566561099186386,0.010724666630753752,0.09303228239567586,0.17405020221355968,0.5865272377681469
WOW__TEST__STEGO__8688.pgm,8688.pgm,WOW,1,${BOSSBASE_ROOT}\stego\WOW\0.4bpp\stego\8688.pgm,0.9927952309111313,0.491455078125,0.51220703125,0.491455078125,0.51220703125,0.9919380084717284,0.50537109375,0.5322265625,0.50537109375,0.5322265625,0.9912208911330882,0.50048828125,0.548828125,0.50048828125,0.548828125,0.024845436894269095,0.52783203125,0.54833984375,0.52783203125,0.54833984375,0.9873750507184357,0.4921875,0.62451171875,0.4921875,0.62451171875,WOW,0.16902483765347018,0.0018188978462201964,0.12541919121986697,0.22209220742916974,0.4816448658512728
WOW__TEST__STEGO__1637.pgm,1637.pgm,WOW,1,${BOSSBASE_ROOT}\stego\WOW\0.4bpp\stego\1637.pgm,0.9899864293768268,0.491455078125,0.51220703125,0.491455078125,0.51220703125,0.9902538959474461,0.50537109375,0.5322265625,0.50537109375,0.5322265625,0.9902538959474461,0.50048828125,0.548828125,0.50048828125,0.548828125,0.9727273312024342,0.52783203125,0.54833984375,0.52783203125,0.54833984375,0.9874236517231209,0.4921875,0.62451171875,0.4921875,0.62451171875,WOW,0.10918319962428807,0.1529892092293294,0.1323753406500845,0.20548740094128345,0.3999648495550146
WOW__TEST__STEGO__4264.pgm,4264.pgm,WOW,1,${BOSSBASE_ROOT}\stego\WOW\0.4bpp\stego\4264.pgm,0.5250492022331122,0.491455078125,0.51220703125,0.491455078125,0.51220703125,0.5094211870579475,0.50537109375,0.5322265625,0.50537109375,0.5322265625,0.5140725153294156,0.50048828125,0.548828125,0.50048828125,0.548828125,0.5178604396425619,0.52783203125,0.54833984375,0.52783203125,0.54833984375,0.5159400311198156,0.4921875,0.62451171875,0.4921875,0.62451171875,S-UNIWARD,0.18316045673260914,0.18135137143614571,0.20445707522990966,0.2271406826247232,0.20389041397661245
WOW__TEST__STEGO__8427.pgm,8427.pgm,WOW,1,${BOSSBASE_ROOT}\stego\WOW\0.4bpp\stego\8427.pgm,0.9922143452346321,0.491455078125,0.51220703125,0.491455078125,0.51220703125,0.9869795098861571,0.50537109375,0.5322265625,0.50537109375,0.5322265625,0.9923043528216078,0.50048828125,0.548828125,0.50048828125,0.548828125,0.01028830113371619,0.52783203125,0.54833984375,0.52783203125,0.54833984375,0.9908389730779061,0.4921875,0.62451171875,0.4921875,0.62451171875,WOW,0.17166530318224515,0.001696844739129127,0.12703978975645294,0.21778968665205986,0.48180837567011303
WOW__TEST__STEGO__7663.pgm,7663.pgm,WOW,1,${BOSSBASE_ROOT}\stego\WOW\0.4bpp\stego\7663.pgm,0.9925682266657089,0.491455078125,0.51220703125,0.491455078125,0.51220703125,0.8879840490799963,0.50537109375,0.5322265625,0.50537109375,0.5322265625,0.9891396689867223,0.50048828125,0.548828125,0.50048828125,0.548828125,0.008445626941126032,0.52783203125,0.54833984375,0.52783203125,0.54833984375,0.9837849698906836,0.4921875,0.62451171875,0.4921875,0.62451171875,WOW,0.19322516068064316,0.0017234958442026995,0.14073804890535754,0.15750853441972593,0.5068047601500707
WOW__TEST__STEGO__2605.pgm,2605.pgm,WOW,1,${BOSSBASE_ROOT}\stego\WOW\0.4bpp\stego\2605.pgm,0.9874720680072551,0.491455078125,0.51220703125,0.491455078125,0.51220703125,0.9618217257384336,0.50537109375,0.5322265625,0.50537109375,0.5322265625,0.9634374958402553,0.50048828125,0.548828125,0.50048828125,0.548828125,0.9535353360498288,0.52783203125,0.54833984375,0.52783203125,0.54833984375,0.9844563520692292,0.4921875,0.62451171875,0.4921875,0.62451171875,WOW,0.10732289885416793,0.14801010080905755,0.13753675837884355,0.197209447714612,0.4099207942433191
WOW__TEST__STEGO__8566.pgm,8566.pgm,WOW,1,${BOSSBASE_ROOT}\stego\WOW\0.4bpp\stego\8566.pgm,0.9940196700308718,0.491455078125,0.51220703125,0.491455078125,0.51220703125,0.9958175058144085,0.50537109375,0.5322265625,0.50537109375,0.5322265625,0.9823555365894354,0.50048828125,0.548828125,0.50048828125,0.548828125,0.007289077583591924,0.52783203125,0.54833984375,0.52783203125,0.54833984375,0.9826909042463318,0.4921875,0.62451171875,0.4921875,0.62451171875,WOW,0.16437330483431029,0.0016838890224440968,0.1225520401177881,0.22752489048393376,0.48386587554152377
WOW__TEST__STEGO__6336.pgm,6336.pgm,WOW,1,${BOSSBASE_ROOT}\stego\WOW\0.4bpp\stego\6336.pgm,0.5254753576563205,0.491455078125,0.51220703125,0.491455078125,0.51220703125,0.9999711428816113,0.50537109375,0.5322265625,0.50537109375,0.5322265625,0.5608841184945204,0.50048828125,0.548828125,0.50048828125,0.548828125,0.5967856852423952,0.52783203125,0.54833984375,0.52783203125,0.54833984375,0.525384041739693,0.4921875,0.62451171875,0.4921875,0.62451171875,S-UNIWARD,0.06355570534432838,0.1323857662477136,0.06870265472406681,0.6419324322357026,0.09342344144818855
WOW__TEST__STEGO__7608.pgm,7608.pgm,WOW,1,${BOSSBASE_ROOT}\stego\WOW\0.4bpp\stego\7608.pgm,0.9893885786697612,0.491455078125,0.51220703125,0.491455078125,0.51220703125,0.9870795269609209,0.50537109375,0.5322265625,0.50537109375,0.5322265625,0.9897513980768414,0.50048828125,0.548828125,0.50048828125,0.548828125,0.029873092110876315,0.52783203125,0.54833984375,0.52783203125,0.54833984375,0.9897116988662837,0.4921875,0.62451171875,0.4921875,0.62451171875,WOW,0.17065492595646214,0.0018905698467319928,0.12812467192246121,0.22040452194928664,0.4789253103250581
WOW__TEST__STEGO__802.pgm,802.pgm,WOW,1,${BOSSBASE_ROOT}\stego\WOW\0.4bpp\stego\802.pgm,0.9269676128492204,0.491455078125,0.51220703125,0.491455078125,0.51220703125,0.626352755201065,0.50537109375,0.5322265625,0.50537109375,0.5322265625,0.4129443841035311,0.50048828125,0.548828125,0.50048828125,0.548828125,0.0015854306758212333,0.52783203125,0.54833984375,0.52783203125,0.54833984375,0.0009399438806628558,0.4921875,0.62451171875,0.4921875,0.62451171875,WOW,0.057478900107161654,0.00550754354643016,0.019637581253894313,0.24453890683295612,0.6728370682595577
WOW__TEST__STEGO__1935.pgm,1935.pgm,WOW,1,${BOSSBASE_ROOT}\stego\WOW\0.4bpp\stego\1935.pgm,0.9778411306440229,0.491455078125,0.51220703125,0.491455078125,0.51220703125,0.9992416400353659,0.50537109375,0.5322265625,0.50537109375,0.5322265625,0.5044859636119661,0.50048828125,0.548828125,0.50048828125,0.548828125,0.36977012034090956,0.52783203125,0.54833984375,0.52783203125,0.54833984375,0.995207683326861,0.4921875,0.62451171875,0.4921875,0.62451171875,WOW,0.033031969146622,0.01581122336915169,0.11526105287135124,0.41064550116222726,0.42525025345064793
WOW__TEST__STEGO__2674.pgm,2674.pgm,WOW,1,${BOSSBASE_ROOT}\stego\WOW\0.4bpp\stego\2674.pgm,0.9677167410666155,0.491455078125,0.51220703125,0.491455078125,0.51220703125,0.6667138193189135,0.50537109375,0.5322265625,0.50537109375,0.5322265625,0.9999678076655029,0.50048828125,0.548828125,0.50048828125,0.548828125,9.931193325870138e-08,0.52783203125,0.54833984375,0.52783203125,0.54833984375,0.9639160573870332,0.4921875,0.62451171875,0.4921875,0.62451171875,WOW,0.2611844800365684,0.0017239661214980546,0.1724409024312912,0.07227762195320792,0.4923730294574345
WOW__TEST__STEGO__8756.pgm,8756.pgm,WOW,1,${BOSSBASE_ROOT}\stego\WOW\0.4bpp\stego\8756.pgm,0.48416667257203516,0.491455078125,0.51220703125,0.491455078125,0.51220703125,0.4596218131658394,0.50537109375,0.5322265625,0.50537109375,0.5322265625,0.5285486273282118,0.50048828125,0.548828125,0.50048828125,0.548828125,0.5081322173796736,0.52783203125,0.54833984375,0.52783203125,0.54833984375,0.5212731606322802,0.4921875,0.62451171875,0.4921875,0.62451171875,MiPOD,0.21367653652519988,0.1861550314420944,0.2297101688694019,0.19194401823884738,0.17851424492445647
WOW__TEST__STEGO__7205.pgm,7205.pgm,WOW,1,${BOSSBASE_ROOT}\stego\WOW\0.4bpp\stego\7205.pgm,0.9915870224290223,0.491455078125,0.51220703125,0.491455078125,0.51220703125,0.9923043528216078,0.50537109375,0.5322265625,0.50537109375,0.5322265625,0.9918437513730266,0.50048828125,0.548828125,0.50048828125,0.548828125,0.008093289897373068,0.52783203125,0.54833984375,0.52783203125,0.54833984375,0.9917163731139695,0.4921875,0.62451171875,0.4921875,0.62451171875,WOW,0.17051687761095896,0.001680064238064256,0.12651646910908423,0.2218219622215734,0.4794646268203191
WOW__TEST__STEGO__2867.pgm,2867.pgm,WOW,1,${BOSSBASE_ROOT}\stego\WOW\0.4bpp\stego\2867.pgm,0.5226590295881581,0.491455078125,0.51220703125,0.491455078125,0.51220703125,0.5139581643303511,0.50537109375,0.5322265625,0.50537109375,0.5322265625,0.49691776365266904,0.50048828125,0.548828125,0.50048828125,0.548828125,0.5127154584567687,0.52783203125,0.54833984375,0.52783203125,0.54833984375,0.496946372805012,0.4921875,0.62451171875,0.4921875,0.62451171875,S-UNIWARD,0.17536853834502458,0.18371749324194622,0.1957874087474002,0.2402715044927484,0.20485505517288052
WOW__TEST__STEGO__1770.pgm,1770.pgm,WOW,1,${BOSSBASE_ROOT}\stego\WOW\0.4bpp\stego\1770.pgm,0.9854404813796805,0.491455078125,0.51220703125,0.491455078125,0.51220703125,0.9005297861178929,0.50537109375,0.5322265625,0.50537109375,0.5322265625,0.9403530570548787,0.50048828125,0.548828125,0.50048828125,0.548828125,0.8728901242892064,0.52783203125,0.54833984375,0.52783203125,0.54833984375,0.9992678187383391,0.4921875,0.62451171875,0.4921875,0.62451171875,WOW,0.1174222472990682,0.10990410748674827,0.15871580089669934,0.17259289248091148,0.44136495183657276
WOW__TEST__STEGO__4910.pgm,4910.pgm,WOW,1,${BOSSBASE_ROOT}\stego\WOW\0.4bpp\stego\4910.pgm,0.9237300338193294,0.491455078125,0.51220703125,0.491455078125,0.51220703125,0.6832081607219911,0.50537109375,0.5322265625,0.50537109375,0.5322265625,0.5220346689919162,0.50048828125,0.548828125,0.50048828125,0.548828125,0.04177388078830622,0.52783203125,0.54833984375,0.52783203125,0.54833984375,0.7381031407152041,0.4921875,0.62451171875,0.4921875,0.62451171875,WOW,0.08180240945842678,0.005393534449179339,0.12170423633422636,0.20846693679506897,0.5826328829630985
WOW__TEST__STEGO__3567.pgm,3567.pgm,WOW,1,${BOSSBASE_ROOT}\stego\WOW\0.4bpp\stego\3567.pgm,0.988755439279336,0.491455078125,0.51220703125,0.491455078125,0.51220703125,0.9755769099458929,0.50537109375,0.5322265625,0.50537109375,0.5322265625,0.9563904724343743,0.50048828125,0.548828125,0.50048828125,0.548828125,0.9728823439906924,0.52783203125,0.54833984375,0.52783203125,0.54833984375,0.9766692311915195,0.4921875,0.62451171875,0.4921875,0.62451171875,WOW,0.10067210849049642,0.16037427033609647,0.1305819268003324,0.20558649221820383,0.40278520215487096
WOW__TEST__STEGO__123.pgm,123.pgm,WOW,1,${BOSSBASE_ROOT}\stego\WOW\0.4bpp\stego\123.pgm,0.9929061381210885,0.491455078125,0.51220703125,0.491455078125,0.51220703125,0.9865198970247337,0.50537109375,0.5322265625,0.50537109375,0.5322265625,0.985882106574795,0.50048828125,0.548828125,0.50048828125,0.548828125,0.9741412240872889,0.52783203125,0.54833984375,0.52783203125,0.54833984375,0.9901019362839765,0.4921875,0.62451171875,0.4921875,0.62451171875,WOW,0.10750932482548288,0.15335342084586723,0.132855875818473,0.20285571966814048,0.4034256588420363
WOW__TEST__STEGO__5772.pgm,5772.pgm,WOW,1,${BOSSBASE_ROOT}\stego\WOW\0.4bpp\stego\5772.pgm,0.9901782070803069,0.491455078125,0.51220703125,0.491455078125,0.51220703125,0.9895513745548833,0.50537109375,0.5322265625,0.50537109375,0.5322265625,0.9933588873579225,0.50048828125,0.548828125,0.50048828125,0.548828125,0.9936116790902788,0.52783203125,0.54833984375,0.52783203125,0.54833984375,0.9889705299774982,0.4921875,0.62451171875,0.4921875,0.62451171875,WOW,0.10785364735200136,0.1658607831915289,0.13151959598599655,0.20113970857560912,0.3936262648948641
WOW__TEST__STEGO__4506.pgm,4506.pgm,WOW,1,${BOSSBASE_ROOT}\stego\WOW\0.4bpp\stego\4506.pgm,0.5452251790282437,0.491455078125,0.51220703125,0.491455078125,0.51220703125,0.5088568005386688,0.50537109375,0.5322265625,0.50537109375,0.5322265625,0.5164582853436358,0.50048828125,0.548828125,0.50048828125,0.548828125,0.5180890256758343,0.52783203125,0.54833984375,0.52783203125,0.54833984375,0.5003304481025233,0.4921875,0.62451171875,0.4921875,0.62451171875,S-UNIWARD,0.1815794660671415,0.17560484776105317,0.19419371477525793,0.22644488963476075,0.22217708176178658
WOW__TEST__STEGO__6280.pgm,6280.pgm,WOW,1,${BOSSBASE_ROOT}\stego\WOW\0.4bpp\stego\6280.pgm,0.4955102219980954,0.491455078125,0.51220703125,0.491455078125,0.51220703125,0.5033454395778842,0.50537109375,0.5322265625,0.50537109375,0.5322265625,0.5009918199881792,0.50048828125,0.548828125,0.50048828125,0.548828125,0.4989748015465552,0.52783203125,0.54833984375,0.52783203125,0.54833984375,0.4943773732529021,0.4921875,0.62451171875,0.4921875,0.62451171875,S-UNIWARD,0.18806956482566253,0.18307498642771974,0.20452245334806352,0.23633279120794606,0.18800020419060817
WOW__TEST__STEGO__1216.pgm,1216.pgm,WOW,1,${BOSSBASE_ROOT}\stego\WOW\0.4bpp\stego\1216.pgm,0.9869795098861571,0.491455078125,0.51220703125,0.491455078125,0.51220703125,0.7834919083324888,0.50537109375,0.5322265625,0.50537109375,0.5322265625,0.9382372910349689,0.50048828125,0.548828125,0.50048828125,0.548828125,0.9451974048440384,0.52783203125,0.54833984375,0.52783203125,0.54833984375,0.9012274112476257,0.4921875,0.62451171875,0.4921875,0.62451171875,WOW,0.12651863452949652,0.15619357015603297,0.1403201731733577,0.1171971617782984,0.45977046036281427
WOW__TEST__STEGO__2941.pgm,2941.pgm,WOW,1,${BOSSBASE_ROOT}\stego\WOW\0.4bpp\stego\2941.pgm,0.09636510472498538,0.491455078125,0.51220703125,0.491455078125,0.51220703125,0.1491591882752572,0.50537109375,0.5322265625,0.50537109375,0.5322265625,0.37136458168520015,0.50048828125,0.548828125,0.50048828125,0.548828125,0.6993570954792558,0.52783203125,0.54833984375,0.52783203125,0.54833984375,0.5261753892972688,0.4921875,0.62451171875,0.4921875,0.62451171875,HUGO,0.12781814779080225,0.5758164774185328,0.22883003205268287,0.04604434974603389,0.021490992991948187
WOW__TEST__STEGO__1378.pgm,1378.pgm,WOW,1,${BOSSBASE_ROOT}\stego\WOW\0.4bpp\stego\1378.pgm,0.977110159887611,0.491455078125,0.51220703125,0.491455078125,0.51220703125,0.9427180267807429,0.50537109375,0.5322265625,0.50537109375,0.5322265625,0.9587699726751935,0.50048828125,0.548828125,0.50048828125,0.548828125,0.8784185801792785,0.52783203125,0.54833984375,0.52783203125,0.54833984375,0.9472835978632691,0.4921875,0.62451171875,0.4921875,0.62451171875,WOW,0.11947106765818667,0.11406212076311183,0.13637459915772907,0.20121778178220898,0.42887443063876357
WOW__TEST__STEGO__2619.pgm,2619.pgm,WOW,1,${BOSSBASE_ROOT}\stego\WOW\0.4bpp\stego\2619.pgm,0.9900250791759213,0.491455078125,0.51220703125,0.491455078125,0.51220703125,0.9883127420043056,0.50537109375,0.5322265625,0.50537109375,0.5322265625,0.9921537607074791,0.50048828125,0.548828125,0.50048828125,0.548828125,0.11777491957086147,0.52783203125,0.54833984375,0.52783203125,0.54833984375,0.993149519973355,0.4921875,0.62451171875,0.4921875,0.62451171875,WOW,0.1667758136977807,0.002871814695654572,0.13122370180047396,0.22152526034554693,0.47760340946054386
WOW__TEST__STEGO__3570.pgm,3570.pgm,WOW,1,${BOSSBASE_ROOT}\stego\WOW\0.4bpp\stego\3570.pgm,0.6290912663943946,0.491455078125,0.51220703125,0.491455078125,0.51220703125,0.3368762228291792,0.50537109375,0.5322265625,0.50537109375,0.5322265625,0.41982633873613234,0.50048828125,0.548828125,0.50048828125,0.548828125,0.01685007944789776,0.52783203125,0.54833984375,0.52783203125,0.54833984375,0.452475441383179,0.4921875,0.62451171875,0.4921875,0.62451171875,WOW,0.21347749312104497,0.018260310132055802,0.20401562437042764,0.16068628008065983,0.40356029229581175
WOW__TEST__STEGO__9044.pgm,9044.pgm,WOW,1,${BOSSBASE_ROOT}\stego\WOW\0.4bpp\stego\9044.pgm,0.5554653732324543,0.491455078125,0.51220703125,0.491455078125,0.51220703125,0.46635949261856924,0.50537109375,0.5322265625,0.50537109375,0.5322265625,0.45983405036025793,0.50048828125,0.548828125,0.50048828125,0.548828125,0.5164278007701182,0.52783203125,0.54833984375,0.52783203125,0.54833984375,0.4970302930998735,0.4921875,0.62451171875,0.4921875,0.62451171875,WOW,0.1619270294929139,0.18561955541972425,0.20038877779998185,0.21299177684418505,0.23907286044319498
WOW__TEST__STEGO__2914.pgm,2914.pgm,WOW,1,${BOSSBASE_ROOT}\stego\WOW\0.4bpp\stego\2914.pgm,0.8002240580158556,0.491455078125,0.51220703125,0.491455078125,0.51220703125,0.7293270388161539,0.50537109375,0.5322265625,0.50537109375,0.5322265625,0.6820445270314575,0.50048828125,0.548828125,0.50048828125,0.548828125,0.5200545430510902,0.52783203125,0.54833984375,0.52783203125,0.54833984375,0.6557770363505423,0.4921875,0.62451171875,0.4921875,0.62451171875,WOW,0.1381568178113465,0.06597165948873009,0.13850618370252255,0.2542322093570347,0.40313312964036613
WOW__TEST__STEGO__3130.pgm,3130.pgm,WOW,1,${BOSSBASE_ROOT}\stego\WOW\0.4bpp\stego\3130.pgm,0.3361131068451915,0.491455078125,0.51220703125,0.491455078125,0.51220703125,0.0194193481824486,0.50537109375,0.5322265625,0.50537109375,0.5322265625,0.3669299419573257,0.50048828125,0.548828125,0.50048828125,0.548828125,0.05582314113461443,0.52783203125,0.54833984375,0.52783203125,0.54833984375,0.523618274284404,0.4921875,0.62451171875,0.4921875,0.62451171875,MiPOD,0.33312771355669457,0.03925612900655482,0.430706571000968,0.06016525418664082,0.13674433224914176
WOW__TEST__STEGO__5086.pgm,5086.pgm,WOW,1,${BOSSBASE_ROOT}\stego\WOW\0.4bpp\stego\5086.pgm,0.9759464471055739,0.491455078125,0.51220703125,0.491455078125,0.51220703125,0.9822196099268891,0.50537109375,0.5322265625,0.50537109375,0.5322265625,0.01897803671176563,0.50048828125,0.548828125,0.50048828125,0.548828125,0.9755769099458929,0.52783203125,0.54833984375,0.52783203125,0.54833984375,0.3286371560727261,0.4921875,0.62451171875,0.4921875,0.62451171875,S-UNIWARD,0.0030077892303236884,0.27969666895734396,0.011337994192143892,0.469508421518811,0.23644912610137742
WOW__TEST__STEGO__1039.pgm,1039.pgm,WOW,1,${BOSSBASE_ROOT}\stego\WOW\0.4bpp\stego\1039.pgm,0.7500038481987343,0.491455078125,0.51220703125,0.491455078125,0.51220703125,0.46926183382904746,0.50537109375,0.5322265625,0.50537109375,0.5322265625,0.5283813246444612,0.50048828125,0.548828125,0.50048828125,0.548828125,0.601183881122277,0.52783203125,0.54833984375,0.52783203125,0.54833984375,0.4901898577465955,0.4921875,0.62451171875,0.4921875,0.62451171875,WOW,0.13334933422038917,0.14985029585329723,0.14127653720347158,0.15342826419187267,0.42209556853096936
WOW__TEST__STEGO__9540.pgm,9540.pgm,WOW,1,${BOSSBASE_ROOT}\stego\WOW\0.4bpp\stego\9540.pgm,0.8364209886066573,0.491455078125,0.51220703125,0.491455078125,0.51220703125,0.5555859381251738,0.50537109375,0.5322265625,0.50537109375,0.5322265625,0.03010033724042947,0.50048828125,0.548828125,0.50048828125,0.548828125,0.955235687404285,0.52783203125,0.54833984375,0.52783203125,0.54833984375,0.02245705292941607,0.4921875,0.62451171875,0.4921875,0.62451171875,HUGO,0.008637918711401061,0.5348878704785895,0.01457776637147527,0.18637636012676706,0.25552008431176704
WOW__TEST__STEGO__978.pgm,978.pgm,WOW,1,${BOSSBASE_ROOT}\stego\WOW\0.4bpp\stego\978.pgm,0.9876638995791303,0.491455078125,0.51220703125,0.491455078125,0.51220703125,0.15342229021167053,0.50537109375,0.5322265625,0.50537109375,0.5322265625,0.23057307839092478,0.50048828125,0.548828125,0.50048828125,0.548828125,0.010408314101072437,0.52783203125,0.54833984375,0.52783203125,0.54833984375,0.6456786481189632,0.4921875,0.62451171875,0.4921875,0.62451171875,WOW,0.049863686537748725,0.0050484853337676204,0.12715350777881998,0.0408092277413441,0.7771250926083196
WOW__TEST__STEGO__4433.pgm,4433.pgm,WOW,1,${BOSSBASE_ROOT}\stego\WOW\0.4bpp\stego\4433.pgm,0.4826881971563118,0.491455078125,0.51220703125,0.491455078125,0.51220703125,0.5058934343271584,0.50537109375,0.5322265625,0.50537109375,0.5322265625,0.5170679507898247,0.50048828125,0.548828125,0.50048828125,0.548828125,0.493892973393299,0.52783203125,0.54833984375,0.52783203125,0.54833984375,0.5214863930919081,0.4921875,0.62451171875,0.4921875,0.62451171875,S-UNIWARD,0.1980143845243211,0.1770421882853767,0.2189787991931563,0.23006045225393795,0.17590417574320788
WOW__TEST__STEGO__4182.pgm,4182.pgm,WOW,1,${BOSSBASE_ROOT}\stego\WOW\0.4bpp\stego\4182.pgm,0.9865198970247337,0.491455078125,0.51220703125,0.491455078125,0.51220703125,0.9017477678631268,0.50537109375,0.5322265625,0.50537109375,0.5322265625,0.9953724699521328,0.50048828125,0.548828125,0.50048828125,0.548828125,0.728168791778569,0.52783203125,0.54833984375,0.52783203125,0.54833984375,0.9680808472695965,0.4921875,0.62451171875,0.4921875,0.62451171875,WOW,0.1520288327546923,0.05444159424352428,0.15203874290659283,0.17017474371656913,0.47131608637862155
WOW__TEST__STEGO__4052.pgm,4052.pgm,WOW,1,${BOSSBASE_ROOT}\stego\WOW\0.4bpp\stego\4052.pgm,0.4930348133892223,0.491455078125,0.51220703125,0.491455078125,0.51220703125,0.5031070309297092,0.50537109375,0.5322265625,0.50537109375,0.5322265625,0.49285555831315536,0.50048828125,0.548828125,0.50048828125,0.548828125,0.4950448704812784,0.52783203125,0.54833984375,0.52783203125,0.54833984375,0.4969959620496651,0.4921875,0.62451171875,0.4921875,0.62451171875,S-UNIWARD,0.18485110266328209,0.18259894571159996,0.20645720699223313,0.23931583624595645,0.18677690838692834
WOW__TEST__STEGO__9440.pgm,9440.pgm,WOW,1,${BOSSBASE_ROOT}\stego\WOW\0.4bpp\stego\9440.pgm,0.8122723960432147,0.491455078125,0.51220703125,0.491455078125,0.51220703125,0.9999996718148245,0.50537109375,0.5322265625,0.50537109375,0.5322265625,0.5989574542622662,0.50048828125,0.548828125,0.50048828125,0.548828125,0.5932558533165294,0.52783203125,0.54833984375,0.52783203125,0.54833984375,0.5019130613433903,0.4921875,0.62451171875,0.4921875,0.62451171875,S-UNIWARD,0.05325851459250943,0.07214656001928103,0.049433415625434296,0.5434322371077625,0.28172927265501263
WOW__TEST__STEGO__4023.pgm,4023.pgm,WOW,1,${BOSSBASE_ROOT}\stego\WOW\0.4bpp\stego\4023.pgm,0.4929165811138598,0.491455078125,0.51220703125,0.491455078125,0.51220703125,0.505092444755533,0.50537109375,0.5322265625,0.50537109375,0.5322265625,0.5039786452709424,0.50048828125,0.548828125,0.50048828125,0.548828125,0.5029029520004078,0.52783203125,0.54833984375,0.52783203125,0.54833984375,0.5092152649536875,0.4921875,0.62451171875,0.4921875,0.62451171875,S-UNIWARD,0.18796477038827478,0.18447706525695814,0.2104170984054848,0.2335752376301846,0.18356582831909768
WOW__TEST__STEGO__2855.pgm,2855.pgm,WOW,1,${BOSSBASE_ROOT}\stego\WOW\0.4bpp\stego\2855.pgm,0.98504291340685,0.491455078125,0.51220703125,0.491455078125,0.51220703125,0.9865717452580314,0.50537109375,0.5322265625,0.50537109375,0.5322265625,0.9905142868292047,0.50048828125,0.548828125,0.50048828125,0.548828125,0.015483987303625265,0.52783203125,0.54833984375,0.52783203125,0.54833984375,0.9919691867837398,0.4921875,0.62451171875,0.4921875,0.62451171875,WOW,0.17366393879596104,0.0017863613964583715,0.12981449846033524,0.22102962578581667,0.4737055755614288
WOW__TEST__STEGO__459.pgm,459.pgm,WOW,1,${BOSSBASE_ROOT}\stego\WOW\0.4bpp\stego\459.pgm,0.9772408443444813,0.491455078125,0.51220703125,0.491455078125,0.51220703125,0.644784477408059,0.50537109375,0.5322265625,0.50537109375,0.5322265625,0.12273335033624272,0.50048828125,0.548828125,0.50048828125,0.548828125,0.13488983633522753,0.52783203125,0.54833984375,0.52783203125,0.54833984375,2.3139262198968824e-06,0.4921875,0.62451171875,0.4921875,0.62451171875,WOW,0.017246010110284753,0.0105548360901495,0.01414414892218869,0.30164626027488234,0.6564087446024947
WOW__TEST__STEGO__9824.pgm,9824.pgm,WOW,1,${BOSSBASE_ROOT}\stego\WOW\0.4bpp\stego\9824.pgm,0.9906237625491514,0.491455078125,0.51220703125,0.491455078125,0.51220703125,0.99507548962592,0.50537109375,0.5322265625,0.50537109375,0.5322265625,0.9936856353291037,0.50048828125,0.548828125,0.50048828125,0.548828125,0.007204769088868756,0.52783203125,0.54833984375,0.52783203125,0.54833984375,0.9930693283432538,0.4921875,0.62451171875,0.4921875,0.62451171875,WOW,0.1711429310828429,0.0016717767193020242,0.12670164686596141,0.2234019055241344,0.4770817398077592
WOW__TEST__STEGO__9778.pgm,9778.pgm,WOW,1,${BOSSBASE_ROOT}\stego\WOW\0.4bpp\stego\9778.pgm,0.9781354435078863,0.491455078125,0.51220703125,0.491455078125,0.51220703125,0.9805061282729682,0.50537109375,0.5322265625,0.50537109375,0.5322265625,0.979393523864564,0.50048828125,0.548828125,0.50048828125,0.548828125,0.01590639171181471,0.52783203125,0.54833984375,0.52783203125,0.54833984375,0.9615338079816756,0.4921875,0.62451171875,0.4921875,0.62451171875,WOW,0.17310236243443988,0.0018826682285132672,0.12409440568607445,0.22682879060926572,0.47409177304170663
WOW__TEST__STEGO__1311.pgm,1311.pgm,WOW,1,${BOSSBASE_ROOT}\stego\WOW\0.4bpp\stego\1311.pgm,0.9865198970247337,0.491455078125,0.51220703125,0.491455078125,0.51220703125,0.9914886969734374,0.50537109375,0.5322265625,0.50537109375,0.5322265625,0.9895916858989275,0.50048828125,0.548828125,0.50048828125,0.548828125,0.010860331013277531,0.52783203125,0.54833984375,0.52783203125,0.54833984375,0.9906599756149459,0.4921875,0.62451171875,0.4921875,0.62451171875,WOW,0.17164239778618232,0.0017382907495620682,0.1279801139254006,0.22429648682263817,0.4743427107162168
WOW__TEST__STEGO__9377.pgm,9377.pgm,WOW,1,${BOSSBASE_ROOT}\stego\WOW\0.4bpp\stego\9377.pgm,0.5869372410819588,0.491455078125,0.51220703125,0.491455078125,0.51220703125,0.6066149813643026,0.50537109375,0.5322265625,0.50537109375,0.5322265625,0.5619361209940442,0.50048828125,0.548828125,0.50048828125,0.548828125,0.9692078335557077,0.52783203125,0.54833984375,0.52783203125,0.54833984375,0.5919001721292511,0.4921875,0.62451171875,0.4921875,0.62451171875,HUGO,0.06932088969263989,0.5882834298223947,0.10332739783996633,0.13091137643761563,0.10815690620738351
WOW__TEST__STEGO__2349.pgm,2349.pgm,WOW,1,${BOSSBASE_ROOT}\stego\WOW\0.4bpp\stego\2349.pgm,0.9889705299774982,0.491455078125,0.51220703125,0.491455078125,0.51220703125,0.9988120945058837,0.50537109375,0.5322265625,0.50537109375,0.5322265625,0.9888849862785224,0.50048828125,0.548828125,0.50048828125,0.548828125,0.07396337482518077,0.52783203125,0.54833984375,0.52783203125,0.54833984375,0.9883127420043056,0.4921875,0.62451171875,0.4921875,0.62451171875,WOW,0.16540292770264278,0.0023372891145808502,0.12702268164430164,0.23034999888768423,0.47488710265079037
WOW__TEST__STEGO__7703.pgm,7703.pgm,WOW,1,${BOSSBASE_ROOT}\stego\WOW\0.4bpp\stego\7703.pgm,0.9881308789536605,0.491455078125,0.51220703125,0.491455078125,0.51220703125,0.9910145712474399,0.50537109375,0.5322265625,0.50537109375,0.5322265625,0.9905509186809447,0.50048828125,0.548828125,0.50048828125,0.548828125,0.037047168669075196,0.52783203125,0.54833984375,0.52783203125,0.54833984375,0.9894702878753826,0.4921875,0.62451171875,0.4921875,0.62451171875,WOW,0.1702428983776749,0.001961053484759113,0.12796042197101049,0.22362650293820094,0.4762091232283545
WOW__TEST__STEGO__28.pgm,28.pgm,WOW,1,${BOSSBASE_ROOT}\stego\WOW\0.4bpp\stego\28.pgm,0.712132096964708,0.491455078125,0.51220703125,0.491455078125,0.51220703125,0.06632687402359619,0.50537109375,0.5322265625,0.50537109375,0.5322265625,0.26170812692029033,0.50048828125,0.548828125,0.50048828125,0.548828125,0.009232214404536282,0.52783203125,0.54833984375,0.52783203125,0.54833984375,0.31278967940241514,0.4921875,0.62451171875,0.4921875,0.62451171875,WOW,0.15534251849653843,0.017562349131429348,0.16205624961638343,0.07324281159713128,0.5917960711585174
WOW__TEST__STEGO__3797.pgm,3797.pgm,WOW,1,${BOSSBASE_ROOT}\stego\WOW\0.4bpp\stego\3797.pgm,0.39425926004017425,0.491455078125,0.51220703125,0.491455078125,0.51220703125,0.5135312411185867,0.50537109375,0.5322265625,0.50537109375,0.5322265625,0.4775846150107681,0.50048828125,0.548828125,0.50048828125,0.548828125,0.5177232844281681,0.52783203125,0.54833984375,0.52783203125,0.54833984375,0.5187899752246729,0.4921875,0.62451171875,0.4921875,0.62451171875,S-UNIWARD,0.17955404832101765,0.2334978330991468,0.222258607560135,0.24594476739359053,0.11874474362611005
WOW__TEST__STEGO__5066.pgm,5066.pgm,WOW,1,${BOSSBASE_ROOT}\stego\WOW\0.4bpp\stego\5066.pgm,0.794544423846451,0.491455078125,0.51220703125,0.491455078125,0.51220703125,0.6239498903235619,0.50537109375,0.5322265625,0.50537109375,0.5322265625,0.5476757635867234,0.50048828125,0.548828125,0.50048828125,0.548828125,0.4436305502116631,0.52783203125,0.54833984375,0.52783203125,0.54833984375,0.6707161287687373,0.4921875,0.62451171875,0.4921875,0.62451171875,WOW,0.11496109151470357,0.057584570868476334,0.16545478805917566,0.22250059077398426,0.43949895878366024
WOW__TEST__STEGO__687.pgm,687.pgm,WOW,1,${BOSSBASE_ROOT}\stego\WOW\0.4bpp\stego\687.pgm,0.3566707061141034,0.491455078125,0.51220703125,0.491455078125,0.51220703125,0.4908457496068388,0.50537109375,0.5322265625,0.50537109375,0.5322265625,0.47295732322286754,0.50048828125,0.548828125,0.50048828125,0.548828125,0.46362638124529076,0.52783203125,0.54833984375,0.52783203125,0.54833984375,0.4998303651874778,0.4921875,0.62451171875,0.4921875,0.62451171875,S-UNIWARD,0.20242245792687563,0.20624952124493226,0.2352541187864568,0.24607299433908955,0.11000090770264563
WOW__TEST__STEGO__1891.pgm,1891.pgm,WOW,1,${BOSSBASE_ROOT}\stego\WOW\0.4bpp\stego\1891.pgm,0.9843964652097964,0.491455078125,0.51220703125,0.491455078125,0.51220703125,0.9226218936973621,0.50537109375,0.5322265625,0.50537109375,0.5322265625,0.9799765587105447,0.50048828125,0.548828125,0.50048828125,0.548828125,0.9890976262707148,0.52783203125,0.54833984375,0.52783203125,0.54833984375,0.9834704434423458,0.4921875,0.62451171875,0.4921875,0.62451171875,WOW,0.11530681134032132,0.1713576016819957,0.14299346312227115,0.16661476431995148,0.40372735953546035
WOW__TEST__STEGO__6287.pgm,6287.pgm,WOW,1,${BOSSBASE_ROOT}\stego\WOW\0.4bpp\stego\6287.pgm,0.4389956247684208,0.491455078125,0.51220703125,0.491455078125,0.51220703125,0.503892819900743,0.50537109375,0.5322265625,0.50537109375,0.5322265625,0.5110608172750866,0.50048828125,0.548828125,0.50048828125,0.548828125,3.295572855043323e-05,0.52783203125,0.54833984375,0.52783203125,0.54833984375,0.6938879700208154,0.4921875,0.62451171875,0.4921875,0.62451171875,MiPOD,0.2581770260849826,0.018614470646006007,0.33828194158494634,0.2281950003779204,0.1567315613061446
WOW__TEST__STEGO__6414.pgm,6414.pgm,WOW,1,${BOSSBASE_ROOT}\stego\WOW\0.4bpp\stego\6414.pgm,0.9633686333603795,0.491455078125,0.51220703125,0.491455078125,0.51220703125,0.8563323913156724,0.50537109375,0.5322265625,0.50537109375,0.5322265625,0.5593502230320588,0.50048828125,0.548828125,0.50048828125,0.548828125,0.3960097697643996,0.52783203125,0.54833984375,0.52783203125,0.54833984375,0.5613951600795042,0.4921875,0.62451171875,0.4921875,0.62451171875,WOW,0.05288071639500915,0.022475601108585264,0.05674616399928838,0.32401689645001275,0.5438806220471044
WOW__TEST__STEGO__2462.pgm,2462.pgm,WOW,1,${BOSSBASE_ROOT}\stego\WOW\0.4bpp\stego\2462.pgm,0.9889278398167658,0.491455078125,0.51220703125,0.491455078125,0.51220703125,0.9866748522941186,0.50537109375,0.5322265625,0.50537109375,0.5322265625,0.9899476313420319,0.50048828125,0.548828125,0.50048828125,0.548828125,0.9697854129326061,0.52783203125,0.54833984375,0.52783203125,0.54833984375,0.9918120900983038,0.4921875,0.62451171875,0.4921875,0.62451171875,WOW,0.11017004667617966,0.15162822638359136,0.13484092769353967,0.20346101157656463,0.3998997876701247
WOW__TEST__STEGO__6346.pgm,6346.pgm,WOW,1,${BOSSBASE_ROOT}\stego\WOW\0.4bpp\stego\6346.pgm,0.2805178149976347,0.491455078125,0.51220703125,0.491455078125,0.51220703125,0.48389229459025357,0.50537109375,0.5322265625,0.50537109375,0.5322265625,0.5474035883236248,0.50048828125,0.548828125,0.50048828125,0.548828125,0.4771886980056601,0.52783203125,0.54833984375,0.52783203125,0.54833984375,0.5461028068686584,0.4921875,0.62451171875,0.4921875,0.62451171875,MiPOD,0.2497275891920179,0.21093943487400346,0.2643707680805256,0.20127529346986206,0.07368691438359101
WOW__TEST__STEGO__448.pgm,448.pgm,WOW,1,${BOSSBASE_ROOT}\stego\WOW\0.4bpp\stego\448.pgm,0.9923341253113541,0.491455078125,0.51220703125,0.491455078125,0.51220703125,0.32167304821323783,0.50537109375,0.5322265625,0.50537109375,0.5322265625,0.9654463760327956,0.50048828125,0.548828125,0.50048828125,0.548828125,0.010328152519305191,0.52783203125,0.54833984375,0.52783203125,0.54833984375,0.9696132500732395,0.4921875,0.62451171875,0.4921875,0.62451171875,WOW,0.2794222202612428,0.0015030231881010428,0.2020948096247246,0.018429053156749555,0.49855089376918194
WOW__TEST__STEGO__7555.pgm,7555.pgm,WOW,1,${BOSSBASE_ROOT}\stego\WOW\0.4bpp\stego\7555.pgm,0.9917163731139695,0.491455078125,0.51220703125,0.491455078125,0.51220703125,0.993734466224161,0.50537109375,0.5322265625,0.50537109375,0.5322265625,0.9895513745548833,0.50048828125,0.548828125,0.50048828125,0.548828125,0.021781171331499802,0.52783203125,0.54833984375,0.52783203125,0.54833984375,0.9919067101026269,0.4921875,0.62451171875,0.4921875,0.62451171875,WOW,0.16835604168629598,0.0017988697093071636,0.12667150004979655,0.22382363077632045,0.47934995777827993
WOW__TEST__STEGO__7536.pgm,7536.pgm,WOW,1,${BOSSBASE_ROOT}\stego\WOW\0.4bpp\stego\7536.pgm,0.9916519461902167,0.491455078125,0.51220703125,0.491455078125,0.51220703125,0.9941346616392029,0.50537109375,0.5322265625,0.50537109375,0.5322265625,0.9906599756149459,0.50048828125,0.548828125,0.50048828125,0.548828125,0.006168994922681433,0.52783203125,0.54833984375,0.52783203125,0.54833984375,0.9938070098421449,0.4921875,0.62451171875,0.4921875,0.62451171875,WOW,0.16955726143836722,0.0016645768614966978,0.12673767657298335,0.22322657384720956,0.47881391127994327
WOW__TEST__STEGO__4200.pgm,4200.pgm,WOW,1,${BOSSBASE_ROOT}\stego\WOW\0.4bpp\stego\4200.pgm,0.9816655479104817,0.491455078125,0.51220703125,0.491455078125,0.51220703125,0.9568766292846294,0.50537109375,0.5322265625,0.50537109375,0.5322265625,0.6125994089985654,0.50048828125,0.548828125,0.50048828125,0.548828125,0.6890964342015904,0.52783203125,0.54833984375,0.52783203125,0.54833984375,0.8788351489496328,0.4921875,0.62451171875,0.4921875,0.62451171875,WOW,0.04386114495260034,0.06795217961593121,0.10108491862619438,0.33556866915907835,0.45153308764619576
WOW__TEST__STEGO__6461.pgm,6461.pgm,WOW,1,${BOSSBASE_ROOT}\stego\WOW\0.4bpp\stego\6461.pgm,0.9912208911330882,0.491455078125,0.51220703125,0.491455078125,0.51220703125,0.9948603889024311,0.50537109375,0.5322265625,0.50537109375,0.5322265625,0.9929609544025984,0.50048828125,0.548828125,0.50048828125,0.548828125,0.9537080988961596,0.52783203125,0.54833984375,0.52783203125,0.54833984375,0.9901782070803069,0.4921875,0.62451171875,0.4921875,0.62451171875,WOW,0.11119932240661552,0.1401997768915114,0.1334238728765308,0.20967868466371953,0.40549834316162275
WOW__TEST__STEGO__1480.pgm,1480.pgm,WOW,1,${BOSSBASE_ROOT}\stego\WOW\0.4bpp\stego\1480.pgm,0.9921841112107114,0.491455078125,0.51220703125,0.491455078125,0.51220703125,0.9899476313420319,0.50537109375,0.5322265625,0.50537109375,0.5322265625,0.9875203002546722,0.50048828125,0.548828125,0.50048828125,0.548828125,0.013428254741968517,0.52783203125,0.54833984375,0.52783203125,0.54833984375,0.9905509186809447,0.4921875,0.62451171875,0.4921875,0.62451171875,WOW,0.16855436038095267,0.0017326375033774335,0.12655064547682418,0.22159995583907632,0.4815624007997694
WOW__TEST__STEGO__5122.pgm,5122.pgm,WOW,1,${BOSSBASE_ROOT}\stego\WOW\0.4bpp\stego\5122.pgm,0.9916842215225259,0.491455078125,0.51220703125,0.491455078125,0.51220703125,0.9959456659132401,0.50537109375,0.5322265625,0.50537109375,0.5322265625,0.9925682266657089,0.50048828125,0.548828125,0.50048828125,0.548828125,0.992988204618503,0.52783203125,0.54833984375,0.52783203125,0.54833984375,0.9914886969734374,0.4921875,0.62451171875,0.4921875,0.62451171875,WOW,0.10634882536568704,0.16436368389550804,0.13077353933586253,0.20489490323558723,0.39361904816735527
WOW__TEST__STEGO__7015.pgm,7015.pgm,WOW,1,${BOSSBASE_ROOT}\stego\WOW\0.4bpp\stego\7015.pgm,0.9880389017501905,0.491455078125,0.51220703125,0.491455078125,0.51220703125,0.9818056317790944,0.50537109375,0.5322265625,0.50537109375,0.5322265625,0.9889278398167658,0.50048828125,0.548828125,0.50048828125,0.548828125,0.007815888789288626,0.52783203125,0.54833984375,0.52783203125,0.54833984375,0.9902915235185259,0.4921875,0.62451171875,0.4921875,0.62451171875,WOW,0.1732169678073249,0.0017113937940317733,0.12899555758503312,0.217015168091103,0.4790609127225072
WOW__TEST__STEGO__8213.pgm,8213.pgm,WOW,1,${BOSSBASE_ROOT}\stego\WOW\0.4bpp\stego\8213.pgm,0.9893062422638245,0.491455078125,0.51220703125,0.491455078125,0.51220703125,0.9781771750265408,0.50537109375,0.5322265625,0.50537109375,0.5322265625,0.9785902297851473,0.50048828125,0.548828125,0.50048828125,0.548828125,0.009670992763446972,0.52783203125,0.54833984375,0.52783203125,0.54833984375,0.9049869480120961,0.4921875,0.62451171875,0.4921875,0.62451171875,WOW,0.1692191398701217,0.0017924482133806826,0.10599783653831302,0.22650674587829986,0.4964838294998846
WOW__TEST__STEGO__2458.pgm,2458.pgm,WOW,1,${BOSSBASE_ROOT}\stego\WOW\0.4bpp\stego\2458.pgm,0.38491214448393346,0.491455078125,0.51220703125,0.491455078125,0.51220703125,0.7299049970975119,0.50537109375,0.5322265625,0.50537109375,0.5322265625,0.5868780499049991,0.50048828125,0.548828125,0.50048828125,0.548828125,0.2641684869137796,0.52783203125,0.54833984375,0.52783203125,0.54833984375,0.6805602457331239,0.4921875,0.62451171875,0.4921875,0.62451171875,S-UNIWARD,0.20350785181263453,0.056161886588782045,0.24318378152429662,0.3991824503669448,0.09796402970734208
WOW__TEST__STEGO__9497.pgm,9497.pgm,WOW,1,${BOSSBASE_ROOT}\stego\WOW\0.4bpp\stego\9497.pgm,0.12033540443797966,0.491455078125,0.51220703125,0.491455078125,0.51220703125,0.4712688679688,0.50537109375,0.5322265625,0.50537109375,0.5322265625,0.46204823505959425,0.50048828125,0.548828125,0.50048828125,0.548828125,0.7008948097542927,0.52783203125,0.54833984375,0.52783203125,0.54833984375,0.5657186556549475,0.4921875,0.62451171875,0.4921875,0.62451171875,HUGO,0.12300454391279261,0.5286136431830463,0.19269904380085973,0.1330145086685898,0.02266826043471151
WOW__TEST__STEGO__3276.pgm,3276.pgm,WOW,1,${BOSSBASE_ROOT}\stego\WOW\0.4bpp\stego\3276.pgm,0.9455001256588014,0.491455078125,0.51220703125,0.491455078125,0.51220703125,0.5966094282261376,0.50537109375,0.5322265625,0.50537109375,0.5322265625,0.5271643883968943,0.50048828125,0.548828125,0.50048828125,0.548828125,0.4800063942135904,0.52783203125,0.54833984375,0.52783203125,0.54833984375,0.5432570692446381,0.4921875,0.62451171875,0.4921875,0.62451171875,WOW,0.07370985869711089,0.04236567771103992,0.08487785553011784,0.16048648813898939,0.638560119922742
WOW__TEST__STEGO__7178.pgm,7178.pgm,WOW,1,${BOSSBASE_ROOT}\stego\WOW\0.4bpp\stego\7178.pgm,0.9906960501316063,0.491455078125,0.51220703125,0.491455078125,0.51220703125,0.9929335990367509,0.50537109375,0.5322265625,0.50537109375,0.5322265625,0.9913892323324893,0.50048828125,0.548828125,0.50048828125,0.548828125,0.9685601495215692,0.52783203125,0.54833984375,0.52783203125,0.54833984375,0.985990433713597,0.4921875,0.62451171875,0.4921875,0.62451171875,WOW,0.1094742686826783,0.14984760416735318,0.13160677006847338,0.20747391179472877,0.40159744528676633
WOW__TEST__STEGO__8964.pgm,8964.pgm,WOW,1,${BOSSBASE_ROOT}\stego\WOW\0.4bpp\stego\8964.pgm,0.9872281325067137,0.491455078125,0.51220703125,0.491455078125,0.51220703125,0.9679599219419189,0.50537109375,0.5322265625,0.50537109375,0.5322265625,0.6325027540011314,0.50048828125,0.548828125,0.50048828125,0.548828125,0.5640984800226174,0.52783203125,0.54833984375,0.52783203125,0.54833984375,0.6801354906112164,0.4921875,0.62451171875,0.4921875,0.62451171875,WOW,0.047531077089436886,0.03791581266631337,0.060704655770123093,0.3662888913710197,0.48755956310310694
WOW__TEST__STEGO__6469.pgm,6469.pgm,WOW,1,${BOSSBASE_ROOT}\stego\WOW\0.4bpp\stego\6469.pgm,0.5554352309883238,0.491455078125,0.51220703125,0.491455078125,0.51220703125,0.40939787657726306,0.50537109375,0.5322265625,0.50537109375,0.5322265625,0.00014653129390717956,0.50048828125,0.548828125,0.50048828125,0.548828125,0.5089712050824897,0.52783203125,0.54833984375,0.52783203125,0.54833984375,2.8659392028103285e-12,0.4921875,0.62451171875,0.4921875,0.62451171875,S-UNIWARD,0.038780899028036636,0.30489274272812505,0.05246742953493996,0.3499386882409972,0.2539202404679011
WOW__TEST__STEGO__7688.pgm,7688.pgm,WOW,1,${BOSSBASE_ROOT}\stego\WOW\0.4bpp\stego\7688.pgm,0.4811947875530099,0.491455078125,0.51220703125,0.491455078125,0.51220703125,0.4984941528072494,0.50537109375,0.5322265625,0.50537109375,0.5322265625,0.6284074083140564,0.50048828125,0.548828125,0.50048828125,0.548828125,0.5498219115129199,0.52783203125,0.54833984375,0.52783203125,0.54833984375,0.5469801482883202,0.4921875,0.62451171875,0.4921875,0.62451171875,HILL,0.25237906033395213,0.18750576963978266,0.2238742753657776,0.17724508818033932,0.15899580648014827
WOW__TEST__STEGO__6729.pgm,6729.pgm,WOW,1,${BOSSBASE_ROOT}\stego\WOW\0.4bpp\stego\6729.pgm,0.9900635812940538,0.491455078125,0.51220703125,0.491455078125,0.51220703125,0.9230391643039738,0.50537109375,0.5322265625,0.50537109375,0.5322265625,0.988841968751916,0.50048828125,0.548828125,0.50048828125,0.548828125,0.008916127052872005,0.52783203125,0.54833984375,0.52783203125,0.54833984375,0.9701834588561999,0.4921875,0.62451171875,0.4921875,0.62451171875,WOW,0.18654197114685014,0.0017452178082593254,0.1320100761539826,0.1799322285037365,0.49977050638717135
WOW__TEST__STEGO__2999.pgm,2999.pgm,WOW,1,${BOSSBASE_ROOT}\stego\WOW\0.4bpp\stego\2999.pgm,0.5098330216054997,0.491455078125,0.51220703125,0.491455078125,0.51220703125,0.9999999996789342,0.50537109375,0.5322265625,0.50537109375,0.5322265625,0.4240541848686391,0.50048828125,0.548828125,0.50048828125,0.548828125,0.5583269943353745,0.52783203125,0.54833984375,0.52783203125,0.54833984375,0.4976692368532835,0.4921875,0.62451171875,0.4921875,0.62451171875,S-UNIWARD,0.03912225417162526,0.12012480235609677,0.0567354894508625,0.7034163301776558,0.0806011238437597
WOW__TEST__STEGO__8925.pgm,8925.pgm,WOW,1,${BOSSBASE_ROOT}\stego\WOW\0.4bpp\stego\8925.pgm,0.9914886969734374,0.491455078125,0.51220703125,0.491455078125,0.51220703125,0.9537942509646805,0.50537109375,0.5322265625,0.50537109375,0.5322265625,0.980129286039598,0.50048828125,0.548828125,0.50048828125,0.548828125,0.8495971982174474,0.52783203125,0.54833984375,0.52783203125,0.54833984375,0.7531036723496825,0.4921875,0.62451171875,0.4921875,0.62451171875,WOW,0.12453758098462152,0.09877178854461116,0.08336413554050316,0.21853951058511278,0.47478698434515143
WOW__TEST__STEGO__9105.pgm,9105.pgm,WOW,1,${BOSSBASE_ROOT}\stego\WOW\0.4bpp\stego\9105.pgm,0.9427180267807429,0.491455078125,0.51220703125,0.491455078125,0.51220703125,0.2723147268443466,0.50537109375,0.5322265625,0.50537109375,0.5322265625,0.9200744765243405,0.50048828125,0.548828125,0.50048828125,0.548828125,0.011687257995694434,0.52783203125,0.54833984375,0.52783203125,0.54833984375,0.9837849698906836,0.4921875,0.62451171875,0.4921875,0.62451171875,WOW,0.2895226452551242,0.0018675231914352987,0.24450027684079756,0.017845145209580793,0.4462644095030622
WOW__TEST__STEGO__2430.pgm,2430.pgm,WOW,1,${BOSSBASE_ROOT}\stego\WOW\0.4bpp\stego\2430.pgm,0.9918437513730266,0.491455078125,0.51220703125,0.491455078125,0.51220703125,0.9865717452580314,0.50537109375,0.5322265625,0.50537109375,0.5322265625,0.9334308110294983,0.50048828125,0.548828125,0.50048828125,0.548828125,0.009232214404536282,0.52783203125,0.54833984375,0.52783203125,0.54833984375,0.9149009549929797,0.4921875,0.62451171875,0.4921875,0.62451171875,WOW,0.1460688293187256,0.0018672746209975448,0.10624220425126041,0.2460866604376111,0.4997350313714053
WOW__TEST__STEGO__271.pgm,271.pgm,WOW,1,${BOSSBASE_ROOT}\stego\WOW\0.4bpp\stego\271.pgm,0.7396105391269793,0.491455078125,0.51220703125,0.491455078125,0.51220703125,0.29787827113642107,0.50537109375,0.5322265625,0.50537109375,0.5322265625,0.3083984908981995,0.50048828125,0.548828125,0.50048828125,0.548828125,0.35264752715443837,0.52783203125,0.54833984375,0.52783203125,0.54833984375,0.03601607075006732,0.4921875,0.62451171875,0.4921875,0.62451171875,WOW,0.10863724443950586,0.07973920708673593,0.06268713402315593,0.1601479646651562,0.588788449785446
WOW__TEST__STEGO__8262.pgm,8262.pgm,WOW,1,${BOSSBASE_ROOT}\stego\WOW\0.4bpp\stego\8262.pgm,0.980949100414177,0.491455078125,0.51220703125,0.491455078125,0.51220703125,0.5447408499106201,0.50537109375,0.5322265625,0.50537109375,0.5322265625,0.7867866921370192,0.50048828125,0.548828125,0.50048828125,0.548828125,0.007695647178392188,0.52783203125,0.54833984375,0.52783203125,0.54833984375,0.7211544552479838,0.4921875,0.62451171875,0.4921875,0.62451171875,WOW,0.1706447420070669,0.0026018734580450387,0.1139913975862094,0.07538177577013576,0.6373802111785429
WOW__TEST__STEGO__5486.pgm,5486.pgm,WOW,1,${BOSSBASE_ROOT}\stego\WOW\0.4bpp\stego\5486.pgm,0.9908389730779061,0.491455078125,0.51220703125,0.491455078125,0.51220703125,0.9919067101026269,0.50537109375,0.5322265625,0.50537109375,0.5322265625,0.9915215980653225,0.50048828125,0.548828125,0.50048828125,0.548828125,0.9672250161000435,0.52783203125,0.54833984375,0.52783203125,0.54833984375,0.991875291221819,0.4921875,0.62451171875,0.4921875,0.62451171875,WOW,0.10975603339298017,0.14870767427864998,0.13365119751178564,0.20628559329087928,0.401599501525705
WOW__TEST__STEGO__1546.pgm,1546.pgm,WOW,1,${BOSSBASE_ROOT}\stego\WOW\0.4bpp\stego\1546.pgm,0.9912208911330882,0.491455078125,0.51220703125,0.491455078125,0.51220703125,0.8946054517822124,0.50537109375,0.5322265625,0.50537109375,0.5322265625,0.7044652014107812,0.50048828125,0.548828125,0.50048828125,0.548828125,0.13904529078046984,0.52783203125,0.54833984375,0.52783203125,0.54833984375,0.7620701083888303,0.4921875,0.62451171875,0.4921875,0.62451171875,WOW,0.08158907210502452,0.004916299465735946,0.08283607874644308,0.26982227573446443,0.5608362739483319
WOW__TEST__STEGO__1666.pgm,1666.pgm,WOW,1,${BOSSBASE_ROOT}\stego\WOW\0.4bpp\stego\1666.pgm,0.7044652014107812,0.491455078125,0.51220703125,0.491455078125,0.51220703125,0.9999999885038083,0.50537109375,0.5322265625,0.50537109375,0.5322265625,0.8569320656296807,0.50048828125,0.548828125,0.50048828125,0.548828125,0.6918097600232571,0.52783203125,0.54833984375,0.52783203125,0.54833984375,0.9996048846038099,0.4921875,0.62451171875,0.4921875,0.62451171875,S-UNIWARD,0.13843768219424615,0.10387376391354433,0.21429451336870523,0.3663620764399604,0.17703196408354402
WOW__TEST__STEGO__3059.pgm,3059.pgm,WOW,1,${BOSSBASE_ROOT}\stego\WOW\0.4bpp\stego\3059.pgm,0.534096170683414,0.491455078125,0.51220703125,0.491455078125,0.51220703125,0.5520265819025498,0.50537109375,0.5322265625,0.50537109375,0.5322265625,0.5262058231415154,0.50048828125,0.548828125,0.50048828125,0.548828125,0.5535957908545561,0.52783203125,0.54833984375,0.52783203125,0.54833984375,0.5323643538826168,0.4921875,0.62451171875,0.4921875,0.62451171875,S-UNIWARD,0.16849750507113836,0.197197967368312,0.1932487456597521,0.24447398360331718,0.19658179829748032
WOW__TEST__STEGO__2718.pgm,2718.pgm,WOW,1,${BOSSBASE_ROOT}\stego\WOW\0.4bpp\stego\2718.pgm,0.9940428462362503,0.491455078125,0.51220703125,0.491455078125,0.51220703125,0.9859363729567544,0.50537109375,0.5322265625,0.50537109375,0.5322265625,0.9903663476405535,0.50048828125,0.548828125,0.50048828125,0.548828125,0.18155324443630433,0.52783203125,0.54833984375,0.52783203125,0.54833984375,0.9925682266657089,0.4921875,0.62451171875,0.4921875,0.62451171875,WOW,0.16172409530500076,0.003868073265623522,0.13197027089510965,0.21998298996442983,0.48245457056983626
WOW__TEST__STEGO__7018.pgm,7018.pgm,WOW,1,${BOSSBASE_ROOT}\stego\WOW\0.4bpp\stego\7018.pgm,0.9897116988662837,0.491455078125,0.51220703125,0.491455078125,0.51220703125,0.9957519209132613,0.50537109375,0.5322265625,0.50537109375,0.5322265625,0.9809855660757951,0.50048828125,0.548828125,0.50048828125,0.548828125,0.1999321064241851,0.52783203125,0.54833984375,0.52783203125,0.54833984375,0.9863631647185701,0.4921875,0.62451171875,0.4921875,0.62451171875,WOW,0.1561286513541224,0.00433535396993187,0.13015080052445424,0.23308675420606764,0.47629843994542376
WOW__TEST__STEGO__5454.pgm,5454.pgm,WOW,1,${BOSSBASE_ROOT}\stego\WOW\0.4bpp\stego\5454.pgm,0.991875291221819,0.491455078125,0.51220703125,0.491455078125,0.51220703125,0.6013009465384413,0.50537109375,0.5322265625,0.50537109375,0.5322265625,0.9901401446964613,0.50048828125,0.548828125,0.50048828125,0.548828125,0.020023441289455244,0.52783203125,0.54833984375,0.52783203125,0.54833984375,0.9912548183179649,0.4921875,0.62451171875,0.4921875,0.62451171875,WOW,0.2489276618066867,0.0017147459286834818,0.18141116670408564,0.05359388297984453,0.5143525425806996
WOW__TEST__STEGO__7844.pgm,7844.pgm,WOW,1,${BOSSBASE_ROOT}\stego\WOW\0.4bpp\stego\7844.pgm,0.991554373058874,0.491455078125,0.51220703125,0.491455078125,0.51220703125,0.9804313244446876,0.50537109375,0.5322265625,0.50537109375,0.5322265625,0.9890130573694068,0.50048828125,0.548828125,0.50048828125,0.548828125,0.40662632815136107,0.52783203125,0.54833984375,0.52783203125,0.54833984375,0.9910492885631179,0.4921875,0.62451171875,0.4921875,0.62451171875,WOW,0.15190406905990778,0.011558508539568448,0.13915356985099553,0.22074946714087149,0.4766343854086567
WOW__TEST__STEGO__193.pgm,193.pgm,WOW,1,${BOSSBASE_ROOT}\stego\WOW\0.4bpp\stego\193.pgm,0.5122656051177531,0.491455078125,0.51220703125,0.491455078125,0.51220703125,0.49765397839796727,0.50537109375,0.5322265625,0.50537109375,0.5322265625,0.48765052239194484,0.50048828125,0.548828125,0.50048828125,0.548828125,0.09929539778264558,0.52783203125,0.54833984375,0.52783203125,0.54833984375,0.5823129112163711,0.4921875,0.62451171875,0.4921875,0.62451171875,MiPOD,0.2314861048119674,0.029272505116740167,0.26202378557797323,0.25004271981401377,0.22717488467930547
WOW__TEST__STEGO__4261.pgm,4261.pgm,WOW,1,${BOSSBASE_ROOT}\stego\WOW\0.4bpp\stego\4261.pgm,0.4987745309572642,0.491455078125,0.51220703125,0.491455078125,0.51220703125,0.5044630772613841,0.50537109375,0.5322265625,0.50537109375,0.5322265625,0.5086508700301117,0.50048828125,0.548828125,0.50048828125,0.548828125,0.5124485987451222,0.52783203125,0.54833984375,0.52783203125,0.54833984375,0.5127917027639269,0.4921875,0.62451171875,0.4921875,0.62451171875,S-UNIWARD,0.1873737463892405,0.18813073870605823,0.20988306045061433,0.2287974357988086,0.18581501865527833
WOW__TEST__STEGO__5835.pgm,5835.pgm,WOW,1,${BOSSBASE_ROOT}\stego\WOW\0.4bpp\stego\5835.pgm,0.21866937668390204,0.491455078125,0.51220703125,0.491455078125,0.51220703125,0.38300647354785217,0.50537109375,0.5322265625,0.50537109375,0.5322265625,0.412589320090716,0.50048828125,0.548828125,0.50048828125,0.548828125,0.0004565269236873427,0.52783203125,0.54833984375,0.52783203125,0.54833984375,0.42000474680017874,0.4921875,0.62451171875,0.4921875,0.62451171875,HILL,0.32787737992015803,0.040962796918129235,0.2899221892057654,0.25092847122941747,0.09030916272652989
WOW__TEST__STEGO__1367.pgm,1367.pgm,WOW,1,${BOSSBASE_ROOT}\stego\WOW\0.4bpp\stego\1367.pgm,0.5677568767912603,0.491455078125,0.51220703125,0.491455078125,0.51220703125,0.4623516666372739,0.50537109375,0.5322265625,0.50537109375,0.5322265625,0.3663630064051715,0.50048828125,0.548828125,0.50048828125,0.548828125,0.09417666365851428,0.52783203125,0.54833984375,0.52783203125,0.54833984375,0.7675156461281256,0.4921875,0.62451171875,0.4921875,0.62451171875,MiPOD,0.14684106909924355,0.02596514312030891,0.360198731892017,0.21569542860995433,0.2512996272784763
WOW__TEST__STEGO__7950.pgm,7950.pgm,WOW,1,${BOSSBASE_ROOT}\stego\WOW\0.4bpp\stego\7950.pgm,0.9497626398694519,0.491455078125,0.51220703125,0.491455078125,0.51220703125,0.9234543714164196,0.50537109375,0.5322265625,0.50537109375,0.5322265625,0.9293122085569835,0.50048828125,0.548828125,0.50048828125,0.548828125,0.5531734152490309,0.52783203125,0.54833984375,0.52783203125,0.54833984375,0.9666001780666844,0.4921875,0.62451171875,0.4921875,0.62451171875,WOW,0.14536353957438508,0.029487664020494422,0.1590528773174183,0.21893145127577718,0.44716446781192504
WOW__TEST__STEGO__4445.pgm,4445.pgm,WOW,1,${BOSSBASE_ROOT}\stego\WOW\0.4bpp\stego\4445.pgm,0.991083872947128,0.491455078125,0.51220703125,0.491455078125,0.51220703125,0.9895109087400621,0.50537109375,0.5322265625,0.50537109375,0.5322265625,0.990216123982345,0.50048828125,0.548828125,0.50048828125,0.548828125,0.008544330693441928,0.52783203125,0.54833984375,0.52783203125,0.54833984375,0.9537942509646805,0.4921875,0.62451171875,0.4921875,0.62451171875,WOW,0.17098044569337453,0.0017126454350444413,0.1164680124824428,0.22475600507540142,0.48608289131373683
WOW__TEST__STEGO__2596.pgm,2596.pgm,WOW,1,${BOSSBASE_ROOT}\stego\WOW\0.4bpp\stego\2596.pgm,0.6382717961674019,0.491455078125,0.51220703125,0.491455078125,0.51220703125,0.588830023352003,0.50537109375,0.5322265625,0.50537109375,0.5322265625,0.6972998180659961,0.50048828125,0.548828125,0.50048828125,0.548828125,5.940967779046551e-22,0.52783203125,0.54833984375,0.52783203125,0.54833984375,0.8142005828462027,0.4921875,0.62451171875,0.4921875,0.62451171875,MiPOD,0.2741957500500907,0.008129899607966387,0.288858796805611,0.17163194442889101,0.25718360910744087
WOW__TEST__STEGO__6476.pgm,6476.pgm,WOW,1,${BOSSBASE_ROOT}\stego\WOW\0.4bpp\stego\6476.pgm,0.42823339806622046,0.491455078125,0.51220703125,0.491455078125,0.51220703125,0.49334756054828705,0.50537109375,0.5322265625,0.50537109375,0.5322265625,0.46371745067996034,0.50048828125,0.548828125,0.50048828125,0.548828125,0.4847840576812846,0.52783203125,0.54833984375,0.52783203125,0.54833984375,0.49010596699056513,0.4921875,0.62451171875,0.4921875,0.62451171875,S-UNIWARD,0.1837627032931283,0.20419381012528148,0.2170932974373811,0.2480778168999866,0.14687237224422253
WOW__TEST__STEGO__6616.pgm,6616.pgm,WOW,1,${BOSSBASE_ROOT}\stego\WOW\0.4bpp\stego\6616.pgm,0.9905509186809447,0.491455078125,0.51220703125,0.491455078125,0.51220703125,0.985772953896821,0.50537109375,0.5322265625,0.50537109375,0.5322265625,0.9739436957486151,0.50048828125,0.548828125,0.50048828125,0.548828125,0.01020905431880827,0.52783203125,0.54833984375,0.52783203125,0.54833984375,0.9826909042463318,0.4921875,0.62451171875,0.4921875,0.62451171875,WOW,0.16417707206837845,0.0017537812562129639,0.12538195464539342,0.2247157055514814,0.4839714864785338
WOW__TEST__STEGO__4864.pgm,4864.pgm,WOW,1,${BOSSBASE_ROOT}\stego\WOW\0.4bpp\stego\4864.pgm,0.9925103751011916,0.491455078125,0.51220703125,0.491455078125,0.51220703125,0.9936610782629057,0.50537109375,0.5322265625,0.50537109375,0.5322265625,0.21650809166751123,0.50048828125,0.548828125,0.50048828125,0.548828125,0.007345826574477061,0.52783203125,0.54833984375,0.52783203125,0.54833984375,0.02696349986233355,0.4921875,0.62451171875,0.4921875,0.62451171875,S-UNIWARD,0.010309634433243382,0.0031905662954309004,0.006672161964061529,0.5756492355138263,0.4041784017934379
WOW__TEST__STEGO__6432.pgm,6432.pgm,WOW,1,${BOSSBASE_ROOT}\stego\WOW\0.4bpp\stego\6432.pgm,0.9920002454916221,0.491455078125,0.51220703125,0.491455078125,0.51220703125,0.9741903779656885,0.50537109375,0.5322265625,0.50537109375,0.5322265625,0.9303317708925486,0.50048828125,0.548828125,0.50048828125,0.548828125,0.38006842364413856,0.52783203125,0.54833984375,0.52783203125,0.54833984375,0.7274917150785442,0.4921875,0.62451171875,0.4921875,0.62451171875,WOW,0.1303199647186776,0.011732126501908616,0.07411718997052513,0.26289494359257093,0.5209357752163177
WOW__TEST__STEGO__921.pgm,921.pgm,WOW,1,${BOSSBASE_ROOT}\stego\WOW\0.4bpp\stego\921.pgm,0.9892232739499199,0.491455078125,0.51220703125,0.491455078125,0.51220703125,0.9359345675826197,0.50537109375,0.5322265625,0.50537109375,0.5322265625,0.7972412731250682,0.50048828125,0.548828125,0.50048828125,0.548828125,0.04304284934003218,0.52783203125,0.54833984375,0.52783203125,0.54833984375,0.8289388083214156,0.4921875,0.62451171875,0.4921875,0.62451171875,WOW,0.10537654255291974,0.0027253341628477768,0.092493086481277,0.26480913908938614,0.5345958977135694
WOW__TEST__STEGO__282.pgm,282.pgm,WOW,1,${BOSSBASE_ROOT}\stego\WOW\0.4bpp\stego\282.pgm,0.44791304453970665,0.491455078125,0.51220703125,0.491455078125,0.51220703125,0.46724060018936264,0.50537109375,0.5322265625,0.50537109375,0.5322265625,0.43746298404120826,0.50048828125,0.548828125,0.50048828125,0.548828125,1.7832472907828393e-11,0.52783203125,0.54833984375,0.52783203125,0.54833984375,6.681516500435411e-07,0.4921875,0.62451171875,0.4921875,0.62451171875,S-UNIWARD,0.26690902370648173,0.029850612112233638,0.08246383056481094,0.3712313939723002,0.2495451396441736
WOW__TEST__STEGO__8910.pgm,8910.pgm,WOW,1,${BOSSBASE_ROOT}\stego\WOW\0.4bpp\stego\8910.pgm,0.4828101221598581,0.491455078125,0.51220703125,0.491455078125,0.51220703125,0.4977226414808916,0.50537109375,0.5322265625,0.50537109375,0.5322265625,0.4928860696870115,0.50048828125,0.548828125,0.50048828125,0.548828125,2.8625185805493937e-20,0.52783203125,0.54833984375,0.52783203125,0.54833984375,3.0261691444286677e-27,0.4921875,0.62451171875,0.4921875,0.62451171875,S-UNIWARD,0.277650711952142,0.02474684139748901,0.07380072822683148,0.35753834281680474,0.2662633756067327
WOW__TEST__STEGO__4898.pgm,4898.pgm,WOW,1,${BOSSBASE_ROOT}\stego\WOW\0.4bpp\stego\4898.pgm,0.9926826025287876,0.491455078125,0.51220703125,0.491455078125,0.51220703125,0.24184732865488942,0.50537109375,0.5322265625,0.50537109375,0.5322265625,0.9943580914999767,0.50048828125,0.548828125,0.50048828125,0.548828125,0.005533387939014027,0.52783203125,0.54833984375,0.52783203125,0.54833984375,0.9905509186809447,0.4921875,0.62451171875,0.4921875,0.62451171875,WOW,0.3064989546261636,0.0013013499277493997,0.21325860484172432,0.012202402681235139,0.4667386879231275
WOW__TEST__STEGO__1202.pgm,1202.pgm,WOW,1,${BOSSBASE_ROOT}\stego\WOW\0.4bpp\stego\1202.pgm,0.9896318433492118,0.491455078125,0.51220703125,0.491455078125,0.51220703125,0.7975568078599278,0.50537109375,0.5322265625,0.50537109375,0.5322265625,0.5480386195601172,0.50048828125,0.548828125,0.50048828125,0.548828125,0.0783598085241819,0.52783203125,0.54833984375,0.52783203125,0.54833984375,0.6754435611851449,0.4921875,0.62451171875,0.4921875,0.62451171875,WOW,0.059821402151868354,0.004636575809863501,0.07349126674581961,0.2506031997703406,0.6114475555221078
WOW__TEST__STEGO__6816.pgm,6816.pgm,WOW,1,${BOSSBASE_ROOT}\stego\WOW\0.4bpp\stego\6816.pgm,0.9922143452346321,0.491455078125,0.51220703125,0.491455078125,0.51220703125,0.9954083163222202,0.50537109375,0.5322265625,0.50537109375,0.5322265625,0.9879926494523661,0.50048828125,0.548828125,0.50048828125,0.548828125,0.01098694263059318,0.52783203125,0.54833984375,0.52783203125,0.54833984375,0.9870795269609209,0.4921875,0.62451171875,0.4921875,0.62451171875,WOW,0.16760133816793024,0.0017097416782919576,0.12453064363523726,0.22566523857488432,0.48049303794365605
WOW__TEST__STEGO__2329.pgm,2329.pgm,WOW,1,${BOSSBASE_ROOT}\stego\WOW\0.4bpp\stego\2329.pgm,0.9901401446964613,0.491455078125,0.51220703125,0.491455078125,0.51220703125,0.9942474549497627,0.50537109375,0.5322265625,0.50537109375,0.5322265625,0.9867261125456144,0.50048828125,0.548828125,0.50048828125,0.548828125,0.00714910196654636,0.52783203125,0.54833984375,0.52783203125,0.54833984375,0.9822196099268891,0.4921875,0.62451171875,0.4921875,0.62451171875,WOW,0.1683879244859153,0.0016963227095598394,0.12385089690548547,0.22661372495720813,0.4794511309418312
WOW__TEST__STEGO__6391.pgm,6391.pgm,WOW,1,${BOSSBASE_ROOT}\stego\WOW\0.4bpp\stego\6391.pgm,0.5506073655352404,0.491455078125,0.51220703125,0.491455078125,0.51220703125,0.45828808920645936,0.50537109375,0.5322265625,0.50537109375,0.5322265625,0.4327824320561572,0.50048828125,0.548828125,0.50048828125,0.548828125,0.5447711229698973,0.52783203125,0.54833984375,0.52783203125,0.54833984375,0.4946634411780579,0.4921875,0.62451171875,0.4921875,0.62451171875,WOW,0.1464775686984221,0.21628603349049133,0.19702849238875347,0.21040628989917112,0.22980161552316208
WOW__TEST__STEGO__6859.pgm,6859.pgm,WOW,1,${BOSSBASE_ROOT}\stego\WOW\0.4bpp\stego\6859.pgm,0.49655729012447114,0.491455078125,0.51220703125,0.491455078125,0.51220703125,0.5233442218403027,0.50537109375,0.5322265625,0.50537109375,0.5322265625,0.39595137621985144,0.50048828125,0.548828125,0.50048828125,0.548828125,0.4880775167569954,0.52783203125,0.54833984375,0.52783203125,0.54833984375,0.4961090873323303,0.4921875,0.62451171875,0.4921875,0.62451171875,S-UNIWARD,0.1340299724084744,0.19410107973700824,0.19512032091277473,0.2889924891685814,0.1877561377731613
WOW__TEST__STEGO__4324.pgm,4324.pgm,WOW,1,${BOSSBASE_ROOT}\stego\WOW\0.4bpp\stego\4324.pgm,0.43668209511340295,0.491455078125,0.51220703125,0.491455078125,0.51220703125,0.5108701741515596,0.50537109375,0.5322265625,0.50537109375,0.5322265625,0.5227503935390998,0.50048828125,0.548828125,0.50048828125,0.548828125,0.4918296457861561,0.52783203125,0.54833984375,0.52783203125,0.54833984375,0.43704246662253243,0.4921875,0.62451171875,0.4921875,0.62451171875,S-UNIWARD,0.21257069795168135,0.19697764383755773,0.18890621030854915,0.24897490898472124,0.15257053891749064
WOW__TEST__STEGO__3073.pgm,3073.pgm,WOW,1,${BOSSBASE_ROOT}\stego\WOW\0.4bpp\stego\3073.pgm,0.9939730484115986,0.491455078125,0.51220703125,0.491455078125,0.51220703125,0.9777987710969442,0.50537109375,0.5322265625,0.50537109375,0.5322265625,0.9860979413749407,0.50048828125,0.548828125,0.50048828125,0.548828125,0.9892232739499199,0.52783203125,0.54833984375,0.52783203125,0.54833984375,0.9884918509356967,0.4921875,0.62451171875,0.4921875,0.62451171875,WOW,0.10698316423815117,0.16308998517309803,0.13257271319992064,0.1950743474415697,0.4022797899472603
WOW__TEST__STEGO__2107.pgm,2107.pgm,WOW,1,${BOSSBASE_ROOT}\stego\WOW\0.4bpp\stego\2107.pgm,0.9876162153627396,0.491455078125,0.51220703125,0.491455078125,0.51220703125,0.9999623635528191,0.50537109375,0.5322265625,0.50537109375,0.5322265625,0.9774570340514706,0.50048828125,0.548828125,0.50048828125,0.548828125,0.9068182895386296,0.52783203125,0.54833984375,0.52783203125,0.54833984375,0.9998893884028537,0.4921875,0.62451171875,0.4921875,0.62451171875,WOW,0.11059379332223652,0.11758035818887365,0.13841322527991795,0.22275607650315307,0.41065654670581875
WOW__TEST__STEGO__7904.pgm,7904.pgm,WOW,1,${BOSSBASE_ROOT}\stego\WOW\0.4bpp\stego\7904.pgm,0.993149519973355,0.491455078125,0.51220703125,0.491455078125,0.51220703125,0.016593177919590436,0.50537109375,0.5322265625,0.50537109375,0.5322265625,0.9682614081007771,0.50048828125,0.548828125,0.50048828125,0.548828125,0.009783876017655003,0.52783203125,0.54833984375,0.52783203125,0.54833984375,0.9209320120860839,0.4921875,0.62451171875,0.4921875,0.62451171875,WOW,0.32786895241824,0.0012620760795069503,0.20507606797980396,0.005312513643815603,0.46048038987863354
WOW__TEST__STEGO__2696.pgm,2696.pgm,WOW,1,${BOSSBASE_ROOT}\stego\WOW\0.4bpp\stego\2696.pgm,0.9905874104123901,0.491455078125,0.51220703125,0.491455078125,0.51220703125,0.9920927084953715,0.50537109375,0.5322265625,0.50537109375,0.5322265625,0.9875683491468141,0.50048828125,0.548828125,0.50048828125,0.548828125,0.9862576795040977,0.52783203125,0.54833984375,0.52783203125,0.54833984375,0.9787533019806787,0.4921875,0.62451171875,0.4921875,0.62451171875,WOW,0.1063787406180785,0.1621630013316011,0.12820428976067663,0.20617903831281523,0.3970749299768285
WOW__TEST__STEGO__5993.pgm,5993.pgm,WOW,1,${BOSSBASE_ROOT}\stego\WOW\0.4bpp\stego\5993.pgm,0.9887119261007691,0.491455078125,0.51220703125,0.491455078125,0.51220703125,0.9949199630015225,0.50537109375,0.5322265625,0.50537109375,0.5322265625,0.9898303422461273,0.50048828125,0.548828125,0.50048828125,0.548828125,0.016403032516163058,0.52783203125,0.54833984375,0.52783203125,0.54833984375,0.9921537607074791,0.4921875,0.62451171875,0.4921875,0.62451171875,WOW,0.1697055109029583,0.0017689009912723725,0.12730570505477803,0.22570527807804552,0.4755146049729458
WOW__TEST__STEGO__9035.pgm,9035.pgm,WOW,1,${BOSSBASE_ROOT}\stego\WOW\0.4bpp\stego\9035.pgm,0.46332283401888796,0.491455078125,0.51220703125,0.491455078125,0.51220703125,0.501843444100811,0.50537109375,0.5322265625,0.50537109375,0.5322265625,0.48357219922988187,0.50048828125,0.548828125,0.50048828125,0.548828125,0.5083000187360949,0.52783203125,0.54833984375,0.52783203125,0.54833984375,0.5187137885894072,0.4921875,0.62451171875,0.4921875,0.62451171875,S-UNIWARD,0.18043655787828827,0.20221932951657126,0.21895496404287781,0.23657124107941668,0.16181790748284586
WOW__TEST__STEGO__8102.pgm,8102.pgm,WOW,1,${BOSSBASE_ROOT}\stego\WOW\0.4bpp\stego\8102.pgm,0.9935368622818452,0.491455078125,0.51220703125,0.491455078125,0.51220703125,0.9962051657799561,0.50537109375,0.5322265625,0.50537109375,0.5322265625,0.9949396679680339,0.50048828125,0.548828125,0.50048828125,0.548828125,0.01998515199474335,0.52783203125,0.54833984375,0.52783203125,0.54833984375,0.9904775143296634,0.4921875,0.62451171875,0.4921875,0.62451171875,WOW,0.16963466029628968,0.0017589511770994635,0.1252265596390227,0.22311300207003984,0.4802668268175483
WOW__TEST__STEGO__4788.pgm,4788.pgm,WOW,1,${BOSSBASE_ROOT}\stego\WOW\0.4bpp\stego\4788.pgm,0.5223392438590707,0.491455078125,0.51220703125,0.491455078125,0.51220703125,0.5222783302072862,0.50537109375,0.5322265625,0.50537109375,0.5322265625,0.5316349320727091,0.50048828125,0.548828125,0.50048828125,0.548828125,0.49564372595374456,0.52783203125,0.54833984375,0.52783203125,0.54833984375,0.5199326679268257,0.4921875,0.62451171875,0.4921875,0.62451171875,S-UNIWARD,0.19427512863924531,0.162129515163367,0.2063000167094806,0.23431955469973406,0.20297578478817294
WOW__TEST__STEGO__3423.pgm,3423.pgm,WOW,1,${BOSSBASE_ROOT}\stego\WOW\0.4bpp\stego\3423.pgm,0.5234660246718252,0.491455078125,0.51220703125,0.491455078125,0.51220703125,0.5026797991693194,0.50537109375,0.5322265625,0.50537109375,0.5322265625,0.507880511921186,0.50048828125,0.548828125,0.50048828125,0.548828125,0.6029386408716405,0.52783203125,0.54833984375,0.52783203125,0.54833984375,0.50086831959216,0.4921875,0.62451171875,0.4921875,0.62451171875,HUGO,0.16268532087475232,0.25521696613013384,0.18614752059594325,0.2086768497750257,0.18727334262414486
WOW__TEST__STEGO__5016.pgm,5016.pgm,WOW,1,${BOSSBASE_ROOT}\stego\WOW\0.4bpp\stego\5016.pgm,0.07751765647688268,0.491455078125,0.51220703125,0.491455078125,0.51220703125,0.03527754690661165,0.50537109375,0.5322265625,0.50537109375,0.5322265625,0.013584392513059033,0.50048828125,0.548828125,0.50048828125,0.548828125,0.008030813216260063,0.52783203125,0.54833984375,0.52783203125,0.54833984375,0.029256709498098058,0.4921875,0.62451171875,0.4921875,0.62451171875,MiPOD,0.2539139859454329,0.14742676507088895,0.26207154302813407,0.23651563757090305,0.10007206838464089
WOW__TEST__STEGO__8398.pgm,8398.pgm,WOW,1,${BOSSBASE_ROOT}\stego\WOW\0.4bpp\stego\8398.pgm,0.9916519461902167,0.491455078125,0.51220703125,0.491455078125,0.51220703125,0.995336345047618,0.50537109375,0.5322265625,0.50537109375,0.5322265625,0.9898695883364156,0.50048828125,0.548828125,0.50048828125,0.548828125,0.00643810255548328,0.52783203125,0.54833984375,0.52783203125,0.54833984375,0.9867771782476948,0.4921875,0.62451171875,0.4921875,0.62451171875,WOW,0.16895805909951023,0.001671701069309323,0.12450094449328174,0.22515074604819632,0.47971854928970253
WOW__TEST__STEGO__8826.pgm,8826.pgm,WOW,1,${BOSSBASE_ROOT}\stego\WOW\0.4bpp\stego\8826.pgm,0.9646559219424471,0.491455078125,0.51220703125,0.491455078125,0.51220703125,0.5336101278235771,0.50537109375,0.5322265625,0.50537109375,0.5322265625,0.9373256283116482,0.50048828125,0.548828125,0.50048828125,0.548828125,0.8738621049648146,0.52783203125,0.54833984375,0.52783203125,0.54833984375,0.980129286039598,0.4921875,0.62451171875,0.4921875,0.62451171875,WOW,0.17381670429877566,0.11370011853279009,0.22052620081791383,0.04715411535595239,0.4448028609945681
WOW__TEST__STEGO__6393.pgm,6393.pgm,WOW,1,${BOSSBASE_ROOT}\stego\WOW\0.4bpp\stego\6393.pgm,0.9902915235185259,0.491455078125,0.51220703125,0.491455078125,0.51220703125,0.9674717764988551,0.50537109375,0.5322265625,0.50537109375,0.5322265625,0.9501340950202013,0.50048828125,0.548828125,0.50048828125,0.548828125,0.8071568154401839,0.52783203125,0.54833984375,0.52783203125,0.54833984375,0.9839091258071755,0.4921875,0.62451171875,0.4921875,0.62451171875,WOW,0.11489796851358168,0.0792669455429204,0.14157433225017158,0.21732479863067,0.4469359550626565
WOW__TEST__STEGO__9444.pgm,9444.pgm,WOW,1,${BOSSBASE_ROOT}\stego\WOW\0.4bpp\stego\9444.pgm,0.969670743015721,0.491455078125,0.51220703125,0.491455078125,0.51220703125,0.8143482699344362,0.50537109375,0.5322265625,0.50537109375,0.5322265625,0.998080762546659,0.50048828125,0.548828125,0.50048828125,0.548828125,0.9936610782629057,0.52783203125,0.54833984375,0.52783203125,0.54833984375,0.8028648524846255,0.4921875,0.62451171875,0.4921875,0.62451171875,WOW,0.14402379422293293,0.1921582597454008,0.10998620648608545,0.12527486937291685,0.4285568701726638
WOW__TEST__STEGO__2947.pgm,2947.pgm,WOW,1,${BOSSBASE_ROOT}\stego\WOW\0.4bpp\stego\2947.pgm,0.9360515793487681,0.491455078125,0.51220703125,0.491455078125,0.51220703125,0.7333563766381476,0.50537109375,0.5322265625,0.50537109375,0.5322265625,0.665410558746814,0.50048828125,0.548828125,0.50048828125,0.548828125,0.7713271657644393,0.52783203125,0.54833984375,0.52783203125,0.54833984375,0.8036365265772738,0.4921875,0.62451171875,0.4921875,0.62451171875,WOW,0.0789790620359319,0.12513365953128877,0.13479451030115028,0.1776303437833557,0.48346242434827347
WOW__TEST__STEGO__3959.pgm,3959.pgm,WOW,1,${BOSSBASE_ROOT}\stego\WOW\0.4bpp\stego\3959.pgm,0.5102143380021471,0.491455078125,0.51220703125,0.491455078125,0.51220703125,0.51846998552617,0.50537109375,0.5322265625,0.50537109375,0.5322265625,0.5191708952242413,0.50048828125,0.548828125,0.50048828125,0.548828125,0.509878780186013,0.52783203125,0.54833984375,0.52783203125,0.54833984375,0.5206029513643898,0.4921875,0.62451171875,0.4921875,0.62451171875,S-UNIWARD,0.1875558796333165,0.17845450018159212,0.2078769823788093,0.2340767942633427,0.19203584354293934
WOW__TEST__STEGO__3588.pgm,3588.pgm,WOW,1,${BOSSBASE_ROOT}\stego\WOW\0.4bpp\stego\3588.pgm,0.9889705299774982,0.491455078125,0.51220703125,0.491455078125,0.51220703125,0.9501340950202013,0.50537109375,0.5322265625,0.50537109375,0.5322265625,0.043854563399873446,0.50048828125,0.548828125,0.50048828125,0.548828125,0.04968115469090719,0.52783203125,0.54833984375,0.52783203125,0.54833984375,0.3648907080258067,0.4921875,0.62451171875,0.4921875,0.62451171875,S-UNIWARD,0.0068527538591187775,0.004695395761551791,0.016275875985480526,0.575454741560514,0.396721232833335
WOW__TEST__STEGO__917.pgm,917.pgm,WOW,1,${BOSSBASE_ROOT}\stego\WOW\0.4bpp\stego\917.pgm,0.3553273651913664,0.491455078125,0.51220703125,0.491455078125,0.51220703125,0.47589455659111557,0.50537109375,0.5322265625,0.50537109375,0.5322265625,0.43188367310148484,0.50048828125,0.548828125,0.50048828125,0.548828125,0.1242130083520534,0.52783203125,0.54833984375,0.52783203125,0.54833984375,0.2963487053551537,0.4921875,0.62451171875,0.4921875,0.62451171875,S-UNIWARD,0.2650662210938258,0.05826431654134689,0.1786460989938915,0.34367999031465707,0.15434337305627857
WOW__TEST__STEGO__5815.pgm,5815.pgm,WOW,1,${BOSSBASE_ROOT}\stego\WOW\0.4bpp\stego\5815.pgm,0.9911526449170697,0.491455078125,0.51220703125,0.491455078125,0.51220703125,0.9635062337709722,0.50537109375,0.5322265625,0.50537109375,0.5322265625,0.061087107287706534,0.50048828125,0.548828125,0.50048828125,0.548828125,0.9820137900379085,0.52783203125,0.54833984375,0.52783203125,0.54833984375,0.792624809164082,0.4921875,0.62451171875,0.4921875,0.62451171875,S-UNIWARD,0.004108817100763833,0.2836892070260622,0.041552494398492866,0.4056337215514162,0.26501575992326487
WOW__TEST__STEGO__535.pgm,535.pgm,WOW,1,${BOSSBASE_ROOT}\stego\WOW\0.4bpp\stego\535.pgm,0.991083872947128,0.491455078125,0.51220703125,0.491455078125,0.51220703125,0.9663470356814963,0.50537109375,0.5322265625,0.50537109375,0.5322265625,0.9705205917252118,0.50048828125,0.548828125,0.50048828125,0.548828125,0.39817240257189135,0.52783203125,0.54833984375,0.52783203125,0.54833984375,0.9748690530618772,0.4921875,0.62451171875,0.4921875,0.62451171875,WOW,0.1478995904811986,0.011506219511633928,0.13651667581844007,0.2187863146176445,0.4852911995710828
WOW__TEST__STEGO__2326.pgm,2326.pgm,WOW,1,${BOSSBASE_ROOT}\stego\WOW\0.4bpp\stego\2326.pgm,0.2068940488158881,0.491455078125,0.51220703125,0.491455078125,0.51220703125,0.24944724346334116,0.50537109375,0.5322265625,0.50537109375,0.5322265625,0.964254189725945,0.50048828125,0.548828125,0.50048828125,0.548828125,0.14817041344298693,0.52783203125,0.54833984375,0.52783203125,0.54833984375,0.9879926494523661,0.4921875,0.62451171875,0.4921875,0.62451171875,HILL,0.532805709854899,0.011000156116803725,0.4187411944035142,0.016833547804552908,0.020619391820230266
WOW__TEST__STEGO__2936.pgm,2936.pgm,WOW,1,${BOSSBASE_ROOT}\stego\WOW\0.4bpp\stego\2936.pgm,0.6572084948476052,0.491455078125,0.51220703125,0.491455078125,0.51220703125,0.5582065817474171,0.50537109375,0.5322265625,0.50537109375,0.5322265625,0.39940161923485,0.50048828125,0.548828125,0.50048828125,0.548828125,0.5049246149194071,0.52783203125,0.54833984375,0.52783203125,0.54833984375,0.5016937191075654,0.4921875,0.62451171875,0.4921875,0.62451171875,WOW,0.10258179181033211,0.14305370168141351,0.1524939824166586,0.2820437195782112,0.3198268045133846
WOW__TEST__STEGO__9940.pgm,9940.pgm,WOW,1,${BOSSBASE_ROOT}\stego\WOW\0.4bpp\stego\9940.pgm,0.3524246224815365,0.491455078125,0.51220703125,0.491455078125,0.51220703125,0.11961366366632263,0.50537109375,0.5322265625,0.50537109375,0.5322265625,0.5966094282261376,0.50048828125,0.548828125,0.50048828125,0.548828125,0.5313309662327549,0.52783203125,0.54833984375,0.52783203125,0.54833984375,0.5505167490273115,0.4921875,0.62451171875,0.4921875,0.62451171875,HILL,0.3436473333082584,0.19682408813203603,0.32220924149469765,0.044050911484628925,0.09326842558037894
WOW__TEST__STEGO__149.pgm,149.pgm,WOW,1,${BOSSBASE_ROOT}\stego\WOW\0.4bpp\stego\149.pgm,0.5069003492249373,0.491455078125,0.51220703125,0.491455078125,0.51220703125,0.5099321649873321,0.50537109375,0.5322265625,0.50537109375,0.5322265625,0.5337620231155459,0.50048828125,0.548828125,0.50048828125,0.548828125,0.46405139260020306,0.52783203125,0.54833984375,0.52783203125,0.54833984375,0.5267535988242744,0.4921875,0.62451171875,0.4921875,0.62451171875,S-UNIWARD,0.20824759995735476,0.14631672053931252,0.21949427044108646,0.22947975445974836,0.19646165460249787
WOW__TEST__STEGO__7499.pgm,7499.pgm,WOW,1,${BOSSBASE_ROOT}\stego\WOW\0.4bpp\stego\7499.pgm,0.2685575870290748,0.491455078125,0.51220703125,0.491455078125,0.51220703125,0.5112133294599343,0.50537109375,0.5322265625,0.50537109375,0.5322265625,0.5433782233365617,0.50048828125,0.548828125,0.50048828125,0.548828125,0.497356439427724,0.52783203125,0.54833984375,0.52783203125,0.54833984375,0.528153174353129,0.4921875,0.62451171875,0.4921875,0.62451171875,MiPOD,0.23446943459799116,0.233701069358348,0.24341327303849125,0.22011769137454198,0.0682985316306277
WOW__TEST__STEGO__5553.pgm,5553.pgm,WOW,1,${BOSSBASE_ROOT}\stego\WOW\0.4bpp\stego\5553.pgm,0.5134626266016358,0.491455078125,0.51220703125,0.491455078125,0.51220703125,0.5005364415971496,0.50537109375,0.5322265625,0.50537109375,0.5322265625,0.5083457824194112,0.50048828125,0.548828125,0.50048828125,0.548828125,0.5049131719351934,0.52783203125,0.54833984375,0.52783203125,0.54833984375,0.5025253081170522,0.4921875,0.62451171875,0.4921875,0.62451171875,S-UNIWARD,0.1880049402233105,0.17913432747580774,0.20495473164672515,0.22799719028123624,0.19990881037292033
WOW__TEST__STEGO__1579.pgm,1579.pgm,WOW,1,${BOSSBASE_ROOT}\stego\WOW\0.4bpp\stego\1579.pgm,0.5064426670834998,0.491455078125,0.51220703125,0.491455078125,0.51220703125,0.5065265763071338,0.50537109375,0.5322265625,0.50537109375,0.5322265625,0.5025977854626754,0.50048828125,0.548828125,0.50048828125,0.548828125,0.49265723569046505,0.52783203125,0.54833984375,0.52783203125,0.54833984375,0.5006761546781611,0.4921875,0.62451171875,0.4921875,0.62451171875,S-UNIWARD,0.18724861599467188,0.17387022242734154,0.20523939615622877,0.23741605857660925,0.1962257068451486
WOW__TEST__STEGO__243.pgm,243.pgm,WOW,1,${BOSSBASE_ROOT}\stego\WOW\0.4bpp\stego\243.pgm,0.9912548183179649,0.491455078125,0.51220703125,0.491455078125,0.51220703125,0.01990878845878449,0.50537109375,0.5322265625,0.50537109375,0.5322265625,0.9912548183179649,0.50048828125,0.548828125,0.50048828125,0.548828125,0.012624949281564409,0.52783203125,0.54833984375,0.52783203125,0.54833984375,0.9915215980653225,0.4921875,0.62451171875,0.4921875,0.62451171875,WOW,0.33450288781785653,0.0011726369643220089,0.23246049289905485,0.004835175176202001,0.42702880714256464
WOW__TEST__STEGO__3013.pgm,3013.pgm,WOW,1,${BOSSBASE_ROOT}\stego\WOW\0.4bpp\stego\3013.pgm,0.9890976262707148,0.491455078125,0.51220703125,0.491455078125,0.51220703125,0.8504686206687655,0.50537109375,0.5322265625,0.50537109375,0.5322265625,0.8812065994915543,0.50048828125,0.548828125,0.50048828125,0.548828125,0.25386100696924885,0.52783203125,0.54833984375,0.52783203125,0.54833984375,0.6525736018116379,0.4921875,0.62451171875,0.4921875,0.62451171875,WOW,0.14245964239941478,0.007343616076812817,0.07219860131996748,0.19663084656580102,0.5813672936380039
WOW__TEST__STEGO__4694.pgm,4694.pgm,WOW,1,${BOSSBASE_ROOT}\stego\WOW\0.4bpp\stego\4694.pgm,0.5078042367451975,0.491455078125,0.51220703125,0.491455078125,0.51220703125,0.507735588776064,0.50537109375,0.5322265625,0.50537109375,0.5322265625,0.5191404224385165,0.50048828125,0.548828125,0.50048828125,0.548828125,0.6475753775184635,0.52783203125,0.54833984375,0.52783203125,0.54833984375,0.569433694214726,0.4921875,0.62451171875,0.4921875,0.62451171875,HUGO,0.15446996382546407,0.2913671799790963,0.20622155072701587,0.1891116981041932,0.15882960736423052
WOW__TEST__STEGO__3801.pgm,3801.pgm,WOW,1,${BOSSBASE_ROOT}\stego\WOW\0.4bpp\stego\3801.pgm,0.4559858022084543,0.491455078125,0.51220703125,0.491455078125,0.51220703125,0.5087195138626137,0.50537109375,0.5322265625,0.50537109375,0.5322265625,0.4806919790082368,0.50048828125,0.548828125,0.50048828125,0.548828125,0.5153988761666816,0.52783203125,0.54833984375,0.52783203125,0.54833984375,0.5270274625983612,0.4921875,0.62451171875,0.4921875,0.62451171875,S-UNIWARD,0.17593630898270077,0.20942611903579744,0.22034796559558878,0.23987615238719331,0.15441345399871964
WOW__TEST__STEGO__4227.pgm,4227.pgm,WOW,1,${BOSSBASE_ROOT}\stego\WOW\0.4bpp\stego\4227.pgm,0.45568300754008706,0.491455078125,0.51220703125,0.491455078125,0.51220703125,0.48387705165225187,0.50537109375,0.5322265625,0.50537109375,0.5322265625,0.4966068788715633,0.50048828125,0.548828125,0.50048828125,0.548828125,0.4985370677732205,0.52783203125,0.54833984375,0.52783203125,0.54833984375,0.4856454251968918,0.4921875,0.62451171875,0.4921875,0.62451171875,S-UNIWARD,0.1979048485806218,0.199161115622712,0.21272299271418907,0.22715255619131558,0.1630584868911616
WOW__TEST__STEGO__6193.pgm,6193.pgm,WOW,1,${BOSSBASE_ROOT}\stego\WOW\0.4bpp\stego\6193.pgm,0.9744347860767304,0.491455078125,0.51220703125,0.491455078125,0.51220703125,0.9265699473001059,0.50537109375,0.5322265625,0.50537109375,0.5322265625,0.029647510146313606,0.50048828125,0.548828125,0.50048828125,0.548828125,0.9611709788142289,0.52783203125,0.54833984375,0.52783203125,0.54833984375,0.6433292938858967,0.4921875,0.62451171875,0.4921875,0.62451171875,S-UNIWARD,0.004065286598028888,0.29131153795208176,0.031040304433077526,0.4059178309328893,0.2676650400839225
WOW__TEST__STEGO__9825.pgm,9825.pgm,WOW,1,${BOSSBASE_ROOT}\stego\WOW\0.4bpp\stego\9825.pgm,0.9897116988662837,0.491455078125,0.51220703125,0.491455078125,0.51220703125,0.9946567440438505,0.50537109375,0.5322265625,0.50537109375,0.5322265625,0.9920927084953715,0.50048828125,0.548828125,0.50048828125,0.548828125,0.009268013380914325,0.52783203125,0.54833984375,0.52783203125,0.54833984375,0.9899476313420319,0.4921875,0.62451171875,0.4921875,0.62451171875,WOW,0.17080552124115128,0.0016993882057324767,0.12620094438933382,0.22442333048911955,0.47687081567466283
WOW__TEST__STEGO__5218.pgm,5218.pgm,WOW,1,${BOSSBASE_ROOT}\stego\WOW\0.4bpp\stego\5218.pgm,0.9902538959474461,0.491455078125,0.51220703125,0.491455078125,0.51220703125,0.9939260655591138,0.50537109375,0.5322265625,0.50537109375,0.5322265625,0.9856629695759892,0.50048828125,0.548828125,0.50048828125,0.548828125,0.007577241267860811,0.52783203125,0.54833984375,0.52783203125,0.54833984375,0.9918437513730266,0.4921875,0.62451171875,0.4921875,0.62451171875,WOW,0.16779646049893635,0.0016964122418931464,0.12666642172866316,0.22562126481581224,0.478219440714695
WOW__TEST__STEGO__8322.pgm,8322.pgm,WOW,1,${BOSSBASE_ROOT}\stego\WOW\0.4bpp\stego\8322.pgm,0.518896635045369,0.491455078125,0.51220703125,0.491455078125,0.51220703125,0.4993371967383312,0.50537109375,0.5322265625,0.50537109375,0.5322265625,0.5180737868414391,0.50048828125,0.548828125,0.50048828125,0.548828125,0.04611974954758324,0.52783203125,0.54833984375,0.52783203125,0.54833984375,0.514362197906036,0.4921875,0.62451171875,0.4921875,0.62451171875,HILL,0.26012072030226274,0.02239503523737724,0.22413700358646718,0.2516758968570406,0.24167134401685217
WOW__TEST__STEGO__1720.pgm,1720.pgm,WOW,1,${BOSSBASE_ROOT}\stego\WOW\0.4bpp\stego\1720.pgm,0.9908743626108194,0.491455078125,0.51220703125,0.491455078125,0.51220703125,0.999530823621416,0.50537109375,0.5322265625,0.50537109375,0.5322265625,0.9861513897844354,0.50048828125,0.548828125,0.50048828125,0.548828125,0.9795114453152562,0.52783203125,0.54833984375,0.52783203125,0.54833984375,0.985496420308618,0.4921875,0.62451171875,0.4921875,0.62451171875,WOW,0.1054170157980067,0.15708565909357258,0.12922374714016382,0.2116315243908201,0.39664205357743676
WOW__TEST__STEGO__1116.pgm,1116.pgm,WOW,1,${BOSSBASE_ROOT}\stego\WOW\0.4bpp\stego\1116.pgm,0.18550413362367746,0.491455078125,0.51220703125,0.491455078125,0.51220703125,0.5259014759741061,0.50537109375,0.5322265625,0.50537109375,0.5322265625,0.11818140091045343,0.50048828125,0.548828125,0.50048828125,0.548828125,0.5336708866897778,0.52783203125,0.54833984375,0.52783203125,0.54833984375,0.6670392375967459,0.4921875,0.62451171875,0.4921875,0.62451171875,HUGO,0.05132354237201885,0.3754068239373099,0.2453665070413815,0.29207139064510956,0.03583173600418021
WOW__TEST__STEGO__5045.pgm,5045.pgm,WOW,1,${BOSSBASE_ROOT}\stego\WOW\0.4bpp\stego\5045.pgm,0.9847524093785005,0.491455078125,0.51220703125,0.491455078125,0.51220703125,0.8848377712685633,0.50537109375,0.5322265625,0.50537109375,0.5322265625,0.9687971820836759,0.50048828125,0.548828125,0.50048828125,0.548828125,0.9364014209523385,0.52783203125,0.54833984375,0.52783203125,0.54833984375,0.8679338421303608,0.4921875,0.62451171875,0.4921875,0.62451171875,WOW,0.12481252371165527,0.14660531316348246,0.11780420723262476,0.16371199842782794,0.4470659574644095
WOW__TEST__STEGO__9721.pgm,9721.pgm,WOW,1,${BOSSBASE_ROOT}\stego\WOW\0.4bpp\stego\9721.pgm,0.991083872947128,0.491455078125,0.51220703125,0.491455078125,0.51220703125,0.9547319063567953,0.50537109375,0.5322265625,0.50537109375,0.5322265625,0.9922143452346321,0.50048828125,0.548828125,0.50048828125,0.548828125,0.9913222832950107,0.52783203125,0.54833984375,0.52783203125,0.54833984375,0.991186833496954,0.4921875,0.62451171875,0.4921875,0.62451171875,WOW,0.11289754041120861,0.16574848832661926,0.13833603925337817,0.1798325958197488,0.40318533618904506
WOW__TEST__STEGO__1320.pgm,1320.pgm,WOW,1,${BOSSBASE_ROOT}\stego\WOW\0.4bpp\stego\1320.pgm,0.9898303422461273,0.491455078125,0.51220703125,0.491455078125,0.51220703125,0.9779256128989756,0.50537109375,0.5322265625,0.50537109375,0.5322265625,0.995336345047618,0.50048828125,0.548828125,0.50048828125,0.548828125,0.034164815507969376,0.52783203125,0.54833984375,0.52783203125,0.54833984375,0.980949100414177,0.4921875,0.62451171875,0.4921875,0.62451171875,WOW,0.17525002421842165,0.0019240071511874616,0.12708344462231314,0.2130094320254679,0.4827330919826097
WOW__TEST__STEGO__5351.pgm,5351.pgm,WOW,1,${BOSSBASE_ROOT}\stego\WOW\0.4bpp\stego\5351.pgm,0.6493562957124066,0.491455078125,0.51220703125,0.491455078125,0.51220703125,0.46787877150547713,0.50537109375,0.5322265625,0.50537109375,0.5322265625,0.37708178707321444,0.50048828125,0.548828125,0.50048828125,0.548828125,0.40998831756923915,0.52783203125,0.54833984375,0.52783203125,0.54833984375,0.00040133506113565205,0.4921875,0.62451171875,0.4921875,0.62451171875,WOW,0.12259594002372477,0.12004767423156884,0.05580879084016368,0.2914075543422078,0.41014004056233494
WOW__TEST__STEGO__5360.pgm,5360.pgm,WOW,1,${BOSSBASE_ROOT}\stego\WOW\0.4bpp\stego\5360.pgm,0.1742697065017268,0.491455078125,0.51220703125,0.491455078125,0.51220703125,0.5990160972353846,0.50537109375,0.5322265625,0.50537109375,0.5322265625,0.6128311426520441,0.50048828125,0.548828125,0.50048828125,0.548828125,0.745583664470563,0.52783203125,0.54833984375,0.52783203125,0.54833984375,0.0037654137846738736,0.4921875,0.62451171875,0.4921875,0.62451171875,HUGO,0.15297160989673259,0.5641936617147207,0.04298031837692767,0.20941918417081656,0.030435225840802563
WOW__TEST__STEGO__9963.pgm,9963.pgm,WOW,1,${BOSSBASE_ROOT}\stego\WOW\0.4bpp\stego\9963.pgm,0.40951594393448004,0.491455078125,0.51220703125,0.491455078125,0.51220703125,0.05686154864494638,0.50537109375,0.5322265625,0.50537109375,0.5322265625,0.032774983899956416,0.50048828125,0.548828125,0.50048828125,0.548828125,0.024053552894426178,0.52783203125,0.54833984375,0.52783203125,0.54833984375,0.06841291035220819,0.4921875,0.62451171875,0.4921875,0.62451171875,WOW,0.1801968203982069,0.07856479280311002,0.1978823086087442,0.20449981808397202,0.33885626010596687
WOW__TEST__STEGO__6621.pgm,6621.pgm,WOW,1,${BOSSBASE_ROOT}\stego\WOW\0.4bpp\stego\6621.pgm,0.2739627099813592,0.491455078125,0.51220703125,0.491455078125,0.51220703125,0.13799647126840353,0.50537109375,0.5322265625,0.50537109375,0.5322265625,0.288268459439809,0.50048828125,0.548828125,0.50048828125,0.548828125,0.09739039825194779,0.52783203125,0.54833984375,0.52783203125,0.54833984375,0.4839837528466811,0.4921875,0.62451171875,0.4921875,0.62451171875,MiPOD,0.27604496115042776,0.06775765353132578,0.41543989117327096,0.12078853057432351,0.11996896357065207
WOW__TEST__STEGO__4496.pgm,4496.pgm,WOW,1,${BOSSBASE_ROOT}\stego\WOW\0.4bpp\stego\4496.pgm,0.42012369712736963,0.491455078125,0.51220703125,0.491455078125,0.51220703125,0.4761381354772021,0.50537109375,0.5322265625,0.50537109375,0.5322265625,0.4398676475685449,0.50048828125,0.548828125,0.50048828125,0.548828125,0.5125629680708158,0.52783203125,0.54833984375,0.52783203125,0.54833984375,0.49489611234245784,0.4921875,0.62451171875,0.4921875,0.62451171875,HUGO,0.16961322419802294,0.23678301208943783,0.21933435496278547,0.2351889538914303,0.13908045485832357
WOW__TEST__STEGO__2570.pgm,2570.pgm,WOW,1,${BOSSBASE_ROOT}\stego\WOW\0.4bpp\stego\2570.pgm,0.05089371986183379,0.491455078125,0.51220703125,0.491455078125,0.51220703125,0.3579040861680699,0.50537109375,0.5322265625,0.50537109375,0.5322265625,0.5208923691514835,0.50048828125,0.548828125,0.50048828125,0.548828125,0.3007455789412415,0.52783203125,0.54833984375,0.52783203125,0.54833984375,0.578983880555898,0.4921875,0.62451171875,0.4921875,0.62451171875,MiPOD,0.33251054171927596,0.13496603462633655,0.36751901427243244,0.1352631097937984,0.029741299588156675
WOW__TEST__STEGO__8122.pgm,8122.pgm,WOW,1,${BOSSBASE_ROOT}\stego\WOW\0.4bpp\stego\8122.pgm,0.8130158213214184,0.491455078125,0.51220703125,0.491455078125,0.51220703125,0.9924520766240994,0.50537109375,0.5322265625,0.50537109375,0.5322265625,0.9853279650847626,0.50048828125,0.548828125,0.50048828125,0.548828125,0.007846239292520898,0.52783203125,0.54833984375,0.52783203125,0.54833984375,0.9894295113796924,0.4921875,0.62451171875,0.4921875,0.62451171875,S-UNIWARD,0.23953905859356442,0.002851660146064287,0.17875957208195536,0.28965218610024235,0.2891975230781736
WOW__TEST__STEGO__6670.pgm,6670.pgm,WOW,1,${BOSSBASE_ROOT}\stego\WOW\0.4bpp\stego\6670.pgm,0.9919691867837398,0.491455078125,0.51220703125,0.491455078125,0.51220703125,0.9923043528216078,0.50537109375,0.5322265625,0.50537109375,0.5322265625,0.9935868362586746,0.50048828125,0.548828125,0.50048828125,0.548828125,0.05572028719717483,0.52783203125,0.54833984375,0.52783203125,0.54833984375,0.9923933278354767,0.4921875,0.62451171875,0.4921875,0.62451171875,WOW,0.16879661388502504,0.002107285465366406,0.12793904411862395,0.22195741346376227,0.47919964306722235
WOW__TEST__STEGO__3935.pgm,3935.pgm,WOW,1,${BOSSBASE_ROOT}\stego\WOW\0.4bpp\stego\3935.pgm,0.4885121538871389,0.491455078125,0.51220703125,0.491455078125,0.51220703125,0.49062457313583635,0.50537109375,0.5322265625,0.50537109375,0.5322265625,0.5059430184437826,0.50048828125,0.548828125,0.50048828125,0.548828125,0.5028342897098929,0.52783203125,0.54833984375,0.52783203125,0.54833984375,0.485332883494169,0.4921875,0.62451171875,0.4921875,0.62451171875,S-UNIWARD,0.19510417926475362,0.18884852002382665,0.20499858410031124,0.22659093887804127,0.18445777773306715
WOW__TEST__STEGO__5452.pgm,5452.pgm,WOW,1,${BOSSBASE_ROOT}\stego\WOW\0.4bpp\stego\5452.pgm,0.9903290072365529,0.491455078125,0.51220703125,0.491455078125,0.51220703125,0.05061143488906803,0.50537109375,0.5322265625,0.50537109375,0.5322265625,0.22185604519014185,0.50048828125,0.548828125,0.50048828125,0.548828125,0.6239498903235619,0.52783203125,0.54833984375,0.52783203125,0.54833984375,0.8005361122697697,0.4921875,0.62451171875,0.4921875,0.62451171875,WOW,0.03877733326344468,0.08118148248470383,0.19926790460213684,0.02426290500508061,0.656510374644634
WOW__TEST__STEGO__7734.pgm,7734.pgm,WOW,1,${BOSSBASE_ROOT}\stego\WOW\0.4bpp\stego\7734.pgm,0.9907677855954636,0.491455078125,0.51220703125,0.491455078125,0.51220703125,0.9934357507792255,0.50537109375,0.5322265625,0.50537109375,0.5322265625,0.9933330680687192,0.50048828125,0.548828125,0.50048828125,0.548828125,0.45332235054753817,0.52783203125,0.54833984375,0.52783203125,0.54833984375,0.9909447358132779,0.4921875,0.62451171875,0.4921875,0.62451171875,WOW,0.14870705618960953,0.014337889822327969,0.13796703725960804,0.22928635868035965,0.46970165804809494
WOW__TEST__STEGO__4686.pgm,4686.pgm,WOW,1,${BOSSBASE_ROOT}\stego\WOW\0.4bpp\stego\4686.pgm,0.26114245685034704,0.491455078125,0.51220703125,0.491455078125,0.51220703125,0.3910570581299683,0.50537109375,0.5322265625,0.50537109375,0.5322265625,0.4438414682434153,0.50048828125,0.548828125,0.50048828125,0.548828125,0.07992552347565954,0.52783203125,0.54833984375,0.52783203125,0.54833984375,0.49844265487742623,0.4921875,0.62451171875,0.4921875,0.62451171875,MiPOD,0.31293102028285646,0.04912225758060222,0.31908419993403625,0.22192245712500203,0.09694006507750308
WOW__TEST__STEGO__7254.pgm,7254.pgm,WOW,1,${BOSSBASE_ROOT}\stego\WOW\0.4bpp\stego\7254.pgm,0.991186833496954,0.491455078125,0.51220703125,0.491455078125,0.51220703125,0.9945940999219731,0.50537109375,0.5322265625,0.50537109375,0.5322265625,0.9917484014309144,0.50048828125,0.548828125,0.50048828125,0.548828125,0.00549056320249923,0.52783203125,0.54833984375,0.52783203125,0.54833984375,0.9855521474663975,0.4921875,0.62451171875,0.4921875,0.62451171875,WOW,0.17027874427709475,0.0016635678718865822,0.12438920141762833,0.22429027768763593,0.4793782087457545
WOW__TEST__STEGO__5409.pgm,5409.pgm,WOW,1,${BOSSBASE_ROOT}\stego\WOW\0.4bpp\stego\5409.pgm,0.9917484014309144,0.491455078125,0.51220703125,0.491455078125,0.51220703125,0.9948603889024311,0.50537109375,0.5322265625,0.50537109375,0.5322265625,0.9917484014309144,0.50048828125,0.548828125,0.50048828125,0.548828125,0.007176881945656949,0.52783203125,0.54833984375,0.52783203125,0.54833984375,0.9913892323324893,0.4921875,0.62451171875,0.4921875,0.62451171875,WOW,0.16983084426044706,0.0016706536645585742,0.12590714089668992,0.22362604113666454,0.47896532004164
WOW__TEST__STEGO__6093.pgm,6093.pgm,WOW,1,${BOSSBASE_ROOT}\stego\WOW\0.4bpp\stego\6093.pgm,0.992988204618503,0.491455078125,0.51220703125,0.491455078125,0.51220703125,0.009485713170795206,0.50537109375,0.5322265625,0.50537109375,0.5322265625,0.9930693283432538,0.50048828125,0.548828125,0.50048828125,0.548828125,0.15674922105872996,0.52783203125,0.54833984375,0.52783203125,0.54833984375,0.9929335990367509,0.4921875,0.62451171875,0.4921875,0.62451171875,WOW,0.3237082106945798,0.002328675523384552,0.24172958889683943,0.004677920657739821,0.42755560422745653
WOW__TEST__STEGO__7511.pgm,7511.pgm,WOW,1,${BOSSBASE_ROOT}\stego\WOW\0.4bpp\stego\7511.pgm,0.48771152049801325,0.491455078125,0.51220703125,0.491455078125,0.51220703125,0.4978752264133671,0.50537109375,0.5322265625,0.50537109375,0.5322265625,0.48253579380221395,0.50048828125,0.548828125,0.50048828125,0.548828125,0.4608651225809174,0.52783203125,0.54833984375,0.52783203125,0.54833984375,0.4919593114076479,0.4921875,0.62451171875,0.4921875,0.62451171875,S-UNIWARD,0.1891517839370912,0.16367655805068268,0.21094867499145203,0.24638660637624285,0.18983637664453124
WOW__TEST__STEGO__2087.pgm,2087.pgm,WOW,1,${BOSSBASE_ROOT}\stego\WOW\0.4bpp\stego\2087.pgm,0.9914556693065582,0.491455078125,0.51220703125,0.491455078125,0.51220703125,0.953621794005189,0.50537109375,0.5322265625,0.50537109375,0.5322265625,0.8606036203346761,0.50048828125,0.548828125,0.50048828125,0.548828125,0.0369775545351458,0.52783203125,0.54833984375,0.52783203125,0.54833984375,0.9421883900868302,0.4921875,0.62451171875,0.4921875,0.62451171875,WOW,0.12337905184339037,0.0023521439157862087,0.11861490766823832,0.24370493101374088,0.5119489655588442
WOW__TEST__STEGO__3327.pgm,3327.pgm,WOW,1,${BOSSBASE_ROOT}\stego\WOW\0.4bpp\stego\3327.pgm,0.8248855208530419,0.491455078125,0.51220703125,0.491455078125,0.51220703125,0.61872284144692,0.50537109375,0.5322265625,0.50537109375,0.5322265625,0.41531377531778807,0.50048828125,0.548828125,0.50048828125,0.548828125,0.005797401254434213,0.52783203125,0.54833984375,0.52783203125,0.54833984375,0.6836307335389405,0.4921875,0.62451171875,0.4921875,0.62451171875,WOW,0.08714960066775625,0.007674648565737213,0.1491826188615205,0.24870469692917135,0.5072884349758147
WOW__TEST__STEGO__9058.pgm,9058.pgm,WOW,1,${BOSSBASE_ROOT}\stego\WOW\0.4bpp\stego\9058.pgm,0.656217787882264,0.491455078125,0.51220703125,0.491455078125,0.51220703125,0.5057408670915525,0.50537109375,0.5322265625,0.50537109375,0.5322265625,0.47884868997310365,0.50048828125,0.548828125,0.50048828125,0.548828125,0.16411417070210504,0.52783203125,0.54833984375,0.52783203125,0.54833984375,0.3188031832624884,0.4921875,0.62451171875,0.4921875,0.62451171875,WOW,0.18151741343371178,0.03149428057185816,0.11717995117074727,0.2640113931311391,0.4057969616925437
WOW__TEST__STEGO__5239.pgm,5239.pgm,WOW,1,${BOSSBASE_ROOT}\stego\WOW\0.4bpp\stego\5239.pgm,0.9911526449170697,0.491455078125,0.51220703125,0.491455078125,0.51220703125,0.9900250791759213,0.50537109375,0.5322265625,0.50537109375,0.5322265625,0.9920311850466846,0.50048828125,0.548828125,0.50048828125,0.548828125,0.008916127052872005,0.52783203125,0.54833984375,0.52783203125,0.54833984375,0.9913892323324893,0.4921875,0.62451171875,0.4921875,0.62451171875,WOW,0.17130586137854015,0.0016902871935511583,0.1269683322660629,0.22037647857642,0.4796590405854258
WOW__TEST__STEGO__7859.pgm,7859.pgm,WOW,1,${BOSSBASE_ROOT}\stego\WOW\0.4bpp\stego\7859.pgm,0.9919380084717284,0.491455078125,0.51220703125,0.491455078125,0.51220703125,0.9976311257447729,0.50537109375,0.5322265625,0.50537109375,0.5322265625,0.9874236517231209,0.50048828125,0.548828125,0.50048828125,0.548828125,0.007121428745735101,0.52783203125,0.54833984375,0.52783203125,0.54833984375,0.22017472757476786,0.4921875,0.62451171875,0.4921875,0.62451171875,WOW,0.1517205472072942,0.0018688847634285802,0.018256568719268017,0.2882756192956624,0.5398783800143467
WOW__TEST__STEGO__1135.pgm,1135.pgm,WOW,1,${BOSSBASE_ROOT}\stego\WOW\0.4bpp\stego\1135.pgm,0.6890964342015904,0.491455078125,0.51220703125,0.491455078125,0.51220703125,0.7470627618037584,0.50537109375,0.5322265625,0.50537109375,0.5322265625,0.6270381503544469,0.50048828125,0.548828125,0.50048828125,0.548828125,0.5894800635673996,0.52783203125,0.54833984375,0.52783203125,0.54833984375,0.6262384732594434,0.4921875,0.62451171875,0.4921875,0.62451171875,S-UNIWARD,0.13043818700760912,0.12686842776396076,0.14677632374973143,0.3221610676814955,0.27375599379720317
WOW__TEST__STEGO__4763.pgm,4763.pgm,WOW,1,${BOSSBASE_ROOT}\stego\WOW\0.4bpp\stego\4763.pgm,0.08555634995141925,0.491455078125,0.51220703125,0.491455078125,0.51220703125,0.7424217173984088,0.50537109375,0.5322265625,0.50537109375,0.5322265625,0.670500413132056,0.50048828125,0.548828125,0.50048828125,0.548828125,0.3991673844857398,0.52783203125,0.54833984375,0.52783203125,0.54833984375,0.8533025895746407,0.4921875,0.62451171875,0.4921875,0.62451171875,MiPOD,0.23296232450581794,0.11587303537300465,0.3527805296833111,0.27803787041858924,0.020346240019277196
WOW__TEST__STEGO__7775.pgm,7775.pgm,WOW,1,${BOSSBASE_ROOT}\stego\WOW\0.4bpp\stego\7775.pgm,0.9908034475769532,0.491455078125,0.51220703125,0.491455078125,0.51220703125,0.059319142103437215,0.50537109375,0.5322265625,0.50537109375,0.5322265625,0.9816303618907107,0.50048828125,0.548828125,0.50048828125,0.548828125,0.008478401934677453,0.52783203125,0.54833984375,0.52783203125,0.54833984375,0.9732915354985551,0.4921875,0.62451171875,0.4921875,0.62451171875,WOW,0.326189382371815,0.00122219132293279,0.22310807478713737,0.005934244518914928,0.4435461069992
WOW__TEST__STEGO__4743.pgm,4743.pgm,WOW,1,${BOSSBASE_ROOT}\stego\WOW\0.4bpp\stego\4743.pgm,0.1476780597041612,0.491455078125,0.51220703125,0.491455078125,0.51220703125,0.9723622781264187,0.50537109375,0.5322265625,0.50537109375,0.5322265625,0.07329727648874512,0.50048828125,0.548828125,0.50048828125,0.548828125,0.7280721311079275,0.52783203125,0.54833984375,0.52783203125,0.54833984375,0.8159668481659097,0.4921875,0.62451171875,0.4921875,0.62451171875,S-UNIWARD,0.009677904262892884,0.37379523706756457,0.08502797271238594,0.5221135488923493,0.009385337064807228
WOW__TEST__STEGO__7799.pgm,7799.pgm,WOW,1,${BOSSBASE_ROOT}\stego\WOW\0.4bpp\stego\7799.pgm,0.9935368622818452,0.491455078125,0.51220703125,0.491455078125,0.51220703125,0.9920311850466846,0.50537109375,0.5322265625,0.50537109375,0.5322265625,0.9936610782629057,0.50048828125,0.548828125,0.50048828125,0.548828125,0.9787126482065489,0.52783203125,0.54833984375,0.52783203125,0.54833984375,0.9919691867837398,0.4921875,0.62451171875,0.4921875,0.62451171875,WOW,0.10859014506037519,0.1543298605149547,0.13227262957425992,0.20354539706383135,0.40126196778657885
WOW__TEST__STEGO__4421.pgm,4421.pgm,WOW,1,${BOSSBASE_ROOT}\stego\WOW\0.4bpp\stego\4421.pgm,0.5049398722236645,0.491455078125,0.51220703125,0.491455078125,0.51220703125,0.5110150632167917,0.50537109375,0.5322265625,0.50537109375,0.5322265625,0.5310117770801489,0.50048828125,0.548828125,0.50048828125,0.548828125,0.5190642398517068,0.52783203125,0.54833984375,0.52783203125,0.54833984375,0.524775225868676,0.4921875,0.62451171875,0.4921875,0.62451171875,S-UNIWARD,0.1947126332531306,0.18414361529190776,0.2117519281911836,0.22281566345729245,0.18657615980648556
WOW__TEST__STEGO__3107.pgm,3107.pgm,WOW,1,${BOSSBASE_ROOT}\stego\WOW\0.4bpp\stego\3107.pgm,0.9860442896017267,0.491455078125,0.51220703125,0.491455078125,0.51220703125,0.013584392513059033,0.50537109375,0.5322265625,0.50537109375,0.5322265625,0.7613611051229845,0.50048828125,0.548828125,0.50048828125,0.548828125,0.05551511408876055,0.52783203125,0.54833984375,0.52783203125,0.54833984375,0.7345005791918268,0.4921875,0.62451171875,0.4921875,0.62451171875,WOW,0.22241343583307674,0.0026763874439708155,0.1624767134972751,0.009508161175256156,0.6029253020504213
WOW__TEST__STEGO__8336.pgm,8336.pgm,WOW,1,${BOSSBASE_ROOT}\stego\WOW\0.4bpp\stego\8336.pgm,0.48460874599493853,0.491455078125,0.51220703125,0.491455078125,0.51220703125,0.4827186782145216,0.50537109375,0.5322265625,0.50537109375,0.5322265625,0.49732783000667863,0.50048828125,0.548828125,0.50048828125,0.548828125,0.052230857101425734,0.52783203125,0.54833984375,0.52783203125,0.54833984375,1.4637785141237664e-12,0.4921875,0.62451171875,0.4921875,0.62451171875,S-UNIWARD,0.2823164582800994,0.03172546537962085,0.07606700124967475,0.33982772579493914,0.27006334929566594
WOW__TEST__STEGO__4549.pgm,4549.pgm,WOW,1,${BOSSBASE_ROOT}\stego\WOW\0.4bpp\stego\4549.pgm,0.4055664462969453,0.491455078125,0.51220703125,0.491455078125,0.51220703125,0.44269672988657327,0.50537109375,0.5322265625,0.50537109375,0.5322265625,0.4364418845531071,0.50048828125,0.548828125,0.50048828125,0.548828125,0.0016420666692028368,0.52783203125,0.54833984375,0.52783203125,0.54833984375,0.6563279337765606,0.4921875,0.62451171875,0.4921875,0.62451171875,MiPOD,0.24376125757728379,0.023475390899086207,0.357717021936018,0.2231495457599231,0.1518967838276889
WOW__TEST__STEGO__9636.pgm,9636.pgm,WOW,1,${BOSSBASE_ROOT}\stego\WOW\0.4bpp\stego\9636.pgm,0.22490549231653445,0.491455078125,0.51220703125,0.491455078125,0.51220703125,0.19482697856563788,0.50537109375,0.5322265625,0.50537109375,0.5322265625,0.5677568767912603,0.50048828125,0.548828125,0.50048828125,0.548828125,0.636240113432218,0.52783203125,0.54833984375,0.52783203125,0.54833984375,0.5357057202813268,0.4921875,0.62451171875,0.4921875,0.62451171875,HUGO,0.26566380277759655,0.35936812323410194,0.27516131506009683,0.05318914221811125,0.04661761671009326
WOW__TEST__STEGO__2161.pgm,2161.pgm,WOW,1,${BOSSBASE_ROOT}\stego\WOW\0.4bpp\stego\2161.pgm,0.019531238542645393,0.491455078125,0.51220703125,0.491455078125,0.51220703125,0.21883627123404897,0.50537109375,0.5322265625,0.50537109375,0.5322265625,0.005199880176696374,0.50048828125,0.548828125,0.50048828125,0.548828125,0.0003077430764601415,0.52783203125,0.54833984375,0.52783203125,0.54833984375,0.0706877914430165,0.4921875,0.62451171875,0.4921875,0.62451171875,S-UNIWARD,0.18521295434902452,0.13626924915642513,0.21736781789216844,0.3964152718899675,0.06473470671241441
WOW__TEST__STEGO__358.pgm,358.pgm,WOW,1,${BOSSBASE_ROOT}\stego\WOW\0.4bpp\stego\358.pgm,0.5073046255211787,0.491455078125,0.51220703125,0.491455078125,0.51220703125,0.4230408465615148,0.50537109375,0.5322265625,0.50537109375,0.5322265625,0.5715872593448814,0.50048828125,0.548828125,0.50048828125,0.548828125,0.6087103669150615,0.52783203125,0.54833984375,0.52783203125,0.54833984375,0.46034954405103373,0.4921875,0.62451171875,0.4921875,0.62451171875,HUGO,0.2197290793853891,0.25686403792018536,0.1907045824414741,0.14977359347746205,0.18292870677548942
WOW__TEST__STEGO__3504.pgm,3504.pgm,WOW,1,${BOSSBASE_ROOT}\stego\WOW\0.4bpp\stego\3504.pgm,0.9877587247081928,0.491455078125,0.51220703125,0.491455078125,0.51220703125,0.9937587407701782,0.50537109375,0.5322265625,0.50537109375,0.5322265625,0.9881766051636294,0.50048828125,0.548828125,0.50048828125,0.548828125,0.005620036400026994,0.52783203125,0.54833984375,0.52783203125,0.54833984375,0.9927952309111313,0.4921875,0.62451171875,0.4921875,0.62451171875,WOW,0.17013426694915515,0.0016884177117670914,0.127683610235744,0.2255429564716342,0.4749507486316996
WOW__TEST__STEGO__3653.pgm,3653.pgm,WOW,1,${BOSSBASE_ROOT}\stego\WOW\0.4bpp\stego\3653.pgm,0.9927952309111313,0.491455078125,0.51220703125,0.491455078125,0.51220703125,0.9865717452580314,0.50537109375,0.5322265625,0.50537109375,0.5322265625,0.9905142868292047,0.50048828125,0.548828125,0.50048828125,0.548828125,0.9816655479104817,0.52783203125,0.54833984375,0.52783203125,0.54833984375,0.9921232932834126,0.4921875,0.62451171875,0.4921875,0.62451171875,WOW,0.10820089983313914,0.15732408810666054,0.13315129051966162,0.20057396029538668,0.4007497612451521
WOW__TEST__STEGO__7074.pgm,7074.pgm,WOW,1,${BOSSBASE_ROOT}\stego\WOW\0.4bpp\stego\7074.pgm,0.991186833496954,0.491455078125,0.51220703125,0.491455078125,0.51220703125,0.6096403694637793,0.50537109375,0.5322265625,0.50537109375,0.5322265625,0.9872772918000768,0.50048828125,0.548828125,0.50048828125,0.548828125,0.010735162609090678,0.52783203125,0.54833984375,0.52783203125,0.54833984375,0.9846936454393053,0.4921875,0.62451171875,0.4921875,0.62451171875,WOW,0.24732833927829942,0.0016626312914601554,0.1781237059922187,0.05596955382588922,0.5169157696121326
WOW__TEST__STEGO__9527.pgm,9527.pgm,WOW,1,${BOSSBASE_ROOT}\stego\WOW\0.4bpp\stego\9527.pgm,0.9871292507842533,0.491455078125,0.51220703125,0.491455078125,0.51220703125,0.959686562165167,0.50537109375,0.5322265625,0.50537109375,0.5322265625,0.3671568194297745,0.50048828125,0.548828125,0.50048828125,0.548828125,0.8446654396666785,0.52783203125,0.54833984375,0.52783203125,0.54833984375,0.8216173406683573,0.4921875,0.62451171875,0.4921875,0.62451171875,S-UNIWARD,0.015889165218365604,0.15236671951520595,0.06851230686506357,0.3862847330089174,0.37694707539244743
WOW__TEST__STEGO__4599.pgm,4599.pgm,WOW,1,${BOSSBASE_ROOT}\stego\WOW\0.4bpp\stego\4599.pgm,0.9868280501184434,0.491455078125,0.51220703125,0.491455078125,0.51220703125,0.96036116089903,0.50537109375,0.5322265625,0.50537109375,0.5322265625,0.9904035452676181,0.50048828125,0.548828125,0.50048828125,0.548828125,0.01238378463726033,0.52783203125,0.54833984375,0.52783203125,0.54833984375,0.7282654309135744,0.4921875,0.62451171875,0.4921875,0.62451171875,WOW,0.17946677647213827,0.0018914418645651142,0.07152194215042665,0.22693985813554002,0.52017998137733
WOW__TEST__STEGO__3144.pgm,3144.pgm,WOW,1,${BOSSBASE_ROOT}\stego\WOW\0.4bpp\stego\3144.pgm,0.2794350592151495,0.491455078125,0.51220703125,0.491455078125,0.51220703125,0.42572460186024885,0.50537109375,0.5322265625,0.50537109375,0.5322265625,0.5242576743965918,0.50048828125,0.548828125,0.50048828125,0.548828125,0.4941523357295694,0.52783203125,0.54833984375,0.52783203125,0.54833984375,0.4930309994326243,0.4921875,0.62451171875,0.4921875,0.62451171875,HILL,0.2517537894195183,0.24316970291355547,0.25172295073705153,0.1762349016208691,0.07711865530900555
WOW__TEST__STEGO__7349.pgm,7349.pgm,WOW,1,${BOSSBASE_ROOT}\stego\WOW\0.4bpp\stego\7349.pgm,0.9865717452580314,0.491455078125,0.51220703125,0.491455078125,0.51220703125,0.981979260068153,0.50537109375,0.5322265625,0.50537109375,0.5322265625,0.9854404813796805,0.50048828125,0.548828125,0.50048828125,0.548828125,0.008745181682035148,0.52783203125,0.54833984375,0.52783203125,0.54833984375,0.984810951192016,0.4921875,0.62451171875,0.4921875,0.62451171875,WOW,0.17215824040831817,0.0017389736769494004,0.12783755575768388,0.21953908174329836,0.47872614841375005
WOW__TEST__STEGO__6525.pgm,6525.pgm,WOW,1,${BOSSBASE_ROOT}\stego\WOW\0.4bpp\stego\6525.pgm,0.9882221573114803,0.491455078125,0.51220703125,0.491455078125,0.51220703125,0.5588988602318213,0.50537109375,0.5322265625,0.50537109375,0.5322265625,0.5961392876756155,0.50048828125,0.548828125,0.50048828125,0.548828125,0.03102617939183979,0.52783203125,0.54833984375,0.52783203125,0.54833984375,0.679178699175393,0.4921875,0.62451171875,0.4921875,0.62451171875,WOW,0.09705195926146117,0.003732365722060277,0.10098318833846621,0.10722083370643126,0.6910116529715811
WOW__TEST__STEGO__6284.pgm,6284.pgm,WOW,1,${BOSSBASE_ROOT}\stego\WOW\0.4bpp\stego\6284.pgm,0.2146914191122419,0.491455078125,0.51220703125,0.491455078125,0.51220703125,0.4163812871848196,0.50537109375,0.5322265625,0.50537109375,0.5322265625,0.4298481546439914,0.50048828125,0.548828125,0.50048828125,0.548828125,0.7683857743122923,0.52783203125,0.54833984375,0.52783203125,0.54833984375,7.713570721178436e-13,0.4921875,0.62451171875,0.4921875,0.62451171875,HUGO,0.09870067064234198,0.6876826041473357,0.04570380201860908,0.1317138441950376,0.036199078996675585
WOW__TEST__STEGO__5323.pgm,5323.pgm,WOW,1,${BOSSBASE_ROOT}\stego\WOW\0.4bpp\stego\5323.pgm,0.9905142868292047,0.491455078125,0.51220703125,0.491455078125,0.51220703125,0.9905509186809447,0.50537109375,0.5322265625,0.50537109375,0.5322265625,0.9732915354985551,0.50048828125,0.548828125,0.50048828125,0.548828125,0.9832145101099363,0.52783203125,0.54833984375,0.52783203125,0.54833984375,0.9896718474806949,0.4921875,0.62451171875,0.4921875,0.62451171875,WOW,0.10224751671641476,0.1620150819061271,0.13135478981298532,0.20797530775763673,0.396407303806836
WOW__TEST__STEGO__1825.pgm,1825.pgm,WOW,1,${BOSSBASE_ROOT}\stego\WOW\0.4bpp\stego\1825.pgm,0.4980087385549037,0.491455078125,0.51220703125,0.491455078125,0.51220703125,0.5196889105756083,0.50537109375,0.5322265625,0.50537109375,0.5322265625,0.5270122483693945,0.50048828125,0.548828125,0.50048828125,0.548828125,0.5258558222335034,0.52783203125,0.54833984375,0.52783203125,0.54833984375,0.5073198810467483,0.4921875,0.62451171875,0.4921875,0.62451171875,S-UNIWARD,0.19063739121525367,0.1936972475339092,0.2019044356177459,0.23247394508188376,0.18128698055120743
WOW__TEST__STEGO__5781.pgm,5781.pgm,WOW,1,${BOSSBASE_ROOT}\stego\WOW\0.4bpp\stego\5781.pgm,0.9908743626108194,0.491455078125,0.51220703125,0.491455078125,0.51220703125,0.9881308789536605,0.50537109375,0.5322265625,0.50537109375,0.5322265625,0.9934865014403319,0.50048828125,0.548828125,0.50048828125,0.548828125,0.9885362026220039,0.52783203125,0.54833984375,0.52783203125,0.54833984375,0.9910492885631179,0.4921875,0.62451171875,0.4921875,0.62451171875,WOW,0.1085617952810018,0.16212808823718564,0.13263353996391933,0.2005293371673454,0.3961472393505479
WOW__TEST__STEGO__1676.pgm,1676.pgm,WOW,1,${BOSSBASE_ROOT}\stego\WOW\0.4bpp\stego\1676.pgm,0.7362109934421669,0.491455078125,0.51220703125,0.491455078125,0.51220703125,0.45750025922573506,0.50537109375,0.5322265625,0.50537109375,0.5322265625,2.1861848179042132e-07,0.50048828125,0.548828125,0.50048828125,0.548828125,2.3070333102142654e-26,0.52783203125,0.54833984375,0.52783203125,0.54833984375,0.8978745248133241,0.4921875,0.62451171875,0.4921875,0.62451171875,WOW,0.03535568994613151,0.014375875066309959,0.3133102653035494,0.24632537728767237,0.39063279239633675
WOW__TEST__STEGO__1424.pgm,1424.pgm,WOW,1,${BOSSBASE_ROOT}\stego\WOW\0.4bpp\stego\1424.pgm,0.9389128927122935,0.491455078125,0.51220703125,0.491455078125,0.51220703125,0.6572084948476052,0.50537109375,0.5322265625,0.50537109375,0.5322265625,0.7714993677488416,0.50048828125,0.548828125,0.50048828125,0.548828125,0.7249676450535651,0.52783203125,0.54833984375,0.52783203125,0.54833984375,0.8626990443164568,0.4921875,0.62451171875,0.4921875,0.62451171875,WOW,0.12177205076381746,0.08877472322410261,0.17296273224979383,0.11697818118533063,0.4995123125769554
WOW__TEST__STEGO__5413.pgm,5413.pgm,WOW,1,${BOSSBASE_ROOT}\stego\WOW\0.4bpp\stego\5413.pgm,0.9909447358132779,0.491455078125,0.51220703125,0.491455078125,0.51220703125,0.9697854129326061,0.50537109375,0.5322265625,0.50537109375,0.5322265625,0.9887119261007691,0.50048828125,0.548828125,0.50048828125,0.548828125,0.008916127052872005,0.52783203125,0.54833984375,0.52783203125,0.54833984375,0.9904775143296634,0.4921875,0.62451171875,0.4921875,0.62451171875,WOW,0.17470953538769574,0.0017102313744740143,0.1302197608974836,0.20764156479106152,0.48571890754928515
WOW__TEST__STEGO__3450.pgm,3450.pgm,WOW,1,${BOSSBASE_ROOT}\stego\WOW\0.4bpp\stego\3450.pgm,0.5137751996972957,0.491455078125,0.51220703125,0.491455078125,0.51220703125,0.5144460515964236,0.50537109375,0.5322265625,0.50537109375,0.5322265625,0.5196279697686214,0.50048828125,0.548828125,0.50048828125,0.548828125,0.5129136924157439,0.52783203125,0.54833984375,0.52783203125,0.54833984375,0.5212122356451063,0.4921875,0.62451171875,0.4921875,0.62451171875,S-UNIWARD,0.18758270576332667,0.17953596803421115,0.20823755222706217,0.23001372270704062,0.19463005126835944
WOW__TEST__STEGO__7540.pgm,7540.pgm,WOW,1,${BOSSBASE_ROOT}\stego\WOW\0.4bpp\stego\7540.pgm,0.9907677855954636,0.491455078125,0.51220703125,0.491455078125,0.51220703125,0.9921232932834126,0.50537109375,0.5322265625,0.50537109375,0.5322265625,0.9894295113796924,0.50048828125,0.548828125,0.50048828125,0.548828125,0.008061991528271641,0.52783203125,0.54833984375,0.52783203125,0.54833984375,0.9913222832950107,0.4921875,0.62451171875,0.4921875,0.62451171875,WOW,0.16977039443224376,0.0016902650415398437,0.12668389221272305,0.2228986703438293,0.4789567779696639
WOW__TEST__STEGO__248.pgm,248.pgm,WOW,1,${BOSSBASE_ROOT}\stego\WOW\0.4bpp\stego\248.pgm,0.9920311850466846,0.491455078125,0.51220703125,0.491455078125,0.51220703125,0.9937100978631075,0.50537109375,0.5322265625,0.50537109375,0.5322265625,0.994269753485008,0.50048828125,0.548828125,0.50048828125,0.548828125,0.9900635812940538,0.52783203125,0.54833984375,0.52783203125,0.54833984375,0.9920311850466846,0.4921875,0.62451171875,0.4921875,0.62451171875,WOW,0.10753106004477722,0.16210129533619053,0.1315558931136346,0.2033077485980009,0.3955040029073968
WOW__TEST__STEGO__9796.pgm,9796.pgm,WOW,1,${BOSSBASE_ROOT}\stego\WOW\0.4bpp\stego\9796.pgm,0.9829546827465642,0.491455078125,0.51220703125,0.491455078125,0.51220703125,0.8463238585599343,0.50537109375,0.5322265625,0.50537109375,0.5322265625,0.5600421218931694,0.50048828125,0.548828125,0.50048828125,0.548828125,0.010368156650788152,0.52783203125,0.54833984375,0.52783203125,0.54833984375,0.6573184890822948,0.4921875,0.62451171875,0.4921875,0.62451171875,WOW,0.059430450227693284,0.003297163085018258,0.06552446878641674,0.289881008836439,0.5818669090644327
WOW__TEST__STEGO__7398.pgm,7398.pgm,WOW,1,${BOSSBASE_ROOT}\stego\WOW\0.4bpp\stego\7398.pgm,0.3671568194297745,0.491455078125,0.51220703125,0.491455078125,0.51220703125,0.4992313391065178,0.50537109375,0.5322265625,0.50537109375,0.5322265625,0.4849212607457642,0.50048828125,0.548828125,0.50048828125,0.548828125,0.19744445710480676,0.52783203125,0.54833984375,0.52783203125,0.54833984375,0.4789096162205437,0.4921875,0.62451171875,0.4921875,0.62451171875,S-UNIWARD,0.2630905440001892,0.06543328934679105,0.24561352836928724,0.2894289642584893,0.1364336740252432
WOW__TEST__STEGO__233.pgm,233.pgm,WOW,1,${BOSSBASE_ROOT}\stego\WOW\0.4bpp\stego\233.pgm,0.9906237625491514,0.491455078125,0.51220703125,0.491455078125,0.51220703125,0.9806548960854106,0.50537109375,0.5322265625,0.50537109375,0.5322265625,0.9842154389261902,0.50048828125,0.548828125,0.50048828125,0.548828125,0.8718026479277411,0.52783203125,0.54833984375,0.52783203125,0.54833984375,0.9808025508024198,0.4921875,0.62451171875,0.4921875,0.62451171875,WOW,0.11904796585099858,0.10093983727603052,0.13707603838256235,0.2122597038459339,0.43067645464447457
WOW__TEST__STEGO__9327.pgm,9327.pgm,WOW,1,${BOSSBASE_ROOT}\stego\WOW\0.4bpp\stego\9327.pgm,0.541893736370524,0.491455078125,0.51220703125,0.491455078125,0.51220703125,0.41531377531778807,0.50537109375,0.5322265625,0.50537109375,0.5322265625,0.5684158138804382,0.50048828125,0.548828125,0.50048828125,0.548828125,0.7576150858583124,0.52783203125,0.54833984375,0.52783203125,0.54833984375,0.5539577655323352,0.4921875,0.62451171875,0.4921875,0.62451171875,HUGO,0.15975762493080028,0.38079453388755335,0.18875709978901273,0.11046626731914115,0.16022447407349252
WOW__TEST__STEGO__5235.pgm,5235.pgm,WOW,1,${BOSSBASE_ROOT}\stego\WOW\0.4bpp\stego\5235.pgm,0.9886682464686385,0.491455078125,0.51220703125,0.491455078125,0.51220703125,0.9760379759604947,0.50537109375,0.5322265625,0.50537109375,0.5322265625,0.9505947548144925,0.50048828125,0.548828125,0.50048828125,0.548828125,0.012241275291807161,0.52783203125,0.54833984375,0.52783203125,0.54833984375,0.8824278664544911,0.4921875,0.62451171875,0.4921875,0.62451171875,WOW,0.15705964864002087,0.0018998644379581587,0.10090793772097854,0.23724425232466664,0.5028882968763758
WOW__TEST__STEGO__446.pgm,446.pgm,WOW,1,${BOSSBASE_ROOT}\stego\WOW\0.4bpp\stego\446.pgm,0.985990433713597,0.491455078125,0.51220703125,0.491455078125,0.51220703125,0.9952999394649492,0.50537109375,0.5322265625,0.50537109375,0.5322265625,0.9883577758353339,0.50048828125,0.548828125,0.50048828125,0.548828125,0.9796676466573412,0.52783203125,0.54833984375,0.52783203125,0.54833984375,0.9899476313420319,0.4921875,0.62451171875,0.4921875,0.62451171875,WOW,0.10775182069279458,0.15902678156348946,0.1326195106642593,0.20913660378426055,0.39146528329519603
WOW__TEST__STEGO__2006.pgm,2006.pgm,WOW,1,${BOSSBASE_ROOT}\stego\WOW\0.4bpp\stego\2006.pgm,0.5046881255481172,0.491455078125,0.51220703125,0.491455078125,0.51220703125,0.5187442633481362,0.50537109375,0.5322265625,0.50537109375,0.5322265625,0.5221260431827757,0.50048828125,0.548828125,0.50048828125,0.548828125,0.5584775004239418,0.52783203125,0.54833984375,0.52783203125,0.54833984375,0.5323035739718591,0.4921875,0.62451171875,0.4921875,0.62451171875,S-UNIWARD,0.17816934468031234,0.21539124345375515,0.2064420021749259,0.2221386344218392,0.17785877526916738
WOW__TEST__STEGO__1527.pgm,1527.pgm,WOW,1,${BOSSBASE_ROOT}\stego\WOW\0.4bpp\stego\1527.pgm,0.025711587009830984,0.491455078125,0.51220703125,0.491455078125,0.51220703125,0.12656909892932988,0.50537109375,0.5322265625,0.50537109375,0.5322265625,0.3366581026778238,0.50048828125,0.548828125,0.50048828125,0.548828125,0.06441766541349403,0.52783203125,0.54833984375,0.52783203125,0.54833984375,0.056132775701229716,0.4921875,0.62451171875,0.4921875,0.62451171875,HILL,0.4605290546835943,0.10847879156045627,0.2135913085832589,0.16003738185045047,0.057363463322240085
WOW__TEST__STEGO__8977.pgm,8977.pgm,WOW,1,${BOSSBASE_ROOT}\stego\WOW\0.4bpp\stego\8977.pgm,0.946200356539936,0.491455078125,0.51220703125,0.491455078125,0.51220703125,0.8456877265587688,0.50537109375,0.5322265625,0.50537109375,0.5322265625,0.8487216007111212,0.50048828125,0.548828125,0.50048828125,0.548828125,0.4039194923261513,0.52783203125,0.54833984375,0.52783203125,0.54833984375,0.8034823745720369,0.4921875,0.62451171875,0.4921875,0.62451171875,WOW,0.1403071626943723,0.017750790318874072,0.12005515109992418,0.21083849114780936,0.51104840473902
WOW__TEST__STEGO__8193.pgm,8193.pgm,WOW,1,${BOSSBASE_ROOT}\stego\WOW\0.4bpp\stego\8193.pgm,0.9885362026220039,0.491455078125,0.51220703125,0.491455078125,0.51220703125,0.9731898041004327,0.50537109375,0.5322265625,0.50537109375,0.5322265625,0.9859363729567544,0.50048828125,0.548828125,0.50048828125,0.548828125,0.007345826574477061,0.52783203125,0.54833984375,0.52783203125,0.54833984375,0.9893062422638245,0.4921875,0.62451171875,0.4921875,0.62451171875,WOW,0.1736999150698713,0.0017167382302046795,0.1300212168185343,0.21192657193595993,0.48263555794542995
WOW__TEST__STEGO__5668.pgm,5668.pgm,WOW,1,${BOSSBASE_ROOT}\stego\WOW\0.4bpp\stego\5668.pgm,0.9904035452676181,0.491455078125,0.51220703125,0.491455078125,0.51220703125,0.9897116988662837,0.50537109375,0.5322265625,0.50537109375,0.5322265625,0.9924520766240994,0.50048828125,0.548828125,0.50048828125,0.548828125,0.6576483703659359,0.52783203125,0.54833984375,0.52783203125,0.54833984375,0.9901782070803069,0.4921875,0.62451171875,0.4921875,0.62451171875,WOW,0.13719700140539096,0.03775200508534129,0.1414701475013485,0.22580344101939961,0.4577774049885195
WOW__TEST__STEGO__6601.pgm,6601.pgm,WOW,1,${BOSSBASE_ROOT}\stego\WOW\0.4bpp\stego\6601.pgm,0.9906237625491514,0.491455078125,0.51220703125,0.491455078125,0.51220703125,0.9854404813796805,0.50537109375,0.5322265625,0.50537109375,0.5322265625,0.9902915235185259,0.50048828125,0.548828125,0.50048828125,0.548828125,0.007695647178392188,0.52783203125,0.54833984375,0.52783203125,0.54833984375,0.9885803853543514,0.4921875,0.62451171875,0.4921875,0.62451171875,WOW,0.1719143559018888,0.001691440796192162,0.127061907838678,0.21823558433819515,0.4810967111250459
WOW__TEST__STEGO__8867.pgm,8867.pgm,WOW,1,${BOSSBASE_ROOT}\stego\WOW\0.4bpp\stego\8867.pgm,0.9922444632191525,0.491455078125,0.51220703125,0.491455078125,0.51220703125,0.9961903698015271,0.50537109375,0.5322265625,0.50537109375,0.5322265625,0.9932287900693889,0.50048828125,0.548828125,0.50048828125,0.548828125,0.02108484113689781,0.52783203125,0.54833984375,0.52783203125,0.54833984375,0.9935618974445167,0.4921875,0.62451171875,0.4921875,0.62451171875,WOW,0.1692817139745246,0.0017783251825766496,0.12654915008505113,0.22390509587989854,0.4784857148779491
WOW__TEST__STEGO__5843.pgm,5843.pgm,WOW,1,${BOSSBASE_ROOT}\stego\WOW\0.4bpp\stego\5843.pgm,0.9892648373909093,0.491455078125,0.51220703125,0.491455078125,0.51220703125,0.9940196700308718,0.50537109375,0.5322265625,0.50537109375,0.5322265625,0.992710922416408,0.50048828125,0.548828125,0.50048828125,0.548828125,0.007121428745735101,0.52783203125,0.54833984375,0.52783203125,0.54833984375,0.9916195466489739,0.4921875,0.62451171875,0.4921875,0.62451171875,WOW,0.17153002639805615,0.001682377293920321,0.12687358315136507,0.2237096080640311,0.4762044050926273
WOW__TEST__STEGO__2181.pgm,2181.pgm,WOW,1,${BOSSBASE_ROOT}\stego\WOW\0.4bpp\stego\2181.pgm,0.6868953627546549,0.491455078125,0.51220703125,0.491455078125,0.51220703125,0.9622497251475317,0.50537109375,0.5322265625,0.50537109375,0.5322265625,0.6668223097540593,0.50048828125,0.548828125,0.50048828125,0.548828125,0.015723990527735578,0.52783203125,0.54833984375,0.52783203125,0.54833984375,0.6852126790541446,0.4921875,0.62451171875,0.4921875,0.62451171875,S-UNIWARD,0.12238991510756161,0.006631887127396537,0.10715039284885637,0.5388462418251622,0.22498156309102338
WOW__TEST__STEGO__686.pgm,686.pgm,WOW,1,${BOSSBASE_ROOT}\stego\WOW\0.4bpp\stego\686.pgm,0.9900250791759213,0.491455078125,0.51220703125,0.491455078125,0.51220703125,0.9064876908461501,0.50537109375,0.5322265625,0.50537109375,0.5322265625,0.9523973431900807,0.50048828125,0.548828125,0.50048828125,0.548828125,0.011961098249809548,0.52783203125,0.54833984375,0.52783203125,0.54833984375,0.9615338079816756,0.4921875,0.62451171875,0.4921875,0.62451171875,WOW,0.17268786471939082,0.0018772130017242327,0.13252766653139228,0.1813353905149218,0.5115718652325708
WOW__TEST__STEGO__5990.pgm,5990.pgm,WOW,1,${BOSSBASE_ROOT}\stego\WOW\0.4bpp\stego\5990.pgm,0.9919380084717284,0.491455078125,0.51220703125,0.491455078125,0.51220703125,0.9959614084284943,0.50537109375,0.5322265625,0.50537109375,0.5322265625,0.9909096166863416,0.50048828125,0.548828125,0.50048828125,0.548828125,0.01307078477418707,0.52783203125,0.54833984375,0.52783203125,0.54833984375,0.9844563520692292,0.4921875,0.62451171875,0.4921875,0.62451171875,WOW,0.1688715504851327,0.0017230888144025647,0.12382596834229363,0.22551934235421658,0.4800600500039546
WOW__TEST__STEGO__9843.pgm,9843.pgm,WOW,1,${BOSSBASE_ROOT}\stego\WOW\0.4bpp\stego\9843.pgm,0.991875291221819,0.491455078125,0.51220703125,0.491455078125,0.51220703125,0.9952816307449724,0.50537109375,0.5322265625,0.50537109375,0.5322265625,0.992988204618503,0.50048828125,0.548828125,0.50048828125,0.548828125,0.019531238542645393,0.52783203125,0.54833984375,0.52783203125,0.54833984375,0.9923637835053328,0.4921875,0.62451171875,0.4921875,0.62451171875,WOW,0.16963423962773475,0.0017690362346958555,0.1264259341660974,0.22359553910491714,0.4785752508665549
WOW__TEST__STEGO__7921.pgm,7921.pgm,WOW,1,${BOSSBASE_ROOT}\stego\WOW\0.4bpp\stego\7921.pgm,0.9868280501184434,0.491455078125,0.51220703125,0.491455078125,0.51220703125,0.9921841112107114,0.50537109375,0.5322265625,0.50537109375,0.5322265625,0.9827572224423471,0.50048828125,0.548828125,0.50048828125,0.548828125,0.007695647178392188,0.52783203125,0.54833984375,0.52783203125,0.54833984375,0.9860979413749407,0.4921875,0.62451171875,0.4921875,0.62451171875,WOW,0.1683293342827177,0.0017280884769861802,0.12633893550081896,0.22747181487428408,0.4761318268651931
WOW__TEST__STEGO__210.pgm,210.pgm,WOW,1,${BOSSBASE_ROOT}\stego\WOW\0.4bpp\stego\210.pgm,0.9768907222638489,0.491455078125,0.51220703125,0.491455078125,0.51220703125,0.8464508271169839,0.50537109375,0.5322265625,0.50537109375,0.5322265625,0.9265699473001059,0.50048828125,0.548828125,0.50048828125,0.548828125,0.01013041166358438,0.52783203125,0.54833984375,0.52783203125,0.54833984375,0.44773193308623555,0.4921875,0.62451171875,0.4921875,0.62451171875,WOW,0.1766068727200207,0.0022980541767517217,0.04276752563162631,0.19457347656049057,0.5837540709111106
WOW__TEST__STEGO__3274.pgm,3274.pgm,WOW,1,${BOSSBASE_ROOT}\stego\WOW\0.4bpp\stego\3274.pgm,0.9786719183399079,0.491455078125,0.51220703125,0.491455078125,0.51220703125,0.8735388200677939,0.50537109375,0.5322265625,0.50537109375,0.5322265625,0.9770664357676162,0.50048828125,0.548828125,0.50048828125,0.548828125,0.16132023775174625,0.52783203125,0.54833984375,0.52783203125,0.54833984375,0.9012274112476257,0.4921875,0.62451171875,0.4921875,0.62451171875,WOW,0.19047729284575654,0.00398741196713076,0.127406682789892,0.1668091702098795,0.5113194421873412
WOW__TEST__STEGO__7043.pgm,7043.pgm,WOW,1,${BOSSBASE_ROOT}\stego\WOW\0.4bpp\stego\7043.pgm,0.9911526449170697,0.491455078125,0.51220703125,0.491455078125,0.51220703125,0.07949569926013914,0.50537109375,0.5322265625,0.50537109375,0.5322265625,0.50717113909532,0.50048828125,0.548828125,0.50048828125,0.548828125,0.031738591899222963,0.52783203125,0.54833984375,0.52783203125,0.54833984375,0.753285208061513,0.4921875,0.62451171875,0.4921875,0.62451171875,WOW,0.11089009865483394,0.0035819905050761946,0.17032557808028095,0.01891497556468262,0.6962873571951262
WOW__TEST__STEGO__3122.pgm,3122.pgm,WOW,1,${BOSSBASE_ROOT}\stego\WOW\0.4bpp\stego\3122.pgm,0.9776712170898904,0.491455078125,0.51220703125,0.491455078125,0.51220703125,0.014063627043245474,0.50537109375,0.5322265625,0.50537109375,0.5322265625,0.5898935630341078,0.50048828125,0.548828125,0.50048828125,0.548828125,0.8074606461386356,0.52783203125,0.54833984375,0.52783203125,0.54833984375,0.2968580553950878,0.4921875,0.62451171875,0.4921875,0.62451171875,WOW,0.10895059927602584,0.14265547163557912,0.06679108528854749,0.015682896093702537,0.665919947706145
WOW__TEST__STEGO__1223.pgm,1223.pgm,WOW,1,${BOSSBASE_ROOT}\stego\WOW\0.4bpp\stego\1223.pgm,0.8458151249428325,0.491455078125,0.51220703125,0.491455078125,0.51220703125,0.39076640903123483,0.50537109375,0.5322265625,0.50537109375,0.5322265625,0.525079643123571,0.50048828125,0.548828125,0.50048828125,0.548828125,0.20087101582277223,0.52783203125,0.54833984375,0.52783203125,0.54833984375,0.40833574195249567,0.4921875,0.62451171875,0.4921875,0.62451171875,WOW,0.14342484758714824,0.018002625314799132,0.10253882202963403,0.1092220592848871,0.6268116457835314
WOW__TEST__STEGO__7736.pgm,7736.pgm,WOW,1,${BOSSBASE_ROOT}\stego\WOW\0.4bpp\stego\7736.pgm,0.9903663476405535,0.491455078125,0.51220703125,0.491455078125,0.51220703125,0.993384607321672,0.50537109375,0.5322265625,0.50537109375,0.5322265625,0.9898303422461273,0.50048828125,0.548828125,0.50048828125,0.548828125,0.015365341441302218,0.52783203125,0.54833984375,0.52783203125,0.54833984375,0.9868280501184434,0.4921875,0.62451171875,0.4921875,0.62451171875,WOW,0.16950745720464155,0.0017543460608588793,0.12548702293190428,0.22448697671985465,0.47876419708274065
WOW__TEST__STEGO__8754.pgm,8754.pgm,WOW,1,${BOSSBASE_ROOT}\stego\WOW\0.4bpp\stego\8754.pgm,0.9783846672373524,0.491455078125,0.51220703125,0.491455078125,0.51220703125,0.46833467263075657,0.50537109375,0.5322265625,0.50537109375,0.5322265625,0.9142907207192192,0.50048828125,0.548828125,0.50048828125,0.548828125,0.17881244568319504,0.52783203125,0.54833984375,0.52783203125,0.54833984375,0.8694931085969142,0.4921875,0.62451171875,0.4921875,0.62451171875,WOW,0.23318507371849986,0.0044864520663971475,0.16884489611504025,0.04178702565487375,0.5516965524451889
WOW__TEST__STEGO__2468.pgm,2468.pgm,WOW,1,${BOSSBASE_ROOT}\stego\WOW\0.4bpp\stego\2468.pgm,0.9920927084953715,0.491455078125,0.51220703125,0.491455078125,0.51220703125,0.9946150620382221,0.50537109375,0.5322265625,0.50537109375,0.5322265625,0.9930693283432538,0.50048828125,0.548828125,0.50048828125,0.548828125,0.9918437513730266,0.52783203125,0.54833984375,0.52783203125,0.54833984375,0.9902538959474461,0.4921875,0.62451171875,0.4921875,0.62451171875,WOW,0.10678229155071109,0.16348423342389037,0.13065282920587282,0.20409357076898982,0.3949870750505359
WOW__TEST__STEGO__7490.pgm,7490.pgm,WOW,1,${BOSSBASE_ROOT}\stego\WOW\0.4bpp\stego\7490.pgm,0.9289263306198166,0.491455078125,0.51220703125,0.491455078125,0.51220703125,0.49029662859823203,0.50537109375,0.5322265625,0.50537109375,0.5322265625,0.4395067652119536,0.50048828125,0.548828125,0.50048828125,0.548828125,0.54519491095552,0.52783203125,0.54833984375,0.52783203125,0.54833984375,0.4369223353818409,0.4921875,0.62451171875,0.4921875,0.62451171875,WOW,0.0651531045677345,0.06983460371170529,0.07627267740813004,0.13442908894722624,0.654310525365204
WOW__TEST__STEGO__2478.pgm,2478.pgm,WOW,1,${BOSSBASE_ROOT}\stego\WOW\0.4bpp\stego\2478.pgm,0.9910492885631179,0.491455078125,0.51220703125,0.491455078125,0.51220703125,0.9866233967726227,0.50537109375,0.5322265625,0.50537109375,0.5322265625,0.9892648373909093,0.50048828125,0.548828125,0.50048828125,0.548828125,0.01159736182363297,0.52783203125,0.54833984375,0.52783203125,0.54833984375,0.9877587247081928,0.4921875,0.62451171875,0.4921875,0.62451171875,WOW,0.17077619469033167,0.001723419160778846,0.12660141366183075,0.2194069848844406,0.4814919876026182
WOW__TEST__STEGO__5894.pgm,5894.pgm,WOW,1,${BOSSBASE_ROOT}\stego\WOW\0.4bpp\stego\5894.pgm,0.6192410517539716,0.491455078125,0.51220703125,0.491455078125,0.51220703125,0.5012235617055428,0.50537109375,0.5322265625,0.50537109375,0.5322265625,0.5928434040360732,0.50048828125,0.548828125,0.50048828125,0.548828125,2.753569111458347e-05,0.52783203125,0.54833984375,0.52783203125,0.54833984375,0.900003694229084,0.4921875,0.62451171875,0.4921875,0.62451171875,MiPOD,0.22488454705546723,0.009271670213020488,0.3854938787238832,0.14007908801141403,0.240270815996215
WOW__TEST__STEGO__8404.pgm,8404.pgm,WOW,1,${BOSSBASE_ROOT}\stego\WOW\0.4bpp\stego\8404.pgm,0.9926541734255229,0.491455078125,0.51220703125,0.491455078125,0.51220703125,0.981979260068153,0.50537109375,0.5322265625,0.50537109375,0.5322265625,0.9897909456811917,0.50048828125,0.548828125,0.50048828125,0.548828125,0.9895916858989275,0.52783203125,0.54833984375,0.52783203125,0.54833984375,0.9860442896017267,0.4921875,0.62451171875,0.4921875,0.62451171875,WOW,0.10782240408153941,0.1632360733597607,0.13154061356503008,0.19737925780309826,0.4000216511905715
WOW__TEST__STEGO__9316.pgm,9316.pgm,WOW,1,${BOSSBASE_ROOT}\stego\WOW\0.4bpp\stego\9316.pgm,0.9919691867837398,0.491455078125,0.51220703125,0.491455078125,0.51220703125,0.9329437130748804,0.50537109375,0.5322265625,0.50537109375,0.5322265625,0.5899526240294497,0.50048828125,0.548828125,0.50048828125,0.548828125,0.006797531550373378,0.52783203125,0.54833984375,0.52783203125,0.54833984375,0.4651141481341267,0.4921875,0.62451171875,0.4921875,0.62451171875,WOW,0.05193030570740078,0.002868298822191114,0.033545523871509615,0.36304200086011484,0.5486138707387836
WOW__TEST__STEGO__1543.pgm,1543.pgm,WOW,1,${BOSSBASE_ROOT}\stego\WOW\0.4bpp\stego\1543.pgm,0.8178655971938159,0.491455078125,0.51220703125,0.491455078125,0.51220703125,0.9954791819538289,0.50537109375,0.5322265625,0.50537109375,0.5322265625,0.08570927928078063,0.50048828125,0.548828125,0.50048828125,0.548828125,0.6074885403658274,0.52783203125,0.54833984375,0.52783203125,0.54833984375,0.7756048079953142,0.4921875,0.62451171875,0.4921875,0.62451171875,S-UNIWARD,0.00800790737974657,0.08903795782743493,0.05963180551166518,0.6511108401830794,0.192211489098074
WOW__TEST__STEGO__8301.pgm,8301.pgm,WOW,1,${BOSSBASE_ROOT}\stego\WOW\0.4bpp\stego\8301.pgm,0.5941981000707334,0.491455078125,0.51220703125,0.491455078125,0.51220703125,0.5165192541229722,0.50537109375,0.5322265625,0.50537109375,0.5322265625,0.5445592046184614,0.50048828125,0.548828125,0.50048828125,0.548828125,0.49399976925929034,0.52783203125,0.54833984375,0.52783203125,0.54833984375,0.5137675760904575,0.4921875,0.62451171875,0.4921875,0.62451171875,WOW,0.1879328656044672,0.1374623036789271,0.1900106151704671,0.21802656899366388,0.26656764655247467
WOW__TEST__STEGO__3240.pgm,3240.pgm,WOW,1,${BOSSBASE_ROOT}\stego\WOW\0.4bpp\stego\3240.pgm,0.4363217904475802,0.491455078125,0.51220703125,0.491455078125,0.51220703125,0.5681762282863395,0.50537109375,0.5322265625,0.50537109375,0.5322265625,0.4504198168082014,0.50048828125,0.548828125,0.50048828125,0.548828125,0.4277552434539343,0.52783203125,0.54833984375,0.52783203125,0.54833984375,0.4893280980505244,0.4921875,0.62451171875,0.4921875,0.62451171875,S-UNIWARD,0.16579434884256086,0.15643635946783307,0.1980943391943126,0.32952850409602036,0.15014644839927313
WOW__TEST__STEGO__6691.pgm,6691.pgm,WOW,1,${BOSSBASE_ROOT}\stego\WOW\0.4bpp\stego\6691.pgm,0.9932287900693889,0.491455078125,0.51220703125,0.491455078125,0.51220703125,0.9891815513471369,0.50537109375,0.5322265625,0.50537109375,0.5322265625,0.9875683491468141,0.50048828125,0.548828125,0.50048828125,0.548828125,0.9660280028426234,0.52783203125,0.54833984375,0.52783203125,0.54833984375,0.9890976262707148,0.4921875,0.62451171875,0.4921875,0.62451171875,WOW,0.10850168972468748,0.14785341448763387,0.132609205711618,0.2052569860949741,0.4057787039810866
WOW__TEST__STEGO__662.pgm,662.pgm,WOW,1,${BOSSBASE_ROOT}\stego\WOW\0.4bpp\stego\662.pgm,0.9822196099268891,0.491455078125,0.51220703125,0.491455078125,0.51220703125,0.019493871727031764,0.50537109375,0.5322265625,0.50537109375,0.5322265625,0.916708077443256,0.50048828125,0.548828125,0.50048828125,0.548828125,0.008745181682035148,0.52783203125,0.54833984375,0.52783203125,0.54833984375,0.9207896758909757,0.4921875,0.62451171875,0.4921875,0.62451171875,WOW,0.3023322421817182,0.0014505055053794461,0.2179779292941405,0.006156102575694763,0.4720832204430671
WOW__TEST__STEGO__9805.pgm,9805.pgm,WOW,1,${BOSSBASE_ROOT}\stego\WOW\0.4bpp\stego\9805.pgm,0.9879926494523661,0.491455078125,0.51220703125,0.491455078125,0.51220703125,0.7068991149334007,0.50537109375,0.5322265625,0.50537109375,0.5322265625,0.983342959990771,0.50048828125,0.548828125,0.50048828125,0.548828125,0.013955710398273338,0.52783203125,0.54833984375,0.52783203125,0.54833984375,0.9909096166863416,0.4921875,0.62451171875,0.4921875,0.62451171875,WOW,0.22908986520230587,0.0017713900433528236,0.1707144006560898,0.08245925218016271,0.5159650919180887
WOW__TEST__STEGO__5690.pgm,5690.pgm,WOW,1,${BOSSBASE_ROOT}\stego\WOW\0.4bpp\stego\5690.pgm,0.991875291221819,0.491455078125,0.51220703125,0.491455078125,0.51220703125,0.011961098249809548,0.50537109375,0.5322265625,0.50537109375,0.5322265625,0.9907319866190857,0.50048828125,0.548828125,0.50048828125,0.548828125,0.012007350547633841,0.52783203125,0.54833984375,0.52783203125,0.54833984375,0.9900635812940538,0.4921875,0.62451171875,0.4921875,0.62451171875,WOW,0.33501642140712773,0.0011629216927840815,0.23215088305957052,0.004681600891216245,0.4269881729493014
WOW__TEST__STEGO__1641.pgm,1641.pgm,WOW,1,${BOSSBASE_ROOT}\stego\WOW\0.4bpp\stego\1641.pgm,0.9867261125456144,0.491455078125,0.51220703125,0.491455078125,0.51220703125,0.9996672587165932,0.50537109375,0.5322265625,0.50537109375,0.5322265625,0.969670743015721,0.50048828125,0.548828125,0.50048828125,0.548828125,0.9918437513730266,0.52783203125,0.54833984375,0.52783203125,0.54833984375,0.9750122054090997,0.4921875,0.62451171875,0.4921875,0.62451171875,WOW,0.09956420503395896,0.17030187121132115,0.12540140551871828,0.21618415111969091,0.3885483671163107
WOW__TEST__STEGO__7055.pgm,7055.pgm,WOW,1,${BOSSBASE_ROOT}\stego\WOW\0.4bpp\stego\7055.pgm,0.991118324899153,0.491455078125,0.51220703125,0.491455078125,0.51220703125,0.9853279650847626,0.50537109375,0.5322265625,0.50537109375,0.5322265625,0.9910145712474399,0.50048828125,0.548828125,0.50048828125,0.548828125,0.01307078477418707,0.52783203125,0.54833984375,0.52783203125,0.54833984375,0.9903290072365529,0.4921875,0.62451171875,0.4921875,0.62451171875,WOW,0.17178430444435488,0.0017304688577082874,0.12759232536834186,0.21762650568478556,0.48126639564480955
WOW__TEST__STEGO__4441.pgm,4441.pgm,WOW,1,${BOSSBASE_ROOT}\stego\WOW\0.4bpp\stego\4441.pgm,0.9832145101099363,0.491455078125,0.51220703125,0.491455078125,0.51220703125,0.44019851225937046,0.50537109375,0.5322265625,0.50537109375,0.5322265625,0.039195133203298156,0.50048828125,0.548828125,0.50048828125,0.548828125,0.8152324893520001,0.52783203125,0.54833984375,0.52783203125,0.54833984375,0.03561141336294631,0.4921875,0.62451171875,0.4921875,0.62451171875,WOW,0.011293448197974006,0.25242008289978723,0.017792162644538055,0.14076761783445105,0.5777266884232496
WOW__TEST__STEGO__6645.pgm,6645.pgm,WOW,1,${BOSSBASE_ROOT}\stego\WOW\0.4bpp\stego\6645.pgm,0.9909447358132779,0.491455078125,0.51220703125,0.491455078125,0.51220703125,0.9178933729531492,0.50537109375,0.5322265625,0.50537109375,0.5322265625,0.9754369112279712,0.50048828125,0.548828125,0.50048828125,0.548828125,0.02037129400865451,0.52783203125,0.54833984375,0.52783203125,0.54833984375,0.9561454366001265,0.4921875,0.62451171875,0.4921875,0.62451171875,WOW,0.18035931888817985,0.0018860875636782612,0.1288509166418386,0.18194231636413172,0.5069613605421716
WOW__TEST__STEGO__4519.pgm,4519.pgm,WOW,1,${BOSSBASE_ROOT}\stego\WOW\0.4bpp\stego\4519.pgm,0.5112743337509353,0.491455078125,0.51220703125,0.491455078125,0.51220703125,0.5077317749914241,0.50537109375,0.5322265625,0.50537109375,0.5322265625,0.5199326679268257,0.50048828125,0.548828125,0.50048828125,0.548828125,0.5108320451456242,0.52783203125,0.54833984375,0.52783203125,0.54833984375,0.5180128311679311,0.4921875,0.62451171875,0.4921875,0.62451171875,S-UNIWARD,0.19063180924105078,0.17953588739296966,0.2094992380436491,0.22610640686881794,0.19422665845351256
WOW__TEST__STEGO__378.pgm,378.pgm,WOW,1,${BOSSBASE_ROOT}\stego\WOW\0.4bpp\stego\378.pgm,0.5078500018946167,0.491455078125,0.51220703125,0.491455078125,0.51220703125,0.49890041528584617,0.50537109375,0.5322265625,0.50537109375,0.5322265625,0.500621318497336,0.50048828125,0.548828125,0.50048828125,0.548828125,0.5085822258714089,0.52783203125,0.54833984375,0.52783203125,0.54833984375,0.48732266391892937,0.4921875,0.62451171875,0.4921875,0.62451171875,S-UNIWARD,0.18520266280034553,0.1870060137041574,0.19927868424690928,0.23153726539859848,0.19697537384998934
WOW__TEST__STEGO__5743.pgm,5743.pgm,WOW,1,${BOSSBASE_ROOT}\stego\WOW\0.4bpp\stego\5743.pgm,0.943243103543508,0.491455078125,0.51220703125,0.491455078125,0.51220703125,0.4660253339987369,0.50537109375,0.5322265625,0.50537109375,0.5322265625,0.13095079263999304,0.50048828125,0.548828125,0.50048828125,0.548828125,0.01507262830894569,0.52783203125,0.54833984375,0.52783203125,0.54833984375,0.7892336936802291,0.4921875,0.62451171875,0.4921875,0.62451171875,WOW,0.031188588460921943,0.006870681788560978,0.15087495374729445,0.15289727593944114,0.6581685000637815
WOW__TEST__STEGO__7712.pgm,7712.pgm,WOW,1,${BOSSBASE_ROOT}\stego\WOW\0.4bpp\stego\7712.pgm,0.9919691867837398,0.491455078125,0.51220703125,0.491455078125,0.51220703125,0.9961155234512341,0.50537109375,0.5322265625,0.50537109375,0.5322265625,0.9930693283432538,0.50048828125,0.548828125,0.50048828125,0.548828125,0.024892801423415354,0.52783203125,0.54833984375,0.52783203125,0.54833984375,0.9932024684496267,0.4921875,0.62451171875,0.4921875,0.62451171875,WOW,0.16915423996590048,0.001813724854782316,0.12664826455875927,0.22413992442122394,0.4782438461993341
WOW__TEST__STEGO__6560.pgm,6560.pgm,WOW,1,${BOSSBASE_ROOT}\stego\WOW\0.4bpp\stego\6560.pgm,0.9932811299991624,0.491455078125,0.51220703125,0.491455078125,0.51220703125,0.9904775143296634,0.50537109375,0.5322265625,0.50537109375,0.5322265625,0.9280183729876293,0.50048828125,0.548828125,0.50048828125,0.548828125,0.1347759174229568,0.52783203125,0.54833984375,0.52783203125,0.54833984375,0.9142907207192192,0.4921875,0.62451171875,0.4921875,0.62451171875,WOW,0.13707348391352167,0.003423304173255348,0.10785264674250691,0.252867267529711,0.49878329764100515
WOW__TEST__STEGO__9010.pgm,9010.pgm,WOW,1,${BOSSBASE_ROOT}\stego\WOW\0.4bpp\stego\9010.pgm,0.8216173406683573,0.491455078125,0.51220703125,0.491455078125,0.51220703125,0.3166861676932197,0.50537109375,0.5322265625,0.50537109375,0.5322265625,0.302288089338448,0.50048828125,0.548828125,0.50048828125,0.548828125,0.9570375284337568,0.52783203125,0.54833984375,0.52783203125,0.54833984375,0.027324530864967823,0.4921875,0.62451171875,0.4921875,0.62451171875,HUGO,0.033598325920322615,0.5338394299222157,0.026491648433322048,0.0736515883381272,0.3324190073860123
WOW__TEST__STEGO__9136.pgm,9136.pgm,WOW,1,${BOSSBASE_ROOT}\stego\WOW\0.4bpp\stego\9136.pgm,0.9901782070803069,0.491455078125,0.51220703125,0.491455078125,0.51220703125,0.9653811611608242,0.50537109375,0.5322265625,0.50537109375,0.5322265625,0.9881308789536605,0.50048828125,0.548828125,0.50048828125,0.548828125,0.9024377762417778,0.52783203125,0.54833984375,0.52783203125,0.54833984375,0.9278877945870695,0.4921875,0.62451171875,0.4921875,0.62451171875,WOW,0.1206165692558127,0.11750692452110231,0.12295840883490958,0.20394427152004502,0.4349738258681304
WOW__TEST__STEGO__590.pgm,590.pgm,WOW,1,${BOSSBASE_ROOT}\stego\WOW\0.4bpp\stego\590.pgm,0.9881308789536605,0.491455078125,0.51220703125,0.491455078125,0.51220703125,0.5481293255894888,0.50537109375,0.5322265625,0.50537109375,0.5322265625,0.9524858131235034,0.50048828125,0.548828125,0.50048828125,0.548828125,0.013273887454385737,0.52783203125,0.54833984375,0.52783203125,0.54833984375,0.9645892699236761,0.4921875,0.62451171875,0.4921875,0.62451171875,WOW,0.24085599449983897,0.0017848954734741463,0.18158107472429855,0.04798682463843805,0.5277912106639503
WOW__TEST__STEGO__6087.pgm,6087.pgm,WOW,1,${BOSSBASE_ROOT}\stego\WOW\0.4bpp\stego\6087.pgm,0.9903290072365529,0.491455078125,0.51220703125,0.491455078125,0.51220703125,0.9953904278206259,0.50537109375,0.5322265625,0.50537109375,0.5322265625,0.9917484014309144,0.50048828125,0.548828125,0.50048828125,0.548828125,0.9923933278354767,0.52783203125,0.54833984375,0.52783203125,0.54833984375,0.9930153500828657,0.4921875,0.62451171875,0.4921875,0.62451171875,WOW,0.10649216247492341,0.16467592527424874,0.13167241798279178,0.2050237047241045,0.39213578954393147
WOW__TEST__STEGO__814.pgm,814.pgm,WOW,1,${BOSSBASE_ROOT}\stego\WOW\0.4bpp\stego\814.pgm,0.5035819394541045,0.491455078125,0.51220703125,0.491455078125,0.51220703125,0.5126163399733614,0.50537109375,0.5322265625,0.50537109375,0.5322265625,0.5111141967754725,0.50048828125,0.548828125,0.50048828125,0.548828125,0.4150173847989836,0.52783203125,0.54833984375,0.52783203125,0.54833984375,0.5129975594098499,0.4921875,0.62451171875,0.4921875,0.62451171875,S-UNIWARD,0.2056041408841871,0.1244955810710179,0.21780521039781758,0.24915041308786062,0.2029446545591169
WOW__TEST__STEGO__8940.pgm,8940.pgm,WOW,1,${BOSSBASE_ROOT}\stego\WOW\0.4bpp\stego\8940.pgm,0.569553406443815,0.491455078125,0.51220703125,0.491455078125,0.51220703125,0.5193842007181757,0.50537109375,0.5322265625,0.50537109375,0.5322265625,0.5157418659712667,0.50048828125,0.548828125,0.50048828125,0.548828125,0.5030955872781954,0.52783203125,0.54833984375,0.52783203125,0.54833984375,0.5193994365554163,0.4921875,0.62451171875,0.4921875,0.62451171875,WOW,0.17573584431178912,0.155362191513031,0.19584751376190015,0.23080298553330436,0.24225146487997537
WOW__TEST__STEGO__7583.pgm,7583.pgm,WOW,1,${BOSSBASE_ROOT}\stego\WOW\0.4bpp\stego\7583.pgm,0.9889278398167658,0.491455078125,0.51220703125,0.491455078125,0.51220703125,0.9921232932834126,0.50537109375,0.5322265625,0.50537109375,0.5322265625,0.977756332416123,0.50048828125,0.548828125,0.50048828125,0.548828125,0.9441768588653856,0.52783203125,0.54833984375,0.52783203125,0.54833984375,0.9917163731139695,0.4921875,0.62451171875,0.4921875,0.62451171875,WOW,0.10799449877190827,0.137862530891016,0.13495942756339313,0.2134438206355072,0.4057397221381755
WOW__TEST__STEGO__3189.pgm,3189.pgm,WOW,1,${BOSSBASE_ROOT}\stego\WOW\0.4bpp\stego\3189.pgm,0.9881766051636294,0.491455078125,0.51220703125,0.491455078125,0.51220703125,0.8534247908404916,0.50537109375,0.5322265625,0.50537109375,0.5322265625,0.6881541571642115,0.50048828125,0.548828125,0.50048828125,0.548828125,0.20625381039683044,0.52783203125,0.54833984375,0.52783203125,0.54833984375,0.6444489022124282,0.4921875,0.62451171875,0.4921875,0.62451171875,WOW,0.08111792018757792,0.007300755391680422,0.06727578598734935,0.2563599004908618,0.5879456379425305
WOW__TEST__STEGO__8218.pgm,8218.pgm,WOW,1,${BOSSBASE_ROOT}\stego\WOW\0.4bpp\stego\8218.pgm,0.4353613075915547,0.491455078125,0.51220703125,0.491455078125,0.51220703125,0.48541673503028,0.50537109375,0.5322265625,0.50537109375,0.5322265625,0.41004737597055035,0.50048828125,0.548828125,0.50048828125,0.548828125,0.5005564687338699,0.52783203125,0.54833984375,0.52783203125,0.54833984375,0.4903576409115541,0.4921875,0.62451171875,0.4921875,0.62451171875,S-UNIWARD,0.15406152410362914,0.22806708930506514,0.213049965364113,0.255066603064352,0.14975481816284064
WOW__TEST__STEGO__540.pgm,540.pgm,WOW,1,${BOSSBASE_ROOT}\stego\WOW\0.4bpp\stego\540.pgm,0.9577545043363116,0.491455078125,0.51220703125,0.491455078125,0.51220703125,0.7540104528799124,0.50537109375,0.5322265625,0.50537109375,0.5322265625,0.9832788562945579,0.50048828125,0.548828125,0.50048828125,0.548828125,0.015014748005819523,0.52783203125,0.54833984375,0.52783203125,0.54833984375,0.9860979413749407,0.4921875,0.62451171875,0.4921875,0.62451171875,WOW,0.23734417632322452,0.0019997834975082995,0.17536821197794702,0.10472096593768027,0.48056686226363987
WOW__TEST__STEGO__5169.pgm,5169.pgm,WOW,1,${BOSSBASE_ROOT}\stego\WOW\0.4bpp\stego\5169.pgm,0.9928231180543431,0.491455078125,0.51220703125,0.491455078125,0.51220703125,0.9094255214176165,0.50537109375,0.5322265625,0.50537109375,0.5322265625,0.9700134939339985,0.50048828125,0.548828125,0.50048828125,0.548828125,0.019087433820142514,0.52783203125,0.54833984375,0.52783203125,0.54833984375,0.9805806518175514,0.4921875,0.62451171875,0.4921875,0.62451171875,WOW,0.17843018959671242,0.0018628157115131514,0.1369711257792002,0.17538764743006474,0.5073482214825096
WOW__TEST__STEGO__1035.pgm,1035.pgm,WOW,1,${BOSSBASE_ROOT}\stego\WOW\0.4bpp\stego\1035.pgm,0.9849852519941804,0.491455078125,0.51220703125,0.491455078125,0.51220703125,0.11496335505305161,0.50537109375,0.5322265625,0.50537109375,0.5322265625,0.11961366366632263,0.50048828125,0.548828125,0.50048828125,0.548828125,0.02140977021485253,0.52783203125,0.54833984375,0.52783203125,0.54833984375,0.5766015781009638,0.4921875,0.62451171875,0.4921875,0.62451171875,WOW,0.0375492667390676,0.006221028442323671,0.11092094232558233,0.04281625091979025,0.8024925115732361
WOW__TEST__STEGO__4938.pgm,4938.pgm,WOW,1,${BOSSBASE_ROOT}\stego\WOW\0.4bpp\stego\4938.pgm,0.6366920216156495,0.491455078125,0.51220703125,0.491455078125,0.51220703125,0.4586820826735006,0.50537109375,0.5322265625,0.50537109375,0.5322265625,0.49457952754949314,0.50048828125,0.548828125,0.50048828125,0.548828125,0.5458304700088153,0.52783203125,0.54833984375,0.52783203125,0.54833984375,0.6147988076376367,0.4921875,0.62451171875,0.4921875,0.62451171875,WOW,0.1525862678271577,0.15733127486288115,0.23079848705613812,0.1679585981820079,0.2913253720718151
WOW__TEST__STEGO__8485.pgm,8485.pgm,WOW,1,${BOSSBASE_ROOT}\stego\WOW\0.4bpp\stego\8485.pgm,0.7662936430859597,0.491455078125,0.51220703125,0.491455078125,0.51220703125,0.68982823480937,0.50537109375,0.5322265625,0.50537109375,0.5322265625,0.5976078869206849,0.50048828125,0.548828125,0.50048828125,0.548828125,0.05389915445121031,0.52783203125,0.54833984375,0.52783203125,0.54833984375,0.8620035287315965,0.4921875,0.62451171875,0.4921875,0.62451171875,WOW,0.14495780891595098,0.008382248316516813,0.23478298717687696,0.2393542654148577,0.37252269017579764
WOW__TEST__STEGO__6009.pgm,6009.pgm,WOW,1,${BOSSBASE_ROOT}\stego\WOW\0.4bpp\stego\6009.pgm,0.9871787857334058,0.491455078125,0.51220703125,0.491455078125,0.51220703125,0.21239534653504913,0.50537109375,0.5322265625,0.50537109375,0.5322265625,0.8635067512697274,0.50048828125,0.548828125,0.50048828125,0.548828125,0.019531238542645393,0.52783203125,0.54833984375,0.52783203125,0.54833984375,0.922900303783852,0.4921875,0.62451171875,0.4921875,0.62451171875,WOW,0.24198254000116395,0.0018755188909673902,0.20725019721425086,0.015227216055538575,0.5336645278380792
WOW__TEST__STEGO__7116.pgm,7116.pgm,WOW,1,${BOSSBASE_ROOT}\stego\WOW\0.4bpp\stego\7116.pgm,0.9870795269609209,0.491455078125,0.51220703125,0.491455078125,0.51220703125,0.9635062337709722,0.50537109375,0.5322265625,0.50537109375,0.5322265625,0.4970264785373505,0.50048828125,0.548828125,0.50048828125,0.548828125,0.35420965195201215,0.52783203125,0.54833984375,0.52783203125,0.54833984375,0.4696874874712185,0.4921875,0.62451171875,0.4921875,0.62451171875,WOW,0.03163756364995906,0.015807218457313015,0.032049617842542975,0.4321978018928078,0.4883077981573771
WOW__TEST__STEGO__9372.pgm,9372.pgm,WOW,1,${BOSSBASE_ROOT}\stego\WOW\0.4bpp\stego\9372.pgm,0.9837849698906836,0.491455078125,0.51220703125,0.491455078125,0.51220703125,0.7065955179610504,0.50537109375,0.5322265625,0.50537109375,0.5322265625,0.9421883900868302,0.50048828125,0.548828125,0.50048828125,0.548828125,0.05271640213673081,0.52783203125,0.54833984375,0.52783203125,0.54833984375,0.1630452567901183,0.4921875,0.62451171875,0.4921875,0.62451171875,WOW,0.20228018124153926,0.002825885297410777,0.024160623848423605,0.12592430192117338,0.644809007691453
WOW__TEST__STEGO__2026.pgm,2026.pgm,WOW,1,${BOSSBASE_ROOT}\stego\WOW\0.4bpp\stego\2026.pgm,0.9830200077626816,0.491455078125,0.51220703125,0.491455078125,0.51220703125,0.7929456622485875,0.50537109375,0.5322265625,0.50537109375,0.5322265625,0.9715639669551474,0.50048828125,0.548828125,0.50048828125,0.548828125,0.011508149064303403,0.52783203125,0.54833984375,0.52783203125,0.54833984375,0.9242786279246686,0.4921875,0.62451171875,0.4921875,0.62451171875,WOW,0.21113715084592796,0.0019004297114158688,0.1394361580098835,0.12212564898122263,0.52540061245155
WOW__TEST__STEGO__301.pgm,301.pgm,WOW,1,${BOSSBASE_ROOT}\stego\WOW\0.4bpp\stego\301.pgm,0.8750414377695188,0.491455078125,0.51220703125,0.491455078125,0.51220703125,0.748719933847045,0.50537109375,0.5322265625,0.50537109375,0.5322265625,0.7181992699169054,0.50048828125,0.548828125,0.50048828125,0.548828125,0.9406808578965629,0.52783203125,0.54833984375,0.52783203125,0.54833984375,0.68731526817782,0.4921875,0.62451171875,0.4921875,0.62451171875,WOW,0.08383866938513705,0.28257047390680884,0.10218750475009622,0.17490255844719133,0.35650079351076663
WOW__TEST__STEGO__8493.pgm,8493.pgm,WOW,1,${BOSSBASE_ROOT}\stego\WOW\0.4bpp\stego\8493.pgm,0.9928785712542649,0.491455078125,0.51220703125,0.491455078125,0.51220703125,0.9968763514001466,0.50537109375,0.5322265625,0.50537109375,0.5322265625,0.9912886155422945,0.50048828125,0.548828125,0.50048828125,0.548828125,0.9505947548144925,0.52783203125,0.54833984375,0.52783203125,0.54833984375,0.9925393565360598,0.4921875,0.62451171875,0.4921875,0.62451171875,WOW,0.11025613747013177,0.1377611932593065,0.1334682004111304,0.21109648683666585,0.4074179820227656
WOW__TEST__STEGO__3808.pgm,3808.pgm,WOW,1,${BOSSBASE_ROOT}\stego\WOW\0.4bpp\stego\3808.pgm,0.18862271156030974,0.491455078125,0.51220703125,0.491455078125,0.51220703125,0.44429350352657015,0.50537109375,0.5322265625,0.50537109375,0.5322265625,0.18140818051352106,0.50048828125,0.548828125,0.50048828125,0.548828125,0.00010472557180794286,0.52783203125,0.54833984375,0.52783203125,0.54833984375,0.52096852940411,0.4921875,0.62451171875,0.4921875,0.62451171875,S-UNIWARD,0.1523796100940513,0.05269343631347595,0.3263853274789616,0.3936411221276138,0.07490050398589738
WOW__TEST__STEGO__6654.pgm,6654.pgm,WOW,1,${BOSSBASE_ROOT}\stego\WOW\0.4bpp\stego\6654.pgm,0.9916195466489739,0.491455078125,0.51220703125,0.491455078125,0.51220703125,0.9947186660939477,0.50537109375,0.5322265625,0.50537109375,0.5322265625,0.9924812819385679,0.50048828125,0.548828125,0.50048828125,0.548828125,0.9879462204837635,0.52783203125,0.54833984375,0.52783203125,0.54833984375,0.9920620058985926,0.4921875,0.62451171875,0.4921875,0.62451171875,WOW,0.10710662797103619,0.16113382025927178,0.13156252235057725,0.20480585070590743,0.3953911787132073
WOW__TEST__STEGO__313.pgm,313.pgm,WOW,1,${BOSSBASE_ROOT}\stego\WOW\0.4bpp\stego\313.pgm,0.9089417211068199,0.491455078125,0.51220703125,0.491455078125,0.51220703125,0.6122517129814523,0.50537109375,0.5322265625,0.50537109375,0.5322265625,0.6222298079588998,0.50048828125,0.548828125,0.50048828125,0.548828125,0.6138154398855246,0.52783203125,0.54833984375,0.52783203125,0.54833984375,1.2554204362140335e-07,0.4921875,0.62451171875,0.4921875,0.62451171875,WOW,0.09191441986174505,0.08618668292009544,0.023979071256251382,0.1866454861725558,0.6112743397893523
WOW__TEST__STEGO__9126.pgm,9126.pgm,WOW,1,${BOSSBASE_ROOT}\stego\WOW\0.4bpp\stego\9126.pgm,0.4275759702122414,0.491455078125,0.51220703125,0.491455078125,0.51220703125,0.4383042879779781,0.50537109375,0.5322265625,0.50537109375,0.5322265625,0.5071101163875258,0.50048828125,0.548828125,0.50048828125,0.548828125,0.4448360675405353,0.52783203125,0.54833984375,0.52783203125,0.54833984375,0.49968910221291907,0.4921875,0.62451171875,0.4921875,0.62451171875,MiPOD,0.23438783199978794,0.16678345358817478,0.24502857320859345,0.19946732245420576,0.15433281874923807
WOW__TEST__STEGO__7733.pgm,7733.pgm,WOW,1,${BOSSBASE_ROOT}\stego\WOW\0.4bpp\stego\7733.pgm,0.9899864293768268,0.491455078125,0.51220703125,0.491455078125,0.51220703125,0.9653811611608242,0.50537109375,0.5322265625,0.50537109375,0.5322265625,0.9900250791759213,0.50048828125,0.548828125,0.50048828125,0.548828125,0.20497773615175374,0.52783203125,0.54833984375,0.52783203125,0.54833984375,0.9840936082881853,0.4921875,0.62451171875,0.4921875,0.62451171875,WOW,0.16688395774715128,0.004434140107937679,0.13500017201813888,0.20884194906491413,0.484839781061858
WOW__TEST__STEGO__4592.pgm,4592.pgm,WOW,1,${BOSSBASE_ROOT}\stego\WOW\0.4bpp\stego\4592.pgm,0.19284318455981606,0.491455078125,0.51220703125,0.491455078125,0.51220703125,0.1350038365127029,0.50537109375,0.5322265625,0.50537109375,0.5322265625,0.527438227714557,0.50048828125,0.548828125,0.50048828125,0.548828125,0.23528405225896598,0.52783203125,0.54833984375,0.52783203125,0.54833984375,0.5176318461336177,0.4921875,0.62451171875,0.4921875,0.62451171875,HILL,0.4177041826656114,0.08261450489368205,0.37499766674323903,0.0639342518381143,0.06074939385935317
WOW__TEST__STEGO__7961.pgm,7961.pgm,WOW,1,${BOSSBASE_ROOT}\stego\WOW\0.4bpp\stego\7961.pgm,0.9745803476190713,0.491455078125,0.51220703125,0.491455078125,0.51220703125,0.01879707307813621,0.50537109375,0.5322265625,0.50537109375,0.5322265625,0.9113376495526663,0.50048828125,0.548828125,0.50048828125,0.548828125,0.8862236206549613,0.52783203125,0.54833984375,0.52783203125,0.54833984375,0.8262916869759688,0.4921875,0.62451171875,0.4921875,0.62451171875,WOW,0.22682021699373742,0.10365710618578756,0.20840025409244375,0.006849162079407409,0.4542732606486238
WOW__TEST__STEGO__8112.pgm,8112.pgm,WOW,1,${BOSSBASE_ROOT}\stego\WOW\0.4bpp\stego\8112.pgm,0.9917484014309144,0.491455078125,0.51220703125,0.491455078125,0.51220703125,0.9952262776092429,0.50537109375,0.5322265625,0.50537109375,0.5322265625,0.991118324899153,0.50048828125,0.548828125,0.50048828125,0.548828125,0.01507262830894569,0.52783203125,0.54833984375,0.52783203125,0.54833984375,0.9926541734255229,0.4921875,0.62451171875,0.4921875,0.62451171875,WOW,0.16903904928406668,0.0017362391661470146,0.126433715100746,0.224122545475229,0.4786684509738114
WOW__TEST__STEGO__7124.pgm,7124.pgm,WOW,1,${BOSSBASE_ROOT}\stego\WOW\0.4bpp\stego\7124.pgm,0.9920620058985926,0.491455078125,0.51220703125,0.491455078125,0.51220703125,0.987711402470298,0.50537109375,0.5322265625,0.50537109375,0.5322265625,0.012920473039078976,0.50048828125,0.548828125,0.50048828125,0.548828125,0.9572778024535095,0.52783203125,0.54833984375,0.52783203125,0.54833984375,0.05717659415987709,0.4921875,0.62451171875,0.4921875,0.62451171875,S-UNIWARD,0.002672598304886652,0.24711968008896895,0.005333994467674088,0.49533010118213466,0.24954362595633564
WOW__TEST__STEGO__5029.pgm,5029.pgm,WOW,1,${BOSSBASE_ROOT}\stego\WOW\0.4bpp\stego\5029.pgm,0.9907677855954636,0.491455078125,0.51220703125,0.491455078125,0.51220703125,0.01791734476747132,0.50537109375,0.5322265625,0.50537109375,0.5322265625,0.9695556515673754,0.50048828125,0.548828125,0.50048828125,0.548828125,0.543166200316204,0.52783203125,0.54833984375,0.52783203125,0.54833984375,0.9533619599768125,0.4921875,0.62451171875,0.4921875,0.62451171875,WOW,0.28126647013022293,0.01655033334477768,0.24920852622721668,0.005512488066305278,0.4474621822314774
WOW__TEST__STEGO__8501.pgm,8501.pgm,WOW,1,${BOSSBASE_ROOT}\stego\WOW\0.4bpp\stego\8501.pgm,0.9912208911330882,0.491455078125,0.51220703125,0.491455078125,0.51220703125,0.8385475935268097,0.50537109375,0.5322265625,0.50537109375,0.5322265625,0.16013464933435048,0.50048828125,0.548828125,0.50048828125,0.548828125,0.02084431561651897,0.52783203125,0.54833984375,0.52783203125,0.54833984375,0.7405498035298201,0.4921875,0.62451171875,0.4921875,0.62451171875,WOW,0.01551712016687443,0.004542851256238784,0.06362140156904261,0.39646775164408443,0.5198508753637598
WOW__TEST__STEGO__5300.pgm,5300.pgm,WOW,1,${BOSSBASE_ROOT}\stego\WOW\0.4bpp\stego\5300.pgm,0.9914886969734374,0.491455078125,0.51220703125,0.491455078125,0.51220703125,0.9958012047285281,0.50537109375,0.5322265625,0.50537109375,0.5322265625,0.9924227587321393,0.50048828125,0.548828125,0.50048828125,0.548828125,0.017375664509219565,0.52783203125,0.54833984375,0.52783203125,0.54833984375,0.9912886155422945,0.4921875,0.62451171875,0.4921875,0.62451171875,WOW,0.16952157100480608,0.001754601375132884,0.12608071384603275,0.22439950626575222,0.478243607508276
WOW__TEST__STEGO__8347.pgm,8347.pgm,WOW,1,${BOSSBASE_ROOT}\stego\WOW\0.4bpp\stego\8347.pgm,0.991118324899153,0.491455078125,0.51220703125,0.491455078125,0.51220703125,0.9715639669551474,0.50537109375,0.5322265625,0.50537109375,0.5322265625,0.9913222832950107,0.50048828125,0.548828125,0.50048828125,0.548828125,0.9664104943498959,0.52783203125,0.54833984375,0.52783203125,0.54833984375,0.9920002454916221,0.4921875,0.62451171875,0.4921875,0.62451171875,WOW,0.11294910999434794,0.1491346564613361,0.13740174980284867,0.193323597962408,0.4071908857790593
WOW__TEST__STEGO__3268.pgm,3268.pgm,WOW,1,${BOSSBASE_ROOT}\stego\WOW\0.4bpp\stego\3268.pgm,0.49826241239041597,0.491455078125,0.51220703125,0.491455078125,0.51220703125,0.46168415429555093,0.50537109375,0.5322265625,0.50537109375,0.5322265625,0.5303581203965304,0.50048828125,0.548828125,0.50048828125,0.548828125,0.505546342319288,0.52783203125,0.54833984375,0.52783203125,0.54833984375,0.5088110384607222,0.4921875,0.62451171875,0.4921875,0.62451171875,MiPOD,0.21323098385888076,0.18063241497252758,0.22129019678939948,0.19430231975208934,0.19054408462710287
WOW__TEST__STEGO__273.pgm,273.pgm,WOW,1,${BOSSBASE_ROOT}\stego\WOW\0.4bpp\stego\273.pgm,0.9909447358132779,0.491455078125,0.51220703125,0.491455078125,0.51220703125,0.9920620058985926,0.50537109375,0.5322265625,0.50537109375,0.5322265625,0.9946567440438505,0.50048828125,0.548828125,0.50048828125,0.548828125,0.018369638109289183,0.52783203125,0.54833984375,0.52783203125,0.54833984375,0.9902538959474461,0.4921875,0.62451171875,0.4921875,0.62451171875,WOW,0.1716817271911683,0.0017638467802002227,0.1266149279091436,0.2213367291014561,0.47860276901803167
WOW__TEST__STEGO__7802.pgm,7802.pgm,WOW,1,${BOSSBASE_ROOT}\stego\WOW\0.4bpp\stego\7802.pgm,0.9912886155422945,0.491455078125,0.51220703125,0.491455078125,0.51220703125,0.9951890169673988,0.50537109375,0.5322265625,0.50537109375,0.5322265625,0.9918120900983038,0.50048828125,0.548828125,0.50048828125,0.548828125,0.9928785712542649,0.52783203125,0.54833984375,0.52783203125,0.54833984375,0.990216123982345,0.4921875,0.62451171875,0.4921875,0.62451171875,WOW,0.10631635921220638,0.16471271518195368,0.13059700920313336,0.20483846014960397,0.3935354562531026
WOW__TEST__STEGO__2670.pgm,2670.pgm,WOW,1,${BOSSBASE_ROOT}\stego\WOW\0.4bpp\stego\2670.pgm,0.9903290072365529,0.491455078125,0.51220703125,0.491455078125,0.51220703125,0.9870795269609209,0.50537109375,0.5322265625,0.50537109375,0.5322265625,0.9922744656025764,0.50048828125,0.548828125,0.50048828125,0.548828125,0.007577241267860811,0.52783203125,0.54833984375,0.52783203125,0.54833984375,0.9896318433492118,0.4921875,0.62451171875,0.4921875,0.62451171875,WOW,0.172576183686981,0.00168610499649577,0.1271730952483179,0.21872420169370504,0.4798404143745005
WOW__TEST__STEGO__9862.pgm,9862.pgm,WOW,1,${BOSSBASE_ROOT}\stego\WOW\0.4bpp\stego\9862.pgm,0.9908034475769532,0.491455078125,0.51220703125,0.491455078125,0.51220703125,0.9949396679680339,0.50537109375,0.5322265625,0.50537109375,0.5322265625,0.9882675360436518,0.50048828125,0.548828125,0.50048828125,0.548828125,0.9890554225990201,0.52783203125,0.54833984375,0.52783203125,0.54833984375,0.9892232739499199,0.4921875,0.62451171875,0.4921875,0.62451171875,WOW,0.10573081652437372,0.1630567103566541,0.1305916761444308,0.2063277170968872,0.3942930798776543
WOW__TEST__STEGO__2372.pgm,2372.pgm,WOW,1,${BOSSBASE_ROOT}\stego\WOW\0.4bpp\stego\2372.pgm,0.9168570857654618,0.491455078125,0.51220703125,0.491455078125,0.51220703125,0.922202551391991,0.50537109375,0.5322265625,0.50537109375,0.5322265625,0.9859363729567544,0.50048828125,0.548828125,0.50048828125,0.548828125,0.06536578698026635,0.52783203125,0.54833984375,0.52783203125,0.54833984375,0.9815244057904553,0.4921875,0.62451171875,0.4921875,0.62451171875,WOW,0.21588152955702974,0.002907980513758635,0.1624212826063363,0.20478546094775357,0.41400374637512183
WOW__TEST__STEGO__7013.pgm,7013.pgm,WOW,1,${BOSSBASE_ROOT}\stego\WOW\0.4bpp\stego\7013.pgm,0.6586370992817655,0.491455078125,0.51220703125,0.491455078125,0.51220703125,0.5284269532830197,0.50537109375,0.5322265625,0.50537109375,0.5322265625,0.43905575224230226,0.50048828125,0.548828125,0.50048828125,0.548828125,0.00042887921825186283,0.52783203125,0.54833984375,0.52783203125,0.54833984375,0.0722430022495024,0.4921875,0.62451171875,0.4921875,0.62451171875,WOW,0.16298547881331926,0.01570439003023259,0.060261689007289294,0.3270330717777221,0.43401537037143667
WOW__TEST__STEGO__9141.pgm,9141.pgm,WOW,1,${BOSSBASE_ROOT}\stego\WOW\0.4bpp\stego\9141.pgm,0.9922744656025764,0.491455078125,0.51220703125,0.491455078125,0.51220703125,0.8122723960432147,0.50537109375,0.5322265625,0.50537109375,0.5322265625,0.9681411443139596,0.50048828125,0.548828125,0.50048828125,0.548828125,0.1527891642053372,0.52783203125,0.54833984375,0.52783203125,0.54833984375,0.9326989254150999,0.4921875,0.62451171875,0.4921875,0.62451171875,WOW,0.19220705982606343,0.003660777326551904,0.14084837634519418,0.13049733214209455,0.5327864543600959
WOW__TEST__STEGO__12.pgm,12.pgm,WOW,1,${BOSSBASE_ROOT}\stego\WOW\0.4bpp\stego\12.pgm,0.9890554225990201,0.491455078125,0.51220703125,0.491455078125,0.51220703125,0.885829153706156,0.50537109375,0.5322265625,0.50537109375,0.5322265625,0.11777491957086147,0.50048828125,0.548828125,0.50048828125,0.548828125,0.029367854181228517,0.52783203125,0.54833984375,0.52783203125,0.54833984375,0.5381944899715987,0.4921875,0.62451171875,0.4921875,0.62451171875,S-UNIWARD,0.011414303743916991,0.004626943899290568,0.032815557277534296,0.47657434172376034,0.4745688533554977
WOW__TEST__STEGO__912.pgm,912.pgm,WOW,1,${BOSSBASE_ROOT}\stego\WOW\0.4bpp\stego\912.pgm,0.9755769099458929,0.491455078125,0.51220703125,0.491455078125,0.51220703125,0.7602948833201225,0.50537109375,0.5322265625,0.50537109375,0.5322265625,0.2877678157610531,0.50048828125,0.548828125,0.50048828125,0.548828125,0.3943175669396228,0.52783203125,0.54833984375,0.52783203125,0.54833984375,0.45934895830292866,0.4921875,0.62451171875,0.4921875,0.62451171875,WOW,0.024415522605770474,0.028823124838735965,0.043407219214371955,0.324256665273075,0.5790974680680466
WOW__TEST__STEGO__5580.pgm,5580.pgm,WOW,1,${BOSSBASE_ROOT}\stego\WOW\0.4bpp\stego\5580.pgm,0.991422514586288,0.491455078125,0.51220703125,0.491455078125,0.51220703125,0.9922143452346321,0.50537109375,0.5322265625,0.50537109375,0.5322265625,0.9883577758353339,0.50048828125,0.548828125,0.50048828125,0.548828125,0.0722430022495024,0.52783203125,0.54833984375,0.52783203125,0.54833984375,0.9836598719063984,0.4921875,0.62451171875,0.4921875,0.62451171875,WOW,0.16589027644827847,0.0023096287833698267,0.1260233443676078,0.22520692865053726,0.48056982175020657
WOW__TEST__STEGO__3332.pgm,3332.pgm,WOW,1,${BOSSBASE_ROOT}\stego\WOW\0.4bpp\stego\3332.pgm,0.9916519461902167,0.491455078125,0.51220703125,0.491455078125,0.51220703125,0.9951136252099114,0.50537109375,0.5322265625,0.50537109375,0.5322265625,0.9940659331606164,0.50048828125,0.548828125,0.50048828125,0.548828125,0.955816678097593,0.52783203125,0.54833984375,0.52783203125,0.54833984375,0.9927391335017144,0.4921875,0.62451171875,0.4921875,0.62451171875,WOW,0.11119089286431576,0.14095838283888318,0.1339659136773246,0.20890266245198444,0.4049821481674921
WOW__TEST__STEGO__4526.pgm,4526.pgm,WOW,1,${BOSSBASE_ROOT}\stego\WOW\0.4bpp\stego\4526.pgm,0.9731898041004327,0.491455078125,0.51220703125,0.491455078125,0.51220703125,0.8765287249141699,0.50537109375,0.5322265625,0.50537109375,0.5322265625,0.9139841186828943,0.50048828125,0.548828125,0.50048828125,0.548828125,0.03527754690661165,0.52783203125,0.54833984375,0.52783203125,0.54833984375,0.9493885651109318,0.4921875,0.62451171875,0.4921875,0.62451171875,WOW,0.16781192279319507,0.002375018068349451,0.14050772066295653,0.18175631877411302,0.507549019701386
WOW__TEST__STEGO__1422.pgm,1422.pgm,WOW,1,${BOSSBASE_ROOT}\stego\WOW\0.4bpp\stego\1422.pgm,0.978508235226327,0.491455078125,0.51220703125,0.491455078125,0.51220703125,0.2643583582610753,0.50537109375,0.5322265625,0.50537109375,0.5322265625,0.020804489950607352,0.50048828125,0.548828125,0.50048828125,0.548828125,0.3041450053274313,0.52783203125,0.54833984375,0.52783203125,0.54833984375,0.07906798791391603,0.4921875,0.62451171875,0.4921875,0.62451171875,WOW,0.020869205604348316,0.02994153864644538,0.02910846009044651,0.1002433767525503,0.8198374189062094
WOW__TEST__STEGO__2789.pgm,2789.pgm,WOW,1,${BOSSBASE_ROOT}\stego\WOW\0.4bpp\stego\2789.pgm,0.9934357507792255,0.491455078125,0.51220703125,0.491455078125,0.51220703125,0.022759155655518754,0.50537109375,0.5322265625,0.50537109375,0.5322265625,0.844280659604721,0.50048828125,0.548828125,0.50048828125,0.548828125,0.025130946938122855,0.52783203125,0.54833984375,0.52783203125,0.54833984375,0.7561775556934376,0.4921875,0.62451171875,0.4921875,0.62451171875,WOW,0.262616879331191,0.001916621951048492,0.15808296064986888,0.008064200242174921,0.5693193378257166
WOW__TEST__STEGO__8145.pgm,8145.pgm,WOW,1,${BOSSBASE_ROOT}\stego\WOW\0.4bpp\stego\8145.pgm,0.5093830535740589,0.491455078125,0.51220703125,0.491455078125,0.51220703125,0.5135998551255323,0.50537109375,0.5322265625,0.50537109375,0.5322265625,0.5711089206155776,0.50048828125,0.548828125,0.50048828125,0.548828125,0.5210903837794563,0.52783203125,0.54833984375,0.52783203125,0.54833984375,0.5159705176223964,0.4921875,0.62451171875,0.4921875,0.62451171875,HILL,0.21654861857181937,0.17561562881885337,0.20661144806557014,0.21259117791924123,0.18863312662451595
WOW__TEST__STEGO__7459.pgm,7459.pgm,WOW,1,${BOSSBASE_ROOT}\stego\WOW\0.4bpp\stego\7459.pgm,0.5513623719245874,0.491455078125,0.51220703125,0.491455078125,0.51220703125,0.6201616435491707,0.50537109375,0.5322265625,0.50537109375,0.5322265625,0.5518152623837851,0.50048828125,0.548828125,0.50048828125,0.548828125,0.5547719987898774,0.52783203125,0.54833984375,0.52783203125,0.54833984375,0.5755283719825773,0.4921875,0.62451171875,0.4921875,0.62451171875,S-UNIWARD,0.15888122423076326,0.17644471495146102,0.18916653570374695,0.28074449973671906,0.19476302537730972
WOW__TEST__STEGO__5245.pgm,5245.pgm,WOW,1,${BOSSBASE_ROOT}\stego\WOW\0.4bpp\stego\5245.pgm,0.9769347734830501,0.491455078125,0.51220703125,0.491455078125,0.51220703125,0.31006729966010704,0.50537109375,0.5322265625,0.50537109375,0.5322265625,0.9388007742267246,0.50048828125,0.548828125,0.50048828125,0.548828125,0.9039745112122062,0.52783203125,0.54833984375,0.52783203125,0.54833984375,0.9750597460625842,0.4921875,0.62451171875,0.4921875,0.62451171875,WOW,0.19187583201383798,0.11300876598273385,0.23957410715227026,0.01875324887980039,0.43678804597135734
WOW__TEST__STEGO__293.pgm,293.pgm,WOW,1,${BOSSBASE_ROOT}\stego\WOW\0.4bpp\stego\293.pgm,0.7148271571222505,0.491455078125,0.51220703125,0.491455078125,0.51220703125,0.05281402133724091,0.50537109375,0.5322265625,0.50537109375,0.5322265625,0.6310260485393894,0.50048828125,0.548828125,0.50048828125,0.548828125,0.015306354560694808,0.52783203125,0.54833984375,0.52783203125,0.54833984375,0.5961392876756155,0.4921875,0.62451171875,0.4921875,0.62451171875,WOW,0.3348812409708009,0.007776559093175697,0.2459560808920383,0.02690177505271034,0.3844843439912748
WOW__TEST__STEGO__9097.pgm,9097.pgm,WOW,1,${BOSSBASE_ROOT}\stego\WOW\0.4bpp\stego\9097.pgm,0.5818971858220687,0.491455078125,0.51220703125,0.491455078125,0.51220703125,0.5316045365414194,0.50537109375,0.5322265625,0.50537109375,0.5322265625,0.5527509628718631,0.50048828125,0.548828125,0.50048828125,0.548828125,0.5702715085977696,0.52783203125,0.54833984375,0.52783203125,0.54833984375,0.5504865427793035,0.4921875,0.62451171875,0.4921875,0.62451171875,WOW,0.17453107213446983,0.18585243166398974,0.19586043801341768,0.2109437823534283,0.23281227583469447
WOW__TEST__STEGO__4936.pgm,4936.pgm,WOW,1,${BOSSBASE_ROOT}\stego\WOW\0.4bpp\stego\4936.pgm,0.5096347325290456,0.491455078125,0.51220703125,0.491455078125,0.51220703125,0.50886442753725,0.50537109375,0.5322265625,0.50537109375,0.5322265625,0.5174794463549678,0.50048828125,0.548828125,0.50048828125,0.548828125,0.5753494347494654,0.52783203125,0.54833984375,0.52783203125,0.54833984375,0.5598917288475965,0.4921875,0.62451171875,0.4921875,0.62451171875,HUGO,0.17198038205392127,0.22593365302343535,0.21728947293616852,0.20841003080337397,0.17638646118310083
WOW__TEST__STEGO__9686.pgm,9686.pgm,WOW,1,${BOSSBASE_ROOT}\stego\WOW\0.4bpp\stego\9686.pgm,0.9906960501316063,0.491455078125,0.51220703125,0.491455078125,0.51220703125,0.9897513980768414,0.50537109375,0.5322265625,0.50537109375,0.5322265625,0.9925682266657089,0.50048828125,0.548828125,0.50048828125,0.548828125,0.6474639332070123,0.52783203125,0.54833984375,0.52783203125,0.54833984375,0.9931228923417693,0.4921875,0.62451171875,0.4921875,0.62451171875,WOW,0.13776806688970514,0.035925367634549954,0.14226265443276498,0.22553473192976725,0.45850917911321265
WOW__TEST__STEGO__1759.pgm,1759.pgm,WOW,1,${BOSSBASE_ROOT}\stego\WOW\0.4bpp\stego\1759.pgm,0.8700461860351454,0.491455078125,0.51220703125,0.491455078125,0.51220703125,0.5852196833544826,0.50537109375,0.5322265625,0.50537109375,0.5322265625,0.5016336382908846,0.50048828125,0.548828125,0.50048828125,0.548828125,0.040540738463481864,0.52783203125,0.54833984375,0.52783203125,0.54833984375,0.003678508928875723,0.4921875,0.62451171875,0.4921875,0.62451171875,WOW,0.09675286517879031,0.007906863636210133,0.026400032043686933,0.22799941493642742,0.6409408242048853
WOW__TEST__STEGO__7516.pgm,7516.pgm,WOW,1,${BOSSBASE_ROOT}\stego\WOW\0.4bpp\stego\7516.pgm,0.502580619785307,0.491455078125,0.51220703125,0.491455078125,0.51220703125,0.508910189441957,0.50537109375,0.5322265625,0.50537109375,0.5322265625,0.5016651092008538,0.50048828125,0.548828125,0.50048828125,0.548828125,0.5045775088253455,0.52783203125,0.54833984375,0.52783203125,0.54833984375,0.4997965097539717,0.4921875,0.62451171875,0.4921875,0.62451171875,S-UNIWARD,0.18421468559843113,0.18370708124838575,0.20326473800485703,0.23776335613069005,0.1910501390176361
WOW__TEST__STEGO__8349.pgm,8349.pgm,WOW,1,${BOSSBASE_ROOT}\stego\WOW\0.4bpp\stego\8349.pgm,0.989908684514805,0.491455078125,0.51220703125,0.491455078125,0.51220703125,0.6531269142203084,0.50537109375,0.5322265625,0.50537109375,0.5322265625,0.9895109087400621,0.50048828125,0.548828125,0.50048828125,0.548828125,0.991422514586288,0.52783203125,0.54833984375,0.52783203125,0.54833984375,0.992710922416408,0.4921875,0.62451171875,0.4921875,0.62451171875,WOW,0.15429528230902517,0.16510483689832686,0.18713256497868655,0.0614218090947306,0.43204550671923075
WOW__TEST__STEGO__6332.pgm,6332.pgm,WOW,1,${BOSSBASE_ROOT}\stego\WOW\0.4bpp\stego\6332.pgm,0.6036982180667488,0.491455078125,0.51220703125,0.491455078125,0.51220703125,0.3470943611833573,0.50537109375,0.5322265625,0.50537109375,0.5322265625,0.5628373947506442,0.50048828125,0.548828125,0.50048828125,0.548828125,0.46885142444637035,0.52783203125,0.54833984375,0.52783203125,0.54833984375,1.7880645357111507e-06,0.4921875,0.62451171875,0.4921875,0.62451171875,WOW,0.2595303694622774,0.14616828254370592,0.07188660282226347,0.15808965080192688,0.3643250943698262
WOW__TEST__STEGO__8643.pgm,8643.pgm,WOW,1,${BOSSBASE_ROOT}\stego\WOW\0.4bpp\stego\8643.pgm,0.9901782070803069,0.491455078125,0.51220703125,0.491455078125,0.51220703125,0.981979260068153,0.50537109375,0.5322265625,0.50537109375,0.5322265625,0.9612438064128053,0.50048828125,0.548828125,0.50048828125,0.548828125,0.011552670335220809,0.52783203125,0.54833984375,0.52783203125,0.54833984375,0.9647888635784241,0.4921875,0.62451171875,0.4921875,0.62451171875,WOW,0.15955846137811835,0.0018101568941256197,0.12102789688622702,0.2284724137732184,0.4891310710683106
WOW__TEST__STEGO__3764.pgm,3764.pgm,WOW,1,${BOSSBASE_ROOT}\stego\WOW\0.4bpp\stego\3764.pgm,0.9830850867332734,0.491455078125,0.51220703125,0.491455078125,0.51220703125,0.9865198970247337,0.50537109375,0.5322265625,0.50537109375,0.5322265625,0.7184956435115255,0.50048828125,0.548828125,0.50048828125,0.548828125,0.16545822406503088,0.52783203125,0.54833984375,0.52783203125,0.54833984375,0.8996515935589441,0.4921875,0.62451171875,0.4921875,0.62451171875,WOW,0.07364763537617255,0.005149867117907048,0.10168264173293116,0.3324370715119139,0.4870827842610755
WOW__TEST__STEGO__1798.pgm,1798.pgm,WOW,1,${BOSSBASE_ROOT}\stego\WOW\0.4bpp\stego\1798.pgm,0.9909096166863416,0.491455078125,0.51220703125,0.491455078125,0.51220703125,0.9897116988662837,0.50537109375,0.5322265625,0.50537109375,0.5322265625,0.9870795269609209,0.50048828125,0.548828125,0.50048828125,0.548828125,0.00959645473238191,0.52783203125,0.54833984375,0.52783203125,0.54833984375,0.9290551722572381,0.4921875,0.62451171875,0.4921875,0.62451171875,WOW,0.1696056049969645,0.001742335342247558,0.10995677480987967,0.228700767061335,0.48999451778957315
WOW__TEST__STEGO__7091.pgm,7091.pgm,WOW,1,${BOSSBASE_ROOT}\stego\WOW\0.4bpp\stego\7091.pgm,0.9403530570548787,0.491455078125,0.51220703125,0.491455078125,0.51220703125,0.6918097600232571,0.50537109375,0.5322265625,0.50537109375,0.5322265625,0.021165618205957883,0.50048828125,0.548828125,0.50048828125,0.548828125,0.061989456512555524,0.52783203125,0.54833984375,0.52783203125,0.54833984375,0.19728975659174414,0.4921875,0.62451171875,0.4921875,0.62451171875,WOW,0.013421310283716546,0.008870730087070781,0.022494699206428416,0.3946593112819875,0.5605539491407967
WOW__TEST__STEGO__7810.pgm,7810.pgm,WOW,1,${BOSSBASE_ROOT}\stego\WOW\0.4bpp\stego\7810.pgm,0.9916195466489739,0.491455078125,0.51220703125,0.491455078125,0.51220703125,0.7247728859155435,0.50537109375,0.5322265625,0.50537109375,0.5322265625,0.991118324899153,0.50048828125,0.548828125,0.50048828125,0.548828125,0.9894702878753826,0.52783203125,0.54833984375,0.52783203125,0.54833984375,0.9917163731139695,0.4921875,0.62451171875,0.4921875,0.62451171875,WOW,0.1454598071916279,0.1652951581489005,0.1759436551954428,0.08019010337686923,0.43311127608715966
WOW__TEST__STEGO__9.pgm,9.pgm,WOW,1,${BOSSBASE_ROOT}\stego\WOW\0.4bpp\stego\9.pgm,0.23651623644570763,0.491455078125,0.51220703125,0.491455078125,0.51220703125,0.7189891779798493,0.50537109375,0.5322265625,0.50537109375,0.5322265625,0.01621503010931627,0.50048828125,0.548828125,0.50048828125,0.548828125,0.009376237450848677,0.52783203125,0.54833984375,0.52783203125,0.54833984375,0.65168744473451,0.4921875,0.62451171875,0.4921875,0.62451171875,S-UNIWARD,0.038228885193913736,0.034152953244360434,0.18134884849953065,0.698913079920668,0.047356233141527176
WOW__TEST__STEGO__1013.pgm,1013.pgm,WOW,1,${BOSSBASE_ROOT}\stego\WOW\0.4bpp\stego\1013.pgm,0.9912208911330882,0.491455078125,0.51220703125,0.491455078125,0.51220703125,0.8601343465140441,0.50537109375,0.5322265625,0.50537109375,0.5322265625,0.13050689140308577,0.50048828125,0.548828125,0.50048828125,0.548828125,0.9533619599768125,0.52783203125,0.54833984375,0.52783203125,0.54833984375,0.5922539638308967,0.4921875,0.62451171875,0.4921875,0.62451171875,WOW,0.0067742092289683345,0.2857898718454515,0.034345763038330486,0.3317149359522845,0.3413752199349652
WOW__TEST__STEGO__8587.pgm,8587.pgm,WOW,1,${BOSSBASE_ROOT}\stego\WOW\0.4bpp\stego\8587.pgm,0.9916519461902167,0.491455078125,0.51220703125,0.491455078125,0.51220703125,0.9956176633592693,0.50537109375,0.5322265625,0.50537109375,0.5322265625,0.990216123982345,0.50048828125,0.548828125,0.50048828125,0.548828125,0.9569571506599678,0.52783203125,0.54833984375,0.52783203125,0.54833984375,0.994180040415741,0.4921875,0.62451171875,0.4921875,0.62451171875,WOW,0.10966064775727727,0.14209394174956894,0.13408354754300228,0.2099164786060814,0.40424538434407
WOW__TEST__STEGO__6959.pgm,6959.pgm,WOW,1,${BOSSBASE_ROOT}\stego\WOW\0.4bpp\stego\6959.pgm,0.993734466224161,0.491455078125,0.51220703125,0.491455078125,0.51220703125,0.9847524093785005,0.50537109375,0.5322265625,0.50537109375,0.5322265625,0.4426364972492486,0.50048828125,0.548828125,0.50048828125,0.548828125,0.016090874192824428,0.52783203125,0.54833984375,0.52783203125,0.54833984375,0.00959645473238191,0.4921875,0.62451171875,0.4921875,0.62451171875,S-UNIWARD,0.023933743843436942,0.003032510358319897,0.007963091660876335,0.49069625946872886,0.4743743946686379
WOW__TEST__STEGO__2707.pgm,2707.pgm,WOW,1,${BOSSBASE_ROOT}\stego\WOW\0.4bpp\stego\2707.pgm,0.7876046534649508,0.491455078125,0.51220703125,0.491455078125,0.51220703125,0.7018152707906092,0.50537109375,0.5322265625,0.50537109375,0.5322265625,0.07682220445294782,0.50048828125,0.548828125,0.50048828125,0.548828125,0.08803311528880656,0.52783203125,0.54833984375,0.52783203125,0.54833984375,0.8185918194864789,0.4921875,0.62451171875,0.4921875,0.62451171875,S-UNIWARD,0.025391108167752585,0.015030658379594783,0.16065073743146233,0.4347556762632911,0.36417181975789914
WOW__TEST__STEGO__5765.pgm,5765.pgm,WOW,1,${BOSSBASE_ROOT}\stego\WOW\0.4bpp\stego\5765.pgm,0.9905509186809447,0.491455078125,0.51220703125,0.491455078125,0.51220703125,0.3501991218200541,0.50537109375,0.5322265625,0.50537109375,0.5322265625,0.05845324104109674,0.50048828125,0.548828125,0.50048828125,0.548828125,0.1939094650191358,0.52783203125,0.54833984375,0.52783203125,0.54833984375,0.5257645134562083,0.4921875,0.62451171875,0.4921875,0.62451171875,WOW,0.022709376981074562,0.015286940144239588,0.07832952558740013,0.10975044238485492,0.773923714902431
WOW__TEST__STEGO__472.pgm,472.pgm,WOW,1,${BOSSBASE_ROOT}\stego\WOW\0.4bpp\stego\472.pgm,0.9905874104123901,0.491455078125,0.51220703125,0.491455078125,0.51220703125,0.991875291221819,0.50537109375,0.5322265625,0.50537109375,0.5322265625,0.9884473296647792,0.50048828125,0.548828125,0.50048828125,0.548828125,0.007968814953315289,0.52783203125,0.54833984375,0.52783203125,0.54833984375,0.9893062422638245,0.4921875,0.62451171875,0.4921875,0.62451171875,WOW,0.16947147764535225,0.0016940473211400472,0.12619181973160418,0.22335576638244048,0.4792868889194631
WOW__TEST__STEGO__5636.pgm,5636.pgm,WOW,1,${BOSSBASE_ROOT}\stego\WOW\0.4bpp\stego\5636.pgm,0.5526302481751734,0.491455078125,0.51220703125,0.491455078125,0.51220703125,0.5034560606805222,0.50537109375,0.5322265625,0.50537109375,0.5322265625,0.5285334182577774,0.50048828125,0.548828125,0.50048828125,0.548828125,0.5299020190269428,0.52783203125,0.54833984375,0.52783203125,0.54833984375,0.5128908194727738,0.4921875,0.62451171875,0.4921875,0.62451171875,WOW,0.18485696006760918,0.17786587661064804,0.1981460243543241,0.21417660602492927,0.2249545329424895
WOW__TEST__STEGO__2296.pgm,2296.pgm,WOW,1,${BOSSBASE_ROOT}\stego\WOW\0.4bpp\stego\2296.pgm,0.9653158276272332,0.491455078125,0.51220703125,0.491455078125,0.51220703125,0.7093212546090173,0.50537109375,0.5322265625,0.50537109375,0.5322265625,0.6265812767716958,0.50048828125,0.548828125,0.50048828125,0.548828125,0.5795193962695273,0.52783203125,0.54833984375,0.52783203125,0.54833984375,0.7450275362362425,0.4921875,0.62451171875,0.4921875,0.62451171875,WOW,0.07707054504438528,0.05158490694415674,0.11542215510848251,0.1775737940996545,0.5783485988033209
WOW__TEST__STEGO__7704.pgm,7704.pgm,WOW,1,${BOSSBASE_ROOT}\stego\WOW\0.4bpp\stego\7704.pgm,0.9887119261007691,0.491455078125,0.51220703125,0.491455078125,0.51220703125,0.9690910414827888,0.50537109375,0.5322265625,0.50537109375,0.5322265625,0.9613165029135924,0.50048828125,0.548828125,0.50048828125,0.548828125,0.22936255487832255,0.52783203125,0.54833984375,0.52783203125,0.54833984375,0.7932661483848841,0.4921875,0.62451171875,0.4921875,0.62451171875,WOW,0.1530166693206076,0.005483884592630994,0.08632482608567402,0.24153787766549675,0.5136367423355906
WOW__TEST__STEGO__1539.pgm,1539.pgm,WOW,1,${BOSSBASE_ROOT}\stego\WOW\0.4bpp\stego\1539.pgm,0.9810582921748147,0.491455078125,0.51220703125,0.491455078125,0.51220703125,0.014009566286403145,0.50537109375,0.5322265625,0.50537109375,0.5322265625,0.23213602937942995,0.50048828125,0.548828125,0.50048828125,0.548828125,0.8800774779980822,0.52783203125,0.54833984375,0.52783203125,0.54833984375,0.9537942509646805,0.4921875,0.62451171875,0.4921875,0.62451171875,WOW,0.030953197964168424,0.21514998214243866,0.2530332758421812,0.016061638020984023,0.4848019060302277
WOW__TEST__STEGO__9109.pgm,9109.pgm,WOW,1,${BOSSBASE_ROOT}\stego\WOW\0.4bpp\stego\9109.pgm,0.9887987866239217,0.491455078125,0.51220703125,0.491455078125,0.51220703125,0.029367854181228517,0.50537109375,0.5322265625,0.50537109375,0.5322265625,0.09912085510042459,0.50048828125,0.548828125,0.50048828125,0.548828125,0.008445626941126032,0.52783203125,0.54833984375,0.52783203125,0.54833984375,0.5101533281659086,0.4921875,0.62451171875,0.4921875,0.62451171875,WOW,0.0376041800052158,0.005860210418657356,0.09917410819675485,0.032333797592824697,0.8250277037865472
WOW__TEST__STEGO__6903.pgm,6903.pgm,WOW,1,${BOSSBASE_ROOT}\stego\WOW\0.4bpp\stego\6903.pgm,0.16291203745291188,0.491455078125,0.51220703125,0.491455078125,0.51220703125,0.7431680086124811,0.50537109375,0.5322265625,0.50537109375,0.5322265625,0.04867657203170606,0.50048828125,0.548828125,0.50048828125,0.548828125,0.021165618205957883,0.52783203125,0.54833984375,0.52783203125,0.54833984375,0.41584743255691237,0.4921875,0.62451171875,0.4921875,0.62451171875,S-UNIWARD,0.041165543104016815,0.0399496036982193,0.10246495405326536,0.7810787123442866,0.03534118680021191
WOW__TEST__STEGO__5248.pgm,5248.pgm,WOW,1,${BOSSBASE_ROOT}\stego\WOW\0.4bpp\stego\5248.pgm,0.9875203002546722,0.491455078125,0.51220703125,0.491455078125,0.51220703125,0.015543647930770626,0.50537109375,0.5322265625,0.50537109375,0.5322265625,0.8340016888019482,0.50048828125,0.548828125,0.50048828125,0.548828125,0.012431650853185818,0.52783203125,0.54833984375,0.52783203125,0.54833984375,0.9213576188158985,0.4921875,0.62451171875,0.4921875,0.62451171875,WOW,0.24992143016337245,0.0017022048660520908,0.2274400609337987,0.007160510091594873,0.5137757939451819
WOW__TEST__STEGO__8303.pgm,8303.pgm,WOW,1,${BOSSBASE_ROOT}\stego\WOW\0.4bpp\stego\8303.pgm,0.5015525767971096,0.491455078125,0.51220703125,0.491455078125,0.51220703125,0.5055043857736908,0.50537109375,0.5322265625,0.50537109375,0.5322265625,0.5104278700208289,0.50048828125,0.548828125,0.50048828125,0.548828125,0.5153912540050615,0.52783203125,0.54833984375,0.52783203125,0.54833984375,0.5078347468593906,0.4921875,0.62451171875,0.4921875,0.62451171875,S-UNIWARD,0.1872093000756941,0.18941772456550832,0.20657579794374367,0.22906952168828387,0.18772765572677005
WOW__TEST__STEGO__7068.pgm,7068.pgm,WOW,1,${BOSSBASE_ROOT}\stego\WOW\0.4bpp\stego\7068.pgm,0.9913222832950107,0.491455078125,0.51220703125,0.491455078125,0.51220703125,0.991083872947128,0.50537109375,0.5322265625,0.50537109375,0.5322265625,0.9921232932834126,0.50048828125,0.548828125,0.50048828125,0.548828125,0.18802560974027355,0.52783203125,0.54833984375,0.52783203125,0.54833984375,0.9919067101026269,0.4921875,0.62451171875,0.4921875,0.62451171875,WOW,0.16209492278323798,0.004011993408396698,0.13189607858681066,0.2243801084611558,0.4776168967603989
WOW__TEST__STEGO__5861.pgm,5861.pgm,WOW,1,${BOSSBASE_ROOT}\stego\WOW\0.4bpp\stego\5861.pgm,0.9885362026220039,0.491455078125,0.51220703125,0.491455078125,0.51220703125,0.9658995742876885,0.50537109375,0.5322265625,0.50537109375,0.5322265625,0.022243667583876928,0.50048828125,0.548828125,0.50048828125,0.548828125,0.009974920824078675,0.52783203125,0.54833984375,0.52783203125,0.54833984375,0.031499380302443446,0.4921875,0.62451171875,0.4921875,0.62451171875,S-UNIWARD,0.005450000629525603,0.0037017249222906948,0.006110584354643974,0.6148891235012369,0.3698485665923028
WOW__TEST__STEGO__3369.pgm,3369.pgm,WOW,1,${BOSSBASE_ROOT}\stego\WOW\0.4bpp\stego\3369.pgm,0.991118324899153,0.491455078125,0.51220703125,0.491455078125,0.51220703125,0.9929061381210885,0.50537109375,0.5322265625,0.50537109375,0.5322265625,0.9900635812940538,0.50048828125,0.548828125,0.50048828125,0.548828125,0.008219693061967886,0.52783203125,0.54833984375,0.52783203125,0.54833984375,0.9922444632191525,0.4921875,0.62451171875,0.4921875,0.62451171875,WOW,0.1697139218171967,0.0016871457770805836,0.12671494360475838,0.22299420567290304,0.47888978312806124
WOW__TEST__STEGO__254.pgm,254.pgm,WOW,1,${BOSSBASE_ROOT}\stego\WOW\0.4bpp\stego\254.pgm,0.9869292152258129,0.491455078125,0.51220703125,0.491455078125,0.51220703125,0.6831024702293615,0.50537109375,0.5322265625,0.50537109375,0.5322265625,0.4119977489407016,0.50048828125,0.548828125,0.50048828125,0.548828125,0.5816595761627131,0.52783203125,0.54833984375,0.52783203125,0.54833984375,0.45698525427923437,0.4921875,0.62451171875,0.4921875,0.62451171875,WOW,0.03710236518321627,0.06251417616339186,0.050903730958005225,0.21875351711983768,0.630726210575549
WOW__TEST__STEGO__5732.pgm,5732.pgm,WOW,1,${BOSSBASE_ROOT}\stego\WOW\0.4bpp\stego\5732.pgm,0.9774570340514706,0.491455078125,0.51220703125,0.491455078125,0.51220703125,0.9461008455487896,0.50537109375,0.5322265625,0.50537109375,0.5322265625,0.9424007941334204,0.50048828125,0.548828125,0.50048828125,0.548828125,0.96036116089903,0.52783203125,0.54833984375,0.52783203125,0.54833984375,0.8265718476699254,0.4921875,0.62451171875,0.4921875,0.62451171875,WOW,0.10466280514286394,0.1686387014168508,0.09795520639626251,0.20899008987387466,0.41975319717014814
WOW__TEST__STEGO__5912.pgm,5912.pgm,WOW,1,${BOSSBASE_ROOT}\stego\WOW\0.4bpp\stego\5912.pgm,0.9928231180543431,0.491455078125,0.51220703125,0.491455078125,0.51220703125,0.9907319866190857,0.50537109375,0.5322265625,0.50537109375,0.5322265625,0.9936610782629057,0.50048828125,0.548828125,0.50048828125,0.548828125,0.9946774645488873,0.52783203125,0.54833984375,0.52783203125,0.54833984375,0.9901401446964613,0.4921875,0.62451171875,0.4921875,0.62451171875,WOW,0.10710099478305256,0.1651632709134528,0.13095094329224943,0.2008560038699823,0.39592878714126295
WOW__TEST__STEGO__7019.pgm,7019.pgm,WOW,1,${BOSSBASE_ROOT}\stego\WOW\0.4bpp\stego\7019.pgm,0.9267027235112548,0.491455078125,0.51220703125,0.491455078125,0.51220703125,0.8976952921073469,0.50537109375,0.5322265625,0.50537109375,0.5322265625,0.9790357591818724,0.50048828125,0.548828125,0.50048828125,0.548828125,0.007093861878911533,0.52783203125,0.54833984375,0.52783203125,0.54833984375,0.9800912115412155,0.4921875,0.62451171875,0.4921875,0.62451171875,WOW,0.21781320600757473,0.002160743428876158,0.16133357001923215,0.1869605924718749,0.431731888072442
WOW__TEST__STEGO__6128.pgm,6128.pgm,WOW,1,${BOSSBASE_ROOT}\stego\WOW\0.4bpp\stego\6128.pgm,0.9923637835053328,0.491455078125,0.51220703125,0.491455078125,0.51220703125,0.9955489587731127,0.50537109375,0.5322265625,0.50537109375,0.5322265625,0.9893062422638245,0.50048828125,0.548828125,0.50048828125,0.548828125,0.02076473876293561,0.52783203125,0.54833984375,0.52783203125,0.54833984375,0.987711402470298,0.4921875,0.62451171875,0.4921875,0.62451171875,WOW,0.16763123423799436,0.0017880698948160233,0.12491525176946876,0.2253842796944577,0.48028116440326324
WOW__TEST__STEGO__7929.pgm,7929.pgm,WOW,1,${BOSSBASE_ROOT}\stego\WOW\0.4bpp\stego\7929.pgm,0.9535353360498288,0.491455078125,0.51220703125,0.491455078125,0.51220703125,0.7312505391412322,0.50537109375,0.5322265625,0.50537109375,0.5322265625,0.9543079676184154,0.50048828125,0.548828125,0.50048828125,0.548828125,0.018761083978128455,0.52783203125,0.54833984375,0.52783203125,0.54833984375,0.9989012689270753,0.4921875,0.62451171875,0.4921875,0.62451171875,WOW,0.2271029560981167,0.0021450791531327017,0.18750151948729915,0.10147197020854337,0.4817784750529081
WOW__TEST__STEGO__2342.pgm,2342.pgm,WOW,1,${BOSSBASE_ROOT}\stego\WOW\0.4bpp\stego\2342.pgm,0.9911526449170697,0.491455078125,0.51220703125,0.491455078125,0.51220703125,0.9868280501184434,0.50537109375,0.5322265625,0.50537109375,0.5322265625,0.9889278398167658,0.50048828125,0.548828125,0.50048828125,0.548828125,0.010368156650788152,0.52783203125,0.54833984375,0.52783203125,0.54833984375,0.9890976262707148,0.4921875,0.62451171875,0.4921875,0.62451171875,WOW,0.1705692943040433,0.0017124958999475846,0.12689122742571043,0.21944851732572598,0.4813784650445727
WOW__TEST__STEGO__9301.pgm,9301.pgm,WOW,1,${BOSSBASE_ROOT}\stego\WOW\0.4bpp\stego\9301.pgm,0.9918437513730266,0.491455078125,0.51220703125,0.491455078125,0.51220703125,0.9855521474663975,0.50537109375,0.5322265625,0.50537109375,0.5322265625,0.03155901917057399,0.50048828125,0.548828125,0.50048828125,0.548828125,0.8991213772699436,0.52783203125,0.54833984375,0.52783203125,0.54833984375,0.3341547393547116,0.4921875,0.62451171875,0.4921875,0.62451171875,S-UNIWARD,0.0034438957574879033,0.20287195799038418,0.012220978622369726,0.5056086810626915,0.2758544865670667
WOW__TEST__STEGO__7425.pgm,7425.pgm,WOW,1,${BOSSBASE_ROOT}\stego\WOW\0.4bpp\stego\7425.pgm,0.9022656804095371,0.491455078125,0.51220703125,0.491455078125,0.51220703125,0.5705108104332228,0.50537109375,0.5322265625,0.50537109375,0.5322265625,0.15393033631774175,0.50048828125,0.548828125,0.50048828125,0.548828125,0.058560826873748875,0.52783203125,0.54833984375,0.52783203125,0.54833984375,0.5590794170765362,0.4921875,0.62451171875,0.4921875,0.62451171875,WOW,0.03237975164057459,0.010028995685377266,0.08754168062708646,0.2561080255008385,0.6139415465461232
WOW__TEST__STEGO__3674.pgm,3674.pgm,WOW,1,${BOSSBASE_ROOT}\stego\WOW\0.4bpp\stego\3674.pgm,0.811676021090197,0.491455078125,0.51220703125,0.491455078125,0.51220703125,0.6177432627383693,0.50537109375,0.5322265625,0.50537109375,0.5322265625,0.8899121189857752,0.50048828125,0.548828125,0.50048828125,0.548828125,0.9233161978167049,0.52783203125,0.54833984375,0.52783203125,0.54833984375,0.9320833247440339,0.4921875,0.62451171875,0.4921875,0.62451171875,WOW,0.1769835836602425,0.23152163533365008,0.2344810425493146,0.08284424586925312,0.27416949258753975
WOW__TEST__STEGO__9975.pgm,9975.pgm,WOW,1,${BOSSBASE_ROOT}\stego\WOW\0.4bpp\stego\9975.pgm,0.991118324899153,0.491455078125,0.51220703125,0.491455078125,0.51220703125,0.9911526449170697,0.50537109375,0.5322265625,0.50537109375,0.5322265625,0.9892232739499199,0.50048828125,0.548828125,0.50048828125,0.548828125,0.9898695883364156,0.52783203125,0.54833984375,0.52783203125,0.54833984375,0.9886682464686385,0.4921875,0.62451171875,0.4921875,0.62451171875,WOW,0.10647910625261842,0.16355101843199432,0.13101594015430326,0.203487317267726,0.395466617893358
WOW__TEST__STEGO__7519.pgm,7519.pgm,WOW,1,${BOSSBASE_ROOT}\stego\WOW\0.4bpp\stego\7519.pgm,0.4001631995364545,0.491455078125,0.51220703125,0.491455078125,0.51220703125,0.5065723448199008,0.50537109375,0.5322265625,0.50537109375,0.5322265625,0.4558344007931222,0.50048828125,0.548828125,0.50048828125,0.548828125,0.5499125535753246,0.52783203125,0.54833984375,0.52783203125,0.54833984375,0.49043390670695014,0.4921875,0.62451171875,0.4921875,0.62451171875,HUGO,0.16256435331936475,0.27127444872083073,0.20313321067734716,0.24349277590873392,0.11953521137372339
WOW__TEST__STEGO__8650.pgm,8650.pgm,WOW,1,${BOSSBASE_ROOT}\stego\WOW\0.4bpp\stego\8650.pgm,0.9913222832950107,0.491455078125,0.51220703125,0.491455078125,0.51220703125,0.1266770966666629,0.50537109375,0.5322265625,0.50537109375,0.5322265625,0.9908389730779061,0.50048828125,0.548828125,0.50048828125,0.548828125,0.7382918730797098,0.52783203125,0.54833984375,0.52783203125,0.54833984375,0.9881766051636294,0.4921875,0.62451171875,0.4921875,0.62451171875,WOW,0.2555231308584682,0.041798168031176725,0.2582939144720643,0.008032629872169666,0.4363521567661211
WOW__TEST__STEGO__7936.pgm,7936.pgm,WOW,1,${BOSSBASE_ROOT}\stego\WOW\0.4bpp\stego\7936.pgm,0.6143361625798912,0.491455078125,0.51220703125,0.491455078125,0.51220703125,0.711531138050469,0.50537109375,0.5322265625,0.50537109375,0.5322265625,0.5130204320996069,0.50048828125,0.548828125,0.50048828125,0.548828125,0.6181467350829205,0.52783203125,0.54833984375,0.52783203125,0.54833984375,0.5970793913882744,0.4921875,0.62451171875,0.4921875,0.62451171875,S-UNIWARD,0.10287263739752368,0.19244728233292976,0.14966220382091797,0.34515739022990477,0.20986048621872377
WOW__TEST__STEGO__3581.pgm,3581.pgm,WOW,1,${BOSSBASE_ROOT}\stego\WOW\0.4bpp\stego\3581.pgm,0.9690910414827888,0.491455078125,0.51220703125,0.491455078125,0.51220703125,0.6386099320772389,0.50537109375,0.5322265625,0.50537109375,0.5322265625,0.670176704984625,0.50048828125,0.548828125,0.50048828125,0.548828125,0.1562335892466744,0.52783203125,0.54833984375,0.52783203125,0.54833984375,0.5336101278235771,0.4921875,0.62451171875,0.4921875,0.62451171875,WOW,0.11171361729698746,0.0069458041201847925,0.07180559946815783,0.14357998287599835,0.6659549962386716
WOW__TEST__STEGO__944.pgm,944.pgm,WOW,1,${BOSSBASE_ROOT}\stego\WOW\0.4bpp\stego\944.pgm,0.9845754479181588,0.491455078125,0.51220703125,0.491455078125,0.51220703125,0.9515039967560431,0.50537109375,0.5322265625,0.50537109375,0.5322265625,0.9697854129326061,0.50048828125,0.548828125,0.50048828125,0.548828125,0.01411789342520494,0.52783203125,0.54833984375,0.52783203125,0.54833984375,0.9917163731139695,0.4921875,0.62451171875,0.4921875,0.62451171875,WOW,0.17247919955487206,0.0018478402758858744,0.1360501935384933,0.20386619498067243,0.4857565716500764
WOW__TEST__STEGO__4972.pgm,4972.pgm,WOW,1,${BOSSBASE_ROOT}\stego\WOW\0.4bpp\stego\4972.pgm,0.9917484014309144,0.491455078125,0.51220703125,0.491455078125,0.51220703125,0.17567945088745876,0.50537109375,0.5322265625,0.50537109375,0.5322265625,0.9902538959474461,0.50048828125,0.548828125,0.50048828125,0.548828125,0.16198195581769867,0.52783203125,0.54833984375,0.52783203125,0.54833984375,0.9768465889071616,0.4921875,0.62451171875,0.4921875,0.62451171875,WOW,0.3029595111855067,0.0027291083769424686,0.22266074141199432,0.009648306344435642,0.46200233268112095
WOW__TEST__STEGO__1302.pgm,1302.pgm,WOW,1,${BOSSBASE_ROOT}\stego\WOW\0.4bpp\stego\1302.pgm,0.9886682464686385,0.491455078125,0.51220703125,0.491455078125,0.51220703125,0.9871292507842533,0.50537109375,0.5322265625,0.50537109375,0.5322265625,0.9918437513730266,0.50048828125,0.548828125,0.50048828125,0.548828125,0.010448625445116808,0.52783203125,0.54833984375,0.52783203125,0.54833984375,0.9913222832950107,0.4921875,0.62451171875,0.4921875,0.62451171875,WOW,0.1728956463956524,0.0017192725488697652,0.1282558559177108,0.21945737149190978,0.47767185364585724
WOW__TEST__STEGO__982.pgm,982.pgm,WOW,1,${BOSSBASE_ROOT}\stego\WOW\0.4bpp\stego\982.pgm,0.991118324899153,0.491455078125,0.51220703125,0.491455078125,0.51220703125,0.9765800557141248,0.50537109375,0.5322265625,0.50537109375,0.5322265625,0.9912886155422945,0.50048828125,0.548828125,0.50048828125,0.548828125,0.9884473296647792,0.52783203125,0.54833984375,0.52783203125,0.54833984375,0.9912548183179649,0.4921875,0.62451171875,0.4921875,0.62451171875,WOW,0.10957006609385561,0.16293791797278837,0.13463549194501012,0.1936729106173408,0.39918361337100505
WOW__TEST__STEGO__2344.pgm,2344.pgm,WOW,1,${BOSSBASE_ROOT}\stego\WOW\0.4bpp\stego\2344.pgm,0.9899476313420319,0.491455078125,0.51220703125,0.491455078125,0.51220703125,0.9846936454393053,0.50537109375,0.5322265625,0.50537109375,0.5322265625,0.9888849862785224,0.50048828125,0.548828125,0.50048828125,0.548828125,0.5516944999663014,0.52783203125,0.54833984375,0.52783203125,0.54833984375,0.9892232739499199,0.4921875,0.62451171875,0.4921875,0.62451171875,WOW,0.14350709024139957,0.023153749572464053,0.14113642945395924,0.22500547946104185,0.46719725127113526
WOW__TEST__STEGO__1379.pgm,1379.pgm,WOW,1,${BOSSBASE_ROOT}\stego\WOW\0.4bpp\stego\1379.pgm,0.9857180660748888,0.491455078125,0.51220703125,0.491455078125,0.51220703125,0.9616059822423816,0.50537109375,0.5322265625,0.50537109375,0.5322265625,0.9059898203834277,0.50048828125,0.548828125,0.50048828125,0.548828125,0.9617499409068965,0.52783203125,0.54833984375,0.52783203125,0.54833984375,0.9816303618907107,0.4921875,0.62451171875,0.4921875,0.62451171875,WOW,0.089226268112154,0.16297174800092737,0.13378321751326444,0.21039262576640613,0.403626140607248
WOW__TEST__STEGO__4690.pgm,4690.pgm,WOW,1,${BOSSBASE_ROOT}\stego\WOW\0.4bpp\stego\4690.pgm,0.9925682266657089,0.491455078125,0.51220703125,0.491455078125,0.51220703125,0.9950563109218775,0.50537109375,0.5322265625,0.50537109375,0.5322265625,0.9924520766240994,0.50048828125,0.548828125,0.50048828125,0.548828125,0.0058426051752048505,0.52783203125,0.54833984375,0.52783203125,0.54833984375,0.9917803069380321,0.4921875,0.62451171875,0.4921875,0.62451171875,WOW,0.16983457944432112,0.0016534308897958648,0.12569997610795366,0.22311055637874933,0.47970145717918
WOW__TEST__STEGO__939.pgm,939.pgm,WOW,1,${BOSSBASE_ROOT}\stego\WOW\0.4bpp\stego\939.pgm,0.9934865014403319,0.491455078125,0.51220703125,0.491455078125,0.51220703125,0.9938070098421449,0.50537109375,0.5322265625,0.50537109375,0.5322265625,0.9871787857334058,0.50048828125,0.548828125,0.50048828125,0.548828125,0.9788748081040518,0.52783203125,0.54833984375,0.52783203125,0.54833984375,0.993384607321672,0.4921875,0.62451171875,0.4921875,0.62451171875,WOW,0.10613340548445328,0.15529925413003692,0.13209904472545372,0.20613252339915888,0.40033577226089717
WOW__TEST__STEGO__7369.pgm,7369.pgm,WOW,1,${BOSSBASE_ROOT}\stego\WOW\0.4bpp\stego\7369.pgm,0.989908684514805,0.491455078125,0.51220703125,0.491455078125,0.51220703125,0.8254490604196459,0.50537109375,0.5322265625,0.50537109375,0.5322265625,0.9402434135995513,0.50048828125,0.548828125,0.50048828125,0.548828125,0.026006784923597617,0.52783203125,0.54833984375,0.52783203125,0.54833984375,0.9743372944539102,0.4921875,0.62451171875,0.4921875,0.62451171875,WOW,0.18288780169683927,0.002049819888540924,0.14987608126695773,0.1389907741588079,0.5261955229888542
WOW__TEST__STEGO__9655.pgm,9655.pgm,WOW,1,${BOSSBASE_ROOT}\stego\WOW\0.4bpp\stego\9655.pgm,0.9921537607074791,0.491455078125,0.51220703125,0.491455078125,0.51220703125,0.9958980707421329,0.50537109375,0.5322265625,0.50537109375,0.5322265625,0.9865198970247337,0.50048828125,0.548828125,0.50048828125,0.548828125,0.07654562858358044,0.52783203125,0.54833984375,0.52783203125,0.54833984375,0.992710922416408,0.4921875,0.62451171875,0.4921875,0.62451171875,WOW,0.1635561314077418,0.0023478874665318066,0.12791801041709833,0.2272282692571635,0.4789497014514646
WOW__TEST__STEGO__2183.pgm,2183.pgm,WOW,1,${BOSSBASE_ROOT}\stego\WOW\0.4bpp\stego\2183.pgm,0.503747869868362,0.491455078125,0.51220703125,0.491455078125,0.51220703125,0.5064197826865909,0.50537109375,0.5322265625,0.50537109375,0.5322265625,0.5055997414460814,0.50048828125,0.548828125,0.50048828125,0.548828125,0.5028857864379428,0.52783203125,0.54833984375,0.52783203125,0.54833984375,0.5060612570175206,0.4921875,0.62451171875,0.4921875,0.62451171875,S-UNIWARD,0.18686657808344742,0.180784107444736,0.20679737175337012,0.23378796620272432,0.19176397651572216
WOW__TEST__STEGO__7453.pgm,7453.pgm,WOW,1,${BOSSBASE_ROOT}\stego\WOW\0.4bpp\stego\7453.pgm,0.6926419831347361,0.491455078125,0.51220703125,0.491455078125,0.51220703125,0.7187918274510433,0.50537109375,0.5322265625,0.50537109375,0.5322265625,0.04493164302237832,0.50048828125,0.548828125,0.50048828125,0.548828125,0.015483987303625265,0.52783203125,0.54833984375,0.52783203125,0.54833984375,0.134434647951204,0.4921875,0.62451171875,0.4921875,0.62451171875,S-UNIWARD,0.02423095003786221,0.015013028109704032,0.031735698328136795,0.6381710954956228,0.29084922802867413
WOW__TEST__STEGO__828.pgm,828.pgm,WOW,1,${BOSSBASE_ROOT}\stego\WOW\0.4bpp\stego\828.pgm,0.581243668125398,0.491455078125,0.51220703125,0.491455078125,0.51220703125,0.4553196971997429,0.50537109375,0.5322265625,0.50537109375,0.5322265625,0.5448316680955425,0.50048828125,0.548828125,0.50048828125,0.548828125,0.056966382144208905,0.52783203125,0.54833984375,0.52783203125,0.54833984375,0.4646890073631879,0.4921875,0.62451171875,0.4921875,0.62451171875,WOW,0.27218747406824956,0.020246106470132603,0.19445854135709362,0.20360287032019578,0.30950500778432843
WOW__TEST__STEGO__8961.pgm,8961.pgm,WOW,1,${BOSSBASE_ROOT}\stego\WOW\0.4bpp\stego\8961.pgm,0.5485525780206914,0.491455078125,0.51220703125,0.491455078125,0.51220703125,0.3134197675890647,0.50537109375,0.5322265625,0.50537109375,0.5322265625,0.620794049681062,0.50048828125,0.548828125,0.50048828125,0.548828125,0.6414223660920466,0.52783203125,0.54833984375,0.52783203125,0.54833984375,0.5843304751797633,0.4921875,0.62451171875,0.4921875,0.62451171875,MiPOD,0.24586321264500136,0.22955432572485032,0.2524842130449336,0.08020709226287699,0.19189115632233772
WOW__TEST__STEGO__8378.pgm,8378.pgm,WOW,1,${BOSSBASE_ROOT}\stego\WOW\0.4bpp\stego\8378.pgm,0.9898695883364156,0.491455078125,0.51220703125,0.491455078125,0.51220703125,0.13028542074923347,0.50537109375,0.5322265625,0.50537109375,0.5322265625,0.9878996141864553,0.50048828125,0.548828125,0.50048828125,0.548828125,0.020023441289455244,0.52783203125,0.54833984375,0.52783203125,0.54833984375,0.9882675360436518,0.4921875,0.62451171875,0.4921875,0.62451171875,WOW,0.3186261062161008,0.0013294984439700763,0.22436533684863946,0.007817942533018787,0.44786111595827094
WOW__TEST__STEGO__5011.pgm,5011.pgm,WOW,1,${BOSSBASE_ROOT}\stego\WOW\0.4bpp\stego\5011.pgm,0.991554373058874,0.491455078125,0.51220703125,0.491455078125,0.51220703125,0.9922143452346321,0.50537109375,0.5322265625,0.50537109375,0.5322265625,0.9929609544025984,0.50048828125,0.548828125,0.50048828125,0.548828125,0.8607207324327466,0.52783203125,0.54833984375,0.52783203125,0.54833984375,0.9920620058985926,0.4921875,0.62451171875,0.4921875,0.62451171875,WOW,0.12086000715492616,0.09420624204850411,0.1388260096072693,0.21707342893093087,0.4290343122583696
WOW__TEST__STEGO__6933.pgm,6933.pgm,WOW,1,${BOSSBASE_ROOT}\stego\WOW\0.4bpp\stego\6933.pgm,0.8365545588915281,0.491455078125,0.51220703125,0.491455078125,0.51220703125,0.5180890256758343,0.50537109375,0.5322265625,0.50537109375,0.5322265625,0.5691343781572562,0.50048828125,0.548828125,0.50048828125,0.548828125,0.42363685006583596,0.52783203125,0.54833984375,0.52783203125,0.54833984375,0.5602225789958724,0.4921875,0.62451171875,0.4921875,0.62451171875,WOW,0.1302651133729792,0.047601748090996834,0.1337012920181112,0.15017608959908274,0.53825575691883
WOW__TEST__STEGO__5482.pgm,5482.pgm,WOW,1,${BOSSBASE_ROOT}\stego\WOW\0.4bpp\stego\5482.pgm,0.9916195466489739,0.491455078125,0.51220703125,0.491455078125,0.51220703125,0.9947798743064417,0.50537109375,0.5322265625,0.50537109375,0.5322265625,0.9881766051636294,0.50048828125,0.548828125,0.50048828125,0.548828125,0.9826243354907803,0.52783203125,0.54833984375,0.52783203125,0.54833984375,0.9905142868292047,0.4921875,0.62451171875,0.4921875,0.62451171875,WOW,0.10628977559927252,0.15845662549595418,0.1312850183700908,0.2068148173594052,0.3971537631752772
WOW__TEST__STEGO__791.pgm,791.pgm,WOW,1,${BOSSBASE_ROOT}\stego\WOW\0.4bpp\stego\791.pgm,0.9896318433492118,0.491455078125,0.51220703125,0.491455078125,0.51220703125,0.9920311850466846,0.50537109375,0.5322265625,0.50537109375,0.5322265625,0.9891396689867223,0.50048828125,0.548828125,0.50048828125,0.548828125,0.4842124031681861,0.52783203125,0.54833984375,0.52783203125,0.54833984375,0.9253649611035,0.4921875,0.62451171875,0.4921875,0.62451171875,WOW,0.14661151935335262,0.017139958041144945,0.11965265792705115,0.23794378577611855,0.4786520789023326
WOW__TEST__STEGO__2831.pgm,2831.pgm,WOW,1,${BOSSBASE_ROOT}\stego\WOW\0.4bpp\stego\2831.pgm,0.4984855698166974,0.491455078125,0.51220703125,0.491455078125,0.51220703125,0.08419108099457717,0.50537109375,0.5322265625,0.50537109375,0.5322265625,0.4479734180974501,0.50048828125,0.548828125,0.50048828125,0.548828125,0.011687257995694434,0.52783203125,0.54833984375,0.52783203125,0.54833984375,0.5002889632856999,0.4921875,0.62451171875,0.4921875,0.62451171875,HILL,0.33849884557233845,0.02120793859811601,0.326675395869787,0.06350872474143394,0.2501090952183245
WOW__TEST__STEGO__7474.pgm,7474.pgm,WOW,1,${BOSSBASE_ROOT}\stego\WOW\0.4bpp\stego\7474.pgm,0.4899000556889805,0.491455078125,0.51220703125,0.491455078125,0.51220703125,0.27904196480094995,0.50537109375,0.5322265625,0.50537109375,0.5322265625,0.4972534455943181,0.50048828125,0.548828125,0.50048828125,0.548828125,0.5507281823201126,0.52783203125,0.54833984375,0.52783203125,0.54833984375,0.40922079513160775,0.4921875,0.62451171875,0.4921875,0.62451171875,HUGO,0.2339782838710549,0.24289474065559333,0.21228070936069832,0.11155237293179598,0.19929389318085752
WOW__TEST__STEGO__5253.pgm,5253.pgm,WOW,1,${BOSSBASE_ROOT}\stego\WOW\0.4bpp\stego\5253.pgm,0.9906599756149459,0.491455078125,0.51220703125,0.491455078125,0.51220703125,0.9811668701095654,0.50537109375,0.5322265625,0.50537109375,0.5322265625,0.8741846824498326,0.50048828125,0.548828125,0.50048828125,0.548828125,0.011375600238837661,0.52783203125,0.54833984375,0.52783203125,0.54833984375,0.05194156150122616,0.4921875,0.62451171875,0.4921875,0.62451171875,WOW,0.10655556712415581,0.002199433618117438,0.011791013346801046,0.3287092231718756,0.5507447627390502
WOW__TEST__STEGO__5533.pgm,5533.pgm,WOW,1,${BOSSBASE_ROOT}\stego\WOW\0.4bpp\stego\5533.pgm,0.991186833496954,0.491455078125,0.51220703125,0.491455078125,0.51220703125,0.9938070098421449,0.50537109375,0.5322265625,0.50537109375,0.5322265625,0.9369805284248849,0.50048828125,0.548828125,0.50048828125,0.548828125,0.9718859428738872,0.52783203125,0.54833984375,0.52783203125,0.54833984375,0.9669764476633727,0.4921875,0.62451171875,0.4921875,0.62451171875,WOW,0.0918395440279634,0.1608958792482887,0.12297109718662373,0.222997238551877,0.4012962409852472
WOW__TEST__STEGO__3444.pgm,3444.pgm,WOW,1,${BOSSBASE_ROOT}\stego\WOW\0.4bpp\stego\3444.pgm,0.5184090333815948,0.491455078125,0.51220703125,0.491455078125,0.51220703125,0.5010814649883396,0.50537109375,0.5322265625,0.50537109375,0.5322265625,0.5008292190578812,0.50048828125,0.548828125,0.50048828125,0.548828125,0.4993109707425629,0.52783203125,0.54833984375,0.52783203125,0.54833984375,0.4987115888502355,0.4921875,0.62451171875,0.4921875,0.62451171875,S-UNIWARD,0.18432153467501078,0.17550421336509656,0.20278907209888603,0.23199953492797132,0.20538564493303532
WOW__TEST__STEGO__1878.pgm,1878.pgm,WOW,1,${BOSSBASE_ROOT}\stego\WOW\0.4bpp\stego\1878.pgm,0.9903663476405535,0.491455078125,0.51220703125,0.491455078125,0.51220703125,0.9959456659132401,0.50537109375,0.5322265625,0.50537109375,0.5322265625,0.8953397977385916,0.50048828125,0.548828125,0.50048828125,0.548828125,0.6249804444212143,0.52783203125,0.54833984375,0.52783203125,0.54833984375,0.9574372713515003,0.4921875,0.62451171875,0.4921875,0.62451171875,WOW,0.10347634094510341,0.036486357472750454,0.127183023778419,0.2665710648935046,0.46628321291022257
WOW__TEST__STEGO__9935.pgm,9935.pgm,WOW,1,${BOSSBASE_ROOT}\stego\WOW\0.4bpp\stego\9935.pgm,0.9358173563909802,0.491455078125,0.51220703125,0.491455078125,0.51220703125,0.3741044570584383,0.50537109375,0.5322265625,0.50537109375,0.5322265625,0.0019342611032703307,0.50048828125,0.548828125,0.50048828125,0.548828125,0.9664104943498959,0.52783203125,0.54833984375,0.52783203125,0.54833984375,0.7190878215999804,0.4921875,0.62451171875,0.4921875,0.62451171875,HUGO,0.009823283921552635,0.4507669724692115,0.09335359191133503,0.08108938357522724,0.36496676812267365
WOW__TEST__STEGO__3095.pgm,3095.pgm,WOW,1,${BOSSBASE_ROOT}\stego\WOW\0.4bpp\stego\3095.pgm,0.9873750507184357,0.491455078125,0.51220703125,0.491455078125,0.51220703125,0.5524793460808639,0.50537109375,0.5322265625,0.50537109375,0.5322265625,0.79881528176072,0.50048828125,0.548828125,0.50048828125,0.548828125,0.7253569066240022,0.52783203125,0.54833984375,0.52783203125,0.54833984375,0.7401743620390163,0.4921875,0.62451171875,0.4921875,0.62451171875,WOW,0.1304859699838648,0.07510328453936303,0.12775669716706983,0.07442860863946621,0.5922254396702361
WOW__TEST__STEGO__4915.pgm,4915.pgm,WOW,1,${BOSSBASE_ROOT}\stego\WOW\0.4bpp\stego\4915.pgm,0.8438951025545426,0.491455078125,0.51220703125,0.491455078125,0.51220703125,0.44957387083345124,0.50537109375,0.5322265625,0.50537109375,0.5322265625,0.5381944899715987,0.50048828125,0.548828125,0.50048828125,0.548828125,0.5748125047212232,0.52783203125,0.54833984375,0.52783203125,0.54833984375,0.5203135197470904,0.4921875,0.62451171875,0.4921875,0.62451171875,WOW,0.1153984154378041,0.09695322820177954,0.1263369246625968,0.11982335385230075,0.5414880778455189
WOW__TEST__STEGO__3195.pgm,3195.pgm,WOW,1,${BOSSBASE_ROOT}\stego\WOW\0.4bpp\stego\3195.pgm,0.9885362026220039,0.491455078125,0.51220703125,0.491455078125,0.51220703125,0.9348724531603766,0.50537109375,0.5322265625,0.50537109375,0.5322265625,0.596726935677929,0.50048828125,0.548828125,0.50048828125,0.548828125,0.6474639332070123,0.52783203125,0.54833984375,0.52783203125,0.54833984375,0.5532941018533674,0.4921875,0.62451171875,0.4921875,0.62451171875,WOW,0.04201433352756441,0.05935971087662249,0.045677989395289255,0.3537387309365829,0.49920923526394095
WOW__TEST__STEGO__4312.pgm,4312.pgm,WOW,1,${BOSSBASE_ROOT}\stego\WOW\0.4bpp\stego\4312.pgm,0.9747251018697572,0.491455078125,0.51220703125,0.491455078125,0.51220703125,0.8410438772856567,0.50537109375,0.5322265625,0.50537109375,0.5322265625,0.9361683919753396,0.50048828125,0.548828125,0.50048828125,0.548828125,0.12252321251815919,0.52783203125,0.54833984375,0.52783203125,0.54833984375,0.7206632461657958,0.4921875,0.62451171875,0.4921875,0.62451171875,WOW,0.1826261515294032,0.003767947657049823,0.08717122595457175,0.17440408804483262,0.5520305868141426
WOW__TEST__STEGO__9028.pgm,9028.pgm,WOW,1,${BOSSBASE_ROOT}\stego\WOW\0.4bpp\stego\9028.pgm,0.5118614826130164,0.491455078125,0.51220703125,0.491455078125,0.51220703125,0.5313005683662216,0.50537109375,0.5322265625,0.50537109375,0.5322265625,0.5859898818298976,0.50048828125,0.548828125,0.50048828125,0.548828125,0.5427118126990107,0.52783203125,0.54833984375,0.52783203125,0.54833984375,0.5531432426181732,0.4921875,0.62451171875,0.4921875,0.62451171875,MiPOD,0.21208476072271845,0.18205046227191984,0.2147338351578771,0.21063624816552742,0.18049469368195709
WOW__TEST__STEGO__2690.pgm,2690.pgm,WOW,1,${BOSSBASE_ROOT}\stego\WOW\0.4bpp\stego\2690.pgm,0.9851575827657517,0.491455078125,0.51220703125,0.491455078125,0.51220703125,0.9591542840900507,0.50537109375,0.5322265625,0.50537109375,0.5322265625,0.978343323718742,0.50048828125,0.548828125,0.50048828125,0.548828125,0.017176709012318405,0.52783203125,0.54833984375,0.52783203125,0.54833984375,0.9732915354985551,0.4921875,0.62451171875,0.4921875,0.62451171875,WOW,0.17461897682552874,0.0018579524783713865,0.12902361320754707,0.20808624406010134,0.48641321342845156
WOW__TEST__STEGO__9538.pgm,9538.pgm,WOW,1,${BOSSBASE_ROOT}\stego\WOW\0.4bpp\stego\9538.pgm,0.991422514586288,0.491455078125,0.51220703125,0.491455078125,0.51220703125,0.9955316157335089,0.50537109375,0.5322265625,0.50537109375,0.5322265625,0.9618933811875159,0.50048828125,0.548828125,0.50048828125,0.548828125,0.034164815507969376,0.52783203125,0.54833984375,0.52783203125,0.54833984375,0.9788343817940421,0.4921875,0.62451171875,0.4921875,0.62451171875,WOW,0.15502682057486553,0.001989482910429476,0.12290367579624817,0.23648635168226875,0.48359366903618795
WOW__TEST__STEGO__3915.pgm,3915.pgm,WOW,1,${BOSSBASE_ROOT}\stego\WOW\0.4bpp\stego\3915.pgm,0.3143661916558351,0.491455078125,0.51220703125,0.491455078125,0.51220703125,0.13083969725538136,0.50537109375,0.5322265625,0.50537109375,0.5322265625,0.489617886522623,0.50048828125,0.548828125,0.50048828125,0.548828125,0.5263427730278142,0.52783203125,0.54833984375,0.52783203125,0.54833984375,0.5966681833386582,0.4921875,0.62451171875,0.4921875,0.62451171875,MiPOD,0.2619577432105885,0.23528485248799638,0.36769135149206833,0.05362733362609705,0.0814387191832497
WOW__TEST__STEGO__49.pgm,49.pgm,WOW,1,${BOSSBASE_ROOT}\stego\WOW\0.4bpp\stego\49.pgm,0.9904406006529085,0.491455078125,0.51220703125,0.491455078125,0.51220703125,0.9899476313420319,0.50537109375,0.5322265625,0.50537109375,0.5322265625,0.9806178087982642,0.50048828125,0.548828125,0.50048828125,0.548828125,0.5171136736726303,0.52783203125,0.54833984375,0.52783203125,0.54833984375,0.9874720680072551,0.4921875,0.62451171875,0.4921875,0.62451171875,WOW,0.14084214040937387,0.019801284270355615,0.13870636552391458,0.2315981014431799,0.469052108353176
WOW__TEST__STEGO__444.pgm,444.pgm,WOW,1,${BOSSBASE_ROOT}\stego\WOW\0.4bpp\stego\444.pgm,0.9918120900983038,0.491455078125,0.51220703125,0.491455078125,0.51220703125,0.9929335990367509,0.50537109375,0.5322265625,0.50537109375,0.5322265625,0.9904775143296634,0.50048828125,0.548828125,0.50048828125,0.548828125,0.00740301408887263,0.52783203125,0.54833984375,0.52783203125,0.54833984375,0.9917803069380321,0.4921875,0.62451171875,0.4921875,0.62451171875,WOW,0.16965901095687017,0.0016758799381641277,0.12633947685055397,0.2226177526877709,0.47970787956664074
WOW__TEST__STEGO__2047.pgm,2047.pgm,WOW,1,${BOSSBASE_ROOT}\stego\WOW\0.4bpp\stego\2047.pgm,0.9908034475769532,0.491455078125,0.51220703125,0.491455078125,0.51220703125,0.9908389730779061,0.50537109375,0.5322265625,0.50537109375,0.5322265625,0.9875683491468141,0.50048828125,0.548828125,0.50048828125,0.548828125,0.01665704000922906,0.52783203125,0.54833984375,0.52783203125,0.54833984375,0.9888849862785224,0.4921875,0.62451171875,0.4921875,0.62451171875,WOW,0.16879459856081327,0.0017684667567021987,0.1264256037275668,0.2230491317685773,0.47996219918634037
WOW__TEST__STEGO__7693.pgm,7693.pgm,WOW,1,${BOSSBASE_ROOT}\stego\WOW\0.4bpp\stego\7693.pgm,0.9933330680687192,0.491455078125,0.51220703125,0.491455078125,0.51220703125,0.9863631647185701,0.50537109375,0.5322265625,0.50537109375,0.5322265625,0.9034646852235905,0.50048828125,0.548828125,0.50048828125,0.548828125,0.14414885303274058,0.52783203125,0.54833984375,0.52783203125,0.54833984375,0.8552477072681824,0.4921875,0.62451171875,0.4921875,0.62451171875,WOW,0.1278665318432747,0.003748923835112334,0.09405068461353677,0.2648444284843232,0.509489431223753
WOW__TEST__STEGO__5167.pgm,5167.pgm,WOW,1,${BOSSBASE_ROOT}\stego\WOW\0.4bpp\stego\5167.pgm,0.7082125739194518,0.491455078125,0.51220703125,0.491455078125,0.51220703125,0.9999996769028623,0.50537109375,0.5322265625,0.50537109375,0.5322265625,0.6752294429184604,0.50048828125,0.548828125,0.50048828125,0.548828125,0.7339288699977298,0.52783203125,0.54833984375,0.52783203125,0.54833984375,0.861305056347204,0.4921875,0.62451171875,0.4921875,0.62451171875,S-UNIWARD,0.07376973653351991,0.15016776076314942,0.13923010725992738,0.46120415940952264,0.17562823603388059
WOW__TEST__STEGO__5246.pgm,5246.pgm,WOW,1,${BOSSBASE_ROOT}\stego\WOW\0.4bpp\stego\5246.pgm,0.9863105223037255,0.491455078125,0.51220703125,0.491455078125,0.51220703125,0.7781439548098582,0.50537109375,0.5322265625,0.50537109375,0.5322265625,0.05155818952427454,0.50048828125,0.548828125,0.50048828125,0.548828125,0.3719347138931014,0.52783203125,0.54833984375,0.52783203125,0.54833984375,0.9782188286685003,0.4921875,0.62451171875,0.4921875,0.62451171875,WOW,0.01093116770894756,0.026788998859967047,0.12706713661561062,0.346622562690022,0.4885901341254528
WOW__TEST__STEGO__4410.pgm,4410.pgm,WOW,1,${BOSSBASE_ROOT}\stego\WOW\0.4bpp\stego\4410.pgm,0.5245621228207276,0.491455078125,0.51220703125,0.491455078125,0.51220703125,0.5112438316473001,0.50537109375,0.5322265625,0.50537109375,0.5322265625,0.4457406325937695,0.50048828125,0.548828125,0.50048828125,0.548828125,0.0022783308664993352,0.52783203125,0.54833984375,0.52783203125,0.54833984375,0.4654178511875753,0.4921875,0.62451171875,0.4921875,0.62451171875,S-UNIWARD,0.21635578563069902,0.020459232863617297,0.19858786569743062,0.3042141963716689,0.26038291943658415
WOW__TEST__STEGO__1479.pgm,1479.pgm,WOW,1,${BOSSBASE_ROOT}\stego\WOW\0.4bpp\stego\1479.pgm,0.9915870224290223,0.491455078125,0.51220703125,0.491455078125,0.51220703125,0.9912208911330882,0.50537109375,0.5322265625,0.50537109375,0.5322265625,0.9872281325067137,0.50048828125,0.548828125,0.50048828125,0.548828125,0.8814109034236719,0.52783203125,0.54833984375,0.52783203125,0.54833984375,0.9898303422461273,0.4921875,0.62451171875,0.4921875,0.62451171875,WOW,0.1170648939718043,0.10384111598565966,0.13735024875394133,0.21644247577856462,0.42530126551003
WOW__TEST__STEGO__5292.pgm,5292.pgm,WOW,1,${BOSSBASE_ROOT}\stego\WOW\0.4bpp\stego\5292.pgm,0.9920927084953715,0.491455078125,0.51220703125,0.491455078125,0.51220703125,0.9956853120436374,0.50537109375,0.5322265625,0.50537109375,0.5322265625,0.991875291221819,0.50048828125,0.548828125,0.50048828125,0.548828125,0.006692850924284856,0.52783203125,0.54833984375,0.52783203125,0.54833984375,0.9890976262707148,0.4921875,0.62451171875,0.4921875,0.62451171875,WOW,0.16959536903341607,0.0016653130485026304,0.124984266185175,0.22427451243570315,0.4794805392972032
WOW__TEST__STEGO__7928.pgm,7928.pgm,WOW,1,${BOSSBASE_ROOT}\stego\WOW\0.4bpp\stego\7928.pgm,0.7568970420586438,0.491455078125,0.51220703125,0.491455078125,0.51220703125,0.786130671364785,0.50537109375,0.5322265625,0.50537109375,0.5322265625,0.6961649264326446,0.50048828125,0.548828125,0.50048828125,0.548828125,0.7175069947472071,0.52783203125,0.54833984375,0.52783203125,0.54833984375,0.7718434978390747,0.4921875,0.62451171875,0.4921875,0.62451171875,WOW,0.11874477556563276,0.15815331678097186,0.16731750582996088,0.2676867433512804,0.28809765847215413
WOW__TEST__STEGO__9289.pgm,9289.pgm,WOW,1,${BOSSBASE_ROOT}\stego\WOW\0.4bpp\stego\9289.pgm,0.9908743626108194,0.491455078125,0.51220703125,0.491455078125,0.51220703125,0.9931760452132232,0.50537109375,0.5322265625,0.50537109375,0.5322265625,0.9939024378074247,0.50048828125,0.548828125,0.50048828125,0.548828125,0.9897513980768414,0.52783203125,0.54833984375,0.52783203125,0.54833984375,0.9915215980653225,0.4921875,0.62451171875,0.4921875,0.62451171875,WOW,0.10776711884278548,0.16254156763025351,0.13178776425130106,0.2034571856948958,0.3944463635807641
WOW__TEST__STEGO__7021.pgm,7021.pgm,WOW,1,${BOSSBASE_ROOT}\stego\WOW\0.4bpp\stego\7021.pgm,0.9912548183179649,0.491455078125,0.51220703125,0.491455078125,0.51220703125,0.9931228923417693,0.50537109375,0.5322265625,0.50537109375,0.5322265625,0.9920311850466846,0.50048828125,0.548828125,0.50048828125,0.548828125,0.007577241267860811,0.52783203125,0.54833984375,0.52783203125,0.54833984375,0.9902915235185259,0.4921875,0.62451171875,0.4921875,0.62451171875,WOW,0.1705872780223632,0.001677654715298511,0.12604795597796573,0.22262819252920732,0.47905891875516515
WOW__TEST__STEGO__1036.pgm,1036.pgm,WOW,1,${BOSSBASE_ROOT}\stego\WOW\0.4bpp\stego\1036.pgm,0.5554653732324543,0.491455078125,0.51220703125,0.491455078125,0.51220703125,0.5156808910805748,0.50537109375,0.5322265625,0.50537109375,0.5322265625,0.4993672374288659,0.50048828125,0.548828125,0.50048828125,0.548828125,0.5913693060573335,0.52783203125,0.54833984375,0.52783203125,0.54833984375,0.47414417776649664,0.4921875,0.62451171875,0.4921875,0.62451171875,HUGO,0.15469306035371366,0.23498290574180639,0.16944920488641693,0.2242579509078632,0.2166168781101999
WOW__TEST__STEGO__3305.pgm,3305.pgm,WOW,1,${BOSSBASE_ROOT}\stego\WOW\0.4bpp\stego\3305.pgm,0.449332225325068,0.491455078125,0.51220703125,0.491455078125,0.51220703125,0.48819951837027237,0.50537109375,0.5322265625,0.50537109375,0.5322265625,0.5205877184644777,0.50048828125,0.548828125,0.50048828125,0.548828125,0.5112743337509353,0.52783203125,0.54833984375,0.52783203125,0.54833984375,0.5118614826130164,0.4921875,0.62451171875,0.4921875,0.62451171875,MiPOD,0.2065211048600667,0.20171210363917394,0.22248411392718143,0.21594140274359613,0.1533412748299819
WOW__TEST__STEGO__2103.pgm,2103.pgm,WOW,1,${BOSSBASE_ROOT}\stego\WOW\0.4bpp\stego\2103.pgm,0.30383507356735534,0.491455078125,0.51220703125,0.491455078125,0.51220703125,0.5106642760280927,0.50537109375,0.5322265625,0.50537109375,0.5322265625,1.456313154556045e-07,0.50048828125,0.548828125,0.50048828125,0.548828125,1.3236151815428655e-19,0.52783203125,0.54833984375,0.52783203125,0.54833984375,0.7412996284427215,0.4921875,0.62451171875,0.4921875,0.62451171875,S-UNIWARD,0.06016193342706002,0.04007948378627858,0.36305019787002274,0.4476110484651382,0.08909733645150036
WOW__TEST__STEGO__9137.pgm,9137.pgm,WOW,1,${BOSSBASE_ROOT}\stego\WOW\0.4bpp\stego\9137.pgm,0.993384607321672,0.491455078125,0.51220703125,0.491455078125,0.51220703125,0.6727618311911396,0.50537109375,0.5322265625,0.50537109375,0.5322265625,0.1212688777402316,0.50048828125,0.548828125,0.50048828125,0.548828125,0.036631366639620536,0.52783203125,0.54833984375,0.52783203125,0.54833984375,0.7463239247320766,0.4921875,0.62451171875,0.4921875,0.62451171875,WOW,0.018729327765274792,0.005805024465360238,0.0864187605005472,0.2636876462169931,0.6253592410518247
WOW__TEST__STEGO__3560.pgm,3560.pgm,WOW,1,${BOSSBASE_ROOT}\stego\WOW\0.4bpp\stego\3560.pgm,0.9923637835053328,0.491455078125,0.51220703125,0.491455078125,0.51220703125,0.7848142256042111,0.50537109375,0.5322265625,0.50537109375,0.5322265625,0.9012274112476257,0.50048828125,0.548828125,0.50048828125,0.548828125,0.7864588652693653,0.52783203125,0.54833984375,0.52783203125,0.54833984375,0.6585273084208437,0.4921875,0.62451171875,0.4921875,0.62451171875,WOW,0.1291985697422197,0.08742649061860501,0.08228117510974527,0.14805584844535039,0.5530379160840797
WOW__TEST__STEGO__4534.pgm,4534.pgm,WOW,1,${BOSSBASE_ROOT}\stego\WOW\0.4bpp\stego\4534.pgm,0.5835593835010445,0.491455078125,0.51220703125,0.491455078125,0.51220703125,0.6837363294172387,0.50537109375,0.5322265625,0.50537109375,0.5322265625,0.570750079315154,0.50048828125,0.548828125,0.50048828125,0.548828125,0.07992552347565954,0.52783203125,0.54833984375,0.52783203125,0.54833984375,0.5280314893826014,0.4921875,0.62451171875,0.4921875,0.62451171875,S-UNIWARD,0.19806075256658845,0.018746997303203297,0.15739750282928588,0.3751889005312145,0.25060584676970793
WOW__TEST__STEGO__3313.pgm,3313.pgm,WOW,1,${BOSSBASE_ROOT}\stego\WOW\0.4bpp\stego\3313.pgm,0.9908743626108194,0.491455078125,0.51220703125,0.491455078125,0.51220703125,0.9946567440438505,0.50537109375,0.5322265625,0.50537109375,0.5322265625,0.9879926494523661,0.50048828125,0.548828125,0.50048828125,0.548828125,0.006718870000837655,0.52783203125,0.54833984375,0.52783203125,0.54833984375,0.9907677855954636,0.4921875,0.62451171875,0.4921875,0.62451171875,WOW,0.1685077328300501,0.001680779045620954,0.12601436373693495,0.2251912123260075,0.4786059120613864
WOW__TEST__STEGO__2195.pgm,2195.pgm,WOW,1,${BOSSBASE_ROOT}\stego\WOW\0.4bpp\stego\2195.pgm,0.9913892323324893,0.491455078125,0.51220703125,0.491455078125,0.51220703125,0.9086178969328287,0.50537109375,0.5322265625,0.50537109375,0.5322265625,0.9909096166863416,0.50048828125,0.548828125,0.50048828125,0.548828125,0.011642224164666006,0.52783203125,0.54833984375,0.52783203125,0.54833984375,0.9875683491468141,0.4921875,0.62451171875,0.4921875,0.62451171875,WOW,0.18977913713688044,0.0017472169929363824,0.1392171365255966,0.1687390848102009,0.5005174245343856
WOW__TEST__STEGO__490.pgm,490.pgm,WOW,1,${BOSSBASE_ROOT}\stego\WOW\0.4bpp\stego\490.pgm,0.9895109087400621,0.491455078125,0.51220703125,0.491455078125,0.51220703125,0.9903290072365529,0.50537109375,0.5322265625,0.50537109375,0.5322265625,0.9874720680072551,0.50048828125,0.548828125,0.50048828125,0.548828125,0.02681019589956736,0.52783203125,0.54833984375,0.52783203125,0.54833984375,0.9870296135626316,0.4921875,0.62451171875,0.4921875,0.62451171875,WOW,0.16892727687565864,0.0018673412910087278,0.12665287522432236,0.22367591108239065,0.4788765955266197
WOW__TEST__STEGO__4109.pgm,4109.pgm,WOW,1,${BOSSBASE_ROOT}\stego\WOW\0.4bpp\stego\4109.pgm,0.5025062351135989,0.491455078125,0.51220703125,0.491455078125,0.51220703125,0.5073084394038475,0.50537109375,0.5322265625,0.50537109375,0.5322265625,0.5146366251334429,0.50048828125,0.548828125,0.50048828125,0.548828125,0.5125400943105294,0.52783203125,0.54833984375,0.52783203125,0.54833984375,0.5183023658113205,0.4921875,0.62451171875,0.4921875,0.62451171875,S-UNIWARD,0.18893409605398703,0.1848367977319124,0.2109642284995531,0.22777521923901434,0.18748965847553312
WOW__TEST__STEGO__4061.pgm,4061.pgm,WOW,1,${BOSSBASE_ROOT}\stego\WOW\0.4bpp\stego\4061.pgm,0.5036715801230448,0.491455078125,0.51220703125,0.491455078125,0.51220703125,0.5051801735337128,0.50537109375,0.5322265625,0.50537109375,0.5322265625,0.5039557585282728,0.50048828125,0.548828125,0.50048828125,0.548828125,0.49236738372377525,0.52783203125,0.54833984375,0.52783203125,0.54833984375,0.4956322827329354,0.4921875,0.62451171875,0.4921875,0.62451171875,S-UNIWARD,0.18917746965651847,0.1748402307702512,0.20404338194897817,0.23709834336733268,0.19484057425691945
WOW__TEST__STEGO__2460.pgm,2460.pgm,WOW,1,${BOSSBASE_ROOT}\stego\WOW\0.4bpp\stego\2460.pgm,0.9897909456811917,0.491455078125,0.51220703125,0.491455078125,0.51220703125,0.999338482577126,0.50537109375,0.5322265625,0.50537109375,0.5322265625,0.9875203002546722,0.50048828125,0.548828125,0.50048828125,0.548828125,0.9750122054090997,0.52783203125,0.54833984375,0.52783203125,0.54833984375,0.9876162153627396,0.4921875,0.62451171875,0.4921875,0.62451171875,WOW,0.1066093009756289,0.1543965666294143,0.13053590481908145,0.21188465451651348,0.3965735730593619
WOW__TEST__STEGO__1886.pgm,1886.pgm,WOW,1,${BOSSBASE_ROOT}\stego\WOW\0.4bpp\stego\1886.pgm,0.9913558220632764,0.491455078125,0.51220703125,0.491455078125,0.51220703125,0.9919380084717284,0.50537109375,0.5322265625,0.50537109375,0.5322265625,0.4825967547555578,0.50048828125,0.548828125,0.50048828125,0.548828125,0.009268013380914325,0.52783203125,0.54833984375,0.52783203125,0.54833984375,0.9813106915732508,0.4921875,0.62451171875,0.4921875,0.62451171875,WOW,0.03450583964800701,0.0027951722298705287,0.1028115331812867,0.4021459052238888,0.45774154971694686
WOW__TEST__STEGO__5500.pgm,5500.pgm,WOW,1,${BOSSBASE_ROOT}\stego\WOW\0.4bpp\stego\5500.pgm,0.9922143452346321,0.491455078125,0.51220703125,0.491455078125,0.51220703125,0.5216386972024424,0.50537109375,0.5322265625,0.50537109375,0.5322265625,0.9743372944539102,0.50048828125,0.548828125,0.50048828125,0.548828125,0.01028830113371619,0.52783203125,0.54833984375,0.52783203125,0.54833984375,0.98504291340685,0.4921875,0.62451171875,0.4921875,0.62451171875,WOW,0.25371862441050624,0.0016290946013906022,0.18835399508897968,0.04039126947752121,0.5159070164216023
WOW__TEST__STEGO__7320.pgm,7320.pgm,WOW,1,${BOSSBASE_ROOT}\stego\WOW\0.4bpp\stego\7320.pgm,0.9897909456811917,0.491455078125,0.51220703125,0.491455078125,0.51220703125,0.9930693283432538,0.50537109375,0.5322265625,0.50537109375,0.5322265625,0.994759550379741,0.50048828125,0.548828125,0.50048828125,0.548828125,0.9177460552422909,0.52783203125,0.54833984375,0.52783203125,0.54833984375,0.9921537607074791,0.4921875,0.62451171875,0.4921875,0.62451171875,WOW,0.11624722916800571,0.12082305713678987,0.13685307460161414,0.2123910672315889,0.4136855718620015
WOW__TEST__STEGO__5382.pgm,5382.pgm,WOW,1,${BOSSBASE_ROOT}\stego\WOW\0.4bpp\stego\5382.pgm,0.9840323465112041,0.491455078125,0.51220703125,0.491455078125,0.51220703125,0.01307078477418707,0.50537109375,0.5322265625,0.50537109375,0.5322265625,0.6675812474744659,0.50048828125,0.548828125,0.50048828125,0.548828125,0.011158031248084033,0.52783203125,0.54833984375,0.52783203125,0.54833984375,0.07343005269989411,0.4921875,0.62451171875,0.4921875,0.62451171875,WOW,0.1806089261857821,0.003039186177276072,0.03484117087211829,0.015087589714668429,0.766423127050155
WOW__TEST__STEGO__7526.pgm,7526.pgm,WOW,1,${BOSSBASE_ROOT}\stego\WOW\0.4bpp\stego\7526.pgm,0.4247698677149885,0.491455078125,0.51220703125,0.491455078125,0.51220703125,0.5120521084003746,0.50537109375,0.5322265625,0.50537109375,0.5322265625,0.977110159887611,0.50048828125,0.548828125,0.50048828125,0.548828125,0.22017472757476786,0.52783203125,0.54833984375,0.52783203125,0.54833984375,0.6494674656774815,0.4921875,0.62451171875,0.4921875,0.62451171875,HILL,0.5949859583111804,0.020126481408630558,0.21538633411845307,0.08103758531091489,0.08846364085082109
WOW__TEST__STEGO__7641.pgm,7641.pgm,WOW,1,${BOSSBASE_ROOT}\stego\WOW\0.4bpp\stego\7641.pgm,0.9909797204985978,0.491455078125,0.51220703125,0.491455078125,0.51220703125,0.9913558220632764,0.50537109375,0.5322265625,0.50537109375,0.5322265625,0.9896318433492118,0.50048828125,0.548828125,0.50048828125,0.548828125,0.016029147365901317,0.52783203125,0.54833984375,0.52783203125,0.54833984375,0.8048664532049786,0.4921875,0.62451171875,0.4921875,0.62451171875,WOW,0.16970889330122,0.001845944210125754,0.08163718830322698,0.24132749630738623,0.5054804778780411
WOW__TEST__STEGO__9546.pgm,9546.pgm,WOW,1,${BOSSBASE_ROOT}\stego\WOW\0.4bpp\stego\9546.pgm,0.5095432134674375,0.491455078125,0.51220703125,0.491455078125,0.51220703125,0.5063244307443386,0.50537109375,0.5322265625,0.50537109375,0.5322265625,0.5037268902056461,0.50048828125,0.548828125,0.50048828125,0.548828125,0.47394634802234215,0.52783203125,0.54833984375,0.52783203125,0.54833984375,0.5009803759408953,0.4921875,0.62451171875,0.4921875,0.62451171875,S-UNIWARD,0.19127431563017933,0.1600965856669416,0.2071610281267904,0.23978633695843857,0.20168173361765016
WOW__TEST__STEGO__8703.pgm,8703.pgm,WOW,1,${BOSSBASE_ROOT}\stego\WOW\0.4bpp\stego\8703.pgm,0.49230254911077687,0.491455078125,0.51220703125,0.491455078125,0.51220703125,0.5057141677145933,0.50537109375,0.5322265625,0.50537109375,0.5322265625,0.4940302824648576,0.50048828125,0.548828125,0.50048828125,0.548828125,0.49026612254986024,0.52783203125,0.54833984375,0.52783203125,0.54833984375,0.4922148321057078,0.4921875,0.62451171875,0.4921875,0.62451171875,S-UNIWARD,0.1861887735792305,0.17945321152106303,0.20446318253898874,0.24270300385012306,0.1871918285105948
WOW__TEST__STEGO__4325.pgm,4325.pgm,WOW,1,${BOSSBASE_ROOT}\stego\WOW\0.4bpp\stego\4325.pgm,0.8257302934982732,0.491455078125,0.51220703125,0.491455078125,0.51220703125,0.5779122926011899,0.50537109375,0.5322265625,0.50537109375,0.5322265625,0.42542618759018513,0.50048828125,0.548828125,0.50048828125,0.548828125,0.7014063781134402,0.52783203125,0.54833984375,0.52783203125,0.54833984375,0.872456082633875,0.4921875,0.62451171875,0.4921875,0.62451171875,WOW,0.06069054687976089,0.16549248826664242,0.2256501818007222,0.16532239730848272,0.38284438574439184
WOW__TEST__STEGO__7134.pgm,7134.pgm,WOW,1,${BOSSBASE_ROOT}\stego\WOW\0.4bpp\stego\7134.pgm,0.9909447358132779,0.491455078125,0.51220703125,0.491455078125,0.51220703125,0.9925393565360598,0.50537109375,0.5322265625,0.50537109375,0.5322265625,0.9917803069380321,0.50048828125,0.548828125,0.50048828125,0.548828125,0.007968814953315289,0.52783203125,0.54833984375,0.52783203125,0.54833984375,0.9917484014309144,0.4921875,0.62451171875,0.4921875,0.62451171875,WOW,0.17070434009193589,0.0016826781504920894,0.1266784116871093,0.22227248359151683,0.478662086478946
WOW__TEST__STEGO__9227.pgm,9227.pgm,WOW,1,${BOSSBASE_ROOT}\stego\WOW\0.4bpp\stego\9227.pgm,0.9922143452346321,0.491455078125,0.51220703125,0.491455078125,0.51220703125,0.9920927084953715,0.50537109375,0.5322265625,0.50537109375,0.5322265625,0.9903290072365529,0.50048828125,0.548828125,0.50048828125,0.548828125,0.007066400963249157,0.52783203125,0.54833984375,0.52783203125,0.54833984375,0.9877587247081928,0.4921875,0.62451171875,0.4921875,0.62451171875,WOW,0.1696876773365542,0.0016739317089254039,0.12518480177739894,0.22234239240040113,0.48111119677672043
WOW__TEST__STEGO__2744.pgm,2744.pgm,WOW,1,${BOSSBASE_ROOT}\stego\WOW\0.4bpp\stego\2744.pgm,0.989908684514805,0.491455078125,0.51220703125,0.491455078125,0.51220703125,0.9961456361730884,0.50537109375,0.5322265625,0.50537109375,0.5322265625,0.9875683491468141,0.50048828125,0.548828125,0.50048828125,0.548828125,0.03271312477469997,0.52783203125,0.54833984375,0.52783203125,0.54833984375,0.982889110788156,0.4921875,0.62451171875,0.4921875,0.62451171875,WOW,0.16714764521395742,0.0019172541075556076,0.12449104757547579,0.2282481993000918,0.47819585380291935
WOW__TEST__STEGO__4658.pgm,4658.pgm,WOW,1,${BOSSBASE_ROOT}\stego\WOW\0.4bpp\stego\4658.pgm,0.5567611007442027,0.491455078125,0.51220703125,0.491455078125,0.51220703125,0.5050237872318627,0.50537109375,0.5322265625,0.50537109375,0.5322265625,0.5053136732345006,0.50048828125,0.548828125,0.50048828125,0.548828125,0.4991507538378983,0.52783203125,0.54833984375,0.52783203125,0.54833984375,0.503793643632013,0.4921875,0.62451171875,0.4921875,0.62451171875,WOW,0.1781019248236372,0.16109790173858865,0.19619278294532866,0.22841632196480582,0.23619106852763955
WOW__TEST__STEGO__2253.pgm,2253.pgm,WOW,1,${BOSSBASE_ROOT}\stego\WOW\0.4bpp\stego\2253.pgm,0.993636426303936,0.491455078125,0.51220703125,0.491455078125,0.51220703125,0.029090757042564665,0.50537109375,0.5322265625,0.50537109375,0.5322265625,0.9871292507842533,0.50048828125,0.548828125,0.50048828125,0.548828125,0.009485713170795206,0.52783203125,0.54833984375,0.52783203125,0.54833984375,0.6874201965622679,0.4921875,0.62451171875,0.4921875,0.62451171875,WOW,0.3576345651187911,0.0013709198853249084,0.12204589616882805,0.0062675298977819165,0.5126810889292741
WOW__TEST__STEGO__9573.pgm,9573.pgm,WOW,1,${BOSSBASE_ROOT}\stego\WOW\0.4bpp\stego\9573.pgm,0.979393523864564,0.491455078125,0.51220703125,0.491455078125,0.51220703125,0.15947904162777593,0.50537109375,0.5322265625,0.50537109375,0.5322265625,0.8307314839875447,0.50048828125,0.548828125,0.50048828125,0.548828125,0.017986209962091555,0.52783203125,0.54833984375,0.52783203125,0.54833984375,0.711531138050469,0.4921875,0.62451171875,0.4921875,0.62451171875,WOW,0.24877864202576394,0.0022016139567294078,0.14063023529052426,0.015385066168649722,0.5930044425583327
WOW__TEST__STEGO__9298.pgm,9298.pgm,WOW,1,${BOSSBASE_ROOT}\stego\WOW\0.4bpp\stego\9298.pgm,0.992710922416408,0.491455078125,0.51220703125,0.491455078125,0.51220703125,0.9870795269609209,0.50537109375,0.5322265625,0.50537109375,0.5322265625,0.9272316200722837,0.50048828125,0.548828125,0.50048828125,0.548828125,0.3896045894993053,0.52783203125,0.54833984375,0.52783203125,0.54833984375,0.677900632542446,0.4921875,0.62451171875,0.4921875,0.62451171875,WOW,0.12503291827998833,0.012294750329918403,0.06413527775485589,0.2783830142642531,0.5201540393709843
WOW__TEST__STEGO__3198.pgm,3198.pgm,WOW,1,${BOSSBASE_ROOT}\stego\WOW\0.4bpp\stego\3198.pgm,0.5403478681298229,0.491455078125,0.51220703125,0.491455078125,0.51220703125,0.5450132955133574,0.50537109375,0.5322265625,0.50537109375,0.5322265625,0.527879378486751,0.50048828125,0.548828125,0.50048828125,0.548828125,0.47566621179818563,0.52783203125,0.54833984375,0.52783203125,0.54833984375,0.5095584666889605,0.4921875,0.62451171875,0.4921875,0.62451171875,S-UNIWARD,0.18672602328842713,0.14443236726596612,0.19393187145941346,0.2561294281698642,0.21878030981632904
WOW__TEST__STEGO__3234.pgm,3234.pgm,WOW,1,${BOSSBASE_ROOT}\stego\WOW\0.4bpp\stego\3234.pgm,0.4897627833876141,0.491455078125,0.51220703125,0.491455078125,0.51220703125,0.5110455659428761,0.50537109375,0.5322265625,0.50537109375,0.5322265625,0.5458304700088153,0.50048828125,0.548828125,0.50048828125,0.548828125,0.4659645811528442,0.52783203125,0.54833984375,0.52783203125,0.54833984375,0.5502750886305353,0.4921875,0.62451171875,0.4921875,0.62451171875,MiPOD,0.21623404717355643,0.1475409146811768,0.23315050625397254,0.22304566126961306,0.18002887062168135
WOW__TEST__STEGO__1789.pgm,1789.pgm,WOW,1,${BOSSBASE_ROOT}\stego\WOW\0.4bpp\stego\1789.pgm,0.9032942067038784,0.491455078125,0.51220703125,0.491455078125,0.51220703125,0.35220178204788966,0.50537109375,0.5322265625,0.50537109375,0.5322265625,0.9786719183399079,0.50048828125,0.548828125,0.50048828125,0.548828125,0.039713256773684175,0.52783203125,0.54833984375,0.52783203125,0.54833984375,0.9441768588653856,0.4921875,0.62451171875,0.4921875,0.62451171875,WOW,0.34477975238225383,0.002305216195475672,0.2294644183891444,0.024042235883813497,0.3994083771493126
WOW__TEST__STEGO__209.pgm,209.pgm,WOW,1,${BOSSBASE_ROOT}\stego\WOW\0.4bpp\stego\209.pgm,0.507296997753291,0.491455078125,0.51220703125,0.491455078125,0.51220703125,0.5646987065585884,0.50537109375,0.5322265625,0.50537109375,0.5322265625,0.46935304158023744,0.50048828125,0.548828125,0.50048828125,0.548828125,0.5175404066582302,0.52783203125,0.54833984375,0.52783203125,0.54833984375,3.1381467535759855e-06,0.4921875,0.62451171875,0.4921875,0.62451171875,S-UNIWARD,0.15009104488086056,0.22077692362359796,0.05592259267600924,0.3609223729669741,0.21228706585255813
WOW__TEST__STEGO__8249.pgm,8249.pgm,WOW,1,${BOSSBASE_ROOT}\stego\WOW\0.4bpp\stego\8249.pgm,0.9920002454916221,0.491455078125,0.51220703125,0.491455078125,0.51220703125,0.81077873232179,0.50537109375,0.5322265625,0.50537109375,0.5322265625,0.9901019362839765,0.50048828125,0.548828125,0.50048828125,0.548828125,0.9899864293768268,0.52783203125,0.54833984375,0.52783203125,0.54833984375,0.9919380084717284,0.4921875,0.62451171875,0.4921875,0.62451171875,WOW,0.13312411139212496,0.16720969756351511,0.16259694579627196,0.10981912836973812,0.4272501168783499
WOW__TEST__STEGO__6907.pgm,6907.pgm,WOW,1,${BOSSBASE_ROOT}\stego\WOW\0.4bpp\stego\6907.pgm,0.9729338243348664,0.491455078125,0.51220703125,0.491455078125,0.51220703125,0.5204049206875633,0.50537109375,0.5322265625,0.50537109375,0.5322265625,0.6286354183147999,0.50048828125,0.548828125,0.50048828125,0.548828125,0.7858021104335594,0.52783203125,0.54833984375,0.52783203125,0.54833984375,0.922202551391991,0.4921875,0.62451171875,0.4921875,0.62451171875,WOW,0.07930716121893908,0.1170083958759611,0.19739362484236167,0.0760095605137227,0.5302812575490155
WOW__TEST__STEGO__1961.pgm,1961.pgm,WOW,1,${BOSSBASE_ROOT}\stego\WOW\0.4bpp\stego\1961.pgm,0.5051496592119892,0.491455078125,0.51220703125,0.491455078125,0.51220703125,0.5062252642364317,0.50537109375,0.5322265625,0.50537109375,0.5322265625,0.5057370528968451,0.50048828125,0.548828125,0.50048828125,0.548828125,0.5013389555395779,0.52783203125,0.54833984375,0.52783203125,0.54833984375,0.5064426670834998,0.4921875,0.62451171875,0.4921875,0.62451171875,S-UNIWARD,0.18707399575240444,0.17916686229456505,0.20697850669263648,0.233709258581914,0.19307137667848012
WOW__TEST__STEGO__2680.pgm,2680.pgm,WOW,1,${BOSSBASE_ROOT}\stego\WOW\0.4bpp\stego\2680.pgm,0.11338310085525109,0.491455078125,0.51220703125,0.491455078125,0.51220703125,0.36387290122794985,0.50537109375,0.5322265625,0.50537109375,0.5322265625,0.9816655479104817,0.50048828125,0.548828125,0.50048828125,0.548828125,0.016277460912713496,0.52783203125,0.54833984375,0.52783203125,0.54833984375,0.9575961713681533,0.4921875,0.62451171875,0.4921875,0.62451171875,HILL,0.5759056698442201,0.006994303703363525,0.3765867789392607,0.026180397917924796,0.014332849595231048
WOW__TEST__STEGO__8042.pgm,8042.pgm,WOW,1,${BOSSBASE_ROOT}\stego\WOW\0.4bpp\stego\8042.pgm,0.991422514586288,0.491455078125,0.51220703125,0.491455078125,0.51220703125,0.9934357507792255,0.50537109375,0.5322265625,0.50537109375,0.5322265625,0.06153673641195263,0.50048828125,0.548828125,0.50048828125,0.548828125,0.712132096964708,0.52783203125,0.54833984375,0.52783203125,0.54833984375,0.9038048371679412,0.4921875,0.62451171875,0.4921875,0.62451171875,S-UNIWARD,0.00536405353155147,0.09280299287280451,0.06151265815984851,0.5215248506915585,0.318795444744237
WOW__TEST__STEGO__4720.pgm,4720.pgm,WOW,1,${BOSSBASE_ROOT}\stego\WOW\0.4bpp\stego\4720.pgm,0.4984045082839839,0.491455078125,0.51220703125,0.491455078125,0.51220703125,0.5211208469817172,0.50537109375,0.5322265625,0.50537109375,0.5322265625,0.5076478715024609,0.50048828125,0.548828125,0.50048828125,0.548828125,0.6123676243764541,0.52783203125,0.54833984375,0.52783203125,0.54833984375,0.5086432429174282,0.4921875,0.62451171875,0.4921875,0.62451171875,HUGO,0.1586267052082914,0.2723480903574987,0.1859712014938859,0.21871641010178502,0.16433759283853897
WOW__TEST__STEGO__1755.pgm,1755.pgm,WOW,1,${BOSSBASE_ROOT}\stego\WOW\0.4bpp\stego\1755.pgm,0.9865717452580314,0.491455078125,0.51220703125,0.491455078125,0.51220703125,0.9954438862855455,0.50537109375,0.5322265625,0.50537109375,0.5322265625,0.9886243997611625,0.50048828125,0.548828125,0.50048828125,0.548828125,0.9815597909507104,0.52783203125,0.54833984375,0.52783203125,0.54833984375,0.964254189725945,0.4921875,0.62451171875,0.4921875,0.62451171875,WOW,0.10764990743377334,0.16128584958238334,0.12468897019223485,0.21140818816409485,0.3949670846275136
WOW__TEST__STEGO__3716.pgm,3716.pgm,WOW,1,${BOSSBASE_ROOT}\stego\WOW\0.4bpp\stego\3716.pgm,0.4363217904475802,0.491455078125,0.51220703125,0.491455078125,0.51220703125,0.47177077423825553,0.50537109375,0.5322265625,0.50537109375,0.5322265625,0.5334278452493173,0.50048828125,0.548828125,0.50048828125,0.548828125,0.3695425709989149,0.52783203125,0.54833984375,0.52783203125,0.54833984375,0.5293850438006482,0.4921875,0.62451171875,0.4921875,0.62451171875,MiPOD,0.2540195788197045,0.11249501870897724,0.25547001093547744,0.21726184100411525,0.1607535505317255
WOW__TEST__STEGO__6021.pgm,6021.pgm,WOW,1,${BOSSBASE_ROOT}\stego\WOW\0.4bpp\stego\6021.pgm,0.9912886155422945,0.491455078125,0.51220703125,0.491455078125,0.51220703125,0.9912886155422945,0.50537109375,0.5322265625,0.50537109375,0.5322265625,0.9920002454916221,0.50048828125,0.548828125,0.50048828125,0.548828125,0.007093861878911533,0.52783203125,0.54833984375,0.52783203125,0.54833984375,0.9890554225990201,0.4921875,0.62451171875,0.4921875,0.62451171875,WOW,0.17104470743468173,0.0016753465770843457,0.12597891728085117,0.22144821440298545,0.47985281430439725
WOW__TEST__STEGO__7493.pgm,7493.pgm,WOW,1,${BOSSBASE_ROOT}\stego\WOW\0.4bpp\stego\7493.pgm,0.5131271705959061,0.491455078125,0.51220703125,0.491455078125,0.51220703125,0.5098406480470487,0.50537109375,0.5322265625,0.50537109375,0.5322265625,0.5134931220053012,0.50048828125,0.548828125,0.50048828125,0.548828125,0.5024051480748527,0.52783203125,0.54833984375,0.52783203125,0.54833984375,0.523511700014813,0.4921875,0.62451171875,0.4921875,0.62451171875,S-UNIWARD,0.18775428518266057,0.17374710050162961,0.21194442641513472,0.2301392774078817,0.1964149104926934
WOW__TEST__STEGO__8057.pgm,8057.pgm,WOW,1,${BOSSBASE_ROOT}\stego\WOW\0.4bpp\stego\8057.pgm,0.9920311850466846,0.491455078125,0.51220703125,0.491455078125,0.51220703125,0.13753246610186087,0.50537109375,0.5322265625,0.50537109375,0.5322265625,0.9907319866190857,0.50048828125,0.548828125,0.50048828125,0.548828125,0.008916127052872005,0.52783203125,0.54833984375,0.52783203125,0.54833984375,0.9846936454393053,0.4921875,0.62451171875,0.4921875,0.62451171875,WOW,0.31930937014443855,0.0012525035766232046,0.2200690384415377,0.007992283448843758,0.4513768043885569
WOW__TEST__STEGO__792.pgm,792.pgm,WOW,1,${BOSSBASE_ROOT}\stego\WOW\0.4bpp\stego\792.pgm,0.9862046355788149,0.491455078125,0.51220703125,0.491455078125,0.51220703125,0.9739932150764022,0.50537109375,0.5322265625,0.50537109375,0.5322265625,0.9804687614573545,0.50048828125,0.548828125,0.50048828125,0.548828125,0.008711384457705508,0.52783203125,0.54833984375,0.52783203125,0.54833984375,0.97129292184185,0.4921875,0.62451171875,0.4921875,0.62451171875,WOW,0.1720590353281595,0.0017651719032217652,0.12537510068078422,0.21723748704927445,0.48356320503856
WOW__TEST__STEGO__5190.pgm,5190.pgm,WOW,1,${BOSSBASE_ROOT}\stego\WOW\0.4bpp\stego\5190.pgm,0.9877587247081928,0.491455078125,0.51220703125,0.491455078125,0.51220703125,0.8247444122290134,0.50537109375,0.5322265625,0.50537109375,0.5322265625,0.0529118112099578,0.50048828125,0.548828125,0.50048828125,0.548828125,0.012576348276879083,0.52783203125,0.54833984375,0.52783203125,0.54833984375,0.2228692322460254,0.4921875,0.62451171875,0.4921875,0.62451171875,WOW,0.00975383422272601,0.00482596229679072,0.015680212365684308,0.4618346751015896,0.5079053160132094
WOW__TEST__STEGO__1178.pgm,1178.pgm,WOW,1,${BOSSBASE_ROOT}\stego\WOW\0.4bpp\stego\1178.pgm,0.9894295113796924,0.491455078125,0.51220703125,0.491455078125,0.51220703125,0.9776285401622385,0.50537109375,0.5322265625,0.50537109375,0.5322265625,0.9864678513445929,0.50048828125,0.548828125,0.50048828125,0.548828125,0.03371653869288787,0.52783203125,0.54833984375,0.52783203125,0.54833984375,0.9921537607074791,0.4921875,0.62451171875,0.4921875,0.62451171875,WOW,0.17113836196227628,0.0019386236958874963,0.13058966253929347,0.2146645173404946,0.4816688344620482
WOW__TEST__STEGO__251.pgm,251.pgm,WOW,1,${BOSSBASE_ROOT}\stego\WOW\0.4bpp\stego\251.pgm,0.46168415429555093,0.491455078125,0.51220703125,0.491455078125,0.51220703125,0.46572157988347074,0.50537109375,0.5322265625,0.50537109375,0.5322265625,0.4627765176533766,0.50048828125,0.548828125,0.50048828125,0.548828125,0.003004343016200306,0.52783203125,0.54833984375,0.52783203125,0.54833984375,1.8342893327886848e-05,0.4921875,0.62451171875,0.4921875,0.62451171875,S-UNIWARD,0.2805484164674027,0.02830246436123233,0.08095534216322493,0.35067468486331305,0.2595190921448268
WOW__TEST__STEGO__8236.pgm,8236.pgm,WOW,1,${BOSSBASE_ROOT}\stego\WOW\0.4bpp\stego\8236.pgm,0.9812389160218716,0.491455078125,0.51220703125,0.491455078125,0.51220703125,0.7905303186696747,0.50537109375,0.5322265625,0.50537109375,0.5322265625,0.04107588924639074,0.50048828125,0.548828125,0.50048828125,0.548828125,0.9872281325067137,0.52783203125,0.54833984375,0.52783203125,0.54833984375,0.9871787857334058,0.4921875,0.62451171875,0.4921875,0.62451171875,HUGO,0.005651237579074262,0.3454399462099251,0.09492477465853769,0.24983139879373306,0.3041526427587299
WOW__TEST__STEGO__9433.pgm,9433.pgm,WOW,1,${BOSSBASE_ROOT}\stego\WOW\0.4bpp\stego\9433.pgm,0.9920311850466846,0.491455078125,0.51220703125,0.491455078125,0.51220703125,0.9925682266657089,0.50537109375,0.5322265625,0.50537109375,0.5322265625,0.995336345047618,0.50048828125,0.548828125,0.50048828125,0.548828125,0.005797401254434213,0.52783203125,0.54833984375,0.52783203125,0.54833984375,0.9917163731139695,0.4921875,0.62451171875,0.4921875,0.62451171875,WOW,0.17203616000441374,0.0016510518952413905,0.1262665636499228,0.22059394175956634,0.4794522826908557
WOW__TEST__STEGO__5305.pgm,5305.pgm,WOW,1,${BOSSBASE_ROOT}\stego\WOW\0.4bpp\stego\5305.pgm,0.9910145712474399,0.491455078125,0.51220703125,0.491455078125,0.51220703125,0.8834372618119071,0.50537109375,0.5322265625,0.50537109375,0.5322265625,0.9922143452346321,0.50048828125,0.548828125,0.50048828125,0.548828125,0.011823394836370594,0.52783203125,0.54833984375,0.52783203125,0.54833984375,0.9932811299991624,0.4921875,0.62451171875,0.4921875,0.62451171875,WOW,0.1961438185232925,0.001747101204464047,0.1450749951200458,0.15392584566150774,0.50310823949069
WOW__TEST__STEGO__9158.pgm,9158.pgm,WOW,1,${BOSSBASE_ROOT}\stego\WOW\0.4bpp\stego\9158.pgm,0.9876638995791303,0.491455078125,0.51220703125,0.491455078125,0.51220703125,0.9938070098421449,0.50537109375,0.5322265625,0.50537109375,0.5322265625,0.9933588873579225,0.50048828125,0.548828125,0.50048828125,0.548828125,0.9925682266657089,0.52783203125,0.54833984375,0.52783203125,0.54833984375,0.9898695883364156,0.4921875,0.62451171875,0.4921875,0.62451171875,WOW,0.10781358559596128,0.16602083408642998,0.131707966431565,0.2046091727277104,0.38984844115833345
WOW__TEST__STEGO__1801.pgm,1801.pgm,WOW,1,${BOSSBASE_ROOT}\stego\WOW\0.4bpp\stego\1801.pgm,0.9937587407701782,0.491455078125,0.51220703125,0.491455078125,0.51220703125,0.8534247908404916,0.50537109375,0.5322265625,0.50537109375,0.5322265625,0.7884203206608902,0.50048828125,0.548828125,0.50048828125,0.548828125,0.7133317740992681,0.52783203125,0.54833984375,0.52783203125,0.54833984375,0.5180585479734231,0.4921875,0.62451171875,0.4921875,0.62451171875,WOW,0.08603804849055997,0.07112678852123994,0.05197316947624383,0.2275926498555996,0.5632693436563567
WOW__TEST__STEGO__1669.pgm,1669.pgm,WOW,1,${BOSSBASE_ROOT}\stego\WOW\0.4bpp\stego\1669.pgm,0.024609928625961945,0.491455078125,0.51220703125,0.491455078125,0.51220703125,0.2405961232013842,0.50537109375,0.5322265625,0.50537109375,0.5322265625,0.05370030576252625,0.50048828125,0.548828125,0.50048828125,0.548828125,0.6331834746748422,0.52783203125,0.54833984375,0.52783203125,0.54833984375,0.9293122085569835,0.4921875,0.62451171875,0.4921875,0.62451171875,HUGO,0.03773712335466807,0.4749450988726413,0.41231025547423067,0.06388138409807449,0.011126138200385376
WOW__TEST__STEGO__5042.pgm,5042.pgm,WOW,1,${BOSSBASE_ROOT}\stego\WOW\0.4bpp\stego\5042.pgm,0.986878728873449,0.491455078125,0.51220703125,0.491455078125,0.51220703125,0.9129031735964698,0.50537109375,0.5322265625,0.50537109375,0.5322265625,0.9572778024535095,0.50048828125,0.548828125,0.50048828125,0.548828125,0.9810945528586532,0.52783203125,0.54833984375,0.52783203125,0.54833984375,0.9803938171085806,0.4921875,0.62451171875,0.4921875,0.62451171875,WOW,0.10944479025742274,0.1693539441365716,0.14282838728032943,0.16662938657822737,0.4117434917474489
WOW__TEST__STEGO__2864.pgm,2864.pgm,WOW,1,${BOSSBASE_ROOT}\stego\WOW\0.4bpp\stego\2864.pgm,0.991422514586288,0.491455078125,0.51220703125,0.491455078125,0.51220703125,0.9438672242987702,0.50537109375,0.5322265625,0.50537109375,0.5322265625,0.9207896758909757,0.50048828125,0.548828125,0.50048828125,0.548828125,0.01646617504750254,0.52783203125,0.54833984375,0.52783203125,0.54833984375,0.8698251947046157,0.4921875,0.62451171875,0.4921875,0.62451171875,WOW,0.15013552357154034,0.0020278140630567254,0.10169605164651023,0.2240405918556413,0.5221000188632514
WOW__TEST__STEGO__9467.pgm,9467.pgm,WOW,1,${BOSSBASE_ROOT}\stego\WOW\0.4bpp\stego\9467.pgm,0.4925580752418112,0.491455078125,0.51220703125,0.491455078125,0.51220703125,0.5055959272269613,0.50537109375,0.5322265625,0.50537109375,0.5322265625,0.4997014999744276,0.50048828125,0.548828125,0.50048828125,0.548828125,0.49868393248266973,0.52783203125,0.54833984375,0.52783203125,0.54833984375,0.4979229092872637,0.4921875,0.62451171875,0.4921875,0.62451171875,S-UNIWARD,0.18711108670952062,0.18360997147907443,0.20591532843785823,0.23811476296514425,0.18524885040840247
WOW__TEST__STEGO__1205.pgm,1205.pgm,WOW,1,${BOSSBASE_ROOT}\stego\WOW\0.4bpp\stego\1205.pgm,0.9174506977359719,0.491455078125,0.51220703125,0.491455078125,0.51220703125,0.3091279825873879,0.50537109375,0.5322265625,0.50537109375,0.5322265625,0.6657366115417536,0.50048828125,0.548828125,0.50048828125,0.548828125,0.5094135603699266,0.52783203125,0.54833984375,0.52783203125,0.54833984375,0.6904547372326083,0.4921875,0.62451171875,0.4921875,0.62451171875,WOW,0.15454928585300753,0.04209914913491072,0.17068097069375737,0.045716025824230684,0.5869545684940937
WOW__TEST__STEGO__5455.pgm,5455.pgm,WOW,1,${BOSSBASE_ROOT}\stego\WOW\0.4bpp\stego\5455.pgm,0.9920620058985926,0.491455078125,0.51220703125,0.491455078125,0.51220703125,0.7407373920575276,0.50537109375,0.5322265625,0.50537109375,0.5322265625,0.9881766051636294,0.50048828125,0.548828125,0.50048828125,0.548828125,0.9343951625409306,0.52783203125,0.54833984375,0.52783203125,0.54833984375,0.9871292507842533,0.4921875,0.62451171875,0.4921875,0.62451171875,WOW,0.1502766143797393,0.13268737784162468,0.1764071081525243,0.08864453757599948,0.45198436205011233
WOW__TEST__STEGO__3643.pgm,3643.pgm,WOW,1,${BOSSBASE_ROOT}\stego\WOW\0.4bpp\stego\3643.pgm,0.9887987866239217,0.491455078125,0.51220703125,0.491455078125,0.51220703125,0.9927952309111313,0.50537109375,0.5322265625,0.50537109375,0.5322265625,0.9895916858989275,0.50048828125,0.548828125,0.50048828125,0.548828125,0.006850480026644968,0.52783203125,0.54833984375,0.52783203125,0.54833984375,0.991083872947128,0.4921875,0.62451171875,0.4921875,0.62451171875,WOW,0.17056646603080355,0.0016909132778617773,0.127065870089882,0.2241501040492673,0.4765266465521854
WOW__TEST__STEGO__6319.pgm,6319.pgm,WOW,1,${BOSSBASE_ROOT}\stego\WOW\0.4bpp\stego\6319.pgm,0.6397360587186955,0.491455078125,0.51220703125,0.491455078125,0.51220703125,0.5245012345891777,0.50537109375,0.5322265625,0.50537109375,0.5322265625,0.49809552160037085,0.50048828125,0.548828125,0.50048828125,0.548828125,0.033085978388704126,0.52783203125,0.54833984375,0.52783203125,0.54833984375,2.6204627640557786e-10,0.4921875,0.62451171875,0.4921875,0.62451171875,WOW,0.19901261521429267,0.018358735643283944,0.05345269101351733,0.314453626355698,0.41472233177320805
WOW__TEST__STEGO__4352.pgm,4352.pgm,WOW,1,${BOSSBASE_ROOT}\stego\WOW\0.4bpp\stego\4352.pgm,0.7689067580749571,0.491455078125,0.51220703125,0.491455078125,0.51220703125,0.6504672640462058,0.50537109375,0.5322265625,0.50537109375,0.5322265625,0.5612448671999083,0.50048828125,0.548828125,0.50048828125,0.548828125,0.7813306233160979,0.52783203125,0.54833984375,0.52783203125,0.54833984375,0.5000473856924545,0.4921875,0.62451171875,0.4921875,0.62451171875,WOW,0.08799719025163658,0.2599886373654382,0.09688910072124166,0.2195217359057282,0.33560333575595536
WOW__TEST__STEGO__5366.pgm,5366.pgm,WOW,1,${BOSSBASE_ROOT}\stego\WOW\0.4bpp\stego\5366.pgm,0.9921537607074791,0.491455078125,0.51220703125,0.491455078125,0.51220703125,0.02822098712953305,0.50537109375,0.5322265625,0.50537109375,0.5322265625,0.17189364879592386,0.50048828125,0.548828125,0.50048828125,0.548828125,0.4424256963155534,0.52783203125,0.54833984375,0.52783203125,0.54833984375,0.8992983918150725,0.4921875,0.62451171875,0.4921875,0.62451171875,WOW,0.03645273430232732,0.03505447809968796,0.24738542970957858,0.022794922728899106,0.6583124351595071
WOW__TEST__STEGO__3860.pgm,3860.pgm,WOW,1,${BOSSBASE_ROOT}\stego\WOW\0.4bpp\stego\3860.pgm,0.9871292507842533,0.491455078125,0.51220703125,0.491455078125,0.51220703125,0.9780097803027992,0.50537109375,0.5322265625,0.50537109375,0.5322265625,0.9847524093785005,0.50048828125,0.548828125,0.50048828125,0.548828125,0.9876638995791303,0.52783203125,0.54833984375,0.52783203125,0.54833984375,0.9886243997611625,0.4921875,0.62451171875,0.4921875,0.62451171875,WOW,0.10808340023734425,0.16542380058912648,0.1343390386252685,0.19750866571221556,0.39464509483604526
WOW__TEST__STEGO__2480.pgm,2480.pgm,WOW,1,${BOSSBASE_ROOT}\stego\WOW\0.4bpp\stego\2480.pgm,0.9905509186809447,0.491455078125,0.51220703125,0.491455078125,0.51220703125,0.9827572224423471,0.50537109375,0.5322265625,0.50537109375,0.5322265625,0.9889705299774982,0.50048828125,0.548828125,0.50048828125,0.548828125,0.009161026922093826,0.52783203125,0.54833984375,0.52783203125,0.54833984375,0.9149009549929797,0.4921875,0.62451171875,0.4921875,0.62451171875,WOW,0.1724682816501806,0.0017479466513382253,0.1074738295637855,0.22465997166204993,0.4936499704726458
WOW__TEST__STEGO__5170.pgm,5170.pgm,WOW,1,${BOSSBASE_ROOT}\stego\WOW\0.4bpp\stego\5170.pgm,0.9893885786697612,0.491455078125,0.51220703125,0.491455078125,0.51220703125,0.993255010457908,0.50537109375,0.5322265625,0.50537109375,0.5322265625,0.9914556693065582,0.50048828125,0.548828125,0.50048828125,0.548828125,0.008380453351026062,0.52783203125,0.54833984375,0.52783203125,0.54833984375,0.9920002454916221,0.4921875,0.62451171875,0.4921875,0.62451171875,WOW,0.17100278789616524,0.0016950555590234421,0.12711621780787852,0.22352326368251607,0.47666267505441673
WOW__TEST__STEGO__8734.pgm,8734.pgm,WOW,1,${BOSSBASE_ROOT}\stego\WOW\0.4bpp\stego\8734.pgm,0.5299476314240362,0.491455078125,0.51220703125,0.491455078125,0.51220703125,0.5111904527645981,0.50537109375,0.5322265625,0.50537109375,0.5322265625,0.5563393198831574,0.50048828125,0.548828125,0.50048828125,0.548828125,0.5593803104057194,0.52783203125,0.54833984375,0.52783203125,0.54833984375,0.6067314954360127,0.4921875,0.62451171875,0.4921875,0.62451171875,MiPOD,0.1896846647461347,0.19013860885707767,0.23868951859287835,0.1937106600511405,0.18777654775276884
WOW__TEST__STEGO__5075.pgm,5075.pgm,WOW,1,${BOSSBASE_ROOT}\stego\WOW\0.4bpp\stego\5075.pgm,0.9901401446964613,0.491455078125,0.51220703125,0.491455078125,0.51220703125,0.9895513745548833,0.50537109375,0.5322265625,0.50537109375,0.5322265625,0.9923637835053328,0.50048828125,0.548828125,0.50048828125,0.548828125,0.010693757736175492,0.52783203125,0.54833984375,0.52783203125,0.54833984375,0.9724670607386878,0.4921875,0.62451171875,0.4921875,0.62451171875,WOW,0.1721268101862814,0.0017209157917832728,0.12196424119552492,0.22247610908720936,0.481711923739201
WOW__TEST__STEGO__8138.pgm,8138.pgm,WOW,1,${BOSSBASE_ROOT}\stego\WOW\0.4bpp\stego\8138.pgm,0.9936856353291037,0.491455078125,0.51220703125,0.491455078125,0.51220703125,0.9903290072365529,0.50537109375,0.5322265625,0.50537109375,0.5322265625,0.6632328459389722,0.50048828125,0.548828125,0.50048828125,0.548828125,0.07423137046083579,0.52783203125,0.54833984375,0.52783203125,0.54833984375,0.983847165177859,0.4921875,0.62451171875,0.4921875,0.62451171875,WOW,0.061518596185816544,0.00328936931315446,0.11545573758501239,0.3356789492049811,0.4840573477110354
WOW__TEST__STEGO__4189.pgm,4189.pgm,WOW,1,${BOSSBASE_ROOT}\stego\WOW\0.4bpp\stego\4189.pgm,0.5370110365291855,0.491455078125,0.51220703125,0.491455078125,0.51220703125,0.5453765143745062,0.50537109375,0.5322265625,0.50537109375,0.5322265625,0.5564899652604248,0.50048828125,0.548828125,0.50048828125,0.548828125,0.5289896672007997,0.52783203125,0.54833984375,0.52783203125,0.54833984375,0.5642785677891079,0.4921875,0.62451171875,0.4921875,0.62451171875,S-UNIWARD,0.18933298189316358,0.16924993991229295,0.2125466807008275,0.22884114054579283,0.20002925694792303
WOW__TEST__STEGO__3822.pgm,3822.pgm,WOW,1,${BOSSBASE_ROOT}\stego\WOW\0.4bpp\stego\3822.pgm,0.34378221211773596,0.491455078125,0.51220703125,0.491455078125,0.51220703125,0.5798168242285963,0.50537109375,0.5322265625,0.50537109375,0.5322265625,0.8919993467962748,0.50048828125,0.548828125,0.50048828125,0.548828125,0.44203426394891676,0.52783203125,0.54833984375,0.52783203125,0.54833984375,0.6741577534760431,0.4921875,0.62451171875,0.4921875,0.62451171875,HILL,0.4672131755747549,0.0806932423471553,0.255116927876777,0.12915384514581388,0.06782280905549903
WOW__TEST__STEGO__3728.pgm,3728.pgm,WOW,1,${BOSSBASE_ROOT}\stego\WOW\0.4bpp\stego\3728.pgm,0.9901019362839765,0.491455078125,0.51220703125,0.491455078125,0.51220703125,0.9810219632882344,0.50537109375,0.5322265625,0.50537109375,0.5322265625,0.7966091038807018,0.50048828125,0.548828125,0.50048828125,0.548828125,0.9609517072737735,0.52783203125,0.54833984375,0.52783203125,0.54833984375,0.6494674656774815,0.4921875,0.62451171875,0.4921875,0.62451171875,WOW,0.058608629168891826,0.1858777136686519,0.054188760743624345,0.2801915853563117,0.4211333110625203
WOW__TEST__STEGO__890.pgm,890.pgm,WOW,1,${BOSSBASE_ROOT}\stego\WOW\0.4bpp\stego\890.pgm,0.4063318288484238,0.491455078125,0.51220703125,0.491455078125,0.51220703125,0.5023383923749191,0.50537109375,0.5322265625,0.50537109375,0.5322265625,0.5241054434088844,0.50048828125,0.548828125,0.50048828125,0.548828125,0.5167478826508294,0.52783203125,0.54833984375,0.52783203125,0.54833984375,0.5211056154002078,0.4921875,0.62451171875,0.4921875,0.62451171875,MiPOD,0.20793104201433044,0.21689368424484165,0.22724397687496833,0.22263604316076935,0.12529525370509026
WOW__TEST__STEGO__2760.pgm,2760.pgm,WOW,1,${BOSSBASE_ROOT}\stego\WOW\0.4bpp\stego\2760.pgm,0.9871292507842533,0.491455078125,0.51220703125,0.491455078125,0.51220703125,0.5126773360810707,0.50537109375,0.5322265625,0.50537109375,0.5322265625,0.9857180660748888,0.50048828125,0.548828125,0.50048828125,0.548828125,0.01374232049590237,0.52783203125,0.54833984375,0.52783203125,0.54833984375,0.943659904602972,0.4921875,0.62451171875,0.4921875,0.62451171875,WOW,0.26786914783660537,0.0016803132043761023,0.17481326747033749,0.03960037289685502,0.5160368985918261
WOW__TEST__STEGO__5650.pgm,5650.pgm,WOW,1,${BOSSBASE_ROOT}\stego\WOW\0.4bpp\stego\5650.pgm,0.9889705299774982,0.491455078125,0.51220703125,0.491455078125,0.51220703125,0.9910145712474399,0.50537109375,0.5322265625,0.50537109375,0.5322265625,0.9921232932834126,0.50048828125,0.548828125,0.50048828125,0.548828125,0.02992974702544123,0.52783203125,0.54833984375,0.52783203125,0.54833984375,0.9885362026220039,0.4921875,0.62451171875,0.4921875,0.62451171875,WOW,0.17100492014777086,0.001885938293796682,0.12722630381625957,0.22270189747464217,0.4771809402675309
WOW__TEST__STEGO__3838.pgm,3838.pgm,WOW,1,${BOSSBASE_ROOT}\stego\WOW\0.4bpp\stego\3838.pgm,0.4771582440323328,0.491455078125,0.51220703125,0.491455078125,0.51220703125,0.5166564320756686,0.50537109375,0.5322265625,0.50537109375,0.5322265625,0.5253383831443448,0.50048828125,0.548828125,0.50048828125,0.548828125,0.07668380218329518,0.52783203125,0.54833984375,0.52783203125,0.54833984375,0.5345517770930651,0.4921875,0.62451171875,0.4921875,0.62451171875,HILL,0.2664921407216312,0.027427242143445864,0.23974962531084293,0.26515346139792034,0.20117753042615966
WOW__TEST__STEGO__2777.pgm,2777.pgm,WOW,1,${BOSSBASE_ROOT}\stego\WOW\0.4bpp\stego\2777.pgm,0.9789151588631022,0.491455078125,0.51220703125,0.491455078125,0.51220703125,0.5998368004635455,0.50537109375,0.5322265625,0.50537109375,0.5322265625,0.6556668065254758,0.50048828125,0.548828125,0.50048828125,0.548828125,0.9913222832950107,0.52783203125,0.54833984375,0.52783203125,0.54833984375,0.8914335771643437,0.4921875,0.62451171875,0.4921875,0.62451171875,WOW,0.06202535498267465,0.25699256410686994,0.1488694806496452,0.08415224920186071,0.44796035105894955
WOW__TEST__STEGO__4398.pgm,4398.pgm,WOW,1,${BOSSBASE_ROOT}\stego\WOW\0.4bpp\stego\4398.pgm,0.4807986321326583,0.491455078125,0.51220703125,0.491455078125,0.51220703125,0.5015268278347452,0.50537109375,0.5322265625,0.50537109375,0.5322265625,0.5103821134773769,0.50048828125,0.548828125,0.50048828125,0.548828125,0.5021743637344744,0.52783203125,0.54833984375,0.52783203125,0.54833984375,0.5000127106904956,0.4921875,0.62451171875,0.4921875,0.62451171875,S-UNIWARD,0.1951534293634564,0.1876428725870239,0.209748534100712,0.23130583735431828,0.1761493265944894
WOW__TEST__STEGO__4704.pgm,4704.pgm,WOW,1,${BOSSBASE_ROOT}\stego\WOW\0.4bpp\stego\4704.pgm,0.939359448826736,0.491455078125,0.51220703125,0.491455078125,0.51220703125,0.8401278551276037,0.50537109375,0.5322265625,0.50537109375,0.5322265625,0.5012760134651829,0.50048828125,0.548828125,0.50048828125,0.548828125,0.7171109463369053,0.52783203125,0.54833984375,0.52783203125,0.54833984375,0.0757213720753314,0.4921875,0.62451171875,0.4921875,0.62451171875,WOW,0.03541723278999335,0.11349517368201743,0.016605147217819107,0.3561588922352228,0.47832355407494714
WOW__TEST__STEGO__5519.pgm,5519.pgm,WOW,1,${BOSSBASE_ROOT}\stego\WOW\0.4bpp\stego\5519.pgm,0.03384403534049258,0.491455078125,0.51220703125,0.491455078125,0.51220703125,0.8660192422796115,0.50537109375,0.5322265625,0.50537109375,0.5322265625,0.0189054471413467,0.50048828125,0.548828125,0.50048828125,0.548828125,0.9722043774187549,0.52783203125,0.54833984375,0.52783203125,0.54833984375,0.772187262695501,0.4921875,0.62451171875,0.4921875,0.62451171875,HUGO,0.004449672543736391,0.7523627657703074,0.04592748534633311,0.19434713493077924,0.0029129414088438473
WOW__TEST__STEGO__4993.pgm,4993.pgm,WOW,1,${BOSSBASE_ROOT}\stego\WOW\0.4bpp\stego\4993.pgm,0.9864678513445929,0.491455078125,0.51220703125,0.491455078125,0.51220703125,0.01590639171181471,0.50537109375,0.5322265625,0.50537109375,0.5322265625,0.6583076757134286,0.50048828125,0.548828125,0.50048828125,0.548828125,0.929823701560032,0.52783203125,0.54833984375,0.52783203125,0.54833984375,0.84325077894127,0.4921875,0.62451171875,0.4921875,0.62451171875,WOW,0.10796641152169895,0.17183496261079537,0.21332977419236882,0.009703951967387903,0.49716489970774885
WOW__TEST__STEGO__769.pgm,769.pgm,WOW,1,${BOSSBASE_ROOT}\stego\WOW\0.4bpp\stego\769.pgm,0.9922143452346321,0.491455078125,0.51220703125,0.491455078125,0.51220703125,0.9902915235185259,0.50537109375,0.5322265625,0.50537109375,0.5322265625,0.9878058669624095,0.50048828125,0.548828125,0.50048828125,0.548828125,0.5159400311198156,0.52783203125,0.54833984375,0.52783203125,0.54833984375,0.9882221573114803,0.4921875,0.62451171875,0.4921875,0.62451171875,WOW,0.14316535231044691,0.019395223124780724,0.1383827195695521,0.22867331896311216,0.4703833860321081
WOW__TEST__STEGO__6186.pgm,6186.pgm,WOW,1,${BOSSBASE_ROOT}\stego\WOW\0.4bpp\stego\6186.pgm,0.9907677855954636,0.491455078125,0.51220703125,0.491455078125,0.51220703125,0.8535469077820218,0.50537109375,0.5322265625,0.50537109375,0.5322265625,0.8745065534624367,0.50048828125,0.548828125,0.50048828125,0.548828125,0.008445626941126032,0.52783203125,0.54833984375,0.52783203125,0.54833984375,0.9814889540096827,0.4921875,0.62451171875,0.4921875,0.62451171875,WOW,0.14857382508864853,0.002051592178860888,0.14760542896465007,0.16902150795214252,0.532747645815698
WOW__TEST__STEGO__5876.pgm,5876.pgm,WOW,1,${BOSSBASE_ROOT}\stego\WOW\0.4bpp\stego\5876.pgm,0.9911526449170697,0.491455078125,0.51220703125,0.491455078125,0.51220703125,0.993096161928778,0.50537109375,0.5322265625,0.50537109375,0.5322265625,0.9920927084953715,0.50048828125,0.548828125,0.50048828125,0.548828125,0.007725534397423479,0.52783203125,0.54833984375,0.52783203125,0.54833984375,0.9933588873579225,0.4921875,0.62451171875,0.4921875,0.62451171875,WOW,0.17062216416962803,0.0016775921064807093,0.12698220379932348,0.22229034260375746,0.47842769732081025
WOW__TEST__STEGO__9113.pgm,9113.pgm,WOW,1,${BOSSBASE_ROOT}\stego\WOW\0.4bpp\stego\9113.pgm,0.14792406729052063,0.491455078125,0.51220703125,0.491455078125,0.51220703125,0.022715756324479135,0.50537109375,0.5322265625,0.50537109375,0.5322265625,0.07463503889650006,0.50048828125,0.548828125,0.50048828125,0.548828125,0.031261913416824265,0.52783203125,0.54833984375,0.52783203125,0.54833984375,0.30538650944642487,0.4921875,0.62451171875,0.4921875,0.62451171875,MiPOD,0.23850724690173455,0.1043034442681618,0.4056908416136597,0.1502278193991421,0.10127064781730187
WOW__TEST__STEGO__7272.pgm,7272.pgm,WOW,1,${BOSSBASE_ROOT}\stego\WOW\0.4bpp\stego\7272.pgm,0.9888849862785224,0.491455078125,0.51220703125,0.491455078125,0.51220703125,0.9938070098421449,0.50537109375,0.5322265625,0.50537109375,0.5322265625,0.9923341253113541,0.50048828125,0.548828125,0.50048828125,0.548828125,0.053403329799824234,0.52783203125,0.54833984375,0.52783203125,0.54833984375,0.9881308789536605,0.4921875,0.62451171875,0.4921875,0.62451171875,WOW,0.1692869495977621,0.002110979728660414,0.12730845736033694,0.22518454536253288,0.4761090679507077
WOW__TEST__STEGO__6067.pgm,6067.pgm,WOW,1,${BOSSBASE_ROOT}\stego\WOW\0.4bpp\stego\6067.pgm,0.9893474891602738,0.491455078125,0.51220703125,0.491455078125,0.51220703125,0.9715099574136776,0.50537109375,0.5322265625,0.50537109375,0.5322265625,0.11279540628289324,0.50048828125,0.548828125,0.50048828125,0.548828125,0.008380453351026062,0.52783203125,0.54833984375,0.52783203125,0.54833984375,0.05174953987515943,0.4921875,0.62451171875,0.4921875,0.62451171875,S-UNIWARD,0.007588795285075247,0.0035204559067610977,0.00693967855577759,0.590052289507129,0.39189878074525714
WOW__TEST__STEGO__8827.pgm,8827.pgm,WOW,1,${BOSSBASE_ROOT}\stego\WOW\0.4bpp\stego\8827.pgm,0.9267027235112548,0.491455078125,0.51220703125,0.491455078125,0.51220703125,0.6535692664470906,0.50537109375,0.5322265625,0.50537109375,0.5322265625,0.2007143019942338,0.50048828125,0.548828125,0.50048828125,0.548828125,0.05300977201585542,0.52783203125,0.54833984375,0.52783203125,0.54833984375,0.9130583432721083,0.4921875,0.62451171875,0.4921875,0.62451171875,WOW,0.03037724192798539,0.007350269500578438,0.16774567764386747,0.25048274180420166,0.5440440691233671
WOW__TEST__STEGO__916.pgm,916.pgm,WOW,1,${BOSSBASE_ROOT}\stego\WOW\0.4bpp\stego\916.pgm,0.9017477678631268,0.491455078125,0.51220703125,0.491455078125,0.51220703125,0.7360212969973179,0.50537109375,0.5322265625,0.50537109375,0.5322265625,0.547978147100446,0.50048828125,0.548828125,0.50048828125,0.548828125,0.8124212626951761,0.52783203125,0.54833984375,0.52783203125,0.54833984375,0.6382717961674019,0.4921875,0.62451171875,0.4921875,0.62451171875,WOW,0.05566102975375634,0.19099479239286501,0.09070190821516481,0.22475225513492192,0.437890014503292
WOW__TEST__STEGO__7977.pgm,7977.pgm,WOW,1,${BOSSBASE_ROOT}\stego\WOW\0.4bpp\stego\7977.pgm,0.9917163731139695,0.491455078125,0.51220703125,0.491455078125,0.51220703125,0.9884026381763671,0.50537109375,0.5322265625,0.50537109375,0.5322265625,0.9940428462362503,0.50048828125,0.548828125,0.50048828125,0.548828125,0.993096161928778,0.52783203125,0.54833984375,0.52783203125,0.54833984375,0.9928508980334536,0.4921875,0.62451171875,0.4921875,0.62451171875,WOW,0.1079801091787587,0.16454330880729814,0.1326016027871751,0.19951906811847492,0.39535591110829316
WOW__TEST__STEGO__644.pgm,644.pgm,WOW,1,${BOSSBASE_ROOT}\stego\WOW\0.4bpp\stego\644.pgm,0.9922143452346321,0.491455078125,0.51220703125,0.491455078125,0.51220703125,0.9918437513730266,0.50537109375,0.5322265625,0.50537109375,0.5322265625,0.9908389730779061,0.50048828125,0.548828125,0.50048828125,0.548828125,0.9932024684496267,0.52783203125,0.54833984375,0.52783203125,0.54833984375,0.9907319866190857,0.4921875,0.62451171875,0.4921875,0.62451171875,WOW,0.10628350663648709,0.16483413437492378,0.13106574361595882,0.20255968392230872,0.3952569314503216
WOW__TEST__STEGO__5512.pgm,5512.pgm,WOW,1,${BOSSBASE_ROOT}\stego\WOW\0.4bpp\stego\5512.pgm,0.9897909456811917,0.491455078125,0.51220703125,0.491455078125,0.51220703125,0.9945519319148104,0.50537109375,0.5322265625,0.50537109375,0.5322265625,0.9912548183179649,0.50048828125,0.548828125,0.50048828125,0.548828125,0.9826243354907803,0.52783203125,0.54833984375,0.52783203125,0.54833984375,0.9845754479181588,0.4921875,0.62451171875,0.4921875,0.62451171875,WOW,0.10776610855182832,0.15910850586824882,0.13011705956240066,0.20702864325151593,0.3959796827660062
WOW__TEST__STEGO__4586.pgm,4586.pgm,WOW,1,${BOSSBASE_ROOT}\stego\WOW\0.4bpp\stego\4586.pgm,0.6141047625012857,0.491455078125,0.51220703125,0.491455078125,0.51220703125,0.540832931409743,0.50537109375,0.5322265625,0.50537109375,0.5322265625,0.4919516839880319,0.50048828125,0.548828125,0.50048828125,0.548828125,0.561575496665089,0.52783203125,0.54833984375,0.52783203125,0.54833984375,0.5053785156741016,0.4921875,0.62451171875,0.4921875,0.62451171875,WOW,0.14093450511317457,0.1830327474086709,0.16780248497204422,0.23905956967430486,0.26917069283180545
WOW__TEST__STEGO__6961.pgm,6961.pgm,WOW,1,${BOSSBASE_ROOT}\stego\WOW\0.4bpp\stego\6961.pgm,0.9921841112107114,0.491455078125,0.51220703125,0.491455078125,0.51220703125,0.9906599756149459,0.50537109375,0.5322265625,0.50537109375,0.5322265625,0.9910145712474399,0.50048828125,0.548828125,0.50048828125,0.548828125,0.8978745248133241,0.52783203125,0.54833984375,0.52783203125,0.54833984375,0.9928508980334536,0.4921875,0.62451171875,0.4921875,0.62451171875,WOW,0.116747840704589,0.11072866706215433,0.13768125543286008,0.21295864593362746,0.4218835908667692
WOW__TEST__STEGO__4265.pgm,4265.pgm,WOW,1,${BOSSBASE_ROOT}\stego\WOW\0.4bpp\stego\4265.pgm,0.507880511921186,0.491455078125,0.51220703125,0.491455078125,0.51220703125,0.5072321615894415,0.50537109375,0.5322265625,0.50537109375,0.5322265625,0.5095889730785859,0.50048828125,0.548828125,0.50048828125,0.548828125,0.501989354126686,0.52783203125,0.54833984375,0.52783203125,0.54833984375,0.5034884840435213,0.4921875,0.62451171875,0.4921875,0.62451171875,S-UNIWARD,0.18844340573786686,0.17812196365328917,0.20493824416833598,0.2333590165636662,0.19513736987684172
WOW__TEST__STEGO__5336.pgm,5336.pgm,WOW,1,${BOSSBASE_ROOT}\stego\WOW\0.4bpp\stego\5336.pgm,0.4418837321861585,0.491455078125,0.51220703125,0.491455078125,0.51220703125,0.011072160183234295,0.50537109375,0.5322265625,0.50537109375,0.5322265625,0.5288375895639952,0.50048828125,0.548828125,0.50048828125,0.548828125,0.012194133037590526,0.52783203125,0.54833984375,0.52783203125,0.54833984375,0.5830253109361754,0.4921875,0.62451171875,0.4921875,0.62451171875,HILL,0.40536582728872544,0.017358591251334494,0.3776435091802353,0.03575861291135903,0.16387345936834583
WOW__TEST__STEGO__237.pgm,237.pgm,WOW,1,${BOSSBASE_ROOT}\stego\WOW\0.4bpp\stego\237.pgm,0.9341552994156889,0.491455078125,0.51220703125,0.491455078125,0.51220703125,0.7711548724998493,0.50537109375,0.5322265625,0.50537109375,0.5322265625,0.27757088373437483,0.50048828125,0.548828125,0.50048828125,0.548828125,0.840651818631598,0.52783203125,0.54833984375,0.52783203125,0.54833984375,0.5394988239629385,0.4921875,0.62451171875,0.4921875,0.62451171875,WOW,0.018187723085571986,0.2276074816584422,0.05059705670089772,0.2971480829610778,0.4064596555940102
WOW__TEST__STEGO__1251.pgm,1251.pgm,WOW,1,${BOSSBASE_ROOT}\stego\WOW\0.4bpp\stego\1251.pgm,0.37943586882639746,0.491455078125,0.51220703125,0.491455078125,0.51220703125,0.9375547143860159,0.50537109375,0.5322265625,0.50537109375,0.5322265625,0.9819446650265006,0.50048828125,0.548828125,0.50048828125,0.548828125,0.014842417234248268,0.52783203125,0.54833984375,0.52783203125,0.54833984375,0.9810945528586532,0.4921875,0.62451171875,0.4921875,0.62451171875,HILL,0.3797727914627946,0.006661794030818436,0.27583377275794546,0.28339060563443813,0.05434103611400354
WOW__TEST__STEGO__7606.pgm,7606.pgm,WOW,1,${BOSSBASE_ROOT}\stego\WOW\0.4bpp\stego\7606.pgm,0.9885362026220039,0.491455078125,0.51220703125,0.491455078125,0.51220703125,0.9951702782541956,0.50537109375,0.5322265625,0.50537109375,0.5322265625,0.9943580914999767,0.50048828125,0.548828125,0.50048828125,0.548828125,0.008950711436881996,0.52783203125,0.54833984375,0.52783203125,0.54833984375,0.9846936454393053,0.4921875,0.62451171875,0.4921875,0.62451171875,WOW,0.17232430228224133,0.0017009442098331266,0.12493511548679832,0.2250923800118815,0.4759472580092458
WOW__TEST__STEGO__8235.pgm,8235.pgm,WOW,1,${BOSSBASE_ROOT}\stego\WOW\0.4bpp\stego\8235.pgm,0.9913558220632764,0.491455078125,0.51220703125,0.491455078125,0.51220703125,0.9951325826547209,0.50537109375,0.5322265625,0.50537109375,0.5322265625,0.9887119261007691,0.50048828125,0.548828125,0.50048828125,0.548828125,0.036769466075598736,0.52783203125,0.54833984375,0.52783203125,0.54833984375,0.9924227587321393,0.4921875,0.62451171875,0.4921875,0.62451171875,WOW,0.1670289072928617,0.0019373809015485362,0.12710936783767246,0.22550958690944242,0.478414757058475
WOW__TEST__STEGO__8018.pgm,8018.pgm,WOW,1,${BOSSBASE_ROOT}\stego\WOW\0.4bpp\stego\8018.pgm,0.9895109087400621,0.491455078125,0.51220703125,0.491455078125,0.51220703125,0.9917484014309144,0.50537109375,0.5322265625,0.50537109375,0.5322265625,0.994488065789193,0.50048828125,0.548828125,0.50048828125,0.548828125,0.9924227587321393,0.52783203125,0.54833984375,0.52783203125,0.54833984375,0.9902538959474461,0.4921875,0.62451171875,0.4921875,0.62451171875,WOW,0.10815751583485914,0.16498759265442403,0.1318146938981009,0.20249915518361464,0.39254104242900123
WOW__TEST__STEGO__4541.pgm,4541.pgm,WOW,1,${BOSSBASE_ROOT}\stego\WOW\0.4bpp\stego\4541.pgm,0.9794329046535715,0.491455078125,0.51220703125,0.491455078125,0.51220703125,0.7636600622263221,0.50537109375,0.5322265625,0.50537109375,0.5322265625,0.9425067211996143,0.50048828125,0.548828125,0.50048828125,0.548828125,0.14139993502689774,0.52783203125,0.54833984375,0.52783203125,0.54833984375,0.8947894632969136,0.4921875,0.62451171875,0.4921875,0.62451171875,WOW,0.1973737906095172,0.0038196941447565884,0.1405589378882767,0.12001820865180444,0.5382293687056451
WOW__TEST__STEGO__9185.pgm,9185.pgm,WOW,1,${BOSSBASE_ROOT}\stego\WOW\0.4bpp\stego\9185.pgm,0.9864678513445929,0.491455078125,0.51220703125,0.491455078125,0.51220703125,0.011961098249809548,0.50537109375,0.5322265625,0.50537109375,0.5322265625,0.933187674170474,0.50048828125,0.548828125,0.50048828125,0.548828125,0.010860331013277531,0.52783203125,0.54833984375,0.52783203125,0.54833984375,0.33731267157420414,0.4921875,0.62451171875,0.4921875,0.62451171875,WOW,0.33591184231242616,0.001755643754759032,0.057963071717045414,0.007955566197951429,0.596413876017818
WOW__TEST__STEGO__9683.pgm,9683.pgm,WOW,1,${BOSSBASE_ROOT}\stego\WOW\0.4bpp\stego\9683.pgm,0.9898303422461273,0.491455078125,0.51220703125,0.491455078125,0.51220703125,0.9931760452132232,0.50537109375,0.5322265625,0.50537109375,0.5322265625,0.9946150620382221,0.50048828125,0.548828125,0.50048828125,0.548828125,0.9883577758353339,0.52783203125,0.54833984375,0.52783203125,0.54833984375,0.9932287900693889,0.4921875,0.62451171875,0.4921875,0.62451171875,WOW,0.10836982664357557,0.16189081874538244,0.13269920768359597,0.20358639670833498,0.393453750219111
WOW__TEST__STEGO__9649.pgm,9649.pgm,WOW,1,${BOSSBASE_ROOT}\stego\WOW\0.4bpp\stego\9649.pgm,0.9900250791759213,0.491455078125,0.51220703125,0.491455078125,0.51220703125,0.9341552994156889,0.50537109375,0.5322265625,0.50537109375,0.5322265625,0.9226218936973621,0.50048828125,0.548828125,0.50048828125,0.548828125,0.02140977021485253,0.52783203125,0.54833984375,0.52783203125,0.54833984375,0.7592254042296177,0.4921875,0.62451171875,0.4921875,0.62451171875,WOW,0.15290577769323596,0.0021448829660535955,0.07939895582576353,0.22733323558304067,0.5382171479319062
WOW__TEST__STEGO__4557.pgm,4557.pgm,WOW,1,${BOSSBASE_ROOT}\stego\WOW\0.4bpp\stego\4557.pgm,0.9884026381763671,0.491455078125,0.51220703125,0.491455078125,0.51220703125,0.9535353360498288,0.50537109375,0.5322265625,0.50537109375,0.5322265625,0.9884918509356967,0.50048828125,0.548828125,0.50048828125,0.548828125,0.008677716704989246,0.52783203125,0.54833984375,0.52783203125,0.54833984375,0.980318590959467,0.4921875,0.62451171875,0.4921875,0.62451171875,WOW,0.1797712773629551,0.0017370358183765105,0.13070096028698774,0.19892245157788632,0.48886827495379437
WOW__TEST__STEGO__226.pgm,226.pgm,WOW,1,${BOSSBASE_ROOT}\stego\WOW\0.4bpp\stego\226.pgm,0.9870296135626316,0.491455078125,0.51220703125,0.491455078125,0.51220703125,0.5978427011409797,0.50537109375,0.5322265625,0.50537109375,0.5322265625,0.7531036723496825,0.50048828125,0.548828125,0.50048828125,0.548828125,0.7134316121126845,0.52783203125,0.54833984375,0.52783203125,0.54833984375,0.05823862531097581,0.4921875,0.62451171875,0.4921875,0.62451171875,WOW,0.10300053991851413,0.0847787147071504,0.022625284953126743,0.11810333197099307,0.6714921284502157
WOW__TEST__STEGO__3815.pgm,3815.pgm,WOW,1,${BOSSBASE_ROOT}\stego\WOW\0.4bpp\stego\3815.pgm,0.47595545024205,0.491455078125,0.51220703125,0.491455078125,0.51220703125,0.5131195464571897,0.50537109375,0.5322265625,0.50537109375,0.5322265625,0.4957047565415133,0.50048828125,0.548828125,0.50048828125,0.548828125,0.09982066756762313,0.52783203125,0.54833984375,0.52783203125,0.54833984375,0.4979724995161823,0.4921875,0.62451171875,0.4921875,0.62451171875,S-UNIWARD,0.24940045274508926,0.03288532636206507,0.2259738896176168,0.2840519320782955,0.20768839919693335
WOW__TEST__STEGO__8616.pgm,8616.pgm,WOW,1,${BOSSBASE_ROOT}\stego\WOW\0.4bpp\stego\8616.pgm,0.9916519461902167,0.491455078125,0.51220703125,0.491455078125,0.51220703125,0.9949592968881543,0.50537109375,0.5322265625,0.50537109375,0.5322265625,0.9905509186809447,0.50048828125,0.548828125,0.50048828125,0.548828125,0.9508692112458993,0.52783203125,0.54833984375,0.52783203125,0.54833984375,0.9943140930647723,0.4921875,0.62451171875,0.4921875,0.62451171875,WOW,0.11053809801262808,0.13852945655893653,0.13464442448505756,0.21014349890731937,0.4061445220360585
WOW__TEST__STEGO__1147.pgm,1147.pgm,WOW,1,${BOSSBASE_ROOT}\stego\WOW\0.4bpp\stego\1147.pgm,0.9008791448995754,0.491455078125,0.51220703125,0.491455078125,0.51220703125,0.06928941251462155,0.50537109375,0.5322265625,0.50537109375,0.5322265625,0.8872045937171068,0.50048828125,0.548828125,0.50048828125,0.548828125,0.018334452089518293,0.52783203125,0.54833984375,0.52783203125,0.54833984375,0.8679338421303608,0.4921875,0.62451171875,0.4921875,0.62451171875,WOW,0.33907196850412213,0.0022251221395699333,0.23532350079789327,0.009674701452516771,0.41370470710589796
WOW__TEST__STEGO__9194.pgm,9194.pgm,WOW,1,${BOSSBASE_ROOT}\stego\WOW\0.4bpp\stego\9194.pgm,0.9878058669624095,0.491455078125,0.51220703125,0.491455078125,0.51220703125,0.99440175138534,0.50537109375,0.5322265625,0.50537109375,0.5322265625,0.9920002454916221,0.50048828125,0.548828125,0.50048828125,0.548828125,0.9231777955470523,0.52783203125,0.54833984375,0.52783203125,0.54833984375,0.9942025987455659,0.4921875,0.62451171875,0.4921875,0.62451171875,WOW,0.11492584023175252,0.1245687237662159,0.13738954387565563,0.21381038659854576,0.4093055055278301
WOW__TEST__STEGO__5071.pgm,5071.pgm,WOW,1,${BOSSBASE_ROOT}\stego\WOW\0.4bpp\stego\5071.pgm,0.990216123982345,0.491455078125,0.51220703125,0.491455078125,0.51220703125,0.9900635812940538,0.50537109375,0.5322265625,0.50537109375,0.5322265625,0.5104507482270773,0.50048828125,0.548828125,0.50048828125,0.548828125,0.012576348276879083,0.52783203125,0.54833984375,0.52783203125,0.54833984375,0.9765800557141248,0.4921875,0.62451171875,0.4921875,0.62451171875,WOW,0.03815204958554206,0.0028033413531260818,0.10419756722777143,0.3920930886114935,0.46275395322206686
WOW__TEST__STEGO__5120.pgm,5120.pgm,WOW,1,${BOSSBASE_ROOT}\stego\WOW\0.4bpp\stego\5120.pgm,0.9869795098861571,0.491455078125,0.51220703125,0.491455078125,0.51220703125,0.8873999002546609,0.50537109375,0.5322265625,0.50537109375,0.5322265625,0.740924892403682,0.50048828125,0.548828125,0.50048828125,0.548828125,0.012100385813544712,0.52783203125,0.54833984375,0.52783203125,0.54833984375,0.9561454366001265,0.4921875,0.62451171875,0.4921875,0.62451171875,WOW,0.09753802423334745,0.002494193075715032,0.13278016877870527,0.23288891866595207,0.5342986952462802
WOW__TEST__STEGO__6016.pgm,6016.pgm,WOW,1,${BOSSBASE_ROOT}\stego\WOW\0.4bpp\stego\6016.pgm,0.8879840490799963,0.491455078125,0.51220703125,0.491455078125,0.51220703125,0.7352616368564966,0.50537109375,0.5322265625,0.50537109375,0.5322265625,0.8804891362585583,0.50048828125,0.548828125,0.50048828125,0.548828125,0.33731267157420414,0.52783203125,0.54833984375,0.52783203125,0.54833984375,0.8485961739786982,0.4921875,0.62451171875,0.4921875,0.62451171875,WOW,0.2064935336854102,0.015043908502402057,0.17223756352263458,0.150020552789963,0.45620444149959016
WOW__TEST__STEGO__4807.pgm,4807.pgm,WOW,1,${BOSSBASE_ROOT}\stego\WOW\0.4bpp\stego\4807.pgm,0.9014011355313043,0.491455078125,0.51220703125,0.491455078125,0.51220703125,0.670176704984625,0.50537109375,0.5322265625,0.50537109375,0.5322265625,0.6363531130571263,0.50048828125,0.548828125,0.50048828125,0.548828125,0.1561048974454574,0.52783203125,0.54833984375,0.52783203125,0.54833984375,0.8240375258202992,0.4921875,0.62451171875,0.4921875,0.62451171875,WOW,0.1185117721649639,0.008628003196729444,0.16665081222786413,0.17284657506873427,0.5333628373417082
WOW__TEST__STEGO__623.pgm,623.pgm,WOW,1,${BOSSBASE_ROOT}\stego\WOW\0.4bpp\stego\623.pgm,0.462442701559465,0.491455078125,0.51220703125,0.491455078125,0.51220703125,0.37920595031893806,0.50537109375,0.5322265625,0.50537109375,0.5322265625,0.6425446343727172,0.50048828125,0.548828125,0.50048828125,0.548828125,0.6419836947437564,0.52783203125,0.54833984375,0.52783203125,0.54833984375,0.6583076757134286,0.4921875,0.62451171875,0.4921875,0.62451171875,MiPOD,0.250098707226452,0.24397531819620674,0.2886728595663485,0.09289191040796478,0.124361204603028
WOW__TEST__STEGO__4125.pgm,4125.pgm,WOW,1,${BOSSBASE_ROOT}\stego\WOW\0.4bpp\stego\4125.pgm,0.8267117940706734,0.491455078125,0.51220703125,0.491455078125,0.51220703125,0.5848047882553679,0.50537109375,0.5322265625,0.50537109375,0.5322265625,0.6886778372765373,0.50048828125,0.548828125,0.50048828125,0.548828125,0.17078441790183443,0.52783203125,0.54833984375,0.52783203125,0.54833984375,0.6486889357268106,0.4921875,0.62451171875,0.4921875,0.62451171875,WOW,0.18832868547338108,0.01217682947587057,0.1508447369161038,0.15356111293914643,0.49508863519549795
WOW__TEST__STEGO__8188.pgm,8188.pgm,WOW,1,${BOSSBASE_ROOT}\stego\WOW\0.4bpp\stego\8188.pgm,0.5064693655124329,0.491455078125,0.51220703125,0.491455078125,0.51220703125,0.5087271409348658,0.50537109375,0.5322265625,0.50537109375,0.5322265625,0.5014667468913034,0.50048828125,0.548828125,0.50048828125,0.548828125,0.4899458134622796,0.52783203125,0.54833984375,0.52783203125,0.54833984375,0.5070071400886696,0.4921875,0.62451171875,0.4921875,0.62451171875,S-UNIWARD,0.18626682495855387,0.17148429367540705,0.20764867274652662,0.2388494337379733,0.19575077488153916
WOW__TEST__STEGO__368.pgm,368.pgm,WOW,1,${BOSSBASE_ROOT}\stego\WOW\0.4bpp\stego\368.pgm,0.49824524646208823,0.491455078125,0.51220703125,0.491455078125,0.51220703125,0.5653587367080439,0.50537109375,0.5322265625,0.50537109375,0.5322265625,0.4943201601036508,0.50048828125,0.548828125,0.50048828125,0.548828125,0.5307533672633481,0.52783203125,0.54833984375,0.52783203125,0.54833984375,0.7606506526772884,0.4921875,0.62451171875,0.4921875,0.62451171875,MiPOD,0.14547726917370019,0.17039793221163896,0.3095994359458182,0.22642941803833577,0.1480959446305068
WOW__TEST__STEGO__5791.pgm,5791.pgm,WOW,1,${BOSSBASE_ROOT}\stego\WOW\0.4bpp\stego\5791.pgm,0.9908389730779061,0.491455078125,0.51220703125,0.491455078125,0.51220703125,0.07107366938018356,0.50537109375,0.5322265625,0.50537109375,0.5322265625,0.9904406006529085,0.50048828125,0.548828125,0.50048828125,0.548828125,0.007999754508377905,0.52783203125,0.54833984375,0.52783203125,0.54833984375,0.9913892323324893,0.4921875,0.62451171875,0.4921875,0.62451171875,WOW,0.3279807226604258,0.0011916529438472587,0.22865315589671226,0.0060179826480446915,0.43615648585096994
WOW__TEST__STEGO__8287.pgm,8287.pgm,WOW,1,${BOSSBASE_ROOT}\stego\WOW\0.4bpp\stego\8287.pgm,0.9906237625491514,0.491455078125,0.51220703125,0.491455078125,0.51220703125,0.9895109087400621,0.50537109375,0.5322265625,0.50537109375,0.5322265625,0.994445075296309,0.50048828125,0.548828125,0.50048828125,0.548828125,0.9937100978631075,0.52783203125,0.54833984375,0.52783203125,0.54833984375,0.991422514586288,0.4921875,0.62451171875,0.4921875,0.62451171875,WOW,0.10810366732041947,0.16540441299188421,0.13220304926486784,0.20047429967370456,0.3938145707491239
WOW__TEST__STEGO__1420.pgm,1420.pgm,WOW,1,${BOSSBASE_ROOT}\stego\WOW\0.4bpp\stego\1420.pgm,0.012147170099805133,0.491455078125,0.51220703125,0.491455078125,0.51220703125,0.11981949276047273,0.50537109375,0.5322265625,0.50537109375,0.5322265625,0.7757747251300824,0.50048828125,0.548828125,0.50048828125,0.548828125,0.013325147705881429,0.52783203125,0.54833984375,0.52783203125,0.54833984375,0.03333682414270177,0.4921875,0.62451171875,0.4921875,0.62451171875,HILL,0.8086459305855026,0.024268445055740304,0.10210932870003273,0.04051247657824551,0.024463819080478764
WOW__TEST__STEGO__5959.pgm,5959.pgm,WOW,1,${BOSSBASE_ROOT}\stego\WOW\0.4bpp\stego\5959.pgm,0.9916842215225259,0.491455078125,0.51220703125,0.491455078125,0.51220703125,0.9908034475769532,0.50537109375,0.5322265625,0.50537109375,0.5322265625,0.993384607321672,0.50048828125,0.548828125,0.50048828125,0.548828125,0.9939024378074247,0.52783203125,0.54833984375,0.52783203125,0.54833984375,0.9903290072365529,0.4921875,0.62451171875,0.4921875,0.62451171875,WOW,0.10731832284880934,0.16520542645224148,0.1313188831076314,0.20136114458308257,0.3947962230082352
WOW__TEST__STEGO__9766.pgm,9766.pgm,WOW,1,${BOSSBASE_ROOT}\stego\WOW\0.4bpp\stego\9766.pgm,0.9930693283432538,0.491455078125,0.51220703125,0.491455078125,0.51220703125,0.9924227587321393,0.50537109375,0.5322265625,0.50537109375,0.5322265625,0.9834704434423458,0.50048828125,0.548828125,0.50048828125,0.548828125,0.03753800746527978,0.52783203125,0.54833984375,0.52783203125,0.54833984375,0.9697281305754024,0.4921875,0.62451171875,0.4921875,0.62451171875,WOW,0.16473970222926254,0.0019632076949660567,0.1205674255446438,0.2271683252420716,0.48556133928905615
WOW__TEST__STEGO__7850.pgm,7850.pgm,WOW,1,${BOSSBASE_ROOT}\stego\WOW\0.4bpp\stego\7850.pgm,0.9904035452676181,0.491455078125,0.51220703125,0.491455078125,0.51220703125,0.9841546388118627,0.50537109375,0.5322265625,0.50537109375,0.5322265625,0.988841968751916,0.50048828125,0.548828125,0.50048828125,0.548828125,0.005888159475804548,0.52783203125,0.54833984375,0.52783203125,0.54833984375,0.12137298140806249,0.4921875,0.62451171875,0.4921875,0.62451171875,WOW,0.1531063012705514,0.001887358219163978,0.014490989105006721,0.28317805206783186,0.5473372993374461
WOW__TEST__STEGO__4594.pgm,4594.pgm,WOW,1,${BOSSBASE_ROOT}\stego\WOW\0.4bpp\stego\4594.pgm,0.9750122054090997,0.491455078125,0.51220703125,0.491455078125,0.51220703125,0.9453993942183476,0.50537109375,0.5322265625,0.50537109375,0.5322265625,0.9394706097974611,0.50048828125,0.548828125,0.50048828125,0.548828125,0.018369638109289183,0.52783203125,0.54833984375,0.52783203125,0.54833984375,0.9130583432721083,0.4921875,0.62451171875,0.4921875,0.62451171875,WOW,0.1645344274620234,0.0020886331236051993,0.11730368582498382,0.22200355042598025,0.4940697031634074
WOW__TEST__STEGO__7645.pgm,7645.pgm,WOW,1,${BOSSBASE_ROOT}\stego\WOW\0.4bpp\stego\7645.pgm,0.9856629695759892,0.491455078125,0.51220703125,0.491455078125,0.51220703125,0.9553191297273498,0.50537109375,0.5322265625,0.50537109375,0.5322265625,0.9155072460249908,0.50048828125,0.548828125,0.50048828125,0.548828125,0.0035380860570885376,0.52783203125,0.54833984375,0.52783203125,0.54833984375,0.9537080988961596,0.4921875,0.62451171875,0.4921875,0.62451171875,WOW,0.1478896098280927,0.0019017787193211198,0.12329897830568923,0.22764054051574636,0.49926909263115044
WOW__TEST__STEGO__511.pgm,511.pgm,WOW,1,${BOSSBASE_ROOT}\stego\WOW\0.4bpp\stego\511.pgm,0.9827572224423471,0.491455078125,0.51220703125,0.491455078125,0.51220703125,0.9122799870400568,0.50537109375,0.5322265625,0.50537109375,0.5322265625,0.6770471054717195,0.50048828125,0.548828125,0.50048828125,0.548828125,0.014447852533602467,0.52783203125,0.54833984375,0.52783203125,0.54833984375,0.6765130508657318,0.4921875,0.62451171875,0.4921875,0.62451171875,WOW,0.07662194523129617,0.002866089580230941,0.06431970867291717,0.30462894072430174,0.551563315791254
WOW__TEST__STEGO__2275.pgm,2275.pgm,WOW,1,${BOSSBASE_ROOT}\stego\WOW\0.4bpp\stego\2275.pgm,0.9923043528216078,0.491455078125,0.51220703125,0.491455078125,0.51220703125,0.23161422568770776,0.50537109375,0.5322265625,0.50537109375,0.5322265625,0.3990502844020601,0.50048828125,0.548828125,0.50048828125,0.548828125,0.012288597529701977,0.52783203125,0.54833984375,0.52783203125,0.54833984375,0.8804891362585583,0.4921875,0.62451171875,0.4921875,0.62451171875,WOW,0.07191168254431861,0.0037412728097296357,0.20186973363642363,0.03712142605372686,0.6853558849558012
WOW__TEST__STEGO__4618.pgm,4618.pgm,WOW,1,${BOSSBASE_ROOT}\stego\WOW\0.4bpp\stego\4618.pgm,0.41247098560608475,0.491455078125,0.51220703125,0.491455078125,0.51220703125,0.4298481546439914,0.50537109375,0.5322265625,0.50537109375,0.5322265625,0.8782098334256662,0.50048828125,0.548828125,0.50048828125,0.548828125,0.03803509253268273,0.52783203125,0.54833984375,0.52783203125,0.54833984375,0.786130671364785,0.4921875,0.62451171875,0.4921875,0.62451171875,HILL,0.5262698573335819,0.009369719358890593,0.3137531210620415,0.06537447339961956,0.08523282884586642
WOW__TEST__STEGO__5750.pgm,5750.pgm,WOW,1,${BOSSBASE_ROOT}\stego\WOW\0.4bpp\stego\5750.pgm,0.9732407168145568,0.491455078125,0.51220703125,0.491455078125,0.51220703125,0.9623913644941934,0.50537109375,0.5322265625,0.50537109375,0.5322265625,0.9874720680072551,0.50048828125,0.548828125,0.50048828125,0.548828125,0.258513135918425,0.52783203125,0.54833984375,0.52783203125,0.54833984375,0.9274947475752819,0.4921875,0.62451171875,0.4921875,0.62451171875,WOW,0.1712933453564422,0.006219521495563553,0.12531741283540607,0.22148339976927206,0.47568632054331617
WOW__TEST__STEGO__4956.pgm,4956.pgm,WOW,1,${BOSSBASE_ROOT}\stego\WOW\0.4bpp\stego\4956.pgm,0.9125920825087166,0.491455078125,0.51220703125,0.491455078125,0.51220703125,0.02169809712363195,0.50537109375,0.5322265625,0.50537109375,0.5322265625,0.8570517499769504,0.50048828125,0.548828125,0.50048828125,0.548828125,0.007937994101407319,0.52783203125,0.54833984375,0.52783203125,0.54833984375,0.6244080535283255,0.4921875,0.62451171875,0.4921875,0.62451171875,WOW,0.343675685748234,0.00242595148594158,0.14430169024023726,0.009982036463677344,0.49961463606190987
WOW__TEST__STEGO__7420.pgm,7420.pgm,WOW,1,${BOSSBASE_ROOT}\stego\WOW\0.4bpp\stego\7420.pgm,0.39787992048216886,0.491455078125,0.51220703125,0.491455078125,0.51220703125,0.5147585899669821,0.50537109375,0.5322265625,0.50537109375,0.5322265625,0.48838252342179433,0.50048828125,0.548828125,0.50048828125,0.548828125,0.4968376581340794,0.52783203125,0.54833984375,0.52783203125,0.54833984375,0.8709269619648802,0.4921875,0.62451171875,0.4921875,0.62451171875,MiPOD,0.15464023259129833,0.15708417152296475,0.4239947102269836,0.17346786043579324,0.09081302522296011
WOW__TEST__STEGO__7853.pgm,7853.pgm,WOW,1,${BOSSBASE_ROOT}\stego\WOW\0.4bpp\stego\7853.pgm,0.9908743626108194,0.491455078125,0.51220703125,0.491455078125,0.51220703125,0.975390071374038,0.50537109375,0.5322265625,0.50537109375,0.5322265625,0.9874720680072551,0.50048828125,0.548828125,0.50048828125,0.548828125,0.007785654765367813,0.52783203125,0.54833984375,0.52783203125,0.54833984375,0.975854577282535,0.4921875,0.62451171875,0.4921875,0.62451171875,WOW,0.1730480652331448,0.0017098887225140131,0.1249879085342836,0.21345553345441318,0.48679860405564446
WOW__TEST__STEGO__8127.pgm,8127.pgm,WOW,1,${BOSSBASE_ROOT}\stego\WOW\0.4bpp\stego\8127.pgm,0.383179568827562,0.491455078125,0.51220703125,0.491455078125,0.51220703125,0.3170032391635806,0.50537109375,0.5322265625,0.50537109375,0.5322265625,0.697711910661552,0.50048828125,0.548828125,0.50048828125,0.548828125,0.09721884276216183,0.52783203125,0.54833984375,0.52783203125,0.54833984375,0.6474639332070123,0.4921875,0.62451171875,0.4921875,0.62451171875,HILL,0.4593583728742029,0.021964787718793052,0.3323516166557241,0.07854821869913901,0.10777700405214105
WOW__TEST__STEGO__8934.pgm,8934.pgm,WOW,1,${BOSSBASE_ROOT}\stego\WOW\0.4bpp\stego\8934.pgm,0.12549344653756345,0.491455078125,0.51220703125,0.491455078125,0.51220703125,0.43992780081955174,0.50537109375,0.5322265625,0.50537109375,0.5322265625,0.47932088471127654,0.50048828125,0.548828125,0.50048828125,0.548828125,0.515909544498593,0.52783203125,0.54833984375,0.52783203125,0.54833984375,0.5231615123910608,0.4921875,0.62451171875,0.4921875,0.62451171875,HUGO,0.2116141960723625,0.3188563976804828,0.25913451538723814,0.174842030055492,0.035552860804424546
WOW__TEST__STEGO__4981.pgm,4981.pgm,WOW,1,${BOSSBASE_ROOT}\stego\WOW\0.4bpp\stego\4981.pgm,0.9912208911330882,0.491455078125,0.51220703125,0.491455078125,0.51220703125,0.0686622858604984,0.50537109375,0.5322265625,0.50537109375,0.5322265625,0.8885655479945739,0.50048828125,0.548828125,0.50048828125,0.548828125,0.8955226768697631,0.52783203125,0.54833984375,0.52783203125,0.54833984375,0.93183562573443,0.4921875,0.62451171875,0.4921875,0.62451171875,WOW,0.19229300307150937,0.10237705424340478,0.24396661303741962,0.007807894689702803,0.4535554349579634
WOW__TEST__STEGO__8692.pgm,8692.pgm,WOW,1,${BOSSBASE_ROOT}\stego\WOW\0.4bpp\stego\8692.pgm,0.9891396689867223,0.491455078125,0.51220703125,0.491455078125,0.51220703125,0.9880389017501905,0.50537109375,0.5322265625,0.50537109375,0.5322265625,0.9824904426504252,0.50048828125,0.548828125,0.50048828125,0.548828125,0.014009566286403145,0.52783203125,0.54833984375,0.52783203125,0.54833984375,0.9678385537098225,0.4921875,0.62451171875,0.4921875,0.62451171875,WOW,0.1681339460208452,0.0017817106841474268,0.1212988044754483,0.22576752937341318,0.48301800944614587
WOW__TEST__STEGO__3595.pgm,3595.pgm,WOW,1,${BOSSBASE_ROOT}\stego\WOW\0.4bpp\stego\3595.pgm,0.9871787857334058,0.491455078125,0.51220703125,0.491455078125,0.51220703125,0.9689738206081602,0.50537109375,0.5322265625,0.50537109375,0.5322265625,0.9862576795040977,0.50048828125,0.548828125,0.50048828125,0.548828125,0.5476152826531759,0.52783203125,0.54833984375,0.52783203125,0.54833984375,0.9894702878753826,0.4921875,0.62451171875,0.4921875,0.62451171875,WOW,0.14688895921944614,0.02311941034846451,0.14512291695196777,0.21586082993116437,0.46900788354895717
WOW__TEST__STEGO__742.pgm,742.pgm,WOW,1,${BOSSBASE_ROOT}\stego\WOW\0.4bpp\stego\742.pgm,0.9930153500828657,0.491455078125,0.51220703125,0.491455078125,0.51220703125,0.9947798743064417,0.50537109375,0.5322265625,0.50537109375,0.5322265625,0.9933588873579225,0.50048828125,0.548828125,0.50048828125,0.548828125,0.4577426459969105,0.52783203125,0.54833984375,0.52783203125,0.54833984375,0.9767580751989804,0.4921875,0.62451171875,0.4921875,0.62451171875,WOW,0.14756152609385287,0.014598629548331361,0.1326874993758328,0.23102170781905476,0.4741306371629282
WOW__TEST__STEGO__3253.pgm,3253.pgm,WOW,1,${BOSSBASE_ROOT}\stego\WOW\0.4bpp\stego\3253.pgm,0.9900250791759213,0.491455078125,0.51220703125,0.491455078125,0.51220703125,0.9890976262707148,0.50537109375,0.5322265625,0.50537109375,0.5322265625,0.9865717452580314,0.50048828125,0.548828125,0.50048828125,0.548828125,0.0077555367808475675,0.52783203125,0.54833984375,0.52783203125,0.54833984375,0.991118324899153,0.4921875,0.62451171875,0.4921875,0.62451171875,WOW,0.16948696343411251,0.0017003787948130658,0.12736746969812743,0.2220411609755722,0.4794040270973747
WOW__TEST__STEGO__7778.pgm,7778.pgm,WOW,1,${BOSSBASE_ROOT}\stego\WOW\0.4bpp\stego\7778.pgm,0.9908743626108194,0.491455078125,0.51220703125,0.491455078125,0.51220703125,0.9934865014403319,0.50537109375,0.5322265625,0.50537109375,0.5322265625,0.9918437513730266,0.50048828125,0.548828125,0.50048828125,0.548828125,0.005911068856243796,0.52783203125,0.54833984375,0.52783203125,0.54833984375,0.9882221573114803,0.4921875,0.62451171875,0.4921875,0.62451171875,WOW,0.17067569124810145,0.001667671594682297,0.125454411884704,0.2233077895617853,0.4788944357107271
WOW__TEST__STEGO__6339.pgm,6339.pgm,WOW,1,${BOSSBASE_ROOT}\stego\WOW\0.4bpp\stego\6339.pgm,0.4799911598415775,0.491455078125,0.51220703125,0.491455078125,0.51220703125,0.5753494347494654,0.50537109375,0.5322265625,0.50537109375,0.5322265625,0.4629889634708145,0.50048828125,0.548828125,0.50048828125,0.548828125,0.3455468255389751,0.52783203125,0.54833984375,0.52783203125,0.54833984375,0.5313309662327549,0.4921875,0.62451171875,0.4921875,0.62451171875,S-UNIWARD,0.17442891958589116,0.09815999423149342,0.21359857210609326,0.33124191838538053,0.18257059569114165
WOW__TEST__STEGO__7390.pgm,7390.pgm,WOW,1,${BOSSBASE_ROOT}\stego\WOW\0.4bpp\stego\7390.pgm,0.9920002454916221,0.491455078125,0.51220703125,0.491455078125,0.51220703125,0.9952816307449724,0.50537109375,0.5322265625,0.50537109375,0.5322265625,0.9923341253113541,0.50048828125,0.548828125,0.50048828125,0.548828125,0.9940889311437562,0.52783203125,0.54833984375,0.52783203125,0.54833984375,0.9893885786697612,0.4921875,0.62451171875,0.4921875,0.62451171875,WOW,0.1061969139468821,0.16514283029969587,0.13009115249768888,0.20448945775704566,0.3940796454986874
WOW__TEST__STEGO__2554.pgm,2554.pgm,WOW,1,${BOSSBASE_ROOT}\stego\WOW\0.4bpp\stego\2554.pgm,0.9893885786697612,0.491455078125,0.51220703125,0.491455078125,0.51220703125,0.9916195466489739,0.50537109375,0.5322265625,0.50537109375,0.5322265625,0.9897513980768414,0.50048828125,0.548828125,0.50048828125,0.548828125,0.008677716704989246,0.52783203125,0.54833984375,0.52783203125,0.54833984375,0.9902538959474461,0.4921875,0.62451171875,0.4921875,0.62451171875,WOW,0.17060243720444768,0.0017033556218761514,0.12689798513876435,0.22313952778471632,0.4776566942501956
WOW__TEST__STEGO__8226.pgm,8226.pgm,WOW,1,${BOSSBASE_ROOT}\stego\WOW\0.4bpp\stego\8226.pgm,0.4973392737730075,0.491455078125,0.51220703125,0.491455078125,0.51220703125,0.5010318741454108,0.50537109375,0.5322265625,0.50537109375,0.5322265625,0.49878025296894996,0.50048828125,0.548828125,0.50048828125,0.548828125,0.49967145924528117,0.52783203125,0.54833984375,0.52783203125,0.54833984375,0.4948121978918772,0.4921875,0.62451171875,0.4921875,0.62451171875,S-UNIWARD,0.18701103040336756,0.18357710889708717,0.20488973887415363,0.2349845814113,0.18953754041409174
WOW__TEST__STEGO__7192.pgm,7192.pgm,WOW,1,${BOSSBASE_ROOT}\stego\WOW\0.4bpp\stego\7192.pgm,0.9898695883364156,0.491455078125,0.51220703125,0.491455078125,0.51220703125,0.9822877012965885,0.50537109375,0.5322265625,0.50537109375,0.5322265625,0.059866418571925165,0.50048828125,0.548828125,0.50048828125,0.548828125,0.7786493120021721,0.52783203125,0.54833984375,0.52783203125,0.54833984375,0.05232762684639323,0.4921875,0.62451171875,0.4921875,0.62451171875,S-UNIWARD,0.004049267309575835,0.12305139068806596,0.0063928484859897645,0.5588517247501962,0.30765476876617226
WOW__TEST__STEGO__1184.pgm,1184.pgm,WOW,1,${BOSSBASE_ROOT}\stego\WOW\0.4bpp\stego\1184.pgm,0.5238314163614622,0.491455078125,0.51220703125,0.491455078125,0.51220703125,0.5129899351678294,0.50537109375,0.5322265625,0.50537109375,0.5322265625,0.5896572931442254,0.50048828125,0.548828125,0.50048828125,0.548828125,0.5381034702006227,0.52783203125,0.54833984375,0.52783203125,0.54833984375,0.5713481066445655,0.4921875,0.62451171875,0.4921875,0.62451171875,MiPOD,0.2169824959413758,0.17289114035008793,0.22633881815813142,0.19433468970650408,0.18945285584390084
WOW__TEST__STEGO__6029.pgm,6029.pgm,WOW,1,${BOSSBASE_ROOT}\stego\WOW\0.4bpp\stego\6029.pgm,0.9224823435231172,0.491455078125,0.51220703125,0.491455078125,0.51220703125,0.7099249404509319,0.50537109375,0.5322265625,0.50537109375,0.5322265625,0.5340050425503021,0.50048828125,0.548828125,0.50048828125,0.548828125,0.3093365838297051,0.52783203125,0.54833984375,0.52783203125,0.54833984375,0.5157113785843923,0.4921875,0.62451171875,0.4921875,0.62451171875,WOW,0.07360016984905499,0.019936506847393592,0.07184910478320371,0.24598121187717856,0.5886330066431692
WOW__TEST__STEGO__8459.pgm,8459.pgm,WOW,1,${BOSSBASE_ROOT}\stego\WOW\0.4bpp\stego\8459.pgm,0.9910492885631179,0.491455078125,0.51220703125,0.491455078125,0.51220703125,0.9949592968881543,0.50537109375,0.5322265625,0.50537109375,0.5322265625,0.9912886155422945,0.50048828125,0.548828125,0.50048828125,0.548828125,0.006168994922681433,0.52783203125,0.54833984375,0.52783203125,0.54833984375,0.9546474194456936,0.4921875,0.62451171875,0.4921875,0.62451171875,WOW,0.17026406563125862,0.0016870358230786492,0.11577230939673797,0.22818052191864616,0.48409606723027876
WOW__TEST__STEGO__2013.pgm,2013.pgm,WOW,1,${BOSSBASE_ROOT}\stego\WOW\0.4bpp\stego\2013.pgm,0.8456877265587688,0.491455078125,0.51220703125,0.491455078125,0.51220703125,0.5325770759946598,0.50537109375,0.5322265625,0.50537109375,0.5322265625,0.9981397014271043,0.50048828125,0.548828125,0.50048828125,0.548828125,0.9990673639986946,0.52783203125,0.54833984375,0.52783203125,0.54833984375,0.017309095753668163,0.4921875,0.62451171875,0.4921875,0.62451171875,WOW,0.22547670663763314,0.31370221114850466,0.026103100801456086,0.06979782679205064,0.3649201546203555
WOW__TEST__STEGO__6462.pgm,6462.pgm,WOW,1,${BOSSBASE_ROOT}\stego\WOW\0.4bpp\stego\6462.pgm,0.9922444632191525,0.491455078125,0.51220703125,0.491455078125,0.51220703125,0.9951136252099114,0.50537109375,0.5322265625,0.50537109375,0.5322265625,0.9897116988662837,0.50048828125,0.548828125,0.50048828125,0.548828125,0.9903663476405535,0.52783203125,0.54833984375,0.52783203125,0.54833984375,0.9916195466489739,0.4921875,0.62451171875,0.4921875,0.62451171875,WOW,0.10572421222236074,0.16288639778398065,0.13089977235455796,0.20526281291610446,0.3952268047229961
WOW__TEST__STEGO__7314.pgm,7314.pgm,WOW,1,${BOSSBASE_ROOT}\stego\WOW\0.4bpp\stego\7314.pgm,0.9891815513471369,0.491455078125,0.51220703125,0.491455078125,0.51220703125,0.9928231180543431,0.50537109375,0.5322265625,0.50537109375,0.5322265625,0.9933330680687192,0.50048828125,0.548828125,0.50048828125,0.548828125,0.018725162468302196,0.52783203125,0.54833984375,0.52783203125,0.54833984375,0.9908743626108194,0.4921875,0.62451171875,0.4921875,0.62451171875,WOW,0.17158132466685705,0.0017797322423760793,0.12721578815642307,0.22299959315772835,0.47642356177661543
WOW__TEST__STEGO__8854.pgm,8854.pgm,WOW,1,${BOSSBASE_ROOT}\stego\WOW\0.4bpp\stego\8854.pgm,0.9174506977359719,0.491455078125,0.51220703125,0.491455078125,0.51220703125,0.7256486280413706,0.50537109375,0.5322265625,0.50537109375,0.5322265625,0.5871739806477424,0.50048828125,0.548828125,0.50048828125,0.548828125,0.8824278664544911,0.52783203125,0.54833984375,0.52783203125,0.54833984375,0.69997272204759,0.4921875,0.62451171875,0.4921875,0.62451171875,WOW,0.0570351225916857,0.22870362280416848,0.10003112834782653,0.1871590430521589,0.42707108320416026
WOW__TEST__STEGO__6117.pgm,6117.pgm,WOW,1,${BOSSBASE_ROOT}\stego\WOW\0.4bpp\stego\6117.pgm,0.9907319866190857,0.491455078125,0.51220703125,0.491455078125,0.51220703125,0.12220858624671833,0.50537109375,0.5322265625,0.50537109375,0.5322265625,0.9923043528216078,0.50048828125,0.548828125,0.50048828125,0.548828125,0.927099726575378,0.52783203125,0.54833984375,0.52783203125,0.54833984375,0.991422514586288,0.4921875,0.62451171875,0.4921875,0.62451171875,WOW,0.229606122583254,0.09786841742232141,0.2566553208329395,0.007541634315303628,0.40832850484618144
WOW__TEST__STEGO__1602.pgm,1602.pgm,WOW,1,${BOSSBASE_ROOT}\stego\WOW\0.4bpp\stego\1602.pgm,0.8938665640830568,0.491455078125,0.51220703125,0.491455078125,0.51220703125,0.9100669877621353,0.50537109375,0.5322265625,0.50537109375,0.5322265625,0.3979384110732902,0.50048828125,0.548828125,0.50048828125,0.548828125,0.9433475746920261,0.52783203125,0.54833984375,0.52783203125,0.54833984375,0.9839091258071755,0.4921875,0.62451171875,0.4921875,0.62451171875,S-UNIWARD,0.020235664718971508,0.28024238489859665,0.1230167356944702,0.3141931732787634,0.2623120414091981
WOW__TEST__STEGO__9343.pgm,9343.pgm,WOW,1,${BOSSBASE_ROOT}\stego\WOW\0.4bpp\stego\9343.pgm,0.6647579792606675,0.491455078125,0.51220703125,0.491455078125,0.51220703125,0.25036253776641,0.50537109375,0.5322265625,0.50537109375,0.5322265625,0.1796744476266455,0.50048828125,0.548828125,0.50048828125,0.548828125,0.896975571673783,0.52783203125,0.54833984375,0.52783203125,0.54833984375,0.5998368004635455,0.4921875,0.62451171875,0.4921875,0.62451171875,HUGO,0.03310129915784415,0.5905815305357086,0.1369621980707754,0.06294742417321005,0.1764075480624618
WOW__TEST__STEGO__2783.pgm,2783.pgm,WOW,1,${BOSSBASE_ROOT}\stego\WOW\0.4bpp\stego\2783.pgm,0.4423654712835916,0.491455078125,0.51220703125,0.491455078125,0.51220703125,0.5788648517750757,0.50537109375,0.5322265625,0.50537109375,0.5322265625,0.46778759769128675,0.50048828125,0.548828125,0.50048828125,0.548828125,0.5339442892002618,0.52783203125,0.54833984375,0.52783203125,0.54833984375,0.6022370519491621,0.4921875,0.62451171875,0.4921875,0.62451171875,S-UNIWARD,0.1455126347339967,0.215239924048175,0.22899725385488726,0.2806921873531042,0.129558000009837
WOW__TEST__STEGO__5445.pgm,5445.pgm,WOW,1,${BOSSBASE_ROOT}\stego\WOW\0.4bpp\stego\5445.pgm,0.9908743626108194,0.491455078125,0.51220703125,0.491455078125,0.51220703125,0.74761595472359,0.50537109375,0.5322265625,0.50537109375,0.5322265625,0.8184467555636957,0.50048828125,0.548828125,0.50048828125,0.548828125,0.9566342012360932,0.52783203125,0.54833984375,0.52783203125,0.54833984375,0.783823038042297,0.4921875,0.62451171875,0.4921875,0.62451171875,WOW,0.09045952221460925,0.19178015984892066,0.1062699302605122,0.12582645711275123,0.48566393056320667
WOW__TEST__STEGO__250.pgm,250.pgm,WOW,1,${BOSSBASE_ROOT}\stego\WOW\0.4bpp\stego\250.pgm,0.24364243753740636,0.491455078125,0.51220703125,0.491455078125,0.51220703125,0.4376432333450806,0.50537109375,0.5322265625,0.50537109375,0.5322265625,0.7647159477410339,0.50048828125,0.548828125,0.50048828125,0.548828125,0.10539454821778768,0.52783203125,0.54833984375,0.52783203125,0.54833984375,0.8594279560667432,0.4921875,0.62451171875,0.4921875,0.62451171875,MiPOD,0.4277592885637208,0.019816931267824335,0.42811802723556164,0.08095786380393025,0.043347889128962876
WOW__TEST__STEGO__4579.pgm,4579.pgm,WOW,1,${BOSSBASE_ROOT}\stego\WOW\0.4bpp\stego\4579.pgm,0.12074951335426835,0.491455078125,0.51220703125,0.491455078125,0.51220703125,0.47900100676755963,0.50537109375,0.5322265625,0.50537109375,0.5322265625,0.6321621952556504,0.50048828125,0.548828125,0.50048828125,0.548828125,0.8687154404337947,0.52783203125,0.54833984375,0.52783203125,0.54833984375,0.6630146910265695,0.4921875,0.62451171875,0.4921875,0.62451171875,HUGO,0.1255801548698388,0.6223957476531101,0.16857025372644752,0.06927559856703763,0.014178245183565962
WOW__TEST__STEGO__2118.pgm,2118.pgm,WOW,1,${BOSSBASE_ROOT}\stego\WOW\0.4bpp\stego\2118.pgm,0.9867771782476948,0.491455078125,0.51220703125,0.491455078125,0.51220703125,0.9410069702643621,0.50537109375,0.5322265625,0.50537109375,0.5322265625,0.9802808718926534,0.50048828125,0.548828125,0.50048828125,0.548828125,0.4618661895931782,0.52783203125,0.54833984375,0.52783203125,0.54833984375,0.9710742821322725,0.4921875,0.62451171875,0.4921875,0.62451171875,WOW,0.15564952719642364,0.015767400210443396,0.14291719719380283,0.20104053472275388,0.48462534067657637
WOW__TEST__STEGO__3922.pgm,3922.pgm,WOW,1,${BOSSBASE_ROOT}\stego\WOW\0.4bpp\stego\3922.pgm,0.49089913757108233,0.491455078125,0.51220703125,0.491455078125,0.51220703125,0.49110506450972524,0.50537109375,0.5322265625,0.50537109375,0.5322265625,0.5079033944026038,0.50048828125,0.548828125,0.50048828125,0.548828125,0.5010175690907503,0.52783203125,0.54833984375,0.52783203125,0.54833984375,0.49677853273616773,0.4921875,0.62451171875,0.4921875,0.62451171875,S-UNIWARD,0.19544407951974402,0.18504465646026028,0.20969480875926277,0.224613924239252,0.18520253102148093
WOW__TEST__STEGO__6847.pgm,6847.pgm,WOW,1,${BOSSBASE_ROOT}\stego\WOW\0.4bpp\stego\6847.pgm,0.5217453076878262,0.491455078125,0.51220703125,0.491455078125,0.51220703125,0.49377092165800285,0.50537109375,0.5322265625,0.50537109375,0.5322265625,0.5315741407755985,0.50048828125,0.548828125,0.50048828125,0.548828125,0.6500230719240829,0.52783203125,0.54833984375,0.52783203125,0.54833984375,0.5165040119741713,0.4921875,0.62451171875,0.4921875,0.62451171875,HUGO,0.1635348543830101,0.2926717682467155,0.18616205351095555,0.18367832970425335,0.17395299415506552
WOW__TEST__STEGO__6532.pgm,6532.pgm,WOW,1,${BOSSBASE_ROOT}\stego\WOW\0.4bpp\stego\6532.pgm,0.9876162153627396,0.491455078125,0.51220703125,0.491455078125,0.51220703125,0.46037986986200374,0.50537109375,0.5322265625,0.50537109375,0.5322265625,0.5210446886820304,0.50048828125,0.548828125,0.50048828125,0.548828125,0.08494710334281273,0.52783203125,0.54833984375,0.52783203125,0.54833984375,0.6454552005947138,0.4921875,0.62451171875,0.4921875,0.62451171875,WOW,0.08539770352364578,0.005351580627470221,0.10316444257325594,0.08550375585526883,0.7205825174203592
WOW__TEST__STEGO__5599.pgm,5599.pgm,WOW,1,${BOSSBASE_ROOT}\stego\WOW\0.4bpp\stego\5599.pgm,0.9919691867837398,0.491455078125,0.51220703125,0.491455078125,0.51220703125,0.9911526449170697,0.50537109375,0.5322265625,0.50537109375,0.5322265625,0.992710922416408,0.50048828125,0.548828125,0.50048828125,0.548828125,0.985496420308618,0.52783203125,0.54833984375,0.52783203125,0.54833984375,0.9893062422638245,0.4921875,0.62451171875,0.4921875,0.62451171875,WOW,0.10797363044757079,0.15970139397161476,0.13148120548088124,0.20297375649443605,0.3978700136054971
WOW__TEST__STEGO__1376.pgm,1376.pgm,WOW,1,${BOSSBASE_ROOT}\stego\WOW\0.4bpp\stego\1376.pgm,0.9885803853543514,0.491455078125,0.51220703125,0.491455078125,0.51220703125,0.9955662347993564,0.50537109375,0.5322265625,0.50537109375,0.5322265625,0.992710922416408,0.50048828125,0.548828125,0.50048828125,0.548828125,0.021206120201989188,0.52783203125,0.54833984375,0.52783203125,0.54833984375,0.9938549079159148,0.4921875,0.62451171875,0.4921875,0.62451171875,WOW,0.17070203930381683,0.0018028468986142183,0.12786809718570918,0.225140764748555,0.47448625186330473
WOW__TEST__STEGO__9637.pgm,9637.pgm,WOW,1,${BOSSBASE_ROOT}\stego\WOW\0.4bpp\stego\9637.pgm,0.8364209886066573,0.491455078125,0.51220703125,0.491455078125,0.51220703125,0.09551807064795075,0.50537109375,0.5322265625,0.50537109375,0.5322265625,0.2986958953559069,0.50048828125,0.548828125,0.50048828125,0.548828125,0.015247590621499624,0.52783203125,0.54833984375,0.52783203125,0.54833984375,0.1347759174229568,0.4921875,0.62451171875,0.4921875,0.62451171875,WOW,0.11158843207793015,0.010795037013934533,0.06953087528216044,0.05975723666847417,0.7483284189575007
WOW__TEST__STEGO__5585.pgm,5585.pgm,WOW,1,${BOSSBASE_ROOT}\stego\WOW\0.4bpp\stego\5585.pgm,0.5138895530287186,0.491455078125,0.51220703125,0.491455078125,0.51220703125,0.060863446224891905,0.50537109375,0.5322265625,0.50537109375,0.5322265625,0.8034823745720369,0.50048828125,0.548828125,0.50048828125,0.548828125,0.024609928625961945,0.52783203125,0.54833984375,0.52783203125,0.54833984375,0.7446563401437933,0.4921875,0.62451171875,0.4921875,0.62451171875,HILL,0.515149160331708,0.007182302927526818,0.332657317714121,0.017153073031168548,0.12785814599547574
WOW__TEST__STEGO__3412.pgm,3412.pgm,WOW,1,${BOSSBASE_ROOT}\stego\WOW\0.4bpp\stego\3412.pgm,0.48089005048960637,0.491455078125,0.51220703125,0.491455078125,0.51220703125,0.5141716183373286,0.50537109375,0.5322265625,0.50537109375,0.5322265625,0.5223849286619741,0.50048828125,0.548828125,0.50048828125,0.548828125,0.5128603221315142,0.52783203125,0.54833984375,0.52783203125,0.54833984375,0.5160772194438559,0.4921875,0.62451171875,0.4921875,0.62451171875,S-UNIWARD,0.19488533916651826,0.19018272108528875,0.21181928453974536,0.23194702185122623,0.1711656333572214
WOW__TEST__STEGO__9884.pgm,9884.pgm,WOW,1,${BOSSBASE_ROOT}\stego\WOW\0.4bpp\stego\9884.pgm,0.9891396689867223,0.491455078125,0.51220703125,0.491455078125,0.51220703125,0.9930153500828657,0.50537109375,0.5322265625,0.50537109375,0.5322265625,0.9942025987455659,0.50048828125,0.548828125,0.50048828125,0.548828125,0.012722708199923246,0.52783203125,0.54833984375,0.52783203125,0.54833984375,0.9892648373909093,0.4921875,0.62451171875,0.4921875,0.62451171875,WOW,0.17228669740893646,0.0017278074441988119,0.12655428295155136,0.22291512033852665,0.47651609185678667
WOW__TEST__STEGO__3472.pgm,3472.pgm,WOW,1,${BOSSBASE_ROOT}\stego\WOW\0.4bpp\stego\3472.pgm,0.993096161928778,0.491455078125,0.51220703125,0.491455078125,0.51220703125,0.9926256346917622,0.50537109375,0.5322265625,0.50537109375,0.5322265625,0.9879462204837635,0.50048828125,0.548828125,0.50048828125,0.548828125,0.007317397471212289,0.52783203125,0.54833984375,0.52783203125,0.54833984375,0.9894702878753826,0.4921875,0.62451171875,0.4921875,0.62451171875,WOW,0.16804265851776126,0.001675081136987312,0.12532746845207815,0.2229727702807598,0.48198202161241344
WOW__TEST__STEGO__6437.pgm,6437.pgm,WOW,1,${BOSSBASE_ROOT}\stego\WOW\0.4bpp\stego\6437.pgm,0.6040486237801486,0.491455078125,0.51220703125,0.491455078125,0.51220703125,0.6381590537382538,0.50537109375,0.5322265625,0.50537109375,0.5322265625,0.5867596600196917,0.50048828125,0.548828125,0.50048828125,0.548828125,0.4496040781977616,0.52783203125,0.54833984375,0.52783203125,0.54833984375,0.621942826852334,0.4921875,0.62451171875,0.4921875,0.62451171875,S-UNIWARD,0.17629651619777012,0.09487718710143915,0.20211352337654398,0.2826591719291904,0.24405360139505633
WOW__TEST__STEGO__4777.pgm,4777.pgm,WOW,1,${BOSSBASE_ROOT}\stego\WOW\0.4bpp\stego\4777.pgm,0.5033149233535418,0.491455078125,0.51220703125,0.491455078125,0.51220703125,0.5058972484941041,0.50537109375,0.5322265625,0.50537109375,0.5322265625,0.5075639675826792,0.50048828125,0.548828125,0.50048828125,0.548828125,0.503921428383216,0.52783203125,0.54833984375,0.52783203125,0.54833984375,0.5056607688630532,0.4921875,0.62451171875,0.4921875,0.62451171875,S-UNIWARD,0.18794435717017535,0.1813100004916193,0.20676126185421864,0.23267059187508965,0.19131378860889706
WOW__TEST__STEGO__7856.pgm,7856.pgm,WOW,1,${BOSSBASE_ROOT}\stego\WOW\0.4bpp\stego\7856.pgm,0.9888849862785224,0.491455078125,0.51220703125,0.491455078125,0.51220703125,0.9870795269609209,0.50537109375,0.5322265625,0.50537109375,0.5322265625,0.9765800557141248,0.50048828125,0.548828125,0.50048828125,0.548828125,0.008478401934677453,0.52783203125,0.54833984375,0.52783203125,0.54833984375,0.07906798791391603,0.4921875,0.62451171875,0.4921875,0.62451171875,WOW,0.14589371548222757,0.001947463093890127,0.01294104609375073,0.29371184655667204,0.5455059287734596
WOW__TEST__STEGO__4211.pgm,4211.pgm,WOW,1,${BOSSBASE_ROOT}\stego\WOW\0.4bpp\stego\4211.pgm,0.48867991325110344,0.491455078125,0.51220703125,0.491455078125,0.51220703125,0.49175337240352923,0.50537109375,0.5322265625,0.50537109375,0.5322265625,0.5137828232977241,0.50048828125,0.548828125,0.50048828125,0.548828125,0.48387705165225187,0.52783203125,0.54833984375,0.52783203125,0.54833984375,0.4990091336823882,0.4921875,0.62451171875,0.4921875,0.62451171875,S-UNIWARD,0.20282709896694237,0.17202287381423326,0.21332728378413396,0.22595787482832855,0.18586486860636173
WOW__TEST__STEGO__9314.pgm,9314.pgm,WOW,1,${BOSSBASE_ROOT}\stego\WOW\0.4bpp\stego\9314.pgm,0.9932024684496267,0.491455078125,0.51220703125,0.491455078125,0.51220703125,0.9956516186780524,0.50537109375,0.5322265625,0.50537109375,0.5322265625,0.9881766051636294,0.50048828125,0.548828125,0.50048828125,0.548828125,0.12400069523126615,0.52783203125,0.54833984375,0.52783203125,0.54833984375,0.9893885786697612,0.4921875,0.62451171875,0.4921875,0.62451171875,WOW,0.1616725569278179,0.0029396744498223185,0.1279698169963246,0.2273310375281807,0.4800869140978546
WOW__TEST__STEGO__2685.pgm,2685.pgm,WOW,1,${BOSSBASE_ROOT}\stego\WOW\0.4bpp\stego\2685.pgm,0.9904035452676181,0.491455078125,0.51220703125,0.491455078125,0.51220703125,0.9987256737086126,0.50537109375,0.5322265625,0.50537109375,0.5322265625,0.9885362026220039,0.50048828125,0.548828125,0.50048828125,0.548828125,0.056444025048495376,0.52783203125,0.54833984375,0.52783203125,0.54833984375,0.9867771782476948,0.4921875,0.62451171875,0.4921875,0.62451171875,WOW,0.1655615302162003,0.002139314642466482,0.12567120508042273,0.22961646881246955,0.4770114812484409
WOW__TEST__STEGO__7981.pgm,7981.pgm,WOW,1,${BOSSBASE_ROOT}\stego\WOW\0.4bpp\stego\7981.pgm,0.991422514586288,0.491455078125,0.51220703125,0.491455078125,0.51220703125,0.99463594330938,0.50537109375,0.5322265625,0.50537109375,0.5322265625,0.9928231180543431,0.50048828125,0.548828125,0.50048828125,0.548828125,0.9913558220632764,0.52783203125,0.54833984375,0.52783203125,0.54833984375,0.9934865014403319,0.4921875,0.62451171875,0.4921875,0.62451171875,WOW,0.10686539130616478,0.163331448691041,0.13181540424052582,0.20408443133524018,0.39390332442702813
WOW__TEST__STEGO__286.pgm,286.pgm,WOW,1,${BOSSBASE_ROOT}\stego\WOW\0.4bpp\stego\286.pgm,0.49015935195295135,0.491455078125,0.51220703125,0.491455078125,0.51220703125,0.4903271347188723,0.50537109375,0.5322265625,0.50537109375,0.5322265625,0.4919516839880319,0.50048828125,0.548828125,0.50048828125,0.548828125,0.5055387138622452,0.52783203125,0.54833984375,0.52783203125,0.54833984375,0.48445630412770524,0.4921875,0.62451171875,0.4921875,0.62451171875,S-UNIWARD,0.18658392454367473,0.19368324922575478,0.2036827634783314,0.23035924337320676,0.18569081937903228
WOW__TEST__STEGO__4515.pgm,4515.pgm,WOW,1,${BOSSBASE_ROOT}\stego\WOW\0.4bpp\stego\4515.pgm,0.9922444632191525,0.491455078125,0.51220703125,0.491455078125,0.51220703125,0.9892648373909093,0.50537109375,0.5322265625,0.50537109375,0.5322265625,0.9905509186809447,0.50048828125,0.548828125,0.50048828125,0.548828125,0.9884026381763671,0.52783203125,0.54833984375,0.52783203125,0.54833984375,0.9901019362839765,0.4921875,0.62451171875,0.4921875,0.62451171875,WOW,0.10714464916913286,0.1618862188221869,0.13168574448460077,0.2017123544684018,0.3975710330556777
WOW__TEST__STEGO__3244.pgm,3244.pgm,WOW,1,${BOSSBASE_ROOT}\stego\WOW\0.4bpp\stego\3244.pgm,0.7267166229132782,0.491455078125,0.51220703125,0.491455078125,0.51220703125,0.5794599037413983,0.50537109375,0.5322265625,0.50537109375,0.5322265625,0.5989574542622662,0.50048828125,0.548828125,0.50048828125,0.548828125,0.5010147080796176,0.52783203125,0.54833984375,0.52783203125,0.54833984375,0.5454067804387477,0.4921875,0.62451171875,0.4921875,0.62451171875,WOW,0.16075559662637157,0.09168513304394128,0.15262593929116497,0.21086179653588843,0.3840715345026337
WOW__TEST__STEGO__1298.pgm,1298.pgm,WOW,1,${BOSSBASE_ROOT}\stego\WOW\0.4bpp\stego\1298.pgm,0.9912886155422945,0.491455078125,0.51220703125,0.491455078125,0.51220703125,0.9730876959261983,0.50537109375,0.5322265625,0.50537109375,0.5322265625,0.9815951096107584,0.50048828125,0.548828125,0.50048828125,0.548828125,0.012970386437368456,0.52783203125,0.54833984375,0.52783203125,0.54833984375,0.9465966702001757,0.4921875,0.62451171875,0.4921875,0.62451171875,WOW,0.17066126185583805,0.0017828861213126733,0.11718247080020723,0.21682535719954252,0.49354802402309955
WOW__TEST__STEGO__3938.pgm,3938.pgm,WOW,1,${BOSSBASE_ROOT}\stego\WOW\0.4bpp\stego\3938.pgm,0.4918982921558293,0.491455078125,0.51220703125,0.491455078125,0.51220703125,0.502363187359039,0.50537109375,0.5322265625,0.50537109375,0.5322265625,0.5036963743091974,0.50048828125,0.548828125,0.50048828125,0.548828125,0.49430108908688314,0.52783203125,0.54833984375,0.52783203125,0.54833984375,0.497673051467792,0.4921875,0.62451171875,0.4921875,0.62451171875,S-UNIWARD,0.19130369662823216,0.18003792127010923,0.20756072354277427,0.23528713068720727,0.18581052787167698
WOW__TEST__STEGO__4644.pgm,4644.pgm,WOW,1,${BOSSBASE_ROOT}\stego\WOW\0.4bpp\stego\4644.pgm,0.5034751332505301,0.491455078125,0.51220703125,0.491455078125,0.51220703125,0.5048216278771906,0.50537109375,0.5322265625,0.50537109375,0.5322265625,0.5081322173796736,0.50048828125,0.548828125,0.50048828125,0.548828125,0.5027408325320825,0.52783203125,0.54833984375,0.52783203125,0.54833984375,0.5067477897583025,0.4921875,0.62451171875,0.4921875,0.62451171875,S-UNIWARD,0.18872231289701516,0.1802478383743641,0.20768422326827146,0.23171189349267818,0.19163373196767122
WOW__TEST__STEGO__1455.pgm,1455.pgm,WOW,1,${BOSSBASE_ROOT}\stego\WOW\0.4bpp\stego\1455.pgm,0.8326452942108686,0.491455078125,0.51220703125,0.491455078125,0.51220703125,0.5966094282261376,0.50537109375,0.5322265625,0.50537109375,0.5322265625,0.3702253925955866,0.50048828125,0.548828125,0.50048828125,0.548828125,0.2653090254809762,0.52783203125,0.54833984375,0.52783203125,0.54833984375,0.363195039005093,0.4921875,0.62451171875,0.4921875,0.62451171875,WOW,0.0691834629242333,0.029324584221166235,0.07162467326283857,0.2759949471317844,0.5538723324599775
WOW__TEST__STEGO__1591.pgm,1591.pgm,WOW,1,${BOSSBASE_ROOT}\stego\WOW\0.4bpp\stego\1591.pgm,0.9915870224290223,0.491455078125,0.51220703125,0.491455078125,0.51220703125,0.993636426303936,0.50537109375,0.5322265625,0.50537109375,0.5322265625,0.03371653869288787,0.50048828125,0.548828125,0.50048828125,0.548828125,0.05686154864494638,0.52783203125,0.54833984375,0.52783203125,0.54833984375,0.9891396689867223,0.4921875,0.62451171875,0.4921875,0.62451171875,S-UNIWARD,0.006787665168901611,0.004459917899948475,0.07346497128141391,0.5576052870160741,0.35768215863366176
WOW__TEST__STEGO__2009.pgm,2009.pgm,WOW,1,${BOSSBASE_ROOT}\stego\WOW\0.4bpp\stego\2009.pgm,0.48265771622693043,0.491455078125,0.51220703125,0.491455078125,0.51220703125,0.5060460004651793,0.50537109375,0.5322265625,0.50537109375,0.5322265625,0.49924421367986876,0.50048828125,0.548828125,0.50048828125,0.548828125,0.5001404285393984,0.52783203125,0.54833984375,0.52783203125,0.54833984375,0.5044287477004729,0.4921875,0.62451171875,0.4921875,0.62451171875,S-UNIWARD,0.1876404549119881,0.1873148874964777,0.21006330667839868,0.23785680290425265,0.1771245480088828
WOW__TEST__STEGO__4303.pgm,4303.pgm,WOW,1,${BOSSBASE_ROOT}\stego\WOW\0.4bpp\stego\4303.pgm,0.7788175812005417,0.491455078125,0.51220703125,0.491455078125,0.51220703125,0.04958902298403175,0.50537109375,0.5322265625,0.50537109375,0.5322265625,0.5336405073814309,0.50048828125,0.548828125,0.50048828125,0.548828125,0.019087433820142514,0.52783203125,0.54833984375,0.52783203125,0.54833984375,0.46872982973260513,0.4921875,0.62451171875,0.4921875,0.62451171875,WOW,0.24631188313927835,0.00846975394356449,0.17594870249680156,0.032537973443200016,0.5367316869771556
WOW__TEST__STEGO__6158.pgm,6158.pgm,WOW,1,${BOSSBASE_ROOT}\stego\WOW\0.4bpp\stego\6158.pgm,0.9907677855954636,0.491455078125,0.51220703125,0.491455078125,0.51220703125,0.9496693674025232,0.50537109375,0.5322265625,0.50537109375,0.5322265625,0.9776285401622385,0.50048828125,0.548828125,0.50048828125,0.548828125,0.013171949881556448,0.52783203125,0.54833984375,0.52783203125,0.54833984375,0.9516839297321508,0.4921875,0.62451171875,0.4921875,0.62451171875,WOW,0.1745414423066739,0.0018070647885059631,0.12245310655273209,0.2018906216270386,0.49930776472504945
WOW__TEST__STEGO__1766.pgm,1766.pgm,WOW,1,${BOSSBASE_ROOT}\stego\WOW\0.4bpp\stego\1766.pgm,0.8787311222597683,0.491455078125,0.51220703125,0.491455078125,0.51220703125,0.8710367007098975,0.50537109375,0.5322265625,0.50537109375,0.5322265625,0.9542227274192233,0.50048828125,0.548828125,0.50048828125,0.548828125,0.9962051657799561,0.52783203125,0.54833984375,0.52783203125,0.54833984375,0.9574372713515003,0.4921875,0.62451171875,0.4921875,0.62451171875,WOW,0.13418773329479872,0.24105851194584807,0.16736585054974215,0.1627828837958201,0.294605020413791
WOW__TEST__STEGO__9865.pgm,9865.pgm,WOW,1,${BOSSBASE_ROOT}\stego\WOW\0.4bpp\stego\9865.pgm,0.9928231180543431,0.491455078125,0.51220703125,0.491455078125,0.51220703125,0.9911526449170697,0.50537109375,0.5322265625,0.50537109375,0.5322265625,0.9919691867837398,0.50048828125,0.548828125,0.50048828125,0.548828125,0.9360515793487681,0.52783203125,0.54833984375,0.52783203125,0.54833984375,0.9910145712474399,0.4921875,0.62451171875,0.4921875,0.62451171875,WOW,0.11299232476292069,0.1299066132821615,0.1349583180483255,0.2090197768466778,0.4131229670599144
WOW__TEST__STEGO__1283.pgm,1283.pgm,WOW,1,${BOSSBASE_ROOT}\stego\WOW\0.4bpp\stego\1283.pgm,0.5207552782517578,0.491455078125,0.51220703125,0.491455078125,0.51220703125,0.38641607610753936,0.50537109375,0.5322265625,0.50537109375,0.5322265625,0.5411966781496806,0.50048828125,0.548828125,0.50048828125,0.548828125,0.4975433547293766,0.52783203125,0.54833984375,0.52783203125,0.54833984375,0.5394988239629385,0.4921875,0.62451171875,0.4921875,0.62451171875,MiPOD,0.2337146568082385,0.16268373896748978,0.2509676621782282,0.14294080133791026,0.2096931407081333
WOW__TEST__STEGO__7933.pgm,7933.pgm,WOW,1,${BOSSBASE_ROOT}\stego\WOW\0.4bpp\stego\7933.pgm,0.9926256346917622,0.491455078125,0.51220703125,0.491455078125,0.51220703125,0.9711838031967466,0.50537109375,0.5322265625,0.50537109375,0.5322265625,0.9919380084717284,0.50048828125,0.548828125,0.50048828125,0.548828125,0.9312127108687195,0.52783203125,0.54833984375,0.52783203125,0.54833984375,0.9895513745548833,0.4921875,0.62451171875,0.4921875,0.62451171875,WOW,0.11683514807371088,0.12829953914114087,0.13853275808186885,0.1967977541181375,0.419534800585142
WOW__TEST__STEGO__2204.pgm,2204.pgm,WOW,1,${BOSSBASE_ROOT}\stego\WOW\0.4bpp\stego\2204.pgm,0.9886243997611625,0.491455078125,0.51220703125,0.491455078125,0.51220703125,0.9904406006529085,0.50537109375,0.5322265625,0.50537109375,0.5322265625,0.9880849780328519,0.50048828125,0.548828125,0.50048828125,0.548828125,0.9488225055941706,0.52783203125,0.54833984375,0.52783203125,0.54833984375,0.9868280501184434,0.4921875,0.62451171875,0.4921875,0.62451171875,WOW,0.11137455923483394,0.13950508231832146,0.1339902878420062,0.20971040048276815,0.4054196701220703
WOW__TEST__STEGO__4718.pgm,4718.pgm,WOW,1,${BOSSBASE_ROOT}\stego\WOW\0.4bpp\stego\4718.pgm,0.04401864986294638,0.491455078125,0.51220703125,0.491455078125,0.51220703125,0.017986209962091555,0.50537109375,0.5322265625,0.50537109375,0.5322265625,0.28318631050646725,0.50048828125,0.548828125,0.50048828125,0.548828125,0.018124720744468643,0.52783203125,0.54833984375,0.52783203125,0.54833984375,0.1326268549355219,0.4921875,0.62451171875,0.4921875,0.62451171875,HILL,0.45056307596250156,0.08931200642395537,0.28185457042386536,0.11443088515947032,0.06383946203020727
WOW__TEST__STEGO__7213.pgm,7213.pgm,WOW,1,${BOSSBASE_ROOT}\stego\WOW\0.4bpp\stego\7213.pgm,0.9913222832950107,0.491455078125,0.51220703125,0.491455078125,0.51220703125,0.9923341253113541,0.50537109375,0.5322265625,0.50537109375,0.5322265625,0.9852145923076094,0.50048828125,0.548828125,0.50048828125,0.548828125,0.007489624898808396,0.52783203125,0.54833984375,0.52783203125,0.54833984375,0.9882221573114803,0.4921875,0.62451171875,0.4921875,0.62451171875,WOW,0.16757701552438883,0.0016935997995526913,0.12555958286809465,0.22458584006024804,0.48058396174771584
WOW__TEST__STEGO__510.pgm,510.pgm,WOW,1,${BOSSBASE_ROOT}\stego\WOW\0.4bpp\stego\510.pgm,0.9904035452676181,0.491455078125,0.51220703125,0.491455078125,0.51220703125,0.9577545043363116,0.50537109375,0.5322265625,0.50537109375,0.5322265625,0.6990490122818257,0.50048828125,0.548828125,0.50048828125,0.548828125,0.014728613849722676,0.52783203125,0.54833984375,0.52783203125,0.54833984375,0.9643885866370536,0.4921875,0.62451171875,0.4921875,0.62451171875,WOW,0.07547891384295126,0.0024966294291817923,0.11846860801119231,0.29871280032752007,0.5048430483891546
WOW__TEST__STEGO__9456.pgm,9456.pgm,WOW,1,${BOSSBASE_ROOT}\stego\WOW\0.4bpp\stego\9456.pgm,0.9879462204837635,0.491455078125,0.51220703125,0.491455078125,0.51220703125,0.9707987097542187,0.50537109375,0.5322265625,0.50537109375,0.5322265625,0.9308364354644565,0.50048828125,0.548828125,0.50048828125,0.548828125,0.060529390202538995,0.52783203125,0.54833984375,0.52783203125,0.54833984375,0.9317114624722079,0.4921875,0.62451171875,0.4921875,0.62451171875,WOW,0.14769265737796636,0.002438515701980031,0.1154742482617943,0.2362805283768961,0.49811405028136313
WOW__TEST__STEGO__5975.pgm,5975.pgm,WOW,1,${BOSSBASE_ROOT}\stego\WOW\0.4bpp\stego\5975.pgm,0.9727273312024342,0.491455078125,0.51220703125,0.491455078125,0.51220703125,0.9268352785943768,0.50537109375,0.5322265625,0.50537109375,0.5322265625,0.7287483034031065,0.50048828125,0.548828125,0.50048828125,0.548828125,0.4901669783945003,0.52783203125,0.54833984375,0.52783203125,0.54833984375,0.8376199633332891,0.4921875,0.62451171875,0.4921875,0.62451171875,WOW,0.07715033878073659,0.026322955140765453,0.10514142106675013,0.29244777217265727,0.4989375128390905
WOW__TEST__STEGO__5818.pgm,5818.pgm,WOW,1,${BOSSBASE_ROOT}\stego\WOW\0.4bpp\stego\5818.pgm,0.9710193702585468,0.491455078125,0.51220703125,0.491455078125,0.51220703125,0.9739932150764022,0.50537109375,0.5322265625,0.50537109375,0.5322265625,0.9698425902673944,0.50048828125,0.548828125,0.50048828125,0.548828125,0.8933094060543487,0.52783203125,0.54833984375,0.52783203125,0.54833984375,0.9609517072737735,0.4921875,0.62451171875,0.4921875,0.62451171875,WOW,0.11789245937417585,0.12033070465958923,0.13610849810914924,0.21802835679839008,0.4076399810586955
WOW__TEST__STEGO__7702.pgm,7702.pgm,WOW,1,${BOSSBASE_ROOT}\stego\WOW\0.4bpp\stego\7702.pgm,0.9839708526340988,0.491455078125,0.51220703125,0.491455078125,0.51220703125,0.7839884653055251,0.50537109375,0.5322265625,0.50537109375,0.5322265625,0.8727817323315137,0.50048828125,0.548828125,0.50048828125,0.548828125,0.020645930739218447,0.52783203125,0.54833984375,0.52783203125,0.54833984375,0.37479069691957606,0.4921875,0.62451171875,0.4921875,0.62451171875,WOW,0.1598757875789401,0.002593340068418773,0.03785537577664811,0.17295774353057594,0.626717753045417
WOW__TEST__STEGO__4118.pgm,4118.pgm,WOW,1,${BOSSBASE_ROOT}\stego\WOW\0.4bpp\stego\4118.pgm,0.6024709617654932,0.491455078125,0.51220703125,0.491455078125,0.51220703125,0.5292025668449671,0.50537109375,0.5322265625,0.50537109375,0.5322265625,0.5112057039000365,0.50048828125,0.548828125,0.50048828125,0.548828125,0.42059959109501305,0.52783203125,0.54833984375,0.52783203125,0.54833984375,0.460258568380377,0.4921875,0.62451171875,0.4921875,0.62451171875,WOW,0.17884352277703516,0.10510678975204382,0.16843178754466923,0.2539083900645943,0.29370950986165745
WOW__TEST__STEGO__5825.pgm,5825.pgm,WOW,1,${BOSSBASE_ROOT}\stego\WOW\0.4bpp\stego\5825.pgm,0.9906599756149459,0.491455078125,0.51220703125,0.491455078125,0.51220703125,0.24598954712008753,0.50537109375,0.5322265625,0.50537109375,0.5322265625,0.9928231180543431,0.50048828125,0.548828125,0.50048828125,0.548828125,0.010818448652863185,0.52783203125,0.54833984375,0.52783203125,0.54833984375,0.9935117304033434,0.4921875,0.62451171875,0.4921875,0.62451171875,WOW,0.30561427774034106,0.0013492254128667847,0.21569079758575643,0.012479793735094218,0.4648659055259415
WOW__TEST__STEGO__958.pgm,958.pgm,WOW,1,${BOSSBASE_ROOT}\stego\WOW\0.4bpp\stego\958.pgm,0.3880381210735019,0.491455078125,0.51220703125,0.491455078125,0.51220703125,0.3821990884005121,0.50537109375,0.5322265625,0.50537109375,0.5322265625,0.5019445321274967,0.50048828125,0.548828125,0.50048828125,0.548828125,0.5183023658113205,0.52783203125,0.54833984375,0.52783203125,0.54833984375,0.4262618837848404,0.4921875,0.62451171875,0.4921875,0.62451171875,HUGO,0.23695319563243838,0.24970692681271645,0.21804677993923607,0.16506102041321857,0.13023207720239058
WOW__TEST__STEGO__4834.pgm,4834.pgm,WOW,1,${BOSSBASE_ROOT}\stego\WOW\0.4bpp\stego\4834.pgm,0.9761746325522288,0.491455078125,0.51220703125,0.491455078125,0.51220703125,0.8152324893520001,0.50537109375,0.5322265625,0.50537109375,0.5322265625,0.9392480969124417,0.50048828125,0.548828125,0.50048828125,0.548828125,0.021491764773672907,0.52783203125,0.54833984375,0.52783203125,0.54833984375,0.40697981592583365,0.4921875,0.62451171875,0.4921875,0.62451171875,WOW,0.1892658171116998,0.002422514627501095,0.040313384327703455,0.1746178292265364,0.5933804547065592
WOW__TEST__STEGO__1739.pgm,1739.pgm,WOW,1,${BOSSBASE_ROOT}\stego\WOW\0.4bpp\stego\1739.pgm,0.9931228923417693,0.491455078125,0.51220703125,0.491455078125,0.51220703125,0.8267117940706734,0.50537109375,0.5322265625,0.50537109375,0.5322265625,0.9434518650712325,0.50048828125,0.548828125,0.50048828125,0.548828125,0.013902058625059313,0.52783203125,0.54833984375,0.52783203125,0.54833984375,0.8236123187076703,0.4921875,0.62451171875,0.4921875,0.62451171875,WOW,0.18553254949153922,0.0020040764718967027,0.1047409591684552,0.14893650434764968,0.5587859105204592
WOW__TEST__STEGO__3678.pgm,3678.pgm,WOW,1,${BOSSBASE_ROOT}\stego\WOW\0.4bpp\stego\3678.pgm,0.9834704434423458,0.491455078125,0.51220703125,0.491455078125,0.51220703125,0.9219218348550491,0.50537109375,0.5322265625,0.50537109375,0.5322265625,0.982151261550011,0.50048828125,0.548828125,0.50048828125,0.548828125,0.07992552347565954,0.52783203125,0.54833984375,0.52783203125,0.54833984375,0.0005316132776684706,0.4921875,0.62451171875,0.4921875,0.62451171875,WOW,0.16194033901419638,0.002913510230188884,0.012120123506798884,0.24956018225153448,0.5734658449972813
WOW__TEST__STEGO__7806.pgm,7806.pgm,WOW,1,${BOSSBASE_ROOT}\stego\WOW\0.4bpp\stego\7806.pgm,0.9901401446964613,0.491455078125,0.51220703125,0.491455078125,0.51220703125,0.03796369520926448,0.50537109375,0.5322265625,0.50537109375,0.5322265625,0.9905874104123901,0.50048828125,0.548828125,0.50048828125,0.548828125,0.006718870000837655,0.52783203125,0.54833984375,0.52783203125,0.54833984375,0.9927391335017144,0.4921875,0.62451171875,0.4921875,0.62451171875,WOW,0.33280609557576146,0.001158324145305821,0.2319618892173818,0.005227254838338781,0.428846436223212
WOW__TEST__STEGO__3.pgm,3.pgm,WOW,1,${BOSSBASE_ROOT}\stego\WOW\0.4bpp\stego\3.pgm,0.4792294892713016,0.491455078125,0.51220703125,0.491455078125,0.51220703125,0.26779095917858514,0.50537109375,0.5322265625,0.50537109375,0.5322265625,0.6676895962849432,0.50048828125,0.548828125,0.50048828125,0.548828125,0.743912883406992,0.52783203125,0.54833984375,0.52783203125,0.54833984375,0.7986582931618891,0.4921875,0.62451171875,0.4921875,0.62451171875,MiPOD,0.22389259186834015,0.27920802722523574,0.35182753460628613,0.04401115637234388,0.10106068992779405
WOW__TEST__STEGO__7318.pgm,7318.pgm,WOW,1,${BOSSBASE_ROOT}\stego\WOW\0.4bpp\stego\7318.pgm,0.991118324899153,0.491455078125,0.51220703125,0.491455078125,0.51220703125,0.984810951192016,0.50537109375,0.5322265625,0.50537109375,0.5322265625,0.9928231180543431,0.50048828125,0.548828125,0.50048828125,0.548828125,0.004314687956362679,0.52783203125,0.54833984375,0.52783203125,0.54833984375,0.9722043774187549,0.4921875,0.62451171875,0.4921875,0.62451171875,WOW,0.17341793469528036,0.001664813541011399,0.12220691052388861,0.21845589442491942,0.4842544468149002
WOW__TEST__STEGO__2235.pgm,2235.pgm,WOW,1,${BOSSBASE_ROOT}\stego\WOW\0.4bpp\stego\2235.pgm,0.9894702878753826,0.491455078125,0.51220703125,0.491455078125,0.51220703125,0.9787126482065489,0.50537109375,0.5322265625,0.50537109375,0.5322265625,0.9596109312691483,0.50048828125,0.548828125,0.50048828125,0.548828125,0.046033902399240385,0.52783203125,0.54833984375,0.52783203125,0.54833984375,0.9570375284337568,0.4921875,0.62451171875,0.4921875,0.62451171875,WOW,0.15830902312394235,0.002156263567485396,0.1205188561483403,0.2285303250754554,0.4904855320847765
WOW__TEST__STEGO__1398.pgm,1398.pgm,WOW,1,${BOSSBASE_ROOT}\stego\WOW\0.4bpp\stego\1398.pgm,0.9121235618881309,0.491455078125,0.51220703125,0.491455078125,0.51220703125,0.5512415867167503,0.50537109375,0.5322265625,0.50537109375,0.5322265625,0.612483523052732,0.50048828125,0.548828125,0.50048828125,0.548828125,0.626352755201065,0.52783203125,0.54833984375,0.52783203125,0.54833984375,0.6819386290509806,0.4921875,0.62451171875,0.4921875,0.62451171875,WOW,0.10153965884211313,0.0823020532066991,0.13764072171820257,0.12131426921319352,0.5572032970197917
WOW__TEST__STEGO__932.pgm,932.pgm,WOW,1,${BOSSBASE_ROOT}\stego\WOW\0.4bpp\stego\932.pgm,0.2078571585285878,0.491455078125,0.51220703125,0.491455078125,0.51220703125,0.6082450689402438,0.50537109375,0.5322265625,0.50537109375,0.5322265625,0.44875841328324967,0.50048828125,0.548828125,0.50048828125,0.548828125,5.9673520701231884e-05,0.52783203125,0.54833984375,0.52783203125,0.54833984375,2.6769712448096372e-11,0.4921875,0.62451171875,0.4921875,0.62451171875,S-UNIWARD,0.2507107073722459,0.03885744606273476,0.07513712152741504,0.5559918862715248,0.07930283876607938
WOW__TEST__STEGO__6808.pgm,6808.pgm,WOW,1,${BOSSBASE_ROOT}\stego\WOW\0.4bpp\stego\6808.pgm,0.9926256346917622,0.491455078125,0.51220703125,0.491455078125,0.51220703125,0.9624619925347202,0.50537109375,0.5322265625,0.50537109375,0.5322265625,0.9421883900868302,0.50048828125,0.548828125,0.50048828125,0.548828125,0.6921219901341895,0.52783203125,0.54833984375,0.52783203125,0.54833984375,0.9558990874315896,0.4921875,0.62451171875,0.4921875,0.62451171875,WOW,0.12079723269865146,0.04770892864992057,0.13414742539617083,0.22400971299521513,0.47333670026004193
WOW__TEST__STEGO__1395.pgm,1395.pgm,WOW,1,${BOSSBASE_ROOT}\stego\WOW\0.4bpp\stego\1395.pgm,0.6599532604307196,0.491455078125,0.51220703125,0.491455078125,0.51220703125,0.5427724018376707,0.50537109375,0.5322265625,0.50537109375,0.5322265625,0.5000584423539362,0.50048828125,0.548828125,0.50048828125,0.548828125,0.002800926967120973,0.52783203125,0.54833984375,0.52783203125,0.54833984375,0.864996163487297,0.4921875,0.62451171875,0.4921875,0.62451171875,MiPOD,0.16417510043652123,0.0102395151840632,0.3371059283923502,0.19221556997371508,0.2962638860133504
WOW__TEST__STEGO__9933.pgm,9933.pgm,WOW,1,${BOSSBASE_ROOT}\stego\WOW\0.4bpp\stego\9933.pgm,0.9145963319978375,0.491455078125,0.51220703125,0.491455078125,0.51220703125,0.03767939123112169,0.50537109375,0.5322265625,0.50537109375,0.5322265625,0.027117656009307576,0.50048828125,0.548828125,0.50048828125,0.548828125,0.006050397688214567,0.52783203125,0.54833984375,0.52783203125,0.54833984375,0.000646203290719727,0.4921875,0.62451171875,0.4921875,0.62451171875,WOW,0.038777376218311836,0.009925531806850312,0.03714496988020275,0.056416833605787524,0.8577352884888475
WOW__TEST__STEGO__2880.pgm,2880.pgm,WOW,1,${BOSSBASE_ROOT}\stego\WOW\0.4bpp\stego\2880.pgm,0.4993739131385016,0.491455078125,0.51220703125,0.491455078125,0.51220703125,0.5223392438590707,0.50537109375,0.5322265625,0.50537109375,0.5322265625,0.5078576294067497,0.50048828125,0.548828125,0.50048828125,0.548828125,0.499458313200207,0.52783203125,0.54833984375,0.52783203125,0.54833984375,0.5142249810343604,0.4921875,0.62451171875,0.4921875,0.62451171875,S-UNIWARD,0.1847778701293368,0.1773878923877259,0.2070171010578679,0.24464804582438932,0.18616909060068013
WOW__TEST__STEGO__7890.pgm,7890.pgm,WOW,1,${BOSSBASE_ROOT}\stego\WOW\0.4bpp\stego\7890.pgm,0.9920002454916221,0.491455078125,0.51220703125,0.491455078125,0.51220703125,0.9945940999219731,0.50537109375,0.5322265625,0.50537109375,0.5322265625,0.9921841112107114,0.50048828125,0.548828125,0.50048828125,0.548828125,0.9909447358132779,0.52783203125,0.54833984375,0.52783203125,0.54833984375,0.9925682266657089,0.4921875,0.62451171875,0.4921875,0.62451171875,WOW,0.10659791563545651,0.16295428727992098,0.1314069227700628,0.20421114598705056,0.3948297283275091
WOW__TEST__STEGO__3431.pgm,3431.pgm,WOW,1,${BOSSBASE_ROOT}\stego\WOW\0.4bpp\stego\3431.pgm,0.5064502952098082,0.491455078125,0.51220703125,0.491455078125,0.51220703125,0.5070414655881149,0.50537109375,0.5322265625,0.50537109375,0.5322265625,0.4928212330811923,0.50048828125,0.548828125,0.50048828125,0.548828125,0.49700931301028695,0.52783203125,0.54833984375,0.52783203125,0.54833984375,0.5009326923996255,0.4921875,0.62451171875,0.4921875,0.62451171875,S-UNIWARD,0.18091583206751935,0.1789318676394465,0.20434564365544186,0.24018144949109954,0.1956252071464927
WOW__TEST__STEGO__6960.pgm,6960.pgm,WOW,1,${BOSSBASE_ROOT}\stego\WOW\0.4bpp\stego\6960.pgm,0.9904035452676181,0.491455078125,0.51220703125,0.491455078125,0.51220703125,0.9963071469612743,0.50537109375,0.5322265625,0.50537109375,0.5322265625,0.9916195466489739,0.50048828125,0.548828125,0.50048828125,0.548828125,0.010611421330238862,0.52783203125,0.54833984375,0.52783203125,0.54833984375,0.992988204618503,0.4921875,0.62451171875,0.4921875,0.62451171875,WOW,0.1697868486454035,0.0017048739749479511,0.12662879455097414,0.22516287758346845,0.476716605245206
WOW__TEST__STEGO__5955.pgm,5955.pgm,WOW,1,${BOSSBASE_ROOT}\stego\WOW\0.4bpp\stego\5955.pgm,0.9908034475769532,0.491455078125,0.51220703125,0.491455078125,0.51220703125,0.9923933278354767,0.50537109375,0.5322265625,0.50537109375,0.5322265625,0.9884473296647792,0.50048828125,0.548828125,0.50048828125,0.548828125,0.06584470058431105,0.52783203125,0.54833984375,0.52783203125,0.54833984375,0.9898303422461273,0.4921875,0.62451171875,0.4921875,0.62451171875,WOW,0.16638708999343424,0.0022389250451996406,0.12781021517081492,0.22474247435177858,0.4788212954387726
WOW__TEST__STEGO__6732.pgm,6732.pgm,WOW,1,${BOSSBASE_ROOT}\stego\WOW\0.4bpp\stego\6732.pgm,0.991118324899153,0.491455078125,0.51220703125,0.491455078125,0.51220703125,0.994998327750071,0.50537109375,0.5322265625,0.50537109375,0.5322265625,0.9923933278354767,0.50048828125,0.548828125,0.50048828125,0.548828125,0.00714910196654636,0.52783203125,0.54833984375,0.52783203125,0.54833984375,0.993096161928778,0.4921875,0.62451171875,0.4921875,0.62451171875,WOW,0.17034593013251784,0.0016714905594893234,0.126571167126789,0.22357675008596664,0.4778346620952373
WOW__TEST__STEGO__1425.pgm,1425.pgm,WOW,1,${BOSSBASE_ROOT}\stego\WOW\0.4bpp\stego\1425.pgm,0.985496420308618,0.491455078125,0.51220703125,0.491455078125,0.51220703125,0.9908389730779061,0.50537109375,0.5322265625,0.50537109375,0.5322265625,0.9801672891959912,0.50048828125,0.548828125,0.50048828125,0.548828125,0.6975059041053338,0.52783203125,0.54833984375,0.52783203125,0.54833984375,0.9888849862785224,0.4921875,0.62451171875,0.4921875,0.62451171875,WOW,0.13098680729887896,0.04680191614914603,0.1422020596477628,0.23147096963574978,0.4485382472684625
WOW__TEST__STEGO__9771.pgm,9771.pgm,WOW,1,${BOSSBASE_ROOT}\stego\WOW\0.4bpp\stego\9771.pgm,0.9921537607074791,0.491455078125,0.51220703125,0.491455078125,0.51220703125,0.28676808471574877,0.50537109375,0.5322265625,0.50537109375,0.5322265625,0.9546474194456936,0.50048828125,0.548828125,0.50048828125,0.548828125,0.9641868082445192,0.52783203125,0.54833984375,0.52783203125,0.54833984375,0.7142295667160549,0.4921875,0.62451171875,0.4921875,0.62451171875,WOW,0.19845453453039621,0.15366811877848802,0.13155751050211434,0.018808381457973047,0.4975114547310282
WOW__TEST__STEGO__7424.pgm,7424.pgm,WOW,1,${BOSSBASE_ROOT}\stego\WOW\0.4bpp\stego\7424.pgm,0.9431384513550537,0.491455078125,0.51220703125,0.491455078125,0.51220703125,0.05975658640044865,0.50537109375,0.5322265625,0.50537109375,0.5322265625,0.7786493120021721,0.50048828125,0.548828125,0.50048828125,0.548828125,0.15533456033332146,0.52783203125,0.54833984375,0.52783203125,0.54833984375,0.0483160702678493,0.4921875,0.62451171875,0.4921875,0.62451171875,WOW,0.2539169495481312,0.006229934190406107,0.03657787851341472,0.01704925903961513,0.6862259787084328
WOW__TEST__STEGO__5021.pgm,5021.pgm,WOW,1,${BOSSBASE_ROOT}\stego\WOW\0.4bpp\stego\5021.pgm,0.11961366366632263,0.491455078125,0.51220703125,0.491455078125,0.51220703125,0.9099070060380482,0.50537109375,0.5322265625,0.50537109375,0.5322265625,0.18300885002394832,0.50048828125,0.548828125,0.50048828125,0.548828125,0.011732463956348185,0.52783203125,0.54833984375,0.52783203125,0.54833984375,0.07369626970604846,0.4921875,0.62451171875,0.4921875,0.62451171875,S-UNIWARD,0.034399743620441264,0.024979773135544697,0.02631458664950473,0.8943061141227793,0.01999978247172994
WOW__TEST__STEGO__4233.pgm,4233.pgm,WOW,1,${BOSSBASE_ROOT}\stego\WOW\0.4bpp\stego\4233.pgm,0.3226326832135305,0.491455078125,0.51220703125,0.491455078125,0.51220703125,0.4886951642293872,0.50537109375,0.5322265625,0.50537109375,0.5322265625,0.5342784201165293,0.50048828125,0.548828125,0.50048828125,0.548828125,0.505557785000009,0.52783203125,0.54833984375,0.52783203125,0.54833984375,0.5355235438200266,0.4921875,0.62451171875,0.4921875,0.62451171875,MiPOD,0.22838118731511095,0.22849513909840902,0.24861258858913057,0.20720760970677873,0.08730347529057081
WOW__TEST__STEGO__8198.pgm,8198.pgm,WOW,1,${BOSSBASE_ROOT}\stego\WOW\0.4bpp\stego\8198.pgm,0.8951566359697456,0.491455078125,0.51220703125,0.491455078125,0.51220703125,0.06119922577327549,0.50537109375,0.5322265625,0.50537109375,0.5322265625,0.5879431053543276,0.50048828125,0.548828125,0.50048828125,0.548828125,0.9173026573249612,0.52783203125,0.54833984375,0.52783203125,0.54833984375,0.9192084564299287,0.4921875,0.62451171875,0.4921875,0.62451171875,WOW,0.10065793333841284,0.22465573778454784,0.2876536817995933,0.013796692179051351,0.37323595489839473
WOW__TEST__STEGO__425.pgm,425.pgm,WOW,1,${BOSSBASE_ROOT}\stego\WOW\0.4bpp\stego\425.pgm,0.9880849780328519,0.491455078125,0.51220703125,0.491455078125,0.51220703125,0.11299100844856738,0.50537109375,0.5322265625,0.50537109375,0.5322265625,0.9718325271427217,0.50048828125,0.548828125,0.50048828125,0.548828125,0.825870775925112,0.52783203125,0.54833984375,0.52783203125,0.54833984375,0.9836598719063984,0.4921875,0.62451171875,0.4921875,0.62451171875,WOW,0.23717628353913683,0.06506192683013978,0.261305566504497,0.007854740540833568,0.42860148258539277
WOW__TEST__STEGO__9050.pgm,9050.pgm,WOW,1,${BOSSBASE_ROOT}\stego\WOW\0.4bpp\stego\9050.pgm,0.5391045466514982,0.491455078125,0.51220703125,0.491455078125,0.51220703125,0.5399233750108465,0.50537109375,0.5322265625,0.50537109375,0.5322265625,0.5980187823666805,0.50048828125,0.548828125,0.50048828125,0.548828125,0.5900116824307609,0.52783203125,0.54833984375,0.52783203125,0.54833984375,0.595610168513853,0.4921875,0.62451171875,0.4921875,0.62451171875,MiPOD,0.19738080922934642,0.20011681662987962,0.2194115641811234,0.19674386955621753,0.18634694040343308
WOW__TEST__STEGO__8935.pgm,8935.pgm,WOW,1,${BOSSBASE_ROOT}\stego\WOW\0.4bpp\stego\8935.pgm,0.9837225390872865,0.491455078125,0.51220703125,0.491455078125,0.51220703125,0.8756807181474986,0.50537109375,0.5322265625,0.50537109375,0.5322265625,0.588120534843359,0.50048828125,0.548828125,0.50048828125,0.548828125,0.4479432311267539,0.52783203125,0.54833984375,0.52783203125,0.54833984375,0.009340024385054083,0.4921875,0.62451171875,0.4921875,0.62451171875,WOW,0.04518756375191336,0.025844729057818233,0.012429726272429763,0.3511151191266303,0.5654228617912083
WOW__TEST__STEGO__7177.pgm,7177.pgm,WOW,1,${BOSSBASE_ROOT}\stego\WOW\0.4bpp\stego\7177.pgm,0.9908743626108194,0.491455078125,0.51220703125,0.491455078125,0.51220703125,0.9964619139429115,0.50537109375,0.5322265625,0.50537109375,0.5322265625,0.9938070098421449,0.50048828125,0.548828125,0.50048828125,0.548828125,0.12973314184491747,0.52783203125,0.54833984375,0.52783203125,0.54833984375,0.9906960501316063,0.4921875,0.62451171875,0.4921875,0.62451171875,WOW,0.1646874480015953,0.0030212021096714895,0.12910932233863553,0.22694937338676416,0.47623265416333355
WOW__TEST__STEGO__6749.pgm,6749.pgm,WOW,1,${BOSSBASE_ROOT}\stego\WOW\0.4bpp\stego\6749.pgm,0.9699566305886773,0.491455078125,0.51220703125,0.491455078125,0.51220703125,0.8134607872557665,0.50537109375,0.5322265625,0.50537109375,0.5322265625,0.9678385537098225,0.50048828125,0.548828125,0.50048828125,0.548828125,0.8822250804291385,0.52783203125,0.54833984375,0.52783203125,0.54833984375,0.8862236206549613,0.4921875,0.62451171875,0.4921875,0.62451171875,WOW,0.14721490112339372,0.12268531641332821,0.140701241971948,0.13421095010316983,0.4551875903881602
WOW__TEST__STEGO__5400.pgm,5400.pgm,WOW,1,${BOSSBASE_ROOT}\stego\WOW\0.4bpp\stego\5400.pgm,0.36206647674670206,0.491455078125,0.51220703125,0.491455078125,0.51220703125,0.518881398033343,0.50537109375,0.5322265625,0.50537109375,0.5322265625,0.4131219500950008,0.50048828125,0.548828125,0.50048828125,0.548828125,0.012100385813544712,0.52783203125,0.54833984375,0.52783203125,0.54833984375,0.500473022319819,0.4921875,0.62451171875,0.4921875,0.62451171875,S-UNIWARD,0.2306116358702465,0.03039420511565999,0.2517117706679734,0.34802459845374006,0.13925778989238008
WOW__TEST__STEGO__6185.pgm,6185.pgm,WOW,1,${BOSSBASE_ROOT}\stego\WOW\0.4bpp\stego\6185.pgm,0.09877258875237437,0.491455078125,0.51220703125,0.491455078125,0.51220703125,0.04986590497979859,0.50537109375,0.5322265625,0.50537109375,0.5322265625,0.6237207254690718,0.50048828125,0.548828125,0.50048828125,0.548828125,0.08269734267503885,0.52783203125,0.54833984375,0.52783203125,0.54833984375,0.16653980946736802,0.4921875,0.62451171875,0.4921875,0.62451171875,HILL,0.6763639222806294,0.04481358144847941,0.18492304130313997,0.04800575153844599,0.04589370342930539
WOW__TEST__STEGO__1084.pgm,1084.pgm,WOW,1,${BOSSBASE_ROOT}\stego\WOW\0.4bpp\stego\1084.pgm,0.9919067101026269,0.491455078125,0.51220703125,0.491455078125,0.51220703125,0.6387226135534951,0.50537109375,0.5322265625,0.50537109375,0.5322265625,0.96036116089903,0.50048828125,0.548828125,0.50048828125,0.548828125,0.008315778477474129,0.52783203125,0.54833984375,0.52783203125,0.54833984375,0.969670743015721,0.4921875,0.62451171875,0.4921875,0.62451171875,WOW,0.22785585862267757,0.0017504841535746075,0.17078699512046414,0.06663603943415752,0.5329706226691261
WOW__TEST__STEGO__8030.pgm,8030.pgm,WOW,1,${BOSSBASE_ROOT}\stego\WOW\0.4bpp\stego\8030.pgm,0.9909447358132779,0.491455078125,0.51220703125,0.491455078125,0.51220703125,0.9905142868292047,0.50537109375,0.5322265625,0.50537109375,0.5322265625,0.9800912115412155,0.50048828125,0.548828125,0.50048828125,0.548828125,0.06348236212647843,0.52783203125,0.54833984375,0.52783203125,0.54833984375,0.9839708526340988,0.4921875,0.62451171875,0.4921875,0.62451171875,WOW,0.16311337243931653,0.0022429841402403687,0.12629626939209507,0.22679050549227042,0.48155686853607765
WOW__TEST__STEGO__6607.pgm,6607.pgm,WOW,1,${BOSSBASE_ROOT}\stego\WOW\0.4bpp\stego\6607.pgm,0.6984323069261458,0.491455078125,0.51220703125,0.491455078125,0.51220703125,0.45810626362947604,0.50537109375,0.5322265625,0.50537109375,0.5322265625,0.5660185351961015,0.50048828125,0.548828125,0.50048828125,0.548828125,0.5446803028002571,0.52783203125,0.54833984375,0.52783203125,0.54833984375,0.5672175679438427,0.4921875,0.62451171875,0.4921875,0.62451171875,WOW,0.17262874737308864,0.1261175006989379,0.19158287626889975,0.14738515953535772,0.36228571612371596
WOW__TEST__STEGO__1286.pgm,1286.pgm,WOW,1,${BOSSBASE_ROOT}\stego\WOW\0.4bpp\stego\1286.pgm,0.9930423911926235,0.491455078125,0.51220703125,0.491455078125,0.51220703125,0.8929365379204537,0.50537109375,0.5322265625,0.50537109375,0.5322265625,0.056444025048495376,0.50048828125,0.548828125,0.50048828125,0.548828125,0.00952248567033666,0.52783203125,0.54833984375,0.52783203125,0.54833984375,0.500077188014371,0.4921875,0.62451171875,0.4921875,0.62451171875,S-UNIWARD,0.008848516749411482,0.004230590532215851,0.027291686807436634,0.5026245823865069,0.4570046235244292
WOW__TEST__STEGO__6741.pgm,6741.pgm,WOW,1,${BOSSBASE_ROOT}\stego\WOW\0.4bpp\stego\6741.pgm,0.9001793324323768,0.491455078125,0.51220703125,0.491455078125,0.51220703125,0.24707795312525604,0.50537109375,0.5322265625,0.50537109375,0.5322265625,0.6409730239274649,0.50048828125,0.548828125,0.50048828125,0.548828125,0.0143370304240108,0.52783203125,0.54833984375,0.52783203125,0.54833984375,0.4798845202809394,0.4921875,0.62451171875,0.4921875,0.62451171875,WOW,0.19573486430277628,0.004672037382395272,0.1082978450360155,0.04333361649331089,0.6479616367855021
WOW__TEST__STEGO__7193.pgm,7193.pgm,WOW,1,${BOSSBASE_ROOT}\stego\WOW\0.4bpp\stego\7193.pgm,0.9744347860767304,0.491455078125,0.51220703125,0.491455078125,0.51220703125,0.9928785712542649,0.50537109375,0.5322265625,0.50537109375,0.5322265625,0.027690258369501623,0.50048828125,0.548828125,0.50048828125,0.548828125,0.21900325745915322,0.52783203125,0.54833984375,0.52783203125,0.54833984375,0.03161876726864548,0.4921875,0.62451171875,0.4921875,0.62451171875,S-UNIWARD,0.004853917822020941,0.009830279141928763,0.005980091962472743,0.6515773064232203,0.32775840465035727
WOW__TEST__STEGO__4047.pgm,4047.pgm,WOW,1,${BOSSBASE_ROOT}\stego\WOW\0.4bpp\stego\4047.pgm,0.4811795503656705,0.491455078125,0.51220703125,0.491455078125,0.51220703125,0.5073961584695571,0.50537109375,0.5322265625,0.50537109375,0.5322265625,0.5001888275056714,0.50048828125,0.548828125,0.50048828125,0.548828125,0.48389229459025357,0.52783203125,0.54833984375,0.52783203125,0.54833984375,0.4959984680030613,0.4921875,0.62451171875,0.4921875,0.62451171875,S-UNIWARD,0.19214426231510906,0.17667082585366073,0.20854665101312497,0.2432633023623627,0.1793749584557425
WOW__TEST__STEGO__1916.pgm,1916.pgm,WOW,1,${BOSSBASE_ROOT}\stego\WOW\0.4bpp\stego\1916.pgm,0.9920927084953715,0.491455078125,0.51220703125,0.491455078125,0.51220703125,0.9788343817940421,0.50537109375,0.5322265625,0.50537109375,0.5322265625,0.9583822022255619,0.50048828125,0.548828125,0.50048828125,0.548828125,0.013795364421185227,0.52783203125,0.54833984375,0.52783203125,0.54833984375,0.9852145923076094,0.4921875,0.62451171875,0.4921875,0.62451171875,WOW,0.1579521520554638,0.00181485604820123,0.1268918564599105,0.22410621696752508,0.4892349184688994
WOW__TEST__STEGO__7129.pgm,7129.pgm,WOW,1,${BOSSBASE_ROOT}\stego\WOW\0.4bpp\stego\7129.pgm,0.9917484014309144,0.491455078125,0.51220703125,0.491455078125,0.51220703125,0.9940428462362503,0.50537109375,0.5322265625,0.50537109375,0.5322265625,0.9803938171085806,0.50048828125,0.548828125,0.50048828125,0.548828125,0.0044337652006436815,0.52783203125,0.54833984375,0.52783203125,0.54833984375,0.9711290930537122,0.4921875,0.62451171875,0.4921875,0.62451171875,WOW,0.16506304972038985,0.0016852710460051362,0.1201867692830563,0.22912838256493784,0.483936527385611
WOW__TEST__STEGO__7869.pgm,7869.pgm,WOW,1,${BOSSBASE_ROOT}\stego\WOW\0.4bpp\stego\7869.pgm,0.9911526449170697,0.491455078125,0.51220703125,0.491455078125,0.51220703125,0.9932287900693889,0.50537109375,0.5322265625,0.50537109375,0.5322265625,0.9928508980334536,0.50048828125,0.548828125,0.50048828125,0.548828125,0.21239534653504913,0.52783203125,0.54833984375,0.52783203125,0.54833984375,0.9908034475769532,0.4921875,0.62451171875,0.4921875,0.62451171875,WOW,0.1607893326935529,0.004508890315193077,0.13189297005874104,0.22628977607410716,0.4765190308584059
WOW__TEST__STEGO__90.pgm,90.pgm,WOW,1,${BOSSBASE_ROOT}\stego\WOW\0.4bpp\stego\90.pgm,0.9929061381210885,0.491455078125,0.51220703125,0.491455078125,0.51220703125,0.9879462204837635,0.50537109375,0.5322265625,0.50537109375,0.5322265625,0.9936610782629057,0.50048828125,0.548828125,0.50048828125,0.548828125,0.941654159388319,0.52783203125,0.54833984375,0.52783203125,0.54833984375,0.9898695883364156,0.4921875,0.62451171875,0.4921875,0.62451171875,WOW,0.11350195244795525,0.13293119730914513,0.13492407614391275,0.2059232602299182,0.41271951386906885
WOW__TEST__STEGO__5878.pgm,5878.pgm,WOW,1,${BOSSBASE_ROOT}\stego\WOW\0.4bpp\stego\5878.pgm,0.9894295113796924,0.491455078125,0.51220703125,0.491455078125,0.51220703125,0.993255010457908,0.50537109375,0.5322265625,0.50537109375,0.5322265625,0.9934357507792255,0.50048828125,0.548828125,0.50048828125,0.548828125,0.9882675360436518,0.52783203125,0.54833984375,0.52783203125,0.54833984375,0.9933071490757153,0.4921875,0.62451171875,0.4921875,0.62451171875,WOW,0.10805228215017103,0.1621974229342011,0.1327616925072418,0.2040352809260491,0.392953321482337
WOW__TEST__STEGO__7008.pgm,7008.pgm,WOW,1,${BOSSBASE_ROOT}\stego\WOW\0.4bpp\stego\7008.pgm,0.8848377712685633,0.491455078125,0.51220703125,0.491455078125,0.51220703125,0.4599856572805548,0.50537109375,0.5322265625,0.50537109375,0.5322265625,3.769456046333922e-08,0.50048828125,0.548828125,0.50048828125,0.548828125,0.008251598569085517,0.52783203125,0.54833984375,0.52783203125,0.54833984375,3.244481391388708e-05,0.4921875,0.62451171875,0.4921875,0.62451171875,WOW,0.023119919955956875,0.01089599848263802,0.02456935373233917,0.263026926379518,0.6783878014495479
WOW__TEST__STEGO__7115.pgm,7115.pgm,WOW,1,${BOSSBASE_ROOT}\stego\WOW\0.4bpp\stego\7115.pgm,0.5790433915043833,0.491455078125,0.51220703125,0.491455078125,0.51220703125,0.3511997971581132,0.50537109375,0.5322265625,0.50537109375,0.5322265625,0.5415300741064153,0.50048828125,0.548828125,0.50048828125,0.548828125,0.5705108104332228,0.52783203125,0.54833984375,0.52783203125,0.54833984375,0.7581526713451106,0.4921875,0.62451171875,0.4921875,0.62451171875,MiPOD,0.18682942640992437,0.1626317822556867,0.3495923585096823,0.09374003503699828,0.2072063977877083
WOW__TEST__STEGO__1945.pgm,1945.pgm,WOW,1,${BOSSBASE_ROOT}\stego\WOW\0.4bpp\stego\1945.pgm,0.9577545043363116,0.491455078125,0.51220703125,0.491455078125,0.51220703125,0.7937461896031696,0.50537109375,0.5322265625,0.50537109375,0.5322265625,0.6816208222377966,0.50048828125,0.548828125,0.50048828125,0.548828125,0.06560483745906928,0.52783203125,0.54833984375,0.52783203125,0.54833984375,0.9452984873686288,0.4921875,0.62451171875,0.4921875,0.62451171875,WOW,0.0997905930680863,0.0039876811195293,0.1592238173654467,0.2009539682836958,0.5360439401632419
WOW__TEST__STEGO__4152.pgm,4152.pgm,WOW,1,${BOSSBASE_ROOT}\stego\WOW\0.4bpp\stego\4152.pgm,0.4915093001764805,0.491455078125,0.51220703125,0.491455078125,0.51220703125,0.3238076029965582,0.50537109375,0.5322265625,0.50537109375,0.5322265625,0.4960785716167841,0.50048828125,0.548828125,0.50048828125,0.548828125,0.4933284904480318,0.52783203125,0.54833984375,0.52783203125,0.54833984375,0.505328930295275,0.4921875,0.62451171875,0.4921875,0.62451171875,MiPOD,0.23161842859081308,0.18393452743936747,0.25795953913199393,0.12823059272783485,0.19825691210999058
WOW__TEST__STEGO__3250.pgm,3250.pgm,WOW,1,${BOSSBASE_ROOT}\stego\WOW\0.4bpp\stego\3250.pgm,0.6464602133340664,0.491455078125,0.51220703125,0.491455078125,0.51220703125,0.5230397026446325,0.50537109375,0.5322265625,0.50537109375,0.5322265625,0.5310877768088058,0.50048828125,0.548828125,0.50048828125,0.548828125,0.5044325620981978,0.52783203125,0.54833984375,0.52783203125,0.54833984375,0.5258406042238688,0.4921875,0.62451171875,0.4921875,0.62451171875,WOW,0.16429397505772864,0.1282793954199123,0.17884871440108185,0.2142462687550699,0.3143316463662073
WOW__TEST__STEGO__6646.pgm,6646.pgm,WOW,1,${BOSSBASE_ROOT}\stego\WOW\0.4bpp\stego\6646.pgm,0.9920927084953715,0.491455078125,0.51220703125,0.491455078125,0.51220703125,0.01646617504750254,0.50537109375,0.5322265625,0.50537109375,0.5322265625,0.9071478391683364,0.50048828125,0.548828125,0.50048828125,0.548828125,0.010489091259938018,0.52783203125,0.54833984375,0.52783203125,0.54833984375,0.9250947286452255,0.4921875,0.62451171875,0.4921875,0.62451171875,WOW,0.2893682369305109,0.0014376085792478608,0.21667428234239097,0.006081031332782681,0.48643884081506755
WOW__TEST__STEGO__4407.pgm,4407.pgm,WOW,1,${BOSSBASE_ROOT}\stego\WOW\0.4bpp\stego\4407.pgm,0.5118767328037064,0.491455078125,0.51220703125,0.491455078125,0.51220703125,0.5091466235538821,0.50537109375,0.5322265625,0.50537109375,0.5322265625,0.5318780878530489,0.50048828125,0.548828125,0.50048828125,0.548828125,0.49300048780907874,0.52783203125,0.54833984375,0.52783203125,0.54833984375,0.5161991625871891,0.4921875,0.62451171875,0.4921875,0.62451171875,S-UNIWARD,0.2008786312048288,0.1645934143703973,0.21072011709682414,0.226519906633542,0.19728793069440775
WOW__TEST__STEGO__3221.pgm,3221.pgm,WOW,1,${BOSSBASE_ROOT}\stego\WOW\0.4bpp\stego\3221.pgm,0.7579735664426586,0.491455078125,0.51220703125,0.491455078125,0.51220703125,0.6419836947437564,0.50537109375,0.5322265625,0.50537109375,0.5322265625,0.5796383743943843,0.50048828125,0.548828125,0.50048828125,0.548828125,0.6271523333613367,0.52783203125,0.54833984375,0.52783203125,0.54833984375,0.6096984682475268,0.4921875,0.62451171875,0.4921875,0.62451171875,WOW,0.11636621237529389,0.14043018289715087,0.14572344242784732,0.23027306353508395,0.367207098764624
WOW__TEST__STEGO__3038.pgm,3038.pgm,WOW,1,${BOSSBASE_ROOT}\stego\WOW\0.4bpp\stego\3038.pgm,0.5072245337894238,0.491455078125,0.51220703125,0.491455078125,0.51220703125,0.4860875764791109,0.50537109375,0.5322265625,0.50537109375,0.5322265625,0.5152616761648796,0.50048828125,0.548828125,0.50048828125,0.548828125,0.5397111066900013,0.52783203125,0.54833984375,0.52783203125,0.54833984375,0.5002216100547636,0.4921875,0.62451171875,0.4921875,0.62451171875,S-UNIWARD,0.18868636742430656,0.20693345680211875,0.20405736129162547,0.2099965941546085,0.1903262203273408
WOW__TEST__STEGO__2186.pgm,2186.pgm,WOW,1,${BOSSBASE_ROOT}\stego\WOW\0.4bpp\stego\2186.pgm,0.9935368622818452,0.491455078125,0.51220703125,0.491455078125,0.51220703125,0.9985506015921835,0.50537109375,0.5322265625,0.50537109375,0.5322265625,0.9731387971923422,0.50048828125,0.548828125,0.50048828125,0.548828125,0.9901401446964613,0.52783203125,0.54833984375,0.52783203125,0.54833984375,0.9832788562945579,0.4921875,0.62451171875,0.4921875,0.62451171875,WOW,0.0996942516940161,0.16504640610134433,0.12673707536837747,0.21209213415276557,0.3964301326834964
WOW__TEST__STEGO__8963.pgm,8963.pgm,WOW,1,${BOSSBASE_ROOT}\stego\WOW\0.4bpp\stego\8963.pgm,0.4996984005340154,0.491455078125,0.51220703125,0.491455078125,0.51220703125,0.5073275088044231,0.50537109375,0.5322265625,0.50537109375,0.5322265625,0.5021457540389548,0.50048828125,0.548828125,0.50048828125,0.548828125,0.5503052974801939,0.52783203125,0.54833984375,0.52783203125,0.54833984375,0.5024680890848662,0.4921875,0.62451171875,0.4921875,0.62451171875,S-UNIWARD,0.17471207644213815,0.21992064594201485,0.19832236593404592,0.2267133414099661,0.180331570271835
WOW__TEST__STEGO__5712.pgm,5712.pgm,WOW,1,${BOSSBASE_ROOT}\stego\WOW\0.4bpp\stego\5712.pgm,0.9889278398167658,0.491455078125,0.51220703125,0.491455078125,0.51220703125,0.4601372716063683,0.50537109375,0.5322265625,0.50537109375,0.5322265625,0.9834068220804095,0.50048828125,0.548828125,0.50048828125,0.548828125,0.01005236865796813,0.52783203125,0.54833984375,0.52783203125,0.54833984375,0.8604864257250425,0.4921875,0.62451171875,0.4921875,0.62451171875,WOW,0.279261043449958,0.0016726144331369343,0.14972766839318966,0.033880287144426764,0.5354583865792886
WOW__TEST__STEGO__5950.pgm,5950.pgm,WOW,1,${BOSSBASE_ROOT}\stego\WOW\0.4bpp\stego\5950.pgm,0.9913558220632764,0.491455078125,0.51220703125,0.491455078125,0.51220703125,0.9921537607074791,0.50537109375,0.5322265625,0.50537109375,0.5322265625,0.9934102283369194,0.50048828125,0.548828125,0.50048828125,0.548828125,0.00517971277035707,0.52783203125,0.54833984375,0.52783203125,0.54833984375,0.993255010457908,0.4921875,0.62451171875,0.4921875,0.62451171875,WOW,0.17151956745662902,0.0016535549744819203,0.1269782809505865,0.22104875152542577,0.47879984509287676
WOW__TEST__STEGO__5003.pgm,5003.pgm,WOW,1,${BOSSBASE_ROOT}\stego\WOW\0.4bpp\stego\5003.pgm,0.991118324899153,0.491455078125,0.51220703125,0.491455078125,0.51220703125,0.9958175058144085,0.50537109375,0.5322265625,0.50537109375,0.5322265625,0.9900635812940538,0.50048828125,0.548828125,0.50048828125,0.548828125,0.9920311850466846,0.52783203125,0.54833984375,0.52783203125,0.54833984375,0.9886682464686385,0.4921875,0.62451171875,0.4921875,0.62451171875,WOW,0.10578400931841317,0.1645622475104785,0.13004498074849102,0.20600068366787813,0.39360807875473924
WOW__TEST__STEGO__4455.pgm,4455.pgm,WOW,1,${BOSSBASE_ROOT}\stego\WOW\0.4bpp\stego\4455.pgm,0.9786311122448239,0.491455078125,0.51220703125,0.491455078125,0.51220703125,0.022715756324479135,0.50537109375,0.5322265625,0.50537109375,0.5322265625,0.9446893477840039,0.50048828125,0.548828125,0.50048828125,0.548828125,0.01757688326733593,0.52783203125,0.54833984375,0.52783203125,0.54833984375,0.983596967483837,0.4921875,0.62451171875,0.4921875,0.62451171875,WOW,0.31328844120544097,0.0013877368987229043,0.24371302787977733,0.005594006213831655,0.4360167878022271
WOW__TEST__STEGO__5210.pgm,5210.pgm,WOW,1,${BOSSBASE_ROOT}\stego\WOW\0.4bpp\stego\5210.pgm,0.47708210984251065,0.491455078125,0.51220703125,0.491455078125,0.51220703125,0.5180280701366408,0.50537109375,0.5322265625,0.50537109375,0.5322265625,0.5561585317565847,0.50048828125,0.548828125,0.50048828125,0.548828125,0.5341569215082524,0.52783203125,0.54833984375,0.52783203125,0.54833984375,0.5703911636279801,0.4921875,0.62451171875,0.4921875,0.62451171875,MiPOD,0.20483776601338488,0.19271338629371468,0.23316675487759225,0.21089592949733316,0.15838616331797506
WOW__TEST__STEGO__214.pgm,214.pgm,WOW,1,${BOSSBASE_ROOT}\stego\WOW\0.4bpp\stego\214.pgm,0.9426124653246067,0.491455078125,0.51220703125,0.491455078125,0.51220703125,0.39291903525855676,0.50537109375,0.5322265625,0.50537109375,0.5322265625,0.08108211382389392,0.50048828125,0.548828125,0.50048828125,0.548828125,0.011869121046339474,0.52783203125,0.54833984375,0.52783203125,0.54833984375,0.867373145064478,0.4921875,0.62451171875,0.4921875,0.62451171875,WOW,0.0288901493051558,0.006958349040639282,0.19190569464516535,0.12071771204664794,0.6515280949623916
WOW__TEST__STEGO__7484.pgm,7484.pgm,WOW,1,${BOSSBASE_ROOT}\stego\WOW\0.4bpp\stego\7484.pgm,0.4060373968844854,0.491455078125,0.51220703125,0.491455078125,0.51220703125,0.4692314317013222,0.50537109375,0.5322265625,0.50537109375,0.5322265625,0.5209380654198266,0.50048828125,0.548828125,0.50048828125,0.548828125,0.17398883103193594,0.52783203125,0.54833984375,0.52783203125,0.54833984375,0.7954992785477151,0.4921875,0.62451171875,0.4921875,0.62451171875,MiPOD,0.24076179473303883,0.039310071044644096,0.42568882875792374,0.17436454723762287,0.11987475822677049
WOW__TEST__STEGO__5047.pgm,5047.pgm,WOW,1,${BOSSBASE_ROOT}\stego\WOW\0.4bpp\stego\5047.pgm,0.9741412240872889,0.491455078125,0.51220703125,0.491455078125,0.51220703125,0.9765800557141248,0.50537109375,0.5322265625,0.50537109375,0.5322265625,0.26378900655783316,0.50048828125,0.548828125,0.50048828125,0.548828125,0.4303268894580632,0.52783203125,0.54833984375,0.52783203125,0.54833984375,0.9665370653480092,0.4921875,0.62451171875,0.4921875,0.62451171875,S-UNIWARD,0.014632274152867018,0.025412423187382294,0.09585735230175692,0.476763083295264,0.38733486706272974
WOW__TEST__STEGO__4525.pgm,4525.pgm,WOW,1,${BOSSBASE_ROOT}\stego\WOW\0.4bpp\stego\4525.pgm,0.9905874104123901,0.491455078125,0.51220703125,0.491455078125,0.51220703125,0.9890976262707148,0.50537109375,0.5322265625,0.50537109375,0.5322265625,0.9846936454393053,0.50048828125,0.548828125,0.50048828125,0.548828125,0.007907291504628555,0.52783203125,0.54833984375,0.52783203125,0.54833984375,0.9862046355788149,0.4921875,0.62451171875,0.4921875,0.62451171875,WOW,0.16842165415036434,0.001705490491060993,0.12576615333735366,0.22299506000536978,0.4811116420158514
WOW__TEST__STEGO__8143.pgm,8143.pgm,WOW,1,${BOSSBASE_ROOT}\stego\WOW\0.4bpp\stego\8143.pgm,0.9922744656025764,0.491455078125,0.51220703125,0.491455078125,0.51220703125,0.009821792919693043,0.50537109375,0.5322265625,0.50537109375,0.5322265625,0.9887119261007691,0.50048828125,0.548828125,0.50048828125,0.548828125,0.012479699745327848,0.52783203125,0.54833984375,0.52783203125,0.54833984375,0.9900635812940538,0.4921875,0.62451171875,0.4921875,0.62451171875,WOW,0.3336453010597643,0.0011675256094541605,0.2325263709338231,0.004658654279333675,0.4280021481176247
WOW__TEST__STEGO__8685.pgm,8685.pgm,WOW,1,${BOSSBASE_ROOT}\stego\WOW\0.4bpp\stego\8685.pgm,0.9691494910279633,0.491455078125,0.51220703125,0.491455078125,0.51220703125,0.5977840017884547,0.50537109375,0.5322265625,0.50537109375,0.5322265625,0.9087799382901209,0.50048828125,0.548828125,0.50048828125,0.548828125,0.6564380628568284,0.52783203125,0.54833984375,0.52783203125,0.54833984375,0.6286354183147999,0.4921875,0.62451171875,0.4921875,0.62451171875,WOW,0.18572405619918136,0.05249207362295989,0.0994833972888627,0.08238279727384741,0.5799176756151486
WOW__TEST__STEGO__5087.pgm,5087.pgm,WOW,1,${BOSSBASE_ROOT}\stego\WOW\0.4bpp\stego\5087.pgm,0.9899864293768268,0.491455078125,0.51220703125,0.491455078125,0.51220703125,0.9885362026220039,0.50537109375,0.5322265625,0.50537109375,0.5322265625,0.8512122384507991,0.50048828125,0.548828125,0.50048828125,0.548828125,0.0060739344408862455,0.52783203125,0.54833984375,0.52783203125,0.54833984375,0.023153411092838465,0.4921875,0.62451171875,0.4921875,0.62451171875,WOW,0.09721791610113473,0.002181924518240641,0.010685273289206059,0.3460040519843175,0.543910834107101
WOW__TEST__STEGO__4643.pgm,4643.pgm,WOW,1,${BOSSBASE_ROOT}\stego\WOW\0.4bpp\stego\4643.pgm,0.5517246911427721,0.491455078125,0.51220703125,0.491455078125,0.51220703125,0.46529636687661247,0.50537109375,0.5322265625,0.50537109375,0.5322265625,0.4646890073631879,0.50048828125,0.548828125,0.50048828125,0.548828125,0.49818325842230454,0.52783203125,0.54833984375,0.52783203125,0.54833984375,0.4677572068976017,0.4921875,0.62451171875,0.4921875,0.62451171875,WOW,0.1700715960498909,0.17576637543245036,0.19185745065153054,0.21878374078985904,0.24352083707626912
WOW__TEST__STEGO__482.pgm,482.pgm,WOW,1,${BOSSBASE_ROOT}\stego\WOW\0.4bpp\stego\482.pgm,0.9180404503793634,0.491455078125,0.51220703125,0.491455078125,0.51220703125,0.24436300507078523,0.50537109375,0.5322265625,0.50537109375,0.5322265625,0.5828472433792979,0.50048828125,0.548828125,0.50048828125,0.548828125,0.04594820734917413,0.52783203125,0.54833984375,0.52783203125,0.54833984375,0.3978214328075098,0.4921875,0.62451171875,0.4921875,0.62451171875,WOW,0.1583513715009264,0.005662574626354141,0.08617463907512411,0.04710670066959687,0.7027047141279985
WOW__TEST__STEGO__7634.pgm,7634.pgm,WOW,1,${BOSSBASE_ROOT}\stego\WOW\0.4bpp\stego\7634.pgm,0.9922744656025764,0.491455078125,0.51220703125,0.491455078125,0.51220703125,0.9916195466489739,0.50537109375,0.5322265625,0.50537109375,0.5322265625,0.9926826025287876,0.50048828125,0.548828125,0.50048828125,0.548828125,0.9584600343879385,0.52783203125,0.54833984375,0.52783203125,0.54833984375,0.9905142868292047,0.4921875,0.62451171875,0.4921875,0.62451171875,WOW,0.11087505539763905,0.14275082992115776,0.13354521775535902,0.20667122907947005,0.4061576678463741
WOW__TEST__STEGO__7999.pgm,7999.pgm,WOW,1,${BOSSBASE_ROOT}\stego\WOW\0.4bpp\stego\7999.pgm,0.9852145923076094,0.491455078125,0.51220703125,0.491455078125,0.51220703125,0.7345005791918268,0.50537109375,0.5322265625,0.50537109375,0.5322265625,0.6414223660920466,0.50048828125,0.548828125,0.50048828125,0.548828125,0.022499969377003774,0.52783203125,0.54833984375,0.52783203125,0.54833984375,0.8870089915514326,0.4921875,0.62451171875,0.4921875,0.62451171875,WOW,0.09048135487408653,0.0031758008349617494,0.13704457073573512,0.16869767280697578,0.6006006007482408
WOW__TEST__STEGO__3344.pgm,3344.pgm,WOW,1,${BOSSBASE_ROOT}\stego\WOW\0.4bpp\stego\3344.pgm,0.47037166581819617,0.491455078125,0.51220703125,0.491455078125,0.51220703125,0.4809357601482932,0.50537109375,0.5322265625,0.50537109375,0.5322265625,0.5205115533912427,0.50048828125,0.548828125,0.50048828125,0.548828125,0.518378557103736,0.52783203125,0.54833984375,0.52783203125,0.54833984375,0.5026149511339201,0.4921875,0.62451171875,0.4921875,0.62451171875,MiPOD,0.2041292402153995,0.20180790001683008,0.21602935606189033,0.21037454905523018,0.16765895465064998
WOW__TEST__STEGO__7573.pgm,7573.pgm,WOW,1,${BOSSBASE_ROOT}\stego\WOW\0.4bpp\stego\7573.pgm,0.9931760452132232,0.491455078125,0.51220703125,0.491455078125,0.51220703125,0.8362873305276233,0.50537109375,0.5322265625,0.50537109375,0.5322265625,0.3341547393547116,0.50048828125,0.548828125,0.50048828125,0.548828125,0.6353355760442388,0.52783203125,0.54833984375,0.52783203125,0.54833984375,0.6526842973205801,0.4921875,0.62451171875,0.4921875,0.62451171875,WOW,0.021204660169565924,0.07234322645946717,0.059734814224192766,0.33424481667090516,0.512472482475869
WOW__TEST__STEGO__9077.pgm,9077.pgm,WOW,1,${BOSSBASE_ROOT}\stego\WOW\0.4bpp\stego\9077.pgm,0.6455669322978956,0.491455078125,0.51220703125,0.491455078125,0.51220703125,0.507167325182324,0.50537109375,0.5322265625,0.50537109375,0.5322265625,0.5967856852423952,0.50048828125,0.548828125,0.50048828125,0.548828125,0.5265557982988404,0.52783203125,0.54833984375,0.52783203125,0.54833984375,0.5660785053114948,0.4921875,0.62451171875,0.4921875,0.62451171875,WOW,0.19629790356231125,0.12747094446808602,0.1979062124552434,0.17761613298323897,0.3007088065311204
WOW__TEST__STEGO__7290.pgm,7290.pgm,WOW,1,${BOSSBASE_ROOT}\stego\WOW\0.4bpp\stego\7290.pgm,0.9909797204985978,0.491455078125,0.51220703125,0.491455078125,0.51220703125,0.9913222832950107,0.50537109375,0.5322265625,0.50537109375,0.5322265625,0.991554373058874,0.50048828125,0.548828125,0.50048828125,0.548828125,0.9927391335017144,0.52783203125,0.54833984375,0.52783203125,0.54833984375,0.9886682464686385,0.4921875,0.62451171875,0.4921875,0.62451171875,WOW,0.10691931918780627,0.1651218650782125,0.1309029034287888,0.20265735754851535,0.3943985547566772
WOW__TEST__STEGO__8441.pgm,8441.pgm,WOW,1,${BOSSBASE_ROOT}\stego\WOW\0.4bpp\stego\8441.pgm,0.9920927084953715,0.491455078125,0.51220703125,0.491455078125,0.51220703125,0.9959927110540886,0.50537109375,0.5322265625,0.50537109375,0.5322265625,0.9722043774187549,0.50048828125,0.548828125,0.50048828125,0.548828125,0.9094255214176165,0.52783203125,0.54833984375,0.52783203125,0.54833984375,0.9845754479181588,0.4921875,0.62451171875,0.4921875,0.62451171875,WOW,0.10835899063715261,0.11879310069743915,0.132860852843371,0.22142694574572078,0.4185601100763164
WOW__TEST__STEGO__7524.pgm,7524.pgm,WOW,1,${BOSSBASE_ROOT}\stego\WOW\0.4bpp\stego\7524.pgm,0.06465348835622392,0.491455078125,0.51220703125,0.491455078125,0.51220703125,0.17133832131523824,0.50537109375,0.5322265625,0.50537109375,0.5322265625,0.8427337625321223,0.50048828125,0.548828125,0.50048828125,0.548828125,0.08151975597471893,0.52783203125,0.54833984375,0.52783203125,0.54833984375,0.45601608346857275,0.4921875,0.62451171875,0.4921875,0.62451171875,HILL,0.7148044036107498,0.020823387670096498,0.2128772279988163,0.030015261804480057,0.02147971891585743
WOW__TEST__STEGO__5677.pgm,5677.pgm,WOW,1,${BOSSBASE_ROOT}\stego\WOW\0.4bpp\stego\5677.pgm,0.9892232739499199,0.491455078125,0.51220703125,0.491455078125,0.51220703125,0.9940428462362503,0.50537109375,0.5322265625,0.50537109375,0.5322265625,0.9944234551774075,0.50048828125,0.548828125,0.50048828125,0.548828125,0.9922744656025764,0.52783203125,0.54833984375,0.52783203125,0.54833984375,0.9923933278354767,0.4921875,0.62451171875,0.4921875,0.62451171875,WOW,0.10783605897181212,0.1647771034826708,0.13212563608289796,0.20387602562198756,0.3913851758406316
WOW__TEST__STEGO__924.pgm,924.pgm,WOW,1,${BOSSBASE_ROOT}\stego\WOW\0.4bpp\stego\924.pgm,0.9905142868292047,0.491455078125,0.51220703125,0.491455078125,0.51220703125,0.27503235494643496,0.50537109375,0.5322265625,0.50537109375,0.5322265625,0.603522975263106,0.50048828125,0.548828125,0.50048828125,0.548828125,0.006744989542092038,0.52783203125,0.54833984375,0.52783203125,0.54833984375,0.9678385537098225,0.4921875,0.62451171875,0.4921875,0.62451171875,WOW,0.11975306909177806,0.0026759039463468744,0.23443962058476633,0.03011543705710167,0.6130159693200071
WOW__TEST__STEGO__8830.pgm,8830.pgm,WOW,1,${BOSSBASE_ROOT}\stego\WOW\0.4bpp\stego\8830.pgm,0.9910145712474399,0.491455078125,0.51220703125,0.491455078125,0.51220703125,0.929823701560032,0.50537109375,0.5322265625,0.50537109375,0.5322265625,0.9525741268224334,0.50048828125,0.548828125,0.50048828125,0.548828125,0.035678550877730524,0.52783203125,0.54833984375,0.52783203125,0.54833984375,0.11279540628289324,0.4921875,0.62451171875,0.4921875,0.62451171875,WOW,0.14929002699170718,0.0023508356080840166,0.015489710976980504,0.25484497686694574,0.5780244495562825
WOW__TEST__STEGO__785.pgm,785.pgm,WOW,1,${BOSSBASE_ROOT}\stego\WOW\0.4bpp\stego\785.pgm,0.37926342486458636,0.491455078125,0.51220703125,0.491455078125,0.51220703125,0.37765542356392867,0.50537109375,0.5322265625,0.50537109375,0.5322265625,0.414247057716337,0.50048828125,0.548828125,0.50048828125,0.548828125,0.7133317740992681,0.52783203125,0.54833984375,0.52783203125,0.54833984375,0.7208597933777593,0.4921875,0.62451171875,0.4921875,0.62451171875,HUGO,0.11071614256565028,0.42264262282301346,0.2890033322729885,0.10389300760129067,0.07374489473705723
WOW__TEST__STEGO__2964.pgm,2964.pgm,WOW,1,${BOSSBASE_ROOT}\stego\WOW\0.4bpp\stego\2964.pgm,0.5090779818091946,0.491455078125,0.51220703125,0.491455078125,0.51220703125,0.5080635708399561,0.50537109375,0.5322265625,0.50537109375,0.5322265625,0.5073160671666328,0.50048828125,0.548828125,0.50048828125,0.548828125,0.49798775805622747,0.52783203125,0.54833984375,0.52783203125,0.54833984375,0.5033835848232359,0.4921875,0.62451171875,0.4921875,0.62451171875,S-UNIWARD,0.18764301274303993,0.17536727966266535,0.2049074311967904,0.23536555797269226,0.1967167184248119
WOW__TEST__STEGO__7729.pgm,7729.pgm,WOW,1,${BOSSBASE_ROOT}\stego\WOW\0.4bpp\stego\7729.pgm,0.9113376495526663,0.491455078125,0.51220703125,0.491455078125,0.51220703125,0.9360515793487681,0.50537109375,0.5322265625,0.50537109375,0.5322265625,0.9837225390872865,0.50048828125,0.548828125,0.50048828125,0.548828125,0.14903529447863062,0.52783203125,0.54833984375,0.52783203125,0.54833984375,0.9260366251748193,0.4921875,0.62451171875,0.4921875,0.62451171875,WOW,0.20973095626912783,0.004535327908014828,0.14542000576930283,0.2258447969477314,0.414468913105823
WOW__TEST__STEGO__2788.pgm,2788.pgm,WOW,1,${BOSSBASE_ROOT}\stego\WOW\0.4bpp\stego\2788.pgm,0.9910492885631179,0.491455078125,0.51220703125,0.491455078125,0.51220703125,0.9853843298993641,0.50537109375,0.5322265625,0.50537109375,0.5322265625,0.7716714784435299,0.50048828125,0.548828125,0.50048828125,0.548828125,0.819315785835197,0.52783203125,0.54833984375,0.52783203125,0.54833984375,0.7169127961011237,0.4921875,0.62451171875,0.4921875,0.62451171875,WOW,0.062008758703239665,0.10389370207804548,0.06705878409657319,0.30983655035594637,0.45720220476619533
WOW__TEST__STEGO__4672.pgm,4672.pgm,WOW,1,${BOSSBASE_ROOT}\stego\WOW\0.4bpp\stego\4672.pgm,0.9709643572583985,0.491455078125,0.51220703125,0.491455078125,0.51220703125,0.8773717572935369,0.50537109375,0.5322265625,0.50537109375,0.5322265625,0.6500230719240829,0.50048828125,0.548828125,0.50048828125,0.548828125,0.42799430394862575,0.52783203125,0.54833984375,0.52783203125,0.54833984375,0.7062917371779097,0.4921875,0.62451171875,0.4921875,0.62451171875,WOW,0.06719130308352157,0.02264785669885967,0.0805138474506236,0.29341797738495495,0.5362290153820403
WOW__TEST__STEGO__9217.pgm,9217.pgm,WOW,1,${BOSSBASE_ROOT}\stego\WOW\0.4bpp\stego\9217.pgm,0.9931760452132232,0.491455078125,0.51220703125,0.491455078125,0.51220703125,0.9930423911926235,0.50537109375,0.5322265625,0.50537109375,0.5322265625,0.9921537607074791,0.50048828125,0.548828125,0.50048828125,0.548828125,0.024423090054107213,0.52783203125,0.54833984375,0.52783203125,0.54833984375,0.9915870224290223,0.4921875,0.62451171875,0.4921875,0.62451171875,WOW,0.1690101499748852,0.0018073684019105944,0.12632474075306102,0.2219242350235105,0.4809335058466327
WOW__TEST__STEGO__1738.pgm,1738.pgm,WOW,1,${BOSSBASE_ROOT}\stego\WOW\0.4bpp\stego\1738.pgm,0.8971559208377049,0.491455078125,0.51220703125,0.491455078125,0.51220703125,0.9547319063567953,0.50537109375,0.5322265625,0.50537109375,0.5322265625,0.8625833300945107,0.50048828125,0.548828125,0.50048828125,0.548828125,0.9878996141864553,0.52783203125,0.54833984375,0.52783203125,0.54833984375,0.9863631647185701,0.4921875,0.62451171875,0.4921875,0.62451171875,WOW,0.08764492669906182,0.23527397444849524,0.15137480112890034,0.23112531079848112,0.29458098692506146
WOW__TEST__STEGO__7849.pgm,7849.pgm,WOW,1,${BOSSBASE_ROOT}\stego\WOW\0.4bpp\stego\7849.pgm,0.9912548183179649,0.491455078125,0.51220703125,0.491455078125,0.51220703125,0.9912548183179649,0.50537109375,0.5322265625,0.50537109375,0.5322265625,0.9893474891602738,0.50048828125,0.548828125,0.50048828125,0.548828125,0.3621792647817727,0.52783203125,0.54833984375,0.52783203125,0.54833984375,0.9855521474663975,0.4921875,0.62451171875,0.4921875,0.62451171875,WOW,0.15216491097105872,0.00932952195182827,0.13444717549776958,0.2287339289683329,0.47532446261101063
WOW__TEST__STEGO__8636.pgm,8636.pgm,WOW,1,${BOSSBASE_ROOT}\stego\WOW\0.4bpp\stego\8636.pgm,0.9926256346917622,0.491455078125,0.51220703125,0.491455078125,0.51220703125,0.9955142054229602,0.50537109375,0.5322265625,0.50537109375,0.5322265625,0.9920311850466846,0.50048828125,0.548828125,0.50048828125,0.548828125,0.018334452089518293,0.52783203125,0.54833984375,0.52783203125,0.54833984375,0.9928508980334536,0.4921875,0.62451171875,0.4921875,0.62451171875,WOW,0.16886991356725536,0.0017562137119895497,0.126265027425911,0.22369291616691697,0.47941592912792713
WOW__TEST__STEGO__3591.pgm,3591.pgm,WOW,1,${BOSSBASE_ROOT}\stego\WOW\0.4bpp\stego\3591.pgm,0.3709087336056053,0.491455078125,0.51220703125,0.491455078125,0.51220703125,0.663450931311592,0.50537109375,0.5322265625,0.50537109375,0.5322265625,0.5314829520731853,0.50048828125,0.548828125,0.50048828125,0.548828125,0.8251674695862236,0.52783203125,0.54833984375,0.52783203125,0.54833984375,0.6001297732833716,0.4921875,0.62451171875,0.4921875,0.62451171875,HUGO,0.08769698796639532,0.5207953713532892,0.13412621617671203,0.20451806148870352,0.052863363014899904
WOW__TEST__STEGO__4224.pgm,4224.pgm,WOW,1,${BOSSBASE_ROOT}\stego\WOW\0.4bpp\stego\4224.pgm,0.5037154467477195,0.491455078125,0.51220703125,0.491455078125,0.51220703125,0.505630255175539,0.50537109375,0.5322265625,0.50537109375,0.5322265625,0.5081093352337127,0.50048828125,0.548828125,0.50048828125,0.548828125,0.5013008088327617,0.52783203125,0.54833984375,0.52783203125,0.54833984375,0.5071368138483611,0.4921875,0.62451171875,0.4921875,0.62451171875,S-UNIWARD,0.18874568664580516,0.17905974273677955,0.207774619755339,0.23249706339997314,0.19192288746210312
WOW__TEST__STEGO__7267.pgm,7267.pgm,WOW,1,${BOSSBASE_ROOT}\stego\WOW\0.4bpp\stego\7267.pgm,0.9901401446964613,0.491455078125,0.51220703125,0.491455078125,0.51220703125,0.9929335990367509,0.50537109375,0.5322265625,0.50537109375,0.5322265625,0.9943799635999729,0.50048828125,0.548828125,0.50048828125,0.548828125,0.9923933278354767,0.52783203125,0.54833984375,0.52783203125,0.54833984375,0.989908684514805,0.4921875,0.62451171875,0.4921875,0.62451171875,WOW,0.10781451951622043,0.16464593749476955,0.1313406610072886,0.20316415528232165,0.39303472669939976
WOW__TEST__STEGO__257.pgm,257.pgm,WOW,1,${BOSSBASE_ROOT}\stego\WOW\0.4bpp\stego\257.pgm,0.9874236517231209,0.491455078125,0.51220703125,0.491455078125,0.51220703125,0.2889702304326297,0.50537109375,0.5322265625,0.50537109375,0.5322265625,0.9719924793940118,0.50048828125,0.548828125,0.50048828125,0.548828125,0.04443143202478434,0.52783203125,0.54833984375,0.52783203125,0.54833984375,0.6326162442246651,0.4921875,0.62451171875,0.4921875,0.62451171875,WOW,0.30861670675911823,0.0020403305961540037,0.09999819875866756,0.01989459479700299,0.5694501690890572
WOW__TEST__STEGO__1079.pgm,1079.pgm,WOW,1,${BOSSBASE_ROOT}\stego\WOW\0.4bpp\stego\1079.pgm,0.9925393565360598,0.491455078125,0.51220703125,0.491455078125,0.51220703125,0.6433292938858967,0.50537109375,0.5322265625,0.50537109375,0.5322265625,0.8908652063250404,0.50048828125,0.548828125,0.50048828125,0.548828125,0.9241418199787566,0.52783203125,0.54833984375,0.52783203125,0.54833984375,0.8929365379204537,0.4921875,0.62451171875,0.4921875,0.62451171875,WOW,0.12829681187780054,0.14790911156515008,0.15589702637215166,0.07601927987602262,0.49187777030887503
WOW__TEST__STEGO__3173.pgm,3173.pgm,WOW,1,${BOSSBASE_ROOT}\stego\WOW\0.4bpp\stego\3173.pgm,0.9561454366001265,0.491455078125,0.51220703125,0.491455078125,0.51220703125,0.5466473976691592,0.50537109375,0.5322265625,0.50537109375,0.5322265625,0.45250568343069614,0.50048828125,0.548828125,0.50048828125,0.548828125,0.6546739850997214,0.52783203125,0.54833984375,0.52783203125,0.54833984375,0.5891255347614328,0.4921875,0.62451171875,0.4921875,0.62451171875,WOW,0.05434262999565459,0.09646605919129418,0.09364101018069385,0.1365008834906356,0.6190494171417218
WOW__TEST__STEGO__4596.pgm,4596.pgm,WOW,1,${BOSSBASE_ROOT}\stego\WOW\0.4bpp\stego\4596.pgm,0.9623913644941934,0.491455078125,0.51220703125,0.491455078125,0.51220703125,0.9207896758909757,0.50537109375,0.5322265625,0.50537109375,0.5322265625,0.9317114624722079,0.50048828125,0.548828125,0.50048828125,0.548828125,0.9784259335698815,0.52783203125,0.54833984375,0.52783203125,0.54833984375,0.9542227274192233,0.4921875,0.62451171875,0.4921875,0.62451171875,WOW,0.10537167112810805,0.18559537554851135,0.13849922330830547,0.1850387096736987,0.3854950203413764
WOW__TEST__STEGO__6891.pgm,6891.pgm,WOW,1,${BOSSBASE_ROOT}\stego\WOW\0.4bpp\stego\6891.pgm,0.9920620058985926,0.491455078125,0.51220703125,0.491455078125,0.51220703125,0.9890976262707148,0.50537109375,0.5322265625,0.50537109375,0.5322265625,0.5364646857632455,0.50048828125,0.548828125,0.50048828125,0.548828125,0.007289077583591924,0.52783203125,0.54833984375,0.52783203125,0.54833984375,0.8919993467962748,0.4921875,0.62451171875,0.4921875,0.62451171875,WOW,0.04136930292866846,0.0027105461193518937,0.08575779892626349,0.3922607433291843,0.4779016086965319
WOW__TEST__STEGO__8288.pgm,8288.pgm,WOW,1,${BOSSBASE_ROOT}\stego\WOW\0.4bpp\stego\8288.pgm,0.9877587247081928,0.491455078125,0.51220703125,0.491455078125,0.51220703125,0.9934357507792255,0.50537109375,0.5322265625,0.50537109375,0.5322265625,0.9891396689867223,0.50048828125,0.548828125,0.50048828125,0.548828125,0.97982268167713,0.52783203125,0.54833984375,0.52783203125,0.54833984375,0.991186833496954,0.4921875,0.62451171875,0.4921875,0.62451171875,WOW,0.1079219532566734,0.1582620583454286,0.1329331226406183,0.20708033652208205,0.39380252923519765
WOW__TEST__STEGO__6660.pgm,6660.pgm,WOW,1,${BOSSBASE_ROOT}\stego\WOW\0.4bpp\stego\6660.pgm,0.9916519461902167,0.491455078125,0.51220703125,0.491455078125,0.51220703125,0.9919067101026269,0.50537109375,0.5322265625,0.50537109375,0.5322265625,0.9874720680072551,0.50048828125,0.548828125,0.50048828125,0.548828125,0.9897116988662837,0.52783203125,0.54833984375,0.52783203125,0.54833984375,0.9876162153627396,0.4921875,0.62451171875,0.4921875,0.62451171875,WOW,0.10570227936051758,0.1635013920406897,0.13036728963827793,0.2043852408138291,0.39604379814668567
WOW__TEST__STEGO__3865.pgm,3865.pgm,WOW,1,${BOSSBASE_ROOT}\stego\WOW\0.4bpp\stego\3865.pgm,0.9912886155422945,0.491455078125,0.51220703125,0.491455078125,0.51220703125,0.9939964042034285,0.50537109375,0.5322265625,0.50537109375,0.5322265625,0.9893062422638245,0.50048828125,0.548828125,0.50048828125,0.548828125,0.008061991528271641,0.52783203125,0.54833984375,0.52783203125,0.54833984375,0.9941346616392029,0.4921875,0.62451171875,0.4921875,0.62451171875,WOW,0.16900772374868914,0.0016849076667015093,0.12702227225591242,0.2237429358014898,0.47854216052720716
WOW__TEST__STEGO__9487.pgm,9487.pgm,WOW,1,${BOSSBASE_ROOT}\stego\WOW\0.4bpp\stego\9487.pgm,0.752922046874744,0.491455078125,0.51220703125,0.491455078125,0.51220703125,0.6940953598917166,0.50537109375,0.5322265625,0.50537109375,0.5322265625,0.46347460424854986,0.50048828125,0.548828125,0.50048828125,0.548828125,0.9107043571873992,0.52783203125,0.54833984375,0.52783203125,0.54833984375,0.7534666539902642,0.4921875,0.62451171875,0.4921875,0.62451171875,HUGO,0.04660444033997443,0.39809872353104786,0.1316479914770327,0.20208921757025855,0.2215596270816864
WOW__TEST__STEGO__7109.pgm,7109.pgm,WOW,1,${BOSSBASE_ROOT}\stego\WOW\0.4bpp\stego\7109.pgm,0.9897909456811917,0.491455078125,0.51220703125,0.491455078125,0.51220703125,0.9736446471538801,0.50537109375,0.5322265625,0.50537109375,0.5322265625,0.057281973219257154,0.50048828125,0.548828125,0.50048828125,0.548828125,0.04153996561206153,0.52783203125,0.54833984375,0.52783203125,0.54833984375,0.1139734641137174,0.4921875,0.62451171875,0.4921875,0.62451171875,S-UNIWARD,0.006168124830661392,0.004202285210309293,0.007760898081178297,0.6063547277193826,0.3755139641584684
WOW__TEST__STEGO__7713.pgm,7713.pgm,WOW,1,${BOSSBASE_ROOT}\stego\WOW\0.4bpp\stego\7713.pgm,0.9925682266657089,0.491455078125,0.51220703125,0.491455078125,0.51220703125,0.9949592968881543,0.50537109375,0.5322265625,0.50537109375,0.5322265625,0.9897116988662837,0.50048828125,0.548828125,0.50048828125,0.548828125,0.9930423911926235,0.52783203125,0.54833984375,0.52783203125,0.54833984375,0.9858276338086983,0.4921875,0.62451171875,0.4921875,0.62451171875,WOW,0.10541321083495056,0.1648296976322064,0.12891062680082707,0.20527758978532828,0.3955688749466876
WOW__TEST__STEGO__2071.pgm,2071.pgm,WOW,1,${BOSSBASE_ROOT}\stego\WOW\0.4bpp\stego\2071.pgm,0.9890976262707148,0.491455078125,0.51220703125,0.491455078125,0.51220703125,0.47802624795496074,0.50537109375,0.5322265625,0.50537109375,0.5322265625,0.97982268167713,0.50048828125,0.548828125,0.50048828125,0.548828125,0.07779744860800895,0.52783203125,0.54833984375,0.52783203125,0.54833984375,0.6798167280332414,0.4921875,0.62451171875,0.4921875,0.62451171875,WOW,0.2752126226145079,0.0025331399387709024,0.10063907356195613,0.04090190996452416,0.5807132539202409
WOW__TEST__STEGO__8003.pgm,8003.pgm,WOW,1,${BOSSBASE_ROOT}\stego\WOW\0.4bpp\stego\8003.pgm,0.9919691867837398,0.491455078125,0.51220703125,0.491455078125,0.51220703125,0.9932024684496267,0.50537109375,0.5322265625,0.50537109375,0.5322265625,0.9913558220632764,0.50048828125,0.548828125,0.50048828125,0.548828125,0.9738443816461771,0.52783203125,0.54833984375,0.52783203125,0.54833984375,0.9928231180543431,0.4921875,0.62451171875,0.4921875,0.62451171875,WOW,0.10850342009735567,0.15221392853487914,0.13295498861176366,0.2058775627490843,0.40045010000691733
WOW__TEST__STEGO__4608.pgm,4608.pgm,WOW,1,${BOSSBASE_ROOT}\stego\WOW\0.4bpp\stego\4608.pgm,0.9149009549929797,0.491455078125,0.51220703125,0.491455078125,0.51220703125,0.43662203968393154,0.50537109375,0.5322265625,0.50537109375,0.5322265625,0.5970206557211368,0.50048828125,0.548828125,0.50048828125,0.548828125,0.9645892699236761,0.52783203125,0.54833984375,0.52783203125,0.54833984375,0.7961340145076362,0.4921875,0.62451171875,0.4921875,0.62451171875,WOW,0.07224120237100477,0.30240803488081397,0.1582940121954426,0.058885585676527206,0.4081711648762116
WOW__TEST__STEGO__168.pgm,168.pgm,WOW,1,${BOSSBASE_ROOT}\stego\WOW\0.4bpp\stego\168.pgm,0.49025086955284597,0.491455078125,0.51220703125,0.491455078125,0.51220703125,0.4992408758274216,0.50537109375,0.5322265625,0.50537109375,0.5322265625,0.51676312430446,0.50048828125,0.548828125,0.50048828125,0.548828125,0.5269057473635141,0.52783203125,0.54833984375,0.52783203125,0.54833984375,0.5278489556854675,0.4921875,0.62451171875,0.4921875,0.62451171875,S-UNIWARD,0.19029392997145284,0.19863352024380754,0.21745207500834926,0.21775063734649341,0.17586983742989687
WOW__TEST__STEGO__1358.pgm,1358.pgm,WOW,1,${BOSSBASE_ROOT}\stego\WOW\0.4bpp\stego\1358.pgm,0.9783019028763682,0.491455078125,0.51220703125,0.491455078125,0.51220703125,0.21617696195770292,0.50537109375,0.5322265625,0.50537109375,0.5322265625,0.014172366191301682,0.50048828125,0.548828125,0.50048828125,0.548828125,0.8822250804291385,0.52783203125,0.54833984375,0.52783203125,0.54833984375,0.0886623504473337,0.4921875,0.62451171875,0.4921875,0.62451171875,WOW,0.0124883987602091,0.33863081054829447,0.024366111287721932,0.06140778660084563,0.5631068928029289
WOW__TEST__STEGO__3170.pgm,3170.pgm,WOW,1,${BOSSBASE_ROOT}\stego\WOW\0.4bpp\stego\3170.pgm,0.4979572409799135,0.491455078125,0.51220703125,0.491455078125,0.51220703125,0.5158028403932794,0.50537109375,0.5322265625,0.50537109375,0.5322265625,0.4949914700214413,0.50048828125,0.548828125,0.50048828125,0.548828125,0.5160772194438559,0.52783203125,0.54833984375,0.52783203125,0.54833984375,0.5120978580697969,0.4921875,0.62451171875,0.4921875,0.62451171875,S-UNIWARD,0.1764254457527376,0.19346848642062733,0.20546521380858693,0.24107531423125322,0.1835655397867949
WOW__TEST__STEGO__3934.pgm,3934.pgm,WOW,1,${BOSSBASE_ROOT}\stego\WOW\0.4bpp\stego\3934.pgm,0.6844749696763718,0.491455078125,0.51220703125,0.491455078125,0.51220703125,0.5248665529888222,0.50537109375,0.5322265625,0.50537109375,0.5322265625,0.556279058829721,0.50048828125,0.548828125,0.50048828125,0.548828125,0.5280010676189221,0.52783203125,0.54833984375,0.52783203125,0.54833984375,0.546828903193416,0.4921875,0.62451171875,0.4921875,0.62451171875,WOW,0.16161327319115867,0.12355399980891955,0.1748018455821099,0.19492753886947026,0.3451033425483417
WOW__TEST__STEGO__431.pgm,431.pgm,WOW,1,${BOSSBASE_ROOT}\stego\WOW\0.4bpp\stego\431.pgm,0.33274390532140496,0.491455078125,0.51220703125,0.491455078125,0.51220703125,0.48744465651010466,0.50537109375,0.5322265625,0.50537109375,0.5322265625,0.4953233175400366,0.50048828125,0.548828125,0.50048828125,0.548828125,0.5125629680708158,0.52783203125,0.54833984375,0.52783203125,0.54833984375,0.4614111205205193,0.4921875,0.62451171875,0.4921875,0.62451171875,HUGO,0.20734679194571365,0.25478295773200327,0.2117626007342142,0.2303297486508643,0.0957779009372046
WOW__TEST__STEGO__5575.pgm,5575.pgm,WOW,1,${BOSSBASE_ROOT}\stego\WOW\0.4bpp\stego\5575.pgm,0.49928665209532597,0.491455078125,0.51220703125,0.491455078125,0.51220703125,0.5217909972900043,0.50537109375,0.5322265625,0.50537109375,0.5322265625,0.5123266033612859,0.50048828125,0.548828125,0.50048828125,0.548828125,0.5189118720222476,0.52783203125,0.54833984375,0.52783203125,0.54833984375,0.5276055658475642,0.4921875,0.62451171875,0.4921875,0.62451171875,S-UNIWARD,0.182374133289452,0.1891612960923937,0.21040524018201054,0.2366517501554956,0.18140758028064813
WOW__TEST__STEGO__4461.pgm,4461.pgm,WOW,1,${BOSSBASE_ROOT}\stego\WOW\0.4bpp\stego\4461.pgm,0.5149796467373603,0.491455078125,0.51220703125,0.491455078125,0.51220703125,0.6433292938858967,0.50537109375,0.5322265625,0.50537109375,0.5322265625,0.5314525553714766,0.50048828125,0.548828125,0.50048828125,0.548828125,0.5800547248797049,0.52783203125,0.54833984375,0.52783203125,0.54833984375,0.5535957908545561,0.4921875,0.62451171875,0.4921875,0.62451171875,S-UNIWARD,0.14387079840748834,0.21095559784476423,0.1743696009492562,0.3084003242084052,0.16240367859008595
WOW__TEST__STEGO__2375.pgm,2375.pgm,WOW,1,${BOSSBASE_ROOT}\stego\WOW\0.4bpp\stego\2375.pgm,0.9806548960854106,0.491455078125,0.51220703125,0.491455078125,0.51220703125,0.5539276031560258,0.50537109375,0.5322265625,0.50537109375,0.5322265625,0.49649053614897903,0.50048828125,0.548828125,0.50048828125,0.548828125,0.008745181682035148,0.52783203125,0.54833984375,0.52783203125,0.54833984375,0.3225259830643727,0.4921875,0.62451171875,0.4921875,0.62451171875,WOW,0.07290984512899969,0.004150807459683042,0.04239672709180429,0.1392637377352417,0.7412788825842713
WOW__TEST__STEGO__5940.pgm,5940.pgm,WOW,1,${BOSSBASE_ROOT}\stego\WOW\0.4bpp\stego\5940.pgm,0.9867261125456144,0.491455078125,0.51220703125,0.491455078125,0.51220703125,0.9965029897474263,0.50537109375,0.5322265625,0.50537109375,0.5322265625,0.9906237625491514,0.50048828125,0.548828125,0.50048828125,0.548828125,0.965963847005629,0.52783203125,0.54833984375,0.52783203125,0.54833984375,0.9712384127350021,0.4921875,0.62451171875,0.4921875,0.62451171875,WOW,0.1098749121502277,0.15058424013794966,0.12765727170263583,0.2130683044429252,0.3988152715662616
WOW__TEST__STEGO__86.pgm,86.pgm,WOW,1,${BOSSBASE_ROOT}\stego\WOW\0.4bpp\stego\86.pgm,0.6901415732701115,0.491455078125,0.51220703125,0.491455078125,0.51220703125,0.06954174450582809,0.50537109375,0.5322265625,0.50537109375,0.5322265625,0.11182182391242387,0.50048828125,0.548828125,0.50048828125,0.548828125,0.008677716704989246,0.52783203125,0.54833984375,0.52783203125,0.54833984375,0.08035746882220708,0.4921875,0.62451171875,0.4921875,0.62451171875,WOW,0.11217619454626339,0.025536132368222664,0.1021160863204036,0.11168772745505186,0.6484838593100585
WOW__TEST__STEGO__5182.pgm,5182.pgm,WOW,1,${BOSSBASE_ROOT}\stego\WOW\0.4bpp\stego\5182.pgm,0.9905874104123901,0.491455078125,0.51220703125,0.491455078125,0.51220703125,0.3296074716331437,0.50537109375,0.5322265625,0.50537109375,0.5322265625,0.972151549366048,0.50048828125,0.548828125,0.50048828125,0.548828125,0.007374365308237828,0.52783203125,0.54833984375,0.52783203125,0.54833984375,0.975154563105731,0.4921875,0.62451171875,0.4921875,0.62451171875,WOW,0.2832472365803252,0.0014726416619690883,0.20353480979216557,0.018744446932603968,0.4930008650329361
WOW__TEST__STEGO__2248.pgm,2248.pgm,WOW,1,${BOSSBASE_ROOT}\stego\WOW\0.4bpp\stego\2248.pgm,0.9915870224290223,0.491455078125,0.51220703125,0.491455078125,0.51220703125,0.9917803069380321,0.50537109375,0.5322265625,0.50537109375,0.5322265625,0.9918120900983038,0.50048828125,0.548828125,0.50048828125,0.548828125,0.007876706716587462,0.52783203125,0.54833984375,0.52783203125,0.54833984375,0.9906237625491514,0.4921875,0.62451171875,0.4921875,0.62451171875,WOW,0.17065317234738267,0.0016792861009794016,0.12628198488554537,0.221577961038544,0.4798075956275486
WOW__TEST__STEGO__350.pgm,350.pgm,WOW,1,${BOSSBASE_ROOT}\stego\WOW\0.4bpp\stego\350.pgm,0.4832216340730981,0.491455078125,0.51220703125,0.491455078125,0.51220703125,0.4857750189656396,0.50537109375,0.5322265625,0.50537109375,0.5322265625,0.5573333866428644,0.50048828125,0.548828125,0.50048828125,0.548828125,0.6561076251832212,0.52783203125,0.54833984375,0.52783203125,0.54833984375,0.515558939900401,0.4921875,0.62451171875,0.4921875,0.62451171875,HUGO,0.1809490286835478,0.30858710631030273,0.1915463845586432,0.17194750570007117,0.14696997474743506
WOW__TEST__STEGO__7976.pgm,7976.pgm,WOW,1,${BOSSBASE_ROOT}\stego\WOW\0.4bpp\stego\7976.pgm,0.9909447358132779,0.491455078125,0.51220703125,0.491455078125,0.51220703125,0.9869795098861571,0.50537109375,0.5322265625,0.50537109375,0.5322265625,0.9950563109218775,0.50048828125,0.548828125,0.50048828125,0.548828125,0.9930153500828657,0.52783203125,0.54833984375,0.52783203125,0.54833984375,0.9912548183179649,0.4921875,0.62451171875,0.4921875,0.62451171875,WOW,0.10872210923200319,0.16484539351196528,0.13261133150393362,0.19874604770216014,0.39507511804993783
WOW__TEST__STEGO__8536.pgm,8536.pgm,WOW,1,${BOSSBASE_ROOT}\stego\WOW\0.4bpp\stego\8536.pgm,0.9936856353291037,0.491455078125,0.51220703125,0.491455078125,0.51220703125,0.9813106915732508,0.50537109375,0.5322265625,0.50537109375,0.5322265625,0.9858276338086983,0.50048828125,0.548828125,0.50048828125,0.548828125,0.09041372682383805,0.52783203125,0.54833984375,0.52783203125,0.54833984375,0.9870296135626316,0.4921875,0.62451171875,0.4921875,0.62451171875,WOW,0.16544375994609334,0.002517408386181227,0.12869849034346567,0.21735348533701618,0.48598685598724345
WOW__TEST__STEGO__4149.pgm,4149.pgm,WOW,1,${BOSSBASE_ROOT}\stego\WOW\0.4bpp\stego\4149.pgm,0.5274686532893282,0.491455078125,0.51220703125,0.491455078125,0.51220703125,0.4880393915434698,0.50537109375,0.5322265625,0.50537109375,0.5322265625,0.5310117770801489,0.50048828125,0.548828125,0.50048828125,0.548828125,0.5416512997966008,0.52783203125,0.54833984375,0.52783203125,0.54833984375,0.5127078339934494,0.4921875,0.62451171875,0.4921875,0.62451171875,MiPOD,0.19222289542157128,0.19566138596625152,0.20536062382239054,0.2031496895204717,0.2036054052693149
WOW__TEST__STEGO__7518.pgm,7518.pgm,WOW,1,${BOSSBASE_ROOT}\stego\WOW\0.4bpp\stego\7518.pgm,0.4830692195702792,0.491455078125,0.51220703125,0.491455078125,0.51220703125,0.522780847851409,0.50537109375,0.5322265625,0.50537109375,0.5322265625,0.5009775149289134,0.50048828125,0.548828125,0.50048828125,0.548828125,0.5332151709679664,0.52783203125,0.54833984375,0.52783203125,0.54833984375,0.5266623073138226,0.4921875,0.62451171875,0.4921875,0.62451171875,S-UNIWARD,0.17527067025056936,0.20833596787218284,0.2096447038582856,0.23908707274140417,0.16766158527755792
WOW__TEST__STEGO__7512.pgm,7512.pgm,WOW,1,${BOSSBASE_ROOT}\stego\WOW\0.4bpp\stego\7512.pgm,0.5390742155943443,0.491455078125,0.51220703125,0.491455078125,0.51220703125,0.5279402234678783,0.50537109375,0.5322265625,0.50537109375,0.5322265625,0.5058819918222074,0.50048828125,0.548828125,0.50048828125,0.548828125,0.4454089166834198,0.52783203125,0.54833984375,0.52783203125,0.54833984375,0.4990968714045371,0.4921875,0.62451171875,0.4921875,0.62451171875,S-UNIWARD,0.18598041877478563,0.13288697990732673,0.19694416531803544,0.25707217034682517,0.22711626565302706
WOW__TEST__STEGO__7855.pgm,7855.pgm,WOW,1,${BOSSBASE_ROOT}\stego\WOW\0.4bpp\stego\7855.pgm,0.9911526449170697,0.491455078125,0.51220703125,0.491455078125,0.51220703125,0.9951890169673988,0.50537109375,0.5322265625,0.50537109375,0.5322265625,0.988755439279336,0.50048828125,0.548828125,0.50048828125,0.548828125,0.04518375667269088,0.52783203125,0.54833984375,0.52783203125,0.54833984375,0.9796676466573412,0.4921875,0.62451171875,0.4921875,0.62451171875,WOW,0.16684158459434761,0.002027586657095562,0.12370048642968072,0.2272335081242963,0.48019683419457987
WOW__TEST__STEGO__575.pgm,575.pgm,WOW,1,${BOSSBASE_ROOT}\stego\WOW\0.4bpp\stego\575.pgm,0.90192067652954,0.491455078125,0.51220703125,0.491455078125,0.51220703125,0.41040178079742345,0.50537109375,0.5322265625,0.50537109375,0.5322265625,0.6116719656361997,0.50048828125,0.548828125,0.50048828125,0.548828125,0.5608239874437592,0.52783203125,0.54833984375,0.52783203125,0.54833984375,0.5374662610141402,0.4921875,0.62451171875,0.4921875,0.62451171875,WOW,0.1271653912527665,0.06646399470007604,0.11731951313347462,0.08196495102621816,0.6070861498874647
WOW__TEST__STEGO__9550.pgm,9550.pgm,WOW,1,${BOSSBASE_ROOT}\stego\WOW\0.4bpp\stego\9550.pgm,0.5616957120220218,0.491455078125,0.51220703125,0.491455078125,0.51220703125,0.49461385581544537,0.50537109375,0.5322265625,0.50537109375,0.5322265625,0.5371020863865634,0.50048828125,0.548828125,0.50048828125,0.548828125,0.5317869062033557,0.52783203125,0.54833984375,0.52783203125,0.54833984375,0.5218976049425239,0.4921875,0.62451171875,0.4921875,0.62451171875,WOW,0.18901353410419133,0.1737028589033778,0.2022505277989449,0.2030117579663921,0.23202132122709376
WOW__TEST__STEGO__7337.pgm,7337.pgm,WOW,1,${BOSSBASE_ROOT}\stego\WOW\0.4bpp\stego\7337.pgm,0.991422514586288,0.491455078125,0.51220703125,0.491455078125,0.51220703125,0.9295683842009755,0.50537109375,0.5322265625,0.50537109375,0.5322265625,0.9943799635999729,0.50048828125,0.548828125,0.50048828125,0.548828125,0.005220125693558397,0.52783203125,0.54833984375,0.52783203125,0.54833984375,0.9933071490757153,0.4921875,0.62451171875,0.4921875,0.62451171875,WOW,0.18689614082018927,0.001676542641238457,0.13739873972284722,0.17950771001040022,0.49452086680532487
WOW__TEST__STEGO__4097.pgm,4097.pgm,WOW,1,${BOSSBASE_ROOT}\stego\WOW\0.4bpp\stego\4097.pgm,0.5314525553714766,0.491455078125,0.51220703125,0.491455078125,0.51220703125,0.45453268843953953,0.50537109375,0.5322265625,0.50537109375,0.5322265625,0.4724248588072593,0.50048828125,0.548828125,0.50048828125,0.548828125,0.5275903535457698,0.52783203125,0.54833984375,0.52783203125,0.54833984375,0.00013658354314419535,0.4921875,0.62451171875,0.4921875,0.62451171875,S-UNIWARD,0.17888860347386606,0.23734247453157117,0.06599347531507695,0.25940921593969724,0.25836623073978854
WOW__TEST__STEGO__5228.pgm,5228.pgm,WOW,1,${BOSSBASE_ROOT}\stego\WOW\0.4bpp\stego\5228.pgm,0.991186833496954,0.491455078125,0.51220703125,0.491455078125,0.51220703125,0.9952632510442234,0.50537109375,0.5322265625,0.50537109375,0.5322265625,0.9895109087400621,0.50048828125,0.548828125,0.50048828125,0.548828125,0.02153287714620796,0.52783203125,0.54833984375,0.52783203125,0.54833984375,0.9900635812940538,0.4921875,0.62451171875,0.4921875,0.62451171875,WOW,0.16821840404370775,0.0018001507619953582,0.1260246428587654,0.22535943162245642,0.4785973707130751
WOW__TEST__STEGO__5479.pgm,5479.pgm,WOW,1,${BOSSBASE_ROOT}\stego\WOW\0.4bpp\stego\5479.pgm,0.3806438272305297,0.491455078125,0.51220703125,0.491455078125,0.51220703125,0.5262058231415154,0.50537109375,0.5322265625,0.50537109375,0.5322265625,0.5550433447701385,0.50048828125,0.548828125,0.50048828125,0.548828125,0.6423203052849601,0.52783203125,0.54833984375,0.52783203125,0.54833984375,0.5552242238689906,0.4921875,0.62451171875,0.4921875,0.62451171875,HUGO,0.18000657608337806,0.3278430988701782,0.20899052275594027,0.1920120427964673,0.0911477594940364
WOW__TEST__STEGO__1002.pgm,1002.pgm,WOW,1,${BOSSBASE_ROOT}\stego\WOW\0.4bpp\stego\1002.pgm,0.9675331855246277,0.491455078125,0.51220703125,0.491455078125,0.51220703125,0.06255973078843143,0.50537109375,0.5322265625,0.50537109375,0.5322265625,0.4853633748665571,0.50048828125,0.548828125,0.50048828125,0.548828125,0.6461253523836177,0.52783203125,0.54833984375,0.52783203125,0.54833984375,0.5904840560655199,0.4921875,0.62451171875,0.4921875,0.62451171875,WOW,0.09137501114023829,0.07915804906961992,0.13876682441998198,0.02122536157691391,0.6694747537932458
WOW__TEST__STEGO__9078.pgm,9078.pgm,WOW,1,${BOSSBASE_ROOT}\stego\WOW\0.4bpp\stego\9078.pgm,0.5215930063904107,0.491455078125,0.51220703125,0.491455078125,0.51220703125,0.524881774013967,0.50537109375,0.5322265625,0.50537109375,0.5322265625,0.5403781868341606,0.50048828125,0.548828125,0.50048828125,0.548828125,0.5121741070680396,0.52783203125,0.54833984375,0.52783203125,0.54833984375,0.5408632453054459,0.4921875,0.62451171875,0.4921875,0.62451171875,S-UNIWARD,0.19380859540775805,0.16948544449282382,0.21293693197106428,0.22714322807936516,0.19662580004898864
WOW__TEST__STEGO__6987.pgm,6987.pgm,WOW,1,${BOSSBASE_ROOT}\stego\WOW\0.4bpp\stego\6987.pgm,0.9886682464686385,0.491455078125,0.51220703125,0.491455078125,0.51220703125,0.9424007941334204,0.50537109375,0.5322265625,0.50537109375,0.5322265625,0.9118099551992372,0.50048828125,0.548828125,0.50048828125,0.548828125,0.41359556977178225,0.52783203125,0.54833984375,0.52783203125,0.54833984375,0.8652240825770433,0.4921875,0.62451171875,0.4921875,0.62451171875,WOW,0.13014001544538117,0.014030034673459946,0.10967310247655924,0.23366353035483992,0.5124933170497598
WOW__TEST__STEGO__5435.pgm,5435.pgm,WOW,1,${BOSSBASE_ROOT}\stego\WOW\0.4bpp\stego\5435.pgm,0.9880389017501905,0.491455078125,0.51220703125,0.491455078125,0.51220703125,0.00952248567033666,0.50537109375,0.5322265625,0.50537109375,0.5322265625,0.8786270185919375,0.50048828125,0.548828125,0.50048828125,0.548828125,0.33133606382131414,0.52783203125,0.54833984375,0.52783203125,0.54833984375,0.5915462851603492,0.4921875,0.62451171875,0.4921875,0.62451171875,WOW,0.27470423290475204,0.008667923934975444,0.11894003817827013,0.008245596856275038,0.5894422081257275
WOW__TEST__STEGO__9390.pgm,9390.pgm,WOW,1,${BOSSBASE_ROOT}\stego\WOW\0.4bpp\stego\9390.pgm,0.9916195466489739,0.491455078125,0.51220703125,0.491455078125,0.51220703125,0.993734466224161,0.50537109375,0.5322265625,0.50537109375,0.5322265625,0.991554373058874,0.50048828125,0.548828125,0.50048828125,0.548828125,0.09009299396195182,0.52783203125,0.54833984375,0.52783203125,0.54833984375,0.9896318433492118,0.4921875,0.62451171875,0.4921875,0.62451171875,WOW,0.16597614950359008,0.0024991022167965577,0.12794414445062982,0.2248015045593295,0.47877909926965406
WOW__TEST__STEGO__3564.pgm,3564.pgm,WOW,1,${BOSSBASE_ROOT}\stego\WOW\0.4bpp\stego\3564.pgm,0.9718325271427217,0.491455078125,0.51220703125,0.491455078125,0.51220703125,0.8918110454379297,0.50537109375,0.5322265625,0.50537109375,0.5322265625,0.9744347860767304,0.50048828125,0.548828125,0.50048828125,0.548828125,0.2145268175126055,0.52783203125,0.54833984375,0.52783203125,0.54833984375,0.7327830999605387,0.4921875,0.62451171875,0.4921875,0.62451171875,WOW,0.18601523746877685,0.005551927882228292,0.08645694820305078,0.19614159240172727,0.5258342940442168
WOW__TEST__STEGO__6589.pgm,6589.pgm,WOW,1,${BOSSBASE_ROOT}\stego\WOW\0.4bpp\stego\6589.pgm,0.15571934039527902,0.491455078125,0.51220703125,0.491455078125,0.51220703125,0.2540460275960493,0.50537109375,0.5322265625,0.50537109375,0.5322265625,0.543953634946139,0.50048828125,0.548828125,0.50048828125,0.548828125,0.22219340792627282,0.52783203125,0.54833984375,0.52783203125,0.54833984375,0.5135159934921367,0.4921875,0.62451171875,0.4921875,0.62451171875,HILL,0.41296712811077213,0.08411589670932731,0.3507826560940366,0.09970636386679733,0.052427955219066666
WOW__TEST__STEGO__7198.pgm,7198.pgm,WOW,1,${BOSSBASE_ROOT}\stego\WOW\0.4bpp\stego\7198.pgm,0.9901401446964613,0.491455078125,0.51220703125,0.491455078125,0.51220703125,0.9903290072365529,0.50537109375,0.5322265625,0.50537109375,0.5322265625,0.9875683491468141,0.50048828125,0.548828125,0.50048828125,0.548828125,0.011419614645648401,0.52783203125,0.54833984375,0.52783203125,0.54833984375,0.22371607247291164,0.4921875,0.62451171875,0.4921875,0.62451171875,WOW,0.15446959542845373,0.0019299717474708003,0.018767263772723527,0.2833011027599921,0.5415320662913599
WOW__TEST__STEGO__3827.pgm,3827.pgm,WOW,1,${BOSSBASE_ROOT}\stego\WOW\0.4bpp\stego\3827.pgm,0.5046843111859444,0.491455078125,0.51220703125,0.491455078125,0.51220703125,0.5112743337509353,0.50537109375,0.5322265625,0.50537109375,0.5322265625,0.5208923691514835,0.50048828125,0.548828125,0.50048828125,0.548828125,0.5161077054097464,0.52783203125,0.54833984375,0.52783203125,0.54833984375,0.5082084909529242,0.4921875,0.62451171875,0.4921875,0.62451171875,S-UNIWARD,0.19068088084837997,0.18608838360145732,0.20474430195151483,0.22953295176415459,0.18895348183449326
WOW__TEST__STEGO__2875.pgm,2875.pgm,WOW,1,${BOSSBASE_ROOT}\stego\WOW\0.4bpp\stego\2875.pgm,0.502780885632119,0.491455078125,0.51220703125,0.491455078125,0.51220703125,0.46699751538601353,0.50537109375,0.5322265625,0.50537109375,0.5322265625,0.5057446812855915,0.50048828125,0.548828125,0.50048828125,0.548828125,0.5100694391475777,0.52783203125,0.54833984375,0.52783203125,0.54833984375,0.49741175102399804,0.4921875,0.62451171875,0.4921875,0.62451171875,MiPOD,0.19647412605011338,0.18941362038829854,0.21311091930061196,0.20588088598059182,0.1951204482803843
WOW__TEST__STEGO__9173.pgm,9173.pgm,WOW,1,${BOSSBASE_ROOT}\stego\WOW\0.4bpp\stego\9173.pgm,0.9913892323324893,0.491455078125,0.51220703125,0.491455078125,0.51220703125,0.9537080988961596,0.50537109375,0.5322265625,0.50537109375,0.5322265625,0.9917163731139695,0.50048828125,0.548828125,0.50048828125,0.548828125,0.007260866498285615,0.52783203125,0.54833984375,0.52783203125,0.54833984375,0.9926541734255229,0.4921875,0.62451171875,0.4921875,0.62451171875,WOW,0.17983869083539547,0.0016924750163179521,0.13335364016195841,0.19559325831835025,0.48952193566797797
WOW__TEST__STEGO__5358.pgm,5358.pgm,WOW,1,${BOSSBASE_ROOT}\stego\WOW\0.4bpp\stego\5358.pgm,0.9927391335017144,0.491455078125,0.51220703125,0.491455078125,0.51220703125,0.9947186660939477,0.50537109375,0.5322265625,0.50537109375,0.5322265625,0.9914556693065582,0.50048828125,0.548828125,0.50048828125,0.548828125,0.9896318433492118,0.52783203125,0.54833984375,0.52783203125,0.54833984375,0.9892232739499199,0.4921875,0.62451171875,0.4921875,0.62451171875,WOW,0.10636442157996802,0.1620474890120289,0.13026232871530452,0.20480211398848427,0.3965236467042142
WOW__TEST__STEGO__6931.pgm,6931.pgm,WOW,1,${BOSSBASE_ROOT}\stego\WOW\0.4bpp\stego\6931.pgm,0.9878996141864553,0.491455078125,0.51220703125,0.491455078125,0.51220703125,0.9608048667967017,0.50537109375,0.5322265625,0.50537109375,0.5322265625,0.9867771782476948,0.50048828125,0.548828125,0.50048828125,0.548828125,0.9887119261007691,0.52783203125,0.54833984375,0.52783203125,0.54833984375,0.9913892323324893,0.4921875,0.62451171875,0.4921875,0.62451171875,WOW,0.11109812643406601,0.16614767014296575,0.13812585018915682,0.18577614148323707,0.3988522117505744
WOW__TEST__STEGO__5808.pgm,5808.pgm,WOW,1,${BOSSBASE_ROOT}\stego\WOW\0.4bpp\stego\5808.pgm,0.9566342012360932,0.491455078125,0.51220703125,0.491455078125,0.51220703125,0.20418317010755893,0.50537109375,0.5322265625,0.50537109375,0.5322265625,0.47915332746648365,0.50048828125,0.548828125,0.50048828125,0.548828125,0.6049241701081643,0.52783203125,0.54833984375,0.52783203125,0.54833984375,0.29330326261689843,0.4921875,0.62451171875,0.4921875,0.62451171875,WOW,0.08530754454011939,0.07825134707882972,0.06435331014736866,0.04365014349819194,0.7284376547354902
WOW__TEST__STEGO__702.pgm,702.pgm,WOW,1,${BOSSBASE_ROOT}\stego\WOW\0.4bpp\stego\702.pgm,0.9705764200363561,0.491455078125,0.51220703125,0.491455078125,0.51220703125,0.050705364797830506,0.50537109375,0.5322265625,0.50537109375,0.5322265625,0.976535343307368,0.50048828125,0.548828125,0.50048828125,0.548828125,0.10706346207954626,0.52783203125,0.54833984375,0.52783203125,0.54833984375,0.8776866156761532,0.4921875,0.62451171875,0.4921875,0.62451171875,WOW,0.3425757795644094,0.002250148724288112,0.1990048586964711,0.0065509153010027375,0.44961829771382866
WOW__TEST__STEGO__5559.pgm,5559.pgm,WOW,1,${BOSSBASE_ROOT}\stego\WOW\0.4bpp\stego\5559.pgm,0.9505947548144925,0.491455078125,0.51220703125,0.491455078125,0.51220703125,0.6183772176019395,0.50537109375,0.5322265625,0.50537109375,0.5322265625,0.5271187469170732,0.50048828125,0.548828125,0.50048828125,0.548828125,0.4939349288461568,0.52783203125,0.54833984375,0.52783203125,0.54833984375,0.5649387441833068,0.4921875,0.62451171875,0.4921875,0.62451171875,WOW,0.0700531120194854,0.0438355240915214,0.08569816478970432,0.16854628373442082,0.631866915364868
WOW__TEST__STEGO__8476.pgm,8476.pgm,WOW,1,${BOSSBASE_ROOT}\stego\WOW\0.4bpp\stego\8476.pgm,0.9870296135626316,0.491455078125,0.51220703125,0.491455078125,0.51220703125,0.05242456596260685,0.50537109375,0.5322265625,0.50537109375,0.5322265625,0.9822196099268891,0.50048828125,0.548828125,0.50048828125,0.548828125,0.010944577400979882,0.52783203125,0.54833984375,0.52783203125,0.54833984375,0.9849852519941804,0.4921875,0.62451171875,0.4921875,0.62451171875,WOW,0.32834253503767147,0.0012340259273269092,0.23067097845415796,0.005734769554220201,0.4340176910266235
WOW__TEST__STEGO__5426.pgm,5426.pgm,WOW,1,${BOSSBASE_ROOT}\stego\WOW\0.4bpp\stego\5426.pgm,0.979155684383481,0.491455078125,0.51220703125,0.491455078125,0.51220703125,0.05320620747238809,0.50537109375,0.5322265625,0.50537109375,0.5322265625,0.24780535225298045,0.50048828125,0.548828125,0.50048828125,0.548828125,0.3275607406424654,0.52783203125,0.54833984375,0.52783203125,0.54833984375,0.369883916724456,0.4921875,0.62451171875,0.4921875,0.62451171875,WOW,0.05268409392074566,0.024591962488320754,0.07778599424201763,0.03190050756081358,0.8130374417881023
WOW__TEST__STEGO__2835.pgm,2835.pgm,WOW,1,${BOSSBASE_ROOT}\stego\WOW\0.4bpp\stego\2835.pgm,0.9499486938814428,0.491455078125,0.51220703125,0.491455078125,0.51220703125,0.776622938216557,0.50537109375,0.5322265625,0.50537109375,0.5322265625,0.4823529140684564,0.50048828125,0.548828125,0.50048828125,0.548828125,4.1399375473943306e-08,0.52783203125,0.54833984375,0.52783203125,0.54833984375,0.6578682066126202,0.4921875,0.62451171875,0.4921875,0.62451171875,WOW,0.058149043123922384,0.004023534151139255,0.07874111311203923,0.2802415827003181,0.578844726912581
WOW__TEST__STEGO__5627.pgm,5627.pgm,WOW,1,${BOSSBASE_ROOT}\stego\WOW\0.4bpp\stego\5627.pgm,0.9906960501316063,0.491455078125,0.51220703125,0.491455078125,0.51220703125,0.9944234551774075,0.50537109375,0.5322265625,0.50537109375,0.5322265625,0.9887119261007691,0.50048828125,0.548828125,0.50048828125,0.548828125,0.0050800369984775355,0.52783203125,0.54833984375,0.52783203125,0.54833984375,0.990216123982345,0.4921875,0.62451171875,0.4921875,0.62451171875,WOW,0.16906314452696597,0.0016673389059608953,0.12590299837122731,0.2248816656619453,0.4784848525339006
WOW__TEST__STEGO__5867.pgm,5867.pgm,WOW,1,${BOSSBASE_ROOT}\stego\WOW\0.4bpp\stego\5867.pgm,0.9913222832950107,0.491455078125,0.51220703125,0.491455078125,0.51220703125,0.009746104052554064,0.50537109375,0.5322265625,0.50537109375,0.5322265625,0.9912886155422945,0.50048828125,0.548828125,0.50048828125,0.548828125,0.008610767667510729,0.52783203125,0.54833984375,0.52783203125,0.54833984375,0.9782188286685003,0.4921875,0.62451171875,0.4921875,0.62451171875,WOW,0.33802555898322834,0.0011518681981800066,0.22695285573263324,0.004680725286474984,0.42918899179948344
WOW__TEST__STEGO__2029.pgm,2029.pgm,WOW,1,${BOSSBASE_ROOT}\stego\WOW\0.4bpp\stego\2029.pgm,0.9881766051636294,0.491455078125,0.51220703125,0.491455078125,0.51220703125,0.9895916858989275,0.50537109375,0.5322265625,0.50537109375,0.5322265625,0.9904035452676181,0.50048828125,0.548828125,0.50048828125,0.548828125,0.01098694263059318,0.52783203125,0.54833984375,0.52783203125,0.54833984375,0.9817006677897865,0.4921875,0.62451171875,0.4921875,0.62451171875,WOW,0.1719014537315261,0.0017341432342104484,0.12519307731933937,0.22298287520469032,0.47818845051023373
WOW__TEST__STEGO__7358.pgm,7358.pgm,WOW,1,${BOSSBASE_ROOT}\stego\WOW\0.4bpp\stego\7358.pgm,0.9897513980768414,0.491455078125,0.51220703125,0.491455078125,0.51220703125,0.9937829218577495,0.50537109375,0.5322265625,0.50537109375,0.5322265625,0.9940659331606164,0.50048828125,0.548828125,0.50048828125,0.548828125,0.031143830534778462,0.52783203125,0.54833984375,0.52783203125,0.54833984375,0.9895109087400621,0.4921875,0.62451171875,0.4921875,0.62451171875,WOW,0.17084832545913778,0.0018847242375119573,0.12682659940867194,0.22360483210582224,0.4768355187888561
WOW__TEST__STEGO__6369.pgm,6369.pgm,WOW,1,${BOSSBASE_ROOT}\stego\WOW\0.4bpp\stego\6369.pgm,0.9927391335017144,0.491455078125,0.51220703125,0.491455078125,0.51220703125,0.9900250791759213,0.50537109375,0.5322265625,0.50537109375,0.5322265625,0.9826909042463318,0.50048828125,0.548828125,0.50048828125,0.548828125,0.9508692112458993,0.52783203125,0.54833984375,0.52783203125,0.54833984375,0.9929061381210885,0.4921875,0.62451171875,0.4921875,0.62451171875,WOW,0.10844855132439676,0.13954527103466202,0.13452265412995412,0.20869691786353303,0.408786605647454
WOW__TEST__STEGO__3903.pgm,3903.pgm,WOW,1,${BOSSBASE_ROOT}\stego\WOW\0.4bpp\stego\3903.pgm,0.233182095312107,0.491455078125,0.51220703125,0.491455078125,0.51220703125,0.4128260193522576,0.50537109375,0.5322265625,0.50537109375,0.5322265625,0.6399611000948526,0.50048828125,0.548828125,0.50048828125,0.548828125,0.46872982973260513,0.52783203125,0.54833984375,0.52783203125,0.54833984375,0.6036982180667488,0.4921875,0.62451171875,0.4921875,0.62451171875,HILL,0.3348649717248615,0.1760264199440192,0.3108010438503032,0.12339777664772544,0.054909787833090695
WOW__TEST__STEGO__8938.pgm,8938.pgm,WOW,1,${BOSSBASE_ROOT}\stego\WOW\0.4bpp\stego\8938.pgm,0.9918437513730266,0.491455078125,0.51220703125,0.491455078125,0.51220703125,0.9900250791759213,0.50537109375,0.5322265625,0.50537109375,0.5322265625,0.9768465889071616,0.50048828125,0.548828125,0.50048828125,0.548828125,0.015365341441302218,0.52783203125,0.54833984375,0.52783203125,0.54833984375,0.8453050150325521,0.4921875,0.62451171875,0.4921875,0.62451171875,WOW,0.16399076161447101,0.0018497039971076483,0.0899357035517755,0.24065216924140803,0.5035716615952377
WOW__TEST__STEGO__8665.pgm,8665.pgm,WOW,1,${BOSSBASE_ROOT}\stego\WOW\0.4bpp\stego\8665.pgm,0.9886243997611625,0.491455078125,0.51220703125,0.491455078125,0.51220703125,0.9897513980768414,0.50537109375,0.5322265625,0.50537109375,0.5322265625,0.9801672891959912,0.50048828125,0.548828125,0.50048828125,0.548828125,0.01495708659314999,0.52783203125,0.54833984375,0.52783203125,0.54833984375,0.983596967483837,0.4921875,0.62451171875,0.4921875,0.62451171875,WOW,0.16664430213826667,0.0017883005934957042,0.1256879046390019,0.22627384714223164,0.4796056454870042
WOW__TEST__STEGO__1021.pgm,1021.pgm,WOW,1,${BOSSBASE_ROOT}\stego\WOW\0.4bpp\stego\1021.pgm,0.48309970221974935,0.491455078125,0.51220703125,0.491455078125,0.51220703125,0.5007243151366443,0.50537109375,0.5322265625,0.50537109375,0.5322265625,0.5139581643303511,0.50048828125,0.548828125,0.50048828125,0.548828125,0.4978981141880675,0.52783203125,0.54833984375,0.52783203125,0.54833984375,0.5014152489060038,0.4921875,0.62451171875,0.4921875,0.62451171875,S-UNIWARD,0.1979493344321844,0.18286382314274002,0.21089452336902095,0.22996848385728755,0.178323835198767
WOW__TEST__STEGO__7428.pgm,7428.pgm,WOW,1,${BOSSBASE_ROOT}\stego\WOW\0.4bpp\stego\7428.pgm,0.9801672891959912,0.491455078125,0.51220703125,0.491455078125,0.51220703125,0.7879311956428947,0.50537109375,0.5322265625,0.50537109375,0.5322265625,0.5001901388076682,0.50048828125,0.548828125,0.50048828125,0.548828125,0.030675801710674105,0.52783203125,0.54833984375,0.52783203125,0.54833984375,0.6335236360273994,0.4921875,0.62451171875,0.4921875,0.62451171875,WOW,0.054362612869107124,0.004055122781123961,0.06730704833065902,0.26607031040737805,0.6082049056117318
WOW__TEST__STEGO__1652.pgm,1652.pgm,WOW,1,${BOSSBASE_ROOT}\stego\WOW\0.4bpp\stego\1652.pgm,0.9918120900983038,0.491455078125,0.51220703125,0.491455078125,0.51220703125,0.9921537607074791,0.50537109375,0.5322265625,0.50537109375,0.5322265625,0.9872772918000768,0.50048828125,0.548828125,0.50048828125,0.548828125,0.007695647178392188,0.52783203125,0.54833984375,0.52783203125,0.54833984375,0.9834068220804095,0.4921875,0.62451171875,0.4921875,0.62451171875,WOW,0.1684230944664917,0.0016906024685865572,0.12406066760999755,0.22408914950790212,0.4817364859470221
WOW__TEST__STEGO__4754.pgm,4754.pgm,WOW,1,${BOSSBASE_ROOT}\stego\WOW\0.4bpp\stego\4754.pgm,0.26133092567451033,0.491455078125,0.51220703125,0.491455078125,0.51220703125,0.6120198520821877,0.50537109375,0.5322265625,0.50537109375,0.5322265625,0.46690636261808394,0.50048828125,0.548828125,0.50048828125,0.548828125,0.9975750857332447,0.52783203125,0.54833984375,0.52783203125,0.54833984375,0.43398146480389854,0.4921875,0.62451171875,0.4921875,0.62451171875,HUGO,0.03860231629614977,0.7912226771779216,0.051637672465906025,0.10099093608255809,0.017546397977464597
WOW__TEST__STEGO__3800.pgm,3800.pgm,WOW,1,${BOSSBASE_ROOT}\stego\WOW\0.4bpp\stego\3800.pgm,0.40680305997415245,0.491455078125,0.51220703125,0.491455078125,0.51220703125,0.562777322671696,0.50537109375,0.5322265625,0.50537109375,0.5322265625,0.042722197546490565,0.50048828125,0.548828125,0.50048828125,0.548828125,0.6422081173490422,0.52783203125,0.54833984375,0.52783203125,0.54833984375,0.11858909657632803,0.4921875,0.62451171875,0.4921875,0.62451171875,HUGO,0.026974120424907825,0.46241077738335584,0.046259256232849134,0.37854040925566745,0.08581543670321976
WOW__TEST__STEGO__950.pgm,950.pgm,WOW,1,${BOSSBASE_ROOT}\stego\WOW\0.4bpp\stego\950.pgm,0.9890554225990201,0.491455078125,0.51220703125,0.491455078125,0.51220703125,0.8470843821508236,0.50537109375,0.5322265625,0.50537109375,0.5322265625,0.8814109034236719,0.50048828125,0.548828125,0.50048828125,0.548828125,0.1248518201615651,0.52783203125,0.54833984375,0.52783203125,0.54833984375,0.909746767946179,0.4921875,0.62451171875,0.4921875,0.62451171875,WOW,0.1491932962299403,0.003688658536061321,0.1301528040363541,0.17235199761460604,0.5446132435830383
WOW__TEST__STEGO__6679.pgm,6679.pgm,WOW,1,${BOSSBASE_ROOT}\stego\WOW\0.4bpp\stego\6679.pgm,0.9881308789536605,0.491455078125,0.51220703125,0.491455078125,0.51220703125,0.9879462204837635,0.50537109375,0.5322265625,0.50537109375,0.5322265625,0.9713473306904065,0.50048828125,0.548828125,0.50048828125,0.548828125,0.9641193044741588,0.52783203125,0.54833984375,0.52783203125,0.54833984375,0.9815597909507104,0.4921875,0.62451171875,0.4921875,0.62451171875,WOW,0.10464697667216442,0.1517732341401425,0.13125340012774722,0.2109709949235087,0.4013553941364371
WOW__TEST__STEGO__2702.pgm,2702.pgm,WOW,1,${BOSSBASE_ROOT}\stego\WOW\0.4bpp\stego\2702.pgm,0.992710922416408,0.491455078125,0.51220703125,0.491455078125,0.51220703125,0.9934357507792255,0.50537109375,0.5322265625,0.50537109375,0.5322265625,0.9901019362839765,0.50048828125,0.548828125,0.50048828125,0.548828125,0.07316472140562331,0.52783203125,0.54833984375,0.52783203125,0.54833984375,0.9891396689867223,0.4921875,0.62451171875,0.4921875,0.62451171875,WOW,0.16577206277347806,0.002299336598356289,0.12704312403043574,0.22434359567003218,0.4805418809276976
WOW__TEST__STEGO__854.pgm,854.pgm,WOW,1,${BOSSBASE_ROOT}\stego\WOW\0.4bpp\stego\854.pgm,0.9909797204985978,0.491455078125,0.51220703125,0.491455078125,0.51220703125,0.25926260794247247,0.50537109375,0.5322265625,0.50537109375,0.5322265625,0.3019792286491274,0.50048828125,0.548828125,0.50048828125,0.548828125,0.8877896276377429,0.52783203125,0.54833984375,0.52783203125,0.54833984375,0.6708239596234855,0.4921875,0.62451171875,0.4921875,0.62451171875,WOW,0.03220885418601095,0.24374157145006894,0.1132312135721484,0.0439708862688668,0.5668474745229048
WOW__TEST__STEGO__7432.pgm,7432.pgm,WOW,1,${BOSSBASE_ROOT}\stego\WOW\0.4bpp\stego\7432.pgm,0.9900635812940538,0.491455078125,0.51220703125,0.491455078125,0.51220703125,0.9948202872296429,0.50537109375,0.5322265625,0.50537109375,0.5322265625,0.991083872947128,0.50048828125,0.548828125,0.50048828125,0.548828125,0.9635748473593744,0.52783203125,0.54833984375,0.52783203125,0.54833984375,0.9870296135626316,0.4921875,0.62451171875,0.4921875,0.62451171875,WOW,0.10975233585089655,0.14696379713479052,0.13205398571417876,0.20952880350947792,0.4017010777906562
WOW__TEST__STEGO__5623.pgm,5623.pgm,WOW,1,${BOSSBASE_ROOT}\stego\WOW\0.4bpp\stego\5623.pgm,0.988755439279336,0.491455078125,0.51220703125,0.491455078125,0.51220703125,0.995354442450284,0.50537109375,0.5322265625,0.50537109375,0.5322265625,0.9893474891602738,0.50048828125,0.548828125,0.50048828125,0.548828125,0.009936418705946226,0.52783203125,0.54833984375,0.52783203125,0.54833984375,0.9893474891602738,0.4921875,0.62451171875,0.4921875,0.62451171875,WOW,0.16970793728416433,0.0017166141707429,0.12621495723678192,0.22635175084147746,0.4760087404668335
WOW__TEST__STEGO__6095.pgm,6095.pgm,WOW,1,${BOSSBASE_ROOT}\stego\WOW\0.4bpp\stego\6095.pgm,0.9860442896017267,0.491455078125,0.51220703125,0.491455078125,0.51220703125,0.008847355082930386,0.50537109375,0.5322265625,0.50537109375,0.5322265625,0.979393523864564,0.50048828125,0.548828125,0.50048828125,0.548828125,0.009196552423046733,0.52783203125,0.54833984375,0.52783203125,0.54833984375,0.9651848037780948,0.4921875,0.62451171875,0.4921875,0.62451171875,WOW,0.33577291818216304,0.0012141018448296789,0.2259232203541994,0.0048871149296388075,0.432202644689169
WOW__TEST__STEGO__7405.pgm,7405.pgm,WOW,1,${BOSSBASE_ROOT}\stego\WOW\0.4bpp\stego\7405.pgm,0.1440284164176104,0.491455078125,0.51220703125,0.491455078125,0.51220703125,0.467331761006739,0.50537109375,0.5322265625,0.50537109375,0.5322265625,0.04724971350148983,0.50048828125,0.548828125,0.50048828125,0.548828125,0.09773431959046293,0.52783203125,0.54833984375,0.52783203125,0.54833984375,0.0594282210736403,0.4921875,0.62451171875,0.4921875,0.62451171875,S-UNIWARD,0.09681673516779125,0.11591671104783734,0.10584058942144511,0.6127235854132496,0.06870237894967668
WOW__TEST__STEGO__2597.pgm,2597.pgm,WOW,1,${BOSSBASE_ROOT}\stego\WOW\0.4bpp\stego\2597.pgm,0.9901019362839765,0.491455078125,0.51220703125,0.491455078125,0.51220703125,0.9963500129687901,0.50537109375,0.5322265625,0.50537109375,0.5322265625,0.9897513980768414,0.50048828125,0.548828125,0.50048828125,0.548828125,0.01826427835185701,0.52783203125,0.54833984375,0.52783203125,0.54833984375,0.9870795269609209,0.4921875,0.62451171875,0.4921875,0.62451171875,WOW,0.1687088506574025,0.0017788753374021135,0.12520971429258831,0.22678977945730758,0.4775127802552995
WOW__TEST__STEGO__1561.pgm,1561.pgm,WOW,1,${BOSSBASE_ROOT}\stego\WOW\0.4bpp\stego\1561.pgm,0.9885362026220039,0.491455078125,0.51220703125,0.491455078125,0.51220703125,0.972151549366048,0.50537109375,0.5322265625,0.50537109375,0.5322265625,0.9906599756149459,0.50048828125,0.548828125,0.50048828125,0.548828125,0.8251674695862236,0.52783203125,0.54833984375,0.52783203125,0.54833984375,0.9925969859111274,0.4921875,0.62451171875,0.4921875,0.62451171875,WOW,0.12760913753296751,0.08207235696344362,0.1448015099252356,0.20765915218764505,0.43785784339070816
WOW__TEST__STEGO__4912.pgm,4912.pgm,WOW,1,${BOSSBASE_ROOT}\stego\WOW\0.4bpp\stego\4912.pgm,0.9829546827465642,0.491455078125,0.51220703125,0.491455078125,0.51220703125,0.9620363047907355,0.50537109375,0.5322265625,0.50537109375,0.5322265625,0.9847524093785005,0.50048828125,0.548828125,0.50048828125,0.548828125,0.008061991528271641,0.52783203125,0.54833984375,0.52783203125,0.54833984375,0.9966884809397303,0.4921875,0.62451171875,0.4921875,0.62451171875,WOW,0.17807288760492462,0.0017591377681030389,0.13601126432531083,0.20610609127722707,0.47805061902443446
WOW__TEST__STEGO__956.pgm,956.pgm,WOW,1,${BOSSBASE_ROOT}\stego\WOW\0.4bpp\stego\956.pgm,0.989908684514805,0.491455078125,0.51220703125,0.491455078125,0.51220703125,0.982889110788156,0.50537109375,0.5322265625,0.50537109375,0.5322265625,0.9370957582019432,0.50048828125,0.548828125,0.50048828125,0.548828125,0.9693822208597555,0.52783203125,0.54833984375,0.52783203125,0.54833984375,0.9024377762417778,0.4921875,0.62451171875,0.4921875,0.62451171875,WOW,0.09404863969079512,0.163626711609919,0.10778149142722344,0.22278691840059012,0.4117562388714723
WOW__TEST__STEGO__3630.pgm,3630.pgm,WOW,1,${BOSSBASE_ROOT}\stego\WOW\0.4bpp\stego\3630.pgm,0.9914886969734374,0.491455078125,0.51220703125,0.491455078125,0.51220703125,0.9530133603823691,0.50537109375,0.5322265625,0.50537109375,0.5322265625,0.9621075733703927,0.50048828125,0.548828125,0.50048828125,0.548828125,0.014728613849722676,0.52783203125,0.54833984375,0.52783203125,0.54833984375,0.9626731126558706,0.4921875,0.62451171875,0.4921875,0.62451171875,WOW,0.1659860201019669,0.0018467996163850186,0.12492650445865568,0.20766483524437146,0.49957584057862103
WOW__TEST__STEGO__485.pgm,485.pgm,WOW,1,${BOSSBASE_ROOT}\stego\WOW\0.4bpp\stego\485.pgm,0.9907677855954636,0.491455078125,0.51220703125,0.491455078125,0.51220703125,0.050705364797830506,0.50537109375,0.5322265625,0.50537109375,0.5322265625,0.1634454411084719,0.50048828125,0.548828125,0.50048828125,0.548828125,0.02333076880848049,0.52783203125,0.54833984375,0.52783203125,0.54833984375,0.84325077894127,0.4921875,0.62451171875,0.4921875,0.62451171875,WOW,0.04236197701924886,0.005113100910418841,0.20793195193763614,0.026565206212729845,0.7180277639199664
WOW__TEST__STEGO__2699.pgm,2699.pgm,WOW,1,${BOSSBASE_ROOT}\stego\WOW\0.4bpp\stego\2699.pgm,0.5177842426321645,0.491455078125,0.51220703125,0.491455078125,0.51220703125,0.5104431221631873,0.50537109375,0.5322265625,0.50537109375,0.5322265625,0.510260095179739,0.50048828125,0.548828125,0.50048828125,0.548828125,0.5315437447754701,0.52783203125,0.54833984375,0.52783203125,0.54833984375,0.5638583367041237,0.4921875,0.62451171875,0.4921875,0.62451171875,MiPOD,0.17649624672434347,0.18948963594413246,0.22463198709099141,0.2191794665124096,0.190202663728123
WOW__TEST__STEGO__1404.pgm,1404.pgm,WOW,1,${BOSSBASE_ROOT}\stego\WOW\0.4bpp\stego\1404.pgm,0.9919691867837398,0.491455078125,0.51220703125,0.491455078125,0.51220703125,0.991083872947128,0.50537109375,0.5322265625,0.50537109375,0.5322265625,0.9874720680072551,0.50048828125,0.548828125,0.50048828125,0.548828125,0.012576348276879083,0.52783203125,0.54833984375,0.52783203125,0.54833984375,0.9608048667967017,0.4921875,0.62451171875,0.4921875,0.62451171875,WOW,0.16867260002008208,0.0017428031390925287,0.11797943373180904,0.22577125491487152,0.4858339081941448
WOW__TEST__STEGO__5881.pgm,5881.pgm,WOW,1,${BOSSBASE_ROOT}\stego\WOW\0.4bpp\stego\5881.pgm,0.9886243997611625,0.491455078125,0.51220703125,0.491455078125,0.51220703125,0.9901401446964613,0.50537109375,0.5322265625,0.50537109375,0.5322265625,0.8079157084225214,0.50048828125,0.548828125,0.50048828125,0.548828125,0.015130728307193727,0.52783203125,0.54833984375,0.52783203125,0.54833984375,0.9064876908461501,0.4921875,0.62451171875,0.4921875,0.62451171875,WOW,0.10045301561058331,0.0022401815330542795,0.10181272008671376,0.29635229757696835,0.49914178519268043
WOW__TEST__STEGO__9958.pgm,9958.pgm,WOW,1,${BOSSBASE_ROOT}\stego\WOW\0.4bpp\stego\9958.pgm,0.9894702878753826,0.491455078125,0.51220703125,0.491455078125,0.51220703125,0.9940889311437562,0.50537109375,0.5322265625,0.50537109375,0.5322265625,0.9902915235185259,0.50048828125,0.548828125,0.50048828125,0.548828125,0.005620036400026994,0.52783203125,0.54833984375,0.52783203125,0.54833984375,0.9918437513730266,0.4921875,0.62451171875,0.4921875,0.62451171875,WOW,0.17035304979460147,0.0016743322720885756,0.12682353310291108,0.22444477939128665,0.4767043054391123
WOW__TEST__STEGO__6892.pgm,6892.pgm,WOW,1,${BOSSBASE_ROOT}\stego\WOW\0.4bpp\stego\6892.pgm,0.9910492885631179,0.491455078125,0.51220703125,0.491455078125,0.51220703125,0.9897513980768414,0.50537109375,0.5322265625,0.50537109375,0.5322265625,0.9105453978311193,0.50048828125,0.548828125,0.50048828125,0.548828125,0.010611421330238862,0.52783203125,0.54833984375,0.52783203125,0.54833984375,0.9422946838534367,0.4921875,0.62451171875,0.4921875,0.62451171875,WOW,0.13618398111286026,0.0019207241835597338,0.11274571363532629,0.25389056416131334,0.49525901690694035
WOW__TEST__STEGO__851.pgm,851.pgm,WOW,1,${BOSSBASE_ROOT}\stego\WOW\0.4bpp\stego\851.pgm,0.9909096166863416,0.491455078125,0.51220703125,0.491455078125,0.51220703125,0.9938549079159148,0.50537109375,0.5322265625,0.50537109375,0.5322265625,0.08540366800216245,0.50048828125,0.548828125,0.50048828125,0.548828125,0.9744347860767304,0.52783203125,0.54833984375,0.52783203125,0.54833984375,0.9766692311915195,0.4921875,0.62451171875,0.4921875,0.62451171875,S-UNIWARD,0.004404022319665396,0.26051535632857087,0.06431957918050599,0.41480504382622985,0.2559559983450279
WOW__TEST__STEGO__6176.pgm,6176.pgm,WOW,1,${BOSSBASE_ROOT}\stego\WOW\0.4bpp\stego\6176.pgm,0.9945940999219731,0.491455078125,0.51220703125,0.491455078125,0.51220703125,0.9580694764363313,0.50537109375,0.5322265625,0.50537109375,0.5322265625,0.9623913644941934,0.50048828125,0.548828125,0.50048828125,0.548828125,0.009559399347091532,0.52783203125,0.54833984375,0.52783203125,0.54833984375,0.9118099551992372,0.4921875,0.62451171875,0.4921875,0.62451171875,WOW,0.16424450686989325,0.0018064691324478164,0.10923278243709099,0.21475126628128183,0.5099649752792861
WOW__TEST__STEGO__5113.pgm,5113.pgm,WOW,1,${BOSSBASE_ROOT}\stego\WOW\0.4bpp\stego\5113.pgm,0.9918437513730266,0.491455078125,0.51220703125,0.491455078125,0.51220703125,0.009821792919693043,0.50537109375,0.5322265625,0.50537109375,0.5322265625,0.965641310666991,0.50048828125,0.548828125,0.50048828125,0.548828125,0.008219693061967886,0.52783203125,0.54833984375,0.52783203125,0.54833984375,0.5934325770869223,0.4921875,0.62451171875,0.4921875,0.62451171875,WOW,0.3515484429734311,0.0014709650447873594,0.10167183442499905,0.006428151511823941,0.5388806060449586
WOW__TEST__STEGO__2020.pgm,2020.pgm,WOW,1,${BOSSBASE_ROOT}\stego\WOW\0.4bpp\stego\2020.pgm,0.9880389017501905,0.491455078125,0.51220703125,0.491455078125,0.51220703125,0.9326989254150999,0.50537109375,0.5322265625,0.50537109375,0.5322265625,0.9141375437004452,0.50048828125,0.548828125,0.50048828125,0.548828125,0.9528381329658233,0.52783203125,0.54833984375,0.52783203125,0.54833984375,0.923592316649553,0.4921875,0.62451171875,0.4921875,0.62451171875,WOW,0.09630832003434715,0.1595618199618545,0.12220084694544914,0.1962841679204864,0.42564484513786277
WOW__TEST__STEGO__5105.pgm,5105.pgm,WOW,1,${BOSSBASE_ROOT}\stego\WOW\0.4bpp\stego\5105.pgm,0.9912208911330882,0.491455078125,0.51220703125,0.491455078125,0.51220703125,0.01191502196714824,0.50537109375,0.5322265625,0.50537109375,0.5322265625,0.07463503889650006,0.50048828125,0.548828125,0.50048828125,0.548828125,0.010489091259938018,0.52783203125,0.54833984375,0.52783203125,0.54833984375,0.2849738130736883,0.4921875,0.62451171875,0.4921875,0.62451171875,WOW,0.03455638049267186,0.006255890747619179,0.05715763884253092,0.03365211163828534,0.8683779782788927
WOW__TEST__STEGO__5839.pgm,5839.pgm,WOW,1,${BOSSBASE_ROOT}\stego\WOW\0.4bpp\stego\5839.pgm,0.9879462204837635,0.491455078125,0.51220703125,0.491455078125,0.51220703125,0.983847165177859,0.50537109375,0.5322265625,0.50537109375,0.5322265625,0.9929335990367509,0.50048828125,0.548828125,0.50048828125,0.548828125,0.6734064849628133,0.52783203125,0.54833984375,0.52783203125,0.54833984375,0.9808025508024198,0.4921875,0.62451171875,0.4921875,0.62451171875,WOW,0.1384249975249058,0.04114788611766977,0.14047369855584754,0.22319932010323737,0.4567540976983395
WOW__TEST__STEGO__6874.pgm,6874.pgm,WOW,1,${BOSSBASE_ROOT}\stego\WOW\0.4bpp\stego\6874.pgm,0.9907319866190857,0.491455078125,0.51220703125,0.491455078125,0.51220703125,0.991875291221819,0.50537109375,0.5322265625,0.50537109375,0.5322265625,0.991186833496954,0.50048828125,0.548828125,0.50048828125,0.548828125,0.014281933925111153,0.52783203125,0.54833984375,0.52783203125,0.54833984375,0.9904775143296634,0.4921875,0.62451171875,0.4921875,0.62451171875,WOW,0.17037488115769092,0.0017386447951325797,0.1266654768880261,0.22236190866670477,0.4788590884924456
WOW__TEST__STEGO__3846.pgm,3846.pgm,WOW,1,${BOSSBASE_ROOT}\stego\WOW\0.4bpp\stego\3846.pgm,0.9907319866190857,0.491455078125,0.51220703125,0.491455078125,0.51220703125,0.9014011355313043,0.50537109375,0.5322265625,0.50537109375,0.5322265625,0.16052905996022238,0.50048828125,0.548828125,0.50048828125,0.548828125,0.011375600238837661,0.52783203125,0.54833984375,0.52783203125,0.54833984375,0.026912304073801848,0.4921875,0.62451171875,0.4921875,0.62451171875,S-UNIWARD,0.010956695413350532,0.003949188740022643,0.00824522312619514,0.507893620865421,0.46895527185501074
WOW__TEST__STEGO__1346.pgm,1346.pgm,WOW,1,${BOSSBASE_ROOT}\stego\WOW\0.4bpp\stego\1346.pgm,0.7501869070811205,0.491455078125,0.51220703125,0.491455078125,0.51220703125,0.6091754673431612,0.50537109375,0.5322265625,0.50537109375,0.5322265625,0.5005326269042438,0.50048828125,0.548828125,0.50048828125,0.548828125,0.2869678647289528,0.52783203125,0.54833984375,0.52783203125,0.54833984375,0.4830234958323939,0.4921875,0.62451171875,0.4921875,0.62451171875,WOW,0.12480630719049653,0.036591092508494655,0.12064676760948931,0.27511013113035354,0.442845701561166
WOW__TEST__STEGO__4285.pgm,4285.pgm,WOW,1,${BOSSBASE_ROOT}\stego\WOW\0.4bpp\stego\4285.pgm,0.5072779283187168,0.491455078125,0.51220703125,0.491455078125,0.51220703125,0.5084525638018927,0.50537109375,0.5322265625,0.50537109375,0.5322265625,0.5080635708399561,0.50048828125,0.548828125,0.50048828125,0.548828125,0.5031108454794911,0.52783203125,0.54833984375,0.52783203125,0.54833984375,0.5159857608291253,0.4921875,0.62451171875,0.4921875,0.62451171875,S-UNIWARD,0.18646405051732912,0.17813018081795726,0.20991219656758758,0.23249837010490443,0.19299520199222167
WOW__TEST__STEGO__4353.pgm,4353.pgm,WOW,1,${BOSSBASE_ROOT}\stego\WOW\0.4bpp\stego\4353.pgm,0.28537195620910677,0.491455078125,0.51220703125,0.491455078125,0.51220703125,0.5312397719364985,0.50537109375,0.5322265625,0.50537109375,0.5322265625,0.5837373641748315,0.50048828125,0.548828125,0.50048828125,0.548828125,0.49506012777633546,0.52783203125,0.54833984375,0.52783203125,0.54833984375,0.5331240211472171,0.4921875,0.62451171875,0.4921875,0.62451171875,HILL,0.2542203170759323,0.2131543479102485,0.23894115663802215,0.22160518436749316,0.07207899400830385
WOW__TEST__STEGO__5499.pgm,5499.pgm,WOW,1,${BOSSBASE_ROOT}\stego\WOW\0.4bpp\stego\5499.pgm,0.2583259885691872,0.491455078125,0.51220703125,0.491455078125,0.51220703125,0.24220562872535945,0.50537109375,0.5322265625,0.50537109375,0.5322265625,0.32412842241943723,0.50048828125,0.548828125,0.50048828125,0.548828125,0.44104095242001645,0.52783203125,0.54833984375,0.52783203125,0.54833984375,0.011552670335220809,0.4921875,0.62451171875,0.4921875,0.62451171875,HUGO,0.2241003404785073,0.3565169814853229,0.1195639718612521,0.18915892721744032,0.11065977895747757
WOW__TEST__STEGO__6153.pgm,6153.pgm,WOW,1,${BOSSBASE_ROOT}\stego\WOW\0.4bpp\stego\6153.pgm,0.9940659331606164,0.491455078125,0.51220703125,0.491455078125,0.51220703125,0.9929335990367509,0.50537109375,0.5322265625,0.50537109375,0.5322265625,0.09518112544911916,0.50048828125,0.548828125,0.50048828125,0.548828125,0.02414542271746492,0.52783203125,0.54833984375,0.52783203125,0.54833984375,0.9882221573114803,0.4921875,0.62451171875,0.4921875,0.62451171875,S-UNIWARD,0.008591106947239028,0.0036944390766868963,0.07691716346290109,0.5343177199171381,0.37647957059603493
WOW__TEST__STEGO__7786.pgm,7786.pgm,WOW,1,${BOSSBASE_ROOT}\stego\WOW\0.4bpp\stego\7786.pgm,0.9909447358132779,0.491455078125,0.51220703125,0.491455078125,0.51220703125,0.9948803237619381,0.50537109375,0.5322265625,0.50537109375,0.5322265625,0.9918120900983038,0.50048828125,0.548828125,0.50048828125,0.548828125,0.976535343307368,0.52783203125,0.54833984375,0.52783203125,0.54833984375,0.9921537607074791,0.4921875,0.62451171875,0.4921875,0.62451171875,WOW,0.10830555428629392,0.15421247475875352,0.13252830559893808,0.20685189862972955,0.398101766726285
WOW__TEST__STEGO__3940.pgm,3940.pgm,WOW,1,${BOSSBASE_ROOT}\stego\WOW\0.4bpp\stego\3940.pgm,0.5001392364465962,0.491455078125,0.51220703125,0.491455078125,0.51220703125,0.5095355868500108,0.50537109375,0.5322265625,0.50537109375,0.5322265625,0.5113048357706128,0.50048828125,0.548828125,0.50048828125,0.548828125,0.5069270470002827,0.52783203125,0.54833984375,0.52783203125,0.54833984375,0.4987306622117811,0.4921875,0.62451171875,0.4921875,0.62451171875,S-UNIWARD,0.18923282989076057,0.18414985325223854,0.20300801357110942,0.23499547246046057,0.18861383082543093
WOW__TEST__STEGO__4278.pgm,4278.pgm,WOW,1,${BOSSBASE_ROOT}\stego\WOW\0.4bpp\stego\4278.pgm,0.6874201965622679,0.491455078125,0.51220703125,0.491455078125,0.51220703125,0.5595909097963417,0.50537109375,0.5322265625,0.50537109375,0.5322265625,0.5619661700730831,0.50048828125,0.548828125,0.50048828125,0.548828125,0.5107405350179702,0.52783203125,0.54833984375,0.52783203125,0.54833984375,0.5239227603131045,0.4921875,0.62451171875,0.4921875,0.62451171875,WOW,0.15880493331557538,0.11310966781248545,0.15911730190931697,0.22063123578791402,0.34833686117470825
WOW__TEST__STEGO__7939.pgm,7939.pgm,WOW,1,${BOSSBASE_ROOT}\stego\WOW\0.4bpp\stego\7939.pgm,0.3520903859453057,0.491455078125,0.51220703125,0.491455078125,0.51220703125,0.6525736018116379,0.50537109375,0.5322265625,0.50537109375,0.5322265625,1.2705822488467692e-05,0.50048828125,0.548828125,0.50048828125,0.548828125,0.07030384998194615,0.52783203125,0.54833984375,0.52783203125,0.54833984375,1.0956650033262367e-16,0.4921875,0.62451171875,0.4921875,0.62451171875,S-UNIWARD,0.03710048827899614,0.04820099139910053,0.04043810488133837,0.7764485006981652,0.09781191474239981
WOW__TEST__STEGO__1569.pgm,1569.pgm,WOW,1,${BOSSBASE_ROOT}\stego\WOW\0.4bpp\stego\1569.pgm,0.992767236196521,0.491455078125,0.51220703125,0.491455078125,0.51220703125,0.3618409462617462,0.50537109375,0.5322265625,0.50537109375,0.5322265625,0.0633663432033617,0.50048828125,0.548828125,0.50048828125,0.548828125,0.4631103671190127,0.52783203125,0.54833984375,0.52783203125,0.54833984375,0.5571827997844834,0.4921875,0.62451171875,0.4921875,0.62451171875,WOW,0.02003467769235795,0.0527356973749715,0.0844499297663352,0.10960226959984279,0.7331774255664926
WOW__TEST__STEGO__6639.pgm,6639.pgm,WOW,1,${BOSSBASE_ROOT}\stego\WOW\0.4bpp\stego\6639.pgm,0.9924227587321393,0.491455078125,0.51220703125,0.491455078125,0.51220703125,0.9940889311437562,0.50537109375,0.5322265625,0.50537109375,0.5322265625,0.9925969859111274,0.50048828125,0.548828125,0.50048828125,0.548828125,0.9914886969734374,0.52783203125,0.54833984375,0.52783203125,0.54833984375,0.9892232739499199,0.4921875,0.62451171875,0.4921875,0.62451171875,WOW,0.10668907380300736,0.16326363847820877,0.13036370310420614,0.20393478371804857,0.3957488008965293
WOW__TEST__STEGO__2592.pgm,2592.pgm,WOW,1,${BOSSBASE_ROOT}\stego\WOW\0.4bpp\stego\2592.pgm,0.9878996141864553,0.491455078125,0.51220703125,0.491455078125,0.51220703125,0.993461175022765,0.50537109375,0.5322265625,0.50537109375,0.5322265625,0.9681411443139596,0.50048828125,0.548828125,0.50048828125,0.548828125,0.010489091259938018,0.52783203125,0.54833984375,0.52783203125,0.54833984375,0.9897909456811917,0.4921875,0.62451171875,0.4921875,0.62451171875,WOW,0.16068370693365075,0.0017762816936051638,0.12690178972198538,0.2326148512176076,0.478023370433151
WOW__TEST__STEGO__3345.pgm,3345.pgm,WOW,1,${BOSSBASE_ROOT}\stego\WOW\0.4bpp\stego\3345.pgm,0.5235878247121413,0.491455078125,0.51220703125,0.491455078125,0.51220703125,0.5023917969416496,0.50537109375,0.5322265625,0.50537109375,0.5322265625,0.5245012345891777,0.50048828125,0.548828125,0.50048828125,0.548828125,0.5161686769816395,0.52783203125,0.54833984375,0.52783203125,0.54833984375,0.5152921652536999,0.4921875,0.62451171875,0.4921875,0.62451171875,S-UNIWARD,0.19133406360965569,0.17880412675283433,0.2068696546421883,0.21933970221637827,0.20365245277894348
WOW__TEST__STEGO__9882.pgm,9882.pgm,WOW,1,${BOSSBASE_ROOT}\stego\WOW\0.4bpp\stego\9882.pgm,0.9861513897844354,0.491455078125,0.51220703125,0.491455078125,0.51220703125,0.07263670636078697,0.50537109375,0.5322265625,0.50537109375,0.5322265625,0.3042483554536494,0.50048828125,0.548828125,0.50048828125,0.548828125,0.007345826574477061,0.52783203125,0.54833984375,0.52783203125,0.54833984375,0.23440664578188122,0.4921875,0.62451171875,0.4921875,0.62451171875,WOW,0.06526158715434216,0.00491039341597727,0.0507231919957822,0.03193721800787509,0.8471676094260232
WOW__TEST__STEGO__4657.pgm,4657.pgm,WOW,1,${BOSSBASE_ROOT}\stego\WOW\0.4bpp\stego\4657.pgm,0.5218823753997803,0.491455078125,0.51220703125,0.491455078125,0.51220703125,0.5088796815220297,0.50537109375,0.5322265625,0.50537109375,0.5322265625,0.5183023658113205,0.50048828125,0.548828125,0.50048828125,0.548828125,0.5062023795878379,0.52783203125,0.54833984375,0.52783203125,0.54833984375,0.5165040119741713,0.4921875,0.62451171875,0.4921875,0.62451171875,S-UNIWARD,0.18863490615275677,0.17325764956344006,0.2071067144425478,0.22764240863234902,0.20335832120890626
WOW__TEST__STEGO__7069.pgm,7069.pgm,WOW,1,${BOSSBASE_ROOT}\stego\WOW\0.4bpp\stego\7069.pgm,0.9881766051636294,0.491455078125,0.51220703125,0.491455078125,0.51220703125,0.9934865014403319,0.50537109375,0.5322265625,0.50537109375,0.5322265625,0.9936116790902788,0.50048828125,0.548828125,0.50048828125,0.548828125,0.4147803166455175,0.52783203125,0.54833984375,0.52783203125,0.54833984375,0.9904775143296634,0.4921875,0.62451171875,0.4921875,0.62451171875,WOW,0.15182431758749043,0.012028163457906383,0.13781653831724347,0.23012972363263742,0.46820125700472226
WOW__TEST__STEGO__5897.pgm,5897.pgm,WOW,1,${BOSSBASE_ROOT}\stego\WOW\0.4bpp\stego\5897.pgm,0.9915870224290223,0.491455078125,0.51220703125,0.491455078125,0.51220703125,0.9945730566510748,0.50537109375,0.5322265625,0.50537109375,0.5322265625,0.9904775143296634,0.50048828125,0.548828125,0.50048828125,0.548828125,0.025083140936028623,0.52783203125,0.54833984375,0.52783203125,0.54833984375,0.9907319866190857,0.4921875,0.62451171875,0.4921875,0.62451171875,WOW,0.16849011080026138,0.0018265469999528459,0.12631626241432253,0.22436246819835648,0.4790046115871067
WOW__TEST__STEGO__3642.pgm,3642.pgm,WOW,1,${BOSSBASE_ROOT}\stego\WOW\0.4bpp\stego\3642.pgm,0.9910145712474399,0.491455078125,0.51220703125,0.491455078125,0.51220703125,0.9945519319148104,0.50537109375,0.5322265625,0.50537109375,0.5322265625,0.9892232739499199,0.50048828125,0.548828125,0.50048828125,0.548828125,0.9515039967560431,0.52783203125,0.54833984375,0.52783203125,0.54833984375,0.9897513980768414,0.4921875,0.62451171875,0.4921875,0.62451171875,WOW,0.11026010209547643,0.1395802872248705,0.13338655564092547,0.21080944727126158,0.40596360776746593
WOW__TEST__STEGO__1363.pgm,1363.pgm,WOW,1,${BOSSBASE_ROOT}\stego\WOW\0.4bpp\stego\1363.pgm,0.6450081151596478,0.491455078125,0.51220703125,0.491455078125,0.51220703125,0.5340657948916008,0.50537109375,0.5322265625,0.50537109375,0.5322265625,0.5113963413236305,0.50048828125,0.548828125,0.50048828125,0.548828125,0.5081093352337127,0.52783203125,0.54833984375,0.52783203125,0.54833984375,0.5371020863865634,0.4921875,0.62451171875,0.4921875,0.62451171875,WOW,0.15211325420021615,0.13262555804676734,0.18010651104449843,0.22622104255165426,0.3089336341568638
WOW__TEST__STEGO__7078.pgm,7078.pgm,WOW,1,${BOSSBASE_ROOT}\stego\WOW\0.4bpp\stego\7078.pgm,0.987711402470298,0.491455078125,0.51220703125,0.491455078125,0.51220703125,0.9605095953512194,0.50537109375,0.5322265625,0.50537109375,0.5322265625,0.9915870224290223,0.50048828125,0.548828125,0.50048828125,0.548828125,0.009376237450848677,0.52783203125,0.54833984375,0.52783203125,0.54833984375,0.9870296135626316,0.4921875,0.62451171875,0.4921875,0.62451171875,WOW,0.17977313840109077,0.0017323378739217466,0.13177324405740387,0.20212282565787876,0.4845984540097047
WOW__TEST__STEGO__3608.pgm,3608.pgm,WOW,1,${BOSSBASE_ROOT}\stego\WOW\0.4bpp\stego\3608.pgm,0.9923637835053328,0.491455078125,0.51220703125,0.491455078125,0.51220703125,0.9947391477427643,0.50537109375,0.5322265625,0.50537109375,0.5322265625,0.9933588873579225,0.50048828125,0.548828125,0.50048828125,0.548828125,0.9912886155422945,0.52783203125,0.54833984375,0.52783203125,0.54833984375,0.9913222832950107,0.4921875,0.62451171875,0.4921875,0.62451171875,WOW,0.10686175199130563,0.16288153466101696,0.1309416871442361,0.20400208209210172,0.39531294411133955
WOW__TEST__STEGO__3394.pgm,3394.pgm,WOW,1,${BOSSBASE_ROOT}\stego\WOW\0.4bpp\stego\3394.pgm,0.5031299182229593,0.491455078125,0.51220703125,0.491455078125,0.51220703125,0.5056455120245532,0.50537109375,0.5322265625,0.50537109375,0.5322265625,0.5076326162762247,0.50048828125,0.548828125,0.50048828125,0.548828125,0.5021762710470049,0.52783203125,0.54833984375,0.52783203125,0.54833984375,0.5086279886799941,0.4921875,0.62451171875,0.4921875,0.62451171875,S-UNIWARD,0.18830586906221985,0.17982761108133807,0.20839061212564586,0.2322970508222635,0.19117885690853273
WOW__TEST__STEGO__4489.pgm,4489.pgm,WOW,1,${BOSSBASE_ROOT}\stego\WOW\0.4bpp\stego\4489.pgm,0.5550734923007133,0.491455078125,0.51220703125,0.491455078125,0.51220703125,0.5151549634608762,0.50537109375,0.5322265625,0.50537109375,0.5322265625,0.5471918768436008,0.50048828125,0.548828125,0.50048828125,0.548828125,0.5959041511286527,0.52783203125,0.54833984375,0.52783203125,0.54833984375,0.5167021575030887,0.4921875,0.62451171875,0.4921875,0.62451171875,HUGO,0.17611107751548935,0.22227426799890743,0.18729660261906922,0.20386005350511055,0.21045799836142345
WOW__TEST__STEGO__3277.pgm,3277.pgm,WOW,1,${BOSSBASE_ROOT}\stego\WOW\0.4bpp\stego\3277.pgm,0.9353465116437761,0.491455078125,0.51220703125,0.491455078125,0.51220703125,0.8975157807475012,0.50537109375,0.5322265625,0.50537109375,0.5322265625,0.9999941371859881,0.50048828125,0.548828125,0.50048828125,0.548828125,0.0008393599151498077,0.52783203125,0.54833984375,0.52783203125,0.54833984375,0.36977012034090956,0.4921875,0.62451171875,0.4921875,0.62451171875,WOW,0.22246246201757808,0.00228619772740428,0.036412335625789695,0.22789879971016755,0.5109402049190604
WOW__TEST__STEGO__9772.pgm,9772.pgm,WOW,1,${BOSSBASE_ROOT}\stego\WOW\0.4bpp\stego\9772.pgm,0.9184802440252811,0.491455078125,0.51220703125,0.491455078125,0.51220703125,0.8048664532049786,0.50537109375,0.5322265625,0.50537109375,0.5322265625,0.909103245693355,0.50048828125,0.548828125,0.50048828125,0.548828125,0.8062431344561782,0.52783203125,0.54833984375,0.52783203125,0.54833984375,0.8951566359697456,0.4921875,0.62451171875,0.4921875,0.62451171875,WOW,0.14926367855368927,0.11113185080783203,0.16452770350765766,0.15810394604905242,0.41697282108176864
WOW__TEST__STEGO__9254.pgm,9254.pgm,WOW,1,${BOSSBASE_ROOT}\stego\WOW\0.4bpp\stego\9254.pgm,0.3047654023316783,0.491455078125,0.51220703125,0.491455078125,0.51220703125,0.6683393162733969,0.50537109375,0.5322265625,0.50537109375,0.5322265625,0.9257686295391643,0.50048828125,0.548828125,0.50048828125,0.548828125,0.9758085141318649,0.52783203125,0.54833984375,0.52783203125,0.54833984375,0.8631610820984377,0.4921875,0.62451171875,0.4921875,0.62451171875,HUGO,0.1968188555165951,0.49681270516905435,0.20272775607463356,0.07841847154211132,0.025222211697605756
WOW__TEST__STEGO__6212.pgm,6212.pgm,WOW,1,${BOSSBASE_ROOT}\stego\WOW\0.4bpp\stego\6212.pgm,0.991186833496954,0.491455078125,0.51220703125,0.491455078125,0.51220703125,0.9916519461902167,0.50537109375,0.5322265625,0.50537109375,0.5322265625,0.9893885786697612,0.50048828125,0.548828125,0.50048828125,0.548828125,0.00740301408887263,0.52783203125,0.54833984375,0.52783203125,0.54833984375,0.9919380084717284,0.4921875,0.62451171875,0.4921875,0.62451171875,WOW,0.16971653027578898,0.0016825254350795091,0.12679804096741726,0.2223188518100782,0.47948405151163614
WOW__TEST__STEGO__2513.pgm,2513.pgm,WOW,1,${BOSSBASE_ROOT}\stego\WOW\0.4bpp\stego\2513.pgm,0.9889705299774982,0.491455078125,0.51220703125,0.491455078125,0.51220703125,0.9879462204837635,0.50537109375,0.5322265625,0.50537109375,0.5322265625,0.9855521474663975,0.50048828125,0.548828125,0.50048828125,0.548828125,0.9768465889071616,0.52783203125,0.54833984375,0.52783203125,0.54833984375,0.9885362026220039,0.4921875,0.62451171875,0.4921875,0.62451171875,WOW,0.10769697702496148,0.15685008012737595,0.13289443764055445,0.20473617867717103,0.3978223265299371
WOW__TEST__STEGO__4678.pgm,4678.pgm,WOW,1,${BOSSBASE_ROOT}\stego\WOW\0.4bpp\stego\4678.pgm,0.9626028664050041,0.491455078125,0.51220703125,0.491455078125,0.51220703125,0.8692713180565296,0.50537109375,0.5322265625,0.50537109375,0.5322265625,0.5589289541223805,0.50048828125,0.548828125,0.50048828125,0.548828125,0.26189685928479595,0.52783203125,0.54833984375,0.52783203125,0.54833984375,0.9046505351008906,0.4921875,0.62451171875,0.4921875,0.62451171875,WOW,0.05596738736853103,0.011094067262205973,0.12684591231176567,0.2982868138551336,0.5078058192023637
WOW__TEST__STEGO__4095.pgm,4095.pgm,WOW,1,${BOSSBASE_ROOT}\stego\WOW\0.4bpp\stego\4095.pgm,0.5180128311679311,0.491455078125,0.51220703125,0.491455078125,0.51220703125,0.5002194642879692,0.50537109375,0.5322265625,0.50537109375,0.5322265625,0.4994363787177307,0.50048828125,0.548828125,0.50048828125,0.548828125,0.5007920258573187,0.52783203125,0.54833984375,0.52783203125,0.54833984375,0.5053060447004004,0.4921875,0.62451171875,0.4921875,0.62451171875,S-UNIWARD,0.18322274228367197,0.17638987229522737,0.20569496866452872,0.23049470277242365,0.20419771398414832
WOW__TEST__STEGO__6274.pgm,6274.pgm,WOW,1,${BOSSBASE_ROOT}\stego\WOW\0.4bpp\stego\6274.pgm,0.9871787857334058,0.491455078125,0.51220703125,0.491455078125,0.51220703125,0.9676556676188429,0.50537109375,0.5322265625,0.50537109375,0.5322265625,0.9711838031967466,0.50048828125,0.548828125,0.50048828125,0.548828125,0.8240375258202992,0.52783203125,0.54833984375,0.52783203125,0.54833984375,0.9647224530933884,0.4921875,0.62451171875,0.4921875,0.62451171875,WOW,0.12197755578601985,0.08482950198323391,0.13662086563451561,0.213700721591131,0.4428713550050997
WOW__TEST__STEGO__1586.pgm,1586.pgm,WOW,1,${BOSSBASE_ROOT}\stego\WOW\0.4bpp\stego\1586.pgm,0.9899476313420319,0.491455078125,0.51220703125,0.491455078125,0.51220703125,0.9886243997611625,0.50537109375,0.5322265625,0.50537109375,0.5322265625,0.9916195466489739,0.50048828125,0.548828125,0.50048828125,0.548828125,0.9918120900983038,0.52783203125,0.54833984375,0.52783203125,0.54833984375,0.9886682464686385,0.4921875,0.62451171875,0.4921875,0.62451171875,WOW,0.10767766319517162,0.16512903681042437,0.13171419332644746,0.20131242211380382,0.3941666845541528
WOW__TEST__STEGO__6375.pgm,6375.pgm,WOW,1,${BOSSBASE_ROOT}\stego\WOW\0.4bpp\stego\6375.pgm,0.9871787857334058,0.491455078125,0.51220703125,0.491455078125,0.51220703125,0.9364014209523385,0.50537109375,0.5322265625,0.50537109375,0.5322265625,0.9486324916130384,0.50048828125,0.548828125,0.50048828125,0.548828125,0.7253569066240022,0.52783203125,0.54833984375,0.52783203125,0.54833984375,0.8243205491125412,0.4921875,0.62451171875,0.4921875,0.62451171875,WOW,0.12791877863114473,0.059019922358242626,0.10365819431811732,0.21863350342494384,0.4907696012675515
WOW__TEST__STEGO__5543.pgm,5543.pgm,WOW,1,${BOSSBASE_ROOT}\stego\WOW\0.4bpp\stego\5543.pgm,0.9920002454916221,0.491455078125,0.51220703125,0.491455078125,0.51220703125,0.9900635812940538,0.50537109375,0.5322265625,0.50537109375,0.5322265625,0.9925393565360598,0.50048828125,0.548828125,0.50048828125,0.548828125,0.9914556693065582,0.52783203125,0.54833984375,0.52783203125,0.54833984375,0.9931760452132232,0.4921875,0.62451171875,0.4921875,0.62451171875,WOW,0.10735329548094483,0.16346390613425338,0.1323907828806566,0.2010666192126912,0.39572539629145403
WOW__TEST__STEGO__1614.pgm,1614.pgm,WOW,1,${BOSSBASE_ROOT}\stego\WOW\0.4bpp\stego\1614.pgm,0.9903290072365529,0.491455078125,0.51220703125,0.491455078125,0.51220703125,0.9959770900642708,0.50537109375,0.5322265625,0.50537109375,0.5322265625,0.9900635812940538,0.50048828125,0.548828125,0.50048828125,0.548828125,0.04434858139539836,0.52783203125,0.54833984375,0.52783203125,0.54833984375,0.9870795269609209,0.4921875,0.62451171875,0.4921875,0.62451171875,WOW,0.16756170055273076,0.002016012527117417,0.1259296009524065,0.22685128999764506,0.47764139597010025
WOW__TEST__STEGO__2878.pgm,2878.pgm,WOW,1,${BOSSBASE_ROOT}\stego\WOW\0.4bpp\stego\2878.pgm,0.5523586174436167,0.491455078125,0.51220703125,0.491455078125,0.51220703125,0.5117318551034826,0.50537109375,0.5322265625,0.50537109375,0.5322265625,0.5109540575187637,0.50048828125,0.548828125,0.50048828125,0.548828125,0.5306773612312708,0.52783203125,0.54833984375,0.52783203125,0.54833984375,0.5215625456482837,0.4921875,0.62451171875,0.4921875,0.62451171875,S-UNIWARD,0.17308587037081552,0.18102013548282303,0.19905713288070362,0.22392105425388958,0.22291580701176816
WOW__TEST__STEGO__7335.pgm,7335.pgm,WOW,1,${BOSSBASE_ROOT}\stego\WOW\0.4bpp\stego\7335.pgm,0.8694931085969142,0.491455078125,0.51220703125,0.491455078125,0.51220703125,0.14033624949008322,0.50537109375,0.5322265625,0.50537109375,0.5322265625,0.5578754118788195,0.50048828125,0.548828125,0.50048828125,0.548828125,0.04434858139539836,0.52783203125,0.54833984375,0.52783203125,0.54833984375,0.6844749696763718,0.4921875,0.62451171875,0.4921875,0.62451171875,WOW,0.17996937790408296,0.006119292991805913,0.20520727709240247,0.03158888504938121,0.5771151669623275
WOW__TEST__STEGO__3181.pgm,3181.pgm,WOW,1,${BOSSBASE_ROOT}\stego\WOW\0.4bpp\stego\3181.pgm,0.37159259168594355,0.491455078125,0.51220703125,0.491455078125,0.51220703125,0.32124702583500586,0.50537109375,0.5322265625,0.50537109375,0.5322265625,0.5232224162319983,0.50048828125,0.548828125,0.50048828125,0.548828125,0.5087576491832119,0.52783203125,0.54833984375,0.52783203125,0.54833984375,0.48615618813002337,0.4921875,0.62451171875,0.4921875,0.62451171875,HILL,0.26635659468584055,0.22890742022336255,0.2637177965555125,0.12277194168613621,0.11824624684914826
WOW__TEST__STEGO__9145.pgm,9145.pgm,WOW,1,${BOSSBASE_ROOT}\stego\WOW\0.4bpp\stego\9145.pgm,0.9901019362839765,0.491455078125,0.51220703125,0.491455078125,0.51220703125,0.995354442450284,0.50537109375,0.5322265625,0.50537109375,0.5322265625,0.9938787187092715,0.50048828125,0.548828125,0.50048828125,0.548828125,0.974676939890233,0.52783203125,0.54833984375,0.52783203125,0.54833984375,0.993149519973355,0.4921875,0.62451171875,0.4921875,0.62451171875,WOW,0.10930698393232115,0.1530101546993041,0.13317550412014206,0.2070344740143831,0.3974728832338496
WOW__TEST__STEGO__9588.pgm,9588.pgm,WOW,1,${BOSSBASE_ROOT}\stego\WOW\0.4bpp\stego\9588.pgm,0.9353465116437761,0.491455078125,0.51220703125,0.491455078125,0.51220703125,0.7014063781134402,0.50537109375,0.5322265625,0.50537109375,0.5322265625,0.8479677583778257,0.50048828125,0.548828125,0.50048828125,0.548828125,0.6595148131373801,0.52783203125,0.54833984375,0.52783203125,0.54833984375,0.6463486089654296,0.4921875,0.62451171875,0.4921875,0.62451171875,WOW,0.1549668715456361,0.06569222827985227,0.10328908784615864,0.1405824046559092,0.5354694076724438
WOW__TEST__STEGO__6442.pgm,6442.pgm,WOW,1,${BOSSBASE_ROOT}\stego\WOW\0.4bpp\stego\6442.pgm,0.8542778402518431,0.491455078125,0.51220703125,0.491455078125,0.51220703125,0.5300692620353029,0.50537109375,0.5322265625,0.50537109375,0.5322265625,0.5321820112760233,0.50048828125,0.548828125,0.50048828125,0.548828125,0.5140115283124936,0.52783203125,0.54833984375,0.52783203125,0.54833984375,0.5912513068255869,0.4921875,0.62451171875,0.4921875,0.62451171875,WOW,0.10416837366313113,0.06968696712780457,0.13380843093058645,0.15355788440636695,0.538778343872111
WOW__TEST__STEGO__1529.pgm,1529.pgm,WOW,1,${BOSSBASE_ROOT}\stego\WOW\0.4bpp\stego\1529.pgm,0.9912548183179649,0.491455078125,0.51220703125,0.491455078125,0.51220703125,0.9923043528216078,0.50537109375,0.5322265625,0.50537109375,0.5322265625,0.9825575152637948,0.50048828125,0.548828125,0.50048828125,0.548828125,0.9655764505873501,0.52783203125,0.54833984375,0.52783203125,0.54833984375,0.9823555365894354,0.4921875,0.62451171875,0.4921875,0.62451171875,WOW,0.10685146269670907,0.149338195808099,0.13030908673392666,0.20988641749763867,0.4036148372636266
WOW__TEST__STEGO__9042.pgm,9042.pgm,WOW,1,${BOSSBASE_ROOT}\stego\WOW\0.4bpp\stego\9042.pgm,0.4644157296371567,0.491455078125,0.51220703125,0.491455078125,0.51220703125,0.503921428383216,0.50537109375,0.5322265625,0.50537109375,0.5322265625,0.4612594450824818,0.50048828125,0.548828125,0.50048828125,0.548828125,0.5175708866141864,0.52783203125,0.54833984375,0.52783203125,0.54833984375,0.5184852234764942,0.4921875,0.62451171875,0.4921875,0.62451171875,S-UNIWARD,0.16612855765257603,0.21434193052147807,0.21543138609670054,0.24310268550492195,0.16099544022432352
WOW__TEST__STEGO__3196.pgm,3196.pgm,WOW,1,${BOSSBASE_ROOT}\stego\WOW\0.4bpp\stego\3196.pgm,0.9842760094722643,0.491455078125,0.51220703125,0.491455078125,0.51220703125,0.9451974048440384,0.50537109375,0.5322265625,0.50537109375,0.5322265625,0.5977840017884547,0.50048828125,0.548828125,0.50048828125,0.548828125,0.5041388519974079,0.52783203125,0.54833984375,0.52783203125,0.54833984375,0.6090010778809511,0.4921875,0.62451171875,0.4921875,0.62451171875,WOW,0.04546629620038446,0.030662771545994127,0.05227811021030412,0.36834063634486325,0.5032521856984541
WOW__TEST__STEGO__2106.pgm,2106.pgm,WOW,1,${BOSSBASE_ROOT}\stego\WOW\0.4bpp\stego\2106.pgm,0.9803562393224404,0.491455078125,0.51220703125,0.491455078125,0.51220703125,0.21967211902506867,0.50537109375,0.5322265625,0.50537109375,0.5322265625,0.9501340950202013,0.50048828125,0.548828125,0.50048828125,0.548828125,0.02696349986233355,0.52783203125,0.54833984375,0.52783203125,0.54833984375,0.9950370578981272,0.4921875,0.62451171875,0.4921875,0.62451171875,WOW,0.2881298575317417,0.00161555211384969,0.23117582692608865,0.012509206702506827,0.46656955672581324
WOW__TEST__STEGO__9859.pgm,9859.pgm,WOW,1,${BOSSBASE_ROOT}\stego\WOW\0.4bpp\stego\9859.pgm,0.991422514586288,0.491455078125,0.51220703125,0.491455078125,0.51220703125,0.924004785181042,0.50537109375,0.5322265625,0.50537109375,0.5322265625,0.9788343817940421,0.50048828125,0.548828125,0.50048828125,0.548828125,0.008156248626973424,0.52783203125,0.54833984375,0.52783203125,0.54833984375,0.975854577282535,0.4921875,0.62451171875,0.4921875,0.62451171875,WOW,0.18070530719123498,0.0017519555575643505,0.13322943313724817,0.18242076192915063,0.5018925421848018
WOW__TEST__STEGO__114.pgm,114.pgm,WOW,1,${BOSSBASE_ROOT}\stego\WOW\0.4bpp\stego\114.pgm,0.983847165177859,0.491455078125,0.51220703125,0.491455078125,0.51220703125,0.4546234856254939,0.50537109375,0.5322265625,0.50537109375,0.5322265625,0.959837417123999,0.50048828125,0.548828125,0.50048828125,0.548828125,0.6844749696763718,0.52783203125,0.54833984375,0.52783203125,0.54833984375,0.7446563401437933,0.4921875,0.62451171875,0.4921875,0.62451171875,WOW,0.22211560478556666,0.0480852187960062,0.1366391992334854,0.03950829280932151,0.5536516843756202
WOW__TEST__STEGO__9269.pgm,9269.pgm,WOW,1,${BOSSBASE_ROOT}\stego\WOW\0.4bpp\stego\9269.pgm,0.9906960501316063,0.491455078125,0.51220703125,0.491455078125,0.51220703125,0.9941573948247951,0.50537109375,0.5322265625,0.50537109375,0.5322265625,0.9910492885631179,0.50048828125,0.548828125,0.50048828125,0.548828125,0.004755199909833047,0.52783203125,0.54833984375,0.52783203125,0.54833984375,0.985882106574795,0.4921875,0.62451171875,0.4921875,0.62451171875,WOW,0.17029366723471076,0.0016620356193613674,0.12468609657684881,0.22437155015086396,0.47898665041821514
WOW__TEST__STEGO__7304.pgm,7304.pgm,WOW,1,${BOSSBASE_ROOT}\stego\WOW\0.4bpp\stego\7304.pgm,0.9911526449170697,0.491455078125,0.51220703125,0.491455078125,0.51220703125,0.9955142054229602,0.50537109375,0.5322265625,0.50537109375,0.5322265625,0.9910145712474399,0.50048828125,0.548828125,0.50048828125,0.548828125,0.4763969504797943,0.52783203125,0.54833984375,0.52783203125,0.54833984375,0.9878058669624095,0.4921875,0.62451171875,0.4921875,0.62451171875,WOW,0.14593237856832697,0.016035198407753404,0.13689592652145705,0.231873719138519,0.46926277736394373
WOW__TEST__STEGO__9132.pgm,9132.pgm,WOW,1,${BOSSBASE_ROOT}\stego\WOW\0.4bpp\stego\9132.pgm,0.9891815513471369,0.491455078125,0.51220703125,0.491455078125,0.51220703125,0.9964619139429115,0.50537109375,0.5322265625,0.50537109375,0.5322265625,0.9884473296647792,0.50048828125,0.548828125,0.50048828125,0.548828125,0.008219693061967886,0.52783203125,0.54833984375,0.52783203125,0.54833984375,0.9935368622818452,0.4921875,0.62451171875,0.4921875,0.62451171875,WOW,0.16887358680317818,0.0016989851234299274,0.12706660378997278,0.22676752710500125,0.47559329717841803
WOW__TEST__STEGO__7513.pgm,7513.pgm,WOW,1,${BOSSBASE_ROOT}\stego\WOW\0.4bpp\stego\7513.pgm,0.36795135364884046,0.491455078125,0.51220703125,0.491455078125,0.51220703125,0.5047987418119368,0.50537109375,0.5322265625,0.50537109375,0.5322265625,0.4423052479464502,0.50048828125,0.548828125,0.50048828125,0.548828125,0.47985405217128557,0.52783203125,0.54833984375,0.52783203125,0.54833984375,0.0005442132624325574,0.4921875,0.62451171875,0.4921875,0.62451171875,S-UNIWARD,0.18416272207907053,0.2654520860041596,0.07195246417582861,0.3428306925055569,0.13560203523538436
WOW__TEST__STEGO__3380.pgm,3380.pgm,WOW,1,${BOSSBASE_ROOT}\stego\WOW\0.4bpp\stego\3380.pgm,0.9250947286452255,0.491455078125,0.51220703125,0.491455078125,0.51220703125,0.6130049093876466,0.50537109375,0.5322265625,0.50537109375,0.5322265625,1.4337351150616264e-07,0.50048828125,0.548828125,0.50048828125,0.548828125,0.04288223716309705,0.52783203125,0.54833984375,0.52783203125,0.54833984375,0.1296229254042072,0.4921875,0.62451171875,0.4921875,0.62451171875,WOW,0.015361496826129962,0.009515533470412164,0.022884678680862185,0.34804201364301157,0.6041962773795841
WOW__TEST__STEGO__4860.pgm,4860.pgm,WOW,1,${BOSSBASE_ROOT}\stego\WOW\0.4bpp\stego\4860.pgm,0.991422514586288,0.491455078125,0.51220703125,0.491455078125,0.51220703125,0.9916842215225259,0.50537109375,0.5322265625,0.50537109375,0.5322265625,0.9929609544025984,0.50048828125,0.548828125,0.50048828125,0.548828125,0.9884026381763671,0.52783203125,0.54833984375,0.52783203125,0.54833984375,0.9901019362839765,0.4921875,0.62451171875,0.4921875,0.62451171875,WOW,0.10774168634336845,0.16172644706820016,0.13155461233956384,0.20291172983436395,0.3960655244145036
WOW__TEST__STEGO__2927.pgm,2927.pgm,WOW,1,${BOSSBASE_ROOT}\stego\WOW\0.4bpp\stego\2927.pgm,0.39694446869920075,0.491455078125,0.51220703125,0.491455078125,0.51220703125,0.457985052774034,0.50537109375,0.5322265625,0.50537109375,0.5322265625,0.46830427756920084,0.50048828125,0.548828125,0.50048828125,0.548828125,0.49228348015613005,0.52783203125,0.54833984375,0.52783203125,0.54833984375,0.48919845814989593,0.4921875,0.62451171875,0.4921875,0.62451171875,MiPOD,0.19789965479690783,0.2220757499988105,0.23037767333330542,0.2191229504783193,0.13052397139265687
WOW__TEST__STEGO__5916.pgm,5916.pgm,WOW,1,${BOSSBASE_ROOT}\stego\WOW\0.4bpp\stego\5916.pgm,0.9915215980653225,0.491455078125,0.51220703125,0.491455078125,0.51220703125,0.9930693283432538,0.50537109375,0.5322265625,0.50537109375,0.5322265625,0.9892648373909093,0.50048828125,0.548828125,0.50048828125,0.548828125,0.9940659331606164,0.52783203125,0.54833984375,0.52783203125,0.54833984375,0.9923043528216078,0.4921875,0.62451171875,0.4921875,0.62451171875,WOW,0.10560079872172018,0.1658298839706396,0.13134984562806715,0.2036260889303009,0.39359338274927225
WOW__TEST__STEGO__105.pgm,105.pgm,WOW,1,${BOSSBASE_ROOT}\stego\WOW\0.4bpp\stego\105.pgm,0.9903663476405535,0.491455078125,0.51220703125,0.491455078125,0.51220703125,0.9886682464686385,0.50537109375,0.5322265625,0.50537109375,0.5322265625,0.9620363047907355,0.50048828125,0.548828125,0.50048828125,0.548828125,0.28766774922855176,0.52783203125,0.54833984375,0.52783203125,0.54833984375,0.9322068610768112,0.4921875,0.62451171875,0.4921875,0.62451171875,WOW,0.14557711341162738,0.00689779267481644,0.1176296627297018,0.2417148315031084,0.4881805996807459
WOW__TEST__STEGO__1648.pgm,1648.pgm,WOW,1,${BOSSBASE_ROOT}\stego\WOW\0.4bpp\stego\1648.pgm,0.9903663476405535,0.491455078125,0.51220703125,0.491455078125,0.51220703125,0.9845754479181588,0.50537109375,0.5322265625,0.50537109375,0.5322265625,0.9549844683997677,0.50048828125,0.548828125,0.50048828125,0.548828125,0.06453547659922154,0.52783203125,0.54833984375,0.52783203125,0.54833984375,0.9843964652097964,0.4921875,0.62451171875,0.4921875,0.62451171875,WOW,0.15346824208306634,0.0023388217888614792,0.12755129904352314,0.23122725675645517,0.485414380328094
WOW__TEST__STEGO__5078.pgm,5078.pgm,WOW,1,${BOSSBASE_ROOT}\stego\WOW\0.4bpp\stego\5078.pgm,0.9912548183179649,0.491455078125,0.51220703125,0.491455078125,0.51220703125,0.985990433713597,0.50537109375,0.5322265625,0.50537109375,0.5322265625,0.990216123982345,0.50048828125,0.548828125,0.50048828125,0.548828125,0.03656250415974464,0.52783203125,0.54833984375,0.52783203125,0.54833984375,0.8628146765958754,0.4921875,0.62451171875,0.4921875,0.62451171875,WOW,0.1705959104521701,0.0020131671983608813,0.09497589282193589,0.2320318889893675,0.5003831405381657
WOW__TEST__STEGO__98.pgm,98.pgm,WOW,1,${BOSSBASE_ROOT}\stego\WOW\0.4bpp\stego\98.pgm,0.9674102552339746,0.491455078125,0.51220703125,0.491455078125,0.51220703125,0.8010035071781575,0.50537109375,0.5322265625,0.50537109375,0.5322265625,0.8398653506656495,0.50048828125,0.548828125,0.50048828125,0.548828125,0.037326887344129464,0.52783203125,0.54833984375,0.52783203125,0.54833984375,0.965963847005629,0.4921875,0.62451171875,0.4921875,0.62451171875,WOW,0.15211581246304903,0.0027217912789818,0.16202267388548403,0.15815595676091201,0.5249837656115731
WOW__TEST__STEGO__2359.pgm,2359.pgm,WOW,1,${BOSSBASE_ROOT}\stego\WOW\0.4bpp\stego\2359.pgm,0.9883127420043056,0.491455078125,0.51220703125,0.491455078125,0.51220703125,0.123049138229393,0.50537109375,0.5322265625,0.50537109375,0.5322265625,0.0832919225567441,0.50048828125,0.548828125,0.50048828125,0.548828125,0.016029147365901317,0.52783203125,0.54833984375,0.52783203125,0.54833984375,0.9599126416289347,0.4921875,0.62451171875,0.4921875,0.62451171875,WOW,0.030923518393861107,0.005259127602049984,0.2504496592411366,0.03622119871243029,0.677146496050522
WOW__TEST__STEGO__1747.pgm,1747.pgm,WOW,1,${BOSSBASE_ROOT}\stego\WOW\0.4bpp\stego\1747.pgm,0.508307646026328,0.491455078125,0.51220703125,0.491455078125,0.51220703125,0.5083686642086666,0.50537109375,0.5322265625,0.50537109375,0.5322265625,0.5060193014715051,0.50048828125,0.548828125,0.50048828125,0.548828125,0.5002274513087736,0.52783203125,0.54833984375,0.52783203125,0.54833984375,0.5128298246945011,0.4921875,0.62451171875,0.4921875,0.62451171875,S-UNIWARD,0.18600077286999492,0.17652434171906656,0.20870800847967325,0.23407719165521007,0.19468968527605526
WOW__TEST__STEGO__4700.pgm,4700.pgm,WOW,1,${BOSSBASE_ROOT}\stego\WOW\0.4bpp\stego\4700.pgm,0.7613611051229845,0.491455078125,0.51220703125,0.491455078125,0.51220703125,0.584686224682212,0.50537109375,0.5322265625,0.50537109375,0.5322265625,0.3793209027986547,0.50048828125,0.548828125,0.50048828125,0.548828125,0.5690745088761124,0.52783203125,0.54833984375,0.52783203125,0.54833984375,0.5978427011409797,0.4921875,0.62451171875,0.4921875,0.62451171875,WOW,0.0710667437249345,0.1365241413890349,0.14590261271395064,0.2513325756291041,0.395173926542976
WOW__TEST__STEGO__8201.pgm,8201.pgm,WOW,1,${BOSSBASE_ROOT}\stego\WOW\0.4bpp\stego\8201.pgm,0.9923933278354767,0.491455078125,0.51220703125,0.491455078125,0.51220703125,0.9949592968881543,0.50537109375,0.5322265625,0.50537109375,0.5322265625,0.9899476313420319,0.50048828125,0.548828125,0.50048828125,0.548828125,0.007066400963249157,0.52783203125,0.54833984375,0.52783203125,0.54833984375,0.9815244057904553,0.4921875,0.62451171875,0.4921875,0.62451171875,WOW,0.16880093817017597,0.0016755144016711496,0.12285736505246773,0.22513692230557053,0.48152926007011465
WOW__TEST__STEGO__8450.pgm,8450.pgm,WOW,1,${BOSSBASE_ROOT}\stego\WOW\0.4bpp\stego\8450.pgm,0.07544843552886106,0.491455078125,0.51220703125,0.491455078125,0.51220703125,0.5161077054097464,0.50537109375,0.5322265625,0.50537109375,0.5322265625,0.9022656804095371,0.50048828125,0.548828125,0.50048828125,0.548828125,0.8106288659715803,0.52783203125,0.54833984375,0.52783203125,0.54833984375,0.8653379202567106,0.4921875,0.62451171875,0.4921875,0.62451171875,HUGO,0.28936346535116875,0.35976200338294484,0.28804294026894195,0.051783538066835826,0.011048052930108678
WOW__TEST__STEGO__4891.pgm,4891.pgm,WOW,1,${BOSSBASE_ROOT}\stego\WOW\0.4bpp\stego\4891.pgm,0.9874236517231209,0.491455078125,0.51220703125,0.491455078125,0.51220703125,0.016029147365901317,0.50537109375,0.5322265625,0.50537109375,0.5322265625,0.9508692112458993,0.50048828125,0.548828125,0.50048828125,0.548828125,0.006314364670896372,0.52783203125,0.54833984375,0.52783203125,0.54833984375,0.9811668701095654,0.4921875,0.62451171875,0.4921875,0.62451171875,WOW,0.3134013909329244,0.0012587457477143235,0.23686161695026006,0.005292520651735436,0.4431857257173658
WOW__TEST__STEGO__40.pgm,40.pgm,WOW,1,${BOSSBASE_ROOT}\stego\WOW\0.4bpp\stego\40.pgm,0.9918120900983038,0.491455078125,0.51220703125,0.491455078125,0.51220703125,0.9922143452346321,0.50537109375,0.5322265625,0.50537109375,0.5322265625,0.01238378463726033,0.50048828125,0.548828125,0.50048828125,0.548828125,0.009449081319055452,0.52783203125,0.54833984375,0.52783203125,0.54833984375,0.07198162701237078,0.4921875,0.62451171875,0.4921875,0.62451171875,S-UNIWARD,0.004863536946636542,0.0034827500471316672,0.00618025242654246,0.6364818959644981,0.3489915646151912
WOW__TEST__STEGO__6053.pgm,6053.pgm,WOW,1,${BOSSBASE_ROOT}\stego\WOW\0.4bpp\stego\6053.pgm,0.9920620058985926,0.491455078125,0.51220703125,0.491455078125,0.51220703125,0.2358115863944671,0.50537109375,0.5322265625,0.50537109375,0.5322265625,0.018833129890434692,0.50048828125,0.548828125,0.50048828125,0.548828125,0.01621503010931627,0.52783203125,0.54833984375,0.52783203125,0.54833984375,0.2153507429786673,0.4921875,0.62451171875,0.4921875,0.62451171875,WOW,0.023135834322054828,0.007051508702594469,0.038597908591284744,0.08349401929007357,0.8477207290939924
WOW__TEST__STEGO__4102.pgm,4102.pgm,WOW,1,${BOSSBASE_ROOT}\stego\WOW\0.4bpp\stego\4102.pgm,0.5061070266067009,0.491455078125,0.51220703125,0.491455078125,0.51220703125,0.49627692427989617,0.50537109375,0.5322265625,0.50537109375,0.5322265625,0.5121207328285482,0.50048828125,0.548828125,0.50048828125,0.548828125,0.15649123218005365,0.52783203125,0.54833984375,0.52783203125,0.54833984375,0.4982557367511329,0.4921875,0.62451171875,0.4921875,0.62451171875,S-UNIWARD,0.2507051874450434,0.039469037686855855,0.22360152993170812,0.25590183862862464,0.230322406307768
WOW__TEST__STEGO__5152.pgm,5152.pgm,WOW,1,${BOSSBASE_ROOT}\stego\WOW\0.4bpp\stego\5152.pgm,0.41022456673231006,0.491455078125,0.51220703125,0.491455078125,0.51220703125,0.4434799069097902,0.50537109375,0.5322265625,0.50537109375,0.5322265625,0.36387290122794985,0.50048828125,0.548828125,0.50048828125,0.548828125,0.006877107658230662,0.52783203125,0.54833984375,0.52783203125,0.54833984375,0.7645401938566934,0.4921875,0.62451171875,0.4921875,0.62451171875,MiPOD,0.18406885704881146,0.02377995979178205,0.42845208641324467,0.22146395651328174,0.1422351402328802
WOW__TEST__STEGO__5013.pgm,5013.pgm,WOW,1,${BOSSBASE_ROOT}\stego\WOW\0.4bpp\stego\5013.pgm,0.9909797204985978,0.491455078125,0.51220703125,0.491455078125,0.51220703125,0.9947391477427643,0.50537109375,0.5322265625,0.50537109375,0.5322265625,0.9887119261007691,0.50048828125,0.548828125,0.50048828125,0.548828125,0.00600359579657149,0.52783203125,0.54833984375,0.52783203125,0.54833984375,0.9837225390872865,0.4921875,0.62451171875,0.4921875,0.62451171875,WOW,0.16889270119076966,0.001676598555363076,0.12391549870760311,0.22573652397516505,0.4797786775710991
WOW__TEST__STEGO__329.pgm,329.pgm,WOW,1,${BOSSBASE_ROOT}\stego\WOW\0.4bpp\stego\329.pgm,0.22524614987399513,0.491455078125,0.51220703125,0.491455078125,0.51220703125,0.673728566457886,0.50537109375,0.5322265625,0.50537109375,0.5322265625,0.7123322507714482,0.50048828125,0.548828125,0.50048828125,0.548828125,0.09334687851957546,0.52783203125,0.54833984375,0.52783203125,0.54833984375,0.7392342170585756,0.4921875,0.62451171875,0.4921875,0.62451171875,HILL,0.3543206902205942,0.025998596083357462,0.3114041833408203,0.26016616149717736,0.04811036885805066
WOW__TEST__STEGO__9886.pgm,9886.pgm,WOW,1,${BOSSBASE_ROOT}\stego\WOW\0.4bpp\stego\9886.pgm,0.9882675360436518,0.491455078125,0.51220703125,0.491455078125,0.51220703125,0.9939730484115986,0.50537109375,0.5322265625,0.50537109375,0.5322265625,0.9917803069380321,0.50048828125,0.548828125,0.50048828125,0.548828125,0.9811668701095654,0.52783203125,0.54833984375,0.52783203125,0.54833984375,0.9889278398167658,0.4921875,0.62451171875,0.4921875,0.62451171875,WOW,0.10848324351167678,0.15856721609066868,0.1320377659720343,0.20669016529898118,0.39422160912663906
WOW__TEST__STEGO__2576.pgm,2576.pgm,WOW,1,${BOSSBASE_ROOT}\stego\WOW\0.4bpp\stego\2576.pgm,0.9343951625409306,0.491455078125,0.51220703125,0.491455078125,0.51220703125,0.509436440420829,0.50537109375,0.5322265625,0.50537109375,0.5322265625,0.9716178771000951,0.50048828125,0.548828125,0.50048828125,0.548828125,0.9992819702373881,0.52783203125,0.54833984375,0.52783203125,0.54833984375,0.9781354435078863,0.4921875,0.62451171875,0.4921875,0.62451171875,WOW,0.1804227958478871,0.19539226335623225,0.2203263074339013,0.03897906199650884,0.3648795713654704
WOW__TEST__STEGO__270.pgm,270.pgm,WOW,1,${BOSSBASE_ROOT}\stego\WOW\0.4bpp\stego\270.pgm,0.9866233967726227,0.491455078125,0.51220703125,0.491455078125,0.51220703125,0.7723590081380087,0.50537109375,0.5322265625,0.50537109375,0.5322265625,0.41270766467704567,0.50048828125,0.548828125,0.50048828125,0.548828125,0.5354931801535043,0.52783203125,0.54833984375,0.52783203125,0.54833984375,0.5587483842922026,0.4921875,0.62451171875,0.4921875,0.62451171875,WOW,0.03337421347908162,0.047474243560280016,0.057175605652252444,0.278732442509131,0.583243494799255
WOW__TEST__STEGO__9960.pgm,9960.pgm,WOW,1,${BOSSBASE_ROOT}\stego\WOW\0.4bpp\stego\9960.pgm,0.9921232932834126,0.491455078125,0.51220703125,0.491455078125,0.51220703125,0.994488065789193,0.50537109375,0.5322265625,0.50537109375,0.5322265625,0.9905874104123901,0.50048828125,0.548828125,0.50048828125,0.548828125,0.00912563738918052,0.52783203125,0.54833984375,0.52783203125,0.54833984375,0.9902915235185259,0.4921875,0.62451171875,0.4921875,0.62451171875,WOW,0.1691347972817734,0.0016878169562650584,0.12559329015639653,0.22376080622919706,0.479823289376368
WOW__TEST__STEGO__2979.pgm,2979.pgm,WOW,1,${BOSSBASE_ROOT}\stego\WOW\0.4bpp\stego\2979.pgm,0.9870296135626316,0.491455078125,0.51220703125,0.491455078125,0.51220703125,0.9697854129326061,0.50537109375,0.5322265625,0.50537109375,0.5322265625,0.9669140216112958,0.50048828125,0.548828125,0.50048828125,0.548828125,0.6351092919741933,0.52783203125,0.54833984375,0.52783203125,0.54833984375,0.9690324847372525,0.4921875,0.62451171875,0.4921875,0.62451171875,WOW,0.13387188892396007,0.035982400075865895,0.13909247890110457,0.22390403834310052,0.46714919375596886
WOW__TEST__STEGO__2525.pgm,2525.pgm,WOW,1,${BOSSBASE_ROOT}\stego\WOW\0.4bpp\stego\2525.pgm,0.9839091258071755,0.491455078125,0.51220703125,0.491455078125,0.51220703125,0.8850366449469483,0.50537109375,0.5322265625,0.50537109375,0.5322265625,0.9900250791759213,0.50048828125,0.548828125,0.50048828125,0.548828125,0.15266279628647764,0.52783203125,0.54833984375,0.52783203125,0.54833984375,0.9895916858989275,0.4921875,0.62451171875,0.4921875,0.62451171875,WOW,0.19038858958961402,0.0035579144522108067,0.15098933553420185,0.16000430358884507,0.49505985683512815
WOW__TEST__STEGO__5412.pgm,5412.pgm,WOW,1,${BOSSBASE_ROOT}\stego\WOW\0.4bpp\stego\5412.pgm,0.9920311850466846,0.491455078125,0.51220703125,0.491455078125,0.51220703125,0.994698105130598,0.50537109375,0.5322265625,0.50537109375,0.5322265625,0.9893474891602738,0.50048828125,0.548828125,0.50048828125,0.548828125,0.026006784923597617,0.52783203125,0.54833984375,0.52783203125,0.54833984375,0.989908684514805,0.4921875,0.62451171875,0.4921875,0.62451171875,WOW,0.167711546191278,0.0018351775077931622,0.12594474427321997,0.22476098953026677,0.4797475424974421
WOW__TEST__STEGO__9176.pgm,9176.pgm,WOW,1,${BOSSBASE_ROOT}\stego\WOW\0.4bpp\stego\9176.pgm,0.33003919014411776,0.491455078125,0.51220703125,0.491455078125,0.51220703125,0.4992947583107023,0.50537109375,0.5322265625,0.50537109375,0.5322265625,0.7204666142270931,0.50048828125,0.548828125,0.50048828125,0.548828125,0.4694138478854696,0.52783203125,0.54833984375,0.52783203125,0.54833984375,0.7997552900393888,0.4921875,0.62451171875,0.4921875,0.62451171875,MiPOD,0.3182739672299537,0.11506854356261334,0.3800233804802671,0.12026692794783604,0.06636718077932985
WOW__TEST__STEGO__1112.pgm,1112.pgm,WOW,1,${BOSSBASE_ROOT}\stego\WOW\0.4bpp\stego\1112.pgm,0.9912886155422945,0.491455078125,0.51220703125,0.491455078125,0.51220703125,0.9904406006529085,0.50537109375,0.5322265625,0.50537109375,0.5322265625,0.9932287900693889,0.50048828125,0.548828125,0.50048828125,0.548828125,0.027585282226789985,0.52783203125,0.54833984375,0.52783203125,0.54833984375,0.9908743626108194,0.4921875,0.62451171875,0.4921875,0.62451171875,WOW,0.17078657657783802,0.001846334170494325,0.1272314676929655,0.2206460256150421,0.4794895959436599
WOW__TEST__STEGO__8799.pgm,8799.pgm,WOW,1,${BOSSBASE_ROOT}\stego\WOW\0.4bpp\stego\8799.pgm,0.988841968751916,0.491455078125,0.51220703125,0.491455078125,0.51220703125,0.15304215724489628,0.50537109375,0.5322265625,0.50537109375,0.5322265625,0.980765741038007,0.50048828125,0.548828125,0.50048828125,0.548828125,0.9769787427100676,0.52783203125,0.54833984375,0.52783203125,0.54833984375,0.904313056994317,0.4921875,0.62451171875,0.4921875,0.62451171875,WOW,0.21911364213104648,0.13412622556630083,0.21146766820596993,0.009226202225161202,0.4260662618715217
WOW__TEST__STEGO__5459.pgm,5459.pgm,WOW,1,${BOSSBASE_ROOT}\stego\WOW\0.4bpp\stego\5459.pgm,0.06119922577327549,0.491455078125,0.51220703125,0.491455078125,0.51220703125,0.010013570623173138,0.50537109375,0.5322265625,0.50537109375,0.5322265625,0.06853749303199023,0.50048828125,0.548828125,0.50048828125,0.548828125,0.004117917643959034,0.52783203125,0.54833984375,0.52783203125,0.54833984375,0.15165493579185244,0.4921875,0.62451171875,0.4921875,0.62451171875,MiPOD,0.28423750996608454,0.12329127329278858,0.33525412008172006,0.1744182500688404,0.08279884659056631
WOW__TEST__STEGO__9008.pgm,9008.pgm,WOW,1,${BOSSBASE_ROOT}\stego\WOW\0.4bpp\stego\9008.pgm,0.8142005828462027,0.491455078125,0.51220703125,0.491455078125,0.51220703125,0.5382855071963796,0.50537109375,0.5322265625,0.50537109375,0.5322265625,0.7110297695673703,0.50048828125,0.548828125,0.50048828125,0.548828125,0.5815407571141296,0.52783203125,0.54833984375,0.52783203125,0.54833984375,0.7772998611746911,0.4921875,0.62451171875,0.4921875,0.62451171875,WOW,0.17327142895105274,0.07815578001847681,0.21788680469616287,0.11376103360592332,0.4169249527283842
WOW__TEST__STEGO__746.pgm,746.pgm,WOW,1,${BOSSBASE_ROOT}\stego\WOW\0.4bpp\stego\746.pgm,0.9900635812940538,0.491455078125,0.51220703125,0.491455078125,0.51220703125,0.8902942261220291,0.50537109375,0.5322265625,0.50537109375,0.5322265625,0.0979066860580891,0.50048828125,0.548828125,0.50048828125,0.548828125,0.018617802261831698,0.52783203125,0.54833984375,0.52783203125,0.54833984375,3.333533383599409e-07,0.4921875,0.62451171875,0.4921875,0.62451171875,S-UNIWARD,0.008895090379456681,0.004288269156142429,0.007494365483653437,0.5199422996911259,0.4593799752896215
WOW__TEST__STEGO__3323.pgm,3323.pgm,WOW,1,${BOSSBASE_ROOT}\stego\WOW\0.4bpp\stego\3323.pgm,0.9919067101026269,0.491455078125,0.51220703125,0.491455078125,0.51220703125,0.9937587407701782,0.50537109375,0.5322265625,0.50537109375,0.5322265625,0.991118324899153,0.50048828125,0.548828125,0.50048828125,0.548828125,0.9385759599453297,0.52783203125,0.54833984375,0.52783203125,0.54833984375,0.9878528299001947,0.4921875,0.62451171875,0.4921875,0.62451171875,WOW,0.11223780914148539,0.13177420715457697,0.13356332954602285,0.2112994446829725,0.4111252094749424
WOW__TEST__STEGO__520.pgm,520.pgm,WOW,1,${BOSSBASE_ROOT}\stego\WOW\0.4bpp\stego\520.pgm,0.7767923062684916,0.491455078125,0.51220703125,0.491455078125,0.51220703125,0.6383845233738494,0.50537109375,0.5322265625,0.50537109375,0.5322265625,0.6465718017413457,0.50048828125,0.548828125,0.50048828125,0.548828125,0.4883367718650276,0.52783203125,0.54833984375,0.52783203125,0.54833984375,0.6751223562960453,0.4921875,0.62451171875,0.4921875,0.62451171875,WOW,0.15199162310495598,0.06570640841953798,0.17193318034128477,0.20662198858835754,0.4037467995458638
WOW__TEST__STEGO__6447.pgm,6447.pgm,WOW,1,${BOSSBASE_ROOT}\stego\WOW\0.4bpp\stego\6447.pgm,0.9912208911330882,0.491455078125,0.51220703125,0.491455078125,0.51220703125,0.8820219914046175,0.50537109375,0.5322265625,0.50537109375,0.5322265625,0.9874720680072551,0.50048828125,0.548828125,0.50048828125,0.548828125,0.008219693061967886,0.52783203125,0.54833984375,0.52783203125,0.54833984375,0.12765262532179067,0.4921875,0.62451171875,0.4921875,0.62451171875,WOW,0.17928395865386484,0.002007603694826933,0.01718546620482186,0.20755244658592137,0.593970524860565
WOW__TEST__STEGO__460.pgm,460.pgm,WOW,1,${BOSSBASE_ROOT}\stego\WOW\0.4bpp\stego\460.pgm,0.9912886155422945,0.491455078125,0.51220703125,0.491455078125,0.51220703125,0.9553191297273498,0.50537109375,0.5322265625,0.50537109375,0.5322265625,0.9869795098861571,0.50048828125,0.548828125,0.50048828125,0.548828125,0.00600359579657149,0.52783203125,0.54833984375,0.52783203125,0.54833984375,0.9677777030339422,0.4921875,0.62451171875,0.4921875,0.62451171875,WOW,0.17763575930508613,0.001708088365963295,0.12574483557600824,0.20069988839092373,0.4942114283620187
WOW__TEST__STEGO__2011.pgm,2011.pgm,WOW,1,${BOSSBASE_ROOT}\stego\WOW\0.4bpp\stego\2011.pgm,0.988841968751916,0.491455078125,0.51220703125,0.491455078125,0.51220703125,0.9690324847372525,0.50537109375,0.5322265625,0.50537109375,0.5322265625,0.9906960501316063,0.50048828125,0.548828125,0.50048828125,0.548828125,0.9401335814280749,0.52783203125,0.54833984375,0.52783203125,0.54833984375,0.977756332416123,0.4921875,0.62451171875,0.4921875,0.62451171875,WOW,0.11678320225658778,0.13551136996970953,0.13569602577036,0.19705627999094114,0.4149531220124017
WOW__TEST__STEGO__6144.pgm,6144.pgm,WOW,1,${BOSSBASE_ROOT}\stego\WOW\0.4bpp\stego\6144.pgm,0.5135464887198512,0.491455078125,0.51220703125,0.491455078125,0.51220703125,0.5187595006752176,0.50537109375,0.5322265625,0.50537109375,0.5322265625,0.5267840289305397,0.50048828125,0.548828125,0.50048828125,0.548828125,0.4075691761500663,0.52783203125,0.54833984375,0.52783203125,0.54833984375,0.49058643963007337,0.4921875,0.62451171875,0.4921875,0.62451171875,S-UNIWARD,0.21348101322037558,0.11705326144707678,0.20468233300079003,0.2519771946754026,0.212806197656355
WOW__TEST__STEGO__2951.pgm,2951.pgm,WOW,1,${BOSSBASE_ROOT}\stego\WOW\0.4bpp\stego\2951.pgm,0.9820137900379085,0.491455078125,0.51220703125,0.491455078125,0.51220703125,0.9405717789263597,0.50537109375,0.5322265625,0.50537109375,0.5322265625,0.9864678513445929,0.50048828125,0.548828125,0.50048828125,0.548828125,0.8278281530486042,0.52783203125,0.54833984375,0.52783203125,0.54833984375,0.9366336567966383,0.4921875,0.62451171875,0.4921875,0.62451171875,WOW,0.1340986402711074,0.08775189661254307,0.13464860314962385,0.19614435094497454,0.44735650902175106
WOW__TEST__STEGO__9763.pgm,9763.pgm,WOW,1,${BOSSBASE_ROOT}\stego\WOW\0.4bpp\stego\9763.pgm,0.991118324899153,0.491455078125,0.51220703125,0.491455078125,0.51220703125,0.9939730484115986,0.50537109375,0.5322265625,0.50537109375,0.5322265625,0.9904406006529085,0.50048828125,0.548828125,0.50048828125,0.548828125,0.008124708778180903,0.52783203125,0.54833984375,0.52783203125,0.54833984375,0.986415607486941,0.4921875,0.62451171875,0.4921875,0.62451171875,WOW,0.1697020009122008,0.0016881533384780314,0.12483774490755001,0.22427951219103112,0.47949258865073996
WOW__TEST__STEGO__8458.pgm,8458.pgm,WOW,1,${BOSSBASE_ROOT}\stego\WOW\0.4bpp\stego\8458.pgm,0.9924227587321393,0.491455078125,0.51220703125,0.491455078125,0.51220703125,0.994759550379741,0.50537109375,0.5322265625,0.50537109375,0.5322265625,0.991422514586288,0.50048828125,0.548828125,0.50048828125,0.548828125,0.004962942101872842,0.52783203125,0.54833984375,0.52783203125,0.54833984375,0.9944234551774075,0.4921875,0.62451171875,0.4921875,0.62451171875,WOW,0.16949600454618233,0.0016482150429258937,0.12653961256770324,0.22299584884719198,0.47932031899599653
WOW__TEST__STEGO__4140.pgm,4140.pgm,WOW,1,${BOSSBASE_ROOT}\stego\WOW\0.4bpp\stego\4140.pgm,0.6282933818615704,0.491455078125,0.51220703125,0.491455078125,0.51220703125,0.3635339023636925,0.50537109375,0.5322265625,0.50537109375,0.5322265625,0.5426209266222806,0.50048828125,0.548828125,0.50048828125,0.548828125,0.5243946784322399,0.52783203125,0.54833984375,0.52783203125,0.54833984375,0.5211665414905097,0.4921875,0.62451171875,0.4921875,0.62451171875,WOW,0.20683414676297537,0.14597288025388694,0.21528463557449962,0.12251889040585145,0.30938944700278653
WOW__TEST__STEGO__8926.pgm,8926.pgm,WOW,1,${BOSSBASE_ROOT}\stego\WOW\0.4bpp\stego\8926.pgm,0.9893062422638245,0.491455078125,0.51220703125,0.491455078125,0.51220703125,0.44827530885722794,0.50537109375,0.5322265625,0.50537109375,0.5322265625,0.1512783992888788,0.50048828125,0.548828125,0.50048828125,0.548828125,0.47714301710934104,0.52783203125,0.54833984375,0.52783203125,0.54833984375,0.0041662561210387946,0.4921875,0.62451171875,0.4921875,0.62451171875,WOW,0.0216508680272005,0.054415706653516464,0.019496714918728283,0.1545582083580363,0.7498785020425184
WOW__TEST__STEGO__2078.pgm,2078.pgm,WOW,1,${BOSSBASE_ROOT}\stego\WOW\0.4bpp\stego\2078.pgm,0.9289263306198166,0.491455078125,0.51220703125,0.491455078125,0.51220703125,0.9830850867332734,0.50537109375,0.5322265625,0.50537109375,0.5322265625,0.9882675360436518,0.50048828125,0.548828125,0.50048828125,0.548828125,0.06008665017400762,0.52783203125,0.54833984375,0.52783203125,0.54833984375,0.9903663476405535,0.4921875,0.62451171875,0.4921875,0.62451171875,WOW,0.1946220124573307,0.0026646487734489225,0.14887232752746601,0.24257989373879876,0.41126111750295563
WOW__TEST__STEGO__2472.pgm,2472.pgm,WOW,1,${BOSSBASE_ROOT}\stego\WOW\0.4bpp\stego\2472.pgm,0.991118324899153,0.491455078125,0.51220703125,0.491455078125,0.51220703125,0.9450961463787158,0.50537109375,0.5322265625,0.50537109375,0.5322265625,0.9764007056485348,0.50048828125,0.548828125,0.50048828125,0.548828125,0.013171949881556448,0.52783203125,0.54833984375,0.52783203125,0.54833984375,0.959307046403347,0.4921875,0.62451171875,0.4921875,0.62451171875,WOW,0.1747851575716779,0.0018054942537801479,0.1252504979776044,0.1983645709219124,0.4997942792750252
WOW__TEST__STEGO__930.pgm,930.pgm,WOW,1,${BOSSBASE_ROOT}\stego\WOW\0.4bpp\stego\930.pgm,0.519049003227857,0.491455078125,0.51220703125,0.491455078125,0.51220703125,0.3080861437633374,0.50537109375,0.5322265625,0.50537109375,0.5322265625,0.427516216689023,0.50048828125,0.548828125,0.50048828125,0.548828125,0.2875677034432663,0.52783203125,0.54833984375,0.52783203125,0.54833984375,0.4749964594515605,0.4921875,0.62451171875,0.4921875,0.62451171875,WOW,0.23405722263517856,0.08287994002101988,0.2639105774017777,0.15387548463826234,0.2652767753037615
WOW__TEST__STEGO__7756.pgm,7756.pgm,WOW,1,${BOSSBASE_ROOT}\stego\WOW\0.4bpp\stego\7756.pgm,0.9926826025287876,0.491455078125,0.51220703125,0.491455078125,0.51220703125,0.991083872947128,0.50537109375,0.5322265625,0.50537109375,0.5322265625,0.959307046403347,0.50048828125,0.548828125,0.50048828125,0.548828125,0.07172112432623752,0.52783203125,0.54833984375,0.52783203125,0.54833984375,0.9657706774216144,0.4921875,0.62451171875,0.4921875,0.62451171875,WOW,0.15280559101194668,0.0023972075834352196,0.1205700071143424,0.23576264174009115,0.4884645525501846
WOW__TEST__STEGO__1134.pgm,1134.pgm,WOW,1,${BOSSBASE_ROOT}\stego\WOW\0.4bpp\stego\1134.pgm,0.9870296135626316,0.491455078125,0.51220703125,0.491455078125,0.51220703125,0.643777325964941,0.50537109375,0.5322265625,0.50537109375,0.5322265625,0.4363818365677061,0.50048828125,0.548828125,0.50048828125,0.548828125,0.18653921274423352,0.52783203125,0.54833984375,0.52783203125,0.54833984375,0.6513548646660542,0.4921875,0.62451171875,0.4921875,0.62451171875,WOW,0.051790267185660925,0.009452153596299369,0.0856852148082038,0.18092531580117996,0.672147048608656
WOW__TEST__STEGO__2067.pgm,2067.pgm,WOW,1,${BOSSBASE_ROOT}\stego\WOW\0.4bpp\stego\2067.pgm,0.9900635812940538,0.491455078125,0.51220703125,0.491455078125,0.51220703125,0.9919067101026269,0.50537109375,0.5322265625,0.50537109375,0.5322265625,0.9892648373909093,0.50048828125,0.548828125,0.50048828125,0.548828125,0.9648551535992067,0.52783203125,0.54833984375,0.52783203125,0.54833984375,0.9892648373909093,0.4921875,0.62451171875,0.4921875,0.62451171875,WOW,0.10944203948040201,0.1480652515813183,0.1331118794005761,0.20765473333754653,0.40172609620015703
WOW__TEST__STEGO__5660.pgm,5660.pgm,WOW,1,${BOSSBASE_ROOT}\stego\WOW\0.4bpp\stego\5660.pgm,0.9901782070803069,0.491455078125,0.51220703125,0.491455078125,0.51220703125,0.9945940999219731,0.50537109375,0.5322265625,0.50537109375,0.5322265625,0.9921537607074791,0.50048828125,0.548828125,0.50048828125,0.548828125,0.01368947769627449,0.52783203125,0.54833984375,0.52783203125,0.54833984375,0.9911526449170697,0.4921875,0.62451171875,0.4921875,0.62451171875,WOW,0.1704203191556214,0.0017326229466038956,0.12654521516511769,0.22411714629933158,0.47718469643332556
WOW__TEST__STEGO__7740.pgm,7740.pgm,WOW,1,${BOSSBASE_ROOT}\stego\WOW\0.4bpp\stego\7740.pgm,0.9904775143296634,0.491455078125,0.51220703125,0.491455078125,0.51220703125,0.993461175022765,0.50537109375,0.5322265625,0.50537109375,0.5322265625,0.9726754691350322,0.50048828125,0.548828125,0.50048828125,0.548828125,0.4569549627230383,0.52783203125,0.54833984375,0.52783203125,0.54833984375,0.9815244057904553,0.4921875,0.62451171875,0.4921875,0.62451171875,WOW,0.14014917598170698,0.01503197617624288,0.1349117911213705,0.23745076034346543,0.47245629637721415
WOW__TEST__STEGO__5421.pgm,5421.pgm,WOW,1,${BOSSBASE_ROOT}\stego\WOW\0.4bpp\stego\5421.pgm,0.9911526449170697,0.491455078125,0.51220703125,0.491455078125,0.51220703125,0.09619516283205891,0.50537109375,0.5322265625,0.50537109375,0.5322265625,0.9930153500828657,0.50048828125,0.548828125,0.50048828125,0.548828125,0.009303949868393646,0.52783203125,0.54833984375,0.52783203125,0.54833984375,0.9923341253113541,0.4921875,0.62451171875,0.4921875,0.62451171875,WOW,0.3258991055586298,0.0012115400989395984,0.22664759906064108,0.0066455266853895105,0.43959622859640013
WOW__TEST__STEGO__2928.pgm,2928.pgm,WOW,1,${BOSSBASE_ROOT}\stego\WOW\0.4bpp\stego\2928.pgm,0.5966681833386582,0.491455078125,0.51220703125,0.491455078125,0.51220703125,0.9994579072738564,0.50537109375,0.5322265625,0.50537109375,0.5322265625,0.5236030495202058,0.50048828125,0.548828125,0.50048828125,0.548828125,0.26951782266388835,0.52783203125,0.54833984375,0.52783203125,0.54833984375,0.5451041047343659,0.4921875,0.62451171875,0.4921875,0.62451171875,S-UNIWARD,0.06506546688974328,0.027455775905177227,0.0692441708253865,0.7008941011022906,0.1373404852774024
WOW__TEST__STEGO__6834.pgm,6834.pgm,WOW,1,${BOSSBASE_ROOT}\stego\WOW\0.4bpp\stego\6834.pgm,0.9920927084953715,0.491455078125,0.51220703125,0.491455078125,0.51220703125,0.9925682266657089,0.50537109375,0.5322265625,0.50537109375,0.5322265625,0.9894295113796924,0.50048828125,0.548828125,0.50048828125,0.548828125,0.9825575152637948,0.52783203125,0.54833984375,0.52783203125,0.54833984375,0.9926541734255229,0.4921875,0.62451171875,0.4921875,0.62451171875,WOW,0.10694485775731279,0.1580184135743115,0.13228262695001994,0.2047221308578295,0.3980319708605263
WOW__TEST__STEGO__4914.pgm,4914.pgm,WOW,1,${BOSSBASE_ROOT}\stego\WOW\0.4bpp\stego\4914.pgm,0.776453478633872,0.491455078125,0.51220703125,0.491455078125,0.51220703125,0.4945757133008695,0.50537109375,0.5322265625,0.50537109375,0.5322265625,0.5682960250781992,0.50048828125,0.548828125,0.50048828125,0.548828125,0.009633652359446519,0.52783203125,0.54833984375,0.52783203125,0.54833984375,0.595610168513853,0.4921875,0.62451171875,0.4921875,0.62451171875,WOW,0.1829189961290232,0.008174077254294232,0.1647003716594525,0.15397624169956625,0.49023031325766375
WOW__TEST__STEGO__4517.pgm,4517.pgm,WOW,1,${BOSSBASE_ROOT}\stego\WOW\0.4bpp\stego\4517.pgm,0.5415906875669694,0.491455078125,0.51220703125,0.491455078125,0.51220703125,0.5658386132574698,0.50537109375,0.5322265625,0.50537109375,0.5322265625,0.5363129060674623,0.50048828125,0.548828125,0.50048828125,0.548828125,0.5182109351372435,0.52783203125,0.54833984375,0.52783203125,0.54833984375,0.563317904886597,0.4921875,0.62451171875,0.4921875,0.62451171875,S-UNIWARD,0.17456464729947965,0.16342481322295319,0.2059799325880432,0.2527113743637336,0.20331923252579032
WOW__TEST__STEGO__5630.pgm,5630.pgm,WOW,1,${BOSSBASE_ROOT}\stego\WOW\0.4bpp\stego\5630.pgm,0.9912548183179649,0.491455078125,0.51220703125,0.491455078125,0.51220703125,0.9884473296647792,0.50537109375,0.5322265625,0.50537109375,0.5322265625,0.9897513980768414,0.50048828125,0.548828125,0.50048828125,0.548828125,0.005281333906052278,0.52783203125,0.54833984375,0.52783203125,0.54833984375,0.9880849780328519,0.4921875,0.62451171875,0.4921875,0.62451171875,WOW,0.1707883472481729,0.0016680854406315479,0.12614353862850913,0.2202807061322829,0.4811193225504034
WOW__TEST__STEGO__4009.pgm,4009.pgm,WOW,1,${BOSSBASE_ROOT}\stego\WOW\0.4bpp\stego\4009.pgm,0.45892456590482533,0.491455078125,0.51220703125,0.491455078125,0.51220703125,0.5033950283891808,0.50537109375,0.5322265625,0.50537109375,0.5322265625,0.4832216340730981,0.50048828125,0.548828125,0.50048828125,0.548828125,0.4935001220425472,0.52783203125,0.54833984375,0.52783203125,0.54833984375,0.5235878247121413,0.4921875,0.62451171875,0.4921875,0.62451171875,S-UNIWARD,0.18354303024325777,0.19177523664093396,0.22380950401179445,0.24024838305442278,0.16062384604959107
WOW__TEST__STEGO__4843.pgm,4843.pgm,WOW,1,${BOSSBASE_ROOT}\stego\WOW\0.4bpp\stego\4843.pgm,0.992988204618503,0.491455078125,0.51220703125,0.491455078125,0.51220703125,0.16954333541127808,0.50537109375,0.5322265625,0.50537109375,0.5322265625,0.9904775143296634,0.50048828125,0.548828125,0.50048828125,0.548828125,0.06430005451227752,0.52783203125,0.54833984375,0.52783203125,0.54833984375,0.9871292507842533,0.4921875,0.62451171875,0.4921875,0.62451171875,WOW,0.30951442307013544,0.0016696607467332504,0.22143245985102974,0.009184130144132862,0.45819932618796866
WOW__TEST__STEGO__5663.pgm,5663.pgm,WOW,1,${BOSSBASE_ROOT}\stego\WOW\0.4bpp\stego\5663.pgm,0.9896318433492118,0.491455078125,0.51220703125,0.491455078125,0.51220703125,0.9925103751011916,0.50537109375,0.5322265625,0.50537109375,0.5322265625,0.992988204618503,0.50048828125,0.548828125,0.50048828125,0.548828125,0.008380453351026062,0.52783203125,0.54833984375,0.52783203125,0.54833984375,0.9905509186809447,0.4921875,0.62451171875,0.4921875,0.62451171875,WOW,0.1718286461358687,0.001691423280823471,0.12674532433464217,0.2225306942089065,0.4772039120397591
WOW__TEST__STEGO__8707.pgm,8707.pgm,WOW,1,${BOSSBASE_ROOT}\stego\WOW\0.4bpp\stego\8707.pgm,0.985772953896821,0.491455078125,0.51220703125,0.491455078125,0.51220703125,0.7161193559138741,0.50537109375,0.5322265625,0.50537109375,0.5322265625,0.6000125927379636,0.50048828125,0.548828125,0.50048828125,0.548828125,0.04146227271140963,0.52783203125,0.54833984375,0.52783203125,0.54833984375,0.9105453978311193,0.4921875,0.62451171875,0.4921875,0.62451171875,WOW,0.0811352510701586,0.003624381768207681,0.14703056629147152,0.16556597487019664,0.6026438259999655
WOW__TEST__STEGO__9332.pgm,9332.pgm,WOW,1,${BOSSBASE_ROOT}\stego\WOW\0.4bpp\stego\9332.pgm,0.991118324899153,0.491455078125,0.51220703125,0.491455078125,0.51220703125,0.994180040415741,0.50537109375,0.5322265625,0.50537109375,0.5322265625,0.9919691867837398,0.50048828125,0.548828125,0.50048828125,0.548828125,0.9849852519941804,0.52783203125,0.54833984375,0.52783203125,0.54833984375,0.9912548183179649,0.4921875,0.62451171875,0.4921875,0.62451171875,WOW,0.1074707097921595,0.1595930934235914,0.13173590658143675,0.20522083091080792,0.3959794592920043
WOW__TEST__STEGO__9604.pgm,9604.pgm,WOW,1,${BOSSBASE_ROOT}\stego\WOW\0.4bpp\stego\9604.pgm,0.9885803853543514,0.491455078125,0.51220703125,0.491455078125,0.51220703125,0.9923341253113541,0.50537109375,0.5322265625,0.50537109375,0.5322265625,0.9902538959474461,0.50048828125,0.548828125,0.50048828125,0.548828125,0.8227594829327498,0.52783203125,0.54833984375,0.52783203125,0.54833984375,0.9936116790902788,0.4921875,0.62451171875,0.4921875,0.62451171875,WOW,0.123969491572398,0.08061299316508484,0.1411969550325677,0.22159408570446396,0.4326264745254854
WOW__TEST__STEGO__718.pgm,718.pgm,WOW,1,${BOSSBASE_ROOT}\stego\WOW\0.4bpp\stego\718.pgm,0.5847455076953195,0.491455078125,0.51220703125,0.491455078125,0.51220703125,0.5465566402529781,0.50537109375,0.5322265625,0.50537109375,0.5322265625,0.5943746943619819,0.50048828125,0.548828125,0.50048828125,0.548828125,0.45359462898172753,0.52783203125,0.54833984375,0.52783203125,0.54833984375,0.4963665648139466,0.4921875,0.62451171875,0.4921875,0.62451171875,WOW,0.21818526805289654,0.1106051657463082,0.18084426196249412,0.2316920903480018,0.25867321389029935
WOW__TEST__STEGO__2206.pgm,2206.pgm,WOW,1,${BOSSBASE_ROOT}\stego\WOW\0.4bpp\stego\2206.pgm,0.9906599756149459,0.491455078125,0.51220703125,0.491455078125,0.51220703125,0.46323177514086,0.50537109375,0.5322265625,0.50537109375,0.5322265625,0.9681411443139596,0.50048828125,0.548828125,0.50048828125,0.548828125,0.9368651017878079,0.52783203125,0.54833984375,0.52783203125,0.54833984375,0.9450961463787158,0.4921875,0.62451171875,0.4921875,0.62451171875,WOW,0.17934929469529146,0.13034178396488647,0.19776383250779256,0.03248236605757999,0.46006272277444954
WOW__TEST__STEGO__1584.pgm,1584.pgm,WOW,1,${BOSSBASE_ROOT}\stego\WOW\0.4bpp\stego\1584.pgm,0.46857784156364457,0.491455078125,0.51220703125,0.491455078125,0.51220703125,0.32734567462829944,0.50537109375,0.5322265625,0.50537109375,0.5322265625,0.9278877945870695,0.50048828125,0.548828125,0.50048828125,0.548828125,0.04518375667269088,0.52783203125,0.54833984375,0.52783203125,0.54833984375,0.9155072460249908,0.4921875,0.62451171875,0.4921875,0.62451171875,HILL,0.5152166047640163,0.006366906556707704,0.36322269414162245,0.03147911365634465,0.08371468088130898
WOW__TEST__STEGO__9535.pgm,9535.pgm,WOW,1,${BOSSBASE_ROOT}\stego\WOW\0.4bpp\stego\9535.pgm,0.9667260589136598,0.491455078125,0.51220703125,0.491455078125,0.51220703125,0.823895879756849,0.50537109375,0.5322265625,0.50537109375,0.5322265625,0.9768907222638489,0.50048828125,0.548828125,0.50048828125,0.548828125,0.03507867664288416,0.52783203125,0.54833984375,0.52783203125,0.54833984375,0.585752942283663,0.4921875,0.62451171875,0.4921875,0.62451171875,WOW,0.21597187446481794,0.002464734864277174,0.06379661085165245,0.16319937368623758,0.5545674061330149
WOW__TEST__STEGO__4628.pgm,4628.pgm,WOW,1,${BOSSBASE_ROOT}\stego\WOW\0.4bpp\stego\4628.pgm,0.9912208911330882,0.491455078125,0.51220703125,0.491455078125,0.51220703125,0.994180040415741,0.50537109375,0.5322265625,0.50537109375,0.5322265625,0.9881308789536605,0.50048828125,0.548828125,0.50048828125,0.548828125,0.005576544822592462,0.52783203125,0.54833984375,0.52783203125,0.54833984375,0.9917803069380321,0.4921875,0.62451171875,0.4921875,0.62451171875,WOW,0.16859000137782798,0.0016689751917616535,0.12625377472038518,0.22451790570618962,0.47896934300383565
WOW__TEST__STEGO__9399.pgm,9399.pgm,WOW,1,${BOSSBASE_ROOT}\stego\WOW\0.4bpp\stego\9399.pgm,0.9930423911926235,0.491455078125,0.51220703125,0.491455078125,0.51220703125,0.9905509186809447,0.50537109375,0.5322265625,0.50537109375,0.5322265625,0.9690324847372525,0.50048828125,0.548828125,0.50048828125,0.548828125,0.9666001780666844,0.52783203125,0.54833984375,0.52783203125,0.54833984375,0.9873750507184357,0.4921875,0.62451171875,0.4921875,0.62451171875,WOW,0.10220809026665459,0.15109243460753224,0.13103030226829648,0.21090478898574436,0.4047643838717723
WOW__TEST__STEGO__2766.pgm,2766.pgm,WOW,1,${BOSSBASE_ROOT}\stego\WOW\0.4bpp\stego\2766.pgm,0.9918437513730266,0.491455078125,0.51220703125,0.491455078125,0.51220703125,0.9738443816461771,0.50537109375,0.5322265625,0.50537109375,0.5322265625,0.9867261125456144,0.50048828125,0.548828125,0.50048828125,0.548828125,0.9747251018697572,0.52783203125,0.54833984375,0.52783203125,0.54833984375,0.9925969859111274,0.4921875,0.62451171875,0.4921875,0.62451171875,WOW,0.10989410309997187,0.15457833663090975,0.1362026717289786,0.1945374584361239,0.40478743010401597
WOW__TEST__STEGO__6952.pgm,6952.pgm,WOW,1,${BOSSBASE_ROOT}\stego\WOW\0.4bpp\stego\6952.pgm,0.9904775143296634,0.491455078125,0.51220703125,0.491455078125,0.51220703125,0.9800148480052566,0.50537109375,0.5322265625,0.50537109375,0.5322265625,0.9914886969734374,0.50048828125,0.548828125,0.50048828125,0.548828125,0.005957153763749635,0.52783203125,0.54833984375,0.52783203125,0.54833984375,0.9856629695759892,0.4921875,0.62451171875,0.4921875,0.62451171875,WOW,0.17398963543469145,0.0016798784750871713,0.1271208608261858,0.21439326111436022,0.4828163641496755
WOW__TEST__STEGO__4466.pgm,4466.pgm,WOW,1,${BOSSBASE_ROOT}\stego\WOW\0.4bpp\stego\4466.pgm,0.5596811601171243,0.491455078125,0.51220703125,0.491455078125,0.51220703125,0.9999999999999987,0.50537109375,0.5322265625,0.50537109375,0.5322265625,0.5529923735961032,0.50048828125,0.548828125,0.50048828125,0.548828125,0.5310725769783259,0.52783203125,0.54833984375,0.52783203125,0.54833984375,0.522065127219689,0.4921875,0.62451171875,0.4921875,0.62451171875,S-UNIWARD,0.06367439880940097,0.09487736475914471,0.06756782159421396,0.6626502591803581,0.11123015565688224
WOW__TEST__STEGO__20.pgm,20.pgm,WOW,1,${BOSSBASE_ROOT}\stego\WOW\0.4bpp\stego\20.pgm,0.9918120900983038,0.491455078125,0.51220703125,0.491455078125,0.51220703125,0.9896318433492118,0.50537109375,0.5322265625,0.50537109375,0.5322265625,0.9924812819385679,0.50048828125,0.548828125,0.50048828125,0.548828125,0.5508791948831282,0.52783203125,0.54833984375,0.52783203125,0.54833984375,0.988841968751916,0.4921875,0.62451171875,0.4921875,0.62451171875,WOW,0.14337255895792528,0.02278263407328481,0.13947657328391233,0.22667595953985686,0.4676922741450207
WOW__TEST__STEGO__2007.pgm,2007.pgm,WOW,1,${BOSSBASE_ROOT}\stego\WOW\0.4bpp\stego\2007.pgm,0.9893474891602738,0.491455078125,0.51220703125,0.491455078125,0.51220703125,0.9610980199022023,0.50537109375,0.5322265625,0.50537109375,0.5322265625,0.9878996141864553,0.50048828125,0.548828125,0.50048828125,0.548828125,0.2668346285944962,0.52783203125,0.54833984375,0.52783203125,0.54833984375,0.9875203002546722,0.4921875,0.62451171875,0.4921875,0.62451171875,WOW,0.16390003254867003,0.006004452153065417,0.13876971840973606,0.20742528073512717,0.4839005161534014
WOW__TEST__STEGO__3738.pgm,3738.pgm,WOW,1,${BOSSBASE_ROOT}\stego\WOW\0.4bpp\stego\3738.pgm,0.5265862296930222,0.491455078125,0.51220703125,0.491455078125,0.51220703125,0.5098177687086741,0.50537109375,0.5322265625,0.50537109375,0.5322265625,0.5293242190190803,0.50048828125,0.548828125,0.50048828125,0.548828125,0.5040129753536544,0.52783203125,0.54833984375,0.52783203125,0.54833984375,0.509772009908631,0.4921875,0.62451171875,0.4921875,0.62451171875,S-UNIWARD,0.194406613030706,0.1684752031590209,0.20354753726355532,0.22580224094631493,0.20776840560040272
WOW__TEST__STEGO__2179.pgm,2179.pgm,WOW,1,${BOSSBASE_ROOT}\stego\WOW\0.4bpp\stego\2179.pgm,0.7320175140440481,0.491455078125,0.51220703125,0.491455078125,0.51220703125,0.7728736964144969,0.50537109375,0.5322265625,0.50537109375,0.5322265625,0.7744128267591711,0.50048828125,0.548828125,0.50048828125,0.548828125,0.8927496741072254,0.52783203125,0.54833984375,0.52783203125,0.54833984375,0.7745833841649233,0.4921875,0.62451171875,0.4921875,0.62451171875,HUGO,0.12515458435440754,0.29904557048034314,0.1560323935154081,0.1996308447236329,0.22013660692620843
WOW__TEST__STEGO__8487.pgm,8487.pgm,WOW,1,${BOSSBASE_ROOT}\stego\WOW\0.4bpp\stego\8487.pgm,0.5898935630341078,0.491455078125,0.51220703125,0.491455078125,0.51220703125,0.5681163268985152,0.50537109375,0.5322265625,0.50537109375,0.5322265625,0.5175556466525381,0.50048828125,0.548828125,0.50048828125,0.548828125,0.49202033089903563,0.52783203125,0.54833984375,0.52783203125,0.54833984375,0.45980372986729784,0.4921875,0.62451171875,0.4921875,0.62451171875,S-UNIWARD,0.16347109145202315,0.14251561997193687,0.15712236912277647,0.27602032896332124,0.26087059048994227
WOW__TEST__STEGO__1836.pgm,1836.pgm,WOW,1,${BOSSBASE_ROOT}\stego\WOW\0.4bpp\stego\1836.pgm,0.8885655479945739,0.491455078125,0.51220703125,0.491455078125,0.51220703125,0.9999990429172271,0.50537109375,0.5322265625,0.50537109375,0.5322265625,0.976129165047569,0.50048828125,0.548828125,0.50048828125,0.548828125,0.909103245693355,0.52783203125,0.54833984375,0.52783203125,0.54833984375,0.9992678187383391,0.4921875,0.62451171875,0.4921875,0.62451171875,WOW,0.13055812062589692,0.1545942988551852,0.1633407258959316,0.25016187527453887,0.3013449793484474
WOW__TEST__STEGO__3319.pgm,3319.pgm,WOW,1,${BOSSBASE_ROOT}\stego\WOW\0.4bpp\stego\3319.pgm,0.9733422603160213,0.491455078125,0.51220703125,0.491455078125,0.51220703125,0.9230391643039738,0.50537109375,0.5322265625,0.50537109375,0.5322265625,0.8955226768697631,0.50048828125,0.548828125,0.50048828125,0.548828125,0.03956455513223735,0.52783203125,0.54833984375,0.52783203125,0.54833984375,0.578150487031857,0.4921875,0.62451171875,0.4921875,0.62451171875,WOW,0.14724260827568947,0.002667884053158817,0.05406408410669966,0.252091512785883,0.5439339107785691
WOW__TEST__STEGO__883.pgm,883.pgm,WOW,1,${BOSSBASE_ROOT}\stego\WOW\0.4bpp\stego\883.pgm,0.08181271217150776,0.491455078125,0.51220703125,0.491455078125,0.51220703125,0.5726630311852342,0.50537109375,0.5322265625,0.50537109375,0.5322265625,0.6433292938858967,0.50048828125,0.548828125,0.50048828125,0.548828125,0.5177385240286939,0.52783203125,0.54833984375,0.52783203125,0.54833984375,0.8143482699344362,0.4921875,0.62451171875,0.4921875,0.62451171875,MiPOD,0.2404568664058786,0.20714051426221147,0.3759416859867378,0.15607557724632928,0.020385356098842806
WOW__TEST__STEGO__8412.pgm,8412.pgm,WOW,1,${BOSSBASE_ROOT}\stego\WOW\0.4bpp\stego\8412.pgm,0.9837849698906836,0.491455078125,0.51220703125,0.491455078125,0.51220703125,0.9962927471256138,0.50537109375,0.5322265625,0.50537109375,0.5322265625,0.9257686295391643,0.50048828125,0.548828125,0.50048828125,0.548828125,0.00881316650304586,0.52783203125,0.54833984375,0.52783203125,0.54833984375,0.47440289043961453,0.4921875,0.62451171875,0.4921875,0.62451171875,WOW,0.1367715117989907,0.0020603649674271066,0.03572680480575177,0.30022834633358736,0.525212972094243
WOW__TEST__STEGO__8028.pgm,8028.pgm,WOW,1,${BOSSBASE_ROOT}\stego\WOW\0.4bpp\stego\8028.pgm,0.990216123982345,0.491455078125,0.51220703125,0.491455078125,0.51220703125,0.9932811299991624,0.50537109375,0.5322265625,0.50537109375,0.5322265625,0.9878058669624095,0.50048828125,0.548828125,0.50048828125,0.548828125,0.01791734476747132,0.52783203125,0.54833984375,0.52783203125,0.54833984375,0.9864678513445929,0.4921875,0.62451171875,0.4921875,0.62451171875,WOW,0.16852139457342633,0.0017821482811135236,0.12551658065632781,0.22526110032412755,0.47891877616500494
WOW__TEST__STEGO__9612.pgm,9612.pgm,WOW,1,${BOSSBASE_ROOT}\stego\WOW\0.4bpp\stego\9612.pgm,0.9580694764363313,0.491455078125,0.51220703125,0.491455078125,0.51220703125,0.7640123872657761,0.50537109375,0.5322265625,0.50537109375,0.5322265625,0.53867988560147,0.50048828125,0.548828125,0.50048828125,0.548828125,0.3066308481972961,0.52783203125,0.54833984375,0.52783203125,0.54833984375,0.5364646857632455,0.4921875,0.62451171875,0.4921875,0.62451171875,WOW,0.06148830199888197,0.016454156186852042,0.062479021034747596,0.26145925726627006,0.5981192635132483
WOW__TEST__STEGO__1737.pgm,1737.pgm,WOW,1,${BOSSBASE_ROOT}\stego\WOW\0.4bpp\stego\1737.pgm,0.47865068402389804,0.491455078125,0.51220703125,0.491455078125,0.51220703125,0.5148805530426933,0.50537109375,0.5322265625,0.50537109375,0.5322265625,0.5023994261610417,0.50048828125,0.548828125,0.50048828125,0.548828125,0.5048521425994151,0.52783203125,0.54833984375,0.52783203125,0.54833984375,0.5141639950684916,0.4921875,0.62451171875,0.4921875,0.62451171875,S-UNIWARD,0.185935703289196,0.1897186813609476,0.21177572819194931,0.2410907249957143,0.1714791621621929
WOW__TEST__STEGO__1840.pgm,1840.pgm,WOW,1,${BOSSBASE_ROOT}\stego\WOW\0.4bpp\stego\1840.pgm,0.06730107458490009,0.491455078125,0.51220703125,0.491455078125,0.51220703125,0.05429893662693446,0.50537109375,0.5322265625,0.50537109375,0.5322265625,0.600774061147403,0.50048828125,0.548828125,0.50048828125,0.548828125,0.025226825379287925,0.52783203125,0.54833984375,0.52783203125,0.54833984375,0.8955226768697631,0.4921875,0.62451171875,0.4921875,0.62451171875,MiPOD,0.3640178790963337,0.01682406721928921,0.5804826070968525,0.020367685783298634,0.01830776080422591
WOW__TEST__STEGO__5622.pgm,5622.pgm,WOW,1,${BOSSBASE_ROOT}\stego\WOW\0.4bpp\stego\5622.pgm,0.9910145712474399,0.491455078125,0.51220703125,0.491455078125,0.51220703125,0.99463594330938,0.50537109375,0.5322265625,0.50537109375,0.5322265625,0.9908389730779061,0.50048828125,0.548828125,0.50048828125,0.548828125,0.026405517886081174,0.52783203125,0.54833984375,0.52783203125,0.54833984375,0.989908684514805,0.4921875,0.62451171875,0.4921875,0.62451171875,WOW,0.1688250678804233,0.0018413873082205171,0.12627739017538853,0.22464546121330017,0.47841069342266745
WOW__TEST__STEGO__1897.pgm,1897.pgm,WOW,1,${BOSSBASE_ROOT}\stego\WOW\0.4bpp\stego\1897.pgm,0.9376689641180752,0.491455078125,0.51220703125,0.491455078125,0.51220703125,0.9462996942374737,0.50537109375,0.5322265625,0.50537109375,0.5322265625,0.8687154404337947,0.50048828125,0.548828125,0.50048828125,0.548828125,0.02898062974145319,0.52783203125,0.54833984375,0.52783203125,0.54833984375,0.9984692548988241,0.4921875,0.62451171875,0.4921875,0.62451171875,WOW,0.14557030459618192,0.0026443110659645406,0.1553457402312513,0.25318029289620375,0.44325935121039844
WOW__TEST__STEGO__8994.pgm,8994.pgm,WOW,1,${BOSSBASE_ROOT}\stego\WOW\0.4bpp\stego\8994.pgm,0.6666053112193858,0.491455078125,0.51220703125,0.491455078125,0.51220703125,0.4965649191581013,0.50537109375,0.5322265625,0.50537109375,0.5322265625,0.5771974922343387,0.50048828125,0.548828125,0.50048828125,0.548828125,0.582134757477509,0.52783203125,0.54833984375,0.52783203125,0.54833984375,0.5379214230440731,0.4921875,0.62451171875,0.4921875,0.62451171875,WOW,0.17398022606813138,0.15915201749750973,0.17828063828249782,0.1706741012681052,0.3179130168837559
WOW__TEST__STEGO__9539.pgm,9539.pgm,WOW,1,${BOSSBASE_ROOT}\stego\WOW\0.4bpp\stego\9539.pgm,0.03832197352054554,0.491455078125,0.51220703125,0.491455078125,0.51220703125,0.49223771475669037,0.50537109375,0.5322265625,0.50537109375,0.5322265625,0.5216386972024424,0.50048828125,0.548828125,0.50048828125,0.548828125,0.0026522597057856566,0.52783203125,0.54833984375,0.52783203125,0.54833984375,0.9168570857654618,0.4921875,0.62451171875,0.4921875,0.62451171875,MiPOD,0.2578546715102837,0.02419400258437045,0.5488379269707823,0.14889026160666885,0.02022313732789471
WOW__TEST__STEGO__1860.pgm,1860.pgm,WOW,1,${BOSSBASE_ROOT}\stego\WOW\0.4bpp\stego\1860.pgm,0.9897116988662837,0.491455078125,0.51220703125,0.491455078125,0.51220703125,0.9918437513730266,0.50537109375,0.5322265625,0.50537109375,0.5322265625,0.9860979413749407,0.50048828125,0.548828125,0.50048828125,0.548828125,0.010944577400979882,0.52783203125,0.54833984375,0.52783203125,0.54833984375,0.9861513897844354,0.4921875,0.62451171875,0.4921875,0.62451171875,WOW,0.16862737971106417,0.0017309654516593702,0.12563049537260043,0.22491891998877198,0.4790922394759042
WOW__TEST__STEGO__4207.pgm,4207.pgm,WOW,1,${BOSSBASE_ROOT}\stego\WOW\0.4bpp\stego\4207.pgm,0.5300996691306218,0.491455078125,0.51220703125,0.491455078125,0.51220703125,0.535614633238692,0.50537109375,0.5322265625,0.50537109375,0.5322265625,0.5443775474695154,0.50048828125,0.548828125,0.50048828125,0.548828125,0.5050466730942663,0.52783203125,0.54833984375,0.52783203125,0.54833984375,0.5266927380156912,0.4921875,0.62451171875,0.4921875,0.62451171875,S-UNIWARD,0.19379108289646502,0.16195445428346744,0.20307507914065806,0.23658703219448152,0.20459235148492794
WOW__TEST__STEGO__5373.pgm,5373.pgm,WOW,1,${BOSSBASE_ROOT}\stego\WOW\0.4bpp\stego\5373.pgm,0.9907319866190857,0.491455078125,0.51220703125,0.491455078125,0.51220703125,0.015845361188137366,0.50537109375,0.5322265625,0.50537109375,0.5322265625,0.9822196099268891,0.50048828125,0.548828125,0.50048828125,0.548828125,0.02551660344798049,0.52783203125,0.54833984375,0.52783203125,0.54833984375,0.9658995742876885,0.4921875,0.62451171875,0.4921875,0.62451171875,WOW,0.3319652342565118,0.0012941694467824849,0.22401679828260448,0.004973490165012271,0.43775030784908886
WOW__TEST__STEGO__3799.pgm,3799.pgm,WOW,1,${BOSSBASE_ROOT}\stego\WOW\0.4bpp\stego\3799.pgm,0.6897237499113223,0.491455078125,0.51220703125,0.491455078125,0.51220703125,0.5826097863601577,0.50537109375,0.5322265625,0.50537109375,0.5322265625,0.5506979786844453,0.50048828125,0.548828125,0.50048828125,0.548828125,0.5672175679438427,0.52783203125,0.54833984375,0.52783203125,0.54833984375,0.5343999146577059,0.4921875,0.62451171875,0.4921875,0.62451171875,WOW,0.1402158238956042,0.14264036100802102,0.15325937843712106,0.23172679076815153,0.3321576458911022
WOW__TEST__STEGO__3280.pgm,3280.pgm,WOW,1,${BOSSBASE_ROOT}\stego\WOW\0.4bpp\stego\3280.pgm,0.9468920959838323,0.491455078125,0.51220703125,0.491455078125,0.51220703125,0.9497626398694519,0.50537109375,0.5322265625,0.50537109375,0.5322265625,0.9317114624722079,0.50048828125,0.548828125,0.50048828125,0.548828125,0.28150435648847444,0.52783203125,0.54833984375,0.52783203125,0.54833984375,0.975390071374038,0.4921875,0.62451171875,0.4921875,0.62451171875,WOW,0.15692622423772717,0.008047726422707829,0.15167580021216842,0.2367183738461281,0.4466318752812684
WOW__TEST__STEGO__8174.pgm,8174.pgm,WOW,1,${BOSSBASE_ROOT}\stego\WOW\0.4bpp\stego\8174.pgm,0.4821547996931803,0.491455078125,0.51220703125,0.491455078125,0.51220703125,0.5147433444586236,0.50537109375,0.5322265625,0.50537109375,0.5322265625,0.5306621598539657,0.50048828125,0.548828125,0.50048828125,0.548828125,0.5596209936745691,0.52783203125,0.54833984375,0.52783203125,0.54833984375,0.5474035883236248,0.4921875,0.62451171875,0.4921875,0.62451171875,HUGO,0.18574168065136443,0.22073483367051597,0.21772334351961778,0.21499453167703084,0.1608056104814709
WOW__TEST__STEGO__9193.pgm,9193.pgm,WOW,1,${BOSSBASE_ROOT}\stego\WOW\0.4bpp\stego\9193.pgm,0.8691603027446185,0.491455078125,0.51220703125,0.491455078125,0.51220703125,0.42667989017542446,0.50537109375,0.5322265625,0.50537109375,0.5322265625,0.9365176378735215,0.50048828125,0.548828125,0.50048828125,0.548828125,0.3311197396289915,0.52783203125,0.54833984375,0.52783203125,0.54833984375,0.9706321458187713,0.4921875,0.62451171875,0.4921875,0.62451171875,WOW,0.29646186232917093,0.011688438443692427,0.27555093779062834,0.03793959188458001,0.3783591695519282
WOW__TEST__STEGO__7235.pgm,7235.pgm,WOW,1,${BOSSBASE_ROOT}\stego\WOW\0.4bpp\stego\7235.pgm,0.9910145712474399,0.491455078125,0.51220703125,0.491455078125,0.51220703125,0.9906960501316063,0.50537109375,0.5322265625,0.50537109375,0.5322265625,0.9895513745548833,0.50048828125,0.548828125,0.50048828125,0.548828125,0.9873750507184357,0.52783203125,0.54833984375,0.52783203125,0.54833984375,0.9902915235185259,0.4921875,0.62451171875,0.4921875,0.62451171875,WOW,0.10695814944998899,0.16184303272665357,0.13181872470058353,0.20333245544252818,0.39604763768024587
WOW__TEST__STEGO__5203.pgm,5203.pgm,WOW,1,${BOSSBASE_ROOT}\stego\WOW\0.4bpp\stego\5203.pgm,0.9689738206081602,0.491455078125,0.51220703125,0.491455078125,0.51220703125,0.027376488778351356,0.50537109375,0.5322265625,0.50537109375,0.5322265625,0.7231139840929408,0.50048828125,0.548828125,0.50048828125,0.548828125,0.08601588131710575,0.52783203125,0.54833984375,0.52783203125,0.54833984375,0.6682310740411628,0.4921875,0.62451171875,0.4921875,0.62451171875,WOW,0.21318028505458242,0.0036852771416869897,0.1503732659973913,0.011808208105611492,0.620952963700728
WOW__TEST__STEGO__7707.pgm,7707.pgm,WOW,1,${BOSSBASE_ROOT}\stego\WOW\0.4bpp\stego\7707.pgm,0.9895513745548833,0.491455078125,0.51220703125,0.491455078125,0.51220703125,0.992988204618503,0.50537109375,0.5322265625,0.50537109375,0.5322265625,0.992767236196521,0.50048828125,0.548828125,0.50048828125,0.548828125,0.010944577400979882,0.52783203125,0.54833984375,0.52783203125,0.54833984375,0.9922744656025764,0.4921875,0.62451171875,0.4921875,0.62451171875,WOW,0.171490559246111,0.0017122479013070347,0.12726439561891897,0.22283903037101435,0.4766937668626487
WOW__TEST__STEGO__4909.pgm,4909.pgm,WOW,1,${BOSSBASE_ROOT}\stego\WOW\0.4bpp\stego\4909.pgm,0.8236123187076703,0.491455078125,0.51220703125,0.491455078125,0.51220703125,0.05023736013054807,0.50537109375,0.5322265625,0.50537109375,0.5322265625,0.2562732024122395,0.50048828125,0.548828125,0.50048828125,0.548828125,0.02169809712363195,0.52783203125,0.54833984375,0.52783203125,0.54833984375,0.8720207761598445,0.4921875,0.62451171875,0.4921875,0.62451171875,WOW,0.08981791789892364,0.008472196657022478,0.3621310707789,0.033805166764075925,0.5057736479010779
WOW__TEST__STEGO__6755.pgm,6755.pgm,WOW,1,${BOSSBASE_ROOT}\stego\WOW\0.4bpp\stego\6755.pgm,0.9764456684220548,0.491455078125,0.51220703125,0.491455078125,0.51220703125,0.9058233363414857,0.50537109375,0.5322265625,0.50537109375,0.5322265625,0.7645401938566934,0.50048828125,0.548828125,0.50048828125,0.548828125,0.8267117940706734,0.52783203125,0.54833984375,0.52783203125,0.54833984375,0.745583664470563,0.4921875,0.62451171875,0.4921875,0.62451171875,WOW,0.07208889697963267,0.11914758095229444,0.08491618066001015,0.2523474354503849,0.47149990595767793
WOW__TEST__STEGO__1029.pgm,1029.pgm,WOW,1,${BOSSBASE_ROOT}\stego\WOW\0.4bpp\stego\1029.pgm,0.9574372713515003,0.491455078125,0.51220703125,0.491455078125,0.51220703125,0.9268352785943768,0.50537109375,0.5322265625,0.50537109375,0.5322265625,0.13568954596860924,0.50048828125,0.548828125,0.50048828125,0.548828125,0.08993301223786454,0.52783203125,0.54833984375,0.52783203125,0.54833984375,0.6483550374749418,0.4921875,0.62451171875,0.4921875,0.62451171875,S-UNIWARD,0.011844446052157731,0.006361030552940685,0.04348945984476642,0.530468808422344,0.40783625512779115
WOW__TEST__STEGO__6587.pgm,6587.pgm,WOW,1,${BOSSBASE_ROOT}\stego\WOW\0.4bpp\stego\6587.pgm,0.07963873882758324,0.491455078125,0.51220703125,0.491455078125,0.51220703125,0.8971559208377049,0.50537109375,0.5322265625,0.50537109375,0.5322265625,0.46872982973260513,0.50048828125,0.548828125,0.50048828125,0.548828125,0.040087358371065335,0.52783203125,0.54833984375,0.52783203125,0.54833984375,0.5560982657403406,0.4921875,0.62451171875,0.4921875,0.62451171875,S-UNIWARD,0.12112917656584253,0.028214015868698265,0.13329120553712873,0.6961744114648465,0.02119119056348404
WOW__TEST__STEGO__3425.pgm,3425.pgm,WOW,1,${BOSSBASE_ROOT}\stego\WOW\0.4bpp\stego\3425.pgm,0.4935230063717852,0.491455078125,0.51220703125,0.491455078125,0.51220703125,0.49620444912920963,0.50537109375,0.5322265625,0.50537109375,0.5322265625,0.5037249829629292,0.50048828125,0.548828125,0.50048828125,0.548828125,0.49932527583070296,0.52783203125,0.54833984375,0.52783203125,0.54833984375,0.4973755123847161,0.4921875,0.62451171875,0.4921875,0.62451171875,S-UNIWARD,0.19162583753916773,0.18353460505081898,0.20820734679671896,0.22971423059110196,0.18691798002219237
WOW__TEST__STEGO__1862.pgm,1862.pgm,WOW,1,${BOSSBASE_ROOT}\stego\WOW\0.4bpp\stego\1862.pgm,0.5099931759113766,0.491455078125,0.51220703125,0.491455078125,0.51220703125,0.5041350375612861,0.50537109375,0.5322265625,0.50537109375,0.5322265625,0.5056073698823655,0.50048828125,0.548828125,0.50048828125,0.548828125,0.49297760412562414,0.52783203125,0.54833984375,0.52783203125,0.54833984375,0.49899864330654414,0.4921875,0.62451171875,0.4921875,0.62451171875,S-UNIWARD,0.1889349283329921,0.17262477441868207,0.20457452384457062,0.23454712675388673,0.1993186466498684
WOW__TEST__STEGO__6911.pgm,6911.pgm,WOW,1,${BOSSBASE_ROOT}\stego\WOW\0.4bpp\stego\6911.pgm,0.9923933278354767,0.491455078125,0.51220703125,0.491455078125,0.51220703125,0.9895513745548833,0.50537109375,0.5322265625,0.50537109375,0.5322265625,0.9807288620802312,0.50048828125,0.548828125,0.50048828125,0.548828125,0.9669140216112958,0.52783203125,0.54833984375,0.52783203125,0.54833984375,0.9832788562945579,0.4921875,0.62451171875,0.4921875,0.62451171875,WOW,0.10628724354666563,0.1500600103897089,0.1306369643706674,0.20791949294093257,0.40509628875202547
WOW__TEST__STEGO__415.pgm,415.pgm,WOW,1,${BOSSBASE_ROOT}\stego\WOW\0.4bpp\stego\415.pgm,0.7356416417389247,0.491455078125,0.51220703125,0.491455078125,0.51220703125,0.9032942067038784,0.50537109375,0.5322265625,0.50537109375,0.5322265625,0.7371581626286834,0.50048828125,0.548828125,0.50048828125,0.548828125,0.5998954007471432,0.52783203125,0.54833984375,0.52783203125,0.54833984375,0.8027102434082559,0.4921875,0.62451171875,0.4921875,0.62451171875,S-UNIWARD,0.12409366544769061,0.08770696160461301,0.15921613635578755,0.37594048900589155,0.25304274758601714
WOW__TEST__STEGO__8096.pgm,8096.pgm,WOW,1,${BOSSBASE_ROOT}\stego\WOW\0.4bpp\stego\8096.pgm,0.992710922416408,0.491455078125,0.51220703125,0.491455078125,0.51220703125,0.9960392124697902,0.50537109375,0.5322265625,0.50537109375,0.5322265625,0.9914556693065582,0.50048828125,0.548828125,0.50048828125,0.548828125,0.2626526663488052,0.52783203125,0.54833984375,0.52783203125,0.54833984375,0.9919380084717284,0.4921875,0.62451171875,0.4921875,0.62451171875,WOW,0.15639553117122318,0.005716459493875346,0.13255620150274988,0.22880253141312562,0.4765292764190258
WOW__TEST__STEGO__8159.pgm,8159.pgm,WOW,1,${BOSSBASE_ROOT}\stego\WOW\0.4bpp\stego\8159.pgm,0.9920002454916221,0.491455078125,0.51220703125,0.491455078125,0.51220703125,0.9942919660808865,0.50537109375,0.5322265625,0.50537109375,0.5322265625,0.9933588873579225,0.50048828125,0.548828125,0.50048828125,0.548828125,0.010408314101072437,0.52783203125,0.54833984375,0.52783203125,0.54833984375,0.9941118405241954,0.4921875,0.62451171875,0.4921875,0.62451171875,WOW,0.1704318038509598,0.0016906691559661303,0.12681133267810166,0.22232824323814032,0.4787379510768321
WOW__TEST__STEGO__6991.pgm,6991.pgm,WOW,1,${BOSSBASE_ROOT}\stego\WOW\0.4bpp\stego\6991.pgm,0.991554373058874,0.491455078125,0.51220703125,0.491455078125,0.51220703125,0.9945519319148104,0.50537109375,0.5322265625,0.50537109375,0.5322265625,0.9915870224290223,0.50048828125,0.548828125,0.50048828125,0.548828125,0.009020279501402172,0.52783203125,0.54833984375,0.52783203125,0.54833984375,0.9922444632191525,0.4921875,0.62451171875,0.4921875,0.62451171875,WOW,0.16980945738845882,0.0016867914774440639,0.12631987951587806,0.22348407689959676,0.47869979471862234
WOW__TEST__STEGO__345.pgm,345.pgm,WOW,1,${BOSSBASE_ROOT}\stego\WOW\0.4bpp\stego\345.pgm,0.6578682066126202,0.491455078125,0.51220703125,0.491455078125,0.51220703125,0.5471313847097466,0.50537109375,0.5322265625,0.50537109375,0.5322265625,0.5114115921750418,0.50048828125,0.548828125,0.50048828125,0.548828125,0.5153912540050615,0.52783203125,0.54833984375,0.52783203125,0.54833984375,0.5131652911977876,0.4921875,0.62451171875,0.4921875,0.62451171875,WOW,0.1459002384943229,0.1332184372614169,0.16404763657214982,0.2352998293335227,0.3215338583385877
WOW__TEST__STEGO__4483.pgm,4483.pgm,WOW,1,${BOSSBASE_ROOT}\stego\WOW\0.4bpp\stego\4483.pgm,0.9924227587321393,0.491455078125,0.51220703125,0.491455078125,0.51220703125,0.9894702878753826,0.50537109375,0.5322265625,0.50537109375,0.5322265625,0.9789956342674913,0.50048828125,0.548828125,0.50048828125,0.548828125,0.1752555877709867,0.52783203125,0.54833984375,0.52783203125,0.54833984375,0.9680808472695965,0.4921875,0.62451171875,0.4921875,0.62451171875,WOW,0.15703540516987982,0.0038562182290967795,0.12440733474291978,0.22967731949363113,0.48502372236447255
WOW__TEST__STEGO__2373.pgm,2373.pgm,WOW,1,${BOSSBASE_ROOT}\stego\WOW\0.4bpp\stego\2373.pgm,0.0757213720753314,0.491455078125,0.51220703125,0.491455078125,0.51220703125,0.029986506066001513,0.50537109375,0.5322265625,0.50537109375,0.5322265625,0.598781508347227,0.50048828125,0.548828125,0.50048828125,0.548828125,0.9809125661798574,0.52783203125,0.54833984375,0.52783203125,0.54833984375,0.5753494347494654,0.4921875,0.62451171875,0.4921875,0.62451171875,HUGO,0.11115539534447084,0.7350866766016289,0.1362160159868002,0.00934854272340869,0.008193369343691404
WOW__TEST__STEGO__1214.pgm,1214.pgm,WOW,1,${BOSSBASE_ROOT}\stego\WOW\0.4bpp\stego\1214.pgm,0.9918120900983038,0.491455078125,0.51220703125,0.491455078125,0.51220703125,0.9725714572957163,0.50537109375,0.5322265625,0.50537109375,0.5322265625,0.027376488778351356,0.50048828125,0.548828125,0.50048828125,0.548828125,0.013532148655407106,0.52783203125,0.54833984375,0.52783203125,0.54833984375,0.9462996942374737,0.4921875,0.62451171875,0.4921875,0.62451171875,S-UNIWARD,0.007099864848265229,0.0037888498987956,0.06898541865177547,0.5447860108689995,0.3753398557321643
WOW__TEST__STEGO__897.pgm,897.pgm,WOW,1,${BOSSBASE_ROOT}\stego\WOW\0.4bpp\stego\897.pgm,0.9822196099268891,0.491455078125,0.51220703125,0.491455078125,0.51220703125,0.9704086268107062,0.50537109375,0.5322265625,0.50537109375,0.5322265625,0.9457010633730655,0.50048828125,0.548828125,0.50048828125,0.548828125,0.9138304453571467,0.52783203125,0.54833984375,0.52783203125,0.54833984375,0.9038048371679412,0.4921875,0.62451171875,0.4921875,0.62451171875,WOW,0.10586935607938838,0.1327530591250212,0.11535835482559666,0.2221652966720359,0.42385393329795784
WOW__TEST__STEGO__1743.pgm,1743.pgm,WOW,1,${BOSSBASE_ROOT}\stego\WOW\0.4bpp\stego\1743.pgm,0.9910492885631179,0.491455078125,0.51220703125,0.491455078125,0.51220703125,0.9924227587321393,0.50537109375,0.5322265625,0.50537109375,0.5322265625,0.9934357507792255,0.50048828125,0.548828125,0.50048828125,0.548828125,0.9770226300899744,0.52783203125,0.54833984375,0.52783203125,0.54833984375,0.9898303422461273,0.4921875,0.62451171875,0.4921875,0.62451171875,WOW,0.10918301403818383,0.1544784637884943,0.13228015670115115,0.20499091190512403,0.3990674535670467
WOW__TEST__STEGO__2441.pgm,2441.pgm,WOW,1,${BOSSBASE_ROOT}\stego\WOW\0.4bpp\stego\2441.pgm,0.9909096166863416,0.491455078125,0.51220703125,0.491455078125,0.51220703125,0.9926256346917622,0.50537109375,0.5322265625,0.50537109375,0.5322265625,0.9892232739499199,0.50048828125,0.548828125,0.50048828125,0.548828125,0.725940156671313,0.52783203125,0.54833984375,0.52783203125,0.54833984375,0.9891396689867223,0.4921875,0.62451171875,0.4921875,0.62451171875,WOW,0.13051571711603197,0.05182508800356951,0.14034198743111773,0.22681381360343675,0.450503393845844
WOW__TEST__STEGO__9112.pgm,9112.pgm,WOW,1,${BOSSBASE_ROOT}\stego\WOW\0.4bpp\stego\9112.pgm,0.9890130573694068,0.491455078125,0.51220703125,0.491455078125,0.51220703125,0.019794778861558837,0.50537109375,0.5322265625,0.50537109375,0.5322265625,0.08195954962063653,0.50048828125,0.548828125,0.50048828125,0.548828125,0.05014425138877122,0.52783203125,0.54833984375,0.52783203125,0.54833984375,0.97982268167713,0.4921875,0.62451171875,0.4921875,0.62451171875,WOW,0.032374998392667394,0.005859042891350065,0.27876420846776695,0.023756604580003164,0.6592451456682125
WOW__TEST__STEGO__7532.pgm,7532.pgm,WOW,1,${BOSSBASE_ROOT}\stego\WOW\0.4bpp\stego\7532.pgm,0.9567151548042914,0.491455078125,0.51220703125,0.491455078125,0.51220703125,0.878314245362953,0.50537109375,0.5322265625,0.50537109375,0.5322265625,0.7689067580749571,0.50048828125,0.548828125,0.50048828125,0.548828125,0.5801141942349324,0.52783203125,0.54833984375,0.52783203125,0.54833984375,0.7440988805974809,0.4921875,0.62451171875,0.4921875,0.62451171875,WOW,0.09478065274735033,0.042902599578233135,0.09653577311756782,0.25794130645269175,0.5078396681041569
WOW__TEST__STEGO__2109.pgm,2109.pgm,WOW,1,${BOSSBASE_ROOT}\stego\WOW\0.4bpp\stego\2109.pgm,0.5792814123138729,0.491455078125,0.51220703125,0.491455078125,0.51220703125,0.5210751521194907,0.50537109375,0.5322265625,0.50537109375,0.5322265625,0.5662584040415117,0.50048828125,0.548828125,0.50048828125,0.548828125,0.10411241155799623,0.52783203125,0.54833984375,0.52783203125,0.54833984375,0.5476455232958314,0.4921875,0.62451171875,0.4921875,0.62451171875,WOW,0.25351238351325056,0.02314976242589566,0.21387822527974312,0.23009348761665066,0.27936614116446007
WOW__TEST__STEGO__4681.pgm,4681.pgm,WOW,1,${BOSSBASE_ROOT}\stego\WOW\0.4bpp\stego\4681.pgm,0.46904902373869545,0.491455078125,0.51220703125,0.491455078125,0.51220703125,0.5035285363925713,0.50537109375,0.5322265625,0.50537109375,0.5322265625,0.5066257412788471,0.50048828125,0.548828125,0.50048828125,0.548828125,0.5362825493200397,0.52783203125,0.54833984375,0.52783203125,0.54833984375,0.5076059195961271,0.4921875,0.62451171875,0.4921875,0.62451171875,S-UNIWARD,0.1855006123810131,0.21815634132398656,0.2087022143131114,0.22621778870868603,0.1614230432732029
WOW__TEST__STEGO__782.pgm,782.pgm,WOW,1,${BOSSBASE_ROOT}\stego\WOW\0.4bpp\stego\782.pgm,0.5343391678963976,0.491455078125,0.51220703125,0.491455078125,0.51220703125,0.532607463902846,0.50537109375,0.5322265625,0.50537109375,0.5322265625,0.523633499004708,0.50048828125,0.548828125,0.50048828125,0.548828125,0.6408606496873825,0.52783203125,0.54833984375,0.52783203125,0.54833984375,0.6535692664470906,0.4921875,0.62451171875,0.4921875,0.62451171875,HUGO,0.14648787433806218,0.2570177258231592,0.23566620475103706,0.19272631922698524,0.16810187586075626
WOW__TEST__STEGO__5104.pgm,5104.pgm,WOW,1,${BOSSBASE_ROOT}\stego\WOW\0.4bpp\stego\5104.pgm,0.9927952309111313,0.491455078125,0.51220703125,0.491455078125,0.51220703125,0.8912444096440343,0.50537109375,0.5322265625,0.50537109375,0.5322265625,0.9902538959474461,0.50048828125,0.548828125,0.50048828125,0.548828125,0.9732915354985551,0.52783203125,0.54833984375,0.52783203125,0.54833984375,0.986878728873449,0.4921875,0.62451171875,0.4921875,0.62451171875,WOW,0.12375053185602189,0.15574430218503946,0.14885373916784256,0.14754044388404233,0.4241109829070539
WOW__TEST__STEGO__3703.pgm,3703.pgm,WOW,1,${BOSSBASE_ROOT}\stego\WOW\0.4bpp\stego\3703.pgm,0.9901019362839765,0.491455078125,0.51220703125,0.491455078125,0.51220703125,0.9925393565360598,0.50537109375,0.5322265625,0.50537109375,0.5322265625,0.8984105540811842,0.50048828125,0.548828125,0.50048828125,0.548828125,0.9412234441519332,0.52783203125,0.54833984375,0.52783203125,0.54833984375,0.9637117023352417,0.4921875,0.62451171875,0.4921875,0.62451171875,WOW,0.08421069856246131,0.14783051138359632,0.1225686470692745,0.2373175796081838,0.408072563376484
WOW__TEST__STEGO__999.pgm,999.pgm,WOW,1,${BOSSBASE_ROOT}\stego\WOW\0.4bpp\stego\999.pgm,0.45725789257359606,0.491455078125,0.51220703125,0.491455078125,0.51220703125,0.5026855210504991,0.50537109375,0.5322265625,0.50537109375,0.5322265625,0.5144994126126137,0.50048828125,0.548828125,0.50048828125,0.548828125,0.5191251859922408,0.52783203125,0.54833984375,0.52783203125,0.54833984375,0.5597413248063832,0.4921875,0.62451171875,0.4921875,0.62451171875,MiPOD,0.19261423948188183,0.20000875955134367,0.2377133431327362,0.2181829045648398,0.15148075326919844
WOW__TEST__STEGO__3064.pgm,3064.pgm,WOW,1,${BOSSBASE_ROOT}\stego\WOW\0.4bpp\stego\3064.pgm,0.5221869584877462,0.491455078125,0.51220703125,0.491455078125,0.51220703125,0.5203135197470904,0.50537109375,0.5322265625,0.50537109375,0.5322265625,0.5348858518658733,0.50048828125,0.548828125,0.50048828125,0.548828125,0.536555750339639,0.52783203125,0.54833984375,0.52783203125,0.54833984375,0.5292938063015878,0.4921875,0.62451171875,0.4921875,0.62451171875,S-UNIWARD,0.1871432568452423,0.1892508769296239,0.20562535259968054,0.2231372533232981,0.19484326030215532
WOW__TEST__STEGO__7613.pgm,7613.pgm,WOW,1,${BOSSBASE_ROOT}\stego\WOW\0.4bpp\stego\7613.pgm,0.9905509186809447,0.491455078125,0.51220703125,0.491455078125,0.51220703125,0.9630919338027948,0.50537109375,0.5322265625,0.50537109375,0.5322265625,0.4807072150613634,0.50048828125,0.548828125,0.50048828125,0.548828125,0.4921118605813346,0.52783203125,0.54833984375,0.52783203125,0.54833984375,0.9968641641227171,0.4921875,0.62451171875,0.4921875,0.62451171875,WOW,0.030315680924201782,0.028483210636564383,0.12058082313848935,0.37254686524802183,0.44807342005272255
WOW__TEST__STEGO__8906.pgm,8906.pgm,WOW,1,${BOSSBASE_ROOT}\stego\WOW\0.4bpp\stego\8906.pgm,0.792624809164082,0.491455078125,0.51220703125,0.491455078125,0.51220703125,0.51004656022577,0.50537109375,0.5322265625,0.50537109375,0.5322265625,0.519658440245235,0.50048828125,0.548828125,0.50048828125,0.548828125,0.5174032452444421,0.52783203125,0.54833984375,0.52783203125,0.54833984375,0.5218519161922783,0.4921875,0.62451171875,0.4921875,0.62451171875,WOW,0.12056043853519204,0.09110125572854207,0.13572215331511683,0.17026267017572935,0.4823534822454198
WOW__TEST__STEGO__3802.pgm,3802.pgm,WOW,1,${BOSSBASE_ROOT}\stego\WOW\0.4bpp\stego\3802.pgm,0.2699987521408367,0.491455078125,0.51220703125,0.491455078125,0.51220703125,0.4545024233825082,0.50537109375,0.5322265625,0.50537109375,0.5322265625,0.4665417737004776,0.50048828125,0.548828125,0.50048828125,0.548828125,0.509977923208204,0.52783203125,0.54833984375,0.52783203125,0.54833984375,0.48959500822910307,0.4921875,0.62451171875,0.4921875,0.62451171875,HUGO,0.20217130573519246,0.279864689482998,0.23769134209822643,0.20769655781163202,0.07257610487195108
WOW__TEST__STEGO__3823.pgm,3823.pgm,WOW,1,${BOSSBASE_ROOT}\stego\WOW\0.4bpp\stego\3823.pgm,0.4135363585517821,0.491455078125,0.51220703125,0.491455078125,0.51220703125,0.5173270433244966,0.50537109375,0.5322265625,0.50537109375,0.5322265625,0.5321820112760233,0.50048828125,0.548828125,0.50048828125,0.548828125,0.5146213794063754,0.52783203125,0.54833984375,0.52783203125,0.54833984375,0.5333670824052996,0.4921875,0.62451171875,0.4921875,0.62451171875,S-UNIWARD,0.20724757909178118,0.20818644345308293,0.22806771431996625,0.22927922736930811,0.1272190357658614
WOW__TEST__STEGO__4664.pgm,4664.pgm,WOW,1,${BOSSBASE_ROOT}\stego\WOW\0.4bpp\stego\4664.pgm,0.988755439279336,0.491455078125,0.51220703125,0.491455078125,0.51220703125,0.9711290930537122,0.50537109375,0.5322265625,0.50537109375,0.5322265625,0.13857832596509348,0.50048828125,0.548828125,0.50048828125,0.548828125,0.009232214404536282,0.52783203125,0.54833984375,0.52783203125,0.54833984375,0.8071568154401839,0.4921875,0.62451171875,0.4921875,0.62451171875,S-UNIWARD,0.01052543962910041,0.0036098339841100923,0.05384366776257109,0.5265700735921497,0.40545098503206867
WOW__TEST__STEGO__2609.pgm,2609.pgm,WOW,1,${BOSSBASE_ROOT}\stego\WOW\0.4bpp\stego\2609.pgm,0.9894702878753826,0.491455078125,0.51220703125,0.491455078125,0.51220703125,0.9914556693065582,0.50537109375,0.5322265625,0.50537109375,0.5322265625,0.9874720680072551,0.50048828125,0.548828125,0.50048828125,0.548828125,0.7407373920575276,0.52783203125,0.54833984375,0.52783203125,0.54833984375,0.9805061282729682,0.4921875,0.62451171875,0.4921875,0.62451171875,WOW,0.1295177349260937,0.05601834952222677,0.1381397643097335,0.2275068186156233,0.4488173326263227
WOW__TEST__STEGO__6000.pgm,6000.pgm,WOW,1,${BOSSBASE_ROOT}\stego\WOW\0.4bpp\stego\6000.pgm,0.9930693283432538,0.491455078125,0.51220703125,0.491455078125,0.51220703125,0.4240541848686391,0.50537109375,0.5322265625,0.50537109375,0.5322265625,0.9827572224423471,0.50048828125,0.548828125,0.50048828125,0.548828125,0.010818448652863185,0.52783203125,0.54833984375,0.52783203125,0.54833984375,0.7170118817172945,0.4921875,0.62451171875,0.4921875,0.62451171875,WOW,0.28742304393000806,0.0017241965571054044,0.10960606130987566,0.031574141998673526,0.5696725562043373
WOW__TEST__STEGO__6935.pgm,6935.pgm,WOW,1,${BOSSBASE_ROOT}\stego\WOW\0.4bpp\stego\6935.pgm,0.924004785181042,0.491455078125,0.51220703125,0.491455078125,0.51220703125,0.5945512642417856,0.50537109375,0.5322265625,0.50537109375,0.5322265625,0.4795189129052391,0.50048828125,0.548828125,0.50048828125,0.548828125,0.21816924312317362,0.52783203125,0.54833984375,0.52783203125,0.54833984375,0.5061032124781684,0.4921875,0.62451171875,0.4921875,0.62451171875,WOW,0.07630920509789933,0.014307519227999995,0.08016893640979196,0.1833251899260793,0.6458891493382294
WOW__TEST__STEGO__1892.pgm,1892.pgm,WOW,1,${BOSSBASE_ROOT}\stego\WOW\0.4bpp\stego\1892.pgm,0.9853843298993641,0.491455078125,0.51220703125,0.491455078125,0.51220703125,0.8775817402641964,0.50537109375,0.5322265625,0.50537109375,0.5322265625,0.9315870896477918,0.50048828125,0.548828125,0.50048828125,0.548828125,0.04115288921744485,0.52783203125,0.54833984375,0.52783203125,0.54833984375,0.9658351844920307,0.4921875,0.62451171875,0.4921875,0.62451171875,WOW,0.1697334583007751,0.002269776257534309,0.14122547077445807,0.17163485259149636,0.5151364420757362
WOW__TEST__STEGO__2449.pgm,2449.pgm,WOW,1,${BOSSBASE_ROOT}\stego\WOW\0.4bpp\stego\2449.pgm,0.9735442241838218,0.491455078125,0.51220703125,0.491455078125,0.51220703125,0.998238530319926,0.50537109375,0.5322265625,0.50537109375,0.5322265625,0.9657706774216144,0.50048828125,0.548828125,0.50048828125,0.548828125,0.013171949881556448,0.52783203125,0.54833984375,0.52783203125,0.54833984375,0.9482504601248406,0.4921875,0.62451171875,0.4921875,0.62451171875,WOW,0.16433422247028207,0.0019152209694348395,0.118515574000089,0.2483900969849208,0.46684488557527337
WOW__TEST__STEGO__1797.pgm,1797.pgm,WOW,1,${BOSSBASE_ROOT}\stego\WOW\0.4bpp\stego\1797.pgm,0.9897513980768414,0.491455078125,0.51220703125,0.491455078125,0.51220703125,0.9825575152637948,0.50537109375,0.5322265625,0.50537109375,0.5322265625,0.959837417123999,0.50048828125,0.548828125,0.50048828125,0.548828125,0.01013041166358438,0.52783203125,0.54833984375,0.52783203125,0.54833984375,0.9645892699236761,0.4921875,0.62451171875,0.4921875,0.62451171875,WOW,0.15903121988589144,0.001803395756706753,0.12095704852805186,0.22955095483211013,0.4886573809972399
WOW__TEST__STEGO__7885.pgm,7885.pgm,WOW,1,${BOSSBASE_ROOT}\stego\WOW\0.4bpp\stego\7885.pgm,0.9907677855954636,0.491455078125,0.51220703125,0.491455078125,0.51220703125,0.9946567440438505,0.50537109375,0.5322265625,0.50537109375,0.5322265625,0.9902538959474461,0.50048828125,0.548828125,0.50048828125,0.548828125,0.0872522465547244,0.52783203125,0.54833984375,0.52783203125,0.54833984375,0.9884026381763671,0.4921875,0.62451171875,0.4921875,0.62451171875,WOW,0.16565445855208738,0.002476580203819354,0.12760218813824464,0.226352334849784,0.4779144382560646
WOW__TEST__STEGO__706.pgm,706.pgm,WOW,1,${BOSSBASE_ROOT}\stego\WOW\0.4bpp\stego\706.pgm,0.9909096166863416,0.491455078125,0.51220703125,0.491455078125,0.51220703125,0.971401639453534,0.50537109375,0.5322265625,0.50537109375,0.5322265625,0.9893062422638245,0.50048828125,0.548828125,0.50048828125,0.548828125,0.008156248626973424,0.52783203125,0.54833984375,0.52783203125,0.54833984375,0.991422514586288,0.4921875,0.62451171875,0.4921875,0.62451171875,WOW,0.1746475390524588,0.0017014277648367256,0.13021443678766834,0.20844308219895819,0.48499351419607795
WOW__TEST__STEGO__7243.pgm,7243.pgm,WOW,1,${BOSSBASE_ROOT}\stego\WOW\0.4bpp\stego\7243.pgm,0.9921537607074791,0.491455078125,0.51220703125,0.491455078125,0.51220703125,0.9896318433492118,0.50537109375,0.5322265625,0.50537109375,0.5322265625,0.9931228923417693,0.50048828125,0.548828125,0.50048828125,0.548828125,0.9920002454916221,0.52783203125,0.54833984375,0.52783203125,0.54833984375,0.9920002454916221,0.4921875,0.62451171875,0.4921875,0.62451171875,WOW,0.10752890622539593,0.1637463515553902,0.13205743264087602,0.2006517688934993,0.3960155406848385
WOW__TEST__STEGO__6221.pgm,6221.pgm,WOW,1,${BOSSBASE_ROOT}\stego\WOW\0.4bpp\stego\6221.pgm,0.8079157084225214,0.491455078125,0.51220703125,0.491455078125,0.51220703125,0.02084431561651897,0.50537109375,0.5322265625,0.50537109375,0.5322265625,0.579400408904987,0.50048828125,0.548828125,0.50048828125,0.548828125,0.032774983899956416,0.52783203125,0.54833984375,0.52783203125,0.54833984375,0.9701834588561999,0.4921875,0.62451171875,0.4921875,0.62451171875,MiPOD,0.19824249879191297,0.005004177587040574,0.41252156120288885,0.015478744639403297,0.3687530177787544
WOW__TEST__STEGO__7354.pgm,7354.pgm,WOW,1,${BOSSBASE_ROOT}\stego\WOW\0.4bpp\stego\7354.pgm,0.9921232932834126,0.491455078125,0.51220703125,0.491455078125,0.51220703125,0.9935117304033434,0.50537109375,0.5322265625,0.50537109375,0.5322265625,0.994698105130598,0.50048828125,0.548828125,0.50048828125,0.548828125,0.006564249220774553,0.52783203125,0.54833984375,0.52783203125,0.54833984375,0.9916842215225259,0.4921875,0.62451171875,0.4921875,0.62451171875,WOW,0.17142527708304273,0.0016576035248261956,0.1260904976895726,0.22146012228215436,0.4793664994204041
WOW__TEST__STEGO__2427.pgm,2427.pgm,WOW,1,${BOSSBASE_ROOT}\stego\WOW\0.4bpp\stego\2427.pgm,0.9913222832950107,0.491455078125,0.51220703125,0.491455078125,0.51220703125,0.97129292184185,0.50537109375,0.5322265625,0.50537109375,0.5322265625,0.9876638995791303,0.50048828125,0.548828125,0.50048828125,0.548828125,0.8955226768697631,0.52783203125,0.54833984375,0.52783203125,0.54833984375,0.983342959990771,0.4921875,0.62451171875,0.4921875,0.62451171875,WOW,0.11938469566566572,0.11142591260292134,0.13857299783266872,0.20252570000874764,0.42809069388999654
WOW__TEST__STEGO__2389.pgm,2389.pgm,WOW,1,${BOSSBASE_ROOT}\stego\WOW\0.4bpp\stego\2389.pgm,0.9919380084717284,0.491455078125,0.51220703125,0.491455078125,0.51220703125,0.11221037236225714,0.50537109375,0.5322265625,0.50537109375,0.5322265625,0.9847524093785005,0.50048828125,0.548828125,0.50048828125,0.548828125,0.009746104052554064,0.52783203125,0.54833984375,0.52783203125,0.54833984375,0.7396105391269793,0.4921875,0.62451171875,0.4921875,0.62451171875,WOW,0.34119247985340867,0.0014301998143176724,0.13345568356383283,0.008670878156967512,0.5152507586114733
WOW__TEST__STEGO__3805.pgm,3805.pgm,WOW,1,${BOSSBASE_ROOT}\stego\WOW\0.4bpp\stego\3805.pgm,0.7709824879646954,0.491455078125,0.51220703125,0.491455078125,0.51220703125,0.5358878872144461,0.50537109375,0.5322265625,0.50537109375,0.5322265625,0.5621464549933932,0.50048828125,0.548828125,0.50048828125,0.548828125,1.2237632371944109e-08,0.52783203125,0.54833984375,0.52783203125,0.54833984375,0.5899526240294497,0.4921875,0.62451171875,0.4921875,0.62451171875,WOW,0.1743169543970221,0.008006042629950088,0.15717655804616817,0.18164013614912003,0.47886030877773955
WOW__TEST__STEGO__700.pgm,700.pgm,WOW,1,${BOSSBASE_ROOT}\stego\WOW\0.4bpp\stego\700.pgm,0.9725714572957163,0.491455078125,0.51220703125,0.491455078125,0.51220703125,0.90192067652954,0.50537109375,0.5322265625,0.50537109375,0.5322265625,0.7520125737597972,0.50048828125,0.548828125,0.50048828125,0.548828125,0.2107663063197709,0.52783203125,0.54833984375,0.52783203125,0.54833984375,0.6492451095313699,0.4921875,0.62451171875,0.4921875,0.62451171875,WOW,0.09509730492178436,0.007190939717807711,0.0671545478617404,0.2832478134186938,0.5473093940799737
WOW__TEST__STEGO__7973.pgm,7973.pgm,WOW,1,${BOSSBASE_ROOT}\stego\WOW\0.4bpp\stego\7973.pgm,0.9904775143296634,0.491455078125,0.51220703125,0.491455078125,0.51220703125,0.9918437513730266,0.50537109375,0.5322265625,0.50537109375,0.5322265625,0.9922143452346321,0.50048828125,0.548828125,0.50048828125,0.548828125,0.9948001198233035,0.52783203125,0.54833984375,0.52783203125,0.54833984375,0.993096161928778,0.4921875,0.62451171875,0.4921875,0.62451171875,WOW,0.10688259053965773,0.1663426418478098,0.1321408899074506,0.20221477301116147,0.39241910469392033
WOW__TEST__STEGO__4581.pgm,4581.pgm,WOW,1,${BOSSBASE_ROOT}\stego\WOW\0.4bpp\stego\4581.pgm,0.9906960501316063,0.491455078125,0.51220703125,0.491455078125,0.51220703125,0.9543079676184154,0.50537109375,0.5322265625,0.50537109375,0.5322265625,0.9361683919753396,0.50048828125,0.548828125,0.50048828125,0.548828125,0.017110889211844046,0.52783203125,0.54833984375,0.52783203125,0.54833984375,0.8286616786847617,0.4921875,0.62451171875,0.4921875,0.62451171875,WOW,0.15458709442034177,0.0020118953320781663,0.09108935882005215,0.23067419344650855,0.5216374579810193
WOW__TEST__STEGO__7969.pgm,7969.pgm,WOW,1,${BOSSBASE_ROOT}\stego\WOW\0.4bpp\stego\7969.pgm,0.9913892323324893,0.491455078125,0.51220703125,0.491455078125,0.51220703125,0.9933071490757153,0.50537109375,0.5322265625,0.50537109375,0.5322265625,0.9905874104123901,0.50048828125,0.548828125,0.50048828125,0.548828125,0.9514137919629646,0.52783203125,0.54833984375,0.52783203125,0.54833984375,0.9907319866190857,0.4921875,0.62451171875,0.4921875,0.62451171875,WOW,0.11084705624163343,0.139199474958848,0.13388466513469574,0.20942962034765397,0.40663918331716903
WOW__TEST__STEGO__9495.pgm,9495.pgm,WOW,1,${BOSSBASE_ROOT}\stego\WOW\0.4bpp\stego\9495.pgm,0.9938310050773187,0.491455078125,0.51220703125,0.491455078125,0.51220703125,0.9906960501316063,0.50537109375,0.5322265625,0.50537109375,0.5322265625,0.9901782070803069,0.50048828125,0.548828125,0.50048828125,0.548828125,0.006488269596656705,0.52783203125,0.54833984375,0.52783203125,0.54833984375,0.9817006677897865,0.4921875,0.62451171875,0.4921875,0.62451171875,WOW,0.16937096932889759,0.001664578534786123,0.12317763410454481,0.22137759542783014,0.4844092226039413
WOW__TEST__STEGO__9418.pgm,9418.pgm,WOW,1,${BOSSBASE_ROOT}\stego\WOW\0.4bpp\stego\9418.pgm,0.518287127450589,0.491455078125,0.51220703125,0.491455078125,0.51220703125,0.540711672807144,0.50537109375,0.5322265625,0.50537109375,0.5322265625,0.631480682390426,0.50048828125,0.548828125,0.50048828125,0.548828125,0.9685006196975565,0.52783203125,0.54833984375,0.52783203125,0.54833984375,0.5913103077567124,0.4921875,0.62451171875,0.4921875,0.62451171875,HUGO,0.09652995148611332,0.6073535714929513,0.11754498615946207,0.09576365121865134,0.08280783964282182
WOW__TEST__STEGO__2949.pgm,2949.pgm,WOW,1,${BOSSBASE_ROOT}\stego\WOW\0.4bpp\stego\2949.pgm,0.909264512360149,0.491455078125,0.51220703125,0.491455078125,0.51220703125,0.30871101341286594,0.50537109375,0.5322265625,0.50537109375,0.5322265625,0.792464245010713,0.50048828125,0.548828125,0.50048828125,0.548828125,0.560583445399128,0.52783203125,0.54833984375,0.52783203125,0.54833984375,0.6997675932254099,0.4921875,0.62451171875,0.4921875,0.62451171875,WOW,0.21233784196634112,0.04482199399753579,0.17305773714354844,0.03675398420724602,0.5330284426853286
WOW__TEST__STEGO__895.pgm,895.pgm,WOW,1,${BOSSBASE_ROOT}\stego\WOW\0.4bpp\stego\895.pgm,0.9902915235185259,0.491455078125,0.51220703125,0.491455078125,0.51220703125,0.30311259225265214,0.50537109375,0.5322265625,0.50537109375,0.5322265625,0.13240233451956282,0.50048828125,0.548828125,0.50048828125,0.548828125,0.01652955655765428,0.52783203125,0.54833984375,0.52783203125,0.54833984375,0.04288223716309705,0.4921875,0.62451171875,0.4921875,0.62451171875,WOW,0.02959139068516235,0.0063834565325815605,0.02403229931967499,0.09638716643593287,0.8436056870266483
WOW__TEST__STEGO__4157.pgm,4157.pgm,WOW,1,${BOSSBASE_ROOT}\stego\WOW\0.4bpp\stego\4157.pgm,0.4844181941117348,0.491455078125,0.51220703125,0.491455078125,0.51220703125,0.4742811415789655,0.50537109375,0.5322265625,0.50537109375,0.5322265625,0.5038985415992827,0.50048828125,0.548828125,0.50048828125,0.548828125,0.5119758585030004,0.52783203125,0.54833984375,0.52783203125,0.54833984375,0.5057980799317249,0.4921875,0.62451171875,0.4921875,0.62451171875,MiPOD,0.19563550505241312,0.19627218398373739,0.21775497525633233,0.2108662992851055,0.17947103642241158
WOW__TEST__STEGO__8156.pgm,8156.pgm,WOW,1,${BOSSBASE_ROOT}\stego\WOW\0.4bpp\stego\8156.pgm,0.9869795098861571,0.491455078125,0.51220703125,0.491455078125,0.51220703125,0.9919691867837398,0.50537109375,0.5322265625,0.50537109375,0.5322265625,0.990216123982345,0.50048828125,0.548828125,0.50048828125,0.548828125,0.008478401934677453,0.52783203125,0.54833984375,0.52783203125,0.54833984375,0.9928785712542649,0.4921875,0.62451171875,0.4921875,0.62451171875,WOW,0.17172084543707689,0.0017127129482805306,0.12834056751217746,0.22393376497922057,0.4742921091232446
WOW__TEST__STEGO__5103.pgm,5103.pgm,WOW,1,${BOSSBASE_ROOT}\stego\WOW\0.4bpp\stego\5103.pgm,0.9917163731139695,0.491455078125,0.51220703125,0.491455078125,0.51220703125,0.9769787427100676,0.50537109375,0.5322265625,0.50537109375,0.5322265625,0.9899476313420319,0.50048828125,0.548828125,0.50048828125,0.548828125,0.9745319170136325,0.52783203125,0.54833984375,0.52783203125,0.54833984375,0.9929335990367509,0.4921875,0.62451171875,0.4921875,0.62451171875,WOW,0.11054781015168745,0.15382401187310216,0.1359170078505753,0.19576767496398872,0.40394349516064637
WOW__TEST__STEGO__4507.pgm,4507.pgm,WOW,1,${BOSSBASE_ROOT}\stego\WOW\0.4bpp\stego\4507.pgm,0.5400143427194453,0.491455078125,0.51220703125,0.491455078125,0.51220703125,0.48518042827452745,0.50537109375,0.5322265625,0.50537109375,0.5322265625,0.5355539072232139,0.50048828125,0.548828125,0.50048828125,0.548828125,0.027117656009307576,0.52783203125,0.54833984375,0.52783203125,0.54833984375,0.5786267667239807,0.4921875,0.62451171875,0.4921875,0.62451171875,HILL,0.2645869805188177,0.01825798962452608,0.25045195201753856,0.21731367843746752,0.2493893994016501
WOW__TEST__STEGO__858.pgm,858.pgm,WOW,1,${BOSSBASE_ROOT}\stego\WOW\0.4bpp\stego\858.pgm,0.9897513980768414,0.491455078125,0.51220703125,0.491455078125,0.51220703125,0.53020609220312,0.50537109375,0.5322265625,0.50537109375,0.5322265625,0.9658351844920307,0.50048828125,0.548828125,0.50048828125,0.548828125,0.044764312595714936,0.52783203125,0.54833984375,0.52783203125,0.54833984375,0.991083872947128,0.4921875,0.62451171875,0.4921875,0.62451171875,WOW,0.2463370371090183,0.001974737647234331,0.19345177168465305,0.04271476394755124,0.5155216896115431
WOW__TEST__STEGO__2041.pgm,2041.pgm,WOW,1,${BOSSBASE_ROOT}\stego\WOW\0.4bpp\stego\2041.pgm,0.985496420308618,0.491455078125,0.51220703125,0.491455078125,0.51220703125,0.999958664602231,0.50537109375,0.5322265625,0.50537109375,0.5322265625,0.9843964652097964,0.50048828125,0.548828125,0.50048828125,0.548828125,0.9815951096107584,0.52783203125,0.54833984375,0.52783203125,0.54833984375,0.9820826552325287,0.4921875,0.62451171875,0.4921875,0.62451171875,WOW,0.10562916239483379,0.16125726915220828,0.1291827017931352,0.21391463204882105,0.39001623461100166
WOW__TEST__STEGO__5870.pgm,5870.pgm,WOW,1,${BOSSBASE_ROOT}\stego\WOW\0.4bpp\stego\5870.pgm,0.9903290072365529,0.491455078125,0.51220703125,0.491455078125,0.51220703125,0.9935368622818452,0.50537109375,0.5322265625,0.50537109375,0.5322265625,0.9934357507792255,0.50048828125,0.548828125,0.50048828125,0.548828125,0.9916519461902167,0.52783203125,0.54833984375,0.52783203125,0.54833984375,0.991422514586288,0.4921875,0.62451171875,0.4921875,0.62451171875,WOW,0.10744207783470353,0.1641049322865737,0.13165927086359863,0.20368468898206335,0.39310903003306086
WOW__TEST__STEGO__1460.pgm,1460.pgm,WOW,1,${BOSSBASE_ROOT}\stego\WOW\0.4bpp\stego\1460.pgm,0.9857180660748888,0.491455078125,0.51220703125,0.491455078125,0.51220703125,0.9979730999195362,0.50537109375,0.5322265625,0.50537109375,0.5322265625,0.9533619599768125,0.50048828125,0.548828125,0.50048828125,0.548828125,0.41673729934793585,0.52783203125,0.54833984375,0.52783203125,0.54833984375,0.9964063974185798,0.4921875,0.62451171875,0.4921875,0.62451171875,WOW,0.13490166789117633,0.012813615534697873,0.13905067171166577,0.24741366470488813,0.46582038015757177
WOW__TEST__STEGO__1992.pgm,1992.pgm,WOW,1,${BOSSBASE_ROOT}\stego\WOW\0.4bpp\stego\1992.pgm,0.9911526449170697,0.491455078125,0.51220703125,0.491455078125,0.51220703125,0.9910145712474399,0.50537109375,0.5322265625,0.50537109375,0.5322265625,0.9886682464686385,0.50048828125,0.548828125,0.50048828125,0.548828125,0.01495708659314999,0.52783203125,0.54833984375,0.52783203125,0.54833984375,0.9846346585586978,0.4921875,0.62451171875,0.4921875,0.62451171875,WOW,0.16925490942115606,0.0017516890280061832,0.12500882374331387,0.22309416794284528,0.4808904098646786
WOW__TEST__STEGO__4373.pgm,4373.pgm,WOW,1,${BOSSBASE_ROOT}\stego\WOW\0.4bpp\stego\4373.pgm,0.9913558220632764,0.491455078125,0.51220703125,0.491455078125,0.51220703125,0.5943158323085261,0.50537109375,0.5322265625,0.50537109375,0.5322265625,0.9793540692607815,0.50048828125,0.548828125,0.50048828125,0.548828125,0.8194603085586035,0.52783203125,0.54833984375,0.52783203125,0.54833984375,0.9769347734830501,0.4921875,0.62451171875,0.4921875,0.62451171875,WOW,0.18237874360783776,0.07919695328238631,0.19975177252091642,0.05447797582692667,0.4841945547619329
WOW__TEST__STEGO__1866.pgm,1866.pgm,WOW,1,${BOSSBASE_ROOT}\stego\WOW\0.4bpp\stego\1866.pgm,0.815085345943733,0.491455078125,0.51220703125,0.491455078125,0.51220703125,0.3520903859453057,0.50537109375,0.5322265625,0.50537109375,0.5322265625,0.8844391260585168,0.50048828125,0.548828125,0.50048828125,0.548828125,0.6011253440753982,0.52783203125,0.54833984375,0.52783203125,0.54833984375,0.9998546088558771,0.4921875,0.62451171875,0.4921875,0.62451171875,MiPOD,0.2646203837732914,0.04967460645935331,0.3475604237113173,0.031844406085889634,0.3063001799701484
WOW__TEST__STEGO__2044.pgm,2044.pgm,WOW,1,${BOSSBASE_ROOT}\stego\WOW\0.4bpp\stego\2044.pgm,0.9908034475769532,0.491455078125,0.51220703125,0.491455078125,0.51220703125,0.9940428462362503,0.50537109375,0.5322265625,0.50537109375,0.5322265625,0.9876638995791303,0.50048828125,0.548828125,0.50048828125,0.548828125,0.985990433713597,0.52783203125,0.54833984375,0.52783203125,0.54833984375,0.991186833496954,0.4921875,0.62451171875,0.4921875,0.62451171875,WOW,0.10600930966009489,0.16109408472312314,0.13155171037448904,0.20612966224366525,0.3952152329986277
WOW__TEST__STEGO__1102.pgm,1102.pgm,WOW,1,${BOSSBASE_ROOT}\stego\WOW\0.4bpp\stego\1102.pgm,0.9822196099268891,0.491455078125,0.51220703125,0.491455078125,0.51220703125,0.9744347860767304,0.50537109375,0.5322265625,0.50537109375,0.5322265625,0.9665370653480092,0.50048828125,0.548828125,0.50048828125,0.548828125,0.9049869480120961,0.52783203125,0.54833984375,0.52783203125,0.54833984375,0.9362850057480346,0.4921875,0.62451171875,0.4921875,0.62451171875,WOW,0.11301257035397341,0.12375774910168597,0.12499661289665659,0.21707890402619856,0.42115416362148544
WOW__TEST__STEGO__4245.pgm,4245.pgm,WOW,1,${BOSSBASE_ROOT}\stego\WOW\0.4bpp\stego\4245.pgm,0.505283159083291,0.491455078125,0.51220703125,0.491455078125,0.51220703125,0.4991707809421187,0.50537109375,0.5322265625,0.50537109375,0.5322265625,0.5006875987486735,0.50048828125,0.548828125,0.50048828125,0.548828125,0.49541104804443653,0.52783203125,0.54833984375,0.52783203125,0.54833984375,0.4941408932061685,0.4921875,0.62451171875,0.4921875,0.62451171875,S-UNIWARD,0.18817187026314072,0.17768396923065083,0.20433138421930186,0.23324929930954233,0.19656347697736432
WOW__TEST__STEGO__9676.pgm,9676.pgm,WOW,1,${BOSSBASE_ROOT}\stego\WOW\0.4bpp\stego\9676.pgm,0.9903663476405535,0.491455078125,0.51220703125,0.491455078125,0.51220703125,0.9662834613071121,0.50537109375,0.5322265625,0.50537109375,0.5322265625,0.9907319866190857,0.50048828125,0.548828125,0.50048828125,0.548828125,0.011331753531361453,0.52783203125,0.54833984375,0.52783203125,0.54833984375,0.8850366449469483,0.4921875,0.62451171875,0.4921875,0.62451171875,WOW,0.17749650361789024,0.0017881854737889528,0.1025298935877682,0.21554241634452923,0.5026430009760233
WOW__TEST__STEGO__4391.pgm,4391.pgm,WOW,1,${BOSSBASE_ROOT}\stego\WOW\0.4bpp\stego\4391.pgm,0.5258101680606178,0.491455078125,0.51220703125,0.491455078125,0.51220703125,0.505454800665352,0.50537109375,0.5322265625,0.50537109375,0.5322265625,0.5190032931438402,0.50048828125,0.548828125,0.50048828125,0.548828125,0.5029201175560296,0.52783203125,0.54833984375,0.52783203125,0.54833984375,0.5210751521194907,0.4921875,0.62451171875,0.4921875,0.62451171875,S-UNIWARD,0.18965609682584633,0.16934213721407634,0.209715214625857,0.22437240584334145,0.2069141454908789
WOW__TEST__STEGO__9166.pgm,9166.pgm,WOW,1,${BOSSBASE_ROOT}\stego\WOW\0.4bpp\stego\9166.pgm,0.9922444632191525,0.491455078125,0.51220703125,0.491455078125,0.51220703125,0.9938787187092715,0.50537109375,0.5322265625,0.50537109375,0.5322265625,0.991186833496954,0.50048828125,0.548828125,0.50048828125,0.548828125,0.9910492885631179,0.52783203125,0.54833984375,0.52783203125,0.54833984375,0.982423116732664,0.4921875,0.62451171875,0.4921875,0.62451171875,WOW,0.10638681023108224,0.16366489169670453,0.12838321378317372,0.20494391766313663,0.39662116662590285
WOW__TEST__STEGO__9673.pgm,9673.pgm,WOW,1,${BOSSBASE_ROOT}\stego\WOW\0.4bpp\stego\9673.pgm,0.988755439279336,0.491455078125,0.51220703125,0.491455078125,0.51220703125,0.2964505348882407,0.50537109375,0.5322265625,0.50537109375,0.5322265625,0.08678673721804311,0.50048828125,0.548828125,0.50048828125,0.548828125,0.6541218336117602,0.52783203125,0.54833984375,0.52783203125,0.54833984375,0.5316957224307991,0.4921875,0.62451171875,0.4921875,0.62451171875,WOW,0.02053376695159389,0.12307990443381168,0.08383583552631825,0.08146177827411387,0.6910887148141623
WOW__TEST__STEGO__1307.pgm,1307.pgm,WOW,1,${BOSSBASE_ROOT}\stego\WOW\0.4bpp\stego\1307.pgm,0.7540104528799124,0.491455078125,0.51220703125,0.491455078125,0.51220703125,0.44930202131555474,0.50537109375,0.5322265625,0.50537109375,0.5322265625,0.4961396030768642,0.50048828125,0.548828125,0.50048828125,0.548828125,0.501758568188091,0.52783203125,0.54833984375,0.52783203125,0.54833984375,0.4935115642037676,0.4921875,0.62451171875,0.4921875,0.62451171875,WOW,0.13470608900428374,0.10109657856398951,0.14927307439329932,0.15635775598939325,0.4585665020490342
WOW__TEST__STEGO__5984.pgm,5984.pgm,WOW,1,${BOSSBASE_ROOT}\stego\WOW\0.4bpp\stego\5984.pgm,0.9904406006529085,0.491455078125,0.51220703125,0.491455078125,0.51220703125,0.10158944591881586,0.50537109375,0.5322265625,0.50537109375,0.5322265625,0.7062917371779097,0.50048828125,0.548828125,0.50048828125,0.548828125,0.011201213376078314,0.52783203125,0.54833984375,0.52783203125,0.54833984375,0.6271523333613367,0.4921875,0.62451171875,0.4921875,0.62451171875,WOW,0.18771421338473196,0.0025463664015318447,0.12183304490323549,0.015785060398652833,0.6721213149118479
WOW__TEST__STEGO__1942.pgm,1942.pgm,WOW,1,${BOSSBASE_ROOT}\stego\WOW\0.4bpp\stego\1942.pgm,0.9865198970247337,0.491455078125,0.51220703125,0.491455078125,0.51220703125,0.902093313941911,0.50537109375,0.5322265625,0.50537109375,0.5322265625,0.9234543714164196,0.50048828125,0.548828125,0.50048828125,0.548828125,0.013020490113842825,0.52783203125,0.54833984375,0.52783203125,0.54833984375,0.9199307308316192,0.4921875,0.62451171875,0.4921875,0.62451171875,WOW,0.16239101436105483,0.0020186649166689893,0.12237082531120827,0.19237172795132323,0.5208477674597446
WOW__TEST__STEGO__4310.pgm,4310.pgm,WOW,1,${BOSSBASE_ROOT}\stego\WOW\0.4bpp\stego\4310.pgm,0.49627692427989617,0.491455078125,0.51220703125,0.491455078125,0.51220703125,0.4585305405832928,0.50537109375,0.5322265625,0.50537109375,0.5322265625,0.5333367006119335,0.50048828125,0.548828125,0.50048828125,0.548828125,0.5342784201165293,0.52783203125,0.54833984375,0.52783203125,0.54833984375,0.5745738124098149,0.4921875,0.62451171875,0.4921875,0.62451171875,MiPOD,0.2037484027037445,0.19385074700126687,0.24871396047775374,0.17729935610751016,0.1763875337097248
WOW__TEST__STEGO__4653.pgm,4653.pgm,WOW,1,${BOSSBASE_ROOT}\stego\WOW\0.4bpp\stego\4653.pgm,0.47805670667361355,0.491455078125,0.51220703125,0.491455078125,0.51220703125,0.35936414516010196,0.50537109375,0.5322265625,0.50537109375,0.5322265625,0.2742541743218156,0.50048828125,0.548828125,0.50048828125,0.548828125,0.01685007944789776,0.52783203125,0.54833984375,0.52783203125,0.54833984375,0.5358878872144461,0.4921875,0.62451171875,0.4921875,0.62451171875,MiPOD,0.17523639520149517,0.031413058211357314,0.3045863956113855,0.24201728696416808,0.24674686401159385
WOW__TEST__STEGO__2782.pgm,2782.pgm,WOW,1,${BOSSBASE_ROOT}\stego\WOW\0.4bpp\stego\2782.pgm,0.9906599756149459,0.491455078125,0.51220703125,0.491455078125,0.51220703125,0.9803562393224404,0.50537109375,0.5322265625,0.50537109375,0.5322265625,0.9789554342060389,0.50048828125,0.548828125,0.50048828125,0.548828125,0.9728823439906924,0.52783203125,0.54833984375,0.52783203125,0.54833984375,0.9346342130197337,0.4921875,0.62451171875,0.4921875,0.62451171875,WOW,0.10709397319802112,0.15774732481508866,0.11813295761049454,0.2068902361026893,0.4101355082737065
WOW__TEST__STEGO__7656.pgm,7656.pgm,WOW,1,${BOSSBASE_ROOT}\stego\WOW\0.4bpp\stego\7656.pgm,0.9914556693065582,0.491455078125,0.51220703125,0.491455078125,0.51220703125,0.1949802170214588,0.50537109375,0.5322265625,0.50537109375,0.5322265625,0.17175468335105526,0.50048828125,0.548828125,0.50048828125,0.548828125,0.19132767714793028,0.52783203125,0.54833984375,0.52783203125,0.54833984375,0.9507778868028013,0.4921875,0.62451171875,0.4921875,0.62451171875,WOW,0.03534292702094457,0.011096297850519004,0.24105229072361106,0.042489408204434705,0.6700190762004906
WOW__TEST__STEGO__863.pgm,863.pgm,WOW,1,${BOSSBASE_ROOT}\stego\WOW\0.4bpp\stego\863.pgm,0.9891396689867223,0.491455078125,0.51220703125,0.491455078125,0.51220703125,0.9543930566810523,0.50537109375,0.5322265625,0.50537109375,0.5322265625,0.9737945865504661,0.50048828125,0.548828125,0.50048828125,0.548828125,0.7975568078599278,0.52783203125,0.54833984375,0.52783203125,0.54833984375,0.9058233363414857,0.4921875,0.62451171875,0.4921875,0.62451171875,WOW,0.1275503186847387,0.07655768265280988,0.12155014061347094,0.21126995688914788,0.46307190115983266
WOW__TEST__STEGO__7458.pgm,7458.pgm,WOW,1,${BOSSBASE_ROOT}\stego\WOW\0.4bpp\stego\7458.pgm,0.9911526449170697,0.491455078125,0.51220703125,0.491455078125,0.51220703125,0.9813821977381683,0.50537109375,0.5322265625,0.50537109375,0.5322265625,0.9715099574136776,0.50048828125,0.548828125,0.50048828125,0.548828125,0.008445626941126032,0.52783203125,0.54833984375,0.52783203125,0.54833984375,0.9295683842009755,0.4921875,0.62451171875,0.4921875,0.62451171875,WOW,0.164334816238106,0.001772634047530124,0.11125259225478314,0.22784811391920148,0.49479184354037914
WOW__TEST__STEGO__6504.pgm,6504.pgm,WOW,1,${BOSSBASE_ROOT}\stego\WOW\0.4bpp\stego\6504.pgm,0.9921841112107114,0.491455078125,0.51220703125,0.491455078125,0.51220703125,0.9906599756149459,0.50537109375,0.5322265625,0.50537109375,0.5322265625,0.9698996627595705,0.50048828125,0.548828125,0.50048828125,0.548828125,0.013121271126550956,0.52783203125,0.54833984375,0.52783203125,0.54833984375,0.307046255678764,0.4921875,0.62451171875,0.4921875,0.62451171875,WOW,0.1484468754039006,0.00196533890196403,0.023107894611669788,0.2842493408413329,0.5422305502411328
WOW__TEST__STEGO__6882.pgm,6882.pgm,WOW,1,${BOSSBASE_ROOT}\stego\WOW\0.4bpp\stego\6882.pgm,0.9912208911330882,0.491455078125,0.51220703125,0.491455078125,0.51220703125,0.9607312480728336,0.50537109375,0.5322265625,0.50537109375,0.5322265625,0.06290424179805684,0.50048828125,0.548828125,0.50048828125,0.548828125,0.45622806138181454,0.52783203125,0.54833984375,0.52783203125,0.54833984375,0.0861695546428533,0.4921875,0.62451171875,0.4921875,0.62451171875,S-UNIWARD,0.005470135448201555,0.030341605239032277,0.007847683400722954,0.5874546338520392,0.36888594206000414
WOW__TEST__STEGO__5595.pgm,5595.pgm,WOW,1,${BOSSBASE_ROOT}\stego\WOW\0.4bpp\stego\5595.pgm,0.6408606496873825,0.491455078125,0.51220703125,0.491455078125,0.51220703125,0.009633652359446519,0.50537109375,0.5322265625,0.50537109375,0.5322265625,0.7744128267591711,0.50048828125,0.548828125,0.50048828125,0.548828125,0.006877107658230662,0.52783203125,0.54833984375,0.52783203125,0.54833984375,0.8630456954548857,0.4921875,0.62451171875,0.4921875,0.62451171875,HILL,0.41234591321050085,0.004829762290336709,0.3792846628154097,0.012453619559897463,0.1910860421238553
WOW__TEST__STEGO__3964.pgm,3964.pgm,WOW,1,${BOSSBASE_ROOT}\stego\WOW\0.4bpp\stego\3964.pgm,0.5001671314177255,0.491455078125,0.51220703125,0.491455078125,0.51220703125,0.5051305877414156,0.50537109375,0.5322265625,0.50537109375,0.5322265625,0.5020408517032604,0.50048828125,0.548828125,0.50048828125,0.548828125,0.5026492824578759,0.52783203125,0.54833984375,0.52783203125,0.54833984375,0.5063854560408192,0.4921875,0.62451171875,0.4921875,0.62451171875,S-UNIWARD,0.18592057706957796,0.18262820455654752,0.20788165441587436,0.23424760125502586,0.18932196270297422
WOW__TEST__STEGO__8950.pgm,8950.pgm,WOW,1,${BOSSBASE_ROOT}\stego\WOW\0.4bpp\stego\8950.pgm,0.9851575827657517,0.491455078125,0.51220703125,0.491455078125,0.51220703125,0.9469902279841446,0.50537109375,0.5322265625,0.50537109375,0.5322265625,0.9543930566810523,0.50048828125,0.548828125,0.50048828125,0.548828125,0.6904547372326083,0.52783203125,0.54833984375,0.52783203125,0.54833984375,0.9496693674025232,0.4921875,0.62451171875,0.4921875,0.62451171875,WOW,0.13055984055174588,0.048211686649731356,0.13779069638306105,0.213373510244851,0.4700642661706107
WOW__TEST__STEGO__4120.pgm,4120.pgm,WOW,1,${BOSSBASE_ROOT}\stego\WOW\0.4bpp\stego\4120.pgm,0.6725468014244204,0.491455078125,0.51220703125,0.491455078125,0.51220703125,0.5146518708332708,0.50537109375,0.5322265625,0.50537109375,0.5322265625,0.5925487172293394,0.50048828125,0.548828125,0.50048828125,0.548828125,0.47595545024205,0.52783203125,0.54833984375,0.52783203125,0.54833984375,0.5560379980732834,0.4921875,0.62451171875,0.4921875,0.62451171875,WOW,0.19272850333684746,0.09688560055412423,0.18732756601165368,0.18393295379808267,0.33912537629929196
WOW__TEST__STEGO__7237.pgm,7237.pgm,WOW,1,${BOSSBASE_ROOT}\stego\WOW\0.4bpp\stego\7237.pgm,0.9917484014309144,0.491455078125,0.51220703125,0.491455078125,0.51220703125,0.9929335990367509,0.50537109375,0.5322265625,0.50537109375,0.5322265625,0.9915215980653225,0.50048828125,0.548828125,0.50048828125,0.548828125,0.9934865014403319,0.52783203125,0.54833984375,0.52783203125,0.54833984375,0.9882221573114803,0.4921875,0.62451171875,0.4921875,0.62451171875,WOW,0.10641987418502069,0.1651980281237053,0.1302342072660285,0.2034381449289459,0.3947097454962995
WOW__TEST__STEGO__878.pgm,878.pgm,WOW,1,${BOSSBASE_ROOT}\stego\WOW\0.4bpp\stego\878.pgm,0.9923637835053328,0.491455078125,0.51220703125,0.491455078125,0.51220703125,0.8864204083088262,0.50537109375,0.5322265625,0.50537109375,0.5322265625,0.16844618605017458,0.50048828125,0.548828125,0.50048828125,0.548828125,0.01077672605008006,0.52783203125,0.54833984375,0.52783203125,0.54833984375,0.2968580553950878,0.4921875,0.62451171875,0.4921875,0.62451171875,WOW,0.012742449238532684,0.004052815655866891,0.01777919058161675,0.4740039563821725,0.49142158814181114
WOW__TEST__STEGO__4906.pgm,4906.pgm,WOW,1,${BOSSBASE_ROOT}\stego\WOW\0.4bpp\stego\4906.pgm,0.45205208966075977,0.491455078125,0.51220703125,0.491455078125,0.51220703125,0.5078004229768311,0.50537109375,0.5322265625,0.50537109375,0.5322265625,0.48021967931297377,0.50048828125,0.548828125,0.50048828125,0.548828125,0.5973730279310485,0.52783203125,0.54833984375,0.52783203125,0.54833984375,0.5149034209225163,0.4921875,0.62451171875,0.4921875,0.62451171875,HUGO,0.15648153765300182,0.2858933716855577,0.19885682760151505,0.2203572697305475,0.13841099332937795
WOW__TEST__STEGO__3432.pgm,3432.pgm,WOW,1,${BOSSBASE_ROOT}\stego\WOW\0.4bpp\stego\3432.pgm,0.42048060373047264,0.491455078125,0.51220703125,0.491455078125,0.51220703125,0.48139287416112275,0.50537109375,0.5322265625,0.50537109375,0.5322265625,0.5198412600259603,0.50048828125,0.548828125,0.50048828125,0.548828125,0.5218976049425239,0.52783203125,0.54833984375,0.52783203125,0.54833984375,0.5180585479734231,0.4921875,0.62451171875,0.4921875,0.62451171875,MiPOD,0.20843123842900813,0.21939908922693224,0.22923373107845987,0.20865867531017876,0.13427726595542103
WOW__TEST__STEGO__9104.pgm,9104.pgm,WOW,1,${BOSSBASE_ROOT}\stego\WOW\0.4bpp\stego\9104.pgm,0.7350715033820211,0.491455078125,0.51220703125,0.491455078125,0.51220703125,0.45665206470583,0.50537109375,0.5322265625,0.50537109375,0.5322265625,0.6131786473612351,0.50048828125,0.548828125,0.50048828125,0.548828125,0.05602938511788174,0.52783203125,0.54833984375,0.52783203125,0.54833984375,0.3248776437039547,0.4921875,0.62451171875,0.4921875,0.62451171875,WOW,0.24068818453876298,0.012143753688418472,0.1026176373580823,0.156702521256941,0.4878479031577953
WOW__TEST__STEGO__8006.pgm,8006.pgm,WOW,1,${BOSSBASE_ROOT}\stego\WOW\0.4bpp\stego\8006.pgm,0.9909447358132779,0.491455078125,0.51220703125,0.491455078125,0.51220703125,0.9929609544025984,0.50537109375,0.5322265625,0.50537109375,0.5322265625,0.991083872947128,0.50048828125,0.548828125,0.50048828125,0.548828125,0.06325052199347325,0.52783203125,0.54833984375,0.52783203125,0.54833984375,0.9924812819385679,0.4921875,0.62451171875,0.4921875,0.62451171875,WOW,0.1675153526863078,0.0021997956955257646,0.12837847008093456,0.2238414204015735,0.4780649611356583
WOW__TEST__STEGO__2891.pgm,2891.pgm,WOW,1,${BOSSBASE_ROOT}\stego\WOW\0.4bpp\stego\2891.pgm,0.9908743626108194,0.491455078125,0.51220703125,0.491455078125,0.51220703125,0.991554373058874,0.50537109375,0.5322265625,0.50537109375,0.5322265625,0.9855521474663975,0.50048828125,0.548828125,0.50048828125,0.548828125,0.009376237450848677,0.52783203125,0.54833984375,0.52783203125,0.54833984375,0.9863631647185701,0.4921875,0.62451171875,0.4921875,0.62451171875,WOW,0.16803583216134296,0.0017124645558655824,0.1253443476774709,0.22434954661406906,0.48055780899125156
WOW__TEST__STEGO__2852.pgm,2852.pgm,WOW,1,${BOSSBASE_ROOT}\stego\WOW\0.4bpp\stego\2852.pgm,0.9943580914999767,0.491455078125,0.51220703125,0.491455078125,0.51220703125,0.9845754479181588,0.50537109375,0.5322265625,0.50537109375,0.5322265625,0.9586926962069957,0.50048828125,0.548828125,0.50048828125,0.548828125,0.012147170099805133,0.52783203125,0.54833984375,0.52783203125,0.54833984375,0.972151549366048,0.4921875,0.62451171875,0.4921875,0.62451171875,WOW,0.15607738027657447,0.0017895806655188582,0.12140981633513391,0.22855627789379418,0.49216694482897866
WOW__TEST__STEGO__8853.pgm,8853.pgm,WOW,1,${BOSSBASE_ROOT}\stego\WOW\0.4bpp\stego\8853.pgm,0.9886243997611625,0.491455078125,0.51220703125,0.491455078125,0.51220703125,0.993461175022765,0.50537109375,0.5322265625,0.50537109375,0.5322265625,0.8185918194864789,0.50048828125,0.548828125,0.50048828125,0.548828125,0.862930226964697,0.52783203125,0.54833984375,0.52783203125,0.54833984375,0.8552477072681824,0.4921875,0.62451171875,0.4921875,0.62451171875,WOW,0.07003631016586716,0.1179123684074383,0.09446976516336271,0.2839271264824638,0.43365442978086816
WOW__TEST__STEGO__2017.pgm,2017.pgm,WOW,1,${BOSSBASE_ROOT}\stego\WOW\0.4bpp\stego\2017.pgm,0.8933094060543487,0.491455078125,0.51220703125,0.491455078125,0.51220703125,0.8971559208377049,0.50537109375,0.5322265625,0.50537109375,0.5322265625,0.9628830911922404,0.50048828125,0.548828125,0.50048828125,0.548828125,0.6084777425733899,0.52783203125,0.54833984375,0.52783203125,0.54833984375,0.9234543714164196,0.4921875,0.62451171875,0.4921875,0.62451171875,WOW,0.18338806336804694,0.04452760382822373,0.1690938788098162,0.2132667593631157,0.3897236946307975
WOW__TEST__STEGO__8164.pgm,8164.pgm,WOW,1,${BOSSBASE_ROOT}\stego\WOW\0.4bpp\stego\8164.pgm,0.9711838031967466,0.491455078125,0.51220703125,0.491455078125,0.51220703125,0.37593554804551743,0.50537109375,0.5322265625,0.50537109375,0.5322265625,0.9095862731761619,0.50048828125,0.548828125,0.50048828125,0.548828125,0.013532148655407106,0.52783203125,0.54833984375,0.52783203125,0.54833984375,0.9584600343879385,0.4921875,0.62451171875,0.4921875,0.62451171875,WOW,0.25355715325288336,0.001893262810157575,0.20955190920032996,0.027172765729619238,0.5078249090070099
WOW__TEST__STEGO__2260.pgm,2260.pgm,WOW,1,${BOSSBASE_ROOT}\stego\WOW\0.4bpp\stego\2260.pgm,0.9879462204837635,0.491455078125,0.51220703125,0.491455078125,0.51220703125,0.8497219425324707,0.50537109375,0.5322265625,0.50537109375,0.5322265625,0.6671476749870737,0.50048828125,0.548828125,0.50048828125,0.548828125,0.9877587247081928,0.52783203125,0.54833984375,0.52783203125,0.54833984375,0.5151016065900486,0.4921875,0.62451171875,0.4921875,0.62451171875,WOW,0.04480208569668996,0.2501292017713191,0.043333008723614105,0.21762631267508153,0.4441093911332953
WOW__TEST__STEGO__2159.pgm,2159.pgm,WOW,1,${BOSSBASE_ROOT}\stego\WOW\0.4bpp\stego\2159.pgm,0.5020599248688394,0.491455078125,0.51220703125,0.491455078125,0.51220703125,0.5079415317979982,0.50537109375,0.5322265625,0.50537109375,0.5322265625,0.5061527960935196,0.50048828125,0.548828125,0.50048828125,0.548828125,0.5016794141555843,0.52783203125,0.54833984375,0.52783203125,0.54833984375,0.5068507675378586,0.4921875,0.62451171875,0.4921875,0.62451171875,S-UNIWARD,0.18726248531052178,0.1801767185254758,0.20718581557800786,0.2349620227467522,0.19041295783924242
WOW__TEST__STEGO__9364.pgm,9364.pgm,WOW,1,${BOSSBASE_ROOT}\stego\WOW\0.4bpp\stego\9364.pgm,0.9909447358132779,0.491455078125,0.51220703125,0.491455078125,0.51220703125,0.9958980707421329,0.50537109375,0.5322265625,0.50537109375,0.5322265625,0.9895513745548833,0.50048828125,0.548828125,0.50048828125,0.548828125,0.009090383313658499,0.52783203125,0.54833984375,0.52783203125,0.54833984375,0.9925682266657089,0.4921875,0.62451171875,0.4921875,0.62451171875,WOW,0.168769925587999,0.0016944720861698447,0.12636916259195438,0.22536529124877935,0.47780114848509736
WOW__TEST__STEGO__455.pgm,455.pgm,WOW,1,${BOSSBASE_ROOT}\stego\WOW\0.4bpp\stego\455.pgm,0.9913222832950107,0.491455078125,0.51220703125,0.491455078125,0.51220703125,0.9865717452580314,0.50537109375,0.5322265625,0.50537109375,0.5322265625,0.9900250791759213,0.50048828125,0.548828125,0.50048828125,0.548828125,0.009196552423046733,0.52783203125,0.54833984375,0.52783203125,0.54833984375,0.9917484014309144,0.4921875,0.62451171875,0.4921875,0.62451171875,WOW,0.17110456375630184,0.0016979385346946327,0.12762446580053108,0.21851200732179435,0.4810610245866781
WOW__TEST__STEGO__1852.pgm,1852.pgm,WOW,1,${BOSSBASE_ROOT}\stego\WOW\0.4bpp\stego\1852.pgm,0.9878996141864553,0.491455078125,0.51220703125,0.491455078125,0.51220703125,0.9676556676188429,0.50537109375,0.5322265625,0.50537109375,0.5322265625,0.9529258241789759,0.50048828125,0.548828125,0.50048828125,0.548828125,0.9619649074673171,0.52783203125,0.54833984375,0.52783203125,0.54833984375,0.9876638995791303,0.4921875,0.62451171875,0.4921875,0.62451171875,WOW,0.10200840217114951,0.15418894116770762,0.1362764350852068,0.20190352601487052,0.40562269556106545
WOW__TEST__STEGO__4529.pgm,4529.pgm,WOW,1,${BOSSBASE_ROOT}\stego\WOW\0.4bpp\stego\4529.pgm,0.19012183026908458,0.491455078125,0.51220703125,0.491455078125,0.51220703125,0.422385501400497,0.50537109375,0.5322265625,0.50537109375,0.5322265625,0.5050047156637741,0.50048828125,0.548828125,0.50048828125,0.548828125,0.006589771663080563,0.52783203125,0.54833984375,0.52783203125,0.54833984375,0.6838419063501675,0.4921875,0.62451171875,0.4921875,0.62451171875,MiPOD,0.3235778054287827,0.028478451973539615,0.4160559768441919,0.17561592159396794,0.05627184415951796
WOW__TEST__STEGO__5532.pgm,5532.pgm,WOW,1,${BOSSBASE_ROOT}\stego\WOW\0.4bpp\stego\5532.pgm,0.9900635812940538,0.491455078125,0.51220703125,0.491455078125,0.51220703125,0.4022159982115453,0.50537109375,0.5322265625,0.50537109375,0.5322265625,0.04594820734917413,0.50048828125,0.548828125,0.50048828125,0.548828125,0.008985428752560176,0.52783203125,0.54833984375,0.52783203125,0.54833984375,0.9345147892167925,0.4921875,0.62451171875,0.4921875,0.62451171875,WOW,0.021679127903386188,0.005650829274565004,0.18637509988258658,0.10966345599225157,0.6766314869472106
WOW__TEST__STEGO__6350.pgm,6350.pgm,WOW,1,${BOSSBASE_ROOT}\stego\WOW\0.4bpp\stego\6350.pgm,0.5596209936745691,0.491455078125,0.51220703125,0.491455078125,0.51220703125,0.49907207595544895,0.50537109375,0.5322265625,0.50537109375,0.5322265625,0.5791029001560638,0.50048828125,0.548828125,0.50048828125,0.548828125,0.5172355999571057,0.52783203125,0.54833984375,0.52783203125,0.54833984375,0.7354516829855925,0.4921875,0.62451171875,0.4921875,0.62451171875,MiPOD,0.19657189848692697,0.1341488013615248,0.3084829496817838,0.16286723320045912,0.19792911726930543
WOW__TEST__STEGO__2647.pgm,2647.pgm,WOW,1,${BOSSBASE_ROOT}\stego\WOW\0.4bpp\stego\2647.pgm,0.991422514586288,0.491455078125,0.51220703125,0.491455078125,0.51220703125,0.17092276031758089,0.50537109375,0.5322265625,0.50537109375,0.5322265625,0.9854404813796805,0.50048828125,0.548828125,0.50048828125,0.548828125,0.0476026568099192,0.52783203125,0.54833984375,0.52783203125,0.54833984375,0.982151261550011,0.4921875,0.62451171875,0.4921875,0.62451171875,WOW,0.309117727055262,0.0015693353483117374,0.21973986177600574,0.009384705526512004,0.46018837029390836
WOW__TEST__STEGO__1285.pgm,1285.pgm,WOW,1,${BOSSBASE_ROOT}\stego\WOW\0.4bpp\stego\1285.pgm,0.9682013311953049,0.491455078125,0.51220703125,0.491455078125,0.51220703125,0.07423137046083579,0.50537109375,0.5322265625,0.50537109375,0.5322265625,0.13017480529538433,0.50048828125,0.548828125,0.50048828125,0.548828125,0.050988145527715134,0.52783203125,0.54833984375,0.52783203125,0.54833984375,0.21634248094960684,0.4921875,0.62451171875,0.4921875,0.62451171875,WOW,0.04153808447744665,0.008195897516201775,0.05126971250682978,0.04390854675182537,0.8550877587476964
WOW__TEST__STEGO__8202.pgm,8202.pgm,WOW,1,${BOSSBASE_ROOT}\stego\WOW\0.4bpp\stego\8202.pgm,0.9927952309111313,0.491455078125,0.51220703125,0.491455078125,0.51220703125,0.9945519319148104,0.50537109375,0.5322265625,0.50537109375,0.5322265625,0.9895513745548833,0.50048828125,0.548828125,0.50048828125,0.548828125,0.007999754508377905,0.52783203125,0.54833984375,0.52783203125,0.54833984375,0.9843964652097964,0.4921875,0.62451171875,0.4921875,0.62451171875,WOW,0.16847221938522625,0.001680382668791033,0.12365053228045851,0.22450953394141612,0.4816873317241081
WOW__TEST__STEGO__5778.pgm,5778.pgm,WOW,1,${BOSSBASE_ROOT}\stego\WOW\0.4bpp\stego\5778.pgm,0.9909096166863416,0.491455078125,0.51220703125,0.491455078125,0.51220703125,0.9899476313420319,0.50537109375,0.5322265625,0.50537109375,0.5322265625,0.9913222832950107,0.50048828125,0.548828125,0.50048828125,0.548828125,0.9869292152258129,0.52783203125,0.54833984375,0.52783203125,0.54833984375,0.9858276338086983,0.4921875,0.62451171875,0.4921875,0.62451171875,WOW,0.10777259955649017,0.16159487026875946,0.1307403684276464,0.20296954268474723,0.3969226190623569
WOW__TEST__STEGO__9830.pgm,9830.pgm,WOW,1,${BOSSBASE_ROOT}\stego\WOW\0.4bpp\stego\9830.pgm,0.9923341253113541,0.491455078125,0.51220703125,0.491455078125,0.51220703125,0.9966102167293753,0.50537109375,0.5322265625,0.50537109375,0.5322265625,0.9929061381210885,0.50048828125,0.548828125,0.50048828125,0.548828125,0.9905874104123901,0.52783203125,0.54833984375,0.52783203125,0.54833984375,0.9790758090833794,0.4921875,0.62451171875,0.4921875,0.62451171875,WOW,0.10658912223706722,0.16304864576338712,0.12699641003777046,0.2066909252396094,0.3966748967221658
WOW__TEST__STEGO__1005.pgm,1005.pgm,WOW,1,${BOSSBASE_ROOT}\stego\WOW\0.4bpp\stego\1005.pgm,0.5492477685502475,0.491455078125,0.51220703125,0.491455078125,0.51220703125,0.532941714877579,0.50537109375,0.5322265625,0.50537109375,0.5322265625,0.5495197474494596,0.50048828125,0.548828125,0.50048828125,0.548828125,0.5566104740843418,0.52783203125,0.54833984375,0.52783203125,0.54833984375,0.5367682248591401,0.4921875,0.62451171875,0.4921875,0.62451171875,S-UNIWARD,0.1821118293515641,0.1897191724058369,0.19797754369751688,0.2205514712865941,0.20963998325848796
WOW__TEST__STEGO__8819.pgm,8819.pgm,WOW,1,${BOSSBASE_ROOT}\stego\WOW\0.4bpp\stego\8819.pgm,0.991422514586288,0.491455078125,0.51220703125,0.491455078125,0.51220703125,0.15065254605647532,0.50537109375,0.5322265625,0.50537109375,0.5322265625,0.5658386132574698,0.50048828125,0.548828125,0.50048828125,0.548828125,0.035678550877730524,0.52783203125,0.54833984375,0.52783203125,0.54833984375,0.675336511217513,0.4921875,0.62451171875,0.4921875,0.62451171875,WOW,0.12478085793506484,0.0035622389351298582,0.1363015751160076,0.023828120541342625,0.7115272074724551
WOW__TEST__STEGO__8952.pgm,8952.pgm,WOW,1,${BOSSBASE_ROOT}\stego\WOW\0.4bpp\stego\8952.pgm,0.9897513980768414,0.491455078125,0.51220703125,0.491455078125,0.51220703125,0.9932024684496267,0.50537109375,0.5322265625,0.50537109375,0.5322265625,0.9909096166863416,0.50048828125,0.548828125,0.50048828125,0.548828125,0.9524858131235034,0.52783203125,0.54833984375,0.52783203125,0.54833984375,0.9928508980334536,0.4921875,0.62451171875,0.4921875,0.62451171875,WOW,0.11119665926591937,0.14033726430449117,0.1349284801408893,0.20939369986291326,0.4041438964257868
WOW__TEST__STEGO__338.pgm,338.pgm,WOW,1,${BOSSBASE_ROOT}\stego\WOW\0.4bpp\stego\338.pgm,0.9915215980653225,0.491455078125,0.51220703125,0.491455078125,0.51220703125,0.14645309221797823,0.50537109375,0.5322265625,0.50537109375,0.5322265625,0.017110889211844046,0.50048828125,0.548828125,0.50048828125,0.548828125,0.012771867493286331,0.52783203125,0.54833984375,0.52783203125,0.54833984375,0.1803952588642227,0.4921875,0.62451171875,0.4921875,0.62451171875,WOW,0.0251842343803548,0.006958118060857706,0.0385408942830364,0.06135535075290884,0.8679614025228423
WOW__TEST__STEGO__6511.pgm,6511.pgm,WOW,1,${BOSSBASE_ROOT}\stego\WOW\0.4bpp\stego\6511.pgm,0.9679599219419189,0.491455078125,0.51220703125,0.491455078125,0.51220703125,0.7629543230971159,0.50537109375,0.5322265625,0.50537109375,0.5322265625,0.9027811572378382,0.50048828125,0.548828125,0.50048828125,0.548828125,0.05834584061168106,0.52783203125,0.54833984375,0.52783203125,0.54833984375,0.8842393539373058,0.4921875,0.62451171875,0.4921875,0.62451171875,WOW,0.18853883899519794,0.0028414478064424974,0.14002801588577402,0.13102942568771384,0.5375622716248718
WOW__TEST__STEGO__9896.pgm,9896.pgm,WOW,1,${BOSSBASE_ROOT}\stego\WOW\0.4bpp\stego\9896.pgm,0.9866233967726227,0.491455078125,0.51220703125,0.491455078125,0.51220703125,0.9954438862855455,0.50537109375,0.5322265625,0.50537109375,0.5322265625,0.9901782070803069,0.50048828125,0.548828125,0.50048828125,0.548828125,0.9904406006529085,0.52783203125,0.54833984375,0.52783203125,0.54833984375,0.9912886155422945,0.4921875,0.62451171875,0.4921875,0.62451171875,WOW,0.10694172525790667,0.1654279298829298,0.13211195273251614,0.20689381122835812,0.38862458089828933
WOW__TEST__STEGO__3930.pgm,3930.pgm,WOW,1,${BOSSBASE_ROOT}\stego\WOW\0.4bpp\stego\3930.pgm,0.4870024405901501,0.491455078125,0.51220703125,0.491455078125,0.51220703125,0.5087347680030552,0.50537109375,0.5322265625,0.50537109375,0.5322265625,0.5114497192105627,0.50048828125,0.548828125,0.50048828125,0.548828125,0.4586820826735006,0.52783203125,0.54833984375,0.52783203125,0.54833984375,0.5096804918180505,0.4921875,0.62451171875,0.4921875,0.62451171875,S-UNIWARD,0.20176329035869034,0.15445208822210105,0.2164879671745645,0.24188972786066246,0.1854069263839817
WOW__TEST__STEGO__9872.pgm,9872.pgm,WOW,1,${BOSSBASE_ROOT}\stego\WOW\0.4bpp\stego\9872.pgm,0.985772953896821,0.491455078125,0.51220703125,0.491455078125,0.51220703125,0.986415607486941,0.50537109375,0.5322265625,0.50537109375,0.5322265625,0.9935868362586746,0.50048828125,0.548828125,0.50048828125,0.548828125,0.019014433924204873,0.52783203125,0.54833984375,0.52783203125,0.54833984375,0.9844563520692292,0.4921875,0.62451171875,0.4921875,0.62451171875,WOW,0.174789227101764,0.001809869331681294,0.12748976664607628,0.22049276982194424,0.4754183670985342
WOW__TEST__STEGO__5399.pgm,5399.pgm,WOW,1,${BOSSBASE_ROOT}\stego\WOW\0.4bpp\stego\5399.pgm,0.9911526449170697,0.491455078125,0.51220703125,0.491455078125,0.51220703125,0.08961381665165222,0.50537109375,0.5322265625,0.50537109375,0.5322265625,0.6905590864098664,0.50048828125,0.548828125,0.50048828125,0.548828125,0.1818436430556475,0.52783203125,0.54833984375,0.52783203125,0.54833984375,0.7059877727432149,0.4921875,0.62451171875,0.4921875,0.62451171875,WOW,0.1711868317513426,0.005745658887129089,0.15268852685854056,0.015042105165561866,0.6553368773374258
WOW__TEST__STEGO__2567.pgm,2567.pgm,WOW,1,${BOSSBASE_ROOT}\stego\WOW\0.4bpp\stego\2567.pgm,0.9886243997611625,0.491455078125,0.51220703125,0.491455078125,0.51220703125,0.8482193811152776,0.50537109375,0.5322265625,0.50537109375,0.5322265625,0.9890976262707148,0.50048828125,0.548828125,0.50048828125,0.548828125,0.015723990527735578,0.52783203125,0.54833984375,0.52783203125,0.54833984375,0.9282788756737625,0.4921875,0.62451171875,0.4921875,0.62451171875,WOW,0.20496316027876485,0.0018512218452642073,0.13097820773157728,0.14246679298137896,0.5197406171630147
WOW__TEST__STEGO__8484.pgm,8484.pgm,WOW,1,${BOSSBASE_ROOT}\stego\WOW\0.4bpp\stego\8484.pgm,0.8534247908404916,0.491455078125,0.51220703125,0.491455078125,0.51220703125,0.7056836248167889,0.50537109375,0.5322265625,0.50537109375,0.5322265625,0.8330531399355948,0.50048828125,0.548828125,0.50048828125,0.548828125,0.6824679306309819,0.52783203125,0.54833984375,0.52783203125,0.54833984375,0.9568766292846294,0.4921875,0.62451171875,0.4921875,0.62451171875,WOW,0.16528771276227286,0.08357304826451811,0.24213193482110631,0.13713544052500823,0.3718718636270945
WOW__TEST__STEGO__3632.pgm,3632.pgm,WOW,1,${BOSSBASE_ROOT}\stego\WOW\0.4bpp\stego\3632.pgm,0.9886682464686385,0.491455078125,0.51220703125,0.491455078125,0.51220703125,0.8996515935589441,0.50537109375,0.5322265625,0.50537109375,0.5322265625,0.9909096166863416,0.50048828125,0.548828125,0.50048828125,0.548828125,0.010368156650788152,0.52783203125,0.54833984375,0.52783203125,0.54833984375,0.9111797075998822,0.4921875,0.62451171875,0.4921875,0.62451171875,WOW,0.19458437392834652,0.001803014310978242,0.11890671089967234,0.17122428747931895,0.513481613381684
WOW__TEST__STEGO__838.pgm,838.pgm,WOW,1,${BOSSBASE_ROOT}\stego\WOW\0.4bpp\stego\838.pgm,0.4993929865958255,0.491455078125,0.51220703125,0.491455078125,0.51220703125,0.4610167793123159,0.50537109375,0.5322265625,0.50537109375,0.5322265625,0.5286855065736389,0.50048828125,0.548828125,0.50048828125,0.548828125,0.6258955429415617,0.52783203125,0.54833984375,0.52783203125,0.54833984375,0.7211544552479838,0.4921875,0.62451171875,0.4921875,0.62451171875,MiPOD,0.16440141291894095,0.24538941756849703,0.30188676981869883,0.14375371959016933,0.14456868010369384
WOW__TEST__STEGO__4882.pgm,4882.pgm,WOW,1,${BOSSBASE_ROOT}\stego\WOW\0.4bpp\stego\4882.pgm,0.9895513745548833,0.491455078125,0.51220703125,0.491455078125,0.51220703125,0.016403032516163058,0.50537109375,0.5322265625,0.50537109375,0.5322265625,0.9784259335698815,0.50048828125,0.548828125,0.50048828125,0.548828125,0.006314364670896372,0.52783203125,0.54833984375,0.52783203125,0.54833984375,0.975154563105731,0.4921875,0.62451171875,0.4921875,0.62451171875,WOW,0.33053494705577396,0.0011851475782316421,0.22815065767893805,0.004985884020619372,0.43514336366643697
WOW__TEST__STEGO__1045.pgm,1045.pgm,WOW,1,${BOSSBASE_ROOT}\stego\WOW\0.4bpp\stego\1045.pgm,0.991186833496954,0.491455078125,0.51220703125,0.491455078125,0.51220703125,0.9786719183399079,0.50537109375,0.5322265625,0.50537109375,0.5322265625,0.9922143452346321,0.50048828125,0.548828125,0.50048828125,0.548828125,0.7159207862629124,0.52783203125,0.54833984375,0.52783203125,0.54833984375,0.978093633973752,0.4921875,0.62451171875,0.4921875,0.62451171875,WOW,0.13517475232912382,0.04973359347604626,0.13955944077705587,0.21763510886998824,0.4578971045477857
WOW__TEST__STEGO__7689.pgm,7689.pgm,WOW,1,${BOSSBASE_ROOT}\stego\WOW\0.4bpp\stego\7689.pgm,0.33458944125318596,0.491455078125,0.51220703125,0.491455078125,0.51220703125,0.5548323007244633,0.50537109375,0.5322265625,0.50537109375,0.5322265625,0.4597734096718876,0.50048828125,0.548828125,0.50048828125,0.548828125,0.5576646405969393,0.52783203125,0.54833984375,0.52783203125,0.54833984375,0.5466473976691592,0.4921875,0.62451171875,0.4921875,0.62451171875,HUGO,0.15195448828112654,0.2861918173047111,0.21567702749989526,0.2637589341848962,0.08241773272937102
WOW__TEST__STEGO__333.pgm,333.pgm,WOW,1,${BOSSBASE_ROOT}\stego\WOW\0.4bpp\stego\333.pgm,0.6070809647414432,0.491455078125,0.51220703125,0.491455078125,0.51220703125,0.5071863947389532,0.50537109375,0.5322265625,0.50537109375,0.5322265625,0.5191556588491929,0.50048828125,0.548828125,0.50048828125,0.548828125,0.32530617326583805,0.52783203125,0.54833984375,0.52783203125,0.54833984375,0.456833799683796,0.4921875,0.62451171875,0.4921875,0.62451171875,WOW,0.20091879497677131,0.06818950279998912,0.1745520119993957,0.2409751477479946,0.31536454247584916
WOW__TEST__STEGO__7409.pgm,7409.pgm,WOW,1,${BOSSBASE_ROOT}\stego\WOW\0.4bpp\stego\7409.pgm,0.6594051585907724,0.491455078125,0.51220703125,0.491455078125,0.51220703125,0.5450132955133574,0.50537109375,0.5322265625,0.50537109375,0.5322265625,1.6536895860212648e-06,0.50048828125,0.548828125,0.50048828125,0.548828125,0.46842585922440144,0.52783203125,0.54833984375,0.52783203125,0.54833984375,0.00010975090534032795,0.4921875,0.62451171875,0.4921875,0.62451171875,S-UNIWARD,0.02581340771773546,0.17387903521920878,0.03469118947246461,0.456517617772479,0.30909874981811214
WOW__TEST__STEGO__5325.pgm,5325.pgm,WOW,1,${BOSSBASE_ROOT}\stego\WOW\0.4bpp\stego\5325.pgm,0.2247353007352621,0.491455078125,0.51220703125,0.491455078125,0.51220703125,0.7671669574523438,0.50537109375,0.5322265625,0.50537109375,0.5322265625,0.9038048371679412,0.50048828125,0.548828125,0.50048828125,0.548828125,0.015247590621499624,0.52783203125,0.54833984375,0.52783203125,0.54833984375,0.3269157601998389,0.4921875,0.62451171875,0.4921875,0.62451171875,HILL,0.5314689882695581,0.014664023421710323,0.09973254560440892,0.3064905473658408,0.047643895338481894
WOW__TEST__STEGO__2642.pgm,2642.pgm,WOW,1,${BOSSBASE_ROOT}\stego\WOW\0.4bpp\stego\2642.pgm,0.9778411306440229,0.491455078125,0.51220703125,0.491455078125,0.51220703125,0.9814178501043472,0.50537109375,0.5322265625,0.50537109375,0.5322265625,0.7525585267159536,0.50048828125,0.548828125,0.50048828125,0.548828125,0.009898063716023652,0.52783203125,0.54833984375,0.52783203125,0.54833984375,0.7296161151554498,0.4921875,0.62451171875,0.4921875,0.62451171875,WOW,0.08720463089020032,0.0024932394773632045,0.06748655981158841,0.33575572102531576,0.5070598487955322
WOW__TEST__STEGO__6013.pgm,6013.pgm,WOW,1,${BOSSBASE_ROOT}\stego\WOW\0.4bpp\stego\6013.pgm,0.9919067101026269,0.491455078125,0.51220703125,0.491455078125,0.51220703125,0.9611709788142289,0.50537109375,0.5322265625,0.50537109375,0.5322265625,0.17092276031758089,0.50048828125,0.548828125,0.50048828125,0.548828125,0.01128807389923099,0.52783203125,0.54833984375,0.52783203125,0.54833984375,0.13206615786963916,0.4921875,0.62451171875,0.4921875,0.62451171875,S-UNIWARD,0.00993022310707047,0.0035538559713699,0.009357848595475374,0.5550163981808198,0.42214167414526443
WOW__TEST__STEGO__4932.pgm,4932.pgm,WOW,1,${BOSSBASE_ROOT}\stego\WOW\0.4bpp\stego\4932.pgm,0.6416469441542847,0.491455078125,0.51220703125,0.491455078125,0.51220703125,0.5749915010740407,0.50537109375,0.5322265625,0.50537109375,0.5322265625,0.49229873531805396,0.50048828125,0.548828125,0.50048828125,0.548828125,0.43272250096023,0.52783203125,0.54833984375,0.52783203125,0.54833984375,0.6121937525180942,0.4921875,0.62451171875,0.4921875,0.62451171875,WOW,0.14227821515839986,0.09371283294172583,0.20477355639294187,0.2605449204596429,0.2986904750472895
WOW__TEST__STEGO__8916.pgm,8916.pgm,WOW,1,${BOSSBASE_ROOT}\stego\WOW\0.4bpp\stego\8916.pgm,0.5630776646181591,0.491455078125,0.51220703125,0.491455078125,0.51220703125,0.4923368732855448,0.50537109375,0.5322265625,0.50537109375,0.5322265625,0.5163820736806664,0.50048828125,0.548828125,0.50048828125,0.548828125,0.534521405117504,0.52783203125,0.54833984375,0.52783203125,0.54833984375,0.49806786545229553,0.4921875,0.62451171875,0.4921875,0.62451171875,WOW,0.17889690723106255,0.18205664990300835,0.19186386107464679,0.210397219484628,0.23678536230665437
WOW__TEST__STEGO__2687.pgm,2687.pgm,WOW,1,${BOSSBASE_ROOT}\stego\WOW\0.4bpp\stego\2687.pgm,0.9909447358132779,0.491455078125,0.51220703125,0.491455078125,0.51220703125,0.9849852519941804,0.50537109375,0.5322265625,0.50537109375,0.5322265625,0.9874720680072551,0.50048828125,0.548828125,0.50048828125,0.548828125,0.007876706716587462,0.52783203125,0.54833984375,0.52783203125,0.54833984375,0.9715099574136776,0.4921875,0.62451171875,0.4921875,0.62451171875,WOW,0.1707327705362809,0.0017073929987359033,0.12213970106970548,0.22060315719921453,0.4848169781960631
WOW__TEST__STEGO__1167.pgm,1167.pgm,WOW,1,${BOSSBASE_ROOT}\stego\WOW\0.4bpp\stego\1167.pgm,0.7063930178525605,0.491455078125,0.51220703125,0.491455078125,0.51220703125,0.5370413867561842,0.50537109375,0.5322265625,0.50537109375,0.5322265625,0.6044572954421971,0.50048828125,0.548828125,0.50048828125,0.548828125,0.48017397475349527,0.52783203125,0.54833984375,0.52783203125,0.54833984375,0.6315943044052867,0.4921875,0.62451171875,0.4921875,0.62451171875,WOW,0.17866030952346934,0.08509867741035596,0.20201896592339177,0.177598024427954,0.35662402271482896
WOW__TEST__STEGO__9156.pgm,9156.pgm,WOW,1,${BOSSBASE_ROOT}\stego\WOW\0.4bpp\stego\9156.pgm,0.9923341253113541,0.491455078125,0.51220703125,0.491455078125,0.51220703125,0.9944234551774075,0.50537109375,0.5322265625,0.50537109375,0.5322265625,0.9934357507792255,0.50048828125,0.548828125,0.50048828125,0.548828125,0.007695647178392188,0.52783203125,0.54833984375,0.52783203125,0.54833984375,0.9897116988662837,0.4921875,0.62451171875,0.4921875,0.62451171875,WOW,0.17048224797328623,0.0016689389416603146,0.1253316624850156,0.2226921555658315,0.4798249950342064
WOW__TEST__STEGO__4705.pgm,4705.pgm,WOW,1,${BOSSBASE_ROOT}\stego\WOW\0.4bpp\stego\4705.pgm,0.9905874104123901,0.491455078125,0.51220703125,0.491455078125,0.51220703125,0.8502200682951725,0.50537109375,0.5322265625,0.50537109375,0.5322265625,0.9855521474663975,0.50048828125,0.548828125,0.50048828125,0.548828125,0.023599294351465336,0.52783203125,0.54833984375,0.52783203125,0.54833984375,0.913522352543118,0.4921875,0.62451171875,0.4921875,0.62451171875,WOW,0.20146037113259138,0.0019307999506121818,0.12607673093168734,0.1450318326512935,0.5255002653338157
WOW__TEST__STEGO__8800.pgm,8800.pgm,WOW,1,${BOSSBASE_ROOT}\stego\WOW\0.4bpp\stego\8800.pgm,0.9934102283369194,0.491455078125,0.51220703125,0.491455078125,0.51220703125,0.9891396689867223,0.50537109375,0.5322265625,0.50537109375,0.5322265625,0.9861513897844354,0.50048828125,0.548828125,0.50048828125,0.548828125,0.03468417237276688,0.52783203125,0.54833984375,0.52783203125,0.54833984375,0.9751071985765847,0.4921875,0.62451171875,0.4921875,0.62451171875,WOW,0.1667185750947621,0.001926133287340868,0.12245949358906053,0.22310866903173185,0.48578712899710463
WOW__TEST__STEGO__790.pgm,790.pgm,WOW,1,${BOSSBASE_ROOT}\stego\WOW\0.4bpp\stego\790.pgm,0.9815244057904553,0.491455078125,0.51220703125,0.491455078125,0.51220703125,0.8980534791726937,0.50537109375,0.5322265625,0.50537109375,0.5322265625,0.9463988589047058,0.50048828125,0.548828125,0.50048828125,0.548828125,0.011115013721477563,0.52783203125,0.54833984375,0.52783203125,0.54833984375,0.9193533851235517,0.4921875,0.62451171875,0.4921875,0.62451171875,WOW,0.1762114267998155,0.001974090485358257,0.12423571178301811,0.1850066105422224,0.5125721603895859
WOW__TEST__STEGO__9786.pgm,9786.pgm,WOW,1,${BOSSBASE_ROOT}\stego\WOW\0.4bpp\stego\9786.pgm,0.9897909456811917,0.491455078125,0.51220703125,0.491455078125,0.51220703125,0.9834068220804095,0.50537109375,0.5322265625,0.50537109375,0.5322265625,0.9911526449170697,0.50048828125,0.548828125,0.50048828125,0.548828125,0.01956867555531235,0.52783203125,0.54833984375,0.52783203125,0.54833984375,0.9918437513730266,0.4921875,0.62451171875,0.4921875,0.62451171875,WOW,0.172531114879465,0.0017935983001560163,0.1289663563689123,0.21674120660794516,0.4799677238435214
WOW__TEST__STEGO__6625.pgm,6625.pgm,WOW,1,${BOSSBASE_ROOT}\stego\WOW\0.4bpp\stego\6625.pgm,0.8630456954548857,0.491455078125,0.51220703125,0.491455078125,0.51220703125,0.3608268132854367,0.50537109375,0.5322265625,0.50537109375,0.5322265625,0.5525698884992715,0.50048828125,0.548828125,0.50048828125,0.548828125,0.5140191517124644,0.52783203125,0.54833984375,0.52783203125,0.54833984375,0.5178147215357729,0.4921875,0.62451171875,0.4921875,0.62451171875,WOW,0.1302623194763476,0.06740248098170971,0.1312838802883597,0.08334819884783191,0.587703120405751
WOW__TEST__STEGO__6672.pgm,6672.pgm,WOW,1,${BOSSBASE_ROOT}\stego\WOW\0.4bpp\stego\6672.pgm,0.9917484014309144,0.491455078125,0.51220703125,0.491455078125,0.51220703125,0.9912208911330882,0.50537109375,0.5322265625,0.50537109375,0.5322265625,0.9942474549497627,0.50048828125,0.548828125,0.50048828125,0.548828125,0.9870296135626316,0.52783203125,0.54833984375,0.52783203125,0.54833984375,0.9917803069380321,0.4921875,0.62451171875,0.4921875,0.62451171875,WOW,0.10832678461701946,0.16040924297086664,0.13222703598629781,0.20223681966372573,0.39680011676209037
WOW__TEST__STEGO__1934.pgm,1934.pgm,WOW,1,${BOSSBASE_ROOT}\stego\WOW\0.4bpp\stego\1934.pgm,0.43947669456386185,0.491455078125,0.51220703125,0.491455078125,0.51220703125,0.9046505351008906,0.50537109375,0.5322265625,0.50537109375,0.5322265625,0.7399865091308289,0.50048828125,0.548828125,0.50048828125,0.548828125,0.18550413362367746,0.52783203125,0.54833984375,0.52783203125,0.54833984375,0.7498206999089312,0.4921875,0.62451171875,0.4921875,0.62451171875,S-UNIWARD,0.21461921215682764,0.023786840301346833,0.19249197062948964,0.47565413119480093,0.09344784571753487
WOW__TEST__STEGO__9793.pgm,9793.pgm,WOW,1,${BOSSBASE_ROOT}\stego\WOW\0.4bpp\stego\9793.pgm,0.9874720680072551,0.491455078125,0.51220703125,0.491455078125,0.51220703125,0.7086160181699034,0.50537109375,0.5322265625,0.50537109375,0.5322265625,0.9697281305754024,0.50048828125,0.548828125,0.50048828125,0.548828125,0.009708476481474066,0.52783203125,0.54833984375,0.52783203125,0.54833984375,0.9026096017480523,0.4921875,0.62451171875,0.4921875,0.62451171875,WOW,0.2255183688781135,0.0018517125406174663,0.1412356471333527,0.08997439023440904,0.5414198812135073
WOW__TEST__STEGO__7222.pgm,7222.pgm,WOW,1,${BOSSBASE_ROOT}\stego\WOW\0.4bpp\stego\7222.pgm,0.9926256346917622,0.491455078125,0.51220703125,0.491455078125,0.51220703125,0.9915215980653225,0.50537109375,0.5322265625,0.50537109375,0.5322265625,0.9894295113796924,0.50048828125,0.548828125,0.50048828125,0.548828125,0.924004785181042,0.52783203125,0.54833984375,0.52783203125,0.54833984375,0.9907677855954636,0.4921875,0.62451171875,0.4921875,0.62451171875,WOW,0.11334815795961733,0.12387192348667922,0.1354211123488256,0.21135969607085198,0.41599911013402596
WOW__TEST__STEGO__3357.pgm,3357.pgm,WOW,1,${BOSSBASE_ROOT}\stego\WOW\0.4bpp\stego\3357.pgm,0.14706452045904778,0.491455078125,0.51220703125,0.491455078125,0.51220703125,0.06075190308755833,0.50537109375,0.5322265625,0.50537109375,0.5322265625,0.6420959138319301,0.50048828125,0.548828125,0.50048828125,0.548828125,0.26227458735343234,0.52783203125,0.54833984375,0.52783203125,0.54833984375,0.6696368327851248,0.4921875,0.62451171875,0.4921875,0.62451171875,HILL,0.4525613028611167,0.059203646122234145,0.4267975088109352,0.027635762789085805,0.03380177941662829
WOW__TEST__STEGO__3251.pgm,3251.pgm,WOW,1,${BOSSBASE_ROOT}\stego\WOW\0.4bpp\stego\3251.pgm,0.7228205970230486,0.491455078125,0.51220703125,0.491455078125,0.51220703125,0.45789414789534566,0.50537109375,0.5322265625,0.50537109375,0.5322265625,0.5065990430681923,0.50048828125,0.548828125,0.50048828125,0.548828125,0.5150711167949298,0.52783203125,0.54833984375,0.52783203125,0.54833984375,0.528913629053344,0.4921875,0.62451171875,0.4921875,0.62451171875,WOW,0.14431059640873092,0.11427287939422956,0.1700194855761216,0.16200812712367124,0.40938891149724665
WOW__TEST__STEGO__2614.pgm,2614.pgm,WOW,1,${BOSSBASE_ROOT}\stego\WOW\0.4bpp\stego\2614.pgm,0.9897909456811917,0.491455078125,0.51220703125,0.491455078125,0.51220703125,0.7759445507683053,0.50537109375,0.5322265625,0.50537109375,0.5322265625,0.9368651017878079,0.50048828125,0.548828125,0.50048828125,0.548828125,0.02310927773615126,0.52783203125,0.54833984375,0.52783203125,0.54833984375,0.9446893477840039,0.4921875,0.62451171875,0.4921875,0.62451171875,WOW,0.19194876007048697,0.002052771934283984,0.1472557549592457,0.11906825965442215,0.5396744533815612
WOW__TEST__STEGO__1692.pgm,1692.pgm,WOW,1,${BOSSBASE_ROOT}\stego\WOW\0.4bpp\stego\1692.pgm,0.9906960501316063,0.491455078125,0.51220703125,0.491455078125,0.51220703125,0.9952262776092429,0.50537109375,0.5322265625,0.50537109375,0.5322265625,0.9889278398167658,0.50048828125,0.548828125,0.50048828125,0.548828125,0.009268013380914325,0.52783203125,0.54833984375,0.52783203125,0.54833984375,0.9909797204985978,0.4921875,0.62451171875,0.4921875,0.62451171875,WOW,0.16875304515260314,0.0017000674816494668,0.12610355713626256,0.22538444464282753,0.4780588855866572
WOW__TEST__STEGO__2338.pgm,2338.pgm,WOW,1,${BOSSBASE_ROOT}\stego\WOW\0.4bpp\stego\2338.pgm,0.9921232932834126,0.491455078125,0.51220703125,0.491455078125,0.51220703125,0.9906960501316063,0.50537109375,0.5322265625,0.50537109375,0.5322265625,0.9905874104123901,0.50048828125,0.548828125,0.50048828125,0.548828125,0.2851728428777495,0.52783203125,0.54833984375,0.52783203125,0.54833984375,0.9907319866190857,0.4921875,0.62451171875,0.4921875,0.62451171875,WOW,0.15634403476154998,0.006405799733776216,0.13394501630614442,0.22596113057421252,0.47734401862431675
WOW__TEST__STEGO__8275.pgm,8275.pgm,WOW,1,${BOSSBASE_ROOT}\stego\WOW\0.4bpp\stego\8275.pgm,0.9931228923417693,0.491455078125,0.51220703125,0.491455078125,0.51220703125,0.9957684125218387,0.50537109375,0.5322265625,0.50537109375,0.5322265625,0.9925393565360598,0.50048828125,0.548828125,0.50048828125,0.548828125,0.16599831119805178,0.52783203125,0.54833984375,0.52783203125,0.54833984375,0.9924227587321393,0.4921875,0.62451171875,0.4921875,0.62451171875,WOW,0.16155921408346596,0.0035770776235396614,0.13003757556120607,0.2263944075163571,0.47843172521543115
WOW__TEST__STEGO__8511.pgm,8511.pgm,WOW,1,${BOSSBASE_ROOT}\stego\WOW\0.4bpp\stego\8511.pgm,0.46283721508269704,0.491455078125,0.51220703125,0.491455078125,0.51220703125,0.5664982418472789,0.50537109375,0.5322265625,0.50537109375,0.5322265625,0.609872745921428,0.50048828125,0.548828125,0.50048828125,0.548828125,0.6563279337765606,0.52783203125,0.54833984375,0.52783203125,0.54833984375,0.5712285177894627,0.4921875,0.62451171875,0.4921875,0.62451171875,HUGO,0.1894340816395806,0.28550671336748135,0.19878636199395966,0.2013782441254844,0.12489459887349413
WOW__TEST__STEGO__3037.pgm,3037.pgm,WOW,1,${BOSSBASE_ROOT}\stego\WOW\0.4bpp\stego\3037.pgm,0.9690324847372525,0.491455078125,0.51220703125,0.491455078125,0.51220703125,0.8419556382496595,0.50537109375,0.5322265625,0.50537109375,0.5322265625,0.603581392485977,0.50048828125,0.548828125,0.50048828125,0.548828125,0.8431216547086122,0.52783203125,0.54833984375,0.52783203125,0.54833984375,0.6561076251832212,0.4921875,0.62451171875,0.4921875,0.62451171875,WOW,0.04685994514426359,0.15726246186491782,0.07005250500751357,0.25397254748862413,0.47185254049468084
WOW__TEST__STEGO__4231.pgm,4231.pgm,WOW,1,${BOSSBASE_ROOT}\stego\WOW\0.4bpp\stego\4231.pgm,0.48645351128014885,0.491455078125,0.51220703125,0.491455078125,0.51220703125,0.5007328981872659,0.50537109375,0.5322265625,0.50537109375,0.5322265625,0.5050619303241256,0.50048828125,0.548828125,0.50048828125,0.548828125,0.5192927849386367,0.52783203125,0.54833984375,0.52783203125,0.54833984375,0.5238770885369624,0.4921875,0.62451171875,0.4921875,0.62451171875,S-UNIWARD,0.18612734892686855,0.19727640641805153,0.2167945524210269,0.22476295588720926,0.17503873634684392
WOW__TEST__STEGO__6335.pgm,6335.pgm,WOW,1,${BOSSBASE_ROOT}\stego\WOW\0.4bpp\stego\6335.pgm,0.532668238993261,0.491455078125,0.51220703125,0.491455078125,0.51220703125,0.5251253041097116,0.50537109375,0.5322265625,0.50537109375,0.5322265625,0.4717403540415069,0.50048828125,0.548828125,0.50048828125,0.548828125,0.6104534687142686,0.52783203125,0.54833984375,0.52783203125,0.54833984375,0.6318215046223804,0.4921875,0.62451171875,0.4921875,0.62451171875,HUGO,0.1333565251788702,0.24767740906161345,0.2315384590279613,0.21115837135034185,0.17626923538121317
WOW__TEST__STEGO__6888.pgm,6888.pgm,WOW,1,${BOSSBASE_ROOT}\stego\WOW\0.4bpp\stego\6888.pgm,0.9904035452676181,0.491455078125,0.51220703125,0.491455078125,0.51220703125,0.9774139572136527,0.50537109375,0.5322265625,0.50537109375,0.5322265625,0.982889110788156,0.50048828125,0.548828125,0.50048828125,0.548828125,0.9711838031967466,0.52783203125,0.54833984375,0.52783203125,0.54833984375,0.9878528299001947,0.4921875,0.62451171875,0.4921875,0.62451171875,WOW,0.10879897115420764,0.15366600157336435,0.13454506090918367,0.19904119769107748,0.4039487686721668
WOW__TEST__STEGO__9602.pgm,9602.pgm,WOW,1,${BOSSBASE_ROOT}\stego\WOW\0.4bpp\stego\9602.pgm,0.9928508980334536,0.491455078125,0.51220703125,0.491455078125,0.51220703125,0.9928785712542649,0.50537109375,0.5322265625,0.50537109375,0.5322265625,0.9909096166863416,0.50048828125,0.548828125,0.50048828125,0.548828125,0.41549163905931774,0.52783203125,0.54833984375,0.52783203125,0.54833984375,0.9946150620382221,0.4921875,0.62451171875,0.4921875,0.62451171875,WOW,0.14901183593002576,0.011909230637049104,0.13769628407100745,0.22812858873406058,0.47325406062785713
WOW__TEST__STEGO__7315.pgm,7315.pgm,WOW,1,${BOSSBASE_ROOT}\stego\WOW\0.4bpp\stego\7315.pgm,0.9909096166863416,0.491455078125,0.51220703125,0.491455078125,0.51220703125,0.9913892323324893,0.50537109375,0.5322265625,0.50537109375,0.5322265625,0.9896718474806949,0.50048828125,0.548828125,0.50048828125,0.548828125,0.01685007944789776,0.52783203125,0.54833984375,0.52783203125,0.54833984375,0.9908389730779061,0.4921875,0.62451171875,0.4921875,0.62451171875,WOW,0.16957270984378067,0.0017630065992407622,0.12687359850206548,0.2224677295847853,0.4793229554701277
WOW__TEST__STEGO__9618.pgm,9618.pgm,WOW,1,${BOSSBASE_ROOT}\stego\WOW\0.4bpp\stego\9618.pgm,0.8955226768697631,0.491455078125,0.51220703125,0.491455078125,0.51220703125,0.902093313941911,0.50537109375,0.5322265625,0.50537109375,0.5322265625,0.7516481568828648,0.50048828125,0.548828125,0.50048828125,0.548828125,0.007547923375900623,0.52783203125,0.54833984375,0.52783203125,0.54833984375,0.7273949037800091,0.4921875,0.62451171875,0.4921875,0.62451171875,WOW,0.12480627160076907,0.0035008665125289655,0.0953672491915652,0.3186580352223732,0.45766757747276354
WOW__TEST__STEGO__4872.pgm,4872.pgm,WOW,1,${BOSSBASE_ROOT}\stego\WOW\0.4bpp\stego\4872.pgm,0.9138304453571467,0.491455078125,0.51220703125,0.491455078125,0.51220703125,0.001980039959665187,0.50537109375,0.5322265625,0.50537109375,0.5322265625,0.3160525356697572,0.50048828125,0.548828125,0.50048828125,0.548828125,0.009449081319055452,0.52783203125,0.54833984375,0.52783203125,0.54833984375,0.3872267859778932,0.4921875,0.62451171875,0.4921875,0.62451171875,WOW,0.09591934575629801,0.006599952260310103,0.10300196056625177,0.028894859132958244,0.7655838822841818
WOW__TEST__STEGO__8946.pgm,8946.pgm,WOW,1,${BOSSBASE_ROOT}\stego\WOW\0.4bpp\stego\8946.pgm,0.47778258410712615,0.491455078125,0.51220703125,0.491455078125,0.51220703125,0.54694989996234,0.50537109375,0.5322265625,0.50537109375,0.5322265625,0.32156651476785353,0.50048828125,0.548828125,0.50048828125,0.548828125,0.5122732299182106,0.52783203125,0.54833984375,0.52783203125,0.54833984375,0.014447852533602467,0.4921875,0.62451171875,0.4921875,0.62451171875,S-UNIWARD,0.09822177618447382,0.2594997156536685,0.05680375238665795,0.4004432866105278,0.18503146916467206
WOW__TEST__STEGO__9276.pgm,9276.pgm,WOW,1,${BOSSBASE_ROOT}\stego\WOW\0.4bpp\stego\9276.pgm,0.9923043528216078,0.491455078125,0.51220703125,0.491455078125,0.51220703125,0.3083984908981995,0.50537109375,0.5322265625,0.50537109375,0.5322265625,0.9936856353291037,0.50048828125,0.548828125,0.50048828125,0.548828125,0.010693757736175492,0.52783203125,0.54833984375,0.52783203125,0.54833984375,0.8689380318690634,0.4921875,0.62451171875,0.4921875,0.62451171875,WOW,0.3072728826624564,0.0014922407513843607,0.16167959092465012,0.01763562026067465,0.5119196654008344
WOW__TEST__STEGO__4634.pgm,4634.pgm,WOW,1,${BOSSBASE_ROOT}\stego\WOW\0.4bpp\stego\4634.pgm,0.4904644131499893,0.491455078125,0.51220703125,0.491455078125,0.51220703125,0.5244707902001252,0.50537109375,0.5322265625,0.50537109375,0.5322265625,0.5614552740791104,0.50048828125,0.548828125,0.50048828125,0.548828125,0.6086522154559285,0.52783203125,0.54833984375,0.52783203125,0.54833984375,0.5432570692446381,0.4921875,0.62451171875,0.4921875,0.62451171875,HUGO,0.1861030961752755,0.25158442413814247,0.20358296270692863,0.20248314016025468,0.15624637681939874
WOW__TEST__STEGO__3056.pgm,3056.pgm,WOW,1,${BOSSBASE_ROOT}\stego\WOW\0.4bpp\stego\3056.pgm,0.7798252724252321,0.491455078125,0.51220703125,0.491455078125,0.51220703125,0.6253237114304127,0.50537109375,0.5322265625,0.50537109375,0.5322265625,0.7147276108948358,0.50048828125,0.548828125,0.50048828125,0.548828125,0.9184802440252811,0.52783203125,0.54833984375,0.52783203125,0.54833984375,0.6621413773969629,0.4921875,0.62451171875,0.4921875,0.62451171875,HUGO,0.11564941378664827,0.33867235528091055,0.130918334018388,0.13122760704653244,0.28353228986752077
WOW__TEST__STEGO__4903.pgm,4903.pgm,WOW,1,${BOSSBASE_ROOT}\stego\WOW\0.4bpp\stego\4903.pgm,0.9927952309111313,0.491455078125,0.51220703125,0.491455078125,0.51220703125,0.99507548962592,0.50537109375,0.5322265625,0.50537109375,0.5322265625,0.9928785712542649,0.50048828125,0.548828125,0.50048828125,0.548828125,0.6677979273537404,0.52783203125,0.54833984375,0.52783203125,0.54833984375,0.9919691867837398,0.4921875,0.62451171875,0.4921875,0.62451171875,WOW,0.13484272236870734,0.039144003871238536,0.14026690424370353,0.22811891028515072,0.45762745923119996
WOW__TEST__STEGO__3103.pgm,3103.pgm,WOW,1,${BOSSBASE_ROOT}\stego\WOW\0.4bpp\stego\3103.pgm,0.7826624789529376,0.491455078125,0.51220703125,0.491455078125,0.51220703125,0.8596637505099167,0.50537109375,0.5322265625,0.50537109375,0.5322265625,0.9768023732674583,0.50048828125,0.548828125,0.50048828125,0.548828125,0.22901751203530457,0.52783203125,0.54833984375,0.52783203125,0.54833984375,0.777637773340701,0.4921875,0.62451171875,0.4921875,0.62451171875,WOW,0.29176804674780454,0.010532587155549514,0.14955773497809904,0.23210705509773935,0.3160345760208076
WOW__TEST__STEGO__7764.pgm,7764.pgm,WOW,1,${BOSSBASE_ROOT}\stego\WOW\0.4bpp\stego\7764.pgm,0.9906237625491514,0.491455078125,0.51220703125,0.491455078125,0.51220703125,0.9930423911926235,0.50537109375,0.5322265625,0.50537109375,0.5322265625,0.6064984551609598,0.50048828125,0.548828125,0.50048828125,0.548828125,0.014503579691381979,0.52783203125,0.54833984375,0.52783203125,0.54833984375,0.8852352197343663,0.4921875,0.62451171875,0.4921875,0.62451171875,WOW,0.05193569438813876,0.002665777850639783,0.08756437512066197,0.3729498154288013,0.48488433721175805
WOW__TEST__STEGO__6832.pgm,6832.pgm,WOW,1,${BOSSBASE_ROOT}\stego\WOW\0.4bpp\stego\6832.pgm,0.9908743626108194,0.491455078125,0.51220703125,0.491455078125,0.51220703125,0.9896318433492118,0.50537109375,0.5322265625,0.50537109375,0.5322265625,0.991422514586288,0.50048828125,0.548828125,0.50048828125,0.548828125,0.008380453351026062,0.52783203125,0.54833984375,0.52783203125,0.54833984375,0.9920002454916221,0.4921875,0.62451171875,0.4921875,0.62451171875,WOW,0.17124958779286004,0.001688755691925316,0.1272858576919439,0.2203402130002858,0.47943558582298496
WOW__TEST__STEGO__836.pgm,836.pgm,WOW,1,${BOSSBASE_ROOT}\stego\WOW\0.4bpp\stego\836.pgm,0.49286318615163893,0.491455078125,0.51220703125,0.491455078125,0.51220703125,0.5196127344755449,0.50537109375,0.5322265625,0.50537109375,0.5322265625,0.4721358328880208,0.50048828125,0.548828125,0.50048828125,0.548828125,0.3924532467544635,0.52783203125,0.54833984375,0.52783203125,0.54833984375,0.6389479307034645,0.4921875,0.62451171875,0.4921875,0.62451171875,MiPOD,0.17872509445303958,0.11138169361949035,0.2812249325122839,0.2467467786487266,0.18192150076645955
WOW__TEST__STEGO__4132.pgm,4132.pgm,WOW,1,${BOSSBASE_ROOT}\stego\WOW\0.4bpp\stego\4132.pgm,0.5533242725235922,0.491455078125,0.51220703125,0.491455078125,0.51220703125,0.5168088490781068,0.50537109375,0.5322265625,0.50537109375,0.5322265625,0.5256884214919799,0.50048828125,0.548828125,0.50048828125,0.548828125,0.49329416431653095,0.52783203125,0.54833984375,0.52783203125,0.54833984375,0.48611807048160194,0.4921875,0.62451171875,0.4921875,0.62451171875,S-UNIWARD,0.18843987670322698,0.1552588990124057,0.18766689039574785,0.23463508240660555,0.2339992514820139
WOW__TEST__STEGO__5638.pgm,5638.pgm,WOW,1,${BOSSBASE_ROOT}\stego\WOW\0.4bpp\stego\5638.pgm,0.9893885786697612,0.491455078125,0.51220703125,0.491455078125,0.51220703125,0.02153287714620796,0.50537109375,0.5322265625,0.50537109375,0.5322265625,0.9929335990367509,0.50048828125,0.548828125,0.50048828125,0.548828125,0.009055264186722086,0.52783203125,0.54833984375,0.52783203125,0.54833984375,0.9906960501316063,0.4921875,0.62451171875,0.4921875,0.62451171875,WOW,0.3371151820868193,0.0011566041209316355,0.2323122941386871,0.004864256061247131,0.4245516635923149
WOW__TEST__STEGO__9361.pgm,9361.pgm,WOW,1,${BOSSBASE_ROOT}\stego\WOW\0.4bpp\stego\9361.pgm,0.991083872947128,0.491455078125,0.51220703125,0.491455078125,0.51220703125,0.9926826025287876,0.50537109375,0.5322265625,0.50537109375,0.5322265625,0.9927391335017144,0.50048828125,0.548828125,0.50048828125,0.548828125,0.09073548763985106,0.52783203125,0.54833984375,0.52783203125,0.54833984375,0.9908389730779061,0.4921875,0.62451171875,0.4921875,0.62451171875,WOW,0.16695007640678278,0.0025073351787280045,0.12867055096283897,0.22374726474243828,0.478124772709212
WOW__TEST__STEGO__4108.pgm,4108.pgm,WOW,1,${BOSSBASE_ROOT}\stego\WOW\0.4bpp\stego\4108.pgm,0.5036906525755406,0.491455078125,0.51220703125,0.491455078125,0.51220703125,0.5069537447361213,0.50537109375,0.5322265625,0.50537109375,0.5322265625,0.5098253951593736,0.50048828125,0.548828125,0.50048828125,0.548828125,0.5120902331389481,0.52783203125,0.54833984375,0.52783203125,0.54833984375,0.5143393285772196,0.4921875,0.62451171875,0.4921875,0.62451171875,S-UNIWARD,0.18653326547853463,0.1856351630289521,0.20906479193175861,0.22971604472507676,0.18905073483567786
WOW__TEST__STEGO__1974.pgm,1974.pgm,WOW,1,${BOSSBASE_ROOT}\stego\WOW\0.4bpp\stego\1974.pgm,0.9866233967726227,0.491455078125,0.51220703125,0.491455078125,0.51220703125,0.9730876959261983,0.50537109375,0.5322265625,0.50537109375,0.5322265625,0.9732915354985551,0.50048828125,0.548828125,0.50048828125,0.548828125,0.7518304101315089,0.52783203125,0.54833984375,0.52783203125,0.54833984375,0.9768465889071616,0.4921875,0.62451171875,0.4921875,0.62451171875,WOW,0.1276479553034119,0.06094955253533751,0.1409955545159662,0.2198072964983663,0.4505996411469181
WOW__TEST__STEGO__4946.pgm,4946.pgm,WOW,1,${BOSSBASE_ROOT}\stego\WOW\0.4bpp\stego\4946.pgm,0.48389229459025357,0.491455078125,0.51220703125,0.491455078125,0.51220703125,0.48874854281893243,0.50537109375,0.5322265625,0.50537109375,0.5322265625,0.0050407031118456435,0.50048828125,0.548828125,0.50048828125,0.548828125,0.5177994821005247,0.52783203125,0.54833984375,0.52783203125,0.54833984375,5.279209628338356e-15,0.4921875,0.62451171875,0.4921875,0.62451171875,S-UNIWARD,0.03461332467405962,0.32476632685838064,0.04654300035535295,0.4253118735622542,0.1687654745499525
WOW__TEST__STEGO__6913.pgm,6913.pgm,WOW,1,${BOSSBASE_ROOT}\stego\WOW\0.4bpp\stego\6913.pgm,0.9913222832950107,0.491455078125,0.51220703125,0.491455078125,0.51220703125,0.9724670607386878,0.50537109375,0.5322265625,0.50537109375,0.5322265625,0.9857180660748888,0.50048828125,0.548828125,0.50048828125,0.548828125,0.12116485105036721,0.52783203125,0.54833984375,0.52783203125,0.54833984375,0.9917163731139695,0.4921875,0.62451171875,0.4921875,0.62451171875,WOW,0.16683692382865029,0.0029480871086641634,0.13327500684257154,0.21226846901289415,0.48467151320721985
WOW__TEST__STEGO__565.pgm,565.pgm,WOW,1,${BOSSBASE_ROOT}\stego\WOW\0.4bpp\stego\565.pgm,0.21436230766344294,0.491455078125,0.51220703125,0.491455078125,0.51220703125,0.29502676635499137,0.50537109375,0.5322265625,0.50537109375,0.5322265625,0.5199326679268257,0.50048828125,0.548828125,0.50048828125,0.548828125,0.26246358299978934,0.52783203125,0.54833984375,0.52783203125,0.54833984375,0.5779122926011899,0.4921875,0.62451171875,0.4921875,0.62451171875,MiPOD,0.3481743910610466,0.09380881644384166,0.37801615651016923,0.11510867187525342,0.06489196410968907
WOW__TEST__STEGO__1470.pgm,1470.pgm,WOW,1,${BOSSBASE_ROOT}\stego\WOW\0.4bpp\stego\1470.pgm,0.9842154389261902,0.491455078125,0.51220703125,0.491455078125,0.51220703125,0.9770664357676162,0.50537109375,0.5322265625,0.50537109375,0.5322265625,0.9670387599462187,0.50048828125,0.548828125,0.50048828125,0.548828125,0.018941707825185387,0.52783203125,0.54833984375,0.52783203125,0.54833984375,0.9803938171085806,0.4921875,0.62451171875,0.4921875,0.62451171875,WOW,0.16525010941298693,0.0018935514795558452,0.12841240412821303,0.22395072404438204,0.4804932109348621
WOW__TEST__STEGO__4375.pgm,4375.pgm,WOW,1,${BOSSBASE_ROOT}\stego\WOW\0.4bpp\stego\4375.pgm,0.9886682464686385,0.491455078125,0.51220703125,0.491455078125,0.51220703125,0.2068940488158881,0.50537109375,0.5322265625,0.50537109375,0.5322265625,0.9594592615365182,0.50048828125,0.548828125,0.50048828125,0.548828125,0.46751408917913134,0.52783203125,0.54833984375,0.52783203125,0.54833984375,0.7858021104335594,0.4921875,0.62451171875,0.4921875,0.62451171875,WOW,0.27434253865052105,0.014688677998964396,0.16370245509832745,0.014059830326142622,0.5332064979260445
WOW__TEST__STEGO__1822.pgm,1822.pgm,WOW,1,${BOSSBASE_ROOT}\stego\WOW\0.4bpp\stego\1822.pgm,0.9914556693065582,0.491455078125,0.51220703125,0.491455078125,0.51220703125,0.955816678097593,0.50537109375,0.5322265625,0.50537109375,0.5322265625,0.9775429470705839,0.50048828125,0.548828125,0.50048828125,0.548828125,0.9451974048440384,0.52783203125,0.54833984375,0.52783203125,0.54833984375,0.9867771782476948,0.4921875,0.62451171875,0.4921875,0.62451171875,WOW,0.11303549484235889,0.13941341140946203,0.13942298257571747,0.18975628750655127,0.41837182366591047
WOW__TEST__STEGO__5780.pgm,5780.pgm,WOW,1,${BOSSBASE_ROOT}\stego\WOW\0.4bpp\stego\5780.pgm,0.9900250791759213,0.491455078125,0.51220703125,0.491455078125,0.51220703125,0.993734466224161,0.50537109375,0.5322265625,0.50537109375,0.5322265625,0.9901401446964613,0.50048828125,0.548828125,0.50048828125,0.548828125,0.9934865014403319,0.52783203125,0.54833984375,0.52783203125,0.54833984375,0.9901019362839765,0.4921875,0.62451171875,0.4921875,0.62451171875,WOW,0.10616878337837767,0.16607177420447305,0.13100848112177232,0.2045558220031716,0.3921951392922054
WOW__TEST__STEGO__4236.pgm,4236.pgm,WOW,1,${BOSSBASE_ROOT}\stego\WOW\0.4bpp\stego\4236.pgm,0.49595650904902383,0.491455078125,0.51220703125,0.491455078125,0.51220703125,0.4344612951800934,0.50537109375,0.5322265625,0.50537109375,0.5322265625,0.4933246764303086,0.50048828125,0.548828125,0.50048828125,0.548828125,0.47228794947680025,0.52783203125,0.54833984375,0.52783203125,0.54833984375,0.44546922505858955,0.4921875,0.62451171875,0.4921875,0.62451171875,HILL,0.21167417550473192,0.17421323152784496,0.20551268245717969,0.20207386062658164,0.20652604988366183
WOW__TEST__STEGO__9210.pgm,9210.pgm,WOW,1,${BOSSBASE_ROOT}\stego\WOW\0.4bpp\stego\9210.pgm,0.9399133498259924,0.491455078125,0.51220703125,0.491455078125,0.51220703125,0.49018223129132593,0.50537109375,0.5322265625,0.50537109375,0.5322265625,0.9605095953512194,0.50048828125,0.548828125,0.50048828125,0.548828125,0.006771209930611185,0.52783203125,0.54833984375,0.52783203125,0.54833984375,8.362903373820119e-08,0.4921875,0.62451171875,0.4921875,0.62451171875,WOW,0.2930806615478653,0.002574881678342305,0.021692561022323614,0.06364286907555564,0.6190090266759131
WOW__TEST__STEGO__4979.pgm,4979.pgm,WOW,1,${BOSSBASE_ROOT}\stego\WOW\0.4bpp\stego\4979.pgm,0.988755439279336,0.491455078125,0.51220703125,0.491455078125,0.51220703125,0.010735162609090678,0.50537109375,0.5322265625,0.50537109375,0.5322265625,0.8921873600393251,0.50048828125,0.548828125,0.50048828125,0.548828125,0.011115013721477563,0.52783203125,0.54833984375,0.52783203125,0.54833984375,0.8842393539373058,0.4921875,0.62451171875,0.4921875,0.62451171875,WOW,0.2874416579011376,0.0015353918742463312,0.2035856542236322,0.0063747848528737565,0.5010625111481101
WOW__TEST__STEGO__6593.pgm,6593.pgm,WOW,1,${BOSSBASE_ROOT}\stego\WOW\0.4bpp\stego\6593.pgm,0.9913892323324893,0.491455078125,0.51220703125,0.491455078125,0.51220703125,0.46104711152552924,0.50537109375,0.5322265625,0.50537109375,0.5322265625,0.9610980199022023,0.50048828125,0.548828125,0.50048828125,0.548828125,0.027272668797565777,0.52783203125,0.54833984375,0.52783203125,0.54833984375,0.975390071374038,0.4921875,0.62451171875,0.4921875,0.62451171875,WOW,0.2555152454095466,0.0017755110735818496,0.19318771110271743,0.03285808530046242,0.5166634471136916
WOW__TEST__STEGO__7814.pgm,7814.pgm,WOW,1,${BOSSBASE_ROOT}\stego\WOW\0.4bpp\stego\7814.pgm,0.9922444632191525,0.491455078125,0.51220703125,0.491455078125,0.51220703125,0.9799381975595722,0.50537109375,0.5322265625,0.50537109375,0.5322265625,0.3369853089734305,0.50048828125,0.548828125,0.50048828125,0.548828125,0.008412977570977689,0.52783203125,0.54833984375,0.52783203125,0.54833984375,0.12347127508583017,0.4921875,0.62451171875,0.4921875,0.62451171875,S-UNIWARD,0.017291749525639406,0.003146033559701847,0.01006546882953696,0.5177073922709549,0.4517893558141669
WOW__TEST__STEGO__3407.pgm,3407.pgm,WOW,1,${BOSSBASE_ROOT}\stego\WOW\0.4bpp\stego\3407.pgm,0.9515039967560431,0.491455078125,0.51220703125,0.491455078125,0.51220703125,0.0553106522159961,0.50537109375,0.5322265625,0.50537109375,0.5322265625,0.7379143205612129,0.50048828125,0.548828125,0.50048828125,0.548828125,0.009449081319055452,0.52783203125,0.54833984375,0.52783203125,0.54833984375,0.6675812474744659,0.4921875,0.62451171875,0.4921875,0.62451171875,WOW,0.2335580932277241,0.0026865599899724125,0.15196210308613708,0.013284877440414605,0.5985083662557518
WOW__TEST__STEGO__4607.pgm,4607.pgm,WOW,1,${BOSSBASE_ROOT}\stego\WOW\0.4bpp\stego\4607.pgm,0.9675944825013577,0.491455078125,0.51220703125,0.491455078125,0.51220703125,0.40480152240220774,0.50537109375,0.5322265625,0.50537109375,0.5322265625,0.6321621952556504,0.50048828125,0.548828125,0.50048828125,0.548828125,0.15052763130295335,0.52783203125,0.54833984375,0.52783203125,0.54833984375,0.6639958400429198,0.4921875,0.62451171875,0.4921875,0.62451171875,WOW,0.12857223496253006,0.0068079247972011765,0.12272931973583849,0.06206675636894822,0.6798237641354821
WOW__TEST__STEGO__8875.pgm,8875.pgm,WOW,1,${BOSSBASE_ROOT}\stego\WOW\0.4bpp\stego\8875.pgm,0.6963714486908549,0.491455078125,0.51220703125,0.491455078125,0.51220703125,0.49935960804670143,0.50537109375,0.5322265625,0.50537109375,0.5322265625,0.5286094630796432,0.50048828125,0.548828125,0.50048828125,0.548828125,0.4457406325937695,0.52783203125,0.54833984375,0.52783203125,0.54833984375,0.505805708298974,0.4921875,0.62451171875,0.4921875,0.62451171875,WOW,0.16279879971481986,0.08895009466357626,0.1651242221457204,0.19515387851884045,0.3879730049570432
WOW__TEST__STEGO__3520.pgm,3520.pgm,WOW,1,${BOSSBASE_ROOT}\stego\WOW\0.4bpp\stego\3520.pgm,0.9887119261007691,0.491455078125,0.51220703125,0.491455078125,0.51220703125,0.979155684383481,0.50537109375,0.5322265625,0.50537109375,0.5322265625,0.013222821752305148,0.50048828125,0.548828125,0.50048828125,0.548828125,0.010489091259938018,0.52783203125,0.54833984375,0.52783203125,0.54833984375,0.008478401934677453,0.4921875,0.62451171875,0.4921875,0.62451171875,S-UNIWARD,0.005003768369341716,0.0036094927946395713,0.005453319168304122,0.6304957697008164,0.3554376499668982
WOW__TEST__STEGO__205.pgm,205.pgm,WOW,1,${BOSSBASE_ROOT}\stego\WOW\0.4bpp\stego\205.pgm,0.7304821773361118,0.491455078125,0.51220703125,0.491455078125,0.51220703125,0.5372538306476956,0.50537109375,0.5322265625,0.50537109375,0.5322265625,0.5192927849386367,0.50048828125,0.548828125,0.50048828125,0.548828125,0.5153378986734303,0.52783203125,0.54833984375,0.52783203125,0.54833984375,0.5090627280415773,0.4921875,0.62451171875,0.4921875,0.62451171875,WOW,0.1332462589643825,0.10913975786471596,0.14544959391329404,0.20726836348176447,0.4048960257758431
WOW__TEST__STEGO__4935.pgm,4935.pgm,WOW,1,${BOSSBASE_ROOT}\stego\WOW\0.4bpp\stego\4935.pgm,0.5376786777792629,0.491455078125,0.51220703125,0.491455078125,0.51220703125,0.39519253065282645,0.50537109375,0.5322265625,0.50537109375,0.5322265625,0.37033924675672886,0.50048828125,0.548828125,0.50048828125,0.548828125,0.6680145362320873,0.52783203125,0.54833984375,0.52783203125,0.54833984375,4.50445955990996e-05,0.4921875,0.62451171875,0.4921875,0.62451171875,HUGO,0.1084811040269294,0.42000442217956535,0.056886843062426556,0.19635331389037627,0.21827431684070225
WOW__TEST__STEGO__4087.pgm,4087.pgm,WOW,1,${BOSSBASE_ROOT}\stego\WOW\0.4bpp\stego\4087.pgm,0.6934729546809425,0.491455078125,0.51220703125,0.491455078125,0.51220703125,0.5036696728772067,0.50537109375,0.5322265625,0.50537109375,0.5322265625,0.5311941740055129,0.50048828125,0.548828125,0.50048828125,0.548828125,0.5101380756595174,0.52783203125,0.54833984375,0.52783203125,0.54833984375,0.5281988053553422,0.4921875,0.62451171875,0.4921875,0.62451171875,WOW,0.15518145958396592,0.11690828540891489,0.1703963075564304,0.19020249191948937,0.3673114555311993
WOW__TEST__STEGO__6236.pgm,6236.pgm,WOW,1,${BOSSBASE_ROOT}\stego\WOW\0.4bpp\stego\6236.pgm,0.7739006059522892,0.491455078125,0.51220703125,0.491455078125,0.51220703125,0.7742421779165404,0.50537109375,0.5322265625,0.50537109375,0.5322265625,0.002580904163589908,0.50048828125,0.548828125,0.50048828125,0.548828125,0.0024919678536153497,0.52783203125,0.54833984375,0.52783203125,0.54833984375,3.1165642992177065e-13,0.4921875,0.62451171875,0.4921875,0.62451171875,S-UNIWARD,0.014317099272723852,0.0100998494560778,0.01533488718450456,0.6464556584189204,0.3137925056677734
WOW__TEST__STEGO__6457.pgm,6457.pgm,WOW,1,${BOSSBASE_ROOT}\stego\WOW\0.4bpp\stego\6457.pgm,0.9915870224290223,0.491455078125,0.51220703125,0.491455078125,0.51220703125,0.9956516186780524,0.50537109375,0.5322265625,0.50537109375,0.5322265625,0.9836598719063984,0.50048828125,0.548828125,0.50048828125,0.548828125,0.03429394712087164,0.52783203125,0.54833984375,0.52783203125,0.54833984375,0.9924812819385679,0.4921875,0.62451171875,0.4921875,0.62451171875,WOW,0.16459249575293086,0.0019253214343471848,0.1268866155667733,0.22745424786089996,0.47914131938504856
WOW__TEST__STEGO__3396.pgm,3396.pgm,WOW,1,${BOSSBASE_ROOT}\stego\WOW\0.4bpp\stego\3396.pgm,0.875148179838435,0.491455078125,0.51220703125,0.491455078125,0.51220703125,0.5709893151363009,0.50537109375,0.5322265625,0.50537109375,0.5322265625,0.5343087941336718,0.50048828125,0.548828125,0.50048828125,0.548828125,0.5230397026446325,0.52783203125,0.54833984375,0.52783203125,0.54833984375,0.5486432658531883,0.4921875,0.62451171875,0.4921875,0.62451171875,WOW,0.09367440481503356,0.06750814133866093,0.10902040364648037,0.1711044675193915,0.5586925826804335
WOW__TEST__STEGO__6378.pgm,6378.pgm,WOW,1,${BOSSBASE_ROOT}\stego\WOW\0.4bpp\stego\6378.pgm,0.11757213354550883,0.491455078125,0.51220703125,0.491455078125,0.51220703125,0.32670091191702966,0.50537109375,0.5322265625,0.50537109375,0.5322265625,0.2913839818300965,0.50048828125,0.548828125,0.50048828125,0.548828125,0.36670312344322303,0.52783203125,0.54833984375,0.52783203125,0.54833984375,0.4434799069097902,0.4921875,0.62451171875,0.4921875,0.62451171875,MiPOD,0.18958920948340532,0.2620245991490082,0.2973992484610917,0.202401454316487,0.048585488590007817
WOW__TEST__STEGO__7684.pgm,7684.pgm,WOW,1,${BOSSBASE_ROOT}\stego\WOW\0.4bpp\stego\7684.pgm,0.9925103751011916,0.491455078125,0.51220703125,0.491455078125,0.51220703125,0.9954083163222202,0.50537109375,0.5322265625,0.50537109375,0.5322265625,0.988755439279336,0.50048828125,0.548828125,0.50048828125,0.548828125,0.005469274598698993,0.52783203125,0.54833984375,0.52783203125,0.54833984375,0.9929609544025984,0.4921875,0.62451171875,0.4921875,0.62451171875,WOW,0.16804321230334177,0.0016581236827078998,0.1259888817228927,0.22450494686917796,0.4798048354218797
WOW__TEST__STEGO__5097.pgm,5097.pgm,WOW,1,${BOSSBASE_ROOT}\stego\WOW\0.4bpp\stego\5097.pgm,0.9913558220632764,0.491455078125,0.51220703125,0.491455078125,0.51220703125,0.9769787427100676,0.50537109375,0.5322265625,0.50537109375,0.5322265625,0.9906599756149459,0.50048828125,0.548828125,0.50048828125,0.548828125,0.02084431561651897,0.52783203125,0.54833984375,0.52783203125,0.54833984375,0.9658995742876885,0.4921875,0.62451171875,0.4921875,0.62451171875,WOW,0.17342812486199874,0.001815634956632615,0.12209371540859577,0.21462681583493942,0.48803570893783343
WOW__TEST__STEGO__6602.pgm,6602.pgm,WOW,1,${BOSSBASE_ROOT}\stego\WOW\0.4bpp\stego\6602.pgm,0.5312397719364985,0.491455078125,0.51220703125,0.491455078125,0.51220703125,0.5251405243451,0.50537109375,0.5322265625,0.50537109375,0.5322265625,0.5271491746206981,0.50048828125,0.548828125,0.50048828125,0.548828125,0.5607037199863354,0.52783203125,0.54833984375,0.52783203125,0.54833984375,0.5098025157935685,0.4921875,0.62451171875,0.4921875,0.62451171875,S-UNIWARD,0.17568412485904536,0.2080671319080909,0.19079947737258054,0.22660002883714472,0.19884923702313853
WOW__TEST__STEGO__2487.pgm,2487.pgm,WOW,1,${BOSSBASE_ROOT}\stego\WOW\0.4bpp\stego\2487.pgm,0.9897513980768414,0.491455078125,0.51220703125,0.491455078125,0.51220703125,0.9805434250177091,0.50537109375,0.5322265625,0.50537109375,0.5322265625,0.9834704434423458,0.50048828125,0.548828125,0.50048828125,0.548828125,0.10951515671146415,0.52783203125,0.54833984375,0.52783203125,0.54833984375,0.9868280501184434,0.4921875,0.62451171875,0.4921875,0.62451171875,WOW,0.16520753717287312,0.0028076430121263024,0.13054930737000392,0.21960921228593755,0.48182630015905903
WOW__TEST__STEGO__4430.pgm,4430.pgm,WOW,1,${BOSSBASE_ROOT}\stego\WOW\0.4bpp\stego\4430.pgm,0.9916842215225259,0.491455078125,0.51220703125,0.491455078125,0.51220703125,0.03494669711152705,0.50537109375,0.5322265625,0.50537109375,0.5322265625,0.9832788562945579,0.50048828125,0.548828125,0.50048828125,0.548828125,0.5997195913276621,0.52783203125,0.54833984375,0.52783203125,0.54833984375,0.9860442896017267,0.4921875,0.62451171875,0.4921875,0.62451171875,WOW,0.27704809817613973,0.020780855607002234,0.26322723082491356,0.005583709172160281,0.4333601062197842
WOW__TEST__STEGO__2174.pgm,2174.pgm,WOW,1,${BOSSBASE_ROOT}\stego\WOW\0.4bpp\stego\2174.pgm,0.9903290072365529,0.491455078125,0.51220703125,0.491455078125,0.51220703125,0.997765637580055,0.50537109375,0.5322265625,0.50537109375,0.5322265625,0.9792749380796175,0.50048828125,0.548828125,0.50048828125,0.548828125,0.02165667628125803,0.52783203125,0.54833984375,0.52783203125,0.54833984375,0.9860979413749407,0.4921875,0.62451171875,0.4921875,0.62451171875,WOW,0.163258415903631,0.0018318213276099912,0.1246829346048164,0.23151523563819915,0.47871159252574347
WOW__TEST__STEGO__5265.pgm,5265.pgm,WOW,1,${BOSSBASE_ROOT}\stego\WOW\0.4bpp\stego\5265.pgm,0.5360093265193338,0.491455078125,0.51220703125,0.491455078125,0.51220703125,0.42381569453522805,0.50537109375,0.5322265625,0.50537109375,0.5322265625,0.5034980203211848,0.50048828125,0.548828125,0.50048828125,0.548828125,0.8493474539435246,0.52783203125,0.54833984375,0.52783203125,0.54833984375,0.5500031923241838,0.4921875,0.62451171875,0.4921875,0.62451171875,HUGO,0.10259257545688139,0.5197141876639815,0.15082646526686963,0.10087975473418671,0.12598701687808073
WOW__TEST__STEGO__4358.pgm,4358.pgm,WOW,1,${BOSSBASE_ROOT}\stego\WOW\0.4bpp\stego\4358.pgm,0.9936116790902788,0.491455078125,0.51220703125,0.491455078125,0.51220703125,0.9438672242987702,0.50537109375,0.5322265625,0.50537109375,0.5322265625,0.09170696264527785,0.50048828125,0.548828125,0.50048828125,0.548828125,0.006338921737094389,0.52783203125,0.54833984375,0.52783203125,0.54833984375,0.023599294351465336,0.4921875,0.62451171875,0.4921875,0.62451171875,S-UNIWARD,0.007478853517562682,0.0036468615913828255,0.006763685959043354,0.5680180325061672,0.41409256642584397
WOW__TEST__STEGO__1673.pgm,1673.pgm,WOW,1,${BOSSBASE_ROOT}\stego\WOW\0.4bpp\stego\1673.pgm,0.9339146213324513,0.491455078125,0.51220703125,0.491455078125,0.51220703125,0.014842417234248268,0.50537109375,0.5322265625,0.50537109375,0.5322265625,0.3579040861680699,0.50048828125,0.548828125,0.50048828125,0.548828125,0.012576348276879083,0.52783203125,0.54833984375,0.52783203125,0.54833984375,0.9630919338027948,0.4921875,0.62451171875,0.4921875,0.62451171875,WOW,0.08554333941902877,0.004302447018600359,0.32185527218581966,0.018016360843328527,0.5702825805332228
WOW__TEST__STEGO__2022.pgm,2022.pgm,WOW,1,${BOSSBASE_ROOT}\stego\WOW\0.4bpp\stego\2022.pgm,0.9914886969734374,0.491455078125,0.51220703125,0.491455078125,0.51220703125,0.07779744860800895,0.50537109375,0.5322265625,0.50537109375,0.5322265625,0.9368651017878079,0.50048828125,0.548828125,0.50048828125,0.548828125,0.00834805380978326,0.52783203125,0.54833984375,0.52783203125,0.54833984375,0.03782128658136543,0.4921875,0.62451171875,0.4921875,0.62451171875,WOW,0.31358240406704624,0.0018451740488110813,0.02640467431635123,0.011316951250138608,0.6468507963176529
WOW__TEST__STEGO__3833.pgm,3833.pgm,WOW,1,${BOSSBASE_ROOT}\stego\WOW\0.4bpp\stego\3833.pgm,0.489617886522623,0.491455078125,0.51220703125,0.491455078125,0.51220703125,0.49672322196158997,0.50537109375,0.5322265625,0.50537109375,0.5322265625,0.5058552926200459,0.50048828125,0.548828125,0.50048828125,0.548828125,0.49523558732361894,0.52783203125,0.54833984375,0.52783203125,0.54833984375,0.5090398473585194,0.4921875,0.62451171875,0.4921875,0.62451171875,S-UNIWARD,0.19357503413753044,0.1801503540705511,0.2144774559179407,0.22844881310849605,0.18334834276548173
WOW__TEST__STEGO__9511.pgm,9511.pgm,WOW,1,${BOSSBASE_ROOT}\stego\WOW\0.4bpp\stego\9511.pgm,0.9908389730779061,0.491455078125,0.51220703125,0.491455078125,0.51220703125,0.9929609544025984,0.50537109375,0.5322265625,0.50537109375,0.5322265625,0.9924812819385679,0.50048828125,0.548828125,0.50048828125,0.548828125,0.0596469429451214,0.52783203125,0.54833984375,0.52783203125,0.54833984375,0.993255010457908,0.4921875,0.62451171875,0.4921875,0.62451171875,WOW,0.16838118379521108,0.002157953474002854,0.12853902010433796,0.2232521635372034,0.4776696790892448
WOW__TEST__STEGO__6330.pgm,6330.pgm,WOW,1,${BOSSBASE_ROOT}\stego\WOW\0.4bpp\stego\6330.pgm,0.5041312231246827,0.491455078125,0.51220703125,0.491455078125,0.51220703125,0.5072130920830915,0.50537109375,0.5322265625,0.50537109375,0.5322265625,0.5055272711718468,0.50048828125,0.548828125,0.50048828125,0.548828125,0.4898848031354528,0.52783203125,0.54833984375,0.52783203125,0.54833984375,0.49341239903361866,0.4921875,0.62451171875,0.4921875,0.62451171875,S-UNIWARD,0.19005010341073078,0.17271517955071164,0.20279258816056506,0.2388918057366062,0.19555032314138635
WOW__TEST__STEGO__5320.pgm,5320.pgm,WOW,1,${BOSSBASE_ROOT}\stego\WOW\0.4bpp\stego\5320.pgm,0.9895513745548833,0.491455078125,0.51220703125,0.491455078125,0.51220703125,0.9914556693065582,0.50537109375,0.5322265625,0.50537109375,0.5322265625,0.9877587247081928,0.50048828125,0.548828125,0.50048828125,0.548828125,0.006589771663080563,0.52783203125,0.54833984375,0.52783203125,0.54833984375,0.9918120900983038,0.4921875,0.62451171875,0.4921875,0.62451171875,WOW,0.16971949213029955,0.0016890496303441406,0.12727446993055216,0.22341478582060698,0.47790220248819715
WOW__TEST__STEGO__9138.pgm,9138.pgm,WOW,1,${BOSSBASE_ROOT}\stego\WOW\0.4bpp\stego\9138.pgm,0.9909447358132779,0.491455078125,0.51220703125,0.491455078125,0.51220703125,0.9837849698906836,0.50537109375,0.5322265625,0.50537109375,0.5322265625,0.9720986237904434,0.50048828125,0.548828125,0.50048828125,0.548828125,0.3088152265252637,0.52783203125,0.54833984375,0.52783203125,0.54833984375,0.9787126482065489,0.4921875,0.62451171875,0.4921875,0.62451171875,WOW,0.14929314887920633,0.007428294679143892,0.13239003824223092,0.22937023495965927,0.4815182832397595
WOW__TEST__STEGO__216.pgm,216.pgm,WOW,1,${BOSSBASE_ROOT}\stego\WOW\0.4bpp\stego\216.pgm,0.7080107286710589,0.491455078125,0.51220703125,0.491455078125,0.51220703125,0.49581918923714685,0.50537109375,0.5322265625,0.50537109375,0.5322265625,0.5640384470070747,0.50048828125,0.548828125,0.50048828125,0.548828125,0.5732006601591959,0.52783203125,0.54833984375,0.52783203125,0.54833984375,0.5150101368683592,0.4921875,0.62451171875,0.4921875,0.62451171875,WOW,0.15884402414145868,0.14184200776495126,0.15940060362323122,0.16938743724651578,0.370525927223843
WOW__TEST__STEGO__658.pgm,658.pgm,WOW,1,${BOSSBASE_ROOT}\stego\WOW\0.4bpp\stego\658.pgm,0.7035494651117593,0.491455078125,0.51220703125,0.491455078125,0.51220703125,0.9308364354644565,0.50537109375,0.5322265625,0.50537109375,0.5322265625,0.5815407571141296,0.50048828125,0.548828125,0.50048828125,0.548828125,0.4965000724235876,0.52783203125,0.54833984375,0.52783203125,0.54833984375,0.49406460987426687,0.4921875,0.62451171875,0.4921875,0.62451171875,S-UNIWARD,0.07635646213518481,0.06941093157062901,0.06883732146737782,0.5535627902067514,0.231832494620057
WOW__TEST__STEGO__2839.pgm,2839.pgm,WOW,1,${BOSSBASE_ROOT}\stego\WOW\0.4bpp\stego\2839.pgm,0.9927391335017144,0.491455078125,0.51220703125,0.491455078125,0.51220703125,0.9904406006529085,0.50537109375,0.5322265625,0.50537109375,0.5322265625,0.9937829218577495,0.50048828125,0.548828125,0.50048828125,0.548828125,0.9894295113796924,0.52783203125,0.54833984375,0.52783203125,0.54833984375,0.9935368622818452,0.4921875,0.62451171875,0.4921875,0.62451171875,WOW,0.10779472563850655,0.16155008970591017,0.13245921583394446,0.20106496654029477,0.3971310022813441
WOW__TEST__STEGO__8905.pgm,8905.pgm,WOW,1,${BOSSBASE_ROOT}\stego\WOW\0.4bpp\stego\8905.pgm,0.535918247440237,0.491455078125,0.51220703125,0.491455078125,0.51220703125,0.5227047117535453,0.50537109375,0.5322265625,0.50537109375,0.5322265625,0.5043143155309997,0.50048828125,0.548828125,0.50048828125,0.548828125,0.5319388744371598,0.52783203125,0.54833984375,0.52783203125,0.54833984375,0.5119987335308956,0.4921875,0.62451171875,0.4921875,0.62451171875,S-UNIWARD,0.17000457592069315,0.18941865933000185,0.1948395455742958,0.23696007636088492,0.20877714281412418
WOW__TEST__STEGO__7773.pgm,7773.pgm,WOW,1,${BOSSBASE_ROOT}\stego\WOW\0.4bpp\stego\7773.pgm,0.9903290072365529,0.491455078125,0.51220703125,0.491455078125,0.51220703125,0.9952262776092429,0.50537109375,0.5322265625,0.50537109375,0.5322265625,0.9900635812940538,0.50048828125,0.548828125,0.50048828125,0.548828125,0.7072025279363112,0.52783203125,0.54833984375,0.52783203125,0.54833984375,0.9922444632191525,0.4921875,0.62451171875,0.4921875,0.62451171875,WOW,0.1317950177295318,0.0474912651758689,0.14108731826093315,0.2289322184886941,0.4506941803449721
WOW__TEST__STEGO__1638.pgm,1638.pgm,WOW,1,${BOSSBASE_ROOT}\stego\WOW\0.4bpp\stego\1638.pgm,0.9909096166863416,0.491455078125,0.51220703125,0.491455078125,0.51220703125,0.994180040415741,0.50537109375,0.5322265625,0.50537109375,0.5322265625,0.9901782070803069,0.50048828125,0.548828125,0.50048828125,0.548828125,0.009303949868393646,0.52783203125,0.54833984375,0.52783203125,0.54833984375,0.9902538959474461,0.4921875,0.62451171875,0.4921875,0.62451171875,WOW,0.16951362798751532,0.001697328383959492,0.1260095114931631,0.22419915038487603,0.47858038175048606
WOW__TEST__STEGO__4899.pgm,4899.pgm,WOW,1,${BOSSBASE_ROOT}\stego\WOW\0.4bpp\stego\4899.pgm,0.9905142868292047,0.491455078125,0.51220703125,0.491455078125,0.51220703125,0.9952999394649492,0.50537109375,0.5322265625,0.50537109375,0.5322265625,0.9939024378074247,0.50048828125,0.548828125,0.50048828125,0.548828125,0.007289077583591924,0.52783203125,0.54833984375,0.52783203125,0.54833984375,0.992988204618503,0.4921875,0.62451171875,0.4921875,0.62451171875,WOW,0.17123323725799255,0.00167250045049872,0.12667479633346881,0.22354486882270705,0.4768745971353328
WOW__TEST__STEGO__9900.pgm,9900.pgm,WOW,1,${BOSSBASE_ROOT}\stego\WOW\0.4bpp\stego\9900.pgm,0.9930423911926235,0.491455078125,0.51220703125,0.491455078125,0.51220703125,0.9950563109218775,0.50537109375,0.5322265625,0.50537109375,0.5322265625,0.9906599756149459,0.50048828125,0.548828125,0.50048828125,0.548828125,0.009485713170795206,0.52783203125,0.54833984375,0.52783203125,0.54833984375,0.9928785712542649,0.4921875,0.62451171875,0.4921875,0.62451171875,WOW,0.16860238621116336,0.0016835875685739295,0.12597649928580024,0.22347228470607952,0.4802652422283829
WOW__TEST__STEGO__607.pgm,607.pgm,WOW,1,${BOSSBASE_ROOT}\stego\WOW\0.4bpp\stego\607.pgm,0.5171593962688816,0.491455078125,0.51220703125,0.491455078125,0.51220703125,0.5065799728946728,0.50537109375,0.5322265625,0.50537109375,0.5322265625,0.5058743634821493,0.50048828125,0.548828125,0.50048828125,0.548828125,1.8982568599164342e-11,0.52783203125,0.54833984375,0.52783203125,0.54833984375,0.5347036331233875,0.4921875,0.62451171875,0.4921875,0.62451171875,S-UNIWARD,0.2528119456491621,0.01813784719786239,0.23104268172020895,0.2593196474658915,0.2386878779668751
WOW__TEST__STEGO__6291.pgm,6291.pgm,WOW,1,${BOSSBASE_ROOT}\stego\WOW\0.4bpp\stego\6291.pgm,0.5106337722929601,0.491455078125,0.51220703125,0.491455078125,0.51220703125,0.4969082272730305,0.50537109375,0.5322265625,0.50537109375,0.5322265625,0.504508849943749,0.50048828125,0.548828125,0.50048828125,0.548828125,0.5079415317979982,0.52783203125,0.54833984375,0.52783203125,0.54833984375,0.49475879793884026,0.4921875,0.62451171875,0.4921875,0.62451171875,S-UNIWARD,0.18712782263775005,0.18410309317697127,0.20266043346686696,0.22752554061878455,0.19858311009962726
WOW__TEST__STEGO__2423.pgm,2423.pgm,WOW,1,${BOSSBASE_ROOT}\stego\WOW\0.4bpp\stego\2423.pgm,0.852690317365545,0.491455078125,0.51220703125,0.491455078125,0.51220703125,0.6591857982931884,0.50537109375,0.5322265625,0.50537109375,0.5322265625,0.2668346285944962,0.50048828125,0.548828125,0.50048828125,0.548828125,0.5797573432664523,0.52783203125,0.54833984375,0.52783203125,0.54833984375,0.09602548878779378,0.4921875,0.62451171875,0.4921875,0.62451171875,WOW,0.03209376871671696,0.11801130809685809,0.027760175505423482,0.3421478429455161,0.47998690473548533
WOW__TEST__STEGO__660.pgm,660.pgm,WOW,1,${BOSSBASE_ROOT}\stego\WOW\0.4bpp\stego\660.pgm,0.8296300758720911,0.491455078125,0.51220703125,0.491455078125,0.51220703125,0.5751108210554504,0.50537109375,0.5322265625,0.50537109375,0.5322265625,0.5439839165314272,0.50048828125,0.548828125,0.50048828125,0.548828125,0.8364209886066573,0.52783203125,0.54833984375,0.52783203125,0.54833984375,0.8445372659349166,0.4921875,0.62451171875,0.4921875,0.62451171875,WOW,0.07442550557429707,0.2491716551242581,0.1997317780108054,0.1284452748314437,0.3482257864591958
WOW__TEST__STEGO__2365.pgm,2365.pgm,WOW,1,${BOSSBASE_ROOT}\stego\WOW\0.4bpp\stego\2365.pgm,0.990216123982345,0.491455078125,0.51220703125,0.491455078125,0.51220703125,0.9907319866190857,0.50537109375,0.5322265625,0.50537109375,0.5322265625,0.9890554225990201,0.50048828125,0.548828125,0.50048828125,0.548828125,0.8933094060543487,0.52783203125,0.54833984375,0.52783203125,0.54833984375,0.9893885786697612,0.4921875,0.62451171875,0.4921875,0.62451171875,WOW,0.11699694871212658,0.10957941845482325,0.1372596722815888,0.21499261546130363,0.42117134509015763
WOW__TEST__STEGO__2504.pgm,2504.pgm,WOW,1,${BOSSBASE_ROOT}\stego\WOW\0.4bpp\stego\2504.pgm,0.9901019362839765,0.491455078125,0.51220703125,0.491455078125,0.51220703125,0.9934357507792255,0.50537109375,0.5322265625,0.50537109375,0.5322265625,0.9399133498259924,0.50048828125,0.548828125,0.50048828125,0.548828125,0.6605009343585092,0.52783203125,0.54833984375,0.52783203125,0.54833984375,0.971725399886542,0.4921875,0.62451171875,0.4921875,0.62451171875,WOW,0.11687366474272518,0.04089655832671506,0.13370134186300023,0.24750308758333373,0.46102534748422586
WOW__TEST__STEGO__5961.pgm,5961.pgm,WOW,1,${BOSSBASE_ROOT}\stego\WOW\0.4bpp\stego\5961.pgm,0.9905509186809447,0.491455078125,0.51220703125,0.491455078125,0.51220703125,0.9951702782541956,0.50537109375,0.5322265625,0.50537109375,0.5322265625,0.9914886969734374,0.50048828125,0.548828125,0.50048828125,0.548828125,0.9905874104123901,0.52783203125,0.54833984375,0.52783203125,0.54833984375,0.9924227587321393,0.4921875,0.62451171875,0.4921875,0.62451171875,WOW,0.10661131942171237,0.16346761023923578,0.13160598584730498,0.2052094864533845,0.3931055980383623
WOW__TEST__STEGO__4172.pgm,4172.pgm,WOW,1,${BOSSBASE_ROOT}\stego\WOW\0.4bpp\stego\4172.pgm,0.5189118720222476,0.491455078125,0.51220703125,0.491455078125,0.51220703125,0.5740963235876503,0.50537109375,0.5322265625,0.50537109375,0.5322265625,0.505328930295275,0.50048828125,0.548828125,0.50048828125,0.548828125,0.42131370858116846,0.52783203125,0.54833984375,0.52783203125,0.54833984375,0.545134373808361,0.4921875,0.62451171875,0.4921875,0.62451171875,S-UNIWARD,0.17801595576773374,0.11920205170395305,0.20852308619703597,0.2932080368913954,0.20105086943988174
WOW__TEST__STEGO__3290.pgm,3290.pgm,WOW,1,${BOSSBASE_ROOT}\stego\WOW\0.4bpp\stego\3290.pgm,0.536980686027944,0.491455078125,0.51220703125,0.491455078125,0.51220703125,0.5122884795019866,0.50537109375,0.5322265625,0.50537109375,0.5322265625,0.5161686769816395,0.50048828125,0.548828125,0.50048828125,0.548828125,0.5086813784405381,0.52783203125,0.54833984375,0.52783203125,0.54833984375,0.5123266033612859,0.4921875,0.62451171875,0.4921875,0.62451171875,S-UNIWARD,0.18347271442250257,0.1706472779135613,0.20105709567172494,0.2296236003002578,0.21519931169195328
WOW__TEST__STEGO__5095.pgm,5095.pgm,WOW,1,${BOSSBASE_ROOT}\stego\WOW\0.4bpp\stego\5095.pgm,0.9917803069380321,0.491455078125,0.51220703125,0.491455078125,0.51220703125,0.9925682266657089,0.50537109375,0.5322265625,0.50537109375,0.5322265625,0.9930693283432538,0.50048828125,0.548828125,0.50048828125,0.548828125,0.9884473296647792,0.52783203125,0.54833984375,0.52783203125,0.54833984375,0.9913558220632764,0.4921875,0.62451171875,0.4921875,0.62451171875,WOW,0.1075524554622823,0.1614564761468803,0.13168839787811548,0.20322621012385494,0.3960764603888669
WOW__TEST__STEGO__6014.pgm,6014.pgm,WOW,1,${BOSSBASE_ROOT}\stego\WOW\0.4bpp\stego\6014.pgm,0.9919691867837398,0.491455078125,0.51220703125,0.491455078125,0.51220703125,0.9960392124697902,0.50537109375,0.5322265625,0.50537109375,0.5322265625,0.9830850867332734,0.50048828125,0.548828125,0.50048828125,0.548828125,0.006930671656746301,0.52783203125,0.54833984375,0.52783203125,0.54833984375,0.9933588873579225,0.4921875,0.62451171875,0.4921875,0.62451171875,WOW,0.16540172957693422,0.0016850251596160334,0.12619395388005938,0.22710979833837006,0.4796094930450204
WOW__TEST__STEGO__723.pgm,723.pgm,WOW,1,${BOSSBASE_ROOT}\stego\WOW\0.4bpp\stego\723.pgm,0.48719304844596045,0.491455078125,0.51220703125,0.491455078125,0.51220703125,0.5160772194438559,0.50537109375,0.5322265625,0.50537109375,0.5322265625,0.49709323343108336,0.50048828125,0.548828125,0.50048828125,0.548828125,0.4782851522491421,0.52783203125,0.54833984375,0.52783203125,0.54833984375,0.5059239476434784,0.4921875,0.62451171875,0.4921875,0.62451171875,S-UNIWARD,0.18764709294873058,0.17002166758018425,0.20989109253154667,0.24987640072464976,0.1825637462148887
WOW__TEST__STEGO__3351.pgm,3351.pgm,WOW,1,${BOSSBASE_ROOT}\stego\WOW\0.4bpp\stego\3351.pgm,0.546193579699547,0.491455078125,0.51220703125,0.491455078125,0.51220703125,0.021781171331499802,0.50537109375,0.5322265625,0.50537109375,0.5322265625,0.9752018398044143,0.50048828125,0.548828125,0.50048828125,0.548828125,0.015130728307193727,0.52783203125,0.54833984375,0.52783203125,0.54833984375,0.9385759599453297,0.4921875,0.62451171875,0.4921875,0.62451171875,HILL,0.5534937164937755,0.0032020703671662245,0.34925734327406227,0.006857138201109089,0.08718973166388688
WOW__TEST__STEGO__1093.pgm,1093.pgm,WOW,1,${BOSSBASE_ROOT}\stego\WOW\0.4bpp\stego\1093.pgm,0.991118324899153,0.491455078125,0.51220703125,0.491455078125,0.51220703125,0.987711402470298,0.50537109375,0.5322265625,0.50537109375,0.5322265625,0.9898695883364156,0.50048828125,0.548828125,0.50048828125,0.548828125,0.009746104052554064,0.52783203125,0.54833984375,0.52783203125,0.54833984375,0.9804313244446876,0.4921875,0.62451171875,0.4921875,0.62451171875,WOW,0.17094428916625398,0.0017097845057339328,0.12422351490966595,0.22071312960018022,0.48240928181816595
WOW__TEST__STEGO__51.pgm,51.pgm,WOW,1,${BOSSBASE_ROOT}\stego\WOW\0.4bpp\stego\51.pgm,0.8010035071781575,0.491455078125,0.51220703125,0.491455078125,0.51220703125,0.03601607075006732,0.50537109375,0.5322265625,0.50537109375,0.5322265625,0.8401278551276037,0.50048828125,0.548828125,0.50048828125,0.548828125,0.4591670685902571,0.52783203125,0.54833984375,0.52783203125,0.54833984375,0.9542227274192233,0.4921875,0.62451171875,0.4921875,0.62451171875,MiPOD,0.30735276781517784,0.024284109364524915,0.37215282530904265,0.009916692208122014,0.28629360530313275
WOW__TEST__STEGO__9688.pgm,9688.pgm,WOW,1,${BOSSBASE_ROOT}\stego\WOW\0.4bpp\stego\9688.pgm,0.9808392914980092,0.491455078125,0.51220703125,0.491455078125,0.51220703125,0.025178841700601855,0.50537109375,0.5322265625,0.50537109375,0.5322265625,0.26568990335810044,0.50048828125,0.548828125,0.50048828125,0.548828125,0.007785654765367813,0.52783203125,0.54833984375,0.52783203125,0.54833984375,0.9558990874315896,0.4921875,0.62451171875,0.4921875,0.62451171875,WOW,0.05757506719471727,0.004010747831832602,0.2751316954813897,0.01945221073318802,0.6438302787588723
WOW__TEST__STEGO__7621.pgm,7621.pgm,WOW,1,${BOSSBASE_ROOT}\stego\WOW\0.4bpp\stego\7621.pgm,0.982889110788156,0.491455078125,0.51220703125,0.491455078125,0.51220703125,0.06153673641195263,0.50537109375,0.5322265625,0.50537109375,0.5322265625,0.8095772542659142,0.50048828125,0.548828125,0.50048828125,0.548828125,0.38116197729937584,0.52783203125,0.54833984375,0.52783203125,0.54833984375,0.27376850760759114,0.4921875,0.62451171875,0.4921875,0.62451171875,WOW,0.22923507699584905,0.014360957798470811,0.058229040415272756,0.013747380564606488,0.684427544225801
WOW__TEST__STEGO__4248.pgm,4248.pgm,WOW,1,${BOSSBASE_ROOT}\stego\WOW\0.4bpp\stego\4248.pgm,0.49589929238541874,0.491455078125,0.51220703125,0.491455078125,0.51220703125,0.5003530978569513,0.50537109375,0.5322265625,0.50537109375,0.5322265625,0.5031528055030925,0.50048828125,0.548828125,0.50048828125,0.548828125,0.49192117434707144,0.52783203125,0.54833984375,0.52783203125,0.54833984375,0.4804939135957177,0.4921875,0.62451171875,0.4921875,0.62451171875,S-UNIWARD,0.1923375105315294,0.17898464428107877,0.2004033125857097,0.2370033790578765,0.19127115354380558
WOW__TEST__STEGO__7184.pgm,7184.pgm,WOW,1,${BOSSBASE_ROOT}\stego\WOW\0.4bpp\stego\7184.pgm,0.9901782070803069,0.491455078125,0.51220703125,0.491455078125,0.51220703125,0.9949592968881543,0.50537109375,0.5322265625,0.50537109375,0.5322265625,0.9932024684496267,0.50048828125,0.548828125,0.50048828125,0.548828125,0.9926256346917622,0.52783203125,0.54833984375,0.52783203125,0.54833984375,0.9939260655591138,0.4921875,0.62451171875,0.4921875,0.62451171875,WOW,0.10703914812734389,0.16463488804165335,0.13211158512069407,0.2043035804243387,0.39191079828597
WOW__TEST__STEGO__9033.pgm,9033.pgm,WOW,1,${BOSSBASE_ROOT}\stego\WOW\0.4bpp\stego\9033.pgm,0.597314306200055,0.491455078125,0.51220703125,0.491455078125,0.51220703125,0.5576345287164085,0.50537109375,0.5322265625,0.50537109375,0.5322265625,0.5147814581780122,0.50048828125,0.548828125,0.50048828125,0.548828125,0.5023898896366275,0.52783203125,0.54833984375,0.52783203125,0.54833984375,0.457439665672124,0.4921875,0.62451171875,0.4921875,0.62451171875,WOW,0.16168902410352937,0.14775803589413422,0.1564972656327017,0.26564850207543317,0.2684071722942015
WOW__TEST__STEGO__393.pgm,393.pgm,WOW,1,${BOSSBASE_ROOT}\stego\WOW\0.4bpp\stego\393.pgm,0.9922444632191525,0.491455078125,0.51220703125,0.491455078125,0.51220703125,0.9951136252099114,0.50537109375,0.5322265625,0.50537109375,0.5322265625,0.9883577758353339,0.50048828125,0.548828125,0.50048828125,0.548828125,0.9903663476405535,0.52783203125,0.54833984375,0.52783203125,0.54833984375,0.9940196700308718,0.4921875,0.62451171875,0.4921875,0.62451171875,WOW,0.10526121982468746,0.1629765027859236,0.13156486191042932,0.20534270807283256,0.3948547074061271
WOW__TEST__STEGO__9274.pgm,9274.pgm,WOW,1,${BOSSBASE_ROOT}\stego\WOW\0.4bpp\stego\9274.pgm,0.9908389730779061,0.491455078125,0.51220703125,0.491455078125,0.51220703125,0.03161876726864548,0.50537109375,0.5322265625,0.50537109375,0.5322265625,0.9906960501316063,0.50048828125,0.548828125,0.50048828125,0.548828125,0.008445626941126032,0.52783203125,0.54833984375,0.52783203125,0.54833984375,0.0322222969660579,0.4921875,0.62451171875,0.4921875,0.62451171875,WOW,0.35933491598164147,0.0016148493116978958,0.02562806825568488,0.008324942409726767,0.605097224041249
WOW__TEST__STEGO__1389.pgm,1389.pgm,WOW,1,${BOSSBASE_ROOT}\stego\WOW\0.4bpp\stego\1389.pgm,0.825026539966124,0.491455078125,0.51220703125,0.491455078125,0.51220703125,0.7048716678307363,0.50537109375,0.5322265625,0.50537109375,0.5322265625,0.7839884653055251,0.50048828125,0.548828125,0.50048828125,0.548828125,0.012479699745327848,0.52783203125,0.54833984375,0.52783203125,0.54833984375,0.8369547432098816,0.4921875,0.62451171875,0.4921875,0.62451171875,WOW,0.21346001568364809,0.0044912036120213425,0.19066563828951644,0.17451560214630557,0.4168675402685086
WOW__TEST__STEGO__9876.pgm,9876.pgm,WOW,1,${BOSSBASE_ROOT}\stego\WOW\0.4bpp\stego\9876.pgm,0.9920927084953715,0.491455078125,0.51220703125,0.491455078125,0.51220703125,0.9937587407701782,0.50537109375,0.5322265625,0.50537109375,0.5322265625,0.9841546388118627,0.50048828125,0.548828125,0.50048828125,0.548828125,0.005426943348925353,0.52783203125,0.54833984375,0.52783203125,0.54833984375,0.9885803853543514,0.4921875,0.62451171875,0.4921875,0.62451171875,WOW,0.16652004402780146,0.001673747564663353,0.125125160341506,0.2255586752915054,0.48112237277452374
WOW__TEST__STEGO__845.pgm,845.pgm,WOW,1,${BOSSBASE_ROOT}\stego\WOW\0.4bpp\stego\845.pgm,0.9906237625491514,0.491455078125,0.51220703125,0.491455078125,0.51220703125,0.0675466911396291,0.50537109375,0.5322265625,0.50537109375,0.5322265625,0.9780097803027992,0.50048828125,0.548828125,0.50048828125,0.548828125,0.012336100420869755,0.52783203125,0.54833984375,0.52783203125,0.54833984375,0.9810219632882344,0.4921875,0.62451171875,0.4921875,0.62451171875,WOW,0.32155177737938395,0.001256234045482831,0.22685354714754108,0.006160240370787633,0.4441782010568045
WOW__TEST__STEGO__4428.pgm,4428.pgm,WOW,1,${BOSSBASE_ROOT}\stego\WOW\0.4bpp\stego\4428.pgm,0.988755439279336,0.491455078125,0.51220703125,0.491455078125,0.51220703125,0.3162636705827612,0.50537109375,0.5322265625,0.50537109375,0.5322265625,0.4816214428962639,0.50048828125,0.548828125,0.50048828125,0.548828125,0.36579644067144707,0.52783203125,0.54833984375,0.52783203125,0.54833984375,0.35220178204788966,0.4921875,0.62451171875,0.4921875,0.62451171875,WOW,0.07804804284240399,0.022439770430301147,0.05999949884433374,0.060140508723647984,0.779372179159313
WOW__TEST__STEGO__4221.pgm,4221.pgm,WOW,1,${BOSSBASE_ROOT}\stego\WOW\0.4bpp\stego\4221.pgm,0.4990043653296231,0.491455078125,0.51220703125,0.491455078125,0.51220703125,0.5045698800692019,0.50537109375,0.5322265625,0.50537109375,0.5322265625,0.4972343726875239,0.50048828125,0.548828125,0.50048828125,0.548828125,0.5027274814908944,0.52783203125,0.54833984375,0.52783203125,0.54833984375,0.5007166857579555,0.4921875,0.62451171875,0.4921875,0.62451171875,S-UNIWARD,0.18395281526048204,0.1847437041194865,0.2056508525268898,0.2364252299501094,0.18922739814303227
WOW__TEST__STEGO__238.pgm,238.pgm,WOW,1,${BOSSBASE_ROOT}\stego\WOW\0.4bpp\stego\238.pgm,0.9916519461902167,0.491455078125,0.51220703125,0.491455078125,0.51220703125,0.9863105223037255,0.50537109375,0.5322265625,0.50537109375,0.5322265625,0.48932047213410884,0.50048828125,0.548828125,0.50048828125,0.548828125,0.2033908961192982,0.52783203125,0.54833984375,0.52783203125,0.54833984375,0.5826691542111402,0.4921875,0.62451171875,0.4921875,0.62451171875,WOW,0.03133078946850462,0.007383129920815679,0.039298152297523606,0.4429293434813559,0.47905858483180025
WOW__TEST__STEGO__1437.pgm,1437.pgm,WOW,1,${BOSSBASE_ROOT}\stego\WOW\0.4bpp\stego\1437.pgm,0.9901782070803069,0.491455078125,0.51220703125,0.491455078125,0.51220703125,0.9743372944539102,0.50537109375,0.5322265625,0.50537109375,0.5322265625,0.9881308789536605,0.50048828125,0.548828125,0.50048828125,0.548828125,0.8353492638301185,0.52783203125,0.54833984375,0.52783203125,0.54833984375,0.990216123982345,0.4921875,0.62451171875,0.4921875,0.62451171875,WOW,0.12494088353524367,0.08568328337365674,0.14274639730122451,0.20885906250784497,0.43777037328203
WOW__TEST__STEGO__1466.pgm,1466.pgm,WOW,1,${BOSSBASE_ROOT}\stego\WOW\0.4bpp\stego\1466.pgm,0.9856076636305632,0.491455078125,0.51220703125,0.491455078125,0.51220703125,0.3158414765980683,0.50537109375,0.5322265625,0.50537109375,0.5322265625,0.7989721787640361,0.50048828125,0.548828125,0.50048828125,0.548828125,0.8741846824498326,0.52783203125,0.54833984375,0.52783203125,0.54833984375,0.9606574967357419,0.4921875,0.62451171875,0.4921875,0.62451171875,WOW,0.13382041236521347,0.12060862302248232,0.23464435979446874,0.024501671837955097,0.48642493297988043
WOW__TEST__STEGO__7219.pgm,7219.pgm,WOW,1,${BOSSBASE_ROOT}\stego\WOW\0.4bpp\stego\7219.pgm,0.9928231180543431,0.491455078125,0.51220703125,0.491455078125,0.51220703125,0.9933588873579225,0.50537109375,0.5322265625,0.50537109375,0.5322265625,0.9874720680072551,0.50048828125,0.548828125,0.50048828125,0.548828125,0.0446808702726502,0.52783203125,0.54833984375,0.52783203125,0.54833984375,0.9914556693065582,0.4921875,0.62451171875,0.4921875,0.62451171875,WOW,0.16590144916199542,0.002008240801455862,0.12690381933043482,0.22430619511628797,0.4808802955898259
WOW__TEST__STEGO__9705.pgm,9705.pgm,WOW,1,${BOSSBASE_ROOT}\stego\WOW\0.4bpp\stego\9705.pgm,0.9902538959474461,0.491455078125,0.51220703125,0.491455078125,0.51220703125,0.9904406006529085,0.50537109375,0.5322265625,0.50537109375,0.5322265625,0.9904406006529085,0.50048828125,0.548828125,0.50048828125,0.548828125,0.01159736182363297,0.52783203125,0.54833984375,0.52783203125,0.54833984375,0.9920002454916221,0.4921875,0.62451171875,0.4921875,0.62451171875,WOW,0.17068738760595956,0.0017206552093300684,0.12742980287185446,0.22156871254888752,0.47859344176396845
WOW__TEST__STEGO__228.pgm,228.pgm,WOW,1,${BOSSBASE_ROOT}\stego\WOW\0.4bpp\stego\228.pgm,0.9919067101026269,0.491455078125,0.51220703125,0.491455078125,0.51220703125,0.9950177302695786,0.50537109375,0.5322265625,0.50537109375,0.5322265625,0.9892232739499199,0.50048828125,0.548828125,0.50048828125,0.548828125,0.9891815513471369,0.52783203125,0.54833984375,0.52783203125,0.54833984375,0.9881308789536605,0.4921875,0.62451171875,0.4921875,0.62451171875,WOW,0.10580664843091546,0.16253496949306684,0.13001600932314986,0.20594162498293198,0.3957007477699358
WOW__TEST__STEGO__904.pgm,904.pgm,WOW,1,${BOSSBASE_ROOT}\stego\WOW\0.4bpp\stego\904.pgm,0.48025014920327014,0.491455078125,0.51220703125,0.491455078125,0.51220703125,0.5004491804821899,0.50537109375,0.5322265625,0.50537109375,0.5322265625,0.49411419400879036,0.50048828125,0.548828125,0.50048828125,0.548828125,0.500059574842171,0.52783203125,0.54833984375,0.52783203125,0.54833984375,0.48841302456782393,0.4921875,0.62451171875,0.4921875,0.62451171875,S-UNIWARD,0.18763513896772746,0.19129734518341915,0.20501560290856927,0.2382496467342156,0.17780226620606845
WOW__TEST__STEGO__2509.pgm,2509.pgm,WOW,1,${BOSSBASE_ROOT}\stego\WOW\0.4bpp\stego\2509.pgm,0.9927391335017144,0.491455078125,0.51220703125,0.491455078125,0.51220703125,0.9916519461902167,0.50537109375,0.5322265625,0.50537109375,0.5322265625,0.9934102283369194,0.50048828125,0.548828125,0.50048828125,0.548828125,0.9917803069380321,0.52783203125,0.54833984375,0.52783203125,0.54833984375,0.9889705299774982,0.4921875,0.62451171875,0.4921875,0.62451171875,WOW,0.10724145561408917,0.1633344128204622,0.1306632341071821,0.20206393716496707,0.3966969602932994
WOW__TEST__STEGO__3055.pgm,3055.pgm,WOW,1,${BOSSBASE_ROOT}\stego\WOW\0.4bpp\stego\3055.pgm,0.168719941496583,0.491455078125,0.51220703125,0.491455078125,0.51220703125,0.502742739823362,0.50537109375,0.5322265625,0.50537109375,0.5322265625,0.525384041739693,0.50048828125,0.548828125,0.50048828125,0.548828125,0.5533242725235922,0.52783203125,0.54833984375,0.52783203125,0.54833984375,0.5238314163614622,0.4921875,0.62451171875,0.4921875,0.62451171875,HUGO,0.20853177157960645,0.3241255159775796,0.23083463490315592,0.1965784543533658,0.039929623186292215
WOW__TEST__STEGO__429.pgm,429.pgm,WOW,1,${BOSSBASE_ROOT}\stego\WOW\0.4bpp\stego\429.pgm,0.9815244057904553,0.491455078125,0.51220703125,0.491455078125,0.51220703125,0.30715015650707383,0.50537109375,0.5322265625,0.50537109375,0.5322265625,0.9531007418201309,0.50048828125,0.548828125,0.50048828125,0.548828125,0.02153287714620796,0.52783203125,0.54833984375,0.52783203125,0.54833984375,0.9155072460249908,0.4921875,0.62451171875,0.4921875,0.62451171875,WOW,0.2854743869088474,0.0017257417920001521,0.18873979965972681,0.01896850159816823,0.5050915700412574
WOW__TEST__STEGO__4609.pgm,4609.pgm,WOW,1,${BOSSBASE_ROOT}\stego\WOW\0.4bpp\stego\4609.pgm,0.9922444632191525,0.491455078125,0.51220703125,0.491455078125,0.51220703125,0.9822877012965885,0.50537109375,0.5322265625,0.50537109375,0.5322265625,0.9666001780666844,0.50048828125,0.548828125,0.50048828125,0.548828125,0.007815888789288626,0.52783203125,0.54833984375,0.52783203125,0.54833984375,0.9773707999669629,0.4921875,0.62451171875,0.4921875,0.62451171875,WOW,0.1611357579021276,0.0017456375315053002,0.12384350726409553,0.22451300331626642,0.488762093986005
WOW__TEST__STEGO__5053.pgm,5053.pgm,WOW,1,${BOSSBASE_ROOT}\stego\WOW\0.4bpp\stego\5053.pgm,0.5717068231633328,0.491455078125,0.51220703125,0.491455078125,0.51220703125,0.99999885452212,0.50537109375,0.5322265625,0.50537109375,0.5322265625,0.6969905400906166,0.50048828125,0.548828125,0.50048828125,0.548828125,0.531178974579392,0.52783203125,0.54833984375,0.52783203125,0.54833984375,0.7110297695673703,0.4921875,0.62451171875,0.4921875,0.62451171875,S-UNIWARD,0.1084589977130981,0.08404492732903122,0.12087991326312224,0.5637100523481001,0.1229061093466483
WOW__TEST__STEGO__1366.pgm,1366.pgm,WOW,1,${BOSSBASE_ROOT}\stego\WOW\0.4bpp\stego\1366.pgm,0.9892232739499199,0.491455078125,0.51220703125,0.491455078125,0.51220703125,0.9702399060540357,0.50537109375,0.5322265625,0.50537109375,0.5322265625,0.9031234594061358,0.50048828125,0.548828125,0.50048828125,0.548828125,0.00593406683938367,0.52783203125,0.54833984375,0.52783203125,0.54833984375,0.8548846370796298,0.4921875,0.62451171875,0.4921875,0.62451171875,WOW,0.13823973219166275,0.0019696328324361246,0.09457602273680445,0.25178229117381085,0.5134323210652858
WOW__TEST__STEGO__264.pgm,264.pgm,WOW,1,${BOSSBASE_ROOT}\stego\WOW\0.4bpp\stego\264.pgm,0.9804687614573545,0.491455078125,0.51220703125,0.491455078125,0.51220703125,0.673728566457886,0.50537109375,0.5322265625,0.50537109375,0.5322265625,0.9441768588653856,0.50048828125,0.548828125,0.50048828125,0.548828125,0.30084827334252245,0.52783203125,0.54833984375,0.52783203125,0.54833984375,0.7713271657644393,0.4921875,0.62451171875,0.4921875,0.62451171875,WOW,0.2083121010557746,0.008493646997944493,0.11883262175195526,0.09307833605485825,0.5712832941394673
S-UNIWARD__TEST__STEGO__52.pgm,52.pgm,S-UNIWARD,1,${BOSSBASE_ROOT}\stego\S-UNIWARD\0.4bpp\stego\52.pgm,0.9895916858989275,0.491455078125,0.51220703125,0.491455078125,0.51220703125,0.9830850867332734,0.50537109375,0.5322265625,0.50537109375,0.5322265625,0.7885831787993471,0.50048828125,0.548828125,0.50048828125,0.548828125,0.009090383313658499,0.52783203125,0.54833984375,0.52783203125,0.54833984375,0.9729338243348664,0.4921875,0.62451171875,0.4921875,0.62451171875,WOW,0.09580148096448604,0.002184988048387981,0.11952757833421518,0.2882802321098909,0.49420572054301987
S-UNIWARD__TEST__STEGO__7548.pgm,7548.pgm,S-UNIWARD,1,${BOSSBASE_ROOT}\stego\S-UNIWARD\0.4bpp\stego\7548.pgm,0.6933691518027039,0.491455078125,0.51220703125,0.491455078125,0.51220703125,0.9936116790902788,0.50537109375,0.5322265625,0.50537109375,0.5322265625,0.9925103751011916,0.50048828125,0.548828125,0.50048828125,0.548828125,0.014281933925111153,0.52783203125,0.54833984375,0.52783203125,0.54833984375,0.011642224164666006,0.4921875,0.62451171875,0.4921875,0.62451171875,S-UNIWARD,0.2740944202071157,0.004738647529147018,0.01966775646220951,0.4624690063683341,0.23903016943319377
S-UNIWARD__TEST__STEGO__450.pgm,450.pgm,S-UNIWARD,1,${BOSSBASE_ROOT}\stego\S-UNIWARD\0.4bpp\stego\450.pgm,0.5150025143460756,0.491455078125,0.51220703125,0.491455078125,0.51220703125,0.5083839187153636,0.50537109375,0.5322265625,0.50537109375,0.5322265625,0.5054319151944832,0.50048828125,0.548828125,0.50048828125,0.548828125,0.5225219808206124,0.52783203125,0.54833984375,0.52783203125,0.54833984375,0.5148271944142943,0.4921875,0.62451171875,0.4921875,0.62451171875,S-UNIWARD,0.17959903510069541,0.1903092687925494,0.20520855142794928,0.22924231086417435,0.19564083381463163
S-UNIWARD__TEST__STEGO__637.pgm,637.pgm,S-UNIWARD,1,${BOSSBASE_ROO