sample_id,image_name,true_algo,is_stego,path,p_WOW,tau_WOW,tau_fpr10_WOW,range_low_WOW,range_high_WOW,margin_WOW,inside_range_WOW,p_S-UNIWARD,tau_S-UNIWARD,tau_fpr10_S-UNIWARD,range_low_S-UNIWARD,range_high_S-UNIWARD,margin_S-UNIWARD,inside_range_S-UNIWARD,p_HILL,tau_HILL,tau_fpr10_HILL,range_low_HILL,range_high_HILL,margin_HILL,inside_range_HILL,p_HUGO,tau_HUGO,tau_fpr10_HUGO,range_low_HUGO,range_high_HUGO,margin_HUGO,inside_range_HUGO,p_MiPOD,tau_MiPOD,tau_fpr10_MiPOD,range_low_MiPOD,range_high_MiPOD,margin_MiPOD,inside_range_MiPOD,pred_algo,decision,top1_algo,top2_algo,top1_score,top2_score,top1_top2_margin,num_activated_templates,activated_templates
COVER__52.pgm,52.pgm,COVER,0,${BOSSBASE_ROOT}\cover\52.pgm,0.009268013380914325,0.491455078125,0.51220703125,0.491455078125,0.51220703125,-0.4821870647440857,0,0.013584392513059033,0.50537109375,0.5322265625,0.50537109375,0.5322265625,-0.49178670123694096,0,0.010013570623173138,0.50048828125,0.548828125,0.50048828125,0.548828125,-0.49047471062682685,0,0.011419614645648401,0.52783203125,0.54833984375,0.52783203125,0.54833984375,-0.5164124166043516,0,0.009376237450848677,0.4921875,0.62451171875,0.4921875,0.62451171875,-0.4828112625491513,0,UNKNOWN,UNKNOWN_OR_COVER,WOW,MiPOD,-0.45131548717978986,-0.4519589489429244,0.0006434617631345119,0,
COVER__7548.pgm,7548.pgm,COVER,0,${BOSSBASE_ROOT}\cover\7548.pgm,0.01128807389923099,0.491455078125,0.51220703125,0.491455078125,0.51220703125,-0.480167004225769,0,0.010408314101072437,0.50537109375,0.5322265625,0.50537109375,0.5322265625,-0.49496277964892754,0,0.010368156650788152,0.50048828125,0.548828125,0.50048828125,0.548828125,-0.49012012459921184,0,0.009090383313658499,0.52783203125,0.54833984375,0.52783203125,0.54833984375,-0.5187416479363415,0,0.008711384457705508,0.4921875,0.62451171875,0.4921875,0.62451171875,-0.48347611554229447,0,UNKNOWN,UNKNOWN_OR_COVER,WOW,MiPOD,-0.44923300117609627,-0.45264430737180855,0.0034113061957122826,0,
COVER__450.pgm,450.pgm,COVER,0,${BOSSBASE_ROOT}\cover\450.pgm,0.5159857608291253,0.491455078125,0.51220703125,0.491455078125,0.51220703125,0.024530682704125284,0,0.5091313698625539,0.50537109375,0.5322265625,0.50537109375,0.5322265625,0.0037602761125539175,1,0.5065570886611804,0.50048828125,0.548828125,0.50048828125,0.548828125,0.006068807411180432,1,0.5232224162319983,0.52783203125,0.54833984375,0.52783203125,0.54833984375,-0.004609615018001723,0,0.5140572686144013,0.4921875,0.62451171875,0.4921875,0.62451171875,0.021869768614401264,1,WOW|MiPOD,AMBIGUOUS,WOW,MiPOD,0.07434210274589331,0.07186976861440127,0.002472334131492046,4,"WOW,S-UNIWARD,HILL,MiPOD"
COVER__637.pgm,637.pgm,COVER,0,${BOSSBASE_ROOT}\cover\637.pgm,0.35644665867004166,0.491455078125,0.51220703125,0.491455078125,0.51220703125,-0.13500841945495834,0,0.23144047331530365,0.50537109375,0.5322265625,0.50537109375,0.5322265625,-0.27393062043469635,0,0.5974904630158353,0.50048828125,0.548828125,0.50048828125,0.548828125,0.0970021817658353,0,0.10521053670308635,0.52783203125,0.54833984375,0.52783203125,0.54833984375,-0.42262149454691367,0,0.5866412601032307,0.4921875,0.62451171875,0.4921875,0.62451171875,0.0944537601032307,1,HILL|MiPOD,AMBIGUOUS,HILL,MiPOD,0.1446273167336309,0.1444537601032307,0.0001735566304002234,2,"HILL,MiPOD"
COVER__7056.pgm,7056.pgm,COVER,0,${BOSSBASE_ROOT}\cover\7056.pgm,0.010091315485195006,0.491455078125,0.51220703125,0.491455078125,0.51220703125,-0.481363762639805,0,0.08882029240011771,0.50537109375,0.5322265625,0.50537109375,0.5322265625,-0.4165508013498823,0,0.007260866498285615,0.50048828125,0.548828125,0.50048828125,0.548828125,-0.4932274147517144,0,0.008985428752560176,0.52783203125,0.54833984375,0.52783203125,0.54833984375,-0.5188466024974399,0,0.010489091259938018,0.4921875,0.62451171875,0.4921875,0.62451171875,-0.481698408740062,0,UNKNOWN,UNKNOWN_OR_COVER,S-UNIWARD,WOW,-0.38358495046237495,-0.4504667579750817,0.06688180751270673,0,
COVER__9661.pgm,9661.pgm,COVER,0,${BOSSBASE_ROOT}\cover\9661.pgm,0.01028830113371619,0.491455078125,0.51220703125,0.491455078125,0.51220703125,-0.4811667769912838,0,0.014227046103179024,0.50537109375,0.5322265625,0.50537109375,0.5322265625,-0.49114404764682096,0,0.007176881945656949,0.50048828125,0.548828125,0.50048828125,0.548828125,-0.49331139930434303,0,0.008219693061967886,0.52783203125,0.54833984375,0.52783203125,0.54833984375,-0.5196123381880321,0,0.008093289897373068,0.4921875,0.62451171875,0.4921875,0.62451171875,-0.48409421010262693,0,UNKNOWN,UNKNOWN_OR_COVER,WOW,MiPOD,-0.4502636854605663,-0.453281453016764,0.0030177675561977035,0,
COVER__7451.pgm,7451.pgm,COVER,0,${BOSSBASE_ROOT}\cover\7451.pgm,0.00912563738918052,0.491455078125,0.51220703125,0.491455078125,0.51220703125,-0.48232944073581946,0,0.009303949868393646,0.50537109375,0.5322265625,0.50537109375,0.5322265625,-0.49606714388160633,0,0.007204769088868756,0.50048828125,0.548828125,0.50048828125,0.548828125,-0.49328351216113125,0,0.008677716704989246,0.52783203125,0.54833984375,0.52783203125,0.54833984375,-0.5191543145450107,0,0.004645557549716042,0.4921875,0.62451171875,0.4921875,0.62451171875,-0.487541942450284,0,UNKNOWN,UNKNOWN_OR_COVER,WOW,MiPOD,-0.45146225823011293,-0.45683523658059094,0.005372978350478008,0,
COVER__3439.pgm,3439.pgm,COVER,0,${BOSSBASE_ROOT}\cover\3439.pgm,0.5062862898382244,0.491455078125,0.51220703125,0.491455078125,0.51220703125,0.014831211713224435,1,0.5039443151507156,0.50537109375,0.5322265625,0.50537109375,0.5322265625,-0.0014267785992844173,0,0.49808693865660975,0.50048828125,0.548828125,0.50048828125,0.548828125,-0.0024013425933902544,0,0.5030593490270622,0.52783203125,0.54833984375,0.52783203125,0.54833984375,-0.024772682222937825,0,0.5112514571810676,0.4921875,0.62451171875,0.4921875,0.62451171875,0.01906395718106757,1,MiPOD|WOW,AMBIGUOUS,MiPOD,WOW,0.06906395718106757,0.06483121171322444,0.004232745467843135,2,"WOW,MiPOD"
COVER__3664.pgm,3664.pgm,COVER,0,${BOSSBASE_ROOT}\cover\3664.pgm,0.014785407692390527,0.491455078125,0.51220703125,0.491455078125,0.51220703125,-0.4766696704326095,0,0.12442563335989186,0.50537109375,0.5322265625,0.50537109375,0.5322265625,-0.3809454603901081,0,0.12896329929010264,0.50048828125,0.548828125,0.50048828125,0.548828125,-0.37152498195989736,0,0.5198260252465047,0.52783203125,0.54833984375,0.52783203125,0.54833984375,-0.008006006003495325,0,0.42841274065511853,0.4921875,0.62451171875,0.4921875,0.62451171875,-0.06377475934488147,0,HUGO,ATTRIBUTED,HUGO,MiPOD,0.04159529183189492,-0.01686394433552227,0.05845923616741719,0,
COVER__3390.pgm,3390.pgm,COVER,0,${BOSSBASE_ROOT}\cover\3390.pgm,0.5336708866897778,0.491455078125,0.51220703125,0.491455078125,0.51220703125,0.0422158085647778,0,0.40874869317441304,0.50537109375,0.5322265625,0.50537109375,0.5322265625,-0.09662240057558696,0,0.5581463728858037,0.50048828125,0.548828125,0.50048828125,0.548828125,0.05765809163580371,0,0.6520198770383038,0.52783203125,0.54833984375,0.52783203125,0.54833984375,0.12418784578830377,0,0.6160122621434994,0.4921875,0.62451171875,0.4921875,0.62451171875,0.12382476214349936,1,MiPOD|HUGO,AMBIGUOUS,MiPOD,HUGO,0.17382476214349935,0.1692635310710125,0.004561231072486849,4,"WOW,HILL,HUGO,MiPOD"
COVER__3272.pgm,3272.pgm,COVER,0,${BOSSBASE_ROOT}\cover\3272.pgm,0.44969470251980614,0.491455078125,0.51220703125,0.491455078125,0.51220703125,-0.041760375605193856,0,0.52264380211542,0.50537109375,0.5322265625,0.50537109375,0.5322265625,0.017272708365420053,1,0.5151244738626289,0.50048828125,0.548828125,0.50048828125,0.548828125,0.01463619261262894,1,0.48899256247755524,0.52783203125,0.54833984375,0.52783203125,0.54833984375,-0.03883946877244476,0,0.5087500221272317,0.4921875,0.62451171875,0.4921875,0.62451171875,0.01656252212723175,1,S-UNIWARD|MiPOD,AMBIGUOUS,S-UNIWARD,MiPOD,0.06727270836542006,0.06656252212723175,0.000710186238188304,3,"S-UNIWARD,HILL,MiPOD"
COVER__6553.pgm,6553.pgm,COVER,0,${BOSSBASE_ROOT}\cover\6553.pgm,0.012722708199923246,0.491455078125,0.51220703125,0.491455078125,0.51220703125,-0.47873236992507673,0,0.2964505348882407,0.50537109375,0.5322265625,0.50537109375,0.5322265625,-0.2089205588617593,0,0.10447732313023693,0.50048828125,0.548828125,0.50048828125,0.548828125,-0.39601095811976306,0,0.30352531987446146,0.52783203125,0.54833984375,0.52783203125,0.54833984375,-0.22430671137553854,0,0.3405948414092276,0.4921875,0.62451171875,0.4921875,0.62451171875,-0.15159265859077242,0,UNKNOWN,UNKNOWN_OR_COVER,MiPOD,S-UNIWARD,-0.1086257459151588,-0.16834757404351547,0.05972182812835666,0,
COVER__2930.pgm,2930.pgm,COVER,0,${BOSSBASE_ROOT}\cover\2930.pgm,0.2641684869137796,0.491455078125,0.51220703125,0.491455078125,0.51220703125,-0.2272865912112204,0,0.21816924312317362,0.50537109375,0.5322265625,0.50537109375,0.5322265625,-0.28720185062682635,0,0.4581668709177294,0.50048828125,0.548828125,0.50048828125,0.548828125,-0.042321410332270604,0,0.49813557535268166,0.52783203125,0.54833984375,0.52783203125,0.54833984375,-0.02969645589731834,0,0.3170032391635806,0.4921875,0.62451171875,0.4921875,0.62451171875,-0.17518426083641941,0,HUGO|HILL,AMBIGUOUS,HUGO,HILL,0.018840551666664956,0.005606671639740955,0.013233880026924001,0,
COVER__5964.pgm,5964.pgm,COVER,0,${BOSSBASE_ROOT}\cover\5964.pgm,0.010652510839726164,0.491455078125,0.51220703125,0.491455078125,0.51220703125,-0.4808025672852738,0,0.01159736182363297,0.50537109375,0.5322265625,0.50537109375,0.5322265625,-0.49377373192636703,0,0.019493871727031764,0.50048828125,0.548828125,0.50048828125,0.548828125,-0.48099440952296824,0,0.007785654765367813,0.52783203125,0.54833984375,0.52783203125,0.54833984375,-0.5200463764846321,0,0.009746104052554064,0.4921875,0.62451171875,0.4921875,0.62451171875,-0.48244139594744595,0,UNKNOWN,UNKNOWN_OR_COVER,WOW,HILL,-0.4498882184987986,-0.4500859908455002,0.00019777234670159682,0,
COVER__1554.pgm,1554.pgm,COVER,0,${BOSSBASE_ROOT}\cover\1554.pgm,0.00959645473238191,0.491455078125,0.51220703125,0.491455078125,0.51220703125,-0.4818586233926181,0,0.013273887454385737,0.50537109375,0.5322265625,0.50537109375,0.5322265625,-0.49209720629561426,0,0.009746104052554064,0.50048828125,0.548828125,0.50048828125,0.548828125,-0.49074217719744595,0,0.016277460912713496,0.52783203125,0.54833984375,0.52783203125,0.54833984375,-0.5115545703372865,0,0.06008665017400762,0.4921875,0.62451171875,0.4921875,0.62451171875,-0.4321008498259924,0,UNKNOWN,UNKNOWN_OR_COVER,MiPOD,WOW,-0.3996436544593015,-0.45097690466036683,0.05133325020106533,0,
COVER__987.pgm,987.pgm,COVER,0,${BOSSBASE_ROOT}\cover\987.pgm,0.010448625445116808,0.491455078125,0.51220703125,0.491455078125,0.51220703125,-0.4810064526798832,0,0.009412589587609823,0.50537109375,0.5322265625,0.50537109375,0.5322265625,-0.4959585041623902,0,0.008916127052872005,0.50048828125,0.548828125,0.50048828125,0.548828125,-0.491572154197128,0,0.006692850924284856,0.52783203125,0.54833984375,0.52783203125,0.54833984375,-0.5211391803257152,0,0.008187909901696235,0.4921875,0.62451171875,0.4921875,0.62451171875,-0.4839995900983038,0,UNKNOWN,UNKNOWN_OR_COVER,WOW,MiPOD,-0.4500984062351099,-0.4531839173712954,0.0030855111361854926,0,
COVER__249.pgm,249.pgm,COVER,0,${BOSSBASE_ROOT}\cover\249.pgm,0.9108630617274585,0.491455078125,0.51220703125,0.491455078125,0.51220703125,0.41940798360245846,0,0.25590111940251914,0.50537109375,0.5322265625,0.50537109375,0.5322265625,-0.24946997434748086,0,0.03656250415974464,0.50048828125,0.548828125,0.50048828125,0.548828125,-0.46392577709025534,0,0.9639839292499327,0.52783203125,0.54833984375,0.52783203125,0.54833984375,0.4361518979999327,0,0.13998317845438807,0.4921875,0.62451171875,0.4921875,0.62451171875,-0.35220432154561193,0,HUGO|WOW,AMBIGUOUS,HUGO,WOW,0.46914765310221085,0.4529690606726242,0.016178592429586636,2,"WOW,HUGO"
COVER__536.pgm,536.pgm,COVER,0,${BOSSBASE_ROOT}\cover\536.pgm,0.1288536400418638,0.491455078125,0.51220703125,0.491455078125,0.51220703125,-0.36260143808313616,0,0.382487365836115,0.50537109375,0.5322265625,0.50537109375,0.5322265625,-0.12288372791388502,0,0.48514993756064506,0.50048828125,0.548828125,0.50048828125,0.548828125,-0.015338343689354939,0,0.22815650216092537,0.52783203125,0.54833984375,0.52783203125,0.54833984375,-0.29967552908907463,0,0.4159067400117612,0.4921875,0.62451171875,0.4921875,0.62451171875,-0.0762807599882388,0,HILL,ATTRIBUTED,HILL,MiPOD,0.03390059078937961,-0.029952958479368935,0.06385354926874855,0,
COVER__2135.pgm,2135.pgm,COVER,0,${BOSSBASE_ROOT}\cover\2135.pgm,0.03978780836936238,0.491455078125,0.51220703125,0.491455078125,0.51220703125,-0.45166726975563765,0,0.6074885403658274,0.50537109375,0.5322265625,0.50537109375,0.5322265625,0.10211744661582745,0,0.028925717867727442,0.50048828125,0.548828125,0.50048828125,0.548828125,-0.47156256338227254,0,0.039195133203298156,0.52783203125,0.54833984375,0.52783203125,0.54833984375,-0.48863689804670185,0,0.4650837792477026,0.4921875,0.62451171875,0.4921875,0.62451171875,-0.02710372075229739,0,S-UNIWARD,ATTRIBUTED,S-UNIWARD,MiPOD,0.14849247011101852,0.02155929369768437,0.12693317641333415,1,S-UNIWARD
COVER__3282.pgm,3282.pgm,COVER,0,${BOSSBASE_ROOT}\cover\3282.pgm,0.012100385813544712,0.491455078125,0.51220703125,0.491455078125,0.51220703125,-0.4793546923114553,0,0.024469669638716426,0.50537109375,0.5322265625,0.50537109375,0.5322265625,-0.48090142411128356,0,0.01028830113371619,0.50048828125,0.548828125,0.50048828125,0.548828125,-0.4901999801162838,0,0.019832710804008783,0.52783203125,0.54833984375,0.52783203125,0.54833984375,-0.5079993204459912,0,0.012970386437368456,0.4921875,0.62451171875,0.4921875,0.62451171875,-0.4792171135626315,0,UNKNOWN,UNKNOWN_OR_COVER,MiPOD,WOW,-0.4482537126321126,-0.4483955509938729,0.00014183836176029363,0,
COVER__3025.pgm,3025.pgm,COVER,0,${BOSSBASE_ROOT}\cover\3025.pgm,0.5073122532856656,0.491455078125,0.51220703125,0.491455078125,0.51220703125,0.01585717516066565,1,0.5031966727530013,0.50537109375,0.5322265625,0.50537109375,0.5322265625,-0.002174420996998716,0,0.5001007914529499,0.50048828125,0.548828125,0.50048828125,0.548828125,-0.0003874897970500557,0,0.5338531572877162,0.52783203125,0.54833984375,0.52783203125,0.54833984375,0.006021126037716207,1,0.5058247792052629,0.4921875,0.62451171875,0.4921875,0.62451171875,0.01363727920526292,1,WOW|MiPOD,AMBIGUOUS,WOW,MiPOD,0.06585717516066565,0.06363727920526292,0.0022198959554027287,3,"WOW,HUGO,MiPOD"
COVER__4338.pgm,4338.pgm,COVER,0,${BOSSBASE_ROOT}\cover\4338.pgm,0.010408314101072437,0.491455078125,0.51220703125,0.491455078125,0.51220703125,-0.48104676402392754,0,0.2598256379609837,0.50537109375,0.5322265625,0.50537109375,0.5322265625,-0.24554545578901632,0,0.48757427527681674,0.50048828125,0.548828125,0.50048828125,0.548828125,-0.012914005973183262,0,0.006823954786776902,0.52783203125,0.54833984375,0.52783203125,0.54833984375,-0.5210080764632231,0,0.6982265789711667,0.4921875,0.62451171875,0.4921875,0.62451171875,0.2060390789711667,0,MiPOD,ATTRIBUTED,MiPOD,HILL,0.2524859056131142,0.03644444512730172,0.21604146048581246,1,MiPOD
COVER__3829.pgm,3829.pgm,COVER,0,${BOSSBASE_ROOT}\cover\3829.pgm,0.4264410165154511,0.491455078125,0.51220703125,0.491455078125,0.51220703125,-0.06501406160954892,0,0.5158485709011283,0.50537109375,0.5322265625,0.50537109375,0.5322265625,0.010477477151128345,1,0.6125994089985654,0.50048828125,0.548828125,0.50048828125,0.548828125,0.11211112774856535,0,0.0015669887925500437,0.52783203125,0.54833984375,0.52783203125,0.54833984375,-0.52626504245745,0,0.6864751506634867,0.4921875,0.62451171875,0.4921875,0.62451171875,0.19428765066348674,0,MiPOD,ATTRIBUTED,MiPOD,HILL,0.24128351352039829,0.159022105789536,0.0822614077308623,3,"S-UNIWARD,HILL,MiPOD"
COVER__8169.pgm,8169.pgm,COVER,0,${BOSSBASE_ROOT}\cover\8169.pgm,0.013795364421185227,0.491455078125,0.51220703125,0.491455078125,0.51220703125,-0.47765971370381477,0,0.5295371019325037,0.50537109375,0.5322265625,0.50537109375,0.5322265625,0.024166008182503695,1,0.3451052709578724,0.50048828125,0.548828125,0.50048828125,0.548828125,-0.1553830102921276,0,0.007606672164523265,0.52783203125,0.54833984375,0.52783203125,0.54833984375,-0.5202253590854767,0,0.23952718675313153,0.4921875,0.62451171875,0.4921875,0.62451171875,-0.25266031324686844,0,S-UNIWARD,ATTRIBUTED,S-UNIWARD,HILL,0.0741660081825037,-0.11257864906887743,0.18674465725138112,1,S-UNIWARD
COVER__6036.pgm,6036.pgm,COVER,0,${BOSSBASE_ROOT}\cover\6036.pgm,0.01020905431880827,0.491455078125,0.51220703125,0.491455078125,0.51220703125,-0.48124602380619175,0,0.008511303026562552,0.50537109375,0.5322265625,0.50537109375,0.5322265625,-0.49685979072343744,0,0.010570488620307572,0.50048828125,0.548828125,0.50048828125,0.548828125,-0.48991779262969243,0,0.021781171331499802,0.52783203125,0.54833984375,0.52783203125,0.54833984375,-0.5060508599185002,0,0.026708464501444845,0.4921875,0.62451171875,0.4921875,0.62451171875,-0.4654790354985552,0,UNKNOWN,UNKNOWN_OR_COVER,MiPOD,WOW,-0.4340873215867795,-0.4503453811500148,0.01625805956323534,0,
COVER__4156.pgm,4156.pgm,COVER,0,${BOSSBASE_ROOT}\cover\4156.pgm,0.026305280534419988,0.491455078125,0.51220703125,0.491455078125,0.51220703125,-0.46514979759058,0,0.010328152519305191,0.50537109375,0.5322265625,0.50537109375,0.5322265625,-0.4950429412306948,0,0.14817041344298693,0.50048828125,0.548828125,0.50048828125,0.548828125,-0.3523178678070131,0,0.01744248473620534,0.52783203125,0.54833984375,0.52783203125,0.54833984375,-0.5103895465137946,0,0.2004011490688267,0.4921875,0.62451171875,0.4921875,0.62451171875,-0.29178635093117333,0,UNKNOWN,UNKNOWN_OR_COVER,MiPOD,HILL,-0.2544399459601543,-0.3171650374374041,0.0627250914772498,0,
COVER__3656.pgm,3656.pgm,COVER,0,${BOSSBASE_ROOT}\cover\3656.pgm,0.032899041347964945,0.491455078125,0.51220703125,0.491455078125,0.51220703125,-0.45855603677703505,0,0.3370944124849272,0.50537109375,0.5322265625,0.50537109375,0.5322265625,-0.16827668126507278,0,0.22558717324082886,0.50048828125,0.548828125,0.50048828125,0.548828125,-0.2749011080091711,0,0.5652387483911795,0.52783203125,0.54833984375,0.52783203125,0.54833984375,0.03740671714117949,0,0.22067816087759426,0.4921875,0.62451171875,0.4921875,0.62451171875,-0.2715093391224057,0,HUGO,ATTRIBUTED,HUGO,S-UNIWARD,0.08656887118731184,-0.12602068259156057,0.2125895537788724,1,HUGO
COVER__5552.pgm,5552.pgm,COVER,0,${BOSSBASE_ROOT}\cover\5552.pgm,0.017509557349574698,0.491455078125,0.51220703125,0.491455078125,0.51220703125,-0.4739455207754253,0,0.05232762684639323,0.50537109375,0.5322265625,0.50537109375,0.5322265625,-0.45304346690360675,0,0.06075190308755833,0.50048828125,0.548828125,0.50048828125,0.548828125,-0.43973637816244165,0,0.3855481567508043,0.52783203125,0.54833984375,0.52783203125,0.54833984375,-0.14228387449919572,0,7.254361823018916e-05,0.4921875,0.62451171875,0.4921875,0.62451171875,-0.49211495638176983,0,UNKNOWN,UNKNOWN_OR_COVER,HUGO,HILL,-0.09891512470462357,-0.40752606688599075,0.3086109421813672,0,
COVER__6344.pgm,6344.pgm,COVER,0,${BOSSBASE_ROOT}\cover\6344.pgm,0.06681232582952595,0.491455078125,0.51220703125,0.491455078125,0.51220703125,-0.42464275229547405,0,0.22303841721688147,0.50537109375,0.5322265625,0.50537109375,0.5322265625,-0.28233267653311855,0,0.4185186559591877,0.50048828125,0.548828125,0.50048828125,0.548828125,-0.08196962529081231,0,0.4260827704021734,0.52783203125,0.54833984375,0.52783203125,0.54833984375,-0.1017492608478266,0,0.44074004170384334,0.4921875,0.62451171875,0.4921875,0.62451171875,-0.051447458296156656,0,UNKNOWN,UNKNOWN_OR_COVER,MiPOD,HILL,-0.0039547805173898165,-0.035904628166353585,0.03194984764896377,0,
COVER__1266.pgm,1266.pgm,COVER,0,${BOSSBASE_ROOT}\cover\1266.pgm,0.009303949868393646,0.491455078125,0.51220703125,0.491455078125,0.51220703125,-0.48215112825660633,0,0.008030813216260063,0.50537109375,0.5322265625,0.50537109375,0.5322265625,-0.4973402805337399,0,0.009412589587609823,0.50048828125,0.548828125,0.50048828125,0.548828125,-0.4910756916623902,0,0.008124708778180903,0.52783203125,0.54833984375,0.52783203125,0.54833984375,-0.519707322471819,0,0.008544330693441928,0.4921875,0.62451171875,0.4921875,0.62451171875,-0.4836431693065581,0,UNKNOWN,UNKNOWN_OR_COVER,WOW,MiPOD,-0.45127844125631544,-0.45281651127549905,0.0015380700191836016,0,
COVER__8774.pgm,8774.pgm,COVER,0,${BOSSBASE_ROOT}\cover\8774.pgm,0.00428125454070172,0.491455078125,0.51220703125,0.491455078125,0.51220703125,-0.4871738235842983,0,0.025468082986367557,0.50537109375,0.5322265625,0.50537109375,0.5322265625,-0.47990301076363245,0,0.0003125878098696676,0.50048828125,0.548828125,0.50048828125,0.548828125,-0.5001756934401304,0,0.9898303422461273,0.52783203125,0.54833984375,0.52783203125,0.54833984375,0.4619983109961273,0,7.996727146499369e-07,0.4921875,0.62451171875,0.4921875,0.62451171875,-0.49218670032728534,0,HUGO,ATTRIBUTED,HUGO,S-UNIWARD,0.4941521710362194,-0.4489608402613673,0.9431130112975867,1,HUGO
COVER__8497.pgm,8497.pgm,COVER,0,${BOSSBASE_ROOT}\cover\8497.pgm,0.008544330693441928,0.491455078125,0.51220703125,0.491455078125,0.51220703125,-0.4829107474315581,0,0.006121281290728532,0.50537109375,0.5322265625,0.50537109375,0.5322265625,-0.49924981245927147,0,0.008061991528271641,0.50048828125,0.548828125,0.50048828125,0.548828125,-0.49242628972172836,0,0.006771209930611185,0.52783203125,0.54833984375,0.52783203125,0.54833984375,-0.5210608213193888,0,0.00714910196654636,0.4921875,0.62451171875,0.4921875,0.62451171875,-0.48503839803345367,0,UNKNOWN,UNKNOWN_OR_COVER,WOW,MiPOD,-0.4520615030114509,-0.4542547202506229,0.002193217239171985,0,
COVER__7241.pgm,7241.pgm,COVER,0,${BOSSBASE_ROOT}\cover\7241.pgm,0.00881316650304586,0.491455078125,0.51220703125,0.491455078125,0.51220703125,-0.48264191162195413,0,0.010091315485195006,0.50537109375,0.5322265625,0.50537109375,0.5322265625,-0.495279778264805,0,0.00881316650304586,0.50048828125,0.548828125,0.50048828125,0.548828125,-0.49167511474695413,0,0.019382191201735868,0.52783203125,0.54833984375,0.52783203125,0.54833984375,-0.5084498400482641,0,0.006877107658230662,0.4921875,0.62451171875,0.4921875,0.62451171875,-0.4853103923417693,0,UNKNOWN,UNKNOWN_OR_COVER,WOW,MiPOD,-0.45178437270536875,-0.45453508640548557,0.0027507137001168136,0,
COVER__2376.pgm,2376.pgm,COVER,0,${BOSSBASE_ROOT}\cover\2376.pgm,0.008412977570977689,0.491455078125,0.51220703125,0.491455078125,0.51220703125,-0.4830421005540223,0,0.012576348276879083,0.50537109375,0.5322265625,0.50537109375,0.5322265625,-0.4927947454731209,0,0.01020905431880827,0.50048828125,0.548828125,0.50048828125,0.548828125,-0.49027922693119175,0,0.009936418705946226,0.52783203125,0.54833984375,0.52783203125,0.54833984375,-0.5178956125440538,0,0.014227046103179024,0.4921875,0.62451171875,0.4921875,0.62451171875,-0.47796045389682096,0,UNKNOWN,UNKNOWN_OR_COVER,MiPOD,WOW,-0.446958118050391,-0.4521969080123761,0.005238789961985124,0,
COVER__2882.pgm,2882.pgm,COVER,0,${BOSSBASE_ROOT}\cover\2882.pgm,0.4443236424993339,0.491455078125,0.51220703125,0.491455078125,0.51220703125,-0.047131435625666074,0,0.49792481660301113,0.50537109375,0.5322265625,0.50537109375,0.5322265625,-0.007446277146988867,0,0.45317109680658396,0.50048828125,0.548828125,0.50048828125,0.548828125,-0.04731718444341604,0,0.5105575126091602,0.52783203125,0.54833984375,0.52783203125,0.54833984375,-0.017274518640839842,0,0.47330726198430895,0.4921875,0.62451171875,0.4921875,0.62451171875,-0.018880238015691053,0,S-UNIWARD|HUGO,AMBIGUOUS,S-UNIWARD,HUGO,0.04218279173752376,0.03186917287958795,0.01031361885793581,0,
COVER__5841.pgm,5841.pgm,COVER,0,${BOSSBASE_ROOT}\cover\5841.pgm,0.5604030201799536,0.491455078125,0.51220703125,0.491455078125,0.51220703125,0.06894794205495358,0,0.5240749966728956,0.50537109375,0.5322265625,0.50537109375,0.5322265625,0.018703902922895588,1,0.5357664436534293,0.50048828125,0.548828125,0.50048828125,0.548828125,0.03527816240342929,1,0.5274078019359705,0.52783203125,0.54833984375,0.52783203125,0.54833984375,-0.0004242293140295228,0,0.5676969614924072,0.4921875,0.62451171875,0.4921875,0.62451171875,0.07550946149240723,1,MiPOD|WOW,AMBIGUOUS,MiPOD,WOW,0.12550946149240721,0.11659529214050372,0.008914169351903492,4,"WOW,S-UNIWARD,HILL,MiPOD"
COVER__6552.pgm,6552.pgm,COVER,0,${BOSSBASE_ROOT}\cover\6552.pgm,0.6371436885657369,0.491455078125,0.51220703125,0.491455078125,0.51220703125,0.1456886104407369,0,0.6158389995128496,0.50537109375,0.5322265625,0.50537109375,0.5322265625,0.1104679057628496,0,0.5013418165419662,0.50048828125,0.548828125,0.50048828125,0.548828125,0.0008535352919661898,1,0.09089675430664505,0.52783203125,0.54833984375,0.52783203125,0.54833984375,-0.43693527694335493,0,0.7429815685336945,0.4921875,0.62451171875,0.4921875,0.62451171875,0.25079406853369446,0,MiPOD,ATTRIBUTED,MiPOD,WOW,0.29520799838594,0.18981625064462268,0.1053917477413173,4,"WOW,S-UNIWARD,HILL,MiPOD"
COVER__5563.pgm,5563.pgm,COVER,0,${BOSSBASE_ROOT}\cover\5563.pgm,0.00881316650304586,0.491455078125,0.51220703125,0.491455078125,0.51220703125,-0.48264191162195413,0,0.008677716704989246,0.50537109375,0.5322265625,0.50537109375,0.5322265625,-0.49669337704501076,0,0.01128807389923099,0.50048828125,0.548828125,0.50048828125,0.548828125,-0.489200207350769,0,0.01020905431880827,0.52783203125,0.54833984375,0.52783203125,0.54833984375,-0.5176229769311917,0,0.01098694263059318,0.4921875,0.62451171875,0.4921875,0.62451171875,-0.4812005573694068,0,UNKNOWN,UNKNOWN_OR_COVER,MiPOD,WOW,-0.4502985097391746,-0.45178437270536875,0.0014858629661941292,0,
COVER__2247.pgm,2247.pgm,COVER,0,${BOSSBASE_ROOT}\cover\2247.pgm,0.011115013721477563,0.491455078125,0.51220703125,0.491455078125,0.51220703125,-0.48034006440352245,0,0.006957608807376377,0.50537109375,0.5322265625,0.50537109375,0.5322265625,-0.4984134849426236,0,0.00959645473238191,0.50048828125,0.548828125,0.50048828125,0.548828125,-0.4908918265176181,0,0.010818448652863185,0.52783203125,0.54833984375,0.52783203125,0.54833984375,-0.5170135825971368,0,0.012821214266594244,0.4921875,0.62451171875,0.4921875,0.62451171875,-0.4793662857334058,0,UNKNOWN,UNKNOWN_OR_COVER,MiPOD,WOW,-0.44840750333613133,-0.4494114143347088,0.0010039109985774952,0,
COVER__29.pgm,29.pgm,COVER,0,${BOSSBASE_ROOT}\cover\29.pgm,0.9315870896477918,0.491455078125,0.51220703125,0.491455078125,0.51220703125,0.4401320115227918,0,0.6036398067543635,0.50537109375,0.5322265625,0.50537109375,0.5322265625,0.09826871300436346,0,0.43116498842456286,0.50048828125,0.548828125,0.50048828125,0.548828125,-0.06932329282543714,0,0.18432662376865414,0.52783203125,0.54833984375,0.52783203125,0.54833984375,-0.34350540748134584,0,0.4798845202809394,0.4921875,0.62451171875,0.4921875,0.62451171875,-0.01230297971906058,0,WOW,ATTRIBUTED,WOW,S-UNIWARD,0.47300472536079,0.14482256552310396,0.32818215983768606,2,"WOW,S-UNIWARD"
COVER__6778.pgm,6778.pgm,COVER,0,${BOSSBASE_ROOT}\cover\6778.pgm,0.012970386437368456,0.491455078125,0.51220703125,0.491455078125,0.51220703125,-0.4784846916876315,0,0.03601607075006732,0.50537109375,0.5322265625,0.50537109375,0.5322265625,-0.4693550229999327,0,0.3340461078463715,0.50048828125,0.548828125,0.50048828125,0.548828125,-0.1664421734036285,0,0.12940273159163906,0.52783203125,0.54833984375,0.52783203125,0.54833984375,-0.39842929965836094,0,0.47295732322286754,0.4921875,0.62451171875,0.4921875,0.62451171875,-0.019230176777132457,0,MiPOD,ATTRIBUTED,MiPOD,HILL,0.02981750039934379,-0.12410858462028357,0.15392608501962735,0,
COVER__5572.pgm,5572.pgm,COVER,0,${BOSSBASE_ROOT}\cover\5572.pgm,0.01024860192315863,0.491455078125,0.51220703125,0.491455078125,0.51220703125,-0.48120647620184137,0,0.015130728307193727,0.50537109375,0.5322265625,0.50537109375,0.5322265625,-0.49024036544280625,0,0.05194156150122616,0.50048828125,0.548828125,0.50048828125,0.548828125,-0.44854671974877386,0,0.01028830113371619,0.52783203125,0.54833984375,0.52783203125,0.54833984375,-0.5175437301162839,0,0.07696083569602613,0.4921875,0.62451171875,0.4921875,0.62451171875,-0.41522666430397387,0,UNKNOWN,UNKNOWN_OR_COVER,MiPOD,HILL,-0.3822171331991417,-0.4166189458642103,0.03440181266506859,0,
COVER__6156.pgm,6156.pgm,COVER,0,${BOSSBASE_ROOT}\cover\6156.pgm,0.022032264112695956,0.491455078125,0.51220703125,0.491455078125,0.51220703125,-0.46942281401230407,0,0.39187128633084994,0.50537109375,0.5322265625,0.50537109375,0.5322265625,-0.11349980741915006,0,0.4019225295072036,0.50048828125,0.548828125,0.50048828125,0.548828125,-0.09856575174279641,0,0.8364209886066573,0.52783203125,0.54833984375,0.52783203125,0.54833984375,0.30858895735665726,0,0.5009121884716127,0.4921875,0.62451171875,0.4921875,0.62451171875,0.008724688471612674,1,HUGO,ATTRIBUTED,HUGO,MiPOD,0.3460739951271794,0.05872468847161268,0.28734930665556674,2,"HUGO,MiPOD"
COVER__3083.pgm,3083.pgm,COVER,0,${BOSSBASE_ROOT}\cover\3083.pgm,0.01905089958582299,0.491455078125,0.51220703125,0.491455078125,0.51220703125,-0.472404178539177,0,0.009708476481474066,0.50537109375,0.5322265625,0.50537109375,0.5322265625,-0.49566261726852595,0,0.9449947117065459,0.50048828125,0.548828125,0.50048828125,0.548828125,0.4445064304565459,0,0.23475733573117155,0.52783203125,0.54833984375,0.52783203125,0.54833984375,-0.2930746955188285,0,0.8473372037135224,0.4921875,0.62451171875,0.4921875,0.62451171875,0.3551497037135224,0,HILL,ATTRIBUTED,HILL,MiPOD,0.47815116002185876,0.3951624283910885,0.08298873163077025,2,"HILL,MiPOD"
COVER__22.pgm,22.pgm,COVER,0,${BOSSBASE_ROOT}\cover\22.pgm,0.011823394836370594,0.491455078125,0.51220703125,0.491455078125,0.51220703125,-0.47963168328862943,0,0.0189054471413467,0.50537109375,0.5322265625,0.50537109375,0.5322265625,-0.4864656466086533,0,0.011732463956348185,0.50048828125,0.548828125,0.50048828125,0.548828125,-0.4887558172936518,0,0.008847355082930386,0.52783203125,0.54833984375,0.52783203125,0.54833984375,-0.5189846761670696,0,0.03073393075130763,0.4921875,0.62451171875,0.4921875,0.62451171875,-0.46145356924869235,0,UNKNOWN,UNKNOWN_OR_COVER,MiPOD,WOW,-0.4299352343688071,-0.4486811161863081,0.01874588181750103,0,
COVER__5913.pgm,5913.pgm,COVER,0,${BOSSBASE_ROOT}\cover\5913.pgm,0.01024860192315863,0.491455078125,0.51220703125,0.491455078125,0.51220703125,-0.48120647620184137,0,0.017309095753668163,0.50537109375,0.5322265625,0.50537109375,0.5322265625,-0.4880619979963318,0,0.6659538921536285,0.50048828125,0.548828125,0.50048828125,0.548828125,0.16546561090362855,0,0.022286185539225494,0.52783203125,0.54833984375,0.52783203125,0.54833984375,-0.5055458457107745,0,0.5944335537030546,0.4921875,0.62451171875,0.4921875,0.62451171875,0.10224605370305462,1,HILL,ATTRIBUTED,HILL,MiPOD,0.20993927688367425,0.1522460537030546,0.057693223180619646,2,"HILL,MiPOD"
COVER__3214.pgm,3214.pgm,COVER,0,${BOSSBASE_ROOT}\cover\3214.pgm,0.013795364421185227,0.491455078125,0.51220703125,0.491455078125,0.51220703125,-0.47765971370381477,0,0.0594282210736403,0.50537109375,0.5322265625,0.50537109375,0.5322265625,-0.4459428726763597,0,0.6049241701081643,0.50048828125,0.548828125,0.50048828125,0.548828125,0.10443588885816435,0,0.15726623746787763,0.52783203125,0.54833984375,0.52783203125,0.54833984375,-0.3705657937821224,0,0.5527811405749522,0.4921875,0.62451171875,0.4921875,0.62451171875,0.0605936405749522,1,HILL,ATTRIBUTED,HILL,MiPOD,0.15170830515030517,0.1105936405749522,0.04111466457535297,2,"HILL,MiPOD"
COVER__4713.pgm,4713.pgm,COVER,0,${BOSSBASE_ROOT}\cover\4713.pgm,0.43452128263332823,0.491455078125,0.51220703125,0.491455078125,0.51220703125,-0.05693379549167177,0,0.17624585594154044,0.50537109375,0.5322265625,0.50537109375,0.5322265625,-0.3291252378084596,0,0.2481695898684911,0.50048828125,0.548828125,0.50048828125,0.548828125,-0.25231869138150886,0,0.11777491957086147,0.52783203125,0.54833984375,0.52783203125,0.54833984375,-0.4100571116791385,0,0.5352198953414917,0.4921875,0.62451171875,0.4921875,0.62451171875,0.043032395341491725,1,MiPOD,ATTRIBUTED,MiPOD,WOW,0.09303239534149173,-0.009700965100541942,0.10273336044203367,1,MiPOD
COVER__5188.pgm,5188.pgm,COVER,0,${BOSSBASE_ROOT}\cover\5188.pgm,0.01005236865796813,0.491455078125,0.51220703125,0.491455078125,0.51220703125,-0.4814027094670319,0,0.01124456072066409,0.50537109375,0.5322265625,0.50537109375,0.5322265625,-0.4941265330293359,0,0.012920473039078976,0.50048828125,0.548828125,0.50048828125,0.548828125,-0.48756780821092105,0,0.01077672605008006,0.52783203125,0.54833984375,0.52783203125,0.54833984375,-0.5170553051999199,0,0.009898063716023652,0.4921875,0.62451171875,0.4921875,0.62451171875,-0.48228943628397636,0,UNKNOWN,UNKNOWN_OR_COVER,WOW,MiPOD,-0.4505069081191782,-0.45142101892885417,0.0009141108096759609,0,
COVER__6699.pgm,6699.pgm,COVER,0,${BOSSBASE_ROOT}\cover\6699.pgm,0.01159736182363297,0.491455078125,0.51220703125,0.491455078125,0.51220703125,-0.47985771630136703,0,0.014842417234248268,0.50537109375,0.5322265625,0.50537109375,0.5322265625,-0.4905286765157517,0,0.017780390073110934,0.50048828125,0.548828125,0.50048828125,0.548828125,-0.48270789117688906,0,0.015483987303625265,0.52783203125,0.54833984375,0.52783203125,0.54833984375,-0.5123480439463748,0,0.05802474899879611,0.4921875,0.62451171875,0.4921875,0.62451171875,-0.4341627510012039,0,UNKNOWN,UNKNOWN_OR_COVER,MiPOD,WOW,-0.4017724102163276,-0.4489141442583868,0.047141734042059236,0,
COVER__2391.pgm,2391.pgm,COVER,0,${BOSSBASE_ROOT}\cover\2391.pgm,0.010328152519305191,0.491455078125,0.51220703125,0.491455078125,0.51220703125,-0.4811269256056948,0,0.021004365732508596,0.50537109375,0.5322265625,0.50537109375,0.5322265625,-0.4843667280174914,0,0.4094569089509176,0.50048828125,0.548828125,0.50048828125,0.548828125,-0.09103137229908242,0,0.012527931992744795,0.52783203125,0.54833984375,0.52783203125,0.54833984375,-0.5153040992572552,0,0.027324530864967823,0.4921875,0.62451171875,0.4921875,0.62451171875,-0.46486296913503217,0,UNKNOWN,UNKNOWN_OR_COVER,HILL,MiPOD,-0.045381918904888775,-0.4334519098858281,0.3880699909809393,0,
COVER__586.pgm,586.pgm,COVER,0,${BOSSBASE_ROOT}\cover\586.pgm,0.014899643269019094,0.491455078125,0.51220703125,0.491455078125,0.51220703125,-0.4765554348559809,0,0.05749327880038583,0.50537109375,0.5322265625,0.50537109375,0.5322265625,-0.44787781494961415,0,0.026105915341323935,0.50048828125,0.548828125,0.50048828125,0.548828125,-0.47438236590867605,0,0.12984343802049797,0.52783203125,0.54833984375,0.52783203125,0.54833984375,-0.39798859322950203,0,0.33895182075521824,0.4921875,0.62451171875,0.4921875,0.62451171875,-0.15323567924478176,0,UNKNOWN,UNKNOWN_OR_COVER,MiPOD,HUGO,-0.11033930413092966,-0.3644051087694866,0.254065804638557,0,
COVER__197.pgm,197.pgm,COVER,0,${BOSSBASE_ROOT}\cover\197.pgm,0.008445626941126032,0.491455078125,0.51220703125,0.491455078125,0.51220703125,-0.48300945118387395,0,0.009020279501402172,0.50537109375,0.5322265625,0.50537109375,0.5322265625,-0.49635081424859784,0,0.008156248626973424,0.50048828125,0.548828125,0.50048828125,0.548828125,-0.49233203262302655,0,0.007999754508377905,0.52783203125,0.54833984375,0.52783203125,0.54833984375,-0.5198322767416221,0,0.008779108866911802,0.4921875,0.62451171875,0.4921875,0.62451171875,-0.4834083911330882,0,UNKNOWN,UNKNOWN_OR_COVER,WOW,MiPOD,-0.4521632515496788,-0.45257449482590106,0.00041124327622227286,0,
COVER__5932.pgm,5932.pgm,COVER,0,${BOSSBASE_ROOT}\cover\5932.pgm,0.008711384457705508,0.491455078125,0.51220703125,0.491455078125,0.51220703125,-0.48274369366729447,0,0.008061991528271641,0.50537109375,0.5322265625,0.50537109375,0.5322265625,-0.49730910222172836,0,0.007999754508377905,0.50048828125,0.548828125,0.50048828125,0.548828125,-0.4924885267416221,0,0.007489624898808396,0.52783203125,0.54833984375,0.52783203125,0.54833984375,-0.5203424063511916,0,0.008916127052872005,0.4921875,0.62451171875,0.4921875,0.62451171875,-0.483271372947128,0,UNKNOWN,UNKNOWN_OR_COVER,WOW,MiPOD,-0.45188929533430394,-0.45243325154595204,0.0005439562116481,0,
COVER__177.pgm,177.pgm,COVER,0,${BOSSBASE_ROOT}\cover\177.pgm,0.5731409321234857,0.491455078125,0.51220703125,0.491455078125,0.51220703125,0.08168585399848571,0,0.5253079438453564,0.50537109375,0.5322265625,0.50537109375,0.5322265625,0.019936850095356395,1,0.5212579294447451,0.50048828125,0.548828125,0.50048828125,0.548828125,0.02076964819474514,1,0.5467684027330242,0.52783203125,0.54833984375,0.52783203125,0.54833984375,0.018936371483024184,1,0.519277548849628,0.4921875,0.62451171875,0.4921875,0.62451171875,0.027090048849627957,1,WOW,ATTRIBUTED,WOW,MiPOD,0.12873012546976978,0.07709004884962796,0.05164007662014182,5,"WOW,S-UNIWARD,HILL,HUGO,MiPOD"
COVER__5988.pgm,5988.pgm,COVER,0,${BOSSBASE_ROOT}\cover\5988.pgm,0.007093861878911533,0.491455078125,0.51220703125,0.491455078125,0.51220703125,-0.48436121624608847,0,0.007317397471212289,0.50537109375,0.5322265625,0.50537109375,0.5322265625,-0.4980536962787877,0,0.008644177936723585,0.50048828125,0.548828125,0.50048828125,0.548828125,-0.49184410331327644,0,0.01028830113371619,0.52783203125,0.54833984375,0.52783203125,0.54833984375,-0.5175437301162839,0,0.007606672164523265,0.4921875,0.62451171875,0.4921875,0.62451171875,-0.48458082783547674,0,UNKNOWN,UNKNOWN_OR_COVER,WOW,MiPOD,-0.45355668525740633,-0.45378306113602007,0.0002263758786137382,0,
COVER__7025.pgm,7025.pgm,COVER,0,${BOSSBASE_ROOT}\cover\7025.pgm,0.011823394836370594,0.491455078125,0.51220703125,0.491455078125,0.51220703125,-0.47963168328862943,0,0.010013570623173138,0.50537109375,0.5322265625,0.50537109375,0.5322265625,-0.49535752312682685,0,0.01005236865796813,0.50048828125,0.548828125,0.50048828125,0.548828125,-0.4904359125920319,0,0.009090383313658499,0.52783203125,0.54833984375,0.52783203125,0.54833984375,-0.5187416479363415,0,0.010693757736175492,0.4921875,0.62451171875,0.4921875,0.62451171875,-0.4814937422638245,0,UNKNOWN,UNKNOWN_OR_COVER,WOW,MiPOD,-0.4486811161863081,-0.45060075331916427,0.0019196371328561446,0,
COVER__6710.pgm,6710.pgm,COVER,0,${BOSSBASE_ROOT}\cover\6710.pgm,0.008950711436881996,0.491455078125,0.51220703125,0.491455078125,0.51220703125,-0.482504366688118,0,0.020527788240143965,0.50537109375,0.5322265625,0.50537109375,0.5322265625,-0.48484330550985605,0,0.009020279501402172,0.50048828125,0.548828125,0.50048828125,0.548828125,-0.49146800174859784,0,0.008412977570977689,0.52783203125,0.54833984375,0.52783203125,0.54833984375,-0.5194190536790223,0,0.009055264186722086,0.4921875,0.62451171875,0.4921875,0.62451171875,-0.4831322358132779,0,UNKNOWN,UNKNOWN_OR_COVER,WOW,MiPOD,-0.45164258318147976,-0.45228982338576323,0.0006472402042834724,0,
COVER__9153.pgm,9153.pgm,COVER,0,${BOSSBASE_ROOT}\cover\9153.pgm,0.009196552423046733,0.491455078125,0.51220703125,0.491455078125,0.51220703125,-0.48225852570195327,0,0.010860331013277531,0.50537109375,0.5322265625,0.50537109375,0.5322265625,-0.49451076273672245,0,0.009633652359446519,0.50048828125,0.548828125,0.50048828125,0.548828125,-0.4908546288905535,0,0.006903838071221877,0.52783203125,0.54833984375,0.52783203125,0.54833984375,-0.5209281931787781,0,0.009633652359446519,0.4921875,0.62451171875,0.4921875,0.62451171875,-0.4825538476405535,0,UNKNOWN,UNKNOWN_OR_COVER,WOW,MiPOD,-0.4513891541713375,-0.45169359116657715,0.00030443699523963197,0,
COVER__6496.pgm,6496.pgm,COVER,0,${BOSSBASE_ROOT}\cover\6496.pgm,0.010368156650788152,0.491455078125,0.51220703125,0.491455078125,0.51220703125,-0.48108692147421184,0,0.009898063716023652,0.50537109375,0.5322265625,0.50537109375,0.5322265625,-0.49547303003397636,0,0.013222821752305148,0.50048828125,0.548828125,0.50048828125,0.548828125,-0.48726545949769484,0,0.009055264186722086,0.52783203125,0.54833984375,0.52783203125,0.54833984375,-0.5187767670632779,0,0.013325147705881429,0.4921875,0.62451171875,0.4921875,0.62451171875,-0.47886235229411855,0,UNKNOWN,UNKNOWN_OR_COVER,MiPOD,WOW,-0.4478879647995196,-0.4501813620626054,0.0022933972630858057,0,
COVER__6364.pgm,6364.pgm,COVER,0,${BOSSBASE_ROOT}\cover\6364.pgm,0.008445626941126032,0.491455078125,0.51220703125,0.491455078125,0.51220703125,-0.48300945118387395,0,0.011158031248084033,0.50537109375,0.5322265625,0.50537109375,0.5322265625,-0.494213062501916,0,0.0077555367808475675,0.50048828125,0.548828125,0.50048828125,0.548828125,-0.49273274446915244,0,0.01124456072066409,0.52783203125,0.54833984375,0.52783203125,0.54833984375,-0.516587470529336,0,0.008779108866911802,0.4921875,0.62451171875,0.4921875,0.62451171875,-0.4834083911330882,0,UNKNOWN,UNKNOWN_OR_COVER,WOW,MiPOD,-0.4521632515496788,-0.45257449482590106,0.00041124327622227286,0,
COVER__3338.pgm,3338.pgm,COVER,0,${BOSSBASE_ROOT}\cover\3338.pgm,0.11124120650754304,0.491455078125,0.51220703125,0.491455078125,0.51220703125,-0.38021387161745696,0,0.42131370858116846,0.50537109375,0.5322265625,0.50537109375,0.5322265625,-0.08405738516883154,0,0.5155436958722949,0.50048828125,0.548828125,0.50048828125,0.548828125,0.015055414622294871,1,0.5028114022558373,0.52783203125,0.54833984375,0.52783203125,0.54833984375,-0.025020628994162686,0,0.4776302995640863,0.4921875,0.62451171875,0.4921875,0.62451171875,-0.014557200435913686,0,HILL,ATTRIBUTED,HILL,MiPOD,0.06505541462229487,0.03472021173063214,0.030335202891662735,1,HILL
COVER__7478.pgm,7478.pgm,COVER,0,${BOSSBASE_ROOT}\cover\7478.pgm,0.4941180081777926,0.491455078125,0.51220703125,0.491455078125,0.51220703125,0.0026629300527926114,1,0.5069880703381897,0.50537109375,0.5322265625,0.50537109375,0.5322265625,0.0016169765881897114,1,0.5024947913080223,0.50048828125,0.548828125,0.50048828125,0.548828125,0.002006510058022326,1,0.4922072045626244,0.52783203125,0.54833984375,0.52783203125,0.54833984375,-0.0356248266873756,0,0.5049093576059778,0.4921875,0.62451171875,0.4921875,0.62451171875,0.012721857605977771,1,MiPOD|WOW,AMBIGUOUS,MiPOD,WOW,0.06272185760597777,0.052662930052792614,0.01005892755318516,4,"WOW,S-UNIWARD,HILL,MiPOD"
COVER__9241.pgm,9241.pgm,COVER,0,${BOSSBASE_ROOT}\cover\9241.pgm,0.384103243008037,0.491455078125,0.51220703125,0.491455078125,0.51220703125,-0.107351835116963,0,0.456046365053861,0.50537109375,0.5322265625,0.50537109375,0.5322265625,-0.04932472869613902,0,0.48253579380221395,0.50048828125,0.548828125,0.50048828125,0.548828125,-0.017952487447786047,0,0.6081287136691501,0.52783203125,0.54833984375,0.52783203125,0.54833984375,0.08029668241915011,0,0.5328201724741167,0.4921875,0.62451171875,0.4921875,0.62451171875,0.04063267247411673,1,HUGO,ATTRIBUTED,HUGO,MiPOD,0.12739485188904257,0.09063267247411673,0.036762179414925836,2,"HUGO,MiPOD"
COVER__4651.pgm,4651.pgm,COVER,0,${BOSSBASE_ROOT}\cover\4651.pgm,0.030271869424597638,0.491455078125,0.51220703125,0.491455078125,0.51220703125,-0.46118320870040236,0,0.01646617504750254,0.50537109375,0.5322265625,0.50537109375,0.5322265625,-0.48890491870249747,0,0.008610767667510729,0.50048828125,0.548828125,0.50048828125,0.548828125,-0.49187751358248927,0,0.012288597529701977,0.52783203125,0.54833984375,0.52783203125,0.54833984375,-0.515543433720298,0,0.1965176254279632,0.4921875,0.62451171875,0.4921875,0.62451171875,-0.2956698745720368,0,UNKNOWN,UNKNOWN_OR_COVER,MiPOD,WOW,-0.25846822398715447,-0.4296563513542004,0.17118812736704592,0,
COVER__1575.pgm,1575.pgm,COVER,0,${BOSSBASE_ROOT}\cover\1575.pgm,0.009746104052554064,0.491455078125,0.51220703125,0.491455078125,0.51220703125,-0.48170897407244595,0,0.007289077583591924,0.50537109375,0.5322265625,0.50537109375,0.5322265625,-0.49808201616640807,0,0.007577241267860811,0.50048828125,0.548828125,0.50048828125,0.548828125,-0.4929110399821392,0,0.009485713170795206,0.52783203125,0.54833984375,0.52783203125,0.54833984375,-0.5183463180792048,0,0.010169657753872614,0.4921875,0.62451171875,0.4921875,0.62451171875,-0.48201784224612737,0,UNKNOWN,UNKNOWN_OR_COVER,WOW,MiPOD,-0.45082263356616664,-0.4511410400743121,0.00031840650814546345,0,
COVER__3542.pgm,3542.pgm,COVER,0,${BOSSBASE_ROOT}\cover\3542.pgm,0.06572466729648958,0.491455078125,0.51220703125,0.491455078125,0.51220703125,-0.42573041082851043,0,0.7035494651117593,0.50537109375,0.5322265625,0.50537109375,0.5322265625,0.1981783713617593,0,0.6475753775184635,0.50048828125,0.548828125,0.50048828125,0.548828125,0.1470870962684635,0,0.23057307839092478,0.52783203125,0.54833984375,0.52783203125,0.54833984375,-0.2972589528590752,0,0.7867866921370192,0.4921875,0.62451171875,0.4921875,0.62451171875,0.29459919213701924,0,MiPOD,ATTRIBUTED,MiPOD,S-UNIWARD,0.3371095615365141,0.2403058447676807,0.09680371676883343,3,"S-UNIWARD,HILL,MiPOD"
COVER__8438.pgm,8438.pgm,COVER,0,${BOSSBASE_ROOT}\cover\8438.pgm,0.6656279448517037,0.491455078125,0.51220703125,0.491455078125,0.51220703125,0.17417286672670373,0,0.4969425582502069,0.50537109375,0.5322265625,0.50537109375,0.5322265625,-0.00842853549979311,0,0.2583259885691872,0.50048828125,0.548828125,0.50048828125,0.548828125,-0.2421622926808128,0,2.396012075245172e-08,0.52783203125,0.54833984375,0.52783203125,0.54833984375,-0.5278320072898792,0,0.3660230225018303,0.4921875,0.62451171875,0.4921875,0.62451171875,-0.12616447749816972,0,WOW,ATTRIBUTED,WOW,S-UNIWARD,0.2170612966939771,0.04115180875127249,0.1759094879427046,1,WOW
COVER__2240.pgm,2240.pgm,COVER,0,${BOSSBASE_ROOT}\cover\2240.pgm,0.02310927773615126,0.491455078125,0.51220703125,0.491455078125,0.51220703125,-0.46834580038884877,0,0.4480337931889191,0.50537109375,0.5322265625,0.50537109375,0.5322265625,-0.057337300561080884,0,0.00912563738918052,0.50048828125,0.548828125,0.50048828125,0.548828125,-0.49136264386081946,0,0.008061991528271641,0.52783203125,0.54833984375,0.52783203125,0.54833984375,-0.5197700397217283,0,0.5001617670002761,0.4921875,0.62451171875,0.4921875,0.62451171875,0.007974267000276147,1,MiPOD,ATTRIBUTED,MiPOD,S-UNIWARD,0.05797426700027615,-0.010123525011835229,0.06809779201211139,1,MiPOD
COVER__6061.pgm,6061.pgm,COVER,0,${BOSSBASE_ROOT}\cover\6061.pgm,0.00959645473238191,0.491455078125,0.51220703125,0.491455078125,0.51220703125,-0.4818586233926181,0,0.009232214404536282,0.50537109375,0.5322265625,0.50537109375,0.5322265625,-0.49613887934546375,0,0.008847355082930386,0.50048828125,0.548828125,0.50048828125,0.548828125,-0.4916409261670696,0,0.008187909901696235,0.52783203125,0.54833984375,0.52783203125,0.54833984375,-0.5196441213483037,0,0.006564249220774553,0.4921875,0.62451171875,0.4921875,0.62451171875,-0.48562325077922547,0,UNKNOWN,UNKNOWN_OR_COVER,WOW,MiPOD,-0.45097690466036683,-0.4548575716510766,0.003880666990709769,0,
COVER__2523.pgm,2523.pgm,COVER,0,${BOSSBASE_ROOT}\cover\2523.pgm,0.01013041166358438,0.491455078125,0.51220703125,0.491455078125,0.51220703125,-0.48132466646141564,0,0.008156248626973424,0.50537109375,0.5322265625,0.50537109375,0.5322265625,-0.49721484512302655,0,0.010735162609090678,0.50048828125,0.548828125,0.50048828125,0.548828125,-0.4897531186409093,0,0.00834805380978326,0.52783203125,0.54833984375,0.52783203125,0.54833984375,-0.5194839774402168,0,0.012100385813544712,0.4921875,0.62451171875,0.4921875,0.62451171875,-0.4800871141864553,0,UNKNOWN,UNKNOWN_OR_COVER,MiPOD,WOW,-0.44915063971934327,-0.45042645381827273,0.001275814098929462,0,
COVER__9271.pgm,9271.pgm,COVER,0,${BOSSBASE_ROOT}\cover\9271.pgm,0.011642224164666006,0.491455078125,0.51220703125,0.491455078125,0.51220703125,-0.479812853960334,0,0.009936418705946226,0.50537109375,0.5322265625,0.50537109375,0.5322265625,-0.49543467504405375,0,0.00952248567033666,0.50048828125,0.548828125,0.50048828125,0.548828125,-0.49096579557966336,0,0.007460643463940165,0.52783203125,0.54833984375,0.52783203125,0.54833984375,-0.5203713877860598,0,0.008251598569085517,0.4921875,0.62451171875,0.4921875,0.62451171875,-0.4839359014309145,0,UNKNOWN,UNKNOWN_OR_COVER,WOW,MiPOD,-0.44886789368513264,-0.45311826603227606,0.004250372347143427,0,
COVER__191.pgm,191.pgm,COVER,0,${BOSSBASE_ROOT}\cover\191.pgm,0.01020905431880827,0.491455078125,0.51220703125,0.491455078125,0.51220703125,-0.48124602380619175,0,0.06278920859705135,0.50537109375,0.5322265625,0.50537109375,0.5322265625,-0.44258188515294866,0,0.023689471299374428,0.50048828125,0.548828125,0.50048828125,0.548828125,-0.47679880995062557,0,0.027428542704283878,0.52783203125,0.54833984375,0.52783203125,0.54833984375,-0.5004034885457161,0,0.036425152640625603,0.4921875,0.62451171875,0.4921875,0.62451171875,-0.4557623473593744,0,UNKNOWN,UNKNOWN_OR_COVER,S-UNIWARD,MiPOD,-0.4104630982640037,-0.4240641232328477,0.013601024968844022,0,
COVER__9501.pgm,9501.pgm,COVER,0,${BOSSBASE_ROOT}\cover\9501.pgm,0.006641112642077409,0.491455078125,0.51220703125,0.491455078125,0.51220703125,-0.4848139654829226,0,0.007489624898808396,0.50537109375,0.5322265625,0.50537109375,0.5322265625,-0.4978814688511916,0,0.007725534397423479,0.50048828125,0.548828125,0.50048828125,0.548828125,-0.49276274685257654,0,0.007577241267860811,0.52783203125,0.54833984375,0.52783203125,0.54833984375,-0.5202547899821391,0,0.006771209930611185,0.4921875,0.62451171875,0.4921875,0.62451171875,-0.4854162900693888,0,UNKNOWN,UNKNOWN_OR_COVER,WOW,MiPOD,-0.45402337806542786,-0.4546442429955144,0.0006208649300865621,0,
COVER__8391.pgm,8391.pgm,COVER,0,${BOSSBASE_ROOT}\cover\8391.pgm,0.009020279501402172,0.491455078125,0.51220703125,0.491455078125,0.51220703125,-0.48243479862359784,0,0.01098694263059318,0.50537109375,0.5322265625,0.50537109375,0.5322265625,-0.4943841511194068,0,0.009412589587609823,0.50048828125,0.548828125,0.50048828125,0.548828125,-0.4910756916623902,0,0.009268013380914325,0.52783203125,0.54833984375,0.52783203125,0.54833984375,-0.5185640178690857,0,0.008030813216260063,0.4921875,0.62451171875,0.4921875,0.62451171875,-0.4841566867837399,0,UNKNOWN,UNKNOWN_OR_COVER,WOW,MiPOD,-0.45157086804773056,-0.45334585471654065,0.0017749866688100968,0,
COVER__8010.pgm,8010.pgm,COVER,0,${BOSSBASE_ROOT}\cover\8010.pgm,0.012336100420869755,0.491455078125,0.51220703125,0.491455078125,0.51220703125,-0.47911897770413026,0,0.010013570623173138,0.50537109375,0.5322265625,0.50537109375,0.5322265625,-0.49535752312682685,0,0.008124708778180903,0.50048828125,0.548828125,0.50048828125,0.548828125,-0.4923635724718191,0,0.011201213376078314,0.52783203125,0.54833984375,0.52783203125,0.54833984375,-0.5166308178739217,0,0.0057525450502372046,0.4921875,0.62451171875,0.4921875,0.62451171875,-0.4864349549497628,0,UNKNOWN,UNKNOWN_OR_COVER,WOW,MiPOD,-0.4481525380045753,-0.4556942383192194,0.007541700314644129,0,
COVER__5739.pgm,5739.pgm,COVER,0,${BOSSBASE_ROOT}\cover\5739.pgm,0.015247590621499624,0.491455078125,0.51220703125,0.491455078125,0.51220703125,-0.4762074875035004,0,0.021246698019321414,0.50537109375,0.5322265625,0.50537109375,0.5322265625,-0.48412439573067856,0,0.05271640213673081,0.50048828125,0.548828125,0.50048828125,0.548828125,-0.4477718791132692,0,0.030850508972036752,0.52783203125,0.54833984375,0.52783203125,0.54833984375,-0.4969815222779633,0,0.36556991822407364,0.4921875,0.62451171875,0.4921875,0.62451171875,-0.12661758177592636,0,UNKNOWN,UNKNOWN_OR_COVER,MiPOD,HILL,-0.08256405449526644,-0.41581935670525605,0.3332553022099896,0,
COVER__3774.pgm,3774.pgm,COVER,0,${BOSSBASE_ROOT}\cover\3774.pgm,0.008445626941126032,0.491455078125,0.51220703125,0.491455078125,0.51220703125,-0.48300945118387395,0,0.014728613849722676,0.50537109375,0.5322265625,0.50537109375,0.5322265625,-0.4906424799002773,0,0.008881675100847034,0.50048828125,0.548828125,0.50048828125,0.548828125,-0.49160660614915297,0,0.007547923375900623,0.52783203125,0.54833984375,0.52783203125,0.54833984375,-0.5202841078740994,0,0.01704531725343583,0.4921875,0.62451171875,0.4921875,0.62451171875,-0.47514218274656417,0,UNKNOWN,UNKNOWN_OR_COVER,MiPOD,WOW,-0.44405235067529714,-0.4521632515496788,0.008110900874381655,0,
COVER__763.pgm,763.pgm,COVER,0,${BOSSBASE_ROOT}\cover\763.pgm,0.05845324104109674,0.491455078125,0.51220703125,0.491455078125,0.51220703125,-0.4330018370839033,0,0.42883127975846885,0.50537109375,0.5322265625,0.50537109375,0.5322265625,-0.07653981399153115,0,0.27260509621999085,0.50048828125,0.548828125,0.50048828125,0.548828125,-0.22788318503000915,0,0.9369805284248849,0.52783203125,0.54833984375,0.52783203125,0.54833984375,0.4091484971748849,0,0.4302670404623151,0.4921875,0.62451171875,0.4921875,0.62451171875,-0.06192045953768488,0,HUGO,ATTRIBUTED,HUGO,MiPOD,0.44304738887883854,-0.014922577113501041,0.4579699659923396,1,HUGO
COVER__9411.pgm,9411.pgm,COVER,0,${BOSSBASE_ROOT}\cover\9411.pgm,0.6722241208979245,0.491455078125,0.51220703125,0.491455078125,0.51220703125,0.1807690427729245,0,0.3062157543745816,0.50537109375,0.5322265625,0.50537109375,0.5322265625,-0.1991553393754184,0,0.525566671869127,0.50048828125,0.548828125,0.50048828125,0.548828125,0.025078390619126978,1,0.007999754508377905,0.52783203125,0.54833984375,0.52783203125,0.54833984375,-0.5198322767416221,0,0.5417422158291983,0.4921875,0.62451171875,0.4921875,0.62451171875,0.04955471582919835,1,WOW,ATTRIBUTED,WOW,MiPOD,0.22337550408559015,0.09955471582919835,0.1238207882563918,3,"WOW,HILL,MiPOD"
COVER__7821.pgm,7821.pgm,COVER,0,${BOSSBASE_ROOT}\cover\7821.pgm,0.05834584061168106,0.491455078125,0.51220703125,0.491455078125,0.51220703125,-0.4331092375133189,0,0.18082882704988584,0.50537109375,0.5322265625,0.50537109375,0.5322265625,-0.32454226670011416,0,0.021906366026247955,0.50048828125,0.548828125,0.50048828125,0.548828125,-0.47858191522375204,0,0.20930801614268965,0.52783203125,0.54833984375,0.52783203125,0.54833984375,-0.3185240151073103,0,0.16817278492367024,0.4921875,0.62451171875,0.4921875,0.62451171875,-0.32401471507632973,0,UNKNOWN,UNKNOWN_OR_COVER,HUGO,MiPOD,-0.28216293443527085,-0.28785273508754855,0.005689800652277699,0,
COVER__6668.pgm,6668.pgm,COVER,0,${BOSSBASE_ROOT}\cover\6668.pgm,0.009670992763446972,0.491455078125,0.51220703125,0.491455078125,0.51220703125,-0.48178408536155304,0,0.009376237450848677,0.50537109375,0.5322265625,0.50537109375,0.5322265625,-0.4959948562991513,0,0.01159736182363297,0.50048828125,0.548828125,0.50048828125,0.548828125,-0.48889091942636703,0,0.009708476481474066,0.52783203125,0.54833984375,0.52783203125,0.54833984375,-0.5181235547685259,0,0.009449081319055452,0.4921875,0.62451171875,0.4921875,0.62451171875,-0.4827384186809445,0,UNKNOWN,UNKNOWN_OR_COVER,WOW,MiPOD,-0.4509000646810013,-0.4518838575909947,0.0009837929099933973,0,
COVER__8475.pgm,8475.pgm,COVER,0,${BOSSBASE_ROOT}\cover\8475.pgm,0.01013041166358438,0.491455078125,0.51220703125,0.491455078125,0.51220703125,-0.48132466646141564,0,0.006797531550373378,0.50537109375,0.5322265625,0.50537109375,0.5322265625,-0.4985735621996266,0,0.011823394836370594,0.50048828125,0.548828125,0.50048828125,0.548828125,-0.48866488641362943,0,0.010611421330238862,0.52783203125,0.54833984375,0.52783203125,0.54833984375,-0.5172206099197612,0,0.03314851840247966,0.4921875,0.62451171875,0.4921875,0.62451171875,-0.4590389815975203,0,UNKNOWN,UNKNOWN_OR_COVER,MiPOD,WOW,-0.4274444509818271,-0.45042645381827273,0.022982002836445636,0,
COVER__9014.pgm,9014.pgm,COVER,0,${BOSSBASE_ROOT}\cover\9014.pgm,0.5029391903875343,0.491455078125,0.51220703125,0.491455078125,0.51220703125,0.011484112262534318,1,0.47275954347941057,0.50537109375,0.5322265625,0.50537109375,0.5322265625,-0.03261155027058943,0,0.4028031456313772,0.50048828125,0.548828125,0.50048828125,0.548828125,-0.0976851356186228,0,0.4401082711524036,0.52783203125,0.54833984375,0.52783203125,0.54833984375,-0.08772376009759641,0,0.46405139260020306,0.4921875,0.62451171875,0.4921875,0.62451171875,-0.02813610739979694,0,WOW,ATTRIBUTED,WOW,MiPOD,0.06148411226253432,0.020476693927977886,0.041007418334556435,1,WOW
COVER__2129.pgm,2129.pgm,COVER,0,${BOSSBASE_ROOT}\cover\2129.pgm,0.009821792919693043,0.491455078125,0.51220703125,0.491455078125,0.51220703125,-0.48163328520530696,0,0.01411789342520494,0.50537109375,0.5322265625,0.50537109375,0.5322265625,-0.4912532003247951,0,0.015365341441302218,0.50048828125,0.548828125,0.50048828125,0.548828125,-0.4851229398086978,0,0.013020490113842825,0.52783203125,0.54833984375,0.52783203125,0.54833984375,-0.5148115411361571,0,0.2481695898684911,0.4921875,0.62451171875,0.4921875,0.62451171875,-0.2440179101315089,0,UNKNOWN,UNKNOWN_OR_COVER,MiPOD,WOW,-0.20484423003041102,-0.45074460685843154,0.24590037682802052,0,
COVER__5230.pgm,5230.pgm,COVER,0,${BOSSBASE_ROOT}\cover\5230.pgm,0.009268013380914325,0.491455078125,0.51220703125,0.491455078125,0.51220703125,-0.4821870647440857,0,0.008093289897373068,0.50537109375,0.5322265625,0.50537109375,0.5322265625,-0.49727780385262693,0,0.009708476481474066,0.50048828125,0.548828125,0.50048828125,0.548828125,-0.49077980476852595,0,0.009196552423046733,0.52783203125,0.54833984375,0.52783203125,0.54833984375,-0.5186354788269533,0,0.013636835281429876,0.4921875,0.62451171875,0.4921875,0.62451171875,-0.4785506647185701,0,UNKNOWN,UNKNOWN_OR_COVER,MiPOD,WOW,-0.4475666213875049,-0.45131548717978986,0.00374886579228495,0,
COVER__6435.pgm,6435.pgm,COVER,0,${BOSSBASE_ROOT}\cover\6435.pgm,0.3093365838297051,0.491455078125,0.51220703125,0.491455078125,0.51220703125,-0.18211849429529492,0,0.5237400708154294,0.50537109375,0.5322265625,0.50537109375,0.5322265625,0.018368977065429393,1,0.581243668125398,0.50048828125,0.548828125,0.50048828125,0.548828125,0.08075538687539796,0,0.2310932419250428,0.52783203125,0.54833984375,0.52783203125,0.54833984375,-0.29673878932495723,0,0.7940657584546307,0.4921875,0.62451171875,0.4921875,0.62451171875,0.3018782584546307,0,MiPOD,ATTRIBUTED,MiPOD,HILL,0.3440803155303274,0.1291605973471227,0.2149197181832047,3,"S-UNIWARD,HILL,MiPOD"
COVER__1837.pgm,1837.pgm,COVER,0,${BOSSBASE_ROOT}\cover\1837.pgm,0.009232214404536282,0.491455078125,0.51220703125,0.491455078125,0.51220703125,-0.48222286372046375,0,0.01691491326672651,0.50537109375,0.5322265625,0.50537109375,0.5322265625,-0.4884561804832735,0,0.026607108569697214,0.50048828125,0.548828125,0.50048828125,0.548828125,-0.4738811726803028,0,0.01923425896199301,0.52783203125,0.54833984375,0.52783203125,0.54833984375,-0.508597772288007,0,0.031380429512976746,0.4921875,0.62451171875,0.4921875,0.62451171875,-0.46080707048702324,0,UNKNOWN,UNKNOWN_OR_COVER,MiPOD,HILL,-0.42926835245453676,-0.44275211128875,0.013483758834213266,0,
COVER__1552.pgm,1552.pgm,COVER,0,${BOSSBASE_ROOT}\cover\1552.pgm,0.7292306368567198,0.491455078125,0.51220703125,0.491455078125,0.51220703125,0.23777555873171985,0,8.782685905812962e-07,0.50537109375,0.5322265625,0.50537109375,0.5322265625,-0.5053702154814094,0,1.1341778617013121e-07,0.50048828125,0.548828125,0.50048828125,0.548828125,-0.5004881678322138,0,1.7041497430393124e-14,0.52783203125,0.54833984375,0.52783203125,0.54833984375,-0.527832031249983,0,0.046291901103840336,0.4921875,0.62451171875,0.4921875,0.62451171875,-0.44589559889615965,0,WOW,ATTRIBUTED,WOW,MiPOD,0.27802110716516837,-0.4138830683240045,0.6919041754891728,1,WOW
COVER__7662.pgm,7662.pgm,COVER,0,${BOSSBASE_ROOT}\cover\7662.pgm,0.015723990527735578,0.491455078125,0.51220703125,0.491455078125,0.51220703125,-0.4757310875972644,0,0.20721471842401046,0.50537109375,0.5322265625,0.50537109375,0.5322265625,-0.29815637532598954,0,0.7375364170002107,0.50048828125,0.548828125,0.50048828125,0.548828125,0.23704813575021066,0,0.017110889211844046,0.52783203125,0.54833984375,0.52783203125,0.54833984375,-0.510721142038156,0,0.016403032516163058,0.4921875,0.62451171875,0.4921875,0.62451171875,-0.47578446748383696,0,HILL,ATTRIBUTED,HILL,S-UNIWARD,0.2784495364434071,-0.26104711176553186,0.539496648208939,1,HILL
COVER__7807.pgm,7807.pgm,COVER,0,${BOSSBASE_ROOT}\cover\7807.pgm,0.007725534397423479,0.491455078125,0.51220703125,0.491455078125,0.51220703125,-0.48372954372757654,0,0.008544330693441928,0.50537109375,0.5322265625,0.50537109375,0.5322265625,-0.4968267630565581,0,0.008881675100847034,0.50048828125,0.548828125,0.50048828125,0.548828125,-0.49160660614915297,0,0.008511303026562552,0.52783203125,0.54833984375,0.52783203125,0.54833984375,-0.5193207282234374,0,0.008030813216260063,0.4921875,0.62451171875,0.4921875,0.62451171875,-0.4841566867837399,0,UNKNOWN,UNKNOWN_OR_COVER,WOW,MiPOD,-0.4529055482162684,-0.45334585471654065,0.0004403065002722695,0,
COVER__9556.pgm,9556.pgm,COVER,0,${BOSSBASE_ROOT}\cover\9556.pgm,0.011732463956348185,0.491455078125,0.51220703125,0.491455078125,0.51220703125,-0.4797226141686518,0,4.365877959387133e-05,0.50537109375,0.5322265625,0.50537109375,0.5322265625,-0.5053274349704061,0,0.13050689140308577,0.50048828125,0.548828125,0.50048828125,0.548828125,-0.3699813898469142,0,0.017375664509219565,0.52783203125,0.54833984375,0.52783203125,0.54833984375,-0.5104563667407804,0,0.1427091316026025,0.4921875,0.62451171875,0.4921875,0.62451171875,-0.3494783683973975,0,UNKNOWN,UNKNOWN_OR_COVER,MiPOD,HILL,-0.31422557973811704,-0.335444030575484,0.021218450837366953,0,
COVER__2091.pgm,2091.pgm,COVER,0,${BOSSBASE_ROOT}\cover\2091.pgm,0.012288597529701977,0.491455078125,0.51220703125,0.491455078125,0.51220703125,-0.47916648059529804,0,0.013480102975266339,0.50537109375,0.5322265625,0.50537109375,0.5322265625,-0.49189099077473364,0,0.07626996618067049,0.50048828125,0.548828125,0.50048828125,0.548828125,-0.4242183150693295,0,0.02527489813024264,0.52783203125,0.54833984375,0.52783203125,0.54833984375,-0.5025571331197574,0,0.012007350547633841,0.4921875,0.62451171875,0.4921875,0.62451171875,-0.48018014945236615,0,UNKNOWN,UNKNOWN_OR_COVER,HILL,WOW,-0.3915042637239307,-0.4482015118562202,0.05669724813228949,0,
COVER__848.pgm,848.pgm,COVER,0,${BOSSBASE_ROOT}\cover\848.pgm,0.503997717543768,0.491455078125,0.51220703125,0.491455078125,0.51220703125,0.012542639418767987,1,0.5038851909677708,0.50537109375,0.5322265625,0.50537109375,0.5322265625,-0.0014859027822291537,0,0.4978618752155647,0.50048828125,0.548828125,0.50048828125,0.548828125,-0.0026264060344353135,0,0.49565898358858745,0.52783203125,0.54833984375,0.52783203125,0.54833984375,-0.032173047661412546,0,0.5028838791528037,0.4921875,0.62451171875,0.4921875,0.62451171875,0.010696379152803748,1,WOW|MiPOD,AMBIGUOUS,WOW,MiPOD,0.06254263941876799,0.06069637915280375,0.001846260265964239,2,"WOW,MiPOD"
COVER__6188.pgm,6188.pgm,COVER,0,${BOSSBASE_ROOT}\cover\6188.pgm,0.008030813216260063,0.491455078125,0.51220703125,0.491455078125,0.51220703125,-0.4834242649087399,0,0.007518718061432194,0.50537109375,0.5322265625,0.50537109375,0.5322265625,-0.4978523756885678,0,0.008380453351026062,0.50048828125,0.548828125,0.50048828125,0.548828125,-0.49210782789897395,0,0.011029470022501837,0.52783203125,0.54833984375,0.52783203125,0.54833984375,-0.5168025612274981,0,0.010091315485195006,0.4921875,0.62451171875,0.4921875,0.62451171875,-0.482096184514805,0,UNKNOWN,UNKNOWN_OR_COVER,MiPOD,WOW,-0.45122180120697053,-0.4525908580480205,0.001369056841049987,0,
COVER__1826.pgm,1826.pgm,COVER,0,${BOSSBASE_ROOT}\cover\1826.pgm,0.009412589587609823,0.491455078125,0.51220703125,0.491455078125,0.51220703125,-0.4820424885373902,0,0.024750971173211154,0.50537109375,0.5322265625,0.50537109375,0.5322265625,-0.4806201225767888,0,0.780662495082397,0.50048828125,0.548828125,0.50048828125,0.548828125,0.28017421383239705,0,0.008847355082930386,0.52783203125,0.54833984375,0.52783203125,0.54833984375,-0.5189846761670696,0,0.9818752792555313,0.4921875,0.62451171875,0.4921875,0.62451171875,0.4896877792555313,0,MiPOD,ATTRIBUTED,MiPOD,HILL,0.5246636859721625,0.31982808732164225,0.20483559865052026,2,"HILL,MiPOD"
COVER__5048.pgm,5048.pgm,COVER,0,${BOSSBASE_ROOT}\cover\5048.pgm,0.01704531725343583,0.491455078125,0.51220703125,0.491455078125,0.51220703125,-0.47440976087156417,0,0.10706346207954626,0.50537109375,0.5322265625,0.50537109375,0.5322265625,-0.39830763167045374,0,0.01704531725343583,0.50048828125,0.548828125,0.50048828125,0.548828125,-0.48344296399656417,0,0.014281933925111153,0.52783203125,0.54833984375,0.52783203125,0.54833984375,-0.5135500973248889,0,0.024987794590900315,0.4921875,0.62451171875,0.4921875,0.62451171875,-0.46719970540909966,0,UNKNOWN,UNKNOWN_OR_COVER,S-UNIWARD,MiPOD,-0.3647348599239876,-0.4358619598307333,0.0711270999067457,0,
COVER__5463.pgm,5463.pgm,COVER,0,${BOSSBASE_ROOT}\cover\5463.pgm,0.008219693061967886,0.491455078125,0.51220703125,0.491455078125,0.51220703125,-0.4832353850630321,0,0.009055264186722086,0.50537109375,0.5322265625,0.50537109375,0.5322265625,-0.4963158295632779,0,0.008187909901696235,0.50048828125,0.548828125,0.50048828125,0.548828125,-0.4923003713483038,0,0.00912563738918052,0.52783203125,0.54833984375,0.52783203125,0.54833984375,-0.5187063938608195,0,0.007518718061432194,0.4921875,0.62451171875,0.4921875,0.62451171875,-0.4846687819385678,0,UNKNOWN,UNKNOWN_OR_COVER,WOW,MiPOD,-0.4523961538431475,-0.4538737239099373,0.0014775700667897795,0,
COVER__9228.pgm,9228.pgm,COVER,0,${BOSSBASE_ROOT}\cover\9228.pgm,0.01238378463726033,0.491455078125,0.51220703125,0.491455078125,0.51220703125,-0.4790712934877397,0,0.009303949868393646,0.50537109375,0.5322265625,0.50537109375,0.5322265625,-0.49606714388160633,0,0.011687257995694434,0.50048828125,0.548828125,0.50048828125,0.548828125,-0.4888010232543056,0,0.008445626941126032,0.52783203125,0.54833984375,0.52783203125,0.54833984375,-0.519386404308874,0,0.009055264186722086,0.4921875,0.62451171875,0.4921875,0.62451171875,-0.4831322358132779,0,UNKNOWN,UNKNOWN_OR_COVER,WOW,MiPOD,-0.44810337714256715,-0.45228982338576323,0.004186446243196085,0,
COVER__7912.pgm,7912.pgm,COVER,0,${BOSSBASE_ROOT}\cover\7912.pgm,0.008544330693441928,0.491455078125,0.51220703125,0.491455078125,0.51220703125,-0.4829107474315581,0,0.008315778477474129,0.50537109375,0.5322265625,0.50537109375,0.5322265625,-0.4970553152725259,0,0.007345826574477061,0.50048828125,0.548828125,0.50048828125,0.548828125,-0.4931424546755229,0,0.007937994101407319,0.52783203125,0.54833984375,0.52783203125,0.54833984375,-0.5198940371485927,0,0.010489091259938018,0.4921875,0.62451171875,0.4921875,0.62451171875,-0.481698408740062,0,UNKNOWN,UNKNOWN_OR_COVER,MiPOD,WOW,-0.4508117419076052,-0.4520615030114509,0.0012497611038457257,0,
COVER__2003.pgm,2003.pgm,COVER,0,${BOSSBASE_ROOT}\cover\2003.pgm,0.5131957875690406,0.491455078125,0.51220703125,0.491455078125,0.51220703125,0.021740709444040607,0,0.5069728145231626,0.50537109375,0.5322265625,0.50537109375,0.5322265625,0.0016017207731625627,1,0.5092533989147154,0.50048828125,0.548828125,0.50048828125,0.548828125,0.008765117664715438,1,0.06903792817479,0.52783203125,0.54833984375,0.52783203125,0.54833984375,-0.45879410307521,0,0.5144917896305108,0.4921875,0.62451171875,0.4921875,0.62451171875,0.022304289630510787,1,MiPOD|WOW,AMBIGUOUS,MiPOD,WOW,0.07230428963051079,0.07169129606101164,0.0006129935694991484,4,"WOW,S-UNIWARD,HILL,MiPOD"
COVER__7483.pgm,7483.pgm,COVER,0,${BOSSBASE_ROOT}\cover\7483.pgm,0.21370518580391829,0.491455078125,0.51220703125,0.491455078125,0.51220703125,-0.2777498923210817,0,0.22815650216092537,0.50537109375,0.5322265625,0.50537109375,0.5322265625,-0.27721459158907463,0,0.22118241879945827,0.50048828125,0.548828125,0.50048828125,0.548828125,-0.27930586245054173,0,0.4034493296580782,0.52783203125,0.54833984375,0.52783203125,0.54833984375,-0.12438270159192177,0,8.764247451323235e-08,0.4921875,0.62451171875,0.4921875,0.62451171875,-0.4921874123575255,0,UNKNOWN,UNKNOWN_OR_COVER,HUGO,S-UNIWARD,-0.08023060985725916,-0.23931999946686694,0.15908938960960778,0,
COVER__3223.pgm,3223.pgm,COVER,0,${BOSSBASE_ROOT}\cover\3223.pgm,0.07172112432623752,0.491455078125,0.51220703125,0.491455078125,0.51220703125,-0.4197339537987625,0,0.3193336122608629,0.50537109375,0.5322265625,0.50537109375,0.5322265625,-0.18603748148913712,0,0.3986990534615587,0.50048828125,0.548828125,0.50048828125,0.548828125,-0.1017892277884413,0,0.2668346285944962,0.52783203125,0.54833984375,0.52783203125,0.54833984375,-0.2609974026555038,0,0.5141030086808419,0.4921875,0.62451171875,0.4921875,0.62451171875,0.02191550868084191,1,MiPOD,ATTRIBUTED,MiPOD,HILL,0.07191550868084191,-0.05662823252521607,0.128543741206058,1,MiPOD
COVER__566.pgm,566.pgm,COVER,0,${BOSSBASE_ROOT}\cover\566.pgm,0.011552670335220809,0.491455078125,0.51220703125,0.491455078125,0.51220703125,-0.4799024077897792,0,0.00881316650304586,0.50537109375,0.5322265625,0.50537109375,0.5322265625,-0.49655792724695413,0,0.00952248567033666,0.50048828125,0.548828125,0.50048828125,0.548828125,-0.49096579557966336,0,0.007489624898808396,0.52783203125,0.54833984375,0.52783203125,0.54833984375,-0.5203424063511916,0,0.011375600238837661,0.4921875,0.62451171875,0.4921875,0.62451171875,-0.48081189976116234,0,UNKNOWN,UNKNOWN_OR_COVER,WOW,MiPOD,-0.44896021863018865,-0.44989783948075557,0.0009376208505669226,0,
COVER__5764.pgm,5764.pgm,COVER,0,${BOSSBASE_ROOT}\cover\5764.pgm,0.008847355082930386,0.491455078125,0.51220703125,0.491455078125,0.51220703125,-0.4826077230420696,0,0.007999754508377905,0.50537109375,0.5322265625,0.50537109375,0.5322265625,-0.4973713392416221,0,0.011642224164666006,0.50048828125,0.548828125,0.50048828125,0.548828125,-0.488846057085334,0,0.010368156650788152,0.52783203125,0.54833984375,0.52783203125,0.54833984375,-0.5174638745992118,0,0.008881675100847034,0.4921875,0.62451171875,0.4921875,0.62451171875,-0.48330582489915297,0,UNKNOWN,UNKNOWN_OR_COVER,WOW,MiPOD,-0.4517491291320157,-0.4524687659131548,0.0007196367811391213,0,
COVER__7617.pgm,7617.pgm,COVER,0,${BOSSBASE_ROOT}\cover\7617.pgm,0.5240749966728956,0.491455078125,0.51220703125,0.491455078125,0.51220703125,0.03261991854789559,0,0.550939597283781,0.50537109375,0.5322265625,0.50537109375,0.5322265625,0.045568503533780946,0,0.3288526557668903,0.50048828125,0.548828125,0.50048828125,0.548828125,-0.17163562548310968,0,0.09252365778158943,0.52783203125,0.54833984375,0.52783203125,0.54833984375,-0.43530837346841056,0,0.7047700816941601,0.4921875,0.62451171875,0.4921875,0.62451171875,0.2125825816941601,0,MiPOD,ATTRIBUTED,MiPOD,S-UNIWARD,0.2587264756009895,0.09464155188348561,0.16408492371750388,3,"WOW,S-UNIWARD,MiPOD"
COVER__784.pgm,784.pgm,COVER,0,${BOSSBASE_ROOT}\cover\784.pgm,0.2752271140844566,0.491455078125,0.51220703125,0.491455078125,0.51220703125,-0.2162279640405434,0,0.542742107426404,0.50537109375,0.5322265625,0.50537109375,0.5322265625,0.03737101367640405,0,0.485294769432251,0.50048828125,0.548828125,0.50048828125,0.548828125,-0.015193511817748973,0,0.9477691428985743,0.52783203125,0.54833984375,0.52783203125,0.54833984375,0.4199371116485743,0,0.954137335843458,0.4921875,0.62451171875,0.4921875,0.62451171875,0.46194983584345795,0,MiPOD,ATTRIBUTED,MiPOD,HUGO,0.4979094826723687,0.4534722470205167,0.04443723565185198,3,"S-UNIWARD,HUGO,MiPOD"
COVER__8284.pgm,8284.pgm,COVER,0,${BOSSBASE_ROOT}\cover\8284.pgm,0.014172366191301682,0.491455078125,0.51220703125,0.491455078125,0.51220703125,-0.4772827119336983,0,0.3250918718866066,0.50537109375,0.5322265625,0.50537109375,0.5322265625,-0.1802792218633934,0,0.43386152650801,0.50048828125,0.548828125,0.50048828125,0.548828125,-0.06662675474198998,0,0.07463503889650006,0.52783203125,0.54833984375,0.52783203125,0.54833984375,-0.45319699235349997,0,0.6806663877391372,0.4921875,0.62451171875,0.4921875,0.62451171875,0.18847888773913724,0,MiPOD,ATTRIBUTED,MiPOD,HILL,0.2357485328200024,-0.01984953855893687,0.2555980713789393,1,MiPOD
COVER__361.pgm,361.pgm,COVER,0,${BOSSBASE_ROOT}\cover\361.pgm,0.009268013380914325,0.491455078125,0.51220703125,0.491455078125,0.51220703125,-0.4821870647440857,0,0.008445626941126032,0.50537109375,0.5322265625,0.50537109375,0.5322265625,-0.49692546680887395,0,0.00714910196654636,0.50048828125,0.548828125,0.50048828125,0.548828125,-0.49333917928345367,0,0.010652510839726164,0.52783203125,0.54833984375,0.52783203125,0.54833984375,-0.5171795204102738,0,0.01971912810734659,0.4921875,0.62451171875,0.4921875,0.62451171875,-0.4724683718926534,0,UNKNOWN,UNKNOWN_OR_COVER,MiPOD,WOW,-0.44129530025711455,-0.45131548717978986,0.010020186922675312,0,
COVER__2108.pgm,2108.pgm,COVER,0,${BOSSBASE_ROOT}\cover\2108.pgm,0.025083140936028623,0.491455078125,0.51220703125,0.491455078125,0.51220703125,-0.46637193718897135,0,0.06916356453554356,0.50537109375,0.5322265625,0.50537109375,0.5322265625,-0.43620752921445644,0,0.446645557198961,0.50048828125,0.548828125,0.50048828125,0.548828125,-0.053842724051039015,0,0.7220372952170433,0.52783203125,0.54833984375,0.52783203125,0.54833984375,0.1942052639670433,0,0.6530162847847695,0.4921875,0.62451171875,0.4921875,0.62451171875,0.16082878478476947,0,HUGO|MiPOD,AMBIGUOUS,HUGO,MiPOD,0.23623282230276788,0.2094236776055995,0.026809144697168386,2,"HUGO,MiPOD"
COVER__9868.pgm,9868.pgm,COVER,0,${BOSSBASE_ROOT}\cover\9868.pgm,0.03403615299437095,0.491455078125,0.51220703125,0.491455078125,0.51220703125,-0.45741892513062904,0,0.6410853826981666,0.50537109375,0.5322265625,0.50537109375,0.5322265625,0.13571428894816662,0,0.8334601905326321,0.50048828125,0.548828125,0.50048828125,0.548828125,0.3329719092826321,0,0.006718870000837655,0.52783203125,0.54833984375,0.52783203125,0.54833984375,-0.5211131612491623,0,0.022499969377003774,0.4921875,0.62451171875,0.4921875,0.62451171875,-0.46968753062299623,0,HILL,ATTRIBUTED,HILL,S-UNIWARD,0.370586459142232,0.1805571402810663,0.1900293188611657,2,"S-UNIWARD,HILL"
COVER__3556.pgm,3556.pgm,COVER,0,${BOSSBASE_ROOT}\cover\3556.pgm,0.011115013721477563,0.491455078125,0.51220703125,0.491455078125,0.51220703125,-0.48034006440352245,0,0.017848738449988986,0.50537109375,0.5322265625,0.50537109375,0.5322265625,-0.48752235530001103,0,0.013020490113842825,0.50048828125,0.548828125,0.50048828125,0.548828125,-0.4874677911361572,0,0.008511303026562552,0.52783203125,0.54833984375,0.52783203125,0.54833984375,-0.5193207282234374,0,0.02076473876293561,0.4921875,0.62451171875,0.4921875,0.62451171875,-0.4714227612370644,0,UNKNOWN,UNKNOWN_OR_COVER,MiPOD,WOW,-0.44021707765892987,-0.4494114143347088,0.009194336675778958,0,
COVER__3907.pgm,3907.pgm,COVER,0,${BOSSBASE_ROOT}\cover\3907.pgm,0.5145146585565772,0.491455078125,0.51220703125,0.491455078125,0.51220703125,0.023059580431577187,0,0.5192166041353371,0.50537109375,0.5322265625,0.50537109375,0.5322265625,0.013845510385337101,1,0.523755295183565,0.50048828125,0.548828125,0.50048828125,0.548828125,0.023267013933565006,1,0.5092076381485986,0.52783203125,0.54833984375,0.52783203125,0.54833984375,-0.018624393101401404,0,0.5244251232755824,0.4921875,0.62451171875,0.4921875,0.62451171875,0.03223762327558244,1,MiPOD|HILL,AMBIGUOUS,MiPOD,HILL,0.08223762327558244,0.07326701393356501,0.008970609342017433,4,"WOW,S-UNIWARD,HILL,MiPOD"
COVER__4772.pgm,4772.pgm,COVER,0,${BOSSBASE_ROOT}\cover\4772.pgm,0.02551660344798049,0.491455078125,0.51220703125,0.491455078125,0.51220703125,-0.4659384746770195,0,0.06233103588192476,0.50537109375,0.5322265625,0.50537109375,0.5322265625,-0.4430400578680752,0,0.25945019647017975,0.50048828125,0.548828125,0.50048828125,0.548828125,-0.24103808477982025,0,0.07751765647688268,0.52783203125,0.54833984375,0.52783203125,0.54833984375,-0.4503143747731173,0,0.007431773334291191,0.4921875,0.62451171875,0.4921875,0.62451171875,-0.4847557266657088,0,UNKNOWN,UNKNOWN_OR_COVER,HILL,S-UNIWARD,-0.20174749986217344,-0.4109359835602167,0.20918848369804327,0,
COVER__3157.pgm,3157.pgm,COVER,0,${BOSSBASE_ROOT}\cover\3157.pgm,0.007815888789288626,0.491455078125,0.51220703125,0.491455078125,0.51220703125,-0.4836391893357114,0,0.009974920824078675,0.50537109375,0.5322265625,0.50537109375,0.5322265625,-0.4953961729259213,0,0.9695556515673754,0.50048828125,0.548828125,0.50048828125,0.548828125,0.46906737031737544,0,0.68752510574369,0.52783203125,0.54833984375,0.52783203125,0.54833984375,0.15969307449368997,0,0.061087107287706534,0.4921875,0.62451171875,0.4921875,0.62451171875,-0.43110039271229345,0,HILL,ATTRIBUTED,HILL,HUGO,0.5018958190494374,0.20319641565427987,0.2986994033951575,2,"HILL,HUGO"
COVER__9651.pgm,9651.pgm,COVER,0,${BOSSBASE_ROOT}\cover\9651.pgm,0.12064587101682928,0.491455078125,0.51220703125,0.491455078125,0.51220703125,-0.3708092071081707,0,0.6559974456887213,0.50537109375,0.5322265625,0.50537109375,0.5322265625,0.15062635193872131,0,0.18155324443630433,0.50048828125,0.548828125,0.50048828125,0.548828125,-0.31893503681369567,0,0.043123370715370604,0.52783203125,0.54833984375,0.52783203125,0.54833984375,-0.4847086605346294,0,0.7608284015956692,0.4921875,0.62451171875,0.4921875,0.62451171875,0.2686409015956692,0,MiPOD,ATTRIBUTED,MiPOD,S-UNIWARD,0.3122692146938319,0.1948054650008768,0.11746374969295509,2,"S-UNIWARD,MiPOD"
COVER__4482.pgm,4482.pgm,COVER,0,${BOSSBASE_ROOT}\cover\4482.pgm,0.48999919774401257,0.491455078125,0.51220703125,0.491455078125,0.51220703125,-0.0014558803809874288,0,0.5221869584877462,0.50537109375,0.5322265625,0.50537109375,0.5322265625,0.01681586473774621,1,0.5327593998106374,0.50048828125,0.548828125,0.50048828125,0.548828125,0.03227111856063736,1,0.48697956790039304,0.52783203125,0.54833984375,0.52783203125,0.54833984375,-0.04085246334960696,0,0.4873760354925885,0.4921875,0.62451171875,0.4921875,0.62451171875,-0.004811464507411489,0,HILL|S-UNIWARD,AMBIGUOUS,HILL,S-UNIWARD,0.08227111856063736,0.06681586473774621,0.015455253822891146,2,"S-UNIWARD,HILL"
COVER__3175.pgm,3175.pgm,COVER,0,${BOSSBASE_ROOT}\cover\3175.pgm,0.10123348070699793,0.491455078125,0.51220703125,0.491455078125,0.51220703125,-0.39022159741800205,0,0.27503235494643496,0.50537109375,0.5322265625,0.50537109375,0.5322265625,-0.23033873880356504,0,0.44507724940134397,0.50048828125,0.548828125,0.50048828125,0.548828125,-0.055411031848656034,0,0.7673413473072723,0.52783203125,0.54833984375,0.52783203125,0.54833984375,0.23950931605727233,0,0.5025539176084346,0.4921875,0.62451171875,0.4921875,0.62451171875,0.010366417608434597,1,HUGO,ATTRIBUTED,HUGO,MiPOD,0.27967534157298846,0.0603664176084346,0.21930892396455387,2,"HUGO,MiPOD"
COVER__6175.pgm,6175.pgm,COVER,0,${BOSSBASE_ROOT}\cover\6175.pgm,0.008511303026562552,0.491455078125,0.51220703125,0.491455078125,0.51220703125,-0.48294377509843744,0,0.2763974635441641,0.50537109375,0.5322265625,0.50537109375,0.5322265625,-0.2289736302058359,0,0.009746104052554064,0.50048828125,0.548828125,0.50048828125,0.548828125,-0.49074217719744595,0,0.013480102975266339,0.52783203125,0.54833984375,0.52783203125,0.54833984375,-0.5143519282747336,0,0.2205102581455382,0.4921875,0.62451171875,0.4921875,0.62451171875,-0.2716772418544618,0,UNKNOWN,UNKNOWN_OR_COVER,S-UNIWARD,MiPOD,-0.1892061548842689,-0.23357223208221978,0.04436607719795088,0,
COVER__615.pgm,615.pgm,COVER,0,${BOSSBASE_ROOT}\cover\615.pgm,0.015306354560694808,0.491455078125,0.51220703125,0.491455078125,0.51220703125,-0.4761487235643052,0,0.10743747660842011,0.50537109375,0.5322265625,0.50537109375,0.5322265625,-0.3979336171415799,0,0.7733875624296253,0.50048828125,0.548828125,0.50048828125,0.548828125,0.27289928117962525,0,0.027117656009307576,0.52783203125,0.54833984375,0.52783203125,0.54833984375,-0.5007143752406924,0,0.13857832596509348,0.4921875,0.62451171875,0.4921875,0.62451171875,-0.35360917403490655,0,HILL,ATTRIBUTED,HILL,MiPOD,0.312842685810762,-0.3185017074385169,0.6313443932492789,1,HILL
COVER__3857.pgm,3857.pgm,COVER,0,${BOSSBASE_ROOT}\cover\3857.pgm,0.009376237450848677,0.491455078125,0.51220703125,0.491455078125,0.51220703125,-0.4820788406741513,0,0.007785654765367813,0.50537109375,0.5322265625,0.50537109375,0.5322265625,-0.4975854389846322,0,0.009340024385054083,0.50048828125,0.548828125,0.50048828125,0.548828125,-0.4911482568649459,0,0.008881675100847034,0.52783203125,0.54833984375,0.52783203125,0.54833984375,-0.518950356149153,0,0.007785654765367813,0.4921875,0.62451171875,0.4921875,0.62451171875,-0.4844018452346322,0,UNKNOWN,UNKNOWN_OR_COVER,WOW,MiPOD,-0.45120392188128877,-0.4535985657774623,0.002394643896173554,0,
COVER__8518.pgm,8518.pgm,COVER,0,${BOSSBASE_ROOT}\cover\8518.pgm,0.010091315485195006,0.491455078125,0.51220703125,0.491455078125,0.51220703125,-0.481363762639805,0,0.013480102975266339,0.50537109375,0.5322265625,0.50537109375,0.5322265625,-0.49189099077473364,0,0.009303949868393646,0.50048828125,0.548828125,0.50048828125,0.548828125,-0.49118433138160633,0,0.007489624898808396,0.52783203125,0.54833984375,0.52783203125,0.54833984375,-0.5203424063511916,0,0.009449081319055452,0.4921875,0.62451171875,0.4921875,0.62451171875,-0.4827384186809445,0,UNKNOWN,UNKNOWN_OR_COVER,WOW,MiPOD,-0.4504667579750817,-0.4518838575909947,0.00141709961591302,0,
COVER__268.pgm,268.pgm,COVER,0,${BOSSBASE_ROOT}\cover\268.pgm,0.6282933818615704,0.491455078125,0.51220703125,0.491455078125,0.51220703125,0.13683830373657035,0,0.5185918881644193,0.50537109375,0.5322265625,0.50537109375,0.5322265625,0.013220794414419257,1,0.558025950035915,0.50048828125,0.548828125,0.50048828125,0.548828125,0.05753766878591504,0,0.522415384989232,0.52783203125,0.54833984375,0.52783203125,0.54833984375,-0.005416646260767988,0,0.5776144985995031,0.4921875,0.62451171875,0.4921875,0.62451171875,0.08542699859950309,1,WOW,ATTRIBUTED,WOW,MiPOD,0.1813582204134273,0.13542699859950308,0.04593122181392423,4,"WOW,S-UNIWARD,HILL,MiPOD"
COVER__8525.pgm,8525.pgm,COVER,0,${BOSSBASE_ROOT}\cover\8525.pgm,0.012870749215746782,0.491455078125,0.51220703125,0.491455078125,0.51220703125,-0.47858432890925323,0,0.008916127052872005,0.50537109375,0.5322265625,0.50537109375,0.5322265625,-0.496454966697128,0,0.028652669309593447,0.50048828125,0.548828125,0.50048828125,0.548828125,-0.4718356119404066,0,0.06500872992567673,0.52783203125,0.54833984375,0.52783203125,0.54833984375,-0.46282330132432326,0,0.021450729175489416,0.4921875,0.62451171875,0.4921875,0.62451171875,-0.4707367708245106,0,UNKNOWN,UNKNOWN_OR_COVER,HUGO,MiPOD,-0.43134810856537487,-0.4395096731025154,0.008161564537140509,0,
COVER__2123.pgm,2123.pgm,COVER,0,${BOSSBASE_ROOT}\cover\2123.pgm,0.005343255956149592,0.491455078125,0.51220703125,0.491455078125,0.51220703125,-0.4861118221688504,0,0.0063883209097212856,0.50537109375,0.5322265625,0.50537109375,0.5322265625,-0.4989827728402787,0,0.00959645473238191,0.50048828125,0.548828125,0.50048828125,0.548828125,-0.4908918265176181,0,0.01013041166358438,0.52783203125,0.54833984375,0.52783203125,0.54833984375,-0.5177016195864156,0,0.009708476481474066,0.4921875,0.62451171875,0.4921875,0.62451171875,-0.48247902351852595,0,UNKNOWN,UNKNOWN_OR_COVER,MiPOD,WOW,-0.4516164578665634,-0.45536117059998926,0.003744712733425859,0,
COVER__3477.pgm,3477.pgm,COVER,0,${BOSSBASE_ROOT}\cover\3477.pgm,0.33556854695936816,0.491455078125,0.51220703125,0.491455078125,0.51220703125,-0.15588653116563184,0,0.5394078412601166,0.50537109375,0.5322265625,0.50537109375,0.5322265625,0.03403674751011665,0,0.46505341062015604,0.50048828125,0.548828125,0.50048828125,0.548828125,-0.03543487062984396,0,0.3047654023316783,0.52783203125,0.54833984375,0.52783203125,0.54833984375,-0.22306662891832169,0,0.5192623127247654,0.4921875,0.62451171875,0.4921875,0.62451171875,0.027074812724765418,1,S-UNIWARD|MiPOD,AMBIGUOUS,S-UNIWARD,MiPOD,0.08367896976055905,0.07707481272476542,0.006604157035793631,2,"S-UNIWARD,MiPOD"
COVER__5909.pgm,5909.pgm,COVER,0,${BOSSBASE_ROOT}\cover\5909.pgm,0.697711910661552,0.491455078125,0.51220703125,0.491455078125,0.51220703125,0.20625683253655203,0,0.9999999850061394,0.50537109375,0.5322265625,0.50537109375,0.5322265625,0.4946288912561394,0,0.6613763197684221,0.50048828125,0.548828125,0.50048828125,0.548828125,0.16088803851842215,0,0.018869254537334273,0.52783203125,0.54833984375,0.52783203125,0.54833984375,-0.5089627767126658,0,0.9999662627752351,0.4921875,0.62451171875,0.4921875,0.62451171875,0.5077787627752351,0,MiPOD|S-UNIWARD,AMBIGUOUS,MiPOD,S-UNIWARD,0.5421276101025074,0.5259486629905286,0.01617894711197887,4,"WOW,S-UNIWARD,HILL,MiPOD"
COVER__9357.pgm,9357.pgm,COVER,0,${BOSSBASE_ROOT}\cover\9357.pgm,0.009783876017655003,0.491455078125,0.51220703125,0.491455078125,0.51220703125,-0.481671202107345,0,0.01024860192315863,0.50537109375,0.5322265625,0.50537109375,0.5322265625,-0.49512249182684137,0,0.012673735693033067,0.50048828125,0.548828125,0.50048828125,0.548828125,-0.4878145455569669,0,0.007725534397423479,0.52783203125,0.54833984375,0.52783203125,0.54833984375,-0.5201064968525765,0,0.016979992237318317,0.4921875,0.62451171875,0.4921875,0.62451171875,-0.47520750776268167,0,UNKNOWN,UNKNOWN_OR_COVER,MiPOD,WOW,-0.4441197065688615,-0.4507836949412566,0.006663988372395069,0,
COVER__6003.pgm,6003.pgm,COVER,0,${BOSSBASE_ROOT}\cover\6003.pgm,0.021206120201989188,0.491455078125,0.51220703125,0.491455078125,0.51220703125,-0.4702489579230108,0,0.02681019589956736,0.50537109375,0.5322265625,0.50537109375,0.5322265625,-0.47856089785043265,0,0.7932661483848841,0.50048828125,0.548828125,0.50048828125,0.548828125,0.2927778671348841,0,0.9048188745508808,0.52783203125,0.54833984375,0.52783203125,0.54833984375,0.37698684330088084,0,0.5597714064929902,0.4921875,0.62451171875,0.4921875,0.62451171875,0.06758390649299018,1,HUGO,ATTRIBUTED,HUGO,HILL,0.41199370093243376,0.33193509331028614,0.08005860762214762,3,"HILL,HUGO,MiPOD"
COVER__5573.pgm,5573.pgm,COVER,0,${BOSSBASE_ROOT}\cover\5573.pgm,0.11496335505305161,0.491455078125,0.51220703125,0.491455078125,0.51220703125,-0.3764917230719484,0,0.038394017757618346,0.50537109375,0.5322265625,0.50537109375,0.5322265625,-0.46697707599238164,0,0.6432172466355996,0.50048828125,0.548828125,0.50048828125,0.548828125,0.14272896538559965,0,0.048948621716823605,0.52783203125,0.54833984375,0.52783203125,0.54833984375,-0.4788834095331764,0,0.707303624694514,0.4921875,0.62451171875,0.4921875,0.62451171875,0.21511612469451402,0,MiPOD,ATTRIBUTED,MiPOD,HILL,0.26114325903207647,0.18822539640710237,0.0729178626249741,2,"HILL,MiPOD"
COVER__9053.pgm,9053.pgm,COVER,0,${BOSSBASE_ROOT}\cover\9053.pgm,0.7078088014021495,0.491455078125,0.51220703125,0.491455078125,0.51220703125,0.21635372327714952,0,0.4954186767973817,0.50537109375,0.5322265625,0.50537109375,0.5322265625,-0.009952416952618282,0,0.3343720551482963,0.50048828125,0.548828125,0.50048828125,0.548828125,-0.16611622610170368,0,0.5208314402499647,0.52783203125,0.54833984375,0.52783203125,0.54833984375,-0.00700059100003525,0,0.5037745712381759,0.4921875,0.62451171875,0.4921875,0.62451171875,0.011587071238175928,1,WOW,ATTRIBUTED,WOW,MiPOD,0.25747070576086045,0.06158707123817593,0.19588363452268454,2,"WOW,MiPOD"
COVER__2157.pgm,2157.pgm,COVER,0,${BOSSBASE_ROOT}\cover\2157.pgm,0.014009566286403145,0.491455078125,0.51220703125,0.491455078125,0.51220703125,-0.47744551183859685,0,0.9655114724420827,0.50537109375,0.5322265625,0.50537109375,0.5322265625,0.4601403786920827,0,0.04061677774387981,0.50048828125,0.548828125,0.50048828125,0.548828125,-0.45987150350612016,0,0.01238378463726033,0.52783203125,0.54833984375,0.52783203125,0.54833984375,-0.5154482466127397,0,0.0009181900965849467,0.4921875,0.62451171875,0.4921875,0.62451171875,-0.49126930990341505,0,S-UNIWARD,ATTRIBUTED,S-UNIWARD,HILL,0.4925591655317496,-0.42830326508342453,0.9208624306151741,1,S-UNIWARD
COVER__8724.pgm,8724.pgm,COVER,0,${BOSSBASE_ROOT}\cover\8724.pgm,0.4697482987489747,0.491455078125,0.51220703125,0.491455078125,0.51220703125,-0.021706779376025276,0,0.5067020216719741,0.50537109375,0.5322265625,0.50537109375,0.5322265625,0.00133092792197409,1,0.5188509239039616,0.50048828125,0.548828125,0.50048828125,0.548828125,0.01836264265396159,1,0.508833919518201,0.52783203125,0.54833984375,0.52783203125,0.54833984375,-0.018998111731798994,0,0.5061642384491404,0.4921875,0.62451171875,0.4921875,0.62451171875,0.01397673844914038,1,HILL|MiPOD,AMBIGUOUS,HILL,MiPOD,0.0683626426539616,0.06397673844914038,0.004385904204821212,3,"S-UNIWARD,HILL,MiPOD"
COVER__6902.pgm,6902.pgm,COVER,0,${BOSSBASE_ROOT}\cover\6902.pgm,0.02843603304485266,0.491455078125,0.51220703125,0.491455078125,0.51220703125,-0.46301904508014735,0,0.4721510443145325,0.50537109375,0.5322265625,0.50537109375,0.5322265625,-0.033220049435467525,0,0.4783765330280427,0.50048828125,0.548828125,0.50048828125,0.548828125,-0.022111748221957273,0,0.6258955429415617,0.52783203125,0.54833984375,0.52783203125,0.54833984375,0.09806351169156169,0,0.4205400962586016,0.4921875,0.62451171875,0.4921875,0.62451171875,-0.07164740374139839,0,HUGO,ATTRIBUTED,HUGO,HILL,0.1443322857063129,0.02679479800564457,0.11753748770066832,1,HUGO
COVER__7422.pgm,7422.pgm,COVER,0,${BOSSBASE_ROOT}\cover\7422.pgm,0.011463797377996032,0.491455078125,0.51220703125,0.491455078125,0.51220703125,-0.479991280747004,0,0.019197449197580242,0.50537109375,0.5322265625,0.50537109375,0.5322265625,-0.48617364455241974,0,0.02084431561651897,0.50048828125,0.548828125,0.50048828125,0.548828125,-0.47964396563348105,0,0.010448625445116808,0.52783203125,0.54833984375,0.52783203125,0.54833984375,-0.5173834058048832,0,0.021287351793451054,0.4921875,0.62451171875,0.4921875,0.62451171875,-0.47090014820654896,0,UNKNOWN,UNKNOWN_OR_COVER,MiPOD,HILL,-0.43967815186929143,-0.4486937786743637,0.009015626805072285,0,
COVER__9355.pgm,9355.pgm,COVER,0,${BOSSBASE_ROOT}\cover\9355.pgm,0.7970833682925155,0.491455078125,0.51220703125,0.491455078125,0.51220703125,0.30562829016751547,0,0.08181271217150776,0.50537109375,0.5322265625,0.50537109375,0.5322265625,-0.42355838157849224,0,0.6022955337863223,0.50048828125,0.548828125,0.50048828125,0.548828125,0.10180725253632228,0,0.11596071825396677,0.52783203125,0.54833984375,0.52783203125,0.54833984375,-0.41187131299603325,0,0.6010082613116988,0.4921875,0.62451171875,0.4921875,0.62451171875,0.10882076131169882,1,WOW,ATTRIBUTED,WOW,MiPOD,0.3432336529863394,0.1588207613116988,0.1844128916746406,3,"WOW,HILL,MiPOD"
COVER__2559.pgm,2559.pgm,COVER,0,${BOSSBASE_ROOT}\cover\2559.pgm,0.5003962515955099,0.491455078125,0.51220703125,0.491455078125,0.51220703125,0.008941173470509933,1,0.5069728145231626,0.50537109375,0.5322265625,0.50537109375,0.5322265625,0.0016017207731625627,1,0.5058438500946018,0.50048828125,0.548828125,0.50048828125,0.548828125,0.005355568844601755,1,0.4905330529061475,0.52783203125,0.54833984375,0.52783203125,0.54833984375,-0.037298978343852485,0,0.5005955693289286,0.4921875,0.62451171875,0.4921875,0.62451171875,0.008408069328928569,1,WOW|MiPOD,AMBIGUOUS,WOW,MiPOD,0.058941173470509936,0.05840806932892857,0.0005331041415813642,4,"WOW,S-UNIWARD,HILL,MiPOD"
COVER__7438.pgm,7438.pgm,COVER,0,${BOSSBASE_ROOT}\cover\7438.pgm,0.008478401934677453,0.491455078125,0.51220703125,0.491455078125,0.51220703125,-0.48297667619032253,0,0.007907291504628555,0.50537109375,0.5322265625,0.50537109375,0.5322265625,-0.49746380224537146,0,0.008315778477474129,0.50048828125,0.548828125,0.50048828125,0.548828125,-0.4921725027725259,0,0.010013570623173138,0.52783203125,0.54833984375,0.52783203125,0.54833984375,-0.5178184606268269,0,0.009020279501402172,0.4921875,0.62451171875,0.4921875,0.62451171875,-0.48316722049859784,0,UNKNOWN,UNKNOWN_OR_COVER,WOW,MiPOD,-0.4521294655555656,-0.4523258870643022,0.00019642150873661057,0,
COVER__2297.pgm,2297.pgm,COVER,0,${BOSSBASE_ROOT}\cover\2297.pgm,0.6603914338601954,0.491455078125,0.51220703125,0.491455078125,0.51220703125,0.1689363557351954,0,0.5701518453560085,0.50537109375,0.5322265625,0.50537109375,0.5322265625,0.06478075160600849,0,0.5634380138870771,0.50048828125,0.548828125,0.50048828125,0.548828125,0.06294973263707715,0,0.5480688552581449,0.52783203125,0.54833984375,0.52783203125,0.54833984375,0.02023682400814486,1,0.5410148102432139,0.4921875,0.62451171875,0.4921875,0.62451171875,0.04882731024321385,1,WOW,ATTRIBUTED,WOW,S-UNIWARD,0.2120499604879768,0.11291999534300545,0.09912996514497135,5,"WOW,S-UNIWARD,HILL,HUGO,MiPOD"
COVER__6333.pgm,6333.pgm,COVER,0,${BOSSBASE_ROOT}\cover\6333.pgm,0.44670589814663275,0.491455078125,0.51220703125,0.491455078125,0.51220703125,-0.04474917997836725,0,0.5217757674630858,0.50537109375,0.5322265625,0.50537109375,0.5322265625,0.01640467371308585,1,0.5093830535740589,0.50048828125,0.548828125,0.50048828125,0.548828125,0.008894772324058886,1,0.4744789850239189,0.52783203125,0.54833984375,0.52783203125,0.54833984375,-0.05335304622608111,0,0.5295218963655688,0.4921875,0.62451171875,0.4921875,0.62451171875,0.03733439636556879,1,MiPOD|S-UNIWARD,AMBIGUOUS,MiPOD,S-UNIWARD,0.08733439636556879,0.06640467371308585,0.02092972265248294,3,"S-UNIWARD,HILL,MiPOD"
COVER__7783.pgm,7783.pgm,COVER,0,${BOSSBASE_ROOT}\cover\7783.pgm,0.00740301408887263,0.491455078125,0.51220703125,0.491455078125,0.51220703125,-0.4840520640361274,0,0.008916127052872005,0.50537109375,0.5322265625,0.50537109375,0.5322265625,-0.496454966697128,0,0.007968814953315289,0.50048828125,0.548828125,0.50048828125,0.548828125,-0.4925194662966847,0,0.007846239292520898,0.52783203125,0.54833984375,0.52783203125,0.54833984375,-0.5199857919574791,0,0.009340024385054083,0.4921875,0.62451171875,0.4921875,0.62451171875,-0.4828474756149459,0,UNKNOWN,UNKNOWN_OR_COVER,MiPOD,WOW,-0.45199627924535213,-0.45323800828638866,0.0012417290410365323,0,
COVER__3531.pgm,3531.pgm,COVER,0,${BOSSBASE_ROOT}\cover\3531.pgm,0.010611421330238862,0.491455078125,0.51220703125,0.491455078125,0.51220703125,-0.48084365679476115,0,0.17823957704961693,0.50537109375,0.5322265625,0.50537109375,0.5322265625,-0.3271315167003831,0,0.019087433820142514,0.50048828125,0.548828125,0.50048828125,0.548828125,-0.4814008474298575,0,0.01052971212461742,0.52783203125,0.54833984375,0.52783203125,0.54833984375,-0.5173023191253826,0,0.012053779516236447,0.4921875,0.62451171875,0.4921875,0.62451171875,-0.48013372048376357,0,UNKNOWN,UNKNOWN_OR_COVER,S-UNIWARD,MiPOD,-0.29108207096498734,-0.4491986878175795,0.15811661685259215,0,
COVER__5788.pgm,5788.pgm,COVER,0,${BOSSBASE_ROOT}\cover\5788.pgm,0.00834805380978326,0.491455078125,0.51220703125,0.491455078125,0.51220703125,-0.48310702431521674,0,0.008745181682035148,0.50537109375,0.5322265625,0.50537109375,0.5322265625,-0.49662591206796486,0,0.009340024385054083,0.50048828125,0.548828125,0.50048828125,0.548828125,-0.4911482568649459,0,0.007374365308237828,0.52783203125,0.54833984375,0.52783203125,0.54833984375,-0.5204576659417621,0,0.008315778477474129,0.4921875,0.62451171875,0.4921875,0.62451171875,-0.4838717215225259,0,UNKNOWN,UNKNOWN_OR_COVER,WOW,MiPOD,-0.4522638342944788,-0.4530521081873996,0.0007882738929207989,0,
COVER__1304.pgm,1304.pgm,COVER,0,${BOSSBASE_ROOT}\cover\1304.pgm,0.011029470022501837,0.491455078125,0.51220703125,0.491455078125,0.51220703125,-0.4804256081024982,0,0.009859855303538789,0.50537109375,0.5322265625,0.50537109375,0.5322265625,-0.4955112384464612,0,0.010408314101072437,0.50048828125,0.548828125,0.50048828125,0.548828125,-0.49007996714892754,0,0.009020279501402172,0.52783203125,0.54833984375,0.52783203125,0.54833984375,-0.5188117517485978,0,0.009783876017655003,0.4921875,0.62451171875,0.4921875,0.62451171875,-0.482403623982345,0,UNKNOWN,UNKNOWN_OR_COVER,WOW,MiPOD,-0.4494996036716553,-0.4515387312195165,0.0020391275478611748,0,
COVER__6971.pgm,6971.pgm,COVER,0,${BOSSBASE_ROOT}\cover\6971.pgm,0.00881316650304586,0.491455078125,0.51220703125,0.491455078125,0.51220703125,-0.48264191162195413,0,0.013584392513059033,0.50537109375,0.5322265625,0.50537109375,0.5322265625,-0.49178670123694096,0,0.010169657753872614,0.50048828125,0.548828125,0.50048828125,0.548828125,-0.49031862349612737,0,0.009412589587609823,0.52783203125,0.54833984375,0.52783203125,0.54833984375,-0.5184194416623902,0,0.009485713170795206,0.4921875,0.62451171875,0.4921875,0.62451171875,-0.4827017868292048,0,UNKNOWN,UNKNOWN_OR_COVER,WOW,MiPOD,-0.45178437270536875,-0.45184609545884563,6.172275347687828e-05,0,
COVER__2697.pgm,2697.pgm,COVER,0,${BOSSBASE_ROOT}\cover\2697.pgm,0.01238378463726033,0.491455078125,0.51220703125,0.491455078125,0.51220703125,-0.4790712934877397,0,0.006984649917134321,0.50537109375,0.5322265625,0.50537109375,0.5322265625,-0.4983864438328657,0,0.020804489950607352,0.50048828125,0.548828125,0.50048828125,0.548828125,-0.47968379129939265,0,0.008881675100847034,0.52783203125,0.54833984375,0.52783203125,0.54833984375,-0.518950356149153,0,0.010818448652863185,0.4921875,0.62451171875,0.4921875,0.62451171875,-0.4813690513471368,0,UNKNOWN,UNKNOWN_OR_COVER,WOW,HILL,-0.44810337714256715,-0.4487348369275366,0.0006314597849694237,0,
COVER__5267.pgm,5267.pgm,COVER,0,${BOSSBASE_ROOT}\cover\5267.pgm,0.014227046103179024,0.491455078125,0.51220703125,0.491455078125,0.51220703125,-0.47722803202182096,0,0.013848610215564576,0.50537109375,0.5322265625,0.50537109375,0.5322265625,-0.49152248353443545,0,0.017176709012318405,0.50048828125,0.548828125,0.50048828125,0.548828125,-0.4833115722376816,0,0.011331753531361453,0.52783203125,0.54833984375,0.52783203125,0.54833984375,-0.5165002777186386,0,0.018334452089518293,0.4921875,0.62451171875,0.4921875,0.62451171875,-0.4738530479104817,0,UNKNOWN,UNKNOWN_OR_COVER,MiPOD,WOW,-0.44272311100893086,-0.44620298106893597,0.003479870060005108,0,
COVER__7157.pgm,7157.pgm,COVER,0,${BOSSBASE_ROOT}\cover\7157.pgm,0.010735162609090678,0.491455078125,0.51220703125,0.491455078125,0.51220703125,-0.4807199155159093,0,0.013325147705881429,0.50537109375,0.5322265625,0.50537109375,0.5322265625,-0.49204594604411855,0,0.022629200033037256,0.50048828125,0.548828125,0.50048828125,0.548828125,-0.47785908121696274,0,0.008380453351026062,0.52783203125,0.54833984375,0.52783203125,0.54833984375,-0.5194515778989739,0,0.01805533497349937,0.4921875,0.62451171875,0.4921875,0.62451171875,-0.47413216502650063,0,UNKNOWN,UNKNOWN_OR_COVER,MiPOD,HILL,-0.44301091581066226,-0.44685360242136424,0.003842686610701973,0,
COVER__6962.pgm,6962.pgm,COVER,0,${BOSSBASE_ROOT}\cover\6962.pgm,0.009303949868393646,0.491455078125,0.51220703125,0.491455078125,0.51220703125,-0.48215112825660633,0,0.009708476481474066,0.50537109375,0.5322265625,0.50537109375,0.5322265625,-0.49566261726852595,0,0.008251598569085517,0.50048828125,0.548828125,0.50048828125,0.548828125,-0.4922366826809145,0,0.008412977570977689,0.52783203125,0.54833984375,0.52783203125,0.54833984375,-0.5194190536790223,0,0.007431773334291191,0.4921875,0.62451171875,0.4921875,0.62451171875,-0.4847557266657088,0,UNKNOWN,UNKNOWN_OR_COVER,WOW,MiPOD,-0.45127844125631544,-0.4539633459886034,0.0026849047322879405,0,
COVER__7328.pgm,7328.pgm,COVER,0,${BOSSBASE_ROOT}\cover\7328.pgm,0.01990878845878449,0.491455078125,0.51220703125,0.491455078125,0.51220703125,-0.47154628966621553,0,0.03365296431850364,0.50537109375,0.5322265625,0.50537109375,0.5322265625,-0.4717181294314964,0,0.0062899021368924835,0.50048828125,0.548828125,0.50048828125,0.548828125,-0.4941983791131075,0,0.0886623504473337,0.52783203125,0.54833984375,0.52783203125,0.54833984375,-0.4391696808026663,0,0.08787643811186902,0.4921875,0.62451171875,0.4921875,0.62451171875,-0.404311061888131,0,UNKNOWN,UNKNOWN_OR_COVER,MiPOD,HUGO,-0.3709392381418773,-0.40694111085477563,0.03600187271289834,0,
COVER__5614.pgm,5614.pgm,COVER,0,${BOSSBASE_ROOT}\cover\5614.pgm,0.012673735693033067,0.491455078125,0.51220703125,0.491455078125,0.51220703125,-0.4787813424319669,0,0.01028830113371619,0.50537109375,0.5322265625,0.50537109375,0.5322265625,-0.4950827926162838,0,0.008985428752560176,0.50048828125,0.548828125,0.50048828125,0.548828125,-0.4915028524974398,0,0.008511303026562552,0.52783203125,0.54833984375,0.52783203125,0.54833984375,-0.5193207282234374,0,0.01005236865796813,0.4921875,0.62451171875,0.4921875,0.62451171875,-0.4821351313420319,0,UNKNOWN,UNKNOWN_OR_COVER,WOW,MiPOD,-0.4478044456048678,-0.4512619504700542,0.003457504865186367,0,
COVER__2145.pgm,2145.pgm,COVER,0,${BOSSBASE_ROOT}\cover\2145.pgm,0.010818448652863185,0.491455078125,0.51220703125,0.491455078125,0.51220703125,-0.4806366294721368,0,0.02479816019558566,0.50537109375,0.5322265625,0.50537109375,0.5322265625,-0.4805729335544143,0,0.037467506898573595,0.50048828125,0.548828125,0.50048828125,0.548828125,-0.4630207743514264,0,0.056966382144208905,0.52783203125,0.54833984375,0.52783203125,0.54833984375,-0.4708656491057911,0,0.015603534790203506,0.4921875,0.62451171875,0.4921875,0.62451171875,-0.4765839652097965,0,UNKNOWN,UNKNOWN_OR_COVER,HILL,HUGO,-0.43155179648041425,-0.4396425756191558,0.008090779138741566,0,
COVER__94.pgm,94.pgm,COVER,0,${BOSSBASE_ROOT}\cover\94.pgm,0.3139453676293908,0.491455078125,0.51220703125,0.491455078125,0.51220703125,-0.1775097104956092,0,0.07120272707185868,0.50537109375,0.5322265625,0.50537109375,0.5322265625,-0.4341683666781413,0,0.6493562957124066,0.50048828125,0.548828125,0.50048828125,0.548828125,0.1488680144624066,0,0.28120817254895675,0.52783203125,0.54833984375,0.52783203125,0.54833984375,-0.24662385870104325,0,0.505515828475658,0.4921875,0.62451171875,0.4921875,0.62451171875,0.013328328475658013,1,HILL,ATTRIBUTED,HILL,MiPOD,0.19408599624234238,0.06332832847565802,0.13075766776668435,2,"HILL,MiPOD"
COVER__1274.pgm,1274.pgm,COVER,0,${BOSSBASE_ROOT}\cover\1274.pgm,0.24508501313237172,0.491455078125,0.51220703125,0.491455078125,0.51220703125,-0.24637006499262828,0,0.4386348975962049,0.50537109375,0.5322265625,0.50537109375,0.5322265625,-0.06673619615379511,0,0.3993430562286849,0.50048828125,0.548828125,0.50048828125,0.548828125,-0.10114522502131512,0,0.0055982486146598995,0.52783203125,0.54833984375,0.52783203125,0.54833984375,-0.5222337826353401,0,0.49424387613630516,0.4921875,0.62451171875,0.4921875,0.62451171875,0.0020563761363051603,1,MiPOD,ATTRIBUTED,MiPOD,S-UNIWARD,0.05205637613630516,-0.01996409905519636,0.07202047519150152,1,MiPOD
COVER__7430.pgm,7430.pgm,COVER,0,${BOSSBASE_ROOT}\cover\7430.pgm,0.6445607764067608,0.491455078125,0.51220703125,0.491455078125,0.51220703125,0.1531056982817608,0,0.5257797317055783,0.50537109375,0.5322265625,0.50537109375,0.5322265625,0.020408637955578346,1,0.4306261649447302,0.50048828125,0.548828125,0.50048828125,0.548828125,-0.06986211630526978,0,4.628152165641426e-07,0.52783203125,0.54833984375,0.52783203125,0.54833984375,-0.5278315684347834,0,0.8953397977385916,0.4921875,0.62451171875,0.4921875,0.62451171875,0.4031522977385916,0,MiPOD,ATTRIBUTED,MiPOD,WOW,0.44128967861235935,0.1969072507078094,0.24438242790454995,3,"WOW,S-UNIWARD,MiPOD"
COVER__1621.pgm,1621.pgm,COVER,0,${BOSSBASE_ROOT}\cover\1621.pgm,0.011687257995694434,0.491455078125,0.51220703125,0.491455078125,0.51220703125,-0.4797678201293056,0,0.39053394554406223,0.50537109375,0.5322265625,0.50537109375,0.5322265625,-0.11483714820593777,0,0.00834805380978326,0.50048828125,0.548828125,0.50048828125,0.548828125,-0.49214022744021674,0,0.02037129400865451,0.52783203125,0.54833984375,0.52783203125,0.54833984375,-0.5074607372413454,0,0.0143370304240108,0.4921875,0.62451171875,0.4921875,0.62451171875,-0.4778504695759892,0,UNKNOWN,UNKNOWN_OR_COVER,S-UNIWARD,MiPOD,-0.07026158239078753,-0.4468447237711894,0.37658314138040183,0,
COVER__6853.pgm,6853.pgm,COVER,0,${BOSSBASE_ROOT}\cover\6853.pgm,0.36003889990514726,0.491455078125,0.51220703125,0.491455078125,0.51220703125,-0.13141617821985274,0,0.5040930787322735,0.50537109375,0.5322265625,0.50537109375,0.5322265625,-0.0012780150177265082,0,0.46128977959716344,0.50048828125,0.548828125,0.50048828125,0.548828125,-0.03919850165283656,0,0.5381338104068217,0.52783203125,0.54833984375,0.52783203125,0.54833984375,0.010301779156821733,1,0.5222935586824242,0.4921875,0.62451171875,0.4921875,0.62451171875,0.03010605868242422,1,MiPOD|HUGO,AMBIGUOUS,MiPOD,HUGO,0.08010605868242422,0.060301779156821736,0.019804279525602486,2,"HUGO,MiPOD"
COVER__206.pgm,206.pgm,COVER,0,${BOSSBASE_ROOT}\cover\206.pgm,0.01013041166358438,0.491455078125,0.51220703125,0.491455078125,0.51220703125,-0.48132466646141564,0,0.011331753531361453,0.50537109375,0.5322265625,0.50537109375,0.5322265625,-0.49403934021863855,0,0.016340128093601535,0.50048828125,0.548828125,0.50048828125,0.548828125,-0.4841481531563985,0,0.012288597529701977,0.52783203125,0.54833984375,0.52783203125,0.54833984375,-0.515543433720298,0,0.011463797377996032,0.4921875,0.62451171875,0.4921875,0.62451171875,-0.480723702622004,0,UNKNOWN,UNKNOWN_OR_COVER,MiPOD,WOW,-0.449806915689681,-0.45042645381827273,0.0006195381285917234,0,
COVER__622.pgm,622.pgm,COVER,0,${BOSSBASE_ROOT}\cover\622.pgm,0.009821792919693043,0.491455078125,0.51220703125,0.491455078125,0.51220703125,-0.48163328520530696,0,0.009974920824078675,0.50537109375,0.5322265625,0.50537109375,0.5322265625,-0.4953961729259213,0,0.009821792919693043,0.50048828125,0.548828125,0.50048828125,0.548828125,-0.49066648833030696,0,0.008916127052872005,0.52783203125,0.54833984375,0.52783203125,0.54833984375,-0.518915904197128,0,0.010368156650788152,0.4921875,0.62451171875,0.4921875,0.62451171875,-0.48181934334921184,0,UNKNOWN,UNKNOWN_OR_COVER,WOW,MiPOD,-0.45074460685843154,-0.450936411557884,0.00019180469945245804,0,
COVER__8375.pgm,8375.pgm,COVER,0,${BOSSBASE_ROOT}\cover\8375.pgm,0.012624949281564409,0.491455078125,0.51220703125,0.491455078125,0.51220703125,-0.47883012884343557,0,0.053107904016167655,0.50537109375,0.5322265625,0.50537109375,0.5322265625,-0.45226318973383234,0,0.383872245790174,0.50048828125,0.548828125,0.50048828125,0.548828125,-0.11661603545982602,0,0.01495708659314999,0.52783203125,0.54833984375,0.52783203125,0.54833984375,-0.51287494465685,0,0.6896192456528228,0.4921875,0.62451171875,0.4921875,0.62451171875,0.19743174565282284,0,MiPOD,ATTRIBUTED,MiPOD,HILL,0.24428008109443983,-0.0721196940639926,0.31639977515843243,1,MiPOD
COVER__9048.pgm,9048.pgm,COVER,0,${BOSSBASE_ROOT}\cover\9048.pgm,0.509772009908631,0.491455078125,0.51220703125,0.491455078125,0.51220703125,0.01831693178363103,1,0.8048664532049786,0.50537109375,0.5322265625,0.50537109375,0.5322265625,0.2994953594549786,0,0.6739431964191891,0.50048828125,0.548828125,0.50048828125,0.548828125,0.1734549151691891,0,0.5149567790659224,0.52783203125,0.54833984375,0.52783203125,0.54833984375,-0.01287525218407759,0,0.6128311426520441,0.4921875,0.62451171875,0.4921875,0.62451171875,0.12064364265204408,1,S-UNIWARD,ATTRIBUTED,S-UNIWARD,HILL,0.33756370513351963,0.2175746830819952,0.11998902205152442,4,"WOW,S-UNIWARD,HILL,MiPOD"
COVER__6604.pgm,6604.pgm,COVER,0,${BOSSBASE_ROOT}\cover\6604.pgm,0.35880227401070963,0.491455078125,0.51220703125,0.491455078125,0.51220703125,-0.13265280411429037,0,0.4879860164784222,0.50537109375,0.5322265625,0.50537109375,0.5322265625,-0.017385077271577787,0,0.43686227253555665,0.50048828125,0.548828125,0.50048828125,0.548828125,-0.06362600871444335,0,0.5916642580475042,0.52783203125,0.54833984375,0.52783203125,0.54833984375,0.06383222679750422,0,0.4975471693346967,0.4921875,0.62451171875,0.4921875,0.62451171875,0.005359669334696726,1,HUGO,ATTRIBUTED,HUGO,MiPOD,0.11171226081342514,0.05535966933469673,0.05635259147872841,2,"HUGO,MiPOD"
COVER__2902.pgm,2902.pgm,COVER,0,${BOSSBASE_ROOT}\cover\2902.pgm,0.40086662532547374,0.491455078125,0.51220703125,0.491455078125,0.51220703125,-0.09058845279952626,0,0.012479699745327848,0.50537109375,0.5322265625,0.50537109375,0.5322265625,-0.49289139400467213,0,0.6813028462770989,0.50048828125,0.548828125,0.50048828125,0.548828125,0.18081456502709892,0,0.03581319175548077,0.52783203125,0.54833984375,0.52783203125,0.54833984375,-0.49201883949451924,0,0.1758209177336658,0.4921875,0.62451171875,0.4921875,0.62451171875,-0.3163665822663342,0,HILL,ATTRIBUTED,HILL,WOW,0.22461081883178002,-0.04491877589391709,0.2695295947256971,1,HILL
COVER__3589.pgm,3589.pgm,COVER,0,${BOSSBASE_ROOT}\cover\3589.pgm,0.011331753531361453,0.491455078125,0.51220703125,0.491455078125,0.51220703125,-0.48012332459363855,0,0.009898063716023652,0.50537109375,0.5322265625,0.50537109375,0.5322265625,-0.49547303003397636,0,0.012479699745327848,0.50048828125,0.548828125,0.50048828125,0.548828125,-0.48800858150467213,0,0.01307078477418707,0.52783203125,0.54833984375,0.52783203125,0.54833984375,-0.5147612464758129,0,0.012194133037590526,0.4921875,0.62451171875,0.4921875,0.62451171875,-0.47999336696240946,0,UNKNOWN,UNKNOWN_OR_COVER,MiPOD,WOW,-0.4490539921507469,-0.4491879703285822,0.0001339781778353366,0,
COVER__7348.pgm,7348.pgm,COVER,0,${BOSSBASE_ROOT}\cover\7348.pgm,0.008677716704989246,0.491455078125,0.51220703125,0.491455078125,0.51220703125,-0.48277736142001076,0,0.011463797377996032,0.50537109375,0.5322265625,0.50537109375,0.5322265625,-0.493907296372004,0,0.009974920824078675,0.50048828125,0.548828125,0.50048828125,0.548828125,-0.4905133604259213,0,0.008187909901696235,0.52783203125,0.54833984375,0.52783203125,0.54833984375,-0.5196441213483037,0,0.008219693061967886,0.4921875,0.62451171875,0.4921875,0.62451171875,-0.4839678069380321,0,UNKNOWN,UNKNOWN_OR_COVER,WOW,MiPOD,-0.45192400186778675,-0.4531511547759938,0.0012271529082070742,0,
COVER__8332.pgm,8332.pgm,COVER,0,${BOSSBASE_ROOT}\cover\8332.pgm,0.3618409462617462,0.491455078125,0.51220703125,0.491455078125,0.51220703125,-0.12961413186325382,0,0.03767939123112169,0.50537109375,0.5322265625,0.50537109375,0.5322265625,-0.4676917025188783,0,0.28816828925354526,0.50048828125,0.548828125,0.50048828125,0.548828125,-0.21231999199645474,0,0.013584392513059033,0.52783203125,0.54833984375,0.52783203125,0.54833984375,-0.514247638736941,0,0.03934250326425821,0.4921875,0.62451171875,0.4921875,0.62451171875,-0.4528449967357418,0,UNKNOWN,UNKNOWN_OR_COVER,WOW,HILL,-0.08569241559583124,-0.17188469815893637,0.08619228256310513,0,
COVER__1110.pgm,1110.pgm,COVER,0,${BOSSBASE_ROOT}\cover\1110.pgm,0.01124456072066409,0.491455078125,0.51220703125,0.491455078125,0.51220703125,-0.4802105174043359,0,0.01374232049590237,0.50537109375,0.5322265625,0.50537109375,0.5322265625,-0.49162877325409765,0,0.010611421330238862,0.50048828125,0.548828125,0.50048828125,0.548828125,-0.48987685991976115,0,0.012527931992744795,0.52783203125,0.54833984375,0.52783203125,0.54833984375,-0.5153040992572552,0,0.032589744766025344,0.4921875,0.62451171875,0.4921875,0.62451171875,-0.45959775523397467,0,UNKNOWN,UNKNOWN_OR_COVER,MiPOD,WOW,-0.42802087387761606,-0.4492778603621769,0.021256986484560814,0,
COVER__2767.pgm,2767.pgm,COVER,0,${BOSSBASE_ROOT}\cover\2767.pgm,0.5088873085082208,0.491455078125,0.51220703125,0.491455078125,0.51220703125,0.017432230383220837,1,0.5084601910141021,0.50537109375,0.5322265625,0.50537109375,0.5322265625,0.003089097264102114,1,0.5042914290424823,0.50048828125,0.548828125,0.50048828125,0.548828125,0.003803147792482253,1,0.4999934285879139,0.52783203125,0.54833984375,0.52783203125,0.54833984375,-0.027838602662086098,0,0.5035075565963033,0.4921875,0.62451171875,0.4921875,0.62451171875,0.011320056596303307,1,WOW|MiPOD,AMBIGUOUS,WOW,MiPOD,0.06743223038322084,0.06132005659630331,0.00611217378691753,4,"WOW,S-UNIWARD,HILL,MiPOD"
COVER__5836.pgm,5836.pgm,COVER,0,${BOSSBASE_ROOT}\cover\5836.pgm,0.0258096220343115,0.491455078125,0.51220703125,0.491455078125,0.51220703125,-0.4656454560906885,0,0.032589744766025344,0.50537109375,0.5322265625,0.50537109375,0.5322265625,-0.47278134898397467,0,0.7231139840929408,0.50048828125,0.548828125,0.50048828125,0.548828125,0.2226257028429408,0,0.048047358605688754,0.52783203125,0.54833984375,0.52783203125,0.54833984375,-0.47978467264431124,0,0.5286855065736389,0.4921875,0.62451171875,0.4921875,0.62451171875,0.036498006573638886,1,HILL,ATTRIBUTED,HILL,MiPOD,0.2646285391168809,0.08649800657363889,0.17813053254324202,2,"HILL,MiPOD"
COVER__5266.pgm,5266.pgm,COVER,0,${BOSSBASE_ROOT}\cover\5266.pgm,0.4999582767487541,0.491455078125,0.51220703125,0.491455078125,0.51220703125,0.008503198623754094,1,0.5078080505126553,0.50537109375,0.5322265625,0.50537109375,0.5322265625,0.002436956762655318,1,0.5097186244350016,0.50048828125,0.548828125,0.50048828125,0.548828125,0.0092303431850016,1,0.4941408932061685,0.52783203125,0.54833984375,0.52783203125,0.54833984375,-0.0336911380438315,0,0.4819871688320688,0.4921875,0.62451171875,0.4921875,0.62451171875,-0.010200331167931176,0,HILL|WOW,AMBIGUOUS,HILL,WOW,0.0592303431850016,0.058503198623754096,0.0007271445612475058,3,"WOW,S-UNIWARD,HILL"
COVER__4766.pgm,4766.pgm,COVER,0,${BOSSBASE_ROOT}\cover\4766.pgm,0.20561503957001773,0.491455078125,0.51220703125,0.491455078125,0.51220703125,-0.2858400385549823,0,0.35164496252505817,0.50537109375,0.5322265625,0.50537109375,0.5322265625,-0.15372613122494183,0,0.33274390532140496,0.50048828125,0.548828125,0.50048828125,0.548828125,-0.16774437592859504,0,0.6049241701081643,0.52783203125,0.54833984375,0.52783203125,0.54833984375,0.07709213885816435,0,0.7104274451600889,0.4921875,0.62451171875,0.4921875,0.62451171875,0.21823994516008893,0,MiPOD,ATTRIBUTED,MiPOD,HUGO,0.2641235233320181,0.12434147855018159,0.13978204478183653,2,"HUGO,MiPOD"
COVER__3020.pgm,3020.pgm,COVER,0,${BOSSBASE_ROOT}\cover\3020.pgm,0.008061991528271641,0.491455078125,0.51220703125,0.491455078125,0.51220703125,-0.48339308659672836,0,0.011961098249809548,0.50537109375,0.5322265625,0.50537109375,0.5322265625,-0.49340999550019043,0,0.008544330693441928,0.50048828125,0.548828125,0.50048828125,0.548828125,-0.4919439505565581,0,0.01077672605008006,0.52783203125,0.54833984375,0.52783203125,0.54833984375,-0.5170553051999199,0,0.009559399347091532,0.4921875,0.62451171875,0.4921875,0.62451171875,-0.48262810065290845,0,UNKNOWN,UNKNOWN_OR_COVER,MiPOD,WOW,-0.4517701355608653,-0.452558718387443,0.0007885828265776773,0,
COVER__4111.pgm,4111.pgm,COVER,0,${BOSSBASE_ROOT}\cover\4111.pgm,0.5077241474194449,0.491455078125,0.51220703125,0.491455078125,0.51220703125,0.016269069294444938,1,0.48744465651010466,0.50537109375,0.5322265625,0.50537109375,0.5322265625,-0.017926437239895343,0,0.5098482744840169,0.50048828125,0.548828125,0.50048828125,0.548828125,0.009359993234016928,1,0.5042036973374041,0.52783203125,0.54833984375,0.52783203125,0.54833984375,-0.02362833391259589,0,0.5048673999469862,0.4921875,0.62451171875,0.4921875,0.62451171875,0.01267989994698615,1,WOW|MiPOD,AMBIGUOUS,WOW,MiPOD,0.06626906929444494,0.06267989994698615,0.003589169347458787,3,"WOW,HILL,MiPOD"
COVER__5442.pgm,5442.pgm,COVER,0,${BOSSBASE_ROOT}\cover\5442.pgm,0.0077555367808475675,0.491455078125,0.51220703125,0.491455078125,0.51220703125,-0.48369954134415244,0,0.005620036400026994,0.50537109375,0.5322265625,0.50537109375,0.5322265625,-0.499751057349973,0,0.009633652359446519,0.50048828125,0.548828125,0.50048828125,0.548828125,-0.4908546288905535,0,0.011072160183234295,0.52783203125,0.54833984375,0.52783203125,0.54833984375,-0.5167598710667657,0,0.014392336369436931,0.4921875,0.62451171875,0.4921875,0.62451171875,-0.47779516363056307,0,UNKNOWN,UNKNOWN_OR_COVER,MiPOD,WOW,-0.44678770297625764,-0.4528746210256392,0.006086918049381551,0,
COVER__4011.pgm,4011.pgm,COVER,0,${BOSSBASE_ROOT}\cover\4011.pgm,0.10356715633550771,0.491455078125,0.51220703125,0.491455078125,0.51220703125,-0.3878879217894923,0,0.5245316787961203,0.50537109375,0.5322265625,0.50537109375,0.5322265625,0.019160585046120282,1,0.5085898530161819,0.50048828125,0.548828125,0.50048828125,0.548828125,0.00810157176618187,1,0.5231767384159393,0.52783203125,0.54833984375,0.52783203125,0.54833984375,-0.0046552928340607425,0,0.4948579693744451,0.4921875,0.62451171875,0.4921875,0.62451171875,0.0026704693744450947,1,S-UNIWARD|HILL,AMBIGUOUS,S-UNIWARD,HILL,0.06916058504612028,0.05810157176618187,0.011059013279938412,3,"S-UNIWARD,HILL,MiPOD"
COVER__111.pgm,111.pgm,COVER,0,${BOSSBASE_ROOT}\cover\111.pgm,0.5910152768276961,0.491455078125,0.51220703125,0.491455078125,0.51220703125,0.09956019870269606,0,0.5530828961822499,0.50537109375,0.5322265625,0.50537109375,0.5322265625,0.04771180243224993,0,0.5172660812081337,0.50048828125,0.548828125,0.50048828125,0.548828125,0.016777799958133666,1,0.46514451727920536,0.52783203125,0.54833984375,0.52783203125,0.54833984375,-0.06268751397079464,0,0.5268905327339949,0.4921875,0.62451171875,0.4921875,0.62451171875,0.03470303273399489,1,WOW,ATTRIBUTED,WOW,S-UNIWARD,0.1457710552115177,0.0966797852051699,0.049091270006347804,4,"WOW,S-UNIWARD,HILL,MiPOD"
COVER__1805.pgm,1805.pgm,COVER,0,${BOSSBASE_ROOT}\cover\1805.pgm,0.01020905431880827,0.491455078125,0.51220703125,0.491455078125,0.51220703125,-0.48124602380619175,0,0.010328152519305191,0.50537109375,0.5322265625,0.50537109375,0.5322265625,-0.4950429412306948,0,0.009936418705946226,0.50048828125,0.548828125,0.50048828125,0.548828125,-0.49055186254405375,0,0.008847355082930386,0.52783203125,0.54833984375,0.52783203125,0.54833984375,-0.5189846761670696,0,0.016090874192824428,0.4921875,0.62451171875,0.4921875,0.62451171875,-0.4760966258071756,0,UNKNOWN,UNKNOWN_OR_COVER,MiPOD,WOW,-0.44503645305406786,-0.4503453811500148,0.005308928095946963,0,
COVER__6826.pgm,6826.pgm,COVER,0,${BOSSBASE_ROOT}\cover\6826.pgm,0.012053779516236447,0.491455078125,0.51220703125,0.491455078125,0.51220703125,-0.47940129860876357,0,0.01077672605008006,0.50537109375,0.5322265625,0.50537109375,0.5322265625,-0.49459436769991993,0,0.015130728307193727,0.50048828125,0.548828125,0.50048828125,0.548828125,-0.48535755294280625,0,0.009746104052554064,0.52783203125,0.54833984375,0.52783203125,0.54833984375,-0.518085927197446,0,0.012722708199923246,0.4921875,0.62451171875,0.4921875,0.62451171875,-0.47946479180007673,0,UNKNOWN,UNKNOWN_OR_COVER,WOW,MiPOD,-0.4484436001485025,-0.4485090588804867,6.54587319842137e-05,0,
COVER__4249.pgm,4249.pgm,COVER,0,${BOSSBASE_ROOT}\cover\4249.pgm,0.49515167173889074,0.491455078125,0.51220703125,0.491455078125,0.51220703125,0.003696593613890742,1,0.5053975869455306,0.50537109375,0.5322265625,0.50537109375,0.5322265625,2.6493195530608027e-05,1,0.4872235460499965,0.50048828125,0.548828125,0.50048828125,0.548828125,-0.013264735200003486,0,0.5201459478287145,0.52783203125,0.54833984375,0.52783203125,0.54833984375,-0.007686083421285517,0,0.49023561657398396,0.4921875,0.62451171875,0.4921875,0.62451171875,-0.0019518834260160434,0,WOW|S-UNIWARD,AMBIGUOUS,WOW,S-UNIWARD,0.053696593613890745,0.05002649319553061,0.003670100418360134,2,"WOW,S-UNIWARD"
COVER__1668.pgm,1668.pgm,COVER,0,${BOSSBASE_ROOT}\cover\1668.pgm,0.014672034915237494,0.491455078125,0.51220703125,0.491455078125,0.51220703125,-0.4767830432097625,0,0.03494669711152705,0.50537109375,0.5322265625,0.50537109375,0.5322265625,-0.47042439663847296,0,0.12095702846131733,0.50048828125,0.548828125,0.50048828125,0.548828125,-0.37953125278868266,0,0.011823394836370594,0.52783203125,0.54833984375,0.52783203125,0.54833984375,-0.5160086364136294,0,0.7833262058913498,0.4921875,0.62451171875,0.4921875,0.62451171875,0.2911387058913498,0,MiPOD,ATTRIBUTED,MiPOD,HILL,0.3337964366633975,-0.3453221506645348,0.6791185873279323,1,MiPOD
COVER__5546.pgm,5546.pgm,COVER,0,${BOSSBASE_ROOT}\cover\5546.pgm,0.018159511710261943,0.491455078125,0.51220703125,0.491455078125,0.51220703125,-0.4732955664147381,0,0.02060647613543601,0.50537109375,0.5322265625,0.50537109375,0.5322265625,-0.48476461761456396,0,0.8951566359697456,0.50048828125,0.548828125,0.50048828125,0.548828125,0.3946683547197456,0,0.0321614462901774,0.52783203125,0.54833984375,0.52783203125,0.54833984375,-0.4956705849598226,0,0.6630146910265695,0.4921875,0.62451171875,0.4921875,0.62451171875,0.1708271910265695,0,HILL,ATTRIBUTED,HILL,MiPOD,0.4300323597030584,0.21893863326283539,0.21109372644022303,2,"HILL,MiPOD"
COVER__8769.pgm,8769.pgm,COVER,0,${BOSSBASE_ROOT}\cover\8769.pgm,0.5278641671119793,0.491455078125,0.51220703125,0.491455078125,0.51220703125,0.036409088986979254,0,0.5259471292816668,0.50537109375,0.5322265625,0.50537109375,0.5322265625,0.02057603553166676,1,0.5209380654198266,0.50048828125,0.548828125,0.50048828125,0.548828125,0.020449784169826568,1,0.5170984327434966,0.52783203125,0.54833984375,0.52783203125,0.54833984375,-0.01073359850650335,0,0.5432267799214107,0.4921875,0.62451171875,0.4921875,0.62451171875,0.05103927992141066,1,MiPOD|WOW,AMBIGUOUS,MiPOD,WOW,0.10103927992141067,0.08563232898058604,0.015406950940824629,4,"WOW,S-UNIWARD,HILL,MiPOD"
COVER__8173.pgm,8173.pgm,COVER,0,${BOSSBASE_ROOT}\cover\8173.pgm,0.5029868724287512,0.491455078125,0.51220703125,0.491455078125,0.51220703125,0.011531794303751175,1,0.5122961042852984,0.50537109375,0.5322265625,0.50537109375,0.5322265625,0.00692501053529837,1,0.5180128311679311,0.50048828125,0.548828125,0.50048828125,0.548828125,0.017524549917931065,1,0.5158333274279648,0.52783203125,0.54833984375,0.52783203125,0.54833984375,-0.011998703822035162,0,0.5236639483135205,0.4921875,0.62451171875,0.4921875,0.62451171875,0.03147644831352048,1,MiPOD|HILL,AMBIGUOUS,MiPOD,HILL,0.08147644831352048,0.06752454991793107,0.013951898395589413,4,"WOW,S-UNIWARD,HILL,MiPOD"
COVER__5174.pgm,5174.pgm,COVER,0,${BOSSBASE_ROOT}\cover\5174.pgm,0.007815888789288626,0.491455078125,0.51220703125,0.491455078125,0.51220703125,-0.4836391893357114,0,0.007121428745735101,0.50537109375,0.5322265625,0.50537109375,0.5322265625,-0.4982496650042649,0,0.007999754508377905,0.50048828125,0.548828125,0.50048828125,0.548828125,-0.4924885267416221,0,0.007876706716587462,0.52783203125,0.54833984375,0.52783203125,0.54833984375,-0.5199553245334125,0,0.006589771663080563,0.4921875,0.62451171875,0.4921875,0.62451171875,-0.48559772833691944,0,UNKNOWN,UNKNOWN_OR_COVER,WOW,MiPOD,-0.45281240861520794,-0.4548312639834796,0.002018855368271677,0,
COVER__2632.pgm,2632.pgm,COVER,0,${BOSSBASE_ROOT}\cover\2632.pgm,0.008644177936723585,0.491455078125,0.51220703125,0.491455078125,0.51220703125,-0.48281090018827644,0,0.008847355082930386,0.50537109375,0.5322265625,0.50537109375,0.5322265625,-0.4965237386670696,0,0.009055264186722086,0.50048828125,0.548828125,0.50048828125,0.548828125,-0.4914330170632779,0,0.008745181682035148,0.52783203125,0.54833984375,0.52783203125,0.54833984375,-0.5190868495679648,0,0.00959645473238191,0.4921875,0.62451171875,0.4921875,0.62451171875,-0.4825910452676181,0,UNKNOWN,UNKNOWN_OR_COVER,MiPOD,WOW,-0.4517319367006034,-0.45195857540237616,0.00022663870177275225,0,
COVER__9570.pgm,9570.pgm,COVER,0,${BOSSBASE_ROOT}\cover\9570.pgm,0.2710586985011933,0.491455078125,0.51220703125,0.491455078125,0.51220703125,-0.2203963796238067,0,0.9193533851235517,0.50537109375,0.5322265625,0.50537109375,0.5322265625,0.4139822913735517,0,0.03986249410726427,0.50048828125,0.548828125,0.50048828125,0.548828125,-0.4606257871427357,0,0.798344041156527,0.52783203125,0.54833984375,0.52783203125,0.54833984375,0.270512009906527,0,0.7754347993711259,0.4921875,0.62451171875,0.4921875,0.62451171875,0.2832472993711259,0,S-UNIWARD,ATTRIBUTED,S-UNIWARD,MiPOD,0.4479325401872197,0.32624299137881896,0.12168954880840072,3,"S-UNIWARD,HUGO,MiPOD"
COVER__6088.pgm,6088.pgm,COVER,0,${BOSSBASE_ROOT}\cover\6088.pgm,0.008745181682035148,0.491455078125,0.51220703125,0.491455078125,0.51220703125,-0.48270989644296486,0,0.007345826574477061,0.50537109375,0.5322265625,0.50537109375,0.5322265625,-0.4980252671755229,0,0.006145092084085153,0.50048828125,0.548828125,0.50048828125,0.548828125,-0.49434318916591485,0,0.009340024385054083,0.52783203125,0.54833984375,0.52783203125,0.54833984375,-0.5184920068649459,0,0.008478401934677453,0.4921875,0.62451171875,0.4921875,0.62451171875,-0.48370909806532253,0,UNKNOWN,UNKNOWN_OR_COVER,WOW,MiPOD,-0.4518544552993304,-0.4528844723305702,0.0010300170312398382,0,
COVER__2676.pgm,2676.pgm,COVER,0,${BOSSBASE_ROOT}\cover\2676.pgm,0.009090383313658499,0.491455078125,0.51220703125,0.491455078125,0.51220703125,-0.4823646948113415,0,0.01020905431880827,0.50537109375,0.5322265625,0.50537109375,0.5322265625,-0.49516203943119175,0,0.009055264186722086,0.50048828125,0.548828125,0.50048828125,0.548828125,-0.4914330170632779,0,0.012870749215746782,0.52783203125,0.54833984375,0.52783203125,0.54833984375,-0.5149612820342532,0,0.012771867493286331,0.4921875,0.62451171875,0.4921875,0.62451171875,-0.47941563250671365,0,UNKNOWN,UNKNOWN_OR_COVER,MiPOD,WOW,-0.44845837778776276,-0.4514986004804367,0.003040222692673955,0,
COVER__8553.pgm,8553.pgm,COVER,0,${BOSSBASE_ROOT}\cover\8553.pgm,0.3405948414092276,0.491455078125,0.51220703125,0.491455078125,0.51220703125,-0.15086023671577242,0,0.5135998551255323,0.50537109375,0.5322265625,0.50537109375,0.5322265625,0.0082287613755323,1,0.5272252429969155,0.50048828125,0.548828125,0.50048828125,0.548828125,0.026736961746915533,1,0.525566671869127,0.52783203125,0.54833984375,0.52783203125,0.54833984375,-0.002265359380873022,0,0.5501542495261685,0.4921875,0.62451171875,0.4921875,0.62451171875,0.05796674952616854,1,MiPOD,ATTRIBUTED,MiPOD,HILL,0.10796674952616854,0.07673696174691554,0.031229787779253004,3,"S-UNIWARD,HILL,MiPOD"
COVER__4176.pgm,4176.pgm,COVER,0,${BOSSBASE_ROOT}\cover\4176.pgm,0.30787800986581054,0.491455078125,0.51220703125,0.491455078125,0.51220703125,-0.18357706825918946,0,0.4857750189656396,0.50537109375,0.5322265625,0.50537109375,0.5322265625,-0.019596074784360373,0,0.4881003919517233,0.50048828125,0.548828125,0.50048828125,0.548828125,-0.012387889298276722,0,0.5065265763071338,0.52783203125,0.54833984375,0.52783203125,0.54833984375,-0.021305454942866175,0,0.4939654419564675,0.4921875,0.62451171875,0.4921875,0.62451171875,0.0017779419564675214,1,MiPOD|HILL,AMBIGUOUS,MiPOD,HILL,0.051777941956467524,0.03699653693875687,0.014781405017710657,1,MiPOD
COVER__5025.pgm,5025.pgm,COVER,0,${BOSSBASE_ROOT}\cover\5025.pgm,0.010368156650788152,0.491455078125,0.51220703125,0.491455078125,0.51220703125,-0.48108692147421184,0,0.00959645473238191,0.50537109375,0.5322265625,0.50537109375,0.5322265625,-0.4957746390176181,0,0.010652510839726164,0.50048828125,0.548828125,0.50048828125,0.548828125,-0.4898357704102738,0,0.011823394836370594,0.52783203125,0.54833984375,0.52783203125,0.54833984375,-0.5160086364136294,0,0.026607108569697214,0.4921875,0.62451171875,0.4921875,0.62451171875,-0.4655803914303028,0,UNKNOWN,UNKNOWN_OR_COVER,MiPOD,WOW,-0.4341918590937013,-0.4501813620626054,0.015989502968904112,0,
COVER__7104.pgm,7104.pgm,COVER,0,${BOSSBASE_ROOT}\cover\7104.pgm,0.009746104052554064,0.491455078125,0.51220703125,0.491455078125,0.51220703125,-0.48170897407244595,0,0.008061991528271641,0.50537109375,0.5322265625,0.50537109375,0.5322265625,-0.49730910222172836,0,0.009303949868393646,0.50048828125,0.548828125,0.50048828125,0.548828125,-0.49118433138160633,0,0.011961098249809548,0.52783203125,0.54833984375,0.52783203125,0.54833984375,-0.5158709330001905,0,0.018089995204993194,0.4921875,0.62451171875,0.4921875,0.62451171875,-0.4740975047950068,0,UNKNOWN,UNKNOWN_OR_COVER,MiPOD,WOW,-0.44297517689077254,-0.45082263356616664,0.007847456675394104,0,
COVER__9195.pgm,9195.pgm,COVER,0,${BOSSBASE_ROOT}\cover\9195.pgm,0.009670992763446972,0.491455078125,0.51220703125,0.491455078125,0.51220703125,-0.48178408536155304,0,0.009055264186722086,0.50537109375,0.5322265625,0.50537109375,0.5322265625,-0.4963158295632779,0,0.006413163741325347,0.50048828125,0.548828125,0.50048828125,0.548828125,-0.49407511750867467,0,0.007577241267860811,0.52783203125,0.54833984375,0.52783203125,0.54833984375,-0.5202547899821391,0,0.008644177936723585,0.4921875,0.62451171875,0.4921875,0.62451171875,-0.48354332206327644,0,UNKNOWN,UNKNOWN_OR_COVER,WOW,MiPOD,-0.4509000646810013,-0.45271358592172556,0.0018135212407242585,0,
COVER__816.pgm,816.pgm,COVER,0,${BOSSBASE_ROOT}\cover\816.pgm,0.6378207352182272,0.491455078125,0.51220703125,0.491455078125,0.51220703125,0.14636565709322724,0,0.5159552743859503,0.50537109375,0.5322265625,0.50537109375,0.5322265625,0.010584180635950347,1,0.5691343781572562,0.50048828125,0.548828125,0.50048828125,0.548828125,0.0686460969072562,0,0.4185780713963494,0.52783203125,0.54833984375,0.52783203125,0.54833984375,-0.1092539598536506,0,0.5639784121143441,0.4921875,0.62451171875,0.4921875,0.62451171875,0.07179091211434407,1,WOW,ATTRIBUTED,WOW,MiPOD,0.1904634309376309,0.12179091211434408,0.06867251882328683,4,"WOW,S-UNIWARD,HILL,MiPOD"
COVER__7250.pgm,7250.pgm,COVER,0,${BOSSBASE_ROOT}\cover\7250.pgm,0.01013041166358438,0.491455078125,0.51220703125,0.491455078125,0.51220703125,-0.48132466646141564,0,0.01013041166358438,0.50537109375,0.5322265625,0.50537109375,0.5322265625,-0.49524068208641564,0,0.006984649917134321,0.50048828125,0.548828125,0.50048828125,0.548828125,-0.4935036313328657,0,0.010368156650788152,0.52783203125,0.54833984375,0.52783203125,0.54833984375,-0.5174638745992118,0,0.008950711436881996,0.4921875,0.62451171875,0.4921875,0.62451171875,-0.483236788563118,0,UNKNOWN,UNKNOWN_OR_COVER,WOW,MiPOD,-0.45042645381827273,-0.4523976006260667,0.0019711468077939776,0,
COVER__7531.pgm,7531.pgm,COVER,0,${BOSSBASE_ROOT}\cover\7531.pgm,0.4341014108326051,0.491455078125,0.51220703125,0.491455078125,0.51220703125,-0.05735366729239488,0,0.518317604138007,0.50537109375,0.5322265625,0.50537109375,0.5322265625,0.012946510388006982,1,0.338186400845429,0.50048828125,0.548828125,0.50048828125,0.548828125,-0.162301880404571,0,0.048496003243956885,0.52783203125,0.54833984375,0.52783203125,0.54833984375,-0.47933602800604314,0,0.5070605352813645,0.4921875,0.62451171875,0.4921875,0.62451171875,0.014873035281364522,1,MiPOD|S-UNIWARD,AMBIGUOUS,MiPOD,S-UNIWARD,0.06487303528136452,0.06294651038800698,0.0019265248933575396,2,"S-UNIWARD,MiPOD"
COVER__501.pgm,501.pgm,COVER,0,${BOSSBASE_ROOT}\cover\501.pgm,0.0840406115573681,0.491455078125,0.51220703125,0.491455078125,0.51220703125,-0.4074144665676319,0,0.060197050160538904,0.50537109375,0.5322265625,0.50537109375,0.5322265625,-0.4451740435894611,0,0.5630175999219323,0.50048828125,0.548828125,0.50048828125,0.548828125,0.06252931867193234,0,0.1183850968071675,0.52783203125,0.54833984375,0.52783203125,0.54833984375,-0.40944693444283253,0,0.5867596600196917,0.4921875,0.62451171875,0.4921875,0.62451171875,0.09457216001969171,1,MiPOD,ATTRIBUTED,MiPOD,HILL,0.1445721600196917,0.11182485473229964,0.03274730528739206,2,"HILL,MiPOD"
COVER__220.pgm,220.pgm,COVER,0,${BOSSBASE_ROOT}\cover\220.pgm,0.009898063716023652,0.491455078125,0.51220703125,0.491455078125,0.51220703125,-0.48155701440897636,0,0.007176881945656949,0.50537109375,0.5322265625,0.50537109375,0.5322265625,-0.49819421180434303,0,0.010169657753872614,0.50048828125,0.548828125,0.50048828125,0.548828125,-0.49031862349612737,0,0.010169657753872614,0.52783203125,0.54833984375,0.52783203125,0.54833984375,-0.5176623734961274,0,0.018761083978128455,0.4921875,0.62451171875,0.4921875,0.62451171875,-0.4734264160218715,0,UNKNOWN,UNKNOWN_OR_COVER,MiPOD,WOW,-0.44228319526309096,-0.45066598006816017,0.00838278480506921,0,
COVER__1731.pgm,1731.pgm,COVER,0,${BOSSBASE_ROOT}\cover\1731.pgm,0.014172366191301682,0.491455078125,0.51220703125,0.491455078125,0.51220703125,-0.4772827119336983,0,0.403038082728573,0.50537109375,0.5322265625,0.50537109375,0.5322265625,-0.102333011021427,0,0.1143685261818125,0.50048828125,0.548828125,0.50048828125,0.548828125,-0.3861197550681875,0,0.012100385813544712,0.52783203125,0.54833984375,0.52783203125,0.54833984375,-0.5157316454364553,0,0.6214834794180755,0.4921875,0.62451171875,0.4921875,0.62451171875,0.12929597941807547,1,MiPOD,ATTRIBUTED,MiPOD,S-UNIWARD,0.17929597941807546,-0.057196566874363225,0.23649254629243868,1,MiPOD
COVER__9744.pgm,9744.pgm,COVER,0,${BOSSBASE_ROOT}\cover\9744.pgm,0.009859855303538789,0.491455078125,0.51220703125,0.491455078125,0.51220703125,-0.4815952228214612,0,0.009898063716023652,0.50537109375,0.5322265625,0.50537109375,0.5322265625,-0.49547303003397636,0,0.011029470022501837,0.50048828125,0.548828125,0.50048828125,0.548828125,-0.4894588112274982,0,0.009303949868393646,0.52783203125,0.54833984375,0.52783203125,0.54833984375,-0.5185280813816063,0,0.008577485413711986,0.4921875,0.62451171875,0.4921875,0.62451171875,-0.483610014586288,0,UNKNOWN,UNKNOWN_OR_COVER,WOW,MiPOD,-0.45070536875547884,-0.452782334489062,0.0020769657335831804,0,
COVER__3292.pgm,3292.pgm,COVER,0,${BOSSBASE_ROOT}\cover\3292.pgm,0.016090874192824428,0.491455078125,0.51220703125,0.491455078125,0.51220703125,-0.4753642039321756,0,0.19178137244926485,0.50537109375,0.5322265625,0.50537109375,0.5322265625,-0.31358972130073515,0,0.28846886194953103,0.50048828125,0.548828125,0.50048828125,0.548828125,-0.21201941930046897,0,0.707303624694514,0.52783203125,0.54833984375,0.52783203125,0.54833984375,0.17947159344451402,0,0.5720056960513743,0.4921875,0.62451171875,0.4921875,0.62451171875,0.0798181960513743,1,HUGO,ATTRIBUTED,HUGO,MiPOD,0.22212295615706812,0.1298181960513743,0.09230476010569383,2,"HUGO,MiPOD"
COVER__1773.pgm,1773.pgm,COVER,0,${BOSSBASE_ROOT}\cover\1773.pgm,0.009090383313658499,0.491455078125,0.51220703125,0.491455078125,0.51220703125,-0.4823646948113415,0,0.011732463956348185,0.50537109375,0.5322265625,0.50537109375,0.5322265625,-0.4936386297936518,0,0.010328152519305191,0.50048828125,0.548828125,0.50048828125,0.548828125,-0.4901601287306948,0,0.010570488620307572,0.52783203125,0.54833984375,0.52783203125,0.54833984375,-0.5172615426296925,0,0.010448625445116808,0.4921875,0.62451171875,0.4921875,0.62451171875,-0.4817388745548832,0,UNKNOWN,UNKNOWN_OR_COVER,MiPOD,WOW,-0.45085345755127904,-0.4514986004804367,0.0006451429291576827,0,
COVER__225.pgm,225.pgm,COVER,0,${BOSSBASE_ROOT}\cover\225.pgm,0.01685007944789776,0.491455078125,0.51220703125,0.491455078125,0.51220703125,-0.47460499867710226,0,0.3845076139176684,0.50537109375,0.5322265625,0.50537109375,0.5322265625,-0.12086347983233159,0,0.4644764561799734,0.50048828125,0.548828125,0.50048828125,0.548828125,-0.03601182507002659,0,0.3524246224815365,0.52783203125,0.54833984375,0.52783203125,0.54833984375,-0.1754074087684635,0,0.41721211727766583,0.4921875,0.62451171875,0.4921875,0.62451171875,-0.07497538272233417,0,HILL,ATTRIBUTED,HILL,MiPOD,0.0122196192605507,-0.028587066465900576,0.040806685726451276,0,
COVER__9095.pgm,9095.pgm,COVER,0,${BOSSBASE_ROOT}\cover\9095.pgm,0.5371020863865634,0.491455078125,0.51220703125,0.491455078125,0.51220703125,0.045647008261563427,0,0.37593554804551743,0.50537109375,0.5322265625,0.50537109375,0.5322265625,-0.12943554570448257,0,0.3508660928559194,0.50048828125,0.548828125,0.50048828125,0.548828125,-0.1496221883940806,0,0.014785407692390527,0.52783203125,0.54833984375,0.52783203125,0.54833984375,-0.5130466235576094,0,3.2106580933024515e-10,0.4921875,0.62451171875,0.4921875,0.62451171875,-0.4921874996789342,0,WOW,ATTRIBUTED,WOW,S-UNIWARD,0.09441762181980332,-0.08550598492602543,0.17992360674582875,1,WOW
COVER__5593.pgm,5593.pgm,COVER,0,${BOSSBASE_ROOT}\cover\5593.pgm,0.03448852755791727,0.491455078125,0.51220703125,0.491455078125,0.51220703125,-0.45696655056708274,0,0.008219693061967886,0.50537109375,0.5322265625,0.50537109375,0.5322265625,-0.4971514006880321,0,0.03365296431850364,0.50048828125,0.548828125,0.50048828125,0.548828125,-0.4668353169314964,0,0.009090383313658499,0.52783203125,0.54833984375,0.52783203125,0.54833984375,-0.5187416479363415,0,0.014447852533602467,0.4921875,0.62451171875,0.4921875,0.62451171875,-0.4777396474663975,0,UNKNOWN,UNKNOWN_OR_COVER,WOW,HILL,-0.425306474570068,-0.4354861501589778,0.010179675588909809,0,
COVER__6454.pgm,6454.pgm,COVER,0,${BOSSBASE_ROOT}\cover\6454.pgm,0.009859855303538789,0.491455078125,0.51220703125,0.491455078125,0.51220703125,-0.4815952228214612,0,0.01013041166358438,0.50537109375,0.5322265625,0.50537109375,0.5322265625,-0.49524068208641564,0,0.008779108866911802,0.50048828125,0.548828125,0.50048828125,0.548828125,-0.4917091723830882,0,0.011375600238837661,0.52783203125,0.54833984375,0.52783203125,0.54833984375,-0.5164564310111623,0,0.01672114370544215,0.4921875,0.62451171875,0.4921875,0.62451171875,-0.47546635629455786,0,UNKNOWN,UNKNOWN_OR_COVER,MiPOD,WOW,-0.44438660109104466,-0.45070536875547884,0.006318767664434177,0,
COVER__3318.pgm,3318.pgm,COVER,0,${BOSSBASE_ROOT}\cover\3318.pgm,0.04518375667269088,0.491455078125,0.51220703125,0.491455078125,0.51220703125,-0.44627132145230913,0,0.28457600421652673,0.50537109375,0.5322265625,0.50537109375,0.5322265625,-0.22079508953347327,0,0.0002251682418562381,0.50048828125,0.548828125,0.50048828125,0.548828125,-0.5002631130081437,0,0.003579642603937612,0.52783203125,0.54833984375,0.52783203125,0.54833984375,-0.5242523886460624,0,1.4993860569518262e-08,0.4921875,0.62451171875,0.4921875,0.62451171875,-0.49218748500613946,0,UNKNOWN,UNKNOWN_OR_COVER,S-UNIWARD,WOW,-0.180701040670389,-0.41427081645068886,0.23356977578029986,0,
COVER__6024.pgm,6024.pgm,COVER,0,${BOSSBASE_ROOT}\cover\6024.pgm,0.008315778477474129,0.491455078125,0.51220703125,0.491455078125,0.51220703125,-0.4831392996475259,0,0.009936418705946226,0.50537109375,0.5322265625,0.50537109375,0.5322265625,-0.49543467504405375,0,0.00834805380978326,0.50048828125,0.548828125,0.50048828125,0.548828125,-0.49214022744021674,0,0.00959645473238191,0.52783203125,0.54833984375,0.52783203125,0.54833984375,-0.5182355765176181,0,0.007518718061432194,0.4921875,0.62451171875,0.4921875,0.62451171875,-0.4846687819385678,0,UNKNOWN,UNKNOWN_OR_COVER,WOW,MiPOD,-0.45229710508493093,-0.4538737239099373,0.0015766188250063706,0,
COVER__8986.pgm,8986.pgm,COVER,0,${BOSSBASE_ROOT}\cover\8986.pgm,0.007374365308237828,0.491455078125,0.51220703125,0.491455078125,0.51220703125,-0.4840807128167622,0,0.006026951588401447,0.50537109375,0.5322265625,0.50537109375,0.5322265625,-0.49934414216159856,0,0.008478401934677453,0.50048828125,0.548828125,0.50048828125,0.548828125,-0.49200987931532253,0,0.008847355082930386,0.52783203125,0.54833984375,0.52783203125,0.54833984375,-0.5189846761670696,0,0.01020905431880827,0.4921875,0.62451171875,0.4921875,0.62451171875,-0.48197844568119175,0,UNKNOWN,UNKNOWN_OR_COVER,MiPOD,WOW,-0.45110042704547265,-0.4532675398395019,0.002167112794029258,0,
COVER__7189.pgm,7189.pgm,COVER,0,${BOSSBASE_ROOT}\cover\7189.pgm,0.009783876017655003,0.491455078125,0.51220703125,0.491455078125,0.51220703125,-0.481671202107345,0,0.01238378463726033,0.50537109375,0.5322265625,0.50537109375,0.5322265625,-0.4929873091127397,0,0.00959645473238191,0.50048828125,0.548828125,0.50048828125,0.548828125,-0.4908918265176181,0,0.01005236865796813,0.52783203125,0.54833984375,0.52783203125,0.54833984375,-0.5177796625920319,0,0.01020905431880827,0.4921875,0.62451171875,0.4921875,0.62451171875,-0.48197844568119175,0,UNKNOWN,UNKNOWN_OR_COVER,WOW,MiPOD,-0.4507836949412566,-0.45110042704547265,0.00031673210421606646,0,
COVER__6545.pgm,6545.pgm,COVER,0,${BOSSBASE_ROOT}\cover\6545.pgm,0.012771867493286331,0.491455078125,0.51220703125,0.491455078125,0.51220703125,-0.47868321063171365,0,0.012920473039078976,0.50537109375,0.5322265625,0.50537109375,0.5322265625,-0.49245062071092105,0,0.40650852036207097,0.50048828125,0.548828125,0.50048828125,0.548828125,-0.09397976088792903,0,0.20102782123596385,0.52783203125,0.54833984375,0.52783203125,0.54833984375,-0.32680421001403615,0,0.43674215239963354,0.4921875,0.62451171875,0.4921875,0.62451171875,-0.05544534760036646,0,UNKNOWN,UNKNOWN_OR_COVER,MiPOD,HILL,-0.008142161254843926,-0.04846470160082677,0.040322540345982844,0,
COVER__417.pgm,417.pgm,COVER,0,${BOSSBASE_ROOT}\cover\417.pgm,0.5121893567998138,0.491455078125,0.51220703125,0.491455078125,0.51220703125,0.02073427867481381,1,0.5101075705901358,0.50537109375,0.5322265625,0.50537109375,0.5322265625,0.004736476840135784,1,0.49129574029406403,0.50048828125,0.548828125,0.50048828125,0.548828125,-0.009192540955935968,0,0.49537290431183223,0.52783203125,0.54833984375,0.52783203125,0.54833984375,-0.03245912693816777,0,0.5086127344264939,0.4921875,0.62451171875,0.4921875,0.62451171875,0.016425234426493907,1,WOW|MiPOD,AMBIGUOUS,WOW,MiPOD,0.07073427867481381,0.06642523442649391,0.004309044248319904,3,"WOW,S-UNIWARD,MiPOD"
COVER__8820.pgm,8820.pgm,COVER,0,${BOSSBASE_ROOT}\cover\8820.pgm,0.5002782344530924,0.491455078125,0.51220703125,0.491455078125,0.51220703125,0.008823156328092385,1,0.5317261172571521,0.50537109375,0.5322265625,0.50537109375,0.5322265625,0.02635502350715213,1,0.5108854257185426,0.50048828125,0.548828125,0.50048828125,0.548828125,0.010397144468542563,1,0.5077546576857499,0.52783203125,0.54833984375,0.52783203125,0.54833984375,-0.0200773735642501,0,0.5142249810343604,0.4921875,0.62451171875,0.4921875,0.62451171875,0.02203748103436043,1,S-UNIWARD|MiPOD,AMBIGUOUS,S-UNIWARD,MiPOD,0.07635502350715213,0.07203748103436043,0.004317542472791702,4,"WOW,S-UNIWARD,HILL,MiPOD"
COVER__2350.pgm,2350.pgm,COVER,0,${BOSSBASE_ROOT}\cover\2350.pgm,0.009449081319055452,0.491455078125,0.51220703125,0.491455078125,0.51220703125,-0.4820059968059445,0,0.015663648711668327,0.50537109375,0.5322265625,0.50537109375,0.5322265625,-0.4897074450383317,0,0.011869121046339474,0.50048828125,0.548828125,0.50048828125,0.548828125,-0.48861916020366053,0,0.010735162609090678,0.52783203125,0.54833984375,0.52783203125,0.54833984375,-0.5170968686409093,0,0.00952248567033666,0.4921875,0.62451171875,0.4921875,0.62451171875,-0.48266501432966336,0,UNKNOWN,UNKNOWN_OR_COVER,WOW,MiPOD,-0.4511288288826499,-0.4518081882975454,0.0006793594148954973,0,
COVER__145.pgm,145.pgm,COVER,0,${BOSSBASE_ROOT}\cover\145.pgm,0.5235269250417856,0.491455078125,0.51220703125,0.491455078125,0.51220703125,0.03207184691678555,0,0.5046309100584732,0.50537109375,0.5322265625,0.50537109375,0.5322265625,-0.0007401836915268412,0,0.5364343303636747,0.50048828125,0.548828125,0.50048828125,0.548828125,0.035946049113674716,1,0.5130356805291558,0.52783203125,0.54833984375,0.52783203125,0.54833984375,-0.014796350720844176,0,0.5230701553387452,0.4921875,0.62451171875,0.4921875,0.62451171875,0.030882655338745235,1,HILL|WOW,AMBIGUOUS,HILL,WOW,0.08594604911367472,0.08150904367345396,0.0044370054402207565,3,"WOW,HILL,MiPOD"
COVER__309.pgm,309.pgm,COVER,0,${BOSSBASE_ROOT}\cover\309.pgm,0.00959645473238191,0.491455078125,0.51220703125,0.491455078125,0.51220703125,-0.4818586233926181,0,0.01098694263059318,0.50537109375,0.5322265625,0.50537109375,0.5322265625,-0.4943841511194068,0,0.012870749215746782,0.50048828125,0.548828125,0.50048828125,0.548828125,-0.48761753203425323,0,0.01971912810734659,0.52783203125,0.54833984375,0.52783203125,0.54833984375,-0.5081129031426534,0,0.02541965238092861,0.4921875,0.62451171875,0.4921875,0.62451171875,-0.4667678476190714,0,UNKNOWN,UNKNOWN_OR_COVER,MiPOD,WOW,-0.4354165656684716,-0.45097690466036683,0.01556033899189524,0,
COVER__2023.pgm,2023.pgm,COVER,0,${BOSSBASE_ROOT}\cover\2023.pgm,0.02153287714620796,0.491455078125,0.51220703125,0.491455078125,0.51220703125,-0.46992220097879206,0,0.007968814953315289,0.50537109375,0.5322265625,0.50537109375,0.5322265625,-0.4974022787966847,0,0.06804042027255897,0.50048828125,0.548828125,0.50048828125,0.548828125,-0.43244786097744103,0,0.08540366800216245,0.52783203125,0.54833984375,0.52783203125,0.54833984375,-0.4424283632478375,0,0.2685575870290748,0.4921875,0.62451171875,0.4921875,0.62451171875,-0.22362991297092522,0,UNKNOWN,UNKNOWN_OR_COVER,MiPOD,HILL,-0.1836493627070075,-0.4000019266655183,0.21635256395851082,0,
COVER__6908.pgm,6908.pgm,COVER,0,${BOSSBASE_ROOT}\cover\6908.pgm,0.011072160183234295,0.491455078125,0.51220703125,0.491455078125,0.51220703125,-0.4803829179417657,0,0.5602225789958724,0.50537109375,0.5322265625,0.50537109375,0.5322265625,0.054851485245872356,0,0.08601588131710575,0.50048828125,0.548828125,0.50048828125,0.548828125,-0.41447239993289425,0,0.027795622581245058,0.52783203125,0.54833984375,0.52783203125,0.54833984375,-0.500036408668755,0,0.7995988509311733,0.4921875,0.62451171875,0.4921875,0.62451171875,0.30741135093117333,0,MiPOD,ATTRIBUTED,MiPOD,S-UNIWARD,0.34938054494289733,0.1034710972619741,0.24590944768092324,2,"S-UNIWARD,MiPOD"
COVER__311.pgm,311.pgm,COVER,0,${BOSSBASE_ROOT}\cover\311.pgm,0.008478401934677453,0.491455078125,0.51220703125,0.491455078125,0.51220703125,-0.48297667619032253,0,0.013325147705881429,0.50537109375,0.5322265625,0.50537109375,0.5322265625,-0.49204594604411855,0,0.0352111364215758,0.50048828125,0.548828125,0.50048828125,0.548828125,-0.4652771448284242,0,0.015603534790203506,0.52783203125,0.54833984375,0.52783203125,0.54833984375,-0.5122284964597965,0,0.15843459521341785,0.4921875,0.62451171875,0.4921875,0.62451171875,-0.33375290478658215,0,UNKNOWN,UNKNOWN_OR_COVER,MiPOD,HILL,-0.2979413679090395,-0.4338790925826866,0.13593772467364706,0,
COVER__3673.pgm,3673.pgm,COVER,0,${BOSSBASE_ROOT}\cover\3673.pgm,0.009268013380914325,0.491455078125,0.51220703125,0.491455078125,0.51220703125,-0.4821870647440857,0,0.010735162609090678,0.50537109375,0.5322265625,0.50537109375,0.5322265625,-0.4946359311409093,0,0.010902373729285245,0.50048828125,0.548828125,0.50048828125,0.548828125,-0.48958590752071474,0,0.009303949868393646,0.52783203125,0.54833984375,0.52783203125,0.54833984375,-0.5185280813816063,0,0.010091315485195006,0.4921875,0.62451171875,0.4921875,0.62451171875,-0.482096184514805,0,UNKNOWN,UNKNOWN_OR_COVER,MiPOD,WOW,-0.45122180120697053,-0.45131548717978986,9.36859728193351e-05,0,
COVER__1088.pgm,1088.pgm,COVER,0,${BOSSBASE_ROOT}\cover\1088.pgm,0.01159736182363297,0.491455078125,0.51220703125,0.491455078125,0.51220703125,-0.47985771630136703,0,0.00912563738918052,0.50537109375,0.5322265625,0.50537109375,0.5322265625,-0.49624545636081946,0,0.011687257995694434,0.50048828125,0.548828125,0.50048828125,0.548828125,-0.4888010232543056,0,0.015189048807983947,0.52783203125,0.54833984375,0.52783203125,0.54833984375,-0.512642982442016,0,0.07949569926013914,0.4921875,0.62451171875,0.4921875,0.62451171875,-0.4126918007398609,0,UNKNOWN,UNKNOWN_OR_COVER,MiPOD,WOW,-0.37959848883577624,-0.4489141442583868,0.06931565542261059,0,
COVER__6174.pgm,6174.pgm,COVER,0,${BOSSBASE_ROOT}\cover\6174.pgm,0.008985428752560176,0.491455078125,0.51220703125,0.491455078125,0.51220703125,-0.4824696493724398,0,0.008412977570977689,0.50537109375,0.5322265625,0.50537109375,0.5322265625,-0.4969581161790223,0,0.01024860192315863,0.50048828125,0.548828125,0.50048828125,0.548828125,-0.49023967932684137,0,0.010169657753872614,0.52783203125,0.54833984375,0.52783203125,0.54833984375,-0.5176623734961274,0,0.008544330693441928,0.4921875,0.62451171875,0.4921875,0.62451171875,-0.4836431693065581,0,UNKNOWN,UNKNOWN_OR_COVER,WOW,MiPOD,-0.4516067944089222,-0.45281651127549905,0.0012097168665768376,0,
COVER__6008.pgm,6008.pgm,COVER,0,${BOSSBASE_ROOT}\cover\6008.pgm,0.007846239292520898,0.491455078125,0.51220703125,0.491455078125,0.51220703125,-0.4836088388324791,0,0.011029470022501837,0.50537109375,0.5322265625,0.50537109375,0.5322265625,-0.4943416237274982,0,0.01020905431880827,0.50048828125,0.548828125,0.50048828125,0.548828125,-0.49027922693119175,0,0.01098694263059318,0.52783203125,0.54833984375,0.52783203125,0.54833984375,-0.5168450886194068,0,0.008156248626973424,0.4921875,0.62451171875,0.4921875,0.62451171875,-0.48403125137302655,0,UNKNOWN,UNKNOWN_OR_COVER,WOW,MiPOD,-0.45278112248946956,-0.4532165542940529,0.00043543180458333053,0,
COVER__5554.pgm,5554.pgm,COVER,0,${BOSSBASE_ROOT}\cover\5554.pgm,0.07682220445294782,0.491455078125,0.51220703125,0.491455078125,0.51220703125,-0.41463287367205215,0,0.010448625445116808,0.50537109375,0.5322265625,0.50537109375,0.5322265625,-0.4949224683048832,0,0.03541073007632382,0.50048828125,0.548828125,0.50048828125,0.548828125,-0.46507755117367616,0,0.017712298703411445,0.52783203125,0.54833984375,0.52783203125,0.54833984375,-0.5101197325465886,0,0.20833995194738297,0.4921875,0.62451171875,0.4921875,0.62451171875,-0.283847548052617,0,UNKNOWN,UNKNOWN_OR_COVER,MiPOD,WOW,-0.246203477342852,-0.3816037359963628,0.13540025865351082,0,
COVER__5027.pgm,5027.pgm,COVER,0,${BOSSBASE_ROOT}\cover\5027.pgm,0.009268013380914325,0.491455078125,0.51220703125,0.491455078125,0.51220703125,-0.4821870647440857,0,0.009898063716023652,0.50537109375,0.5322265625,0.50537109375,0.5322265625,-0.49547303003397636,0,0.008544330693441928,0.50048828125,0.548828125,0.50048828125,0.548828125,-0.4919439505565581,0,0.007999754508377905,0.52783203125,0.54833984375,0.52783203125,0.54833984375,-0.5198322767416221,0,0.007460643463940165,0.4921875,0.62451171875,0.4921875,0.62451171875,-0.48472685653605985,0,UNKNOWN,UNKNOWN_OR_COVER,WOW,MiPOD,-0.45131548717978986,-0.45393358686609947,0.002618099686309605,0,
COVER__3658.pgm,3658.pgm,COVER,0,${BOSSBASE_ROOT}\cover\3658.pgm,0.011732463956348185,0.491455078125,0.51220703125,0.491455078125,0.51220703125,-0.4797226141686518,0,0.08093670978361556,0.50537109375,0.5322265625,0.50537109375,0.5322265625,-0.42443438396638444,0,0.017848738449988986,0.50048828125,0.548828125,0.50048828125,0.548828125,-0.48263954280001103,0,0.043204035923442435,0.52783203125,0.54833984375,0.52783203125,0.54833984375,-0.48462799532655754,0,0.060863446224891905,0.4921875,0.62451171875,0.4921875,0.62451171875,-0.4313240537751081,0,UNKNOWN,UNKNOWN_OR_COVER,S-UNIWARD,MiPOD,-0.39172740034639275,-0.39884163599216516,0.007114235645772404,0,
COVER__9191.pgm,9191.pgm,COVER,0,${BOSSBASE_ROOT}\cover\9191.pgm,0.01934510391458952,0.491455078125,0.51220703125,0.491455078125,0.51220703125,-0.47210997421041045,0,0.33654906868840784,0.50537109375,0.5322265625,0.50537109375,0.5322265625,-0.16882202506159216,0,0.8025555428951934,0.50048828125,0.548828125,0.50048828125,0.548828125,0.3020672616451934,0,0.01923425896199301,0.52783203125,0.54833984375,0.52783203125,0.54833984375,-0.508597772288007,0,0.8143482699344362,0.4921875,0.62451171875,0.4921875,0.62451171875,0.3221607699344362,0,MiPOD|HILL,AMBIGUOUS,MiPOD,HILL,0.36351548545849854,0.34086242517371923,0.022653060284779314,2,"HILL,MiPOD"
COVER__4941.pgm,4941.pgm,COVER,0,${BOSSBASE_ROOT}\cover\4941.pgm,0.6625781728657594,0.491455078125,0.51220703125,0.491455078125,0.51220703125,0.17112309474075937,0,0.5367985772738528,0.50537109375,0.5322265625,0.50537109375,0.5322265625,0.03142748352385283,0,0.45241495834102374,0.50048828125,0.548828125,0.50048828125,0.548828125,-0.04807332290897626,0,0.22219340792627282,0.52783203125,0.54833984375,0.52783203125,0.54833984375,-0.30563862332372715,0,0.29522991830583983,0.4921875,0.62451171875,0.4921875,0.62451171875,-0.19695758169416017,0,WOW,ATTRIBUTED,WOW,S-UNIWARD,0.2141425242981714,0.08119940457262795,0.13294311972554346,2,"WOW,S-UNIWARD"
COVER__1385.pgm,1385.pgm,COVER,0,${BOSSBASE_ROOT}\cover\1385.pgm,0.03271312477469997,0.491455078125,0.51220703125,0.491455078125,0.51220703125,-0.45874195335030005,0,0.4747681552244537,0.50537109375,0.5322265625,0.50537109375,0.5322265625,-0.030602938525546297,0,0.44999680767581623,0.50048828125,0.548828125,0.50048828125,0.548828125,-0.050491473574183765,0,0.7601168629128656,0.52783203125,0.54833984375,0.52783203125,0.54833984375,0.23228483166286562,0,0.06500872992567673,0.4921875,0.62451171875,0.4921875,0.62451171875,-0.42717877007432326,0,HUGO,ATTRIBUTED,HUGO,S-UNIWARD,0.2727420867280914,0.017890091019920416,0.254851995708171,1,HUGO
COVER__7325.pgm,7325.pgm,COVER,0,${BOSSBASE_ROOT}\cover\7325.pgm,0.011158031248084033,0.491455078125,0.51220703125,0.491455078125,0.51220703125,-0.480297046876916,0,0.009449081319055452,0.50537109375,0.5322265625,0.50537109375,0.5322265625,-0.4959220124309445,0,0.05127241813029474,0.50048828125,0.548828125,0.50048828125,0.548828125,-0.44921586311970524,0,0.008985428752560176,0.52783203125,0.54833984375,0.52783203125,0.54833984375,-0.5188466024974399,0,0.23388129272039662,0.4921875,0.62451171875,0.4921875,0.62451171875,-0.2583062072796034,0,UNKNOWN,UNKNOWN_OR_COVER,MiPOD,HILL,-0.21968827257763554,-0.41730944634710326,0.19762117376946772,0,
COVER__4332.pgm,4332.pgm,COVER,0,${BOSSBASE_ROOT}\cover\4332.pgm,0.0143370304240108,0.491455078125,0.51220703125,0.491455078125,0.51220703125,-0.4771180477009892,0,0.000213187561290652,0.50537109375,0.5322265625,0.50537109375,0.5322265625,-0.5051579061887094,0,0.05470151263137117,0.50048828125,0.548828125,0.50048828125,0.548828125,-0.4457867686186288,0,0.29502676635499137,0.52783203125,0.54833984375,0.52783203125,0.54833984375,-0.23280526489500863,0,0.02870707815815,0.4921875,0.62451171875,0.4921875,0.62451171875,-0.46348042184185,0,UNKNOWN,UNKNOWN_OR_COVER,HUGO,HILL,-0.19318987246228225,-0.41377075392430146,0.2205808814620192,0,
COVER__9623.pgm,9623.pgm,COVER,0,${BOSSBASE_ROOT}\cover\9623.pgm,0.6134102531835981,0.491455078125,0.51220703125,0.491455078125,0.51220703125,0.1219551750585981,0,0.3693150796290264,0.50537109375,0.5322265625,0.50537109375,0.5322265625,-0.13605601412097362,0,0.6111499226267663,0.50048828125,0.548828125,0.50048828125,0.548828125,0.11066164137676626,0,0.44429350352657015,0.52783203125,0.54833984375,0.52783203125,0.54833984375,-0.08353852772342985,0,0.6801354906112164,0.4921875,0.62451171875,0.4921875,0.62451171875,0.18794799061121636,0,MiPOD,ATTRIBUTED,MiPOD,WOW,0.23524273767358816,0.16714264268518053,0.06810009498840763,3,"WOW,HILL,MiPOD"
COVER__2692.pgm,2692.pgm,COVER,0,${BOSSBASE_ROOT}\cover\2692.pgm,0.009859855303538789,0.491455078125,0.51220703125,0.491455078125,0.51220703125,-0.4815952228214612,0,0.007374365308237828,0.50537109375,0.5322265625,0.50537109375,0.5322265625,-0.4979967284417622,0,0.06371499425196533,0.50048828125,0.548828125,0.50048828125,0.548828125,-0.43677328699803464,0,0.008881675100847034,0.52783203125,0.54833984375,0.52783203125,0.54833984375,-0.518950356149153,0,0.09219619882783585,0.4921875,0.62451171875,0.4921875,0.62451171875,-0.39999130117216414,0,UNKNOWN,UNKNOWN_OR_COVER,MiPOD,HILL,-0.3664750073191803,-0.4044673920912671,0.037992384772086774,0,
COVER__6418.pgm,6418.pgm,COVER,0,${BOSSBASE_ROOT}\cover\6418.pgm,0.012241275291807161,0.491455078125,0.51220703125,0.491455078125,0.51220703125,-0.4792138028331928,0,0.06853749303199023,0.50537109375,0.5322265625,0.50537109375,0.5322265625,-0.43683360071800975,0,0.01652955655765428,0.50048828125,0.548828125,0.50048828125,0.548828125,-0.48395872469234574,0,0.04795810380789981,0.52783203125,0.54833984375,0.52783203125,0.54833984375,-0.47987392744210017,0,0.013848610215564576,0.4921875,0.62451171875,0.4921875,0.62451171875,-0.47833888978443545,0,UNKNOWN,UNKNOWN_OR_COVER,S-UNIWARD,MiPOD,-0.40452965424118204,-0.44734828411478966,0.04281862987360763,0,
COVER__6160.pgm,6160.pgm,COVER,0,${BOSSBASE_ROOT}\cover\6160.pgm,0.04949705323280326,0.491455078125,0.51220703125,0.491455078125,0.51220703125,-0.4419580248921967,0,0.0594282210736403,0.50537109375,0.5322265625,0.50537109375,0.5322265625,-0.4459428726763597,0,0.4175683315548391,0.50048828125,0.548828125,0.50048828125,0.548828125,-0.08291994969516092,0,0.013636835281429876,0.52783203125,0.54833984375,0.52783203125,0.54833984375,-0.5141951959685701,0,0.8881781760875761,0.4921875,0.62451171875,0.4921875,0.62451171875,0.3959906760875761,0,MiPOD,ATTRIBUTED,MiPOD,HILL,0.4344021628035433,-0.036898708467214617,0.4713008712707579,1,MiPOD
COVER__2594.pgm,2594.pgm,COVER,0,${BOSSBASE_ROOT}\cover\2594.pgm,0.009161026922093826,0.491455078125,0.51220703125,0.491455078125,0.51220703125,-0.4822940512029062,0,0.014615670100635955,0.50537109375,0.5322265625,0.50537109375,0.5322265625,-0.49075542364936403,0,0.011331753531361453,0.50048828125,0.548828125,0.50048828125,0.548828125,-0.48915652771863855,0,0.011201213376078314,0.52783203125,0.54833984375,0.52783203125,0.54833984375,-0.5166308178739217,0,0.020685459290040977,0.4921875,0.62451171875,0.4921875,0.62451171875,-0.47150204070995905,0,UNKNOWN,UNKNOWN_OR_COVER,MiPOD,WOW,-0.440298831003905,-0.45142577630269887,0.011126945298793878,0,
COVER__4304.pgm,4304.pgm,COVER,0,${BOSSBASE_ROOT}\cover\4304.pgm,0.3455468255389751,0.491455078125,0.51220703125,0.491455078125,0.51220703125,-0.1459082525860249,0,0.4705845441357248,0.50537109375,0.5322265625,0.50537109375,0.5322265625,-0.034786549614275186,0,0.5939037221192671,0.50048828125,0.548828125,0.50048828125,0.548828125,0.09341544086926712,0,0.08586245629955466,0.52783203125,0.54833984375,0.52783203125,0.54833984375,-0.4419695749504453,0,0.6273806568317251,0.4921875,0.62451171875,0.4921875,0.62451171875,0.13519315683172506,0,MiPOD,ATTRIBUTED,MiPOD,HILL,0.1850499155011422,0.14121170156472235,0.043838213936419845,2,"HILL,MiPOD"
COVER__8108.pgm,8108.pgm,COVER,0,${BOSSBASE_ROOT}\cover\8108.pgm,0.008478401934677453,0.491455078125,0.51220703125,0.491455078125,0.51220703125,-0.48297667619032253,0,0.008380453351026062,0.50537109375,0.5322265625,0.50537109375,0.5322265625,-0.49699064039897395,0,0.006564249220774553,0.50048828125,0.548828125,0.50048828125,0.548828125,-0.49392403202922547,0,0.008412977570977689,0.52783203125,0.54833984375,0.52783203125,0.54833984375,-0.5194190536790223,0,0.008093289897373068,0.4921875,0.62451171875,0.4921875,0.62451171875,-0.48409421010262693,0,UNKNOWN,UNKNOWN_OR_COVER,WOW,MiPOD,-0.4521294655555656,-0.453281453016764,0.0011519874611983782,0,
COVER__328.pgm,328.pgm,COVER,0,${BOSSBASE_ROOT}\cover\328.pgm,0.01013041166358438,0.491455078125,0.51220703125,0.491455078125,0.51220703125,-0.48132466646141564,0,0.009020279501402172,0.50537109375,0.5322265625,0.50537109375,0.5322265625,-0.49635081424859784,0,0.009232214404536282,0.50048828125,0.548828125,0.50048828125,0.548828125,-0.49125606684546375,0,0.01020905431880827,0.52783203125,0.54833984375,0.52783203125,0.54833984375,-0.5176229769311917,0,0.006564249220774553,0.4921875,0.62451171875,0.4921875,0.62451171875,-0.48562325077922547,0,UNKNOWN,UNKNOWN_OR_COVER,WOW,MiPOD,-0.45042645381827273,-0.4548575716510766,0.004431117832803866,0,
COVER__4134.pgm,4134.pgm,COVER,0,${BOSSBASE_ROOT}\cover\4134.pgm,0.520816207927679,0.491455078125,0.51220703125,0.491455078125,0.51220703125,0.02936112980267902,0,0.5004830358909881,0.50537109375,0.5322265625,0.50537109375,0.5322265625,-0.004888057859011918,0,0.49189066476628723,0.50048828125,0.548828125,0.50048828125,0.548828125,-0.008597616483712767,0,0.47924472174824206,0.52783203125,0.54833984375,0.52783203125,0.54833984375,-0.048587309501757936,0,4.4001184579253026e-05,0.4921875,0.62451171875,0.4921875,0.62451171875,-0.49214349881542074,0,WOW,ATTRIBUTED,WOW,S-UNIWARD,0.07893251861084435,0.04486813560370897,0.034064383007135386,1,WOW
COVER__8480.pgm,8480.pgm,COVER,0,${BOSSBASE_ROOT}\cover\8480.pgm,0.009746104052554064,0.491455078125,0.51220703125,0.491455078125,0.51220703125,-0.48170897407244595,0,0.006488269596656705,0.50537109375,0.5322265625,0.50537109375,0.5322265625,-0.4988828241533433,0,0.009449081319055452,0.50048828125,0.548828125,0.50048828125,0.548828125,-0.4910391999309445,0,0.00912563738918052,0.52783203125,0.54833984375,0.52783203125,0.54833984375,-0.5187063938608195,0,0.008478401934677453,0.4921875,0.62451171875,0.4921875,0.62451171875,-0.48370909806532253,0,UNKNOWN,UNKNOWN_OR_COVER,WOW,MiPOD,-0.45082263356616664,-0.4528844723305702,0.0020618387644035785,0,
COVER__9696.pgm,9696.pgm,COVER,0,${BOSSBASE_ROOT}\cover\9696.pgm,0.009303949868393646,0.491455078125,0.51220703125,0.491455078125,0.51220703125,-0.48215112825660633,0,0.013584392513059033,0.50537109375,0.5322265625,0.50537109375,0.5322265625,-0.49178670123694096,0,0.008412977570977689,0.50048828125,0.548828125,0.50048828125,0.548828125,-0.4920753036790223,0,0.008187909901696235,0.52783203125,0.54833984375,0.52783203125,0.54833984375,-0.5196441213483037,0,0.006641112642077409,0.4921875,0.62451171875,0.4921875,0.62451171875,-0.4855463873579226,0,UNKNOWN,UNKNOWN_OR_COVER,WOW,MiPOD,-0.45127844125631544,-0.4547783433835333,0.0034999021272178465,0,
COVER__6183.pgm,6183.pgm,COVER,0,${BOSSBASE_ROOT}\cover\6183.pgm,0.00881316650304586,0.491455078125,0.51220703125,0.491455078125,0.51220703125,-0.48264191162195413,0,0.09619516283205891,0.50537109375,0.5322265625,0.50537109375,0.5322265625,-0.4091759309179411,0,0.03507867664288416,0.50048828125,0.548828125,0.50048828125,0.548828125,-0.46540960460711583,0,0.01128807389923099,0.52783203125,0.54833984375,0.52783203125,0.54833984375,-0.516543957350769,0,0.667256094678595,0.4921875,0.62451171875,0.4921875,0.62451171875,0.17506859467859504,0,MiPOD,ATTRIBUTED,MiPOD,S-UNIWARD,0.22297640900739468,-0.3759660624584539,0.5989424714658486,1,MiPOD
COVER__5605.pgm,5605.pgm,COVER,0,${BOSSBASE_ROOT}\cover\5605.pgm,0.011508149064303403,0.491455078125,0.51220703125,0.491455078125,0.51220703125,-0.4799469290606966,0,0.011687257995694434,0.50537109375,0.5322265625,0.50537109375,0.5322265625,-0.4936838357543056,0,0.011331753531361453,0.50048828125,0.548828125,0.50048828125,0.548828125,-0.48915652771863855,0,0.008881675100847034,0.52783203125,0.54833984375,0.52783203125,0.54833984375,-0.518950356149153,0,0.011029470022501837,0.4921875,0.62451171875,0.4921875,0.62451171875,-0.4811580299774982,0,UNKNOWN,UNKNOWN_OR_COVER,WOW,MiPOD,-0.44900611745602687,-0.4502546681358308,0.0012485506798039503,0,
COVER__9072.pgm,9072.pgm,COVER,0,${BOSSBASE_ROOT}\cover\9072.pgm,0.4982347561745884,0.491455078125,0.51220703125,0.491455078125,0.51220703125,0.0067796780495884,1,0.5019702809394079,0.50537109375,0.5322265625,0.50537109375,0.5322265625,-0.0034008128105921243,0,0.4961739333238314,0.50048828125,0.548828125,0.50048828125,0.548828125,-0.004314347926168582,0,0.49870205217086544,0.52783203125,0.54833984375,0.52783203125,0.54833984375,-0.02912997907913456,0,0.4979133727094341,0.4921875,0.62451171875,0.4921875,0.62451171875,0.005725872709434088,1,WOW|MiPOD,AMBIGUOUS,WOW,MiPOD,0.0567796780495884,0.05572587270943409,0.0010538053401543124,2,"WOW,MiPOD"
COVER__1756.pgm,1756.pgm,COVER,0,${BOSSBASE_ROOT}\cover\1756.pgm,0.011642224164666006,0.491455078125,0.51220703125,0.491455078125,0.51220703125,-0.479812853960334,0,0.007695647178392188,0.50537109375,0.5322265625,0.50537109375,0.5322265625,-0.49767544657160784,0,0.009020279501402172,0.50048828125,0.548828125,0.50048828125,0.548828125,-0.49146800174859784,0,0.009974920824078675,0.52783203125,0.54833984375,0.52783203125,0.54833984375,-0.5178571104259213,0,0.010328152519305191,0.4921875,0.62451171875,0.4921875,0.62451171875,-0.4818593474806948,0,UNKNOWN,UNKNOWN_OR_COVER,WOW,MiPOD,-0.44886789368513264,-0.4509776511095198,0.002109757424387182,0,
COVER__7234.pgm,7234.pgm,COVER,0,${BOSSBASE_ROOT}\cover\7234.pgm,0.01098694263059318,0.491455078125,0.51220703125,0.491455078125,0.51220703125,-0.4804681354944068,0,0.014503579691381979,0.50537109375,0.5322265625,0.50537109375,0.5322265625,-0.490867514058618,0,0.01098694263059318,0.50048828125,0.548828125,0.50048828125,0.548828125,-0.4895013386194068,0,0.014615670100635955,0.52783203125,0.54833984375,0.52783203125,0.54833984375,-0.5132163611493641,0,0.016979992237318317,0.4921875,0.62451171875,0.4921875,0.62451171875,-0.47520750776268167,0,UNKNOWN,UNKNOWN_OR_COVER,MiPOD,WOW,-0.4441197065688615,-0.4495434462379089,0.005423739669047356,0,
COVER__6211.pgm,6211.pgm,COVER,0,${BOSSBASE_ROOT}\cover\6211.pgm,0.00959645473238191,0.491455078125,0.51220703125,0.491455078125,0.51220703125,-0.4818586233926181,0,0.014899643269019094,0.50537109375,0.5322265625,0.50537109375,0.5322265625,-0.4904714504809809,0,0.012722708199923246,0.50048828125,0.548828125,0.50048828125,0.548828125,-0.48776557305007673,0,0.011029470022501837,0.52783203125,0.54833984375,0.52783203125,0.54833984375,-0.5168025612274981,0,0.008779108866911802,0.4921875,0.62451171875,0.4921875,0.62451171875,-0.4834083911330882,0,UNKNOWN,UNKNOWN_OR_COVER,WOW,MiPOD,-0.45097690466036683,-0.45257449482590106,0.001597590165534235,0,
COVER__9909.pgm,9909.pgm,COVER,0,${BOSSBASE_ROOT}\cover\9909.pgm,0.012100385813544712,0.491455078125,0.51220703125,0.491455078125,0.51220703125,-0.4793546923114553,0,0.010860331013277531,0.50537109375,0.5322265625,0.50537109375,0.5322265625,-0.49451076273672245,0,0.01028830113371619,0.50048828125,0.548828125,0.50048828125,0.548828125,-0.4901999801162838,0,0.009670992763446972,0.52783203125,0.54833984375,0.52783203125,0.54833984375,-0.518161038486553,0,0.008251598569085517,0.4921875,0.62451171875,0.4921875,0.62451171875,-0.4839359014309145,0,UNKNOWN,UNKNOWN_OR_COVER,WOW,MiPOD,-0.4483955509938729,-0.45311826603227606,0.004722715038403158,0,
COVER__280.pgm,280.pgm,COVER,0,${BOSSBASE_ROOT}\cover\280.pgm,0.2438224443065624,0.491455078125,0.51220703125,0.491455078125,0.51220703125,-0.2476326338184376,0,0.09602548878779378,0.50537109375,0.5322265625,0.50537109375,0.5322265625,-0.40934560496220623,0,0.5216234669719573,0.50048828125,0.548828125,0.50048828125,0.548828125,0.021135185721957273,1,0.08632347658627028,0.52783203125,0.54833984375,0.52783203125,0.54833984375,-0.44150855466372974,0,0.4599856572805548,0.4921875,0.62451171875,0.4921875,0.62451171875,-0.032201842719445206,0,HILL,ATTRIBUTED,HILL,MiPOD,0.07113518572195728,0.016213713070767598,0.05492147265118968,1,HILL
COVER__5859.pgm,5859.pgm,COVER,0,${BOSSBASE_ROOT}\cover\5859.pgm,0.009821792919693043,0.491455078125,0.51220703125,0.491455078125,0.51220703125,-0.48163328520530696,0,0.00834805380978326,0.50537109375,0.5322265625,0.50537109375,0.5322265625,-0.49702303994021674,0,0.009020279501402172,0.50048828125,0.548828125,0.50048828125,0.548828125,-0.49146800174859784,0,0.009232214404536282,0.52783203125,0.54833984375,0.52783203125,0.54833984375,-0.5185998168454637,0,0.009708476481474066,0.4921875,0.62451171875,0.4921875,0.62451171875,-0.48247902351852595,0,UNKNOWN,UNKNOWN_OR_COVER,WOW,MiPOD,-0.45074460685843154,-0.4516164578665634,0.0008718510081318631,0,
COVER__1882.pgm,1882.pgm,COVER,0,${BOSSBASE_ROOT}\cover\1882.pgm,0.012100385813544712,0.491455078125,0.51220703125,0.491455078125,0.51220703125,-0.4793546923114553,0,0.00517971277035707,0.50537109375,0.5322265625,0.50537109375,0.5322265625,-0.5001913809796429,0,0.3410336302162521,0.50048828125,0.548828125,0.50048828125,0.548828125,-0.1594546510337479,0,0.8684925281703223,0.52783203125,0.54833984375,0.52783203125,0.54833984375,0.3406604969203223,0,0.8374870945748015,0.4921875,0.62451171875,0.4921875,0.62451171875,0.3452995945748015,0,MiPOD|HUGO,AMBIGUOUS,MiPOD,HUGO,0.3857083964567922,0.376962405614955,0.008745990841837248,2,"HUGO,MiPOD"
COVER__2916.pgm,2916.pgm,COVER,0,${BOSSBASE_ROOT}\cover\2916.pgm,0.4898924294098642,0.491455078125,0.51220703125,0.491455078125,0.51220703125,-0.0015626487151357837,0,0.5039137994570594,0.50537109375,0.5322265625,0.50537109375,0.5322265625,-0.001457294292940614,0,0.505630255175539,0.50048828125,0.548828125,0.50048828125,0.548828125,0.005141973925538945,1,6.761842041375471e-05,0.52783203125,0.54833984375,0.52783203125,0.54833984375,-0.5277644128295862,0,0.5119529834249437,0.4921875,0.62451171875,0.4921875,0.62451171875,0.019765483424943664,1,MiPOD|HILL,AMBIGUOUS,MiPOD,HILL,0.06976548342494367,0.05514197392553895,0.014623509499404719,2,"HILL,MiPOD"
COVER__6493.pgm,6493.pgm,COVER,0,${BOSSBASE_ROOT}\cover\6493.pgm,0.4595914947603807,0.491455078125,0.51220703125,0.491455078125,0.51220703125,-0.03186358336461931,0,0.5589590475799835,0.50537109375,0.5322265625,0.50537109375,0.5322265625,0.05358795382998349,0,0.5032557980988,0.50048828125,0.548828125,0.50048828125,0.548828125,0.0027675168487999446,1,0.5042113261916779,0.52783203125,0.54833984375,0.52783203125,0.54833984375,-0.023620705058322145,0,0.499609947283714,0.4921875,0.62451171875,0.4921875,0.62451171875,0.007422447283713995,1,S-UNIWARD,ATTRIBUTED,S-UNIWARD,MiPOD,0.10226903708053556,0.057422447283714,0.04484658979682156,3,"S-UNIWARD,HILL,MiPOD"
COVER__2421.pgm,2421.pgm,COVER,0,${BOSSBASE_ROOT}\cover\2421.pgm,0.010860331013277531,0.491455078125,0.51220703125,0.491455078125,0.51220703125,-0.48059474711172245,0,0.053403329799824234,0.50537109375,0.5322265625,0.50537109375,0.5322265625,-0.4519677639501758,0,0.03690806619720511,0.50048828125,0.548828125,0.50048828125,0.548828125,-0.4635802150527949,0,0.010652510839726164,0.52783203125,0.54833984375,0.52783203125,0.54833984375,-0.5171795204102738,0,0.3125798034377321,0.4921875,0.62451171875,0.4921875,0.62451171875,-0.17960769656226788,0,UNKNOWN,UNKNOWN_OR_COVER,MiPOD,S-UNIWARD,-0.13782779880877175,-0.42014902977015334,0.2823212309613816,0,
COVER__7366.pgm,7366.pgm,COVER,0,${BOSSBASE_ROOT}\cover\7366.pgm,0.05174953987515943,0.491455078125,0.51220703125,0.491455078125,0.51220703125,-0.4397055382498406,0,0.010328152519305191,0.50537109375,0.5322265625,0.50537109375,0.5322265625,-0.4950429412306948,0,0.17781086947804958,0.50048828125,0.548828125,0.50048828125,0.548828125,-0.3226774117719504,0,0.006241259229821674,0.52783203125,0.54833984375,0.52783203125,0.54833984375,-0.5215907720201783,0,0.49508682806480664,0.4921875,0.62451171875,0.4921875,0.62451171875,0.002899328064806639,1,MiPOD,ATTRIBUTED,MiPOD,HILL,0.05289932806480664,-0.2864670398977351,0.3393663679625417,1,MiPOD
COVER__9179.pgm,9179.pgm,COVER,0,${BOSSBASE_ROOT}\cover\9179.pgm,0.6618135991545709,0.491455078125,0.51220703125,0.491455078125,0.51220703125,0.17035852102957094,0,0.7299049970975119,0.50537109375,0.5322265625,0.50537109375,0.5322265625,0.2245339033475119,0,0.5727227762392935,0.50048828125,0.548828125,0.50048828125,0.548828125,0.07223449498929346,0,0.9988530841674523,0.52783203125,0.54833984375,0.52783203125,0.54833984375,0.47102105291745233,0,0.5460422899448382,0.4921875,0.62451171875,0.4921875,0.62451171875,0.053854789944838166,1,HUGO,ATTRIBUTED,HUGO,S-UNIWARD,0.5028861018699189,0.26556558825347587,0.23732051361644302,5,"WOW,S-UNIWARD,HILL,HUGO,MiPOD"
COVER__2256.pgm,2256.pgm,COVER,0,${BOSSBASE_ROOT}\cover\2256.pgm,0.008711384457705508,0.491455078125,0.51220703125,0.491455078125,0.51220703125,-0.48274369366729447,0,0.12043881659461604,0.50537109375,0.5322265625,0.50537109375,0.5322265625,-0.384932277155384,0,0.01238378463726033,0.50048828125,0.548828125,0.50048828125,0.548828125,-0.4881044966127397,0,0.01013041166358438,0.52783203125,0.54833984375,0.52783203125,0.54833984375,-0.5177016195864156,0,0.013795364421185227,0.4921875,0.62451171875,0.4921875,0.62451171875,-0.47839213557881477,0,UNKNOWN,UNKNOWN_OR_COVER,S-UNIWARD,MiPOD,-0.3509074411644974,-0.447403179984656,0.0964957388201586,0,
COVER__9223.pgm,9223.pgm,COVER,0,${BOSSBASE_ROOT}\cover\9223.pgm,0.010860331013277531,0.491455078125,0.51220703125,0.491455078125,0.51220703125,-0.48059474711172245,0,0.008061991528271641,0.50537109375,0.5322265625,0.50537109375,0.5322265625,-0.49730910222172836,0,0.006589771663080563,0.50048828125,0.548828125,0.50048828125,0.548828125,-0.49389850958691944,0,0.009412589587609823,0.52783203125,0.54833984375,0.52783203125,0.54833984375,-0.5184194416623902,0,0.008251598569085517,0.4921875,0.62451171875,0.4921875,0.62451171875,-0.4839359014309145,0,UNKNOWN,UNKNOWN_OR_COVER,WOW,MiPOD,-0.4496739730322876,-0.45311826603227606,0.003444292999988441,0,
COVER__1988.pgm,1988.pgm,COVER,0,${BOSSBASE_ROOT}\cover\1988.pgm,0.010818448652863185,0.491455078125,0.51220703125,0.491455078125,0.51220703125,-0.4806366294721368,0,0.015189048807983947,0.50537109375,0.5322265625,0.50537109375,0.5322265625,-0.49018204494201606,0,0.3876903297319391,0.50048828125,0.548828125,0.50048828125,0.548828125,-0.11279795151806088,0,0.007636216494667212,0.52783203125,0.54833984375,0.52783203125,0.54833984375,-0.5201958147553328,0,0.17064616441155184,0.4921875,0.62451171875,0.4921875,0.62451171875,-0.32154133558844816,0,UNKNOWN,UNKNOWN_OR_COVER,HILL,MiPOD,-0.06813139461390735,-0.2852898025964951,0.21715840798258776,0,
COVER__7992.pgm,7992.pgm,COVER,0,${BOSSBASE_ROOT}\cover\7992.pgm,0.010611421330238862,0.491455078125,0.51220703125,0.491455078125,0.51220703125,-0.48084365679476115,0,0.009412589587609823,0.50537109375,0.5322265625,0.50537109375,0.5322265625,-0.4959585041623902,0,0.011687257995694434,0.50048828125,0.548828125,0.50048828125,0.548828125,-0.4888010232543056,0,0.00959645473238191,0.52783203125,0.54833984375,0.52783203125,0.54833984375,-0.5182355765176181,0,0.01024860192315863,0.4921875,0.62451171875,0.4921875,0.62451171875,-0.48193889807684137,0,UNKNOWN,UNKNOWN_OR_COVER,WOW,MiPOD,-0.449930578237617,-0.451059658265311,0.0011290800276940183,0,
COVER__3248.pgm,3248.pgm,COVER,0,${BOSSBASE_ROOT}\cover\3248.pgm,0.2549724637637575,0.491455078125,0.51220703125,0.491455078125,0.51220703125,-0.23648261436124252,0,0.10338596660618364,0.50537109375,0.5322265625,0.50537109375,0.5322265625,-0.40198512714381635,0,0.4305064486551987,0.50048828125,0.548828125,0.50048828125,0.548828125,-0.06998183259480129,0,0.6909762888804932,0.52783203125,0.54833984375,0.52783203125,0.54833984375,0.16314425763049323,0,0.510473626389546,0.4921875,0.62451171875,0.4921875,0.62451171875,0.018286126389545965,1,HUGO,ATTRIBUTED,HUGO,MiPOD,0.20649771957275395,0.06828612638954597,0.13821159318320797,2,"HUGO,MiPOD"
COVER__6517.pgm,6517.pgm,COVER,0,${BOSSBASE_ROOT}\cover\6517.pgm,0.04733771546763761,0.491455078125,0.51220703125,0.491455078125,0.51220703125,-0.4441173626573624,0,0.11299100844856738,0.50537109375,0.5322265625,0.50537109375,0.5322265625,-0.39238008530143265,0,0.24744147328404636,0.50048828125,0.548828125,0.50048828125,0.548828125,-0.25304680796595364,0,0.8134607872557665,0.52783203125,0.54833984375,0.52783203125,0.54833984375,0.28562875600576654,0,0.3343720551482963,0.4921875,0.62451171875,0.4921875,0.62451171875,-0.15781544485170368,0,HUGO,ATTRIBUTED,HUGO,MiPOD,0.32398441435624065,-0.11511507590751222,0.43909949026375283,1,HUGO
COVER__4757.pgm,4757.pgm,COVER,0,${BOSSBASE_ROOT}\cover\4757.pgm,0.012479699745327848,0.491455078125,0.51220703125,0.491455078125,0.51220703125,-0.47897537837967213,0,0.012722708199923246,0.50537109375,0.5322265625,0.50537109375,0.5322265625,-0.49264838555007673,0,0.18698417867858166,0.50048828125,0.548828125,0.50048828125,0.548828125,-0.31350410257141836,0,0.05389915445121031,0.52783203125,0.54833984375,0.52783203125,0.54833984375,-0.4739328767987897,0,0.16981850978871627,0.4921875,0.62451171875,0.4921875,0.62451171875,-0.32236899021128373,0,UNKNOWN,UNKNOWN_OR_COVER,HILL,MiPOD,-0.2769600335461988,-0.2861474485552504,0.009187415009051625,0,
COVER__8889.pgm,8889.pgm,COVER,0,${BOSSBASE_ROOT}\cover\8889.pgm,0.009232214404536282,0.491455078125,0.51220703125,0.491455078125,0.51220703125,-0.48222286372046375,0,0.009340024385054083,0.50537109375,0.5322265625,0.50537109375,0.5322265625,-0.4960310693649459,0,0.008950711436881996,0.50048828125,0.548828125,0.50048828125,0.548828125,-0.491537569813118,0,0.007695647178392188,0.52783203125,0.54833984375,0.52783203125,0.54833984375,-0.5201363840716078,0,0.007345826574477061,0.4921875,0.62451171875,0.4921875,0.62451171875,-0.4848416734255229,0,UNKNOWN,UNKNOWN_OR_COVER,WOW,MiPOD,-0.4513523913072622,-0.45405193914003766,0.002699547832775484,0,
COVER__7291.pgm,7291.pgm,COVER,0,${BOSSBASE_ROOT}\cover\7291.pgm,0.009055264186722086,0.491455078125,0.51220703125,0.491455078125,0.51220703125,-0.4823998139382779,0,0.010169657753872614,0.50537109375,0.5322265625,0.50537109375,0.5322265625,-0.49520143599612737,0,0.007725534397423479,0.50048828125,0.548828125,0.50048828125,0.548828125,-0.49276274685257654,0,0.007785654765367813,0.52783203125,0.54833984375,0.52783203125,0.54833984375,-0.5200463764846321,0,0.008380453351026062,0.4921875,0.62451171875,0.4921875,0.62451171875,-0.48380704664897395,0,UNKNOWN,UNKNOWN_OR_COVER,WOW,MiPOD,-0.45153480357862386,-0.4529854399947942,0.0014506364161703256,0,
COVER__5606.pgm,5606.pgm,COVER,0,${BOSSBASE_ROOT}\cover\5606.pgm,0.011331753531361453,0.491455078125,0.51220703125,0.491455078125,0.51220703125,-0.48012332459363855,0,0.008610767667510729,0.50537109375,0.5322265625,0.50537109375,0.5322265625,-0.49676032608248927,0,0.008412977570977689,0.50048828125,0.548828125,0.50048828125,0.548828125,-0.4920753036790223,0,0.007937994101407319,0.52783203125,0.54833984375,0.52783203125,0.54833984375,-0.5198940371485927,0,0.008445626941126032,0.4921875,0.62451171875,0.4921875,0.62451171875,-0.48374187305887395,0,UNKNOWN,UNKNOWN_OR_COVER,WOW,MiPOD,-0.4491879703285822,-0.45291825758447557,0.003730287255893361,0,
COVER__24.pgm,24.pgm,COVER,0,${BOSSBASE_ROOT}\cover\24.pgm,0.01005236865796813,0.491455078125,0.51220703125,0.491455078125,0.51220703125,-0.4814027094670319,0,0.009974920824078675,0.50537109375,0.5322265625,0.50537109375,0.5322265625,-0.4953961729259213,0,0.018299332210213487,0.50048828125,0.548828125,0.50048828125,0.548828125,-0.4821889490397865,0,0.011158031248084033,0.52783203125,0.54833984375,0.52783203125,0.54833984375,-0.516674000001916,0,0.043123370715370604,0.4921875,0.62451171875,0.4921875,0.62451171875,-0.4490641292846294,0,UNKNOWN,UNKNOWN_OR_COVER,MiPOD,WOW,-0.41715287086173525,-0.4505069081191782,0.03335403725744296,0,
COVER__7131.pgm,7131.pgm,COVER,0,${BOSSBASE_ROOT}\cover\7131.pgm,0.009485713170795206,0.491455078125,0.51220703125,0.491455078125,0.51220703125,-0.4819693649542048,0,0.01159736182363297,0.50537109375,0.5322265625,0.50537109375,0.5322265625,-0.49377373192636703,0,0.01013041166358438,0.50048828125,0.548828125,0.50048828125,0.548828125,-0.49035786958641564,0,0.010408314101072437,0.52783203125,0.54833984375,0.52783203125,0.54833984375,-0.5174237171489275,0,0.009708476481474066,0.4921875,0.62451171875,0.4921875,0.62451171875,-0.48247902351852595,0,UNKNOWN,UNKNOWN_OR_COVER,WOW,MiPOD,-0.4510910659223554,-0.4516164578665634,0.0005253919442079757,0,
COVER__6878.pgm,6878.pgm,COVER,0,${BOSSBASE_ROOT}\cover\6878.pgm,0.008315778477474129,0.491455078125,0.51220703125,0.491455078125,0.51220703125,-0.4831392996475259,0,0.011158031248084033,0.50537109375,0.5322265625,0.50537109375,0.5322265625,-0.494213062501916,0,0.00593406683938367,0.50048828125,0.548828125,0.50048828125,0.548828125,-0.4945542144106163,0,0.009670992763446972,0.52783203125,0.54833984375,0.52783203125,0.54833984375,-0.518161038486553,0,0.007547923375900623,0.4921875,0.62451171875,0.4921875,0.62451171875,-0.4846395766240994,0,UNKNOWN,UNKNOWN_OR_COVER,WOW,MiPOD,-0.45229710508493093,-0.4538436192029816,0.0015465141180506792,0,
COVER__7686.pgm,7686.pgm,COVER,0,${BOSSBASE_ROOT}\cover\7686.pgm,0.015663648711668327,0.491455078125,0.51220703125,0.491455078125,0.51220703125,-0.4757914294133317,0,0.3027001819340039,0.50537109375,0.5322265625,0.50537109375,0.5322265625,-0.2026709118159961,0,0.3443331934745242,0.50048828125,0.548828125,0.50048828125,0.548828125,-0.15615508777547582,0,0.5586279957692165,0.52783203125,0.54833984375,0.52783203125,0.54833984375,0.030795964519216512,0,0.49715998842844544,0.4921875,0.62451171875,0.4921875,0.62451171875,0.004972488428445443,1,HUGO|MiPOD,AMBIGUOUS,HUGO,MiPOD,0.08028419401867676,0.054972488428445446,0.025311705590231312,2,"HUGO,MiPOD"
COVER__5997.pgm,5997.pgm,COVER,0,${BOSSBASE_ROOT}\cover\5997.pgm,0.010169657753872614,0.491455078125,0.51220703125,0.491455078125,0.51220703125,-0.48128542037112737,0,0.008478401934677453,0.50537109375,0.5322265625,0.50537109375,0.5322265625,-0.49689269181532253,0,0.009020279501402172,0.50048828125,0.548828125,0.50048828125,0.548828125,-0.49146800174859784,0,0.010091315485195006,0.52783203125,0.54833984375,0.52783203125,0.54833984375,-0.517740715764805,0,0.007606672164523265,0.4921875,0.62451171875,0.4921875,0.62451171875,-0.48458082783547674,0,UNKNOWN,UNKNOWN_OR_COVER,WOW,MiPOD,-0.45038599507014543,-0.45378306113602007,0.003397066065874643,0,
COVER__71.pgm,71.pgm,COVER,0,${BOSSBASE_ROOT}\cover\71.pgm,0.06560483745906928,0.491455078125,0.51220703125,0.491455078125,0.51220703125,-0.4258502406659307,0,0.020293485571542015,0.50537109375,0.5322265625,0.50537109375,0.5322265625,-0.48507760817845796,0,0.28917092259282917,0.50048828125,0.548828125,0.50048828125,0.548828125,-0.21131735865717083,0,0.01411789342520494,0.52783203125,0.54833984375,0.52783203125,0.54833984375,-0.513714137824795,0,0.4593186425973457,0.4921875,0.62451171875,0.4921875,0.62451171875,-0.03286885740265427,0,MiPOD,ATTRIBUTED,MiPOD,HILL,0.01551441526880476,-0.17084150271490595,0.1863559179837107,0,
COVER__4367.pgm,4367.pgm,COVER,0,${BOSSBASE_ROOT}\cover\4367.pgm,0.02527489813024264,0.491455078125,0.51220703125,0.491455078125,0.51220703125,-0.46618017999475736,0,0.011823394836370594,0.50537109375,0.5322265625,0.50537109375,0.5322265625,-0.49354769891362943,0,0.9651191130633208,0.50048828125,0.548828125,0.50048828125,0.548828125,0.46463083181332077,0,0.0283283119798864,0.52783203125,0.54833984375,0.52783203125,0.54833984375,-0.4995037192701136,0,0.9555685679752156,0.4921875,0.62451171875,0.4921875,0.62451171875,0.4633810679752156,0,MiPOD|HILL,AMBIGUOUS,MiPOD,HILL,0.4992892850149007,0.49760524877963386,0.0016840362352668614,2,"HILL,MiPOD"
COVER__7657.pgm,7657.pgm,COVER,0,${BOSSBASE_ROOT}\cover\7657.pgm,0.014227046103179024,0.491455078125,0.51220703125,0.491455078125,0.51220703125,-0.47722803202182096,0,0.03314851840247966,0.50537109375,0.5322265625,0.50537109375,0.5322265625,-0.4722225753475203,0,0.006488269596656705,0.50048828125,0.548828125,0.50048828125,0.548828125,-0.4940000116533433,0,0.08389038641057993,0.52783203125,0.54833984375,0.52783203125,0.54833984375,-0.44394164483942006,0,0.011552670335220809,0.4921875,0.62451171875,0.4921875,0.62451171875,-0.4806348296647792,0,UNKNOWN,UNKNOWN_OR_COVER,HUGO,S-UNIWARD,-0.4118665021025611,-0.44104184053691986,0.029175338434358766,0,
COVER__734.pgm,734.pgm,COVER,0,${BOSSBASE_ROOT}\cover\734.pgm,0.3226326832135305,0.491455078125,0.51220703125,0.491455078125,0.51220703125,-0.1688223949114695,0,0.28537195620910677,0.50537109375,0.5322265625,0.50537109375,0.5322265625,-0.21999913754089323,0,0.5550734923007133,0.50048828125,0.548828125,0.50048828125,0.548828125,0.054585211050713345,0,0.009055264186722086,0.52783203125,0.54833984375,0.52783203125,0.54833984375,-0.5187767670632779,0,0.5734992682825657,0.4921875,0.62451171875,0.4921875,0.62451171875,0.0813117682825657,1,MiPOD|HILL,AMBIGUOUS,MiPOD,HILL,0.1313117682825657,0.1042739157741768,0.027037852508388888,2,"HILL,MiPOD"
COVER__4168.pgm,4168.pgm,COVER,0,${BOSSBASE_ROOT}\cover\4168.pgm,0.5556462181182247,0.491455078125,0.51220703125,0.491455078125,0.51220703125,0.06419113999322468,0,0.17795368213941537,0.50537109375,0.5322265625,0.50537109375,0.5322265625,-0.32741741161058463,0,0.43818407986376834,0.50048828125,0.548828125,0.50048828125,0.548828125,-0.06230420138623166,0,0.48358744156250405,0.52783203125,0.54833984375,0.52783203125,0.54833984375,-0.04424458968749595,0,0.4469472776223813,0.4921875,0.62451171875,0.4921875,0.62451171875,-0.04524022237761871,0,WOW,ATTRIBUTED,WOW,HUGO,0.11206567900989903,0.0035914065637924833,0.10847427244610655,1,WOW
COVER__9431.pgm,9431.pgm,COVER,0,${BOSSBASE_ROOT}\cover\9431.pgm,0.008745181682035148,0.491455078125,0.51220703125,0.491455078125,0.51220703125,-0.48270989644296486,0,0.009559399347091532,0.50537109375,0.5322265625,0.50537109375,0.5322265625,-0.49581169440290845,0,0.20465963465754167,0.50048828125,0.548828125,0.50048828125,0.548828125,-0.29582864659245833,0,0.006641112642077409,0.52783203125,0.54833984375,0.52783203125,0.54833984375,-0.5211909186079225,0,0.013020490113842825,0.4921875,0.62451171875,0.4921875,0.62451171875,-0.4791670098861572,0,UNKNOWN,UNKNOWN_OR_COVER,HILL,MiPOD,-0.2586329021199273,-0.44820205753654996,0.18956915541662267,0,
COVER__246.pgm,246.pgm,COVER,0,${BOSSBASE_ROOT}\cover\246.pgm,0.00959645473238191,0.491455078125,0.51220703125,0.491455078125,0.51220703125,-0.4818586233926181,0,0.009859855303538789,0.50537109375,0.5322265625,0.50537109375,0.5322265625,-0.4955112384464612,0,0.008445626941126032,0.50048828125,0.548828125,0.50048828125,0.548828125,-0.49204265430887395,0,0.008677716704989246,0.52783203125,0.54833984375,0.52783203125,0.54833984375,-0.5191543145450107,0,0.007846239292520898,0.4921875,0.62451171875,0.4921875,0.62451171875,-0.4843412607074791,0,UNKNOWN,UNKNOWN_OR_COVER,WOW,MiPOD,-0.45097690466036683,-0.4535361149916559,0.0025592103312890857,0,
COVER__7341.pgm,7341.pgm,COVER,0,${BOSSBASE_ROOT}\cover\7341.pgm,0.01621503010931627,0.491455078125,0.51220703125,0.491455078125,0.51220703125,-0.47524004801568376,0,0.013171949881556448,0.50537109375,0.5322265625,0.50537109375,0.5322265625,-0.49219914386844354,0,0.07779744860800895,0.50048828125,0.548828125,0.50048828125,0.548828125,-0.42269083264199103,0,0.009783876017655003,0.52783203125,0.54833984375,0.52783203125,0.54833984375,-0.518048155232345,0,0.7052778090939756,0.4921875,0.62451171875,0.4921875,0.62451171875,0.21309030909397564,0,MiPOD,ATTRIBUTED,MiPOD,HILL,0.25921078042817847,-0.38992677297434164,0.6491375534025201,1,MiPOD
COVER__8452.pgm,8452.pgm,COVER,0,${BOSSBASE_ROOT}\cover\8452.pgm,0.011029470022501837,0.491455078125,0.51220703125,0.491455078125,0.51220703125,-0.4804256081024982,0,0.013584392513059033,0.50537109375,0.5322265625,0.50537109375,0.5322265625,-0.49178670123694096,0,0.007489624898808396,0.50048828125,0.548828125,0.50048828125,0.548828125,-0.4929986563511916,0,0.01052971212461742,0.52783203125,0.54833984375,0.52783203125,0.54833984375,-0.5173023191253826,0,0.010818448652863185,0.4921875,0.62451171875,0.4921875,0.62451171875,-0.4813690513471368,0,UNKNOWN,UNKNOWN_OR_COVER,WOW,MiPOD,-0.4494996036716553,-0.45047221008719646,0.000972606415541144,0,
COVER__9877.pgm,9877.pgm,COVER,0,${BOSSBASE_ROOT}\cover\9877.pgm,0.008610767667510729,0.491455078125,0.51220703125,0.491455078125,0.51220703125,-0.48284431045748927,0,0.008985428752560176,0.50537109375,0.5322265625,0.50537109375,0.5322265625,-0.4963856649974398,0,0.007846239292520898,0.50048828125,0.548828125,0.50048828125,0.548828125,-0.4926420419574791,0,0.007937994101407319,0.52783203125,0.54833984375,0.52783203125,0.54833984375,-0.5198940371485927,0,0.007204769088868756,0.4921875,0.62451171875,0.4921875,0.62451171875,-0.48498273091113125,0,UNKNOWN,UNKNOWN_OR_COVER,WOW,MiPOD,-0.4519930164388467,-0.45419733944184626,0.002204323002999553,0,
COVER__5346.pgm,5346.pgm,COVER,0,${BOSSBASE_ROOT}\cover\5346.pgm,0.010408314101072437,0.491455078125,0.51220703125,0.491455078125,0.51220703125,-0.48104676402392754,0,0.007489624898808396,0.50537109375,0.5322265625,0.50537109375,0.5322265625,-0.4978814688511916,0,0.007345826574477061,0.50048828125,0.548828125,0.50048828125,0.548828125,-0.4931424546755229,0,0.011072160183234295,0.52783203125,0.54833984375,0.52783203125,0.54833984375,-0.5167598710667657,0,0.008030813216260063,0.4921875,0.62451171875,0.4921875,0.62451171875,-0.4841566867837399,0,UNKNOWN,UNKNOWN_OR_COVER,WOW,MiPOD,-0.4501399634989357,-0.45334585471654065,0.0032058912176049503,0,
COVER__8821.pgm,8821.pgm,COVER,0,${BOSSBASE_ROOT}\cover\8821.pgm,0.5016765531648574,0.491455078125,0.51220703125,0.491455078125,0.51220703125,0.010221475039857375,1,0.4728356116031057,0.50537109375,0.5322265625,0.50537109375,0.5322265625,-0.03253548214689428,0,0.4989557281419156,0.50048828125,0.548828125,0.50048828125,0.548828125,-0.0015325531080844224,0,0.5417422158291983,0.52783203125,0.54833984375,0.52783203125,0.54833984375,0.013910184579198348,1,0.4695658676176872,0.4921875,0.62451171875,0.4921875,0.62451171875,-0.022621632382312795,0,HUGO|WOW,AMBIGUOUS,HUGO,WOW,0.06391018457919835,0.06022147503985738,0.003688709539340973,2,"WOW,HUGO"
COVER__6614.pgm,6614.pgm,COVER,0,${BOSSBASE_ROOT}\cover\6614.pgm,0.9906599756149459,0.491455078125,0.51220703125,0.491455078125,0.51220703125,0.4992048974899459,0,0.021450729175489416,0.50537109375,0.5322265625,0.50537109375,0.5322265625,-0.4839203645745106,0,0.49958109865452943,0.50048828125,0.548828125,0.50048828125,0.548828125,-0.0009071825954705681,0,0.09186978148697043,0.52783203125,0.54833984375,0.52783203125,0.54833984375,-0.43596224976302955,0,0.9502265513945876,0.4921875,0.62451171875,0.4921875,0.62451171875,0.45803905139458756,0,WOW,ATTRIBUTED,WOW,MiPOD,0.5301919687406245,0.4941396039975715,0.036052364743052956,2,"WOW,MiPOD"
COVER__5793.pgm,5793.pgm,COVER,0,${BOSSBASE_ROOT}\cover\5793.pgm,0.008881675100847034,0.491455078125,0.51220703125,0.491455078125,0.51220703125,-0.48257340302415297,0,0.006615392678327907,0.50537109375,0.5322265625,0.50537109375,0.5322265625,-0.4987557010716721,0,0.008916127052872005,0.50048828125,0.548828125,0.50048828125,0.548828125,-0.491572154197128,0,0.008124708778180903,0.52783203125,0.54833984375,0.52783203125,0.54833984375,-0.519707322471819,0,0.008847355082930386,0.4921875,0.62451171875,0.4921875,0.62451171875,-0.4833401449170696,0,UNKNOWN,UNKNOWN_OR_COVER,WOW,MiPOD,-0.45171375002842934,-0.4525041442413276,0.0007903942128982822,0,
COVER__5052.pgm,5052.pgm,COVER,0,${BOSSBASE_ROOT}\cover\5052.pgm,0.21321330786298076,0.491455078125,0.51220703125,0.491455078125,0.51220703125,-0.27824177026201924,0,0.5607939212485697,0.50537109375,0.5322265625,0.50537109375,0.5322265625,0.05542282749856975,0,0.23005373537687202,0.50048828125,0.548828125,0.50048828125,0.548828125,-0.270434545873128,0,0.23669262586732603,0.52783203125,0.54833984375,0.52783203125,0.54833984375,-0.29113940538267397,0,0.6773673167864696,0.4921875,0.62451171875,0.4921875,0.62451171875,0.18517981678646955,0,MiPOD,ATTRIBUTED,MiPOD,S-UNIWARD,0.2326056653017958,0.10401466901000372,0.12859099629179208,2,"S-UNIWARD,MiPOD"
COVER__2859.pgm,2859.pgm,COVER,0,${BOSSBASE_ROOT}\cover\2859.pgm,0.01368947769627449,0.491455078125,0.51220703125,0.491455078125,0.51220703125,-0.4777656004287255,0,0.10913479367495958,0.50537109375,0.5322265625,0.50537109375,0.5322265625,-0.3962363000750404,0,0.018617802261831698,0.50048828125,0.548828125,0.50048828125,0.548828125,-0.4818704789881683,0,0.02981654114380002,0.52783203125,0.54833984375,0.52783203125,0.54833984375,-0.4980154901062,0,0.09947021388210707,0.4921875,0.62451171875,0.4921875,0.62451171875,-0.3927172861178929,0,UNKNOWN,UNKNOWN_OR_COVER,MiPOD,S-UNIWARD,-0.35895630538974305,-0.36259391591540363,0.003637610525660584,0,
COVER__1967.pgm,1967.pgm,COVER,0,${BOSSBASE_ROOT}\cover\1967.pgm,0.009559399347091532,0.491455078125,0.51220703125,0.491455078125,0.51220703125,-0.48189567877790845,0,0.013171949881556448,0.50537109375,0.5322265625,0.50537109375,0.5322265625,-0.49219914386844354,0,0.008577485413711986,0.50048828125,0.548828125,0.50048828125,0.548828125,-0.491910795836288,0,0.009020279501402172,0.52783203125,0.54833984375,0.52783203125,0.54833984375,-0.5188117517485978,0,0.007815888789288626,0.4921875,0.62451171875,0.4921875,0.62451171875,-0.4843716112107114,0,UNKNOWN,UNKNOWN_OR_COVER,WOW,MiPOD,-0.45101510435844167,-0.4535674004323748,0.002552296073933147,0,
COVER__3185.pgm,3185.pgm,COVER,0,${BOSSBASE_ROOT}\cover\3185.pgm,0.34279150515239465,0.491455078125,0.51220703125,0.491455078125,0.51220703125,-0.14866357297260535,0,0.629319104299195,0.50537109375,0.5322265625,0.50537109375,0.5322265625,0.12394801054919502,0,0.5320908367461596,0.50048828125,0.548828125,0.50048828125,0.548828125,0.031602555496159646,1,2.908344099089824e-05,0.52783203125,0.54833984375,0.52783203125,0.54833984375,-0.527802947809009,0,0.8091251983298455,0.4921875,0.62451171875,0.4921875,0.62451171875,0.31693769832984553,0,MiPOD,ATTRIBUTED,MiPOD,S-UNIWARD,0.3585089775658348,0.16932161170687615,0.18918736585895862,3,"S-UNIWARD,HILL,MiPOD"
COVER__5748.pgm,5748.pgm,COVER,0,${BOSSBASE_ROOT}\cover\5748.pgm,0.050051306118557334,0.491455078125,0.51220703125,0.491455078125,0.51220703125,-0.44140377200644265,0,0.31997074490513444,0.50537109375,0.5322265625,0.50537109375,0.5322265625,-0.18540034884486556,0,0.02706617566513358,0.50048828125,0.548828125,0.50048828125,0.548828125,-0.4734221055848664,0,0.7617157879641979,0.52783203125,0.54833984375,0.52783203125,0.54833984375,0.23388375671419792,0,0.09721884276216183,0.4921875,0.62451171875,0.4921875,0.62451171875,-0.39496865723783814,0,HUGO,ATTRIBUTED,HUGO,S-UNIWARD,0.2742763753489663,-0.1438617679044856,0.4181381432534519,1,HUGO
COVER__2189.pgm,2189.pgm,COVER,0,${BOSSBASE_ROOT}\cover\2189.pgm,0.0033766123817395013,0.491455078125,0.51220703125,0.491455078125,0.51220703125,-0.4880784657432605,0,0.007937994101407319,0.50537109375,0.5322265625,0.50537109375,0.5322265625,-0.49743309964859267,0,0.09089675430664505,0.50048828125,0.548828125,0.50048828125,0.548828125,-0.40959152694335493,0,0.008315778477474129,0.52783203125,0.54833984375,0.52783203125,0.54833984375,-0.5195162527725259,0,0.011072160183234295,0.4921875,0.62451171875,0.4921875,0.62451171875,-0.4811153398167657,0,UNKNOWN,UNKNOWN_OR_COVER,HILL,MiPOD,-0.3763954575055961,-0.4502106586774538,0.07381520117185769,0,
COVER__2081.pgm,2081.pgm,COVER,0,${BOSSBASE_ROOT}\cover\2081.pgm,0.009090383313658499,0.491455078125,0.51220703125,0.491455078125,0.51220703125,-0.4823646948113415,0,0.035948321789243294,0.50537109375,0.5322265625,0.50537109375,0.5322265625,-0.4694227719607567,0,0.45834870020339913,0.50048828125,0.548828125,0.50048828125,0.548828125,-0.04213958104660087,0,0.02324192480101961,0.52783203125,0.54833984375,0.52783203125,0.54833984375,-0.5045901064489804,0,0.7814974261872448,0.4921875,0.62451171875,0.4921875,0.62451171875,0.2893099261872448,0,MiPOD,ATTRIBUTED,MiPOD,HILL,0.3320457399280639,0.005797216446663665,0.32624852348140027,1,MiPOD
COVER__7539.pgm,7539.pgm,COVER,0,${BOSSBASE_ROOT}\cover\7539.pgm,0.011029470022501837,0.491455078125,0.51220703125,0.491455078125,0.51220703125,-0.4804256081024982,0,0.009268013380914325,0.50537109375,0.5322265625,0.50537109375,0.5322265625,-0.4961030803690857,0,0.009232214404536282,0.50048828125,0.548828125,0.50048828125,0.548828125,-0.49125606684546375,0,0.009974920824078675,0.52783203125,0.54833984375,0.52783203125,0.54833984375,-0.5178571104259213,0,0.008093289897373068,0.4921875,0.62451171875,0.4921875,0.62451171875,-0.48409421010262693,0,UNKNOWN,UNKNOWN_OR_COVER,WOW,MiPOD,-0.4494996036716553,-0.453281453016764,0.0037818493451086677,0,
COVER__8227.pgm,8227.pgm,COVER,0,${BOSSBASE_ROOT}\cover\8227.pgm,0.14116297998248356,0.491455078125,0.51220703125,0.491455078125,0.51220703125,-0.35029209814251644,0,0.49553310834555087,0.50537109375,0.5322265625,0.50537109375,0.5322265625,-0.009837985404449134,0,0.15165493579185244,0.50048828125,0.548828125,0.50048828125,0.548828125,-0.3488333454581476,0,0.4771277902288348,0.52783203125,0.54833984375,0.52783203125,0.54833984375,-0.05070424102116522,0,0.02104456579396102,0.4921875,0.62451171875,0.4921875,0.62451171875,-0.471142934206039,0,S-UNIWARD,ATTRIBUTED,S-UNIWARD,HUGO,0.03967252705890261,-0.0031762527437766974,0.04284877980267931,0,
COVER__259.pgm,259.pgm,COVER,0,${BOSSBASE_ROOT}\cover\259.pgm,0.012624949281564409,0.491455078125,0.51220703125,0.491455078125,0.51220703125,-0.47883012884343557,0,0.03143985047843082,0.50537109375,0.5322265625,0.50537109375,0.5322265625,-0.47393124327156916,0,0.018941707825185387,0.50048828125,0.548828125,0.50048828125,0.548828125,-0.4815465734248146,0,0.017986209962091555,0.52783203125,0.54833984375,0.52783203125,0.54833984375,-0.5098458212879085,0,0.01368947769627449,0.4921875,0.62451171875,0.4921875,0.62451171875,-0.4784980223037255,0,UNKNOWN,UNKNOWN_OR_COVER,S-UNIWARD,MiPOD,-0.44280374049150517,-0.4475123478548651,0.004708607363359929,0,
COVER__7284.pgm,7284.pgm,COVER,0,${BOSSBASE_ROOT}\cover\7284.pgm,0.009783876017655003,0.491455078125,0.51220703125,0.491455078125,0.51220703125,-0.481671202107345,0,0.01124456072066409,0.50537109375,0.5322265625,0.50537109375,0.5322265625,-0.4941265330293359,0,0.008950711436881996,0.50048828125,0.548828125,0.50048828125,0.548828125,-0.491537569813118,0,0.008030813216260063,0.52783203125,0.54833984375,0.52783203125,0.54833984375,-0.5198012180337399,0,0.00959645473238191,0.4921875,0.62451171875,0.4921875,0.62451171875,-0.4825910452676181,0,UNKNOWN,UNKNOWN_OR_COVER,WOW,MiPOD,-0.4507836949412566,-0.4517319367006034,0.000948241759346824,0,
COVER__6920.pgm,6920.pgm,COVER,0,${BOSSBASE_ROOT}\cover\6920.pgm,0.01805533497349937,0.491455078125,0.51220703125,0.491455078125,0.51220703125,-0.47339974315150063,0,0.284874329507616,0.50537109375,0.5322265625,0.50537109375,0.5322265625,-0.220496764242384,0,0.14069006537368478,0.50048828125,0.548828125,0.50048828125,0.548828125,-0.3597982158763152,0,0.06359857904766149,0.52783203125,0.54833984375,0.52783203125,0.54833984375,-0.4642334522023385,0,0.2730894751371906,0.4921875,0.62451171875,0.4921875,0.62451171875,-0.21909802486280938,0,UNKNOWN,UNKNOWN_OR_COVER,MiPOD,S-UNIWARD,-0.1789358760372196,-0.18039075252617962,0.0014548764889600052,0,
COVER__8060.pgm,8060.pgm,COVER,0,${BOSSBASE_ROOT}\cover\8060.pgm,0.007846239292520898,0.491455078125,0.51220703125,0.491455078125,0.51220703125,-0.4836088388324791,0,0.015603534790203506,0.50537109375,0.5322265625,0.50537109375,0.5322265625,-0.4897675589597965,0,0.011115013721477563,0.50048828125,0.548828125,0.50048828125,0.548828125,-0.48937326752852245,0,0.01704531725343583,0.52783203125,0.54833984375,0.52783203125,0.54833984375,-0.5107867139965642,0,0.01971912810734659,0.4921875,0.62451171875,0.4921875,0.62451171875,-0.4724683718926534,0,UNKNOWN,UNKNOWN_OR_COVER,MiPOD,WOW,-0.44129530025711455,-0.45278112248946956,0.011485822232355003,0,
COVER__1895.pgm,1895.pgm,COVER,0,${BOSSBASE_ROOT}\cover\1895.pgm,0.009020279501402172,0.491455078125,0.51220703125,0.491455078125,0.51220703125,-0.48243479862359784,0,0.7215470408358251,0.50537109375,0.5322265625,0.50537109375,0.5322265625,0.2161759470858251,0,0.14743239045468015,0.50048828125,0.548828125,0.50048828125,0.548828125,-0.35305589079531985,0,0.01052971212461742,0.52783203125,0.54833984375,0.52783203125,0.54833984375,-0.5173023191253826,0,0.20946968133032526,0.4921875,0.62451171875,0.4921875,0.62451171875,-0.2827178186696747,0,S-UNIWARD,ATTRIBUTED,S-UNIWARD,MiPOD,0.2575520101637041,-0.24503119631573964,0.5025832064794438,1,S-UNIWARD
COVER__1457.pgm,1457.pgm,COVER,0,${BOSSBASE_ROOT}\cover\1457.pgm,0.011072160183234295,0.491455078125,0.51220703125,0.491455078125,0.51220703125,-0.4803829179417657,0,0.018869254537334273,0.50537109375,0.5322265625,0.50537109375,0.5322265625,-0.4865018392126657,0,0.00834805380978326,0.50048828125,0.548828125,0.50048828125,0.548828125,-0.49214022744021674,0,0.009090383313658499,0.52783203125,0.54833984375,0.52783203125,0.54833984375,-0.5187416479363415,0,0.009821792919693043,0.4921875,0.62451171875,0.4921875,0.62451171875,-0.48236570708030696,0,UNKNOWN,UNKNOWN_OR_COVER,WOW,MiPOD,-0.4494555932466419,-0.4514996439941758,0.0020440507475338876,0,
COVER__7752.pgm,7752.pgm,COVER,0,${BOSSBASE_ROOT}\cover\7752.pgm,0.011463797377996032,0.491455078125,0.51220703125,0.491455078125,0.51220703125,-0.479991280747004,0,0.01005236865796813,0.50537109375,0.5322265625,0.50537109375,0.5322265625,-0.4953187250920319,0,0.012970386437368456,0.50048828125,0.548828125,0.50048828125,0.548828125,-0.4875178948126315,0,0.022933564232383716,0.52783203125,0.54833984375,0.52783203125,0.54833984375,-0.5048984670176163,0,0.09912085510042459,0.4921875,0.62451171875,0.4921875,0.62451171875,-0.39306664489957543,0,UNKNOWN,UNKNOWN_OR_COVER,MiPOD,WOW,-0.35931745680647087,-0.4490518413890737,0.08973438458260286,0,
COVER__9414.pgm,9414.pgm,COVER,0,${BOSSBASE_ROOT}\cover\9414.pgm,0.755276170890018,0.491455078125,0.51220703125,0.491455078125,0.51220703125,0.263821092765018,0,0.42566491467012996,0.50537109375,0.5322265625,0.50537109375,0.5322265625,-0.07970617907987004,0,0.4446250547235637,0.50048828125,0.548828125,0.50048828125,0.548828125,-0.05586322652643633,0,0.04069295359665302,0.52783203125,0.54833984375,0.52783203125,0.54833984375,-0.48713907765334696,0,0.2626526663488052,0.4921875,0.62451171875,0.4921875,0.62451171875,-0.22953483365119481,0,WOW,ATTRIBUTED,WOW,HILL,0.30303195733481286,-0.008579803056091427,0.31161176039090427,1,WOW
COVER__8688.pgm,8688.pgm,COVER,0,${BOSSBASE_ROOT}\cover\8688.pgm,0.008030813216260063,0.491455078125,0.51220703125,0.491455078125,0.51220703125,-0.4834242649087399,0,0.011823394836370594,0.50537109375,0.5322265625,0.50537109375,0.5322265625,-0.49354769891362943,0,0.0185465645121173,0.50048828125,0.548828125,0.50048828125,0.548828125,-0.4819417167378827,0,0.012053779516236447,0.52783203125,0.54833984375,0.52783203125,0.54833984375,-0.5157782517337636,0,0.016090874192824428,0.4921875,0.62451171875,0.4921875,0.62451171875,-0.4760966258071756,0,UNKNOWN,UNKNOWN_OR_COVER,MiPOD,HILL,-0.44503645305406786,-0.4510625639643399,0.006026110910272053,0,
COVER__1637.pgm,1637.pgm,COVER,0,${BOSSBASE_ROOT}\cover\1637.pgm,0.011642224164666006,0.491455078125,0.51220703125,0.491455078125,0.51220703125,-0.479812853960334,0,0.013795364421185227,0.50537109375,0.5322265625,0.50537109375,0.5322265625,-0.49157572932881477,0,0.03102617939183979,0.50048828125,0.548828125,0.50048828125,0.548828125,-0.46946210185816023,0,0.009670992763446972,0.52783203125,0.54833984375,0.52783203125,0.54833984375,-0.518161038486553,0,0.10484336403025446,0.4921875,0.62451171875,0.4921875,0.62451171875,-0.38734413596974554,0,UNKNOWN,UNKNOWN_OR_COVER,MiPOD,HILL,-0.3534012641966576,-0.43819517454441015,0.08479391034775252,0,
COVER__4264.pgm,4264.pgm,COVER,0,${BOSSBASE_ROOT}\cover\4264.pgm,0.5270883190119923,0.491455078125,0.51220703125,0.491455078125,0.51220703125,0.03563324088699227,0,0.5113963413236305,0.50537109375,0.5322265625,0.50537109375,0.5322265625,0.006025247573630543,1,0.5149796467373603,0.50048828125,0.548828125,0.50048828125,0.548828125,0.014491365487360297,1,0.5173270433244966,0.52783203125,0.54833984375,0.52783203125,0.54833984375,-0.010504987925503362,0,0.5160772194438559,0.4921875,0.62451171875,0.4921875,0.62451171875,0.023889719443855872,1,WOW|MiPOD,AMBIGUOUS,WOW,MiPOD,0.08489468545638065,0.07388971944385588,0.011004966012524778,4,"WOW,S-UNIWARD,HILL,MiPOD"
COVER__8427.pgm,8427.pgm,COVER,0,${BOSSBASE_ROOT}\cover\8427.pgm,0.009974920824078675,0.491455078125,0.51220703125,0.491455078125,0.51220703125,-0.4814801573009213,0,0.009303949868393646,0.50537109375,0.5322265625,0.50537109375,0.5322265625,-0.49606714388160633,0,0.007121428745735101,0.50048828125,0.548828125,0.50048828125,0.548828125,-0.4933668525042649,0,0.008610767667510729,0.52783203125,0.54833984375,0.52783203125,0.54833984375,-0.5192212635824893,0,0.011961098249809548,0.4921875,0.62451171875,0.4921875,0.62451171875,-0.48022640175019043,0,UNKNOWN,UNKNOWN_OR_COVER,MiPOD,WOW,-0.44929423604915175,-0.4505867486733016,0.0012925126241498663,0,
COVER__7663.pgm,7663.pgm,COVER,0,${BOSSBASE_ROOT}\cover\7663.pgm,0.008779108866911802,0.491455078125,0.51220703125,0.491455078125,0.51220703125,-0.4826759692580882,0,0.011869121046339474,0.50537109375,0.5322265625,0.50537109375,0.5322265625,-0.49350197270366053,0,0.009090383313658499,0.50048828125,0.548828125,0.50048828125,0.548828125,-0.4913978979363415,0,0.01013041166358438,0.52783203125,0.54833984375,0.52783203125,0.54833984375,-0.5177016195864156,0,0.009232214404536282,0.4921875,0.62451171875,0.4921875,0.62451171875,-0.48295528559546375,0,UNKNOWN,UNKNOWN_OR_COVER,WOW,MiPOD,-0.45181948125843924,-0.45210741511346436,0.00028793385502512425,0,
COVER__2605.pgm,2605.pgm,COVER,0,${BOSSBASE_ROOT}\cover\2605.pgm,0.009974920824078675,0.491455078125,0.51220703125,0.491455078125,0.51220703125,-0.4814801573009213,0,0.08166611439199502,0.50537109375,0.5322265625,0.50537109375,0.5322265625,-0.423704979358005,0,0.01646617504750254,0.50048828125,0.548828125,0.50048828125,0.548828125,-0.48402210620249747,0,0.22798457407385647,0.52783203125,0.54833984375,0.52783203125,0.54833984375,-0.29984745717614353,0,0.16968087821750133,0.4921875,0.62451171875,0.4921875,0.62451171875,-0.32250662178249867,0,UNKNOWN,UNKNOWN_OR_COVER,HUGO,MiPOD,-0.2628008953859101,-0.2862900650111087,0.02348916962519859,0,
COVER__8566.pgm,8566.pgm,COVER,0,${BOSSBASE_ROOT}\cover\8566.pgm,0.008847355082930386,0.491455078125,0.51220703125,0.491455078125,0.51220703125,-0.4826077230420696,0,0.008677716704989246,0.50537109375,0.5322265625,0.50537109375,0.5322265625,-0.49669337704501076,0,0.01507262830894569,0.50048828125,0.548828125,0.50048828125,0.548828125,-0.4854156529410543,0,0.008779108866911802,0.52783203125,0.54833984375,0.52783203125,0.54833984375,-0.5190529223830882,0,0.026912304073801848,0.4921875,0.62451171875,0.4921875,0.62451171875,-0.46527519592619815,0,UNKNOWN,UNKNOWN_OR_COVER,MiPOD,WOW,-0.43387708248866697,-0.4517491291320157,0.017872046643348738,0,
COVER__6336.pgm,6336.pgm,COVER,0,${BOSSBASE_ROOT}\cover\6336.pgm,0.42727722376070665,0.491455078125,0.51220703125,0.491455078125,0.51220703125,-0.06417785436429335,0,0.9992958484109428,0.50537109375,0.5322265625,0.50537109375,0.5322265625,0.49392475466094277,0,0.51833284243062,0.50048828125,0.548828125,0.50048828125,0.548828125,0.017844561180620055,1,0.575945815131361,0.52783203125,0.54833984375,0.52783203125,0.54833984375,0.048113783881361005,0,0.5041617386040063,0.4921875,0.62451171875,0.4921875,0.62451171875,0.01197423860400626,1,S-UNIWARD,ATTRIBUTED,S-UNIWARD,HUGO,0.5252665875588881,0.09675236343845695,0.42851422412043116,4,"S-UNIWARD,HILL,HUGO,MiPOD"
COVER__7608.pgm,7608.pgm,COVER,0,${BOSSBASE_ROOT}\cover\7608.pgm,0.007577241267860811,0.491455078125,0.51220703125,0.491455078125,0.51220703125,-0.4838778368571392,0,0.39963590001120586,0.50537109375,0.5322265625,0.50537109375,0.5322265625,-0.10573519373879414,0,0.01191502196714824,0.50048828125,0.548828125,0.50048828125,0.548828125,-0.4885732592828518,0,0.004848533090448643,0.52783203125,0.54833984375,0.52783203125,0.54833984375,-0.5229834981595514,0,0.05023736013054807,0.4921875,0.62451171875,0.4921875,0.62451171875,-0.4419501398694519,0,UNKNOWN,UNKNOWN_OR_COVER,S-UNIWARD,MiPOD,-0.0607520510941997,-0.4098110556776906,0.34905900458349093,0,
COVER__802.pgm,802.pgm,COVER,0,${BOSSBASE_ROOT}\cover\802.pgm,0.06064055117326406,0.491455078125,0.51220703125,0.491455078125,0.51220703125,-0.43081452695173594,0,0.4108744652385672,0.50537109375,0.5322265625,0.50537109375,0.5322265625,-0.09449662851143281,0,0.2463519898839293,0.50048828125,0.548828125,0.50048828125,0.548828125,-0.2541362913660707,0,1.1726420733772349e-06,0.52783203125,0.54833984375,0.52783203125,0.54833984375,-0.5278308586079267,0,4.565970064836774e-06,0.4921875,0.62451171875,0.4921875,0.62451171875,-0.4921829340299352,0,UNKNOWN,UNKNOWN_OR_COVER,S-UNIWARD,HILL,-0.04900508840618249,-0.21535698690831237,0.1663518985021299,0,
COVER__1935.pgm,1935.pgm,COVER,0,${BOSSBASE_ROOT}\cover\1935.pgm,0.19329961456435382,0.491455078125,0.51220703125,0.491455078125,0.51220703125,-0.29815546356064615,0,0.0776574371439222,0.50537109375,0.5322265625,0.50537109375,0.5322265625,-0.4277136566060778,0,0.209146442715666,0.50048828125,0.548828125,0.50048828125,0.548828125,-0.29134183853433404,0,0.12074951335426835,0.52783203125,0.54833984375,0.52783203125,0.54833984375,-0.40708251789573163,0,0.974773174620712,0.4921875,0.62451171875,0.4921875,0.62451171875,0.482585674620712,0,MiPOD,ATTRIBUTED,MiPOD,HILL,0.5178108680689362,-0.2539788289331194,0.7717896970020556,1,MiPOD
COVER__2674.pgm,2674.pgm,COVER,0,${BOSSBASE_ROOT}\cover\2674.pgm,0.08632347658627028,0.491455078125,0.51220703125,0.491455078125,0.51220703125,-0.40513160153872974,0,0.5510905967087678,0.50537109375,0.5322265625,0.50537109375,0.5322265625,0.04571950295876781,0,0.411761191551078,0.50048828125,0.548828125,0.50048828125,0.548828125,-0.08872708969892201,0,2.9356553451156157e-08,0.52783203125,0.54833984375,0.52783203125,0.54833984375,-0.5278320018934466,0,0.24166831403515618,0.4921875,0.62451171875,0.4921875,0.62451171875,-0.2505191859648438,0,S-UNIWARD,ATTRIBUTED,S-UNIWARD,HILL,0.09478514186581419,-0.04297232577755503,0.1377574676433692,1,S-UNIWARD
COVER__8756.pgm,8756.pgm,COVER,0,${BOSSBASE_ROOT}\cover\8756.pgm,0.48758952465369493,0.491455078125,0.51220703125,0.491455078125,0.51220703125,-0.003865553471305072,0,0.4625337389858598,0.50537109375,0.5322265625,0.50537109375,0.5322265625,-0.04283735476414019,0,0.5244099008765905,0.50048828125,0.548828125,0.50048828125,0.548828125,0.02392161962659045,1,0.5084144276818933,0.52783203125,0.54833984375,0.52783203125,0.54833984375,-0.019417603568106734,0,0.5205267864822855,0.4921875,0.62451171875,0.4921875,0.62451171875,0.028339286482285453,1,MiPOD|HILL,AMBIGUOUS,MiPOD,HILL,0.07833928648228546,0.07392161962659045,0.004417666855695002,2,"HILL,MiPOD"
COVER__7205.pgm,7205.pgm,COVER,0,${BOSSBASE_ROOT}\cover\7205.pgm,0.008380453351026062,0.491455078125,0.51220703125,0.491455078125,0.51220703125,-0.48307462477397395,0,0.01307078477418707,0.50537109375,0.5322265625,0.50537109375,0.5322265625,-0.49230030897581295,0,0.010169657753872614,0.50048828125,0.548828125,0.50048828125,0.548828125,-0.49031862349612737,0,0.008412977570977689,0.52783203125,0.54833984375,0.52783203125,0.54833984375,-0.5194190536790223,0,0.01005236865796813,0.4921875,0.62451171875,0.4921875,0.62451171875,-0.4821351313420319,0,UNKNOWN,UNKNOWN_OR_COVER,MiPOD,WOW,-0.4512619504700542,-0.4522304354318402,0.0009684849617860314,0,
COVER__2867.pgm,2867.pgm,COVER,0,${BOSSBASE_ROOT}\cover\2867.pgm,0.520069777274095,0.491455078125,0.51220703125,0.491455078125,0.51220703125,0.02861469914909498,0,0.5132567800165763,0.50537109375,0.5322265625,0.50537109375,0.5322265625,0.007885686266576264,1,0.49766351493202965,0.50048828125,0.548828125,0.50048828125,0.548828125,-0.002824766317970351,0,0.5097643834260159,0.52783203125,0.54833984375,0.52783203125,0.54833984375,-0.018067647823984068,0,0.4949113695463228,0.4921875,0.62451171875,0.4921875,0.62451171875,0.00272386954632281,1,WOW|S-UNIWARD,AMBIGUOUS,WOW,S-UNIWARD,0.07822310337440984,0.05788568626657627,0.020337417107833572,3,"WOW,S-UNIWARD,MiPOD"
COVER__1770.pgm,1770.pgm,COVER,0,${BOSSBASE_ROOT}\cover\1770.pgm,0.6844749696763718,0.491455078125,0.51220703125,0.491455078125,0.51220703125,0.19301989155137178,0,0.7954992785477151,0.50537109375,0.5322265625,0.50537109375,0.5322265625,0.29012818479771507,0,0.5339746660012631,0.50048828125,0.548828125,0.50048828125,0.548828125,0.03348638475126309,1,0.38087408266772826,0.52783203125,0.54833984375,0.52783203125,0.54833984375,-0.14695794858227174,0,0.9832145101099363,0.4921875,0.62451171875,0.4921875,0.62451171875,0.4910270101099363,0,MiPOD,ATTRIBUTED,MiPOD,S-UNIWARD,0.525956107364466,0.32855479867990683,0.19740130868455913,4,"WOW,S-UNIWARD,HILL,MiPOD"
COVER__4910.pgm,4910.pgm,COVER,0,${BOSSBASE_ROOT}\cover\4910.pgm,0.6761923970034418,0.491455078125,0.51220703125,0.491455078125,0.51220703125,0.1847373188784418,0,0.3090237111195067,0.50537109375,0.5322265625,0.50537109375,0.5322265625,-0.19634738263049328,0,0.4357814595846654,0.50048828125,0.548828125,0.50048828125,0.548828125,-0.06470682166533459,0,0.024656855541960163,0.52783203125,0.54833984375,0.52783203125,0.54833984375,-0.5031751757080398,0,0.6879445502945944,0.4921875,0.62451171875,0.4921875,0.62451171875,0.19575705029459445,0,MiPOD|WOW,AMBIGUOUS,MiPOD,WOW,0.24268390815833213,0.22717504101199698,0.015508867146335148,2,"WOW,MiPOD"
COVER__3567.pgm,3567.pgm,COVER,0,${BOSSBASE_ROOT}\cover\3567.pgm,0.015543647930770626,0.491455078125,0.51220703125,0.491455078125,0.51220703125,-0.4759114301942294,0,0.12538631303122072,0.50537109375,0.5322265625,0.50537109375,0.5322265625,-0.3799847807187793,0,0.0143370304240108,0.50048828125,0.548828125,0.50048828125,0.548828125,-0.4861512508259892,0,0.9447913126759381,0.52783203125,0.54833984375,0.52783203125,0.54833984375,0.4169592814259381,0,0.040540738463481864,0.4921875,0.62451171875,0.4921875,0.62451171875,-0.4516467615365181,0,HUGO,ATTRIBUTED,HUGO,S-UNIWARD,0.4505944275711593,-0.3457911898602463,0.7963856174314057,1,HUGO
COVER__123.pgm,123.pgm,COVER,0,${BOSSBASE_ROOT}\cover\123.pgm,0.006121281290728532,0.491455078125,0.51220703125,0.491455078125,0.51220703125,-0.48533379683427147,0,0.7248702761768248,0.50537109375,0.5322265625,0.50537109375,0.5322265625,0.21949918242682476,0,0.013636835281429876,0.50048828125,0.548828125,0.50048828125,0.548828125,-0.4868514459685701,0,0.09653531477640952,0.52783203125,0.54833984375,0.52783203125,0.54833984375,-0.43129671647359047,0,0.05127241813029474,0.4921875,0.62451171875,0.4921875,0.62451171875,-0.44091508186970524,0,S-UNIWARD,ATTRIBUTED,S-UNIWARD,HUGO,0.26073797133313786,-0.398813410696861,0.6595513820299989,1,S-UNIWARD
COVER__5772.pgm,5772.pgm,COVER,0,${BOSSBASE_ROOT}\cover\5772.pgm,0.008677716704989246,0.491455078125,0.51220703125,0.491455078125,0.51220703125,-0.48277736142001076,0,0.012100385813544712,0.50537109375,0.5322265625,0.50537109375,0.5322265625,-0.4932707079364553,0,0.007260866498285615,0.50048828125,0.548828125,0.50048828125,0.548828125,-0.4932274147517144,0,0.008544330693441928,0.52783203125,0.54833984375,0.52783203125,0.54833984375,-0.519287700556558,0,0.009936418705946226,0.4921875,0.62451171875,0.4921875,0.62451171875,-0.48225108129405375,0,UNKNOWN,UNKNOWN_OR_COVER,MiPOD,WOW,-0.45138147995838934,-0.45192400186778675,0.0005425219093974087,0,
COVER__4506.pgm,4506.pgm,COVER,0,${BOSSBASE_ROOT}\cover\4506.pgm,0.5557667731890596,0.491455078125,0.51220703125,0.491455078125,0.51220703125,0.06431169506405965,0,0.5091313698625539,0.50537109375,0.5322265625,0.50537109375,0.5322265625,0.0037602761125539175,1,0.5156504034600404,0.50048828125,0.548828125,0.50048828125,0.548828125,0.01516212221004043,1,0.5166869157249864,0.52783203125,0.54833984375,0.52783203125,0.54833984375,-0.011145115525013627,0,0.5000205934047582,0.4921875,0.62451171875,0.4921875,0.62451171875,0.00783309340475824,1,WOW,ATTRIBUTED,WOW,HILL,0.11218046291017059,0.06516212221004043,0.047018340700130154,4,"WOW,S-UNIWARD,HILL,MiPOD"
COVER__6280.pgm,6280.pgm,COVER,0,${BOSSBASE_ROOT}\cover\6280.pgm,0.4942705754945724,0.491455078125,0.51220703125,0.491455078125,0.51220703125,0.002815497369572373,1,0.5032119309153811,0.50537109375,0.5322265625,0.50537109375,0.5322265625,-0.0021591628346189218,0,0.49990206956988625,0.50048828125,0.548828125,0.50048828125,0.548828125,-0.0005862116801137462,0,0.49736216131401634,0.52783203125,0.54833984375,0.52783203125,0.54833984375,-0.030469869935983662,0,0.49316448839301424,0.4921875,0.62451171875,0.4921875,0.62451171875,0.0009769883930142442,1,WOW|MiPOD,AMBIGUOUS,WOW,MiPOD,0.052815497369572376,0.05097698839301425,0.0018385089765581286,2,"WOW,MiPOD"
COVER__1216.pgm,1216.pgm,COVER,0,${BOSSBASE_ROOT}\cover\1216.pgm,0.009303949868393646,0.491455078125,0.51220703125,0.491455078125,0.51220703125,-0.48215112825660633,0,0.031738591899222963,0.50537109375,0.5322265625,0.50537109375,0.5322265625,-0.47363250185077704,0,0.22558717324082886,0.50048828125,0.548828125,0.50048828125,0.548828125,-0.2749011080091711,0,0.9548162433273092,0.52783203125,0.54833984375,0.52783203125,0.54833984375,0.4269842120773092,0,0.710527884198715,0.4921875,0.62451171875,0.4921875,0.62451171875,0.21834038419871504,0,HUGO,ATTRIBUTED,HUGO,MiPOD,0.46028385273443384,0.26421935409959296,0.19606449863484088,2,"HUGO,MiPOD"
COVER__2941.pgm,2941.pgm,COVER,0,${BOSSBASE_ROOT}\cover\2941.pgm,0.04577727258077672,0.491455078125,0.51220703125,0.491455078125,0.51220703125,-0.44567780554422326,0,0.05921025074128593,0.50537109375,0.5322265625,0.50537109375,0.5322265625,-0.44616084300871406,0,0.21255875527247137,0.50048828125,0.548828125,0.50048828125,0.548828125,-0.28792952597752863,0,0.568056423518342,0.52783203125,0.54833984375,0.52783203125,0.54833984375,0.04022439226834196,0,0.37479069691957606,0.4921875,0.62451171875,0.4921875,0.62451171875,-0.11739680308042394,0,HUGO,ATTRIBUTED,HUGO,MiPOD,0.08924821830902982,-0.0729351894282744,0.16218340773730422,1,HUGO
COVER__1378.pgm,1378.pgm,COVER,0,${BOSSBASE_ROOT}\cover\1378.pgm,0.017780390073110934,0.491455078125,0.51220703125,0.491455078125,0.51220703125,-0.47367468805188906,0,0.0505176697224809,0.50537109375,0.5322265625,0.50537109375,0.5322265625,-0.4548534240275191,0,0.06916356453554356,0.50048828125,0.548828125,0.50048828125,0.548828125,-0.43132471671445644,0,0.08419108099457717,0.52783203125,0.54833984375,0.52783203125,0.54833984375,-0.44364095025542283,0,0.06941547240649758,0.4921875,0.62451171875,0.4921875,0.62451171875,-0.4227720275935024,0,UNKNOWN,UNKNOWN_OR_COVER,MiPOD,HILL,-0.3900106280940915,-0.39884232046537926,0.00883169237128778,0,
COVER__2619.pgm,2619.pgm,COVER,0,${BOSSBASE_ROOT}\cover\2619.pgm,0.008610767667510729,0.491455078125,0.51220703125,0.491455078125,0.51220703125,-0.48284431045748927,0,0.03429394712087164,0.50537109375,0.5322265625,0.50537109375,0.5322265625,-0.47107714662912836,0,0.00912563738918052,0.50048828125,0.548828125,0.50048828125,0.548828125,-0.49136264386081946,0,0.010368156650788152,0.52783203125,0.54833984375,0.52783203125,0.54833984375,-0.5174638745992118,0,0.010013570623173138,0.4921875,0.62451171875,0.4921875,0.62451171875,-0.48217392937682685,0,UNKNOWN,UNKNOWN_OR_COVER,S-UNIWARD,MiPOD,-0.4398606760469329,-0.4513019463003586,0.011441270253425673,0,
COVER__3570.pgm,3570.pgm,COVER,0,${BOSSBASE_ROOT}\cover\3570.pgm,0.2068940488158881,0.491455078125,0.51220703125,0.491455078125,0.51220703125,-0.28456102930911187,0,0.2858701046908062,0.50537109375,0.5322265625,0.50537109375,0.5322265625,-0.2195009890591938,0,0.4372827512486691,0.50048828125,0.548828125,0.50048828125,0.548828125,-0.06320553000133089,0,0.018725162468302196,0.52783203125,0.54833984375,0.52783203125,0.54833984375,-0.5091068687816978,0,0.5195974991459933,0.4921875,0.62451171875,0.4921875,0.62451171875,0.02740999914599329,1,MiPOD,ATTRIBUTED,MiPOD,HILL,0.0774099991459933,-0.0162680043780271,0.09367800352402039,1,MiPOD
COVER__9044.pgm,9044.pgm,COVER,0,${BOSSBASE_ROOT}\cover\9044.pgm,0.31869715372290114,0.491455078125,0.51220703125,0.491455078125,0.51220703125,-0.17275792440209886,0,0.37983835645082925,0.50537109375,0.5322265625,0.50537109375,0.5322265625,-0.12553273729917075,0,0.4435401629848708,0.50048828125,0.548828125,0.50048828125,0.548828125,-0.05694811826512919,0,0.510084691738687,0.52783203125,0.54833984375,0.52783203125,0.54833984375,-0.01774733951131302,0,0.48127097401381,0.4921875,0.62451171875,0.4921875,0.62451171875,-0.010916525986189973,0,MiPOD|HUGO,AMBIGUOUS,MiPOD,HUGO,0.03854061616644383,0.03137312133851755,0.0071674948279262796,0,
COVER__2914.pgm,2914.pgm,COVER,0,${BOSSBASE_ROOT}\cover\2914.pgm,0.7824963179402874,0.491455078125,0.51220703125,0.491455078125,0.51220703125,0.2910412398152874,0,0.6561076251832212,0.50537109375,0.5322265625,0.50537109375,0.5322265625,0.1507365314332212,0,0.6401860799617684,0.50048828125,0.548828125,0.50048828125,0.548828125,0.13969779871176835,0,0.5172660812081337,0.52783203125,0.54833984375,0.52783203125,0.54833984375,-0.010565950041866334,0,0.6322757295059384,0.4921875,0.62451171875,0.4921875,0.62451171875,0.14008822950593836,0,WOW,ATTRIBUTED,WOW,S-UNIWARD,0.32919917435272805,0.19491077713117883,0.13428839722154923,4,"WOW,S-UNIWARD,HILL,MiPOD"
COVER__3130.pgm,3130.pgm,COVER,0,${BOSSBASE_ROOT}\cover\3130.pgm,0.21883627123404897,0.491455078125,0.51220703125,0.491455078125,0.51220703125,-0.272618806890951,0,0.017509557349574698,0.50537109375,0.5322265625,0.50537109375,0.5322265625,-0.4878615364004253,0,0.2549724637637575,0.50048828125,0.548828125,0.50048828125,0.548828125,-0.24551581748624252,0,0.015845361188137366,0.52783203125,0.54833984375,0.52783203125,0.54833984375,-0.5119866700618626,0,0.11260009974533917,0.4921875,0.62451171875,0.4921875,0.62451171875,-0.3795874002546608,0,UNKNOWN,UNKNOWN_OR_COVER,HILL,WOW,-0.20640077200310397,-0.2345496585780281,0.02814888657492412,0,
COVER__5086.pgm,5086.pgm,COVER,0,${BOSSBASE_ROOT}\cover\5086.pgm,0.00959645473238191,0.491455078125,0.51220703125,0.491455078125,0.51220703125,-0.4818586233926181,0,0.013428254741968517,0.50537109375,0.5322265625,0.50537109375,0.5322265625,-0.4919428390080315,0,0.011508149064303403,0.50048828125,0.548828125,0.50048828125,0.548828125,-0.4889801321856966,0,0.05320620747238809,0.52783203125,0.54833984375,0.52783203125,0.54833984375,-0.4746258237776119,0,0.00834805380978326,0.4921875,0.62451171875,0.4921875,0.62451171875,-0.48383944619021674,0,UNKNOWN,UNKNOWN_OR_COVER,HUGO,WOW,-0.4435199340473103,-0.45097690466036683,0.007456970613056502,0,
COVER__1039.pgm,1039.pgm,COVER,0,${BOSSBASE_ROOT}\cover\1039.pgm,0.22422527486991764,0.491455078125,0.51220703125,0.491455078125,0.51220703125,-0.2672298032550824,0,0.33047119537216113,0.50537109375,0.5322265625,0.50537109375,0.5322265625,-0.17489989837783887,0,0.5251709646757201,0.50048828125,0.548828125,0.50048828125,0.548828125,0.02468268342572011,1,0.5957865663308587,0.52783203125,0.54833984375,0.52783203125,0.54833984375,0.06795453508085869,0,0.49452612812638086,0.4921875,0.62451171875,0.4921875,0.62451171875,0.0023386281263808595,1,HUGO,ATTRIBUTED,HUGO,HILL,0.11563759910040514,0.07468268342572011,0.040954915674685025,3,"HILL,HUGO,MiPOD"
COVER__9540.pgm,9540.pgm,COVER,0,${BOSSBASE_ROOT}\cover\9540.pgm,0.022715756324479135,0.491455078125,0.51220703125,0.491455078125,0.51220703125,-0.46873932180052086,0,0.22609939404771076,0.50537109375,0.5322265625,0.50537109375,0.5322265625,-0.27927169970228927,0,0.011201213376078314,0.50048828125,0.548828125,0.50048828125,0.548828125,-0.4892870678739217,0,0.959000972812607,0.52783203125,0.54833984375,0.52783203125,0.54833984375,0.431168941562607,0,0.00018814207550495464,0.4921875,0.62451171875,0.4921875,0.62451171875,-0.49199935792449506,0,HUGO,ATTRIBUTED,HUGO,S-UNIWARD,0.4643295233963359,-0.24145498072877886,0.7057845041251147,1,HUGO
COVER__978.pgm,978.pgm,COVER,0,${BOSSBASE_ROOT}\cover\978.pgm,0.017780390073110934,0.491455078125,0.51220703125,0.491455078125,0.51220703125,-0.47367468805188906,0,0.014009566286403145,0.50537109375,0.5322265625,0.50537109375,0.5322265625,-0.49136152746359685,0,0.014728613849722676,0.50048828125,0.548828125,0.50048828125,0.548828125,-0.4857596674002773,0,0.010408314101072437,0.52783203125,0.54833984375,0.52783203125,0.54833984375,-0.5174237171489275,0,0.21683958827016742,0.4921875,0.62451171875,0.4921875,0.62451171875,-0.2753479117298326,0,UNKNOWN,UNKNOWN_OR_COVER,MiPOD,WOW,-0.23738251647290282,-0.4425391983240085,0.2051566818511057,0,
COVER__4433.pgm,4433.pgm,COVER,0,${BOSSBASE_ROOT}\cover\4433.pgm,0.47676235791560156,0.491455078125,0.51220703125,0.491455078125,0.51220703125,-0.014692720209398435,0,0.5022125099729866,0.50537109375,0.5322265625,0.50537109375,0.5322265625,-0.0031585837770133907,0,0.5144841666416655,0.50048828125,0.548828125,0.50048828125,0.548828125,0.013995885391665519,1,0.49383194743375375,0.52783203125,0.54833984375,0.52783203125,0.54833984375,-0.03400008381624625,0,0.5176928051282325,0.4921875,0.62451171875,0.4921875,0.62451171875,0.02550530512823246,1,MiPOD|HILL,AMBIGUOUS,MiPOD,HILL,0.07550530512823246,0.06399588539166552,0.01150941973656694,2,"HILL,MiPOD"
COVER__4182.pgm,4182.pgm,COVER,0,${BOSSBASE_ROOT}\cover\4182.pgm,0.04663804002318764,0.491455078125,0.51220703125,0.491455078125,0.51220703125,-0.4448170381018124,0,0.7839884653055251,0.50537109375,0.5322265625,0.50537109375,0.5322265625,0.27861737155552513,0,0.9594592615365182,0.50048828125,0.548828125,0.50048828125,0.548828125,0.45897098028651817,0,0.6337503363695078,0.52783203125,0.54833984375,0.52783203125,0.54833984375,0.10591830511950784,0,0.8136089277699804,0.4921875,0.62451171875,0.4921875,0.62451171875,0.3214214277699804,0,HILL,ATTRIBUTED,HILL,MiPOD,0.4921325567047778,0.36280672988451346,0.12932582682026433,4,"S-UNIWARD,HILL,HUGO,MiPOD"
COVER__4052.pgm,4052.pgm,COVER,0,${BOSSBASE_ROOT}\cover\4052.pgm,0.49302718547683744,0.491455078125,0.51220703125,0.491455078125,0.51220703125,0.0015721073518374373,1,0.5030059452300745,0.50537109375,0.5322265625,0.50537109375,0.5322265625,-0.0023651485199255307,0,0.4931301625664948,0.50048828125,0.548828125,0.50048828125,0.548828125,-0.0073581186835052215,0,0.4938510180264536,0.52783203125,0.54833984375,0.52783203125,0.54833984375,-0.03398101322354641,0,0.49641615329520217,0.4921875,0.62451171875,0.4921875,0.62451171875,0.004228653295202167,1,MiPOD|WOW,AMBIGUOUS,MiPOD,WOW,0.05422865329520217,0.05157210735183744,0.00265654594336473,2,"WOW,MiPOD"
COVER__9440.pgm,9440.pgm,COVER,0,${BOSSBASE_ROOT}\cover\9440.pgm,0.07878401675683738,0.491455078125,0.51220703125,0.491455078125,0.51220703125,-0.4126710613681626,0,0.9999991487528702,0.50537109375,0.5322265625,0.50537109375,0.5322265625,0.4946280550028702,0,0.594963165457098,0.50048828125,0.548828125,0.50048828125,0.548828125,0.09447488420709804,0,0.5323339640471876,0.52783203125,0.54833984375,0.52783203125,0.54833984375,0.00450193279718758,1,0.4618965297993773,0.4921875,0.62451171875,0.4921875,0.62451171875,-0.030290970200622713,0,S-UNIWARD,ATTRIBUTED,S-UNIWARD,HILL,0.5259478529285319,0.1422205342868599,0.383727318641672,3,"S-UNIWARD,HILL,HUGO"
COVER__4023.pgm,4023.pgm,COVER,0,${BOSSBASE_ROOT}\cover\4023.pgm,0.4842124031681861,0.491455078125,0.51220703125,0.491455078125,0.51220703125,-0.00724267495681391,0,0.5041312231246827,0.50537109375,0.5322265625,0.50537109375,0.5322265625,-0.0012398706253172742,0,0.5030631635813333,0.50048828125,0.548828125,0.50048828125,0.548828125,0.0025748823313332947,1,0.5020561102362014,0.52783203125,0.54833984375,0.52783203125,0.54833984375,-0.025775921013798553,0,0.5078118642792044,0.4921875,0.62451171875,0.4921875,0.62451171875,0.015624364279204439,1,MiPOD|HILL,AMBIGUOUS,MiPOD,HILL,0.06562436427920444,0.0525748823313333,0.013049481947871144,2,"HILL,MiPOD"
COVER__2855.pgm,2855.pgm,COVER,0,${BOSSBASE_ROOT}\cover\2855.pgm,0.013325147705881429,0.491455078125,0.51220703125,0.491455078125,0.51220703125,-0.47812993041911855,0,0.053601141095294236,0.50537109375,0.5322265625,0.50537109375,0.5322265625,-0.45176995265470576,0,0.01704531725343583,0.50048828125,0.548828125,0.50048828125,0.548828125,-0.48344296399656417,0,0.008219693061967886,0.52783203125,0.54833984375,0.52783203125,0.54833984375,-0.5196123381880321,0,0.015663648711668327,0.4921875,0.62451171875,0.4921875,0.62451171875,-0.4765238512883317,0,UNKNOWN,UNKNOWN_OR_COVER,S-UNIWARD,MiPOD,-0.41994492374709136,-0.4454769453983004,0.025532021651209047,0,
COVER__459.pgm,459.pgm,COVER,0,${BOSSBASE_ROOT}\cover\459.pgm,0.2254166158350767,0.491455078125,0.51220703125,0.491455078125,0.51220703125,-0.26603846228992334,0,0.5439233530359013,0.50537109375,0.5322265625,0.50537109375,0.5322265625,0.038552259285901336,0,0.008745181682035148,0.50048828125,0.548828125,0.50048828125,0.548828125,-0.49174309956796486,0,0.16331195859491915,0.52783203125,0.54833984375,0.52783203125,0.54833984375,-0.36452007265508085,0,1.4993860569518262e-08,0.4921875,0.62451171875,0.4921875,0.62451171875,-0.49218748500613946,0,S-UNIWARD,ATTRIBUTED,S-UNIWARD,WOW,0.08797082683493831,-0.2277179798367235,0.3156888066716618,1,S-UNIWARD
COVER__9824.pgm,9824.pgm,COVER,0,${BOSSBASE_ROOT}\cover\9824.pgm,0.011331753531361453,0.491455078125,0.51220703125,0.491455078125,0.51220703125,-0.48012332459363855,0,0.011201213376078314,0.50537109375,0.5322265625,0.50537109375,0.5322265625,-0.4941698803739217,0,0.009232214404536282,0.50048828125,0.548828125,0.50048828125,0.548828125,-0.49125606684546375,0,0.009449081319055452,0.52783203125,0.54833984375,0.52783203125,0.54833984375,-0.5183829499309446,0,0.00834805380978326,0.4921875,0.62451171875,0.4921875,0.62451171875,-0.48383944619021674,0,UNKNOWN,UNKNOWN_OR_COVER,WOW,MiPOD,-0.4491879703285822,-0.4530188381257759,0.0038308677971937155,0,
COVER__9778.pgm,9778.pgm,COVER,0,${BOSSBASE_ROOT}\cover\9778.pgm,0.037326887344129464,0.491455078125,0.51220703125,0.491455078125,0.51220703125,-0.4541281907808705,0,0.8226170295316071,0.50537109375,0.5322265625,0.50537109375,0.5322265625,0.3172459357816071,0,0.15726623746787763,0.50048828125,0.548828125,0.50048828125,0.548828125,-0.3432220437821224,0,0.015483987303625265,0.52783203125,0.54833984375,0.52783203125,0.54833984375,-0.5123480439463748,0,0.7798252724252321,0.4921875,0.62451171875,0.4921875,0.62451171875,0.28763777242523214,0,S-UNIWARD|MiPOD,AMBIGUOUS,S-UNIWARD,MiPOD,0.35464450839955036,0.3304451067978525,0.024199401601697867,2,"S-UNIWARD,MiPOD"
COVER__1311.pgm,1311.pgm,COVER,0,${BOSSBASE_ROOT}\cover\1311.pgm,0.016403032516163058,0.491455078125,0.51220703125,0.491455078125,0.51220703125,-0.47505204560883696,0,0.29992474357634236,0.50537109375,0.5322265625,0.50537109375,0.5322265625,-0.20544635017365764,0,0.0861695546428533,0.50048828125,0.548828125,0.50048828125,0.548828125,-0.4143187266071467,0,0.009783876017655003,0.52783203125,0.54833984375,0.52783203125,0.54833984375,-0.518048155232345,0,0.09585608228230953,0.4921875,0.62451171875,0.4921875,0.62451171875,-0.3963314177176905,0,UNKNOWN,UNKNOWN_OR_COVER,S-UNIWARD,MiPOD,-0.16473216119472442,-0.36269223339014545,0.19796007219542103,0,
COVER__9377.pgm,9377.pgm,COVER,0,${BOSSBASE_ROOT}\cover\9377.pgm,0.6003640999887943,0.491455078125,0.51220703125,0.491455078125,0.51220703125,0.10890902186379425,0,0.5953749329987743,0.50537109375,0.5322265625,0.50537109375,0.5322265625,0.09000383924877431,0,0.5295066907438368,0.50048828125,0.548828125,0.50048828125,0.548828125,0.029018409493836828,1,0.9860442896017267,0.52783203125,0.54833984375,0.52783203125,0.54833984375,0.45821225835172674,0,0.5903659782750167,0.4921875,0.62451171875,0.4921875,0.62451171875,0.09817847827501669,1,HUGO,ATTRIBUTED,HUGO,WOW,0.4904880853396024,0.15468987439444276,0.33579821094515966,5,"WOW,S-UNIWARD,HILL,HUGO,MiPOD"
COVER__2349.pgm,2349.pgm,COVER,0,${BOSSBASE_ROOT}\cover\2349.pgm,0.011375600238837661,0.491455078125,0.51220703125,0.491455078125,0.51220703125,-0.48007947788616234,0,0.8803863363336775,0.50537109375,0.5322265625,0.50537109375,0.5322265625,0.37501524258367747,0,0.04369106064046812,0.50048828125,0.548828125,0.50048828125,0.548828125,-0.4567972206095319,0,0.010611421330238862,0.52783203125,0.54833984375,0.52783203125,0.54833984375,-0.5172206099197612,0,0.07290027342462209,0.4921875,0.62451171875,0.4921875,0.62451171875,-0.4192872265753779,0,S-UNIWARD,ATTRIBUTED,S-UNIWARD,MiPOD,0.4103145460387789,-0.3864114609617977,0.7967260070005766,1,S-UNIWARD
COVER__7703.pgm,7703.pgm,COVER,0,${BOSSBASE_ROOT}\cover\7703.pgm,0.020567095346428456,0.491455078125,0.51220703125,0.491455078125,0.51220703125,-0.4708879827785715,0,0.8772666496637572,0.50537109375,0.5322265625,0.50537109375,0.5322265625,0.3718955559137572,0,0.7923035891138168,0.50048828125,0.548828125,0.50048828125,0.548828125,0.2918153078638168,0,0.010860331013277531,0.52783203125,0.54833984375,0.52783203125,0.54833984375,-0.5169717002367225,0,0.5587483842922026,0.4921875,0.62451171875,0.4921875,0.62451171875,0.06656088429220264,1,S-UNIWARD,ATTRIBUTED,S-UNIWARD,HILL,0.40730515408833495,0.3310102433361084,0.07629491075222655,3,"S-UNIWARD,HILL,MiPOD"
COVER__28.pgm,28.pgm,COVER,0,${BOSSBASE_ROOT}\cover\28.pgm,0.008124708778180903,0.491455078125,0.51220703125,0.491455078125,0.51220703125,-0.4833303693468191,0,0.022158869355977103,0.50537109375,0.5322265625,0.50537109375,0.5322265625,-0.4832122243940229,0,0.28457600421652673,0.50048828125,0.548828125,0.50048828125,0.548828125,-0.21591227703347327,0,0.008283626886030505,0.52783203125,0.54833984375,0.52783203125,0.54833984375,-0.5195484043639695,0,0.2662618740342962,0.4921875,0.62451171875,0.4921875,0.62451171875,-0.2259256259657038,0,UNKNOWN,UNKNOWN_OR_COVER,HILL,MiPOD,-0.1756219777102392,-0.18603675429643038,0.010414776586191166,0,
COVER__3797.pgm,3797.pgm,COVER,0,${BOSSBASE_ROOT}\cover\3797.pgm,0.23213602937942995,0.491455078125,0.51220703125,0.491455078125,0.51220703125,-0.25931904874557005,0,0.5026473751627529,0.50537109375,0.5322265625,0.50537109375,0.5322265625,-0.0027237185872470704,0,0.47345941747225134,0.50048828125,0.548828125,0.50048828125,0.548828125,-0.027028863777748657,0,0.5179213966529955,0.52783203125,0.54833984375,0.52783203125,0.54833984375,-0.009910634597004475,0,0.5028056803904788,0.4921875,0.62451171875,0.4921875,0.62451171875,0.010618180390478793,1,MiPOD|S-UNIWARD,AMBIGUOUS,MiPOD,S-UNIWARD,0.060618180390478796,0.04714028078119294,0.013477899609285852,1,MiPOD
COVER__5066.pgm,5066.pgm,COVER,0,${BOSSBASE_ROOT}\cover\5066.pgm,0.02037129400865451,0.491455078125,0.51220703125,0.491455078125,0.51220703125,-0.4710837841163455,0,0.23863889487701548,0.50537109375,0.5322265625,0.50537109375,0.5322265625,-0.2667321988729845,0,0.35970145319637464,0.50048828125,0.548828125,0.50048828125,0.548828125,-0.14078682805362536,0,0.29992474357634236,0.52783203125,0.54833984375,0.52783203125,0.54833984375,-0.22790728767365764,0,0.5259623469544908,0.4921875,0.62451171875,0.4921875,0.62451171875,0.033774846954490845,1,MiPOD,ATTRIBUTED,MiPOD,HILL,0.08377484695449085,-0.0973531046041695,0.18112795155866035,1,MiPOD
COVER__687.pgm,687.pgm,COVER,0,${BOSSBASE_ROOT}\cover\687.pgm,0.324663488782487,0.491455078125,0.51220703125,0.491455078125,0.51220703125,-0.16679158934251298,0,0.46192687028782065,0.50537109375,0.5322265625,0.50537109375,0.5322265625,-0.043444223462179354,0,0.4769755237666735,0.50048828125,0.548828125,0.50048828125,0.548828125,-0.023512757483326485,0,0.4550169748925861,0.52783203125,0.54833984375,0.52783203125,0.54833984375,-0.07281505635741392,0,0.4946786982338734,0.4921875,0.62451171875,0.4921875,0.62451171875,0.002491198233873393,1,MiPOD|HILL,AMBIGUOUS,MiPOD,HILL,0.052491198233873396,0.025325318195205247,0.02716588003866815,1,MiPOD
COVER__1891.pgm,1891.pgm,COVER,0,${BOSSBASE_ROOT}\cover\1891.pgm,0.012870749215746782,0.491455078125,0.51220703125,0.491455078125,0.51220703125,-0.47858432890925323,0,0.17567945088745876,0.50537109375,0.5322265625,0.50537109375,0.5322265625,-0.32969164286254127,0,0.03403615299437095,0.50048828125,0.548828125,0.50048828125,0.548828125,-0.46645212825562904,0,0.05089371986183379,0.52783203125,0.54833984375,0.52783203125,0.54833984375,-0.4769383113881662,0,0.45725789257359606,0.4921875,0.62451171875,0.4921875,0.62451171875,-0.03492960742640394,0,MiPOD,ATTRIBUTED,MiPOD,S-UNIWARD,0.013354062078610757,-0.29373437021858884,0.3070884322971996,0,
COVER__6287.pgm,6287.pgm,COVER,0,${BOSSBASE_ROOT}\cover\6287.pgm,0.43104523574236975,0.491455078125,0.51220703125,0.491455078125,0.51220703125,-0.06040984238263025,0,0.49580393151882696,0.50537109375,0.5322265625,0.50537109375,0.5322265625,-0.009567162231173043,0,0.5067897437381021,0.50048828125,0.548828125,0.50048828125,0.548828125,0.00630146248810215,1,2.7264702706959303e-06,0.52783203125,0.54833984375,0.52783203125,0.54833984375,-0.5278293047797293,0,0.042722197546490565,0.4921875,0.62451171875,0.4921875,0.62451171875,-0.44946530245350946,0,HILL|S-UNIWARD,AMBIGUOUS,HILL,S-UNIWARD,0.05630146248810215,0.03995676064211748,0.016344701845984674,1,HILL
COVER__6414.pgm,6414.pgm,COVER,0,${BOSSBASE_ROOT}\cover\6414.pgm,0.07409726117812651,0.491455078125,0.51220703125,0.491455078125,0.51220703125,-0.41735781694687346,0,0.5639784121143441,0.50537109375,0.5322265625,0.50537109375,0.5322265625,0.058607318364344074,0,0.48303873704680866,0.50048828125,0.548828125,0.50048828125,0.548828125,-0.017449544203191336,0,0.24202643355734138,0.52783203125,0.54833984375,0.52783203125,0.54833984375,-0.2858055976926586,0,0.37983835645082925,0.4921875,0.62451171875,0.4921875,0.62451171875,-0.11234914354917075,0,S-UNIWARD,ATTRIBUTED,S-UNIWARD,HILL,0.10704466572350227,0.03168554666768078,0.07535911905582149,1,S-UNIWARD
COVER__2462.pgm,2462.pgm,COVER,0,${BOSSBASE_ROOT}\cover\2462.pgm,0.009232214404536282,0.491455078125,0.51220703125,0.491455078125,0.51220703125,-0.48222286372046375,0,0.013121271126550956,0.50537109375,0.5322265625,0.50537109375,0.5322265625,-0.492249822623449,0,0.010860331013277531,0.50048828125,0.548828125,0.50048828125,0.548828125,-0.48962795023672245,0,0.01646617504750254,0.52783203125,0.54833984375,0.52783203125,0.54833984375,-0.5113658562024974,0,0.014227046103179024,0.4921875,0.62451171875,0.4921875,0.62451171875,-0.47796045389682096,0,UNKNOWN,UNKNOWN_OR_COVER,MiPOD,WOW,-0.446958118050391,-0.4513523913072622,0.004394273256871195,0,
COVER__6346.pgm,6346.pgm,COVER,0,${BOSSBASE_ROOT}\cover\6346.pgm,0.034164815507969376,0.491455078125,0.51220703125,0.491455078125,0.51220703125,-0.45729026261703065,0,0.3933850186356973,0.50537109375,0.5322265625,0.50537109375,0.5322265625,-0.1119860751143027,0,0.47285082537930195,0.50048828125,0.548828125,0.50048828125,0.548828125,-0.027637455870698047,0,0.45096379095017136,0.52783203125,0.54833984375,0.52783203125,0.54833984375,-0.07686824029982864,0,0.5295979236517113,0.4921875,0.62451171875,0.4921875,0.62451171875,0.03741042365171132,1,MiPOD,ATTRIBUTED,MiPOD,HILL,0.08741042365171132,0.020999592349665266,0.06641083130204606,1,MiPOD
COVER__448.pgm,448.pgm,COVER,0,${BOSSBASE_ROOT}\cover\448.pgm,0.009020279501402172,0.491455078125,0.51220703125,0.491455078125,0.51220703125,-0.48243479862359784,0,0.008847355082930386,0.50537109375,0.5322265625,0.50537109375,0.5322265625,-0.4965237386670696,0,0.016152834822140957,0.50048828125,0.548828125,0.50048828125,0.548828125,-0.48433544642785903,0,0.007093861878911533,0.52783203125,0.54833984375,0.52783203125,0.54833984375,-0.5207381693710885,0,0.022586042786347342,0.4921875,0.62451171875,0.4921875,0.62451171875,-0.46960145721365265,0,UNKNOWN,UNKNOWN_OR_COVER,MiPOD,WOW,-0.43833888681008715,-0.45157086804773056,0.013231981237643409,0,
COVER__7555.pgm,7555.pgm,COVER,0,${BOSSBASE_ROOT}\cover\7555.pgm,0.009633652359446519,0.491455078125,0.51220703125,0.491455078125,0.51220703125,-0.4818214257655535,0,0.009055264186722086,0.50537109375,0.5322265625,0.50537109375,0.5322265625,-0.4963158295632779,0,0.008283626886030505,0.50048828125,0.548828125,0.50048828125,0.548828125,-0.4922046543639695,0,0.008881675100847034,0.52783203125,0.54833984375,0.52783203125,0.54833984375,-0.518950356149153,0,0.008315778477474129,0.4921875,0.62451171875,0.4921875,0.62451171875,-0.4838717215225259,0,UNKNOWN,UNKNOWN_OR_COVER,WOW,MiPOD,-0.4509385582852805,-0.4530521081873996,0.002113549902119094,0,
COVER__7536.pgm,7536.pgm,COVER,0,${BOSSBASE_ROOT}\cover\7536.pgm,0.009821792919693043,0.491455078125,0.51220703125,0.491455078125,0.51220703125,-0.48163328520530696,0,0.009821792919693043,0.50537109375,0.5322265625,0.50537109375,0.5322265625,-0.49554930083030696,0,0.009376237450848677,0.50048828125,0.548828125,0.50048828125,0.548828125,-0.4911120437991513,0,0.007846239292520898,0.52783203125,0.54833984375,0.52783203125,0.54833984375,-0.5199857919574791,0,0.008610767667510729,0.4921875,0.62451171875,0.4921875,0.62451171875,-0.48357673233248927,0,UNKNOWN,UNKNOWN_OR_COVER,WOW,MiPOD,-0.45074460685843154,-0.452748026203516,0.0020034193450844673,0,
COVER__4200.pgm,4200.pgm,COVER,0,${BOSSBASE_ROOT}\cover\4200.pgm,0.06278920859705135,0.491455078125,0.51220703125,0.491455078125,0.51220703125,-0.42866586952794866,0,0.5520869554602934,0.50537109375,0.5322265625,0.50537109375,0.5322265625,0.046715861710293405,0,0.3189092315656642,0.50048828125,0.548828125,0.50048828125,0.548828125,-0.1815790496843358,0,0.6610481792447818,0.52783203125,0.54833984375,0.52783203125,0.54833984375,0.13321614799478176,0,0.7222332482587451,0.4921875,0.62451171875,0.4921875,0.62451171875,0.23004574825874513,0,MiPOD,ATTRIBUTED,MiPOD,HUGO,0.27539081895255624,0.17788670791750325,0.09750411103505299,3,"S-UNIWARD,HUGO,MiPOD"
COVER__6461.pgm,6461.pgm,COVER,0,${BOSSBASE_ROOT}\cover\6461.pgm,0.010570488620307572,0.491455078125,0.51220703125,0.491455078125,0.51220703125,-0.48088458950469243,0,0.01098694263059318,0.50537109375,0.5322265625,0.50537109375,0.5322265625,-0.4943841511194068,0,0.009485713170795206,0.50048828125,0.548828125,0.50048828125,0.548828125,-0.4910025680792048,0,0.006692850924284856,0.52783203125,0.54833984375,0.52783203125,0.54833984375,-0.5211391803257152,0,0.011463797377996032,0.4921875,0.62451171875,0.4921875,0.62451171875,-0.480723702622004,0,UNKNOWN,UNKNOWN_OR_COVER,MiPOD,WOW,-0.449806915689681,-0.4499727762777291,0.00016586058804807235,0,
COVER__1480.pgm,1480.pgm,COVER,0,${BOSSBASE_ROOT}\cover\1480.pgm,0.01191502196714824,0.491455078125,0.51220703125,0.491455078125,0.51220703125,-0.4795400561578518,0,0.033589505650103976,0.50537109375,0.5322265625,0.50537109375,0.5322265625,-0.471781588099896,0,0.009232214404536282,0.50048828125,0.548828125,0.50048828125,0.548828125,-0.49125606684546375,0,0.012576348276879083,0.52783203125,0.54833984375,0.52783203125,0.54833984375,-0.515255682973121,0,0.054399318044658335,0.4921875,0.62451171875,0.4921875,0.62451171875,-0.43778818195534164,0,UNKNOWN,UNKNOWN_OR_COVER,MiPOD,S-UNIWARD,-0.40551505750630723,-0.44058709995057194,0.035072042444264706,0,
COVER__5122.pgm,5122.pgm,COVER,0,${BOSSBASE_ROOT}\cover\5122.pgm,0.010091315485195006,0.491455078125,0.51220703125,0.491455078125,0.51220703125,-0.481363762639805,0,0.012100385813544712,0.50537109375,0.5322265625,0.50537109375,0.5322265625,-0.4932707079364553,0,0.009746104052554064,0.50048828125,0.548828125,0.50048828125,0.548828125,-0.49074217719744595,0,0.01005236865796813,0.52783203125,0.54833984375,0.52783203125,0.54833984375,-0.5177796625920319,0,0.01013041166358438,0.4921875,0.62451171875,0.4921875,0.62451171875,-0.48205708833641564,0,UNKNOWN,UNKNOWN_OR_COVER,WOW,MiPOD,-0.4504667579750817,-0.45118149793458745,0.0007147399595057724,0,
COVER__7015.pgm,7015.pgm,COVER,0,${BOSSBASE_ROOT}\cover\7015.pgm,0.015014748005819523,0.491455078125,0.51220703125,0.491455078125,0.51220703125,-0.47644033011918047,0,0.0633663432033617,0.50537109375,0.5322265625,0.50537109375,0.5322265625,-0.4420047505466383,0,0.013020490113842825,0.50048828125,0.548828125,0.50048828125,0.548828125,-0.4874677911361572,0,0.006488269596656705,0.52783203125,0.54833984375,0.52783203125,0.54833984375,-0.5213437616533433,0,0.16357901139334263,0.4921875,0.62451171875,0.4921875,0.62451171875,-0.32860848860665737,0,UNKNOWN,UNKNOWN_OR_COVER,MiPOD,S-UNIWARD,-0.29261224758924076,-0.4098674214441051,0.11725517385486434,0,
COVER__8213.pgm,8213.pgm,COVER,0,${BOSSBASE_ROOT}\cover\8213.pgm,0.0143370304240108,0.491455078125,0.51220703125,0.491455078125,0.51220703125,-0.4771180477009892,0,0.1576549093940152,0.50537109375,0.5322265625,0.50537109375,0.5322265625,-0.34771618435598484,0,0.013848610215564576,0.50048828125,0.548828125,0.50048828125,0.548828125,-0.48663967103443545,0,0.009268013380914325,0.52783203125,0.54833984375,0.52783203125,0.54833984375,-0.5185640178690857,0,0.0172427775576529,0.4921875,0.62451171875,0.4921875,0.62451171875,-0.4749447224423471,0,UNKNOWN,UNKNOWN_OR_COVER,S-UNIWARD,MiPOD,-0.31240121902783663,-0.4438487507572362,0.13144753172939955,0,
COVER__2458.pgm,2458.pgm,COVER,0,${BOSSBASE_ROOT}\cover\2458.pgm,0.02017731832286999,0.491455078125,0.51220703125,0.491455078125,0.51220703125,-0.47127775980213,0,0.49356877511158603,0.50537109375,0.5322265625,0.50537109375,0.5322265625,-0.011802318638413967,0,0.1562335892466744,0.50048828125,0.548828125,0.50048828125,0.548828125,-0.3442546920033256,0,0.13649324873027255,0.52783203125,0.54833984375,0.52783203125,0.54833984375,-0.3913387825197274,0,0.46848665145874235,0.4921875,0.62451171875,0.4921875,0.62451171875,-0.023700848541257646,0,S-UNIWARD|MiPOD,AMBIGUOUS,S-UNIWARD,MiPOD,0.03761103413811803,0.025128041995800952,0.01248299214231708,0,
COVER__9497.pgm,9497.pgm,COVER,0,${BOSSBASE_ROOT}\cover\9497.pgm,0.07963873882758324,0.491455078125,0.51220703125,0.491455078125,0.51220703125,-0.4118163392974168,0,0.43170397492180074,0.50537109375,0.5322265625,0.50537109375,0.5322265625,-0.07366711882819926,0,0.5013799632320078,0.50048828125,0.548828125,0.50048828125,0.548828125,0.0008916819820078414,1,0.6580879750862543,0.52783203125,0.54833984375,0.52783203125,0.54833984375,0.13025594383625427,0,0.5669778239066745,0.4921875,0.62451171875,0.4921875,0.62451171875,0.0747903239066745,1,HUGO,ATTRIBUTED,HUGO,MiPOD,0.17505893364927394,0.12479032390667451,0.05026860974259943,3,"HILL,HUGO,MiPOD"
COVER__3276.pgm,3276.pgm,COVER,0,${BOSSBASE_ROOT}\cover\3276.pgm,0.2570184314663056,0.491455078125,0.51220703125,0.491455078125,0.51220703125,-0.2344366466586944,0,0.5570322024142879,0.50537109375,0.5322265625,0.50537109375,0.5322265625,0.05166110866428786,0,0.5255057959168695,0.50048828125,0.548828125,0.50048828125,0.548828125,0.025017514666869523,1,0.46836506792729105,0.52783203125,0.54833984375,0.52783203125,0.54833984375,-0.059466963322708954,0,0.5284117437895743,0.4921875,0.62451171875,0.4921875,0.62451171875,0.03622424378957434,1,S-UNIWARD|MiPOD,AMBIGUOUS,S-UNIWARD,MiPOD,0.10043608325274792,0.08622424378957434,0.014211839463173573,3,"S-UNIWARD,HILL,MiPOD"
COVER__7178.pgm,7178.pgm,COVER,0,${BOSSBASE_ROOT}\cover\7178.pgm,0.010570488620307572,0.491455078125,0.51220703125,0.491455078125,0.51220703125,-0.48088458950469243,0,0.008916127052872005,0.50537109375,0.5322265625,0.50537109375,0.5322265625,-0.496454966697128,0,0.008156248626973424,0.50048828125,0.548828125,0.50048828125,0.548828125,-0.49233203262302655,0,0.006121281290728532,0.52783203125,0.54833984375,0.52783203125,0.54833984375,-0.5217107499592715,0,0.007725534397423479,0.4921875,0.62451171875,0.4921875,0.62451171875,-0.48446196560257654,0,UNKNOWN,UNKNOWN_OR_COVER,WOW,MiPOD,-0.4499727762777291,-0.453660537994234,0.0036877617165049226,0,
COVER__8964.pgm,8964.pgm,COVER,0,${BOSSBASE_ROOT}\cover\8964.pgm,0.01704531725343583,0.491455078125,0.51220703125,0.491455078125,0.51220703125,-0.47440976087156417,0,0.32734567462829944,0.50537109375,0.5322265625,0.50537109375,0.5322265625,-0.17802541912170056,0,0.6016520732560674,0.50048828125,0.548828125,0.50048828125,0.548828125,0.1011637920060674,0,0.553354442801039,0.52783203125,0.54833984375,0.52783203125,0.54833984375,0.02552241155103896,0,0.6305711819379377,0.4921875,0.62451171875,0.4921875,0.62451171875,0.1383836819379377,0,MiPOD,ATTRIBUTED,MiPOD,HILL,0.18808162485465021,0.14859114156283823,0.039490483291811984,3,"HILL,HUGO,MiPOD"
COVER__6469.pgm,6469.pgm,COVER,0,${BOSSBASE_ROOT}\cover\6469.pgm,0.3606016184956938,0.491455078125,0.51220703125,0.491455078125,0.51220703125,-0.13085345962930622,0,0.15533456033332146,0.50537109375,0.5322265625,0.50537109375,0.5322265625,-0.3500365334166785,0,4.4001184579253026e-05,0.50048828125,0.548828125,0.50048828125,0.548828125,-0.5004442800654207,0,0.5086356158007213,0.52783203125,0.54833984375,0.52783203125,0.54833984375,-0.019196415449278748,0,4.605983453083607e-13,0.4921875,0.62451171875,0.4921875,0.62451171875,-0.4921874999995394,0,HUGO,ATTRIBUTED,HUGO,WOW,0.029852917669860368,-0.086986143047903,0.11683906071776337,0,
COVER__7688.pgm,7688.pgm,COVER,0,${BOSSBASE_ROOT}\cover\7688.pgm,0.4529896037326387,0.491455078125,0.51220703125,0.491455078125,0.51220703125,-0.03846547439236131,0,0.47766075614092923,0.50537109375,0.5322265625,0.50537109375,0.5322265625,-0.027710337609070768,0,0.6386099320772389,0.50048828125,0.548828125,0.50048828125,0.548828125,0.13812165082723893,0,0.5494593102457931,0.52783203125,0.54833984375,0.52783203125,0.54833984375,0.021627278995793087,0,0.5462843494593532,0.4921875,0.62451171875,0.4921875,0.62451171875,0.054096849459353225,1,HILL,ATTRIBUTED,HILL,MiPOD,0.18382818184446967,0.10409684945935323,0.07973133238511644,3,"HILL,HUGO,MiPOD"
COVER__6729.pgm,6729.pgm,COVER,0,${BOSSBASE_ROOT}\cover\6729.pgm,0.011642224164666006,0.491455078125,0.51220703125,0.491455078125,0.51220703125,-0.479812853960334,0,0.012870749215746782,0.50537109375,0.5322265625,0.50537109375,0.5322265625,-0.49250034453425323,0,0.010860331013277531,0.50048828125,0.548828125,0.50048828125,0.548828125,-0.48962795023672245,0,0.009376237450848677,0.52783203125,0.54833984375,0.52783203125,0.54833984375,-0.5184557937991513,0,0.01411789342520494,0.4921875,0.62451171875,0.4921875,0.62451171875,-0.4780696065747951,0,UNKNOWN,UNKNOWN_OR_COVER,MiPOD,WOW,-0.4470706545316672,-0.44886789368513264,0.001797239153465413,0,
COVER__2999.pgm,2999.pgm,COVER,0,${BOSSBASE_ROOT}\cover\2999.pgm,0.41673729934793585,0.491455078125,0.51220703125,0.491455078125,0.51220703125,-0.07471777877706415,0,0.9999999992053545,0.50537109375,0.5322265625,0.50537109375,0.5322265625,0.49462890545535454,0,0.396477024736894,0.50048828125,0.548828125,0.50048828125,0.548828125,-0.104011256513106,0,0.6056241231520547,0.52783203125,0.54833984375,0.52783203125,0.54833984375,0.07779209190205472,0,0.49367175516909134,0.4921875,0.62451171875,0.4921875,0.62451171875,0.001484255169091342,1,S-UNIWARD,ATTRIBUTED,S-UNIWARD,HUGO,0.5259486767450275,0.12500837084676786,0.4009403058982597,3,"S-UNIWARD,HUGO,MiPOD"
COVER__8925.pgm,8925.pgm,COVER,0,${BOSSBASE_ROOT}\cover\8925.pgm,0.6785400001155409,0.491455078125,0.51220703125,0.491455078125,0.51220703125,0.18708492199054094,0,0.07723878631706028,0.50537109375,0.5322265625,0.50537109375,0.5322265625,-0.42813230743293973,0,0.752922046874744,0.50048828125,0.548828125,0.50048828125,0.548828125,0.25243376562474396,0,0.5455883697706471,0.52783203125,0.54833984375,0.52783203125,0.54833984375,0.017756338520647064,1,0.279926903674316,0.4921875,0.62451171875,0.4921875,0.62451171875,-0.212260596325684,0,HILL,ATTRIBUTED,HILL,WOW,0.293203054876205,0.2294231340463311,0.06377992082987391,3,"WOW,HILL,HUGO"
COVER__9105.pgm,9105.pgm,COVER,0,${BOSSBASE_ROOT}\cover\9105.pgm,0.3168975297706384,0.491455078125,0.51220703125,0.491455078125,0.51220703125,-0.1745575483543616,0,0.048857778622174906,0.50537109375,0.5322265625,0.50537109375,0.5322265625,-0.4565133151278251,0,0.3224193014062919,0.50048828125,0.548828125,0.50048828125,0.548828125,-0.17806897984370812,0,0.011869121046339474,0.52783203125,0.54833984375,0.52783203125,0.54833984375,-0.5159629102036605,0,0.8319637828217654,0.4921875,0.62451171875,0.4921875,0.62451171875,0.3397762828217654,0,MiPOD,ATTRIBUTED,MiPOD,WOW,0.38040889262560473,-0.13256612224990588,0.5129750148755106,1,MiPOD
COVER__2430.pgm,2430.pgm,COVER,0,${BOSSBASE_ROOT}\cover\2430.pgm,0.007577241267860811,0.491455078125,0.51220703125,0.491455078125,0.51220703125,-0.4838778368571392,0,0.014009566286403145,0.50537109375,0.5322265625,0.50537109375,0.5322265625,-0.49136152746359685,0,0.03782128658136543,0.50048828125,0.548828125,0.50048828125,0.548828125,-0.4626669946686346,0,0.00881316650304586,0.52783203125,0.54833984375,0.52783203125,0.54833984375,-0.5190188647469541,0,0.030386749926760413,0.4921875,0.62451171875,0.4921875,0.62451171875,-0.46180075007323956,0,UNKNOWN,UNKNOWN_OR_COVER,MiPOD,HILL,-0.4302933558555423,-0.43118688174305153,0.0008935258875092389,0,
COVER__271.pgm,271.pgm,COVER,0,${BOSSBASE_ROOT}\cover\271.pgm,0.7104274451600889,0.491455078125,0.51220703125,0.491455078125,0.51220703125,0.21897236703508893,0,0.28140560742914383,0.50537109375,0.5322265625,0.50537109375,0.5322265625,-0.22396548632085617,0,0.2295352131664525,0.50048828125,0.548828125,0.50048828125,0.548828125,-0.27095306808354747,0,0.42614247271051886,0.52783203125,0.54833984375,0.52783203125,0.54833984375,-0.10168955853948114,0,0.0008864989276457546,0.4921875,0.62451171875,0.4921875,0.62451171875,-0.49130100107235425,0,WOW,ATTRIBUTED,WOW,HUGO,0.259981819641941,-0.056524061889454545,0.3165058815313955,1,WOW
COVER__8262.pgm,8262.pgm,COVER,0,${BOSSBASE_ROOT}\cover\8262.pgm,0.02165667628125803,0.491455078125,0.51220703125,0.491455078125,0.51220703125,-0.469798401843742,0,0.031380429512976746,0.50537109375,0.5322265625,0.50537109375,0.5322265625,-0.47399066423702324,0,0.34422296364945776,0.50048828125,0.548828125,0.50048828125,0.548828125,-0.15626531760054224,0,0.008030813216260063,0.52783203125,0.54833984375,0.52783203125,0.54833984375,-0.5198012180337399,0,0.48095099677214304,0.4921875,0.62451171875,0.4921875,0.62451171875,-0.011236503227856964,0,MiPOD,ATTRIBUTED,MiPOD,HILL,0.038204816296425595,-0.11349870632205639,0.15170352261848197,0,
COVER__5486.pgm,5486.pgm,COVER,0,${BOSSBASE_ROOT}\cover\5486.pgm,0.009559399347091532,0.491455078125,0.51220703125,0.491455078125,0.51220703125,-0.48189567877790845,0,0.009746104052554064,0.50537109375,0.5322265625,0.50537109375,0.5322265625,-0.49562498969744595,0,0.008511303026562552,0.50048828125,0.548828125,0.50048828125,0.548828125,-0.49197697822343744,0,0.008219693061967886,0.52783203125,0.54833984375,0.52783203125,0.54833984375,-0.5196123381880321,0,0.008610767667510729,0.4921875,0.62451171875,0.4921875,0.62451171875,-0.48357673233248927,0,UNKNOWN,UNKNOWN_OR_COVER,WOW,MiPOD,-0.45101510435844167,-0.452748026203516,0.0017329218450743422,0,
COVER__1546.pgm,1546.pgm,COVER,0,${BOSSBASE_ROOT}\cover\1546.pgm,0.028598360546466146,0.491455078125,0.51220703125,0.491455078125,0.51220703125,-0.46285671757853386,0,0.12495856223048117,0.50537109375,0.5322265625,0.50537109375,0.5322265625,-0.3804125315195188,0,0.02297736991002561,0.50048828125,0.548828125,0.50048828125,0.548828125,-0.47751091133997436,0,0.06903792817479,0.52783203125,0.54833984375,0.52783203125,0.54833984375,-0.45879410307521,0,0.25201569553082487,0.4921875,0.62451171875,0.4921875,0.62451171875,-0.24017180446917513,0,UNKNOWN,UNKNOWN_OR_COVER,MiPOD,S-UNIWARD,-0.2008471681445182,-0.34623356386908827,0.14538639572457007,0,
COVER__1666.pgm,1666.pgm,COVER,0,${BOSSBASE_ROOT}\cover\1666.pgm,0.018229290395128682,0.491455078125,0.51220703125,0.491455078125,0.51220703125,-0.47322578772987134,0,0.9999910603036951,0.50537109375,0.5322265625,0.50537109375,0.5322265625,0.4946199665536951,0,0.401218491652773,0.50048828125,0.548828125,0.50048828125,0.548828125,-0.09926978959722699,0,0.08819004480076281,0.52783203125,0.54833984375,0.52783203125,0.54833984375,-0.4396419864492372,0,0.99861147672431,0.4921875,0.62451171875,0.4921875,0.62451171875,0.50642397672431,0,MiPOD|S-UNIWARD,AMBIGUOUS,MiPOD,S-UNIWARD,0.5408193909277612,0.5259400178089749,0.014879373118786288,2,"S-UNIWARD,MiPOD"
COVER__3059.pgm,3059.pgm,COVER,0,${BOSSBASE_ROOT}\cover\3059.pgm,0.5347036331233875,0.491455078125,0.51220703125,0.491455078125,0.51220703125,0.043248554998387534,0,0.5431359100346661,0.50537109375,0.5322265625,0.50537109375,0.5322265625,0.0377648162846661,0,0.5269818197609871,0.50048828125,0.548828125,0.50048828125,0.548828125,0.026493538510987125,1,0.5487037226135992,0.52783203125,0.54833984375,0.52783203125,0.54833984375,0.020871691363599232,0,0.5361611196435494,0.4921875,0.62451171875,0.4921875,0.62451171875,0.0439736196435494,1,MiPOD|WOW,AMBIGUOUS,MiPOD,WOW,0.0939736196435494,0.09213628298446158,0.001837336659087821,5,"WOW,S-UNIWARD,HILL,HUGO,MiPOD"
COVER__2718.pgm,2718.pgm,COVER,0,${BOSSBASE_ROOT}\cover\2718.pgm,0.008093289897373068,0.491455078125,0.51220703125,0.491455078125,0.51220703125,-0.48336178822762693,0,0.011331753531361453,0.50537109375,0.5322265625,0.50537109375,0.5322265625,-0.49403934021863855,0,0.01646617504750254,0.50048828125,0.548828125,0.50048828125,0.548828125,-0.48402210620249747,0,0.011115013721477563,0.52783203125,0.54833984375,0.52783203125,0.54833984375,-0.5167170175285224,0,0.016979992237318317,0.4921875,0.62451171875,0.4921875,0.62451171875,-0.47520750776268167,0,UNKNOWN,UNKNOWN_OR_COVER,MiPOD,WOW,-0.4441197065688615,-0.4525264549378017,0.008406748368940176,0,
COVER__7018.pgm,7018.pgm,COVER,0,${BOSSBASE_ROOT}\cover\7018.pgm,0.008219693061967886,0.491455078125,0.51220703125,0.491455078125,0.51220703125,-0.4832353850630321,0,0.010489091259938018,0.50537109375,0.5322265625,0.50537109375,0.5322265625,-0.494882002490062,0,0.06131153660205848,0.50048828125,0.548828125,0.50048828125,0.548828125,-0.43917674464794154,0,0.03155901917057399,0.52783203125,0.54833984375,0.52783203125,0.54833984375,-0.496273012079426,0,0.19314738002256465,0.4921875,0.62451171875,0.4921875,0.62451171875,-0.29904011997743535,0,UNKNOWN,UNKNOWN_OR_COVER,MiPOD,HILL,-0.2619636370431833,-0.4069484023568784,0.14498476531369509,0,
COVER__5454.pgm,5454.pgm,COVER,0,${BOSSBASE_ROOT}\cover\5454.pgm,0.009559399347091532,0.491455078125,0.51220703125,0.491455078125,0.51220703125,-0.48189567877790845,0,0.007665874688645945,0.50537109375,0.5322265625,0.50537109375,0.5322265625,-0.49770521906135406,0,0.011115013721477563,0.50048828125,0.548828125,0.50048828125,0.548828125,-0.48937326752852245,0,0.01052971212461742,0.52783203125,0.54833984375,0.52783203125,0.54833984375,-0.5173023191253826,0,0.010693757736175492,0.4921875,0.62451171875,0.4921875,0.62451171875,-0.4814937422638245,0,UNKNOWN,UNKNOWN_OR_COVER,MiPOD,WOW,-0.45060075331916427,-0.45101510435844167,0.00041435103927739414,0,
COVER__7844.pgm,7844.pgm,COVER,0,${BOSSBASE_ROOT}\cover\7844.pgm,0.009485713170795206,0.491455078125,0.51220703125,0.491455078125,0.51220703125,-0.4819693649542048,0,0.009898063716023652,0.50537109375,0.5322265625,0.50537109375,0.5322265625,-0.49547303003397636,0,0.01191502196714824,0.50048828125,0.548828125,0.50048828125,0.548828125,-0.4885732592828518,0,0.008445626941126032,0.52783203125,0.54833984375,0.52783203125,0.54833984375,-0.519386404308874,0,0.008030813216260063,0.4921875,0.62451171875,0.4921875,0.62451171875,-0.4841566867837399,0,UNKNOWN,UNKNOWN_OR_COVER,WOW,MiPOD,-0.4510910659223554,-0.45334585471654065,0.002254788794185225,0,
COVER__193.pgm,193.pgm,COVER,0,${BOSSBASE_ROOT}\cover\193.pgm,0.440800220371398,0.491455078125,0.51220703125,0.491455078125,0.51220703125,-0.05065485775360201,0,0.4497249113694648,0.50537109375,0.5322265625,0.50537109375,0.5322265625,-0.0556461823805352,0,0.3854324890103335,0.50048828125,0.548828125,0.50048828125,0.548828125,-0.1150557922396665,0,0.09009299396195182,0.52783203125,0.54833984375,0.52783203125,0.54833984375,-0.4377390372880482,0,0.8118252511041775,0.4921875,0.62451171875,0.4921875,0.62451171875,0.31963775110417747,0,MiPOD,ATTRIBUTED,MiPOD,WOW,0.3610969370892789,-0.0031245223308972725,0.3642214594201762,1,MiPOD
COVER__4261.pgm,4261.pgm,COVER,0,${BOSSBASE_ROOT}\cover\4261.pgm,0.5013160675173303,0.491455078125,0.51220703125,0.491455078125,0.51220703125,0.009860989392330266,1,0.5043982325001521,0.50537109375,0.5322265625,0.50537109375,0.5322265625,-0.0009728612498478562,0,0.5091847577076287,0.50048828125,0.548828125,0.50048828125,0.548828125,0.008696476457628721,1,0.5125172204977212,0.52783203125,0.54833984375,0.52783203125,0.54833984375,-0.015314810752278807,0,0.5127764539500035,0.4921875,0.62451171875,0.4921875,0.62451171875,0.020588953950003486,1,MiPOD|WOW,AMBIGUOUS,MiPOD,WOW,0.07058895395000349,0.05986098939233027,0.01072796455767322,3,"WOW,HILL,MiPOD"
COVER__5835.pgm,5835.pgm,COVER,0,${BOSSBASE_ROOT}\cover\5835.pgm,0.09501305198790386,0.491455078125,0.51220703125,0.491455078125,0.51220703125,-0.3964420261370961,0,0.33753100002603487,0.50537109375,0.5322265625,0.50537109375,0.5322265625,-0.16784009372396513,0,0.3729618496455532,0.50048828125,0.548828125,0.50048828125,0.548828125,-0.12752643160444682,0,6.868318245725358e-05,0.52783203125,0.54833984375,0.52783203125,0.54833984375,-0.5277633480675428,0,0.3336117579383124,0.4921875,0.62451171875,0.4921875,0.62451171875,-0.15857574206168762,0,UNKNOWN,UNKNOWN_OR_COVER,HILL,MiPOD,-0.08351292417572914,-0.11590782575048326,0.03239490157475412,0,
COVER__1367.pgm,1367.pgm,COVER,0,${BOSSBASE_ROOT}\cover\1367.pgm,0.4876200234767291,0.491455078125,0.51220703125,0.491455078125,0.51220703125,-0.003835054648270886,0,0.463899596803659,0.50537109375,0.5322265625,0.50537109375,0.5322265625,-0.041471496946341,0,0.38658974681640196,0.50048828125,0.548828125,0.50048828125,0.548828125,-0.11389853443359804,0,0.07821887082692507,0.52783203125,0.54833984375,0.52783203125,0.54833984375,-0.4496131604230749,0,0.755276170890018,0.4921875,0.62451171875,0.4921875,0.62451171875,0.263088670890018,0,MiPOD,ATTRIBUTED,MiPOD,WOW,0.3069598921649028,0.04597355984083127,0.26098633232407153,1,MiPOD
COVER__7950.pgm,7950.pgm,COVER,0,${BOSSBASE_ROOT}\cover\7950.pgm,0.3351332136704801,0.491455078125,0.51220703125,0.491455078125,0.51220703125,-0.1563218644545199,0,0.06500872992567673,0.50537109375,0.5322265625,0.50537109375,0.5322265625,-0.44036236382432326,0,0.009783876017655003,0.50048828125,0.548828125,0.50048828125,0.548828125,-0.490704405232345,0,0.41040178079742345,0.52783203125,0.54833984375,0.52783203125,0.54833984375,-0.11743025045257655,0,0.2510963818818426,0.4921875,0.62451171875,0.4921875,0.62451171875,-0.24109111811815742,0,UNKNOWN,UNKNOWN_OR_COVER,HUGO,WOW,-0.07297012389969541,-0.1135576714249843,0.04058754752528888,0,
COVER__4445.pgm,4445.pgm,COVER,0,${BOSSBASE_ROOT}\cover\4445.pgm,0.00881316650304586,0.491455078125,0.51220703125,0.491455078125,0.51220703125,-0.48264191162195413,0,0.012970386437368456,0.50537109375,0.5322265625,0.50537109375,0.5322265625,-0.4924007073126315,0,0.01124456072066409,0.50048828125,0.548828125,0.50048828125,0.548828125,-0.4892437205293359,0,0.008745181682035148,0.52783203125,0.54833984375,0.52783203125,0.54833984375,-0.5190868495679648,0,0.013222821752305148,0.4921875,0.62451171875,0.4921875,0.62451171875,-0.47896467824769484,0,UNKNOWN,UNKNOWN_OR_COVER,MiPOD,WOW,-0.447993460074678,-0.45178437270536875,0.003790912630690757,0,
COVER__2596.pgm,2596.pgm,COVER,0,${BOSSBASE_ROOT}\cover\2596.pgm,0.5131042981614454,0.491455078125,0.51220703125,0.491455078125,0.51220703125,0.021649220036445427,0,0.572842259981366,0.50537109375,0.5322265625,0.50537109375,0.5322265625,0.06747116623136595,0,0.6827852853797427,0.50048828125,0.548828125,0.50048828125,0.548828125,0.1822970041297427,0,3.0517254099986865e-23,0.52783203125,0.54833984375,0.52783203125,0.54833984375,-0.52783203125,0,0.8033281311678119,0.4921875,0.62451171875,0.4921875,0.62451171875,0.3111406311678119,0,MiPOD,ATTRIBUTED,MiPOD,HILL,0.35295360177524415,0.2260283807553493,0.12692522101989484,4,"WOW,S-UNIWARD,HILL,MiPOD"
COVER__6476.pgm,6476.pgm,COVER,0,${BOSSBASE_ROOT}\cover\6476.pgm,0.433501758152721,0.491455078125,0.51220703125,0.491455078125,0.51220703125,-0.05795331997227898,0,0.49086863013744597,0.50537109375,0.5322265625,0.50537109375,0.5322265625,-0.014502463612554028,0,0.4545024233825082,0.50048828125,0.548828125,0.50048828125,0.548828125,-0.04598585786749182,0,0.48262723542660363,0.52783203125,0.54833984375,0.52783203125,0.54833984375,-0.04520479582339637,0,0.49473591228121594,0.4921875,0.62451171875,0.4921875,0.62451171875,0.0025484122812159393,1,MiPOD|S-UNIWARD,AMBIGUOUS,MiPOD,S-UNIWARD,0.05254841228121594,0.03477764591681904,0.017770766364396902,1,MiPOD
COVER__6616.pgm,6616.pgm,COVER,0,${BOSSBASE_ROOT}\cover\6616.pgm,0.015845361188137366,0.491455078125,0.51220703125,0.491455078125,0.51220703125,-0.47560971693686266,0,0.00952248567033666,0.50537109375,0.5322265625,0.50537109375,0.5322265625,-0.49584860807966336,0,0.03403615299437095,0.50048828125,0.548828125,0.50048828125,0.548828125,-0.46645212825562904,0,0.009196552423046733,0.52783203125,0.54833984375,0.52783203125,0.54833984375,-0.5186354788269533,0,0.010448625445116808,0.4921875,0.62451171875,0.4921875,0.62451171875,-0.4817388745548832,0,UNKNOWN,UNKNOWN_OR_COVER,HILL,WOW,-0.43509094653555647,-0.44453441702765356,0.009443470492097095,0,
COVER__4864.pgm,4864.pgm,COVER,0,${BOSSBASE_ROOT}\cover\4864.pgm,0.009303949868393646,0.491455078125,0.51220703125,0.491455078125,0.51220703125,-0.48215112825660633,0,0.009783876017655003,0.50537109375,0.5322265625,0.50537109375,0.5322265625,-0.495587217732345,0,0.009821792919693043,0.50048828125,0.548828125,0.50048828125,0.548828125,-0.49066648833030696,0,0.008412977570977689,0.52783203125,0.54833984375,0.52783203125,0.54833984375,-0.5194190536790223,0,0.009746104052554064,0.4921875,0.62451171875,0.4921875,0.62451171875,-0.48244139594744595,0,UNKNOWN,UNKNOWN_OR_COVER,WOW,MiPOD,-0.45127844125631544,-0.4515776689902522,0.0002992277339367577,0,
COVER__6432.pgm,6432.pgm,COVER,0,${BOSSBASE_ROOT}\cover\6432.pgm,0.008881675100847034,0.491455078125,0.51220703125,0.491455078125,0.51220703125,-0.48257340302415297,0,0.010652510839726164,0.50537109375,0.5322265625,0.50537109375,0.5322265625,-0.4947185829102738,0,0.2551580174328434,0.50048828125,0.548828125,0.50048828125,0.548828125,-0.2453302638171566,0,0.005620036400026994,0.52783203125,0.54833984375,0.52783203125,0.54833984375,-0.522211994849973,0,0.035678550877730524,0.4921875,0.62451171875,0.4921875,0.62451171875,-0.45650894912226947,0,UNKNOWN,UNKNOWN_OR_COVER,HILL,MiPOD,-0.20620795972040185,-0.4248343821134345,0.21862642239303265,0,
COVER__921.pgm,921.pgm,COVER,0,${BOSSBASE_ROOT}\cover\921.pgm,0.013795364421185227,0.491455078125,0.51220703125,0.491455078125,0.51220703125,-0.47765971370381477,0,0.02981654114380002,0.50537109375,0.5322265625,0.50537109375,0.5322265625,-0.4755545526062,0,0.05127241813029474,0.50048828125,0.548828125,0.50048828125,0.548828125,-0.44921586311970524,0,0.01672114370544215,0.52783203125,0.54833984375,0.52783203125,0.54833984375,-0.5111108875445578,0,0.04611974954758324,0.4921875,0.62451171875,0.4921875,0.62451171875,-0.44606775045241676,0,UNKNOWN,UNKNOWN_OR_COVER,MiPOD,HILL,-0.4140607304128823,-0.41730944634710326,0.003248715934220936,0,
COVER__282.pgm,282.pgm,COVER,0,${BOSSBASE_ROOT}\cover\282.pgm,0.32359381534608794,0.491455078125,0.51220703125,0.491455078125,0.51220703125,-0.16786126277891206,0,0.4669671308849227,0.50537109375,0.5322265625,0.50537109375,0.5322265625,-0.0384039628650773,0,0.41596604990189295,0.50048828125,0.548828125,0.50048828125,0.548828125,-0.08452223134810705,0,1.70158645193787e-11,0.52783203125,0.54833984375,0.52783203125,0.54833984375,-0.5278320312329842,0,1.624634696725457e-07,0.4921875,0.62451171875,0.4921875,0.62451171875,-0.4921873375365303,0,S-UNIWARD,ATTRIBUTED,S-UNIWARD,HILL,0.009712243092593165,-0.03857467006684945,0.04828691315944261,0,
COVER__8910.pgm,8910.pgm,COVER,0,${BOSSBASE_ROOT}\cover\8910.pgm,0.4468869304041595,0.491455078125,0.51220703125,0.491455078125,0.51220703125,-0.0445681477208405,0,0.4935115642037676,0.50537109375,0.5322265625,0.50537109375,0.5322265625,-0.011859529546232372,0,0.47932088471127654,0.50048828125,0.548828125,0.50048828125,0.548828125,-0.02116739653872346,0,9.293237200344816e-21,0.52783203125,0.54833984375,0.52783203125,0.54833984375,-0.52783203125,0,1.0790138377924631e-27,0.4921875,0.62451171875,0.4921875,0.62451171875,-0.4921875,0,S-UNIWARD|HILL,AMBIGUOUS,S-UNIWARD,HILL,0.037550996328394516,0.027785356482427262,0.009765639845967254,0,
COVER__4898.pgm,4898.pgm,COVER,0,${BOSSBASE_ROOT}\cover\4898.pgm,0.01052971212461742,0.491455078125,0.51220703125,0.491455078125,0.51220703125,-0.4809253660003826,0,0.009055264186722086,0.50537109375,0.5322265625,0.50537109375,0.5322265625,-0.4963158295632779,0,0.010489091259938018,0.50048828125,0.548828125,0.50048828125,0.548828125,-0.489999189990062,0,0.00714910196654636,0.52783203125,0.54833984375,0.52783203125,0.54833984375,-0.5206829292834536,0,0.008251598569085517,0.4921875,0.62451171875,0.4921875,0.62451171875,-0.4839359014309145,0,UNKNOWN,UNKNOWN_OR_COVER,WOW,MiPOD,-0.4500148132231395,-0.45311826603227606,0.003103452809136542,0,
COVER__1202.pgm,1202.pgm,COVER,0,${BOSSBASE_ROOT}\cover\1202.pgm,0.020138740827729158,0.491455078125,0.51220703125,0.491455078125,0.51220703125,-0.47131633729727085,0,0.5351895290538744,0.50537109375,0.5322265625,0.50537109375,0.5322265625,0.029818435303874402,0,0.4053310360878099,0.50048828125,0.548828125,0.50048828125,0.548828125,-0.0951572451621901,0,0.021450729175489416,0.52783203125,0.54833984375,0.52783203125,0.54833984375,-0.5063813020745106,0,0.11260009974533917,0.4921875,0.62451171875,0.4921875,0.62451171875,-0.3795874002546608,0,S-UNIWARD,ATTRIBUTED,S-UNIWARD,HILL,0.07967050623884123,-0.04969574760140676,0.129366253840248,1,S-UNIWARD
COVER__6816.pgm,6816.pgm,COVER,0,${BOSSBASE_ROOT}\cover\6816.pgm,0.009412589587609823,0.491455078125,0.51220703125,0.491455078125,0.51220703125,-0.4820424885373902,0,0.010091315485195006,0.50537109375,0.5322265625,0.50537109375,0.5322265625,-0.495279778264805,0,0.020527788240143965,0.50048828125,0.548828125,0.50048828125,0.548828125,-0.47996049300985605,0,0.012007350547633841,0.52783203125,0.54833984375,0.52783203125,0.54833984375,-0.5158246807023662,0,0.2962468960717286,0.4921875,0.62451171875,0.4921875,0.62451171875,-0.1959406039282714,0,UNKNOWN,UNKNOWN_OR_COVER,MiPOD,HILL,-0.1548375509069787,-0.4490201010819357,0.294182550174957,0,
COVER__2329.pgm,2329.pgm,COVER,0,${BOSSBASE_ROOT}\cover\2329.pgm,0.008478401934677453,0.491455078125,0.51220703125,0.491455078125,0.51220703125,-0.48297667619032253,0,0.007636216494667212,0.50537109375,0.5322265625,0.50537109375,0.5322265625,-0.4977348772553328,0,0.010368156650788152,0.50048828125,0.548828125,0.50048828125,0.548828125,-0.49012012459921184,0,0.007176881945656949,0.52783203125,0.54833984375,0.52783203125,0.54833984375,-0.5206551493043431,0,0.009303949868393646,0.4921875,0.62451171875,0.4921875,0.62451171875,-0.48288355013160633,0,UNKNOWN,UNKNOWN_OR_COVER,MiPOD,WOW,-0.4520334666839358,-0.4521294655555656,9.599887162980991e-05,0,
COVER__6391.pgm,6391.pgm,COVER,0,${BOSSBASE_ROOT}\cover\6391.pgm,0.5631377274644433,0.491455078125,0.51220703125,0.491455078125,0.51220703125,0.07168264933944335,0,0.4512962773864007,0.50537109375,0.5322265625,0.50537109375,0.5322265625,-0.05407481636359929,0,0.41798402359321135,0.50048828125,0.548828125,0.50048828125,0.548828125,-0.08250425765678865,0,0.5567008513311071,0.52783203125,0.54833984375,0.52783203125,0.54833984375,0.028868820081107138,0,0.49071609399397553,0.4921875,0.62451171875,0.4921875,0.62451171875,-0.0014714060060244671,0,WOW,ATTRIBUTED,WOW,HUGO,0.11919987587563248,0.07845251250267396,0.04074736337295852,2,"WOW,HUGO"
COVER__6859.pgm,6859.pgm,COVER,0,${BOSSBASE_ROOT}\cover\6859.pgm,0.46645063203975745,0.491455078125,0.51220703125,0.491455078125,0.51220703125,-0.02500444608524255,0,0.5233594473463941,0.50537109375,0.5322265625,0.50537109375,0.5322265625,0.017988353596394058,1,0.3505325343225185,0.50048828125,0.548828125,0.50048828125,0.548828125,-0.14995574692748148,0,0.4018051616879325,0.52783203125,0.54833984375,0.52783203125,0.54833984375,-0.1260268695620675,0,0.4786202221640277,0.4921875,0.62451171875,0.4921875,0.62451171875,-0.01356727783597228,0,S-UNIWARD,ATTRIBUTED,S-UNIWARD,MiPOD,0.06798835359639406,0.035758939307132954,0.032229414289261106,1,S-UNIWARD
COVER__4324.pgm,4324.pgm,COVER,0,${BOSSBASE_ROOT}\cover\4324.pgm,0.3704531153352058,0.491455078125,0.51220703125,0.491455078125,0.51220703125,-0.12100196278979419,0,0.5082161182892904,0.50537109375,0.5322265625,0.50537109375,0.5322265625,0.002845024539290364,1,0.5127078339934494,0.50048828125,0.548828125,0.50048828125,0.548828125,0.012219552743449436,1,0.49279834963079655,0.52783203125,0.54833984375,0.52783203125,0.54833984375,-0.03503368161920345,0,0.4472792152198767,0.4921875,0.62451171875,0.4921875,0.62451171875,-0.04490828478012332,0,HILL|S-UNIWARD,AMBIGUOUS,HILL,S-UNIWARD,0.06221955274344944,0.05284502453929037,0.009374528204159072,2,"S-UNIWARD,HILL"
COVER__3073.pgm,3073.pgm,COVER,0,${BOSSBASE_ROOT}\cover\3073.pgm,0.010091315485195006,0.491455078125,0.51220703125,0.491455078125,0.51220703125,-0.481363762639805,0,0.008251598569085517,0.50537109375,0.5322265625,0.50537109375,0.5322265625,-0.4971194951809145,0,0.01124456072066409,0.50048828125,0.548828125,0.50048828125,0.548828125,-0.4892437205293359,0,0.11027937158609122,0.52783203125,0.54833984375,0.52783203125,0.54833984375,-0.41755265966390875,0,0.04733771546763761,0.4921875,0.62451171875,0.4921875,0.62451171875,-0.4448497845323624,0,UNKNOWN,UNKNOWN_OR_COVER,HUGO,MiPOD,-0.3846198193494723,-0.4128037572833135,0.028183937933841163,0,
COVER__2107.pgm,2107.pgm,COVER,0,${BOSSBASE_ROOT}\cover\2107.pgm,0.0189054471413467,0.491455078125,0.51220703125,0.491455078125,0.51220703125,-0.4725496309836533,0,0.23545980614330655,0.50537109375,0.5322265625,0.50537109375,0.5322265625,-0.2699112876066935,0,0.13072868194347032,0.50048828125,0.548828125,0.50048828125,0.548828125,-0.3697595993065297,0,0.03283695602724524,0.52783203125,0.54833984375,0.52783203125,0.54833984375,-0.49499507522275477,0,0.9764456684220548,0.4921875,0.62451171875,0.4921875,0.62451171875,0.4842581684220548,0,MiPOD,ATTRIBUTED,MiPOD,S-UNIWARD,0.5194244971917124,-0.2317389266785564,0.7511634238702687,1,MiPOD
COVER__7904.pgm,7904.pgm,COVER,0,${BOSSBASE_ROOT}\cover\7904.pgm,0.011777842688519623,0.491455078125,0.51220703125,0.491455078125,0.51220703125,-0.4796772354364804,0,0.008610767667510729,0.50537109375,0.5322265625,0.50537109375,0.5322265625,-0.49676032608248927,0,0.01764446341056456,0.50048828125,0.548828125,0.50048828125,0.548828125,-0.4828438178394354,0,0.012431650853185818,0.52783203125,0.54833984375,0.52783203125,0.54833984375,-0.5154003803968141,0,0.018334452089518293,0.4921875,0.62451171875,0.4921875,0.62451171875,-0.4738530479104817,0,UNKNOWN,UNKNOWN_OR_COVER,MiPOD,WOW,-0.44272311100893086,-0.4487280781668571,0.006004967157926255,0,
COVER__2696.pgm,2696.pgm,COVER,0,${BOSSBASE_ROOT}\cover\2696.pgm,0.00959645473238191,0.491455078125,0.51220703125,0.491455078125,0.51220703125,-0.4818586233926181,0,0.014842417234248268,0.50537109375,0.5322265625,0.50537109375,0.5322265625,-0.4905286765157517,0,0.010611421330238862,0.50048828125,0.548828125,0.50048828125,0.548828125,-0.48987685991976115,0,0.012624949281564409,0.52783203125,0.54833984375,0.52783203125,0.54833984375,-0.5152070819684356,0,0.014899643269019094,0.4921875,0.62451171875,0.4921875,0.62451171875,-0.4772878567309809,0,UNKNOWN,UNKNOWN_OR_COVER,MiPOD,WOW,-0.4462646617872277,-0.45097690466036683,0.00471224287313915,0,
COVER__5993.pgm,5993.pgm,COVER,0,${BOSSBASE_ROOT}\cover\5993.pgm,0.009303949868393646,0.491455078125,0.51220703125,0.491455078125,0.51220703125,-0.48215112825660633,0,0.009268013380914325,0.50537109375,0.5322265625,0.50537109375,0.5322265625,-0.4961030803690857,0,0.01077672605008006,0.50048828125,0.548828125,0.50048828125,0.548828125,-0.48971155519991993,0,0.008916127052872005,0.52783203125,0.54833984375,0.52783203125,0.54833984375,-0.518915904197128,0,0.007876706716587462,0.4921875,0.62451171875,0.4921875,0.62451171875,-0.48431079328341253,0,UNKNOWN,UNKNOWN_OR_COVER,WOW,MiPOD,-0.45127844125631544,-0.45350470899985357,0.002226267743538124,0,
COVER__9035.pgm,9035.pgm,COVER,0,${BOSSBASE_ROOT}\cover\9035.pgm,0.35510369580494466,0.491455078125,0.51220703125,0.491455078125,0.51220703125,-0.13635138232005534,0,0.49787904104186814,0.50537109375,0.5322265625,0.50537109375,0.5322265625,-0.007492052708131858,0,0.4745703000893953,0.50048828125,0.548828125,0.50048828125,0.548828125,-0.025917981160604675,0,0.5089406972955194,0.52783203125,0.54833984375,0.52783203125,0.54833984375,-0.018891333954480616,0,0.5100770654454776,0.4921875,0.62451171875,0.4921875,0.62451171875,0.017889565445477595,1,MiPOD|S-UNIWARD,AMBIGUOUS,MiPOD,S-UNIWARD,0.0678895654454776,0.04213474442989921,0.02575482101557839,1,MiPOD
COVER__8102.pgm,8102.pgm,COVER,0,${BOSSBASE_ROOT}\cover\8102.pgm,0.009303949868393646,0.491455078125,0.51220703125,0.491455078125,0.51220703125,-0.48215112825660633,0,0.009708476481474066,0.50537109375,0.5322265625,0.50537109375,0.5322265625,-0.49566261726852595,0,0.010944577400979882,0.50048828125,0.548828125,0.50048828125,0.548828125,-0.48954370384902013,0,0.008577485413711986,0.52783203125,0.54833984375,0.52783203125,0.54833984375,-0.519254545836288,0,0.01124456072066409,0.4921875,0.62451171875,0.4921875,0.62451171875,-0.4809429392793359,0,UNKNOWN,UNKNOWN_OR_COVER,MiPOD,WOW,-0.4500329296970865,-0.45127844125631544,0.0012455115592289179,0,
COVER__4788.pgm,4788.pgm,COVER,0,${BOSSBASE_ROOT}\cover\4788.pgm,0.45804565758098825,0.491455078125,0.51220703125,0.491455078125,0.51220703125,-0.03340942054401175,0,0.5149948918168122,0.50537109375,0.5322265625,0.50537109375,0.5322265625,0.00962379806681224,1,0.5339139121475214,0.50048828125,0.548828125,0.50048828125,0.548828125,0.033425630897521375,1,0.4943773732529021,0.52783203125,0.54833984375,0.52783203125,0.54833984375,-0.0334546579970979,0,0.5197650857602569,0.4921875,0.62451171875,0.4921875,0.62451171875,0.02757758576025693,1,HILL|MiPOD,AMBIGUOUS,HILL,MiPOD,0.08342563089752138,0.07757758576025693,0.005848045137264446,3,"S-UNIWARD,HILL,MiPOD"
COVER__3423.pgm,3423.pgm,COVER,0,${BOSSBASE_ROOT}\cover\3423.pgm,0.503444617133686,0.491455078125,0.51220703125,0.491455078125,0.51220703125,0.011989539008686045,1,0.4929623483529956,0.50537109375,0.5322265625,0.50537109375,0.5322265625,-0.012408745397004373,0,0.48743703192918425,0.50048828125,0.548828125,0.50048828125,0.548828125,-0.01305124932081575,0,0.6563279337765606,0.52783203125,0.54833984375,0.52783203125,0.54833984375,0.12849590252656062,0,0.5523888001822088,0.4921875,0.62451171875,0.4921875,0.62451171875,0.06020130018220882,1,HUGO,ATTRIBUTED,HUGO,MiPOD,0.17337781688730713,0.11020130018220882,0.06317651670509832,3,"WOW,HUGO,MiPOD"
COVER__5016.pgm,5016.pgm,COVER,0,${BOSSBASE_ROOT}\cover\5016.pgm,0.011201213376078314,0.491455078125,0.51220703125,0.491455078125,0.51220703125,-0.4802538647489217,0,0.010489091259938018,0.50537109375,0.5322265625,0.50537109375,0.5322265625,-0.494882002490062,0,0.008916127052872005,0.50048828125,0.548828125,0.50048828125,0.548828125,-0.491572154197128,0,0.009020279501402172,0.52783203125,0.54833984375,0.52783203125,0.54833984375,-0.5188117517485978,0,0.005819959584259008,0.4921875,0.62451171875,0.4921875,0.62451171875,-0.486367540415741,0,UNKNOWN,UNKNOWN_OR_COVER,WOW,MiPOD,-0.44932254852624576,-0.4556247513442549,0.006302202818009139,0,
COVER__8398.pgm,8398.pgm,COVER,0,${BOSSBASE_ROOT}\cover\8398.pgm,0.009708476481474066,0.491455078125,0.51220703125,0.491455078125,0.51220703125,-0.48174660164352595,0,0.009196552423046733,0.50537109375,0.5322265625,0.50537109375,0.5322265625,-0.49617454132695327,0,0.009670992763446972,0.50048828125,0.548828125,0.50048828125,0.548828125,-0.49081728848655304,0,0.008511303026562552,0.52783203125,0.54833984375,0.52783203125,0.54833984375,-0.5193207282234374,0,0.010652510839726164,0.4921875,0.62451171875,0.4921875,0.62451171875,-0.4815349891602738,0,UNKNOWN,UNKNOWN_OR_COVER,MiPOD,WOW,-0.45064327442925073,-0.45086142329335477,0.00021814886410403966,0,
COVER__8826.pgm,8826.pgm,COVER,0,${BOSSBASE_ROOT}\cover\8826.pgm,0.1916300495734963,0.491455078125,0.51220703125,0.491455078125,0.51220703125,-0.2998250285515037,0,0.16331195859491915,0.50537109375,0.5322265625,0.50537109375,0.5322265625,-0.34205913515508085,0,0.14426937338303258,0.50048828125,0.548828125,0.50048828125,0.548828125,-0.3562189078669674,0,0.7501869070811205,0.52783203125,0.54833984375,0.52783203125,0.54833984375,0.22235487583112046,0,0.944587205618231,0.4921875,0.62451171875,0.4921875,0.62451171875,0.45239970561823095,0,MiPOD,ATTRIBUTED,MiPOD,HUGO,0.4887044168395238,0.26321587089486714,0.22548854594465667,2,"HUGO,MiPOD"
COVER__6393.pgm,6393.pgm,COVER,0,${BOSSBASE_ROOT}\cover\6393.pgm,0.1412814160007008,0.491455078125,0.51220703125,0.491455078125,0.51220703125,-0.35017366212429923,0,0.8669231366785625,0.50537109375,0.5322265625,0.50537109375,0.5322265625,0.36155204292856247,0,0.8327813311689884,0.50048828125,0.548828125,0.50048828125,0.548828125,0.33229304991898845,0,0.561575496665089,0.52783203125,0.54833984375,0.52783203125,0.54833984375,0.03374346541508899,0,0.8745065534624367,0.4921875,0.62451171875,0.4921875,0.62451171875,0.38231905346243666,0,MiPOD|S-UNIWARD,AMBIGUOUS,MiPOD,S-UNIWARD,0.42125929375302634,0.39732980149515973,0.023929492257866614,4,"S-UNIWARD,HILL,HUGO,MiPOD"
COVER__9444.pgm,9444.pgm,COVER,0,${BOSSBASE_ROOT}\cover\9444.pgm,0.7448419825671565,0.491455078125,0.51220703125,0.491455078125,0.51220703125,0.2533869044421565,0,0.01897803671176563,0.50537109375,0.5322265625,0.50537109375,0.5322265625,-0.4863930570382344,0,0.01368947769627449,0.50048828125,0.548828125,0.50048828125,0.548828125,-0.4867988035537255,0,0.9904775143296634,0.52783203125,0.54833984375,0.52783203125,0.54833984375,0.46264548307966336,0,0.40792292009020004,0.4921875,0.62451171875,0.4921875,0.62451171875,-0.08426457990979996,0,HUGO,ATTRIBUTED,HUGO,WOW,0.49477854077123523,0.2930090444886949,0.20176949628254032,2,"WOW,HUGO"
COVER__2947.pgm,2947.pgm,COVER,0,${BOSSBASE_ROOT}\cover\2947.pgm,0.05014425138877122,0.491455078125,0.51220703125,0.491455078125,0.51220703125,-0.4413108267362288,0,0.035948321789243294,0.50537109375,0.5322265625,0.50537109375,0.5322265625,-0.4694227719607567,0,0.01691491326672651,0.50048828125,0.548828125,0.50048828125,0.548828125,-0.4835733679832735,0,0.7781439548098582,0.52783203125,0.54833984375,0.52783203125,0.54833984375,0.2503119235598582,0,0.07463503889650006,0.4921875,0.62451171875,0.4921875,0.62451171875,-0.41755246110349997,0,HUGO,ATTRIBUTED,HUGO,MiPOD,0.2900463864645453,-0.38461961424990465,0.6746660007144499,1,HUGO
COVER__3959.pgm,3959.pgm,COVER,0,${BOSSBASE_ROOT}\cover\3959.pgm,0.5065075060611511,0.491455078125,0.51220703125,0.491455078125,0.51220703125,0.015052427936151136,1,0.51833284243062,0.50537109375,0.5322265625,0.50537109375,0.5322265625,0.012961748680620055,1,0.5201154797190605,0.50048828125,0.548828125,0.50048828125,0.548828125,0.01962719846906047,1,0.5092610256940128,0.52783203125,0.54833984375,0.52783203125,0.54833984375,-0.01857100555598723,0,0.5204201540450033,0.4921875,0.62451171875,0.4921875,0.62451171875,0.028232654045003303,1,MiPOD|HILL,AMBIGUOUS,MiPOD,HILL,0.0782326540450033,0.06962719846906047,0.008605455575942833,4,"WOW,S-UNIWARD,HILL,MiPOD"
COVER__3588.pgm,3588.pgm,COVER,0,${BOSSBASE_ROOT}\cover\3588.pgm,0.708414337101103,0.491455078125,0.51220703125,0.491455078125,0.51220703125,0.21695925897610302,0,0.6419836947437564,0.50537109375,0.5322265625,0.50537109375,0.5322265625,0.13661260099375638,0,0.0044337652006436815,0.50048828125,0.548828125,0.50048828125,0.548828125,-0.4960545160493563,0,0.031143830534778462,0.52783203125,0.54833984375,0.52783203125,0.54833984375,-0.4966882007152215,0,0.03246681447537214,0.4921875,0.62451171875,0.4921875,0.62451171875,-0.45972068552462786,0,WOW,ATTRIBUTED,WOW,S-UNIWARD,0.25805135119581907,0.1814151875410238,0.07663616365479528,2,"WOW,S-UNIWARD"
COVER__917.pgm,917.pgm,COVER,0,${BOSSBASE_ROOT}\cover\917.pgm,0.13974821115403613,0.491455078125,0.51220703125,0.491455078125,0.51220703125,-0.35170686697096387,0,0.4545932195612522,0.50537109375,0.5322265625,0.50537109375,0.5322265625,-0.050777874188747796,0,0.2546016227874352,0.50048828125,0.548828125,0.50048828125,0.548828125,-0.2458866584625648,0,0.12646117993220612,0.52783203125,0.54833984375,0.52783203125,0.54833984375,-0.4013708513177939,0,0.24707795312525604,0.4921875,0.62451171875,0.4921875,0.62451171875,-0.24510954687474396,0,UNKNOWN,UNKNOWN_OR_COVER,S-UNIWARD,MiPOD,-0.0032533854188434713,-0.20597860686963823,0.20272522145079475,0,
COVER__5815.pgm,5815.pgm,COVER,0,${BOSSBASE_ROOT}\cover\5815.pgm,0.008478401934677453,0.491455078125,0.51220703125,0.491455078125,0.51220703125,-0.48297667619032253,0,0.010328152519305191,0.50537109375,0.5322265625,0.50537109375,0.5322265625,-0.4950429412306948,0,0.009449081319055452,0.50048828125,0.548828125,0.50048828125,0.548828125,-0.4910391999309445,0,0.08586245629955466,0.52783203125,0.54833984375,0.52783203125,0.54833984375,-0.4419695749504453,0,0.02681019589956736,0.4921875,0.62451171875,0.4921875,0.62451171875,-0.46537730410043265,0,UNKNOWN,UNKNOWN_OR_COVER,HUGO,MiPOD,-0.4098311153783185,-0.433982396503265,0.024151281124946467,0,
COVER__535.pgm,535.pgm,COVER,0,${BOSSBASE_ROOT}\cover\535.pgm,0.00834805380978326,0.491455078125,0.51220703125,0.491455078125,0.51220703125,-0.48310702431521674,0,0.026405517886081174,0.50537109375,0.5322265625,0.50537109375,0.5322265625,-0.4789655758639188,0,0.013902058625059313,0.50048828125,0.548828125,0.50048828125,0.548828125,-0.48658622262494067,0,0.022032264112695956,0.52783203125,0.54833984375,0.52783203125,0.54833984375,-0.505799767137304,0,0.05490385362128431,0.4921875,0.62451171875,0.4921875,0.62451171875,-0.4372836463787157,0,UNKNOWN,UNKNOWN_OR_COVER,MiPOD,S-UNIWARD,-0.40499423488187586,-0.4479943854911574,0.04300015060928153,0,
COVER__2326.pgm,2326.pgm,COVER,0,${BOSSBASE_ROOT}\cover\2326.pgm,0.013584392513059033,0.491455078125,0.51220703125,0.491455078125,0.51220703125,-0.47787068561194096,0,0.008644177936723585,0.50537109375,0.5322265625,0.50537109375,0.5322265625,-0.49672691581327644,0,0.35075489046863007,0.50048828125,0.548828125,0.50048828125,0.548828125,-0.14973339078136993,0,0.027690258369501623,0.52783203125,0.54833984375,0.52783203125,0.54833984375,-0.5001417728804983,0,0.8485961739786982,0.4921875,0.62451171875,0.4921875,0.62451171875,0.35640867397869824,0,MiPOD,ATTRIBUTED,MiPOD,HILL,0.39637105552257035,-0.10668651679643965,0.50305757231901,1,MiPOD
COVER__2936.pgm,2936.pgm,COVER,0,${BOSSBASE_ROOT}\cover\2936.pgm,0.4209566084956167,0.491455078125,0.51220703125,0.491455078125,0.51220703125,-0.07049846962938328,0,0.5350073258574128,0.50537109375,0.5322265625,0.50537109375,0.5322265625,0.02963623210741284,0,0.29512833216926376,0.50048828125,0.548828125,0.50048828125,0.548828125,-0.20535994908073624,0,0.4991664894195596,0.52783203125,0.54833984375,0.52783203125,0.54833984375,-0.0286655418304404,0,0.4498759611752648,0.4921875,0.62451171875,0.4921875,0.62451171875,-0.042311538824735206,0,S-UNIWARD,ATTRIBUTED,S-UNIWARD,HUGO,0.07949738707659915,0.019921529018443213,0.059575858058155934,1,S-UNIWARD
COVER__9940.pgm,9940.pgm,COVER,0,${BOSSBASE_ROOT}\cover\9940.pgm,0.03010033724042947,0.491455078125,0.51220703125,0.491455078125,0.51220703125,-0.4613547408845705,0,0.03803509253268273,0.50537109375,0.5322265625,0.50537109375,0.5322265625,-0.4673360012173173,0,0.5236487236810895,0.50048828125,0.548828125,0.50048828125,0.548828125,0.0231604424310895,1,0.5228722097711652,0.52783203125,0.54833984375,0.52783203125,0.54833984375,-0.0049598214788347805,0,0.514042021873224,0.4921875,0.62451171875,0.4921875,0.62451171875,0.02185452187322401,1,HILL|MiPOD,AMBIGUOUS,HILL,MiPOD,0.0731604424310895,0.07185452187322401,0.001305920557865492,2,"HILL,MiPOD"
COVER__149.pgm,149.pgm,COVER,0,${BOSSBASE_ROOT}\cover\149.pgm,0.5103897395800542,0.491455078125,0.51220703125,0.491455078125,0.51220703125,0.01893466145505418,1,0.5109921861183847,0.50537109375,0.5322265625,0.50537109375,0.5322265625,0.005621092368384706,1,0.5386495505136405,0.50048828125,0.548828125,0.50048828125,0.548828125,0.038161269263640496,1,0.46578232868011415,0.52783203125,0.54833984375,0.52783203125,0.54833984375,-0.062049702569885845,0,0.528016278526772,0.4921875,0.62451171875,0.4921875,0.62451171875,0.03582877852677202,1,HILL|MiPOD,AMBIGUOUS,HILL,MiPOD,0.0881612692636405,0.08582877852677202,0.0023324907368684755,4,"WOW,S-UNIWARD,HILL,MiPOD"
COVER__7499.pgm,7499.pgm,COVER,0,${BOSSBASE_ROOT}\cover\7499.pgm,0.23792989161116973,0.491455078125,0.51220703125,0.491455078125,0.51220703125,-0.25352518651383027,0,0.5027484616967219,0.50537109375,0.5322265625,0.50537109375,0.5322265625,-0.0026226320532780623,0,0.5183480806891314,0.50048828125,0.548828125,0.50048828125,0.548828125,0.017859799439131407,1,0.4889849367832082,0.52783203125,0.54833984375,0.52783203125,0.54833984375,-0.0388470944667918,0,0.5141563717930644,0.4921875,0.62451171875,0.4921875,0.62451171875,0.021968871793064393,1,MiPOD|HILL,AMBIGUOUS,MiPOD,HILL,0.0719688717930644,0.06785979943913141,0.004109072353932985,2,"HILL,MiPOD"
COVER__5553.pgm,5553.pgm,COVER,0,${BOSSBASE_ROOT}\cover\5553.pgm,0.514125878625523,0.491455078125,0.51220703125,0.491455078125,0.51220703125,0.022670800500522947,0,0.5020713687653128,0.50537109375,0.5322265625,0.50537109375,0.5322265625,-0.0032997249846872245,0,0.503082236347331,0.50048828125,0.548828125,0.50048828125,0.548828125,0.0025939550973309577,1,0.5044058613033131,0.52783203125,0.54833984375,0.52783203125,0.54833984375,-0.023426169946686892,0,0.49924850520454267,0.4921875,0.62451171875,0.4921875,0.62451171875,0.00706100520454267,1,WOW|MiPOD,AMBIGUOUS,WOW,MiPOD,0.07257495012228006,0.05706100520454267,0.015513944917737388,3,"WOW,HILL,MiPOD"
COVER__1579.pgm,1579.pgm,COVER,0,${BOSSBASE_ROOT}\cover\1579.pgm,0.5075944781485121,0.491455078125,0.51220703125,0.491455078125,0.51220703125,0.016139400023512107,1,0.506538018445611,0.50537109375,0.5322265625,0.50537109375,0.5322265625,0.0011669246956109713,1,0.5035209073771802,0.50048828125,0.548828125,0.50048828125,0.548828125,0.003032626127180249,1,0.49295472047159433,0.52783203125,0.54833984375,0.52783203125,0.54833984375,-0.03487731077840567,0,0.5009732234108205,0.4921875,0.62451171875,0.4921875,0.62451171875,0.008785723410820512,1,WOW|MiPOD,AMBIGUOUS,WOW,MiPOD,0.06613940002351211,0.058785723410820515,0.007353676612691595,4,"WOW,S-UNIWARD,HILL,MiPOD"
COVER__243.pgm,243.pgm,COVER,0,${BOSSBASE_ROOT}\cover\243.pgm,0.010448625445116808,0.491455078125,0.51220703125,0.491455078125,0.51220703125,-0.4810064526798832,0,0.007636216494667212,0.50537109375,0.5322265625,0.50537109375,0.5322265625,-0.4977348772553328,0,0.009670992763446972,0.50048828125,0.548828125,0.50048828125,0.548828125,-0.49081728848655304,0,0.009020279501402172,0.52783203125,0.54833984375,0.52783203125,0.54833984375,-0.5188117517485978,0,0.18907149226772618,0.4921875,0.62451171875,0.4921875,0.62451171875,-0.3031160077322738,0,UNKNOWN,UNKNOWN_OR_COVER,MiPOD,WOW,-0.2661903368255729,-0.4500984062351099,0.18390806940953697,0,
COVER__3013.pgm,3013.pgm,COVER,0,${BOSSBASE_ROOT}\cover\3013.pgm,0.012336100420869755,0.491455078125,0.51220703125,0.491455078125,0.51220703125,-0.47911897770413026,0,0.2863687742868723,0.50537109375,0.5322265625,0.50537109375,0.5322265625,-0.2190023194631277,0,0.5915462851603492,0.50048828125,0.548828125,0.50048828125,0.548828125,0.09105800391034924,0,0.24023944927940893,0.52783203125,0.54833984375,0.52783203125,0.54833984375,-0.28759258197059107,0,0.5146518708332708,0.4921875,0.62451171875,0.4921875,0.62451171875,0.022464370833270797,1,HILL,ATTRIBUTED,HILL,MiPOD,0.13896707419576934,0.0724643708332708,0.06650270336249854,2,"HILL,MiPOD"
COVER__4694.pgm,4694.pgm,COVER,0,${BOSSBASE_ROOT}\cover\4694.pgm,0.5068355116069857,0.491455078125,0.51220703125,0.491455078125,0.51220703125,0.0153804334819857,1,0.5081627268546028,0.50537109375,0.5322265625,0.50537109375,0.5322265625,0.002791633104602842,1,0.51833284243062,0.50048828125,0.548828125,0.50048828125,0.548828125,0.017844561180620055,1,0.6361270987720502,0.52783203125,0.54833984375,0.52783203125,0.54833984375,0.1082950675220502,0,0.5693139738681136,0.4921875,0.62451171875,0.4921875,0.62451171875,0.07712647386811355,1,HUGO|MiPOD,AMBIGUOUS,HUGO,MiPOD,0.15409285357085944,0.12712647386811354,0.026966379702745902,5,"WOW,S-UNIWARD,HILL,HUGO,MiPOD"
COVER__3801.pgm,3801.pgm,COVER,0,${BOSSBASE_ROOT}\cover\3801.pgm,0.291585662898897,0.491455078125,0.51220703125,0.491455078125,0.51220703125,-0.19986941522610302,0,0.5055997414460814,0.50537109375,0.5322265625,0.50537109375,0.5322265625,0.00022864769608144098,1,0.4638085225347533,0.50048828125,0.548828125,0.50048828125,0.548828125,-0.0366797587152467,0,0.5202982861246364,0.52783203125,0.54833984375,0.52783203125,0.54833984375,-0.0075337451253636445,0,0.5329113296427092,0.4921875,0.62451171875,0.4921875,0.62451171875,0.04072382964270915,1,MiPOD,ATTRIBUTED,MiPOD,S-UNIWARD,0.09072382964270916,0.050228647696081444,0.04049518194662771,2,"S-UNIWARD,MiPOD"
COVER__4227.pgm,4227.pgm,COVER,0,${BOSSBASE_ROOT}\cover\4227.pgm,0.42375607749213606,0.491455078125,0.51220703125,0.491455078125,0.51220703125,-0.06769900063286394,0,0.48454014679855417,0.50537109375,0.5322265625,0.50537109375,0.5322265625,-0.020830946951445828,0,0.49672322196158997,0.50048828125,0.548828125,0.50048828125,0.548828125,-0.003765059288410033,0,0.5000959038722675,0.52783203125,0.54833984375,0.52783203125,0.54833984375,-0.027736127377732456,0,0.4850813338589314,0.4921875,0.62451171875,0.4921875,0.62451171875,-0.007106166141068626,0,HILL|MiPOD,AMBIGUOUS,HILL,MiPOD,0.04604704169460523,0.042539785006744234,0.0035072566878609976,0,
COVER__6193.pgm,6193.pgm,COVER,0,${BOSSBASE_ROOT}\cover\6193.pgm,0.01691491326672651,0.491455078125,0.51220703125,0.491455078125,0.51220703125,-0.4745401648582735,0,0.08035746882220708,0.50537109375,0.5322265625,0.50537109375,0.5322265625,-0.42501362492779293,0,0.009708476481474066,0.50048828125,0.548828125,0.50048828125,0.548828125,-0.49077980476852595,0,0.9063219973254493,0.52783203125,0.54833984375,0.52783203125,0.54833984375,0.37848996607544927,0,0.05888469953998363,0.4921875,0.62451171875,0.4921875,0.62451171875,-0.43330280046001635,0,HUGO,ATTRIBUTED,HUGO,S-UNIWARD,0.41344424362908627,-0.3923255810465722,0.8057698246756585,1,HUGO
COVER__9825.pgm,9825.pgm,COVER,0,${BOSSBASE_ROOT}\cover\9825.pgm,0.007695647178392188,0.491455078125,0.51220703125,0.491455078125,0.51220703125,-0.48375943094660784,0,0.012147170099805133,0.50537109375,0.5322265625,0.50537109375,0.5322265625,-0.49322392365019485,0,0.9837225390872865,0.50048828125,0.548828125,0.50048828125,0.548828125,0.48323425783728646,0,0.011331753531361453,0.52783203125,0.54833984375,0.52783203125,0.54833984375,-0.5165002777186386,0,0.9943361347628211,0.4921875,0.62451171875,0.4921875,0.62451171875,0.5021486347628211,0,MiPOD|HILL,AMBIGUOUS,MiPOD,HILL,0.5366914159214917,0.5156009084731255,0.02109050744836627,2,"HILL,MiPOD"
COVER__5218.pgm,5218.pgm,COVER,0,${BOSSBASE_ROOT}\cover\5218.pgm,0.009821792919693043,0.491455078125,0.51220703125,0.491455078125,0.51220703125,-0.48163328520530696,0,0.010408314101072437,0.50537109375,0.5322265625,0.50537109375,0.5322265625,-0.49496277964892754,0,0.011072160183234295,0.50048828125,0.548828125,0.50048828125,0.548828125,-0.4894161210667657,0,0.008745181682035148,0.52783203125,0.54833984375,0.52783203125,0.54833984375,-0.5190868495679648,0,0.010169657753872614,0.4921875,0.62451171875,0.4921875,0.62451171875,-0.48201784224612737,0,UNKNOWN,UNKNOWN_OR_COVER,WOW,MiPOD,-0.45074460685843154,-0.4511410400743121,0.000396433215880565,0,
COVER__8322.pgm,8322.pgm,COVER,0,${BOSSBASE_ROOT}\cover\8322.pgm,0.5171898778401419,0.491455078125,0.51220703125,0.491455078125,0.51220703125,0.02573479971514192,0,0.4974498969894542,0.50537109375,0.5322265625,0.50537109375,0.5322265625,-0.007921196760545812,0,0.5182566506271035,0.50048828125,0.548828125,0.50048828125,0.548828125,0.017768369377103466,1,0.0441009125684104,0.52783203125,0.54833984375,0.52783203125,0.54833984375,-0.4837311186815896,0,0.5127535806845351,0.4921875,0.62451171875,0.4921875,0.62451171875,0.020566080684535137,1,WOW|MiPOD,AMBIGUOUS,WOW,MiPOD,0.07548627707493885,0.07056608068453514,0.004920196390403711,3,"WOW,HILL,MiPOD"
COVER__1720.pgm,1720.pgm,COVER,0,${BOSSBASE_ROOT}\cover\1720.pgm,0.01024860192315863,0.491455078125,0.51220703125,0.491455078125,0.51220703125,-0.48120647620184137,0,0.8973359904266346,0.50537109375,0.5322265625,0.50537109375,0.5322265625,0.3919648966766346,0,0.009161026922093826,0.50048828125,0.548828125,0.50048828125,0.548828125,-0.4913272543279062,0,0.06596493761158063,0.52783203125,0.54833984375,0.52783203125,0.54833984375,-0.4618670936384194,0,0.04153996561206153,0.4921875,0.62451171875,0.4921875,0.62451171875,-0.4506475343879385,0,S-UNIWARD,ATTRIBUTED,S-UNIWARD,MiPOD,0.42667093120333277,-0.41878676443208734,0.8454576956354201,1,S-UNIWARD
COVER__1116.pgm,1116.pgm,COVER,0,${BOSSBASE_ROOT}\cover\1116.pgm,0.04304284934003218,0.491455078125,0.51220703125,0.491455078125,0.51220703125,-0.44841222878496784,0,0.4164999482338054,0.50537109375,0.5322265625,0.50537109375,0.5322265625,-0.08887114551619463,0,0.0483160702678493,0.50048828125,0.548828125,0.50048828125,0.548828125,-0.4521722109821507,0,0.46800033992669804,0.52783203125,0.54833984375,0.52783203125,0.54833984375,-0.05983169132330196,0,0.6472409964439338,0.4921875,0.62451171875,0.4921875,0.62451171875,0.15505349644393385,0,MiPOD,ATTRIBUTED,MiPOD,HUGO,0.2039298507610243,-0.012735538619978483,0.21666538938100277,1,MiPOD
COVER__5045.pgm,5045.pgm,COVER,0,${BOSSBASE_ROOT}\cover\5045.pgm,0.013121271126550956,0.491455078125,0.51220703125,0.491455078125,0.51220703125,-0.478333806998449,0,0.545134373808361,0.50537109375,0.5322265625,0.50537109375,0.5322265625,0.03976328005836105,0,0.6382717961674019,0.50048828125,0.548828125,0.50048828125,0.548828125,0.13778351491740193,0,0.04177388078830622,0.52783203125,0.54833984375,0.52783203125,0.54833984375,-0.48605815046169376,0,0.3996944773855484,0.4921875,0.62451171875,0.4921875,0.62451171875,-0.09249302261445158,0,HILL,ATTRIBUTED,HILL,S-UNIWARD,0.18350550356732673,0.08912203691885379,0.09438346664847294,2,"S-UNIWARD,HILL"
COVER__9721.pgm,9721.pgm,COVER,0,${BOSSBASE_ROOT}\cover\9721.pgm,0.007260866498285615,0.491455078125,0.51220703125,0.491455078125,0.51220703125,-0.4841942116267144,0,0.009161026922093826,0.50537109375,0.5322265625,0.50537109375,0.5322265625,-0.4962100668279062,0,0.009821792919693043,0.50048828125,0.548828125,0.50048828125,0.548828125,-0.49066648833030696,0,0.009708476481474066,0.52783203125,0.54833984375,0.52783203125,0.54833984375,-0.5181235547685259,0,0.009708476481474066,0.4921875,0.62451171875,0.4921875,0.62451171875,-0.48247902351852595,0,UNKNOWN,UNKNOWN_OR_COVER,MiPOD,WOW,-0.4516164578665634,-0.453384535709458,0.001768077842894622,0,
COVER__1320.pgm,1320.pgm,COVER,0,${BOSSBASE_ROOT}\cover\1320.pgm,0.008412977570977689,0.491455078125,0.51220703125,0.491455078125,0.51220703125,-0.4830421005540223,0,0.016029147365901317,0.50537109375,0.5322265625,0.50537109375,0.5322265625,-0.48934194638409867,0,0.012479699745327848,0.50048828125,0.548828125,0.50048828125,0.548828125,-0.48800858150467213,0,0.01124456072066409,0.52783203125,0.54833984375,0.52783203125,0.54833984375,-0.516587470529336,0,0.01672114370544215,0.4921875,0.62451171875,0.4921875,0.62451171875,-0.47546635629455786,0,UNKNOWN,UNKNOWN_OR_COVER,MiPOD,WOW,-0.44438660109104466,-0.4521969080123761,0.007810306921331445,0,
COVER__5351.pgm,5351.pgm,COVER,0,${BOSSBASE_ROOT}\cover\5351.pgm,0.19452077557294561,0.491455078125,0.51220703125,0.491455078125,0.51220703125,-0.2969343025520544,0,0.3582407901052149,0.50537109375,0.5322265625,0.50537109375,0.5322265625,-0.14713030364478508,0,0.34842339888276763,0.50048828125,0.548828125,0.50048828125,0.548828125,-0.15206488236723237,0,0.40256825312984107,0.52783203125,0.54833984375,0.52783203125,0.54833984375,-0.12526377812015893,0,9.198689450198668e-11,0.4921875,0.62451171875,0.4921875,0.62451171875,-0.4921874999080131,0,UNKNOWN,UNKNOWN_OR_COVER,HUGO,S-UNIWARD,-0.08115057062468559,-0.10397122892512636,0.022820658300440777,0,
COVER__5360.pgm,5360.pgm,COVER,0,${BOSSBASE_ROOT}\cover\5360.pgm,0.03875619358719477,0.491455078125,0.51220703125,0.491455078125,0.51220703125,-0.4526988845378052,0,0.18787656143125286,0.50537109375,0.5322265625,0.50537109375,0.5322265625,-0.31749453231874714,0,0.002790037654330648,0.50048828125,0.548828125,0.50048828125,0.548828125,-0.49769824359566933,0,0.13811267781421274,0.52783203125,0.54833984375,0.52783203125,0.54833984375,-0.38971935343578723,0,6.681516500435411e-07,0.4921875,0.62451171875,0.4921875,0.62451171875,-0.49218683184834994,0,UNKNOWN,UNKNOWN_OR_COVER,S-UNIWARD,HUGO,-0.28109599926499884,-0.35585700769330686,0.07476100842830802,0,
COVER__9963.pgm,9963.pgm,COVER,0,${BOSSBASE_ROOT}\cover\9963.pgm,0.026607108569697214,0.491455078125,0.51220703125,0.491455078125,0.51220703125,-0.4648479695553028,0,0.026205413449533824,0.50537109375,0.5322265625,0.50537109375,0.5322265625,-0.4791656803004662,0,0.005343255956149592,0.50048828125,0.548828125,0.50048828125,0.548828125,-0.4951450252938504,0,0.012431650853185818,0.52783203125,0.54833984375,0.52783203125,0.54833984375,-0.5154003803968141,0,0.003111508539858309,0.4921875,0.62451171875,0.4921875,0.62451171875,-0.4890759914601417,0,UNKNOWN,UNKNOWN_OR_COVER,WOW,S-UNIWARD,-0.43343643914987756,-0.448200686780274,0.014764247630396465,0,
COVER__6621.pgm,6621.pgm,COVER,0,${BOSSBASE_ROOT}\cover\6621.pgm,0.24148938971519088,0.491455078125,0.51220703125,0.491455078125,0.51220703125,-0.24996568840980912,0,0.12168575463704705,0.50537109375,0.5322265625,0.50537109375,0.5322265625,-0.38368533911295294,0,0.3166861676932197,0.50048828125,0.548828125,0.50048828125,0.548828125,-0.18380211355678028,0,0.1382289665251383,0.52783203125,0.54833984375,0.52783203125,0.54833984375,-0.3896030647248617,0,0.5657786354194224,0.4921875,0.62451171875,0.4921875,0.62451171875,0.07359113541942242,1,MiPOD,ATTRIBUTED,MiPOD,HILL,0.12359113541942242,-0.14219709111008738,0.2657882265295098,1,MiPOD
COVER__4496.pgm,4496.pgm,COVER,0,${BOSSBASE_ROOT}\cover\4496.pgm,0.38925628721436983,0.491455078125,0.51220703125,0.491455078125,0.51220703125,-0.10219879091063017,0,0.4748138152291044,0.50537109375,0.5322265625,0.50537109375,0.5322265625,-0.030557278520895625,0,0.4307458893450617,0.50048828125,0.548828125,0.50048828125,0.548828125,-0.0697423919049383,0,0.5119529834249437,0.52783203125,0.54833984375,0.52783203125,0.54833984375,-0.015879047825056336,0,0.49452612812638086,0.4921875,0.62451171875,0.4921875,0.62451171875,0.0023386281263808595,1,MiPOD|HUGO,AMBIGUOUS,MiPOD,HUGO,0.05233862812638086,0.03333327015464205,0.019005357971738815,1,MiPOD
COVER__2570.pgm,2570.pgm,COVER,0,${BOSSBASE_ROOT}\cover\2570.pgm,0.014281933925111153,0.491455078125,0.51220703125,0.491455078125,0.51220703125,-0.4771731441998888,0,0.07290027342462209,0.50537109375,0.5322265625,0.50537109375,0.5322265625,-0.4324708203253779,0,0.025083140936028623,0.50048828125,0.548828125,0.50048828125,0.548828125,-0.47540514031397135,0,0.11496335505305161,0.52783203125,0.54833984375,0.52783203125,0.54833984375,-0.4128686761969484,0,0.005576544822592462,0.4921875,0.62451171875,0.4921875,0.62451171875,-0.48661095517740754,0,UNKNOWN,UNKNOWN_OR_COVER,HUGO,S-UNIWARD,-0.37978121716990293,-0.4000256309423987,0.02024441377249575,0,
COVER__8122.pgm,8122.pgm,COVER,0,${BOSSBASE_ROOT}\cover\8122.pgm,0.005322535451112772,0.491455078125,0.51220703125,0.491455078125,0.51220703125,-0.4861325426738872,0,0.011029470022501837,0.50537109375,0.5322265625,0.50537109375,0.5322265625,-0.4943416237274982,0,0.012241275291807161,0.50048828125,0.548828125,0.50048828125,0.548828125,-0.4882470059581928,0,0.009449081319055452,0.52783203125,0.54833984375,0.52783203125,0.54833984375,-0.5183829499309446,0,0.011642224164666006,0.4921875,0.62451171875,0.4921875,0.62451171875,-0.480545275835334,0,UNKNOWN,UNKNOWN_OR_COVER,MiPOD,WOW,-0.4496229720279001,-0.4553825282674556,0.005759556239555541,0,
COVER__6670.pgm,6670.pgm,COVER,0,${BOSSBASE_ROOT}\cover\6670.pgm,0.008610767667510729,0.491455078125,0.51220703125,0.491455078125,0.51220703125,-0.48284431045748927,0,0.011687257995694434,0.50537109375,0.5322265625,0.50537109375,0.5322265625,-0.4936838357543056,0,0.01159736182363297,0.50048828125,0.548828125,0.50048828125,0.548828125,-0.48889091942636703,0,0.007785654765367813,0.52783203125,0.54833984375,0.52783203125,0.54833984375,-0.5200463764846321,0,0.010902373729285245,0.4921875,0.62451171875,0.4921875,0.62451171875,-0.48128512627071474,0,UNKNOWN,UNKNOWN_OR_COVER,MiPOD,WOW,-0.45038569188219774,-0.4519930164388467,0.0016073245566489702,0,
COVER__3935.pgm,3935.pgm,COVER,0,${BOSSBASE_ROOT}\cover\3935.pgm,0.4887256662490647,0.491455078125,0.51220703125,0.491455078125,0.51220703125,-0.0027294118759352837,0,0.49139489270627207,0.50537109375,0.5322265625,0.50537109375,0.5322265625,-0.013976201043727932,0,0.5051954306801173,0.50048828125,0.548828125,0.50048828125,0.548828125,0.004707149430117297,1,0.501955022385454,0.52783203125,0.54833984375,0.52783203125,0.54833984375,-0.025877008864546025,0,0.48384656586627706,0.4921875,0.62451171875,0.4921875,0.62451171875,-0.008340934133722944,0,HILL|WOW,AMBIGUOUS,HILL,WOW,0.0547071494301173,0.04713430360316931,0.007572845826947991,1,HILL
COVER__5452.pgm,5452.pgm,COVER,0,${BOSSBASE_ROOT}\cover\5452.pgm,0.010328152519305191,0.491455078125,0.51220703125,0.491455078125,0.51220703125,-0.4811269256056948,0,0.01005236865796813,0.50537109375,0.5322265625,0.50537109375,0.5322265625,-0.4953187250920319,0,0.010368156650788152,0.50048828125,0.548828125,0.50048828125,0.548828125,-0.49012012459921184,0,0.016593177919590436,0.52783203125,0.54833984375,0.52783203125,0.54833984375,-0.5112388533304095,0,0.012194133037590526,0.4921875,0.62451171875,0.4921875,0.62451171875,-0.47999336696240946,0,UNKNOWN,UNKNOWN_OR_COVER,MiPOD,WOW,-0.4490539921507469,-0.45022260251942137,0.0011686103686744942,0,
COVER__7734.pgm,7734.pgm,COVER,0,${BOSSBASE_ROOT}\cover\7734.pgm,0.008445626941126032,0.491455078125,0.51220703125,0.491455078125,0.51220703125,-0.48300945118387395,0,0.01005236865796813,0.50537109375,0.5322265625,0.50537109375,0.5322265625,-0.4953187250920319,0,0.007121428745735101,0.50048828125,0.548828125,0.50048828125,0.548828125,-0.4933668525042649,0,0.008124708778180903,0.52783203125,0.54833984375,0.52783203125,0.54833984375,-0.519707322471819,0,0.009633652359446519,0.4921875,0.62451171875,0.4921875,0.62451171875,-0.4825538476405535,0,UNKNOWN,UNKNOWN_OR_COVER,MiPOD,WOW,-0.45169359116657715,-0.4521632515496788,0.0004696603831016444,0,
COVER__4686.pgm,4686.pgm,COVER,0,${BOSSBASE_ROOT}\cover\4686.pgm,0.06008665017400762,0.491455078125,0.51220703125,0.491455078125,0.51220703125,-0.4313684279509924,0,0.30964963135445744,0.50537109375,0.5322265625,0.50537109375,0.5322265625,-0.19572146239554256,0,0.4369223353818409,0.50048828125,0.548828125,0.50048828125,0.548828125,-0.06356594586815911,0,0.06841291035220819,0.52783203125,0.54833984375,0.52783203125,0.54833984375,-0.4594191208977918,0,0.5050886304536771,0.4921875,0.62451171875,0.4921875,0.62451171875,0.012901130453677134,1,MiPOD,ATTRIBUTED,MiPOD,HILL,0.06290113045367714,-0.016645334225623004,0.07954646467930014,1,MiPOD
COVER__7254.pgm,7254.pgm,COVER,0,${BOSSBASE_ROOT}\cover\7254.pgm,0.009232214404536282,0.491455078125,0.51220703125,0.491455078125,0.51220703125,-0.48222286372046375,0,0.009633652359446519,0.50537109375,0.5322265625,0.50537109375,0.5322265625,-0.4957374413905535,0,0.009859855303538789,0.50048828125,0.548828125,0.50048828125,0.548828125,-0.4906284259464612,0,0.008093289897373068,0.52783203125,0.54833984375,0.52783203125,0.54833984375,-0.5197387413526269,0,0.010735162609090678,0.4921875,0.62451171875,0.4921875,0.62451171875,-0.4814523373909093,0,UNKNOWN,UNKNOWN_OR_COVER,MiPOD,WOW,-0.4505580692994866,-0.4513523913072622,0.0007943220077755719,0,
COVER__5409.pgm,5409.pgm,COVER,0,${BOSSBASE_ROOT}\cover\5409.pgm,0.008779108866911802,0.491455078125,0.51220703125,0.491455078125,0.51220703125,-0.4826759692580882,0,0.008985428752560176,0.50537109375,0.5322265625,0.50537109375,0.5322265625,-0.4963856649974398,0,0.007968814953315289,0.50048828125,0.548828125,0.50048828125,0.548828125,-0.4925194662966847,0,0.008251598569085517,0.52783203125,0.54833984375,0.52783203125,0.54833984375,-0.5195804326809145,0,0.008187909901696235,0.4921875,0.62451171875,0.4921875,0.62451171875,-0.4839995900983038,0,UNKNOWN,UNKNOWN_OR_COVER,WOW,MiPOD,-0.45181948125843924,-0.4531839173712954,0.0013644361128561378,0,
COVER__6093.pgm,6093.pgm,COVER,0,${BOSSBASE_ROOT}\cover\6093.pgm,0.009708476481474066,0.491455078125,0.51220703125,0.491455078125,0.51220703125,-0.48174660164352595,0,0.008380453351026062,0.50537109375,0.5322265625,0.50537109375,0.5322265625,-0.49699064039897395,0,0.008950711436881996,0.50048828125,0.548828125,0.50048828125,0.548828125,-0.491537569813118,0,0.00952248567033666,0.52783203125,0.54833984375,0.52783203125,0.54833984375,-0.5183095455796634,0,0.008644177936723585,0.4921875,0.62451171875,0.4921875,0.62451171875,-0.48354332206327644,0,UNKNOWN,UNKNOWN_OR_COVER,WOW,MiPOD,-0.45086142329335477,-0.45271358592172556,0.0018521626283707904,0,
COVER__7511.pgm,7511.pgm,COVER,0,${BOSSBASE_ROOT}\cover\7511.pgm,0.4596218131658394,0.491455078125,0.51220703125,0.491455078125,0.51220703125,-0.03183326495916061,0,0.49353063448756707,0.50537109375,0.5322265625,0.50537109375,0.5322265625,-0.011840459262432934,0,0.4926724911955769,0.50048828125,0.548828125,0.50048828125,0.548828125,-0.007815790054423122,0,0.45840931243303057,0.52783203125,0.54833984375,0.52783203125,0.54833984375,-0.06942271881696943,0,0.49562846832701535,0.4921875,0.62451171875,0.4921875,0.62451171875,0.003440968327015348,1,MiPOD|HILL,AMBIGUOUS,MiPOD,HILL,0.05344096832701535,0.04179494363630674,0.011646024690708613,1,MiPOD
COVER__2087.pgm,2087.pgm,COVER,0,${BOSSBASE_ROOT}\cover\2087.pgm,0.007846239292520898,0.491455078125,0.51220703125,0.491455078125,0.51220703125,-0.4836088388324791,0,0.009898063716023652,0.50537109375,0.5322265625,0.50537109375,0.5322265625,-0.49547303003397636,0,0.008511303026562552,0.50048828125,0.548828125,0.50048828125,0.548828125,-0.49197697822343744,0,0.009746104052554064,0.52783203125,0.54833984375,0.52783203125,0.54833984375,-0.518085927197446,0,0.012053779516236447,0.4921875,0.62451171875,0.4921875,0.62451171875,-0.48013372048376357,0,UNKNOWN,UNKNOWN_OR_COVER,MiPOD,WOW,-0.4491986878175795,-0.45278112248946956,0.003582434671890067,0,
COVER__3327.pgm,3327.pgm,COVER,0,${BOSSBASE_ROOT}\cover\3327.pgm,0.29098086621490676,0.491455078125,0.51220703125,0.491455078125,0.51220703125,-0.20047421191009324,0,0.5988401598166446,0.50537109375,0.5322265625,0.50537109375,0.5322265625,0.09346906606664462,0,0.3737615267405565,0.50048828125,0.548828125,0.50048828125,0.548828125,-0.12672675450944348,0,0.005980329969128227,0.52783203125,0.54833984375,0.52783203125,0.54833984375,-0.5218517012808718,0,0.8666976481785291,0.4921875,0.62451171875,0.4921875,0.62451171875,0.3745101481785291,0,MiPOD,ATTRIBUTED,MiPOD,S-UNIWARD,0.4137556594822357,0.14024689772147653,0.27350876176075917,2,"S-UNIWARD,MiPOD"
COVER__9058.pgm,9058.pgm,COVER,0,${BOSSBASE_ROOT}\cover\9058.pgm,0.6272665021907519,0.491455078125,0.51220703125,0.491455078125,0.51220703125,0.13581142406575186,0,0.5238770885369624,0.50537109375,0.5322265625,0.50537109375,0.5322265625,0.018505994786962354,1,0.5140648919751806,0.50048828125,0.548828125,0.50048828125,0.548828125,0.013576610725180571,1,0.16398024910404715,0.52783203125,0.54833984375,0.52783203125,0.54833984375,-0.3638517821459528,0,0.2855711530253478,0.4921875,0.62451171875,0.4921875,0.62451171875,-0.2066163469746522,0,WOW,ATTRIBUTED,WOW,S-UNIWARD,0.18037708082074969,0.06850599478696236,0.11187108603378733,3,"WOW,S-UNIWARD,HILL"
COVER__5239.pgm,5239.pgm,COVER,0,${BOSSBASE_ROOT}\cover\5239.pgm,0.009268013380914325,0.491455078125,0.51220703125,0.491455078125,0.51220703125,-0.4821870647440857,0,0.00959645473238191,0.50537109375,0.5322265625,0.50537109375,0.5322265625,-0.4957746390176181,0,0.007968814953315289,0.50048828125,0.548828125,0.50048828125,0.548828125,-0.4925194662966847,0,0.01052971212461742,0.52783203125,0.54833984375,0.52783203125,0.54833984375,-0.5173023191253826,0,0.008061991528271641,0.4921875,0.62451171875,0.4921875,0.62451171875,-0.48412550847172836,0,UNKNOWN,UNKNOWN_OR_COVER,WOW,MiPOD,-0.45131548717978986,-0.453313715759818,0.0019982285800281274,0,
COVER__7859.pgm,7859.pgm,COVER,0,${BOSSBASE_ROOT}\cover\7859.pgm,0.007011795381497108,0.491455078125,0.51220703125,0.491455078125,0.51220703125,-0.4844432827435029,0,0.004792316673138821,0.50537109375,0.5322265625,0.50537109375,0.5322265625,-0.5005787770768612,0,0.006692850924284856,0.50048828125,0.548828125,0.50048828125,0.548828125,-0.49379543032571516,0,0.007665874688645945,0.52783203125,0.54833984375,0.52783203125,0.54833984375,-0.520166156561354,0,0.007846239292520898,0.4921875,0.62451171875,0.4921875,0.62451171875,-0.4843412607074791,0,UNKNOWN,UNKNOWN_OR_COVER,MiPOD,WOW,-0.4535361149916559,-0.4536412796710535,0.00010516467939758467,0,
COVER__1135.pgm,1135.pgm,COVER,0,${BOSSBASE_ROOT}\cover\1135.pgm,0.7052778090939756,0.491455078125,0.51220703125,0.491455078125,0.51220703125,0.21382273096897564,0,0.744284789133903,0.50537109375,0.5322265625,0.50537109375,0.5322265625,0.23891369538390295,0,0.6060322292713071,0.50048828125,0.548828125,0.50048828125,0.548828125,0.10554394802130707,0,0.5833813810408343,0.52783203125,0.54833984375,0.52783203125,0.54833984375,0.05554934979083426,0,0.6147988076376367,0.4921875,0.62451171875,0.4921875,0.62451171875,0.12261130763763672,1,S-UNIWARD|WOW,AMBIGUOUS,S-UNIWARD,WOW,0.279359575166229,0.25504391202635845,0.024315663139870547,5,"WOW,S-UNIWARD,HILL,HUGO,MiPOD"
COVER__4763.pgm,4763.pgm,COVER,0,${BOSSBASE_ROOT}\cover\4763.pgm,0.026205413449533824,0.491455078125,0.51220703125,0.491455078125,0.51220703125,-0.4652496646754662,0,0.7032438550755685,0.50537109375,0.5322265625,0.50537109375,0.5322265625,0.19787276132556852,0,0.4614414564664059,0.50048828125,0.548828125,0.50048828125,0.548828125,-0.039046824783594114,0,0.35465654698064697,0.52783203125,0.54833984375,0.52783203125,0.54833984375,-0.17317548426935303,0,0.7995988509311733,0.4921875,0.62451171875,0.4921875,0.62451171875,0.30741135093117333,0,MiPOD,ATTRIBUTED,MiPOD,S-UNIWARD,0.34938054494289733,0.24001311127766278,0.10936743366523455,2,"S-UNIWARD,MiPOD"
COVER__7775.pgm,7775.pgm,COVER,0,${BOSSBASE_ROOT}\cover\7775.pgm,0.012147170099805133,0.491455078125,0.51220703125,0.491455078125,0.51220703125,-0.47930790802519485,0,0.010408314101072437,0.50537109375,0.5322265625,0.50537109375,0.5322265625,-0.49496277964892754,0,0.011961098249809548,0.50048828125,0.548828125,0.50048828125,0.548828125,-0.48852718300019043,0,0.009485713170795206,0.52783203125,0.54833984375,0.52783203125,0.54833984375,-0.5183463180792048,0,0.01964376067755956,0.4921875,0.62451171875,0.4921875,0.62451171875,-0.4725437393224404,0,UNKNOWN,UNKNOWN_OR_COVER,MiPOD,WOW,-0.44137301703265613,-0.44834731827240093,0.006974301239744796,0,
COVER__4743.pgm,4743.pgm,COVER,0,${BOSSBASE_ROOT}\cover\4743.pgm,0.010570488620307572,0.491455078125,0.51220703125,0.491455078125,0.51220703125,-0.48088458950469243,0,0.5503657140662637,0.50537109375,0.5322265625,0.50537109375,0.5322265625,0.04499462031626367,0,0.007785654765367813,0.50048828125,0.548828125,0.50048828125,0.548828125,-0.4927026264846322,0,0.14535782952696116,0.52783203125,0.54833984375,0.52783203125,0.54833984375,-0.3824742017230388,0,0.02898062974145319,0.4921875,0.62451171875,0.4921875,0.62451171875,-0.4632068702585468,0,S-UNIWARD,ATTRIBUTED,S-UNIWARD,HUGO,0.09409583894730136,-0.3483656272431154,0.4424614661904168,1,S-UNIWARD
COVER__7799.pgm,7799.pgm,COVER,0,${BOSSBASE_ROOT}\cover\7799.pgm,0.008985428752560176,0.491455078125,0.51220703125,0.491455078125,0.51220703125,-0.4824696493724398,0,0.01077672605008006,0.50537109375,0.5322265625,0.50537109375,0.5322265625,-0.49459436769991993,0,0.008544330693441928,0.50048828125,0.548828125,0.50048828125,0.548828125,-0.4919439505565581,0,0.007606672164523265,0.52783203125,0.54833984375,0.52783203125,0.54833984375,-0.5202253590854767,0,0.010169657753872614,0.4921875,0.62451171875,0.4921875,0.62451171875,-0.48201784224612737,0,UNKNOWN,UNKNOWN_OR_COVER,MiPOD,WOW,-0.4511410400743121,-0.4516067944089222,0.0004657543346101023,0,
COVER__4421.pgm,4421.pgm,COVER,0,${BOSSBASE_ROOT}\cover\4421.pgm,0.5064159686178216,0.491455078125,0.51220703125,0.491455078125,0.51220703125,0.014960890492821566,1,0.5108244193292979,0.50537109375,0.5322265625,0.50537109375,0.5322265625,0.005453325579297896,1,0.5334886071015604,0.50048828125,0.548828125,0.50048828125,0.548828125,0.03300032585156043,1,0.518881398033343,0.52783203125,0.54833984375,0.52783203125,0.54833984375,-0.008950633216657011,0,0.5250187611564908,0.4921875,0.62451171875,0.4921875,0.62451171875,0.03283126115649082,1,HILL|MiPOD,AMBIGUOUS,HILL,MiPOD,0.08300032585156043,0.08283126115649082,0.00016906469506960953,4,"WOW,S-UNIWARD,HILL,MiPOD"
COVER__3107.pgm,3107.pgm,COVER,0,${BOSSBASE_ROOT}\cover\3107.pgm,0.44357029164546125,0.491455078125,0.51220703125,0.491455078125,0.51220703125,-0.047884786479538755,0,0.015014748005819523,0.50537109375,0.5322265625,0.50537109375,0.5322265625,-0.49035634574418047,0,0.0953494648991095,0.50048828125,0.548828125,0.50048828125,0.548828125,-0.4051388163508905,0,0.032651378460344445,0.52783203125,0.54833984375,0.52783203125,0.54833984375,-0.49518065278965556,0,0.19513354679502126,0.4921875,0.62451171875,0.4921875,0.62451171875,-0.29705395320497874,0,UNKNOWN,UNKNOWN_OR_COVER,WOW,MiPOD,-0.0002226061143962288,-0.25990375701310403,0.2596811508987078,0,
COVER__8336.pgm,8336.pgm,COVER,0,${BOSSBASE_ROOT}\cover\8336.pgm,0.46135044948635945,0.491455078125,0.51220703125,0.491455078125,0.51220703125,-0.03010462863864055,0,0.47703642983957034,0.50537109375,0.5322265625,0.50537109375,0.5322265625,-0.028334663910429658,0,0.4983005589124172,0.50048828125,0.548828125,0.50048828125,0.548828125,-0.002187722337582798,0,0.0041824941855914755,0.52783203125,0.54833984375,0.52783203125,0.54833984375,-0.5236495370644085,0,2.1633244071755614e-12,0.4921875,0.62451171875,0.4921875,0.62451171875,-0.4921874999978367,0,HILL|S-UNIWARD,AMBIGUOUS,HILL,S-UNIWARD,0.047703011111555414,0.020268485987350288,0.027434525124205127,0,
COVER__4549.pgm,4549.pgm,COVER,0,${BOSSBASE_ROOT}\cover\4549.pgm,0.27260509621999085,0.491455078125,0.51220703125,0.491455078125,0.51220703125,-0.21884998190500915,0,0.38908217842189113,0.50537109375,0.5322265625,0.50537109375,0.5322265625,-0.11628891532810887,0,0.38809609739860584,0.50048828125,0.548828125,0.50048828125,0.548828125,-0.11239218385139416,0,0.00022167810569255928,0.52783203125,0.54833984375,0.52783203125,0.54833984375,-0.5276103531443075,0,0.34842339888276763,0.4921875,0.62451171875,0.4921875,0.62451171875,-0.14376410111723237,0,UNKNOWN,UNKNOWN_OR_COVER,HILL,S-UNIWARD,-0.06770749902505398,-0.0717780159022346,0.004070516877180616,0,
COVER__9636.pgm,9636.pgm,COVER,0,${BOSSBASE_ROOT}\cover\9636.pgm,0.09384395939201788,0.491455078125,0.51220703125,0.491455078125,0.51220703125,-0.3976111187329821,0,0.158564846730083,0.50537109375,0.5322265625,0.50537109375,0.5322265625,-0.346806247019917,0,0.54670790089102,0.50048828125,0.548828125,0.50048828125,0.548828125,0.04621961964101995,1,0.6708239596234855,0.52783203125,0.54833984375,0.52783203125,0.54833984375,0.1429919283734855,0,0.5233137706979863,0.4921875,0.62451171875,0.4921875,0.62451171875,0.031126270697986347,1,HUGO,ATTRIBUTED,HUGO,HILL,0.18722792626526624,0.09621961964101995,0.09100830662424629,3,"HILL,HUGO,MiPOD"
COVER__2161.pgm,2161.pgm,COVER,0,${BOSSBASE_ROOT}\cover\2161.pgm,0.008916127052872005,0.491455078125,0.51220703125,0.491455078125,0.51220703125,-0.482538951072128,0,0.008544330693441928,0.50537109375,0.5322265625,0.50537109375,0.5322265625,-0.4968267630565581,0,0.0012843081201339697,0.50048828125,0.548828125,0.50048828125,0.548828125,-0.49920397312986603,0,0.00017536993773773873,0.52783203125,0.54833984375,0.52783203125,0.54833984375,-0.5276566613122623,0,0.010693757736175492,0.4921875,0.62451171875,0.4921875,0.62451171875,-0.4814937422638245,0,UNKNOWN,UNKNOWN_OR_COVER,MiPOD,WOW,-0.45060075331916427,-0.45167823488280545,0.0010774815636411805,0,
COVER__358.pgm,358.pgm,COVER,0,${BOSSBASE_ROOT}\cover\358.pgm,0.032589744766025344,0.491455078125,0.51220703125,0.491455078125,0.51220703125,-0.45886533335897467,0,0.3284217284927389,0.50537109375,0.5322265625,0.50537109375,0.5322265625,-0.17694936525726113,0,0.5642185404153346,0.50048828125,0.548828125,0.50048828125,0.548828125,0.06373025916533459,0,0.6076049630683891,0.52783203125,0.54833984375,0.52783203125,0.54833984375,0.07977293181838907,0,0.45002702022356694,0.4921875,0.62451171875,0.4921875,0.62451171875,-0.04216047977643306,0,HUGO|HILL,AMBIGUOUS,HUGO,HILL,0.126895775443824,0.1129666297545191,0.013929145689304895,2,"HILL,HUGO"
COVER__3504.pgm,3504.pgm,COVER,0,${BOSSBASE_ROOT}\cover\3504.pgm,0.009485713170795206,0.491455078125,0.51220703125,0.491455078125,0.51220703125,-0.4819693649542048,0,0.009303949868393646,0.50537109375,0.5322265625,0.50537109375,0.5322265625,-0.49606714388160633,0,0.008380453351026062,0.50048828125,0.548828125,0.50048828125,0.548828125,-0.49210782789897395,0,0.00740301408887263,0.52783203125,0.54833984375,0.52783203125,0.54833984375,-0.5204290171611273,0,0.015247590621499624,0.4921875,0.62451171875,0.4921875,0.62451171875,-0.4769399093785004,0,UNKNOWN,UNKNOWN_OR_COVER,MiPOD,WOW,-0.445905918118035,-0.4510910659223554,0.005185147804320445,0,
COVER__3653.pgm,3653.pgm,COVER,0,${BOSSBASE_ROOT}\cover\3653.pgm,0.014842417234248268,0.491455078125,0.51220703125,0.491455078125,0.51220703125,-0.4766126608907517,0,0.022158869355977103,0.50537109375,0.5322265625,0.50537109375,0.5322265625,-0.4832122243940229,0,0.012100385813544712,0.50048828125,0.548828125,0.50048828125,0.548828125,-0.4883878954364553,0,0.6712551030903045,0.52783203125,0.54833984375,0.52783203125,0.54833984375,0.14342307184030445,0,0.012722708199923246,0.4921875,0.62451171875,0.4921875,0.62451171875,-0.47946479180007673,0,HUGO,ATTRIBUTED,HUGO,WOW,0.18764000178140247,-0.44556851214165677,0.6332085139230592,1,HUGO
COVER__7074.pgm,7074.pgm,COVER,0,${BOSSBASE_ROOT}\cover\7074.pgm,0.012100385813544712,0.491455078125,0.51220703125,0.491455078125,0.51220703125,-0.4793546923114553,0,0.012479699745327848,0.50537109375,0.5322265625,0.50537109375,0.5322265625,-0.49289139400467213,0,0.01590639171181471,0.50048828125,0.548828125,0.50048828125,0.548828125,-0.48458188953818526,0,0.012336100420869755,0.52783203125,0.54833984375,0.52783203125,0.54833984375,-0.5154959308291303,0,0.019087433820142514,0.4921875,0.62451171875,0.4921875,0.62451171875,-0.4731000661798575,0,UNKNOWN,UNKNOWN_OR_COVER,MiPOD,WOW,-0.4419466801772799,-0.4483955509938729,0.006448870816593011,0,
COVER__9527.pgm,9527.pgm,COVER,0,${BOSSBASE_ROOT}\cover\9527.pgm,0.010570488620307572,0.491455078125,0.51220703125,0.491455078125,0.51220703125,-0.48088458950469243,0,0.016785489890063697,0.50537109375,0.5322265625,0.50537109375,0.5322265625,-0.4885856038599363,0,0.011463797377996032,0.50048828125,0.548828125,0.50048828125,0.548828125,-0.489024483872004,0,0.016593177919590436,0.52783203125,0.54833984375,0.52783203125,0.54833984375,-0.5112388533304095,0,0.01672114370544215,0.4921875,0.62451171875,0.4921875,0.62451171875,-0.47546635629455786,0,UNKNOWN,UNKNOWN_OR_COVER,MiPOD,WOW,-0.44438660109104466,-0.4499727762777291,0.005586175186684417,0,
COVER__4599.pgm,4599.pgm,COVER,0,${BOSSBASE_ROOT}\cover\4599.pgm,0.652241416355273,0.491455078125,0.51220703125,0.491455078125,0.51220703125,0.160786338230273,0,0.9141375437004452,0.50537109375,0.5322265625,0.50537109375,0.5322265625,0.4087664499504452,0,0.9845160126963748,0.50048828125,0.548828125,0.50048828125,0.548828125,0.4840277314463748,0,0.01307078477418707,0.52783203125,0.54833984375,0.52783203125,0.54833984375,-0.5147612464758129,0,0.14681969604457246,0.4921875,0.62451171875,0.4921875,0.62451171875,-0.34536780395542754,0,HILL,ATTRIBUTED,HILL,S-UNIWARD,0.5163687101854528,0.44289424049044385,0.07347446969500898,3,"WOW,S-UNIWARD,HILL"
COVER__3144.pgm,3144.pgm,COVER,0,${BOSSBASE_ROOT}\cover\3144.pgm,0.2685575870290748,0.491455078125,0.51220703125,0.491455078125,0.51220703125,-0.22289749109592522,0,0.4752399954792988,0.50537109375,0.5322265625,0.50537109375,0.5322265625,-0.030131098270701206,0,0.5234812498298046,0.50048828125,0.548828125,0.50048828125,0.548828125,0.022992968579804596,1,0.4930309994326243,0.52783203125,0.54833984375,0.52783203125,0.54833984375,-0.034801031817375705,0,0.4935535188529708,0.4921875,0.62451171875,0.4921875,0.62451171875,0.001366018852970774,1,HILL|MiPOD,AMBIGUOUS,HILL,MiPOD,0.0729929685798046,0.05136601885297078,0.021626949726833822,2,"HILL,MiPOD"
COVER__7349.pgm,7349.pgm,COVER,0,${BOSSBASE_ROOT}\cover\7349.pgm,0.01368947769627449,0.491455078125,0.51220703125,0.491455078125,0.51220703125,-0.4777656004287255,0,0.10951515671146415,0.50537109375,0.5322265625,0.50537109375,0.5322265625,-0.39585593703853583,0,0.014281933925111153,0.50048828125,0.548828125,0.50048828125,0.548828125,-0.4862063473248888,0,0.009232214404536282,0.52783203125,0.54833984375,0.52783203125,0.54833984375,-0.5185998168454637,0,0.6490226885602542,0.4921875,0.62451171875,0.4921875,0.62451171875,0.15683518856025425,0,MiPOD,ATTRIBUTED,MiPOD,S-UNIWARD,0.2056245377933355,-0.36220075412557284,0.5678252919189084,1,MiPOD
COVER__6525.pgm,6525.pgm,COVER,0,${BOSSBASE_ROOT}\cover\6525.pgm,0.012920473039078976,0.491455078125,0.51220703125,0.491455078125,0.51220703125,-0.47853460508592105,0,0.04240382863184671,0.50537109375,0.5322265625,0.50537109375,0.5322265625,-0.4629672651181533,0,0.03615193758286911,0.50048828125,0.548828125,0.50048828125,0.548828125,-0.4643363436671309,0,0.016152834822140957,0.52783203125,0.54833984375,0.52783203125,0.54833984375,-0.5116791964278591,0,0.09568694300568312,0.4921875,0.62451171875,0.4921875,0.62451171875,-0.39650055699431686,0,UNKNOWN,UNKNOWN_OR_COVER,MiPOD,S-UNIWARD,-0.36286706189292595,-0.4314966033212109,0.06862954142828498,0,
COVER__6284.pgm,6284.pgm,COVER,0,${BOSSBASE_ROOT}\cover\6284.pgm,0.04459757622738623,0.491455078125,0.51220703125,0.491455078125,0.51220703125,-0.44685750189761375,0,0.36704337332908166,0.50537109375,0.5322265625,0.50537109375,0.5322265625,-0.13832772042091834,0,0.40709766661091756,0.50048828125,0.548828125,0.50048828125,0.548828125,-0.09339061463908244,0,0.7843190446357039,0.52783203125,0.54833984375,0.52783203125,0.54833984375,0.2564870133857039,0,3.1344110760753956e-14,0.4921875,0.62451171875,0.4921875,0.62451171875,-0.49218749999996864,0,HUGO,ATTRIBUTED,HUGO,HILL,0.29597686842781096,-0.04784873242499758,0.34382560085280855,1,HUGO
COVER__5323.pgm,5323.pgm,COVER,0,${BOSSBASE_ROOT}\cover\5323.pgm,0.01077672605008006,0.491455078125,0.51220703125,0.491455078125,0.51220703125,-0.48067835207491993,0,0.008380453351026062,0.50537109375,0.5322265625,0.50537109375,0.5322265625,-0.49699064039897395,0,0.010013570623173138,0.50048828125,0.548828125,0.50048828125,0.548828125,-0.49047471062682685,0,0.38496994756908237,0.52783203125,0.54833984375,0.52783203125,0.54833984375,-0.14286208368091763,0,0.0143370304240108,0.4921875,0.62451171875,0.4921875,0.62451171875,-0.4778504695759892,0,UNKNOWN,UNKNOWN_OR_COVER,HUGO,MiPOD,-0.09951840284742634,-0.4468447237711894,0.34732632092376303,0,
COVER__1825.pgm,1825.pgm,COVER,0,${BOSSBASE_ROOT}\cover\1825.pgm,0.49295472047159433,0.491455078125,0.51220703125,0.491455078125,0.51220703125,0.001499642346594332,1,0.5190794764400983,0.50537109375,0.5322265625,0.50537109375,0.5322265625,0.01370838269009833,1,0.5240749966728956,0.50048828125,0.548828125,0.50048828125,0.548828125,0.023586715422895588,1,0.5257645134562083,0.52783203125,0.54833984375,0.52783203125,0.54833984375,-0.0020675177937916622,0,0.5058018941156871,0.4921875,0.62451171875,0.4921875,0.62451171875,0.0136143941156871,1,HILL|S-UNIWARD,AMBIGUOUS,HILL,S-UNIWARD,0.07358671542289559,0.06370838269009833,0.009878332732797257,4,"WOW,S-UNIWARD,HILL,MiPOD"
COVER__5781.pgm,5781.pgm,COVER,0,${BOSSBASE_ROOT}\cover\5781.pgm,0.009055264186722086,0.491455078125,0.51220703125,0.491455078125,0.51220703125,-0.4823998139382779,0,0.010735162609090678,0.50537109375,0.5322265625,0.50537109375,0.5322265625,-0.4946359311409093,0,0.008577485413711986,0.50048828125,0.548828125,0.50048828125,0.548828125,-0.491910795836288,0,0.006930671656746301,0.52783203125,0.54833984375,0.52783203125,0.54833984375,-0.5209013595932537,0,0.009376237450848677,0.4921875,0.62451171875,0.4921875,0.62451171875,-0.4828112625491513,0,UNKNOWN,UNKNOWN_OR_COVER,WOW,MiPOD,-0.45153480357862386,-0.4519589489429244,0.0004241453643005211,0,
COVER__1676.pgm,1676.pgm,COVER,0,${BOSSBASE_ROOT}\cover\1676.pgm,0.020449394548602298,0.491455078125,0.51220703125,0.491455078125,0.51220703125,-0.4710056835763977,0,0.001460749574951026,0.50537109375,0.5322265625,0.50537109375,0.5322265625,-0.503910344175049,0,1.1206297855815922e-09,0.50048828125,0.548828125,0.50048828125,0.548828125,-0.5004882801293702,0,1.7414401056575182e-26,0.52783203125,0.54833984375,0.52783203125,0.54833984375,-0.52783203125,0,0.619643916581422,0.4921875,0.62451171875,0.4921875,0.62451171875,0.12745641658142204,1,MiPOD,ATTRIBUTED,MiPOD,WOW,0.17745641658142203,-0.43978698209020634,0.6172433986716284,1,MiPOD
COVER__1424.pgm,1424.pgm,COVER,0,${BOSSBASE_ROOT}\cover\1424.pgm,0.8618873221857873,0.491455078125,0.51220703125,0.491455078125,0.51220703125,0.37043224406078734,0,0.5754687284355577,0.50537109375,0.5322265625,0.50537109375,0.5322265625,0.07009763468555774,0,0.6589663697837479,0.50048828125,0.548828125,0.50048828125,0.548828125,0.1584780885337479,0,0.6276089235045084,0.52783203125,0.54833984375,0.52783203125,0.54833984375,0.09977689225450836,0,0.7737296828467313,0.4921875,0.62451171875,0.4921875,0.62451171875,0.28154218284673127,0,WOW,ATTRIBUTED,WOW,MiPOD,0.40567791510612394,0.32461125005820296,0.08106666504792098,5,"WOW,S-UNIWARD,HILL,HUGO,MiPOD"
COVER__5413.pgm,5413.pgm,COVER,0,${BOSSBASE_ROOT}\cover\5413.pgm,0.011732463956348185,0.491455078125,0.51220703125,0.491455078125,0.51220703125,-0.4797226141686518,0,0.01028830113371619,0.50537109375,0.5322265625,0.50537109375,0.5322265625,-0.4950827926162838,0,0.01013041166358438,0.50048828125,0.548828125,0.50048828125,0.548828125,-0.49035786958641564,0,0.008380453351026062,0.52783203125,0.54833984375,0.52783203125,0.54833984375,-0.5194515778989739,0,0.010328152519305191,0.4921875,0.62451171875,0.4921875,0.62451171875,-0.4818593474806948,0,UNKNOWN,UNKNOWN_OR_COVER,WOW,MiPOD,-0.44877486130068195,-0.4509776511095198,0.0022027898088378683,0,
COVER__3450.pgm,3450.pgm,COVER,0,${BOSSBASE_ROOT}\cover\3450.pgm,0.496553475608257,0.491455078125,0.51220703125,0.491455078125,0.51220703125,0.005098397483257022,1,0.5108777999375825,0.50537109375,0.5322265625,0.50537109375,0.5322265625,0.005506706187582533,1,0.5182566506271035,0.50048828125,0.548828125,0.50048828125,0.548828125,0.017768369377103466,1,0.5130585531279747,0.52783203125,0.54833984375,0.52783203125,0.54833984375,-0.01477347812202534,0,0.5205420195351587,0.4921875,0.62451171875,0.4921875,0.62451171875,0.028354519535158662,1,MiPOD|HILL,AMBIGUOUS,MiPOD,HILL,0.07835451953515866,0.06776836937710347,0.010586150158055196,4,"WOW,S-UNIWARD,HILL,MiPOD"
COVER__7540.pgm,7540.pgm,COVER,0,${BOSSBASE_ROOT}\cover\7540.pgm,0.011463797377996032,0.491455078125,0.51220703125,0.491455078125,0.51220703125,-0.479991280747004,0,0.01005236865796813,0.50537109375,0.5322265625,0.50537109375,0.5322265625,-0.4953187250920319,0,0.011115013721477563,0.50048828125,0.548828125,0.50048828125,0.548828125,-0.48937326752852245,0,0.009898063716023652,0.52783203125,0.54833984375,0.52783203125,0.54833984375,-0.5179339675339764,0,0.006564249220774553,0.4921875,0.62451171875,0.4921875,0.62451171875,-0.48562325077922547,0,UNKNOWN,UNKNOWN_OR_COVER,WOW,MiPOD,-0.4490518413890737,-0.4548575716510766,0.005805730262002873,0,
COVER__248.pgm,248.pgm,COVER,0,${BOSSBASE_ROOT}\cover\248.pgm,0.00834805380978326,0.491455078125,0.51220703125,0.491455078125,0.51220703125,-0.48310702431521674,0,0.008745181682035148,0.50537109375,0.5322265625,0.50537109375,0.5322265625,-0.49662591206796486,0,0.007066400963249157,0.50048828125,0.548828125,0.50048828125,0.548828125,-0.4934218802867508,0,0.009559399347091532,0.52783203125,0.54833984375,0.52783203125,0.54833984375,-0.5182726319029085,0,0.009020279501402172,0.4921875,0.62451171875,0.4921875,0.62451171875,-0.48316722049859784,0,UNKNOWN,UNKNOWN_OR_COVER,WOW,MiPOD,-0.4522638342944788,-0.4523258870643022,6.205276982340635e-05,0,
COVER__9796.pgm,9796.pgm,COVER,0,${BOSSBASE_ROOT}\cover\9796.pgm,0.2808135558827241,0.491455078125,0.51220703125,0.491455078125,0.51220703125,-0.2106415222422759,0,0.20354916757571404,0.50537109375,0.5322265625,0.50537109375,0.5322265625,-0.30182192617428594,0,0.4740224354209134,0.50048828125,0.548828125,0.50048828125,0.548828125,-0.02646584582908662,0,0.008711384457705508,0.52783203125,0.54833984375,0.52783203125,0.54833984375,-0.5191206467922945,0,0.5317869062033557,0.4921875,0.62451171875,0.4921875,0.62451171875,0.03959940620335567,1,MiPOD,ATTRIBUTED,MiPOD,HILL,0.08959940620335567,0.022228219439717117,0.06737118676363855,1,MiPOD
COVER__7398.pgm,7398.pgm,COVER,0,${BOSSBASE_ROOT}\cover\7398.pgm,0.1163617640229368,0.491455078125,0.51220703125,0.491455078125,0.51220703125,-0.3750933141020632,0,0.3913477845440714,0.50537109375,0.5322265625,0.50537109375,0.5322265625,-0.11402330920592862,0,0.3618409462617462,0.50048828125,0.548828125,0.50048828125,0.548828125,-0.13864733498825382,0,0.16505408392910761,0.52783203125,0.54833984375,0.52783203125,0.54833984375,-0.3627779473208924,0,0.425068162194463,0.4921875,0.62451171875,0.4921875,0.62451171875,-0.06711933780553703,0,UNKNOWN,UNKNOWN_OR_COVER,MiPOD,S-UNIWARD,-0.02036515761290042,-0.06941145129091053,0.04904629367801011,0,
COVER__233.pgm,233.pgm,COVER,0,${BOSSBASE_ROOT}\cover\233.pgm,0.0077555367808475675,0.491455078125,0.51220703125,0.491455078125,0.51220703125,-0.48369954134415244,0,0.009232214404536282,0.50537109375,0.5322265625,0.50537109375,0.5322265625,-0.49613887934546375,0,0.012870749215746782,0.50048828125,0.548828125,0.50048828125,0.548828125,-0.48761753203425323,0,0.038683497086407705,0.52783203125,0.54833984375,0.52783203125,0.54833984375,-0.4891485341635923,0,0.3173204806689011,0.4921875,0.62451171875,0.4921875,0.62451171875,-0.17486701933109888,0,UNKNOWN,UNKNOWN_OR_COVER,MiPOD,WOW,-0.1328885863436943,-0.4528746210256392,0.31998603468194486,0,
COVER__9327.pgm,9327.pgm,COVER,0,${BOSSBASE_ROOT}\cover\9327.pgm,0.7745833841649233,0.491455078125,0.51220703125,0.491455078125,0.51220703125,0.28312830603992334,0,0.4830539782927799,0.50537109375,0.5322265625,0.50537109375,0.5322265625,-0.022317115457220094,0,0.5881796729192519,0.50048828125,0.548828125,0.50048828125,0.548828125,0.08769139166925188,0,0.7531036723496825,0.52783203125,0.54833984375,0.52783203125,0.54833984375,0.22527164109968245,0,0.5709893151363009,0.4921875,0.62451171875,0.4921875,0.62451171875,0.07880181513630091,1,WOW,ATTRIBUTED,WOW,HUGO,0.32158937956398614,0.2660136278761799,0.05557575168780626,4,"WOW,HILL,HUGO,MiPOD"
COVER__5235.pgm,5235.pgm,COVER,0,${BOSSBASE_ROOT}\cover\5235.pgm,0.013273887454385737,0.491455078125,0.51220703125,0.491455078125,0.51220703125,-0.47818119067061426,0,0.38919824780973156,0.50537109375,0.5322265625,0.50537109375,0.5322265625,-0.11617284594026844,0,0.016029147365901317,0.50048828125,0.548828125,0.50048828125,0.548828125,-0.48445913388409867,0,0.013325147705881429,0.52783203125,0.54833984375,0.52783203125,0.54833984375,-0.5145068835441186,0,0.06524656576181369,0.4921875,0.62451171875,0.4921875,0.62451171875,-0.4269409342381863,0,UNKNOWN,UNKNOWN_OR_COVER,S-UNIWARD,MiPOD,-0.07165677986170627,-0.3943158296570445,0.3226590497953382,0,
COVER__446.pgm,446.pgm,COVER,0,${BOSSBASE_ROOT}\cover\446.pgm,0.008916127052872005,0.491455078125,0.51220703125,0.491455078125,0.51220703125,-0.482538951072128,0,0.009485713170795206,0.50537109375,0.5322265625,0.50537109375,0.5322265625,-0.4958853805792048,0,0.008380453351026062,0.50048828125,0.548828125,0.50048828125,0.548828125,-0.49210782789897395,0,0.005426943348925353,0.52783203125,0.54833984375,0.52783203125,0.54833984375,-0.5224050879010746,0,0.007547923375900623,0.4921875,0.62451171875,0.4921875,0.62451171875,-0.4846395766240994,0,UNKNOWN,UNKNOWN_OR_COVER,WOW,MiPOD,-0.45167823488280545,-0.4538436192029816,0.002165384320176156,0,
COVER__2006.pgm,2006.pgm,COVER,0,${BOSSBASE_ROOT}\cover\2006.pgm,0.504649981901905,0.491455078125,0.51220703125,0.491455078125,0.51220703125,0.01319490377690502,1,0.518317604138007,0.50537109375,0.5322265625,0.50537109375,0.5322265625,0.012946510388006982,1,0.5230549290131147,0.50048828125,0.548828125,0.50048828125,0.548828125,0.022566647763114678,1,0.5583570964112609,0.52783203125,0.54833984375,0.52783203125,0.54833984375,0.030525065161260856,0,0.5311637750954216,0.4921875,0.62451171875,0.4921875,0.62451171875,0.038976275095421564,1,MiPOD|HUGO,AMBIGUOUS,MiPOD,HUGO,0.08897627509542157,0.08002670280636588,0.008949572289055685,5,"WOW,S-UNIWARD,HILL,HUGO,MiPOD"
COVER__1527.pgm,1527.pgm,COVER,0,${BOSSBASE_ROOT}\cover\1527.pgm,0.012336100420869755,0.491455078125,0.51220703125,0.491455078125,0.51220703125,-0.47911897770413026,0,0.00012731104162213555,0.50537109375,0.5322265625,0.50537109375,0.5322265625,-0.5052437827083779,0,0.009670992763446972,0.50048828125,0.548828125,0.50048828125,0.548828125,-0.49081728848655304,0,0.02310927773615126,0.52783203125,0.54833984375,0.52783203125,0.54833984375,-0.5047227535138488,0,0.0002251682418562381,0.4921875,0.62451171875,0.4921875,0.62451171875,-0.49196233175814374,0,UNKNOWN,UNKNOWN_OR_COVER,WOW,HILL,-0.4481525380045753,-0.4602109931747896,0.01205845517021431,0,
COVER__8977.pgm,8977.pgm,COVER,0,${BOSSBASE_ROOT}\cover\8977.pgm,0.07436570297412956,0.491455078125,0.51220703125,0.491455078125,0.51220703125,-0.4170893751508704,0,0.44616288635474277,0.50537109375,0.5322265625,0.50537109375,0.5322265625,-0.05920820739525723,0,0.10837754433850659,0.50048828125,0.548828125,0.50048828125,0.548828125,-0.3921107369114934,0,0.32199275984278786,0.52783203125,0.54833984375,0.52783203125,0.54833984375,-0.20583927140721214,0,0.43212329855940973,0.4921875,0.62451171875,0.4921875,0.62451171875,-0.06006420144059027,0,UNKNOWN,UNKNOWN_OR_COVER,S-UNIWARD,MiPOD,-0.01208268184185203,-0.01297899779632284,0.0008963159544708096,0,
COVER__8193.pgm,8193.pgm,COVER,0,${BOSSBASE_ROOT}\cover\8193.pgm,0.010860331013277531,0.491455078125,0.51220703125,0.491455078125,0.51220703125,-0.48059474711172245,0,0.01238378463726033,0.50537109375,0.5322265625,0.50537109375,0.5322265625,-0.4929873091127397,0,0.009449081319055452,0.50048828125,0.548828125,0.50048828125,0.548828125,-0.4910391999309445,0,0.009746104052554064,0.52783203125,0.54833984375,0.52783203125,0.54833984375,-0.518085927197446,0,0.012053779516236447,0.4921875,0.62451171875,0.4921875,0.62451171875,-0.48013372048376357,0,UNKNOWN,UNKNOWN_OR_COVER,MiPOD,WOW,-0.4491986878175795,-0.4496739730322876,0.0004752852147081321,0,
COVER__5668.pgm,5668.pgm,COVER,0,${BOSSBASE_ROOT}\cover\5668.pgm,0.009340024385054083,0.491455078125,0.51220703125,0.491455078125,0.51220703125,-0.4821150537399459,0,0.011201213376078314,0.50537109375,0.5322265625,0.50537109375,0.5322265625,-0.4941698803739217,0,0.009898063716023652,0.50048828125,0.548828125,0.50048828125,0.548828125,-0.49059021753397636,0,0.008030813216260063,0.52783203125,0.54833984375,0.52783203125,0.54833984375,-0.5198012180337399,0,0.01005236865796813,0.4921875,0.62451171875,0.4921875,0.62451171875,-0.4821351313420319,0,UNKNOWN,UNKNOWN_OR_COVER,WOW,MiPOD,-0.4512412530023048,-0.4512619504700542,2.0697467749408727e-05,0,
COVER__6601.pgm,6601.pgm,COVER,0,${BOSSBASE_ROOT}\cover\6601.pgm,0.008283626886030505,0.491455078125,0.51220703125,0.491455078125,0.51220703125,-0.4831714512389695,0,0.011331753531361453,0.50537109375,0.5322265625,0.50537109375,0.5322265625,-0.49403934021863855,0,0.008985428752560176,0.50048828125,0.548828125,0.50048828125,0.548828125,-0.4915028524974398,0,0.007999754508377905,0.52783203125,0.54833984375,0.52783203125,0.54833984375,-0.5198322767416221,0,0.00881316650304586,0.4921875,0.62451171875,0.4921875,0.62451171875,-0.48337433349695413,0,UNKNOWN,UNKNOWN_OR_COVER,WOW,MiPOD,-0.4523302482860723,-0.4525393870422633,0.0002091387561909963,0,
COVER__8867.pgm,8867.pgm,COVER,0,${BOSSBASE_ROOT}\cover\8867.pgm,0.007937994101407319,0.491455078125,0.51220703125,0.491455078125,0.51220703125,-0.48351708402359267,0,0.0055982486146598995,0.50537109375,0.5322265625,0.50537109375,0.5322265625,-0.4997728451353401,0,0.011072160183234295,0.50048828125,0.548828125,0.50048828125,0.548828125,-0.4894161210667657,0,0.008093289897373068,0.52783203125,0.54833984375,0.52783203125,0.54833984375,-0.5197387413526269,0,0.01020905431880827,0.4921875,0.62451171875,0.4921875,0.62451171875,-0.48197844568119175,0,UNKNOWN,UNKNOWN_OR_COVER,MiPOD,WOW,-0.45110042704547265,-0.4526865389595892,0.0015861119141165614,0,
COVER__5843.pgm,5843.pgm,COVER,0,${BOSSBASE_ROOT}\cover\5843.pgm,0.009821792919693043,0.491455078125,0.51220703125,0.491455078125,0.51220703125,-0.48163328520530696,0,0.009268013380914325,0.50537109375,0.5322265625,0.50537109375,0.5322265625,-0.4961030803690857,0,0.008511303026562552,0.50048828125,0.548828125,0.50048828125,0.548828125,-0.49197697822343744,0,0.007489624898808396,0.52783203125,0.54833984375,0.52783203125,0.54833984375,-0.5203424063511916,0,0.00740301408887263,0.4921875,0.62451171875,0.4921875,0.62451171875,-0.4847844859111274,0,UNKNOWN,UNKNOWN_OR_COVER,WOW,MiPOD,-0.45074460685843154,-0.4539929907869209,0.0032483839284893623,0,
COVER__2181.pgm,2181.pgm,COVER,0,${BOSSBASE_ROOT}\cover\2181.pgm,0.012722708199923246,0.491455078125,0.51220703125,0.491455078125,0.51220703125,-0.47873236992507673,0,0.20497773615175374,0.50537109375,0.5322265625,0.50537109375,0.5322265625,-0.30039335759824626,0,0.017110889211844046,0.50048828125,0.548828125,0.50048828125,0.548828125,-0.48337739203815594,0,0.011732463956348185,0.52783203125,0.54833984375,0.52783203125,0.54833984375,-0.5160995672936518,0,0.06572466729648958,0.4921875,0.62451171875,0.4921875,0.62451171875,-0.42646283270351043,0,UNKNOWN,UNKNOWN_OR_COVER,S-UNIWARD,MiPOD,-0.2633670140226635,-0.3938221262804643,0.13045511225780082,0,
COVER__686.pgm,686.pgm,COVER,0,${BOSSBASE_ROOT}\cover\686.pgm,0.009196552423046733,0.491455078125,0.51220703125,0.491455078125,0.51220703125,-0.48225852570195327,0,0.03167862478274483,0.50537109375,0.5322265625,0.50537109375,0.5322265625,-0.47369246896725514,0,0.3727334978092482,0.50048828125,0.548828125,0.50048828125,0.548828125,-0.1277547834407518,0,0.00881316650304586,0.52783203125,0.54833984375,0.52783203125,0.54833984375,-0.5190188647469541,0,0.46830427756920084,0.4921875,0.62451171875,0.4921875,0.62451171875,-0.023883222430799156,0,MiPOD,ATTRIBUTED,MiPOD,HILL,0.024936763803551046,-0.08375132542983252,0.10868808923338356,0,
COVER__5990.pgm,5990.pgm,COVER,0,${BOSSBASE_ROOT}\cover\5990.pgm,0.010013570623173138,0.491455078125,0.51220703125,0.491455078125,0.51220703125,-0.48144150750182685,0,0.008881675100847034,0.50537109375,0.5322265625,0.50537109375,0.5322265625,-0.49648941864915297,0,0.011201213376078314,0.50048828125,0.548828125,0.50048828125,0.548828125,-0.4892870678739217,0,0.007876706716587462,0.52783203125,0.54833984375,0.52783203125,0.54833984375,-0.5199553245334125,0,0.009303949868393646,0.4921875,0.62451171875,0.4921875,0.62451171875,-0.48288355013160633,0,UNKNOWN,UNKNOWN_OR_COVER,WOW,MiPOD,-0.45054690482709564,-0.4520334666839358,0.0014865618568401517,0,
COVER__9843.pgm,9843.pgm,COVER,0,${BOSSBASE_ROOT}\cover\9843.pgm,0.008644177936723585,0.491455078125,0.51220703125,0.491455078125,0.51220703125,-0.48281090018827644,0,0.01077672605008006,0.50537109375,0.5322265625,0.50537109375,0.5322265625,-0.49459436769991993,0,0.01024860192315863,0.50048828125,0.548828125,0.50048828125,0.548828125,-0.49023967932684137,0,0.008779108866911802,0.52783203125,0.54833984375,0.52783203125,0.54833984375,-0.5190529223830882,0,0.011687257995694434,0.4921875,0.62451171875,0.4921875,0.62451171875,-0.4805002420043056,0,UNKNOWN,UNKNOWN_OR_COVER,MiPOD,WOW,-0.44957654561571053,-0.45195857540237616,0.0023820297866656293,0,
COVER__7921.pgm,7921.pgm,COVER,0,${BOSSBASE_ROOT}\cover\7921.pgm,0.008745181682035148,0.491455078125,0.51220703125,0.491455078125,0.51220703125,-0.48270989644296486,0,0.011331753531361453,0.50537109375,0.5322265625,0.50537109375,0.5322265625,-0.49403934021863855,0,0.008544330693441928,0.50048828125,0.548828125,0.50048828125,0.548828125,-0.4919439505565581,0,0.009936418705946226,0.52783203125,0.54833984375,0.52783203125,0.54833984375,-0.5178956125440538,0,0.008478401934677453,0.4921875,0.62451171875,0.4921875,0.62451171875,-0.48370909806532253,0,UNKNOWN,UNKNOWN_OR_COVER,WOW,MiPOD,-0.4518544552993304,-0.4528844723305702,0.0010300170312398382,0,
COVER__210.pgm,210.pgm,COVER,0,${BOSSBASE_ROOT}\cover\210.pgm,0.013532148655407106,0.491455078125,0.51220703125,0.491455078125,0.51220703125,-0.4779229294695929,0,0.02665773968397867,0.50537109375,0.5322265625,0.50537109375,0.5322265625,-0.47871335406602133,0,0.032774983899956416,0.50048828125,0.548828125,0.50048828125,0.548828125,-0.4677132973500436,0,0.007846239292520898,0.52783203125,0.54833984375,0.52783203125,0.54833984375,-0.5199857919574791,0,0.019681409040532987,0.4921875,0.62451171875,0.4921875,0.62451171875,-0.472506090959467,0,UNKNOWN,UNKNOWN_OR_COVER,HILL,MiPOD,-0.4363916424528778,-0.44133419512092487,0.004942552668047051,0,
COVER__3274.pgm,3274.pgm,COVER,0,${BOSSBASE_ROOT}\cover\3274.pgm,0.8942365768704993,0.491455078125,0.51220703125,0.491455078125,0.51220703125,0.4027814987454993,0,0.6257812047080221,0.50537109375,0.5322265625,0.50537109375,0.5322265625,0.12041011095802212,0,0.6757646010190476,0.50048828125,0.548828125,0.50048828125,0.548828125,0.17527631976904756,0,0.03817827426156642,0.52783203125,0.54833984375,0.52783203125,0.54833984375,-0.4896537569884336,0,0.1501533983300969,0.4921875,0.62451171875,0.4921875,0.62451171875,-0.3420341016699031,0,WOW,ATTRIBUTED,WOW,HILL,0.4369052431836714,0.21931580087320993,0.21758944231046148,3,"WOW,S-UNIWARD,HILL"
COVER__7043.pgm,7043.pgm,COVER,0,${BOSSBASE_ROOT}\cover\7043.pgm,0.010448625445116808,0.491455078125,0.51220703125,0.491455078125,0.51220703125,-0.4810064526798832,0,0.012431650853185818,0.50537109375,0.5322265625,0.50537109375,0.5322265625,-0.4929394428968142,0,0.013795364421185227,0.50048828125,0.548828125,0.50048828125,0.548828125,-0.48669291682881477,0,0.00881316650304586,0.52783203125,0.54833984375,0.52783203125,0.54833984375,-0.5190188647469541,0,0.052230857101425734,0.4921875,0.62451171875,0.4921875,0.62451171875,-0.4399566428985743,0,UNKNOWN,UNKNOWN_OR_COVER,MiPOD,WOW,-0.4077534256365281,-0.4500984062351099,0.04234498059858177,0,
COVER__3122.pgm,3122.pgm,COVER,0,${BOSSBASE_ROOT}\cover\3122.pgm,0.010902373729285245,0.491455078125,0.51220703125,0.491455078125,0.51220703125,-0.48055270439571474,0,0.01368947769627449,0.50537109375,0.5322265625,0.50537109375,0.5322265625,-0.4916816160537255,0,0.09964530370754651,0.50048828125,0.548828125,0.50048828125,0.548828125,-0.40084297754245346,0,0.21900325745915322,0.52783203125,0.54833984375,0.52783203125,0.54833984375,-0.3088287737908468,0,0.158564846730083,0.4921875,0.62451171875,0.4921875,0.62451171875,-0.333622653269917,0,UNKNOWN,UNKNOWN_OR_COVER,HUGO,MiPOD,-0.27211344920187325,-0.29780645158158925,0.025693002379716,0,
COVER__1223.pgm,1223.pgm,COVER,0,${BOSSBASE_ROOT}\cover\1223.pgm,0.7694269216090752,0.491455078125,0.51220703125,0.491455078125,0.51220703125,0.2779718434840752,0,0.13523208079351787,0.50537109375,0.5322265625,0.50537109375,0.5322265625,-0.3701390129564821,0,0.21967211902506867,0.50048828125,0.548828125,0.50048828125,0.548828125,-0.28081616222493133,0,0.08601588131710575,0.52783203125,0.54833984375,0.52783203125,0.54833984375,-0.44181614993289425,0,0.222362226659299,0.4921875,0.62451171875,0.4921875,0.62451171875,-0.269825273340701,0,WOW,ATTRIBUTED,WOW,MiPOD,0.3166317522964111,-0.2316496289037452,0.5482813812001563,1,WOW
COVER__7736.pgm,7736.pgm,COVER,0,${BOSSBASE_ROOT}\cover\7736.pgm,0.010489091259938018,0.491455078125,0.51220703125,0.491455078125,0.51220703125,-0.480965986865062,0,0.01013041166358438,0.50537109375,0.5322265625,0.50537109375,0.5322265625,-0.49524068208641564,0,0.009055264186722086,0.50048828125,0.548828125,0.50048828125,0.548828125,-0.4914330170632779,0,0.009196552423046733,0.52783203125,0.54833984375,0.52783203125,0.54833984375,-0.5186354788269533,0,0.011419614645648401,0.4921875,0.62451171875,0.4921875,0.62451171875,-0.4807678853543516,0,UNKNOWN,UNKNOWN_OR_COVER,MiPOD,WOW,-0.4498524643799746,-0.45005668967569873,0.00020422529572411419,0,
COVER__8754.pgm,8754.pgm,COVER,0,${BOSSBASE_ROOT}\cover\8754.pgm,0.017986209962091555,0.491455078125,0.51220703125,0.491455078125,0.51220703125,-0.47346886816290845,0,0.00714910196654636,0.50537109375,0.5322265625,0.50537109375,0.5322265625,-0.49822199178345367,0,0.0872522465547244,0.50048828125,0.548828125,0.50048828125,0.548828125,-0.4132360346952756,0,0.02898062974145319,0.52783203125,0.54833984375,0.52783203125,0.54833984375,-0.4988514015085468,0,0.6054491753888946,0.4921875,0.62451171875,0.4921875,0.62451171875,0.11326167538889464,1,MiPOD,ATTRIBUTED,MiPOD,HILL,0.16326167538889463,-0.38016072839515136,0.543422403784046,1,MiPOD
COVER__2468.pgm,2468.pgm,COVER,0,${BOSSBASE_ROOT}\cover\2468.pgm,0.009559399347091532,0.491455078125,0.51220703125,0.491455078125,0.51220703125,-0.48189567877790845,0,0.010169657753872614,0.50537109375,0.5322265625,0.50537109375,0.5322265625,-0.49520143599612737,0,0.009670992763446972,0.50048828125,0.548828125,0.50048828125,0.548828125,-0.49081728848655304,0,0.007518718061432194,0.52783203125,0.54833984375,0.52783203125,0.54833984375,-0.5203133131885678,0,0.008881675100847034,0.4921875,0.62451171875,0.4921875,0.62451171875,-0.48330582489915297,0,UNKNOWN,UNKNOWN_OR_COVER,WOW,MiPOD,-0.45101510435844167,-0.4524687659131548,0.0014536615547131593,0,
COVER__7490.pgm,7490.pgm,COVER,0,${BOSSBASE_ROOT}\cover\7490.pgm,0.5394078412601166,0.491455078125,0.51220703125,0.491455078125,0.51220703125,0.04795276313511665,0,0.40745128277066045,0.50537109375,0.5322265625,0.50537109375,0.5322265625,-0.09791981097933955,0,0.4712536595895873,0.50048828125,0.548828125,0.50048828125,0.548828125,-0.029234621660412685,0,0.47865068402389804,0.52783203125,0.54833984375,0.52783203125,0.54833984375,-0.04918134722610196,0,0.433321900233323,0.4921875,0.62451171875,0.4921875,0.62451171875,-0.05886559976667699,0,WOW,ATTRIBUTED,WOW,HILL,0.09661105315849147,0.019324807132467654,0.07728624602602382,1,WOW
COVER__2478.pgm,2478.pgm,COVER,0,${BOSSBASE_ROOT}\cover\2478.pgm,0.009670992763446972,0.491455078125,0.51220703125,0.491455078125,0.51220703125,-0.48178408536155304,0,0.011115013721477563,0.50537109375,0.5322265625,0.50537109375,0.5322265625,-0.49425608002852245,0,0.010693757736175492,0.50048828125,0.548828125,0.50048828125,0.548828125,-0.4897945235138245,0,0.01238378463726033,0.52783203125,0.54833984375,0.52783203125,0.54833984375,-0.5154482466127397,0,0.009746104052554064,0.4921875,0.62451171875,0.4921875,0.62451171875,-0.48244139594744595,0,UNKNOWN,UNKNOWN_OR_COVER,WOW,MiPOD,-0.4509000646810013,-0.4515776689902522,0.000677604309250901,0,
COVER__5894.pgm,5894.pgm,COVER,0,${BOSSBASE_ROOT}\cover\5894.pgm,0.5410148102432139,0.491455078125,0.51220703125,0.491455078125,0.51220703125,0.04955973211821385,0,0.45874270165131414,0.50537109375,0.5322265625,0.50537109375,0.5322265625,-0.046628392098685856,0,0.5526906062999501,0.50048828125,0.548828125,0.50048828125,0.548828125,0.05220232504995015,0,1.4005226815444815e-07,0.52783203125,0.54833984375,0.52783203125,0.54833984375,-0.5278318911977319,0,0.0006094501590135561,0.4921875,0.62451171875,0.4921875,0.62451171875,-0.49157804984098646,0,HILL|WOW,AMBIGUOUS,HILL,WOW,0.10200957347426547,0.09813989257146163,0.003869680902803832,2,"WOW,HILL"
COVER__8404.pgm,8404.pgm,COVER,0,${BOSSBASE_ROOT}\cover\8404.pgm,0.00952248567033666,0.491455078125,0.51220703125,0.491455078125,0.51220703125,-0.48193259245466336,0,0.014728613849722676,0.50537109375,0.5322265625,0.50537109375,0.5322265625,-0.4906424799002773,0,0.009670992763446972,0.50048828125,0.548828125,0.50048828125,0.548828125,-0.49081728848655304,0,0.01923425896199301,0.52783203125,0.54833984375,0.52783203125,0.54833984375,-0.508597772288007,0,0.01098694263059318,0.4921875,0.62451171875,0.4921875,0.62451171875,-0.4812005573694068,0,UNKNOWN,UNKNOWN_OR_COVER,MiPOD,WOW,-0.4502985097391746,-0.4510531579296997,0.0007546481905250646,0,
COVER__9316.pgm,9316.pgm,COVER,0,${BOSSBASE_ROOT}\cover\9316.pgm,0.010368156650788152,0.491455078125,0.51220703125,0.491455078125,0.51220703125,-0.48108692147421184,0,0.007876706716587462,0.50537109375,0.5322265625,0.50537109375,0.5322265625,-0.49749438703341253,0,0.010860331013277531,0.50048828125,0.548828125,0.50048828125,0.548828125,-0.48962795023672245,0,0.007260866498285615,0.52783203125,0.54833984375,0.52783203125,0.54833984375,-0.5205711647517144,0,0.011777842688519623,0.4921875,0.62451171875,0.4921875,0.62451171875,-0.4804096573114804,0,UNKNOWN,UNKNOWN_OR_COVER,MiPOD,WOW,-0.4494831595824696,-0.4501813620626054,0.0006982024801358011,0,
COVER__1543.pgm,1543.pgm,COVER,0,${BOSSBASE_ROOT}\cover\1543.pgm,0.03032925698427897,0.491455078125,0.51220703125,0.491455078125,0.51220703125,-0.46112582114072104,0,0.0006337125082498782,0.50537109375,0.5322265625,0.50537109375,0.5322265625,-0.5047373812417502,0,0.03986249410726427,0.50048828125,0.548828125,0.50048828125,0.548828125,-0.4606257871427357,0,0.30860681976624793,0.52783203125,0.54833984375,0.52783203125,0.54833984375,-0.21922521148375207,0,0.007968814953315289,0.4921875,0.62451171875,0.4921875,0.62451171875,-0.4842186850466847,0,UNKNOWN,UNKNOWN_OR_COVER,HUGO,HILL,-0.17906817042133477,-0.42908135114769974,0.25001318072636497,0,
COVER__8301.pgm,8301.pgm,COVER,0,${BOSSBASE_ROOT}\cover\8301.pgm,0.5642785677891079,0.491455078125,0.51220703125,0.491455078125,0.51220703125,0.0728234896641079,0,0.5121436075365319,0.50537109375,0.5322265625,0.50537109375,0.5322265625,0.006772513786531875,1,0.5423179525758592,0.50048828125,0.548828125,0.50048828125,0.548828125,0.04182967132585924,1,0.49377092165800285,0.52783203125,0.54833984375,0.52783203125,0.54833984375,-0.03406110959199715,0,0.5146366251334429,0.4921875,0.62451171875,0.4921875,0.62451171875,0.022449125133442882,1,WOW|HILL,AMBIGUOUS,WOW,HILL,0.12028653754262322,0.09182967132585924,0.02845686621676398,4,"WOW,S-UNIWARD,HILL,MiPOD"
COVER__3240.pgm,3240.pgm,COVER,0,${BOSSBASE_ROOT}\cover\3240.pgm,0.10248421925249873,0.491455078125,0.51220703125,0.491455078125,0.51220703125,-0.38897085887250127,0,0.36977012034090956,0.50537109375,0.5322265625,0.50537109375,0.5322265625,-0.13560097340909044,0,0.35231319422990076,0.50048828125,0.548828125,0.50048828125,0.548828125,-0.14817508702009924,0,0.36240488638520824,0.52783203125,0.54833984375,0.52783203125,0.54833984375,-0.16542714486479176,0,0.2605775779131141,0.4921875,0.62451171875,0.4921875,0.62451171875,-0.2316099220868859,0,UNKNOWN,UNKNOWN_OR_COVER,S-UNIWARD,HILL,-0.09194142393879162,-0.10506108063677769,0.013119656697986065,0,
COVER__6691.pgm,6691.pgm,COVER,0,${BOSSBASE_ROOT}\cover\6691.pgm,0.010328152519305191,0.491455078125,0.51220703125,0.491455078125,0.51220703125,-0.4811269256056948,0,0.022933564232383716,0.50537109375,0.5322265625,0.50537109375,0.5322265625,-0.48243752951761626,0,0.4425762662989877,0.50048828125,0.548828125,0.50048828125,0.548828125,-0.05791201495101228,0,0.011419614645648401,0.52783203125,0.54833984375,0.52783203125,0.54833984375,-0.5164124166043516,0,0.1334152172639784,0.4921875,0.62451171875,0.4921875,0.62451171875,-0.3587722827360216,0,UNKNOWN,UNKNOWN_OR_COVER,HILL,MiPOD,-0.010725366042195816,-0.32384561266819034,0.3131202466259945,0,
COVER__662.pgm,662.pgm,COVER,0,${BOSSBASE_ROOT}\cover\662.pgm,0.015784561073809773,0.491455078125,0.51220703125,0.491455078125,0.51220703125,-0.47567051705119023,0,0.012241275291807161,0.50537109375,0.5322265625,0.50537109375,0.5322265625,-0.4931298184581928,0,0.8478418186787678,0.50048828125,0.548828125,0.50048828125,0.548828125,0.34735353742876784,0,0.008445626941126032,0.52783203125,0.54833984375,0.52783203125,0.54833984375,-0.519386404308874,0,0.8366880414050809,0.4921875,0.62451171875,0.4921875,0.62451171875,0.3445005414050809,0,MiPOD|HILL,AMBIGUOUS,MiPOD,HILL,0.38494164497196315,0.38443100017017773,0.0005106448017854204,2,"HILL,MiPOD"
COVER__9805.pgm,9805.pgm,COVER,0,${BOSSBASE_ROOT}\cover\9805.pgm,0.009090383313658499,0.491455078125,0.51220703125,0.491455078125,0.51220703125,-0.4823646948113415,0,0.009821792919693043,0.50537109375,0.5322265625,0.50537109375,0.5322265625,-0.49554930083030696,0,0.009376237450848677,0.50048828125,0.548828125,0.50048828125,0.548828125,-0.4911120437991513,0,0.009412589587609823,0.52783203125,0.54833984375,0.52783203125,0.54833984375,-0.5184194416623902,0,0.014063627043245474,0.4921875,0.62451171875,0.4921875,0.62451171875,-0.4781238729567545,0,UNKNOWN,UNKNOWN_OR_COVER,MiPOD,WOW,-0.4471266030689559,-0.4514986004804367,0.00437199741148081,0,
COVER__5690.pgm,5690.pgm,COVER,0,${BOSSBASE_ROOT}\cover\5690.pgm,0.010570488620307572,0.491455078125,0.51220703125,0.491455078125,0.51220703125,-0.48088458950469243,0,0.008380453351026062,0.50537109375,0.5322265625,0.50537109375,0.5322265625,-0.49699064039897395,0,0.010368156650788152,0.50048828125,0.548828125,0.50048828125,0.548828125,-0.49012012459921184,0,0.01020905431880827,0.52783203125,0.54833984375,0.52783203125,0.54833984375,-0.5176229769311917,0,0.01020905431880827,0.4921875,0.62451171875,0.4921875,0.62451171875,-0.48197844568119175,0,UNKNOWN,UNKNOWN_OR_COVER,WOW,MiPOD,-0.4499727762777291,-0.45110042704547265,0.001127650767743571,0,
COVER__1641.pgm,1641.pgm,COVER,0,${BOSSBASE_ROOT}\cover\1641.pgm,0.012053779516236447,0.491455078125,0.51220703125,0.491455078125,0.51220703125,-0.47940129860876357,0,0.9904775143296634,0.50537109375,0.5322265625,0.50537109375,0.5322265625,0.48510642057966336,0,0.11085559492526088,0.50048828125,0.548828125,0.50048828125,0.548828125,-0.38963268632473913,0,0.9925969859111274,0.52783203125,0.54833984375,0.52783203125,0.54833984375,0.46476495466112744,0,0.9469902279841446,0.4921875,0.62451171875,0.4921875,0.62451171875,0.45480272798414456,0,S-UNIWARD|HUGO,AMBIGUOUS,S-UNIWARD,HUGO,0.5167258584385188,0.4968299793725484,0.0198958790659704,3,"S-UNIWARD,HUGO,MiPOD"
COVER__7055.pgm,7055.pgm,COVER,0,${BOSSBASE_ROOT}\cover\7055.pgm,0.010652510839726164,0.491455078125,0.51220703125,0.491455078125,0.51220703125,-0.4808025672852738,0,0.046033902399240385,0.50537109375,0.5322265625,0.50537109375,0.5322265625,-0.4593371913507596,0,0.009670992763446972,0.50048828125,0.548828125,0.50048828125,0.548828125,-0.49081728848655304,0,0.010818448652863185,0.52783203125,0.54833984375,0.52783203125,0.54833984375,-0.5170135825971368,0,0.009859855303538789,0.4921875,0.62451171875,0.4921875,0.62451171875,-0.4823276446964612,0,UNKNOWN,UNKNOWN_OR_COVER,S-UNIWARD,WOW,-0.42775208112754876,-0.4498882184987986,0.022136137371249864,0,
COVER__4441.pgm,4441.pgm,COVER,0,${BOSSBASE_ROOT}\cover\4441.pgm,0.45205208966075977,0.491455078125,0.51220703125,0.491455078125,0.51220703125,-0.03940298846424023,0,0.3360041599570802,0.50537109375,0.5322265625,0.50537109375,0.5322265625,-0.16936693379291978,0,0.02060647613543601,0.50048828125,0.548828125,0.50048828125,0.548828125,-0.47988180511456396,0,0.5801736612638676,0.52783203125,0.54833984375,0.52783203125,0.54833984375,0.0523416300138676,0,0.0037072528743862213,0.4921875,0.62451171875,0.4921875,0.62451171875,-0.4884802471256138,0,HUGO,ATTRIBUTED,HUGO,WOW,0.10077500722811872,0.008665172175191325,0.09210983505292739,1,HUGO
COVER__6645.pgm,6645.pgm,COVER,0,${BOSSBASE_ROOT}\cover\6645.pgm,0.010652510839726164,0.491455078125,0.51220703125,0.491455078125,0.51220703125,-0.4808025672852738,0,0.011732463956348185,0.50537109375,0.5322265625,0.50537109375,0.5322265625,-0.4936386297936518,0,0.6852126790541446,0.50048828125,0.548828125,0.50048828125,0.548828125,0.18472439780414462,0,0.014842417234248268,0.52783203125,0.54833984375,0.52783203125,0.54833984375,-0.5129896140157517,0,0.0984254123665623,0.4921875,0.62451171875,0.4921875,0.62451171875,-0.3937620876334377,0,HILL,ATTRIBUTED,HILL,MiPOD,0.22834974989645823,-0.36003636200861905,0.5883861119050773,1,HILL
COVER__4519.pgm,4519.pgm,COVER,0,${BOSSBASE_ROOT}\cover\4519.pgm,0.5105346346080352,0.491455078125,0.51220703125,0.491455078125,0.51220703125,0.019079556483035165,1,0.5050657446301186,0.50537109375,0.5322265625,0.50537109375,0.5322265625,-0.0003053491198814484,0,0.5155132077293374,0.50048828125,0.548828125,0.50048828125,0.548828125,0.015024926479337397,1,0.5103973656778953,0.52783203125,0.54833984375,0.52783203125,0.54833984375,-0.017434665572104713,0,0.5150558718552862,0.4921875,0.62451171875,0.4921875,0.62451171875,0.02286837185528623,1,MiPOD|WOW,AMBIGUOUS,MiPOD,WOW,0.07286837185528623,0.06907955648303517,0.0037888153722510642,3,"WOW,HILL,MiPOD"
COVER__378.pgm,378.pgm,COVER,0,${BOSSBASE_ROOT}\cover\378.pgm,0.5049055432761906,0.491455078125,0.51220703125,0.491455078125,0.51220703125,0.013450465151190638,1,0.4962445011666459,0.50537109375,0.5322265625,0.50537109375,0.5322265625,-0.009126592583354076,0,0.4999814927578057,0.50048828125,0.548828125,0.50048828125,0.548828125,-0.0005067884921943211,0,0.5062901039321359,0.52783203125,0.54833984375,0.52783203125,0.54833984375,-0.021541927317864085,0,0.4811947875530099,0.4921875,0.62451171875,0.4921875,0.62451171875,-0.010992712446990127,0,WOW|HILL,AMBIGUOUS,WOW,HILL,0.06345046515119064,0.04946787850297582,0.01398258664821482,1,WOW
COVER__5743.pgm,5743.pgm,COVER,0,${BOSSBASE_ROOT}\cover\5743.pgm,0.33328618068108656,0.491455078125,0.51220703125,0.491455078125,0.51220703125,-0.15816889744391344,0,0.2727987833151383,0.50537109375,0.5322265625,0.50537109375,0.5322265625,-0.2325723104348617,0,0.045862664156542186,0.50048828125,0.548828125,0.50048828125,0.548828125,-0.45462561709345783,0,0.013222821752305148,0.52783203125,0.54833984375,0.52783203125,0.54833984375,-0.5146092094976948,0,0.517464206197786,0.4921875,0.62451171875,0.4921875,0.62451171875,0.025276706197785992,1,MiPOD,ATTRIBUTED,MiPOD,WOW,0.075276706197786,-0.11548361838887627,0.19076032458666226,1,MiPOD
COVER__7712.pgm,7712.pgm,COVER,0,${BOSSBASE_ROOT}\cover\7712.pgm,0.007518718061432194,0.491455078125,0.51220703125,0.491455078125,0.51220703125,-0.4839363600635678,0,0.015543647930770626,0.50537109375,0.5322265625,0.50537109375,0.5322265625,-0.4898274458192294,0,0.008577485413711986,0.50048828125,0.548828125,0.50048828125,0.548828125,-0.491910795836288,0,0.011419614645648401,0.52783203125,0.54833984375,0.52783203125,0.54833984375,-0.5164124166043516,0,0.020061802440427785,0.4921875,0.62451171875,0.4921875,0.62451171875,-0.47212569755957223,0,UNKNOWN,UNKNOWN_OR_COVER,MiPOD,WOW,-0.4409419418820317,-0.4531187387989001,0.012176796916868404,0,
COVER__6560.pgm,6560.pgm,COVER,0,${BOSSBASE_ROOT}\cover\6560.pgm,0.014785407692390527,0.491455078125,0.51220703125,0.491455078125,0.51220703125,-0.4766696704326095,0,0.046899258179869015,0.50537109375,0.5322265625,0.50537109375,0.5322265625,-0.458471835570131,0,0.019456574982290992,0.50048828125,0.548828125,0.50048828125,0.548828125,-0.481031706267709,0,0.040845715909949315,0.52783203125,0.54833984375,0.52783203125,0.54833984375,-0.48698631534005066,0,0.34908880483446786,0.4921875,0.62451171875,0.4921875,0.62451171875,-0.14309869516553214,0,UNKNOWN,UNKNOWN_OR_COVER,MiPOD,S-UNIWARD,-0.09976526873150934,-0.4268593811596878,0.32709411242817843,0,
COVER__9010.pgm,9010.pgm,COVER,0,${BOSSBASE_ROOT}\cover\9010.pgm,0.012870749215746782,0.491455078125,0.51220703125,0.491455078125,0.51220703125,-0.47858432890925323,0,0.012288597529701977,0.50537109375,0.5322265625,0.50537109375,0.5322265625,-0.49308249622029804,0,0.018725162468302196,0.50048828125,0.548828125,0.50048828125,0.548828125,-0.4817631187816978,0,0.9522199336364293,0.52783203125,0.54833984375,0.52783203125,0.54833984375,0.4243879023864293,0,2.981885188622922e-08,0.4921875,0.62451171875,0.4921875,0.62451171875,-0.4921874701811481,0,HUGO,ATTRIBUTED,HUGO,WOW,0.4577741115539976,-0.44760132861337426,0.9053754401673719,1,HUGO
COVER__9136.pgm,9136.pgm,COVER,0,${BOSSBASE_ROOT}\cover\9136.pgm,0.06608537866754877,0.491455078125,0.51220703125,0.491455078125,0.51220703125,-0.42536969945745123,0,0.12635333964061335,0.50537109375,0.5322265625,0.50537109375,0.5322265625,-0.37901775410938665,0,0.5614552740791104,0.50048828125,0.548828125,0.50048828125,0.548828125,0.060966992829110445,0,0.03978780836936238,0.52783203125,0.54833984375,0.52783203125,0.54833984375,-0.48804422288063765,0,0.5002701282238406,0.4921875,0.62451171875,0.4921875,0.62451171875,0.008082628223840649,1,HILL,ATTRIBUTED,HILL,MiPOD,0.11033960477254497,0.05808262822384065,0.052256976548704315,2,"HILL,MiPOD"
COVER__590.pgm,590.pgm,COVER,0,${BOSSBASE_ROOT}\cover\590.pgm,0.009020279501402172,0.491455078125,0.51220703125,0.491455078125,0.51220703125,-0.48243479862359784,0,0.0014953384533104661,0.50537109375,0.5322265625,0.50537109375,0.5322265625,-0.5038757552966895,0,0.010735162609090678,0.50048828125,0.548828125,0.50048828125,0.548828125,-0.4897531186409093,0,0.012288597529701977,0.52783203125,0.54833984375,0.52783203125,0.54833984375,-0.515543433720298,0,0.009559399347091532,0.4921875,0.62451171875,0.4921875,0.62451171875,-0.48262810065290845,0,UNKNOWN,UNKNOWN_OR_COVER,WOW,MiPOD,-0.45157086804773056,-0.4517701355608653,0.00019926751313475988,0,
COVER__6087.pgm,6087.pgm,COVER,0,${BOSSBASE_ROOT}\cover\6087.pgm,0.008881675100847034,0.491455078125,0.51220703125,0.491455078125,0.51220703125,-0.48257340302415297,0,0.009485713170795206,0.50537109375,0.5322265625,0.50537109375,0.5322265625,-0.4958853805792048,0,0.00959645473238191,0.50048828125,0.548828125,0.50048828125,0.548828125,-0.4908918265176181,0,0.008061991528271641,0.52783203125,0.54833984375,0.52783203125,0.54833984375,-0.5197700397217283,0,0.009161026922093826,0.4921875,0.62451171875,0.4921875,0.62451171875,-0.4830264730779062,0,UNKNOWN,UNKNOWN_OR_COVER,WOW,MiPOD,-0.45171375002842934,-0.45218079849998377,0.0004670484715544321,0,
COVER__814.pgm,814.pgm,COVER,0,${BOSSBASE_ROOT}\cover\814.pgm,0.5027179450305205,0.491455078125,0.51220703125,0.491455078125,0.51220703125,0.011262866905520474,1,0.5117089794963254,0.50537109375,0.5322265625,0.50537109375,0.5322265625,0.0063378857463254334,1,0.51097693469386,0.50048828125,0.548828125,0.50048828125,0.548828125,0.010488653443859963,1,0.4050956694020703,0.52783203125,0.54833984375,0.52783203125,0.54833984375,-0.12273636184792969,0,0.5111065711480506,0.4921875,0.62451171875,0.4921875,0.62451171875,0.01891907114805058,1,MiPOD|WOW,AMBIGUOUS,MiPOD,WOW,0.06891907114805058,0.06126286690552048,0.007656204242530107,4,"WOW,S-UNIWARD,HILL,MiPOD"
COVER__8940.pgm,8940.pgm,COVER,0,${BOSSBASE_ROOT}\cover\8940.pgm,0.44634387607503945,0.491455078125,0.51220703125,0.491455078125,0.51220703125,-0.04511120204996055,0,0.5107252832598744,0.50537109375,0.5322265625,0.50537109375,0.5322265625,0.00535418950987443,1,0.508002551438194,0.50048828125,0.548828125,0.50048828125,0.548828125,0.00751427018819395,1,0.5023727238883045,0.52783203125,0.54833984375,0.52783203125,0.54833984375,-0.02545930736169555,0,0.5079644141908977,0.4921875,0.62451171875,0.4921875,0.62451171875,0.015776914190897662,1,MiPOD|HILL,AMBIGUOUS,MiPOD,HILL,0.06577691419089766,0.05751427018819395,0.008262644002703712,3,"S-UNIWARD,HILL,MiPOD"
COVER__7583.pgm,7583.pgm,COVER,0,${BOSSBASE_ROOT}\cover\7583.pgm,0.011552670335220809,0.491455078125,0.51220703125,0.491455078125,0.51220703125,-0.4799024077897792,0,0.012241275291807161,0.50537109375,0.5322265625,0.50537109375,0.5322265625,-0.4931298184581928,0,0.012920473039078976,0.50048828125,0.548828125,0.50048828125,0.548828125,-0.48756780821092105,0,0.006641112642077409,0.52783203125,0.54833984375,0.52783203125,0.54833984375,-0.5211909186079225,0,0.010448625445116808,0.4921875,0.62451171875,0.4921875,0.62451171875,-0.4817388745548832,0,UNKNOWN,UNKNOWN_OR_COVER,WOW,MiPOD,-0.44896021863018865,-0.45085345755127904,0.00189323892109039,0,
COVER__3189.pgm,3189.pgm,COVER,0,${BOSSBASE_ROOT}\cover\3189.pgm,0.014172366191301682,0.491455078125,0.51220703125,0.491455078125,0.51220703125,-0.4772827119336983,0,0.43500125116296856,0.50537109375,0.5322265625,0.50537109375,0.5322265625,-0.07036984258703144,0,0.5191099495103936,0.50048828125,0.548828125,0.50048828125,0.548828125,0.018621668260393576,1,0.17497346003387607,0.52783203125,0.54833984375,0.52783203125,0.54833984375,-0.35285857121612396,0,0.4934696096459469,0.4921875,0.62451171875,0.4921875,0.62451171875,0.0012821096459468828,1,HILL|MiPOD,AMBIGUOUS,HILL,MiPOD,0.06862166826039358,0.051282109645946886,0.017339558614446693,2,"HILL,MiPOD"
COVER__8218.pgm,8218.pgm,COVER,0,${BOSSBASE_ROOT}\cover\8218.pgm,0.4260827704021734,0.491455078125,0.51220703125,0.491455078125,0.51220703125,-0.0653723077228266,0,0.47516388920004804,0.50537109375,0.5322265625,0.50537109375,0.5322265625,-0.03020720454995196,0,0.39577621339191155,0.50048828125,0.548828125,0.50048828125,0.548828125,-0.10471206785808845,0,0.5013513532159584,0.52783203125,0.54833984375,0.52783203125,0.54833984375,-0.026480678034041638,0,0.5081322173796736,0.4921875,0.62451171875,0.4921875,0.62451171875,0.015944717379673623,1,MiPOD,ATTRIBUTED,MiPOD,HUGO,0.06594471737967363,0.022212664999762127,0.0437320523799115,1,MiPOD
COVER__540.pgm,540.pgm,COVER,0,${BOSSBASE_ROOT}\cover\540.pgm,0.0274806928095821,0.491455078125,0.51220703125,0.491455078125,0.51220703125,-0.4639743853154179,0,0.05127241813029474,0.50537109375,0.5322265625,0.50537109375,0.5322265625,-0.45409867561970524,0,0.9754836641728087,0.50048828125,0.548828125,0.50048828125,0.548828125,0.47499538292280874,0,0.016277460912713496,0.52783203125,0.54833984375,0.52783203125,0.54833984375,-0.5115545703372865,0,0.9759464471055739,0.4921875,0.62451171875,0.4921875,0.62451171875,0.4837589471055739,0,MiPOD|HILL,AMBIGUOUS,MiPOD,HILL,0.5189428360390149,0.5076297998765948,0.011313036162420076,2,"HILL,MiPOD"
COVER__5169.pgm,5169.pgm,COVER,0,${BOSSBASE_ROOT}\cover\5169.pgm,0.009898063716023652,0.491455078125,0.51220703125,0.491455078125,0.51220703125,-0.48155701440897636,0,0.014615670100635955,0.50537109375,0.5322265625,0.50537109375,0.5322265625,-0.49075542364936403,0,0.010368156650788152,0.50048828125,0.548828125,0.50048828125,0.548828125,-0.49012012459921184,0,0.01005236865796813,0.52783203125,0.54833984375,0.52783203125,0.54833984375,-0.5177796625920319,0,0.26133092567451033,0.4921875,0.62451171875,0.4921875,0.62451171875,-0.23085657432548967,0,UNKNOWN,UNKNOWN_OR_COVER,MiPOD,WOW,-0.19116390848459408,-0.45066598006816017,0.2595020715835661,0,
COVER__1035.pgm,1035.pgm,COVER,0,${BOSSBASE_ROOT}\cover\1035.pgm,0.30311259225265214,0.491455078125,0.51220703125,0.491455078125,0.51220703125,-0.18834248587234786,0,0.02605630425138499,0.50537109375,0.5322265625,0.50537109375,0.5322265625,-0.479314789498615,0,0.019308086195651518,0.50048828125,0.548828125,0.50048828125,0.548828125,-0.4811801950543485,0,0.0185465645121173,0.52783203125,0.54833984375,0.52783203125,0.54833984375,-0.5092854667378827,0,0.017509557349574698,0.4921875,0.62451171875,0.4921875,0.62451171875,-0.4746779426504253,0,UNKNOWN,UNKNOWN_OR_COVER,WOW,MiPOD,-0.1469259375226919,-0.4435736740817874,0.2966477365590955,0,
COVER__4938.pgm,4938.pgm,COVER,0,${BOSSBASE_ROOT}\cover\4938.pgm,0.5611246248046062,0.491455078125,0.51220703125,0.491455078125,0.51220703125,0.06966954667960623,0,0.44260638156312737,0.50537109375,0.5322265625,0.50537109375,0.5322265625,-0.06276471218687263,0,0.3664763639726007,0.50048828125,0.548828125,0.50048828125,0.548828125,-0.1340119172773993,0,0.5404388233459775,0.52783203125,0.54833984375,0.52783203125,0.54833984375,0.012606792095977482,1,0.14342748832269778,0.4921875,0.62451171875,0.4921875,0.62451171875,-0.3487600116773022,0,WOW,ATTRIBUTED,WOW,HUGO,0.11728252661930172,0.06260679209597748,0.054675734523324235,2,"WOW,HUGO"
COVER__8485.pgm,8485.pgm,COVER,0,${BOSSBASE_ROOT}\cover\8485.pgm,0.08694165672789168,0.491455078125,0.51220703125,0.491455078125,0.51220703125,-0.40451342139710833,0,0.22371607247291164,0.50537109375,0.5322265625,0.50537109375,0.5322265625,-0.28165502127708836,0,0.0633663432033617,0.50048828125,0.548828125,0.50048828125,0.548828125,-0.4371219380466383,0,0.03514484640079327,0.52783203125,0.54833984375,0.52783203125,0.54833984375,-0.4926871848492067,0,0.001432536594710079,0.4921875,0.62451171875,0.4921875,0.62451171875,-0.4907549634052899,0,UNKNOWN,UNKNOWN_OR_COVER,S-UNIWARD,WOW,-0.24392832438739623,-0.3711483500734901,0.1272200256860939,0,
COVER__6009.pgm,6009.pgm,COVER,0,${BOSSBASE_ROOT}\cover\6009.pgm,0.013121271126550956,0.491455078125,0.51220703125,0.491455078125,0.51220703125,-0.478333806998449,0,0.009055264186722086,0.50537109375,0.5322265625,0.50537109375,0.5322265625,-0.4963158295632779,0,0.013428254741968517,0.50048828125,0.548828125,0.50048828125,0.548828125,-0.4870600265080315,0,0.013325147705881429,0.52783203125,0.54833984375,0.52783203125,0.54833984375,-0.5145068835441186,0,0.0172427775576529,0.4921875,0.62451171875,0.4921875,0.62451171875,-0.4749447224423471,0,UNKNOWN,UNKNOWN_OR_COVER,MiPOD,WOW,-0.4438487507572362,-0.44734304380978673,0.0034942930525505567,0,
COVER__7116.pgm,7116.pgm,COVER,0,${BOSSBASE_ROOT}\cover\7116.pgm,0.011508149064303403,0.491455078125,0.51220703125,0.491455078125,0.51220703125,-0.4799469290606966,0,0.11318690654016261,0.50537109375,0.5322265625,0.50537109375,0.5322265625,-0.3921841872098374,0,0.4238753137960776,0.50048828125,0.548828125,0.50048828125,0.548828125,-0.07661296745392238,0,0.2496301234656827,0.52783203125,0.54833984375,0.52783203125,0.54833984375,-0.2782019077843173,0,0.40951594393448004,0.4921875,0.62451171875,0.4921875,0.62451171875,-0.08267155606551996,0,UNKNOWN,UNKNOWN_OR_COVER,HILL,MiPOD,-0.03030055383045574,-0.03663888203456553,0.006338328204109789,0,
COVER__9372.pgm,9372.pgm,COVER,0,${BOSSBASE_ROOT}\cover\9372.pgm,0.02898062974145319,0.491455078125,0.51220703125,0.491455078125,0.51220703125,-0.4624744483835468,0,0.1106632282411388,0.50537109375,0.5322265625,0.50537109375,0.5322265625,-0.39470786550886117,0,0.7161193559138741,0.50048828125,0.548828125,0.50048828125,0.548828125,0.2156310746638741,0,0.013171949881556448,0.52783203125,0.54833984375,0.52783203125,0.54833984375,-0.5146600813684435,0,0.029760093945964218,0.4921875,0.62451171875,0.4921875,0.62451171875,-0.46242740605403576,0,HILL,ATTRIBUTED,HILL,S-UNIWARD,0.2579287350505228,-0.3610140218501655,0.6189427569006882,1,HILL
COVER__2026.pgm,2026.pgm,COVER,0,${BOSSBASE_ROOT}\cover\2026.pgm,0.023689471299374428,0.491455078125,0.51220703125,0.491455078125,0.51220703125,-0.46776560682562557,0,0.052230857101425734,0.50537109375,0.5322265625,0.50537109375,0.5322265625,-0.4531402366485743,0,0.030157409732605497,0.50048828125,0.548828125,0.50048828125,0.548828125,-0.4703308715173945,0,0.010652510839726164,0.52783203125,0.54833984375,0.52783203125,0.54833984375,-0.5171795204102738,0,0.0483160702678493,0.4921875,0.62451171875,0.4921875,0.62451171875,-0.4438714297321507,0,UNKNOWN,UNKNOWN_OR_COVER,MiPOD,S-UNIWARD,-0.4117940347566341,-0.4213587872037372,0.009564752447103086,0,
COVER__301.pgm,301.pgm,COVER,0,${BOSSBASE_ROOT}\cover\301.pgm,0.1030244283262171,0.491455078125,0.51220703125,0.491455078125,0.51220703125,-0.3884306497987829,0,0.43980749608370195,0.50537109375,0.5322265625,0.50537109375,0.5322265625,-0.06556359766629805,0,0.5447105765206667,0.50048828125,0.548828125,0.50048828125,0.548828125,0.04422229527066668,1,0.8595458946842855,0.52783203125,0.54833984375,0.52783203125,0.54833984375,0.33171386343428555,0,0.53613076155384,0.4921875,0.62451171875,0.4921875,0.62451171875,0.043943261553839985,1,HUGO,ATTRIBUTED,HUGO,HILL,0.368342009186485,0.09422229527066668,0.27411971391581835,3,"HILL,HUGO,MiPOD"
COVER__8493.pgm,8493.pgm,COVER,0,${BOSSBASE_ROOT}\cover\8493.pgm,0.00881316650304586,0.491455078125,0.51220703125,0.491455078125,0.51220703125,-0.48264191162195413,0,0.007606672164523265,0.50537109375,0.5322265625,0.50537109375,0.5322265625,-0.49776442158547674,0,0.012053779516236447,0.50048828125,0.548828125,0.50048828125,0.548828125,-0.48843450173376357,0,0.006513498559668185,0.52783203125,0.54833984375,0.52783203125,0.54833984375,-0.5213185326903318,0,0.0062170781422503756,0.4921875,0.62451171875,0.4921875,0.62451171875,-0.48597042185774963,0,UNKNOWN,UNKNOWN_OR_COVER,WOW,MiPOD,-0.45178437270536875,-0.4552154218297606,0.0034310491243918495,0,
COVER__3808.pgm,3808.pgm,COVER,0,${BOSSBASE_ROOT}\cover\3808.pgm,0.09170696264527785,0.491455078125,0.51220703125,0.491455078125,0.51220703125,-0.39974811547972217,0,0.37467628856958723,0.50537109375,0.5322265625,0.50537109375,0.5322265625,-0.13069480518041277,0,0.04655127521213429,0.50048828125,0.548828125,0.50048828125,0.548828125,-0.4539370060378657,0,3.4808121961114686e-05,0.52783203125,0.54833984375,0.52783203125,0.54833984375,-0.5277972231280389,0,0.004867417345279046,0.4921875,0.62451171875,0.4921875,0.62451171875,-0.48732008265472093,0,UNKNOWN,UNKNOWN_OR_COVER,S-UNIWARD,WOW,-0.08682052830194643,-0.3662236699524645,0.2794031416505181,0,
COVER__6654.pgm,6654.pgm,COVER,0,${BOSSBASE_ROOT}\cover\6654.pgm,0.008511303026562552,0.491455078125,0.51220703125,0.491455078125,0.51220703125,-0.48294377509843744,0,0.007907291504628555,0.50537109375,0.5322265625,0.50537109375,0.5322265625,-0.49746380224537146,0,0.009746104052554064,0.50048828125,0.548828125,0.50048828125,0.548828125,-0.49074217719744595,0,0.008093289897373068,0.52783203125,0.54833984375,0.52783203125,0.54833984375,-0.5197387413526269,0,0.008644177936723585,0.4921875,0.62451171875,0.4921875,0.62451171875,-0.48354332206327644,0,UNKNOWN,UNKNOWN_OR_COVER,WOW,MiPOD,-0.4520955495400731,-0.45271358592172556,0.0006180363816524759,0,
COVER__313.pgm,313.pgm,COVER,0,${BOSSBASE_ROOT}\cover\313.pgm,0.06916356453554356,0.491455078125,0.51220703125,0.491455078125,0.51220703125,-0.42229151358945644,0,0.5739769297514116,0.50537109375,0.5322265625,0.50537109375,0.5322265625,0.06860583600141157,0,0.5237248464031742,0.50048828125,0.548828125,0.50048828125,0.548828125,0.023236565153174182,1,0.5298868147835457,0.52783203125,0.54833984375,0.52783203125,0.54833984375,0.002054783533545712,1,5.5159330995965176e-09,0.4921875,0.62451171875,0.4921875,0.62451171875,-0.4921874944840669,0,S-UNIWARD,ATTRIBUTED,S-UNIWARD,HILL,0.11656129478893867,0.07323656515317419,0.04332472963576449,3,"S-UNIWARD,HILL,HUGO"
COVER__9126.pgm,9126.pgm,COVER,0,${BOSSBASE_ROOT}\cover\9126.pgm,0.21044159948103583,0.491455078125,0.51220703125,0.491455078125,0.51220703125,-0.2810134786439642,0,0.411110869232168,0.50537109375,0.5322265625,0.50537109375,0.5322265625,-0.094260224517832,0,0.5041464808682059,0.50048828125,0.548828125,0.50048828125,0.548828125,0.003658199618205904,1,0.3986990534615587,0.52783203125,0.54833984375,0.52783203125,0.54833984375,-0.1291329777884413,0,0.48928234262666337,0.4921875,0.62451171875,0.4921875,0.62451171875,-0.002905157373336631,0,HILL|MiPOD,AMBIGUOUS,HILL,MiPOD,0.05365819961820591,0.04694979555230102,0.006708404065904887,1,HILL
COVER__7733.pgm,7733.pgm,COVER,0,${BOSSBASE_ROOT}\cover\7733.pgm,0.9870795269609209,0.491455078125,0.51220703125,0.491455078125,0.51220703125,0.49562444883592094,0,0.9132132627819569,0.50537109375,0.5322265625,0.50537109375,0.5322265625,0.4078421690319569,0,0.20212802394796642,0.50048828125,0.548828125,0.50048828125,0.548828125,-0.2983602573020336,0,0.10447732313023693,0.52783203125,0.54833984375,0.52783203125,0.54833984375,-0.42335470811976306,0,0.8846385984040539,0.4921875,0.62451171875,0.4921875,0.62451171875,0.3924510984040539,0,WOW,ATTRIBUTED,WOW,S-UNIWARD,0.5267226665625383,0.44200151781963826,0.08472114874290004,3,"WOW,S-UNIWARD,MiPOD"
COVER__4592.pgm,4592.pgm,COVER,0,${BOSSBASE_ROOT}\cover\4592.pgm,0.14780102119088886,0.491455078125,0.51220703125,0.491455078125,0.51220703125,-0.3436540569341111,0,0.14903529447863062,0.50537109375,0.5322265625,0.50537109375,0.5322265625,-0.3563357992713694,0,0.4867813402169825,0.50048828125,0.548828125,0.50048828125,0.548828125,-0.013706941033017506,0,0.2135411347306347,0.52783203125,0.54833984375,0.52783203125,0.54833984375,-0.31429089651936526,0,0.5140725153294156,0.4921875,0.62451171875,0.4921875,0.62451171875,0.021885015329415558,1,MiPOD,ATTRIBUTED,MiPOD,HILL,0.07188501532941556,0.03561238753395486,0.0362726277954607,1,MiPOD
COVER__7961.pgm,7961.pgm,COVER,0,${BOSSBASE_ROOT}\cover\7961.pgm,0.017176709012318405,0.491455078125,0.51220703125,0.491455078125,0.51220703125,-0.4742783691126816,0,0.009821792919693043,0.50537109375,0.5322265625,0.50537109375,0.5322265625,-0.49554930083030696,0,0.5092000113392233,0.50048828125,0.548828125,0.50048828125,0.548828125,0.008711730089223324,1,0.5347643737358613,0.52783203125,0.54833984375,0.52783203125,0.54833984375,0.006932342485861276,1,0.4358414888407291,0.4921875,0.62451171875,0.4921875,0.62451171875,-0.0563460111592709,0,HILL|HUGO,AMBIGUOUS,HILL,HUGO,0.05871173008922333,0.05693234248586128,0.0017793876033620482,2,"HILL,HUGO"
COVER__8112.pgm,8112.pgm,COVER,0,${BOSSBASE_ROOT}\cover\8112.pgm,0.009412589587609823,0.491455078125,0.51220703125,0.491455078125,0.51220703125,-0.4820424885373902,0,0.008577485413711986,0.50537109375,0.5322265625,0.50537109375,0.5322265625,-0.496793608336288,0,0.00714910196654636,0.50048828125,0.548828125,0.50048828125,0.548828125,-0.49333917928345367,0,0.007815888789288626,0.52783203125,0.54833984375,0.52783203125,0.54833984375,-0.5200161424607114,0,0.008745181682035148,0.4921875,0.62451171875,0.4921875,0.62451171875,-0.48344231831796486,0,UNKNOWN,UNKNOWN_OR_COVER,WOW,MiPOD,-0.4511664473548567,-0.45260946810033265,0.0014430207454759203,0,
COVER__7124.pgm,7124.pgm,COVER,0,${BOSSBASE_ROOT}\cover\7124.pgm,0.011687257995694434,0.491455078125,0.51220703125,0.491455078125,0.51220703125,-0.4797678201293056,0,0.00912563738918052,0.50537109375,0.5322265625,0.50537109375,0.5322265625,-0.49624545636081946,0,0.012288597529701977,0.50048828125,0.548828125,0.50048828125,0.548828125,-0.48819968372029804,0,0.11596071825396677,0.52783203125,0.54833984375,0.52783203125,0.54833984375,-0.41187131299603325,0,0.014615670100635955,0.4921875,0.62451171875,0.4921875,0.62451171875,-0.47757182989936403,0,UNKNOWN,UNKNOWN_OR_COVER,HUGO,MiPOD,-0.3787508372928704,-0.44655744345982373,0.06780660616695333,0,
COVER__5029.pgm,5029.pgm,COVER,0,${BOSSBASE_ROOT}\cover\5029.pgm,0.0283283119798864,0.491455078125,0.51220703125,0.491455078125,0.51220703125,-0.4631267661451136,0,0.008677716704989246,0.50537109375,0.5322265625,0.50537109375,0.5322265625,-0.49669337704501076,0,0.17398883103193594,0.50048828125,0.548828125,0.50048828125,0.548828125,-0.32649945021806404,0,0.03803509253268273,0.52783203125,0.54833984375,0.52783203125,0.54833984375,-0.4897969387173173,0,0.7547342599098423,0.4921875,0.62451171875,0.4921875,0.62451171875,0.26254675990984233,0,MiPOD,ATTRIBUTED,MiPOD,HILL,0.3064417619241897,-0.2904272116337737,0.5968689735579634,1,MiPOD
COVER__8501.pgm,8501.pgm,COVER,0,${BOSSBASE_ROOT}\cover\8501.pgm,0.05061143488906803,0.491455078125,0.51220703125,0.491455078125,0.51220703125,-0.44084364323593195,0,0.07892588556500027,0.50537109375,0.5322265625,0.50537109375,0.5322265625,-0.42644520818499976,0,0.020685459290040977,0.50048828125,0.548828125,0.50048828125,0.548828125,-0.47980282195995905,0,0.01757688326733593,0.52783203125,0.54833984375,0.52783203125,0.54833984375,-0.510255147982664,0,0.033273941086340214,0.4921875,0.62451171875,0.4921875,0.62451171875,-0.4589135589136598,0,UNKNOWN,UNKNOWN_OR_COVER,S-UNIWARD,WOW,-0.39380392648014956,-0.4086689775739498,0.014865051093800263,0,
COVER__5300.pgm,5300.pgm,COVER,0,${BOSSBASE_ROOT}\cover\5300.pgm,0.009974920824078675,0.491455078125,0.51220703125,0.491455078125,0.51220703125,-0.4814801573009213,0,0.007785654765367813,0.50537109375,0.5322265625,0.50537109375,0.5322265625,-0.4975854389846322,0,0.011777842688519623,0.50048828125,0.548828125,0.50048828125,0.548828125,-0.4887104385614804,0,0.007345826574477061,0.52783203125,0.54833984375,0.52783203125,0.54833984375,-0.520486204675523,0,0.010570488620307572,0.4921875,0.62451171875,0.4921875,0.62451171875,-0.48161701137969243,0,UNKNOWN,UNKNOWN_OR_COVER,WOW,MiPOD,-0.4505867486733016,-0.45072783035176184,0.0001410816784602198,0,
COVER__8347.pgm,8347.pgm,COVER,0,${BOSSBASE_ROOT}\cover\8347.pgm,0.007725534397423479,0.491455078125,0.51220703125,0.491455078125,0.51220703125,-0.48372954372757654,0,0.008061991528271641,0.50537109375,0.5322265625,0.50537109375,0.5322265625,-0.49730910222172836,0,0.008544330693441928,0.50048828125,0.548828125,0.50048828125,0.548828125,-0.4919439505565581,0,0.01005236865796813,0.52783203125,0.54833984375,0.52783203125,0.54833984375,-0.5177796625920319,0,0.01024860192315863,0.4921875,0.62451171875,0.4921875,0.62451171875,-0.48193889807684137,0,UNKNOWN,UNKNOWN_OR_COVER,MiPOD,WOW,-0.451059658265311,-0.4529055482162684,0.0018458899509573579,0,
COVER__3268.pgm,3268.pgm,COVER,0,${BOSSBASE_ROOT}\cover\3268.pgm,0.49530806009025574,0.491455078125,0.51220703125,0.491455078125,0.51220703125,0.0038529819652557418,1,0.445318457135357,0.50537109375,0.5322265625,0.50537109375,0.5322265625,-0.060052636614642996,0,0.5295827183042453,0.50048828125,0.548828125,0.50048828125,0.548828125,0.029094437054245303,1,0.5052221306630246,0.52783203125,0.54833984375,0.52783203125,0.54833984375,-0.02260990058697543,0,0.508826292503149,0.4921875,0.62451171875,0.4921875,0.62451171875,0.016638792503149036,1,HILL|MiPOD,AMBIGUOUS,HILL,MiPOD,0.0790944370542453,0.06663879250314904,0.012455644551096268,3,"WOW,HILL,MiPOD"
COVER__273.pgm,273.pgm,COVER,0,${BOSSBASE_ROOT}\cover\273.pgm,0.009055264186722086,0.491455078125,0.51220703125,0.491455078125,0.51220703125,-0.4823998139382779,0,0.012288597529701977,0.50537109375,0.5322265625,0.50537109375,0.5322265625,-0.49308249622029804,0,0.012100385813544712,0.50048828125,0.548828125,0.50048828125,0.548828125,-0.4883878954364553,0,0.01024860192315863,0.52783203125,0.54833984375,0.52783203125,0.54833984375,-0.5175834293268413,0,0.009196552423046733,0.4921875,0.62451171875,0.4921875,0.62451171875,-0.48299094757695327,0,UNKNOWN,UNKNOWN_OR_COVER,WOW,MiPOD,-0.45153480357862386,-0.45214417717152444,0.0006093735929005861,0,
COVER__7802.pgm,7802.pgm,COVER,0,${BOSSBASE_ROOT}\cover\7802.pgm,0.008677716704989246,0.491455078125,0.51220703125,0.491455078125,0.51220703125,-0.48277736142001076,0,0.010169657753872614,0.50537109375,0.5322265625,0.50537109375,0.5322265625,-0.49520143599612737,0,0.01024860192315863,0.50048828125,0.548828125,0.50048828125,0.548828125,-0.49023967932684137,0,0.00959645473238191,0.52783203125,0.54833984375,0.52783203125,0.54833984375,-0.5182355765176181,0,0.01124456072066409,0.4921875,0.62451171875,0.4921875,0.62451171875,-0.4809429392793359,0,UNKNOWN,UNKNOWN_OR_COVER,MiPOD,WOW,-0.4500329296970865,-0.45192400186778675,0.0018910721707002254,0,
COVER__2670.pgm,2670.pgm,COVER,0,${BOSSBASE_ROOT}\cover\2670.pgm,0.008779108866911802,0.491455078125,0.51220703125,0.491455078125,0.51220703125,-0.4826759692580882,0,0.006797531550373378,0.50537109375,0.5322265625,0.50537109375,0.5322265625,-0.4985735621996266,0,0.009670992763446972,0.50048828125,0.548828125,0.50048828125,0.548828125,-0.49081728848655304,0,0.01077672605008006,0.52783203125,0.54833984375,0.52783203125,0.54833984375,-0.5170553051999199,0,0.011029470022501837,0.4921875,0.62451171875,0.4921875,0.62451171875,-0.4811580299774982,0,UNKNOWN,UNKNOWN_OR_COVER,MiPOD,WOW,-0.4502546681358308,-0.45181948125843924,0.0015648131226084216,0,
COVER__9862.pgm,9862.pgm,COVER,0,${BOSSBASE_ROOT}\cover\9862.pgm,0.012821214266594244,0.491455078125,0.51220703125,0.491455078125,0.51220703125,-0.4786338638584058,0,0.009974920824078675,0.50537109375,0.5322265625,0.50537109375,0.5322265625,-0.4953961729259213,0,0.007606672164523265,0.50048828125,0.548828125,0.50048828125,0.548828125,-0.49288160908547674,0,0.009090383313658499,0.52783203125,0.54833984375,0.52783203125,0.54833984375,-0.5187416479363415,0,0.009633652359446519,0.4921875,0.62451171875,0.4921875,0.62451171875,-0.4825538476405535,0,UNKNOWN,UNKNOWN_OR_COVER,WOW,MiPOD,-0.44765239826586006,-0.45169359116657715,0.004041192900717083,0,
COVER__2372.pgm,2372.pgm,COVER,0,${BOSSBASE_ROOT}\cover\2372.pgm,0.009196552423046733,0.491455078125,0.51220703125,0.491455078125,0.51220703125,-0.48225852570195327,0,0.009783876017655003,0.50537109375,0.5322265625,0.50537109375,0.5322265625,-0.495587217732345,0,0.008881675100847034,0.50048828125,0.548828125,0.50048828125,0.548828125,-0.49160660614915297,0,0.009974920824078675,0.52783203125,0.54833984375,0.52783203125,0.54833984375,-0.5178571104259213,0,0.011508149064303403,0.4921875,0.62451171875,0.4921875,0.62451171875,-0.4806793509356966,0,UNKNOWN,UNKNOWN_OR_COVER,MiPOD,WOW,-0.44976119276132975,-0.4513891541713375,0.001627961410007761,0,
COVER__7013.pgm,7013.pgm,COVER,0,${BOSSBASE_ROOT}\cover\7013.pgm,0.12315455597992365,0.491455078125,0.51220703125,0.491455078125,0.51220703125,-0.36830052214507636,0,0.48256627421401915,0.50537109375,0.5322265625,0.50537109375,0.5322265625,-0.022804819535980847,0,0.44390173425965945,0.50048828125,0.548828125,0.50048828125,0.548828125,-0.05658654699034055,0,3.763644718097441e-05,0.52783203125,0.54833984375,0.52783203125,0.54833984375,-0.527794394802819,0,5.307507822667364e-05,0.4921875,0.62451171875,0.4921875,0.62451171875,-0.49213442492177334,0,S-UNIWARD,ATTRIBUTED,S-UNIWARD,HILL,0.026067842710726596,-0.009337312221610834,0.03540515493233743,0,
COVER__9141.pgm,9141.pgm,COVER,0,${BOSSBASE_ROOT}\cover\9141.pgm,0.03210070671700819,0.491455078125,0.51220703125,0.491455078125,0.51220703125,-0.4593543714079918,0,0.06841291035220819,0.50537109375,0.5322265625,0.50537109375,0.5322265625,-0.4369581833977918,0,0.8572908683973974,0.50048828125,0.548828125,0.50048828125,0.548828125,0.35680258714739743,0,0.07640768335044701,0.52783203125,0.54833984375,0.52783203125,0.54833984375,-0.451424347899553,0,0.8403900110513648,0.4921875,0.62451171875,0.4921875,0.62451171875,0.3482025110513648,0,HILL|MiPOD,AMBIGUOUS,HILL,MiPOD,0.3935313531209034,0.38849417965289507,0.00503717346800836,2,"HILL,MiPOD"
COVER__12.pgm,12.pgm,COVER,0,${BOSSBASE_ROOT}\cover\12.pgm,0.025760559119668493,0.491455078125,0.51220703125,0.491455078125,0.51220703125,-0.4656945190053315,0,0.3519790059319447,0.50537109375,0.5322265625,0.50537109375,0.5322265625,-0.1533920878180553,0,0.01307078477418707,0.50048828125,0.548828125,0.50048828125,0.548828125,-0.48741749647581295,0,0.01052971212461742,0.52783203125,0.54833984375,0.52783203125,0.54833984375,-0.5173023191253826,0,0.000631243456875032,0.4921875,0.62451171875,0.4921875,0.62451171875,-0.49155625654312496,0,UNKNOWN,UNKNOWN_OR_COVER,S-UNIWARD,WOW,-0.11050242154035994,-0.4343095687613976,0.32380714722103765,0,
COVER__912.pgm,912.pgm,COVER,0,${BOSSBASE_ROOT}\cover\912.pgm,0.02346465669263196,0.491455078125,0.51220703125,0.491455078125,0.51220703125,-0.467990421432368,0,0.15726623746787763,0.50537109375,0.5322265625,0.50537109375,0.5322265625,-0.3481048562821224,0,0.18082882704988584,0.50048828125,0.548828125,0.50048828125,0.548828125,-0.31965945420011416,0,0.13557505751702079,0.52783203125,0.54833984375,0.52783203125,0.54833984375,-0.3922569737329792,0,0.3720487831734568,0.4921875,0.62451171875,0.4921875,0.62451171875,-0.1201387168265432,0,UNKNOWN,UNKNOWN_OR_COVER,MiPOD,HILL,-0.07579884610346292,-0.2833396358906435,0.20754078978718055,0,
COVER__5580.pgm,5580.pgm,COVER,0,${BOSSBASE_ROOT}\cover\5580.pgm,0.00952248567033666,0.491455078125,0.51220703125,0.491455078125,0.51220703125,-0.48193259245466336,0,0.007518718061432194,0.50537109375,0.5322265625,0.50537109375,0.5322265625,-0.4978523756885678,0,0.008847355082930386,0.50048828125,0.548828125,0.50048828125,0.548828125,-0.4916409261670696,0,0.008779108866911802,0.52783203125,0.54833984375,0.52783203125,0.54833984375,-0.5190529223830882,0,0.011375600238837661,0.4921875,0.62451171875,0.4921875,0.62451171875,-0.48081189976116234,0,UNKNOWN,UNKNOWN_OR_COVER,MiPOD,WOW,-0.44989783948075557,-0.4510531579296997,0.0011553184489441204,0,
COVER__3332.pgm,3332.pgm,COVER,0,${BOSSBASE_ROOT}\cover\3332.pgm,0.010693757736175492,0.491455078125,0.51220703125,0.491455078125,0.51220703125,-0.4807613203888245,0,0.009670992763446972,0.50537109375,0.5322265625,0.50537109375,0.5322265625,-0.49570010098655304,0,0.011463797377996032,0.50048828125,0.548828125,0.50048828125,0.548828125,-0.489024483872004,0,0.010902373729285245,0.52783203125,0.54833984375,0.52783203125,0.54833984375,-0.5169296575207147,0,0.009559399347091532,0.4921875,0.62451171875,0.4921875,0.62451171875,-0.48262810065290845,0,UNKNOWN,UNKNOWN_OR_COVER,WOW,MiPOD,-0.4498456964551084,-0.4517701355608653,0.0019244391057569032,0,
COVER__4526.pgm,4526.pgm,COVER,0,${BOSSBASE_ROOT}\cover\4526.pgm,0.604632395812483,0.491455078125,0.51220703125,0.491455078125,0.51220703125,0.11317731768748296,0,0.7942254053003743,0.50537109375,0.5322265625,0.50537109375,0.5322265625,0.28885431155037433,0,0.8661325122464822,0.50048828125,0.548828125,0.50048828125,0.548828125,0.36564423099648224,0,0.015365341441302218,0.52783203125,0.54833984375,0.52783203125,0.54833984375,-0.5124666898086978,0,0.8992983918150725,0.4921875,0.62451171875,0.4921875,0.62451171875,0.40711089181507254,0,MiPOD,ATTRIBUTED,MiPOD,HILL,0.44509760070020005,0.4020496857099673,0.04304791499023275,4,"WOW,S-UNIWARD,HILL,MiPOD"
COVER__1422.pgm,1422.pgm,COVER,0,${BOSSBASE_ROOT}\cover\1422.pgm,0.011201213376078314,0.491455078125,0.51220703125,0.491455078125,0.51220703125,-0.4802538647489217,0,0.007093861878911533,0.50537109375,0.5322265625,0.50537109375,0.5322265625,-0.49827723187108847,0,0.011201213376078314,0.50048828125,0.548828125,0.50048828125,0.548828125,-0.4892870678739217,0,0.02245705292941607,0.52783203125,0.54833984375,0.52783203125,0.54833984375,-0.505374978320584,0,0.0016549242441240368,0.4921875,0.62451171875,0.4921875,0.62451171875,-0.49053257575587594,0,UNKNOWN,UNKNOWN_OR_COVER,WOW,HILL,-0.44932254852624576,-0.45863390232644136,0.009311353800195599,0,
COVER__2789.pgm,2789.pgm,COVER,0,${BOSSBASE_ROOT}\cover\2789.pgm,0.01191502196714824,0.491455078125,0.51220703125,0.491455078125,0.51220703125,-0.4795400561578518,0,0.009708476481474066,0.50537109375,0.5322265625,0.50537109375,0.5322265625,-0.49566261726852595,0,0.13240233451956282,0.50048828125,0.548828125,0.50048828125,0.548828125,-0.36808594673043715,0,0.014615670100635955,0.52783203125,0.54833984375,0.52783203125,0.54833984375,-0.5132163611493641,0,0.3223126382471959,0.4921875,0.62451171875,0.4921875,0.62451171875,-0.16987486175280408,0,UNKNOWN,UNKNOWN_OR_COVER,MiPOD,HILL,-0.1276863418558667,-0.3334830617786326,0.20579671992276588,0,
COVER__8145.pgm,8145.pgm,COVER,0,${BOSSBASE_ROOT}\cover\8145.pgm,0.48823001899383744,0.491455078125,0.51220703125,0.491455078125,0.51220703125,-0.0032250591311625554,0,0.5137828232977241,0.50537109375,0.5322265625,0.50537109375,0.5322265625,0.008411729547724067,1,0.5698526514141571,0.50048828125,0.548828125,0.50048828125,0.548828125,0.06936437016415709,0,0.5236639483135205,0.52783203125,0.54833984375,0.52783203125,0.54833984375,-0.0041680829364795224,0,0.519658440245235,0.4921875,0.62451171875,0.4921875,0.62451171875,0.027470940245234998,1,HILL,ATTRIBUTED,HILL,MiPOD,0.11832411757086228,0.077470940245235,0.04085317732562728,3,"S-UNIWARD,HILL,MiPOD"
COVER__7459.pgm,7459.pgm,COVER,0,${BOSSBASE_ROOT}\cover\7459.pgm,0.5062138219153896,0.491455078125,0.51220703125,0.491455078125,0.51220703125,0.01475874379038955,1,0.5687152508429959,0.50537109375,0.5322265625,0.50537109375,0.5322265625,0.0633441570929959,0,0.5353109926368121,0.50048828125,0.548828125,0.50048828125,0.548828125,0.034822711386812144,1,0.5573032701134267,0.52783203125,0.54833984375,0.52783203125,0.54833984375,0.02947123886342673,0,0.5609442477576978,0.4921875,0.62451171875,0.4921875,0.62451171875,0.0687567477576978,1,MiPOD|S-UNIWARD,AMBIGUOUS,MiPOD,S-UNIWARD,0.1187567477576978,0.1115526071021791,0.0072041406555187065,5,"WOW,S-UNIWARD,HILL,HUGO,MiPOD"
COVER__5245.pgm,5245.pgm,COVER,0,${BOSSBASE_ROOT}\cover\5245.pgm,0.08945460216888064,0.491455078125,0.51220703125,0.491455078125,0.51220703125,-0.4020004759561194,0,0.008881675100847034,0.50537109375,0.5322265625,0.50537109375,0.5322265625,-0.49648941864915297,0,0.14547918886307865,0.50048828125,0.548828125,0.50048828125,0.548828125,-0.35500909238692135,0,0.014447852533602467,0.52783203125,0.54833984375,0.52783203125,0.54833984375,-0.5133841787163975,0,0.031499380302443446,0.4921875,0.62451171875,0.4921875,0.62451171875,-0.4606881196975566,0,UNKNOWN,UNKNOWN_OR_COVER,HILL,WOW,-0.3199507389920558,-0.3685514545918722,0.048600715599816435,0,
COVER__293.pgm,293.pgm,COVER,0,${BOSSBASE_ROOT}\cover\293.pgm,0.014172366191301682,0.491455078125,0.51220703125,0.491455078125,0.51220703125,-0.4772827119336983,0,0.01685007944789776,0.50537109375,0.5322265625,0.50537109375,0.5322265625,-0.48852101430210226,0,0.20705433775141252,0.50048828125,0.548828125,0.50048828125,0.548828125,-0.2934339434985875,0,0.009859855303538789,0.52783203125,0.54833984375,0.52783203125,0.54833984375,-0.5179721759464612,0,0.12754391736612497,0.4921875,0.62451171875,0.4921875,0.62451171875,-0.36464358263387503,0,UNKNOWN,UNKNOWN_OR_COVER,HILL,MiPOD,-0.2561490195250932,-0.32992137669796723,0.073772357172874,0,
COVER__9097.pgm,9097.pgm,COVER,0,${BOSSBASE_ROOT}\cover\9097.pgm,0.5501542495261685,0.491455078125,0.51220703125,0.491455078125,0.51220703125,0.05869917140116854,0,0.5323947434779231,0.50537109375,0.5322265625,0.50537109375,0.5322265625,0.02702364972792315,0,0.5509697979208309,0.50048828125,0.548828125,0.50048828125,0.548828125,0.050481516670830895,0,0.48025014920327014,0.52783203125,0.54833984375,0.52783203125,0.54833984375,-0.04758188204672986,0,0.5515435383727473,0.4921875,0.62451171875,0.4921875,0.62451171875,0.05935603837274728,1,MiPOD|WOW,AMBIGUOUS,MiPOD,WOW,0.10935603837274728,0.10683735919520926,0.002518679177538022,4,"WOW,S-UNIWARD,HILL,MiPOD"
COVER__4936.pgm,4936.pgm,COVER,0,${BOSSBASE_ROOT}\cover\4936.pgm,0.4724248588072593,0.491455078125,0.51220703125,0.491455078125,0.51220703125,-0.019030219317740682,0,0.48384656586627706,0.50537109375,0.5322265625,0.50537109375,0.5322265625,-0.021524527883722944,0,0.4298481546439914,0.50048828125,0.548828125,0.50048828125,0.548828125,-0.0706401266060086,0,0.545134373808361,0.52783203125,0.54833984375,0.52783203125,0.54833984375,0.01730234255836105,1,0.49918985437718427,0.4921875,0.62451171875,0.4921875,0.62451171875,0.007002354377184272,1,HUGO|MiPOD,AMBIGUOUS,HUGO,MiPOD,0.06730234255836105,0.057002354377184275,0.010299988181176778,2,"HUGO,MiPOD"
COVER__9686.pgm,9686.pgm,COVER,0,${BOSSBASE_ROOT}\cover\9686.pgm,0.011777842688519623,0.491455078125,0.51220703125,0.491455078125,0.51220703125,-0.4796772354364804,0,0.011777842688519623,0.50537109375,0.5322265625,0.50537109375,0.5322265625,-0.4935932510614804,0,0.009303949868393646,0.50048828125,0.548828125,0.50048828125,0.548828125,-0.49118433138160633,0,0.00881316650304586,0.52783203125,0.54833984375,0.52783203125,0.54833984375,-0.5190188647469541,0,0.008881675100847034,0.4921875,0.62451171875,0.4921875,0.62451171875,-0.48330582489915297,0,UNKNOWN,UNKNOWN_OR_COVER,WOW,MiPOD,-0.4487280781668571,-0.4524687659131548,0.0037406877462977106,0,
COVER__1759.pgm,1759.pgm,COVER,0,${BOSSBASE_ROOT}\cover\1759.pgm,0.08601588131710575,0.491455078125,0.51220703125,0.491455078125,0.51220703125,-0.40543919680789425,0,0.5501844598576836,0.50537109375,0.5322265625,0.50537109375,0.5322265625,0.044813366107683605,0,0.4892213356743373,0.50048828125,0.548828125,0.50048828125,0.548828125,-0.011266945575662712,0,0.0012893282790035973,0.52783203125,0.54833984375,0.52783203125,0.54833984375,-0.5265427029709964,0,7.127360222357024e-06,0.4921875,0.62451171875,0.4921875,0.62451171875,-0.49218037263977765,0,S-UNIWARD,ATTRIBUTED,S-UNIWARD,HILL,0.09392348534785663,0.03817286886168422,0.05575061648617241,1,S-UNIWARD
COVER__7516.pgm,7516.pgm,COVER,0,${BOSSBASE_ROOT}\cover\7516.pgm,0.5031241964008728,0.491455078125,0.51220703125,0.491455078125,0.51220703125,0.011669118275872803,1,0.5080940804508569,0.50537109375,0.5322265625,0.50537109375,0.5322265625,0.002722986700856911,1,0.5004241465504828,0.50048828125,0.548828125,0.50048828125,0.548828125,-6.413469951715989e-05,0,0.504508849943749,0.52783203125,0.54833984375,0.52783203125,0.54833984375,-0.023323181306250995,0,0.49948215503134763,0.4921875,0.62451171875,0.4921875,0.62451171875,0.00729465503134763,1,WOW|MiPOD,AMBIGUOUS,WOW,MiPOD,0.061669118275872806,0.05729465503134763,0.004374463244525173,3,"WOW,S-UNIWARD,MiPOD"
COVER__8349.pgm,8349.pgm,COVER,0,${BOSSBASE_ROOT}\cover\8349.pgm,0.009020279501402172,0.491455078125,0.51220703125,0.491455078125,0.51220703125,-0.48243479862359784,0,0.007260866498285615,0.50537109375,0.5322265625,0.50537109375,0.5322265625,-0.4981102272517144,0,0.007725534397423479,0.50048828125,0.548828125,0.50048828125,0.548828125,-0.49276274685257654,0,0.009708476481474066,0.52783203125,0.54833984375,0.52783203125,0.54833984375,-0.5181235547685259,0,0.007999754508377905,0.4921875,0.62451171875,0.4921875,0.62451171875,-0.4841877454916221,0,UNKNOWN,UNKNOWN_OR_COVER,WOW,MiPOD,-0.45157086804773056,-0.453377870354195,0.001807002306464467,0,
COVER__6332.pgm,6332.pgm,COVER,0,${BOSSBASE_ROOT}\cover\6332.pgm,0.22988080342588704,0.491455078125,0.51220703125,0.491455078125,0.51220703125,-0.261574274699113,0,0.25870037155727854,0.50537109375,0.5322265625,0.50537109375,0.5322265625,-0.24667072219272146,0,0.23775286734250414,0.50048828125,0.548828125,0.50048828125,0.548828125,-0.2627354139074959,0,0.42799430394862575,0.52783203125,0.54833984375,0.52783203125,0.54833984375,-0.09983772730137425,0,1.4471569821805606e-10,0.4921875,0.62451171875,0.4921875,0.62451171875,-0.4921874998552843,0,UNKNOWN,UNKNOWN_OR_COVER,HUGO,S-UNIWARD,-0.05458851428339776,-0.2076008247838256,0.15301231050042785,0,
COVER__8643.pgm,8643.pgm,COVER,0,${BOSSBASE_ROOT}\cover\8643.pgm,0.012147170099805133,0.491455078125,0.51220703125,0.491455078125,0.51220703125,-0.47930790802519485,0,0.016090874192824428,0.50537109375,0.5322265625,0.50537109375,0.5322265625,-0.4892802195571756,0,0.03228325893338435,0.50048828125,0.548828125,0.50048828125,0.548828125,-0.46820502231661565,0,0.012771867493286331,0.52783203125,0.54833984375,0.52783203125,0.54833984375,-0.5150601637567137,0,0.05127241813029474,0.4921875,0.62451171875,0.4921875,0.62451171875,-0.44091508186970524,0,UNKNOWN,UNKNOWN_OR_COVER,MiPOD,HILL,-0.40874271463978074,-0.4368987652730924,0.02815605063331167,0,
COVER__3764.pgm,3764.pgm,COVER,0,${BOSSBASE_ROOT}\cover\3764.pgm,0.988841968751916,0.491455078125,0.51220703125,0.491455078125,0.51220703125,0.497386890626916,0,0.4173902136398423,0.50537109375,0.5322265625,0.50537109375,0.5322265625,-0.0879808801101577,0,0.6842640244786128,0.50048828125,0.548828125,0.50048828125,0.548828125,0.1837757432286128,0,0.09138210306717136,0.52783203125,0.54833984375,0.52783203125,0.54833984375,-0.43644992818282863,0,0.83960249747165,0.4921875,0.62451171875,0.4921875,0.62451171875,0.34741499747164994,0,WOW,ATTRIBUTED,WOW,MiPOD,0.5284303478252831,0.3877384088066296,0.1406919390186535,3,"WOW,HILL,MiPOD"
COVER__1798.pgm,1798.pgm,COVER,0,${BOSSBASE_ROOT}\cover\1798.pgm,0.011642224164666006,0.491455078125,0.51220703125,0.491455078125,0.51220703125,-0.479812853960334,0,0.010860331013277531,0.50537109375,0.5322265625,0.50537109375,0.5322265625,-0.49451076273672245,0,0.008478401934677453,0.50048828125,0.548828125,0.50048828125,0.548828125,-0.49200987931532253,0,0.009376237450848677,0.52783203125,0.54833984375,0.52783203125,0.54833984375,-0.5184557937991513,0,0.009859855303538789,0.4921875,0.62451171875,0.4921875,0.62451171875,-0.4823276446964612,0,UNKNOWN,UNKNOWN_OR_COVER,WOW,MiPOD,-0.44886789368513264,-0.45146040675203025,0.002592513066897617,0,
COVER__7091.pgm,7091.pgm,COVER,0,${BOSSBASE_ROOT}\cover\7091.pgm,0.01847559420954457,0.491455078125,0.51220703125,0.491455078125,0.51220703125,-0.4729794839154554,0,0.5585677989220222,0.50537109375,0.5322265625,0.50537109375,0.5322265625,0.05319670517202224,0,0.00202690008046383,0.50048828125,0.548828125,0.50048828125,0.548828125,-0.49846138116953614,0,0.018159511710261943,0.52783203125,0.54833984375,0.52783203125,0.54833984375,-0.509672519539738,0,0.002768385516913781,0.4921875,0.62451171875,0.4921875,0.62451171875,-0.4894191144830862,0,S-UNIWARD,ATTRIBUTED,S-UNIWARD,WOW,0.10189683855749104,-0.4418223411405543,0.5437191796980454,1,S-UNIWARD
COVER__7810.pgm,7810.pgm,COVER,0,${BOSSBASE_ROOT}\cover\7810.pgm,0.008916127052872005,0.491455078125,0.51220703125,0.491455078125,0.51220703125,-0.482538951072128,0,0.008061991528271641,0.50537109375,0.5322265625,0.50537109375,0.5322265625,-0.49730910222172836,0,0.01646617504750254,0.50048828125,0.548828125,0.50048828125,0.548828125,-0.48402210620249747,0,0.007489624898808396,0.52783203125,0.54833984375,0.52783203125,0.54833984375,-0.5203424063511916,0,0.014172366191301682,0.4921875,0.62451171875,0.4921875,0.62451171875,-0.4780151338086983,0,UNKNOWN,UNKNOWN_OR_COVER,MiPOD,WOW,-0.4470144931209144,-0.45167823488280545,0.004663741761891049,0,
COVER__9.pgm,9.pgm,COVER,0,${BOSSBASE_ROOT}\cover\9.pgm,0.055617611604601505,0.491455078125,0.51220703125,0.491455078125,0.51220703125,-0.4358374665203985,0,0.4015117914041945,0.50537109375,0.5322265625,0.50537109375,0.5322265625,-0.10385930234580548,0,6.061318495608067e-05,0.50048828125,0.548828125,0.50048828125,0.548828125,-0.5004276680650439,0,0.00016997528909631248,0.52783203125,0.54833984375,0.52783203125,0.54833984375,-0.5276620559609037,0,0.4241734433088202,0.4921875,0.62451171875,0.4921875,0.62451171875,-0.06801405669117982,0,UNKNOWN,UNKNOWN_OR_COVER,MiPOD,S-UNIWARD,-0.021301689638252075,-0.05879169701444936,0.03749000737619729,0,
COVER__1013.pgm,1013.pgm,COVER,0,${BOSSBASE_ROOT}\cover\1013.pgm,0.010818448652863185,0.491455078125,0.51220703125,0.491455078125,0.51220703125,-0.4806366294721368,0,0.010818448652863185,0.50537109375,0.5322265625,0.50537109375,0.5322265625,-0.4945526450971368,0,0.011072160183234295,0.50048828125,0.548828125,0.50048828125,0.548828125,-0.4894161210667657,0,0.7895584005189641,0.52783203125,0.54833984375,0.52783203125,0.54833984375,0.2617263692689641,0,0.014672034915237494,0.4921875,0.62451171875,0.4921875,0.62451171875,-0.4775154650847625,0,HUGO,ATTRIBUTED,HUGO,MiPOD,0.3010098639764076,-0.44649933047581336,0.747509194452221,1,HUGO
COVER__8587.pgm,8587.pgm,COVER,0,${BOSSBASE_ROOT}\cover\8587.pgm,0.011869121046339474,0.491455078125,0.51220703125,0.491455078125,0.51220703125,-0.47958595707866053,0,0.009746104052554064,0.50537109375,0.5322265625,0.50537109375,0.5322265625,-0.49562498969744595,0,0.009485713170795206,0.50048828125,0.548828125,0.50048828125,0.548828125,-0.4910025680792048,0,0.010652510839726164,0.52783203125,0.54833984375,0.52783203125,0.54833984375,-0.5171795204102738,0,0.008187909901696235,0.4921875,0.62451171875,0.4921875,0.62451171875,-0.4839995900983038,0,UNKNOWN,UNKNOWN_OR_COVER,WOW,MiPOD,-0.4486339746918517,-0.4531839173712954,0.004549942679443697,0,
COVER__6959.pgm,6959.pgm,COVER,0,${BOSSBASE_ROOT}\cover\6959.pgm,0.007289077583591924,0.491455078125,0.51220703125,0.491455078125,0.51220703125,-0.48416600054140807,0,0.024516335827191232,0.50537109375,0.5322265625,0.50537109375,0.5322265625,-0.48085475792280874,0,0.007431773334291191,0.50048828125,0.548828125,0.50048828125,0.548828125,-0.4930565079157088,0,0.011777842688519623,0.52783203125,0.54833984375,0.52783203125,0.54833984375,-0.5160541885614803,0,0.0050800369984775355,0.4921875,0.62451171875,0.4921875,0.62451171875,-0.48710746300152247,0,UNKNOWN,UNKNOWN_OR_COVER,S-UNIWARD,WOW,-0.4499420225338032,-0.4533554554374959,0.0034134329036926703,0,
COVER__2707.pgm,2707.pgm,COVER,0,${BOSSBASE_ROOT}\cover\2707.pgm,0.012336100420869755,0.491455078125,0.51220703125,0.491455078125,0.51220703125,-0.47911897770413026,0,0.16491954666382327,0.50537109375,0.5322265625,0.50537109375,0.5322265625,-0.34045154708617675,0,0.00549056320249923,0.50048828125,0.548828125,0.50048828125,0.548828125,-0.49499771804750076,0,0.024656855541960163,0.52783203125,0.54833984375,0.52783203125,0.54833984375,-0.5031751757080398,0,0.01865352173176137,0.4921875,0.62451171875,0.4921875,0.62451171875,-0.4735339782682386,0,UNKNOWN,UNKNOWN_OR_COVER,S-UNIWARD,MiPOD,-0.30487909721119966,-0.44239410716409056,0.1375150099528909,0,
COVER__5765.pgm,5765.pgm,COVER,0,${BOSSBASE_ROOT}\cover\5765.pgm,0.05281402133724091,0.491455078125,0.51220703125,0.491455078125,0.51220703125,-0.4386410567877591,0,0.010448625445116808,0.50537109375,0.5322265625,0.50537109375,0.5322265625,-0.4949224683048832,0,0.008511303026562552,0.50048828125,0.548828125,0.50048828125,0.548828125,-0.49197697822343744,0,0.017309095753668163,0.52783203125,0.54833984375,0.52783203125,0.54833984375,-0.5105229354963319,0,0.01368947769627449,0.4921875,0.62451171875,0.4921875,0.62451171875,-0.4784980223037255,0,UNKNOWN,UNKNOWN_OR_COVER,WOW,MiPOD,-0.40639544554000456,-0.4475123478548651,0.04111690231486054,0,
COVER__472.pgm,472.pgm,COVER,0,${BOSSBASE_ROOT}\cover\472.pgm,0.007665874688645945,0.491455078125,0.51220703125,0.491455078125,0.51220703125,-0.48378920343635406,0,0.00834805380978326,0.50537109375,0.5322265625,0.50537109375,0.5322265625,-0.49702303994021674,0,0.008061991528271641,0.50048828125,0.548828125,0.50048828125,0.548828125,-0.49242628972172836,0,0.008251598569085517,0.52783203125,0.54833984375,0.52783203125,0.54833984375,-0.5195804326809145,0,0.007907291504628555,0.4921875,0.62451171875,0.4921875,0.62451171875,-0.48428020849537146,0,UNKNOWN,UNKNOWN_OR_COVER,WOW,MiPOD,-0.452967046820787,-0.4534731819998457,0.000506135179058731,0,
COVER__5636.pgm,5636.pgm,COVER,0,${BOSSBASE_ROOT}\cover\5636.pgm,0.5413482263569064,0.491455078125,0.51220703125,0.491455078125,0.51220703125,0.04989314823190638,0,0.4967632745835239,0.50537109375,0.5322265625,0.50537109375,0.5322265625,-0.008607819166476127,0,0.5253383831443448,0.50048828125,0.548828125,0.50048828125,0.548828125,0.024850101894344778,1,0.5266014453160561,0.52783203125,0.54833984375,0.52783203125,0.54833984375,-0.001230585933943873,0,0.4985084577934725,0.4921875,0.62451171875,0.4921875,0.62451171875,0.006320957793472526,1,WOW|HILL,AMBIGUOUS,WOW,HILL,0.09845711397679166,0.07485010189434478,0.02360701208244688,3,"WOW,HILL,MiPOD"
COVER__2296.pgm,2296.pgm,COVER,0,${BOSSBASE_ROOT}\cover\2296.pgm,0.05470151263137117,0.491455078125,0.51220703125,0.491455078125,0.51220703125,-0.4367535654936288,0,0.44215469702974475,0.50537109375,0.5322265625,0.50537109375,0.5322265625,-0.06321639672025525,0,0.4647801046585083,0.50048828125,0.548828125,0.50048828125,0.548828125,-0.035708176591491725,0,0.5754687284355577,0.52783203125,0.54833984375,0.52783203125,0.54833984375,0.04763669718555774,0,0.5973730279310485,0.4921875,0.62451171875,0.4921875,0.62451171875,0.10518552793104852,1,MiPOD,ATTRIBUTED,MiPOD,HUGO,0.1551855279310485,0.0962984870980988,0.05888704083294971,2,"HUGO,MiPOD"
COVER__7704.pgm,7704.pgm,COVER,0,${BOSSBASE_ROOT}\cover\7704.pgm,0.01159736182363297,0.491455078125,0.51220703125,0.491455078125,0.51220703125,-0.47985771630136703,0,0.02541965238092861,0.50537109375,0.5322265625,0.50537109375,0.5322265625,-0.4799514413690714,0,0.018440209049289533,0.50048828125,0.548828125,0.50048828125,0.548828125,-0.48204807220071044,0,0.013584392513059033,0.52783203125,0.54833984375,0.52783203125,0.54833984375,-0.514247638736941,0,0.029760093945964218,0.4921875,0.62451171875,0.4921875,0.62451171875,-0.46242740605403576,0,UNKNOWN,UNKNOWN_OR_COVER,MiPOD,WOW,-0.4309397499482155,-0.4489141442583868,0.017974394310171338,0,
COVER__1539.pgm,1539.pgm,COVER,0,${BOSSBASE_ROOT}\cover\1539.pgm,0.017712298703411445,0.491455078125,0.51220703125,0.491455078125,0.51220703125,-0.47374277942158854,0,0.0013564017974613941,0.50537109375,0.5322265625,0.50537109375,0.5322265625,-0.5040146919525386,0,0.03588069552584119,0.50048828125,0.548828125,0.50048828125,0.548828125,-0.46460758572415883,0,0.87267326142606,0.52783203125,0.54833984375,0.52783203125,0.54833984375,0.34484123017606005,0,0.09041372682383805,0.4921875,0.62451171875,0.4921875,0.62451171875,-0.4017737731761619,0,HUGO,ATTRIBUTED,HUGO,MiPOD,0.38099168708412284,-0.3683171679661777,0.7493088550503005,1,HUGO
COVER__9109.pgm,9109.pgm,COVER,0,${BOSSBASE_ROOT}\cover\9109.pgm,0.012431650853185818,0.491455078125,0.51220703125,0.491455078125,0.51220703125,-0.4790234272718142,0,0.011687257995694434,0.50537109375,0.5322265625,0.50537109375,0.5322265625,-0.4936838357543056,0,0.012194133037590526,0.50048828125,0.548828125,0.50048828125,0.548828125,-0.48829414821240946,0,0.008711384457705508,0.52783203125,0.54833984375,0.52783203125,0.54833984375,-0.5191206467922945,0,0.06717857728888728,0.4921875,0.62451171875,0.4921875,0.62451171875,-0.42500892271111274,0,UNKNOWN,UNKNOWN_OR_COVER,MiPOD,WOW,-0.3923207251232655,-0.4480540285741941,0.055733303450928584,0,
COVER__6903.pgm,6903.pgm,COVER,0,${BOSSBASE_ROOT}\cover\6903.pgm,0.015014748005819523,0.491455078125,0.51220703125,0.491455078125,0.51220703125,-0.47644033011918047,0,0.19775413247015594,0.50537109375,0.5322265625,0.50537109375,0.5322265625,-0.30761696127984406,0,0.04451443022348496,0.50048828125,0.548828125,0.50048828125,0.548828125,-0.45597385102651505,0,0.014227046103179024,0.52783203125,0.54833984375,0.52783203125,0.54833984375,-0.513604985146821,0,0.002406088839117293,0.4921875,0.62451171875,0.4921875,0.62451171875,-0.4897814111608827,0,UNKNOWN,UNKNOWN_OR_COVER,S-UNIWARD,HILL,-0.27085711763225995,-0.42428233048169195,0.153425212849432,0,
COVER__5248.pgm,5248.pgm,COVER,0,${BOSSBASE_ROOT}\cover\5248.pgm,0.022116588802079524,0.491455078125,0.51220703125,0.491455078125,0.51220703125,-0.4693384893229205,0,0.011201213376078314,0.50537109375,0.5322265625,0.50537109375,0.5322265625,-0.4941698803739217,0,0.048047358605688754,0.50048828125,0.548828125,0.50048828125,0.548828125,-0.45244092264431124,0,0.010448625445116808,0.52783203125,0.54833984375,0.52783203125,0.54833984375,-0.5173834058048832,0,0.12819735207225894,0.4921875,0.62451171875,0.4921875,0.62451171875,-0.3639901479277411,0,UNKNOWN,UNKNOWN_OR_COVER,MiPOD,HILL,-0.3292452458829962,-0.42063724021378857,0.09139199433079237,0,
COVER__8303.pgm,8303.pgm,COVER,0,${BOSSBASE_ROOT}\cover\8303.pgm,0.5018787295616316,0.491455078125,0.51220703125,0.491455078125,0.51220703125,0.010423651436631598,1,0.5050428587853318,0.50537109375,0.5322265625,0.50537109375,0.5322265625,-0.0003282349646681615,0,0.5106795278658912,0.50048828125,0.548828125,0.50048828125,0.548828125,0.010191246615891214,1,0.5160467333583045,0.52783203125,0.54833984375,0.52783203125,0.54833984375,-0.011785297891695468,0,0.507342764309535,0.4921875,0.62451171875,0.4921875,0.62451171875,0.015155264309534955,1,MiPOD|WOW,AMBIGUOUS,MiPOD,WOW,0.06515526430953496,0.0604236514366316,0.004731612872903357,3,"WOW,HILL,MiPOD"
COVER__7068.pgm,7068.pgm,COVER,0,${BOSSBASE_ROOT}\cover\7068.pgm,0.007547923375900623,0.491455078125,0.51220703125,0.491455078125,0.51220703125,-0.4839071547490994,0,0.011961098249809548,0.50537109375,0.5322265625,0.50537109375,0.5322265625,-0.49340999550019043,0,0.007121428745735101,0.50048828125,0.548828125,0.50048828125,0.548828125,-0.4933668525042649,0,0.0057525450502372046,0.52783203125,0.54833984375,0.52783203125,0.54833984375,-0.5220794861997627,0,0.008544330693441928,0.4921875,0.62451171875,0.4921875,0.62451171875,-0.4836431693065581,0,UNKNOWN,UNKNOWN_OR_COVER,MiPOD,WOW,-0.45281651127549905,-0.45308863343296835,0.00027212215746930113,0,
COVER__5861.pgm,5861.pgm,COVER,0,${BOSSBASE_ROOT}\cover\5861.pgm,0.008219693061967886,0.491455078125,0.51220703125,0.491455078125,0.51220703125,-0.4832353850630321,0,0.011732463956348185,0.50537109375,0.5322265625,0.50537109375,0.5322265625,-0.4936386297936518,0,0.010169657753872614,0.50048828125,0.548828125,0.50048828125,0.548828125,-0.49031862349612737,0,0.011158031248084033,0.52783203125,0.54833984375,0.52783203125,0.54833984375,-0.516674000001916,0,0.009090383313658499,0.4921875,0.62451171875,0.4921875,0.62451171875,-0.4830971166863415,0,UNKNOWN,UNKNOWN_OR_COVER,MiPOD,WOW,-0.4522536210812097,-0.4523961538431475,0.00014253276193781916,0,
COVER__3369.pgm,3369.pgm,COVER,0,${BOSSBASE_ROOT}\cover\3369.pgm,0.008711384457705508,0.491455078125,0.51220703125,0.491455078125,0.51220703125,-0.48274369366729447,0,0.011508149064303403,0.50537109375,0.5322265625,0.50537109375,0.5322265625,-0.4938629446856966,0,0.006641112642077409,0.50048828125,0.548828125,0.50048828125,0.548828125,-0.4938471686079226,0,0.0077555367808475675,0.52783203125,0.54833984375,0.52783203125,0.54833984375,-0.5200764944691524,0,0.008315778477474129,0.4921875,0.62451171875,0.4921875,0.62451171875,-0.4838717215225259,0,UNKNOWN,UNKNOWN_OR_COVER,WOW,MiPOD,-0.45188929533430394,-0.4530521081873996,0.0011628128530956627,0,
COVER__254.pgm,254.pgm,COVER,0,${BOSSBASE_ROOT}\cover\254.pgm,0.02267243783140424,0.491455078125,0.51220703125,0.491455078125,0.51220703125,-0.46878264029359573,0,0.5340050425503021,0.50537109375,0.5322265625,0.50537109375,0.5322265625,0.028633948800302123,0,0.43068602613188633,0.50048828125,0.548828125,0.50048828125,0.548828125,-0.06980225511811367,0,0.49637800830331197,0.52783203125,0.54833984375,0.52783203125,0.54833984375,-0.03145402294668803,0,0.5316349320727091,0.4921875,0.62451171875,0.4921875,0.62451171875,0.039447432072709065,1,MiPOD|S-UNIWARD,AMBIGUOUS,MiPOD,S-UNIWARD,0.08944743207270907,0.07854510382571245,0.01090232824699662,2,"S-UNIWARD,MiPOD"
COVER__5732.pgm,5732.pgm,COVER,0,${BOSSBASE_ROOT}\cover\5732.pgm,0.017712298703411445,0.491455078125,0.51220703125,0.491455078125,0.51220703125,-0.47374277942158854,0,0.06418264360901972,0.50537109375,0.5322265625,0.50537109375,0.5322265625,-0.4411884501409803,0,0.5777336229837708,0.50048828125,0.548828125,0.50048828125,0.548828125,0.07724534173377084,0,0.8763171902779356,0.52783203125,0.54833984375,0.52783203125,0.54833984375,0.34848515902793564,0,0.5236943974464177,0.4921875,0.62451171875,0.4921875,0.62451171875,0.03150689744641766,1,HUGO,ATTRIBUTED,HUGO,HILL,0.3845041259586198,0.12582075521471647,0.25868337074390335,3,"HILL,HUGO,MiPOD"
COVER__5912.pgm,5912.pgm,COVER,0,${BOSSBASE_ROOT}\cover\5912.pgm,0.008445626941126032,0.491455078125,0.51220703125,0.491455078125,0.51220703125,-0.48300945118387395,0,0.010652510839726164,0.50537109375,0.5322265625,0.50537109375,0.5322265625,-0.4947185829102738,0,0.007695647178392188,0.50048828125,0.548828125,0.50048828125,0.548828125,-0.49279263407160784,0,0.007937994101407319,0.52783203125,0.54833984375,0.52783203125,0.54833984375,-0.5198940371485927,0,0.00952248567033666,0.4921875,0.62451171875,0.4921875,0.62451171875,-0.48266501432966336,0,UNKNOWN,UNKNOWN_OR_COVER,MiPOD,WOW,-0.4518081882975454,-0.4521632515496788,0.00035506325213341405,0,
COVER__7019.pgm,7019.pgm,COVER,0,${BOSSBASE_ROOT}\cover\7019.pgm,0.009859855303538789,0.491455078125,0.51220703125,0.491455078125,0.51220703125,-0.4815952228214612,0,0.013636835281429876,0.50537109375,0.5322265625,0.50537109375,0.5322265625,-0.4917342584685701,0,0.012624949281564409,0.50048828125,0.548828125,0.50048828125,0.548828125,-0.48786333196843557,0,0.008251598569085517,0.52783203125,0.54833984375,0.52783203125,0.54833984375,-0.5195804326809145,0,0.07107366938018356,0.4921875,0.62451171875,0.4921875,0.62451171875,-0.42111383061981644,0,UNKNOWN,UNKNOWN_OR_COVER,MiPOD,WOW,-0.3882980612013423,-0.45070536875547884,0.06240730755413654,0,
COVER__6128.pgm,6128.pgm,COVER,0,${BOSSBASE_ROOT}\cover\6128.pgm,0.009268013380914325,0.491455078125,0.51220703125,0.491455078125,0.51220703125,-0.4821870647440857,0,0.009449081319055452,0.50537109375,0.5322265625,0.50537109375,0.5322265625,-0.4959220124309445,0,0.008950711436881996,0.50048828125,0.548828125,0.50048828125,0.548828125,-0.491537569813118,0,0.01005236865796813,0.52783203125,0.54833984375,0.52783203125,0.54833984375,-0.5177796625920319,0,0.012100385813544712,0.4921875,0.62451171875,0.4921875,0.62451171875,-0.4800871141864553,0,UNKNOWN,UNKNOWN_OR_COVER,MiPOD,WOW,-0.44915063971934327,-0.45131548717978986,0.002164847460446595,0,
COVER__7929.pgm,7929.pgm,COVER,0,${BOSSBASE_ROOT}\cover\7929.pgm,0.021491764773672907,0.491455078125,0.51220703125,0.491455078125,0.51220703125,-0.46996331335132707,0,0.14547918886307865,0.50537109375,0.5322265625,0.50537109375,0.5322265625,-0.35989190488692135,0,0.41697468906382473,0.50048828125,0.548828125,0.50048828125,0.548828125,-0.08351359218617527,0,0.016979992237318317,0.52783203125,0.54833984375,0.52783203125,0.54833984375,-0.5108520390126817,0,0.7648916107800069,0.4921875,0.62451171875,0.4921875,0.62451171875,0.2727041107800069,0,MiPOD,ATTRIBUTED,MiPOD,HILL,0.31615551257290764,-0.037519663014910325,0.35367517558781797,1,MiPOD
COVER__2342.pgm,2342.pgm,COVER,0,${BOSSBASE_ROOT}\cover\2342.pgm,0.01013041166358438,0.491455078125,0.51220703125,0.491455078125,0.51220703125,-0.48132466646141564,0,0.0194193481824486,0.50537109375,0.5322265625,0.50537109375,0.5322265625,-0.4859517455675514,0,0.009449081319055452,0.50048828125,0.548828125,0.50048828125,0.548828125,-0.4910391999309445,0,0.007876706716587462,0.52783203125,0.54833984375,0.52783203125,0.54833984375,-0.5199553245334125,0,0.011029470022501837,0.4921875,0.62451171875,0.4921875,0.62451171875,-0.4811580299774982,0,UNKNOWN,UNKNOWN_OR_COVER,MiPOD,WOW,-0.4502546681358308,-0.45042645381827273,0.00017178568244191617,0,
COVER__9301.pgm,9301.pgm,COVER,0,${BOSSBASE_ROOT}\cover\9301.pgm,0.010368156650788152,0.491455078125,0.51220703125,0.491455078125,0.51220703125,-0.48108692147421184,0,0.008380453351026062,0.50537109375,0.5322265625,0.50537109375,0.5322265625,-0.49699064039897395,0,0.008916127052872005,0.50048828125,0.548828125,0.50048828125,0.548828125,-0.491572154197128,0,0.03561141336294631,0.52783203125,0.54833984375,0.52783203125,0.54833984375,-0.4922206178870537,0,0.011823394836370594,0.4921875,0.62451171875,0.4921875,0.62451171875,-0.48036410516362943,0,UNKNOWN,UNKNOWN_OR_COVER,MiPOD,WOW,-0.44943619863413486,-0.4501813620626054,0.00074516342847053,0,
COVER__7425.pgm,7425.pgm,COVER,0,${BOSSBASE_ROOT}\cover\7425.pgm,0.08929564281260088,0.491455078125,0.51220703125,0.491455078125,0.51220703125,-0.4021594353123991,0,0.4777064413175758,0.50537109375,0.5322265625,0.50537109375,0.5322265625,-0.02766465243242422,0,0.05834584061168106,0.50048828125,0.548828125,0.50048828125,0.548828125,-0.4421424406383189,0,0.033085978388704126,0.52783203125,0.54833984375,0.52783203125,0.54833984375,-0.49474605286129586,0,0.004133968090452445,0.4921875,0.62451171875,0.4921875,0.62451171875,-0.48805353190954753,0,S-UNIWARD,ATTRIBUTED,S-UNIWARD,WOW,0.020971073045442094,-0.3687157305604824,0.3896868036059245,0,
COVER__3674.pgm,3674.pgm,COVER,0,${BOSSBASE_ROOT}\cover\3674.pgm,0.7574357102110338,0.491455078125,0.51220703125,0.491455078125,0.51220703125,0.26598063208603384,0,0.5779122926011899,0.50537109375,0.5322265625,0.50537109375,0.5322265625,0.07254119885118993,0,0.7740714376449187,0.50048828125,0.548828125,0.50048828125,0.548828125,0.2735831563949187,0,0.42161135489214135,0.52783203125,0.54833984375,0.52783203125,0.54833984375,-0.10622067635785865,0,0.6965778917551273,0.4921875,0.62451171875,0.4921875,0.62451171875,0.2043903917551273,0,HILL|WOW,AMBIGUOUS,HILL,WOW,0.3134992540599567,0.30510691061828926,0.00839234344166745,4,"WOW,S-UNIWARD,HILL,MiPOD"
COVER__9975.pgm,9975.pgm,COVER,0,${BOSSBASE_ROOT}\cover\9975.pgm,0.01028830113371619,0.491455078125,0.51220703125,0.491455078125,0.51220703125,-0.4811667769912838,0,0.011331753531361453,0.50537109375,0.5322265625,0.50537109375,0.5322265625,-0.49403934021863855,0,0.008315778477474129,0.50048828125,0.548828125,0.50048828125,0.548828125,-0.4921725027725259,0,0.007121428745735101,0.52783203125,0.54833984375,0.52783203125,0.54833984375,-0.5207106025042649,0,0.008283626886030505,0.4921875,0.62451171875,0.4921875,0.62451171875,-0.4839038731139695,0,UNKNOWN,UNKNOWN_OR_COVER,WOW,MiPOD,-0.4502636854605663,-0.4530852506625303,0.002821565201964027,0,
COVER__7519.pgm,7519.pgm,COVER,0,${BOSSBASE_ROOT}\cover\7519.pgm,0.389836853635373,0.491455078125,0.51220703125,0.491455078125,0.51220703125,-0.10161822448962698,0,0.5043105011174998,0.50537109375,0.5322265625,0.50537109375,0.5322265625,-0.0010605926325002457,0,0.4526266551252466,0.50048828125,0.548828125,0.50048828125,0.548828125,-0.04786162612475342,0,0.5434690855382927,0.52783203125,0.54833984375,0.52783203125,0.54833984375,0.01563705428829265,1,0.48252055364503216,0.4921875,0.62451171875,0.4921875,0.62451171875,-0.009666946354967842,0,HUGO|S-UNIWARD,AMBIGUOUS,HUGO,S-UNIWARD,0.06563705428829265,0.048886405847353896,0.016750648440938758,1,HUGO
COVER__8650.pgm,8650.pgm,COVER,0,${BOSSBASE_ROOT}\cover\8650.pgm,0.00959645473238191,0.491455078125,0.51220703125,0.491455078125,0.51220703125,-0.4818586233926181,0,0.008251598569085517,0.50537109375,0.5322265625,0.50537109375,0.5322265625,-0.4971194951809145,0,0.00959645473238191,0.50048828125,0.548828125,0.50048828125,0.548828125,-0.4908918265176181,0,0.006903838071221877,0.52783203125,0.54833984375,0.52783203125,0.54833984375,-0.5209281931787781,0,0.009161026922093826,0.4921875,0.62451171875,0.4921875,0.62451171875,-0.4830264730779062,0,UNKNOWN,UNKNOWN_OR_COVER,WOW,MiPOD,-0.45097690466036683,-0.45218079849998377,0.001203893839616943,0,
COVER__7936.pgm,7936.pgm,COVER,0,${BOSSBASE_ROOT}\cover\7936.pgm,0.4659342051083992,0.491455078125,0.51220703125,0.491455078125,0.51220703125,-0.025520873016600776,0,0.6647579792606675,0.50537109375,0.5322265625,0.50537109375,0.5322265625,0.1593868855106675,0,0.4700523685759637,0.50048828125,0.548828125,0.50048828125,0.548828125,-0.03043591267403628,0,0.5444381011669821,0.52783203125,0.54833984375,0.52783203125,0.54833984375,0.016606069916982102,1,0.5800547248797049,0.4921875,0.62451171875,0.4921875,0.62451171875,0.08786722487970489,1,S-UNIWARD,ATTRIBUTED,S-UNIWARD,MiPOD,0.20318065633594817,0.13786722487970487,0.0653134314562433,3,"S-UNIWARD,HUGO,MiPOD"
COVER__3581.pgm,3581.pgm,COVER,0,${BOSSBASE_ROOT}\cover\3581.pgm,0.019794778861558837,0.491455078125,0.51220703125,0.491455078125,0.51220703125,-0.47166029926344116,0,0.13649324873027255,0.50537109375,0.5322265625,0.50537109375,0.5322265625,-0.3688778450197274,0,0.5103821134773769,0.50048828125,0.548828125,0.50048828125,0.548828125,0.009893832227376942,1,0.09170696264527785,0.52783203125,0.54833984375,0.52783203125,0.54833984375,-0.43612506860472217,0,0.30445511497547334,0.4921875,0.62451171875,0.4921875,0.62451171875,-0.18773238502452666,0,HILL,ATTRIBUTED,HILL,MiPOD,0.059893832227376945,-0.14629056069394408,0.206184392921321,1,HILL
COVER__944.pgm,944.pgm,COVER,0,${BOSSBASE_ROOT}\cover\944.pgm,0.02696349986233355,0.491455078125,0.51220703125,0.491455078125,0.51220703125,-0.46449157826266646,0,0.07878401675683738,0.50537109375,0.5322265625,0.50537109375,0.5322265625,-0.4265870769931626,0,0.035344078057552845,0.50048828125,0.548828125,0.50048828125,0.548828125,-0.46514420319244715,0,0.010860331013277531,0.52783203125,0.54833984375,0.52783203125,0.54833984375,-0.5169717002367225,0,0.3163692664610594,0.4921875,0.62451171875,0.4921875,0.62451171875,-0.1758182335389406,0,UNKNOWN,UNKNOWN_OR_COVER,MiPOD,S-UNIWARD,-0.13387971204821586,-0.3939504257395787,0.26007071369136286,0,
COVER__4972.pgm,4972.pgm,COVER,0,${BOSSBASE_ROOT}\cover\4972.pgm,0.00834805380978326,0.491455078125,0.51220703125,0.491455078125,0.51220703125,-0.48310702431521674,0,0.007547923375900623,0.50537109375,0.5322265625,0.50537109375,0.5322265625,-0.4978231703740994,0,0.009449081319055452,0.50048828125,0.548828125,0.50048828125,0.548828125,-0.4910391999309445,0,0.006589771663080563,0.52783203125,0.54833984375,0.52783203125,0.54833984375,-0.5212422595869194,0,0.015365341441302218,0.4921875,0.62451171875,0.4921875,0.62451171875,-0.4768221585586978,0,UNKNOWN,UNKNOWN_OR_COVER,MiPOD,WOW,-0.4457845128051642,-0.4522638342944788,0.006479321489314627,0,
COVER__1302.pgm,1302.pgm,COVER,0,${BOSSBASE_ROOT}\cover\1302.pgm,0.008610767667510729,0.491455078125,0.51220703125,0.491455078125,0.51220703125,-0.48284431045748927,0,0.01744248473620534,0.50537109375,0.5322265625,0.50537109375,0.5322265625,-0.48792860901379465,0,0.00834805380978326,0.50048828125,0.548828125,0.50048828125,0.548828125,-0.49214022744021674,0,0.011375600238837661,0.52783203125,0.54833984375,0.52783203125,0.54833984375,-0.5164564310111623,0,0.008544330693441928,0.4921875,0.62451171875,0.4921875,0.62451171875,-0.4836431693065581,0,UNKNOWN,UNKNOWN_OR_COVER,WOW,MiPOD,-0.4519930164388467,-0.45281651127549905,0.0008234948366523387,0,
COVER__982.pgm,982.pgm,COVER,0,${BOSSBASE_ROOT}\cover\982.pgm,0.009783876017655003,0.491455078125,0.51220703125,0.491455078125,0.51220703125,-0.481671202107345,0,0.007999754508377905,0.50537109375,0.5322265625,0.50537109375,0.5322265625,-0.4973713392416221,0,0.010570488620307572,0.50048828125,0.548828125,0.50048828125,0.548828125,-0.48991779262969243,0,0.008156248626973424,0.52783203125,0.54833984375,0.52783203125,0.54833984375,-0.5196757826230266,0,0.00959645473238191,0.4921875,0.62451171875,0.4921875,0.62451171875,-0.4825910452676181,0,UNKNOWN,UNKNOWN_OR_COVER,WOW,MiPOD,-0.4507836949412566,-0.4517319367006034,0.000948241759346824,0,
COVER__2344.pgm,2344.pgm,COVER,0,${BOSSBASE_ROOT}\cover\2344.pgm,0.008881675100847034,0.491455078125,0.51220703125,0.491455078125,0.51220703125,-0.48257340302415297,0,0.013428254741968517,0.50537109375,0.5322265625,0.50537109375,0.5322265625,-0.4919428390080315,0,0.01028830113371619,0.50048828125,0.548828125,0.50048828125,0.548828125,-0.4901999801162838,0,0.00959645473238191,0.52783203125,0.54833984375,0.52783203125,0.54833984375,-0.5182355765176181,0,0.01307078477418707,0.4921875,0.62451171875,0.4921875,0.62451171875,-0.47911671522581295,0,UNKNOWN,UNKNOWN_OR_COVER,MiPOD,WOW,-0.4481502054652803,-0.45171375002842934,0.003563544563149057,0,
COVER__1379.pgm,1379.pgm,COVER,0,${BOSSBASE_ROOT}\cover\1379.pgm,0.07668380218329518,0.491455078125,0.51220703125,0.491455078125,0.51220703125,-0.4147712759417048,0,0.8030193701316863,0.50537109375,0.5322265625,0.50537109375,0.5322265625,0.29764827638168634,0,0.031738591899222963,0.50048828125,0.548828125,0.50048828125,0.548828125,-0.46874968935077704,0,0.863621810847349,0.52783203125,0.54833984375,0.52783203125,0.54833984375,0.335789779597349,0,0.9138304453571467,0.4921875,0.62451171875,0.4921875,0.62451171875,0.42164294535714675,0,MiPOD,ATTRIBUTED,MiPOD,HUGO,0.4590816210233722,0.3722689359386925,0.08681268508467971,3,"S-UNIWARD,HUGO,MiPOD"
COVER__4690.pgm,4690.pgm,COVER,0,${BOSSBASE_ROOT}\cover\4690.pgm,0.007937994101407319,0.491455078125,0.51220703125,0.491455078125,0.51220703125,-0.48351708402359267,0,0.009232214404536282,0.50537109375,0.5322265625,0.50537109375,0.5322265625,-0.49613887934546375,0,0.010448625445116808,0.50048828125,0.548828125,0.50048828125,0.548828125,-0.4900396558048832,0,0.00881316650304586,0.52783203125,0.54833984375,0.52783203125,0.54833984375,-0.5190188647469541,0,0.007547923375900623,0.4921875,0.62451171875,0.4921875,0.62451171875,-0.4846395766240994,0,UNKNOWN,UNKNOWN_OR_COVER,WOW,MiPOD,-0.4526865389595892,-0.4538436192029816,0.0011570802433923943,0,
COVER__939.pgm,939.pgm,COVER,0,${BOSSBASE_ROOT}\cover\939.pgm,0.011823394836370594,0.491455078125,0.51220703125,0.491455078125,0.51220703125,-0.47963168328862943,0,0.24853418596531882,0.50537109375,0.5322265625,0.50537109375,0.5322265625,-0.25683690778468116,0,0.054399318044658335,0.50048828125,0.548828125,0.50048828125,0.548828125,-0.44608896320534164,0,0.6489114537896132,0.52783203125,0.54833984375,0.52783203125,0.54833984375,0.12107942253961324,0,0.8068526199774353,0.4921875,0.62451171875,0.4921875,0.62451171875,0.3146651199774353,0,MiPOD,ATTRIBUTED,MiPOD,HUGO,0.35633098063383617,0.16629544012350483,0.19003554051033134,2,"HUGO,MiPOD"
COVER__7369.pgm,7369.pgm,COVER,0,${BOSSBASE_ROOT}\cover\7369.pgm,0.009936418705946226,0.491455078125,0.51220703125,0.491455078125,0.51220703125,-0.48151865941905375,0,0.01077672605008006,0.50537109375,0.5322265625,0.50537109375,0.5322265625,-0.49459436769991993,0,0.13998317845438807,0.50048828125,0.548828125,0.50048828125,0.548828125,-0.36050510279561193,0,0.0143370304240108,0.52783203125,0.54833984375,0.52783203125,0.54833984375,-0.5134950008259892,0,0.177382970468393,0.4921875,0.62451171875,0.4921875,0.62451171875,-0.314804529531607,0,UNKNOWN,UNKNOWN_OR_COVER,MiPOD,HILL,-0.27830795251234747,-0.32563890195601236,0.047330949443664894,0,
COVER__9655.pgm,9655.pgm,COVER,0,${BOSSBASE_ROOT}\cover\9655.pgm,0.01013041166358438,0.491455078125,0.51220703125,0.491455078125,0.51220703125,-0.48132466646141564,0,0.007937994101407319,0.50537109375,0.5322265625,0.50537109375,0.5322265625,-0.49743309964859267,0,0.426560449062534,0.50048828125,0.548828125,0.50048828125,0.548828125,-0.07392783218746601,0,0.008544330693441928,0.52783203125,0.54833984375,0.52783203125,0.54833984375,-0.519287700556558,0,0.09484524420535369,0.4921875,0.62451171875,0.4921875,0.62451171875,-0.3973422557946463,0,UNKNOWN,UNKNOWN_OR_COVER,HILL,MiPOD,-0.02749089636424587,-0.36373705805513473,0.33624616169088883,0,
COVER__2183.pgm,2183.pgm,COVER,0,${BOSSBASE_ROOT}\cover\2183.pgm,0.5039862741814651,0.491455078125,0.51220703125,0.491455078125,0.51220703125,0.012531196056465133,1,0.5063816419653446,0.50537109375,0.5322265625,0.50537109375,0.5322265625,0.001010548215344631,1,0.5058476642704307,0.50048828125,0.548828125,0.50048828125,0.548828125,0.005359383020430708,1,0.5031108454794911,0.52783203125,0.54833984375,0.52783203125,0.54833984375,-0.024721185770508858,0,0.5060726994243702,0.4921875,0.62451171875,0.4921875,0.62451171875,0.013885199424370165,1,MiPOD|WOW,AMBIGUOUS,MiPOD,WOW,0.06388519942437017,0.06253119605646514,0.0013540033679050323,4,"WOW,S-UNIWARD,HILL,MiPOD"
COVER__7453.pgm,7453.pgm,COVER,0,${BOSSBASE_ROOT}\cover\7453.pgm,0.012100385813544712,0.491455078125,0.51220703125,0.491455078125,0.51220703125,-0.4793546923114553,0,0.0063883209097212856,0.50537109375,0.5322265625,0.50537109375,0.5322265625,-0.4989827728402787,0,0.0038244836446372104,0.50048828125,0.548828125,0.50048828125,0.548828125,-0.4966637976053628,0,0.011331753531361453,0.52783203125,0.54833984375,0.52783203125,0.54833984375,-0.5165002777186386,0,0.013480102975266339,0.4921875,0.62451171875,0.4921875,0.62451171875,-0.47870739702473364,0,UNKNOWN,UNKNOWN_OR_COVER,MiPOD,WOW,-0.4477282095136921,-0.4483955509938729,0.0006673414801808275,0,
COVER__828.pgm,828.pgm,COVER,0,${BOSSBASE_ROOT}\cover\828.pgm,0.2792384696349455,0.491455078125,0.51220703125,0.491455078125,0.51220703125,-0.21221660849005453,0,0.39484246425332026,0.50537109375,0.5322265625,0.50537109375,0.5322265625,-0.11052862949667974,0,0.42316002940138925,0.50048828125,0.548828125,0.50048828125,0.548828125,-0.07732825184861075,0,0.04569203238158463,0.52783203125,0.54833984375,0.52783203125,0.54833984375,-0.48213999886841535,0,0.3867055433214176,0.4921875,0.62451171875,0.4921875,0.62451171875,-0.1054819566785824,0,UNKNOWN,UNKNOWN_OR_COVER,HILL,MiPOD,-0.031048952927262632,-0.06048742119270162,0.029438468265438986,0,
COVER__8961.pgm,8961.pgm,COVER,0,${BOSSBASE_ROOT}\cover\8961.pgm,0.02479816019558566,0.491455078125,0.51220703125,0.491455078125,0.51220703125,-0.4666569179294143,0,0.10521053670308635,0.50537109375,0.5322265625,0.50537109375,0.5322265625,-0.40016055704691367,0,0.6190683450976542,0.50048828125,0.548828125,0.50048828125,0.548828125,0.11858006384765418,0,0.6486889357268106,0.52783203125,0.54833984375,0.52783203125,0.54833984375,0.12085690447681063,0,0.5691343781572562,0.4921875,0.62451171875,0.4921875,0.62451171875,0.0769468781572562,1,HUGO|HILL,AMBIGUOUS,HUGO,HILL,0.16608298456084514,0.16518855720123124,0.0008944273596138974,3,"HILL,HUGO,MiPOD"
COVER__8378.pgm,8378.pgm,COVER,0,${BOSSBASE_ROOT}\cover\8378.pgm,0.012479699745327848,0.491455078125,0.51220703125,0.491455078125,0.51220703125,-0.47897537837967213,0,0.007665874688645945,0.50537109375,0.5322265625,0.50537109375,0.5322265625,-0.49770521906135406,0,0.01128807389923099,0.50048828125,0.548828125,0.50048828125,0.548828125,-0.489200207350769,0,0.008644177936723585,0.52783203125,0.54833984375,0.52783203125,0.54833984375,-0.5191878533132764,0,0.013636835281429876,0.4921875,0.62451171875,0.4921875,0.62451171875,-0.4785506647185701,0,UNKNOWN,UNKNOWN_OR_COVER,MiPOD,WOW,-0.4475666213875049,-0.44800449160100425,0.0004378702134993362,0,
COVER__5011.pgm,5011.pgm,COVER,0,${BOSSBASE_ROOT}\cover\5011.pgm,0.00952248567033666,0.491455078125,0.51220703125,0.491455078125,0.51220703125,-0.48193259245466336,0,0.008644177936723585,0.50537109375,0.5322265625,0.50537109375,0.5322265625,-0.49672691581327644,0,0.01052971212461742,0.50048828125,0.548828125,0.50048828125,0.548828125,-0.4899585691253826,0,0.004962942101872842,0.52783203125,0.54833984375,0.52783203125,0.54833984375,-0.5228690891481271,0,0.008644177936723585,0.4921875,0.62451171875,0.4921875,0.62451171875,-0.48354332206327644,0,UNKNOWN,UNKNOWN_OR_COVER,WOW,MiPOD,-0.4510531579296997,-0.45271358592172556,0.0016604279920258702,0,
COVER__6933.pgm,6933.pgm,COVER,0,${BOSSBASE_ROOT}\cover\6933.pgm,0.41721211727766583,0.491455078125,0.51220703125,0.491455078125,0.51220703125,-0.07424296084733417,0,0.42125418617327437,0.50537109375,0.5322265625,0.50537109375,0.5322265625,-0.08411690757672563,0,0.49331323438180247,0.50048828125,0.548828125,0.50048828125,0.548828125,-0.007175046868197532,0,0.40686197594582224,0.52783203125,0.54833984375,0.52783203125,0.54833984375,-0.12097005530417776,0,0.5191861315636337,0.4921875,0.62451171875,0.4921875,0.62451171875,0.02699863156363369,1,MiPOD,ATTRIBUTED,MiPOD,HILL,0.0769986315636337,0.042467484748172524,0.03453114681546117,1,MiPOD
COVER__5482.pgm,5482.pgm,COVER,0,${BOSSBASE_ROOT}\cover\5482.pgm,0.011463797377996032,0.491455078125,0.51220703125,0.491455078125,0.51220703125,-0.479991280747004,0,0.009412589587609823,0.50537109375,0.5322265625,0.50537109375,0.5322265625,-0.4959585041623902,0,0.011552670335220809,0.50048828125,0.548828125,0.50048828125,0.548828125,-0.4889356109147792,0,0.008412977570977689,0.52783203125,0.54833984375,0.52783203125,0.54833984375,-0.5194190536790223,0,0.010013570623173138,0.4921875,0.62451171875,0.4921875,0.62451171875,-0.48217392937682685,0,UNKNOWN,UNKNOWN_OR_COVER,WOW,MiPOD,-0.4490518413890737,-0.4513019463003586,0.002250104911284856,0,
COVER__791.pgm,791.pgm,COVER,0,${BOSSBASE_ROOT}\cover\791.pgm,0.010735162609090678,0.491455078125,0.51220703125,0.491455078125,0.51220703125,-0.4807199155159093,0,0.015247590621499624,0.50537109375,0.5322265625,0.50537109375,0.5322265625,-0.4901235031285004,0,0.008511303026562552,0.50048828125,0.548828125,0.50048828125,0.548828125,-0.49197697822343744,0,0.17023193729466576,0.52783203125,0.54833984375,0.52783203125,0.54833984375,-0.3576000939553342,0,0.00952248567033666,0.4921875,0.62451171875,0.4921875,0.62451171875,-0.48266501432966336,0,UNKNOWN,UNKNOWN_OR_COVER,HUGO,WOW,-0.3226324592322386,-0.44980301149821245,0.12717055226597385,0,
COVER__2831.pgm,2831.pgm,COVER,0,${BOSSBASE_ROOT}\cover\2831.pgm,0.35499188484035216,0.491455078125,0.51220703125,0.491455078125,0.51220703125,-0.13646319328464784,0,0.07120272707185868,0.50537109375,0.5322265625,0.50537109375,0.5322265625,-0.4341683666781413,0,0.33906123535508736,0.50048828125,0.548828125,0.50048828125,0.548828125,-0.16142704589491264,0,0.01191502196714824,0.52783203125,0.54833984375,0.52783203125,0.54833984375,-0.5159170092828518,0,0.4526266551252466,0.4921875,0.62451171875,0.4921875,0.62451171875,-0.03956084487475342,0,MiPOD,ATTRIBUTED,MiPOD,WOW,0.008499728496244863,-0.09284127172156434,0.1013410002178092,0,
COVER__7474.pgm,7474.pgm,COVER,0,${BOSSBASE_ROOT}\cover\7474.pgm,0.4476413825563833,0.491455078125,0.51220703125,0.491455078125,0.51220703125,-0.043813695568616695,0,0.22815650216092537,0.50537109375,0.5322265625,0.50537109375,0.5322265625,-0.27721459158907463,0,0.4813471613455247,0.50048828125,0.548828125,0.50048828125,0.548828125,-0.019141119904475312,0,0.542196754179948,0.52783203125,0.54833984375,0.52783203125,0.54833984375,0.014364722929947948,1,0.35186764201759585,0.4921875,0.62451171875,0.4921875,0.62451171875,-0.14031985798240415,0,HUGO,ATTRIBUTED,HUGO,HILL,0.06436472292994795,0.029910925499248814,0.03445379743069914,1,HUGO
COVER__5253.pgm,5253.pgm,COVER,0,${BOSSBASE_ROOT}\cover\5253.pgm,0.00912563738918052,0.491455078125,0.51220703125,0.491455078125,0.51220703125,-0.48232944073581946,0,0.01005236865796813,0.50537109375,0.5322265625,0.50537109375,0.5322265625,-0.4953187250920319,0,0.007846239292520898,0.50048828125,0.548828125,0.50048828125,0.548828125,-0.4926420419574791,0,0.012100385813544712,0.52783203125,0.54833984375,0.52783203125,0.54833984375,-0.5157316454364553,0,0.008847355082930386,0.4921875,0.62451171875,0.4921875,0.62451171875,-0.4833401449170696,0,UNKNOWN,UNKNOWN_OR_COVER,WOW,MiPOD,-0.45146225823011293,-0.4525041442413276,0.0010418860112146877,0,
COVER__5533.pgm,5533.pgm,COVER,0,${BOSSBASE_ROOT}\cover\5533.pgm,0.0077555367808475675,0.491455078125,0.51220703125,0.491455078125,0.51220703125,-0.48369954134415244,0,0.9224823435231172,0.50537109375,0.5322265625,0.50537109375,0.5322265625,0.4171112497731172,0,0.7826624789529376,0.50048828125,0.548828125,0.50048828125,0.548828125,0.2821741977029376,0,0.016785489890063697,0.52783203125,0.54833984375,0.52783203125,0.54833984375,-0.5110465413599363,0,0.8609547092195301,0.4921875,0.62451171875,0.4921875,0.62451171875,0.3687672092195301,0,S-UNIWARD,ATTRIBUTED,S-UNIWARD,MiPOD,0.4509554356903207,0.4082387535246946,0.04271668216562613,3,"S-UNIWARD,HILL,MiPOD"
COVER__3444.pgm,3444.pgm,COVER,0,${BOSSBASE_ROOT}\cover\3444.pgm,0.5182718890558405,0.491455078125,0.51220703125,0.491455078125,0.51220703125,0.02681681093084054,0,0.501779548760405,0.50537109375,0.5322265625,0.50537109375,0.5322265625,-0.003591544989595019,0,0.5011129360892241,0.50048828125,0.548828125,0.50048828125,0.548828125,0.0006246548392241369,1,0.499464512076071,0.52783203125,0.54833984375,0.52783203125,0.54833984375,-0.02836751917392899,0,0.4983911569806444,0.4921875,0.62451171875,0.4921875,0.62451171875,0.006203656980644401,1,WOW|MiPOD,AMBIGUOUS,WOW,MiPOD,0.07651448574686359,0.056203656980644404,0.02031082876621919,3,"WOW,HILL,MiPOD"
COVER__1878.pgm,1878.pgm,COVER,0,${BOSSBASE_ROOT}\cover\1878.pgm,0.012479699745327848,0.491455078125,0.51220703125,0.491455078125,0.51220703125,-0.47897537837967213,0,0.018869254537334273,0.50537109375,0.5322265625,0.50537109375,0.5322265625,-0.4865018392126657,0,0.01826427835185701,0.50048828125,0.548828125,0.50048828125,0.548828125,-0.482224002898143,0,0.01005236865796813,0.52783203125,0.54833984375,0.52783203125,0.54833984375,-0.5177796625920319,0,0.034164815507969376,0.4921875,0.62451171875,0.4921875,0.62451171875,-0.45802268449203065,0,UNKNOWN,UNKNOWN_OR_COVER,MiPOD,WOW,-0.42639602812443417,-0.44800449160100425,0.021608463476570083,0,
COVER__9935.pgm,9935.pgm,COVER,0,${BOSSBASE_ROOT}\cover\9935.pgm,0.12400069523126615,0.491455078125,0.51220703125,0.491455078125,0.51220703125,-0.36745438289373383,0,0.020567095346428456,0.50537109375,0.5322265625,0.50537109375,0.5322265625,-0.4848039984035715,0,9.061478030830708e-07,0.50048828125,0.548828125,0.50048828125,0.548828125,-0.5004873751021969,0,0.9550683569776217,0.52783203125,0.54833984375,0.52783203125,0.54833984375,0.4272363257276217,0,0.5535957908545561,0.4921875,0.62451171875,0.4921875,0.62451171875,0.061408290854556125,1,HUGO,ATTRIBUTED,HUGO,MiPOD,0.4605275721489814,0.11140829085455613,0.34911928129442527,2,"HUGO,MiPOD"
COVER__3095.pgm,3095.pgm,COVER,0,${BOSSBASE_ROOT}\cover\3095.pgm,0.02072506192038245,0.491455078125,0.51220703125,0.491455078125,0.51220703125,-0.4707300162046176,0,0.23423143716694675,0.50537109375,0.5322265625,0.50537109375,0.5322265625,-0.2711396565830533,0,0.5299932433208944,0.50048828125,0.548828125,0.50048828125,0.548828125,0.02950496207089437,1,0.644784477408059,0.52783203125,0.54833984375,0.52783203125,0.54833984375,0.116952446158059,0,0.5225067529700713,0.4921875,0.62451171875,0.4921875,0.62451171875,0.03031925297007132,1,HUGO,ATTRIBUTED,HUGO,MiPOD,0.16235545476695765,0.08031925297007132,0.08203620179688632,3,"HILL,HUGO,MiPOD"
COVER__4915.pgm,4915.pgm,COVER,0,${BOSSBASE_ROOT}\cover\4915.pgm,0.5404085052396193,0.491455078125,0.51220703125,0.491455078125,0.51220703125,0.04895342711461925,0,0.40845371483965065,0.50537109375,0.5322265625,0.50537109375,0.5322265625,-0.09691737891034935,0,0.5413482263569064,0.50048828125,0.548828125,0.50048828125,0.548828125,0.04085994510690638,1,0.5792814123138729,0.52783203125,0.54833984375,0.52783203125,0.54833984375,0.05144938106387287,0,0.5202373512576407,0.4921875,0.62451171875,0.4921875,0.62451171875,0.0280498512576407,1,HUGO|WOW,AMBIGUOUS,HUGO,WOW,0.09992599219292742,0.09756305089320348,0.0023629412997239335,4,"WOW,HILL,HUGO,MiPOD"
COVER__3195.pgm,3195.pgm,COVER,0,${BOSSBASE_ROOT}\cover\3195.pgm,0.010652510839726164,0.491455078125,0.51220703125,0.491455078125,0.51220703125,-0.4808025672852738,0,0.47566621179818563,0.50537109375,0.5322265625,0.50537109375,0.5322265625,-0.029704881951814366,0,0.5506073655352404,0.50048828125,0.548828125,0.50048828125,0.548828125,0.05011908428524037,0,0.6269239531810554,0.52783203125,0.54833984375,0.52783203125,0.54833984375,0.09909192193105543,0,0.5029353758219158,0.4921875,0.62451171875,0.4921875,0.62451171875,0.010747875821915831,1,HUGO,ATTRIBUTED,HUGO,HILL,0.14531313712402233,0.10003020135398347,0.04528293577003886,3,"HILL,HUGO,MiPOD"
COVER__4312.pgm,4312.pgm,COVER,0,${BOSSBASE_ROOT}\cover\4312.pgm,0.15908672193622103,0.491455078125,0.51220703125,0.491455078125,0.51220703125,-0.33236835618877897,0,0.4373428270087456,0.50537109375,0.5322265625,0.50537109375,0.5322265625,-0.0680282667412544,0,0.9551520965667056,0.50048828125,0.548828125,0.50048828125,0.548828125,0.45466381531670563,0,0.10800065320372512,0.52783203125,0.54833984375,0.52783203125,0.54833984375,-0.4198313780462749,0,0.6933691518027039,0.4921875,0.62451171875,0.4921875,0.62451171875,0.20118165180270386,0,HILL,ATTRIBUTED,HILL,MiPOD,0.487968532158676,0.24785463935767138,0.24011389280100465,2,"HILL,MiPOD"
COVER__9028.pgm,9028.pgm,COVER,0,${BOSSBASE_ROOT}\cover\9028.pgm,0.4934047709649772,0.491455078125,0.51220703125,0.491455078125,0.51220703125,0.0019496928399772018,1,0.5350984286266115,0.50537109375,0.5322265625,0.50537109375,0.5322265625,0.0297273348766115,0,0.5836780397069826,0.50048828125,0.548828125,0.50048828125,0.548828125,0.08318975845698262,0,0.5479479103392403,0.52783203125,0.54833984375,0.52783203125,0.54833984375,0.020115879089240285,1,0.5525397080801923,0.4921875,0.62451171875,0.4921875,0.62451171875,0.06035220808019226,1,HILL|MiPOD,AMBIGUOUS,HILL,MiPOD,0.13147727597225098,0.11035220808019226,0.021125067892058716,5,"WOW,S-UNIWARD,HILL,HUGO,MiPOD"
COVER__2690.pgm,2690.pgm,COVER,0,${BOSSBASE_ROOT}\cover\2690.pgm,0.44821492764826837,0.491455078125,0.51220703125,0.491455078125,0.51220703125,-0.04324015047673163,0,0.3779423704411517,0.50537109375,0.5322265625,0.50537109375,0.5322265625,-0.1274287233088483,0,0.4459819109072676,0.50048828125,0.548828125,0.50048828125,0.548828125,-0.054506370342732424,0,0.013902058625059313,0.52783203125,0.54833984375,0.52783203125,0.54833984375,-0.5139299726249407,0,0.6262384732594434,0.4921875,0.62451171875,0.4921875,0.62451171875,0.13405097325944337,0,MiPOD,ATTRIBUTED,MiPOD,WOW,0.18396471003311285,0.004643918263782458,0.17932079176933038,1,MiPOD
COVER__9538.pgm,9538.pgm,COVER,0,${BOSSBASE_ROOT}\cover\9538.pgm,0.008985428752560176,0.491455078125,0.51220703125,0.491455078125,0.51220703125,-0.4824696493724398,0,0.007636216494667212,0.50537109375,0.5322265625,0.50537109375,0.5322265625,-0.4977348772553328,0,0.006718870000837655,0.50048828125,0.548828125,0.50048828125,0.548828125,-0.49376941124916235,0,0.012920473039078976,0.52783203125,0.54833984375,0.52783203125,0.54833984375,-0.514911558210921,0,0.01128807389923099,0.4921875,0.62451171875,0.4921875,0.62451171875,-0.480899426100769,0,UNKNOWN,UNKNOWN_OR_COVER,MiPOD,WOW,-0.4499880714964903,-0.4516067944089222,0.0016187229124319247,0,
COVER__3915.pgm,3915.pgm,COVER,0,${BOSSBASE_ROOT}\cover\3915.pgm,0.19253935386136437,0.491455078125,0.51220703125,0.491455078125,0.51220703125,-0.29891572426363566,0,0.08419108099457717,0.50537109375,0.5322265625,0.50537109375,0.5322265625,-0.42118001275542283,0,0.36330797838435036,0.50048828125,0.548828125,0.50048828125,0.548828125,-0.13718030286564964,0,0.5164278007701182,0.52783203125,0.54833984375,0.52783203125,0.54833984375,-0.011404230479881816,0,0.5246230103220356,0.4921875,0.62451171875,0.4921875,0.62451171875,0.03243551032203562,1,MiPOD,ATTRIBUTED,MiPOD,HUGO,0.08243551032203562,0.03802879708315383,0.0444067132388818,1,MiPOD
COVER__49.pgm,49.pgm,COVER,0,${BOSSBASE_ROOT}\cover\49.pgm,0.009974920824078675,0.491455078125,0.51220703125,0.491455078125,0.51220703125,-0.4814801573009213,0,0.010570488620307572,0.50537109375,0.5322265625,0.50537109375,0.5322265625,-0.49480060512969243,0,0.03333682414270177,0.50048828125,0.548828125,0.50048828125,0.548828125,-0.4671514571072982,0,0.009746104052554064,0.52783203125,0.54833984375,0.52783203125,0.54833984375,-0.518085927197446,0,0.032405517498642296,0.4921875,0.62451171875,0.4921875,0.62451171875,-0.4597819825013577,0,UNKNOWN,UNKNOWN_OR_COVER,MiPOD,HILL,-0.42821091793174204,-0.43581219949944927,0.00760128156770723,0,
COVER__444.pgm,444.pgm,COVER,0,${BOSSBASE_ROOT}\cover\444.pgm,0.008677716704989246,0.491455078125,0.51220703125,0.491455078125,0.51220703125,-0.48277736142001076,0,0.009055264186722086,0.50537109375,0.5322265625,0.50537109375,0.5322265625,-0.4963158295632779,0,0.008251598569085517,0.50048828125,0.548828125,0.50048828125,0.548828125,-0.4922366826809145,0,0.008950711436881996,0.52783203125,0.54833984375,0.52783203125,0.54833984375,-0.518881319813118,0,0.008030813216260063,0.4921875,0.62451171875,0.4921875,0.62451171875,-0.4841566867837399,0,UNKNOWN,UNKNOWN_OR_COVER,WOW,MiPOD,-0.45192400186778675,-0.45334585471654065,0.0014218528487539017,0,
COVER__2047.pgm,2047.pgm,COVER,0,${BOSSBASE_ROOT}\cover\2047.pgm,0.009376237450848677,0.491455078125,0.51220703125,0.491455078125,0.51220703125,-0.4820788406741513,0,0.06766981098181625,0.50537109375,0.5322265625,0.50537109375,0.5322265625,-0.43770128276818376,0,0.01307078477418707,0.50048828125,0.548828125,0.50048828125,0.548828125,-0.48741749647581295,0,0.011201213376078314,0.52783203125,0.54833984375,0.52783203125,0.54833984375,-0.5166308178739217,0,0.016277460912713496,0.4921875,0.62451171875,0.4921875,0.62451171875,-0.4759100390872865,0,UNKNOWN,UNKNOWN_OR_COVER,S-UNIWARD,MiPOD,-0.40542535368900945,-0.4448440703777181,0.039418716688708666,0,
COVER__7693.pgm,7693.pgm,COVER,0,${BOSSBASE_ROOT}\cover\7693.pgm,0.011115013721477563,0.491455078125,0.51220703125,0.491455078125,0.51220703125,-0.48034006440352245,0,0.05791808743947446,0.50537109375,0.5322265625,0.50537109375,0.5322265625,-0.44745300631052554,0,0.06142404005467019,0.50048828125,0.548828125,0.50048828125,0.548828125,-0.43906424119532983,0,0.17328820592932656,0.52783203125,0.54833984375,0.52783203125,0.54833984375,-0.3545438253206734,0,0.5072474171793726,0.4921875,0.62451171875,0.4921875,0.62451171875,0.015059917179372606,1,MiPOD,ATTRIBUTED,MiPOD,HUGO,0.06505991717937261,-0.31946915663338654,0.38452907381275914,1,MiPOD
COVER__5167.pgm,5167.pgm,COVER,0,${BOSSBASE_ROOT}\cover\5167.pgm,0.34378221211773596,0.491455078125,0.51220703125,0.491455078125,0.51220703125,-0.14767286600726404,0,0.9998546088558771,0.50537109375,0.5322265625,0.50537109375,0.5322265625,0.49448351510587707,0,0.20561503957001773,0.50048828125,0.548828125,0.50048828125,0.548828125,-0.2948732416799823,0,0.6950276407931524,0.52783203125,0.54833984375,0.52783203125,0.54833984375,0.16719560954315238,0,2.863255694172923e-05,0.4921875,0.62451171875,0.4921875,0.62451171875,-0.49215886744305826,0,S-UNIWARD,ATTRIBUTED,S-UNIWARD,HUGO,0.5258078403190837,0.2103737866644526,0.31543405365463106,2,"S-UNIWARD,HUGO"
COVER__5246.pgm,5246.pgm,COVER,0,${BOSSBASE_ROOT}\cover\5246.pgm,0.012624949281564409,0.491455078125,0.51220703125,0.491455078125,0.51220703125,-0.47883012884343557,0,0.03635666318796779,0.50537109375,0.5322265625,0.50537109375,0.5322265625,-0.4690144305620322,0,0.011375600238837661,0.50048828125,0.548828125,0.50048828125,0.548828125,-0.48911268101116234,0,0.00834805380978326,0.52783203125,0.54833984375,0.52783203125,0.54833984375,-0.5194839774402168,0,0.013376603227377451,0.4921875,0.62451171875,0.4921875,0.62451171875,-0.47881089677262256,0,UNKNOWN,UNKNOWN_OR_COVER,S-UNIWARD,MiPOD,-0.437733502808842,-0.44783491543375636,0.010101412624914374,0,
COVER__4410.pgm,4410.pgm,COVER,0,${BOSSBASE_ROOT}\cover\4410.pgm,0.5316045365414194,0.491455078125,0.51220703125,0.491455078125,0.51220703125,0.04014945841641937,0,0.5043791604832979,0.50537109375,0.5322265625,0.50537109375,0.5322265625,-0.0009919332667021052,0,0.42250463481418826,0.50048828125,0.548828125,0.50048828125,0.548828125,-0.07798364643581174,0,0.002341340651047526,0.52783203125,0.54833984375,0.52783203125,0.54833984375,-0.5254906905989525,0,0.5117166047041654,0.4921875,0.62451171875,0.4921875,0.62451171875,0.019529104704165356,1,WOW|MiPOD,AMBIGUOUS,WOW,MiPOD,0.08918892920454499,0.06952910470416536,0.019659824500379633,2,"WOW,MiPOD"
COVER__1479.pgm,1479.pgm,COVER,0,${BOSSBASE_ROOT}\cover\1479.pgm,0.009746104052554064,0.491455078125,0.51220703125,0.491455078125,0.51220703125,-0.48170897407244595,0,0.009303949868393646,0.50537109375,0.5322265625,0.50537109375,0.5322265625,-0.49606714388160633,0,0.006192990157855187,0.50048828125,0.548828125,0.50048828125,0.548828125,-0.4942952910921448,0,0.008380453351026062,0.52783203125,0.54833984375,0.52783203125,0.54833984375,-0.5194515778989739,0,0.00912563738918052,0.4921875,0.62451171875,0.4921875,0.62451171875,-0.48306186261081946,0,UNKNOWN,UNKNOWN_OR_COVER,WOW,MiPOD,-0.45082263356616664,-0.4522172796275971,0.0013946460614304712,0,
COVER__5292.pgm,5292.pgm,COVER,0,${BOSSBASE_ROOT}\cover\5292.pgm,0.008283626886030505,0.491455078125,0.51220703125,0.491455078125,0.51220703125,-0.4831714512389695,0,0.011508149064303403,0.50537109375,0.5322265625,0.50537109375,0.5322265625,-0.4938629446856966,0,0.009376237450848677,0.50048828125,0.548828125,0.50048828125,0.548828125,-0.4911120437991513,0,0.009232214404536282,0.52783203125,0.54833984375,0.52783203125,0.54833984375,-0.5185998168454637,0,0.011869121046339474,0.4921875,0.62451171875,0.4921875,0.62451171875,-0.48031837895366053,0,UNKNOWN,UNKNOWN_OR_COVER,MiPOD,WOW,-0.44938905817588426,-0.4523302482860723,0.0029411901101880633,0,
COVER__7928.pgm,7928.pgm,COVER,0,${BOSSBASE_ROOT}\cover\7928.pgm,0.7134316121126845,0.491455078125,0.51220703125,0.491455078125,0.51220703125,0.22197653398768447,0,0.6798167280332414,0.50537109375,0.5322265625,0.50537109375,0.5322265625,0.17444563428324145,0,0.5527509628718631,0.50048828125,0.548828125,0.50048828125,0.548828125,0.052262681621863094,0,0.5799357791969176,0.52783203125,0.54833984375,0.52783203125,0.54833984375,0.05210374794691763,0,0.7407373920575276,0.4921875,0.62451171875,0.4921875,0.62451171875,0.24854989205752764,0,MiPOD,ATTRIBUTED,MiPOD,WOW,0.2930636065316332,0.2628629722226436,0.030200634308989616,5,"WOW,S-UNIWARD,HILL,HUGO,MiPOD"
COVER__9289.pgm,9289.pgm,COVER,0,${BOSSBASE_ROOT}\cover\9289.pgm,0.010169657753872614,0.491455078125,0.51220703125,0.491455078125,0.51220703125,-0.48128542037112737,0,0.012053779516236447,0.50537109375,0.5322265625,0.50537109375,0.5322265625,-0.49331731423376357,0,0.010860331013277531,0.50048828125,0.548828125,0.50048828125,0.548828125,-0.48962795023672245,0,0.009340024385054083,0.52783203125,0.54833984375,0.52783203125,0.54833984375,-0.5184920068649459,0,0.011072160183234295,0.4921875,0.62451171875,0.4921875,0.62451171875,-0.4811153398167657,0,UNKNOWN,UNKNOWN_OR_COVER,MiPOD,WOW,-0.4502106586774538,-0.45038599507014543,0.00017533639269162737,0,
COVER__7021.pgm,7021.pgm,COVER,0,${BOSSBASE_ROOT}\cover\7021.pgm,0.009196552423046733,0.491455078125,0.51220703125,0.491455078125,0.51220703125,-0.48225852570195327,0,0.009859855303538789,0.50537109375,0.5322265625,0.50537109375,0.5322265625,-0.4955112384464612,0,0.007968814953315289,0.50048828125,0.548828125,0.50048828125,0.548828125,-0.4925194662966847,0,0.01013041166358438,0.52783203125,0.54833984375,0.52783203125,0.54833984375,-0.5177016195864156,0,0.007289077583591924,0.4921875,0.62451171875,0.4921875,0.62451171875,-0.48489842241640807,0,UNKNOWN,UNKNOWN_OR_COVER,WOW,MiPOD,-0.4513891541713375,-0.4541104353676957,0.002721281196358172,0,
COVER__1036.pgm,1036.pgm,COVER,0,${BOSSBASE_ROOT}\cover\1036.pgm,0.27009500290248817,0.491455078125,0.51220703125,0.491455078125,0.51220703125,-0.22136007522251183,0,0.4793818157740089,0.50537109375,0.5322265625,0.50537109375,0.5322265625,-0.0259892779759911,0,0.4615628031034823,0.50048828125,0.548828125,0.50048828125,0.548828125,-0.0389254781465177,0,0.5678767014405903,0.52783203125,0.54833984375,0.52783203125,0.54833984375,0.040044670190590326,0,0.45810626362947604,0.4921875,0.62451171875,0.4921875,0.62451171875,-0.03408123637052396,0,HUGO,ATTRIBUTED,HUGO,S-UNIWARD,0.0890773076869364,0.022727998849457837,0.06634930883747857,1,HUGO
COVER__3305.pgm,3305.pgm,COVER,0,${BOSSBASE_ROOT}\cover\3305.pgm,0.13364119069895775,0.491455078125,0.51220703125,0.491455078125,0.51220703125,-0.35781388742604225,0,0.4796407796123071,0.50537109375,0.5322265625,0.50537109375,0.5322265625,-0.02573031413769289,0,0.4998700618773148,0.50048828125,0.548828125,0.50048828125,0.548828125,-0.0006182193726851914,0,0.509703371401768,0.52783203125,0.54833984375,0.52783203125,0.54833984375,-0.018128659848231976,0,0.5238923125067537,0.4921875,0.62451171875,0.4921875,0.62451171875,0.03170481250675372,1,MiPOD,ATTRIBUTED,MiPOD,HILL,0.08170481250675372,0.049350879211591675,0.03235393329516205,1,MiPOD
COVER__2103.pgm,2103.pgm,COVER,0,${BOSSBASE_ROOT}\cover\2103.pgm,0.13741666990548923,0.491455078125,0.51220703125,0.491455078125,0.51220703125,-0.35403840821951077,0,0.5061909372537888,0.50537109375,0.5322265625,0.50537109375,0.5322265625,0.0008198435037888308,1,1.847606162725329e-09,0.50048828125,0.548828125,0.50048828125,0.548828125,-0.5004882794023938,0,2.953384674325526e-20,0.52783203125,0.54833984375,0.52783203125,0.54833984375,-0.52783203125,0,0.8722385876369141,0.4921875,0.62451171875,0.4921875,0.62451171875,0.3800510876369141,0,MiPOD,ATTRIBUTED,MiPOD,S-UNIWARD,0.41907974328532716,0.050819843503788834,0.36825989978153834,2,"S-UNIWARD,MiPOD"
COVER__9137.pgm,9137.pgm,COVER,0,${BOSSBASE_ROOT}\cover\9137.pgm,0.04594820734917413,0.491455078125,0.51220703125,0.491455078125,0.51220703125,-0.44550687077582585,0,0.026607108569697214,0.50537109375,0.5322265625,0.50537109375,0.5322265625,-0.4787639851803028,0,0.013902058625059313,0.50048828125,0.548828125,0.50048828125,0.548828125,-0.48658622262494067,0,0.01507262830894569,0.52783203125,0.54833984375,0.52783203125,0.54833984375,-0.5127594029410543,0,0.15469498496744785,0.4921875,0.62451171875,0.4921875,0.62451171875,-0.3374925150325522,0,UNKNOWN,UNKNOWN_OR_COVER,MiPOD,WOW,-0.3018146492505625,-0.41348189361382126,0.11166724436325876,0,
COVER__3560.pgm,3560.pgm,COVER,0,${BOSSBASE_ROOT}\cover\3560.pgm,0.011375600238837661,0.491455078125,0.51220703125,0.491455078125,0.51220703125,-0.48007947788616234,0,0.18683576595593096,0.50537109375,0.5322265625,0.50537109375,0.5322265625,-0.318535327794069,0,0.20513692444762333,0.50048828125,0.548828125,0.50048828125,0.548828125,-0.2953513568023767,0,0.6059739374387917,0.52783203125,0.54833984375,0.52783203125,0.54833984375,0.07814190618879169,0,0.08525123312375987,0.4921875,0.62451171875,0.4921875,0.62451171875,-0.4069362668762401,0,HUGO,ATTRIBUTED,HUGO,HILL,0.12534167109315544,-0.2581378549434019,0.3834795260365573,1,HUGO
COVER__4534.pgm,4534.pgm,COVER,0,${BOSSBASE_ROOT}\cover\4534.pgm,0.5692541106549384,0.491455078125,0.51220703125,0.491455078125,0.51220703125,0.07779903252993836,0,0.6581978338852327,0.50537109375,0.5322265625,0.50537109375,0.5322265625,0.15282674013523267,0,0.5657186556549475,0.50048828125,0.548828125,0.50048828125,0.548828125,0.0652303744049475,0,0.07436570297412956,0.52783203125,0.54833984375,0.52783203125,0.54833984375,-0.4534663282758704,0,0.5213188539574569,0.4921875,0.62451171875,0.4921875,0.62451171875,0.029131353957456918,1,S-UNIWARD,ATTRIBUTED,S-UNIWARD,WOW,0.19690874887125964,0.12502651250427063,0.07188223636698901,4,"WOW,S-UNIWARD,HILL,MiPOD"
COVER__3313.pgm,3313.pgm,COVER,0,${BOSSBASE_ROOT}\cover\3313.pgm,0.012673735693033067,0.491455078125,0.51220703125,0.491455078125,0.51220703125,-0.4787813424319669,0,0.011823394836370594,0.50537109375,0.5322265625,0.50537109375,0.5322265625,-0.49354769891362943,0,0.009340024385054083,0.50048828125,0.548828125,0.50048828125,0.548828125,-0.4911482568649459,0,0.009936418705946226,0.52783203125,0.54833984375,0.52783203125,0.54833984375,-0.5178956125440538,0,0.007489624898808396,0.4921875,0.62451171875,0.4921875,0.62451171875,-0.4846978751011916,0,UNKNOWN,UNKNOWN_OR_COVER,WOW,MiPOD,-0.4478044456048678,-0.4539037129851598,0.006099267380291984,0,
COVER__2195.pgm,2195.pgm,COVER,0,${BOSSBASE_ROOT}\cover\2195.pgm,0.009559399347091532,0.491455078125,0.51220703125,0.491455078125,0.51220703125,-0.48189567877790845,0,0.012970386437368456,0.50537109375,0.5322265625,0.50537109375,0.5322265625,-0.4924007073126315,0,0.012920473039078976,0.50048828125,0.548828125,0.50048828125,0.548828125,-0.48756780821092105,0,0.012870749215746782,0.52783203125,0.54833984375,0.52783203125,0.54833984375,-0.5149612820342532,0,0.018404890389241722,0.4921875,0.62451171875,0.4921875,0.62451171875,-0.4737826096107583,0,UNKNOWN,UNKNOWN_OR_COVER,MiPOD,WOW,-0.44265047989215334,-0.45101510435844167,0.008364624466288328,0,
COVER__490.pgm,490.pgm,COVER,0,${BOSSBASE_ROOT}\cover\490.pgm,0.010091315485195006,0.491455078125,0.51220703125,0.491455078125,0.51220703125,-0.481363762639805,0,0.012920473039078976,0.50537109375,0.5322265625,0.50537109375,0.5322265625,-0.49245062071092105,0,0.009633652359446519,0.50048828125,0.548828125,0.50048828125,0.548828125,-0.4908546288905535,0,0.012527931992744795,0.52783203125,0.54833984375,0.52783203125,0.54833984375,-0.5153040992572552,0,0.021990219697200806,0.4921875,0.62451171875,0.4921875,0.62451171875,-0.47019728030279917,0,UNKNOWN,UNKNOWN_OR_COVER,MiPOD,WOW,-0.4389533313124213,-0.4504667579750817,0.011513426662660364,0,
COVER__4109.pgm,4109.pgm,COVER,0,${BOSSBASE_ROOT}\cover\4109.pgm,0.49895763548224364,0.491455078125,0.51220703125,0.491455078125,0.51220703125,0.007502557357243644,1,0.5071749530074814,0.50537109375,0.5322265625,0.50537109375,0.5322265625,0.0018038592574813883,1,0.5141030086808419,0.50048828125,0.548828125,0.50048828125,0.548828125,0.01361472743084191,1,0.5123037290628876,0.52783203125,0.54833984375,0.52783203125,0.54833984375,-0.01552830218711243,0,0.5178756789450788,0.4921875,0.62451171875,0.4921875,0.62451171875,0.0256881789450788,1,MiPOD|HILL,AMBIGUOUS,MiPOD,HILL,0.0756881789450788,0.06361472743084191,0.012073451514236888,4,"WOW,S-UNIWARD,HILL,MiPOD"
COVER__4061.pgm,4061.pgm,COVER,0,${BOSSBASE_ROOT}\cover\4061.pgm,0.5031795073132085,0.491455078125,0.51220703125,0.491455078125,0.51220703125,0.011724429188208485,1,0.503044090806421,0.50537109375,0.5322265625,0.50537109375,0.5322265625,-0.002327002943579015,0,0.5029983161105918,0.50048828125,0.548828125,0.50048828125,0.548828125,0.002510034860591759,1,0.49384338978722336,0.52783203125,0.54833984375,0.52783203125,0.54833984375,-0.033988641462776636,0,0.49525465908502614,0.4921875,0.62451171875,0.4921875,0.62451171875,0.0030671590850261388,1,WOW|MiPOD,AMBIGUOUS,WOW,MiPOD,0.06172442918820849,0.05306715908502614,0.008657270103182346,3,"WOW,HILL,MiPOD"
COVER__2460.pgm,2460.pgm,COVER,0,${BOSSBASE_ROOT}\cover\2460.pgm,0.011869121046339474,0.491455078125,0.51220703125,0.491455078125,0.51220703125,-0.47958595707866053,0,0.9466953173537304,0.50537109375,0.5322265625,0.50537109375,0.5322265625,0.44132422360373036,0,0.02400774592105549,0.50048828125,0.548828125,0.50048828125,0.548828125,-0.4764805353289445,0,0.008881675100847034,0.52783203125,0.54833984375,0.52783203125,0.54833984375,-0.518950356149153,0,0.07723878631706028,0.4921875,0.62451171875,0.4921875,0.62451171875,-0.41494871368293973,0,S-UNIWARD,ATTRIBUTED,S-UNIWARD,MiPOD,0.4743587824273092,-0.38193000628321755,0.8562887887105268,1,S-UNIWARD
COVER__1886.pgm,1886.pgm,COVER,0,${BOSSBASE_ROOT}\cover\1886.pgm,0.011732463956348185,0.491455078125,0.51220703125,0.491455078125,0.51220703125,-0.4797226141686518,0,0.015306354560694808,0.50537109375,0.5322265625,0.50537109375,0.5322265625,-0.4900647391893052,0,0.011732463956348185,0.50048828125,0.548828125,0.50048828125,0.548828125,-0.4887558172936518,0,0.010693757736175492,0.52783203125,0.54833984375,0.52783203125,0.54833984375,-0.5171382735138245,0,0.011823394836370594,0.4921875,0.62451171875,0.4921875,0.62451171875,-0.48036410516362943,0,UNKNOWN,UNKNOWN_OR_COVER,WOW,MiPOD,-0.44877486130068195,-0.44943619863413486,0.000661337333452916,0,
COVER__5500.pgm,5500.pgm,COVER,0,${BOSSBASE_ROOT}\cover\5500.pgm,0.012053779516236447,0.491455078125,0.51220703125,0.491455078125,0.51220703125,-0.47940129860876357,0,0.021864556492113725,0.50537109375,0.5322265625,0.50537109375,0.5322265625,-0.4835065372578863,0,0.034880886936679296,0.50048828125,0.548828125,0.50048828125,0.548828125,-0.4656073943133207,0,0.010408314101072437,0.52783203125,0.54833984375,0.52783203125,0.54833984375,-0.5174237171489275,0,0.07963873882758324,0.4921875,0.62451171875,0.4921875,0.62451171875,-0.4125487611724168,0,UNKNOWN,UNKNOWN_OR_COVER,MiPOD,HILL,-0.3794507152767461,-0.43421970954614253,0.05476899426939641,0,
COVER__7320.pgm,7320.pgm,COVER,0,${BOSSBASE_ROOT}\cover\7320.pgm,0.008644177936723585,0.491455078125,0.51220703125,0.491455078125,0.51220703125,-0.48281090018827644,0,0.01124456072066409,0.50537109375,0.5322265625,0.50537109375,0.5322265625,-0.4941265330293359,0,0.009268013380914325,0.50048828125,0.548828125,0.50048828125,0.548828125,-0.4912202678690857,0,0.009196552423046733,0.52783203125,0.54833984375,0.52783203125,0.54833984375,-0.5186354788269533,0,0.009340024385054083,0.4921875,0.62451171875,0.4921875,0.62451171875,-0.4828474756149459,0,UNKNOWN,UNKNOWN_OR_COVER,WOW,MiPOD,-0.45195857540237616,-0.45199627924535213,3.770384297596685e-05,0,
COVER__5382.pgm,5382.pgm,COVER,0,${BOSSBASE_ROOT}\cover\5382.pgm,0.017176709012318405,0.491455078125,0.51220703125,0.491455078125,0.51220703125,-0.4742783691126816,0,0.009898063716023652,0.50537109375,0.5322265625,0.50537109375,0.5322265625,-0.49547303003397636,0,0.013636835281429876,0.50048828125,0.548828125,0.50048828125,0.548828125,-0.4868514459685701,0,0.009859855303538789,0.52783203125,0.54833984375,0.52783203125,0.54833984375,-0.5179721759464612,0,0.013171949881556448,0.4921875,0.62451171875,0.4921875,0.62451171875,-0.47901555011844354,0,UNKNOWN,UNKNOWN_OR_COVER,WOW,MiPOD,-0.44316166961804365,-0.4480459074691593,0.004884237851115636,0,
COVER__7526.pgm,7526.pgm,COVER,0,${BOSSBASE_ROOT}\cover\7526.pgm,0.11299100844856738,0.491455078125,0.51220703125,0.491455078125,0.51220703125,-0.37846406967643265,0,0.4704172816957548,0.50537109375,0.5322265625,0.50537109375,0.5322265625,-0.03495381205424519,0,0.8088233724223733,0.50048828125,0.548828125,0.50048828125,0.548828125,0.30833509117237334,0,0.22000709974589314,0.52783203125,0.54833984375,0.52783203125,0.54833984375,-0.30782493150410684,0,0.875893187176626,0.4921875,0.62451171875,0.4921875,0.62451171875,0.383705687176626,0,MiPOD,ATTRIBUTED,MiPOD,HILL,0.4225919690361257,0.34688785368711283,0.07570411534901289,2,"HILL,MiPOD"
COVER__7641.pgm,7641.pgm,COVER,0,${BOSSBASE_ROOT}\cover\7641.pgm,0.009055264186722086,0.491455078125,0.51220703125,0.491455078125,0.51220703125,-0.4823998139382779,0,0.009485713170795206,0.50537109375,0.5322265625,0.50537109375,0.5322265625,-0.4958853805792048,0,0.009559399347091532,0.50048828125,0.548828125,0.50048828125,0.548828125,-0.49092888190290845,0,0.011158031248084033,0.52783203125,0.54833984375,0.52783203125,0.54833984375,-0.516674000001916,0,0.01052971212461742,0.4921875,0.62451171875,0.4921875,0.62451171875,-0.4816577878753826,0,UNKNOWN,UNKNOWN_OR_COVER,MiPOD,WOW,-0.45076986637432936,-0.45153480357862386,0.0007649372042944913,0,
COVER__9546.pgm,9546.pgm,COVER,0,${BOSSBASE_ROOT}\cover\9546.pgm,0.5105193825827624,0.491455078125,0.51220703125,0.491455078125,0.51220703125,0.019064304457762415,1,0.5068393255908984,0.50537109375,0.5322265625,0.50537109375,0.5322265625,0.001468231840898393,1,0.5050733732403349,0.50048828125,0.548828125,0.50048828125,0.548828125,0.004585091990334855,1,0.4742507048410244,0.52783203125,0.54833984375,0.52783203125,0.54833984375,-0.053581326408975616,0,0.5017356802839606,0.4921875,0.62451171875,0.4921875,0.62451171875,0.00954818028396065,1,WOW|MiPOD,AMBIGUOUS,WOW,MiPOD,0.06906430445776242,0.05954818028396065,0.009516124173801765,4,"WOW,S-UNIWARD,HILL,MiPOD"
COVER__8703.pgm,8703.pgm,COVER,0,${BOSSBASE_ROOT}\cover\8703.pgm,0.4919898211235092,0.491455078125,0.51220703125,0.491455078125,0.51220703125,0.0005347429985091967,1,0.5058476642704307,0.50537109375,0.5322265625,0.50537109375,0.5322265625,0.000476570520430708,1,0.4944765430595733,0.50048828125,0.548828125,0.50048828125,0.548828125,-0.006011738190426719,0,0.4905788129420525,0.52783203125,0.54833984375,0.52783203125,0.54833984375,-0.03725321830794748,0,0.4925733306575344,0.4921875,0.62451171875,0.4921875,0.62451171875,0.0003858306575343917,1,WOW|S-UNIWARD,AMBIGUOUS,WOW,S-UNIWARD,0.0505347429985092,0.05047657052043071,5.817247807848869e-05,3,"WOW,S-UNIWARD,MiPOD"
COVER__4325.pgm,4325.pgm,COVER,0,${BOSSBASE_ROOT}\cover\4325.pgm,0.013795364421185227,0.491455078125,0.51220703125,0.491455078125,0.51220703125,-0.47765971370381477,0,0.04099902718739302,0.50537109375,0.5322265625,0.50537109375,0.5322265625,-0.464372066562607,0,0.23248435387187438,0.50048828125,0.548828125,0.50048828125,0.548828125,-0.2680039273781256,0,0.2666436233618524,0.52783203125,0.54833984375,0.52783203125,0.54833984375,-0.2611884078881476,0,0.2630310960380494,0.4921875,0.62451171875,0.4921875,0.62451171875,-0.22915640396195058,0,UNKNOWN,UNKNOWN_OR_COVER,MiPOD,HUGO,-0.18939619642701874,-0.22268161757392704,0.0332854211469083,0,
COVER__7134.pgm,7134.pgm,COVER,0,${BOSSBASE_ROOT}\cover\7134.pgm,0.008745181682035148,0.491455078125,0.51220703125,0.491455078125,0.51220703125,-0.48270989644296486,0,0.01005236865796813,0.50537109375,0.5322265625,0.50537109375,0.5322265625,-0.4953187250920319,0,0.008847355082930386,0.50048828125,0.548828125,0.50048828125,0.548828125,-0.4916409261670696,0,0.010169657753872614,0.52783203125,0.54833984375,0.52783203125,0.54833984375,-0.5176623734961274,0,0.008283626886030505,0.4921875,0.62451171875,0.4921875,0.62451171875,-0.4839038731139695,0,UNKNOWN,UNKNOWN_OR_COVER,WOW,MiPOD,-0.4518544552993304,-0.4530852506625303,0.0012307953631999213,0,
COVER__9227.pgm,9227.pgm,COVER,0,${BOSSBASE_ROOT}\cover\9227.pgm,0.01020905431880827,0.491455078125,0.51220703125,0.491455078125,0.51220703125,-0.48124602380619175,0,0.010489091259938018,0.50537109375,0.5322265625,0.50537109375,0.5322265625,-0.494882002490062,0,0.01024860192315863,0.50048828125,0.548828125,0.50048828125,0.548828125,-0.49023967932684137,0,0.010902373729285245,0.52783203125,0.54833984375,0.52783203125,0.54833984375,-0.5169296575207147,0,0.008187909901696235,0.4921875,0.62451171875,0.4921875,0.62451171875,-0.4839995900983038,0,UNKNOWN,UNKNOWN_OR_COVER,WOW,MiPOD,-0.4503453811500148,-0.4531839173712954,0.002838536221280552,0,
COVER__2744.pgm,2744.pgm,COVER,0,${BOSSBASE_ROOT}\cover\2744.pgm,0.010902373729285245,0.491455078125,0.51220703125,0.491455078125,0.51220703125,-0.48055270439571474,0,0.013532148655407106,0.50537109375,0.5322265625,0.50537109375,0.5322265625,-0.4918389450945929,0,0.011687257995694434,0.50048828125,0.548828125,0.50048828125,0.548828125,-0.4888010232543056,0,0.009412589587609823,0.52783203125,0.54833984375,0.52783203125,0.54833984375,-0.5184194416623902,0,0.017110889211844046,0.4921875,0.62451171875,0.4921875,0.62451171875,-0.47507661078815594,0,UNKNOWN,UNKNOWN_OR_COVER,MiPOD,WOW,-0.4439847400288738,-0.44963063029562855,0.005645890266754772,0,
COVER__4658.pgm,4658.pgm,COVER,0,${BOSSBASE_ROOT}\cover\4658.pgm,0.5583570964112609,0.491455078125,0.51220703125,0.491455078125,0.51220703125,0.06690201828626086,0,0.5051382163314398,0.50537109375,0.5322265625,0.50537109375,0.5322265625,-0.0002328774185601512,0,0.5059392042851036,0.50048828125,0.548828125,0.50048828125,0.548828125,0.005450923035103639,1,0.49962162978719116,0.52783203125,0.54833984375,0.52783203125,0.54833984375,-0.028210401462808843,0,0.5033702339918205,0.4921875,0.62451171875,0.4921875,0.62451171875,0.01118273399182046,1,WOW,ATTRIBUTED,WOW,MiPOD,0.11464695100714428,0.06118273399182046,0.05346421701532382,3,"WOW,HILL,MiPOD"
COVER__2253.pgm,2253.pgm,COVER,0,${BOSSBASE_ROOT}\cover\2253.pgm,0.014172366191301682,0.491455078125,0.51220703125,0.491455078125,0.51220703125,-0.4772827119336983,0,0.010944577400979882,0.50537109375,0.5322265625,0.50537109375,0.5322265625,-0.49442651634902013,0,0.01368947769627449,0.50048828125,0.548828125,0.50048828125,0.548828125,-0.4867988035537255,0,0.01077672605008006,0.52783203125,0.54833984375,0.52783203125,0.54833984375,-0.5170553051999199,0,0.009268013380914325,0.4921875,0.62451171875,0.4921875,0.62451171875,-0.4829194866190857,0,UNKNOWN,UNKNOWN_OR_COVER,WOW,MiPOD,-0.4462593573814855,-0.4520705117951326,0.005811154413647102,0,
COVER__9573.pgm,9573.pgm,COVER,0,${BOSSBASE_ROOT}\cover\9573.pgm,0.01098694263059318,0.491455078125,0.51220703125,0.491455078125,0.51220703125,-0.4804681354944068,0,0.01590639171181471,0.50537109375,0.5322265625,0.50537109375,0.5322265625,-0.48946470203818526,0,0.013955710398273338,0.50048828125,0.548828125,0.50048828125,0.548828125,-0.4865325708517267,0,0.01865352173176137,0.52783203125,0.54833984375,0.52783203125,0.54833984375,-0.5091785095182386,0,0.04986590497979859,0.4921875,0.62451171875,0.4921875,0.62451171875,-0.4423215950202014,0,UNKNOWN,UNKNOWN_OR_COVER,MiPOD,WOW,-0.4101944468398198,-0.4495434462379089,0.03934899939808906,0,
COVER__9298.pgm,9298.pgm,COVER,0,${BOSSBASE_ROOT}\cover\9298.pgm,0.060529390202538995,0.491455078125,0.51220703125,0.491455078125,0.51220703125,-0.430925687922461,0,0.41513593363925716,0.50537109375,0.5322265625,0.50537109375,0.5322265625,-0.09023516011074284,0,0.7173090125659245,0.50048828125,0.548828125,0.50048828125,0.548828125,0.2168207313159245,0,0.033273941086340214,0.52783203125,0.54833984375,0.52783203125,0.54833984375,-0.4945580901636598,0,0.3996944773855484,0.4921875,0.62451171875,0.4921875,0.62451171875,-0.09249302261445158,0,HILL,ATTRIBUTED,HILL,S-UNIWARD,0.2590681019292409,-0.04454934559170124,0.30361744752094216,1,HILL
COVER__3198.pgm,3198.pgm,COVER,0,${BOSSBASE_ROOT}\cover\3198.pgm,0.11992252200191786,0.491455078125,0.51220703125,0.491455078125,0.51220703125,-0.3715325561230821,0,0.4255455467907303,0.50537109375,0.5322265625,0.50537109375,0.5322265625,-0.07982554695926969,0,0.5215930063904107,0.50048828125,0.548828125,0.50048828125,0.548828125,0.02110472514041073,1,0.4704172816957548,0.52783203125,0.54833984375,0.52783203125,0.54833984375,-0.05741474955424519,0,0.4973907707558119,0.4921875,0.62451171875,0.4921875,0.62451171875,0.005203270755811895,1,HILL|MiPOD,AMBIGUOUS,HILL,MiPOD,0.07110472514041073,0.0552032707558119,0.015901454384598834,2,"HILL,MiPOD"
COVER__3234.pgm,3234.pgm,COVER,0,${BOSSBASE_ROOT}\cover\3234.pgm,0.37926342486458636,0.491455078125,0.51220703125,0.491455078125,0.51220703125,-0.11219165326041364,0,0.5081932362687313,0.50537109375,0.5322265625,0.50537109375,0.5322265625,0.002822142518731252,1,0.5344606603986696,0.50048828125,0.548828125,0.50048828125,0.548828125,0.033972379148669574,1,0.422385501400497,0.52783203125,0.54833984375,0.52783203125,0.54833984375,-0.10544652984950298,0,0.5454067804387477,0.4921875,0.62451171875,0.4921875,0.62451171875,0.053219280438747685,1,MiPOD|HILL,AMBIGUOUS,MiPOD,HILL,0.10321928043874769,0.08397237914866958,0.01924690129007811,3,"S-UNIWARD,HILL,MiPOD"
COVER__1789.pgm,1789.pgm,COVER,0,${BOSSBASE_ROOT}\cover\1789.pgm,0.009783876017655003,0.491455078125,0.51220703125,0.491455078125,0.51220703125,-0.481671202107345,0,0.02017731832286999,0.50537109375,0.5322265625,0.50537109375,0.5322265625,-0.48519377542713,0,0.025178841700601855,0.50048828125,0.548828125,0.50048828125,0.548828125,-0.47530943954939814,0,0.015014748005819523,0.52783203125,0.54833984375,0.52783203125,0.54833984375,-0.5128172832441805,0,0.27629981702672846,0.4921875,0.62451171875,0.4921875,0.62451171875,-0.21588768297327154,0,UNKNOWN,UNKNOWN_OR_COVER,MiPOD,HILL,-0.17559639273580513,-0.44422480702920175,0.2686284142933966,0,
COVER__209.pgm,209.pgm,COVER,0,${BOSSBASE_ROOT}\cover\209.pgm,0.4997169971768276,0.491455078125,0.51220703125,0.491455078125,0.51220703125,0.008261919051827604,1,0.5670377628606063,0.50537109375,0.5322265625,0.50537109375,0.5322265625,0.061666669110606254,0,0.4798997543918916,0.50048828125,0.548828125,0.50048828125,0.548828125,-0.020588526858108414,0,0.5195517929387684,0.52783203125,0.54833984375,0.52783203125,0.54833984375,-0.008280238311231591,0,7.75069390811935e-07,0.4921875,0.62451171875,0.4921875,0.62451171875,-0.49218672493060917,0,S-UNIWARD,ATTRIBUTED,S-UNIWARD,WOW,0.1099560560817405,0.05826191905182761,0.05169413702991289,2,"WOW,S-UNIWARD"
COVER__8249.pgm,8249.pgm,COVER,0,${BOSSBASE_ROOT}\cover\8249.pgm,0.007431773334291191,0.491455078125,0.51220703125,0.491455078125,0.51220703125,-0.4840233047907088,0,0.009196552423046733,0.50537109375,0.5322265625,0.50537109375,0.5322265625,-0.49617454132695327,0,0.00952248567033666,0.50048828125,0.548828125,0.50048828125,0.548828125,-0.49096579557966336,0,0.00881316650304586,0.52783203125,0.54833984375,0.52783203125,0.54833984375,-0.5190188647469541,0,0.008779108866911802,0.4921875,0.62451171875,0.4921875,0.62451171875,-0.4834083911330882,0,UNKNOWN,UNKNOWN_OR_COVER,MiPOD,WOW,-0.45257449482590106,-0.45320836283923527,0.0006338680133342045,0,
COVER__6907.pgm,6907.pgm,COVER,0,${BOSSBASE_ROOT}\cover\6907.pgm,0.008985428752560176,0.491455078125,0.51220703125,0.491455078125,0.51220703125,-0.4824696493724398,0,0.014728613849722676,0.50537109375,0.5322265625,0.50537109375,0.5322265625,-0.4906424799002773,0,0.010860331013277531,0.50048828125,0.548828125,0.50048828125,0.548828125,-0.48962795023672245,0,0.024516335827191232,0.52783203125,0.54833984375,0.52783203125,0.54833984375,-0.5033156954228087,0,0.10932483007763893,0.4921875,0.62451171875,0.4921875,0.62451171875,-0.38286266992236107,0,UNKNOWN,UNKNOWN_OR_COVER,MiPOD,WOW,-0.34876734296566,-0.4516067944089222,0.10283945144326223,0,
COVER__1961.pgm,1961.pgm,COVER,0,${BOSSBASE_ROOT}\cover\1961.pgm,0.5051191448519015,0.491455078125,0.51220703125,0.491455078125,0.51220703125,0.013664066726901458,1,0.5062405206543413,0.50537109375,0.5322265625,0.50537109375,0.5322265625,0.0008694269043413305,1,0.5053365588219422,0.50048828125,0.548828125,0.50048828125,0.548828125,0.004848277571942172,1,0.501598352709781,0.52783203125,0.54833984375,0.52783203125,0.54833984375,-0.026233678540218963,0,0.5065303903540531,0.4921875,0.62451171875,0.4921875,0.62451171875,0.014342890354053117,1,MiPOD|WOW,AMBIGUOUS,MiPOD,WOW,0.06434289035405312,0.06366406672690146,0.000678823627151659,4,"WOW,S-UNIWARD,HILL,MiPOD"
COVER__2680.pgm,2680.pgm,COVER,0,${BOSSBASE_ROOT}\cover\2680.pgm,0.009670992763446972,0.491455078125,0.51220703125,0.491455078125,0.51220703125,-0.48178408536155304,0,0.00643810255548328,0.50537109375,0.5322265625,0.50537109375,0.5322265625,-0.49893299119451673,0,0.06560483745906928,0.50048828125,0.548828125,0.50048828125,0.548828125,-0.4348834437909307,0,0.010944577400979882,0.52783203125,0.54833984375,0.52783203125,0.54833984375,-0.5168874538490201,0,0.014172366191301682,0.4921875,0.62451171875,0.4921875,0.62451171875,-0.4780151338086983,0,UNKNOWN,UNKNOWN_OR_COVER,HILL,MiPOD,-0.40251643808139453,-0.4470144931209144,0.04449805503951987,0,
COVER__8042.pgm,8042.pgm,COVER,0,${BOSSBASE_ROOT}\cover\8042.pgm,0.010368156650788152,0.491455078125,0.51220703125,0.491455078125,0.51220703125,-0.48108692147421184,0,0.011419614645648401,0.50537109375,0.5322265625,0.50537109375,0.5322265625,-0.4939514791043516,0,0.010611421330238862,0.50048828125,0.548828125,0.50048828125,0.548828125,-0.48987685991976115,0,0.23265865269272776,0.52783203125,0.54833984375,0.52783203125,0.54833984375,-0.2951733785572722,0,0.08314291423453818,0.4921875,0.62451171875,0.4921875,0.62451171875,-0.4090445857654618,0,UNKNOWN,UNKNOWN_OR_COVER,HUGO,MiPOD,-0.2579532529151152,-0.37583035506426465,0.11787710214914943,0,
COVER__4720.pgm,4720.pgm,COVER,0,${BOSSBASE_ROOT}\cover\4720.pgm,0.49531187445188285,0.491455078125,0.51220703125,0.491455078125,0.51220703125,0.00385679632688285,1,0.5157571096207793,0.50537109375,0.5322265625,0.50537109375,0.5322265625,0.010386015870779253,1,0.5064769936282149,0.50048828125,0.548828125,0.50048828125,0.548828125,0.0059887123782148555,1,0.6057407399598258,0.52783203125,0.54833984375,0.52783203125,0.54833984375,0.0779087087098258,0,0.5068240696504756,0.4921875,0.62451171875,0.4921875,0.62451171875,0.01463656965047555,1,HUGO,ATTRIBUTED,HUGO,MiPOD,0.12511948176385954,0.06463656965047555,0.06048291211338398,5,"WOW,S-UNIWARD,HILL,HUGO,MiPOD"
COVER__1755.pgm,1755.pgm,COVER,0,${BOSSBASE_ROOT}\cover\1755.pgm,0.009898063716023652,0.491455078125,0.51220703125,0.491455078125,0.51220703125,-0.48155701440897636,0,0.9056565881718779,0.50537109375,0.5322265625,0.50537109375,0.5322265625,0.4002854944218779,0,0.9862046355788149,0.50048828125,0.548828125,0.50048828125,0.548828125,0.4857163543288149,0,0.1661335534168026,0.52783203125,0.54833984375,0.52783203125,0.54833984375,-0.3616984778331974,0,0.9570375284337568,0.4921875,0.62451171875,0.4921875,0.62451171875,0.4648500284337568,0,HILL|MiPOD,AMBIGUOUS,HILL,MiPOD,0.5180027674345081,0.5007055364456908,0.017297230988817303,3,"S-UNIWARD,HILL,MiPOD"
COVER__3716.pgm,3716.pgm,COVER,0,${BOSSBASE_ROOT}\cover\3716.pgm,0.40562530563801813,0.491455078125,0.51220703125,0.491455078125,0.51220703125,-0.08582977248698187,0,0.4814843007260386,0.50537109375,0.5322265625,0.50537109375,0.5322265625,-0.023886793023961406,0,0.5312093733737563,0.50048828125,0.548828125,0.50048828125,0.548828125,0.03072109212375629,1,0.42919010862592216,0.52783203125,0.54833984375,0.52783203125,0.54833984375,-0.09864192262407784,0,0.5323035739718591,0.4921875,0.62451171875,0.4921875,0.62451171875,0.04011607397185912,1,MiPOD|HILL,AMBIGUOUS,MiPOD,HILL,0.09011607397185913,0.08072109212375629,0.009394981848102835,2,"HILL,MiPOD"
COVER__6021.pgm,6021.pgm,COVER,0,${BOSSBASE_ROOT}\cover\6021.pgm,0.011463797377996032,0.491455078125,0.51220703125,0.491455078125,0.51220703125,-0.479991280747004,0,0.010570488620307572,0.50537109375,0.5322265625,0.50537109375,0.5322265625,-0.49480060512969243,0,0.007968814953315289,0.50048828125,0.548828125,0.50048828125,0.548828125,-0.4925194662966847,0,0.00834805380978326,0.52783203125,0.54833984375,0.52783203125,0.54833984375,-0.5194839774402168,0,0.007907291504628555,0.4921875,0.62451171875,0.4921875,0.62451171875,-0.48428020849537146,0,UNKNOWN,UNKNOWN_OR_COVER,WOW,MiPOD,-0.4490518413890737,-0.4534731819998457,0.004421340610771984,0,
COVER__7493.pgm,7493.pgm,COVER,0,${BOSSBASE_ROOT}\cover\7493.pgm,0.5139352939547985,0.491455078125,0.51220703125,0.491455078125,0.51220703125,0.022480215829798533,0,0.5098406480470487,0.50537109375,0.5322265625,0.50537109375,0.5322265625,0.00446955429704865,1,0.5125400943105294,0.50048828125,0.548828125,0.50048828125,0.548828125,0.012051813060529382,1,0.5027103158607973,0.52783203125,0.54833984375,0.52783203125,0.54833984375,-0.025121715389202715,0,0.5215777760394056,0.4921875,0.62451171875,0.4921875,0.62451171875,0.029390276039405583,1,MiPOD|WOW,AMBIGUOUS,MiPOD,WOW,0.07939027603940559,0.07239387732385882,0.006996398715546762,4,"WOW,S-UNIWARD,HILL,MiPOD"
COVER__8057.pgm,8057.pgm,COVER,0,${BOSSBASE_ROOT}\cover\8057.pgm,0.012722708199923246,0.491455078125,0.51220703125,0.491455078125,0.51220703125,-0.47873236992507673,0,0.007907291504628555,0.50537109375,0.5322265625,0.50537109375,0.5322265625,-0.49746380224537146,0,0.012336100420869755,0.50048828125,0.548828125,0.50048828125,0.548828125,-0.48815218082913026,0,0.011508149064303403,0.52783203125,0.54833984375,0.52783203125,0.54833984375,-0.5163238821856966,0,0.027585282226789985,0.4921875,0.62451171875,0.4921875,0.62451171875,-0.46460221777321004,0,UNKNOWN,UNKNOWN_OR_COVER,MiPOD,WOW,-0.4331829669795987,-0.44775395604453766,0.014570989064938977,0,
COVER__792.pgm,792.pgm,COVER,0,${BOSSBASE_ROOT}\cover\792.pgm,0.009633652359446519,0.491455078125,0.51220703125,0.491455078125,0.51220703125,-0.4818214257655535,0,0.01368947769627449,0.50537109375,0.5322265625,0.50537109375,0.5322265625,-0.4916816160537255,0,0.01868930842674908,0.50048828125,0.548828125,0.50048828125,0.548828125,-0.4817989728232509,0,0.008283626886030505,0.52783203125,0.54833984375,0.52783203125,0.54833984375,-0.5195484043639695,0,0.01495708659314999,0.4921875,0.62451171875,0.4921875,0.62451171875,-0.47723041340685,0,UNKNOWN,UNKNOWN_OR_COVER,MiPOD,HILL,-0.4462054363364689,-0.4509154119239516,0.0047099755874827065,0,
COVER__5190.pgm,5190.pgm,COVER,0,${BOSSBASE_ROOT}\cover\5190.pgm,0.01124456072066409,0.491455078125,0.51220703125,0.491455078125,0.51220703125,-0.4802105174043359,0,0.02479816019558566,0.50537109375,0.5322265625,0.50537109375,0.5322265625,-0.4805729335544143,0,0.010652510839726164,0.50048828125,0.548828125,0.50048828125,0.548828125,-0.4898357704102738,0,0.012821214266594244,0.52783203125,0.54833984375,0.52783203125,0.54833984375,-0.5150108169834058,0,0.013955710398273338,0.4921875,0.62451171875,0.4921875,0.62451171875,-0.4782317896017267,0,UNKNOWN,UNKNOWN_OR_COVER,MiPOD,WOW,-0.447237864654807,-0.4492778603621769,0.002039995707369846,0,
COVER__1178.pgm,1178.pgm,COVER,0,${BOSSBASE_ROOT}\cover\1178.pgm,0.01024860192315863,0.491455078125,0.51220703125,0.491455078125,0.51220703125,-0.48120647620184137,0,0.010652510839726164,0.50537109375,0.5322265625,0.50537109375,0.5322265625,-0.4947185829102738,0,0.011777842688519623,0.50048828125,0.548828125,0.50048828125,0.548828125,-0.4887104385614804,0,0.009412589587609823,0.52783203125,0.54833984375,0.52783203125,0.54833984375,-0.5184194416623902,0,0.01704531725343583,0.4921875,0.62451171875,0.4921875,0.62451171875,-0.47514218274656417,0,UNKNOWN,UNKNOWN_OR_COVER,MiPOD,WOW,-0.44405235067529714,-0.4503046114751097,0.006252260799812559,0,
COVER__251.pgm,251.pgm,COVER,0,${BOSSBASE_ROOT}\cover\251.pgm,0.46405139260020306,0.491455078125,0.51220703125,0.491455078125,0.51220703125,-0.02740368552479694,0,0.4628068662302483,0.50537109375,0.5322265625,0.50537109375,0.5322265625,-0.042564227519751696,0,0.45783354619996,0.50048828125,0.548828125,0.50048828125,0.548828125,-0.04265473505004003,0,8.818923159891132e-05,0.52783203125,0.54833984375,0.52783203125,0.54833984375,-0.5277438420184011,0,4.501973393078082e-09,0.4921875,0.62451171875,0.4921875,0.62451171875,-0.4921874954980266,0,WOW|S-UNIWARD,AMBIGUOUS,WOW,S-UNIWARD,0.021244733924228702,0.005352218103004028,0.015892515821224674,0,
COVER__8236.pgm,8236.pgm,COVER,0,${BOSSBASE_ROOT}\cover\8236.pgm,0.013273887454385737,0.491455078125,0.51220703125,0.491455078125,0.51220703125,-0.47818119067061426,0,0.01964376067755956,0.50537109375,0.5322265625,0.50537109375,0.5322265625,-0.4857273330724404,0,0.012336100420869755,0.50048828125,0.548828125,0.50048828125,0.548828125,-0.48815218082913026,0,0.030157409732605497,0.52783203125,0.54833984375,0.52783203125,0.54833984375,-0.4976746215173945,0,0.5079872965504272,0.4921875,0.62451171875,0.4921875,0.62451171875,0.01579979655042718,1,MiPOD,ATTRIBUTED,MiPOD,WOW,0.06579979655042718,-0.4471856974245445,0.5129854939749717,1,MiPOD
COVER__9433.pgm,9433.pgm,COVER,0,${BOSSBASE_ROOT}\cover\9433.pgm,0.009090383313658499,0.491455078125,0.51220703125,0.491455078125,0.51220703125,-0.4823646948113415,0,0.01013041166358438,0.50537109375,0.5322265625,0.50537109375,0.5322265625,-0.49524068208641564,0,0.007636216494667212,0.50048828125,0.548828125,0.50048828125,0.548828125,-0.4928520647553328,0,0.008644177936723585,0.52783203125,0.54833984375,0.52783203125,0.54833984375,-0.5191878533132764,0,0.008219693061967886,0.4921875,0.62451171875,0.4921875,0.62451171875,-0.4839678069380321,0,UNKNOWN,UNKNOWN_OR_COVER,WOW,MiPOD,-0.4514986004804367,-0.4531511547759938,0.001652554295557107,0,
COVER__5305.pgm,5305.pgm,COVER,0,${BOSSBASE_ROOT}\cover\5305.pgm,0.009055264186722086,0.491455078125,0.51220703125,0.491455078125,0.51220703125,-0.4823998139382779,0,0.008644177936723585,0.50537109375,0.5322265625,0.50537109375,0.5322265625,-0.49672691581327644,0,0.008985428752560176,0.50048828125,0.548828125,0.50048828125,0.548828125,-0.4915028524974398,0,0.007725534397423479,0.52783203125,0.54833984375,0.52783203125,0.54833984375,-0.5201064968525765,0,0.008380453351026062,0.4921875,0.62451171875,0.4921875,0.62451171875,-0.48380704664897395,0,UNKNOWN,UNKNOWN_OR_COVER,WOW,MiPOD,-0.45153480357862386,-0.4529854399947942,0.0014506364161703256,0,
COVER__9158.pgm,9158.pgm,COVER,0,${BOSSBASE_ROOT}\cover\9158.pgm,0.01672114370544215,0.491455078125,0.51220703125,0.491455078125,0.51220703125,-0.47473393441955786,0,0.006692850924284856,0.50537109375,0.5322265625,0.50537109375,0.5322265625,-0.49867824282571516,0,0.01020905431880827,0.50048828125,0.548828125,0.50048828125,0.548828125,-0.49027922693119175,0,0.01005236865796813,0.52783203125,0.54833984375,0.52783203125,0.54833984375,-0.5177796625920319,0,0.010570488620307572,0.4921875,0.62451171875,0.4921875,0.62451171875,-0.48161701137969243,0,UNKNOWN,UNKNOWN_OR_COVER,WOW,MiPOD,-0.44363140738518847,-0.45072783035176184,0.007096422966573368,0,
COVER__1801.pgm,1801.pgm,COVER,0,${BOSSBASE_ROOT}\cover\1801.pgm,0.013902058625059313,0.491455078125,0.51220703125,0.491455078125,0.51220703125,-0.47755301949994067,0,0.01411789342520494,0.50537109375,0.5322265625,0.50537109375,0.5322265625,-0.4912532003247951,0,0.02800752060598813,0.50048828125,0.548828125,0.50048828125,0.548828125,-0.4724807606440119,0,0.15190638748574287,0.52783203125,0.54833984375,0.52783203125,0.54833984375,-0.37592564376425713,0,0.03314851840247966,0.4921875,0.62451171875,0.4921875,0.62451171875,-0.4590389815975203,0,UNKNOWN,UNKNOWN_OR_COVER,HUGO,MiPOD,-0.34159297435898983,-0.4274444509818271,0.08585147662283726,0,
COVER__1669.pgm,1669.pgm,COVER,0,${BOSSBASE_ROOT}\cover\1669.pgm,0.012053779516236447,0.491455078125,0.51220703125,0.491455078125,0.51220703125,-0.47940129860876357,0,0.00037118545024576846,0.50537109375,0.5322265625,0.50537109375,0.5322265625,-0.5049999082997543,0,0.01507262830894569,0.50048828125,0.548828125,0.50048828125,0.548828125,-0.4854156529410543,0,0.030444348432624533,0.52783203125,0.54833984375,0.52783203125,0.54833984375,-0.49738768281737544,0,0.003930085574505154,0.4921875,0.62451171875,0.4921875,0.62451171875,-0.48825741442549486,0,UNKNOWN,UNKNOWN_OR_COVER,WOW,HILL,-0.4484436001485025,-0.4546435862614306,0.006199986112928102,0,
COVER__5042.pgm,5042.pgm,COVER,0,${BOSSBASE_ROOT}\cover\5042.pgm,0.5364039746940884,0.491455078125,0.51220703125,0.491455078125,0.51220703125,0.044948896569088403,0,0.8053261685809909,0.50537109375,0.5322265625,0.50537109375,0.5322265625,0.29995507483099093,0,0.03514484640079327,0.50048828125,0.548828125,0.50048828125,0.548828125,-0.4653434348492067,0,0.8842393539373058,0.52783203125,0.54833984375,0.52783203125,0.54833984375,0.3564073226873058,0,0.9507778868028013,0.4921875,0.62451171875,0.4921875,0.62451171875,0.4585903868028013,0,MiPOD,ATTRIBUTED,MiPOD,HUGO,0.49467104137862666,0.39214206877562746,0.1025289726029992,4,"WOW,S-UNIWARD,HUGO,MiPOD"
COVER__2864.pgm,2864.pgm,COVER,0,${BOSSBASE_ROOT}\cover\2864.pgm,0.009020279501402172,0.491455078125,0.51220703125,0.491455078125,0.51220703125,-0.48243479862359784,0,0.02665773968397867,0.50537109375,0.5322265625,0.50537109375,0.5322265625,-0.47871335406602133,0,0.26322044231961855,0.50048828125,0.548828125,0.50048828125,0.548828125,-0.23726783893038145,0,0.01646617504750254,0.52783203125,0.54833984375,0.52783203125,0.54833984375,-0.5113658562024974,0,0.5670976998525714,0.4921875,0.62451171875,0.4921875,0.62451171875,0.07491019985257141,1,MiPOD,ATTRIBUTED,MiPOD,HILL,0.12491019985257142,-0.19782883924375005,0.32273903909632146,1,MiPOD
COVER__9467.pgm,9467.pgm,COVER,0,${BOSSBASE_ROOT}\cover\9467.pgm,0.4913415028612321,0.491455078125,0.51220703125,0.491455078125,0.51220703125,-0.0001135752637678733,0,0.5056569546544155,0.50537109375,0.5322265625,0.50537109375,0.5322265625,0.0002858609044155136,1,0.5001543760250629,0.50048828125,0.548828125,0.50048828125,0.548828125,-0.0003339052249371477,0,0.49872112553054304,0.52783203125,0.54833984375,0.52783203125,0.54833984375,-0.02911090571945696,0,0.4974975794879688,0.4921875,0.62451171875,0.4921875,0.62451171875,0.0053100794879688,1,MiPOD|S-UNIWARD,AMBIGUOUS,MiPOD,S-UNIWARD,0.0553100794879688,0.050285860904415516,0.005024218583553286,2,"S-UNIWARD,MiPOD"
COVER__1205.pgm,1205.pgm,COVER,0,${BOSSBASE_ROOT}\cover\1205.pgm,0.18535662781502407,0.491455078125,0.51220703125,0.491455078125,0.51220703125,-0.30609845030997596,0,0.1811183233665227,0.50537109375,0.5322265625,0.50537109375,0.5322265625,-0.32425277038347733,0,0.5052335735037329,0.50048828125,0.548828125,0.50048828125,0.548828125,0.00474529225373288,1,0.24780535225298045,0.52783203125,0.54833984375,0.52783203125,0.54833984375,-0.28002667899701955,0,0.6803479055763159,0.4921875,0.62451171875,0.4921875,0.62451171875,0.18816040557631586,0,MiPOD,ATTRIBUTED,MiPOD,HILL,0.23544510759353776,0.05474529225373288,0.1806998153398049,2,"HILL,MiPOD"
COVER__5455.pgm,5455.pgm,COVER,0,${BOSSBASE_ROOT}\cover\5455.pgm,0.010489091259938018,0.491455078125,0.51220703125,0.491455078125,0.51220703125,-0.480965986865062,0,0.008187909901696235,0.50537109375,0.5322265625,0.50537109375,0.5322265625,-0.4971831838483038,0,0.012920473039078976,0.50048828125,0.548828125,0.50048828125,0.548828125,-0.48756780821092105,0,0.01098694263059318,0.52783203125,0.54833984375,0.52783203125,0.54833984375,-0.5168450886194068,0,0.024563088772028722,0.4921875,0.62451171875,0.4921875,0.62451171875,-0.46762441122797127,0,UNKNOWN,UNKNOWN_OR_COVER,MiPOD,WOW,-0.43629997214662897,-0.45005668967569873,0.013756717529069762,0,
COVER__3643.pgm,3643.pgm,COVER,0,${BOSSBASE_ROOT}\cover\3643.pgm,0.010368156650788152,0.491455078125,0.51220703125,0.491455078125,0.51220703125,-0.48108692147421184,0,0.016785489890063697,0.50537109375,0.5322265625,0.50537109375,0.5322265625,-0.4885856038599363,0,0.01005236865796813,0.50048828125,0.548828125,0.50048828125,0.548828125,-0.4904359125920319,0,0.009196552423046733,0.52783203125,0.54833984375,0.52783203125,0.54833984375,-0.5186354788269533,0,0.01005236865796813,0.4921875,0.62451171875,0.4921875,0.62451171875,-0.4821351313420319,0,UNKNOWN,UNKNOWN_OR_COVER,WOW,MiPOD,-0.4501813620626054,-0.4512619504700542,0.0010805884074487904,0,
COVER__6319.pgm,6319.pgm,COVER,0,${BOSSBASE_ROOT}\cover\6319.pgm,0.32917604037651443,0.491455078125,0.51220703125,0.491455078125,0.51220703125,-0.16227903774848557,0,0.49015935195295135,0.50537109375,0.5322265625,0.50537109375,0.5322265625,-0.01521174179704865,0,0.4726074110296832,0.50048828125,0.548828125,0.50048828125,0.548828125,-0.027880870220316822,0,0.0004897656064061081,0.52783203125,0.54833984375,0.52783203125,0.54833984375,-0.5273422656435939,0,6.394774733001557e-13,0.4921875,0.62451171875,0.4921875,0.62451171875,-0.4921874999993605,0,S-UNIWARD|HILL,AMBIGUOUS,S-UNIWARD,HILL,0.034033426818584483,0.02074434048535547,0.013289086333229012,0,
COVER__4352.pgm,4352.pgm,COVER,0,${BOSSBASE_ROOT}\cover\4352.pgm,0.6670392375967459,0.491455078125,0.51220703125,0.491455078125,0.51220703125,0.17558415947174588,0,0.6022955337863223,0.50537109375,0.5322265625,0.50537109375,0.5322265625,0.09692444003632228,0,0.5501542495261685,0.50048828125,0.548828125,0.50048828125,0.548828125,0.04966596827616854,0,0.7995988509311733,0.52783203125,0.54833984375,0.52783203125,0.54833984375,0.27176681968117333,0,0.46107744402720274,0.4921875,0.62451171875,0.4921875,0.62451171875,-0.031110055972797257,0,HUGO,ATTRIBUTED,HUGO,WOW,0.3106578638947765,0.21841210400032993,0.09224575989444658,4,"WOW,S-UNIWARD,HILL,HUGO"
COVER__5366.pgm,5366.pgm,COVER,0,${BOSSBASE_ROOT}\cover\5366.pgm,0.011687257995694434,0.491455078125,0.51220703125,0.491455078125,0.51220703125,-0.4797678201293056,0,0.012870749215746782,0.50537109375,0.5322265625,0.50537109375,0.5322265625,-0.49250034453425323,0,0.014728613849722676,0.50048828125,0.548828125,0.50048828125,0.548828125,-0.4857596674002773,0,0.04107588924639074,0.52783203125,0.54833984375,0.52783203125,0.54833984375,-0.4867561420036093,0,0.08254930226402811,0.4921875,0.62451171875,0.4921875,0.62451171875,-0.4096381977359719,0,UNKNOWN,UNKNOWN_OR_COVER,MiPOD,WOW,-0.3764436775489328,-0.4488214662526126,0.07237778870367978,0,
COVER__3860.pgm,3860.pgm,COVER,0,${BOSSBASE_ROOT}\cover\3860.pgm,0.011869121046339474,0.491455078125,0.51220703125,0.491455078125,0.51220703125,-0.47958595707866053,0,0.04620574903531951,0.50537109375,0.5322265625,0.50537109375,0.5322265625,-0.4591653447146805,0,0.020567095346428456,0.50048828125,0.548828125,0.50048828125,0.548828125,-0.4799211859035715,0,0.9879926494523661,0.52783203125,0.54833984375,0.52783203125,0.54833984375,0.4601606182023661,0,0.13927926756725328,0.4921875,0.62451171875,0.4921875,0.62451171875,-0.3529082324327467,0,HUGO,ATTRIBUTED,HUGO,MiPOD,0.49237362148625746,-0.31777614892597283,0.8101497704122302,1,HUGO
COVER__2480.pgm,2480.pgm,COVER,0,${BOSSBASE_ROOT}\cover\2480.pgm,0.009670992763446972,0.491455078125,0.51220703125,0.491455078125,0.51220703125,-0.48178408536155304,0,0.018020739931846972,0.50537109375,0.5322265625,0.50537109375,0.5322265625,-0.487350353818153,0,0.009559399347091532,0.50048828125,0.548828125,0.50048828125,0.548828125,-0.49092888190290845,0,0.01005236865796813,0.52783203125,0.54833984375,0.52783203125,0.54833984375,-0.5177796625920319,0,0.009340024385054083,0.4921875,0.62451171875,0.4921875,0.62451171875,-0.4828474756149459,0,UNKNOWN,UNKNOWN_OR_COVER,WOW,MiPOD,-0.4509000646810013,-0.45199627924535213,0.001096214564350828,0,
COVER__5170.pgm,5170.pgm,COVER,0,${BOSSBASE_ROOT}\cover\5170.pgm,0.008315778477474129,0.491455078125,0.51220703125,0.491455078125,0.51220703125,-0.4831392996475259,0,0.009449081319055452,0.50537109375,0.5322265625,0.50537109375,0.5322265625,-0.4959220124309445,0,0.007232763803479049,0.50048828125,0.548828125,0.50048828125,0.548828125,-0.49325551744652096,0,0.009196552423046733,0.52783203125,0.54833984375,0.52783203125,0.54833984375,-0.5186354788269533,0,0.41288520046918814,0.4921875,0.62451171875,0.4921875,0.62451171875,-0.07930229953081186,0,UNKNOWN,UNKNOWN_OR_COVER,MiPOD,WOW,-0.033114268039465926,-0.45229710508493093,0.419182837045465,0,
COVER__8734.pgm,8734.pgm,COVER,0,${BOSSBASE_ROOT}\cover\8734.pgm,0.5265253667073606,0.491455078125,0.51220703125,0.491455078125,0.51220703125,0.03507028858236061,0,0.5116632281349724,0.50537109375,0.5322265625,0.50537109375,0.5322265625,0.006292134384972448,1,0.5477664823466276,0.50048828125,0.548828125,0.50048828125,0.548828125,0.047278201096627614,1,0.5649987488370314,0.52783203125,0.54833984375,0.52783203125,0.54833984375,0.037166717587031384,0,0.6098146564778323,0.4921875,0.62451171875,0.4921875,0.62451171875,0.11762715647783228,1,MiPOD,ATTRIBUTED,MiPOD,HILL,0.16762715647783227,0.09727820109662762,0.07034895538120466,5,"WOW,S-UNIWARD,HILL,HUGO,MiPOD"
COVER__5075.pgm,5075.pgm,COVER,0,${BOSSBASE_ROOT}\cover\5075.pgm,0.008677716704989246,0.491455078125,0.51220703125,0.491455078125,0.51220703125,-0.48277736142001076,0,0.008745181682035148,0.50537109375,0.5322265625,0.50537109375,0.5322265625,-0.49662591206796486,0,0.011029470022501837,0.50048828125,0.548828125,0.50048828125,0.548828125,-0.4894588112274982,0,0.011732463956348185,0.52783203125,0.54833984375,0.52783203125,0.54833984375,-0.5160995672936518,0,0.009303949868393646,0.4921875,0.62451171875,0.4921875,0.62451171875,-0.48288355013160633,0,UNKNOWN,UNKNOWN_OR_COVER,WOW,MiPOD,-0.45192400186778675,-0.4520334666839358,0.0001094648161490408,0,
COVER__8138.pgm,8138.pgm,COVER,0,${BOSSBASE_ROOT}\cover\8138.pgm,0.01052971212461742,0.491455078125,0.51220703125,0.491455078125,0.51220703125,-0.4809253660003826,0,0.00952248567033666,0.50537109375,0.5322265625,0.50537109375,0.5322265625,-0.49584860807966336,0,0.009196552423046733,0.50048828125,0.548828125,0.50048828125,0.548828125,-0.49129172882695327,0,0.009449081319055452,0.52783203125,0.54833984375,0.52783203125,0.54833984375,-0.5183829499309446,0,0.01374232049590237,0.4921875,0.62451171875,0.4921875,0.62451171875,-0.47844517950409765,0,UNKNOWN,UNKNOWN_OR_COVER,MiPOD,WOW,-0.44745786764218864,-0.4500148132231395,0.0025569455809508757,0,
COVER__4189.pgm,4189.pgm,COVER,0,${BOSSBASE_ROOT}\cover\4189.pgm,0.539377513108639,0.491455078125,0.51220703125,0.491455078125,0.51220703125,0.04792243498363902,0,0.5484618869631898,0.50537109375,0.5322265625,0.50537109375,0.5322265625,0.04309079321318976,0,0.5590192331954614,0.50048828125,0.548828125,0.50048828125,0.548828125,0.05853095194546143,0,0.5282292257617446,0.52783203125,0.54833984375,0.52783203125,0.54833984375,0.00039719451174458076,1,0.5657186556549475,0.4921875,0.62451171875,0.4921875,0.62451171875,0.0735311556549475,1,MiPOD|HILL,AMBIGUOUS,MiPOD,HILL,0.1235311556549475,0.1080239842049785,0.015507171449969007,5,"WOW,S-UNIWARD,HILL,HUGO,MiPOD"
COVER__3822.pgm,3822.pgm,COVER,0,${BOSSBASE_ROOT}\cover\3822.pgm,0.12283853544300477,0.491455078125,0.51220703125,0.491455078125,0.51220703125,-0.36861654268199523,0,0.5227960749440608,0.50537109375,0.5322265625,0.50537109375,0.5322265625,0.017424981194060774,1,0.7272980709806538,0.50048828125,0.548828125,0.50048828125,0.548828125,0.2268097897306538,0,0.36240488638520824,0.52783203125,0.54833984375,0.52783203125,0.54833984375,-0.16542714486479176,0,0.633863664340824,0.4921875,0.62451171875,0.4921875,0.62451171875,0.14167616434082397,0,HILL,ATTRIBUTED,HILL,MiPOD,0.2686372496389227,0.191210746733424,0.07742650290549871,3,"S-UNIWARD,HILL,MiPOD"
COVER__3728.pgm,3728.pgm,COVER,0,${BOSSBASE_ROOT}\cover\3728.pgm,0.013480102975266339,0.491455078125,0.51220703125,0.491455078125,0.51220703125,-0.47797497514973364,0,0.1183850968071675,0.50537109375,0.5322265625,0.50537109375,0.5322265625,-0.38698599694283253,0,0.17009403930712164,0.50048828125,0.548828125,0.50048828125,0.548828125,-0.33039424194287836,0,0.9299510391228232,0.52783203125,0.54833984375,0.52783203125,0.54833984375,0.4021190078728232,0,0.12074951335426835,0.4921875,0.62451171875,0.4921875,0.62451171875,-0.37143798664573163,0,HUGO,ATTRIBUTED,HUGO,HILL,0.4362570309744656,-0.29446222397262284,0.7307192549470884,1,HUGO
COVER__890.pgm,890.pgm,COVER,0,${BOSSBASE_ROOT}\cover\890.pgm,0.35287049598804193,0.491455078125,0.51220703125,0.491455078125,0.51220703125,-0.13858458213695807,0,0.5011548975433096,0.50537109375,0.5322265625,0.50537109375,0.5322265625,-0.004216196206690448,0,0.5094822004039374,0.50048828125,0.548828125,0.50048828125,0.548828125,0.008993919153937435,1,0.5169155391207215,0.52783203125,0.54833984375,0.52783203125,0.54833984375,-0.010916492129278477,0,0.5152692984477437,0.4921875,0.62451171875,0.4921875,0.62451171875,0.023081798447743718,1,MiPOD|HILL,AMBIGUOUS,MiPOD,HILL,0.07308179844774372,0.05899391915393744,0.014087879293806282,2,"HILL,MiPOD"
COVER__2760.pgm,2760.pgm,COVER,0,${BOSSBASE_ROOT}\cover\2760.pgm,0.008644177936723585,0.491455078125,0.51220703125,0.491455078125,0.51220703125,-0.48281090018827644,0,0.01704531725343583,0.50537109375,0.5322265625,0.50537109375,0.5322265625,-0.48832577649656417,0,0.03767939123112169,0.50048828125,0.548828125,0.50048828125,0.548828125,-0.4628088900188783,0,0.014785407692390527,0.52783203125,0.54833984375,0.52783203125,0.54833984375,-0.5130466235576094,0,0.011375600238837661,0.4921875,0.62451171875,0.4921875,0.62451171875,-0.48081189976116234,0,UNKNOWN,UNKNOWN_OR_COVER,HILL,MiPOD,-0.43133324365804465,-0.44989783948075557,0.018564595822710916,0,
COVER__5650.pgm,5650.pgm,COVER,0,${BOSSBASE_ROOT}\cover\5650.pgm,0.009485713170795206,0.491455078125,0.51220703125,0.491455078125,0.51220703125,-0.4819693649542048,0,0.010448625445116808,0.50537109375,0.5322265625,0.50537109375,0.5322265625,-0.4949224683048832,0,0.0077555367808475675,0.50048828125,0.548828125,0.50048828125,0.548828125,-0.49273274446915244,0,0.008985428752560176,0.52783203125,0.54833984375,0.52783203125,0.54833984375,-0.5188466024974399,0,0.009783876017655003,0.4921875,0.62451171875,0.4921875,0.62451171875,-0.482403623982345,0,UNKNOWN,UNKNOWN_OR_COVER,WOW,MiPOD,-0.4510910659223554,-0.4515387312195165,0.0004476652971610595,0,
COVER__3838.pgm,3838.pgm,COVER,0,${BOSSBASE_ROOT}\cover\3838.pgm,0.47703642983957034,0.491455078125,0.51220703125,0.491455078125,0.51220703125,-0.014418648285429658,0,0.5146899849634822,0.50537109375,0.5322265625,0.50537109375,0.5322265625,0.009318891213482172,1,0.5266166608896812,0.50048828125,0.548828125,0.50048828125,0.548828125,0.026128379639681176,1,0.0055982486146598995,0.52783203125,0.54833984375,0.52783203125,0.54833984375,-0.5222337826353401,0,0.5402265903281124,0.4921875,0.62451171875,0.4921875,0.62451171875,0.04803909032811238,1,MiPOD|HILL,AMBIGUOUS,MiPOD,HILL,0.09803909032811238,0.07612837963968118,0.0219107106884312,3,"S-UNIWARD,HILL,MiPOD"
COVER__2777.pgm,2777.pgm,COVER,0,${BOSSBASE_ROOT}\cover\2777.pgm,0.21370518580391829,0.491455078125,0.51220703125,0.491455078125,0.51220703125,-0.2777498923210817,0,0.1965176254279632,0.50537109375,0.5322265625,0.50537109375,0.5322265625,-0.3088534683220368,0,0.4604708490540638,0.50048828125,0.548828125,0.50048828125,0.548828125,-0.040017432195936176,0,0.9843363512883317,0.52783203125,0.54833984375,0.52783203125,0.54833984375,0.45650432003833175,0,0.8390757441161931,0.4921875,0.62451171875,0.4921875,0.62451171875,0.3468882441161931,0,HUGO,ATTRIBUTED,HUGO,MiPOD,0.488835319249682,0.3872329015386296,0.10160241771105238,2,"HUGO,MiPOD"
COVER__4398.pgm,4398.pgm,COVER,0,${BOSSBASE_ROOT}\cover\4398.pgm,0.4775846150107681,0.491455078125,0.51220703125,0.491455078125,0.51220703125,-0.013870463114231901,0,0.5012912721536743,0.50537109375,0.5322265625,0.50537109375,0.5322265625,-0.0040798215963256945,0,0.5099245386009847,0.50048828125,0.548828125,0.50048828125,0.548828125,0.009436257350984745,1,0.5018644246473183,0.52783203125,0.54833984375,0.52783203125,0.54833984375,-0.025967606602681714,0,0.4986333881077021,0.4921875,0.62451171875,0.4921875,0.62451171875,0.00644588810770208,1,HILL|MiPOD,AMBIGUOUS,HILL,MiPOD,0.05943625735098475,0.05644588810770208,0.0029903692432826645,2,"HILL,MiPOD"
COVER__4704.pgm,4704.pgm,COVER,0,${BOSSBASE_ROOT}\cover\4704.pgm,0.011331753531361453,0.491455078125,0.51220703125,0.491455078125,0.51220703125,-0.48012332459363855,0,0.17852583152030338,0.50537109375,0.5322265625,0.50537109375,0.5322265625,-0.3268452622296966,0,0.3749051192596677,0.50048828125,0.548828125,0.50048828125,0.548828125,-0.12558316199033231,0,0.7248702761768248,0.52783203125,0.54833984375,0.52783203125,0.54833984375,0.19703824492682476,0,0.0007236572645054245,0.4921875,0.62451171875,0.4921875,0.62451171875,-0.4914638427354946,0,HUGO,ATTRIBUTED,HUGO,HILL,0.2389469084828403,-0.08148404129212698,0.3204309497749673,1,HUGO
COVER__5519.pgm,5519.pgm,COVER,0,${BOSSBASE_ROOT}\cover\5519.pgm,0.008745181682035148,0.491455078125,0.51220703125,0.491455078125,0.51220703125,-0.48270989644296486,0,0.11961366366632263,0.50537109375,0.5322265625,0.50537109375,0.5322265625,-0.38575743008367736,0,0.01024860192315863,0.50048828125,0.548828125,0.50048828125,0.548828125,-0.49023967932684137,0,0.8684925281703223,0.52783203125,0.54833984375,0.52783203125,0.54833984375,0.3406604969203223,0,0.14116297998248356,0.4921875,0.62451171875,0.4921875,0.62451171875,-0.35102452001751644,0,HUGO,ATTRIBUTED,HUGO,MiPOD,0.376962405614955,-0.3158261953988528,0.6927886010138078,1,HUGO
COVER__4993.pgm,4993.pgm,COVER,0,${BOSSBASE_ROOT}\cover\4993.pgm,0.014227046103179024,0.491455078125,0.51220703125,0.491455078125,0.51220703125,-0.47722803202182096,0,0.010693757736175492,0.50537109375,0.5322265625,0.50537109375,0.5322265625,-0.4946773360138245,0,0.15431227344123113,0.50048828125,0.548828125,0.50048828125,0.548828125,-0.3461760078087689,0,0.022032264112695956,0.52783203125,0.54833984375,0.52783203125,0.54833984375,-0.505799767137304,0,0.6831024702293615,0.4921875,0.62451171875,0.4921875,0.62451171875,0.19091497022936155,0,MiPOD,ATTRIBUTED,MiPOD,HILL,0.23806960270250452,-0.31080660929165627,0.5488762119941608,1,MiPOD
COVER__769.pgm,769.pgm,COVER,0,${BOSSBASE_ROOT}\cover\769.pgm,0.007011795381497108,0.491455078125,0.51220703125,0.491455078125,0.51220703125,-0.4844432827435029,0,0.01495708659314999,0.50537109375,0.5322265625,0.50537109375,0.5322265625,-0.49041400715685,0,0.01020905431880827,0.50048828125,0.548828125,0.50048828125,0.548828125,-0.49027922693119175,0,0.01052971212461742,0.52783203125,0.54833984375,0.52783203125,0.54833984375,-0.5173023191253826,0,0.6334102636778401,0.4921875,0.62451171875,0.4921875,0.62451171875,0.14122276367784015,0,MiPOD,ATTRIBUTED,MiPOD,WOW,0.19077981017517276,-0.4536412796710535,0.6444210898462263,1,MiPOD
COVER__6186.pgm,6186.pgm,COVER,0,${BOSSBASE_ROOT}\cover\6186.pgm,0.011072160183234295,0.491455078125,0.51220703125,0.491455078125,0.51220703125,-0.4803829179417657,0,0.010328152519305191,0.50537109375,0.5322265625,0.50537109375,0.5322265625,-0.4950429412306948,0,0.01024860192315863,0.50048828125,0.548828125,0.50048828125,0.548828125,-0.49023967932684137,0,0.008478401934677453,0.52783203125,0.54833984375,0.52783203125,0.54833984375,-0.5193536293153226,0,0.007374365308237828,0.4921875,0.62451171875,0.4921875,0.62451171875,-0.4848131346917622,0,UNKNOWN,UNKNOWN_OR_COVER,WOW,MiPOD,-0.4494555932466419,-0.45402252169370894,0.00456692844706702,0,
COVER__5876.pgm,5876.pgm,COVER,0,${BOSSBASE_ROOT}\cover\5876.pgm,0.009485713170795206,0.491455078125,0.51220703125,0.491455078125,0.51220703125,-0.4819693649542048,0,0.008644177936723585,0.50537109375,0.5322265625,0.50537109375,0.5322265625,-0.49672691581327644,0,0.008511303026562552,0.50048828125,0.548828125,0.50048828125,0.548828125,-0.49197697822343744,0,0.008544330693441928,0.52783203125,0.54833984375,0.52783203125,0.54833984375,-0.519287700556558,0,0.007846239292520898,0.4921875,0.62451171875,0.4921875,0.62451171875,-0.4843412607074791,0,UNKNOWN,UNKNOWN_OR_COVER,WOW,MiPOD,-0.4510910659223554,-0.4535361149916559,0.0024450490693004867,0,
COVER__9113.pgm,9113.pgm,COVER,0,${BOSSBASE_ROOT}\cover\9113.pgm,0.009633652359446519,0.491455078125,0.51220703125,0.491455078125,0.51220703125,-0.4818214257655535,0,0.013480102975266339,0.50537109375,0.5322265625,0.50537109375,0.5322265625,-0.49189099077473364,0,0.014227046103179024,0.50048828125,0.548828125,0.50048828125,0.548828125,-0.48626123514682096,0,0.01128807389923099,0.52783203125,0.54833984375,0.52783203125,0.54833984375,-0.516543957350769,0,0.013955710398273338,0.4921875,0.62451171875,0.4921875,0.62451171875,-0.4782317896017267,0,UNKNOWN,UNKNOWN_OR_COVER,MiPOD,WOW,-0.447237864654807,-0.4509385582852805,0.003700693630473484,0,
COVER__7272.pgm,7272.pgm,COVER,0,${BOSSBASE_ROOT}\cover\7272.pgm,0.010611421330238862,0.491455078125,0.51220703125,0.491455078125,0.51220703125,-0.48084365679476115,0,0.011732463956348185,0.50537109375,0.5322265625,0.50537109375,0.5322265625,-0.4936386297936518,0,0.008847355082930386,0.50048828125,0.548828125,0.50048828125,0.548828125,-0.4916409261670696,0,0.007460643463940165,0.52783203125,0.54833984375,0.52783203125,0.54833984375,-0.5203713877860598,0,0.009412589587609823,0.4921875,0.62451171875,0.4921875,0.62451171875,-0.4827749104123902,0,UNKNOWN,UNKNOWN_OR_COVER,WOW,MiPOD,-0.449930578237617,-0.4519214752382541,0.001990897000637093,0,
COVER__6067.pgm,6067.pgm,COVER,0,${BOSSBASE_ROOT}\cover\6067.pgm,0.009746104052554064,0.491455078125,0.51220703125,0.491455078125,0.51220703125,-0.48170897407244595,0,0.010448625445116808,0.50537109375,0.5322265625,0.50537109375,0.5322265625,-0.4949224683048832,0,0.007937994101407319,0.50048828125,0.548828125,0.50048828125,0.548828125,-0.49255028714859267,0,0.009670992763446972,0.52783203125,0.54833984375,0.52783203125,0.54833984375,-0.518161038486553,0,0.009485713170795206,0.4921875,0.62451171875,0.4921875,0.62451171875,-0.4827017868292048,0,UNKNOWN,UNKNOWN_OR_COVER,WOW,MiPOD,-0.45082263356616664,-0.45184609545884563,0.0010234618926789896,0,
COVER__8827.pgm,8827.pgm,COVER,0,${BOSSBASE_ROOT}\cover\8827.pgm,0.01685007944789776,0.491455078125,0.51220703125,0.491455078125,0.51220703125,-0.47460499867710226,0,0.1610561624808234,0.50537109375,0.5322265625,0.50537109375,0.5322265625,-0.34431493126917656,0,0.014172366191301682,0.50048828125,0.548828125,0.50048828125,0.548828125,-0.4863159150586983,0,0.019681409040532987,0.52783203125,0.54833984375,0.52783203125,0.54833984375,-0.508150622209467,0,0.378688832120047,0.4921875,0.62451171875,0.4921875,0.62451171875,-0.113498667879953,0,UNKNOWN,UNKNOWN_OR_COVER,MiPOD,S-UNIWARD,-0.06886339859989633,-0.3088796463034194,0.2400162477035231,0,
COVER__916.pgm,916.pgm,COVER,0,${BOSSBASE_ROOT}\cover\916.pgm,0.8679338421303608,0.491455078125,0.51220703125,0.491455078125,0.51220703125,0.37647876400536084,0,0.6920179329426135,0.50537109375,0.5322265625,0.50537109375,0.5322265625,0.1866468391926135,0,0.49276402451181195,0.50048828125,0.548828125,0.50048828125,0.548828125,-0.007724256738188051,0,0.8028648524846255,0.52783203125,0.54833984375,0.52783203125,0.54833984375,0.27503282123462547,0,0.5766611795734865,0.4921875,0.62451171875,0.4921875,0.62451171875,0.0844736795734865,1,WOW,ATTRIBUTED,WOW,HUGO,0.41151196439911214,0.31379705443262057,0.09771490996649157,4,"WOW,S-UNIWARD,HUGO,MiPOD"
COVER__7977.pgm,7977.pgm,COVER,0,${BOSSBASE_ROOT}\cover\7977.pgm,0.007204769088868756,0.491455078125,0.51220703125,0.491455078125,0.51220703125,-0.48425030903613125,0,0.011508149064303403,0.50537109375,0.5322265625,0.50537109375,0.5322265625,-0.4938629446856966,0,0.013584392513059033,0.50048828125,0.548828125,0.50048828125,0.548828125,-0.48690388873694096,0,0.00740301408887263,0.52783203125,0.54833984375,0.52783203125,0.54833984375,-0.5204290171611273,0,0.010902373729285245,0.4921875,0.62451171875,0.4921875,0.62451171875,-0.48128512627071474,0,UNKNOWN,UNKNOWN_OR_COVER,MiPOD,WOW,-0.45038569188219774,-0.45344236141340194,0.0030566695312042036,0,
COVER__644.pgm,644.pgm,COVER,0,${BOSSBASE_ROOT}\cover\644.pgm,0.008187909901696235,0.491455078125,0.51220703125,0.491455078125,0.51220703125,-0.4832671682233038,0,0.01098694263059318,0.50537109375,0.5322265625,0.50537109375,0.5322265625,-0.4943841511194068,0,0.006744989542092038,0.50048828125,0.548828125,0.50048828125,0.548828125,-0.493743291707908,0,0.007907291504628555,0.52783203125,0.54833984375,0.52783203125,0.54833984375,-0.5199247397453715,0,0.007577241267860811,0.4921875,0.62451171875,0.4921875,0.62451171875,-0.4846102587321392,0,UNKNOWN,UNKNOWN_OR_COVER,WOW,MiPOD,-0.4524289171560715,-0.45381339842523366,0.0013844812691621855,0,
COVER__5512.pgm,5512.pgm,COVER,0,${BOSSBASE_ROOT}\cover\5512.pgm,0.009783876017655003,0.491455078125,0.51220703125,0.491455078125,0.51220703125,-0.481671202107345,0,0.009268013380914325,0.50537109375,0.5322265625,0.50537109375,0.5322265625,-0.4961030803690857,0,0.032040078058081095,0.50048828125,0.548828125,0.50048828125,0.548828125,-0.46844820319191893,0,0.006984649917134321,0.52783203125,0.54833984375,0.52783203125,0.54833984375,-0.5208473813328657,0,0.0446808702726502,0.4921875,0.62451171875,0.4921875,0.62451171875,-0.4475066297273498,0,UNKNOWN,UNKNOWN_OR_COVER,MiPOD,HILL,-0.41554563080824436,-0.43714955830578295,0.02160392749753859,0,
COVER__4586.pgm,4586.pgm,COVER,0,${BOSSBASE_ROOT}\cover\4586.pgm,0.5724240297877585,0.491455078125,0.51220703125,0.491455078125,0.51220703125,0.08096895166275853,0,0.5296435393643741,0.50537109375,0.5322265625,0.50537109375,0.5322265625,0.02427244561437414,1,0.47907716663072697,0.50048828125,0.548828125,0.50048828125,0.548828125,-0.02141111461927303,0,0.5600721991804483,0.52783203125,0.54833984375,0.52783203125,0.54833984375,0.03224016793044826,0,0.4926190969875714,0.4921875,0.62451171875,0.4921875,0.62451171875,0.0004315969875713921,1,WOW,ATTRIBUTED,WOW,HUGO,0.12804696137420957,0.08165697794459516,0.04638998342961441,4,"WOW,S-UNIWARD,HUGO,MiPOD"
COVER__6961.pgm,6961.pgm,COVER,0,${BOSSBASE_ROOT}\cover\6961.pgm,0.010693757736175492,0.491455078125,0.51220703125,0.491455078125,0.51220703125,-0.4807613203888245,0,0.010570488620307572,0.50537109375,0.5322265625,0.50537109375,0.5322265625,-0.49480060512969243,0,0.011732463956348185,0.50048828125,0.548828125,0.50048828125,0.548828125,-0.4887558172936518,0,0.011375600238837661,0.52783203125,0.54833984375,0.52783203125,0.54833984375,-0.5164564310111623,0,0.009859855303538789,0.4921875,0.62451171875,0.4921875,0.62451171875,-0.4823276446964612,0,UNKNOWN,UNKNOWN_OR_COVER,WOW,MiPOD,-0.4498456964551084,-0.45146040675203025,0.0016147102969218396,0,
COVER__4265.pgm,4265.pgm,COVER,0,${BOSSBASE_ROOT}\cover\4265.pgm,0.5080254337418938,0.491455078125,0.51220703125,0.491455078125,0.51220703125,0.016570355616893795,1,0.5073465781836775,0.50537109375,0.5322265625,0.50537109375,0.5322265625,0.0019754844336774546,1,0.5096271059651604,0.50048828125,0.548828125,0.50048828125,0.548828125,0.009138824715160365,1,0.5019473931071098,0.52783203125,0.54833984375,0.52783203125,0.54833984375,-0.025884638142890215,0,0.5035437944184206,0.4921875,0.62451171875,0.4921875,0.62451171875,0.011356294418420565,1,WOW|MiPOD,AMBIGUOUS,WOW,MiPOD,0.0665703556168938,0.06135629441842057,0.00521406119847323,4,"WOW,S-UNIWARD,HILL,MiPOD"
COVER__5336.pgm,5336.pgm,COVER,0,${BOSSBASE_ROOT}\cover\5336.pgm,0.2228692322460254,0.491455078125,0.51220703125,0.491455078125,0.51220703125,-0.2685858458789746,0,0.010652510839726164,0.50537109375,0.5322265625,0.50537109375,0.5322265625,-0.4947185829102738,0,0.5295979236517113,0.50048828125,0.548828125,0.50048828125,0.548828125,0.029109642401711322,1,0.013376603227377451,0.52783203125,0.54833984375,0.52783203125,0.54833984375,-0.5144554280226226,0,0.576184305464772,0.4921875,0.62451171875,0.4921875,0.62451171875,0.08399680546477195,1,MiPOD,ATTRIBUTED,MiPOD,HILL,0.13399680546477194,0.07910964240171132,0.054887163063060615,2,"HILL,MiPOD"
COVER__237.pgm,237.pgm,COVER,0,${BOSSBASE_ROOT}\cover\237.pgm,0.02665773968397867,0.491455078125,0.51220703125,0.491455078125,0.51220703125,-0.46479733844102133,0,0.5432267799214107,0.50537109375,0.5322265625,0.50537109375,0.5322265625,0.03785568617141066,0,0.07935289445587748,0.50048828125,0.548828125,0.50048828125,0.548828125,-0.42113538679412255,0,0.8068526199774353,0.52783203125,0.54833984375,0.52783203125,0.54833984375,0.2790205887274353,0,0.3407045130269881,0.4921875,0.62451171875,0.4921875,0.62451171875,-0.15148298697301188,0,HUGO,ATTRIBUTED,HUGO,S-UNIWARD,0.31763054698713533,0.0873086893580362,0.23032185762909912,2,"S-UNIWARD,HUGO"
COVER__1251.pgm,1251.pgm,COVER,0,${BOSSBASE_ROOT}\cover\1251.pgm,0.012920473039078976,0.491455078125,0.51220703125,0.491455078125,0.51220703125,-0.47853460508592105,0,0.018369638109289183,0.50537109375,0.5322265625,0.50537109375,0.5322265625,-0.48700145564071085,0,0.009974920824078675,0.50048828125,0.548828125,0.50048828125,0.548828125,-0.4905133604259213,0,0.010408314101072437,0.52783203125,0.54833984375,0.52783203125,0.54833984375,-0.5174237171489275,0,0.028652669309593447,0.4921875,0.62451171875,0.4921875,0.62451171875,-0.4635348306904066,0,UNKNOWN,UNKNOWN_OR_COVER,MiPOD,WOW,-0.4320820254897622,-0.44755006415850634,0.015468038668744133,0,
COVER__7606.pgm,7606.pgm,COVER,0,${BOSSBASE_ROOT}\cover\7606.pgm,0.009708476481474066,0.491455078125,0.51220703125,0.491455078125,0.51220703125,-0.48174660164352595,0,0.009974920824078675,0.50537109375,0.5322265625,0.50537109375,0.5322265625,-0.4953961729259213,0,0.00912563738918052,0.50048828125,0.548828125,0.50048828125,0.548828125,-0.49136264386081946,0,0.006513498559668185,0.52783203125,0.54833984375,0.52783203125,0.54833984375,-0.5213185326903318,0,0.008380453351026062,0.4921875,0.62451171875,0.4921875,0.62451171875,-0.48380704664897395,0,UNKNOWN,UNKNOWN_OR_COVER,WOW,MiPOD,-0.45086142329335477,-0.4529854399947942,0.002124016701439413,0,
COVER__8235.pgm,8235.pgm,COVER,0,${BOSSBASE_ROOT}\cover\8235.pgm,0.009376237450848677,0.491455078125,0.51220703125,0.491455078125,0.51220703125,-0.4820788406741513,0,0.008847355082930386,0.50537109375,0.5322265625,0.50537109375,0.5322265625,-0.4965237386670696,0,0.008881675100847034,0.50048828125,0.548828125,0.50048828125,0.548828125,-0.49160660614915297,0,0.009161026922093826,0.52783203125,0.54833984375,0.52783203125,0.54833984375,-0.5186710043279061,0,0.007374365308237828,0.4921875,0.62451171875,0.4921875,0.62451171875,-0.4848131346917622,0,UNKNOWN,UNKNOWN_OR_COVER,WOW,MiPOD,-0.45120392188128877,-0.45402252169370894,0.002818599812420164,0,
COVER__8018.pgm,8018.pgm,COVER,0,${BOSSBASE_ROOT}\cover\8018.pgm,0.01013041166358438,0.491455078125,0.51220703125,0.491455078125,0.51220703125,-0.48132466646141564,0,0.011777842688519623,0.50537109375,0.5322265625,0.50537109375,0.5322265625,-0.4935932510614804,0,0.010489091259938018,0.50048828125,0.548828125,0.50048828125,0.548828125,-0.489999189990062,0,0.009303949868393646,0.52783203125,0.54833984375,0.52783203125,0.54833984375,-0.5185280813816063,0,0.010013570623173138,0.4921875,0.62451171875,0.4921875,0.62451171875,-0.48217392937682685,0,UNKNOWN,UNKNOWN_OR_COVER,WOW,MiPOD,-0.45042645381827273,-0.4513019463003586,0.000875492482085849,0,
COVER__4541.pgm,4541.pgm,COVER,0,${BOSSBASE_ROOT}\cover\4541.pgm,0.01368947769627449,0.491455078125,0.51220703125,0.491455078125,0.51220703125,-0.4777656004287255,0,0.31132216272346264,0.50537109375,0.5322265625,0.50537109375,0.5322265625,-0.19404893102653736,0,0.7080107286710589,0.50048828125,0.548828125,0.50048828125,0.548828125,0.20752244742105885,0,0.09982066756762313,0.52783203125,0.54833984375,0.52783203125,0.54833984375,-0.42801136368237686,0,0.6905590864098664,0.4921875,0.62451171875,0.4921875,0.62451171875,0.1983715864098664,0,HILL|MiPOD,AMBIGUOUS,HILL,MiPOD,0.25016447806720465,0.24517591256053783,0.00498856550666682,2,"HILL,MiPOD"
COVER__9185.pgm,9185.pgm,COVER,0,${BOSSBASE_ROOT}\cover\9185.pgm,0.011029470022501837,0.491455078125,0.51220703125,0.491455078125,0.51220703125,-0.4804256081024982,0,0.00952248567033666,0.50537109375,0.5322265625,0.50537109375,0.5322265625,-0.49584860807966336,0,0.023554331577945047,0.50048828125,0.548828125,0.50048828125,0.548828125,-0.47693394967205494,0,0.011419614645648401,0.52783203125,0.54833984375,0.52783203125,0.54833984375,-0.5164124166043516,0,0.030967515262747537,0.4921875,0.62451171875,0.4921875,0.62451171875,-0.46121998473725245,0,UNKNOWN,UNKNOWN_OR_COVER,MiPOD,HILL,-0.4296942868025986,-0.44589977345756066,0.016205486654962076,0,
COVER__9683.pgm,9683.pgm,COVER,0,${BOSSBASE_ROOT}\cover\9683.pgm,0.008985428752560176,0.491455078125,0.51220703125,0.491455078125,0.51220703125,-0.4824696493724398,0,0.011869121046339474,0.50537109375,0.5322265625,0.50537109375,0.5322265625,-0.49350197270366053,0,0.010368156650788152,0.50048828125,0.548828125,0.50048828125,0.548828125,-0.49012012459921184,0,0.007121428745735101,0.52783203125,0.54833984375,0.52783203125,0.54833984375,-0.5207106025042649,0,0.007665874688645945,0.4921875,0.62451171875,0.4921875,0.62451171875,-0.48452162531135406,0,UNKNOWN,UNKNOWN_OR_COVER,WOW,MiPOD,-0.4516067944089222,-0.45372203525239824,0.0021152408434760295,0,
COVER__9649.pgm,9649.pgm,COVER,0,${BOSSBASE_ROOT}\cover\9649.pgm,0.5327290131142427,0.491455078125,0.51220703125,0.491455078125,0.51220703125,0.0412739349892427,0,0.11456650407377364,0.50537109375,0.5322265625,0.50537109375,0.5322265625,-0.39080458967622633,0,0.1872812764198712,0.50048828125,0.548828125,0.50048828125,0.548828125,-0.3132070048301288,0,0.011508149064303403,0.52783203125,0.54833984375,0.52783203125,0.54833984375,-0.5163238821856966,0,0.40792292009020004,0.4921875,0.62451171875,0.4921875,0.62451171875,-0.08426457990979996,0,WOW,ATTRIBUTED,WOW,MiPOD,0.09025829303362529,-0.03830517864806305,0.12856347168168833,1,WOW
COVER__4557.pgm,4557.pgm,COVER,0,${BOSSBASE_ROOT}\cover\4557.pgm,0.011552670335220809,0.491455078125,0.51220703125,0.491455078125,0.51220703125,-0.4799024077897792,0,0.007547923375900623,0.50537109375,0.5322265625,0.50537109375,0.5322265625,-0.4978231703740994,0,0.010408314101072437,0.50048828125,0.548828125,0.50048828125,0.548828125,-0.49007996714892754,0,0.009485713170795206,0.52783203125,0.54833984375,0.52783203125,0.54833984375,-0.5183463180792048,0,0.010328152519305191,0.4921875,0.62451171875,0.4921875,0.62451171875,-0.4818593474806948,0,UNKNOWN,UNKNOWN_OR_COVER,WOW,MiPOD,-0.44896021863018865,-0.4509776511095198,0.0020174324793311715,0,
COVER__226.pgm,226.pgm,COVER,0,${BOSSBASE_ROOT}\cover\226.pgm,0.06371499425196533,0.491455078125,0.51220703125,0.491455078125,0.51220703125,-0.42774008387303464,0,0.03210070671700819,0.50537109375,0.5322265625,0.50537109375,0.5322265625,-0.4732703870329918,0,0.3501991218200541,0.50048828125,0.548828125,0.50048828125,0.548828125,-0.15028915942994592,0,0.572603284011383,0.52783203125,0.54833984375,0.52783203125,0.54833984375,0.04477125276138305,0,0.03846619201832428,0.4921875,0.62451171875,0.4921875,0.62451171875,-0.4537213079816757,0,HUGO,ATTRIBUTED,HUGO,HILL,0.09357268029487616,-0.1072662029010939,0.20083888319597004,1,HUGO
COVER__3815.pgm,3815.pgm,COVER,0,${BOSSBASE_ROOT}\cover\3815.pgm,0.47139053692035676,0.491455078125,0.51220703125,0.491455078125,0.51220703125,-0.020064541204643238,0,0.5119224832430046,0.50537109375,0.5322265625,0.50537109375,0.5322265625,0.0065513894930046,1,0.49682430722998694,0.50048828125,0.548828125,0.50048828125,0.548828125,-0.003663974020013061,0,0.10212547518667588,0.52783203125,0.54833984375,0.52783203125,0.54833984375,-0.42570655606332414,0,0.49581918923714685,0.4921875,0.62451171875,0.4921875,0.62451171875,0.003631689237146851,1,S-UNIWARD|MiPOD,AMBIGUOUS,S-UNIWARD,MiPOD,0.0565513894930046,0.053631689237146854,0.002919700255857749,2,"S-UNIWARD,MiPOD"
COVER__8616.pgm,8616.pgm,COVER,0,${BOSSBASE_ROOT}\cover\8616.pgm,0.009898063716023652,0.491455078125,0.51220703125,0.491455078125,0.51220703125,-0.48155701440897636,0,0.009559399347091532,0.50537109375,0.5322265625,0.50537109375,0.5322265625,-0.49581169440290845,0,0.010368156650788152,0.50048828125,0.548828125,0.50048828125,0.548828125,-0.49012012459921184,0,0.010448625445116808,0.52783203125,0.54833984375,0.52783203125,0.54833984375,-0.5173834058048832,0,0.009268013380914325,0.4921875,0.62451171875,0.4921875,0.62451171875,-0.4829194866190857,0,UNKNOWN,UNKNOWN_OR_COVER,WOW,MiPOD,-0.45066598006816017,-0.4520705117951326,0.0014045317269724134,0,
COVER__1147.pgm,1147.pgm,COVER,0,${BOSSBASE_ROOT}\cover\1147.pgm,0.012100385813544712,0.491455078125,0.51220703125,0.491455078125,0.51220703125,-0.4793546923114553,0,0.016029147365901317,0.50537109375,0.5322265625,0.50537109375,0.5322265625,-0.48934194638409867,0,0.024237634712630244,0.50048828125,0.548828125,0.50048828125,0.548828125,-0.47625064653736976,0,0.01507262830894569,0.52783203125,0.54833984375,0.52783203125,0.54833984375,-0.5127594029410543,0,0.168719941496583,0.4921875,0.62451171875,0.4921875,0.62451171875,-0.323467558503417,0,UNKNOWN,UNKNOWN_OR_COVER,MiPOD,HILL,-0.28728578683551553,-0.4451952573263576,0.15790947049084209,0,
COVER__9194.pgm,9194.pgm,COVER,0,${BOSSBASE_ROOT}\cover\9194.pgm,0.009859855303538789,0.491455078125,0.51220703125,0.491455078125,0.51220703125,-0.4815952228214612,0,0.007999754508377905,0.50537109375,0.5322265625,0.50537109375,0.5322265625,-0.4973713392416221,0,0.008511303026562552,0.50048828125,0.548828125,0.50048828125,0.548828125,-0.49197697822343744,0,0.008511303026562552,0.52783203125,0.54833984375,0.52783203125,0.54833984375,-0.5193207282234374,0,0.008380453351026062,0.4921875,0.62451171875,0.4921875,0.62451171875,-0.48380704664897395,0,UNKNOWN,UNKNOWN_OR_COVER,WOW,MiPOD,-0.45070536875547884,-0.4529854399947942,0.00228007123931534,0,
COVER__5071.pgm,5071.pgm,COVER,0,${BOSSBASE_ROOT}\cover\5071.pgm,0.012431650853185818,0.491455078125,0.51220703125,0.491455078125,0.51220703125,-0.4790234272718142,0,0.08299414835226906,0.50537109375,0.5322265625,0.50537109375,0.5322265625,-0.42237694539773096,0,0.01368947769627449,0.50048828125,0.548828125,0.50048828125,0.548828125,-0.4867988035537255,0,0.014615670100635955,0.52783203125,0.54833984375,0.52783203125,0.54833984375,-0.5132163611493641,0,0.02541965238092861,0.4921875,0.62451171875,0.4921875,0.62451171875,-0.4667678476190714,0,UNKNOWN,UNKNOWN_OR_COVER,S-UNIWARD,MiPOD,-0.3896025998954701,-0.4354165656684716,0.04581396577300151,0,
COVER__5120.pgm,5120.pgm,COVER,0,${BOSSBASE_ROOT}\cover\5120.pgm,0.011732463956348185,0.491455078125,0.51220703125,0.491455078125,0.51220703125,-0.4797226141686518,0,0.013532148655407106,0.50537109375,0.5322265625,0.50537109375,0.5322265625,-0.4918389450945929,0,0.010735162609090678,0.50048828125,0.548828125,0.50048828125,0.548828125,-0.4897531186409093,0,0.012288597529701977,0.52783203125,0.54833984375,0.52783203125,0.54833984375,-0.515543433720298,0,0.011029470022501837,0.4921875,0.62451171875,0.4921875,0.62451171875,-0.4811580299774982,0,UNKNOWN,UNKNOWN_OR_COVER,WOW,MiPOD,-0.44877486130068195,-0.4502546681358308,0.001479806835148867,0,
COVER__6016.pgm,6016.pgm,COVER,0,${BOSSBASE_ROOT}\cover\6016.pgm,0.19744445710480676,0.491455078125,0.51220703125,0.491455078125,0.51220703125,-0.29401062102019326,0,0.4396270522433023,0.50537109375,0.5322265625,0.50537109375,0.5322265625,-0.06574404150669771,0,0.4360816246538734,0.50048828125,0.548828125,0.50048828125,0.548828125,-0.0644066565961266,0,0.07263670636078697,0.52783203125,0.54833984375,0.52783203125,0.54833984375,-0.45519532488921305,0,0.1437877942733285,0.4921875,0.62451171875,0.4921875,0.62451171875,-0.3483997057266715,0,UNKNOWN,UNKNOWN_OR_COVER,HILL,S-UNIWARD,-0.017525475038191185,-0.018925516226448558,0.0014000411882573727,0,
COVER__4807.pgm,4807.pgm,COVER,0,${BOSSBASE_ROOT}\cover\4807.pgm,0.07081620186263493,0.491455078125,0.51220703125,0.491455078125,0.51220703125,-0.42063887626236507,0,0.5744544532092697,0.50537109375,0.5322265625,0.50537109375,0.5322265625,0.06908335945926969,0,0.5755283719825773,0.50048828125,0.548828125,0.50048828125,0.548828125,0.07504009073257734,0,0.09334687851957546,0.52783203125,0.54833984375,0.52783203125,0.54833984375,-0.43448515273042454,0,0.8537908888084864,0.4921875,0.62451171875,0.4921875,0.62451171875,0.3616033888084864,0,MiPOD,ATTRIBUTED,MiPOD,HILL,0.40135871543755275,0.12372274339393036,0.2776359720436224,3,"S-UNIWARD,HILL,MiPOD"
COVER__623.pgm,623.pgm,COVER,0,${BOSSBASE_ROOT}\cover\623.pgm,0.12336562437275558,0.491455078125,0.51220703125,0.491455078125,0.51220703125,-0.36808945375224444,0,0.23144047331530365,0.50537109375,0.5322265625,0.50537109375,0.5322265625,-0.27393062043469635,0,0.49473591228121594,0.50048828125,0.548828125,0.50048828125,0.548828125,-0.005752368968784061,0,0.5972555816787293,0.52783203125,0.54833984375,0.52783203125,0.54833984375,0.06942355042872927,0,0.4704172816957548,0.4921875,0.62451171875,0.4921875,0.62451171875,-0.021770218304245192,0,HUGO,ATTRIBUTED,HUGO,HILL,0.11703661872038439,0.043960838242570355,0.07307578047781403,1,HUGO
COVER__4125.pgm,4125.pgm,COVER,0,${BOSSBASE_ROOT}\cover\4125.pgm,0.21206880435710532,0.491455078125,0.51220703125,0.491455078125,0.51220703125,-0.2793862737678947,0,0.45371565054064683,0.50537109375,0.5322265625,0.50537109375,0.5322265625,-0.05165544320935317,0,0.6340902758309441,0.50048828125,0.548828125,0.50048828125,0.548828125,0.13360199458094413,0,0.0005316132776684706,0.52783203125,0.54833984375,0.52783203125,0.54833984375,-0.5273004179723315,0,0.5794599037413983,0.4921875,0.62451171875,0.4921875,0.62451171875,0.08727240374139833,1,HILL,ATTRIBUTED,HILL,MiPOD,0.17951557094102402,0.13727240374139832,0.0422431671996257,2,"HILL,MiPOD"
COVER__8188.pgm,8188.pgm,COVER,0,${BOSSBASE_ROOT}\cover\8188.pgm,0.5205267864822855,0.491455078125,0.51220703125,0.491455078125,0.51220703125,0.029071708357285453,0,0.5081550994915618,0.50537109375,0.5322265625,0.50537109375,0.5322265625,0.0027840057415617903,1,0.5001972913639674,0.50048828125,0.548828125,0.50048828125,0.548828125,-0.0002909898860325999,0,0.4899839450687601,0.52783203125,0.54833984375,0.52783203125,0.54833984375,-0.037848086181239915,0,0.5055387138622452,0.4921875,0.62451171875,0.4921875,0.62451171875,0.013351213862245248,1,WOW|MiPOD,AMBIGUOUS,WOW,MiPOD,0.07865744626481819,0.06335121386224525,0.015306232402572936,3,"WOW,S-UNIWARD,MiPOD"
COVER__368.pgm,368.pgm,COVER,0,${BOSSBASE_ROOT}\cover\368.pgm,0.48867991325110344,0.491455078125,0.51220703125,0.491455078125,0.51220703125,-0.002775164873896563,0,0.5674572805084485,0.50537109375,0.5322265625,0.50537109375,0.5322265625,0.06208618675844846,0,0.46863863613322926,0.50048828125,0.548828125,0.50048828125,0.548828125,-0.03184964511677074,0,0.542530037708361,0.52783203125,0.54833984375,0.52783203125,0.54833984375,0.014698006458360946,1,0.8692713180565296,0.4921875,0.62451171875,0.4921875,0.62451171875,0.3770838180565296,0,MiPOD,ATTRIBUTED,MiPOD,S-UNIWARD,0.41622845423526356,0.11035531972829737,0.3058731345069662,3,"S-UNIWARD,HUGO,MiPOD"
COVER__5791.pgm,5791.pgm,COVER,0,${BOSSBASE_ROOT}\cover\5791.pgm,0.01020905431880827,0.491455078125,0.51220703125,0.491455078125,0.51220703125,-0.48124602380619175,0,0.010368156650788152,0.50537109375,0.5322265625,0.50537109375,0.5322265625,-0.49500293709921184,0,0.008511303026562552,0.50048828125,0.548828125,0.50048828125,0.548828125,-0.49197697822343744,0,0.011463797377996032,0.52783203125,0.54833984375,0.52783203125,0.54833984375,-0.5163682338720039,0,0.02364434087592203,0.4921875,0.62451171875,0.4921875,0.62451171875,-0.46854315912407796,0,UNKNOWN,UNKNOWN_OR_COVER,MiPOD,WOW,-0.4372474860888428,-0.4503453811500148,0.013097895061172038,0,
COVER__8287.pgm,8287.pgm,COVER,0,${BOSSBASE_ROOT}\cover\8287.pgm,0.009936418705946226,0.491455078125,0.51220703125,0.491455078125,0.51220703125,-0.48151865941905375,0,0.010860331013277531,0.50537109375,0.5322265625,0.50537109375,0.5322265625,-0.49451076273672245,0,0.014899643269019094,0.50048828125,0.548828125,0.50048828125,0.548828125,-0.4855886379809809,0,0.008445626941126032,0.52783203125,0.54833984375,0.52783203125,0.54833984375,-0.519386404308874,0,0.012053779516236447,0.4921875,0.62451171875,0.4921875,0.62451171875,-0.48013372048376357,0,UNKNOWN,UNKNOWN_OR_COVER,MiPOD,WOW,-0.4491986878175795,-0.45062644023020443,0.0014277524126249386,0,
COVER__1420.pgm,1420.pgm,COVER,0,${BOSSBASE_ROOT}\cover\1420.pgm,0.01124456072066409,0.491455078125,0.51220703125,0.491455078125,0.51220703125,-0.4802105174043359,0,0.0031974869372464253,0.50537109375,0.5322265625,0.50537109375,0.5322265625,-0.5021736068127536,0,0.014447852533602467,0.50048828125,0.548828125,0.50048828125,0.548828125,-0.4860404287163975,0,0.009412589587609823,0.52783203125,0.54833984375,0.52783203125,0.54833984375,-0.5184194416623902,0,0.014559518620319442,0.4921875,0.62451171875,0.4921875,0.62451171875,-0.47762798137968054,0,UNKNOWN,UNKNOWN_OR_COVER,MiPOD,WOW,-0.4466153363949568,-0.4492778603621769,0.002662523967220054,0,
COVER__5959.pgm,5959.pgm,COVER,0,${BOSSBASE_ROOT}\cover\5959.pgm,0.011029470022501837,0.491455078125,0.51220703125,0.491455078125,0.51220703125,-0.4804256081024982,0,0.011158031248084033,0.50537109375,0.5322265625,0.50537109375,0.5322265625,-0.494213062501916,0,0.008544330693441928,0.50048828125,0.548828125,0.50048828125,0.548828125,-0.4919439505565581,0,0.006797531550373378,0.52783203125,0.54833984375,0.52783203125,0.54833984375,-0.5210344996996267,0,0.00959645473238191,0.4921875,0.62451171875,0.4921875,0.62451171875,-0.4825910452676181,0,UNKNOWN,UNKNOWN_OR_COVER,WOW,MiPOD,-0.4494996036716553,-0.4517319367006034,0.002232333028948097,0,
COVER__9766.pgm,9766.pgm,COVER,0,${BOSSBASE_ROOT}\cover\9766.pgm,0.008644177936723585,0.491455078125,0.51220703125,0.491455078125,0.51220703125,-0.48281090018827644,0,0.009633652359446519,0.50537109375,0.5322265625,0.50537109375,0.5322265625,-0.4957374413905535,0,0.007999754508377905,0.50048828125,0.548828125,0.50048828125,0.548828125,-0.4924885267416221,0,0.013020490113842825,0.52783203125,0.54833984375,0.52783203125,0.54833984375,-0.5148115411361571,0,0.009974920824078675,0.4921875,0.62451171875,0.4921875,0.62451171875,-0.4822125791759213,0,UNKNOWN,UNKNOWN_OR_COVER,MiPOD,WOW,-0.45134178927233853,-0.45195857540237616,0.0006167861300376276,0,
COVER__7850.pgm,7850.pgm,COVER,0,${BOSSBASE_ROOT}\cover\7850.pgm,0.011552670335220809,0.491455078125,0.51220703125,0.491455078125,0.51220703125,-0.4799024077897792,0,0.01307078477418707,0.50537109375,0.5322265625,0.50537109375,0.5322265625,-0.49230030897581295,0,0.010328152519305191,0.50048828125,0.548828125,0.50048828125,0.548828125,-0.4901601287306948,0,0.006823954786776902,0.52783203125,0.54833984375,0.52783203125,0.54833984375,-0.5210080764632231,0,0.008711384457705508,0.4921875,0.62451171875,0.4921875,0.62451171875,-0.48347611554229447,0,UNKNOWN,UNKNOWN_OR_COVER,WOW,MiPOD,-0.44896021863018865,-0.45264430737180855,0.0036840887416199064,0,
COVER__4594.pgm,4594.pgm,COVER,0,${BOSSBASE_ROOT}\cover\4594.pgm,0.01159736182363297,0.491455078125,0.51220703125,0.491455078125,0.51220703125,-0.47985771630136703,0,0.022586042786347342,0.50537109375,0.5322265625,0.50537109375,0.5322265625,-0.48278505096365265,0,0.05791808743947446,0.50048828125,0.548828125,0.50048828125,0.548828125,-0.44257019381052554,0,0.015845361188137366,0.52783203125,0.54833984375,0.52783203125,0.54833984375,-0.5119866700618626,0,0.03882902118577125,0.4921875,0.62451171875,0.4921875,0.62451171875,-0.45335847881422875,0,UNKNOWN,UNKNOWN_OR_COVER,HILL,MiPOD,-0.4104510314076497,-0.42158396466493164,0.01113293325728193,0,
COVER__7645.pgm,7645.pgm,COVER,0,${BOSSBASE_ROOT}\cover\7645.pgm,0.014728613849722676,0.491455078125,0.51220703125,0.491455078125,0.51220703125,-0.4767264642752773,0,0.018617802261831698,0.50537109375,0.5322265625,0.50537109375,0.5322265625,-0.4867532914881683,0,0.015365341441302218,0.50048828125,0.548828125,0.50048828125,0.548828125,-0.4851229398086978,0,0.0034970102525735017,0.52783203125,0.54833984375,0.52783203125,0.54833984375,-0.5243350209974265,0,0.05921025074128593,0.4921875,0.62451171875,0.4921875,0.62451171875,-0.43297724925871406,0,UNKNOWN,UNKNOWN_OR_COVER,MiPOD,WOW,-0.400548486898475,-0.44568584825435775,0.045137361355882755,0,
COVER__511.pgm,511.pgm,COVER,0,${BOSSBASE_ROOT}\cover\511.pgm,0.01005236865796813,0.491455078125,0.51220703125,0.491455078125,0.51220703125,-0.4814027094670319,0,0.15571934039527902,0.50537109375,0.5322265625,0.50537109375,0.5322265625,-0.349651753354721,0,0.11981949276047273,0.50048828125,0.548828125,0.50048828125,0.548828125,-0.3806687884895273,0,0.008030813216260063,0.52783203125,0.54833984375,0.52783203125,0.54833984375,-0.5198012180337399,0,0.007937994101407319,0.4921875,0.62451171875,0.4921875,0.62451171875,-0.48424950589859267,0,UNKNOWN,UNKNOWN_OR_COVER,S-UNIWARD,HILL,-0.31440507646883764,-0.3464985783156548,0.03209350184681714,0,
COVER__2275.pgm,2275.pgm,COVER,0,${BOSSBASE_ROOT}\cover\2275.pgm,0.04958902298403175,0.491455078125,0.51220703125,0.491455078125,0.51220703125,-0.4418660551409683,0,0.0012351678202785303,0.50537109375,0.5322265625,0.50537109375,0.5322265625,-0.5041359259297215,0,0.020410307700306125,0.50048828125,0.548828125,0.50048828125,0.548828125,-0.4800779735496939,0,0.01596765348879602,0.52783203125,0.54833984375,0.52783203125,0.54833984375,-0.511864377761204,0,0.000761325841895028,0.4921875,0.62451171875,0.4921875,0.62451171875,-0.49142617415810497,0,UNKNOWN,UNKNOWN_OR_COVER,WOW,HILL,-0.4097242684294202,-0.4491412163022137,0.039416947872793484,0,
COVER__4618.pgm,4618.pgm,COVER,0,${BOSSBASE_ROOT}\cover\4618.pgm,0.12560065843624255,0.491455078125,0.51220703125,0.491455078125,0.51220703125,-0.3658544196887574,0,0.34356193714317157,0.50537109375,0.5322265625,0.50537109375,0.5322265625,-0.16180915660682843,0,0.8014700784725759,0.50048828125,0.548828125,0.50048828125,0.548828125,0.3009817972225759,0,0.03296124005378131,0.52783203125,0.54833984375,0.52783203125,0.54833984375,-0.4948707911962187,0,0.6963714486908549,0.4921875,0.62451171875,0.4921875,0.62451171875,0.20418394869085488,0,HILL,ATTRIBUTED,HILL,MiPOD,0.33981909438402447,0.2507170202203471,0.08910207416367738,2,"HILL,MiPOD"
COVER__5750.pgm,5750.pgm,COVER,0,${BOSSBASE_ROOT}\cover\5750.pgm,0.04594820734917413,0.491455078125,0.51220703125,0.491455078125,0.51220703125,-0.44550687077582585,0,0.1637126694723767,0.50537109375,0.5322265625,0.50537109375,0.5322265625,-0.3416584242776233,0,0.8595458946842855,0.50048828125,0.548828125,0.50048828125,0.548828125,0.35905761343428555,0,0.03615193758286911,0.52783203125,0.54833984375,0.52783203125,0.54833984375,-0.4916800936671309,0,0.3665897363221599,0.4921875,0.62451171875,0.4921875,0.62451171875,-0.1255977636778401,0,HILL,ATTRIBUTED,HILL,MiPOD,0.39570364839040406,-0.08149928689651342,0.4772029352869175,1,HILL
COVER__4956.pgm,4956.pgm,COVER,0,${BOSSBASE_ROOT}\cover\4956.pgm,0.012241275291807161,0.491455078125,0.51220703125,0.491455078125,0.51220703125,-0.4792138028331928,0,0.010860331013277531,0.50537109375,0.5322265625,0.50537109375,0.5322265625,-0.49451076273672245,0,0.013428254741968517,0.50048828125,0.548828125,0.50048828125,0.548828125,-0.4870600265080315,0,0.008644177936723585,0.52783203125,0.54833984375,0.52783203125,0.54833984375,-0.5191878533132764,0,0.024283869402036844,0.4921875,0.62451171875,0.4921875,0.62451171875,-0.46790363059796314,0,UNKNOWN,UNKNOWN_OR_COVER,MiPOD,WOW,-0.43658793668579937,-0.44825029939106126,0.011662362705261886,0,
COVER__7420.pgm,7420.pgm,COVER,0,${BOSSBASE_ROOT}\cover\7420.pgm,0.36704337332908166,0.491455078125,0.51220703125,0.491455078125,0.51220703125,-0.12441170479591834,0,0.5133177720693068,0.50537109375,0.5322265625,0.50537109375,0.5322265625,0.007946678319306844,1,0.4852642783058467,0.50048828125,0.548828125,0.50048828125,0.548828125,-0.015224002944153325,0,0.498160370544708,0.52783203125,0.54833984375,0.52783203125,0.54833984375,-0.02967166070529198,0,0.8136089277699804,0.4921875,0.62451171875,0.4921875,0.62451171875,0.3214214277699804,0,MiPOD,ATTRIBUTED,MiPOD,S-UNIWARD,0.36280672988451346,0.057946678319306846,0.3048600515652066,2,"S-UNIWARD,MiPOD"
COVER__7853.pgm,7853.pgm,COVER,0,${BOSSBASE_ROOT}\cover\7853.pgm,0.010652510839726164,0.491455078125,0.51220703125,0.491455078125,0.51220703125,-0.4808025672852738,0,0.008985428752560176,0.50537109375,0.5322265625,0.50537109375,0.5322265625,-0.4963856649974398,0,0.024376596921102233,0.50048828125,0.548828125,0.50048828125,0.548828125,-0.4761116843288978,0,0.008577485413711986,0.52783203125,0.54833984375,0.52783203125,0.54833984375,-0.519254545836288,0,0.015306354560694808,0.4921875,0.62451171875,0.4921875,0.62451171875,-0.4768811454393052,0,UNKNOWN,UNKNOWN_OR_COVER,HILL,MiPOD,-0.4450519792925546,-0.4458453304456801,0.00079335115312551,0,
COVER__8127.pgm,8127.pgm,COVER,0,${BOSSBASE_ROOT}\cover\8127.pgm,0.24238491414168756,0.491455078125,0.51220703125,0.491455078125,0.51220703125,-0.24907016398331244,0,0.30569732884242146,0.50537109375,0.5322265625,0.50537109375,0.5322265625,-0.19967376490757854,0,0.6502452005719263,0.50048828125,0.548828125,0.50048828125,0.548828125,0.14975691932192625,0,0.04518375667269088,0.52783203125,0.54833984375,0.52783203125,0.54833984375,-0.48264827457730913,0,0.6053325285300185,0.4921875,0.62451171875,0.4921875,0.62451171875,0.11314502853001851,1,HILL,ATTRIBUTED,HILL,MiPOD,0.194934724477364,0.1631450285300185,0.031789695947345514,2,"HILL,MiPOD"
COVER__8934.pgm,8934.pgm,COVER,0,${BOSSBASE_ROOT}\cover\8934.pgm,0.060307639975069216,0.491455078125,0.51220703125,0.491455078125,0.51220703125,-0.4311474381499308,0,0.3978214328075098,0.50537109375,0.5322265625,0.50537109375,0.5322265625,-0.10754966094249019,0,0.4301473485858429,0.50048828125,0.548828125,0.50048828125,0.548828125,-0.07034093266415709,0,0.5168240906068129,0.52783203125,0.54833984375,0.52783203125,0.54833984375,-0.011007940643187109,0,0.4823833936971093,0.4921875,0.62451171875,0.4921875,0.62451171875,-0.009804106302890692,0,MiPOD|HUGO,AMBIGUOUS,MiPOD,HUGO,0.03970808356055525,0.03844468060840221,0.0012634029521530407,0,
COVER__4981.pgm,4981.pgm,COVER,0,${BOSSBASE_ROOT}\cover\4981.pgm,0.00881316650304586,0.491455078125,0.51220703125,0.491455078125,0.51220703125,-0.48264191162195413,0,0.007999754508377905,0.50537109375,0.5322265625,0.50537109375,0.5322265625,-0.4973713392416221,0,0.03132111722078539,0.50048828125,0.548828125,0.50048828125,0.548828125,-0.4691671640292146,0,0.0247038696732291,0.52783203125,0.54833984375,0.52783203125,0.54833984375,-0.5031281615767709,0,0.16398024910404715,0.4921875,0.62451171875,0.4921875,0.62451171875,-0.3282072508959528,0,UNKNOWN,UNKNOWN_OR_COVER,MiPOD,HILL,-0.2921965639312608,-0.43789101355574234,0.14569444962448153,0,
COVER__8692.pgm,8692.pgm,COVER,0,${BOSSBASE_ROOT}\cover\8692.pgm,0.00912563738918052,0.491455078125,0.51220703125,0.491455078125,0.51220703125,-0.48232944073581946,0,0.018869254537334273,0.50537109375,0.5322265625,0.50537109375,0.5322265625,-0.4865018392126657,0,0.053502149195322694,0.50048828125,0.548828125,0.50048828125,0.548828125,-0.4469861320546773,0,0.01411789342520494,0.52783203125,0.54833984375,0.52783203125,0.54833984375,-0.513714137824795,0,0.03191915273040333,0.4921875,0.62451171875,0.4921875,0.62451171875,-0.46026834726959664,0,UNKNOWN,UNKNOWN_OR_COVER,HILL,MiPOD,-0.41500849317986477,-0.4287126340200102,0.013704140840145429,0,
COVER__3595.pgm,3595.pgm,COVER,0,${BOSSBASE_ROOT}\cover\3595.pgm,0.012576348276879083,0.491455078125,0.51220703125,0.491455078125,0.51220703125,-0.4788787298481209,0,0.8507168330025411,0.50537109375,0.5322265625,0.50537109375,0.5322265625,0.3453457392525411,0,0.05165378091926867,0.50048828125,0.548828125,0.50048828125,0.548828125,-0.44883450033073136,0,0.0979066860580891,0.52783203125,0.54833984375,0.52783203125,0.54833984375,-0.4299253451919109,0,0.8885655479945739,0.4921875,0.62451171875,0.4921875,0.62451171875,0.3963780479945739,0,MiPOD,ATTRIBUTED,MiPOD,S-UNIWARD,0.43477465806126536,0.38170804693557925,0.053066611125686114,2,"S-UNIWARD,MiPOD"
COVER__742.pgm,742.pgm,COVER,0,${BOSSBASE_ROOT}\cover\742.pgm,0.007011795381497108,0.491455078125,0.51220703125,0.491455078125,0.51220703125,-0.4844432827435029,0,0.009268013380914325,0.50537109375,0.5322265625,0.50537109375,0.5322265625,-0.4961030803690857,0,0.011642224164666006,0.50048828125,0.548828125,0.50048828125,0.548828125,-0.488846057085334,0,0.009670992763446972,0.52783203125,0.54833984375,0.52783203125,0.54833984375,-0.518161038486553,0,0.010570488620307572,0.4921875,0.62451171875,0.4921875,0.62451171875,-0.48161701137969243,0,UNKNOWN,UNKNOWN_OR_COVER,MiPOD,WOW,-0.45072783035176184,-0.4536412796710535,0.002913449319291661,0,
COVER__3253.pgm,3253.pgm,COVER,0,${BOSSBASE_ROOT}\cover\3253.pgm,0.009412589587609823,0.491455078125,0.51220703125,0.491455078125,0.51220703125,-0.4820424885373902,0,0.011158031248084033,0.50537109375,0.5322265625,0.50537109375,0.5322265625,-0.494213062501916,0,0.008412977570977689,0.50048828125,0.548828125,0.50048828125,0.548828125,-0.4920753036790223,0,0.009821792919693043,0.52783203125,0.54833984375,0.52783203125,0.54833984375,-0.5180102383303069,0,0.012288597529701977,0.4921875,0.62451171875,0.4921875,0.62451171875,-0.47989890247029804,0,UNKNOWN,UNKNOWN_OR_COVER,MiPOD,WOW,-0.4489566048482589,-0.4511664473548567,0.0022098425065978367,0,
COVER__7778.pgm,7778.pgm,COVER,0,${BOSSBASE_ROOT}\cover\7778.pgm,0.01005236865796813,0.491455078125,0.51220703125,0.491455078125,0.51220703125,-0.4814027094670319,0,0.008677716704989246,0.50537109375,0.5322265625,0.50537109375,0.5322265625,-0.49669337704501076,0,0.008093289897373068,0.50048828125,0.548828125,0.50048828125,0.548828125,-0.49239499135262693,0,0.009412589587609823,0.52783203125,0.54833984375,0.52783203125,0.54833984375,-0.5184194416623902,0,0.0077555367808475675,0.4921875,0.62451171875,0.4921875,0.62451171875,-0.48443196321915244,0,UNKNOWN,UNKNOWN_OR_COVER,WOW,MiPOD,-0.4505069081191782,-0.45362961148070585,0.0031227033615276456,0,
COVER__6339.pgm,6339.pgm,COVER,0,${BOSSBASE_ROOT}\cover\6339.pgm,0.4372827512486691,0.491455078125,0.51220703125,0.491455078125,0.51220703125,-0.05417232687633089,0,0.5493082108547919,0.50537109375,0.5322265625,0.50537109375,0.5322265625,0.04393711710479187,0,0.43500125116296856,0.50048828125,0.548828125,0.50048828125,0.548828125,-0.06548703008703144,0,0.26340987618652845,0.52783203125,0.54833984375,0.52783203125,0.54833984375,-0.26442215506347155,0,0.5329720998680791,0.4921875,0.62451171875,0.4921875,0.62451171875,0.04078459986807914,1,S-UNIWARD|MiPOD,AMBIGUOUS,S-UNIWARD,MiPOD,0.09309028789716622,0.09078459986807914,0.00230568802908708,2,"S-UNIWARD,MiPOD"
COVER__7390.pgm,7390.pgm,COVER,0,${BOSSBASE_ROOT}\cover\7390.pgm,0.008478401934677453,0.491455078125,0.51220703125,0.491455078125,0.51220703125,-0.48297667619032253,0,0.008124708778180903,0.50537109375,0.5322265625,0.50537109375,0.5322265625,-0.4972463849718191,0,0.00912563738918052,0.50048828125,0.548828125,0.50048828125,0.548828125,-0.49136264386081946,0,0.008412977570977689,0.52783203125,0.54833984375,0.52783203125,0.54833984375,-0.5194190536790223,0,0.007815888789288626,0.4921875,0.62451171875,0.4921875,0.62451171875,-0.4843716112107114,0,UNKNOWN,UNKNOWN_OR_COVER,WOW,MiPOD,-0.4521294655555656,-0.4535674004323748,0.0014379348768092104,0,
COVER__2554.pgm,2554.pgm,COVER,0,${BOSSBASE_ROOT}\cover\2554.pgm,0.008950711436881996,0.491455078125,0.51220703125,0.491455078125,0.51220703125,-0.482504366688118,0,0.01013041166358438,0.50537109375,0.5322265625,0.50537109375,0.5322265625,-0.49524068208641564,0,0.006797531550373378,0.50048828125,0.548828125,0.50048828125,0.548828125,-0.4936907496996266,0,0.01013041166358438,0.52783203125,0.54833984375,0.52783203125,0.54833984375,-0.5177016195864156,0,0.008745181682035148,0.4921875,0.62451171875,0.4921875,0.62451171875,-0.48344231831796486,0,UNKNOWN,UNKNOWN_OR_COVER,WOW,MiPOD,-0.45164258318147976,-0.45260946810033265,0.0009668849188528839,0,
COVER__8226.pgm,8226.pgm,COVER,0,${BOSSBASE_ROOT}\cover\8226.pgm,0.49525465908502614,0.491455078125,0.51220703125,0.491455078125,0.51220703125,0.0037995809600261388,1,0.49967145924528117,0.50537109375,0.5322265625,0.50537109375,0.5322265625,-0.005699634504718831,0,0.4948160121787804,0.50048828125,0.548828125,0.50048828125,0.548828125,-0.005672269071219593,0,0.5004920957883788,0.52783203125,0.54833984375,0.52783203125,0.54833984375,-0.027339935461621168,0,0.4934696096459469,0.4921875,0.62451171875,0.4921875,0.62451171875,0.0012821096459468828,1,WOW|MiPOD,AMBIGUOUS,WOW,MiPOD,0.05379958096002614,0.051282109645946886,0.002517471314079256,2,"WOW,MiPOD"
COVER__7192.pgm,7192.pgm,COVER,0,${BOSSBASE_ROOT}\cover\7192.pgm,0.009708476481474066,0.491455078125,0.51220703125,0.491455078125,0.51220703125,-0.48174660164352595,0,0.0053640566906201104,0.50537109375,0.5322265625,0.50537109375,0.5322265625,-0.5000070370593799,0,0.015014748005819523,0.50048828125,0.548828125,0.50048828125,0.548828125,-0.48547353324418047,0,0.08494710334281273,0.52783203125,0.54833984375,0.52783203125,0.54833984375,-0.44288492790718725,0,0.008251598569085517,0.4921875,0.62451171875,0.4921875,0.62451171875,-0.4839359014309145,0,UNKNOWN,UNKNOWN_OR_COVER,HUGO,WOW,-0.4107758729092199,-0.45086142329335477,0.04008555038413486,0,
COVER__1184.pgm,1184.pgm,COVER,0,${BOSSBASE_ROOT}\cover\1184.pgm,0.5114192175927825,0.491455078125,0.51220703125,0.491455078125,0.51220703125,0.019964139467782527,1,0.4949952843362259,0.50537109375,0.5322265625,0.50537109375,0.5322265625,-0.010375809413774084,0,0.5644586385996829,0.50048828125,0.548828125,0.50048828125,0.548828125,0.06397035734968293,0,0.4812252620325941,0.52783203125,0.54833984375,0.52783203125,0.54833984375,-0.04660676921740592,0,0.5116861038401236,0.4921875,0.62451171875,0.4921875,0.62451171875,0.019498603840123585,1,HILL,ATTRIBUTED,HILL,WOW,0.11319490779473942,0.06996413946778253,0.043230768326956895,3,"WOW,HILL,MiPOD"
COVER__6029.pgm,6029.pgm,COVER,0,${BOSSBASE_ROOT}\cover\6029.pgm,0.7581526713451106,0.491455078125,0.51220703125,0.491455078125,0.51220703125,0.26669759322011055,0,0.6361270987720502,0.50537109375,0.5322265625,0.50537109375,0.5322265625,0.1307560050220502,0,0.5051992449652075,0.50048828125,0.548828125,0.50048828125,0.548828125,0.004710963715207517,1,0.26378900655783316,0.52783203125,0.54833984375,0.52783203125,0.54833984375,-0.26404302469216684,0,0.5004441736960247,0.4921875,0.62451171875,0.4921875,0.62451171875,0.008256673696024674,1,WOW,ATTRIBUTED,WOW,S-UNIWARD,0.30579582978503883,0.17582175207740433,0.1299740777076345,4,"WOW,S-UNIWARD,HILL,MiPOD"
COVER__8459.pgm,8459.pgm,COVER,0,${BOSSBASE_ROOT}\cover\8459.pgm,0.009746104052554064,0.491455078125,0.51220703125,0.491455078125,0.51220703125,-0.48170897407244595,0,0.009232214404536282,0.50537109375,0.5322265625,0.50537109375,0.5322265625,-0.49613887934546375,0,0.010368156650788152,0.50048828125,0.548828125,0.50048828125,0.548828125,-0.49012012459921184,0,0.00959645473238191,0.52783203125,0.54833984375,0.52783203125,0.54833984375,-0.5182355765176181,0,0.008577485413711986,0.4921875,0.62451171875,0.4921875,0.62451171875,-0.483610014586288,0,UNKNOWN,UNKNOWN_OR_COVER,WOW,MiPOD,-0.45082263356616664,-0.452782334489062,0.00195970092289538,0,
COVER__2013.pgm,2013.pgm,COVER,0,${BOSSBASE_ROOT}\cover\2013.pgm,0.7694269216090752,0.491455078125,0.51220703125,0.491455078125,0.51220703125,0.2779718434840752,0,0.4681523057939356,0.50537109375,0.5322265625,0.50537109375,0.5322265625,-0.037218787956064425,0,0.14928316699745883,0.50048828125,0.548828125,0.50048828125,0.548828125,-0.3512051142525412,0,0.9992445943672705,0.52783203125,0.54833984375,0.52783203125,0.54833984375,0.47141256311727053,0,0.0004442183589214343,0.4921875,0.62451171875,0.4921875,0.62451171875,-0.49174328164107856,0,HUGO,ATTRIBUTED,HUGO,WOW,0.5032651390198769,0.3166317522964111,0.1866333867234658,2,"WOW,HUGO"
COVER__6462.pgm,6462.pgm,COVER,0,${BOSSBASE_ROOT}\cover\6462.pgm,0.007695647178392188,0.491455078125,0.51220703125,0.491455078125,0.51220703125,-0.48375943094660784,0,0.008711384457705508,0.50537109375,0.5322265625,0.50537109375,0.5322265625,-0.49665970929229447,0,0.009303949868393646,0.50048828125,0.548828125,0.50048828125,0.548828125,-0.49118433138160633,0,0.007093861878911533,0.52783203125,0.54833984375,0.52783203125,0.54833984375,-0.5207381693710885,0,0.008283626886030505,0.4921875,0.62451171875,0.4921875,0.62451171875,-0.4839038731139695,0,UNKNOWN,UNKNOWN_OR_COVER,WOW,MiPOD,-0.4529363566650384,-0.4530852506625303,0.00014889399749190568,0,
COVER__7314.pgm,7314.pgm,COVER,0,${BOSSBASE_ROOT}\cover\7314.pgm,0.01191502196714824,0.491455078125,0.51220703125,0.491455078125,0.51220703125,-0.4795400561578518,0,0.013121271126550956,0.50537109375,0.5322265625,0.50537109375,0.5322265625,-0.492249822623449,0,0.010652510839726164,0.50048828125,0.548828125,0.50048828125,0.548828125,-0.4898357704102738,0,0.009340024385054083,0.52783203125,0.54833984375,0.52783203125,0.54833984375,-0.5184920068649459,0,0.011508149064303403,0.4921875,0.62451171875,0.4921875,0.62451171875,-0.4806793509356966,0,UNKNOWN,UNKNOWN_OR_COVER,WOW,MiPOD,-0.44858665301394374,-0.44976119276132975,0.0011745397473860164,0,
COVER__8854.pgm,8854.pgm,COVER,0,${BOSSBASE_ROOT}\cover\8854.pgm,0.1143685261818125,0.491455078125,0.51220703125,0.491455078125,0.51220703125,-0.3770865519431875,0,0.22354652136612804,0.50537109375,0.5322265625,0.50537109375,0.5322265625,-0.28182457238387193,0,0.4112290866276087,0.50048828125,0.548828125,0.50048828125,0.548828125,-0.08925919462239129,0,0.9046505351008906,0.52783203125,0.54833984375,0.52783203125,0.54833984375,0.37681850385089055,0,0.55600786362124,0.4921875,0.62451171875,0.4921875,0.62451171875,0.06382036362124,1,HUGO,ATTRIBUTED,HUGO,MiPOD,0.41183125501364604,0.11382036362124,0.29801089139240605,2,"HUGO,MiPOD"
COVER__6117.pgm,6117.pgm,COVER,0,${BOSSBASE_ROOT}\cover\6117.pgm,0.007204769088868756,0.491455078125,0.51220703125,0.491455078125,0.51220703125,-0.48425030903613125,0,0.0077555367808475675,0.50537109375,0.5322265625,0.50537109375,0.5322265625,-0.49761555696915244,0,0.007876706716587462,0.50048828125,0.548828125,0.50048828125,0.548828125,-0.49261157453341253,0,0.009196552423046733,0.52783203125,0.54833984375,0.52783203125,0.54833984375,-0.5186354788269533,0,0.013955710398273338,0.4921875,0.62451171875,0.4921875,0.62451171875,-0.4782317896017267,0,UNKNOWN,UNKNOWN_OR_COVER,MiPOD,WOW,-0.447237864654807,-0.45344236141340194,0.006204496758594913,0,
COVER__1602.pgm,1602.pgm,COVER,0,${BOSSBASE_ROOT}\cover\1602.pgm,0.01826427835185701,0.491455078125,0.51220703125,0.491455078125,0.51220703125,-0.473190799773143,0,0.5162753760730895,0.50537109375,0.5322265625,0.50537109375,0.5322265625,0.010904282323089487,1,0.043528139716435335,0.50048828125,0.548828125,0.50048828125,0.548828125,-0.4569601415335647,0,0.8879840490799963,0.52783203125,0.54833984375,0.52783203125,0.54833984375,0.3601520178299963,0,0.5718861531887576,0.4921875,0.62451171875,0.4921875,0.62451171875,0.07969865318875757,1,HUGO,ATTRIBUTED,HUGO,MiPOD,0.39575319842532164,0.12969865318875756,0.2660545452365641,3,"S-UNIWARD,HUGO,MiPOD"
COVER__9343.pgm,9343.pgm,COVER,0,${BOSSBASE_ROOT}\cover\9343.pgm,0.056132775701229716,0.491455078125,0.51220703125,0.491455078125,0.51220703125,-0.4353223024237703,0,0.1106632282411388,0.50537109375,0.5322265625,0.50537109375,0.5322265625,-0.39470786550886117,0,0.13006426971186616,0.50048828125,0.548828125,0.50048828125,0.548828125,-0.37042401153813387,0,0.7559974588359422,0.52783203125,0.54833984375,0.52783203125,0.54833984375,0.22816542758594216,0,0.5072283476898534,0.4921875,0.62451171875,0.4921875,0.62451171875,0.015040847689853365,1,HUGO,ATTRIBUTED,HUGO,MiPOD,0.2687896861739575,0.06504084768985337,0.20374883848410413,2,"HUGO,MiPOD"
COVER__2783.pgm,2783.pgm,COVER,0,${BOSSBASE_ROOT}\cover\2783.pgm,0.12074951335426835,0.491455078125,0.51220703125,0.491455078125,0.51220703125,-0.37070556477073163,0,0.5346428914816472,0.50537109375,0.5322265625,0.50537109375,0.5322265625,0.02927179773164723,0,0.4333818509235549,0.50048828125,0.548828125,0.50048828125,0.548828125,-0.06710643032644509,0,0.5325162994534477,0.52783203125,0.54833984375,0.52783203125,0.54833984375,0.004684268203447695,1,0.9014011355313043,0.4921875,0.62451171875,0.4921875,0.62451171875,0.4092136355313043,0,MiPOD,ATTRIBUTED,MiPOD,S-UNIWARD,0.44712055202389966,0.07915112713121214,0.3679694248926875,3,"S-UNIWARD,HUGO,MiPOD"
COVER__5445.pgm,5445.pgm,COVER,0,${BOSSBASE_ROOT}\cover\5445.pgm,0.011072160183234295,0.491455078125,0.51220703125,0.491455078125,0.51220703125,-0.4803829179417657,0,0.013171949881556448,0.50537109375,0.5322265625,0.50537109375,0.5322265625,-0.49219914386844354,0,0.012527931992744795,0.50048828125,0.548828125,0.50048828125,0.548828125,-0.4879603492572552,0,0.8832359864017768,0.52783203125,0.54833984375,0.52783203125,0.54833984375,0.3554039551517768,0,0.01819436822090561,0.4921875,0.62451171875,0.4921875,0.62451171875,-0.4739931317790944,0,HUGO,ATTRIBUTED,HUGO,MiPOD,0.39117457431814523,-0.44286755537410966,0.8340421296922549,1,HUGO
COVER__250.pgm,250.pgm,COVER,0,${BOSSBASE_ROOT}\cover\250.pgm,0.05845324104109674,0.491455078125,0.51220703125,0.491455078125,0.51220703125,-0.4330018370839033,0,0.11656273818809301,0.50537109375,0.5322265625,0.50537109375,0.5322265625,-0.38880835556190696,0,0.16681108821314683,0.50048828125,0.548828125,0.50048828125,0.548828125,-0.33367719303685317,0,0.05634009539702799,0.52783203125,0.54833984375,0.52783203125,0.54833984375,-0.471491935852972,0,0.7420480411535827,0.4921875,0.62451171875,0.4921875,0.62451171875,0.2498605411535827,0,MiPOD,ATTRIBUTED,MiPOD,HILL,0.29431595198420574,-0.29786294470254976,0.5921788966867555,1,MiPOD
COVER__4579.pgm,4579.pgm,COVER,0,${BOSSBASE_ROOT}\cover\4579.pgm,0.0725052524247181,0.491455078125,0.51220703125,0.491455078125,0.51220703125,-0.4189498257002819,0,0.4062140479711771,0.50537109375,0.5322265625,0.50537109375,0.5322265625,-0.0991570457788229,0,0.5174032452444421,0.50048828125,0.548828125,0.50048828125,0.548828125,0.016914963994442145,1,0.8691603027446185,0.52783203125,0.54833984375,0.52783203125,0.54833984375,0.34132827149461853,0,0.6109178215781089,0.4921875,0.62451171875,0.4921875,0.62451171875,0.11873032157810892,1,HUGO,ATTRIBUTED,HUGO,MiPOD,0.377605946789751,0.1687303215781089,0.2088756252116421,3,"HILL,HUGO,MiPOD"
COVER__2118.pgm,2118.pgm,COVER,0,${BOSSBASE_ROOT}\cover\2118.pgm,0.010693757736175492,0.491455078125,0.51220703125,0.491455078125,0.51220703125,-0.4807613203888245,0,0.19559408410649906,0.50537109375,0.5322265625,0.50537109375,0.5322265625,-0.30977700964350097,0,0.060197050160538904,0.50048828125,0.548828125,0.50048828125,0.548828125,-0.4402912310894611,0,0.031798668804695,0.52783203125,0.54833984375,0.52783203125,0.54833984375,-0.496033362445305,0,0.4836331687434845,0.4921875,0.62451171875,0.4921875,0.62451171875,-0.008554331256515502,0,MiPOD,ATTRIBUTED,MiPOD,S-UNIWARD,0.0410197763899039,-0.2730964833405459,0.3141162597304498,0,
COVER__3922.pgm,3922.pgm,COVER,0,${BOSSBASE_ROOT}\cover\3922.pgm,0.48912982584844045,0.491455078125,0.51220703125,0.491455078125,0.51220703125,-0.002325252276559553,0,0.4900525822538467,0.50537109375,0.5322265625,0.50537109375,0.5322265625,-0.01531851149615332,0,0.5067134637041172,0.50048828125,0.548828125,0.50048828125,0.548828125,0.006225182454117184,1,0.5004189013454706,0.52783203125,0.54833984375,0.52783203125,0.54833984375,-0.027413129904529376,0,0.49594125126164534,0.4921875,0.62451171875,0.4921875,0.62451171875,0.003753751261645344,1,HILL|MiPOD,AMBIGUOUS,HILL,MiPOD,0.05622518245411719,0.05375375126164535,0.00247143119247184,2,"HILL,MiPOD"
COVER__6847.pgm,6847.pgm,COVER,0,${BOSSBASE_ROOT}\cover\6847.pgm,0.013848610215564576,0.491455078125,0.51220703125,0.491455078125,0.51220703125,-0.47760646790943545,0,0.4119977489407016,0.50537109375,0.5322265625,0.50537109375,0.5322265625,-0.09337334480929838,0,0.4788334585094903,0.50048828125,0.548828125,0.50048828125,0.548828125,-0.021654822740509727,0,0.65874687313531,0.52783203125,0.54833984375,0.52783203125,0.54833984375,0.13091484188531,0,0.4341014108326051,0.4921875,0.62451171875,0.4921875,0.62451171875,-0.05808608916739488,0,HUGO,ATTRIBUTED,HUGO,HILL,0.175688320819148,0.02727407524042704,0.14841424557872096,1,HUGO
COVER__6532.pgm,6532.pgm,COVER,0,${BOSSBASE_ROOT}\cover\6532.pgm,0.8086723228520697,0.491455078125,0.51220703125,0.491455078125,0.51220703125,0.3172172447270697,0,0.024845436894269095,0.50537109375,0.5322265625,0.50537109375,0.5322265625,-0.4805256568557309,0,0.49451087117123343,0.50048828125,0.548828125,0.50048828125,0.548828125,-0.005977410078766565,0,0.05551511408876055,0.52783203125,0.54833984375,0.52783203125,0.54833984375,-0.47231691716123947,0,0.6594051585907724,0.4921875,0.62451171875,0.4921875,0.62451171875,0.16721765859077242,0,WOW,ATTRIBUTED,WOW,MiPOD,0.3543893162509354,0.2155030744311187,0.13888624181981668,2,"WOW,MiPOD"
COVER__5599.pgm,5599.pgm,COVER,0,${BOSSBASE_ROOT}\cover\5599.pgm,0.00912563738918052,0.491455078125,0.51220703125,0.491455078125,0.51220703125,-0.48232944073581946,0,0.01191502196714824,0.50537109375,0.5322265625,0.50537109375,0.5322265625,-0.4934560717828518,0,0.011961098249809548,0.50048828125,0.548828125,0.50048828125,0.548828125,-0.48852718300019043,0,0.009232214404536282,0.52783203125,0.54833984375,0.52783203125,0.54833984375,-0.5185998168454637,0,0.013171949881556448,0.4921875,0.62451171875,0.4921875,0.62451171875,-0.47901555011844354,0,UNKNOWN,UNKNOWN_OR_COVER,MiPOD,WOW,-0.4480459074691593,-0.45146225823011293,0.003416350760953646,0,
COVER__1376.pgm,1376.pgm,COVER,0,${BOSSBASE_ROOT}\cover\1376.pgm,0.011642224164666006,0.491455078125,0.51220703125,0.491455078125,0.51220703125,-0.479812853960334,0,0.009090383313658499,0.50537109375,0.5322265625,0.50537109375,0.5322265625,-0.4962807104363415,0,0.011029470022501837,0.50048828125,0.548828125,0.50048828125,0.548828125,-0.4894588112274982,0,0.011072160183234295,0.52783203125,0.54833984375,0.52783203125,0.54833984375,-0.5167598710667657,0,0.008412977570977689,0.4921875,0.62451171875,0.4921875,0.62451171875,-0.4837745224290223,0,UNKNOWN,UNKNOWN_OR_COVER,WOW,MiPOD,-0.44886789368513264,-0.45295191330982637,0.0040840196246937355,0,
COVER__9637.pgm,9637.pgm,COVER,0,${BOSSBASE_ROOT}\cover\9637.pgm,0.019308086195651518,0.491455078125,0.51220703125,0.491455078125,0.51220703125,-0.4721469919293485,0,0.0016941031558503918,0.50537109375,0.5322265625,0.50537109375,0.5322265625,-0.5036769905941496,0,0.009708476481474066,0.50048828125,0.548828125,0.50048828125,0.548828125,-0.49077980476852595,0,0.009898063716023652,0.52783203125,0.54833984375,0.52783203125,0.54833984375,-0.5179339675339764,0,0.0003640086870995012,0.4921875,0.62451171875,0.4921875,0.62451171875,-0.4918234913129005,0,UNKNOWN,UNKNOWN_OR_COVER,WOW,HILL,-0.44096390028316224,-0.46017236219751756,0.019208461914355324,0,
COVER__5585.pgm,5585.pgm,COVER,0,${BOSSBASE_ROOT}\cover\5585.pgm,0.28457600421652673,0.491455078125,0.51220703125,0.491455078125,0.51220703125,-0.20687907390847327,0,0.040087358371065335,0.50537109375,0.5322265625,0.50537109375,0.5322265625,-0.46528373537893464,0,0.7346909745190238,0.50048828125,0.548828125,0.50048828125,0.548828125,0.23420269326902377,0,0.017848738449988986,0.52783203125,0.54833984375,0.52783203125,0.54833984375,-0.509983292800011,0,0.6045740320021059,0.4921875,0.62451171875,0.4921875,0.62451171875,0.11238653200210591,1,HILL,ATTRIBUTED,HILL,MiPOD,0.27572206702972435,0.1623865320021059,0.11333553502761845,2,"HILL,MiPOD"
COVER__3412.pgm,3412.pgm,COVER,0,${BOSSBASE_ROOT}\cover\3412.pgm,0.4843495965399596,0.491455078125,0.51220703125,0.491455078125,0.51220703125,-0.007105481585040374,0,0.5151397186758396,0.50537109375,0.5322265625,0.50537109375,0.5322265625,0.00976862492583963,1,0.5272100294226808,0.50048828125,0.548828125,0.50048828125,0.548828125,0.026721748172680804,1,0.5125095958817968,0.52783203125,0.54833984375,0.52783203125,0.54833984375,-0.015322435368203213,0,0.5173422837730697,0.4921875,0.62451171875,0.4921875,0.62451171875,0.025154783773069678,1,HILL|MiPOD,AMBIGUOUS,HILL,MiPOD,0.0767217481726808,0.07515478377306968,0.001566964399611126,3,"S-UNIWARD,HILL,MiPOD"
COVER__9884.pgm,9884.pgm,COVER,0,${BOSSBASE_ROOT}\cover\9884.pgm,0.008779108866911802,0.491455078125,0.51220703125,0.491455078125,0.51220703125,-0.4826759692580882,0,0.011463797377996032,0.50537109375,0.5322265625,0.50537109375,0.5322265625,-0.493907296372004,0,0.009708476481474066,0.50048828125,0.548828125,0.50048828125,0.548828125,-0.49077980476852595,0,0.00959645473238191,0.52783203125,0.54833984375,0.52783203125,0.54833984375,-0.5182355765176181,0,0.007815888789288626,0.4921875,0.62451171875,0.4921875,0.62451171875,-0.4843716112107114,0,UNKNOWN,UNKNOWN_OR_COVER,WOW,MiPOD,-0.45181948125843924,-0.4535674004323748,0.0017479191739355748,0,
COVER__3472.pgm,3472.pgm,COVER,0,${BOSSBASE_ROOT}\cover\3472.pgm,0.007317397471212289,0.491455078125,0.51220703125,0.491455078125,0.51220703125,-0.4841376806537877,0,0.11357959169117389,0.50537109375,0.5322265625,0.50537109375,0.5322265625,-0.3917915020588261,0,0.9010534144733697,0.50048828125,0.548828125,0.50048828125,0.548828125,0.40056513322336973,0,0.008124708778180903,0.52783203125,0.54833984375,0.52783203125,0.54833984375,-0.519707322471819,0,0.011869121046339474,0.4921875,0.62451171875,0.4921875,0.62451171875,-0.48031837895366053,0,HILL,ATTRIBUTED,HILL,S-UNIWARD,0.4357212181340849,-0.35799925148056866,0.7937204696146536,1,HILL
COVER__6437.pgm,6437.pgm,COVER,0,${BOSSBASE_ROOT}\cover\6437.pgm,0.10762491452995218,0.491455078125,0.51220703125,0.491455078125,0.51220703125,-0.38383016359504785,0,0.5678767014405903,0.50537109375,0.5322265625,0.50537109375,0.5322265625,0.06250560769059033,0,0.49776269498576453,0.50048828125,0.548828125,0.50048828125,0.548828125,-0.002725586264235469,0,0.45556189883301784,0.52783203125,0.54833984375,0.52783203125,0.54833984375,-0.07227013241698216,0,0.944587205618231,0.4921875,0.62451171875,0.4921875,0.62451171875,0.45239970561823095,0,MiPOD,ATTRIBUTED,MiPOD,S-UNIWARD,0.4887044168395238,0.11075449982070801,0.3779499170188158,2,"S-UNIWARD,MiPOD"
COVER__4777.pgm,4777.pgm,COVER,0,${BOSSBASE_ROOT}\cover\4777.pgm,0.5013713802281333,0.491455078125,0.51220703125,0.491455078125,0.51220703125,0.009916302103133323,1,0.505367072903728,0.50537109375,0.5322265625,0.50537109375,0.5322265625,-4.020846272045908e-06,0,0.5066486254293372,0.50048828125,0.548828125,0.50048828125,0.548828125,0.006160344179337196,1,0.5027980512355245,0.52783203125,0.54833984375,0.52783203125,0.54833984375,-0.025033980014475543,0,0.5046804968232262,0.4921875,0.62451171875,0.4921875,0.62451171875,0.012492996823226243,1,MiPOD|WOW,AMBIGUOUS,MiPOD,WOW,0.062492996823226246,0.059916302103133326,0.0025766947200929202,3,"WOW,HILL,MiPOD"
COVER__7856.pgm,7856.pgm,COVER,0,${BOSSBASE_ROOT}\cover\7856.pgm,0.008219693061967886,0.491455078125,0.51220703125,0.491455078125,0.51220703125,-0.4832353850630321,0,0.01238378463726033,0.50537109375,0.5322265625,0.50537109375,0.5322265625,-0.4929873091127397,0,0.008577485413711986,0.50048828125,0.548828125,0.50048828125,0.548828125,-0.491910795836288,0,0.008610767667510729,0.52783203125,0.54833984375,0.52783203125,0.54833984375,-0.5192212635824893,0,0.01159736182363297,0.4921875,0.62451171875,0.4921875,0.62451171875,-0.48059013817636703,0,UNKNOWN,UNKNOWN_OR_COVER,MiPOD,WOW,-0.4496692215847549,-0.4523961538431475,0.0027269322583926003,0,
COVER__4211.pgm,4211.pgm,COVER,0,${BOSSBASE_ROOT}\cover\4211.pgm,0.4865678689022612,0.491455078125,0.51220703125,0.491455078125,0.51220703125,-0.004887209222738775,0,0.49319500029292096,0.50537109375,0.5322265625,0.50537109375,0.5322265625,-0.01217609345707904,0,0.5119682334825503,0.50048828125,0.548828125,0.50048828125,0.548828125,0.011479952232550272,1,0.49398832681871435,0.52783203125,0.54833984375,0.52783203125,0.54833984375,-0.03384370443128565,0,0.505664583071032,0.4921875,0.62451171875,0.4921875,0.62451171875,0.013477083071032014,1,MiPOD|HILL,AMBIGUOUS,MiPOD,HILL,0.06347708307103202,0.061479952232550275,0.001997130838481742,2,"HILL,MiPOD"
COVER__9314.pgm,9314.pgm,COVER,0,${BOSSBASE_ROOT}\cover\9314.pgm,0.009055264186722086,0.491455078125,0.51220703125,0.491455078125,0.51220703125,-0.4823998139382779,0,0.0066669319312806586,0.50537109375,0.5322265625,0.50537109375,0.5322265625,-0.49870416181871935,0,0.008577485413711986,0.50048828125,0.548828125,0.50048828125,0.548828125,-0.491910795836288,0,0.011201213376078314,0.52783203125,0.54833984375,0.52783203125,0.54833984375,-0.5166308178739217,0,0.011158031248084033,0.4921875,0.62451171875,0.4921875,0.62451171875,-0.481029468751916,0,UNKNOWN,UNKNOWN_OR_COVER,MiPOD,WOW,-0.4501221336807795,-0.45153480357862386,0.001412669897844332,0,
COVER__2685.pgm,2685.pgm,COVER,0,${BOSSBASE_ROOT}\cover\2685.pgm,0.01052971212461742,0.491455078125,0.51220703125,0.491455078125,0.51220703125,-0.4809253660003826,0,0.017848738449988986,0.50537109375,0.5322265625,0.50537109375,0.5322265625,-0.48752235530001103,0,0.027795622581245058,0.50048828125,0.548828125,0.50048828125,0.548828125,-0.47269265866875493,0,0.011115013721477563,0.52783203125,0.54833984375,0.52783203125,0.54833984375,-0.5167170175285224,0,0.08122775599781697,0.4921875,0.62451171875,0.4921875,0.62451171875,-0.41095974400218305,0,UNKNOWN,UNKNOWN_OR_COVER,MiPOD,HILL,-0.37780906293526273,-0.4415265779569392,0.0637175150216765,0,
COVER__7981.pgm,7981.pgm,COVER,0,${BOSSBASE_ROOT}\cover\7981.pgm,0.008219693061967886,0.491455078125,0.51220703125,0.491455078125,0.51220703125,-0.4832353850630321,0,0.008847355082930386,0.50537109375,0.5322265625,0.50537109375,0.5322265625,-0.4965237386670696,0,0.007999754508377905,0.50048828125,0.548828125,0.50048828125,0.548828125,-0.4924885267416221,0,0.00952248567033666,0.52783203125,0.54833984375,0.52783203125,0.54833984375,-0.5183095455796634,0,0.008187909901696235,0.4921875,0.62451171875,0.4921875,0.62451171875,-0.4839995900983038,0,UNKNOWN,UNKNOWN_OR_COVER,WOW,MiPOD,-0.4523961538431475,-0.4531839173712954,0.0007877635281478557,0,
COVER__286.pgm,286.pgm,COVER,0,${BOSSBASE_ROOT}\cover\286.pgm,0.4984493305331551,0.491455078125,0.51220703125,0.491455078125,0.51220703125,0.006994252408155099,1,0.49215762562117094,0.50537109375,0.5322265625,0.50537109375,0.5322265625,-0.013213468128829065,0,0.49089913757108233,0.50048828125,0.548828125,0.50048828125,0.548828125,-0.009589143678917667,0,0.5067172777132694,0.52783203125,0.54833984375,0.52783203125,0.54833984375,-0.021114753536730646,0,0.4867279719331573,0.4921875,0.62451171875,0.4921875,0.62451171875,-0.005459528066842689,0,WOW|MiPOD,AMBIGUOUS,WOW,MiPOD,0.0569942524081551,0.044268239336755756,0.012726013071399346,1,WOW
COVER__4515.pgm,4515.pgm,COVER,0,${BOSSBASE_ROOT}\cover\4515.pgm,0.011419614645648401,0.491455078125,0.51220703125,0.491455078125,0.51220703125,-0.4800354634793516,0,0.011869121046339474,0.50537109375,0.5322265625,0.50537109375,0.5322265625,-0.49350197270366053,0,0.00881316650304586,0.50048828125,0.548828125,0.50048828125,0.548828125,-0.49167511474695413,0,0.01052971212461742,0.52783203125,0.54833984375,0.52783203125,0.54833984375,-0.5173023191253826,0,0.012771867493286331,0.4921875,0.62451171875,0.4921875,0.62451171875,-0.47941563250671365,0,UNKNOWN,UNKNOWN_OR_COVER,MiPOD,WOW,-0.44845837778776276,-0.44909739108019125,0.0006390132924284919,0,
COVER__3244.pgm,3244.pgm,COVER,0,${BOSSBASE_ROOT}\cover\3244.pgm,0.22337706178344302,0.491455078125,0.51220703125,0.491455078125,0.51220703125,-0.268078016341557,0,0.507052907406527,0.50537109375,0.5322265625,0.50537109375,0.5322265625,0.001681813656526976,1,0.5822535290212147,0.50048828125,0.548828125,0.50048828125,0.548828125,0.08176524777121474,0,0.5001995563401122,0.52783203125,0.54833984375,0.52783203125,0.54833984375,-0.02763247490988785,0,0.5053823299296414,0.4921875,0.62451171875,0.4921875,0.62451171875,0.013194829929641383,1,HILL,ATTRIBUTED,HILL,MiPOD,0.13012160038770124,0.06319482992964139,0.06692677045805985,3,"S-UNIWARD,HILL,MiPOD"
COVER__1298.pgm,1298.pgm,COVER,0,${BOSSBASE_ROOT}\cover\1298.pgm,0.007876706716587462,0.491455078125,0.51220703125,0.491455078125,0.51220703125,-0.48357837140841253,0,0.012920473039078976,0.50537109375,0.5322265625,0.50537109375,0.5322265625,-0.49245062071092105,0,0.009161026922093826,0.50048828125,0.548828125,0.50048828125,0.548828125,-0.4913272543279062,0,0.01238378463726033,0.52783203125,0.54833984375,0.52783203125,0.54833984375,-0.5154482466127397,0,0.015784561073809773,0.4921875,0.62451171875,0.4921875,0.62451171875,-0.47640293892619023,0,UNKNOWN,UNKNOWN_OR_COVER,MiPOD,WOW,-0.4453522788544717,-0.45274971580998785,0.007397436955516146,0,
COVER__3938.pgm,3938.pgm,COVER,0,${BOSSBASE_ROOT}\cover\3938.pgm,0.4899305608524222,0.491455078125,0.51220703125,0.491455078125,0.51220703125,-0.0015245172725777967,0,0.5024814401982135,0.50537109375,0.5322265625,0.50537109375,0.5322265625,-0.0028896535517864974,0,0.5044592628677994,0.50048828125,0.548828125,0.50048828125,0.548828125,0.003970981617799407,1,0.49454138509172285,0.52783203125,0.54833984375,0.52783203125,0.54833984375,-0.03329064615827715,0,0.498252875763059,0.4921875,0.62451171875,0.4921875,0.62451171875,0.006065375763058989,1,MiPOD|HILL,AMBIGUOUS,MiPOD,HILL,0.05606537576305899,0.05397098161779941,0.0020943941452595816,2,"HILL,MiPOD"
COVER__4644.pgm,4644.pgm,COVER,0,${BOSSBASE_ROOT}\cover\4644.pgm,0.5018482124074082,0.491455078125,0.51220703125,0.491455078125,0.51220703125,0.010393134282408178,1,0.5030879581753837,0.50537109375,0.5322265625,0.50537109375,0.5322265625,-0.002283135574616346,0,0.5079872965504272,0.50048828125,0.548828125,0.50048828125,0.548828125,0.007499015300427181,1,0.502563454101855,0.52783203125,0.54833984375,0.52783203125,0.54833984375,-0.02526857714814501,0,0.5055654134505893,0.4921875,0.62451171875,0.4921875,0.62451171875,0.013377913450589252,1,MiPOD|WOW,AMBIGUOUS,MiPOD,WOW,0.06337791345058925,0.06039313428240818,0.002984779168181073,3,"WOW,HILL,MiPOD"
COVER__1455.pgm,1455.pgm,COVER,0,${BOSSBASE_ROOT}\cover\1455.pgm,0.13776430454530725,0.491455078125,0.51220703125,0.491455078125,0.51220703125,-0.35369077357969275,0,0.5361914774652468,0.50537109375,0.5322265625,0.50537109375,0.5322265625,0.030820383715246757,0,0.012100385813544712,0.50048828125,0.548828125,0.50048828125,0.548828125,-0.4883878954364553,0,0.3455468255389751,0.52783203125,0.54833984375,0.52783203125,0.54833984375,-0.1822852057110249,0,0.0014214043524267083,0.4921875,0.62451171875,0.4921875,0.62451171875,-0.4907660956475733,0,S-UNIWARD,ATTRIBUTED,S-UNIWARD,HUGO,0.08062253046184387,-0.1406170243883733,0.22123955485021718,1,S-UNIWARD
COVER__1591.pgm,1591.pgm,COVER,0,${BOSSBASE_ROOT}\cover\1591.pgm,0.009936418705946226,0.491455078125,0.51220703125,0.491455078125,0.51220703125,-0.48151865941905375,0,0.02706617566513358,0.50537109375,0.5322265625,0.50537109375,0.5322265625,-0.4783049180848664,0,0.008380453351026062,0.50048828125,0.548828125,0.50048828125,0.548828125,-0.49210782789897395,0,0.022328782910109677,0.52783203125,0.54833984375,0.52783203125,0.54833984375,-0.5055032483398904,0,0.009268013380914325,0.4921875,0.62451171875,0.4921875,0.62451171875,-0.4829194866190857,0,UNKNOWN,UNKNOWN_OR_COVER,S-UNIWARD,WOW,-0.4473132595937924,-0.45062644023020443,0.0033131806364120053,0,
COVER__2009.pgm,2009.pgm,COVER,0,${BOSSBASE_ROOT}\cover\2009.pgm,0.48778014380473916,0.491455078125,0.51220703125,0.491455078125,0.51220703125,-0.0036749343202608364,0,0.5060726994243702,0.50537109375,0.5322265625,0.50537109375,0.5322265625,0.0007016056743701649,1,0.49924182949954243,0.50048828125,0.548828125,0.50048828125,0.548828125,-0.0012464517504575667,0,0.5001140832881203,0.52783203125,0.54833984375,0.52783203125,0.54833984375,-0.027717947961879652,0,0.5041846251931643,0.4921875,0.62451171875,0.4921875,0.62451171875,0.011997125193164315,1,MiPOD|S-UNIWARD,AMBIGUOUS,MiPOD,S-UNIWARD,0.06199712519316432,0.05070160567437017,0.01129551951879415,2,"S-UNIWARD,MiPOD"
COVER__4303.pgm,4303.pgm,COVER,0,${BOSSBASE_ROOT}\cover\4303.pgm,0.7561775556934376,0.491455078125,0.51220703125,0.491455078125,0.51220703125,0.2647224775684376,0,0.04130730379300427,0.50537109375,0.5322265625,0.50537109375,0.5322265625,-0.4640637899569957,0,0.5067439757554176,0.50048828125,0.548828125,0.50048828125,0.548828125,0.0062556945054176305,1,0.020293485571542015,0.52783203125,0.54833984375,0.52783203125,0.54833984375,-0.507538545678458,0,0.41917235542073045,0.4921875,0.62451171875,0.4921875,0.62451171875,-0.07301514457926955,0,WOW,ATTRIBUTED,WOW,HILL,0.30389801398530236,0.05625569450541763,0.24764231947988474,2,"WOW,HILL"
COVER__6158.pgm,6158.pgm,COVER,0,${BOSSBASE_ROOT}\cover\6158.pgm,0.01368947769627449,0.491455078125,0.51220703125,0.491455078125,0.51220703125,-0.4777656004287255,0,0.011732463956348185,0.50537109375,0.5322265625,0.50537109375,0.5322265625,-0.4936386297936518,0,0.025035423538735918,0.50048828125,0.548828125,0.50048828125,0.548828125,-0.4754528577112641,0,0.012100385813544712,0.52783203125,0.54833984375,0.52783203125,0.54833984375,-0.5157316454364553,0,0.029535339291104773,0.4921875,0.62451171875,0.4921875,0.62451171875,-0.46265216070889525,0,UNKNOWN,UNKNOWN_OR_COVER,MiPOD,HILL,-0.4311715808051209,-0.444372682972255,0.013201102167134104,0,
COVER__1766.pgm,1766.pgm,COVER,0,${BOSSBASE_ROOT}\cover\1766.pgm,0.6789658738724604,0.491455078125,0.51220703125,0.491455078125,0.51220703125,0.18751079574746043,0,0.8159668481659097,0.50537109375,0.5322265625,0.50537109375,0.5322265625,0.3105957544159097,0,0.9509603749892346,0.50048828125,0.548828125,0.50048828125,0.548828125,0.4504720937392346,0,0.9969721649754317,0.52783203125,0.54833984375,0.52783203125,0.54833984375,0.46914013372543173,0,0.9610980199022023,0.4921875,0.62451171875,0.4921875,0.62451171875,0.46891051990220234,0,MiPOD|HUGO,AMBIGUOUS,MiPOD,HUGO,0.5046207321155638,0.5010651746623782,0.003555557453185587,5,"WOW,S-UNIWARD,HILL,HUGO,MiPOD"
COVER__9865.pgm,9865.pgm,COVER,0,${BOSSBASE_ROOT}\cover\9865.pgm,0.009232214404536282,0.491455078125,0.51220703125,0.491455078125,0.51220703125,-0.48222286372046375,0,0.009898063716023652,0.50537109375,0.5322265625,0.50537109375,0.5322265625,-0.49547303003397636,0,0.008156248626973424,0.50048828125,0.548828125,0.50048828125,0.548828125,-0.49233203262302655,0,0.009898063716023652,0.52783203125,0.54833984375,0.52783203125,0.54833984375,-0.5179339675339764,0,0.009340024385054083,0.4921875,0.62451171875,0.4921875,0.62451171875,-0.4828474756149459,0,UNKNOWN,UNKNOWN_OR_COVER,WOW,MiPOD,-0.4513523913072622,-0.45199627924535213,0.0006438879380899487,0,
COVER__1283.pgm,1283.pgm,COVER,0,${BOSSBASE_ROOT}\cover\1283.pgm,0.5127840783599398,0.491455078125,0.51220703125,0.491455078125,0.51220703125,0.021329000234939777,0,0.38381450466757133,0.50537109375,0.5322265625,0.50537109375,0.5322265625,-0.12155658908242867,0,0.5348858518658733,0.50048828125,0.548828125,0.50048828125,0.548828125,0.03439757061587334,1,0.49740793642910225,0.52783203125,0.54833984375,0.52783203125,0.54833984375,-0.03042409482089775,0,0.5354324520313458,0.4921875,0.62451171875,0.4921875,0.62451171875,0.04324495203134582,1,MiPOD|HILL,AMBIGUOUS,MiPOD,HILL,0.09324495203134582,0.08439757061587334,0.008847381415472477,3,"WOW,HILL,MiPOD"
COVER__7933.pgm,7933.pgm,COVER,0,${BOSSBASE_ROOT}\cover\7933.pgm,0.009196552423046733,0.491455078125,0.51220703125,0.491455078125,0.51220703125,-0.48225852570195327,0,0.009303949868393646,0.50537109375,0.5322265625,0.50537109375,0.5322265625,-0.49606714388160633,0,0.009783876017655003,0.50048828125,0.548828125,0.50048828125,0.548828125,-0.490704405232345,0,0.010408314101072437,0.52783203125,0.54833984375,0.52783203125,0.54833984375,-0.5174237171489275,0,0.009859855303538789,0.4921875,0.62451171875,0.4921875,0.62451171875,-0.4823276446964612,0,UNKNOWN,UNKNOWN_OR_COVER,WOW,MiPOD,-0.4513891541713375,-0.45146040675203025,7.125258069273777e-05,0,
COVER__2204.pgm,2204.pgm,COVER,0,${BOSSBASE_ROOT}\cover\2204.pgm,0.008779108866911802,0.491455078125,0.51220703125,0.491455078125,0.51220703125,-0.4826759692580882,0,0.023554331577945047,0.50537109375,0.5322265625,0.50537109375,0.5322265625,-0.48181676217205494,0,0.016029147365901317,0.50048828125,0.548828125,0.50048828125,0.548828125,-0.48445913388409867,0,0.008478401934677453,0.52783203125,0.54833984375,0.52783203125,0.54833984375,-0.5193536293153226,0,0.014785407692390527,0.4921875,0.62451171875,0.4921875,0.62451171875,-0.4774020923076095,0,UNKNOWN,UNKNOWN_OR_COVER,MiPOD,S-UNIWARD,-0.4463824411140045,-0.45093375066630614,0.004551309552301652,0,
COVER__4718.pgm,4718.pgm,COVER,0,${BOSSBASE_ROOT}\cover\4718.pgm,0.011375600238837661,0.491455078125,0.51220703125,0.491455078125,0.51220703125,-0.48007947788616234,0,0.013532148655407106,0.50537109375,0.5322265625,0.50537109375,0.5322265625,-0.4918389450945929,0,0.09585608228230953,0.50048828125,0.548828125,0.50048828125,0.548828125,-0.4046321989676905,0,0.01590639171181471,0.52783203125,0.54833984375,0.52783203125,0.54833984375,-0.5119256395381853,0,0.04681203126388343,0.4921875,0.62451171875,0.4921875,0.62451171875,-0.44537546873611655,0,UNKNOWN,UNKNOWN_OR_COVER,HILL,MiPOD,-0.3712710904308366,-0.41334628315029953,0.04207519271946292,0,
COVER__7213.pgm,7213.pgm,COVER,0,${BOSSBASE_ROOT}\cover\7213.pgm,0.009161026922093826,0.491455078125,0.51220703125,0.491455078125,0.51220703125,-0.4822940512029062,0,0.011201213376078314,0.50537109375,0.5322265625,0.50537109375,0.5322265625,-0.4941698803739217,0,0.007431773334291191,0.50048828125,0.548828125,0.50048828125,0.548828125,-0.4930565079157088,0,0.009936418705946226,0.52783203125,0.54833984375,0.52783203125,0.54833984375,-0.5178956125440538,0,0.01020905431880827,0.4921875,0.62451171875,0.4921875,0.62451171875,-0.48197844568119175,0,UNKNOWN,UNKNOWN_OR_COVER,MiPOD,WOW,-0.45110042704547265,-0.45142577630269887,0.0003253492572262151,0,
COVER__510.pgm,510.pgm,COVER,0,${BOSSBASE_ROOT}\cover\510.pgm,0.01124456072066409,0.491455078125,0.51220703125,0.491455078125,0.51220703125,-0.4802105174043359,0,0.017375664509219565,0.50537109375,0.5322265625,0.50537109375,0.5322265625,-0.48799542924078043,0,0.19513354679502126,0.50048828125,0.548828125,0.50048828125,0.548828125,-0.30535473445497874,0,0.014063627043245474,0.52783203125,0.54833984375,0.52783203125,0.54833984375,-0.5137684042067545,0,0.746138993030751,0.4921875,0.62451171875,0.4921875,0.62451171875,0.25395149303075104,0,MiPOD,ATTRIBUTED,MiPOD,HILL,0.298225410408598,-0.2685116375696686,0.5667370479782666,1,MiPOD
COVER__9456.pgm,9456.pgm,COVER,0,${BOSSBASE_ROOT}\cover\9456.pgm,0.011029470022501837,0.491455078125,0.51220703125,0.491455078125,0.51220703125,-0.4804256081024982,0,0.047780066363570746,0.50537109375,0.5322265625,0.50537109375,0.5322265625,-0.45759102738642926,0,0.03314851840247966,0.50048828125,0.548828125,0.50048828125,0.548828125,-0.4673397628475203,0,0.04484790343329438,0.52783203125,0.54833984375,0.52783203125,0.54833984375,-0.48298412781670563,0,0.29757199447992705,0.4921875,0.62451171875,0.4921875,0.62451171875,-0.19461550552007295,0,UNKNOWN,UNKNOWN_OR_COVER,MiPOD,S-UNIWARD,-0.15345795080657176,-0.4259507162009978,0.272492765394426,0,
COVER__5975.pgm,5975.pgm,COVER,0,${BOSSBASE_ROOT}\cover\5975.pgm,0.045522005153122005,0.491455078125,0.51220703125,0.491455078125,0.51220703125,-0.445933072971878,0,0.5127840783599398,0.50537109375,0.5322265625,0.50537109375,0.5322265625,0.007412984609939777,1,0.5737381162151596,0.50048828125,0.548828125,0.50048828125,0.548828125,0.07324983496515958,0,0.43068602613188633,0.52783203125,0.54833984375,0.52783203125,0.54833984375,-0.09714600511811367,0,0.7503698765343172,0.4921875,0.62451171875,0.4921875,0.62451171875,0.2581823765343172,0,MiPOD,ATTRIBUTED,MiPOD,HILL,0.3022693718271062,0.12201972008712217,0.18024965173998406,3,"S-UNIWARD,HILL,MiPOD"
COVER__5818.pgm,5818.pgm,COVER,0,${BOSSBASE_ROOT}\cover\5818.pgm,0.007374365308237828,0.491455078125,0.51220703125,0.491455078125,0.51220703125,-0.4840807128167622,0,0.4289508810867238,0.50537109375,0.5322265625,0.50537109375,0.5322265625,-0.0764202126632762,0,0.595139653660142,0.50048828125,0.548828125,0.50048828125,0.548828125,0.09465137241014199,0,0.8262916869759688,0.52783203125,0.54833984375,0.52783203125,0.54833984375,0.2984596557259688,0,0.8265718476699254,0.4921875,0.62451171875,0.4921875,0.62451171875,0.3343843476699254,0,MiPOD,ATTRIBUTED,MiPOD,HUGO,0.37523663758911596,0.33632632029418735,0.03891031729492861,3,"HILL,HUGO,MiPOD"
COVER__7702.pgm,7702.pgm,COVER,0,${BOSSBASE_ROOT}\cover\7702.pgm,0.010735162609090678,0.491455078125,0.51220703125,0.491455078125,0.51220703125,-0.4807199155159093,0,0.021906366026247955,0.50537109375,0.5322265625,0.50537109375,0.5322265625,-0.48346472772375204,0,0.005888159475804548,0.50048828125,0.548828125,0.50048828125,0.548828125,-0.49460012177419543,0,0.015784561073809773,0.52783203125,0.54833984375,0.52783203125,0.54833984375,-0.5120474701761902,0,0.010693757736175492,0.4921875,0.62451171875,0.4921875,0.62451171875,-0.4814937422638245,0,UNKNOWN,UNKNOWN_OR_COVER,WOW,MiPOD,-0.44980301149821245,-0.45060075331916427,0.000797741820951825,0,
COVER__4118.pgm,4118.pgm,COVER,0,${BOSSBASE_ROOT}\cover\4118.pgm,0.3932102520812426,0.491455078125,0.51220703125,0.491455078125,0.51220703125,-0.0982448260437574,0,0.49455282782240256,0.50537109375,0.5322265625,0.50537109375,0.5322265625,-0.010818265927597437,0,0.5108701741515596,0.50048828125,0.548828125,0.50048828125,0.548828125,0.010381892901559553,1,0.3929772725392964,0.52783203125,0.54833984375,0.52783203125,0.54833984375,-0.13485475871070363,0,0.4517497380128012,0.4921875,0.62451171875,0.4921875,0.62451171875,-0.040437761987198784,0,HILL|S-UNIWARD,AMBIGUOUS,HILL,S-UNIWARD,0.060381892901559556,0.038643736125485245,0.02173815677607431,1,HILL
COVER__5825.pgm,5825.pgm,COVER,0,${BOSSBASE_ROOT}\cover\5825.pgm,0.008093289897373068,0.491455078125,0.51220703125,0.491455078125,0.51220703125,-0.48336178822762693,0,0.009485713170795206,0.50537109375,0.5322265625,0.50537109375,0.5322265625,-0.4958853805792048,0,0.00952248567033666,0.50048828125,0.548828125,0.50048828125,0.548828125,-0.49096579557966336,0,0.012431650853185818,0.52783203125,0.54833984375,0.52783203125,0.54833984375,-0.5154003803968141,0,0.01020905431880827,0.4921875,0.62451171875,0.4921875,0.62451171875,-0.48197844568119175,0,UNKNOWN,UNKNOWN_OR_COVER,MiPOD,WOW,-0.45110042704547265,-0.4525264549378017,0.0014260278923290404,0,
COVER__958.pgm,958.pgm,COVER,0,${BOSSBASE_ROOT}\cover\958.pgm,0.34997692807591696,0.491455078125,0.51220703125,0.491455078125,0.51220703125,-0.14147815004908304,0,0.37685242877052594,0.50537109375,0.5322265625,0.50537109375,0.5322265625,-0.12851866497947406,0,0.5017089777199553,0.50048828125,0.548828125,0.50048828125,0.548828125,0.0012206964699552625,1,0.5195974991459933,0.52783203125,0.54833984375,0.52783203125,0.54833984375,-0.008234532104006709,0,0.4502385183666298,0.4921875,0.62451171875,0.4921875,0.62451171875,-0.041948981633370186,0,HILL|HUGO,AMBIGUOUS,HILL,HUGO,0.051220696469955265,0.041355431835303776,0.00986526463465149,1,HILL
COVER__4834.pgm,4834.pgm,COVER,0,${BOSSBASE_ROOT}\cover\4834.pgm,0.01128807389923099,0.491455078125,0.51220703125,0.491455078125,0.51220703125,-0.480167004225769,0,0.21917033535508013,0.50537109375,0.5322265625,0.50537109375,0.5322265625,-0.2862007583949199,0,0.09964530370754651,0.50048828125,0.548828125,0.50048828125,0.548828125,-0.40084297754245346,0,0.014615670100635955,0.52783203125,0.54833984375,0.52783203125,0.54833984375,-0.5132163611493641,0,0.043854563399873446,0.4921875,0.62451171875,0.4921875,0.62451171875,-0.4483329366001266,0,UNKNOWN,UNKNOWN_OR_COVER,S-UNIWARD,HILL,-0.2486451679545023,-0.3673552165728479,0.11871004861834561,0,
COVER__1739.pgm,1739.pgm,COVER,0,${BOSSBASE_ROOT}\cover\1739.pgm,0.010013570623173138,0.491455078125,0.51220703125,0.491455078125,0.51220703125,-0.48144150750182685,0,0.024423090054107213,0.50537109375,0.5322265625,0.50537109375,0.5322265625,-0.4809480036958928,0,0.014899643269019094,0.50048828125,0.548828125,0.50048828125,0.548828125,-0.4855886379809809,0,0.011072160183234295,0.52783203125,0.54833984375,0.52783203125,0.54833984375,-0.5167598710667657,0,0.030271869424597638,0.4921875,0.62451171875,0.4921875,0.62451171875,-0.46191563057540236,0,UNKNOWN,UNKNOWN_OR_COVER,MiPOD,S-UNIWARD,-0.43041185573507273,-0.45003815065441133,0.019626294919338594,0,
COVER__3678.pgm,3678.pgm,COVER,0,${BOSSBASE_ROOT}\cover\3678.pgm,0.010693757736175492,0.491455078125,0.51220703125,0.491455078125,0.51220703125,-0.4807613203888245,0,0.024563088772028722,0.50537109375,0.5322265625,0.50537109375,0.5322265625,-0.48080800497797127,0,0.01590639171181471,0.50048828125,0.548828125,0.50048828125,0.548828125,-0.48458188953818526,0,0.022286185539225494,0.52783203125,0.54833984375,0.52783203125,0.54833984375,-0.5055458457107745,0,2.463161271834074e-06,0.4921875,0.62451171875,0.4921875,0.62451171875,-0.49218503683872816,0,UNKNOWN,UNKNOWN_OR_COVER,WOW,S-UNIWARD,-0.4498456964551084,-0.4498938242937677,4.812783865926207e-05,0,
COVER__7806.pgm,7806.pgm,COVER,0,${BOSSBASE_ROOT}\cover\7806.pgm,0.009859855303538789,0.491455078125,0.51220703125,0.491455078125,0.51220703125,-0.4815952228214612,0,0.008847355082930386,0.50537109375,0.5322265625,0.50537109375,0.5322265625,-0.4965237386670696,0,0.011201213376078314,0.50048828125,0.548828125,0.50048828125,0.548828125,-0.4892870678739217,0,0.007547923375900623,0.52783203125,0.54833984375,0.52783203125,0.54833984375,-0.5202841078740994,0,0.011029470022501837,0.4921875,0.62451171875,0.4921875,0.62451171875,-0.4811580299774982,0,UNKNOWN,UNKNOWN_OR_COVER,MiPOD,WOW,-0.4502546681358308,-0.45070536875547884,0.00045070061964802566,0,
COVER__3.pgm,3.pgm,COVER,0,${BOSSBASE_ROOT}\cover\3.pgm,0.028490042586322463,0.491455078125,0.51220703125,0.491455078125,0.51220703125,-0.4629650355386775,0,0.3446639834618105,0.50537109375,0.5322265625,0.50537109375,0.5322265625,-0.16070711028818951,0,0.5766015781009638,0.50048828125,0.548828125,0.50048828125,0.548828125,0.0761132968509638,0,0.6896192456528228,0.52783203125,0.54833984375,0.52783203125,0.54833984375,0.16178721440282284,0,0.7065955179610504,0.4921875,0.62451171875,0.4921875,0.62451171875,0.21440801796105036,0,MiPOD,ATTRIBUTED,MiPOD,HUGO,0.26046775596443456,0.20519954880420954,0.055268207160225014,3,"HILL,HUGO,MiPOD"
COVER__7318.pgm,7318.pgm,COVER,0,${BOSSBASE_ROOT}\cover\7318.pgm,0.009746104052554064,0.491455078125,0.51220703125,0.491455078125,0.51220703125,-0.48170897407244595,0,0.009670992763446972,0.50537109375,0.5322265625,0.50537109375,0.5322265625,-0.49570010098655304,0,0.0062170781422503756,0.50048828125,0.548828125,0.50048828125,0.548828125,-0.49427120310774963,0,0.007232763803479049,0.52783203125,0.54833984375,0.52783203125,0.54833984375,-0.520599267446521,0,0.007374365308237828,0.4921875,0.62451171875,0.4921875,0.62451171875,-0.4848131346917622,0,UNKNOWN,UNKNOWN_OR_COVER,WOW,MiPOD,-0.45082263356616664,-0.45402252169370894,0.003199888127542294,0,
COVER__2235.pgm,2235.pgm,COVER,0,${BOSSBASE_ROOT}\cover\2235.pgm,0.013955710398273338,0.491455078125,0.51220703125,0.491455078125,0.51220703125,-0.4774993677267267,0,0.28507331753216064,0.50537109375,0.5322265625,0.50537109375,0.5322265625,-0.22029777621783936,0,0.10502680874233815,0.50048828125,0.548828125,0.50048828125,0.548828125,-0.39546147250766184,0,0.013020490113842825,0.52783203125,0.54833984375,0.52783203125,0.54833984375,-0.5148115411361571,0,0.14633105957168724,0.4921875,0.62451171875,0.4921875,0.62451171875,-0.34585644042831276,0,UNKNOWN,UNKNOWN_OR_COVER,S-UNIWARD,MiPOD,-0.180183783091515,-0.31047573719895527,0.13029195410744027,0,
COVER__1398.pgm,1398.pgm,COVER,0,${BOSSBASE_ROOT}\cover\1398.pgm,0.020527788240143965,0.491455078125,0.51220703125,0.491455078125,0.51220703125,-0.47092728988485605,0,0.41816221303397255,0.50537109375,0.5322265625,0.50537109375,0.5322265625,-0.08720888071602745,0,0.4485772377424705,0.50048828125,0.548828125,0.50048828125,0.548828125,-0.05191104350752951,0,0.6467949306323344,0.52783203125,0.54833984375,0.52783203125,0.54833984375,0.1189628993823344,0,0.5921950051775453,0.4921875,0.62451171875,0.4921875,0.62451171875,0.10000750517754531,1,HUGO|MiPOD,AMBIGUOUS,HUGO,MiPOD,0.16427471906243632,0.1500075051775453,0.014267213884891022,2,"HUGO,MiPOD"
COVER__932.pgm,932.pgm,COVER,0,${BOSSBASE_ROOT}\cover\932.pgm,0.021906366026247955,0.491455078125,0.51220703125,0.491455078125,0.51220703125,-0.46954871209875204,0,0.4590155021381691,0.50537109375,0.5322265625,0.50537109375,0.5322265625,-0.04635559161183089,0,0.0015548133490423032,0.50048828125,0.548828125,0.50048828125,0.548828125,-0.4989334679009577,0,4.850261717827009e-07,0.52783203125,0.54833984375,0.52783203125,0.54833984375,-0.5278315462238282,0,3.962266864109668e-14,0.4921875,0.62451171875,0.4921875,0.62451171875,-0.49218749999996037,0,S-UNIWARD,ATTRIBUTED,S-UNIWARD,WOW,0.0013795292708283918,-0.43828449270383074,0.43966402197465915,0,
COVER__6808.pgm,6808.pgm,COVER,0,${BOSSBASE_ROOT}\cover\6808.pgm,0.010735162609090678,0.491455078125,0.51220703125,0.491455078125,0.51220703125,-0.4807199155159093,0,0.008156248626973424,0.50537109375,0.5322265625,0.50537109375,0.5322265625,-0.49721484512302655,0,0.011158031248084033,0.50048828125,0.548828125,0.50048828125,0.548828125,-0.489330250001916,0,0.018369638109289183,0.52783203125,0.54833984375,0.52783203125,0.54833984375,-0.5094623931407108,0,0.01652955655765428,0.4921875,0.62451171875,0.4921875,0.62451171875,-0.47565794344234574,0,UNKNOWN,UNKNOWN_OR_COVER,MiPOD,WOW,-0.4445841421501213,-0.44980301149821245,0.005218869348091126,0,
COVER__1395.pgm,1395.pgm,COVER,0,${BOSSBASE_ROOT}\cover\1395.pgm,0.14258969746889652,0.491455078125,0.51220703125,0.491455078125,0.51220703125,-0.3488653806561035,0,0.4574093693674105,0.50537109375,0.5322265625,0.50537109375,0.5322265625,-0.0479617243825895,0,0.5031375473177992,0.50048828125,0.548828125,0.50048828125,0.548828125,0.0026492660677992497,1,5.349132895744941e-05,0.52783203125,0.54833984375,0.52783203125,0.54833984375,-0.5277785399210425,0,0.9029524430206697,0.4921875,0.62451171875,0.4921875,0.62451171875,0.4107649430206697,0,MiPOD,ATTRIBUTED,MiPOD,HILL,0.44861309981877245,0.05264926606779925,0.3959638337509732,2,"HILL,MiPOD"
COVER__9933.pgm,9933.pgm,COVER,0,${BOSSBASE_ROOT}\cover\9933.pgm,0.00714910196654636,0.491455078125,0.51220703125,0.491455078125,0.51220703125,-0.48430597615845367,0,0.014447852533602467,0.50537109375,0.5322265625,0.50537109375,0.5322265625,-0.4909232412163975,0,0.005888159475804548,0.50048828125,0.548828125,0.50048828125,0.548828125,-0.49460012177419543,0,0.006718870000837655,0.52783203125,0.54833984375,0.52783203125,0.54833984375,-0.5211131612491623,0,6.227858465329135e-07,0.4921875,0.62451171875,0.4921875,0.62451171875,-0.49218687721415344,0,UNKNOWN,UNKNOWN_OR_COVER,WOW,S-UNIWARD,-0.45349974347777977,-0.460320188553386,0.006820445075606252,0,
COVER__2880.pgm,2880.pgm,COVER,0,${BOSSBASE_ROOT}\cover\2880.pgm,0.49503342751604035,0.491455078125,0.51220703125,0.491455078125,0.51220703125,0.0035783493910403474,1,0.5252775043582922,0.50537109375,0.5322265625,0.50537109375,0.5322265625,0.019906410608292235,1,0.5095584666889605,0.50048828125,0.548828125,0.50048828125,0.548828125,0.009070185438960543,1,0.49875068924537885,0.52783203125,0.54833984375,0.52783203125,0.54833984375,-0.029081342004621147,0,0.5165802224105337,0.4921875,0.62451171875,0.4921875,0.62451171875,0.024392722410533696,1,MiPOD|S-UNIWARD,AMBIGUOUS,MiPOD,S-UNIWARD,0.0743927224105337,0.06990641060829224,0.0044863118022414605,4,"WOW,S-UNIWARD,HILL,MiPOD"
COVER__7890.pgm,7890.pgm,COVER,0,${BOSSBASE_ROOT}\cover\7890.pgm,0.008315778477474129,0.491455078125,0.51220703125,0.491455078125,0.51220703125,-0.4831392996475259,0,0.007606672164523265,0.50537109375,0.5322265625,0.50537109375,0.5322265625,-0.49776442158547674,0,0.009055264186722086,0.50048828125,0.548828125,0.50048828125,0.548828125,-0.4914330170632779,0,0.008779108866911802,0.52783203125,0.54833984375,0.52783203125,0.54833984375,-0.5190529223830882,0,0.009821792919693043,0.4921875,0.62451171875,0.4921875,0.62451171875,-0.48236570708030696,0,UNKNOWN,UNKNOWN_OR_COVER,MiPOD,WOW,-0.4514996439941758,-0.45229710508493093,0.000797461090755125,0,
COVER__3431.pgm,3431.pgm,COVER,0,${BOSSBASE_ROOT}\cover\3431.pgm,0.5053937726924996,0.491455078125,0.51220703125,0.491455078125,0.51220703125,0.013938694567499632,1,0.5069461168156362,0.50537109375,0.5322265625,0.50537109375,0.5322265625,0.001575023065636172,1,0.48919845814989593,0.50048828125,0.548828125,0.50048828125,0.548828125,-0.011289823100104068,0,0.4968796181476397,0.52783203125,0.54833984375,0.52783203125,0.54833984375,-0.0309524131023603,0,0.5001031756386417,0.4921875,0.62451171875,0.4921875,0.62451171875,0.007915675638641706,1,WOW|MiPOD,AMBIGUOUS,WOW,MiPOD,0.06393869456749963,0.05791567563864171,0.006023018928857926,3,"WOW,S-UNIWARD,MiPOD"
COVER__6960.pgm,6960.pgm,COVER,0,${BOSSBASE_ROOT}\cover\6960.pgm,0.010944577400979882,0.491455078125,0.51220703125,0.491455078125,0.51220703125,-0.48051050072402013,0,0.012673735693033067,0.50537109375,0.5322265625,0.50537109375,0.5322265625,-0.4926973580569669,0,0.012147170099805133,0.50048828125,0.548828125,0.50048828125,0.548828125,-0.48834111115019485,0,0.010611421330238862,0.52783203125,0.54833984375,0.52783203125,0.54833984375,-0.5172206099197612,0,0.011508149064303403,0.4921875,0.62451171875,0.4921875,0.62451171875,-0.4806793509356966,0,UNKNOWN,UNKNOWN_OR_COVER,WOW,MiPOD,-0.4495871215713317,-0.44976119276132975,0.0001740711899980707,0,
COVER__5955.pgm,5955.pgm,COVER,0,${BOSSBASE_ROOT}\cover\5955.pgm,0.010818448652863185,0.491455078125,0.51220703125,0.491455078125,0.51220703125,-0.4806366294721368,0,0.007606672164523265,0.50537109375,0.5322265625,0.50537109375,0.5322265625,-0.49776442158547674,0,0.007489624898808396,0.50048828125,0.548828125,0.50048828125,0.548828125,-0.4929986563511916,0,0.006877107658230662,0.52783203125,0.54833984375,0.52783203125,0.54833984375,-0.5209549235917693,0,0.008985428752560176,0.4921875,0.62451171875,0.4921875,0.62451171875,-0.4832020712474398,0,UNKNOWN,UNKNOWN_OR_COVER,WOW,MiPOD,-0.4497171504005871,-0.4523618126379803,0.002644662237393236,0,
COVER__6732.pgm,6732.pgm,COVER,0,${BOSSBASE_ROOT}\cover\6732.pgm,0.012100385813544712,0.491455078125,0.51220703125,0.491455078125,0.51220703125,-0.4793546923114553,0,0.010652510839726164,0.50537109375,0.5322265625,0.50537109375,0.5322265625,-0.4947185829102738,0,0.009376237450848677,0.50048828125,0.548828125,0.50048828125,0.548828125,-0.4911120437991513,0,0.010169657753872614,0.52783203125,0.54833984375,0.52783203125,0.54833984375,-0.5176623734961274,0,0.00881316650304586,0.4921875,0.62451171875,0.4921875,0.62451171875,-0.48337433349695413,0,UNKNOWN,UNKNOWN_OR_COVER,WOW,MiPOD,-0.4483955509938729,-0.4525393870422633,0.004143836048390415,0,
COVER__1425.pgm,1425.pgm,COVER,0,${BOSSBASE_ROOT}\cover\1425.pgm,0.04369106064046812,0.491455078125,0.51220703125,0.491455078125,0.51220703125,-0.4477640174845319,0,0.9395815801038564,0.50537109375,0.5322265625,0.50537109375,0.5322265625,0.4342104863538564,0,0.9081302185130296,0.50048828125,0.548828125,0.50048828125,0.548828125,0.40764193726302955,0,0.1965176254279632,0.52783203125,0.54833984375,0.52783203125,0.54833984375,-0.3313144058220368,0,0.9543079676184154,0.4921875,0.62451171875,0.4921875,0.62451171875,0.4621204676184154,0,MiPOD,ATTRIBUTED,MiPOD,S-UNIWARD,0.4980739791124173,0.4674808821958144,0.03059309691660289,3,"S-UNIWARD,HILL,MiPOD"
COVER__9771.pgm,9771.pgm,COVER,0,${BOSSBASE_ROOT}\cover\9771.pgm,0.016593177919590436,0.491455078125,0.51220703125,0.491455078125,0.51220703125,-0.4748619002054096,0,0.026105915341323935,0.50537109375,0.5322265625,0.50537109375,0.5322265625,-0.47926517840867605,0,0.29098086621490676,0.50048828125,0.548828125,0.50048828125,0.548828125,-0.20950741503509324,0,0.9680808472695965,0.52783203125,0.54833984375,0.52783203125,0.54833984375,0.44024881601959653,0,0.3592517400118766,0.4921875,0.62451171875,0.4921875,0.62451171875,-0.1329357599881234,0,HUGO,ATTRIBUTED,HUGO,MiPOD,0.4731096667529881,-0.0891596932979659,0.562269360050954,1,HUGO
COVER__7424.pgm,7424.pgm,COVER,0,${BOSSBASE_ROOT}\cover\7424.pgm,0.01013041166358438,0.491455078125,0.51220703125,0.491455078125,0.51220703125,-0.48132466646141564,0,0.01374232049590237,0.50537109375,0.5322265625,0.50537109375,0.5322265625,-0.49162877325409765,0,0.013222821752305148,0.50048828125,0.548828125,0.50048828125,0.548828125,-0.48726545949769484,0,0.021165618205957883,0.52783203125,0.54833984375,0.52783203125,0.54833984375,-0.5066664130440421,0,0.008950711436881996,0.4921875,0.62451171875,0.4921875,0.62451171875,-0.483236788563118,0,UNKNOWN,UNKNOWN_OR_COVER,WOW,MiPOD,-0.45042645381827273,-0.4523976006260667,0.0019711468077939776,0,
COVER__5021.pgm,5021.pgm,COVER,0,${BOSSBASE_ROOT}\cover\5021.pgm,0.012431650853185818,0.491455078125,0.51220703125,0.491455078125,0.51220703125,-0.4790234272718142,0,0.3110081860706927,0.50537109375,0.5322265625,0.50537109375,0.5322265625,-0.1943629076793073,0,0.014503579691381979,0.50048828125,0.548828125,0.50048828125,0.548828125,-0.485984701558618,0,0.0038996206725778896,0.52783203125,0.54833984375,0.52783203125,0.54833984375,-0.5239324105774221,0,0.015247590621499624,0.4921875,0.62451171875,0.4921875,0.62451171875,-0.4769399093785004,0,UNKNOWN,UNKNOWN_OR_COVER,S-UNIWARD,MiPOD,-0.15319495534320104,-0.445905918118035,0.29271096277483394,0,
COVER__4233.pgm,4233.pgm,COVER,0,${BOSSBASE_ROOT}\cover\4233.pgm,0.20769641088618318,0.491455078125,0.51220703125,0.491455078125,0.51220703125,-0.2837586672388168,0,0.48201764686998383,0.50537109375,0.5322265625,0.50537109375,0.5322265625,-0.02335344688001617,0,0.518119503243648,0.50048828125,0.548828125,0.50048828125,0.548828125,0.017631221993647972,1,0.5058591067938315,0.52783203125,0.54833984375,0.52783203125,0.54833984375,-0.021972924456168497,0,0.5316957224307991,0.4921875,0.62451171875,0.4921875,0.62451171875,0.0395082224307991,1,MiPOD|HILL,AMBIGUOUS,MiPOD,HILL,0.0895082224307991,0.06763122199364797,0.02187700043715113,2,"HILL,MiPOD"
COVER__8198.pgm,8198.pgm,COVER,0,${BOSSBASE_ROOT}\cover\8198.pgm,0.0441009125684104,0.491455078125,0.51220703125,0.491455078125,0.51220703125,-0.4473541655565896,0,0.0006563728324346652,0.50537109375,0.5322265625,0.50537109375,0.5322265625,-0.5047147209175653,0,0.03161876726864548,0.50048828125,0.548828125,0.50048828125,0.548828125,-0.4688695139813545,0,0.00021654404989510323,0.52783203125,0.54833984375,0.52783203125,0.54833984375,-0.5276154872001049,0,0.7424217173984088,0.4921875,0.62451171875,0.4921875,0.62451171875,0.2502342173984088,0,MiPOD,ATTRIBUTED,MiPOD,WOW,0.2946730194014059,-0.4153882933587965,0.7100613127602025,1,MiPOD
COVER__425.pgm,425.pgm,COVER,0,${BOSSBASE_ROOT}\cover\425.pgm,0.023286305444260233,0.491455078125,0.51220703125,0.491455078125,0.51220703125,-0.46816877268073975,0,0.008283626886030505,0.50537109375,0.5322265625,0.50537109375,0.5322265625,-0.4970874668639695,0,0.012007350547633841,0.50048828125,0.548828125,0.50048828125,0.548828125,-0.48848093070236615,0,0.021491764773672907,0.52783203125,0.54833984375,0.52783203125,0.54833984375,-0.5063402664763271,0,0.012722708199923246,0.4921875,0.62451171875,0.4921875,0.62451171875,-0.47946479180007673,0,UNKNOWN,UNKNOWN_OR_COVER,WOW,MiPOD,-0.43686138077622905,-0.4485090588804867,0.011647678104257653,0,
COVER__9050.pgm,9050.pgm,COVER,0,${BOSSBASE_ROOT}\cover\9050.pgm,0.36026394128130435,0.491455078125,0.51220703125,0.491455078125,0.51220703125,-0.13119113684369565,0,0.5270731049839761,0.50537109375,0.5322265625,0.50537109375,0.5322265625,0.021702011233976082,1,0.5953161172686705,0.50048828125,0.548828125,0.50048828125,0.548828125,0.09482783601867051,0,0.5983708689353728,0.52783203125,0.54833984375,0.52783203125,0.54833984375,0.07053883768537283,0,0.5899526240294497,0.4921875,0.62451171875,0.4921875,0.62451171875,0.0977651240294497,1,MiPOD|HILL,AMBIGUOUS,MiPOD,HILL,0.1477651240294497,0.1425566371583489,0.005208486871100787,4,"S-UNIWARD,HILL,HUGO,MiPOD"
COVER__8935.pgm,8935.pgm,COVER,0,${BOSSBASE_ROOT}\cover\8935.pgm,0.04949705323280326,0.491455078125,0.51220703125,0.491455078125,0.51220703125,-0.4419580248921967,0,0.21255875527247137,0.50537109375,0.5322265625,0.50537109375,0.5322265625,-0.29281233847752863,0,0.15597629205365207,0.50048828125,0.548828125,0.50048828125,0.548828125,-0.34451198919634796,0,0.4325427194915515,0.52783203125,0.54833984375,0.52783203125,0.54833984375,-0.09528931175844851,0,4.460199953964014e-06,0.4921875,0.62451171875,0.4921875,0.62451171875,-0.492183039800046,0,UNKNOWN,UNKNOWN_OR_COVER,HUGO,S-UNIWARD,-0.04983381774646599,-0.2555042308032768,0.20567041305681077,0,
COVER__7177.pgm,7177.pgm,COVER,0,${BOSSBASE_ROOT}\cover\7177.pgm,0.009055264186722086,0.491455078125,0.51220703125,0.491455078125,0.51220703125,-0.4823998139382779,0,0.012288597529701977,0.50537109375,0.5322265625,0.50537109375,0.5322265625,-0.49308249622029804,0,0.006984649917134321,0.50048828125,0.548828125,0.50048828125,0.548828125,-0.4935036313328657,0,0.008380453351026062,0.52783203125,0.54833984375,0.52783203125,0.54833984375,-0.5194515778989739,0,0.01028830113371619,0.4921875,0.62451171875,0.4921875,0.62451171875,-0.4818991988662838,0,UNKNOWN,UNKNOWN_OR_COVER,MiPOD,WOW,-0.4510187331489767,-0.45153480357862386,0.0005160704296471308,0,
COVER__6749.pgm,6749.pgm,COVER,0,${BOSSBASE_ROOT}\cover\6749.pgm,0.016152834822140957,0.491455078125,0.51220703125,0.491455078125,0.51220703125,-0.47530224330285903,0,0.2783548658182691,0.50537109375,0.5322265625,0.50537109375,0.5322265625,-0.22701622793173087,0,0.13939637966532398,0.50048828125,0.548828125,0.50048828125,0.548828125,-0.361091901584676,0,0.4228025077656612,0.52783203125,0.54833984375,0.52783203125,0.54833984375,-0.1050295234843388,0,0.08772001295994315,0.4921875,0.62451171875,0.4921875,0.62451171875,-0.40446748704005686,0,UNKNOWN,UNKNOWN_OR_COVER,HUGO,S-UNIWARD,-0.06001462637125395,-0.18717083543077978,0.12715620905952582,0,
COVER__5400.pgm,5400.pgm,COVER,0,${BOSSBASE_ROOT}\cover\5400.pgm,0.18907149226772618,0.491455078125,0.51220703125,0.491455078125,0.51220703125,-0.3023835858572738,0,0.4750573423480472,0.50537109375,0.5322265625,0.50537109375,0.5322265625,-0.030313751401952804,0,0.3689739514606106,0.50048828125,0.548828125,0.50048828125,0.548828125,-0.13151432978938937,0,0.0009773503931428146,0.52783203125,0.54833984375,0.52783203125,0.54833984375,-0.5268546808568572,0,6.339210403977636e-06,0.4921875,0.62451171875,0.4921875,0.62451171875,-0.492181160789596,0,S-UNIWARD,ATTRIBUTED,S-UNIWARD,HILL,0.01819330373115443,-0.08767599423111623,0.10586929796227065,0,
COVER__6185.pgm,6185.pgm,COVER,0,${BOSSBASE_ROOT}\cover\6185.pgm,0.012673735693033067,0.491455078125,0.51220703125,0.491455078125,0.51220703125,-0.4787813424319669,0,0.012970386437368456,0.50537109375,0.5322265625,0.50537109375,0.5322265625,-0.4924007073126315,0,0.019870713960402048,0.50048828125,0.548828125,0.50048828125,0.548828125,-0.4806175672895979,0,0.017375664509219565,0.52783203125,0.54833984375,0.52783203125,0.54833984375,-0.5104563667407804,0,0.021906366026247955,0.4921875,0.62451171875,0.4921875,0.62451171875,-0.47028113397375204,0,UNKNOWN,UNKNOWN_OR_COVER,MiPOD,WOW,-0.4390398047933502,-0.4478044456048678,0.008764640811517621,0,
COVER__1084.pgm,1084.pgm,COVER,0,${BOSSBASE_ROOT}\cover\1084.pgm,0.012821214266594244,0.491455078125,0.51220703125,0.491455078125,0.51220703125,-0.4786338638584058,0,0.013848610215564576,0.50537109375,0.5322265625,0.50537109375,0.5322265625,-0.49152248353443545,0,0.03574581027405513,0.50048828125,0.548828125,0.50048828125,0.548828125,-0.4647424709759449,0,0.008610767667510729,0.52783203125,0.54833984375,0.52783203125,0.54833984375,-0.5192212635824893,0,0.1367236130726179,0.4921875,0.62451171875,0.4921875,0.62451171875,-0.35546388692738207,0,UNKNOWN,UNKNOWN_OR_COVER,MiPOD,HILL,-0.3204214742550865,-0.4333276265238759,0.11290615226878942,0,
COVER__8030.pgm,8030.pgm,COVER,0,${BOSSBASE_ROOT}\cover\8030.pgm,0.010169657753872614,0.491455078125,0.51220703125,0.491455078125,0.51220703125,-0.48128542037112737,0,0.008985428752560176,0.50537109375,0.5322265625,0.50537109375,0.5322265625,-0.4963856649974398,0,0.011642224164666006,0.50048828125,0.548828125,0.50048828125,0.548828125,-0.488846057085334,0,0.009633652359446519,0.52783203125,0.54833984375,0.52783203125,0.54833984375,-0.5181983788905535,0,0.02681019589956736,0.4921875,0.62451171875,0.4921875,0.62451171875,-0.46537730410043265,0,UNKNOWN,UNKNOWN_OR_COVER,MiPOD,WOW,-0.433982396503265,-0.45038599507014543,0.01640359856688045,0,
COVER__6607.pgm,6607.pgm,COVER,0,${BOSSBASE_ROOT}\cover\6607.pgm,0.5252927241253198,0.491455078125,0.51220703125,0.491455078125,0.51220703125,0.0338376460003198,0,0.3537630113546831,0.50537109375,0.5322265625,0.50537109375,0.5322265625,-0.15160808239531692,0,0.538497870785318,0.50048828125,0.548828125,0.50048828125,0.548828125,0.03800958953531797,1,0.5333974639511686,0.52783203125,0.54833984375,0.52783203125,0.54833984375,0.0055654327011686044,1,0.5449830251074139,0.4921875,0.62451171875,0.4921875,0.62451171875,0.05279552510741392,1,MiPOD|HILL,AMBIGUOUS,MiPOD,HILL,0.10279552510741392,0.08800958953531797,0.014785935572095954,4,"WOW,HILL,HUGO,MiPOD"
COVER__1286.pgm,1286.pgm,COVER,0,${BOSSBASE_ROOT}\cover\1286.pgm,0.008478401934677453,0.491455078125,0.51220703125,0.491455078125,0.51220703125,-0.48297667619032253,0,0.014785407692390527,0.50537109375,0.5322265625,0.50537109375,0.5322265625,-0.4905856860576095,0,0.009449081319055452,0.50048828125,0.548828125,0.50048828125,0.548828125,-0.4910391999309445,0,0.009485713170795206,0.52783203125,0.54833984375,0.52783203125,0.54833984375,-0.5183463180792048,0,0.015723990527735578,0.4921875,0.62451171875,0.4921875,0.62451171875,-0.4764635094722644,0,UNKNOWN,UNKNOWN_OR_COVER,MiPOD,WOW,-0.4454147300990243,-0.4521294655555656,0.0067147354565412765,0,
COVER__6741.pgm,6741.pgm,COVER,0,${BOSSBASE_ROOT}\cover\6741.pgm,0.24256428978896624,0.491455078125,0.51220703125,0.491455078125,0.51220703125,-0.24889078833603376,0,0.1183850968071675,0.50537109375,0.5322265625,0.50537109375,0.5322265625,-0.38698599694283253,0,0.5476455232958314,0.50048828125,0.548828125,0.50048828125,0.548828125,0.04715724204583138,1,0.009783876017655003,0.52783203125,0.54833984375,0.52783203125,0.54833984375,-0.518048155232345,0,0.3189092315656642,0.4921875,0.62451171875,0.4921875,0.62451171875,-0.1732782684343358,0,HILL,ATTRIBUTED,HILL,MiPOD,0.09715724204583139,-0.13123308916631088,0.22839033121214225,1,HILL
COVER__7193.pgm,7193.pgm,COVER,0,${BOSSBASE_ROOT}\cover\7193.pgm,0.017375664509219565,0.491455078125,0.51220703125,0.491455078125,0.51220703125,-0.47407941361578043,0,0.004150080836220232,0.50537109375,0.5322265625,0.50537109375,0.5322265625,-0.5012210129137797,0,0.0143370304240108,0.50048828125,0.548828125,0.50048828125,0.548828125,-0.4861512508259892,0,0.045099569404397556,0.52783203125,0.54833984375,0.52783203125,0.54833984375,-0.4827324618456024,0,0.01013041166358438,0.4921875,0.62451171875,0.4921875,0.62451171875,-0.48205708833641564,0,UNKNOWN,UNKNOWN_OR_COVER,WOW,MiPOD,-0.4429565226668411,-0.45118149793458745,0.008224975267746348,0,
COVER__4047.pgm,4047.pgm,COVER,0,${BOSSBASE_ROOT}\cover\4047.pgm,0.48329784249691143,0.491455078125,0.51220703125,0.491455078125,0.51220703125,-0.008157235628088566,0,0.5080330611689928,0.50537109375,0.5322265625,0.50537109375,0.5322265625,0.0026619674189928277,1,0.49891376666248455,0.50048828125,0.548828125,0.50048828125,0.548828125,-0.001574514587515452,0,0.4849593731123756,0.52783203125,0.54833984375,0.52783203125,0.54833984375,-0.04287265813762442,0,0.49548733566945485,0.4921875,0.62451171875,0.4921875,0.62451171875,0.0032998356694548536,1,MiPOD|S-UNIWARD,AMBIGUOUS,MiPOD,S-UNIWARD,0.053299835669454856,0.05266196741899283,0.0006378682504620259,2,"S-UNIWARD,MiPOD"
COVER__1916.pgm,1916.pgm,COVER,0,${BOSSBASE_ROOT}\cover\1916.pgm,0.009821792919693043,0.491455078125,0.51220703125,0.491455078125,0.51220703125,-0.48163328520530696,0,0.01052971212461742,0.50537109375,0.5322265625,0.50537109375,0.5322265625,-0.4948413816253826,0,0.007999754508377905,0.50048828125,0.548828125,0.50048828125,0.548828125,-0.4924885267416221,0,0.009859855303538789,0.52783203125,0.54833984375,0.52783203125,0.54833984375,-0.5179721759464612,0,0.01098694263059318,0.4921875,0.62451171875,0.4921875,0.62451171875,-0.4812005573694068,0,UNKNOWN,UNKNOWN_OR_COVER,MiPOD,WOW,-0.4502985097391746,-0.45074460685843154,0.0004460971192569163,0,
COVER__7129.pgm,7129.pgm,COVER,0,${BOSSBASE_ROOT}\cover\7129.pgm,0.006463137718154743,0.491455078125,0.51220703125,0.491455078125,0.51220703125,-0.48499194040684523,0,0.010368156650788152,0.50537109375,0.5322265625,0.50537109375,0.5322265625,-0.49500293709921184,0,0.008677716704989246,0.50048828125,0.548828125,0.50048828125,0.548828125,-0.49181056454501076,0,0.008610767667510729,0.52783203125,0.54833984375,0.52783203125,0.54833984375,-0.5192212635824893,0,0.009670992763446972,0.4921875,0.62451171875,0.4921875,0.62451171875,-0.48251650723655304,0,UNKNOWN,UNKNOWN_OR_COVER,MiPOD,WOW,-0.4516550984066178,-0.4542068324541855,0.0025517340475676997,0,
COVER__7869.pgm,7869.pgm,COVER,0,${BOSSBASE_ROOT}\cover\7869.pgm,0.008745181682035148,0.491455078125,0.51220703125,0.491455078125,0.51220703125,-0.48270989644296486,0,0.007665874688645945,0.50537109375,0.5322265625,0.50537109375,0.5322265625,-0.49770521906135406,0,0.008315778477474129,0.50048828125,0.548828125,0.50048828125,0.548828125,-0.4921725027725259,0,0.006564249220774553,0.52783203125,0.54833984375,0.52783203125,0.54833984375,-0.5212677820292254,0,0.008711384457705508,0.4921875,0.62451171875,0.4921875,0.62451171875,-0.48347611554229447,0,UNKNOWN,UNKNOWN_OR_COVER,WOW,MiPOD,-0.4518544552993304,-0.45264430737180855,0.0007898520724781699,0,
COVER__90.pgm,90.pgm,COVER,0,${BOSSBASE_ROOT}\cover\90.pgm,0.007431773334291191,0.491455078125,0.51220703125,0.491455078125,0.51220703125,-0.4840233047907088,0,0.012576348276879083,0.50537109375,0.5322265625,0.50537109375,0.5322265625,-0.4927947454731209,0,0.00959645473238191,0.50048828125,0.548828125,0.50048828125,0.548828125,-0.4908918265176181,0,0.009412589587609823,0.52783203125,0.54833984375,0.52783203125,0.54833984375,-0.5184194416623902,0,0.008577485413711986,0.4921875,0.62451171875,0.4921875,0.62451171875,-0.483610014586288,0,UNKNOWN,UNKNOWN_OR_COVER,MiPOD,WOW,-0.452782334489062,-0.45320836283923527,0.00042602835017324647,0,
COVER__5878.pgm,5878.pgm,COVER,0,${BOSSBASE_ROOT}\cover\5878.pgm,0.01124456072066409,0.491455078125,0.51220703125,0.491455078125,0.51220703125,-0.4802105174043359,0,0.011687257995694434,0.50537109375,0.5322265625,0.50537109375,0.5322265625,-0.4936838357543056,0,0.011732463956348185,0.50048828125,0.548828125,0.50048828125,0.548828125,-0.4887558172936518,0,0.007725534397423479,0.52783203125,0.54833984375,0.52783203125,0.54833984375,-0.5201064968525765,0,0.009268013380914325,0.4921875,0.62451171875,0.4921875,0.62451171875,-0.4829194866190857,0,UNKNOWN,UNKNOWN_OR_COVER,WOW,MiPOD,-0.4492778603621769,-0.4520705117951326,0.002792651432955706,0,
COVER__7008.pgm,7008.pgm,COVER,0,${BOSSBASE_ROOT}\cover\7008.pgm,0.015306354560694808,0.491455078125,0.51220703125,0.491455078125,0.51220703125,-0.4761487235643052,0,0.1630452567901183,0.50537109375,0.5322265625,0.50537109375,0.5322265625,-0.3423258369598817,0,7.82325672734135e-10,0.50048828125,0.548828125,0.50048828125,0.548828125,-0.5004882804676744,0,0.0005013742398679934,0.52783203125,0.54833984375,0.52783203125,0.54833984375,-0.527330657010132,0,6.3126507835922e-08,0.4921875,0.62451171875,0.4921875,0.62451171875,-0.49218743687349215,0,UNKNOWN,UNKNOWN_OR_COVER,S-UNIWARD,WOW,-0.3068199977241648,-0.4450901689343833,0.1382701712102185,0,
COVER__7115.pgm,7115.pgm,COVER,0,${BOSSBASE_ROOT}\cover\7115.pgm,0.021450729175489416,0.491455078125,0.51220703125,0.491455078125,0.51220703125,-0.4700043489495106,0,0.13352816354548508,0.50537109375,0.5322265625,0.50537109375,0.5322265625,-0.3718429302045149,0,0.31184584283578853,0.50048828125,0.548828125,0.50048828125,0.548828125,-0.18864243841421147,0,0.5744544532092697,0.52783203125,0.54833984375,0.52783203125,0.54833984375,0.04662242195926969,0,0.0005420927261436571,0.4921875,0.62451171875,0.4921875,0.62451171875,-0.49164540727385636,0,HUGO,ATTRIBUTED,HUGO,HILL,0.09533359335876183,-0.14723831120053943,0.24257190455930128,1,HUGO
COVER__1945.pgm,1945.pgm,COVER,0,${BOSSBASE_ROOT}\cover\1945.pgm,0.01005236865796813,0.491455078125,0.51220703125,0.491455078125,0.51220703125,-0.4814027094670319,0,0.011463797377996032,0.50537109375,0.5322265625,0.50537109375,0.5322265625,-0.493907296372004,0,0.012576348276879083,0.50048828125,0.548828125,0.50048828125,0.548828125,-0.4879119329731209,0,0.007815888789288626,0.52783203125,0.54833984375,0.52783203125,0.54833984375,-0.5200161424607114,0,0.016403032516163058,0.4921875,0.62451171875,0.4921875,0.62451171875,-0.47578446748383696,0,UNKNOWN,UNKNOWN_OR_COVER,MiPOD,WOW,-0.4447145975258271,-0.4505069081191782,0.005792310593351113,0,
COVER__4152.pgm,4152.pgm,COVER,0,${BOSSBASE_ROOT}\cover\4152.pgm,0.46453718377613024,0.491455078125,0.51220703125,0.491455078125,0.51220703125,-0.026917894348869764,0,0.3191213844321178,0.50537109375,0.5322265625,0.50537109375,0.5322265625,-0.1862497093178822,0,0.4870863075842561,0.50048828125,0.548828125,0.50048828125,0.548828125,-0.013401973665743916,0,0.4957123853740217,0.52783203125,0.54833984375,0.52783203125,0.54833984375,-0.03211964587597832,0,0.508086453053775,0.4921875,0.62451171875,0.4921875,0.62451171875,0.015898953053774978,1,MiPOD|HILL,AMBIGUOUS,MiPOD,HILL,0.06589895305377498,0.035932397980724805,0.029966555073050176,1,MiPOD
COVER__3250.pgm,3250.pgm,COVER,0,${BOSSBASE_ROOT}\cover\3250.pgm,0.5336405073814309,0.491455078125,0.51220703125,0.491455078125,0.51220703125,0.04218542925643087,0,0.5046576106354919,0.50537109375,0.5322265625,0.50537109375,0.5322265625,-0.00071348311450814,0,0.5150330043932955,0.50048828125,0.548828125,0.50048828125,0.548828125,0.014544723143295468,1,0.5044935923913205,0.52783203125,0.54833984375,0.52783203125,0.54833984375,-0.023338438858679478,0,0.5020275004838176,0.4921875,0.62451171875,0.4921875,0.62451171875,0.009840000483817612,1,WOW|HILL,AMBIGUOUS,WOW,HILL,0.0911251586817292,0.06454472314329547,0.026580435538433728,3,"WOW,HILL,MiPOD"
COVER__6646.pgm,6646.pgm,COVER,0,${BOSSBASE_ROOT}\cover\6646.pgm,0.009485713170795206,0.491455078125,0.51220703125,0.491455078125,0.51220703125,-0.4819693649542048,0,0.009376237450848677,0.50537109375,0.5322265625,0.50537109375,0.5322265625,-0.4959948562991513,0,0.03252822350114495,0.50048828125,0.548828125,0.50048828125,0.548828125,-0.4679600577488551,0,0.014281933925111153,0.52783203125,0.54833984375,0.52783203125,0.54833984375,-0.5135500973248889,0,0.04240382863184671,0.4921875,0.62451171875,0.4921875,0.62451171875,-0.4497836713681533,0,UNKNOWN,UNKNOWN_OR_COVER,MiPOD,HILL,-0.41789536617973316,-0.436646130842223,0.018750764662489816,0,
COVER__4407.pgm,4407.pgm,COVER,0,${BOSSBASE_ROOT}\cover\4407.pgm,0.5149415339168318,0.491455078125,0.51220703125,0.491455078125,0.51220703125,0.02348645579183184,0,0.5129899351678294,0.50537109375,0.5322265625,0.50537109375,0.5322265625,0.007618841417829425,1,0.5343391678963976,0.50048828125,0.548828125,0.50048828125,0.548828125,0.03385088664639757,1,0.4935230063717852,0.52783203125,0.54833984375,0.52783203125,0.54833984375,-0.0343090248782148,0,0.517357524189379,0.4921875,0.62451171875,0.4921875,0.62451171875,0.02517002418937897,1,HILL|MiPOD,AMBIGUOUS,HILL,MiPOD,0.08385088664639757,0.07517002418937897,0.008680862457018601,4,"WOW,S-UNIWARD,HILL,MiPOD"
COVER__3221.pgm,3221.pgm,COVER,0,${BOSSBASE_ROOT}\cover\3221.pgm,0.7249676450535651,0.491455078125,0.51220703125,0.491455078125,0.51220703125,0.23351256692856515,0,0.6024709617654932,0.50537109375,0.5322265625,0.50537109375,0.5322265625,0.0970998680154932,0,0.5528414948143092,0.50048828125,0.548828125,0.50048828125,0.548828125,0.05235321356430922,0,0.6084195787824573,0.52783203125,0.54833984375,0.52783203125,0.54833984375,0.08058754753245734,0,0.604340546973492,0.4921875,0.62451171875,0.4921875,0.62451171875,0.11215304697349204,1,WOW,ATTRIBUTED,WOW,MiPOD,0.27393004801847254,0.16215304697349203,0.1117770010449805,5,"WOW,S-UNIWARD,HILL,HUGO,MiPOD"
COVER__3038.pgm,3038.pgm,COVER,0,${BOSSBASE_ROOT}\cover\3038.pgm,0.4589548776789312,0.491455078125,0.51220703125,0.491455078125,0.51220703125,-0.03250020044606883,0,0.4635049591074219,0.50537109375,0.5322265625,0.50537109375,0.5322265625,-0.0418661346425781,0,0.5022163245954285,0.50048828125,0.548828125,0.50048828125,0.548828125,0.0017280433454285316,1,0.5655986903534945,0.52783203125,0.54833984375,0.52783203125,0.54833984375,0.037766659103494526,0,0.4976558857046434,0.4921875,0.62451171875,0.4921875,0.62451171875,0.005468385704643419,1,HUGO,ATTRIBUTED,HUGO,MiPOD,0.0869111208117263,0.05546838570464342,0.031442735107082884,3,"HILL,HUGO,MiPOD"
COVER__2186.pgm,2186.pgm,COVER,0,${BOSSBASE_ROOT}\cover\2186.pgm,0.008251598569085517,0.491455078125,0.51220703125,0.491455078125,0.51220703125,-0.4832034795559145,0,0.8818185990895465,0.50537109375,0.5322265625,0.50537109375,0.5322265625,0.3764475053395465,0,0.43170397492180074,0.50048828125,0.548828125,0.50048828125,0.548828125,-0.06878430632819926,0,0.022715756324479135,0.52783203125,0.54833984375,0.52783203125,0.54833984375,-0.5051162749255209,0,0.9586152811531559,0.4921875,0.62451171875,0.4921875,0.62451171875,0.46642778115315586,0,MiPOD,ATTRIBUTED,MiPOD,S-UNIWARD,0.5022267626439808,0.4116962871058043,0.0905304755381765,2,"S-UNIWARD,MiPOD"
COVER__8963.pgm,8963.pgm,COVER,0,${BOSSBASE_ROOT}\cover\8963.pgm,0.4934772377405452,0.491455078125,0.51220703125,0.491455078125,0.51220703125,0.0020221596155451937,1,0.5092991595257632,0.50537109375,0.5322265625,0.50537109375,0.5322265625,0.003928065775763212,1,0.498618129433908,0.50048828125,0.548828125,0.50048828125,0.548828125,-0.0018701518160920139,0,0.5462540932143485,0.52783203125,0.54833984375,0.52783203125,0.54833984375,0.01842206196434848,1,0.49986863136593784,0.4921875,0.62451171875,0.4921875,0.62451171875,0.007681131365937843,1,HUGO|MiPOD,AMBIGUOUS,HUGO,MiPOD,0.06842206196434848,0.057681131365937846,0.010740930598410636,4,"WOW,S-UNIWARD,HUGO,MiPOD"
COVER__5712.pgm,5712.pgm,COVER,0,${BOSSBASE_ROOT}\cover\5712.pgm,0.01005236865796813,0.491455078125,0.51220703125,0.491455078125,0.51220703125,-0.4814027094670319,0,0.011158031248084033,0.50537109375,0.5322265625,0.50537109375,0.5322265625,-0.494213062501916,0,0.07585818002124356,0.50048828125,0.548828125,0.50048828125,0.548828125,-0.42463010122875644,0,0.010693757736175492,0.52783203125,0.54833984375,0.52783203125,0.54833984375,-0.5171382735138245,0,0.040087358371065335,0.4921875,0.62451171875,0.4921875,0.62451171875,-0.45210014162893464,0,UNKNOWN,UNKNOWN_OR_COVER,HILL,MiPOD,-0.3919295183036756,-0.4202856192603029,0.028356100956627273,0,
COVER__5950.pgm,5950.pgm,COVER,0,${BOSSBASE_ROOT}\cover\5950.pgm,0.01052971212461742,0.491455078125,0.51220703125,0.491455078125,0.51220703125,-0.4809253660003826,0,0.010328152519305191,0.50537109375,0.5322265625,0.50537109375,0.5322265625,-0.4950429412306948,0,0.011642224164666006,0.50048828125,0.548828125,0.50048828125,0.548828125,-0.488846057085334,0,0.009340024385054083,0.52783203125,0.54833984375,0.52783203125,0.54833984375,-0.5184920068649459,0,0.009974920824078675,0.4921875,0.62451171875,0.4921875,0.62451171875,-0.4822125791759213,0,UNKNOWN,UNKNOWN_OR_COVER,WOW,MiPOD,-0.4500148132231395,-0.45134178927233853,0.0013269760491990135,0,
COVER__5003.pgm,5003.pgm,COVER,0,${BOSSBASE_ROOT}\cover\5003.pgm,0.006930671656746301,0.491455078125,0.51220703125,0.491455078125,0.51220703125,-0.4845244064682537,0,0.008644177936723585,0.50537109375,0.5322265625,0.50537109375,0.5322265625,-0.49672691581327644,0,0.006564249220774553,0.50048828125,0.548828125,0.50048828125,0.548828125,-0.49392403202922547,0,0.008847355082930386,0.52783203125,0.54833984375,0.52783203125,0.54833984375,-0.5189846761670696,0,0.006903838071221877,0.4921875,0.62451171875,0.4921875,0.62451171875,-0.48528366192877814,0,UNKNOWN,UNKNOWN_OR_COVER,WOW,MiPOD,-0.45372490206767113,-0.454507533344862,0.0007826312771908595,0,
COVER__4455.pgm,4455.pgm,COVER,0,${BOSSBASE_ROOT}\cover\4455.pgm,0.01819436822090561,0.491455078125,0.51220703125,0.491455078125,0.51220703125,-0.4732607099040944,0,0.0014437558971204926,0.50537109375,0.5322265625,0.50537109375,0.5322265625,-0.5039273378528795,0,0.07276837992771637,0.50048828125,0.548828125,0.50048828125,0.548828125,-0.42771990132228366,0,0.012241275291807161,0.52783203125,0.54833984375,0.52783203125,0.54833984375,-0.5155907559581928,0,0.0016549242441240368,0.4921875,0.62451171875,0.4921875,0.62451171875,-0.49053257575587594,0,UNKNOWN,UNKNOWN_OR_COVER,HILL,WOW,-0.3951202007280064,-0.4421123280955099,0.04699212736750347,0,
COVER__5210.pgm,5210.pgm,COVER,0,${BOSSBASE_ROOT}\cover\5210.pgm,0.47097991791673344,0.491455078125,0.51220703125,0.491455078125,0.51220703125,-0.020475160208266563,0,0.5135693600744632,0.50537109375,0.5322265625,0.50537109375,0.5322265625,0.008198266324463188,1,0.5546212369014433,0.50048828125,0.548828125,0.50048828125,0.548828125,0.05413295565144327,0,0.5314221584363554,0.52783203125,0.54833984375,0.52783203125,0.54833984375,0.0035901271863554296,1,0.5671576348808801,0.4921875,0.62451171875,0.4921875,0.62451171875,0.07497013488088011,1,MiPOD|HILL,AMBIGUOUS,MiPOD,HILL,0.12497013488088012,0.10384413744220505,0.021125997438675062,4,"S-UNIWARD,HILL,HUGO,MiPOD"
COVER__214.pgm,214.pgm,COVER,0,${BOSSBASE_ROOT}\cover\214.pgm,0.015365341441302218,0.491455078125,0.51220703125,0.491455078125,0.51220703125,-0.4760897366836978,0,0.02992974702544123,0.50537109375,0.5322265625,0.50537109375,0.5322265625,-0.4754413467245588,0,0.009449081319055452,0.50048828125,0.548828125,0.50048828125,0.548828125,-0.4910391999309445,0,0.012147170099805133,0.52783203125,0.54833984375,0.52783203125,0.54833984375,-0.5156848611501949,0,0.023286305444260233,0.4921875,0.62451171875,0.4921875,0.62451171875,-0.46890119455573975,0,UNKNOWN,UNKNOWN_OR_COVER,MiPOD,S-UNIWARD,-0.43761672447466193,-0.44436081422001233,0.006744089745350401,0,
COVER__7484.pgm,7484.pgm,COVER,0,${BOSSBASE_ROOT}\cover\7484.pgm,0.4019225295072036,0.491455078125,0.51220703125,0.491455078125,0.51220703125,-0.08953254861779641,0,0.4631103671190127,0.50537109375,0.5322265625,0.50537109375,0.5322265625,-0.04226072663098729,0,0.5199631369308675,0.50048828125,0.548828125,0.50048828125,0.548828125,0.019474855680867487,1,0.16995623014518763,0.52783203125,0.54833984375,0.52783203125,0.54833984375,-0.3578758011048124,0,0.846196804090553,0.4921875,0.62451171875,0.4921875,0.62451171875,0.354009304090553,0,MiPOD,ATTRIBUTED,MiPOD,HILL,0.39406768529264896,0.06947485568086749,0.3245928296117815,2,"HILL,MiPOD"
COVER__5047.pgm,5047.pgm,COVER,0,${BOSSBASE_ROOT}\cover\5047.pgm,0.018582149895652808,0.491455078125,0.51220703125,0.491455078125,0.51220703125,-0.4728729282293472,0,0.19482697856563788,0.50537109375,0.5322265625,0.50537109375,0.5322265625,-0.3105441151843621,0,0.024516335827191232,0.50048828125,0.548828125,0.50048828125,0.548828125,-0.47597194542280874,0,0.015424552081841137,0.52783203125,0.54833984375,0.52783203125,0.54833984375,-0.5124074791681589,0,0.6425446343727172,0.4921875,0.62451171875,0.4921875,0.62451171875,0.15035713437271725,0,MiPOD,ATTRIBUTED,MiPOD,S-UNIWARD,0.19946356959513534,-0.2738917159267903,0.47335528552192563,1,MiPOD
COVER__4525.pgm,4525.pgm,COVER,0,${BOSSBASE_ROOT}\cover\4525.pgm,0.008187909901696235,0.491455078125,0.51220703125,0.491455078125,0.51220703125,-0.4832671682233038,0,0.008881675100847034,0.50537109375,0.5322265625,0.50537109375,0.5322265625,-0.49648941864915297,0,0.006538824977235005,0.50048828125,0.548828125,0.50048828125,0.548828125,-0.493949456272765,0,0.008644177936723585,0.52783203125,0.54833984375,0.52783203125,0.54833984375,-0.5191878533132764,0,0.010368156650788152,0.4921875,0.62451171875,0.4921875,0.62451171875,-0.48181934334921184,0,UNKNOWN,UNKNOWN_OR_COVER,MiPOD,WOW,-0.450936411557884,-0.4524289171560715,0.0014925055981874769,0,
COVER__8143.pgm,8143.pgm,COVER,0,${BOSSBASE_ROOT}\cover\8143.pgm,0.009708476481474066,0.491455078125,0.51220703125,0.491455078125,0.51220703125,-0.48174660164352595,0,0.009268013380914325,0.50537109375,0.5322265625,0.50537109375,0.5322265625,-0.4961030803690857,0,0.010489091259938018,0.50048828125,0.548828125,0.50048828125,0.548828125,-0.489999189990062,0,0.009559399347091532,0.52783203125,0.54833984375,0.52783203125,0.54833984375,-0.5182726319029085,0,0.009746104052554064,0.4921875,0.62451171875,0.4921875,0.62451171875,-0.48244139594744595,0,UNKNOWN,UNKNOWN_OR_COVER,WOW,MiPOD,-0.45086142329335477,-0.4515776689902522,0.0007162456968974329,0,
COVER__8685.pgm,8685.pgm,COVER,0,${BOSSBASE_ROOT}\cover\8685.pgm,0.21304953207082516,0.491455078125,0.51220703125,0.491455078125,0.51220703125,-0.27840554605417484,0,0.32659351503718675,0.50537109375,0.5322265625,0.50537109375,0.5322265625,-0.17877757871281325,0,0.6905590864098664,0.50048828125,0.548828125,0.50048828125,0.548828125,0.1900708051598664,0,0.4981594168833081,0.52783203125,0.54833984375,0.52783203125,0.54833984375,-0.029672614366691885,0,0.37582100029366383,0.4921875,0.62451171875,0.4921875,0.62451171875,-0.11636649970633617,0,HILL,ATTRIBUTED,HILL,HUGO,0.23346354073428258,0.018865550407638543,0.21459799032664403,1,HILL
COVER__5087.pgm,5087.pgm,COVER,0,${BOSSBASE_ROOT}\cover\5087.pgm,0.010169657753872614,0.491455078125,0.51220703125,0.491455078125,0.51220703125,-0.48128542037112737,0,0.01013041166358438,0.50537109375,0.5322265625,0.50537109375,0.5322265625,-0.49524068208641564,0,0.007066400963249157,0.50048828125,0.548828125,0.50048828125,0.548828125,-0.4934218802867508,0,0.008950711436881996,0.52783203125,0.54833984375,0.52783203125,0.54833984375,-0.518881319813118,0,0.008030813216260063,0.4921875,0.62451171875,0.4921875,0.62451171875,-0.4841566867837399,0,UNKNOWN,UNKNOWN_OR_COVER,WOW,MiPOD,-0.45038599507014543,-0.45334585471654065,0.0029598596463952243,0,
COVER__4643.pgm,4643.pgm,COVER,0,${BOSSBASE_ROOT}\cover\4643.pgm,0.4829472902346572,0.491455078125,0.51220703125,0.491455078125,0.51220703125,-0.008507787890342788,0,0.40969306452875043,0.50537109375,0.5322265625,0.50537109375,0.5322265625,-0.09567802922124957,0,0.4571973040674096,0.50048828125,0.548828125,0.50048828125,0.548828125,-0.043290977182590396,0,0.49148641861090786,0.52783203125,0.54833984375,0.52783203125,0.54833984375,-0.03634561263909214,0,0.4519009093986583,0.4921875,0.62451171875,0.4921875,0.62451171875,-0.04028659060134171,0,WOW|HUGO,AMBIGUOUS,WOW,HUGO,0.04106862715561815,0.011869735321463085,0.029198891834155062,0,
COVER__482.pgm,482.pgm,COVER,0,${BOSSBASE_ROOT}\cover\482.pgm,0.7297124307414513,0.491455078125,0.51220703125,0.491455078125,0.51220703125,0.2382573526164513,0,0.1859471949014217,0.50537109375,0.5322265625,0.50537109375,0.5322265625,-0.3194238988485783,0,0.588830023352003,0.50048828125,0.548828125,0.50048828125,0.548828125,0.08834174210200296,0,0.038610931468025946,0.52783203125,0.54833984375,0.52783203125,0.54833984375,-0.48922109978197403,0,0.3326355033372793,0.4921875,0.62451171875,0.4921875,0.62451171875,-0.15955199666272069,0,WOW,ATTRIBUTED,WOW,HILL,0.27848351566103285,0.13638112286387788,0.14210239279715497,2,"WOW,HILL"
COVER__7634.pgm,7634.pgm,COVER,0,${BOSSBASE_ROOT}\cover\7634.pgm,0.0077555367808475675,0.491455078125,0.51220703125,0.491455078125,0.51220703125,-0.48369954134415244,0,0.01124456072066409,0.50537109375,0.5322265625,0.50537109375,0.5322265625,-0.4941265330293359,0,0.008610767667510729,0.50048828125,0.548828125,0.50048828125,0.548828125,-0.49187751358248927,0,0.007999754508377905,0.52783203125,0.54833984375,0.52783203125,0.54833984375,-0.5198322767416221,0,0.008030813216260063,0.4921875,0.62451171875,0.4921875,0.62451171875,-0.4841566867837399,0,UNKNOWN,UNKNOWN_OR_COVER,WOW,MiPOD,-0.4528746210256392,-0.45334585471654065,0.0004712336909014625,0,
COVER__7999.pgm,7999.pgm,COVER,0,${BOSSBASE_ROOT}\cover\7999.pgm,0.00881316650304586,0.491455078125,0.51220703125,0.491455078125,0.51220703125,-0.48264191162195413,0,0.007374365308237828,0.50537109375,0.5322265625,0.50537109375,0.5322265625,-0.4979967284417622,0,0.014785407692390527,0.50048828125,0.548828125,0.50048828125,0.548828125,-0.4857028735576095,0,0.015247590621499624,0.52783203125,0.54833984375,0.52783203125,0.54833984375,-0.5125844406285004,0,0.01819436822090561,0.4921875,0.62451171875,0.4921875,0.62451171875,-0.4739931317790944,0,UNKNOWN,UNKNOWN_OR_COVER,MiPOD,WOW,-0.44286755537410966,-0.45178437270536875,0.008916817331259097,0,
COVER__3344.pgm,3344.pgm,COVER,0,${BOSSBASE_ROOT}\cover\3344.pgm,0.47175556411366043,0.491455078125,0.51220703125,0.491455078125,0.51220703125,-0.01969951401133957,0,0.48938147960431744,0.50537109375,0.5322265625,0.50537109375,0.5322265625,-0.015989614145682562,0,0.5194756151998564,0.50048828125,0.548828125,0.50048828125,0.548828125,0.01898733394985641,1,0.5174337257859808,0.52783203125,0.54833984375,0.52783203125,0.54833984375,-0.010398305464019209,0,0.5017805024226346,0.4921875,0.62451171875,0.4921875,0.62451171875,0.009593002422634611,1,HILL|MiPOD,AMBIGUOUS,HILL,MiPOD,0.06898733394985641,0.059593002422634614,0.0093943315272218,2,"HILL,MiPOD"
COVER__7573.pgm,7573.pgm,COVER,0,${BOSSBASE_ROOT}\cover\7573.pgm,0.9415467589589032,0.491455078125,0.51220703125,0.491455078125,0.51220703125,0.45009168083390316,0,0.2769837903020585,0.50537109375,0.5322265625,0.50537109375,0.5322265625,-0.2283873034479415,0,0.16132023775174625,0.50048828125,0.548828125,0.50048828125,0.548828125,-0.33916804349825375,0,0.291585662898897,0.52783203125,0.54833984375,0.52783203125,0.54833984375,-0.23624636835110302,0,0.528214015584736,0.4921875,0.62451171875,0.4921875,0.62451171875,0.03602651558473602,1,WOW,ATTRIBUTED,WOW,MiPOD,0.4826386183180377,0.08602651558473602,0.3966121027333017,2,"WOW,MiPOD"
COVER__9077.pgm,9077.pgm,COVER,0,${BOSSBASE_ROOT}\cover\9077.pgm,0.5817189821347214,0.491455078125,0.51220703125,0.491455078125,0.51220703125,0.0902639040097214,0,0.49993813037903895,0.50537109375,0.5322265625,0.50537109375,0.5322265625,-0.0054329633709610525,0,0.5972555816787293,0.50048828125,0.548828125,0.50048828125,0.548828125,0.09676730042872927,0,0.5268296737167726,0.52783203125,0.54833984375,0.52783203125,0.54833984375,-0.001002357533227416,0,0.5560681321130556,0.4921875,0.62451171875,0.4921875,0.62451171875,0.06388063211305561,1,HILL|WOW,AMBIGUOUS,HILL,WOW,0.14440362296573014,0.13690635325708428,0.007497269708645865,3,"WOW,HILL,MiPOD"
COVER__7290.pgm,7290.pgm,COVER,0,${BOSSBASE_ROOT}\cover\7290.pgm,0.010902373729285245,0.491455078125,0.51220703125,0.491455078125,0.51220703125,-0.48055270439571474,0,0.012722708199923246,0.50537109375,0.5322265625,0.50537109375,0.5322265625,-0.49264838555007673,0,0.01077672605008006,0.50048828125,0.548828125,0.50048828125,0.548828125,-0.48971155519991993,0,0.009020279501402172,0.52783203125,0.54833984375,0.52783203125,0.54833984375,-0.5188117517485978,0,0.009090383313658499,0.4921875,0.62451171875,0.4921875,0.62451171875,-0.4830971166863415,0,UNKNOWN,UNKNOWN_OR_COVER,WOW,MiPOD,-0.44963063029562855,-0.4522536210812097,0.0026229907855811474,0,
COVER__8441.pgm,8441.pgm,COVER,0,${BOSSBASE_ROOT}\cover\8441.pgm,0.007876706716587462,0.491455078125,0.51220703125,0.491455078125,0.51220703125,-0.48357837140841253,0,0.009196552423046733,0.50537109375,0.5322265625,0.50537109375,0.5322265625,-0.49617454132695327,0,0.023689471299374428,0.50048828125,0.548828125,0.50048828125,0.548828125,-0.47679880995062557,0,0.008847355082930386,0.52783203125,0.54833984375,0.52783203125,0.54833984375,-0.5189846761670696,0,0.0840406115573681,0.4921875,0.62451171875,0.4921875,0.62451171875,-0.4081468884426319,0,UNKNOWN,UNKNOWN_OR_COVER,MiPOD,HILL,-0.3749028280284309,-0.4457604395028055,0.07085761147437464,0,
COVER__7524.pgm,7524.pgm,COVER,0,${BOSSBASE_ROOT}\cover\7524.pgm,0.008711384457705508,0.491455078125,0.51220703125,0.491455078125,0.51220703125,-0.48274369366729447,0,0.10141132475464801,0.50537109375,0.5322265625,0.50537109375,0.5322265625,-0.403959768995352,0,0.6203341585192935,0.50048828125,0.548828125,0.50048828125,0.548828125,0.11984587726929352,0,0.07626996618067049,0.52783203125,0.54833984375,0.52783203125,0.54833984375,-0.4515620650693295,0,0.4536551390765281,0.4921875,0.62451171875,0.4921875,0.62451171875,-0.0385323609234719,0,HILL,ATTRIBUTED,HILL,MiPOD,0.16639541029068375,0.009577667403382673,0.15681774288730108,1,HILL
COVER__5677.pgm,5677.pgm,COVER,0,${BOSSBASE_ROOT}\cover\5677.pgm,0.009485713170795206,0.491455078125,0.51220703125,0.491455078125,0.51220703125,-0.4819693649542048,0,0.010902373729285245,0.50537109375,0.5322265625,0.50537109375,0.5322265625,-0.49446872002071474,0,0.010693757736175492,0.50048828125,0.548828125,0.50048828125,0.548828125,-0.4897945235138245,0,0.008711384457705508,0.52783203125,0.54833984375,0.52783203125,0.54833984375,-0.5191206467922945,0,0.009974920824078675,0.4921875,0.62451171875,0.4921875,0.62451171875,-0.4822125791759213,0,UNKNOWN,UNKNOWN_OR_COVER,WOW,MiPOD,-0.4510910659223554,-0.45134178927233853,0.0002507233499831063,0,
COVER__924.pgm,924.pgm,COVER,0,${BOSSBASE_ROOT}\cover\924.pgm,0.01956867555531235,0.491455078125,0.51220703125,0.491455078125,0.51220703125,-0.47188640256968767,0,0.014009566286403145,0.50537109375,0.5322265625,0.50537109375,0.5322265625,-0.49136152746359685,0,0.011961098249809548,0.50048828125,0.548828125,0.50048828125,0.548828125,-0.48852718300019043,0,0.010611421330238862,0.52783203125,0.54833984375,0.52783203125,0.54833984375,-0.5172206099197612,0,0.03161876726864548,0.4921875,0.62451171875,0.4921875,0.62451171875,-0.4605687327313545,0,UNKNOWN,UNKNOWN_OR_COVER,MiPOD,WOW,-0.4290224969357477,-0.4406951838827529,0.01167268694700524,0,
COVER__8830.pgm,8830.pgm,COVER,0,${BOSSBASE_ROOT}\cover\8830.pgm,0.014063627043245474,0.491455078125,0.51220703125,0.491455078125,0.51220703125,-0.4773914510817545,0,0.17119971200457876,0.50537109375,0.5322265625,0.50537109375,0.5322265625,-0.33417138174542127,0,0.017780390073110934,0.50048828125,0.548828125,0.50048828125,0.548828125,-0.48270789117688906,0,0.017176709012318405,0.52783203125,0.54833984375,0.52783203125,0.54833984375,-0.5106553222376816,0,0.0032350559690690625,0.4921875,0.62451171875,0.4921875,0.62451171875,-0.4889524440309309,0,UNKNOWN,UNKNOWN_OR_COVER,S-UNIWARD,WOW,-0.2983748280356486,-0.44637146979927894,0.14799664176363037,0,
COVER__785.pgm,785.pgm,COVER,0,${BOSSBASE_ROOT}\cover\785.pgm,0.04840595740372121,0.491455078125,0.51220703125,0.491455078125,0.51220703125,-0.4430491207212788,0,0.35287049598804193,0.50537109375,0.5322265625,0.50537109375,0.5322265625,-0.15250059776195807,0,0.3114268601959007,0.50048828125,0.548828125,0.50048828125,0.548828125,-0.1890614210540993,0,0.6125994089985654,0.52783203125,0.54833984375,0.52783203125,0.54833984375,0.08476737774856535,0,0.7306743976944328,0.4921875,0.62451171875,0.4921875,0.62451171875,0.23848689769443276,0,MiPOD,ATTRIBUTED,MiPOD,HUGO,0.2834508148206486,0.1316554556298537,0.1517953591907949,2,"HUGO,MiPOD"
COVER__2964.pgm,2964.pgm,COVER,0,${BOSSBASE_ROOT}\cover\2964.pgm,0.5087118867863026,0.491455078125,0.51220703125,0.491455078125,0.51220703125,0.017256808661302636,1,0.5080101788764908,0.50537109375,0.5322265625,0.50537109375,0.5322265625,0.0026390851264908033,1,0.5080101788764908,0.50048828125,0.548828125,0.50048828125,0.548828125,0.007521897626490803,1,0.4980087385549037,0.52783203125,0.54833984375,0.52783203125,0.54833984375,-0.029823292695096315,0,0.503450338907556,0.4921875,0.62451171875,0.4921875,0.62451171875,0.011262838907555972,1,WOW|MiPOD,AMBIGUOUS,WOW,MiPOD,0.06725680866130264,0.061262838907555975,0.005993969753746664,4,"WOW,S-UNIWARD,HILL,MiPOD"
COVER__7729.pgm,7729.pgm,COVER,0,${BOSSBASE_ROOT}\cover\7729.pgm,0.01028830113371619,0.491455078125,0.51220703125,0.491455078125,0.51220703125,-0.4811667769912838,0,0.018617802261831698,0.50537109375,0.5322265625,0.50537109375,0.5322265625,-0.4867532914881683,0,0.022542965948529392,0.50048828125,0.548828125,0.50048828125,0.548828125,-0.4779453153014706,0,0.013121271126550956,0.52783203125,0.54833984375,0.52783203125,0.54833984375,-0.5147107601234491,0,0.023286305444260233,0.4921875,0.62451171875,0.4921875,0.62451171875,-0.46890119455573975,0,UNKNOWN,UNKNOWN_OR_COVER,MiPOD,HILL,-0.43761672447466193,-0.4469425101196708,0.009325785645008855,0,
COVER__2788.pgm,2788.pgm,COVER,0,${BOSSBASE_ROOT}\cover\2788.pgm,0.014063627043245474,0.491455078125,0.51220703125,0.491455078125,0.51220703125,-0.4773914510817545,0,0.012147170099805133,0.50537109375,0.5322265625,0.50537109375,0.5322265625,-0.49322392365019485,0,0.17050799982688053,0.50048828125,0.548828125,0.50048828125,0.548828125,-0.32998028142311947,0,0.8122723960432147,0.52783203125,0.54833984375,0.52783203125,0.54833984375,0.28444036479321466,0,0.4553196971997429,0.4921875,0.62451171875,0.4921875,0.62451171875,-0.03686780280025709,0,HUGO,ATTRIBUTED,HUGO,MiPOD,0.32284163176609953,0.011322374152574255,0.3115192576135253,1,HUGO
COVER__4672.pgm,4672.pgm,COVER,0,${BOSSBASE_ROOT}\cover\4672.pgm,0.019271137919768803,0.491455078125,0.51220703125,0.491455078125,0.51220703125,-0.4721839402052312,0,0.5114115921750418,0.50537109375,0.5322265625,0.50537109375,0.5322265625,0.00604049842504184,1,0.6386099320772389,0.50048828125,0.548828125,0.50048828125,0.548828125,0.13812165082723893,0,0.44869801992292,0.52783203125,0.54833984375,0.52783203125,0.54833984375,-0.07913401132707998,0,0.6907677265068792,0.4921875,0.62451171875,0.4921875,0.62451171875,0.19858022650687923,0,MiPOD,ATTRIBUTED,MiPOD,HILL,0.2453747884170434,0.18382818184446967,0.06154660657257374,3,"S-UNIWARD,HILL,MiPOD"
COVER__9217.pgm,9217.pgm,COVER,0,${BOSSBASE_ROOT}\cover\9217.pgm,0.010611421330238862,0.491455078125,0.51220703125,0.491455078125,0.51220703125,-0.48084365679476115,0,0.009376237450848677,0.50537109375,0.5322265625,0.50537109375,0.5322265625,-0.4959948562991513,0,0.009821792919693043,0.50048828125,0.548828125,0.50048828125,0.548828125,-0.49066648833030696,0,0.007204769088868756,0.52783203125,0.54833984375,0.52783203125,0.54833984375,-0.5206272621611312,0,0.009412589587609823,0.4921875,0.62451171875,0.4921875,0.62451171875,-0.4827749104123902,0,UNKNOWN,UNKNOWN_OR_COVER,WOW,MiPOD,-0.449930578237617,-0.4519214752382541,0.001990897000637093,0,
COVER__1738.pgm,1738.pgm,COVER,0,${BOSSBASE_ROOT}\cover\1738.pgm,0.009055264186722086,0.491455078125,0.51220703125,0.491455078125,0.51220703125,-0.4823998139382779,0,0.005576544822592462,0.50537109375,0.5322265625,0.50537109375,0.5322265625,-0.49979454892740754,0,0.006121281290728532,0.50048828125,0.548828125,0.50048828125,0.548828125,-0.49436699995927147,0,0.010013570623173138,0.52783203125,0.54833984375,0.52783203125,0.54833984375,-0.5178184606268269,0,0.011961098249809548,0.4921875,0.62451171875,0.4921875,0.62451171875,-0.48022640175019043,0,UNKNOWN,UNKNOWN_OR_COVER,MiPOD,WOW,-0.44929423604915175,-0.45153480357862386,0.002240567529472104,0,
COVER__7849.pgm,7849.pgm,COVER,0,${BOSSBASE_ROOT}\cover\7849.pgm,0.009559399347091532,0.491455078125,0.51220703125,0.491455078125,0.51220703125,-0.48189567877790845,0,0.018404890389241722,0.50537109375,0.5322265625,0.50537109375,0.5322265625,-0.4869662033607583,0,0.008380453351026062,0.50048828125,0.548828125,0.50048828125,0.548828125,-0.49210782789897395,0,0.01672114370544215,0.52783203125,0.54833984375,0.52783203125,0.54833984375,-0.5111108875445578,0,0.01411789342520494,0.4921875,0.62451171875,0.4921875,0.62451171875,-0.4780696065747951,0,UNKNOWN,UNKNOWN_OR_COVER,MiPOD,WOW,-0.4470706545316672,-0.45101510435844167,0.003944449826774443,0,
COVER__8636.pgm,8636.pgm,COVER,0,${BOSSBASE_ROOT}\cover\8636.pgm,0.008950711436881996,0.491455078125,0.51220703125,0.491455078125,0.51220703125,-0.482504366688118,0,0.034229322578385644,0.50537109375,0.5322265625,0.50537109375,0.5322265625,-0.4711417711716144,0,0.008950711436881996,0.50048828125,0.548828125,0.50048828125,0.548828125,-0.491537569813118,0,0.014503579691381979,0.52783203125,0.54833984375,0.52783203125,0.54833984375,-0.5133284515586181,0,0.02822098712953305,0.4921875,0.62451171875,0.4921875,0.62451171875,-0.463966512870467,0,UNKNOWN,UNKNOWN_OR_COVER,MiPOD,S-UNIWARD,-0.432527282355155,-0.43992731787436457,0.007400035519209591,0,
COVER__3591.pgm,3591.pgm,COVER,0,${BOSSBASE_ROOT}\cover\3591.pgm,0.04518375667269088,0.491455078125,0.51220703125,0.491455078125,0.51220703125,-0.44627132145230913,0,0.6131207379015873,0.50537109375,0.5322265625,0.50537109375,0.5322265625,0.10774964415158728,0,0.43422136458057753,0.50048828125,0.548828125,0.50048828125,0.548828125,-0.06626691666942247,0,0.7939060198898384,0.52783203125,0.54833984375,0.52783203125,0.54833984375,0.26607398863983844,0,0.5634380138870771,0.4921875,0.62451171875,0.4921875,0.62451171875,0.07125051388707715,1,HUGO,ATTRIBUTED,HUGO,S-UNIWARD,0.305187064391548,0.1538642085208672,0.1513228558706808,3,"S-UNIWARD,HUGO,MiPOD"
COVER__4224.pgm,4224.pgm,COVER,0,${BOSSBASE_ROOT}\cover\4224.pgm,0.5038127160148096,0.491455078125,0.51220703125,0.491455078125,0.51220703125,0.012357637889809592,1,0.505748495478962,0.50537109375,0.5322265625,0.50537109375,0.5322265625,0.0003774017289619458,1,0.5083534096863863,0.50048828125,0.548828125,0.50048828125,0.548828125,0.007865128436386315,1,0.5012836428097275,0.52783203125,0.54833984375,0.52783203125,0.54833984375,-0.02654838844027252,0,0.5075525261059537,0.4921875,0.62451171875,0.4921875,0.62451171875,0.015365026105953694,1,MiPOD|WOW,AMBIGUOUS,MiPOD,WOW,0.0653650261059537,0.062357637889809595,0.0030073882161441023,4,"WOW,S-UNIWARD,HILL,MiPOD"
COVER__7267.pgm,7267.pgm,COVER,0,${BOSSBASE_ROOT}\cover\7267.pgm,0.011115013721477563,0.491455078125,0.51220703125,0.491455078125,0.51220703125,-0.48034006440352245,0,0.01128807389923099,0.50537109375,0.5322265625,0.50537109375,0.5322265625,-0.494083019850769,0,0.010735162609090678,0.50048828125,0.548828125,0.50048828125,0.548828125,-0.4897531186409093,0,0.008283626886030505,0.52783203125,0.54833984375,0.52783203125,0.54833984375,-0.5195484043639695,0,0.009633652359446519,0.4921875,0.62451171875,0.4921875,0.62451171875,-0.4825538476405535,0,UNKNOWN,UNKNOWN_OR_COVER,WOW,MiPOD,-0.4494114143347088,-0.45169359116657715,0.002282176831868321,0,
COVER__257.pgm,257.pgm,COVER,0,${BOSSBASE_ROOT}\cover\257.pgm,0.011642224164666006,0.491455078125,0.51220703125,0.491455078125,0.51220703125,-0.479812853960334,0,0.027324530864967823,0.50537109375,0.5322265625,0.50537109375,0.5322265625,-0.47804656288503217,0,0.1922358878499819,0.50048828125,0.548828125,0.50048828125,0.548828125,-0.3082523934000181,0,0.014503579691381979,0.52783203125,0.54833984375,0.52783203125,0.54833984375,-0.5133284515586181,0,0.0505176697224809,0.4921875,0.62451171875,0.4921875,0.62451171875,-0.4416698302775191,0,UNKNOWN,UNKNOWN_OR_COVER,HILL,MiPOD,-0.27151590071805776,-0.40952173592942526,0.1380058352113675,0,
COVER__1079.pgm,1079.pgm,COVER,0,${BOSSBASE_ROOT}\cover\1079.pgm,0.009449081319055452,0.491455078125,0.51220703125,0.491455078125,0.51220703125,-0.4820059968059445,0,0.013584392513059033,0.50537109375,0.5322265625,0.50537109375,0.5322265625,-0.49178670123694096,0,0.17328820592932656,0.50048828125,0.548828125,0.50048828125,0.548828125,-0.3272000753206734,0,0.6419836947437564,0.52783203125,0.54833984375,0.52783203125,0.54833984375,0.11415166349375638,0,0.6126573471939042,0.4921875,0.62451171875,0.4921875,0.62451171875,0.12046984719390419,1,MiPOD|HUGO,AMBIGUOUS,MiPOD,HUGO,0.17046984719390418,0.15968201430775084,0.010787832886153342,2,"HUGO,MiPOD"
COVER__3173.pgm,3173.pgm,COVER,0,${BOSSBASE_ROOT}\cover\3173.pgm,0.04733771546763761,0.491455078125,0.51220703125,0.491455078125,0.51220703125,-0.4441173626573624,0,0.12210386546882639,0.50537109375,0.5322265625,0.50537109375,0.5322265625,-0.3832672282811736,0,0.4531408470950413,0.50048828125,0.548828125,0.50048828125,0.548828125,-0.04734743415495868,0,0.6569884557233275,0.52783203125,0.54833984375,0.52783203125,0.54833984375,0.12915642447332754,0,0.585752942283663,0.4921875,0.62451171875,0.4921875,0.62451171875,0.09356544228366304,1,HUGO,ATTRIBUTED,HUGO,MiPOD,0.17400870313321876,0.14356544228366303,0.03044326084955573,2,"HUGO,MiPOD"
COVER__4596.pgm,4596.pgm,COVER,0,${BOSSBASE_ROOT}\cover\4596.pgm,0.3370944124849272,0.491455078125,0.51220703125,0.491455078125,0.51220703125,-0.15436066564007278,0,0.7767923062684916,0.50537109375,0.5322265625,0.50537109375,0.5322265625,0.2714212125184916,0,0.8378854381136884,0.50048828125,0.548828125,0.50048828125,0.548828125,0.33739715686368843,0,0.979784031808104,0.52783203125,0.54833984375,0.52783203125,0.54833984375,0.45195200055810403,0,0.8315538139498254,0.4921875,0.62451171875,0.4921875,0.62451171875,0.3393663139498254,0,HUGO,ATTRIBUTED,HUGO,MiPOD,0.48443051632346434,0.38001558527398893,0.10441493104947541,4,"S-UNIWARD,HILL,HUGO,MiPOD"
COVER__6891.pgm,6891.pgm,COVER,0,${BOSSBASE_ROOT}\cover\6891.pgm,0.008156248626973424,0.491455078125,0.51220703125,0.491455078125,0.51220703125,-0.48329882949802655,0,0.015845361188137366,0.50537109375,0.5322265625,0.50537109375,0.5322265625,-0.48952573256186266,0,0.007907291504628555,0.50048828125,0.548828125,0.50048828125,0.548828125,-0.49258098974537146,0,0.008610767667510729,0.52783203125,0.54833984375,0.52783203125,0.54833984375,-0.5192212635824893,0,0.015603534790203506,0.4921875,0.62451171875,0.4921875,0.62451171875,-0.4765839652097965,0,UNKNOWN,UNKNOWN_OR_COVER,MiPOD,WOW,-0.4455389256149319,-0.4524615547936767,0.00692262917874481,0,
COVER__8288.pgm,8288.pgm,COVER,0,${BOSSBASE_ROOT}\cover\8288.pgm,0.012870749215746782,0.491455078125,0.51220703125,0.491455078125,0.51220703125,-0.47858432890925323,0,0.011732463956348185,0.50537109375,0.5322265625,0.50537109375,0.5322265625,-0.4936386297936518,0,0.01052971212461742,0.50048828125,0.548828125,0.50048828125,0.548828125,-0.4899585691253826,0,0.010693757736175492,0.52783203125,0.54833984375,0.52783203125,0.54833984375,-0.5171382735138245,0,0.01024860192315863,0.4921875,0.62451171875,0.4921875,0.62451171875,-0.48193889807684137,0,UNKNOWN,UNKNOWN_OR_COVER,WOW,MiPOD,-0.44760132861337426,-0.451059658265311,0.0034583296519367646,0,
COVER__6660.pgm,6660.pgm,COVER,0,${BOSSBASE_ROOT}\cover\6660.pgm,0.010735162609090678,0.491455078125,0.51220703125,0.491455078125,0.51220703125,-0.4807199155159093,0,0.01238378463726033,0.50537109375,0.5322265625,0.50537109375,0.5322265625,-0.4929873091127397,0,0.012288597529701977,0.50048828125,0.548828125,0.50048828125,0.548828125,-0.48819968372029804,0,0.008187909901696235,0.52783203125,0.54833984375,0.52783203125,0.54833984375,-0.5196441213483037,0,0.010091315485195006,0.4921875,0.62451171875,0.4921875,0.62451171875,-0.482096184514805,0,UNKNOWN,UNKNOWN_OR_COVER,WOW,MiPOD,-0.44980301149821245,-0.45122180120697053,0.0014187897087580836,0,
COVER__3865.pgm,3865.pgm,COVER,0,${BOSSBASE_ROOT}\cover\3865.pgm,0.011961098249809548,0.491455078125,0.51220703125,0.491455078125,0.51220703125,-0.47949397987519043,0,0.01124456072066409,0.50537109375,0.5322265625,0.50537109375,0.5322265625,-0.4941265330293359,0,0.009412589587609823,0.50048828125,0.548828125,0.50048828125,0.548828125,-0.4910756916623902,0,0.010448625445116808,0.52783203125,0.54833984375,0.52783203125,0.54833984375,-0.5173834058048832,0,0.009161026922093826,0.4921875,0.62451171875,0.4921875,0.62451171875,-0.4830264730779062,0,UNKNOWN,UNKNOWN_OR_COVER,WOW,MiPOD,-0.4485391504806719,-0.45218079849998377,0.0036416480193118828,0,
COVER__9487.pgm,9487.pgm,COVER,0,${BOSSBASE_ROOT}\cover\9487.pgm,0.2603894608730207,0.491455078125,0.51220703125,0.491455078125,0.51220703125,-0.23106561725197933,0,0.5974317468701589,0.50537109375,0.5322265625,0.50537109375,0.5322265625,0.09206065312015888,0,0.3538746476163824,0.50048828125,0.548828125,0.50048828125,0.548828125,-0.14661363363361762,0,0.8866168991447488,0.52783203125,0.54833984375,0.52783203125,0.54833984375,0.35878486789474884,0,0.6794977974847524,0.4921875,0.62451171875,0.4921875,0.62451171875,0.18731029748475236,0,HUGO,ATTRIBUTED,HUGO,MiPOD,0.3944347539280517,0.23463521370055224,0.15979954022749948,3,"S-UNIWARD,HUGO,MiPOD"
COVER__7109.pgm,7109.pgm,COVER,0,${BOSSBASE_ROOT}\cover\7109.pgm,0.01238378463726033,0.491455078125,0.51220703125,0.491455078125,0.51220703125,-0.4790712934877397,0,0.010368156650788152,0.50537109375,0.5322265625,0.50537109375,0.5322265625,-0.49500293709921184,0,0.008644177936723585,0.50048828125,0.548828125,0.50048828125,0.548828125,-0.49184410331327644,0,0.012336100420869755,0.52783203125,0.54833984375,0.52783203125,0.54833984375,-0.5154959308291303,0,0.008315778477474129,0.4921875,0.62451171875,0.4921875,0.62451171875,-0.4838717215225259,0,UNKNOWN,UNKNOWN_OR_COVER,WOW,MiPOD,-0.44810337714256715,-0.4530521081873996,0.004948731044832455,0,
COVER__7713.pgm,7713.pgm,COVER,0,${BOSSBASE_ROOT}\cover\7713.pgm,0.008061991528271641,0.491455078125,0.51220703125,0.491455078125,0.51220703125,-0.48339308659672836,0,0.010328152519305191,0.50537109375,0.5322265625,0.50537109375,0.5322265625,-0.4950429412306948,0,0.007577241267860811,0.50048828125,0.548828125,0.50048828125,0.548828125,-0.4929110399821392,0,0.009821792919693043,0.52783203125,0.54833984375,0.52783203125,0.54833984375,-0.5180102383303069,0,0.008881675100847034,0.4921875,0.62451171875,0.4921875,0.62451171875,-0.48330582489915297,0,UNKNOWN,UNKNOWN_OR_COVER,MiPOD,WOW,-0.4524687659131548,-0.452558718387443,8.995247428816855e-05,0,
COVER__2071.pgm,2071.pgm,COVER,0,${BOSSBASE_ROOT}\cover\2071.pgm,0.011732463956348185,0.491455078125,0.51220703125,0.491455078125,0.51220703125,-0.4797226141686518,0,0.001259498639359374,0.50537109375,0.5322265625,0.50537109375,0.5322265625,-0.5041115951106406,0,0.03547750316512137,0.50048828125,0.548828125,0.50048828125,0.548828125,-0.4650107780848786,0,0.018334452089518293,0.52783203125,0.54833984375,0.52783203125,0.54833984375,-0.5094975791604817,0,2.6480843287604657e-05,0.4921875,0.62451171875,0.4921875,0.62451171875,-0.4921610191567124,0,UNKNOWN,UNKNOWN_OR_COVER,HILL,WOW,-0.4336043613282463,-0.44877486130068195,0.015170499972435636,0,
COVER__8003.pgm,8003.pgm,COVER,0,${BOSSBASE_ROOT}\cover\8003.pgm,0.009633652359446519,0.491455078125,0.51220703125,0.491455078125,0.51220703125,-0.4818214257655535,0,0.008779108866911802,0.50537109375,0.5322265625,0.50537109375,0.5322265625,-0.4965919848830882,0,0.009196552423046733,0.50048828125,0.548828125,0.50048828125,0.548828125,-0.49129172882695327,0,0.009559399347091532,0.52783203125,0.54833984375,0.52783203125,0.54833984375,-0.5182726319029085,0,0.009161026922093826,0.4921875,0.62451171875,0.4921875,0.62451171875,-0.4830264730779062,0,UNKNOWN,UNKNOWN_OR_COVER,WOW,MiPOD,-0.4509385582852805,-0.45218079849998377,0.0012422402147032607,0,
COVER__4608.pgm,4608.pgm,COVER,0,${BOSSBASE_ROOT}\cover\4608.pgm,0.014785407692390527,0.491455078125,0.51220703125,0.491455078125,0.51220703125,-0.4766696704326095,0,0.00511967623806183,0.50537109375,0.5322265625,0.50537109375,0.5322265625,-0.5002514175119381,0,0.021328081660092035,0.50048828125,0.548828125,0.50048828125,0.548828125,-0.47916019958990796,0,0.8086723228520697,0.52783203125,0.54833984375,0.52783203125,0.54833984375,0.2808402916020697,0,0.07159119944455247,0.4921875,0.62451171875,0.4921875,0.62451171875,-0.4205963005554475,0,HUGO,ATTRIBUTED,HUGO,MiPOD,0.31938005509591344,-0.38776354359431103,0.7071435986902245,1,HUGO
COVER__168.pgm,168.pgm,COVER,0,${BOSSBASE_ROOT}\cover\168.pgm,0.4874141582215154,0.491455078125,0.51220703125,0.491455078125,0.51220703125,-0.004040919903484597,0,0.490289002079355,0.50537109375,0.5322265625,0.50537109375,0.5322265625,-0.015082091670645004,0,0.5206791152887235,0.50048828125,0.548828125,0.50048828125,0.548828125,0.02019083403872346,1,0.5289896672007997,0.52783203125,0.54833984375,0.52783203125,0.54833984375,0.0011576359507996514,1,0.5314221584363554,0.4921875,0.62451171875,0.4921875,0.62451171875,0.03923465843635543,1,MiPOD|HILL,AMBIGUOUS,MiPOD,HILL,0.08923465843635543,0.07019083403872346,0.01904382439763197,3,"HILL,HUGO,MiPOD"
COVER__1358.pgm,1358.pgm,COVER,0,${BOSSBASE_ROOT}\cover\1358.pgm,0.013532148655407106,0.491455078125,0.51220703125,0.491455078125,0.51220703125,-0.4779229294695929,0,0.01495708659314999,0.50537109375,0.5322265625,0.50537109375,0.5322265625,-0.49041400715685,0,0.011777842688519623,0.50048828125,0.548828125,0.50048828125,0.548828125,-0.4887104385614804,0,0.03397199715737667,0.52783203125,0.54833984375,0.52783203125,0.54833984375,-0.49386003409262336,0,0.012336100420869755,0.4921875,0.62451171875,0.4921875,0.62451171875,-0.47985139957913026,0,UNKNOWN,UNKNOWN_OR_COVER,WOW,MiPOD,-0.4469194302564403,-0.44890763207358314,0.0019882018171428206,0,
COVER__3170.pgm,3170.pgm,COVER,0,${BOSSBASE_ROOT}\cover\3170.pgm,0.4916923539736719,0.491455078125,0.51220703125,0.491455078125,0.51220703125,0.00023727584867189178,1,0.514705230567749,0.50537109375,0.5322265625,0.50537109375,0.5322265625,0.009334136817748973,1,0.4931377905223577,0.50048828125,0.548828125,0.50048828125,0.548828125,-0.007350490727642323,0,0.5120521084003746,0.52783203125,0.54833984375,0.52783203125,0.54833984375,-0.015779922849625372,0,0.510473626389546,0.4921875,0.62451171875,0.4921875,0.62451171875,0.018286126389545965,1,MiPOD|S-UNIWARD,AMBIGUOUS,MiPOD,S-UNIWARD,0.06828612638954597,0.059334136817748975,0.008951989571796992,3,"WOW,S-UNIWARD,MiPOD"
COVER__3934.pgm,3934.pgm,COVER,0,${BOSSBASE_ROOT}\cover\3934.pgm,0.6600628294854518,0.491455078125,0.51220703125,0.491455078125,0.51220703125,0.1686077513604518,0,0.5165344962410372,0.50537109375,0.5322265625,0.50537109375,0.5322265625,0.0111634024910372,1,0.5595006555364362,0.50048828125,0.548828125,0.50048828125,0.548828125,0.05901237428643624,0,0.528487790728739,0.52783203125,0.54833984375,0.52783203125,0.54833984375,0.0006557594787389709,1,0.5505167490273115,0.4921875,0.62451171875,0.4921875,0.62451171875,0.058329249027311514,1,WOW,ATTRIBUTED,WOW,HILL,0.21173552576034246,0.10848158522901816,0.1032539405313243,5,"WOW,S-UNIWARD,HILL,HUGO,MiPOD"
COVER__431.pgm,431.pgm,COVER,0,${BOSSBASE_ROOT}\cover\431.pgm,0.29798040367830164,0.491455078125,0.51220703125,0.491455078125,0.51220703125,-0.19347467444669836,0,0.4829015672565033,0.50537109375,0.5322265625,0.50537109375,0.5322265625,-0.022469526493496705,0,0.48252055364503216,0.50048828125,0.548828125,0.50048828125,0.548828125,-0.017967727604967842,0,0.5107481608895211,0.52783203125,0.54833984375,0.52783203125,0.54833984375,-0.01708387036047887,0,0.44251603703751474,0.4921875,0.62451171875,0.4921875,0.62451171875,-0.04967146296248526,0,HUGO|HILL,AMBIGUOUS,HUGO,HILL,0.03206919121339179,0.031141908872961747,0.0009272823404300398,0,
COVER__5575.pgm,5575.pgm,COVER,0,${BOSSBASE_ROOT}\cover\5575.pgm,0.4942362477542523,0.491455078125,0.51220703125,0.491455078125,0.51220703125,0.002781169629252289,1,0.518287127450589,0.50537109375,0.5322265625,0.50537109375,0.5322265625,0.012916033700589025,1,0.508307646026328,0.50048828125,0.548828125,0.50048828125,0.548828125,0.007819364776328053,1,0.5193994365554163,0.52783203125,0.54833984375,0.52783203125,0.54833984375,-0.008432594694583684,0,0.5261753892972688,0.4921875,0.62451171875,0.4921875,0.62451171875,0.033987889297268814,1,MiPOD|S-UNIWARD,AMBIGUOUS,MiPOD,S-UNIWARD,0.08398788929726882,0.06291603370058903,0.02107185559667979,4,"WOW,S-UNIWARD,HILL,MiPOD"
COVER__4461.pgm,4461.pgm,COVER,0,${BOSSBASE_ROOT}\cover\4461.pgm,0.3673837557753349,0.491455078125,0.51220703125,0.491455078125,0.51220703125,-0.12407132234966511,0,0.5838560058321918,0.50537109375,0.5322265625,0.50537109375,0.5322265625,0.07848491208219177,0,0.4181028141779312,0.50048828125,0.548828125,0.50048828125,0.548828125,-0.08238546707206879,0,0.5376179886672777,0.52783203125,0.54833984375,0.52783203125,0.54833984375,0.009785957417277724,1,0.3874585323823134,0.4921875,0.62451171875,0.4921875,0.62451171875,-0.10472896761768657,0,S-UNIWARD,ATTRIBUTED,S-UNIWARD,HUGO,0.12596894769067832,0.05978595741727773,0.06618299027340059,2,"S-UNIWARD,HUGO"
COVER__2375.pgm,2375.pgm,COVER,0,${BOSSBASE_ROOT}\cover\2375.pgm,0.023153411092838465,0.491455078125,0.51220703125,0.491455078125,0.51220703125,-0.46830166703216153,0,0.16518870923628381,0.50537109375,0.5322265625,0.50537109375,0.5322265625,-0.3401823845137162,0,0.034423549412649974,0.50048828125,0.548828125,0.50048828125,0.548828125,-0.46606473183735003,0,0.009898063716023652,0.52783203125,0.54833984375,0.52783203125,0.54833984375,-0.5179339675339764,0,0.06064055117326406,0.4921875,0.62451171875,0.4921875,0.62451171875,-0.43154694882673594,0,UNKNOWN,UNKNOWN_OR_COVER,S-UNIWARD,MiPOD,-0.3046003585779212,-0.39907177040714265,0.09447141182922142,0,
COVER__5940.pgm,5940.pgm,COVER,0,${BOSSBASE_ROOT}\cover\5940.pgm,0.009746104052554064,0.491455078125,0.51220703125,0.491455078125,0.51220703125,-0.48170897407244595,0,0.011419614645648401,0.50537109375,0.5322265625,0.50537109375,0.5322265625,-0.4939514791043516,0,0.006744989542092038,0.50048828125,0.548828125,0.50048828125,0.548828125,-0.493743291707908,0,0.00714910196654636,0.52783203125,0.54833984375,0.52783203125,0.54833984375,-0.5206829292834536,0,0.011732463956348185,0.4921875,0.62451171875,0.4921875,0.62451171875,-0.4804550360436518,0,UNKNOWN,UNKNOWN_OR_COVER,MiPOD,WOW,-0.4495299416880566,-0.45082263356616664,0.0012926918781100416,0,
COVER__86.pgm,86.pgm,COVER,0,${BOSSBASE_ROOT}\cover\86.pgm,0.01020905431880827,0.491455078125,0.51220703125,0.491455078125,0.51220703125,-0.48124602380619175,0,0.012147170099805133,0.50537109375,0.5322265625,0.50537109375,0.5322265625,-0.49322392365019485,0,0.01590639171181471,0.50048828125,0.548828125,0.50048828125,0.548828125,-0.48458188953818526,0,0.010169657753872614,0.52783203125,0.54833984375,0.52783203125,0.54833984375,-0.5176623734961274,0,0.018582149895652808,0.4921875,0.62451171875,0.4921875,0.62451171875,-0.4736053501043472,0,UNKNOWN,UNKNOWN_OR_COVER,MiPOD,WOW,-0.4424677014306656,-0.4503453811500148,0.007877679719349218,0,
COVER__5182.pgm,5182.pgm,COVER,0,${BOSSBASE_ROOT}\cover\5182.pgm,0.009412589587609823,0.491455078125,0.51220703125,0.491455078125,0.51220703125,-0.4820424885373902,0,0.012970386437368456,0.50537109375,0.5322265625,0.50537109375,0.5322265625,-0.4924007073126315,0,0.05155818952427454,0.50048828125,0.548828125,0.50048828125,0.548828125,-0.44893009172572546,0,0.009633652359446519,0.52783203125,0.54833984375,0.52783203125,0.54833984375,-0.5181983788905535,0,0.024609928625961945,0.4921875,0.62451171875,0.4921875,0.62451171875,-0.46757757137403805,0,UNKNOWN,UNKNOWN_OR_COVER,HILL,MiPOD,-0.417014555708978,-0.4362516650261817,0.019237109317203682,0,
COVER__2248.pgm,2248.pgm,COVER,0,${BOSSBASE_ROOT}\cover\2248.pgm,0.008511303026562552,0.491455078125,0.51220703125,0.491455078125,0.51220703125,-0.48294377509843744,0,0.007431773334291191,0.50537109375,0.5322265625,0.50537109375,0.5322265625,-0.4979393204157088,0,0.013532148655407106,0.50048828125,0.548828125,0.50048828125,0.548828125,-0.4869561325945929,0,0.007725534397423479,0.52783203125,0.54833984375,0.52783203125,0.54833984375,-0.5201064968525765,0,0.006957608807376377,0.4921875,0.62451171875,0.4921875,0.62451171875,-0.4852298911926236,0,UNKNOWN,UNKNOWN_OR_COVER,WOW,MiPOD,-0.4520955495400731,-0.4544521077091253,0.0023565581690522253,0,
COVER__350.pgm,350.pgm,COVER,0,${BOSSBASE_ROOT}\cover\350.pgm,0.4953957905449598,0.491455078125,0.51220703125,0.491455078125,0.51220703125,0.003940712419959802,1,0.47011318521645423,0.50537109375,0.5322265625,0.50537109375,0.5322265625,-0.03525790853354577,0,0.5484014244694376,0.50048828125,0.548828125,0.50048828125,0.548828125,0.047913143219437626,1,0.6480209940680554,0.52783203125,0.54833984375,0.52783203125,0.54833984375,0.12018896281805536,0,0.5156351596060751,0.4921875,0.62451171875,0.4921875,0.62451171875,0.02344765960607509,1,HUGO,ATTRIBUTED,HUGO,HILL,0.16544526137600551,0.09791314321943763,0.06753211815656789,4,"WOW,HILL,HUGO,MiPOD"
COVER__7976.pgm,7976.pgm,COVER,0,${BOSSBASE_ROOT}\cover\7976.pgm,0.010368156650788152,0.491455078125,0.51220703125,0.491455078125,0.51220703125,-0.48108692147421184,0,0.01191502196714824,0.50537109375,0.5322265625,0.50537109375,0.5322265625,-0.4934560717828518,0,0.012771867493286331,0.50048828125,0.548828125,0.50048828125,0.548828125,-0.48771641375671365,0,0.006771209930611185,0.52783203125,0.54833984375,0.52783203125,0.54833984375,-0.5210608213193888,0,0.011331753531361453,0.4921875,0.62451171875,0.4921875,0.62451171875,-0.48085574646863855,0,UNKNOWN,UNKNOWN_OR_COVER,MiPOD,WOW,-0.4499430416382736,-0.4501813620626054,0.000238320424331806,0,
COVER__8536.pgm,8536.pgm,COVER,0,${BOSSBASE_ROOT}\cover\8536.pgm,0.009376237450848677,0.491455078125,0.51220703125,0.491455078125,0.51220703125,-0.4820788406741513,0,0.009783876017655003,0.50537109375,0.5322265625,0.50537109375,0.5322265625,-0.495587217732345,0,0.009268013380914325,0.50048828125,0.548828125,0.50048828125,0.548828125,-0.4912202678690857,0,0.012970386437368456,0.52783203125,0.54833984375,0.52783203125,0.54833984375,-0.5148616448126315,0,0.027169231535681047,0.4921875,0.62451171875,0.4921875,0.62451171875,-0.46501826846431893,0,UNKNOWN,UNKNOWN_OR_COVER,MiPOD,WOW,-0.43361208695278397,-0.45120392188128877,0.0175918349285048,0,
COVER__4149.pgm,4149.pgm,COVER,0,${BOSSBASE_ROOT}\cover\4149.pgm,0.5094898270523609,0.491455078125,0.51220703125,0.491455078125,0.51220703125,0.0180347489273609,1,0.4773561978845799,0.50537109375,0.5322265625,0.50537109375,0.5322265625,-0.02801489586542011,0,0.5279858566590797,0.50048828125,0.548828125,0.50048828125,0.548828125,0.02749757540907971,1,0.5436205161097964,0.52783203125,0.54833984375,0.52783203125,0.54833984375,0.015788484859796448,1,0.5095127069711123,0.4921875,0.62451171875,0.4921875,0.62451171875,0.017325206971112284,1,HILL|WOW,AMBIGUOUS,HILL,WOW,0.07749757540907971,0.0680347489273609,0.009462826481718811,4,"WOW,HILL,HUGO,MiPOD"
COVER__7518.pgm,7518.pgm,COVER,0,${BOSSBASE_ROOT}\cover\7518.pgm,0.48709393189257477,0.491455078125,0.51220703125,0.491455078125,0.51220703125,-0.004361146232425228,0,0.5229940232823563,0.50537109375,0.5322265625,0.50537109375,0.5322265625,0.017622929532356335,1,0.5086508700301117,0.50048828125,0.548828125,0.50048828125,0.548828125,0.008162588780111668,1,0.5330632533711284,0.52783203125,0.54833984375,0.52783203125,0.54833984375,0.005231222121128365,1,0.5315437447754701,0.4921875,0.62451171875,0.4921875,0.62451171875,0.03935624477547006,1,MiPOD|S-UNIWARD,AMBIGUOUS,MiPOD,S-UNIWARD,0.08935624477547006,0.06762292953235634,0.021733315243113727,4,"S-UNIWARD,HILL,HUGO,MiPOD"
COVER__7512.pgm,7512.pgm,COVER,0,${BOSSBASE_ROOT}\cover\7512.pgm,0.4850889564647389,0.491455078125,0.51220703125,0.491455078125,0.51220703125,-0.006366121660261126,0,0.5170527097653428,0.50537109375,0.5322265625,0.50537109375,0.5322265625,0.011681616015342788,1,0.47749324702992857,0.50048828125,0.548828125,0.50048828125,0.548828125,-0.02299503422007143,0,0.42877148221053735,0.52783203125,0.54833984375,0.52783203125,0.54833984375,-0.09906054903946265,0,0.4925657029479423,0.4921875,0.62451171875,0.4921875,0.62451171875,0.0003782029479422744,1,S-UNIWARD|MiPOD,AMBIGUOUS,S-UNIWARD,MiPOD,0.06168161601534279,0.05037820294794228,0.011303413067400514,2,"S-UNIWARD,MiPOD"
COVER__7855.pgm,7855.pgm,COVER,0,${BOSSBASE_ROOT}\cover\7855.pgm,0.01028830113371619,0.491455078125,0.51220703125,0.491455078125,0.51220703125,-0.4811667769912838,0,0.01191502196714824,0.50537109375,0.5322265625,0.50537109375,0.5322265625,-0.4934560717828518,0,0.014281933925111153,0.50048828125,0.548828125,0.50048828125,0.548828125,-0.4862063473248888,0,0.008985428752560176,0.52783203125,0.54833984375,0.52783203125,0.54833984375,-0.5188466024974399,0,0.009746104052554064,0.4921875,0.62451171875,0.4921875,0.62451171875,-0.48244139594744595,0,UNKNOWN,UNKNOWN_OR_COVER,WOW,MiPOD,-0.4502636854605663,-0.4515776689902522,0.0013139835296859248,0,
COVER__575.pgm,575.pgm,COVER,0,${BOSSBASE_ROOT}\cover\575.pgm,0.03803509253268273,0.491455078125,0.51220703125,0.491455078125,0.51220703125,-0.4534199855923173,0,0.17953055559881986,0.50537109375,0.5322265625,0.50537109375,0.5322265625,-0.32584053815118014,0,0.567637044213012,0.50048828125,0.548828125,0.50048828125,0.548828125,0.06714876296301198,0,0.542530037708361,0.52783203125,0.54833984375,0.52783203125,0.54833984375,0.014698006458360946,1,0.5095584666889605,0.4921875,0.62451171875,0.4921875,0.62451171875,0.017370966688960543,1,HILL,ATTRIBUTED,HILL,MiPOD,0.11621710619706227,0.06737096668896055,0.048846139508101724,3,"HILL,HUGO,MiPOD"
COVER__9550.pgm,9550.pgm,COVER,0,${BOSSBASE_ROOT}\cover\9550.pgm,0.5202982861246364,0.491455078125,0.51220703125,0.491455078125,0.51220703125,0.028843207999636356,0,0.4813166863085552,0.50537109375,0.5322265625,0.50537109375,0.5322265625,-0.024054407441444825,0,0.5302669041547472,0.50048828125,0.548828125,0.50048828125,0.548828125,0.0297786229047472,1,0.5323035739718591,0.52783203125,0.54833984375,0.52783203125,0.54833984375,0.004471542721859123,1,0.5159400311198156,0.4921875,0.62451171875,0.4921875,0.62451171875,0.023752531119815568,1,HILL|WOW,AMBIGUOUS,HILL,WOW,0.0797786229047472,0.07844027756060938,0.0013383453441378201,4,"WOW,HILL,HUGO,MiPOD"
COVER__7337.pgm,7337.pgm,COVER,0,${BOSSBASE_ROOT}\cover\7337.pgm,0.009821792919693043,0.491455078125,0.51220703125,0.491455078125,0.51220703125,-0.48163328520530696,0,0.007846239292520898,0.50537109375,0.5322265625,0.50537109375,0.5322265625,-0.4975248544574791,0,0.006903838071221877,0.50048828125,0.548828125,0.50048828125,0.548828125,-0.49358444317877814,0,0.00912563738918052,0.52783203125,0.54833984375,0.52783203125,0.54833984375,-0.5187063938608195,0,0.008445626941126032,0.4921875,0.62451171875,0.4921875,0.62451171875,-0.48374187305887395,0,UNKNOWN,UNKNOWN_OR_COVER,WOW,MiPOD,-0.45074460685843154,-0.45291825758447557,0.0021736507260440296,0,
COVER__4097.pgm,4097.pgm,COVER,0,${BOSSBASE_ROOT}\cover\4097.pgm,0.22422527486991764,0.491455078125,0.51220703125,0.491455078125,0.51220703125,-0.2672298032550824,0,0.4434497794957318,0.50537109375,0.5322265625,0.50537109375,0.5322265625,-0.06192131425426822,0,0.4416429035887391,0.50048828125,0.548828125,0.50048828125,0.548828125,-0.05884537766126091,0,0.5238923125067537,0.52783203125,0.54833984375,0.52783203125,0.54833984375,-0.003939718743246279,0,2.4439928455892952e-06,0.4921875,0.62451171875,0.4921875,0.62451171875,-0.4921850560071544,0,HUGO,ATTRIBUTED,HUGO,HILL,0.045863682845104926,-0.011702750463649839,0.057566433308754765,0,
COVER__5228.pgm,5228.pgm,COVER,0,${BOSSBASE_ROOT}\cover\5228.pgm,0.010860331013277531,0.491455078125,0.51220703125,0.491455078125,0.51220703125,-0.48059474711172245,0,0.01013041166358438,0.50537109375,0.5322265625,0.50537109375,0.5322265625,-0.49524068208641564,0,0.008610767667510729,0.50048828125,0.548828125,0.50048828125,0.548828125,-0.49187751358248927,0,0.008187909901696235,0.52783203125,0.54833984375,0.52783203125,0.54833984375,-0.5196441213483037,0,0.008745181682035148,0.4921875,0.62451171875,0.4921875,0.62451171875,-0.48344231831796486,0,UNKNOWN,UNKNOWN_OR_COVER,WOW,MiPOD,-0.4496739730322876,-0.45260946810033265,0.0029354950680450242,0,
COVER__5479.pgm,5479.pgm,COVER,0,${BOSSBASE_ROOT}\cover\5479.pgm,0.24580846052125757,0.491455078125,0.51220703125,0.491455078125,0.51220703125,-0.24564661760374243,0,0.5262819068997738,0.50537109375,0.5322265625,0.50537109375,0.5322265625,0.020910813149773833,1,0.5506979786844453,0.50048828125,0.548828125,0.50048828125,0.548828125,0.050209697434445255,0,0.6027048247721297,0.52783203125,0.54833984375,0.52783203125,0.54833984375,0.07487279352212972,0,0.5564598370151292,0.4921875,0.62451171875,0.4921875,0.62451171875,0.06427233701512924,1,HUGO|MiPOD,AMBIGUOUS,HUGO,MiPOD,0.12222711226511726,0.11427233701512925,0.007954775249988014,4,"S-UNIWARD,HILL,HUGO,MiPOD"
COVER__1002.pgm,1002.pgm,COVER,0,${BOSSBASE_ROOT}\cover\1002.pgm,0.013480102975266339,0.491455078125,0.51220703125,0.491455078125,0.51220703125,-0.47797497514973364,0,0.01495708659314999,0.50537109375,0.5322265625,0.50537109375,0.5322265625,-0.49041400715685,0,0.35521552259194106,0.50048828125,0.548828125,0.50048828125,0.548828125,-0.14527275865805894,0,0.5450132955133574,0.52783203125,0.54833984375,0.52783203125,0.54833984375,0.01718126426335742,1,0.3585776339079533,0.4921875,0.62451171875,0.4921875,0.62451171875,-0.13360986609204673,0,HUGO,ATTRIBUTED,HUGO,MiPOD,0.06718126426335742,-0.08986329917154631,0.15704456343490375,1,HUGO
COVER__9078.pgm,9078.pgm,COVER,0,${BOSSBASE_ROOT}\cover\9078.pgm,0.5173422837730697,0.491455078125,0.51220703125,0.491455078125,0.51220703125,0.025887205648069678,0,0.5139581643303511,0.50537109375,0.5322265625,0.50537109375,0.5322265625,0.00858707058035113,1,0.5380427889417139,0.50048828125,0.548828125,0.50048828125,0.548828125,0.03755450769171387,1,0.5144003133203678,0.52783203125,0.54833984375,0.52783203125,0.54833984375,-0.013431717929632159,0,0.5409541851771413,0.4921875,0.62451171875,0.4921875,0.62451171875,0.04876668517714133,1,MiPOD|HILL,AMBIGUOUS,MiPOD,HILL,0.09876668517714134,0.08755450769171387,0.011212177485427466,4,"WOW,S-UNIWARD,HILL,MiPOD"
COVER__6987.pgm,6987.pgm,COVER,0,${BOSSBASE_ROOT}\cover\6987.pgm,0.02241421646363687,0.491455078125,0.51220703125,0.491455078125,0.51220703125,-0.4690408616613631,0,0.12581531755016742,0.50537109375,0.5322265625,0.50537109375,0.5322265625,-0.3795557761998326,0,0.6887825154596469,0.50048828125,0.548828125,0.50048828125,0.548828125,0.18829423420964686,0,0.15752526540436274,0.52783203125,0.54833984375,0.52783203125,0.54833984375,-0.37030676584563726,0,0.419291240428655,0.4921875,0.62451171875,0.4921875,0.62451171875,-0.07289625957134499,0,HILL,ATTRIBUTED,HILL,MiPOD,0.2317641285762754,-0.026411395960506574,0.258175524536782,1,HILL
COVER__5435.pgm,5435.pgm,COVER,0,${BOSSBASE_ROOT}\cover\5435.pgm,0.024469669638716426,0.491455078125,0.51220703125,0.491455078125,0.51220703125,-0.46698540848628356,0,0.008511303026562552,0.50537109375,0.5322265625,0.50537109375,0.5322265625,-0.49685979072343744,0,0.02169809712363195,0.50048828125,0.548828125,0.50048828125,0.548828125,-0.47879018412636803,0,0.08803311528880656,0.52783203125,0.54833984375,0.52783203125,0.54833984375,-0.43979891596119347,0,0.037116908807759585,0.4921875,0.62451171875,0.4921875,0.62451171875,-0.4550705911922404,0,UNKNOWN,UNKNOWN_OR_COVER,HUGO,MiPOD,-0.40759061898372134,-0.4233504320377163,0.01575981305399493,0,
COVER__9390.pgm,9390.pgm,COVER,0,${BOSSBASE_ROOT}\cover\9390.pgm,0.007695647178392188,0.491455078125,0.51220703125,0.491455078125,0.51220703125,-0.48375943094660784,0,0.009412589587609823,0.50537109375,0.5322265625,0.50537109375,0.5322265625,-0.4959585041623902,0,0.008985428752560176,0.50048828125,0.548828125,0.50048828125,0.548828125,-0.4915028524974398,0,0.007204769088868756,0.52783203125,0.54833984375,0.52783203125,0.54833984375,-0.5206272621611312,0,0.006641112642077409,0.4921875,0.62451171875,0.4921875,0.62451171875,-0.4855463873579226,0,UNKNOWN,UNKNOWN_OR_COVER,WOW,MiPOD,-0.4529363566650384,-0.4547783433835333,0.0018419867184948924,0,
COVER__3564.pgm,3564.pgm,COVER,0,${BOSSBASE_ROOT}\cover\3564.pgm,0.01024860192315863,0.491455078125,0.51220703125,0.491455078125,0.51220703125,-0.48120647620184137,0,0.030043369411322737,0.50537109375,0.5322265625,0.50537109375,0.5322265625,-0.47532772433867726,0,0.7411123045411034,0.50048828125,0.548828125,0.50048828125,0.548828125,0.24062402329110344,0,0.032774983899956416,0.52783203125,0.54833984375,0.52783203125,0.54833984375,-0.4950570473500436,0,0.08945460216888064,0.4921875,0.62451171875,0.4921875,0.62451171875,-0.4027328978311194,0,HILL,ATTRIBUTED,HILL,MiPOD,0.2818776416154254,-0.36930836629228003,0.6511860079077054,1,HILL
COVER__6589.pgm,6589.pgm,COVER,0,${BOSSBASE_ROOT}\cover\6589.pgm,0.04232459138108511,0.491455078125,0.51220703125,0.491455078125,0.51220703125,-0.44913048674391487,0,0.18668744398199755,0.50537109375,0.5322265625,0.50537109375,0.5322265625,-0.31868364976800245,0,0.5000758767122166,0.50048828125,0.548828125,0.50048828125,0.548828125,-0.00041240453778335073,0,0.10669059394565118,0.52783203125,0.54833984375,0.52783203125,0.54833984375,-0.42114143730434883,0,0.33622207117118913,0.4921875,0.62451171875,0.4921875,0.62451171875,-0.15596542882881087,0,HILL,ATTRIBUTED,HILL,MiPOD,0.04956697948668061,-0.11318599040053463,0.16275296988721524,0,
COVER__7198.pgm,7198.pgm,COVER,0,${BOSSBASE_ROOT}\cover\7198.pgm,0.011072160183234295,0.491455078125,0.51220703125,0.491455078125,0.51220703125,-0.4803829179417657,0,0.011508149064303403,0.50537109375,0.5322265625,0.50537109375,0.5322265625,-0.4938629446856966,0,0.008187909901696235,0.50048828125,0.548828125,0.50048828125,0.548828125,-0.4923003713483038,0,0.008985428752560176,0.52783203125,0.54833984375,0.52783203125,0.54833984375,-0.5188466024974399,0,0.009340024385054083,0.4921875,0.62451171875,0.4921875,0.62451171875,-0.4828474756149459,0,UNKNOWN,UNKNOWN_OR_COVER,WOW,MiPOD,-0.4494555932466419,-0.45199627924535213,0.0025406859987102126,0,
COVER__3827.pgm,3827.pgm,COVER,0,${BOSSBASE_ROOT}\cover\3827.pgm,0.5020580175525503,0.491455078125,0.51220703125,0.491455078125,0.51220703125,0.010602939427550306,1,0.5085364629189951,0.50537109375,0.5322265625,0.50537109375,0.5322265625,0.0031653691689951247,1,0.5204049206875633,0.50048828125,0.548828125,0.50048828125,0.548828125,0.019916639437563277,1,0.5223697004359136,0.52783203125,0.54833984375,0.52783203125,0.54833984375,-0.005462330814086425,0,0.5081627268546028,0.4921875,0.62451171875,0.4921875,0.62451171875,0.015975226854602842,1,HILL|MiPOD,AMBIGUOUS,HILL,MiPOD,0.06991663943756328,0.06597522685460284,0.003941412582960435,4,"WOW,S-UNIWARD,HILL,MiPOD"
COVER__2875.pgm,2875.pgm,COVER,0,${BOSSBASE_ROOT}\cover\2875.pgm,0.52264380211542,0.491455078125,0.51220703125,0.491455078125,0.51220703125,0.031188723990420053,0,0.4748442554662211,0.50537109375,0.5322265625,0.50537109375,0.5322265625,-0.03052683828377889,0,0.5098864066000248,0.50048828125,0.548828125,0.50048828125,0.548828125,0.009398125350024822,1,0.5106032684786355,0.52783203125,0.54833984375,0.52783203125,0.54833984375,-0.017228762771364536,0,0.4989709868653868,0.4921875,0.62451171875,0.4921875,0.62451171875,0.006783486865386823,1,WOW|HILL,AMBIGUOUS,WOW,HILL,0.08066959915282151,0.059398125350024825,0.02127147380279669,3,"WOW,HILL,MiPOD"
COVER__9173.pgm,9173.pgm,COVER,0,${BOSSBASE_ROOT}\cover\9173.pgm,0.008577485413711986,0.491455078125,0.51220703125,0.491455078125,0.51220703125,-0.482877592711288,0,0.007460643463940165,0.50537109375,0.5322265625,0.50537109375,0.5322265625,-0.49791045028605985,0,0.007232763803479049,0.50048828125,0.548828125,0.50048828125,0.548828125,-0.49325551744652096,0,0.00881316650304586,0.52783203125,0.54833984375,0.52783203125,0.54833984375,-0.5190188647469541,0,0.007907291504628555,0.4921875,0.62451171875,0.4921875,0.62451171875,-0.48428020849537146,0,UNKNOWN,UNKNOWN_OR_COVER,WOW,MiPOD,-0.4520273254761561,-0.4534731819998457,0.0014458565236896148,0,
COVER__5358.pgm,5358.pgm,COVER,0,${BOSSBASE_ROOT}\cover\5358.pgm,0.009232214404536282,0.491455078125,0.51220703125,0.491455078125,0.51220703125,-0.48222286372046375,0,0.008916127052872005,0.50537109375,0.5322265625,0.50537109375,0.5322265625,-0.496454966697128,0,0.009449081319055452,0.50048828125,0.548828125,0.50048828125,0.548828125,-0.4910391999309445,0,0.008950711436881996,0.52783203125,0.54833984375,0.52783203125,0.54833984375,-0.518881319813118,0,0.007374365308237828,0.4921875,0.62451171875,0.4921875,0.62451171875,-0.4848131346917622,0,UNKNOWN,UNKNOWN_OR_COVER,WOW,MiPOD,-0.4513523913072622,-0.45402252169370894,0.0026701303864467563,0,
COVER__6931.pgm,6931.pgm,COVER,0,${BOSSBASE_ROOT}\cover\6931.pgm,0.01020905431880827,0.491455078125,0.51220703125,0.491455078125,0.51220703125,-0.48124602380619175,0,0.01897803671176563,0.50537109375,0.5322265625,0.50537109375,0.5322265625,-0.4863930570382344,0,0.008030813216260063,0.50048828125,0.548828125,0.50048828125,0.548828125,-0.4924574680337399,0,0.013121271126550956,0.52783203125,0.54833984375,0.52783203125,0.54833984375,-0.5147107601234491,0,0.011029470022501837,0.4921875,0.62451171875,0.4921875,0.62451171875,-0.4811580299774982,0,UNKNOWN,UNKNOWN_OR_COVER,MiPOD,WOW,-0.4502546681358308,-0.4503453811500148,9.071301418400735e-05,0,
COVER__5808.pgm,5808.pgm,COVER,0,${BOSSBASE_ROOT}\cover\5808.pgm,0.5094135603699266,0.491455078125,0.51220703125,0.491455078125,0.51220703125,0.017958482244926577,1,0.16184943726558834,0.50537109375,0.5322265625,0.50537109375,0.5322265625,-0.3435216564844117,0,0.4602888933099986,0.50048828125,0.548828125,0.50048828125,0.548828125,-0.040199387940001385,0,0.7352616368564966,0.52783203125,0.54833984375,0.52783203125,0.54833984375,0.2074296056064966,0,0.2238857150970475,0.4921875,0.62451171875,0.4921875,0.62451171875,-0.26830178490295253,0,HUGO,ATTRIBUTED,HUGO,WOW,0.24890503596349656,0.06795848224492658,0.18094655371857,2,"WOW,HUGO"
COVER__702.pgm,702.pgm,COVER,0,${BOSSBASE_ROOT}\cover\702.pgm,0.012288597529701977,0.491455078125,0.51220703125,0.491455078125,0.51220703125,-0.47916648059529804,0,0.009936418705946226,0.50537109375,0.5322265625,0.50537109375,0.5322265625,-0.49543467504405375,0,0.09203286011100995,0.50048828125,0.548828125,0.50048828125,0.548828125,-0.40845542113899,0,0.03403615299437095,0.52783203125,0.54833984375,0.52783203125,0.54833984375,-0.49379587825562904,0,0.3436720662234394,0.4921875,0.62451171875,0.4921875,0.62451171875,-0.14851543377656062,0,UNKNOWN,UNKNOWN_OR_COVER,MiPOD,HILL,-0.10541609860867776,-0.37522161602225784,0.26980551741358005,0,
COVER__5559.pgm,5559.pgm,COVER,0,${BOSSBASE_ROOT}\cover\5559.pgm,0.17175468335105526,0.491455078125,0.51220703125,0.491455078125,0.51220703125,-0.31970039477394474,0,0.3579040861680699,0.50537109375,0.5322265625,0.50537109375,0.5322265625,-0.1474670075819301,0,0.4939654419564675,0.50048828125,0.548828125,0.50048828125,0.548828125,-0.006522839293532479,0,0.496900598170939,0.52783203125,0.54833984375,0.52783203125,0.54833984375,-0.030931433079060988,0,0.5486432658531883,0.4921875,0.62451171875,0.4921875,0.62451171875,0.056455765853188344,1,MiPOD,ATTRIBUTED,MiPOD,HILL,0.10645576585318835,0.043152080118618104,0.06330368573457024,1,MiPOD
COVER__8476.pgm,8476.pgm,COVER,0,${BOSSBASE_ROOT}\cover\8476.pgm,0.009412589587609823,0.491455078125,0.51220703125,0.491455078125,0.51220703125,-0.4820424885373902,0,0.008445626941126032,0.50537109375,0.5322265625,0.50537109375,0.5322265625,-0.49692546680887395,0,0.029423579963643802,0.50048828125,0.548828125,0.50048828125,0.548828125,-0.4710647012863562,0,0.010169657753872614,0.52783203125,0.54833984375,0.52783203125,0.54833984375,-0.5176623734961274,0,0.056966382144208905,0.4921875,0.62451171875,0.4921875,0.62451171875,-0.4352211178557911,0,UNKNOWN,UNKNOWN_OR_COVER,MiPOD,HILL,-0.40286503979954386,-0.4398478422020667,0.03698280240252283,0,
COVER__5426.pgm,5426.pgm,COVER,0,${BOSSBASE_ROOT}\cover\5426.pgm,0.016403032516163058,0.491455078125,0.51220703125,0.491455078125,0.51220703125,-0.47505204560883696,0,0.01077672605008006,0.50537109375,0.5322265625,0.50537109375,0.5322265625,-0.49459436769991993,0,0.031261913416824265,0.50048828125,0.548828125,0.50048828125,0.548828125,-0.46922636783317573,0,0.05165378091926867,0.52783203125,0.54833984375,0.52783203125,0.54833984375,-0.47617825033073136,0,0.053502149195322694,0.4921875,0.62451171875,0.4921875,0.62451171875,-0.4386853508046773,0,UNKNOWN,UNKNOWN_OR_COVER,MiPOD,HILL,-0.40644116781294104,-0.437952068971973,0.031510901159031934,0,
COVER__2835.pgm,2835.pgm,COVER,0,${BOSSBASE_ROOT}\cover\2835.pgm,0.7192850455267538,0.491455078125,0.51220703125,0.491455078125,0.51220703125,0.22782996740175376,0,0.6570984837248738,0.50537109375,0.5322265625,0.50537109375,0.5322265625,0.15172738997487378,0,0.45244519968654845,0.50048828125,0.548828125,0.50048828125,0.548828125,-0.04804308156345155,0,9.680764033609574e-09,0.52783203125,0.54833984375,0.52783203125,0.54833984375,-0.5278320215692359,0,0.8104789086703224,0.4921875,0.62451171875,0.4921875,0.62451171875,0.31829140867032235,0,MiPOD,ATTRIBUTED,MiPOD,WOW,0.35980645050890425,0.2684777786678356,0.09132867184106863,3,"WOW,S-UNIWARD,MiPOD"
COVER__5627.pgm,5627.pgm,COVER,0,${BOSSBASE_ROOT}\cover\5627.pgm,0.01077672605008006,0.491455078125,0.51220703125,0.491455078125,0.51220703125,-0.48067835207491993,0,0.009485713170795206,0.50537109375,0.5322265625,0.50537109375,0.5322265625,-0.4958853805792048,0,0.008544330693441928,0.50048828125,0.548828125,0.50048828125,0.548828125,-0.4919439505565581,0,0.008380453351026062,0.52783203125,0.54833984375,0.52783203125,0.54833984375,-0.5194515778989739,0,0.008677716704989246,0.4921875,0.62451171875,0.4921875,0.62451171875,-0.48350978329501076,0,UNKNOWN,UNKNOWN_OR_COVER,WOW,MiPOD,-0.4497601630176022,-0.4526790131447441,0.0029188501271419365,0,
COVER__5867.pgm,5867.pgm,COVER,0,${BOSSBASE_ROOT}\cover\5867.pgm,0.01013041166358438,0.491455078125,0.51220703125,0.491455078125,0.51220703125,-0.48132466646141564,0,0.008881675100847034,0.50537109375,0.5322265625,0.50537109375,0.5322265625,-0.49648941864915297,0,0.007489624898808396,0.50048828125,0.548828125,0.50048828125,0.548828125,-0.4929986563511916,0,0.011201213376078314,0.52783203125,0.54833984375,0.52783203125,0.54833984375,-0.5166308178739217,0,0.011508149064303403,0.4921875,0.62451171875,0.4921875,0.62451171875,-0.4806793509356966,0,UNKNOWN,UNKNOWN_OR_COVER,MiPOD,WOW,-0.44976119276132975,-0.45042645381827273,0.0006652610569429784,0,
COVER__2029.pgm,2029.pgm,COVER,0,${BOSSBASE_ROOT}\cover\2029.pgm,0.009303949868393646,0.491455078125,0.51220703125,0.491455078125,0.51220703125,-0.48215112825660633,0,0.008445626941126032,0.50537109375,0.5322265625,0.50537109375,0.5322265625,-0.49692546680887395,0,0.008187909901696235,0.50048828125,0.548828125,0.50048828125,0.548828125,-0.4923003713483038,0,0.01052971212461742,0.52783203125,0.54833984375,0.52783203125,0.54833984375,-0.5173023191253826,0,0.006692850924284856,0.4921875,0.62451171875,0.4921875,0.62451171875,-0.48549464907571516,0,UNKNOWN,UNKNOWN_OR_COVER,WOW,MiPOD,-0.45127844125631544,-0.45472501317440234,0.0034465719180868937,0,
COVER__7358.pgm,7358.pgm,COVER,0,${BOSSBASE_ROOT}\cover\7358.pgm,0.009859855303538789,0.491455078125,0.51220703125,0.491455078125,0.51220703125,-0.4815952228214612,0,0.010902373729285245,0.50537109375,0.5322265625,0.50537109375,0.5322265625,-0.49446872002071474,0,0.007968814953315289,0.50048828125,0.548828125,0.50048828125,0.548828125,-0.4925194662966847,0,0.009559399347091532,0.52783203125,0.54833984375,0.52783203125,0.54833984375,-0.5182726319029085,0,0.012194133037590526,0.4921875,0.62451171875,0.4921875,0.62451171875,-0.47999336696240946,0,UNKNOWN,UNKNOWN_OR_COVER,MiPOD,WOW,-0.4490539921507469,-0.45070536875547884,0.001651376604731969,0,
COVER__6369.pgm,6369.pgm,COVER,0,${BOSSBASE_ROOT}\cover\6369.pgm,0.012479699745327848,0.491455078125,0.51220703125,0.491455078125,0.51220703125,-0.47897537837967213,0,0.6886778372765373,0.50537109375,0.5322265625,0.50537109375,0.5322265625,0.1833067435265373,0,0.011823394836370594,0.50048828125,0.548828125,0.50048828125,0.548828125,-0.48866488641362943,0,0.1410446269414867,0.52783203125,0.54833984375,0.52783203125,0.54833984375,-0.3867874043085133,0,0.07864238118410145,0.4921875,0.62451171875,0.4921875,0.62451171875,-0.41354511881589856,0,S-UNIWARD,ATTRIBUTED,S-UNIWARD,HUGO,0.22606540278615334,-0.3528256302027609,0.5788910329889143,1,S-UNIWARD
COVER__3903.pgm,3903.pgm,COVER,0,${BOSSBASE_ROOT}\cover\3903.pgm,0.11951086374144179,0.491455078125,0.51220703125,0.491455078125,0.51220703125,-0.3719442143835582,0,0.3181672877465323,0.50537109375,0.5322265625,0.50537109375,0.5322265625,-0.1872038060034677,0,0.576184305464772,0.50048828125,0.548828125,0.50048828125,0.548828125,0.07569602421477195,0,0.5601624283947542,0.52783203125,0.54833984375,0.52783203125,0.54833984375,0.032330397144754164,0,0.5934914796379289,0.4921875,0.62451171875,0.4921875,0.62451171875,0.10130397963792892,1,MiPOD|HILL,AMBIGUOUS,MiPOD,HILL,0.1513039796379289,0.12434675476477769,0.02695722487315122,3,"HILL,HUGO,MiPOD"
COVER__8938.pgm,8938.pgm,COVER,0,${BOSSBASE_ROOT}\cover\8938.pgm,0.010570488620307572,0.491455078125,0.51220703125,0.491455078125,0.51220703125,-0.48088458950469243,0,0.010408314101072437,0.50537109375,0.5322265625,0.50537109375,0.5322265625,-0.49496277964892754,0,0.011072160183234295,0.50048828125,0.548828125,0.50048828125,0.548828125,-0.4894161210667657,0,0.017986209962091555,0.52783203125,0.54833984375,0.52783203125,0.54833984375,-0.5098458212879085,0,0.011115013721477563,0.4921875,0.62451171875,0.4921875,0.62451171875,-0.48107248627852245,0,UNKNOWN,UNKNOWN_OR_COVER,WOW,MiPOD,-0.4499727762777291,-0.450166480735898,0.00019370445816890847,0,
COVER__8665.pgm,8665.pgm,COVER,0,${BOSSBASE_ROOT}\cover\8665.pgm,0.01665704000922906,0.491455078125,0.51220703125,0.491455078125,0.51220703125,-0.4747980381157709,0,0.0866320675642644,0.50537109375,0.5322265625,0.50537109375,0.5322265625,-0.4187390261857356,0,0.5479479103392403,0.50048828125,0.548828125,0.50048828125,0.548828125,0.047459629089240285,1,0.0143370304240108,0.52783203125,0.54833984375,0.52783203125,0.54833984375,-0.5134950008259892,0,0.9502265513945876,0.4921875,0.62451171875,0.4921875,0.62451171875,0.45803905139458756,0,MiPOD,ATTRIBUTED,MiPOD,HILL,0.4941396039975715,0.09745962908924029,0.39667997490833123,2,"HILL,MiPOD"
COVER__1021.pgm,1021.pgm,COVER,0,${BOSSBASE_ROOT}\cover\1021.pgm,0.4832826007498846,0.491455078125,0.51220703125,0.491455078125,0.51220703125,-0.008172477375115395,0,0.500152587885888,0.50537109375,0.5322265625,0.50537109375,0.5322265625,-0.005218505864111989,0,0.5120521084003746,0.50048828125,0.548828125,0.50048828125,0.548828125,0.011563827150374628,1,0.5000175684690403,0.52783203125,0.54833984375,0.52783203125,0.54833984375,-0.02781446278095967,0,0.5002269744717138,0.4921875,0.62451171875,0.4921875,0.62451171875,0.008039474471713826,1,HILL|MiPOD,AMBIGUOUS,HILL,MiPOD,0.06156382715037463,0.05803947447171383,0.0035243526786608026,2,"HILL,MiPOD"
COVER__7428.pgm,7428.pgm,COVER,0,${BOSSBASE_ROOT}\cover\7428.pgm,0.010489091259938018,0.491455078125,0.51220703125,0.491455078125,0.51220703125,-0.480965986865062,0,0.034229322578385644,0.50537109375,0.5322265625,0.50537109375,0.5322265625,-0.4711417711716144,0,0.005021149947632315,0.50048828125,0.548828125,0.50048828125,0.548828125,-0.4954671313023677,0,0.006692850924284856,0.52783203125,0.54833984375,0.52783203125,0.54833984375,-0.5211391803257152,0,0.015247590621499624,0.4921875,0.62451171875,0.4921875,0.62451171875,-0.4769399093785004,0,UNKNOWN,UNKNOWN_OR_COVER,S-UNIWARD,MiPOD,-0.43992731787436457,-0.445905918118035,0.005978600243670418,0,
COVER__1652.pgm,1652.pgm,COVER,0,${BOSSBASE_ROOT}\cover\1652.pgm,0.012722708199923246,0.491455078125,0.51220703125,0.491455078125,0.51220703125,-0.47873236992507673,0,0.012053779516236447,0.50537109375,0.5322265625,0.50537109375,0.5322265625,-0.49331731423376357,0,0.009559399347091532,0.50048828125,0.548828125,0.50048828125,0.548828125,-0.49092888190290845,0,0.009090383313658499,0.52783203125,0.54833984375,0.52783203125,0.54833984375,-0.5187416479363415,0,0.010408314101072437,0.4921875,0.62451171875,0.4921875,0.62451171875,-0.48177918589892754,0,UNKNOWN,UNKNOWN_OR_COVER,WOW,MiPOD,-0.44775395604453766,-0.4508950139029001,0.0031410578583624393,0,
COVER__4754.pgm,4754.pgm,COVER,0,${BOSSBASE_ROOT}\cover\4754.pgm,0.0776574371439222,0.491455078125,0.51220703125,0.491455078125,0.51220703125,-0.4137976409810778,0,0.4909448988485613,0.50537109375,0.5322265625,0.50537109375,0.5322265625,-0.014426194901438705,0,0.35767969471503996,0.50048828125,0.548828125,0.50048828125,0.548828125,-0.14280858653496004,0,0.9971439874741471,0.52783203125,0.54833984375,0.52783203125,0.54833984375,0.4693119562241471,0,0.2583259885691872,0.4921875,0.62451171875,0.4921875,0.62451171875,-0.2338615114308128,0,HUGO,ATTRIBUTED,HUGO,S-UNIWARD,0.5012315121920223,0.03485767330170458,0.46637383889031775,1,HUGO
COVER__3800.pgm,3800.pgm,COVER,0,${BOSSBASE_ROOT}\cover\3800.pgm,0.14342748832269778,0.491455078125,0.51220703125,0.491455078125,0.51220703125,-0.3480275898023022,0,0.5193842007181757,0.50537109375,0.5322265625,0.50537109375,0.5322265625,0.014013106968175704,1,0.0041824941855914755,0.50048828125,0.548828125,0.50048828125,0.548828125,-0.49630578706440853,0,0.6480209940680554,0.52783203125,0.54833984375,0.52783203125,0.54833984375,0.12018896281805536,0,0.0014048677545435851,0.4921875,0.62451171875,0.4921875,0.62451171875,-0.49078263224545643,0,HUGO,ATTRIBUTED,HUGO,S-UNIWARD,0.16544526137600551,0.0640131069681757,0.10143215440782981,2,"S-UNIWARD,HUGO"
COVER__950.pgm,950.pgm,COVER,0,${BOSSBASE_ROOT}\cover\950.pgm,0.012336100420869755,0.491455078125,0.51220703125,0.491455078125,0.51220703125,-0.47911897770413026,0,0.04123002732480651,0.50537109375,0.5322265625,0.50537109375,0.5322265625,-0.4641410664251935,0,0.2581389295363072,0.50048828125,0.548828125,0.50048828125,0.548828125,-0.24234935171369282,0,0.03803509253268273,0.52783203125,0.54833984375,0.52783203125,0.54833984375,-0.4897969387173173,0,0.4630800157963775,0.4921875,0.62451171875,0.4921875,0.62451171875,-0.029107484203622525,0,MiPOD,ATTRIBUTED,MiPOD,HILL,0.019458118704010034,-0.20311025347709258,0.22256837218110262,0,
COVER__6679.pgm,6679.pgm,COVER,0,${BOSSBASE_ROOT}\cover\6679.pgm,0.009485713170795206,0.491455078125,0.51220703125,0.491455078125,0.51220703125,-0.4819693649542048,0,0.041384718846844165,0.50537109375,0.5322265625,0.50537109375,0.5322265625,-0.46398637490315586,0,0.6392857917672555,0.50048828125,0.548828125,0.50048828125,0.548828125,0.13879751051725553,0,0.011687257995694434,0.52783203125,0.54833984375,0.52783203125,0.54833984375,-0.5161447732543055,0,0.10970577387797074,0.4921875,0.62451171875,0.4921875,0.62451171875,-0.38248172612202924,0,HILL,ATTRIBUTED,HILL,MiPOD,0.18447316076930892,-0.34837340828766367,0.5328465690569726,1,HILL
COVER__2702.pgm,2702.pgm,COVER,0,${BOSSBASE_ROOT}\cover\2702.pgm,0.010652510839726164,0.491455078125,0.51220703125,0.491455078125,0.51220703125,-0.4808025672852738,0,0.01590639171181471,0.50537109375,0.5322265625,0.50537109375,0.5322265625,-0.48946470203818526,0,0.0189054471413467,0.50048828125,0.548828125,0.50048828125,0.548828125,-0.4815828341086533,0,0.011687257995694434,0.52783203125,0.54833984375,0.52783203125,0.54833984375,-0.5161447732543055,0,0.7088176170798595,0.4921875,0.62451171875,0.4921875,0.62451171875,0.21663011707985946,0,MiPOD,ATTRIBUTED,MiPOD,WOW,0.26258761941098,-0.4498882184987986,0.7124758379097786,1,MiPOD
COVER__854.pgm,854.pgm,COVER,0,${BOSSBASE_ROOT}\cover\854.pgm,0.09653531477640952,0.491455078125,0.51220703125,0.491455078125,0.51220703125,-0.39491976334859047,0,0.04501553160023231,0.50537109375,0.5322265625,0.50537109375,0.5322265625,-0.4603555621497677,0,0.09203286011100995,0.50048828125,0.548828125,0.50048828125,0.548828125,-0.40845542113899,0,0.6997675932254099,0.52783203125,0.54833984375,0.52783203125,0.54833984375,0.17193556197540993,0,0.05602938511788174,0.4921875,0.62451171875,0.4921875,0.62451171875,-0.43615811488211825,0,HUGO,ATTRIBUTED,HUGO,WOW,0.2149095608708578,-0.3612330585861932,0.576142619457051,1,HUGO
COVER__7432.pgm,7432.pgm,COVER,0,${BOSSBASE_ROOT}\cover\7432.pgm,0.008061991528271641,0.491455078125,0.51220703125,0.491455078125,0.51220703125,-0.48339308659672836,0,0.008251598569085517,0.50537109375,0.5322265625,0.50537109375,0.5322265625,-0.4971194951809145,0,0.007785654765367813,0.50048828125,0.548828125,0.50048828125,0.548828125,-0.4927026264846322,0,0.008847355082930386,0.52783203125,0.54833984375,0.52783203125,0.54833984375,-0.5189846761670696,0,0.008711384457705508,0.4921875,0.62451171875,0.4921875,0.62451171875,-0.48347611554229447,0,UNKNOWN,UNKNOWN_OR_COVER,WOW,MiPOD,-0.452558718387443,-0.45264430737180855,8.558898436555884e-05,0,
COVER__5623.pgm,5623.pgm,COVER,0,${BOSSBASE_ROOT}\cover\5623.pgm,0.009859855303538789,0.491455078125,0.51220703125,0.491455078125,0.51220703125,-0.4815952228214612,0,0.007606672164523265,0.50537109375,0.5322265625,0.50537109375,0.5322265625,-0.49776442158547674,0,0.008916127052872005,0.50048828125,0.548828125,0.50048828125,0.548828125,-0.491572154197128,0,0.007374365308237828,0.52783203125,0.54833984375,0.52783203125,0.54833984375,-0.5204576659417621,0,0.009376237450848677,0.4921875,0.62451171875,0.4921875,0.62451171875,-0.4828112625491513,0,UNKNOWN,UNKNOWN_OR_COVER,WOW,MiPOD,-0.45070536875547884,-0.4519589489429244,0.0012535801874455355,0,
COVER__6095.pgm,6095.pgm,COVER,0,${BOSSBASE_ROOT}\cover\6095.pgm,0.011463797377996032,0.491455078125,0.51220703125,0.491455078125,0.51220703125,-0.479991280747004,0,0.008445626941126032,0.50537109375,0.5322265625,0.50537109375,0.5322265625,-0.49692546680887395,0,0.011552670335220809,0.50048828125,0.548828125,0.50048828125,0.548828125,-0.4889356109147792,0,0.009161026922093826,0.52783203125,0.54833984375,0.52783203125,0.54833984375,-0.5186710043279061,0,0.009232214404536282,0.4921875,0.62451171875,0.4921875,0.62451171875,-0.48295528559546375,0,UNKNOWN,UNKNOWN_OR_COVER,WOW,MiPOD,-0.4490518413890737,-0.45210741511346436,0.0030555737243906367,0,
COVER__7405.pgm,7405.pgm,COVER,0,${BOSSBASE_ROOT}\cover\7405.pgm,0.06153673641195263,0.491455078125,0.51220703125,0.491455078125,0.51220703125,-0.4299183417130474,0,0.32060854998864013,0.50537109375,0.5322265625,0.50537109375,0.5322265625,-0.18476254376135987,0,0.018334452089518293,0.50048828125,0.548828125,0.50048828125,0.548828125,-0.4821538291604817,0,0.026861202807657865,0.52783203125,0.54833984375,0.52783203125,0.54833984375,-0.5009708284423421,0,8.415109250079664e-05,0.4921875,0.62451171875,0.4921875,0.62451171875,-0.4921033489074992,0,UNKNOWN,UNKNOWN_OR_COVER,S-UNIWARD,WOW,-0.14319746085224774,-0.3973902308955214,0.2541927700432737,0,
COVER__2597.pgm,2597.pgm,COVER,0,${BOSSBASE_ROOT}\cover\2597.pgm,0.011419614645648401,0.491455078125,0.51220703125,0.491455078125,0.51220703125,-0.4800354634793516,0,0.007577241267860811,0.50537109375,0.5322265625,0.50537109375,0.5322265625,-0.4977938524821392,0,0.009821792919693043,0.50048828125,0.548828125,0.50048828125,0.548828125,-0.49066648833030696,0,0.01307078477418707,0.52783203125,0.54833984375,0.52783203125,0.54833984375,-0.5147612464758129,0,0.01128807389923099,0.4921875,0.62451171875,0.4921875,0.62451171875,-0.480899426100769,0,UNKNOWN,UNKNOWN_OR_COVER,WOW,MiPOD,-0.44909739108019125,-0.4499880714964903,0.0008906804162990278,0,
COVER__1561.pgm,1561.pgm,COVER,0,${BOSSBASE_ROOT}\cover\1561.pgm,0.010735162609090678,0.491455078125,0.51220703125,0.491455078125,0.51220703125,-0.4807199155159093,0,0.07599521481895795,0.50537109375,0.5322265625,0.50537109375,0.5322265625,-0.42937587893104207,0,0.013121271126550956,0.50048828125,0.548828125,0.50048828125,0.548828125,-0.487367010123449,0,0.03753800746527978,0.52783203125,0.54833984375,0.52783203125,0.54833984375,-0.4902940237847202,0,0.6368049609949069,0.4921875,0.62451171875,0.4921875,0.62451171875,0.1446174609949069,0,MiPOD,ATTRIBUTED,MiPOD,S-UNIWARD,0.1940065615435676,-0.3968301180372067,0.5908366795807742,1,MiPOD
COVER__4912.pgm,4912.pgm,COVER,0,${BOSSBASE_ROOT}\cover\4912.pgm,0.12907303803511988,0.491455078125,0.51220703125,0.491455078125,0.51220703125,-0.3623820400898801,0,0.28957255483991107,0.50537109375,0.5322265625,0.50537109375,0.5322265625,-0.21579853891008893,0,0.9679599219419189,0.50048828125,0.548828125,0.50048828125,0.548828125,0.46747164069191893,0,0.010611421330238862,0.52783203125,0.54833984375,0.52783203125,0.54833984375,-0.5172206099197612,0,0.7650671829603317,0.4921875,0.62451171875,0.4921875,0.62451171875,0.2728796829603317,0,HILL,ATTRIBUTED,HILL,MiPOD,0.5003525165708312,0.3163234565655499,0.18402906000528135,2,"HILL,MiPOD"
COVER__956.pgm,956.pgm,COVER,0,${BOSSBASE_ROOT}\cover\956.pgm,0.03252822350114495,0.491455078125,0.51220703125,0.491455078125,0.51220703125,-0.4589268546238551,0,0.8398653506656495,0.50537109375,0.5322265625,0.50537109375,0.5322265625,0.3344942569156495,0,0.18757873730482394,0.50048828125,0.548828125,0.50048828125,0.548828125,-0.31290954394517606,0,0.9381240142763573,0.52783203125,0.54833984375,0.52783203125,0.54833984375,0.4102919830263573,0,0.8459424373085146,0.4921875,0.62451171875,0.4921875,0.62451171875,0.3537549373085146,0,HUGO,ATTRIBUTED,HUGO,MiPOD,0.44415213398123743,0.39382350932817844,0.050328624653058984,3,"S-UNIWARD,HUGO,MiPOD"
COVER__3630.pgm,3630.pgm,COVER,0,${BOSSBASE_ROOT}\cover\3630.pgm,0.011732463956348185,0.491455078125,0.51220703125,0.491455078125,0.51220703125,-0.4797226141686518,0,0.028598360546466146,0.50537109375,0.5322265625,0.50537109375,0.5322265625,-0.47677273320353386,0,0.07793769117351897,0.50048828125,0.548828125,0.50048828125,0.548828125,-0.42255059007648105,0,0.01307078477418707,0.52783203125,0.54833984375,0.52783203125,0.54833984375,-0.5147612464758129,0,0.12570794876215338,0.4921875,0.62451171875,0.4921875,0.62451171875,-0.3664795512378466,0,UNKNOWN,UNKNOWN_OR_COVER,MiPOD,HILL,-0.33182103569722415,-0.38978193517083093,0.057960899473606775,0,
COVER__485.pgm,485.pgm,COVER,0,${BOSSBASE_ROOT}\cover\485.pgm,0.01191502196714824,0.491455078125,0.51220703125,0.491455078125,0.51220703125,-0.4795400561578518,0,0.009412589587609823,0.50537109375,0.5322265625,0.50537109375,0.5322265625,-0.4959585041623902,0,0.013222821752305148,0.50048828125,0.548828125,0.50048828125,0.548828125,-0.48726545949769484,0,0.01685007944789776,0.52783203125,0.54833984375,0.52783203125,0.54833984375,-0.5109819518021023,0,0.05136750838696146,0.4921875,0.62451171875,0.4921875,0.62451171875,-0.44081999161303853,0,UNKNOWN,UNKNOWN_OR_COVER,MiPOD,WOW,-0.40864456495899815,-0.44858665301394374,0.03994208805494559,0,
COVER__2699.pgm,2699.pgm,COVER,0,${BOSSBASE_ROOT}\cover\2699.pgm,0.519490850820194,0.491455078125,0.51220703125,0.491455078125,0.51220703125,0.028035772695193972,0,0.5107710384741438,0.50537109375,0.5322265625,0.50537109375,0.5322265625,0.005399944724143846,1,0.5112362061082996,0.50048828125,0.548828125,0.50048828125,0.548828125,0.010747924858299562,1,0.5315437447754701,0.52783203125,0.54833984375,0.52783203125,0.54833984375,0.0037117135254700617,1,0.5645186584272933,0.4921875,0.62451171875,0.4921875,0.62451171875,0.07233115842729332,1,MiPOD,ATTRIBUTED,MiPOD,WOW,0.12233115842729332,0.07767290485292835,0.04465825357436497,5,"WOW,S-UNIWARD,HILL,HUGO,MiPOD"
COVER__1404.pgm,1404.pgm,COVER,0,${BOSSBASE_ROOT}\cover\1404.pgm,0.009898063716023652,0.491455078125,0.51220703125,0.491455078125,0.51220703125,-0.48155701440897636,0,0.012241275291807161,0.50537109375,0.5322265625,0.50537109375,0.5322265625,-0.4931298184581928,0,0.01374232049590237,0.50048828125,0.548828125,0.50048828125,0.548828125,-0.48674596075409765,0,0.012147170099805133,0.52783203125,0.54833984375,0.52783203125,0.54833984375,-0.5156848611501949,0,0.01934510391458952,0.4921875,0.62451171875,0.4921875,0.62451171875,-0.47284239608541045,0,UNKNOWN,UNKNOWN_OR_COVER,MiPOD,WOW,-0.4416809817526333,-0.45066598006816017,0.008984998315526849,0,
COVER__5881.pgm,5881.pgm,COVER,0,${BOSSBASE_ROOT}\cover\5881.pgm,0.012288597529701977,0.491455078125,0.51220703125,0.491455078125,0.51220703125,-0.47916648059529804,0,0.017176709012318405,0.50537109375,0.5322265625,0.50537109375,0.5322265625,-0.4881943847376816,0,0.07316472140562331,0.50048828125,0.548828125,0.50048828125,0.548828125,-0.4273235598443767,0,0.013171949881556448,0.52783203125,0.54833984375,0.52783203125,0.54833984375,-0.5146600813684435,0,0.5815407571141296,0.4921875,0.62451171875,0.4921875,0.62451171875,0.08935325711412956,1,MiPOD,ATTRIBUTED,MiPOD,HILL,0.13935325711412955,-0.39471093607576074,0.5340641931898903,1,MiPOD
COVER__9958.pgm,9958.pgm,COVER,0,${BOSSBASE_ROOT}\cover\9958.pgm,0.009746104052554064,0.491455078125,0.51220703125,0.491455078125,0.51220703125,-0.48170897407244595,0,0.010611421330238862,0.50537109375,0.5322265625,0.50537109375,0.5322265625,-0.49475967241976115,0,0.008283626886030505,0.50048828125,0.548828125,0.50048828125,0.548828125,-0.4922046543639695,0,0.007289077583591924,0.52783203125,0.54833984375,0.52783203125,0.54833984375,-0.5205429536664081,0,0.007289077583591924,0.4921875,0.62451171875,0.4921875,0.62451171875,-0.48489842241640807,0,UNKNOWN,UNKNOWN_OR_COVER,WOW,MiPOD,-0.45082263356616664,-0.4541104353676957,0.0032878018015290444,0,
COVER__6892.pgm,6892.pgm,COVER,0,${BOSSBASE_ROOT}\cover\6892.pgm,0.008847355082930386,0.491455078125,0.51220703125,0.491455078125,0.51220703125,-0.4826077230420696,0,0.0874079174912833,0.50537109375,0.5322265625,0.50537109375,0.5322265625,-0.4179631762587167,0,0.012673735693033067,0.50048828125,0.548828125,0.50048828125,0.548828125,-0.4878145455569669,0,0.009859855303538789,0.52783203125,0.54833984375,0.52783203125,0.54833984375,-0.5179721759464612,0,0.017986209962091555,0.4921875,0.62451171875,0.4921875,0.62451171875,-0.47420129003790845,0,UNKNOWN,UNKNOWN_OR_COVER,S-UNIWARD,MiPOD,-0.3850438526471383,-0.44308219200442606,0.05803833935728775,0,
COVER__851.pgm,851.pgm,COVER,0,${BOSSBASE_ROOT}\cover\851.pgm,0.010091315485195006,0.491455078125,0.51220703125,0.491455078125,0.51220703125,-0.481363762639805,0,0.011869121046339474,0.50537109375,0.5322265625,0.50537109375,0.5322265625,-0.49350197270366053,0,0.008124708778180903,0.50048828125,0.548828125,0.50048828125,0.548828125,-0.4923635724718191,0,0.008412977570977689,0.52783203125,0.54833984375,0.52783203125,0.54833984375,-0.5194190536790223,0,0.007636216494667212,0.4921875,0.62451171875,0.4921875,0.62451171875,-0.4845512835053328,0,UNKNOWN,UNKNOWN_OR_COVER,WOW,MiPOD,-0.4504667579750817,-0.4537526068930477,0.0032858489179660166,0,
COVER__6176.pgm,6176.pgm,COVER,0,${BOSSBASE_ROOT}\cover\6176.pgm,0.06359857904766149,0.491455078125,0.51220703125,0.491455078125,0.51220703125,-0.4278564990773385,0,0.07409726117812651,0.50537109375,0.5322265625,0.50537109375,0.5322265625,-0.43127383257187346,0,0.01238378463726033,0.50048828125,0.548828125,0.50048828125,0.548828125,-0.4881044966127397,0,0.010448625445116808,0.52783203125,0.54833984375,0.52783203125,0.54833984375,-0.5173834058048832,0,0.015784561073809773,0.4921875,0.62451171875,0.4921875,0.62451171875,-0.47640293892619023,0,UNKNOWN,UNKNOWN_OR_COVER,WOW,S-UNIWARD,-0.3952612512248537,-0.3987897834418618,0.0035285322170080513,0,
COVER__5113.pgm,5113.pgm,COVER,0,${BOSSBASE_ROOT}\cover\5113.pgm,0.012624949281564409,0.491455078125,0.51220703125,0.491455078125,0.51220703125,-0.47883012884343557,0,0.010328152519305191,0.50537109375,0.5322265625,0.50537109375,0.5322265625,-0.4950429412306948,0,0.011201213376078314,0.50048828125,0.548828125,0.50048828125,0.548828125,-0.4892870678739217,0,0.011508149064303403,0.52783203125,0.54833984375,0.52783203125,0.54833984375,-0.5163238821856966,0,0.01368947769627449,0.4921875,0.62451171875,0.4921875,0.62451171875,-0.4784980223037255,0,UNKNOWN,UNKNOWN_OR_COVER,MiPOD,WOW,-0.4475123478548651,-0.4478547432311074,0.0003423953762423104,0,
COVER__2020.pgm,2020.pgm,COVER,0,${BOSSBASE_ROOT}\cover\2020.pgm,0.1653234226075454,0.491455078125,0.51220703125,0.491455078125,0.51220703125,-0.3261316555174546,0,0.7489036181181575,0.50537109375,0.5322265625,0.50537109375,0.5322265625,0.24353252436815753,0,0.7176059543071744,0.50048828125,0.548828125,0.50048828125,0.548828125,0.21711767305717444,0,0.7294234191885761,0.52783203125,0.54833984375,0.52783203125,0.54833984375,0.20159138793857612,0,0.8331889117868532,0.4921875,0.62451171875,0.4921875,0.62451171875,0.34100141178685317,0,MiPOD,ATTRIBUTED,MiPOD,S-UNIWARD,0.38158427188462024,0.2837920223129172,0.09779224957170302,4,"S-UNIWARD,HILL,HUGO,MiPOD"
COVER__5105.pgm,5105.pgm,COVER,0,${BOSSBASE_ROOT}\cover\5105.pgm,0.013428254741968517,0.491455078125,0.51220703125,0.491455078125,0.51220703125,-0.4780268233830315,0,0.008030813216260063,0.50537109375,0.5322265625,0.50537109375,0.5322265625,-0.4973402805337399,0,0.010013570623173138,0.50048828125,0.548828125,0.50048828125,0.548828125,-0.49047471062682685,0,0.01098694263059318,0.52783203125,0.54833984375,0.52783203125,0.54833984375,-0.5168450886194068,0,0.010570488620307572,0.4921875,0.62451171875,0.4921875,0.62451171875,-0.48161701137969243,0,UNKNOWN,UNKNOWN_OR_COVER,WOW,MiPOD,-0.44702654507742323,-0.45072783035176184,0.003701285274338606,0,
COVER__5839.pgm,5839.pgm,COVER,0,${BOSSBASE_ROOT}\cover\5839.pgm,0.008511303026562552,0.491455078125,0.51220703125,0.491455078125,0.51220703125,-0.48294377509843744,0,0.011158031248084033,0.50537109375,0.5322265625,0.50537109375,0.5322265625,-0.494213062501916,0,0.01005236865796813,0.50048828125,0.548828125,0.50048828125,0.548828125,-0.4904359125920319,0,0.008187909901696235,0.52783203125,0.54833984375,0.52783203125,0.54833984375,-0.5196441213483037,0,0.008610767667510729,0.4921875,0.62451171875,0.4921875,0.62451171875,-0.48357673233248927,0,UNKNOWN,UNKNOWN_OR_COVER,WOW,MiPOD,-0.4520955495400731,-0.452748026203516,0.0006524766634429247,0,
COVER__6874.pgm,6874.pgm,COVER,0,${BOSSBASE_ROOT}\cover\6874.pgm,0.009821792919693043,0.491455078125,0.51220703125,0.491455078125,0.51220703125,-0.48163328520530696,0,0.009020279501402172,0.50537109375,0.5322265625,0.50537109375,0.5322265625,-0.49635081424859784,0,0.008711384457705508,0.50048828125,0.548828125,0.50048828125,0.548828125,-0.49177689679229447,0,0.007176881945656949,0.52783203125,0.54833984375,0.52783203125,0.54833984375,-0.5206551493043431,0,0.00740301408887263,0.4921875,0.62451171875,0.4921875,0.62451171875,-0.4847844859111274,0,UNKNOWN,UNKNOWN_OR_COVER,WOW,MiPOD,-0.45074460685843154,-0.4539929907869209,0.0032483839284893623,0,
COVER__3846.pgm,3846.pgm,COVER,0,${BOSSBASE_ROOT}\cover\3846.pgm,0.16264586179359097,0.491455078125,0.51220703125,0.491455078125,0.51220703125,-0.328809216331409,0,0.21304953207082516,0.50537109375,0.5322265625,0.50537109375,0.5322265625,-0.29232156167917484,0,0.019794778861558837,0.50048828125,0.548828125,0.50048828125,0.548828125,-0.48069350238844116,0,0.012722708199923246,0.52783203125,0.54833984375,0.52783203125,0.54833984375,-0.5151093230500767,0,0.006615392678327907,0.4921875,0.62451171875,0.4921875,0.62451171875,-0.4855721073216721,0,UNKNOWN,UNKNOWN_OR_COVER,S-UNIWARD,WOW,-0.25499513955750064,-0.29282020003242654,0.0378250604749259,0,
COVER__1346.pgm,1346.pgm,COVER,0,${BOSSBASE_ROOT}\cover\1346.pgm,0.29543315152184185,0.491455078125,0.51220703125,0.491455078125,0.51220703125,-0.19602192660315815,0,0.507735588776064,0.50537109375,0.5322265625,0.50537109375,0.5322265625,0.002364495026063951,1,0.34698371521523064,0.50048828125,0.548828125,0.50048828125,0.548828125,-0.15350456603476936,0,0.11260009974533917,0.52783203125,0.54833984375,0.52783203125,0.54833984375,-0.4152319315046608,0,0.3855481567508043,0.4921875,0.62451171875,0.4921875,0.62451171875,-0.10663934324919572,0,S-UNIWARD,ATTRIBUTED,S-UNIWARD,MiPOD,0.052364495026063954,-0.06169685370998759,0.11406134873605155,1,S-UNIWARD
COVER__4285.pgm,4285.pgm,COVER,0,${BOSSBASE_ROOT}\cover\4285.pgm,0.5073885307427128,0.491455078125,0.51220703125,0.491455078125,0.51220703125,0.01593345261771284,1,0.5085440900876863,0.50537109375,0.5322265625,0.50537109375,0.5322265625,0.003172996337686307,1,0.5082618822270406,0.50048828125,0.548828125,0.50048828125,0.548828125,0.007773600977040607,1,0.503444617133686,0.52783203125,0.54833984375,0.52783203125,0.54833984375,-0.024387414116313955,0,0.5151397186758396,0.4921875,0.62451171875,0.4921875,0.62451171875,0.02295221867583963,1,MiPOD|WOW,AMBIGUOUS,MiPOD,WOW,0.07295221867583963,0.06593345261771284,0.007018766058126791,4,"WOW,S-UNIWARD,HILL,MiPOD"
COVER__4353.pgm,4353.pgm,COVER,0,${BOSSBASE_ROOT}\cover\4353.pgm,0.13117322376181567,0.491455078125,0.51220703125,0.491455078125,0.51220703125,-0.36028185436318433,0,0.48511182432377115,0.50537109375,0.5322265625,0.50537109375,0.5322265625,-0.020259269426228854,0,0.5402569102257511,0.50048828125,0.548828125,0.50048828125,0.548828125,0.039768628975751064,1,0.3572310989857258,0.52783203125,0.54833984375,0.52783203125,0.54833984375,-0.1706009322642742,0,0.5149948918168122,0.4921875,0.62451171875,0.4921875,0.62451171875,0.02280739181681224,1,HILL|MiPOD,AMBIGUOUS,HILL,MiPOD,0.08976862897575107,0.07280739181681224,0.016961237158938824,2,"HILL,MiPOD"
COVER__5499.pgm,5499.pgm,COVER,0,${BOSSBASE_ROOT}\cover\5499.pgm,0.21321330786298076,0.491455078125,0.51220703125,0.491455078125,0.51220703125,-0.27824177026201924,0,0.17147701963017756,0.50537109375,0.5322265625,0.50537109375,0.5322265625,-0.3338940741198224,0,0.24436300507078523,0.50048828125,0.548828125,0.50048828125,0.548828125,-0.25612527617921477,0,0.40527219033214396,0.52783203125,0.54833984375,0.52783203125,0.54833984375,-0.12255984091785604,0,0.00010720880092159908,0.4921875,0.62451171875,0.4921875,0.62451171875,-0.4920802911990784,0,UNKNOWN,UNKNOWN_OR_COVER,HUGO,HILL,-0.0783271926721508,-0.2174230265132791,0.1390958338411283,0,
COVER__6153.pgm,6153.pgm,COVER,0,${BOSSBASE_ROOT}\cover\6153.pgm,0.008881675100847034,0.491455078125,0.51220703125,0.491455078125,0.51220703125,-0.48257340302415297,0,0.008644177936723585,0.50537109375,0.5322265625,0.50537109375,0.5322265625,-0.49672691581327644,0,0.0055982486146598995,0.50048828125,0.548828125,0.50048828125,0.548828125,-0.4948900326353401,0,0.008283626886030505,0.52783203125,0.54833984375,0.52783203125,0.54833984375,-0.5195484043639695,0,0.012479699745327848,0.4921875,0.62451171875,0.4921875,0.62451171875,-0.47970780025467213,0,UNKNOWN,UNKNOWN_OR_COVER,MiPOD,WOW,-0.44875958892595763,-0.45171375002842934,0.0029541611024717085,0,
COVER__7786.pgm,7786.pgm,COVER,0,${BOSSBASE_ROOT}\cover\7786.pgm,0.008030813216260063,0.491455078125,0.51220703125,0.491455078125,0.51220703125,-0.4834242649087399,0,0.009055264186722086,0.50537109375,0.5322265625,0.50537109375,0.5322265625,-0.4963158295632779,0,0.009376237450848677,0.50048828125,0.548828125,0.50048828125,0.548828125,-0.4911120437991513,0,0.009055264186722086,0.52783203125,0.54833984375,0.52783203125,0.54833984375,-0.5187767670632779,0,0.008577485413711986,0.4921875,0.62451171875,0.4921875,0.62451171875,-0.483610014586288,0,UNKNOWN,UNKNOWN_OR_COVER,WOW,MiPOD,-0.4525908580480205,-0.452782334489062,0.00019147644104150485,0,
COVER__3940.pgm,3940.pgm,COVER,0,${BOSSBASE_ROOT}\cover\3940.pgm,0.501200673656465,0.491455078125,0.51220703125,0.491455078125,0.51220703125,0.009745595531465034,1,0.5101075705901358,0.50537109375,0.5322265625,0.50537109375,0.5322265625,0.004736476840135784,1,0.5116403523809678,0.50048828125,0.548828125,0.50048828125,0.548828125,0.011152071130967833,1,0.5065761588576696,0.52783203125,0.54833984375,0.52783203125,0.54833984375,-0.0212558723923304,0,0.4987640406033416,0.4921875,0.62451171875,0.4921875,0.62451171875,0.0065765406033416185,1,HILL|WOW,AMBIGUOUS,HILL,WOW,0.061152071130967836,0.05974559553146504,0.0014064755995027989,4,"WOW,S-UNIWARD,HILL,MiPOD"
COVER__4278.pgm,4278.pgm,COVER,0,${BOSSBASE_ROOT}\cover\4278.pgm,0.6736212241584463,0.491455078125,0.51220703125,0.491455078125,0.51220703125,0.18216614603344627,0,0.5497916967567942,0.50537109375,0.5322265625,0.50537109375,0.5322265625,0.04442060300679418,0,0.5445894796584936,0.50048828125,0.548828125,0.50048828125,0.548828125,0.04410119840849358,1,0.5118233570397482,0.52783203125,0.54833984375,0.52783203125,0.54833984375,-0.01600867421025176,0,0.5193689648448834,0.4921875,0.62451171875,0.4921875,0.62451171875,0.027181464844883374,1,WOW,ATTRIBUTED,WOW,HILL,0.2247131232824579,0.09410119840849358,0.13061192487396434,4,"WOW,S-UNIWARD,HILL,MiPOD"
COVER__7939.pgm,7939.pgm,COVER,0,${BOSSBASE_ROOT}\cover\7939.pgm,0.06878728913128046,0.491455078125,0.51220703125,0.491455078125,0.51220703125,-0.42266778899371954,0,0.494590970299148,0.50537109375,0.5322265625,0.50537109375,0.5322265625,-0.010780123450851997,0,1.0907281948862676e-07,0.50048828125,0.548828125,0.50048828125,0.548828125,-0.5004881721771806,0,0.015603534790203506,0.52783203125,0.54833984375,0.52783203125,0.54833984375,-0.5122284964597965,0,1.1797253697533313e-18,0.4921875,0.62451171875,0.4921875,0.62451171875,-0.4921875,0,S-UNIWARD,ATTRIBUTED,S-UNIWARD,WOW,0.0386837652414741,-0.38990297431390414,0.42858673955537824,0,
COVER__1569.pgm,1569.pgm,COVER,0,${BOSSBASE_ROOT}\cover\1569.pgm,0.02017731832286999,0.491455078125,0.51220703125,0.491455078125,0.51220703125,-0.47127775980213,0,0.04208772791561884,0.50537109375,0.5322265625,0.50537109375,0.5322265625,-0.4632833658343812,0,0.018159511710261943,0.50048828125,0.548828125,0.50048828125,0.548828125,-0.4823287695397381,0,0.042722197546490565,0.52783203125,0.54833984375,0.52783203125,0.54833984375,-0.48510983370350946,0,0.039195133203298156,0.4921875,0.62451171875,0.4921875,0.62451171875,-0.45299236679670185,0,UNKNOWN,UNKNOWN_OR_COVER,MiPOD,S-UNIWARD,-0.4212062174861674,-0.4318226503640697,0.010616432877902315,0,
COVER__6639.pgm,6639.pgm,COVER,0,${BOSSBASE_ROOT}\cover\6639.pgm,0.010328152519305191,0.491455078125,0.51220703125,0.491455078125,0.51220703125,-0.4811269256056948,0,0.009746104052554064,0.50537109375,0.5322265625,0.50537109375,0.5322265625,-0.49562498969744595,0,0.007176881945656949,0.50048828125,0.548828125,0.50048828125,0.548828125,-0.49331139930434303,0,0.010652510839726164,0.52783203125,0.54833984375,0.52783203125,0.54833984375,-0.5171795204102738,0,0.008187909901696235,0.4921875,0.62451171875,0.4921875,0.62451171875,-0.4839995900983038,0,UNKNOWN,UNKNOWN_OR_COVER,WOW,MiPOD,-0.45022260251942137,-0.4531839173712954,0.0029613148518740084,0,
COVER__2592.pgm,2592.pgm,COVER,0,${BOSSBASE_ROOT}\cover\2592.pgm,0.009670992763446972,0.491455078125,0.51220703125,0.491455078125,0.51220703125,-0.48178408536155304,0,0.004520818046171076,0.50537109375,0.5322265625,0.50537109375,0.5322265625,-0.5008502757038289,0,0.008916127052872005,0.50048828125,0.548828125,0.50048828125,0.548828125,-0.491572154197128,0,0.010693757736175492,0.52783203125,0.54833984375,0.52783203125,0.54833984375,-0.5171382735138245,0,0.008847355082930386,0.4921875,0.62451171875,0.4921875,0.62451171875,-0.4833401449170696,0,UNKNOWN,UNKNOWN_OR_COVER,WOW,MiPOD,-0.4509000646810013,-0.4525041442413276,0.0016040795603263214,0,
COVER__3345.pgm,3345.pgm,COVER,0,${BOSSBASE_ROOT}\cover\3345.pgm,0.5014057122387316,0.491455078125,0.51220703125,0.491455078125,0.51220703125,0.009950634113731649,1,0.4986543687883194,0.50537109375,0.5322265625,0.50537109375,0.5322265625,-0.006716724961680576,0,0.5257797317055783,0.50048828125,0.548828125,0.50048828125,0.548828125,0.025291450455578346,1,0.5158790577589552,0.52783203125,0.54833984375,0.52783203125,0.54833984375,-0.01195297349104485,0,0.516610706369333,0.4921875,0.62451171875,0.4921875,0.62451171875,0.02442320636933304,1,HILL|MiPOD,AMBIGUOUS,HILL,MiPOD,0.07529145045557835,0.07442320636933304,0.0008682440862453067,3,"WOW,HILL,MiPOD"
COVER__9882.pgm,9882.pgm,COVER,0,${BOSSBASE_ROOT}\cover\9882.pgm,0.010611421330238862,0.491455078125,0.51220703125,0.491455078125,0.51220703125,-0.48084365679476115,0,0.012288597529701977,0.50537109375,0.5322265625,0.50537109375,0.5322265625,-0.49308249622029804,0,0.011463797377996032,0.50048828125,0.548828125,0.50048828125,0.548828125,-0.489024483872004,0,0.00912563738918052,0.52783203125,0.54833984375,0.52783203125,0.54833984375,-0.5187063938608195,0,0.02165667628125803,0.4921875,0.62451171875,0.4921875,0.62451171875,-0.470530823718742,0,UNKNOWN,UNKNOWN_OR_COVER,MiPOD,WOW,-0.43929729420406755,-0.449930578237617,0.010633284033549462,0,
COVER__4657.pgm,4657.pgm,COVER,0,${BOSSBASE_ROOT}\cover\4657.pgm,0.5169765041676061,0.491455078125,0.51220703125,0.491455078125,0.51220703125,0.0255214260426061,0,0.5086508700301117,0.50537109375,0.5322265625,0.50537109375,0.5322265625,0.003279776280111668,1,0.5154674752984637,0.50048828125,0.548828125,0.50048828125,0.548828125,0.014979194048463707,1,0.506171866682634,0.52783203125,0.54833984375,0.52783203125,0.54833984375,-0.02166016456736597,0,0.5161077054097464,0.4921875,0.62451171875,0.4921875,0.62451171875,0.023920205409746376,1,WOW|MiPOD,AMBIGUOUS,WOW,MiPOD,0.07528352019047263,0.07392020540974638,0.001363314780726252,4,"WOW,S-UNIWARD,HILL,MiPOD"
COVER__7069.pgm,7069.pgm,COVER,0,${BOSSBASE_ROOT}\cover\7069.pgm,0.009020279501402172,0.491455078125,0.51220703125,0.491455078125,0.51220703125,-0.48243479862359784,0,0.013325147705881429,0.50537109375,0.5322265625,0.50537109375,0.5322265625,-0.49204594604411855,0,0.010489091259938018,0.50048828125,0.548828125,0.50048828125,0.548828125,-0.489999189990062,0,0.008610767667510729,0.52783203125,0.54833984375,0.52783203125,0.54833984375,-0.5192212635824893,0,0.008412977570977689,0.4921875,0.62451171875,0.4921875,0.62451171875,-0.4837745224290223,0,UNKNOWN,UNKNOWN_OR_COVER,WOW,MiPOD,-0.45157086804773056,-0.45295191330982637,0.0013810452620958147,0,
COVER__5897.pgm,5897.pgm,COVER,0,${BOSSBASE_ROOT}\cover\5897.pgm,0.010448625445116808,0.491455078125,0.51220703125,0.491455078125,0.51220703125,-0.4810064526798832,0,0.010448625445116808,0.50537109375,0.5322265625,0.50537109375,0.5322265625,-0.4949224683048832,0,0.009974920824078675,0.50048828125,0.548828125,0.50048828125,0.548828125,-0.4905133604259213,0,0.009412589587609823,0.52783203125,0.54833984375,0.52783203125,0.54833984375,-0.5184194416623902,0,0.009783876017655003,0.4921875,0.62451171875,0.4921875,0.62451171875,-0.482403623982345,0,UNKNOWN,UNKNOWN_OR_COVER,WOW,MiPOD,-0.4500984062351099,-0.4515387312195165,0.0014403249844066046,0,
COVER__3642.pgm,3642.pgm,COVER,0,${BOSSBASE_ROOT}\cover\3642.pgm,0.009974920824078675,0.491455078125,0.51220703125,0.491455078125,0.51220703125,-0.4814801573009213,0,0.012527931992744795,0.50537109375,0.5322265625,0.50537109375,0.5322265625,-0.4928431617572552,0,0.010091315485195006,0.50048828125,0.548828125,0.50048828125,0.548828125,-0.490396965764805,0,0.008315778477474129,0.52783203125,0.54833984375,0.52783203125,0.54833984375,-0.5195162527725259,0,0.010489091259938018,0.4921875,0.62451171875,0.4921875,0.62451171875,-0.481698408740062,0,UNKNOWN,UNKNOWN_OR_COVER,WOW,MiPOD,-0.4505867486733016,-0.4508117419076052,0.0002249932343035832,0,
COVER__1363.pgm,1363.pgm,COVER,0,${BOSSBASE_ROOT}\cover\1363.pgm,0.550758385581716,0.491455078125,0.51220703125,0.491455078125,0.51220703125,0.05930330745671597,0,0.5062367065509524,0.50537109375,0.5322265625,0.50537109375,0.5322265625,0.0008656128009524311,1,0.4653874797246402,0.50048828125,0.548828125,0.50048828125,0.548828125,-0.035100801525359826,0,0.5084525638018927,0.52783203125,0.54833984375,0.52783203125,0.54833984375,-0.019379467448107257,0,0.5243642334075754,0.4921875,0.62451171875,0.4921875,0.62451171875,0.03217673340757543,1,WOW|MiPOD,AMBIGUOUS,WOW,MiPOD,0.10741242201883969,0.08217673340757543,0.025235688611264254,3,"WOW,S-UNIWARD,MiPOD"
COVER__7078.pgm,7078.pgm,COVER,0,${BOSSBASE_ROOT}\cover\7078.pgm,0.010169657753872614,0.491455078125,0.51220703125,0.491455078125,0.51220703125,-0.48128542037112737,0,0.016340128093601535,0.50537109375,0.5322265625,0.50537109375,0.5322265625,-0.4890309656563985,0,0.010735162609090678,0.50048828125,0.548828125,0.50048828125,0.548828125,-0.4897531186409093,0,0.009303949868393646,0.52783203125,0.54833984375,0.52783203125,0.54833984375,-0.5185280813816063,0,0.026607108569697214,0.4921875,0.62451171875,0.4921875,0.62451171875,-0.4655803914303028,0,UNKNOWN,UNKNOWN_OR_COVER,MiPOD,WOW,-0.4341918590937013,-0.45038599507014543,0.016194135976444146,0,
COVER__3608.pgm,3608.pgm,COVER,0,${BOSSBASE_ROOT}\cover\3608.pgm,0.010448625445116808,0.491455078125,0.51220703125,0.491455078125,0.51220703125,-0.4810064526798832,0,0.014172366191301682,0.50537109375,0.5322265625,0.50537109375,0.5322265625,-0.4911987275586983,0,0.011331753531361453,0.50048828125,0.548828125,0.50048828125,0.548828125,-0.48915652771863855,0,0.009412589587609823,0.52783203125,0.54833984375,0.52783203125,0.54833984375,-0.5184194416623902,0,0.011158031248084033,0.4921875,0.62451171875,0.4921875,0.62451171875,-0.481029468751916,0,UNKNOWN,UNKNOWN_OR_COVER,WOW,MiPOD,-0.4500984062351099,-0.4501221336807795,2.3727445669641245e-05,0,
COVER__3394.pgm,3394.pgm,COVER,0,${BOSSBASE_ROOT}\cover\3394.pgm,0.5033015724976124,0.491455078125,0.51220703125,0.491455078125,0.51220703125,0.011846494372612426,1,0.5054624291505668,0.50537109375,0.5322265625,0.50537109375,0.5322265625,9.133540056682765e-05,1,0.5073580198009727,0.50048828125,0.548828125,0.50048828125,0.548828125,0.006869738550972726,1,0.5009713160693998,0.52783203125,0.54833984375,0.52783203125,0.54833984375,-0.02686071518060018,0,0.5078347468593906,0.4921875,0.62451171875,0.4921875,0.62451171875,0.015647246859390562,1,MiPOD|WOW,AMBIGUOUS,MiPOD,WOW,0.06564724685939057,0.06184649437261243,0.003800752486778136,4,"WOW,S-UNIWARD,HILL,MiPOD"
COVER__4489.pgm,4489.pgm,COVER,0,${BOSSBASE_ROOT}\cover\4489.pgm,0.4459517497236135,0.491455078125,0.51220703125,0.491455078125,0.51220703125,-0.04550332840138649,0,0.5004265307345485,0.50537109375,0.5322265625,0.50537109375,0.5322265625,-0.004944563015451542,0,0.540529775868235,0.50048828125,0.548828125,0.50048828125,0.548828125,0.04004149461823503,1,0.593727062937765,0.52783203125,0.54833984375,0.52783203125,0.54833984375,0.065895031687765,0,0.5148729304022346,0.4921875,0.62451171875,0.4921875,0.62451171875,0.022685430402234585,1,HUGO|HILL,AMBIGUOUS,HUGO,HILL,0.11367640033406196,0.09004149461823503,0.023634905715826923,3,"HILL,HUGO,MiPOD"
COVER__3277.pgm,3277.pgm,COVER,0,${BOSSBASE_ROOT}\cover\3277.pgm,0.9202179865359069,0.491455078125,0.51220703125,0.491455078125,0.51220703125,0.4287629084109069,0,0.8691603027446185,0.50537109375,0.5322265625,0.50537109375,0.5322265625,0.36378920899461853,0,0.9997448586044048,0.50048828125,0.548828125,0.50048828125,0.548828125,0.49925657735440476,0,0.0005884088185569387,0.52783203125,0.54833984375,0.52783203125,0.54833984375,-0.5272436224314431,0,0.13318956718496608,0.4921875,0.62451171875,0.4921875,0.62451171875,-0.3589979328150339,0,HILL,ATTRIBUTED,HILL,WOW,0.5311087715702908,0.4620114881023353,0.06909728346795552,3,"WOW,S-UNIWARD,HILL"
COVER__9772.pgm,9772.pgm,COVER,0,${BOSSBASE_ROOT}\cover\9772.pgm,0.01507262830894569,0.491455078125,0.51220703125,0.491455078125,0.51220703125,-0.4763824498160543,0,0.12984343802049797,0.50537109375,0.5322265625,0.50537109375,0.5322265625,-0.37552765572950203,0,0.4918525278752759,0.50048828125,0.548828125,0.50048828125,0.548828125,-0.008635753374724109,0,0.6606104176951485,0.52783203125,0.54833984375,0.52783203125,0.54833984375,0.1327783864451485,0,0.9406808578965629,0.4921875,0.62451171875,0.4921875,0.62451171875,0.44849335789656286,0,MiPOD,ATTRIBUTED,MiPOD,HUGO,0.48494016530167916,0.17746850570225464,0.3074716595994245,2,"HUGO,MiPOD"
COVER__9254.pgm,9254.pgm,COVER,0,${BOSSBASE_ROOT}\cover\9254.pgm,0.15456732837004417,0.491455078125,0.51220703125,0.491455078125,0.51220703125,-0.33688774975495583,0,0.6607198838610993,0.50537109375,0.5322265625,0.50537109375,0.5322265625,0.15534879011109926,0,0.6420959138319301,0.50048828125,0.548828125,0.50048828125,0.548828125,0.1416076325819301,0,0.9669764476633727,0.52783203125,0.54833984375,0.52783203125,0.54833984375,0.43914441641337265,0,0.8073087763801484,0.4921875,0.62451171875,0.4921875,0.62451171875,0.3151212763801484,0,HUGO,ATTRIBUTED,HUGO,MiPOD,0.47204157870491886,0.3567681352216656,0.11527344348325325,4,"S-UNIWARD,HILL,HUGO,MiPOD"
COVER__6212.pgm,6212.pgm,COVER,0,${BOSSBASE_ROOT}\cover\6212.pgm,0.011331753531361453,0.491455078125,0.51220703125,0.491455078125,0.51220703125,-0.48012332459363855,0,0.01013041166358438,0.50537109375,0.5322265625,0.50537109375,0.5322265625,-0.49524068208641564,0,0.007815888789288626,0.50048828125,0.548828125,0.50048828125,0.548828125,-0.4926723924607114,0,0.012053779516236447,0.52783203125,0.54833984375,0.52783203125,0.54833984375,-0.5157782517337636,0,0.0077555367808475675,0.4921875,0.62451171875,0.4921875,0.62451171875,-0.48443196321915244,0,UNKNOWN,UNKNOWN_OR_COVER,WOW,MiPOD,-0.4491879703285822,-0.45362961148070585,0.004441641152123643,0,
COVER__2513.pgm,2513.pgm,COVER,0,${BOSSBASE_ROOT}\cover\2513.pgm,0.01159736182363297,0.491455078125,0.51220703125,0.491455078125,0.51220703125,-0.47985771630136703,0,0.010652510839726164,0.50537109375,0.5322265625,0.50537109375,0.5322265625,-0.4947185829102738,0,0.009936418705946226,0.50048828125,0.548828125,0.50048828125,0.548828125,-0.49055186254405375,0,0.03161876726864548,0.52783203125,0.54833984375,0.52783203125,0.54833984375,-0.4962132639813545,0,0.013848610215564576,0.4921875,0.62451171875,0.4921875,0.62451171875,-0.47833888978443545,0,UNKNOWN,UNKNOWN_OR_COVER,MiPOD,WOW,-0.44734828411478966,-0.4489141442583868,0.0015658601435971642,0,
COVER__4678.pgm,4678.pgm,COVER,0,${BOSSBASE_ROOT}\cover\4678.pgm,0.009936418705946226,0.491455078125,0.51220703125,0.491455078125,0.51220703125,-0.48151865941905375,0,0.034553623967204426,0.50537109375,0.5322265625,0.50537109375,0.5322265625,-0.4708174697827956,0,0.08961381665165222,0.50048828125,0.548828125,0.50048828125,0.548828125,-0.41087446459834776,0,0.292595299011739,0.52783203125,0.54833984375,0.52783203125,0.54833984375,-0.23523673223826103,0,0.32412842241943723,0.4921875,0.62451171875,0.4921875,0.62451171875,-0.16805907758056277,0,UNKNOWN,UNKNOWN_OR_COVER,MiPOD,HUGO,-0.1257938828455344,-0.19571754632961616,0.06992366348408177,0,
COVER__4095.pgm,4095.pgm,COVER,0,${BOSSBASE_ROOT}\cover\4095.pgm,0.5187747379674058,0.491455078125,0.51220703125,0.491455078125,0.51220703125,0.027319659842405808,0,0.49688915452050897,0.50537109375,0.5322265625,0.50537109375,0.5322265625,-0.008481939229491031,0,0.493892973393299,0.50048828125,0.548828125,0.50048828125,0.548828125,-0.006595307856700983,0,0.5001796483916225,0.52783203125,0.54833984375,0.52783203125,0.54833984375,-0.027652382858377456,0,0.501852980713669,0.4921875,0.62451171875,0.4921875,0.62451171875,0.009665480713669017,1,WOW|MiPOD,AMBIGUOUS,WOW,MiPOD,0.07699235051889045,0.05966548071366902,0.017326869805221426,2,"WOW,MiPOD"
COVER__6274.pgm,6274.pgm,COVER,0,${BOSSBASE_ROOT}\cover\6274.pgm,0.015663648711668327,0.491455078125,0.51220703125,0.491455078125,0.51220703125,-0.4757914294133317,0,0.019832710804008783,0.50537109375,0.5322265625,0.50537109375,0.5322265625,-0.4855383829459912,0,0.23616372986522194,0.50048828125,0.548828125,0.50048828125,0.548828125,-0.26432455138477806,0,0.46326212782803605,0.52783203125,0.54833984375,0.52783203125,0.54833984375,-0.06456990342196395,0,0.9554855697765151,0.4921875,0.62451171875,0.4921875,0.62451171875,0.4632980697765151,0,MiPOD,ATTRIBUTED,MiPOD,HUGO,0.499209267257217,-0.017696374443462726,0.5169056417006797,1,MiPOD
COVER__1586.pgm,1586.pgm,COVER,0,${BOSSBASE_ROOT}\cover\1586.pgm,0.009821792919693043,0.491455078125,0.51220703125,0.491455078125,0.51220703125,-0.48163328520530696,0,0.010328152519305191,0.50537109375,0.5322265625,0.50537109375,0.5322265625,-0.4950429412306948,0,0.007695647178392188,0.50048828125,0.548828125,0.50048828125,0.548828125,-0.49279263407160784,0,0.009783876017655003,0.52783203125,0.54833984375,0.52783203125,0.54833984375,-0.518048155232345,0,0.008511303026562552,0.4921875,0.62451171875,0.4921875,0.62451171875,-0.48367619697343744,0,UNKNOWN,UNKNOWN_OR_COVER,WOW,MiPOD,-0.45074460685843154,-0.4528505570581578,0.0021059501997262586,0,
COVER__6375.pgm,6375.pgm,COVER,0,${BOSSBASE_ROOT}\cover\6375.pgm,0.014672034915237494,0.491455078125,0.51220703125,0.491455078125,0.51220703125,-0.4767830432097625,0,0.022243667583876928,0.50537109375,0.5322265625,0.50537109375,0.5322265625,-0.4831274261661231,0,0.10594828713637978,0.50048828125,0.548828125,0.50048828125,0.548828125,-0.39453999411362023,0,0.15469498496744785,0.52783203125,0.54833984375,0.52783203125,0.54833984375,-0.3731370462825522,0,0.0984254123665623,0.4921875,0.62451171875,0.4921875,0.62451171875,-0.3937620876334377,0,UNKNOWN,UNKNOWN_OR_COVER,HUGO,MiPOD,-0.33870850326751606,-0.36003636200861905,0.02132785874110299,0,
COVER__5543.pgm,5543.pgm,COVER,0,${BOSSBASE_ROOT}\cover\5543.pgm,0.009746104052554064,0.491455078125,0.51220703125,0.491455078125,0.51220703125,-0.48170897407244595,0,0.006145092084085153,0.50537109375,0.5322265625,0.50537109375,0.5322265625,-0.49922600166591485,0,0.007232763803479049,0.50048828125,0.548828125,0.50048828125,0.548828125,-0.49325551744652096,0,0.00740301408887263,0.52783203125,0.54833984375,0.52783203125,0.54833984375,-0.5204290171611273,0,0.00834805380978326,0.4921875,0.62451171875,0.4921875,0.62451171875,-0.48383944619021674,0,UNKNOWN,UNKNOWN_OR_COVER,WOW,MiPOD,-0.45082263356616664,-0.4530188381257759,0.0021962045596092827,0,
COVER__1614.pgm,1614.pgm,COVER,0,${BOSSBASE_ROOT}\cover\1614.pgm,0.03155901917057399,0.491455078125,0.51220703125,0.491455078125,0.51220703125,-0.459896058954426,0,0.2874676784106675,0.50537109375,0.5322265625,0.50537109375,0.5322265625,-0.2179034153393325,0,0.012431650853185818,0.50048828125,0.548828125,0.50048828125,0.548828125,-0.4880566303968142,0,0.014785407692390527,0.52783203125,0.54833984375,0.52783203125,0.54833984375,-0.5130466235576094,0,0.44486621385440717,0.4921875,0.62451171875,0.4921875,0.62451171875,-0.047321286145592834,0,MiPOD,ATTRIBUTED,MiPOD,S-UNIWARD,0.00036775944267225524,-0.17769325975931854,0.1780610192019908,0,
COVER__2878.pgm,2878.pgm,COVER,0,${BOSSBASE_ROOT}\cover\2878.pgm,0.5230701553387452,0.491455078125,0.51220703125,0.491455078125,0.51220703125,0.031615077213745235,0,0.5114039667519901,0.50537109375,0.5322265625,0.50537109375,0.5322265625,0.006032873001990069,1,0.5044630772613841,0.50048828125,0.548828125,0.50048828125,0.548828125,0.003974796011384063,1,0.5296435393643741,0.52783203125,0.54833984375,0.52783203125,0.54833984375,0.0018115081143741385,1,0.5178147215357729,0.4921875,0.62451171875,0.4921875,0.62451171875,0.025627221535772904,1,WOW|MiPOD,AMBIGUOUS,WOW,MiPOD,0.08107486054213345,0.0756272215357729,0.005447639006360541,5,"WOW,S-UNIWARD,HILL,HUGO,MiPOD"
COVER__7335.pgm,7335.pgm,COVER,0,${BOSSBASE_ROOT}\cover\7335.pgm,0.8053261685809909,0.491455078125,0.51220703125,0.491455078125,0.51220703125,0.31387109045599093,0,0.11596071825396677,0.50537109375,0.5322265625,0.50537109375,0.5322265625,-0.38941037549603325,0,0.5634380138870771,0.50048828125,0.548828125,0.50048828125,0.548828125,0.06294973263707715,0,0.037326887344129464,0.52783203125,0.54833984375,0.52783203125,0.54833984375,-0.4905051439058705,0,0.679178699175393,0.4921875,0.62451171875,0.4921875,0.62451171875,0.18699119917539297,0,WOW,ATTRIBUTED,WOW,MiPOD,0.3511677538012268,0.23433121910160393,0.11683653469962285,3,"WOW,HILL,MiPOD"
COVER__3181.pgm,3181.pgm,COVER,0,${BOSSBASE_ROOT}\cover\3181.pgm,0.3160525356697572,0.491455078125,0.51220703125,0.491455078125,0.51220703125,-0.17540254245524278,0,0.2941135895188664,0.50537109375,0.5322265625,0.50537109375,0.5322265625,-0.2112575042311336,0,0.5228722097711652,0.50048828125,0.548828125,0.50048828125,0.548828125,0.02238392852116522,1,0.5144308055312528,0.52783203125,0.54833984375,0.52783203125,0.54833984375,-0.013401225718747245,0,0.47811762460021967,0.4921875,0.62451171875,0.4921875,0.62451171875,-0.01406987539978033,0,HILL,ATTRIBUTED,HILL,HUGO,0.07238392852116522,0.035933182827230375,0.03645074569393485,1,HILL
COVER__9145.pgm,9145.pgm,COVER,0,${BOSSBASE_ROOT}\cover\9145.pgm,0.00959645473238191,0.491455078125,0.51220703125,0.491455078125,0.51220703125,-0.4818586233926181,0,0.008445626941126032,0.50537109375,0.5322265625,0.50537109375,0.5322265625,-0.49692546680887395,0,0.008061991528271641,0.50048828125,0.548828125,0.50048828125,0.548828125,-0.49242628972172836,0,0.008187909901696235,0.52783203125,0.54833984375,0.52783203125,0.54833984375,-0.5196441213483037,0,0.008985428752560176,0.4921875,0.62451171875,0.4921875,0.62451171875,-0.4832020712474398,0,UNKNOWN,UNKNOWN_OR_COVER,WOW,MiPOD,-0.45097690466036683,-0.4523618126379803,0.001384907977613481,0,
COVER__9588.pgm,9588.pgm,COVER,0,${BOSSBASE_ROOT}\cover\9588.pgm,0.10447732313023693,0.491455078125,0.51220703125,0.491455078125,0.51220703125,-0.38697775499476306,0,0.11536140159594613,0.50537109375,0.5322265625,0.50537109375,0.5322265625,-0.3900096921540539,0,0.8175744761936437,0.50048828125,0.548828125,0.50048828125,0.548828125,0.31708619494364365,0,0.3132096615361948,0.52783203125,0.54833984375,0.52783203125,0.54833984375,-0.21462236971380522,0,0.54691965128964,0.4921875,0.62451171875,0.4921875,0.62451171875,0.05473215128964004,1,HILL,ATTRIBUTED,HILL,MiPOD,0.35530305015647234,0.10473215128964004,0.2505708988668323,2,"HILL,MiPOD"
COVER__6442.pgm,6442.pgm,COVER,0,${BOSSBASE_ROOT}\cover\6442.pgm,0.10875559035596578,0.491455078125,0.51220703125,0.491455078125,0.51220703125,-0.38269948776903423,0,0.48778014380473916,0.50537109375,0.5322265625,0.50537109375,0.5322265625,-0.017590949945260836,0,0.5303733229064748,0.50048828125,0.548828125,0.50048828125,0.548828125,0.029885041656474765,1,0.5140115283124936,0.52783203125,0.54833984375,0.52783203125,0.54833984375,-0.013820502937506363,0,0.5742157087849007,0.4921875,0.62451171875,0.4921875,0.62451171875,0.08202820878490069,1,MiPOD,ATTRIBUTED,MiPOD,HILL,0.13202820878490068,0.07988504165647477,0.05214316712842591,2,"HILL,MiPOD"
COVER__1529.pgm,1529.pgm,COVER,0,${BOSSBASE_ROOT}\cover\1529.pgm,0.01028830113371619,0.491455078125,0.51220703125,0.491455078125,0.51220703125,-0.4811667769912838,0,0.013171949881556448,0.50537109375,0.5322265625,0.50537109375,0.5322265625,-0.49219914386844354,0,0.010408314101072437,0.50048828125,0.548828125,0.50048828125,0.548828125,-0.49007996714892754,0,0.032405517498642296,0.52783203125,0.54833984375,0.52783203125,0.54833984375,-0.4954265137513577,0,0.05791808743947446,0.4921875,0.62451171875,0.4921875,0.62451171875,-0.43426941256052554,0,UNKNOWN,UNKNOWN_OR_COVER,MiPOD,WOW,-0.40188252639566346,-0.4502636854605663,0.04838115906490281,0,
COVER__9042.pgm,9042.pgm,COVER,0,${BOSSBASE_ROOT}\cover\9042.pgm,0.29655238466488915,0.491455078125,0.51220703125,0.491455078125,0.51220703125,-0.19490269346011085,0,0.47691461837850446,0.50537109375,0.5322265625,0.50537109375,0.5322265625,-0.028456475371495538,0,0.45801535502220886,0.50048828125,0.548828125,0.50048828125,0.548828125,-0.04247292622779114,0,0.5172813217854785,0.52783203125,0.54833984375,0.52783203125,0.54833984375,-0.010550709464521524,0,0.5131805393956809,0.4921875,0.62451171875,0.4921875,0.62451171875,0.020993039395680868,1,MiPOD,ATTRIBUTED,MiPOD,HUGO,0.07099303939568087,0.03892452823744988,0.03206851115823099,1,MiPOD
COVER__3196.pgm,3196.pgm,COVER,0,${BOSSBASE_ROOT}\cover\3196.pgm,0.010368156650788152,0.491455078125,0.51220703125,0.491455078125,0.51220703125,-0.48108692147421184,0,0.02696349986233355,0.50537109375,0.5322265625,0.50537109375,0.5322265625,-0.47840759388766646,0,0.532668238993261,0.50048828125,0.548828125,0.50048828125,0.548828125,0.03217995774326099,1,0.5026054146506538,0.52783203125,0.54833984375,0.52783203125,0.54833984375,-0.02522661659934622,0,0.545134373808361,0.4921875,0.62451171875,0.4921875,0.62451171875,0.05294687380836105,1,MiPOD|HILL,AMBIGUOUS,MiPOD,HILL,0.10294687380836105,0.08217995774326099,0.02076691606510006,2,"HILL,MiPOD"
COVER__2106.pgm,2106.pgm,COVER,0,${BOSSBASE_ROOT}\cover\2106.pgm,0.07263670636078697,0.491455078125,0.51220703125,0.491455078125,0.51220703125,-0.41881837176421305,0,0.038683497086407705,0.50537109375,0.5322265625,0.50537109375,0.5322265625,-0.4666875966635923,0,0.800067893575815,0.50048828125,0.548828125,0.50048828125,0.548828125,0.299579612325815,0,0.01374232049590237,0.52783203125,0.54833984375,0.52783203125,0.54833984375,-0.5140897107540976,0,0.007725534397423479,0.4921875,0.62451171875,0.4921875,0.62451171875,-0.48446196560257654,0,HILL,ATTRIBUTED,HILL,WOW,0.3384714047560671,-0.3859271885757345,0.7243985933318016,1,HILL
COVER__9859.pgm,9859.pgm,COVER,0,${BOSSBASE_ROOT}\cover\9859.pgm,0.011419614645648401,0.491455078125,0.51220703125,0.491455078125,0.51220703125,-0.4800354634793516,0,0.01020905431880827,0.50537109375,0.5322265625,0.50537109375,0.5322265625,-0.49516203943119175,0,0.021165618205957883,0.50048828125,0.548828125,0.50048828125,0.548828125,-0.47932266304404214,0,0.010169657753872614,0.52783203125,0.54833984375,0.52783203125,0.54833984375,-0.5176623734961274,0,0.040389068730851706,0.4921875,0.62451171875,0.4921875,0.62451171875,-0.4517984312691483,0,UNKNOWN,UNKNOWN_OR_COVER,MiPOD,HILL,-0.4199743086813563,-0.44836253011196336,0.02838822143060704,0,
COVER__114.pgm,114.pgm,COVER,0,${BOSSBASE_ROOT}\cover\114.pgm,0.012970386437368456,0.491455078125,0.51220703125,0.491455078125,0.51220703125,-0.4784846916876315,0,0.015306354560694808,0.50537109375,0.5322265625,0.50537109375,0.5322265625,-0.4900647391893052,0,0.6467949306323344,0.50048828125,0.548828125,0.50048828125,0.548828125,0.1463066493823344,0,0.1106632282411388,0.52783203125,0.54833984375,0.52783203125,0.54833984375,-0.41716880300886117,0,0.4013944630289347,0.4921875,0.62451171875,0.4921875,0.62451171875,-0.09079303697106528,0,HILL,ATTRIBUTED,HILL,MiPOD,0.1916405993768586,-0.045132702402790534,0.23677330177964911,1,HILL
COVER__9269.pgm,9269.pgm,COVER,0,${BOSSBASE_ROOT}\cover\9269.pgm,0.008847355082930386,0.491455078125,0.51220703125,0.491455078125,0.51220703125,-0.4826077230420696,0,0.008644177936723585,0.50537109375,0.5322265625,0.50537109375,0.5322265625,-0.49672691581327644,0,0.009898063716023652,0.50048828125,0.548828125,0.50048828125,0.548828125,-0.49059021753397636,0,0.007260866498285615,0.52783203125,0.54833984375,0.52783203125,0.54833984375,-0.5205711647517144,0,0.007695647178392188,0.4921875,0.62451171875,0.4921875,0.62451171875,-0.48449185282160784,0,UNKNOWN,UNKNOWN_OR_COVER,WOW,MiPOD,-0.4517491291320157,-0.45369134576852227,0.0019422166365065663,0,
COVER__7304.pgm,7304.pgm,COVER,0,${BOSSBASE_ROOT}\cover\7304.pgm,0.01020905431880827,0.491455078125,0.51220703125,0.491455078125,0.51220703125,-0.48124602380619175,0,0.007695647178392188,0.50537109375,0.5322265625,0.50537109375,0.5322265625,-0.49767544657160784,0,0.009936418705946226,0.50048828125,0.548828125,0.50048828125,0.548828125,-0.49055186254405375,0,0.008950711436881996,0.52783203125,0.54833984375,0.52783203125,0.54833984375,-0.518881319813118,0,0.011508149064303403,0.4921875,0.62451171875,0.4921875,0.62451171875,-0.4806793509356966,0,UNKNOWN,UNKNOWN_OR_COVER,MiPOD,WOW,-0.44976119276132975,-0.4503453811500148,0.0005841883886850696,0,
COVER__9132.pgm,9132.pgm,COVER,0,${BOSSBASE_ROOT}\cover\9132.pgm,0.009055264186722086,0.491455078125,0.51220703125,0.491455078125,0.51220703125,-0.4823998139382779,0,0.007846239292520898,0.50537109375,0.5322265625,0.50537109375,0.5322265625,-0.4975248544574791,0,0.011961098249809548,0.50048828125,0.548828125,0.50048828125,0.548828125,-0.48852718300019043,0,0.011115013721477563,0.52783203125,0.54833984375,0.52783203125,0.54833984375,-0.5167170175285224,0,0.009898063716023652,0.4921875,0.62451171875,0.4921875,0.62451171875,-0.48228943628397636,0,UNKNOWN,UNKNOWN_OR_COVER,MiPOD,WOW,-0.45142101892885417,-0.45153480357862386,0.00011378464976968816,0,
COVER__7513.pgm,7513.pgm,COVER,0,${BOSSBASE_ROOT}\cover\7513.pgm,0.2936069821474395,0.491455078125,0.51220703125,0.491455078125,0.51220703125,-0.19784809597756048,0,0.4863620262030432,0.50537109375,0.5322265625,0.50537109375,0.5322265625,-0.019009067546956804,0,0.4276357258485788,0.50048828125,0.548828125,0.50048828125,0.548828125,-0.07285255540142122,0,0.4042134336691412,0.52783203125,0.54833984375,0.52783203125,0.54833984375,-0.1236185975808588,0,2.144494842091395e-05,0.4921875,0.62451171875,0.4921875,0.62451171875,-0.49216605505157907,0,S-UNIWARD,ATTRIBUTED,S-UNIWARD,HILL,0.03004945572270331,-0.026365660163809708,0.05641511588651302,0,
COVER__3380.pgm,3380.pgm,COVER,0,${BOSSBASE_ROOT}\cover\3380.pgm,0.6147409883333945,0.491455078125,0.51220703125,0.491455078125,0.51220703125,0.12328591020839452,0,0.26340987618652845,0.50537109375,0.5322265625,0.50537109375,0.5322265625,-0.24196121756347155,0,1.9252497983544177e-08,0.50048828125,0.548828125,0.50048828125,0.548828125,-0.5004882619975021,0,0.011869121046339474,0.52783203125,0.54833984375,0.52783203125,0.54833984375,-0.5159629102036605,0,0.005957153763749635,0.4921875,0.62451171875,0.4921875,0.62451171875,-0.4862303462362504,0,WOW,ATTRIBUTED,WOW,S-UNIWARD,0.16841328527598415,-0.2027068863367912,0.37112017161277533,1,WOW
COVER__4860.pgm,4860.pgm,COVER,0,${BOSSBASE_ROOT}\cover\4860.pgm,0.011072160183234295,0.491455078125,0.51220703125,0.491455078125,0.51220703125,-0.4803829179417657,0,0.011961098249809548,0.50537109375,0.5322265625,0.50537109375,0.5322265625,-0.49340999550019043,0,0.009055264186722086,0.50048828125,0.548828125,0.50048828125,0.548828125,-0.4914330170632779,0,0.010091315485195006,0.52783203125,0.54833984375,0.52783203125,0.54833984375,-0.517740715764805,0,0.01020905431880827,0.4921875,0.62451171875,0.4921875,0.62451171875,-0.48197844568119175,0,UNKNOWN,UNKNOWN_OR_COVER,WOW,MiPOD,-0.4494555932466419,-0.45110042704547265,0.001644833798830736,0,
COVER__2927.pgm,2927.pgm,COVER,0,${BOSSBASE_ROOT}\cover\2927.pgm,0.3728476666386633,0.491455078125,0.51220703125,0.491455078125,0.51220703125,-0.11860741148633669,0,0.4757727714412339,0.50537109375,0.5322265625,0.50537109375,0.5322265625,-0.02959832230876608,0,0.4531105977295602,0.50048828125,0.548828125,0.50048828125,0.548828125,-0.047377683520439806,0,0.4905177995960625,0.52783203125,0.54833984375,0.52783203125,0.54833984375,-0.03731423165393749,0,0.4900907141855651,0.4921875,0.62451171875,0.4921875,0.62451171875,-0.0020967858144348983,0,MiPOD|S-UNIWARD,AMBIGUOUS,MiPOD,S-UNIWARD,0.047798484730831224,0.018943448599665277,0.028855036131165947,0,
COVER__5916.pgm,5916.pgm,COVER,0,${BOSSBASE_ROOT}\cover\5916.pgm,0.009376237450848677,0.491455078125,0.51220703125,0.491455078125,0.51220703125,-0.4820788406741513,0,0.009746104052554064,0.50537109375,0.5322265625,0.50537109375,0.5322265625,-0.49562498969744595,0,0.008412977570977689,0.50048828125,0.548828125,0.50048828125,0.548828125,-0.4920753036790223,0,0.007176881945656949,0.52783203125,0.54833984375,0.52783203125,0.54833984375,-0.5206551493043431,0,0.008283626886030505,0.4921875,0.62451171875,0.4921875,0.62451171875,-0.4839038731139695,0,UNKNOWN,UNKNOWN_OR_COVER,WOW,MiPOD,-0.45120392188128877,-0.4530852506625303,0.0018813287812415314,0,
COVER__105.pgm,105.pgm,COVER,0,${BOSSBASE_ROOT}\cover\105.pgm,0.011115013721477563,0.491455078125,0.51220703125,0.491455078125,0.51220703125,-0.48034006440352245,0,0.0265061267985294,0.50537109375,0.5322265625,0.50537109375,0.5322265625,-0.4788649669514706,0,0.0143370304240108,0.50048828125,0.548828125,0.50048828125,0.548828125,-0.4861512508259892,0,0.055617611604601505,0.52783203125,0.54833984375,0.52783203125,0.54833984375,-0.4722144196453985,0,0.02706617566513358,0.4921875,0.62451171875,0.4921875,0.62451171875,-0.4651213243348664,0,UNKNOWN,UNKNOWN_OR_COVER,MiPOD,HUGO,-0.43371837924793855,-0.441033430532976,0.007315051285037455,0,
COVER__1648.pgm,1648.pgm,COVER,0,${BOSSBASE_ROOT}\cover\1648.pgm,0.011869121046339474,0.491455078125,0.51220703125,0.491455078125,0.51220703125,-0.47958595707866053,0,0.27737510080031286,0.50537109375,0.5322265625,0.50537109375,0.5322265625,-0.22799599294968714,0,0.010448625445116808,0.50048828125,0.548828125,0.50048828125,0.548828125,-0.4900396558048832,0,0.012527931992744795,0.52783203125,0.54833984375,0.52783203125,0.54833984375,-0.5153040992572552,0,0.05252167470973657,0.4921875,0.62451171875,0.4921875,0.62451171875,-0.43966582529026343,0,UNKNOWN,UNKNOWN_OR_COVER,S-UNIWARD,MiPOD,-0.18818962045209667,-0.40745324140366956,0.2192636209515729,0,
COVER__5078.pgm,5078.pgm,COVER,0,${BOSSBASE_ROOT}\cover\5078.pgm,0.010448625445116808,0.491455078125,0.51220703125,0.491455078125,0.51220703125,-0.4810064526798832,0,0.00959645473238191,0.50537109375,0.5322265625,0.50537109375,0.5322265625,-0.4957746390176181,0,0.16559311363082369,0.50048828125,0.548828125,0.50048828125,0.548828125,-0.3348951676191763,0,0.012970386437368456,0.52783203125,0.54833984375,0.52783203125,0.54833984375,-0.5148616448126315,0,0.014842417234248268,0.4921875,0.62451171875,0.4921875,0.62451171875,-0.4773450827657517,0,UNKNOWN,UNKNOWN_OR_COVER,HILL,MiPOD,-0.2991245135752711,-0.4463236631056343,0.14719914953036323,0,
COVER__98.pgm,98.pgm,COVER,0,${BOSSBASE_ROOT}\cover\98.pgm,0.05845324104109674,0.491455078125,0.51220703125,0.491455078125,0.51220703125,-0.4330018370839033,0,0.1631785638297854,0.50537109375,0.5322265625,0.50537109375,0.5322265625,-0.3421925299202146,0,0.37943586882639746,0.50048828125,0.548828125,0.50048828125,0.548828125,-0.12105241242360254,0,0.029145972818990035,0.52783203125,0.54833984375,0.52783203125,0.54833984375,-0.49868605843101,0,0.7895584005189641,0.4921875,0.62451171875,0.4921875,0.62451171875,0.2973709005189641,0,MiPOD,ATTRIBUTED,MiPOD,HILL,0.33976360671065214,-0.07675303634247088,0.416516643053123,1,MiPOD
COVER__2359.pgm,2359.pgm,COVER,0,${BOSSBASE_ROOT}\cover\2359.pgm,0.013121271126550956,0.491455078125,0.51220703125,0.491455078125,0.51220703125,-0.478333806998449,0,0.00041568947702267777,0.50537109375,0.5322265625,0.50537109375,0.5322265625,-0.5049554042729774,0,0.008093289897373068,0.50048828125,0.548828125,0.50048828125,0.548828125,-0.49239499135262693,0,0.01052971212461742,0.52783203125,0.54833984375,0.52783203125,0.54833984375,-0.5173023191253826,0,0.01646617504750254,0.4921875,0.62451171875,0.4921875,0.62451171875,-0.47572132495249747,0,UNKNOWN,UNKNOWN_OR_COVER,MiPOD,WOW,-0.44464949310231133,-0.44734304380978673,0.0026935507074754006,0,
COVER__1747.pgm,1747.pgm,COVER,0,${BOSSBASE_ROOT}\cover\1747.pgm,0.5085059542045265,0.491455078125,0.51220703125,0.491455078125,0.51220703125,0.01705087607952649,1,0.5084220549137417,0.50537109375,0.5322265625,0.50537109375,0.5322265625,0.0030509611637417056,1,0.5060193014715051,0.50048828125,0.548828125,0.50048828125,0.548828125,0.00553102022150509,1,0.49983167648951304,0.52783203125,0.54833984375,0.52783203125,0.54833984375,-0.028000354760486956,0,0.5127764539500035,0.4921875,0.62451171875,0.4921875,0.62451171875,0.020588953950003486,1,MiPOD|WOW,AMBIGUOUS,MiPOD,WOW,0.07058895395000349,0.06705087607952649,0.0035380778704769966,4,"WOW,S-UNIWARD,HILL,MiPOD"
COVER__4700.pgm,4700.pgm,COVER,0,${BOSSBASE_ROOT}\cover\4700.pgm,0.3990502844020601,0.491455078125,0.51220703125,0.491455078125,0.51220703125,-0.09240479372293992,0,0.5330328691150773,0.50537109375,0.5322265625,0.50537109375,0.5322265625,0.0276617753650773,0,0.32498474864166776,0.50048828125,0.548828125,0.50048828125,0.548828125,-0.17550353260833224,0,0.5726630311852342,0.52783203125,0.54833984375,0.52783203125,0.54833984375,0.044830999935234206,0,0.5849826152010165,0.4921875,0.62451171875,0.4921875,0.62451171875,0.09279511520101646,1,MiPOD,ATTRIBUTED,MiPOD,HUGO,0.14279511520101645,0.09362951180845439,0.04916560339256207,3,"S-UNIWARD,HUGO,MiPOD"
COVER__8201.pgm,8201.pgm,COVER,0,${BOSSBASE_ROOT}\cover\8201.pgm,0.013532148655407106,0.491455078125,0.51220703125,0.491455078125,0.51220703125,-0.4779229294695929,0,0.010408314101072437,0.50537109375,0.5322265625,0.50537109375,0.5322265625,-0.49496277964892754,0,0.01098694263059318,0.50048828125,0.548828125,0.50048828125,0.548828125,-0.4895013386194068,0,0.008380453351026062,0.52783203125,0.54833984375,0.52783203125,0.54833984375,-0.5194515778989739,0,0.011375600238837661,0.4921875,0.62451171875,0.4921875,0.62451171875,-0.48081189976116234,0,UNKNOWN,UNKNOWN_OR_COVER,WOW,MiPOD,-0.4469194302564403,-0.44989783948075557,0.0029784092243152482,0,
COVER__8450.pgm,8450.pgm,COVER,0,${BOSSBASE_ROOT}\cover\8450.pgm,0.01672114370544215,0.491455078125,0.51220703125,0.491455078125,0.51220703125,-0.47473393441955786,0,0.41697468906382473,0.50537109375,0.5322265625,0.50537109375,0.5322265625,-0.08839640468617527,0,0.7939060198898384,0.50048828125,0.548828125,0.50048828125,0.548828125,0.29341773863983844,0,0.7479843044691752,0.52783203125,0.54833984375,0.52783203125,0.54833984375,0.2201522732191752,0,0.8013146462095748,0.4921875,0.62451171875,0.4921875,0.62451171875,0.3091271462095748,0,MiPOD|HILL,AMBIGUOUS,MiPOD,HILL,0.3510243914187342,0.3325499172364684,0.018474474182265832,3,"HILL,HUGO,MiPOD"
COVER__4891.pgm,4891.pgm,COVER,0,${BOSSBASE_ROOT}\cover\4891.pgm,0.01098694263059318,0.491455078125,0.51220703125,0.491455078125,0.51220703125,-0.4804681354944068,0,0.01028830113371619,0.50537109375,0.5322265625,0.50537109375,0.5322265625,-0.4950827926162838,0,0.009340024385054083,0.50048828125,0.548828125,0.50048828125,0.548828125,-0.4911482568649459,0,0.008847355082930386,0.52783203125,0.54833984375,0.52783203125,0.54833984375,-0.5189846761670696,0,0.009485713170795206,0.4921875,0.62451171875,0.4921875,0.62451171875,-0.4827017868292048,0,UNKNOWN,UNKNOWN_OR_COVER,WOW,MiPOD,-0.4495434462379089,-0.45184609545884563,0.002302649220936759,0,
COVER__40.pgm,40.pgm,COVER,0,${BOSSBASE_ROOT}\cover\40.pgm,0.009376237450848677,0.491455078125,0.51220703125,0.491455078125,0.51220703125,-0.4820788406741513,0,0.011687257995694434,0.50537109375,0.5322265625,0.50537109375,0.5322265625,-0.4936838357543056,0,0.01024860192315863,0.50048828125,0.548828125,0.50048828125,0.548828125,-0.49023967932684137,0,0.008881675100847034,0.52783203125,0.54833984375,0.52783203125,0.54833984375,-0.518950356149153,0,0.011029470022501837,0.4921875,0.62451171875,0.4921875,0.62451171875,-0.4811580299774982,0,UNKNOWN,UNKNOWN_OR_COVER,MiPOD,WOW,-0.4502546681358308,-0.45120392188128877,0.0009492537454579564,0,
COVER__6053.pgm,6053.pgm,COVER,0,${BOSSBASE_ROOT}\cover\6053.pgm,0.010818448652863185,0.491455078125,0.51220703125,0.491455078125,0.51220703125,-0.4806366294721368,0,0.007289077583591924,0.50537109375,0.5322265625,0.50537109375,0.5322265625,-0.49808201616640807,0,0.01507262830894569,0.50048828125,0.548828125,0.50048828125,0.548828125,-0.4854156529410543,0,0.01495708659314999,0.52783203125,0.54833984375,0.52783203125,0.54833984375,-0.51287494465685,0,0.013795364421185227,0.4921875,0.62451171875,0.4921875,0.62451171875,-0.47839213557881477,0,UNKNOWN,UNKNOWN_OR_COVER,MiPOD,WOW,-0.447403179984656,-0.4497171504005871,0.002313970415931066,0,
COVER__4102.pgm,4102.pgm,COVER,0,${BOSSBASE_ROOT}\cover\4102.pgm,0.5058591067938315,0.491455078125,0.51220703125,0.491455078125,0.51220703125,0.014404028668831503,1,0.49399595511173267,0.50537109375,0.5322265625,0.50537109375,0.5322265625,-0.011375138638267335,0,0.5120978580697969,0.50048828125,0.548828125,0.50048828125,0.548828125,0.011609576819796907,1,0.13683891790156238,0.52783203125,0.54833984375,0.52783203125,0.54833984375,-0.3909931133484376,0,0.49909114937742577,0.4921875,0.62451171875,0.4921875,0.62451171875,0.006903649377425769,1,WOW|HILL,AMBIGUOUS,WOW,HILL,0.0644040286688315,0.06160957681979691,0.002794451849034596,3,"WOW,HILL,MiPOD"
COVER__5152.pgm,5152.pgm,COVER,0,${BOSSBASE_ROOT}\cover\5152.pgm,0.09859886446869567,0.491455078125,0.51220703125,0.491455078125,0.51220703125,-0.3928562136563043,0,0.41917235542073045,0.50537109375,0.5322265625,0.50537109375,0.5322265625,-0.08619873832926955,0,0.3120554497054056,0.50048828125,0.548828125,0.50048828125,0.548828125,-0.1884328315445944,0,0.005819959584259008,0.52783203125,0.54833984375,0.52783203125,0.54833984375,-0.522012071665741,0,0.8394709400397776,0.4921875,0.62451171875,0.4921875,0.62451171875,0.3472834400397776,0,MiPOD,ATTRIBUTED,MiPOD,S-UNIWARD,0.387612156568158,-0.0403281439194913,0.4279403004876493,1,MiPOD
COVER__5013.pgm,5013.pgm,COVER,0,${BOSSBASE_ROOT}\cover\5013.pgm,0.009449081319055452,0.491455078125,0.51220703125,0.491455078125,0.51220703125,-0.4820059968059445,0,0.008219693061967886,0.50537109375,0.5322265625,0.50537109375,0.5322265625,-0.4971514006880321,0,0.011732463956348185,0.50048828125,0.548828125,0.50048828125,0.548828125,-0.4887558172936518,0,0.008219693061967886,0.52783203125,0.54833984375,0.52783203125,0.54833984375,-0.5196123381880321,0,0.01024860192315863,0.4921875,0.62451171875,0.4921875,0.62451171875,-0.48193889807684137,0,UNKNOWN,UNKNOWN_OR_COVER,MiPOD,WOW,-0.451059658265311,-0.4511288288826499,6.917061733885399e-05,0,
COVER__329.pgm,329.pgm,COVER,0,${BOSSBASE_ROOT}\cover\329.pgm,0.013273887454385737,0.491455078125,0.51220703125,0.491455078125,0.51220703125,-0.47818119067061426,0,0.168719941496583,0.50537109375,0.5322265625,0.50537109375,0.5322265625,-0.336651152253417,0,0.063019471575115,0.50048828125,0.548828125,0.50048828125,0.548828125,-0.437468809674885,0,0.08181271217150776,0.52783203125,0.54833984375,0.52783203125,0.54833984375,-0.44601931907849224,0,0.09122006170987909,0.4921875,0.62451171875,0.4921875,0.62451171875,-0.40096743829012094,0,UNKNOWN,UNKNOWN_OR_COVER,S-UNIWARD,MiPOD,-0.3009432558115512,-0.36748384497292347,0.06654058916137229,0,
COVER__9886.pgm,9886.pgm,COVER,0,${BOSSBASE_ROOT}\cover\9886.pgm,0.010328152519305191,0.491455078125,0.51220703125,0.491455078125,0.51220703125,-0.4811269256056948,0,0.5567611007442027,0.50537109375,0.5322265625,0.50537109375,0.5322265625,0.05139000699420271,0,0.01020905431880827,0.50048828125,0.548828125,0.50048828125,0.548828125,-0.49027922693119175,0,0.8436376325170074,0.52783203125,0.54833984375,0.52783203125,0.54833984375,0.3158056012670074,0,0.039195133203298156,0.4921875,0.62451171875,0.4921875,0.62451171875,-0.45299236679670185,0,HUGO,ATTRIBUTED,HUGO,S-UNIWARD,0.35302109663355963,0.10017820635227961,0.25284289028128004,2,"S-UNIWARD,HUGO"
COVER__2576.pgm,2576.pgm,COVER,0,${BOSSBASE_ROOT}\cover\2576.pgm,0.043123370715370604,0.491455078125,0.51220703125,0.491455078125,0.51220703125,-0.4483317074096294,0,0.0018969200744787132,0.50537109375,0.5322265625,0.50537109375,0.5322265625,-0.5034741736755213,0,0.0638316080246603,0.50048828125,0.548828125,0.50048828125,0.548828125,-0.4366566732253397,0,0.4481545479660694,0.52783203125,0.54833984375,0.52783203125,0.54833984375,-0.0796774832839306,0,0.8067003854356462,0.4921875,0.62451171875,0.4921875,0.62451171875,0.31451288543564615,0,MiPOD,ATTRIBUTED,MiPOD,HUGO,0.3561850895580874,-0.03350677754121582,0.38969186709930326,1,MiPOD
COVER__270.pgm,270.pgm,COVER,0,${BOSSBASE_ROOT}\cover\270.pgm,0.011158031248084033,0.491455078125,0.51220703125,0.491455078125,0.51220703125,-0.480297046876916,0,0.342351629634064,0.50537109375,0.5322265625,0.50537109375,0.5322265625,-0.16301946411593599,0,0.41182032708074817,0.50048828125,0.548828125,0.50048828125,0.548828125,-0.08866795416925183,0,0.5124485987451222,0.52783203125,0.54833984375,0.52783203125,0.54833984375,-0.015383432504877836,0,0.5184852234764942,0.4921875,0.62451171875,0.4921875,0.62451171875,0.026297723476494173,1,MiPOD,ATTRIBUTED,MiPOD,HUGO,0.07629772347649418,0.03385328189867411,0.04244444157782006,1,MiPOD
COVER__9960.pgm,9960.pgm,COVER,0,${BOSSBASE_ROOT}\cover\9960.pgm,0.009268013380914325,0.491455078125,0.51220703125,0.491455078125,0.51220703125,-0.4821870647440857,0,0.007968814953315289,0.50537109375,0.5322265625,0.50537109375,0.5322265625,-0.4974022787966847,0,0.00740301408887263,0.50048828125,0.548828125,0.50048828125,0.548828125,-0.4930852671611274,0,0.007999754508377905,0.52783203125,0.54833984375,0.52783203125,0.54833984375,-0.5198322767416221,0,0.038610931468025946,0.4921875,0.62451171875,0.4921875,0.62451171875,-0.45357656853197403,0,UNKNOWN,UNKNOWN_OR_COVER,MiPOD,WOW,-0.4218089833219066,-0.45131548717978986,0.02950650385788328,0,
COVER__2979.pgm,2979.pgm,COVER,0,${BOSSBASE_ROOT}\cover\2979.pgm,0.18907149226772618,0.491455078125,0.51220703125,0.491455078125,0.51220703125,-0.3023835858572738,0,0.9362850057480346,0.50537109375,0.5322265625,0.50537109375,0.5322265625,0.43091391199803464,0,0.9162595947543866,0.50048828125,0.548828125,0.50048828125,0.548828125,0.41577131350438656,0,0.6508002368884301,0.52783203125,0.54833984375,0.52783203125,0.54833984375,0.12296820563843014,0,0.9277569977504976,0.4921875,0.62451171875,0.4921875,0.62451171875,0.4355694977504976,0,MiPOD|S-UNIWARD,AMBIGUOUS,MiPOD,S-UNIWARD,0.4724903955374106,0.4642941671539414,0.008196228383469228,4,"S-UNIWARD,HILL,HUGO,MiPOD"
COVER__2525.pgm,2525.pgm,COVER,0,${BOSSBASE_ROOT}\cover\2525.pgm,0.01013041166358438,0.491455078125,0.51220703125,0.491455078125,0.51220703125,-0.48132466646141564,0,0.027428542704283878,0.50537109375,0.5322265625,0.50537109375,0.5322265625,-0.47794255104571615,0,0.011823394836370594,0.50048828125,0.548828125,0.50048828125,0.548828125,-0.48866488641362943,0,0.021822824973459238,0.52783203125,0.54833984375,0.52783203125,0.54833984375,-0.5060092062765408,0,0.03339982193331559,0.4921875,0.62451171875,0.4921875,0.62451171875,-0.4587876780666844,0,UNKNOWN,UNKNOWN_OR_COVER,MiPOD,S-UNIWARD,-0.4271852066361568,-0.44693966016411524,0.01975445352795846,0,
COVER__5412.pgm,5412.pgm,COVER,0,${BOSSBASE_ROOT}\cover\5412.pgm,0.008445626941126032,0.491455078125,0.51220703125,0.491455078125,0.51220703125,-0.48300945118387395,0,0.014842417234248268,0.50537109375,0.5322265625,0.50537109375,0.5322265625,-0.4905286765157517,0,0.00714910196654636,0.50048828125,0.548828125,0.50048828125,0.548828125,-0.49333917928345367,0,0.009485713170795206,0.52783203125,0.54833984375,0.52783203125,0.54833984375,-0.5183463180792048,0,0.008644177936723585,0.4921875,0.62451171875,0.4921875,0.62451171875,-0.48354332206327644,0,UNKNOWN,UNKNOWN_OR_COVER,WOW,MiPOD,-0.4521632515496788,-0.45271358592172556,0.0005503343720467679,0,
COVER__9176.pgm,9176.pgm,COVER,0,${BOSSBASE_ROOT}\cover\9176.pgm,0.07949569926013914,0.491455078125,0.51220703125,0.491455078125,0.51220703125,-0.4119593788648609,0,0.4128260193522576,0.50537109375,0.5322265625,0.50537109375,0.5322265625,-0.0925450743977424,0,0.47647307495821445,0.50048828125,0.548828125,0.50048828125,0.548828125,-0.02401520629178555,0,0.10123348070699793,0.52783203125,0.54833984375,0.52783203125,0.54833984375,-0.42659855054300205,0,0.5919001721292511,0.4921875,0.62451171875,0.4921875,0.62451171875,0.09971267212925106,1,MiPOD,ATTRIBUTED,MiPOD,HILL,0.14971267212925105,0.024798336917485148,0.1249143352117659,1,MiPOD
COVER__1112.pgm,1112.pgm,COVER,0,${BOSSBASE_ROOT}\cover\1112.pgm,0.008916127052872005,0.491455078125,0.51220703125,0.491455078125,0.51220703125,-0.482538951072128,0,0.011508149064303403,0.50537109375,0.5322265625,0.50537109375,0.5322265625,-0.4938629446856966,0,0.010091315485195006,0.50048828125,0.548828125,0.50048828125,0.548828125,-0.490396965764805,0,0.009936418705946226,0.52783203125,0.54833984375,0.52783203125,0.54833984375,-0.5178956125440538,0,0.009376237450848677,0.4921875,0.62451171875,0.4921875,0.62451171875,-0.4828112625491513,0,UNKNOWN,UNKNOWN_OR_COVER,WOW,MiPOD,-0.45167823488280545,-0.4519589489429244,0.0002807140601189251,0,
COVER__8799.pgm,8799.pgm,COVER,0,${BOSSBASE_ROOT}\cover\8799.pgm,0.008577485413711986,0.491455078125,0.51220703125,0.491455078125,0.51220703125,-0.482877592711288,0,0.008745181682035148,0.50537109375,0.5322265625,0.50537109375,0.5322265625,-0.49662591206796486,0,0.019014433924204873,0.50048828125,0.548828125,0.50048828125,0.548828125,-0.4814738473257951,0,0.9469902279841446,0.52783203125,0.54833984375,0.52783203125,0.54833984375,0.41915819673414456,0,0.33241875252553404,0.4921875,0.62451171875,0.4921875,0.62451171875,-0.15976874747446596,0,HUGO,ATTRIBUTED,HUGO,MiPOD,0.4527194632988523,-0.11715170386663384,0.5698711671654861,1,HUGO
COVER__5459.pgm,5459.pgm,COVER,0,${BOSSBASE_ROOT}\cover\5459.pgm,0.012821214266594244,0.491455078125,0.51220703125,0.491455078125,0.51220703125,-0.4786338638584058,0,0.010735162609090678,0.50537109375,0.5322265625,0.50537109375,0.5322265625,-0.4946359311409093,0,0.023509452407533014,0.50048828125,0.548828125,0.50048828125,0.548828125,-0.476978828842467,0,0.0044165559311439735,0.52783203125,0.54833984375,0.52783203125,0.54833984375,-0.523415475318856,0,0.03547750316512137,0.4921875,0.62451171875,0.4921875,0.62451171875,-0.4567099968348786,0,UNKNOWN,UNKNOWN_OR_COVER,MiPOD,HILL,-0.42504179728518565,-0.44594604538480254,0.020904248099616884,0,
COVER__9008.pgm,9008.pgm,COVER,0,${BOSSBASE_ROOT}\cover\9008.pgm,0.009974920824078675,0.491455078125,0.51220703125,0.491455078125,0.51220703125,-0.4814801573009213,0,0.19852992152742407,0.50537109375,0.5322265625,0.50537109375,0.5322265625,-0.3068411722225759,0,0.629319104299195,0.50048828125,0.548828125,0.50048828125,0.548828125,0.12883082304919502,0,0.5765419743991188,0.52783203125,0.54833984375,0.52783203125,0.54833984375,0.048709943149118806,0,0.6696368327851248,0.4921875,0.62451171875,0.4921875,0.62451171875,0.17744933278512476,0,MiPOD,ATTRIBUTED,MiPOD,HILL,0.2252432268157563,0.17496398437995142,0.050279242435804866,3,"HILL,HUGO,MiPOD"
COVER__746.pgm,746.pgm,COVER,0,${BOSSBASE_ROOT}\cover\746.pgm,0.008283626886030505,0.491455078125,0.51220703125,0.491455078125,0.51220703125,-0.4831714512389695,0,0.6541218336117602,0.50537109375,0.5322265625,0.50537109375,0.5322265625,0.14875073986176024,0,0.008124708778180903,0.50048828125,0.548828125,0.50048828125,0.548828125,-0.4923635724718191,0,0.0050407031118456435,0.52783203125,0.54833984375,0.52783203125,0.54833984375,-0.5227913281381543,0,2.9524662380737623e-09,0.4921875,0.62451171875,0.4921875,0.62451171875,-0.4921874970475338,0,S-UNIWARD,ATTRIBUTED,S-UNIWARD,WOW,0.19301279355983889,-0.4523302482860723,0.6453430418459112,1,S-UNIWARD
COVER__3323.pgm,3323.pgm,COVER,0,${BOSSBASE_ROOT}\cover\3323.pgm,0.010944577400979882,0.491455078125,0.51220703125,0.491455078125,0.51220703125,-0.48051050072402013,0,0.9766692311915195,0.50537109375,0.5322265625,0.50537109375,0.5322265625,0.4712981374415195,0,0.4911355724627499,0.50048828125,0.548828125,0.50048828125,0.548828125,-0.009352708787250086,0,0.7248702761768248,0.52783203125,0.54833984375,0.52783203125,0.54833984375,0.19703824492682476,0,0.9814889540096827,0.4921875,0.62451171875,0.4921875,0.62451171875,0.4893014540096827,0,MiPOD|S-UNIWARD,AMBIGUOUS,MiPOD,S-UNIWARD,0.5242908754124391,0.5033572137919653,0.02093366162047383,3,"S-UNIWARD,HUGO,MiPOD"
COVER__520.pgm,520.pgm,COVER,0,${BOSSBASE_ROOT}\cover\520.pgm,0.6756576060939522,0.491455078125,0.51220703125,0.491455078125,0.51220703125,0.1842025279689522,0,0.6120198520821877,0.50537109375,0.5322265625,0.50537109375,0.5322265625,0.10664875833218768,0,0.561906071460626,0.50048828125,0.548828125,0.50048828125,0.548828125,0.06141779021062599,0,0.46993073796469703,0.52783203125,0.54833984375,0.52783203125,0.54833984375,-0.05790129328530297,0,0.5843304751797633,0.4921875,0.62451171875,0.4921875,0.62451171875,0.09214297517976333,1,WOW,ATTRIBUTED,WOW,S-UNIWARD,0.22666295148022803,0.15281411752597046,0.07384883395425756,4,"WOW,S-UNIWARD,HILL,MiPOD"
COVER__6447.pgm,6447.pgm,COVER,0,${BOSSBASE_ROOT}\cover\6447.pgm,0.008644177936723585,0.491455078125,0.51220703125,0.491455078125,0.51220703125,-0.48281090018827644,0,0.012241275291807161,0.50537109375,0.5322265625,0.50537109375,0.5322265625,-0.4931298184581928,0,0.009412589587609823,0.50048828125,0.548828125,0.50048828125,0.548828125,-0.4910756916623902,0,0.011201213376078314,0.52783203125,0.54833984375,0.52783203125,0.54833984375,-0.5166308178739217,0,0.012722708199923246,0.4921875,0.62451171875,0.4921875,0.62451171875,-0.47946479180007673,0,UNKNOWN,UNKNOWN_OR_COVER,MiPOD,WOW,-0.4485090588804867,-0.45195857540237616,0.003449516521889462,0,
COVER__460.pgm,460.pgm,COVER,0,${BOSSBASE_ROOT}\cover\460.pgm,0.012821214266594244,0.491455078125,0.51220703125,0.491455078125,0.51220703125,-0.4786338638584058,0,0.01368947769627449,0.50537109375,0.5322265625,0.50537109375,0.5322265625,-0.4916816160537255,0,0.012100385813544712,0.50048828125,0.548828125,0.50048828125,0.548828125,-0.4883878954364553,0,0.008251598569085517,0.52783203125,0.54833984375,0.52783203125,0.54833984375,-0.5195804326809145,0,0.021906366026247955,0.4921875,0.62451171875,0.4921875,0.62451171875,-0.47028113397375204,0,UNKNOWN,UNKNOWN_OR_COVER,MiPOD,WOW,-0.4390398047933502,-0.44765239826586006,0.008612593472509866,0,
COVER__2011.pgm,2011.pgm,COVER,0,${BOSSBASE_ROOT}\cover\2011.pgm,0.009232214404536282,0.491455078125,0.51220703125,0.491455078125,0.51220703125,-0.48222286372046375,0,0.009268013380914325,0.50537109375,0.5322265625,0.50537109375,0.5322265625,-0.4961030803690857,0,0.5395291509459361,0.50048828125,0.548828125,0.50048828125,0.548828125,0.03904086969593612,1,0.00881316650304586,0.52783203125,0.54833984375,0.52783203125,0.54833984375,-0.5190188647469541,0,0.010860331013277531,0.4921875,0.62451171875,0.4921875,0.62451171875,-0.48132716898672245,0,HILL,ATTRIBUTED,HILL,MiPOD,0.08904086969593612,-0.45042903366704184,0.539469903362978,1,HILL
COVER__6144.pgm,6144.pgm,COVER,0,${BOSSBASE_ROOT}\cover\6144.pgm,0.4308656218427439,0.491455078125,0.51220703125,0.491455078125,0.51220703125,-0.06058945628225609,0,0.5005788800514132,0.50537109375,0.5322265625,0.50537109375,0.5322265625,-0.004792213698586845,0,0.5156351596060751,0.50048828125,0.548828125,0.50048828125,0.548828125,0.015146878356075089,1,0.41596604990189295,0.52783203125,0.54833984375,0.52783203125,0.54833984375,-0.11186598134810705,0,0.4862400475227867,0.4921875,0.62451171875,0.4921875,0.62451171875,-0.005947452477213289,0,HILL|S-UNIWARD,AMBIGUOUS,HILL,S-UNIWARD,0.06514687835607509,0.04496874883326249,0.020178129522812602,1,HILL
COVER__2951.pgm,2951.pgm,COVER,0,${BOSSBASE_ROOT}\cover\2951.pgm,0.14523655422255138,0.491455078125,0.51220703125,0.491455078125,0.51220703125,-0.3462185239024486,0,0.4873607864421161,0.50537109375,0.5322265625,0.50537109375,0.5322265625,-0.018010307307883888,0,0.9223425628560777,0.50048828125,0.548828125,0.50048828125,0.548828125,0.42185428160607774,0,0.8312800585034169,0.52783203125,0.54833984375,0.52783203125,0.54833984375,0.3034480272534169,0,0.6911847734747362,0.4921875,0.62451171875,0.4921875,0.62451171875,0.19899727347473617,0,HILL,ATTRIBUTED,HILL,HUGO,0.45626983403051513,0.3411262691820524,0.11514356484846272,3,"HILL,HUGO,MiPOD"
COVER__9763.pgm,9763.pgm,COVER,0,${BOSSBASE_ROOT}\cover\9763.pgm,0.011029470022501837,0.491455078125,0.51220703125,0.491455078125,0.51220703125,-0.4804256081024982,0,0.010013570623173138,0.50537109375,0.5322265625,0.50537109375,0.5322265625,-0.49535752312682685,0,0.010368156650788152,0.50048828125,0.548828125,0.50048828125,0.548828125,-0.49012012459921184,0,0.009708476481474066,0.52783203125,0.54833984375,0.52783203125,0.54833984375,-0.5181235547685259,0,0.008380453351026062,0.4921875,0.62451171875,0.4921875,0.62451171875,-0.48380704664897395,0,UNKNOWN,UNKNOWN_OR_COVER,WOW,MiPOD,-0.4494996036716553,-0.4529854399947942,0.003485836323138869,0,
COVER__8458.pgm,8458.pgm,COVER,0,${BOSSBASE_ROOT}\cover\8458.pgm,0.014447852533602467,0.491455078125,0.51220703125,0.491455078125,0.51220703125,-0.4770072255913975,0,0.011115013721477563,0.50537109375,0.5322265625,0.50537109375,0.5322265625,-0.49425608002852245,0,0.012241275291807161,0.50048828125,0.548828125,0.50048828125,0.548828125,-0.4882470059581928,0,0.008093289897373068,0.52783203125,0.54833984375,0.52783203125,0.54833984375,-0.5197387413526269,0,0.008677716704989246,0.4921875,0.62451171875,0.4921875,0.62451171875,-0.48350978329501076,0,UNKNOWN,UNKNOWN_OR_COVER,WOW,MiPOD,-0.4459753233513816,-0.4526790131447441,0.0067036897933624995,0,
COVER__4140.pgm,4140.pgm,COVER,0,${BOSSBASE_ROOT}\cover\4140.pgm,0.10502680874233815,0.491455078125,0.51220703125,0.491455078125,0.51220703125,-0.38642826938266184,0,0.2216875011987412,0.50537109375,0.5322265625,0.50537109375,0.5322265625,-0.2836835925512588,0,0.48258151446858594,0.50048828125,0.548828125,0.50048828125,0.548828125,-0.017906766781414063,0,0.5117623558365679,0.52783203125,0.54833984375,0.52783203125,0.54833984375,-0.016069675413432072,0,0.41816221303397255,0.4921875,0.62451171875,0.4921875,0.62451171875,-0.07402528696602745,0,HUGO|HILL,AMBIGUOUS,HUGO,HILL,0.033133262234874845,0.031205863551652654,0.001927398683222191,0,
COVER__8926.pgm,8926.pgm,COVER,0,${BOSSBASE_ROOT}\cover\8926.pgm,0.01590639171181471,0.491455078125,0.51220703125,0.491455078125,0.51220703125,-0.47554868641318526,0,0.14743239045468015,0.50537109375,0.5322265625,0.50537109375,0.5322265625,-0.35793870329531985,0,0.044183321902406945,0.50048828125,0.548828125,0.50048828125,0.548828125,-0.4563049593475931,0,0.4702500258997997,0.52783203125,0.54833984375,0.52783203125,0.54833984375,-0.057582005350200305,0,7.183260399857925e-06,0.4921875,0.62451171875,0.4921875,0.62451171875,-0.49218031673960017,0,UNKNOWN,UNKNOWN_OR_COVER,HUGO,S-UNIWARD,-0.010379781824468581,-0.3229829069355354,0.3126031251110668,0,
COVER__2078.pgm,2078.pgm,COVER,0,${BOSSBASE_ROOT}\cover\2078.pgm,0.009633652359446519,0.491455078125,0.51220703125,0.491455078125,0.51220703125,-0.4818214257655535,0,0.0060739344408862455,0.50537109375,0.5322265625,0.50537109375,0.5322265625,-0.4992971593091138,0,0.01691491326672651,0.50048828125,0.548828125,0.50048828125,0.548828125,-0.4835733679832735,0,0.010735162609090678,0.52783203125,0.54833984375,0.52783203125,0.54833984375,-0.5170968686409093,0,0.014503579691381979,0.4921875,0.62451171875,0.4921875,0.62451171875,-0.477683920308618,0,UNKNOWN,UNKNOWN_OR_COVER,MiPOD,WOW,-0.4466730100895173,-0.4509385582852805,0.004265548195763191,0,
COVER__2472.pgm,2472.pgm,COVER,0,${BOSSBASE_ROOT}\cover\2472.pgm,0.009055264186722086,0.491455078125,0.51220703125,0.491455078125,0.51220703125,-0.4823998139382779,0,0.014728613849722676,0.50537109375,0.5322265625,0.50537109375,0.5322265625,-0.4906424799002773,0,0.019493871727031764,0.50048828125,0.548828125,0.50048828125,0.548828125,-0.48099440952296824,0,0.012147170099805133,0.52783203125,0.54833984375,0.52783203125,0.54833984375,-0.5156848611501949,0,0.09073548763985106,0.4921875,0.62451171875,0.4921875,0.62451171875,-0.40145201236014894,0,UNKNOWN,UNKNOWN_OR_COVER,MiPOD,HILL,-0.367984640393504,-0.4500859908455002,0.08210135045199624,0,
COVER__930.pgm,930.pgm,COVER,0,${BOSSBASE_ROOT}\cover\930.pgm,0.47362679420163944,0.491455078125,0.51220703125,0.491455078125,0.51220703125,-0.017828283923360555,0,0.2518316543878124,0.50537109375,0.5322265625,0.50537109375,0.5322265625,-0.2535394393621876,0,0.4884664017808584,0.50048828125,0.548828125,0.50048828125,0.548828125,-0.012021879469141628,0,0.2838806440861259,0.52783203125,0.54833984375,0.52783203125,0.54833984375,-0.2439513871638741,0,0.4646586421213345,0.4921875,0.62451171875,0.4921875,0.62451171875,-0.02752885787866549,0,HILL|WOW,AMBIGUOUS,HILL,WOW,0.03738062526155228,0.03128820106056126,0.0060924242009910215,0,
COVER__7756.pgm,7756.pgm,COVER,0,${BOSSBASE_ROOT}\cover\7756.pgm,0.011823394836370594,0.491455078125,0.51220703125,0.491455078125,0.51220703125,-0.47963168328862943,0,0.015365341441302218,0.50537109375,0.5322265625,0.50537109375,0.5322265625,-0.4900057523086978,0,0.028598360546466146,0.50048828125,0.548828125,0.50048828125,0.548828125,-0.47188992070353386,0,0.02635535284611975,0.52783203125,0.54833984375,0.52783203125,0.54833984375,-0.5014766784038802,0,0.15405756269148546,0.4921875,0.62451171875,0.4921875,0.62451171875,-0.33812993730851454,0,UNKNOWN,UNKNOWN_OR_COVER,MiPOD,HILL,-0.3024748061463867,-0.4406988117512882,0.1382240056049015,0,
COVER__1134.pgm,1134.pgm,COVER,0,${BOSSBASE_ROOT}\cover\1134.pgm,0.011331753531361453,0.491455078125,0.51220703125,0.491455078125,0.51220703125,-0.48012332459363855,0,0.3306873053366908,0.50537109375,0.5322265625,0.50537109375,0.5322265625,-0.17468378841330923,0,0.31965209442368414,0.50048828125,0.548828125,0.50048828125,0.548828125,-0.18083618682631586,0,0.15115305795512232,0.52783203125,0.54833984375,0.52783203125,0.54833984375,-0.37667897329487765,0,0.040769266244388154,0.4921875,0.62451171875,0.4921875,0.62451171875,-0.45141823375561185,0,UNKNOWN,UNKNOWN_OR_COVER,S-UNIWARD,HILL,-0.13269766297437505,-0.13910758375648197,0.00640992078210692,0,
COVER__2067.pgm,2067.pgm,COVER,0,${BOSSBASE_ROOT}\cover\2067.pgm,0.0077555367808475675,0.491455078125,0.51220703125,0.491455078125,0.51220703125,-0.48369954134415244,0,0.008577485413711986,0.50537109375,0.5322265625,0.50537109375,0.5322265625,-0.496793608336288,0,0.009859855303538789,0.50048828125,0.548828125,0.50048828125,0.548828125,-0.4906284259464612,0,0.01024860192315863,0.52783203125,0.54833984375,0.52783203125,0.54833984375,-0.5175834293268413,0,0.009670992763446972,0.4921875,0.62451171875,0.4921875,0.62451171875,-0.48251650723655304,0,UNKNOWN,UNKNOWN_OR_COVER,MiPOD,WOW,-0.4516550984066178,-0.4528746210256392,0.0012195226190213626,0,
COVER__5660.pgm,5660.pgm,COVER,0,${BOSSBASE_ROOT}\cover\5660.pgm,0.009196552423046733,0.491455078125,0.51220703125,0.491455078125,0.51220703125,-0.48225852570195327,0,0.010489091259938018,0.50537109375,0.5322265625,0.50537109375,0.5322265625,-0.494882002490062,0,0.007815888789288626,0.50048828125,0.548828125,0.50048828125,0.548828125,-0.4926723924607114,0,0.009412589587609823,0.52783203125,0.54833984375,0.52783203125,0.54833984375,-0.5184194416623902,0,0.008478401934677453,0.4921875,0.62451171875,0.4921875,0.62451171875,-0.48370909806532253,0,UNKNOWN,UNKNOWN_OR_COVER,WOW,MiPOD,-0.4513891541713375,-0.4528844723305702,0.0014953181592327058,0,
COVER__7740.pgm,7740.pgm,COVER,0,${BOSSBASE_ROOT}\cover\7740.pgm,0.01128807389923099,0.491455078125,0.51220703125,0.491455078125,0.51220703125,-0.480167004225769,0,0.6130049093876466,0.50537109375,0.5322265625,0.50537109375,0.5322265625,0.10763381563764662,0,0.1223133843238468,0.50048828125,0.548828125,0.50048828125,0.548828125,-0.3781748969261532,0,0.10356715633550771,0.52783203125,0.54833984375,0.52783203125,0.54833984375,-0.4242648749144923,0,0.8942365768704993,0.4921875,0.62451171875,0.4921875,0.62451171875,0.4020490768704993,0,MiPOD,ATTRIBUTED,MiPOD,S-UNIWARD,0.44022855491567064,0.15375372169774254,0.2864748332179281,2,"S-UNIWARD,MiPOD"
COVER__5421.pgm,5421.pgm,COVER,0,${BOSSBASE_ROOT}\cover\5421.pgm,0.011508149064303403,0.491455078125,0.51220703125,0.491455078125,0.51220703125,-0.4799469290606966,0,0.010902373729285245,0.50537109375,0.5322265625,0.50537109375,0.5322265625,-0.49446872002071474,0,0.009340024385054083,0.50048828125,0.548828125,0.50048828125,0.548828125,-0.4911482568649459,0,0.012527931992744795,0.52783203125,0.54833984375,0.52783203125,0.54833984375,-0.5153040992572552,0,0.010328152519305191,0.4921875,0.62451171875,0.4921875,0.62451171875,-0.4818593474806948,0,UNKNOWN,UNKNOWN_OR_COVER,WOW,MiPOD,-0.44900611745602687,-0.4509776511095198,0.0019715336534929517,0,
COVER__2928.pgm,2928.pgm,COVER,0,${BOSSBASE_ROOT}\cover\2928.pgm,0.5148043263271482,0.491455078125,0.51220703125,0.491455078125,0.51220703125,0.02334924820214823,0,0.9863105223037255,0.50537109375,0.5322265625,0.50537109375,0.5322265625,0.4809394285537255,0,0.48028061924048476,0.50048828125,0.548828125,0.50048828125,0.548828125,-0.020207662009515237,0,0.3006429045207442,0.52783203125,0.54833984375,0.52783203125,0.54833984375,-0.22718912672925579,0,0.5324859108208687,0.4921875,0.62451171875,0.4921875,0.62451171875,0.04029841082086871,1,S-UNIWARD,ATTRIBUTED,S-UNIWARD,MiPOD,0.5126908992568585,0.09029841082086872,0.4223924884359898,3,"WOW,S-UNIWARD,MiPOD"
COVER__6834.pgm,6834.pgm,COVER,0,${BOSSBASE_ROOT}\cover\6834.pgm,0.01005236865796813,0.491455078125,0.51220703125,0.491455078125,0.51220703125,-0.4814027094670319,0,0.01128807389923099,0.50537109375,0.5322265625,0.50537109375,0.5322265625,-0.494083019850769,0,0.007039045597401514,0.50048828125,0.548828125,0.50048828125,0.548828125,-0.49344923565259846,0,0.010902373729285245,0.52783203125,0.54833984375,0.52783203125,0.54833984375,-0.5169296575207147,0,0.007665874688645945,0.4921875,0.62451171875,0.4921875,0.62451171875,-0.48452162531135406,0,UNKNOWN,UNKNOWN_OR_COVER,WOW,MiPOD,-0.4505069081191782,-0.45372203525239824,0.0032151271332200304,0,
COVER__4914.pgm,4914.pgm,COVER,0,${BOSSBASE_ROOT}\cover\4914.pgm,0.45889425443469,0.491455078125,0.51220703125,0.491455078125,0.51220703125,-0.03256082369030999,0,0.3048688709099544,0.50537109375,0.5322265625,0.50537109375,0.5322265625,-0.2005022228400456,0,0.418043417697135,0.50048828125,0.548828125,0.50048828125,0.548828125,-0.08244486355286501,0,0.010013570623173138,0.52783203125,0.54833984375,0.52783203125,0.54833984375,-0.5178184606268269,0,0.4457104746000698,0.4921875,0.62451171875,0.4921875,0.62451171875,-0.046477025399930205,0,WOW|MiPOD,AMBIGUOUS,WOW,MiPOD,0.015837354955898907,0.0012522991781156526,0.014585055777783254,0,
COVER__4517.pgm,4517.pgm,COVER,0,${BOSSBASE_ROOT}\cover\4517.pgm,0.4640817525597631,0.491455078125,0.51220703125,0.491455078125,0.51220703125,-0.027373325565236917,0,0.5582968918308316,0.50537109375,0.5322265625,0.50537109375,0.5322265625,0.05292579808083164,0,0.5336101278235771,0.50048828125,0.548828125,0.50048828125,0.548828125,0.033121846573577085,1,0.5178299609378806,0.52783203125,0.54833984375,0.52783203125,0.54833984375,-0.010002070312119415,0,0.5629575333774676,0.4921875,0.62451171875,0.4921875,0.62451171875,0.07077003337746757,1,MiPOD|S-UNIWARD,AMBIGUOUS,MiPOD,S-UNIWARD,0.12077003337746757,0.10163912646500516,0.019130906912462414,3,"S-UNIWARD,HILL,MiPOD"
COVER__5630.pgm,5630.pgm,COVER,0,${BOSSBASE_ROOT}\cover\5630.pgm,0.01005236865796813,0.491455078125,0.51220703125,0.491455078125,0.51220703125,-0.4814027094670319,0,0.007665874688645945,0.50537109375,0.5322265625,0.50537109375,0.5322265625,-0.49770521906135406,0,0.007577241267860811,0.50048828125,0.548828125,0.50048828125,0.548828125,-0.4929110399821392,0,0.00740301408887263,0.52783203125,0.54833984375,0.52783203125,0.54833984375,-0.5204290171611273,0,0.01024860192315863,0.4921875,0.62451171875,0.4921875,0.62451171875,-0.48193889807684137,0,UNKNOWN,UNKNOWN_OR_COVER,WOW,MiPOD,-0.4505069081191782,-0.451059658265311,0.0005527501461328188,0,
COVER__4009.pgm,4009.pgm,COVER,0,${BOSSBASE_ROOT}\cover\4009.pgm,0.41887518398277324,0.491455078125,0.51220703125,0.491455078125,0.51220703125,-0.07257989414222676,0,0.4912576049328216,0.50537109375,0.5322265625,0.50537109375,0.5322265625,-0.014113488817178388,0,0.47846791525419796,0.50048828125,0.548828125,0.50048828125,0.548828125,-0.022020365995802038,0,0.4829015672565033,0.52783203125,0.54833984375,0.52783203125,0.54833984375,-0.044930463993496705,0,0.5215930063904107,0.4921875,0.62451171875,0.4921875,0.62451171875,0.02940550639041073,1,MiPOD,ATTRIBUTED,MiPOD,S-UNIWARD,0.07940550639041073,0.03518579316127295,0.04421971322913778,1,MiPOD
COVER__4843.pgm,4843.pgm,COVER,0,${BOSSBASE_ROOT}\cover\4843.pgm,0.007785654765367813,0.491455078125,0.51220703125,0.491455078125,0.51220703125,-0.4836694233596322,0,0.009783876017655003,0.50537109375,0.5322265625,0.50537109375,0.5322265625,-0.495587217732345,0,0.011463797377996032,0.50048828125,0.548828125,0.50048828125,0.548828125,-0.489024483872004,0,0.009670992763446972,0.52783203125,0.54833984375,0.52783203125,0.54833984375,-0.518161038486553,0,0.009936418705946226,0.4921875,0.62451171875,0.4921875,0.62451171875,-0.48225108129405375,0,UNKNOWN,UNKNOWN_OR_COVER,MiPOD,WOW,-0.45138147995838934,-0.4528435746426653,0.0014620946842759386,0,
COVER__5663.pgm,5663.pgm,COVER,0,${BOSSBASE_ROOT}\cover\5663.pgm,0.00912563738918052,0.491455078125,0.51220703125,0.491455078125,0.51220703125,-0.48232944073581946,0,0.009898063716023652,0.50537109375,0.5322265625,0.50537109375,0.5322265625,-0.49547303003397636,0,0.012007350547633841,0.50048828125,0.548828125,0.50048828125,0.548828125,-0.48848093070236615,0,0.010368156650788152,0.52783203125,0.54833984375,0.52783203125,0.54833984375,-0.5174638745992118,0,0.009485713170795206,0.4921875,0.62451171875,0.4921875,0.62451171875,-0.4827017868292048,0,UNKNOWN,UNKNOWN_OR_COVER,WOW,MiPOD,-0.45146225823011293,-0.45184609545884563,0.00038383722873269743,0,
COVER__8707.pgm,8707.pgm,COVER,0,${BOSSBASE_ROOT}\cover\8707.pgm,0.01374232049590237,0.491455078125,0.51220703125,0.491455078125,0.51220703125,-0.47771275762909765,0,0.010611421330238862,0.50537109375,0.5322265625,0.50537109375,0.5322265625,-0.49475967241976115,0,0.011115013721477563,0.50048828125,0.548828125,0.50048828125,0.548828125,-0.48937326752852245,0,0.021864556492113725,0.52783203125,0.54833984375,0.52783203125,0.54833984375,-0.5059674747578863,0,0.008511303026562552,0.4921875,0.62451171875,0.4921875,0.62451171875,-0.48367619697343744,0,UNKNOWN,UNKNOWN_OR_COVER,WOW,MiPOD,-0.44670274166865925,-0.4528505570581578,0.0061478153894985454,0,
COVER__9332.pgm,9332.pgm,COVER,0,${BOSSBASE_ROOT}\cover\9332.pgm,0.007460643463940165,0.491455078125,0.51220703125,0.491455078125,0.51220703125,-0.48399443466105985,0,0.008219693061967886,0.50537109375,0.5322265625,0.50537109375,0.5322265625,-0.4971514006880321,0,0.009303949868393646,0.50048828125,0.548828125,0.50048828125,0.548828125,-0.49118433138160633,0,0.010408314101072437,0.52783203125,0.54833984375,0.52783203125,0.54833984375,-0.5174237171489275,0,0.010013570623173138,0.4921875,0.62451171875,0.4921875,0.62451171875,-0.48217392937682685,0,UNKNOWN,UNKNOWN_OR_COVER,MiPOD,WOW,-0.4513019463003586,-0.45317860306537505,0.0018766567650164712,0,
COVER__9604.pgm,9604.pgm,COVER,0,${BOSSBASE_ROOT}\cover\9604.pgm,0.009708476481474066,0.491455078125,0.51220703125,0.491455078125,0.51220703125,-0.48174660164352595,0,0.009559399347091532,0.50537109375,0.5322265625,0.50537109375,0.5322265625,-0.49581169440290845,0,0.008380453351026062,0.50048828125,0.548828125,0.50048828125,0.548828125,-0.49210782789897395,0,0.00714910196654636,0.52783203125,0.54833984375,0.52783203125,0.54833984375,-0.5206829292834536,0,0.0066669319312806586,0.4921875,0.62451171875,0.4921875,0.62451171875,-0.48552056806871935,0,UNKNOWN,UNKNOWN_OR_COVER,WOW,MiPOD,-0.45086142329335477,-0.45475172967504884,0.0038903063816940753,0,
COVER__718.pgm,718.pgm,COVER,0,${BOSSBASE_ROOT}\cover\718.pgm,0.09154440327549154,0.491455078125,0.51220703125,0.491455078125,0.51220703125,-0.3999106748495085,0,0.4927335133521964,0.50537109375,0.5322265625,0.50537109375,0.5322265625,-0.012637580397803605,0,0.5623567666549194,0.50048828125,0.548828125,0.50048828125,0.548828125,0.061868485404919404,0,0.4870024405901501,0.52783203125,0.54833984375,0.52783203125,0.54833984375,-0.040829590659849924,0,0.48893918272491355,0.4921875,0.62451171875,0.4921875,0.62451171875,-0.003248317275086454,0,HILL,ATTRIBUTED,HILL,MiPOD,0.11119660836149728,0.04658953036489542,0.06460707799660186,1,HILL
COVER__2206.pgm,2206.pgm,COVER,0,${BOSSBASE_ROOT}\cover\2206.pgm,0.010368156650788152,0.491455078125,0.51220703125,0.491455078125,0.51220703125,-0.48108692147421184,0,0.007093861878911533,0.50537109375,0.5322265625,0.50537109375,0.5322265625,-0.49827723187108847,0,0.25590111940251914,0.50048828125,0.548828125,0.50048828125,0.548828125,-0.24458716184748086,0,0.012100385813544712,0.52783203125,0.54833984375,0.52783203125,0.54833984375,-0.5157316454364553,0,0.08344117362711122,0.4921875,0.62451171875,0.4921875,0.62451171875,-0.40874632637288877,0,UNKNOWN,UNKNOWN_OR_COVER,HILL,MiPOD,-0.2054357750851388,-0.3755221877379242,0.17008641265278537,0,
COVER__1584.pgm,1584.pgm,COVER,0,${BOSSBASE_ROOT}\cover\1584.pgm,0.012673735693033067,0.491455078125,0.51220703125,0.491455078125,0.51220703125,-0.4787813424319669,0,0.01646617504750254,0.50537109375,0.5322265625,0.50537109375,0.5322265625,-0.48890491870249747,0,0.027324530864967823,0.50048828125,0.548828125,0.50048828125,0.548828125,-0.47316375038503217,0,0.014672034915237494,0.52783203125,0.54833984375,0.52783203125,0.54833984375,-0.5131599963347625,0,0.08570927928078063,0.4921875,0.62451171875,0.4921875,0.62451171875,-0.40647822071921935,0,UNKNOWN,UNKNOWN_OR_COVER,MiPOD,HILL,-0.3731786407054106,-0.4420123482979079,0.0688337075924973,0,
COVER__9535.pgm,9535.pgm,COVER,0,${BOSSBASE_ROOT}\cover\9535.pgm,0.014615670100635955,0.491455078125,0.51220703125,0.491455078125,0.51220703125,-0.47683940802436403,0,0.012194133037590526,0.50537109375,0.5322265625,0.50537109375,0.5322265625,-0.49317696071240946,0,0.018582149895652808,0.50048828125,0.548828125,0.50048828125,0.548828125,-0.4819061313543472,0,0.017375664509219565,0.52783203125,0.54833984375,0.52783203125,0.54833984375,-0.5104563667407804,0,0.016029147365901317,0.4921875,0.62451171875,0.4921875,0.62451171875,-0.47615835263409867,0,UNKNOWN,UNKNOWN_OR_COVER,MiPOD,WOW,-0.44510009706772713,-0.4458022976490177,0.0007022005812905574,0,
COVER__4628.pgm,4628.pgm,COVER,0,${BOSSBASE_ROOT}\cover\4628.pgm,0.009708476481474066,0.491455078125,0.51220703125,0.491455078125,0.51220703125,-0.48174660164352595,0,0.010902373729285245,0.50537109375,0.5322265625,0.50537109375,0.5322265625,-0.49446872002071474,0,0.011029470022501837,0.50048828125,0.548828125,0.50048828125,0.548828125,-0.4894588112274982,0,0.00881316650304586,0.52783203125,0.54833984375,0.52783203125,0.54833984375,-0.5190188647469541,0,0.010611421330238862,0.4921875,0.62451171875,0.4921875,0.62451171875,-0.48157607866976115,0,UNKNOWN,UNKNOWN_OR_COVER,MiPOD,WOW,-0.450685633238066,-0.45086142329335477,0.00017579005528878255,0,
COVER__9399.pgm,9399.pgm,COVER,0,${BOSSBASE_ROOT}\cover\9399.pgm,0.008610767667510729,0.491455078125,0.51220703125,0.491455078125,0.51220703125,-0.48284431045748927,0,0.027585282226789985,0.50537109375,0.5322265625,0.50537109375,0.5322265625,-0.47778581152321004,0,0.011072160183234295,0.50048828125,0.548828125,0.50048828125,0.548828125,-0.4894161210667657,0,0.015247590621499624,0.52783203125,0.54833984375,0.52783203125,0.54833984375,-0.5125844406285004,0,0.012722708199923246,0.4921875,0.62451171875,0.4921875,0.62451171875,-0.47946479180007673,0,UNKNOWN,UNKNOWN_OR_COVER,S-UNIWARD,MiPOD,-0.4467780608824478,-0.4485090588804867,0.0017309979980388857,0,
COVER__2766.pgm,2766.pgm,COVER,0,${BOSSBASE_ROOT}\cover\2766.pgm,0.011508149064303403,0.491455078125,0.51220703125,0.491455078125,0.51220703125,-0.4799469290606966,0,0.015845361188137366,0.50537109375,0.5322265625,0.50537109375,0.5322265625,-0.48952573256186266,0,0.060197050160538904,0.50048828125,0.548828125,0.50048828125,0.548828125,-0.4402912310894611,0,0.012241275291807161,0.52783203125,0.54833984375,0.52783203125,0.54833984375,-0.5155907559581928,0,0.05300977201585542,0.4921875,0.62451171875,0.4921875,0.62451171875,-0.43917772798414456,0,UNKNOWN,UNKNOWN_OR_COVER,MiPOD,HILL,-0.4069494173843616,-0.4080987868412573,0.0011493694568956991,0,
COVER__6952.pgm,6952.pgm,COVER,0,${BOSSBASE_ROOT}\cover\6952.pgm,0.01013041166358438,0.491455078125,0.51220703125,0.491455078125,0.51220703125,-0.48132466646141564,0,0.010408314101072437,0.50537109375,0.5322265625,0.50537109375,0.5322265625,-0.49496277964892754,0,0.007636216494667212,0.50048828125,0.548828125,0.50048828125,0.548828125,-0.4928520647553328,0,0.007725534397423479,0.52783203125,0.54833984375,0.52783203125,0.54833984375,-0.5201064968525765,0,0.00952248567033666,0.4921875,0.62451171875,0.4921875,0.62451171875,-0.48266501432966336,0,UNKNOWN,UNKNOWN_OR_COVER,WOW,MiPOD,-0.45042645381827273,-0.4518081882975454,0.001381734479272645,0,
COVER__4466.pgm,4466.pgm,COVER,0,${BOSSBASE_ROOT}\cover\4466.pgm,0.4539879690273812,0.491455078125,0.51220703125,0.491455078125,0.51220703125,-0.0374671090976188,0,0.9999999999999991,0.50537109375,0.5322265625,0.50537109375,0.5322265625,0.4946289062499991,0,0.5503052974801939,0.50048828125,0.548828125,0.50048828125,0.548828125,0.049817016230193856,0,0.5339442892002618,0.52783203125,0.54833984375,0.52783203125,0.54833984375,0.0061122579502618235,1,0.5198717294741462,0.4921875,0.62451171875,0.4921875,0.62451171875,0.02768422947414617,1,S-UNIWARD,ATTRIBUTED,S-UNIWARD,HILL,0.525948677514784,0.0997432121302971,0.4262054653844869,4,"S-UNIWARD,HILL,HUGO,MiPOD"
COVER__20.pgm,20.pgm,COVER,0,${BOSSBASE_ROOT}\cover\20.pgm,0.008511303026562552,0.491455078125,0.51220703125,0.491455078125,0.51220703125,-0.48294377509843744,0,0.012673735693033067,0.50537109375,0.5322265625,0.50537109375,0.5322265625,-0.4926973580569669,0,0.01013041166358438,0.50048828125,0.548828125,0.50048828125,0.548828125,-0.49035786958641564,0,0.009232214404536282,0.52783203125,0.54833984375,0.52783203125,0.54833984375,-0.5185998168454637,0,0.00959645473238191,0.4921875,0.62451171875,0.4921875,0.62451171875,-0.4825910452676181,0,UNKNOWN,UNKNOWN_OR_COVER,MiPOD,WOW,-0.4517319367006034,-0.4520955495400731,0.0003636128394696736,0,
COVER__2007.pgm,2007.pgm,COVER,0,${BOSSBASE_ROOT}\cover\2007.pgm,0.007489624898808396,0.491455078125,0.51220703125,0.491455078125,0.51220703125,-0.4839654532261916,0,0.007725534397423479,0.50537109375,0.5322265625,0.50537109375,0.5322265625,-0.49764555935257654,0,0.035012626946740684,0.50048828125,0.548828125,0.50048828125,0.548828125,-0.4654756543032593,0,0.010368156650788152,0.52783203125,0.54833984375,0.52783203125,0.54833984375,-0.5174638745992118,0,0.013325147705881429,0.4921875,0.62451171875,0.4921875,0.62451171875,-0.47886235229411855,0,UNKNOWN,UNKNOWN_OR_COVER,HILL,MiPOD,-0.4340838342497888,-0.4478879647995196,0.013804130549730786,0,
COVER__3738.pgm,3738.pgm,COVER,0,${BOSSBASE_ROOT}\cover\3738.pgm,0.5214102395368421,0.491455078125,0.51220703125,0.491455078125,0.51220703125,0.02995516141184207,0,0.5093525467083065,0.50537109375,0.5322265625,0.50537109375,0.5322265625,0.003981452958306542,1,0.5274230148507265,0.50048828125,0.548828125,0.50048828125,0.548828125,0.026934733600726513,1,0.5034865767876838,0.52783203125,0.54833984375,0.52783203125,0.54833984375,-0.024345454462316174,0,0.5088568005386688,0.4921875,0.62451171875,0.4921875,0.62451171875,0.016669300538668774,1,WOW|HILL,AMBIGUOUS,WOW,HILL,0.07949711199262968,0.07693473360072652,0.0025623783919031667,4,"WOW,S-UNIWARD,HILL,MiPOD"
COVER__2179.pgm,2179.pgm,COVER,0,${BOSSBASE_ROOT}\cover\2179.pgm,0.039268751927166334,0.491455078125,0.51220703125,0.491455078125,0.51220703125,-0.45218632619783367,0,0.5984295401754633,0.50537109375,0.5322265625,0.50537109375,0.5322265625,0.09305844642546335,0,0.05460060578165237,0.50048828125,0.548828125,0.50048828125,0.548828125,-0.4458876754683476,0,0.5743350853298701,0.52783203125,0.54833984375,0.52783203125,0.54833984375,0.0465030540798701,0,0.010169657753872614,0.4921875,0.62451171875,0.4921875,0.62451171875,-0.48201784224612737,0,S-UNIWARD,ATTRIBUTED,S-UNIWARD,HUGO,0.1398554899208542,0.09522004037564429,0.04463544954520991,2,"S-UNIWARD,HUGO"
COVER__8487.pgm,8487.pgm,COVER,0,${BOSSBASE_ROOT}\cover\8487.pgm,0.5859306506696685,0.491455078125,0.51220703125,0.491455078125,0.51220703125,0.09447557254466854,0,0.5588085759645549,0.50537109375,0.5322265625,0.50537109375,0.5322265625,0.05343748221455491,0,0.4298481546439914,0.50048828125,0.548828125,0.50048828125,0.548828125,-0.0706401266060086,0,0.43614166329587634,0.52783203125,0.54833984375,0.52783203125,0.54833984375,-0.09169036795412366,0,0.3832372738389905,0.4921875,0.62451171875,0.4921875,0.62451171875,-0.10895022616100952,0,WOW,ATTRIBUTED,WOW,S-UNIWARD,0.1409219923514235,0.10212589113748356,0.038796101213939935,2,"WOW,S-UNIWARD"
COVER__1836.pgm,1836.pgm,COVER,0,${BOSSBASE_ROOT}\cover\1836.pgm,0.027585282226789985,0.491455078125,0.51220703125,0.491455078125,0.51220703125,-0.46386979589821004,0,0.999338482577126,0.50537109375,0.5322265625,0.50537109375,0.5322265625,0.493967388827126,0,0.943659904602972,0.50048828125,0.548828125,0.50048828125,0.548828125,0.443171623352972,0,0.8243205491125412,0.52783203125,0.54833984375,0.52783203125,0.54833984375,0.29648851786254116,0,0.9907319866190857,0.4921875,0.62451171875,0.4921875,0.62451171875,0.4985444866190857,0,MiPOD|S-UNIWARD,AMBIGUOUS,MiPOD,S-UNIWARD,0.5332119897014834,0.5253078855206432,0.007904104180840199,4,"S-UNIWARD,HILL,HUGO,MiPOD"
COVER__3319.pgm,3319.pgm,COVER,0,${BOSSBASE_ROOT}\cover\3319.pgm,0.012970386437368456,0.491455078125,0.51220703125,0.491455078125,0.51220703125,-0.4784846916876315,0,0.5590192331954614,0.50537109375,0.5322265625,0.50537109375,0.5322265625,0.05364813944546143,0,0.01956867555531235,0.50048828125,0.548828125,0.50048828125,0.548828125,-0.48091960569468767,0,0.02297736991002561,0.52783203125,0.54833984375,0.52783203125,0.54833984375,-0.5048546613399744,0,0.026607108569697214,0.4921875,0.62451171875,0.4921875,0.62451171875,-0.4655803914303028,0,S-UNIWARD,ATTRIBUTED,S-UNIWARD,MiPOD,0.10232629288322312,-0.4341918590937013,0.5365181519769244,1,S-UNIWARD
COVER__883.pgm,883.pgm,COVER,0,${BOSSBASE_ROOT}\cover\883.pgm,0.05146276543260743,0.491455078125,0.51220703125,0.491455078125,0.51220703125,-0.4399923126923926,0,0.5158028403932794,0.50537109375,0.5322265625,0.50537109375,0.5322265625,0.010431746643279394,1,0.582194144441052,0.50048828125,0.548828125,0.50048828125,0.548828125,0.081705863191052,0,0.4053898845636885,0.52783203125,0.54833984375,0.52783203125,0.54833984375,-0.12244214668631148,0,0.8551267677954196,0.4921875,0.62451171875,0.4921875,0.62451171875,0.36293926779541963,0,MiPOD,ATTRIBUTED,MiPOD,HILL,0.4026415215763675,0.13006508751450352,0.272576434061864,3,"S-UNIWARD,HILL,MiPOD"
COVER__8412.pgm,8412.pgm,COVER,0,${BOSSBASE_ROOT}\cover\8412.pgm,0.016152834822140957,0.491455078125,0.51220703125,0.491455078125,0.51220703125,-0.47530224330285903,0,0.012722708199923246,0.50537109375,0.5322265625,0.50537109375,0.5322265625,-0.49264838555007673,0,0.028925717867727442,0.50048828125,0.548828125,0.50048828125,0.548828125,-0.47156256338227254,0,0.008985428752560176,0.52783203125,0.54833984375,0.52783203125,0.54833984375,-0.5188466024974399,0,0.050424069043413594,0.4921875,0.62451171875,0.4921875,0.62451171875,-0.44176343095658643,0,UNKNOWN,UNKNOWN_OR_COVER,MiPOD,HILL,-0.4096183455511326,-0.4403612421207072,0.03074289656957463,0,
COVER__8028.pgm,8028.pgm,COVER,0,${BOSSBASE_ROOT}\cover\8028.pgm,0.009859855303538789,0.491455078125,0.51220703125,0.491455078125,0.51220703125,-0.4815952228214612,0,0.008156248626973424,0.50537109375,0.5322265625,0.50537109375,0.5322265625,-0.49721484512302655,0,0.011115013721477563,0.50048828125,0.548828125,0.50048828125,0.548828125,-0.48937326752852245,0,0.005576544822592462,0.52783203125,0.54833984375,0.52783203125,0.54833984375,-0.5222554864274075,0,0.03561141336294631,0.4921875,0.62451171875,0.4921875,0.62451171875,-0.4565760866370537,0,UNKNOWN,UNKNOWN_OR_COVER,MiPOD,WOW,-0.4249036461085455,-0.45070536875547884,0.025801722646933367,0,
COVER__9612.pgm,9612.pgm,COVER,0,${BOSSBASE_ROOT}\cover\9612.pgm,0.22354652136612804,0.491455078125,0.51220703125,0.491455078125,0.51220703125,-0.26790855675887193,0,0.4252471650912698,0.50537109375,0.5322265625,0.50537109375,0.5322265625,-0.08012392865873019,0,0.5282900659453637,0.50048828125,0.548828125,0.50048828125,0.548828125,0.02780178469536365,1,0.15065254605647532,0.52783203125,0.54833984375,0.52783203125,0.54833984375,-0.3771794851935247,0,0.522856982890659,0.4921875,0.62451171875,0.4921875,0.62451171875,0.03066948289065896,1,MiPOD|HILL,AMBIGUOUS,MiPOD,HILL,0.08066948289065896,0.07780178469536365,0.0028676981952953096,2,"HILL,MiPOD"
COVER__1737.pgm,1737.pgm,COVER,0,${BOSSBASE_ROOT}\cover\1737.pgm,0.4611077768171146,0.491455078125,0.51220703125,0.491455078125,0.51220703125,-0.030347301307885377,0,0.5119682334825503,0.50537109375,0.5322265625,0.50537109375,0.5322265625,0.006597139732550272,1,0.48538624346736425,0.50048828125,0.548828125,0.50048828125,0.548828125,-0.015102037782635747,0,0.5009365070835629,0.52783203125,0.54833984375,0.52783203125,0.54833984375,-0.026895524166437146,0,0.5082313729505445,0.4921875,0.62451171875,0.4921875,0.62451171875,0.016043872950544547,1,MiPOD|S-UNIWARD,AMBIGUOUS,MiPOD,S-UNIWARD,0.06604387295054455,0.056597139732550275,0.009446733217994274,2,"S-UNIWARD,MiPOD"
COVER__1840.pgm,1840.pgm,COVER,0,${BOSSBASE_ROOT}\cover\1840.pgm,0.012576348276879083,0.491455078125,0.51220703125,0.491455078125,0.51220703125,-0.4788787298481209,0,0.0035657366623610266,0.50537109375,0.5322265625,0.50537109375,0.5322265625,-0.501805357087639,0,0.04535258055430642,0.50048828125,0.548828125,0.50048828125,0.548828125,-0.4551357006956936,0,0.01975691800521462,0.52783203125,0.54833984375,0.52783203125,0.54833984375,-0.5080751132447854,0,0.18535662781502407,0.4921875,0.62451171875,0.4921875,0.62451171875,-0.30683087218497596,0,UNKNOWN,UNKNOWN_OR_COVER,MiPOD,HILL,-0.2700421206645782,-0.4234176067577481,0.15337548609316987,0,
COVER__5622.pgm,5622.pgm,COVER,0,${BOSSBASE_ROOT}\cover\5622.pgm,0.014447852533602467,0.491455078125,0.51220703125,0.491455078125,0.51220703125,-0.4770072255913975,0,0.010368156650788152,0.50537109375,0.5322265625,0.50537109375,0.5322265625,-0.49500293709921184,0,0.012527931992744795,0.50048828125,0.548828125,0.50048828125,0.548828125,-0.4879603492572552,0,0.008187909901696235,0.52783203125,0.54833984375,0.52783203125,0.54833984375,-0.5196441213483037,0,0.009376237450848677,0.4921875,0.62451171875,0.4921875,0.62451171875,-0.4828112625491513,0,UNKNOWN,UNKNOWN_OR_COVER,WOW,MiPOD,-0.4459753233513816,-0.4519589489429244,0.005983625591542752,0,
COVER__1897.pgm,1897.pgm,COVER,0,${BOSSBASE_ROOT}\cover\1897.pgm,0.014899643269019094,0.491455078125,0.51220703125,0.491455078125,0.51220703125,-0.4765554348559809,0,0.12442563335989186,0.50537109375,0.5322265625,0.50537109375,0.5322265625,-0.3809454603901081,0,0.19915219960336825,0.50048828125,0.548828125,0.50048828125,0.548828125,-0.3013360816466317,0,0.01020905431880827,0.52783203125,0.54833984375,0.52783203125,0.54833984375,-0.5176229769311917,0,0.0004529758122778943,0.4921875,0.62451171875,0.4921875,0.62451171875,-0.4917345241877221,0,UNKNOWN,UNKNOWN_OR_COVER,HILL,S-UNIWARD,-0.2643446272475447,-0.34678470284552887,0.08244007559798416,0,
COVER__8994.pgm,8994.pgm,COVER,0,${BOSSBASE_ROOT}\cover\8994.pgm,0.3553273651913664,0.491455078125,0.51220703125,0.491455078125,0.51220703125,-0.13612771293363363,0,0.39676915511541155,0.50537109375,0.5322265625,0.50537109375,0.5322265625,-0.10860193863458845,0,0.5736784074525096,0.50048828125,0.548828125,0.50048828125,0.548828125,0.07319012620250964,0,0.5747528349087303,0.52783203125,0.54833984375,0.52783203125,0.54833984375,0.0469208036587303,0,0.5313917612680455,0.4921875,0.62451171875,0.4921875,0.62451171875,0.03920426126804555,1,HILL|HUGO,AMBIGUOUS,HILL,HUGO,0.12196292340090484,0.0956174427043196,0.02634548069658524,3,"HILL,HUGO,MiPOD"
COVER__9539.pgm,9539.pgm,COVER,0,${BOSSBASE_ROOT}\cover\9539.pgm,0.02337531504012681,0.491455078125,0.51220703125,0.491455078125,0.51220703125,-0.4680797630848732,0,0.26759951924528624,0.50537109375,0.5322265625,0.50537109375,0.5322265625,-0.23777157450471376,0,0.457439665672124,0.50048828125,0.548828125,0.50048828125,0.548828125,-0.04304861557787598,0,1.2123987569361943e-05,0.52783203125,0.54833984375,0.52783203125,0.54833984375,-0.5278199072624307,0,0.12549344653756345,0.4921875,0.62451171875,0.4921875,0.62451171875,-0.36669405346243655,0,HILL,ATTRIBUTED,HILL,S-UNIWARD,0.004844625511285505,-0.19835243664226693,0.20319706215355243,0,
COVER__1860.pgm,1860.pgm,COVER,0,${BOSSBASE_ROOT}\cover\1860.pgm,0.012147170099805133,0.491455078125,0.51220703125,0.491455078125,0.51220703125,-0.47930790802519485,0,0.021781171331499802,0.50537109375,0.5322265625,0.50537109375,0.5322265625,-0.4835899224185002,0,0.15636236748299265,0.50048828125,0.548828125,0.50048828125,0.548828125,-0.34412591376700735,0,0.012147170099805133,0.52783203125,0.54833984375,0.52783203125,0.54833984375,-0.5156848611501949,0,0.018833129890434692,0.4921875,0.62451171875,0.4921875,0.62451171875,-0.4733543701095653,0,UNKNOWN,UNKNOWN_OR_COVER,HILL,MiPOD,-0.3086839302791483,-0.4422089055282049,0.1335249752490566,0,
COVER__4207.pgm,4207.pgm,COVER,0,${BOSSBASE_ROOT}\cover\4207.pgm,0.5385282073021326,0.491455078125,0.51220703125,0.491455078125,0.51220703125,0.04707312917713258,0,0.5307685682986778,0.50537109375,0.5322265625,0.50537109375,0.5322265625,0.0253974745486778,1,0.5550734923007133,0.50048828125,0.548828125,0.50048828125,0.548828125,0.054585211050713345,0,0.5062634052594057,0.52783203125,0.54833984375,0.52783203125,0.54833984375,-0.02156862599059428,0,0.5273773759537936,0.4921875,0.62451171875,0.4921875,0.62451171875,0.03518987595379364,1,HILL|WOW,AMBIGUOUS,HILL,WOW,0.1042739157741768,0.09577423951508975,0.008499676259087055,4,"WOW,S-UNIWARD,HILL,MiPOD"
COVER__5373.pgm,5373.pgm,COVER,0,${BOSSBASE_ROOT}\cover\5373.pgm,0.01028830113371619,0.491455078125,0.51220703125,0.491455078125,0.51220703125,-0.4811667769912838,0,0.009485713170795206,0.50537109375,0.5322265625,0.50537109375,0.5322265625,-0.4958853805792048,0,0.03494669711152705,0.50048828125,0.548828125,0.50048828125,0.548828125,-0.46554158413847296,0,0.009783876017655003,0.52783203125,0.54833984375,0.52783203125,0.54833984375,-0.518048155232345,0,0.016090874192824428,0.4921875,0.62451171875,0.4921875,0.62451171875,-0.4760966258071756,0,UNKNOWN,UNKNOWN_OR_COVER,HILL,MiPOD,-0.434151833674301,-0.44503645305406786,0.010884619379766869,0,
COVER__3799.pgm,3799.pgm,COVER,0,${BOSSBASE_ROOT}\cover\3799.pgm,0.626352755201065,0.491455078125,0.51220703125,0.491455078125,0.51220703125,0.13489767707606504,0,0.570869701365027,0.50537109375,0.5322265625,0.50537109375,0.5322265625,0.06549860761502702,0,0.5487037226135992,0.50048828125,0.548828125,0.50048828125,0.548828125,0.04821544136359923,1,0.5648787376269021,0.52783203125,0.54833984375,0.52783203125,0.54833984375,0.037046706376902105,0,0.5322427931023983,0.4921875,0.62451171875,0.4921875,0.62451171875,0.040055293102398304,1,WOW,ATTRIBUTED,WOW,S-UNIWARD,0.17950407417611536,0.11360330670716165,0.06590076746895371,5,"WOW,S-UNIWARD,HILL,HUGO,MiPOD"
COVER__3280.pgm,3280.pgm,COVER,0,${BOSSBASE_ROOT}\cover\3280.pgm,0.009974920824078675,0.491455078125,0.51220703125,0.491455078125,0.51220703125,-0.4814801573009213,0,0.06916356453554356,0.50537109375,0.5322265625,0.50537109375,0.5322265625,-0.43620752921445644,0,0.033085978388704126,0.50048828125,0.548828125,0.50048828125,0.548828125,-0.46740230286129586,0,0.22422527486991764,0.52783203125,0.54833984375,0.52783203125,0.54833984375,-0.3036067563800824,0,0.9152045921779318,0.4921875,0.62451171875,0.4921875,0.62451171875,0.4230170921779318,0,MiPOD,ATTRIBUTED,MiPOD,HUGO,0.46040435693817244,-0.26669920225069277,0.7271035591888653,1,MiPOD
COVER__8174.pgm,8174.pgm,COVER,0,${BOSSBASE_ROOT}\cover\8174.pgm,0.4768384876089392,0.491455078125,0.51220703125,0.491455078125,0.51220703125,-0.01461659051606079,0,0.5141106320023022,0.50537109375,0.5322265625,0.50537109375,0.5322265625,0.008739538252302226,1,0.5295371019325037,0.50048828125,0.548828125,0.50048828125,0.548828125,0.029048820682503695,1,0.658417500561683,0.52783203125,0.54833984375,0.52783203125,0.54833984375,0.13058546931168302,0,0.54691965128964,0.4921875,0.62451171875,0.4921875,0.62451171875,0.05473215128964004,1,HUGO,ATTRIBUTED,HUGO,MiPOD,0.17537369783042875,0.10473215128964004,0.0706415465407887,4,"S-UNIWARD,HILL,HUGO,MiPOD"
COVER__9193.pgm,9193.pgm,COVER,0,${BOSSBASE_ROOT}\cover\9193.pgm,0.009303949868393646,0.491455078125,0.51220703125,0.491455078125,0.51220703125,-0.48215112825660633,0,0.0029008577108601222,0.50537109375,0.5322265625,0.50537109375,0.5322265625,-0.5024702360391399,0,0.008544330693441928,0.50048828125,0.548828125,0.50048828125,0.548828125,-0.4919439505565581,0,0.014785407692390527,0.52783203125,0.54833984375,0.52783203125,0.54833984375,-0.5130466235576094,0,0.009936418705946226,0.4921875,0.62451171875,0.4921875,0.62451171875,-0.48225108129405375,0,UNKNOWN,UNKNOWN_OR_COVER,WOW,MiPOD,-0.45127844125631544,-0.45138147995838934,0.00010303870207389876,0,
COVER__7235.pgm,7235.pgm,COVER,0,${BOSSBASE_ROOT}\cover\7235.pgm,0.010013570623173138,0.491455078125,0.51220703125,0.491455078125,0.51220703125,-0.48144150750182685,0,0.015365341441302218,0.50537109375,0.5322265625,0.50537109375,0.5322265625,-0.4900057523086978,0,0.015130728307193727,0.50048828125,0.548828125,0.50048828125,0.548828125,-0.48535755294280625,0,0.01005236865796813,0.52783203125,0.54833984375,0.52783203125,0.54833984375,-0.5177796625920319,0,0.009936418705946226,0.4921875,0.62451171875,0.4921875,0.62451171875,-0.48225108129405375,0,UNKNOWN,UNKNOWN_OR_COVER,WOW,MiPOD,-0.45054690482709564,-0.45138147995838934,0.0008345751312937022,0,
COVER__5203.pgm,5203.pgm,COVER,0,${BOSSBASE_ROOT}\cover\5203.pgm,0.020924190916620598,0.491455078125,0.51220703125,0.491455078125,0.51220703125,-0.4705308872083794,0,0.01691491326672651,0.50537109375,0.5322265625,0.50537109375,0.5322265625,-0.4884561804832735,0,0.20181322226037882,0.50048828125,0.548828125,0.50048828125,0.548828125,-0.2986750589896212,0,0.07935289445587748,0.52783203125,0.54833984375,0.52783203125,0.54833984375,-0.44847913679412255,0,0.43440130964650553,0.4921875,0.62451171875,0.4921875,0.62451171875,-0.05778619035349447,0,UNKNOWN,UNKNOWN_OR_COVER,MiPOD,HILL,-0.010593603830029684,-0.2615850384070012,0.25099143457697154,0,
COVER__7707.pgm,7707.pgm,COVER,0,${BOSSBASE_ROOT}\cover\7707.pgm,0.011463797377996032,0.491455078125,0.51220703125,0.491455078125,0.51220703125,-0.479991280747004,0,0.013020490113842825,0.50537109375,0.5322265625,0.50537109375,0.5322265625,-0.4923506036361572,0,0.011375600238837661,0.50048828125,0.548828125,0.50048828125,0.548828125,-0.48911268101116234,0,0.010408314101072437,0.52783203125,0.54833984375,0.52783203125,0.54833984375,-0.5174237171489275,0,0.008445626941126032,0.4921875,0.62451171875,0.4921875,0.62451171875,-0.48374187305887395,0,UNKNOWN,UNKNOWN_OR_COVER,WOW,MiPOD,-0.4490518413890737,-0.45291825758447557,0.003866416195401845,0,
COVER__4909.pgm,4909.pgm,COVER,0,${BOSSBASE_ROOT}\cover\4909.pgm,0.0840406115573681,0.491455078125,0.51220703125,0.491455078125,0.51220703125,-0.4074144665676319,0,0.018725162468302196,0.50537109375,0.5322265625,0.50537109375,0.5322265625,-0.4866459312816978,0,0.08586245629955466,0.50048828125,0.548828125,0.50048828125,0.548828125,-0.4146258249504453,0,0.019606182891419334,0.52783203125,0.54833984375,0.52783203125,0.54833984375,-0.5082258483585806,0,0.8326452942108686,0.4921875,0.62451171875,0.4921875,0.62451171875,0.34045779421086864,0,MiPOD,ATTRIBUTED,MiPOD,WOW,0.38106272186228013,-0.3741460485574405,0.7552087704197206,1,MiPOD
COVER__6755.pgm,6755.pgm,COVER,0,${BOSSBASE_ROOT}\cover\6755.pgm,0.9230391643039738,0.491455078125,0.51220703125,0.491455078125,0.51220703125,0.4315840861789738,0,0.5102982260297658,0.50537109375,0.5322265625,0.50537109375,0.5322265625,0.004927132279765822,1,0.6084195787824573,0.50048828125,0.548828125,0.50048828125,0.548828125,0.10793129753245734,0,0.04611974954758324,0.52783203125,0.54833984375,0.52783203125,0.54833984375,-0.48171228170241676,0,0.6163009677493017,0.4921875,0.62451171875,0.4921875,0.62451171875,0.12411346774930165,1,WOW,ATTRIBUTED,WOW,MiPOD,0.46473899790567236,0.17411346774930164,0.2906255301563707,4,"WOW,S-UNIWARD,HILL,MiPOD"
COVER__1029.pgm,1029.pgm,COVER,0,${BOSSBASE_ROOT}\cover\1029.pgm,0.013795364421185227,0.491455078125,0.51220703125,0.491455078125,0.51220703125,-0.47765971370381477,0,0.03448852755791727,0.50537109375,0.5322265625,0.50537109375,0.5322265625,-0.47088256619208274,0,0.03050205268271422,0.50048828125,0.548828125,0.50048828125,0.548828125,-0.4699862285672858,0,0.05261895334771377,0.52783203125,0.54833984375,0.52783203125,0.54833984375,-0.47521307790228623,0,0.3739901328813332,0.4921875,0.62451171875,0.4921875,0.62451171875,-0.1181973671186668,0,UNKNOWN,UNKNOWN_OR_COVER,MiPOD,HILL,-0.07377133359150487,-0.4387356847913532,0.3649643511998484,0,
COVER__6587.pgm,6587.pgm,COVER,0,${BOSSBASE_ROOT}\cover\6587.pgm,0.01764446341056456,0.491455078125,0.51220703125,0.491455078125,0.51220703125,-0.4738106147144354,0,0.44116132884730647,0.50537109375,0.5322265625,0.50537109375,0.5322265625,-0.06420976490269353,0,0.24999615180126566,0.50048828125,0.548828125,0.50048828125,0.548828125,-0.25049212944873434,0,0.02306522651694984,0.52783203125,0.54833984375,0.52783203125,0.54833984375,-0.5047668047330501,0,0.5078194918095746,0.4921875,0.62451171875,0.4921875,0.62451171875,0.01563199180957464,1,MiPOD,ATTRIBUTED,MiPOD,S-UNIWARD,0.06563199180957464,-0.01731935192076551,0.08295134373034016,1,MiPOD
COVER__3425.pgm,3425.pgm,COVER,0,${BOSSBASE_ROOT}\cover\3425.pgm,0.4949380696758743,0.491455078125,0.51220703125,0.491455078125,0.51220703125,0.0034829915508742815,1,0.4954949644435719,0.50537109375,0.5322265625,0.50537109375,0.5322265625,-0.009876129306428116,0,0.50363152793809,0.50048828125,0.548828125,0.50048828125,0.548828125,0.0031432466880899623,1,0.49885463914939354,0.52783203125,0.54833984375,0.52783203125,0.54833984375,-0.02897739210060646,0,0.49721529978877854,0.4921875,0.62451171875,0.4921875,0.62451171875,0.005027799788778542,1,MiPOD|WOW,AMBIGUOUS,MiPOD,WOW,0.055027799788778545,0.053482991550874284,0.0015448082379042605,3,"WOW,HILL,MiPOD"
COVER__1862.pgm,1862.pgm,COVER,0,${BOSSBASE_ROOT}\cover\1862.pgm,0.5088034114333546,0.491455078125,0.51220703125,0.491455078125,0.51220703125,0.017348333308354613,1,0.5042342127427192,0.50537109375,0.5322265625,0.50537109375,0.5322265625,-0.001136881007280821,0,0.5048406995828049,0.50048828125,0.548828125,0.50048828125,0.548828125,0.004352418332804864,1,0.4928097913522285,0.52783203125,0.54833984375,0.52783203125,0.54833984375,-0.03502223989777148,0,0.4988060020254681,0.4921875,0.62451171875,0.4921875,0.62451171875,0.006618502025468098,1,WOW|MiPOD,AMBIGUOUS,WOW,MiPOD,0.06734833330835462,0.0566185020254681,0.010729831282886515,3,"WOW,HILL,MiPOD"
COVER__6911.pgm,6911.pgm,COVER,0,${BOSSBASE_ROOT}\cover\6911.pgm,0.009268013380914325,0.491455078125,0.51220703125,0.491455078125,0.51220703125,-0.4821870647440857,0,0.03120281791632406,0.50537109375,0.5322265625,0.50537109375,0.5322265625,-0.47416827583367593,0,0.9193533851235517,0.50048828125,0.548828125,0.50048828125,0.548828125,0.4188651038735517,0,0.8795611834053839,0.52783203125,0.54833984375,0.52783203125,0.54833984375,0.3517291521553839,0,0.9633686333603795,0.4921875,0.62451171875,0.4921875,0.62451171875,0.4711811333603795,0,MiPOD,ATTRIBUTED,MiPOD,HILL,0.5068103534709717,0.4533836844089017,0.05342666906207,3,"HILL,HUGO,MiPOD"
COVER__415.pgm,415.pgm,COVER,0,${BOSSBASE_ROOT}\cover\415.pgm,0.05155818952427454,0.491455078125,0.51220703125,0.491455078125,0.51220703125,-0.43989688860072546,0,0.628863371037271,0.50537109375,0.5322265625,0.50537109375,0.5322265625,0.12349227728727097,0,0.6249804444212143,0.50048828125,0.548828125,0.50048828125,0.548828125,0.12449216317121425,0,0.5751108210554504,0.52783203125,0.54833984375,0.52783203125,0.54833984375,0.047278789805450416,0,0.6695288046278388,0.4921875,0.62451171875,0.4921875,0.62451171875,0.17734130462783881,0,MiPOD,ATTRIBUTED,MiPOD,HILL,0.2251403620236614,0.17082591543132966,0.05431444659233173,4,"S-UNIWARD,HILL,HUGO,MiPOD"
COVER__8096.pgm,8096.pgm,COVER,0,${BOSSBASE_ROOT}\cover\8096.pgm,0.008478401934677453,0.491455078125,0.51220703125,0.491455078125,0.51220703125,-0.48297667619032253,0,0.0048863747900885525,0.50537109375,0.5322265625,0.50537109375,0.5322265625,-0.5004847189599114,0,0.008847355082930386,0.50048828125,0.548828125,0.50048828125,0.548828125,-0.4916409261670696,0,0.008644177936723585,0.52783203125,0.54833984375,0.52783203125,0.54833984375,-0.5191878533132764,0,0.0077555367808475675,0.4921875,0.62451171875,0.4921875,0.62451171875,-0.48443196321915244,0,UNKNOWN,UNKNOWN_OR_COVER,WOW,MiPOD,-0.4521294655555656,-0.45362961148070585,0.0015001459251402505,0,
COVER__8159.pgm,8159.pgm,COVER,0,${BOSSBASE_ROOT}\cover\8159.pgm,0.011115013721477563,0.491455078125,0.51220703125,0.491455078125,0.51220703125,-0.48034006440352245,0,0.010489091259938018,0.50537109375,0.5322265625,0.50537109375,0.5322265625,-0.494882002490062,0,0.010091315485195006,0.50048828125,0.548828125,0.50048828125,0.548828125,-0.490396965764805,0,0.009232214404536282,0.52783203125,0.54833984375,0.52783203125,0.54833984375,-0.5185998168454637,0,0.008916127052872005,0.4921875,0.62451171875,0.4921875,0.62451171875,-0.483271372947128,0,UNKNOWN,UNKNOWN_OR_COVER,WOW,MiPOD,-0.4494114143347088,-0.45243325154595204,0.003021837211243217,0,
COVER__6991.pgm,6991.pgm,COVER,0,${BOSSBASE_ROOT}\cover\6991.pgm,0.007695647178392188,0.491455078125,0.51220703125,0.491455078125,0.51220703125,-0.48375943094660784,0,0.010693757736175492,0.50537109375,0.5322265625,0.50537109375,0.5322265625,-0.4946773360138245,0,0.006615392678327907,0.50048828125,0.548828125,0.50048828125,0.548828125,-0.4938728885716721,0,0.008511303026562552,0.52783203125,0.54833984375,0.52783203125,0.54833984375,-0.5193207282234374,0,0.008156248626973424,0.4921875,0.62451171875,0.4921875,0.62451171875,-0.48403125137302655,0,UNKNOWN,UNKNOWN_OR_COVER,WOW,MiPOD,-0.4529363566650384,-0.4532165542940529,0.0002801976290144892,0,
COVER__345.pgm,345.pgm,COVER,0,${BOSSBASE_ROOT}\cover\345.pgm,0.5742753981397511,0.491455078125,0.51220703125,0.491455078125,0.51220703125,0.08282032001475115,0,0.5342176713198858,0.50537109375,0.5322265625,0.50537109375,0.5322265625,0.028846577569885845,0,0.5122274810299141,0.50048828125,0.548828125,0.50048828125,0.548828125,0.011739199779914111,1,0.5131500429753891,0.52783203125,0.54833984375,0.52783203125,0.54833984375,-0.014681988274610869,0,0.5063854560408192,0.4921875,0.62451171875,0.4921875,0.62451171875,0.014197956040819193,1,WOW,ATTRIBUTED,WOW,S-UNIWARD,0.12981125162064414,0.0787471211760011,0.05106413044464303,4,"WOW,S-UNIWARD,HILL,MiPOD"
COVER__4483.pgm,4483.pgm,COVER,0,${BOSSBASE_ROOT}\cover\4483.pgm,0.009974920824078675,0.491455078125,0.51220703125,0.491455078125,0.51220703125,-0.4814801573009213,0,0.009340024385054083,0.50537109375,0.5322265625,0.50537109375,0.5322265625,-0.4960310693649459,0,0.00952248567033666,0.50048828125,0.548828125,0.50048828125,0.548828125,-0.49096579557966336,0,0.009303949868393646,0.52783203125,0.54833984375,0.52783203125,0.54833984375,-0.5185280813816063,0,0.010448625445116808,0.4921875,0.62451171875,0.4921875,0.62451171875,-0.4817388745548832,0,UNKNOWN,UNKNOWN_OR_COVER,WOW,MiPOD,-0.4505867486733016,-0.45085345755127904,0.0002667088779774174,0,
COVER__2373.pgm,2373.pgm,COVER,0,${BOSSBASE_ROOT}\cover\2373.pgm,0.013325147705881429,0.491455078125,0.51220703125,0.491455078125,0.51220703125,-0.47812993041911855,0,0.0005254230495830163,0.50537109375,0.5322265625,0.50537109375,0.5322265625,-0.504845670700417,0,0.011072160183234295,0.50048828125,0.548828125,0.50048828125,0.548828125,-0.4894161210667657,0,0.016979992237318317,0.52783203125,0.54833984375,0.52783203125,0.54833984375,-0.5108520390126817,0,0.001201891318511022,0.4921875,0.62451171875,0.4921875,0.62451171875,-0.490985608681489,0,UNKNOWN,UNKNOWN_OR_COVER,WOW,HILL,-0.447132848295547,-0.45876691115292095,0.01163406285737395,0,
COVER__1214.pgm,1214.pgm,COVER,0,${BOSSBASE_ROOT}\cover\1214.pgm,0.008187909901696235,0.491455078125,0.51220703125,0.491455078125,0.51220703125,-0.4832671682233038,0,0.01028830113371619,0.50537109375,0.5322265625,0.50537109375,0.5322265625,-0.4950827926162838,0,0.009196552423046733,0.50048828125,0.548828125,0.50048828125,0.548828125,-0.49129172882695327,0,0.01374232049590237,0.52783203125,0.54833984375,0.52783203125,0.54833984375,-0.5140897107540976,0,0.012479699745327848,0.4921875,0.62451171875,0.4921875,0.62451171875,-0.47970780025467213,0,UNKNOWN,UNKNOWN_OR_COVER,MiPOD,WOW,-0.44875958892595763,-0.4524289171560715,0.003669328230113844,0,
COVER__897.pgm,897.pgm,COVER,0,${BOSSBASE_ROOT}\cover\897.pgm,0.0499585240665846,0.491455078125,0.51220703125,0.491455078125,0.51220703125,-0.44149655405841537,0,0.8497219425324707,0.50537109375,0.5322265625,0.50537109375,0.5322265625,0.3443508487824707,0,0.07992552347565954,0.50048828125,0.548828125,0.50048828125,0.548828125,-0.4205627577743405,0,0.7314424129709252,0.52783203125,0.54833984375,0.52783203125,0.54833984375,0.20361038172092516,0,0.2914848120975131,0.4921875,0.62451171875,0.4921875,0.62451171875,-0.2007026879024869,0,S-UNIWARD,ATTRIBUTED,S-UNIWARD,HUGO,0.38074935098069607,0.24524451890775226,0.1355048320729438,2,"S-UNIWARD,HUGO"
COVER__1743.pgm,1743.pgm,COVER,0,${BOSSBASE_ROOT}\cover\1743.pgm,0.008577485413711986,0.491455078125,0.51220703125,0.491455078125,0.51220703125,-0.482877592711288,0,0.005139611097568844,0.50537109375,0.5322265625,0.50537109375,0.5322265625,-0.5002314826524311,0,0.0058426051752048505,0.50048828125,0.548828125,0.50048828125,0.548828125,-0.49464567607479515,0,0.007093861878911533,0.52783203125,0.54833984375,0.52783203125,0.54833984375,-0.5207381693710885,0,0.01005236865796813,0.4921875,0.62451171875,0.4921875,0.62451171875,-0.4821351313420319,0,UNKNOWN,UNKNOWN_OR_COVER,MiPOD,WOW,-0.4512619504700542,-0.4520273254761561,0.0007653750061019093,0,
COVER__2441.pgm,2441.pgm,COVER,0,${BOSSBASE_ROOT}\cover\2441.pgm,0.009974920824078675,0.491455078125,0.51220703125,0.491455078125,0.51220703125,-0.4814801573009213,0,0.013273887454385737,0.50537109375,0.5322265625,0.50537109375,0.5322265625,-0.49209720629561426,0,0.00834805380978326,0.50048828125,0.548828125,0.50048828125,0.548828125,-0.49214022744021674,0,0.012821214266594244,0.52783203125,0.54833984375,0.52783203125,0.54833984375,-0.5150108169834058,0,0.030157409732605497,0.4921875,0.62451171875,0.4921875,0.62451171875,-0.4620300902673945,0,UNKNOWN,UNKNOWN_OR_COVER,MiPOD,WOW,-0.43052992113307176,-0.4505867486733016,0.02005682754022986,0,
COVER__9112.pgm,9112.pgm,COVER,0,${BOSSBASE_ROOT}\cover\9112.pgm,0.07146149180665831,0.491455078125,0.51220703125,0.491455078125,0.51220703125,-0.4199935863183417,0,0.01159736182363297,0.50537109375,0.5322265625,0.50537109375,0.5322265625,-0.49377373192636703,0,0.013636835281429876,0.50048828125,0.548828125,0.50048828125,0.548828125,-0.4868514459685701,0,0.012870749215746782,0.52783203125,0.54833984375,0.52783203125,0.54833984375,-0.5149612820342532,0,0.14451066540837884,0.4921875,0.62451171875,0.4921875,0.62451171875,-0.34767683459162113,0,UNKNOWN,UNKNOWN_OR_COVER,MiPOD,WOW,-0.31236047960056745,-0.38714103462245636,0.0747805550218889,0,
COVER__7532.pgm,7532.pgm,COVER,0,${BOSSBASE_ROOT}\cover\7532.pgm,0.5655387048199066,0.491455078125,0.51220703125,0.491455078125,0.51220703125,0.07408362669490665,0,0.5599518873868037,0.50537109375,0.5322265625,0.50537109375,0.5322265625,0.05458079363680368,0,0.6280652861068986,0.50048828125,0.548828125,0.50048828125,0.548828125,0.1275770048568986,0,0.5794599037413983,0.52783203125,0.54833984375,0.52783203125,0.54833984375,0.05162787249139833,0,0.6585273084208437,0.4921875,0.62451171875,0.4921875,0.62451171875,0.16633980842084373,0,MiPOD,ATTRIBUTED,MiPOD,HILL,0.21466763023201166,0.1737680450618099,0.04089958517020176,5,"WOW,S-UNIWARD,HILL,HUGO,MiPOD"
COVER__2109.pgm,2109.pgm,COVER,0,${BOSSBASE_ROOT}\cover\2109.pgm,0.5760054410355633,0.491455078125,0.51220703125,0.491455078125,0.51220703125,0.08455036291056328,0,0.5193384929902571,0.50537109375,0.5322265625,0.50537109375,0.5322265625,0.013967399240257139,1,0.5597413248063832,0.50048828125,0.548828125,0.50048828125,0.548828125,0.05925304355638317,0,0.09859886446869567,0.52783203125,0.54833984375,0.52783203125,0.54833984375,-0.4292331667813043,0,0.5481595602223669,0.4921875,0.62451171875,0.4921875,0.62451171875,0.05597206022236689,1,WOW|HILL,AMBIGUOUS,WOW,HILL,0.1314600684715943,0.10871035021263808,0.02274971825895622,4,"WOW,S-UNIWARD,HILL,MiPOD"
COVER__4681.pgm,4681.pgm,COVER,0,${BOSSBASE_ROOT}\cover\4681.pgm,0.3470943611833573,0.491455078125,0.51220703125,0.491455078125,0.51220703125,-0.1443607169416427,0,0.49826527337886994,0.50537109375,0.5322265625,0.50537109375,0.5322265625,-0.007105820371130056,0,0.5063892701155505,0.50048828125,0.548828125,0.50048828125,0.548828125,0.0059009888655504605,1,0.5318173003227588,0.52783203125,0.54833984375,0.52783203125,0.54833984375,0.003985269072758757,1,0.5085059542045265,0.4921875,0.62451171875,0.4921875,0.62451171875,0.01631845420452649,1,MiPOD|HILL,AMBIGUOUS,MiPOD,HILL,0.06631845420452649,0.05590098886555046,0.010417465338976029,3,"HILL,HUGO,MiPOD"
COVER__782.pgm,782.pgm,COVER,0,${BOSSBASE_ROOT}\cover\782.pgm,0.5201307137926053,0.491455078125,0.51220703125,0.491455078125,0.51220703125,0.028675635667605337,0,0.5193232570089794,0.50537109375,0.5322265625,0.50537109375,0.5322265625,0.013952163258979411,1,0.5158638143448011,0.50048828125,0.548828125,0.50048828125,0.548828125,0.015375533094801108,1,0.7913377270134009,0.52783203125,0.54833984375,0.52783203125,0.54833984375,0.2635056957634009,0,0.7098243776453041,0.4921875,0.62451171875,0.4921875,0.62451171875,0.21763687764530415,0,HUGO,ATTRIBUTED,HUGO,MiPOD,0.3027193544568774,0.2635481350580775,0.03917121939879992,5,"WOW,S-UNIWARD,HILL,HUGO,MiPOD"
COVER__5104.pgm,5104.pgm,COVER,0,${BOSSBASE_ROOT}\cover\5104.pgm,0.009859855303538789,0.491455078125,0.51220703125,0.491455078125,0.51220703125,-0.4815952228214612,0,0.007066400963249157,0.50537109375,0.5322265625,0.50537109375,0.5322265625,-0.4983046927867508,0,0.011029470022501837,0.50048828125,0.548828125,0.50048828125,0.548828125,-0.4894588112274982,0,0.012007350547633841,0.52783203125,0.54833984375,0.52783203125,0.54833984375,-0.5158246807023662,0,0.009449081319055452,0.4921875,0.62451171875,0.4921875,0.62451171875,-0.4827384186809445,0,UNKNOWN,UNKNOWN_OR_COVER,WOW,MiPOD,-0.45070536875547884,-0.4518838575909947,0.0011784888355158563,0,
COVER__3703.pgm,3703.pgm,COVER,0,${BOSSBASE_ROOT}\cover\3703.pgm,0.009974920824078675,0.491455078125,0.51220703125,0.491455078125,0.51220703125,-0.4814801573009213,0,0.01159736182363297,0.50537109375,0.5322265625,0.50537109375,0.5322265625,-0.49377373192636703,0,0.021328081660092035,0.50048828125,0.548828125,0.50048828125,0.548828125,-0.47916019958990796,0,0.8830344094536157,0.52783203125,0.54833984375,0.52783203125,0.54833984375,0.35520237820361567,0,0.1803952588642227,0.4921875,0.62451171875,0.4921875,0.62451171875,-0.3117922411357773,0,HUGO,ATTRIBUTED,HUGO,MiPOD,0.39098020862901683,-0.2751855601518835,0.6661657687809004,1,HUGO
COVER__999.pgm,999.pgm,COVER,0,${BOSSBASE_ROOT}\cover\999.pgm,0.42685906787651423,0.491455078125,0.51220703125,0.491455078125,0.51220703125,-0.06459601024848577,0,0.4991245278722165,0.50537109375,0.5322265625,0.50537109375,0.5322265625,-0.006246565877783494,0,0.5157418659712667,0.50048828125,0.548828125,0.50048828125,0.548828125,0.0152535847212667,1,0.5212731606322802,0.52783203125,0.54833984375,0.52783203125,0.54833984375,-0.006558870617719759,0,0.5586580935467108,0.4921875,0.62451171875,0.4921875,0.62451171875,0.06647059354671081,1,MiPOD,ATTRIBUTED,MiPOD,HILL,0.11647059354671081,0.0652535847212667,0.05121700882544411,2,"HILL,MiPOD"
COVER__3064.pgm,3064.pgm,COVER,0,${BOSSBASE_ROOT}\cover\3064.pgm,0.519049003227857,0.491455078125,0.51220703125,0.491455078125,0.51220703125,0.027593925102856964,0,0.5202525850309101,0.50537109375,0.5322265625,0.50537109375,0.5322265625,0.014881491280910097,1,0.5339139121475214,0.50048828125,0.548828125,0.50048828125,0.548828125,0.033425630897521375,1,0.5368592812849989,0.52783203125,0.54833984375,0.52783203125,0.54833984375,0.009027250034998935,1,0.5275447163330912,0.4921875,0.62451171875,0.4921875,0.62451171875,0.03535721633309119,1,MiPOD|HILL,AMBIGUOUS,MiPOD,HILL,0.0853572163330912,0.08342563089752138,0.0019315854355698159,5,"WOW,S-UNIWARD,HILL,HUGO,MiPOD"
COVER__7613.pgm,7613.pgm,COVER,0,${BOSSBASE_ROOT}\cover\7613.pgm,0.011823394836370594,0.491455078125,0.51220703125,0.491455078125,0.51220703125,-0.47963168328862943,0,0.233356758197565,0.50537109375,0.5322265625,0.50537109375,0.5322265625,-0.27201433555243504,0,0.06359857904766149,0.50048828125,0.548828125,0.50048828125,0.548828125,-0.4368897022023385,0,0.04501553160023231,0.52783203125,0.54833984375,0.52783203125,0.54833984375,-0.4828164996497677,0,0.9923341253113541,0.4921875,0.62451171875,0.4921875,0.62451171875,0.5001466253113541,0,MiPOD,ATTRIBUTED,MiPOD,S-UNIWARD,0.5347586307150596,-0.23392216857411438,0.768680799289174,1,MiPOD
COVER__8906.pgm,8906.pgm,COVER,0,${BOSSBASE_ROOT}\cover\8906.pgm,0.49091439131333375,0.491455078125,0.51220703125,0.491455078125,0.51220703125,-0.0005406868116662467,0,0.5080483160119682,0.50537109375,0.5322265625,0.50537109375,0.5322265625,0.002677222261968204,1,0.5194299081216297,0.50048828125,0.548828125,0.50048828125,0.548828125,0.018941626871629702,1,0.5206181842259912,0.52783203125,0.54833984375,0.52783203125,0.54833984375,-0.007213847024008846,0,0.5233898982283026,0.4921875,0.62451171875,0.4921875,0.62451171875,0.03120239822830262,1,MiPOD|HILL,AMBIGUOUS,MiPOD,HILL,0.08120239822830262,0.0689416268716297,0.012260771356672917,3,"S-UNIWARD,HILL,MiPOD"
COVER__3802.pgm,3802.pgm,COVER,0,${BOSSBASE_ROOT}\cover\3802.pgm,0.20165595884347298,0.491455078125,0.51220703125,0.491455078125,0.51220703125,-0.289799119281527,0,0.4403489228850985,0.50537109375,0.5322265625,0.50537109375,0.5322265625,-0.06502217086490147,0,0.4396571251098136,0.50048828125,0.548828125,0.50048828125,0.548828125,-0.060831156140186415,0,0.508597480156956,0.52783203125,0.54833984375,0.52783203125,0.54833984375,-0.01923455109304395,0,0.473520281049301,0.4921875,0.62451171875,0.4921875,0.62451171875,-0.018667218950699005,0,MiPOD|HUGO,AMBIGUOUS,MiPOD,HUGO,0.03040807777310285,0.029812911533866858,0.0005951662392359933,0,
COVER__3823.pgm,3823.pgm,COVER,0,${BOSSBASE_ROOT}\cover\3823.pgm,0.3923368301671084,0.491455078125,0.51220703125,0.491455078125,0.51220703125,-0.09911824795789159,0,0.5171441554353511,0.50537109375,0.5322265625,0.50537109375,0.5322265625,0.011773061685351083,1,0.5349162207522974,0.50048828125,0.548828125,0.50048828125,0.548828125,0.03442793950229739,1,0.5131652911977876,0.52783203125,0.54833984375,0.52783203125,0.54833984375,-0.014666740052212357,0,0.5319996600733019,0.4921875,0.62451171875,0.4921875,0.62451171875,0.039812160073301905,1,MiPOD|HILL,AMBIGUOUS,MiPOD,HILL,0.08981216007330191,0.08442793950229739,0.0053842205710045166,3,"S-UNIWARD,HILL,MiPOD"
COVER__4664.pgm,4664.pgm,COVER,0,${BOSSBASE_ROOT}\cover\4664.pgm,0.010091315485195006,0.491455078125,0.51220703125,0.491455078125,0.51220703125,-0.481363762639805,0,0.0025608708425093117,0.50537109375,0.5322265625,0.50537109375,0.5322265625,-0.5028102229074907,0,0.00834805380978326,0.50048828125,0.548828125,0.50048828125,0.548828125,-0.49214022744021674,0,0.010693757736175492,0.52783203125,0.54833984375,0.52783203125,0.54833984375,-0.5171382735138245,0,0.016152834822140957,0.4921875,0.62451171875,0.4921875,0.62451171875,-0.47603466517785903,0,UNKNOWN,UNKNOWN_OR_COVER,MiPOD,WOW,-0.44497256785727773,-0.4504667579750817,0.005494190117803943,0,
COVER__2609.pgm,2609.pgm,COVER,0,${BOSSBASE_ROOT}\cover\2609.pgm,0.009670992763446972,0.491455078125,0.51220703125,0.491455078125,0.51220703125,-0.48178408536155304,0,0.005199880176696374,0.50537109375,0.5322265625,0.50537109375,0.5322265625,-0.5001712135733036,0,0.008283626886030505,0.50048828125,0.548828125,0.50048828125,0.548828125,-0.4922046543639695,0,0.008881675100847034,0.52783203125,0.54833984375,0.52783203125,0.54833984375,-0.518950356149153,0,0.008745181682035148,0.4921875,0.62451171875,0.4921875,0.62451171875,-0.48344231831796486,0,UNKNOWN,UNKNOWN_OR_COVER,WOW,MiPOD,-0.4509000646810013,-0.45260946810033265,0.0017094034193313457,0,
COVER__6000.pgm,6000.pgm,COVER,0,${BOSSBASE_ROOT}\cover\6000.pgm,0.008677716704989246,0.491455078125,0.51220703125,0.491455078125,0.51220703125,-0.48277736142001076,0,0.009020279501402172,0.50537109375,0.5322265625,0.50537109375,0.5322265625,-0.49635081424859784,0,0.009633652359446519,0.50048828125,0.548828125,0.50048828125,0.548828125,-0.4908546288905535,0,0.010091315485195006,0.52783203125,0.54833984375,0.52783203125,0.54833984375,-0.517740715764805,0,0.007725534397423479,0.4921875,0.62451171875,0.4921875,0.62451171875,-0.48446196560257654,0,UNKNOWN,UNKNOWN_OR_COVER,WOW,MiPOD,-0.45192400186778675,-0.453660537994234,0.0017365361264472523,0,
COVER__6935.pgm,6935.pgm,COVER,0,${BOSSBASE_ROOT}\cover\6935.pgm,0.8672607639619987,0.491455078125,0.51220703125,0.491455078125,0.51220703125,0.3758056858369987,0,0.5585076003533205,0.50537109375,0.5322265625,0.50537109375,0.5322265625,0.05313650660332048,0,0.4935764032453869,0.50048828125,0.548828125,0.50048828125,0.548828125,-0.006911878004613126,0,0.19452077557294561,0.52783203125,0.54833984375,0.52783203125,0.54833984375,-0.3333112556770544,0,0.4922796663678933,0.4921875,0.62451171875,0.4921875,0.62451171875,9.216636789327604e-05,1,WOW,ATTRIBUTED,WOW,S-UNIWARD,0.41086247425050293,0.10183957175535785,0.3090229024951451,3,"WOW,S-UNIWARD,MiPOD"
COVER__1892.pgm,1892.pgm,COVER,0,${BOSSBASE_ROOT}\cover\1892.pgm,0.018833129890434692,0.491455078125,0.51220703125,0.491455078125,0.51220703125,-0.4726219482345653,0,0.37731120044561967,0.50537109375,0.5322265625,0.50537109375,0.5322265625,-0.12805989330438033,0,0.16899405142896226,0.50048828125,0.548828125,0.50048828125,0.548828125,-0.3314942298210377,0,0.022243667583876928,0.52783203125,0.54833984375,0.52783203125,0.54833984375,-0.505588363666123,0,0.029873092110876315,0.4921875,0.62451171875,0.4921875,0.62451171875,-0.4623144078891237,0,UNKNOWN,UNKNOWN_OR_COVER,S-UNIWARD,HILL,-0.08406985913455664,-0.295601714904564,0.21153185577000735,0,
COVER__2449.pgm,2449.pgm,COVER,0,${BOSSBASE_ROOT}\cover\2449.pgm,0.11797800859538259,0.491455078125,0.51220703125,0.491455078125,0.51220703125,-0.3734770695296174,0,0.9813821977381683,0.50537109375,0.5322265625,0.50537109375,0.5322265625,0.47601110398816826,0,0.31573597552138716,0.50048828125,0.548828125,0.50048828125,0.548828125,-0.18475230572861284,0,0.00959645473238191,0.52783203125,0.54833984375,0.52783203125,0.54833984375,-0.5182355765176181,0,0.387922177933005,0.4921875,0.62451171875,0.4921875,0.62451171875,-0.10426532206699501,0,S-UNIWARD,ATTRIBUTED,S-UNIWARD,MiPOD,0.5079194424745297,-0.059216011357950155,0.5671354538324799,1,S-UNIWARD
COVER__1797.pgm,1797.pgm,COVER,0,${BOSSBASE_ROOT}\cover\1797.pgm,0.007695647178392188,0.491455078125,0.51220703125,0.491455078125,0.51220703125,-0.48375943094660784,0,0.012336100420869755,0.50537109375,0.5322265625,0.50537109375,0.5322265625,-0.49303499332913026,0,0.009340024385054083,0.50048828125,0.548828125,0.50048828125,0.548828125,-0.4911482568649459,0,0.012007350547633841,0.52783203125,0.54833984375,0.52783203125,0.54833984375,-0.5158246807023662,0,0.008985428752560176,0.4921875,0.62451171875,0.4921875,0.62451171875,-0.4832020712474398,0,UNKNOWN,UNKNOWN_OR_COVER,MiPOD,WOW,-0.4523618126379803,-0.4529363566650384,0.0005745440270580882,0,
COVER__7885.pgm,7885.pgm,COVER,0,${BOSSBASE_ROOT}\cover\7885.pgm,0.008677716704989246,0.491455078125,0.51220703125,0.491455078125,0.51220703125,-0.48277736142001076,0,0.009633652359446519,0.50537109375,0.5322265625,0.50537109375,0.5322265625,-0.4957374413905535,0,0.006957608807376377,0.50048828125,0.548828125,0.50048828125,0.548828125,-0.4935306724426236,0,0.008315778477474129,0.52783203125,0.54833984375,0.52783203125,0.54833984375,-0.5195162527725259,0,0.008380453351026062,0.4921875,0.62451171875,0.4921875,0.62451171875,-0.48380704664897395,0,UNKNOWN,UNKNOWN_OR_COVER,WOW,MiPOD,-0.45192400186778675,-0.4529854399947942,0.0010614381270074302,0,
COVER__706.pgm,706.pgm,COVER,0,${BOSSBASE_ROOT}\cover\706.pgm,0.006538824977235005,0.491455078125,0.51220703125,0.491455078125,0.51220703125,-0.484916253147765,0,0.008711384457705508,0.50537109375,0.5322265625,0.50537109375,0.5322265625,-0.49665970929229447,0,0.0063883209097212856,0.50048828125,0.548828125,0.50048828125,0.548828125,-0.4940999603402787,0,0.009196552423046733,0.52783203125,0.54833984375,0.52783203125,0.54833984375,-0.5186354788269533,0,0.007665874688645945,0.4921875,0.62451171875,0.4921875,0.62451171875,-0.48452162531135406,0,UNKNOWN,UNKNOWN_OR_COVER,MiPOD,WOW,-0.45372203525239824,-0.4541288150664844,0.0004067798140861556,0,
COVER__7243.pgm,7243.pgm,COVER,0,${BOSSBASE_ROOT}\cover\7243.pgm,0.009196552423046733,0.491455078125,0.51220703125,0.491455078125,0.51220703125,-0.48225852570195327,0,0.008916127052872005,0.50537109375,0.5322265625,0.50537109375,0.5322265625,-0.496454966697128,0,0.009412589587609823,0.50048828125,0.548828125,0.50048828125,0.548828125,-0.4910756916623902,0,0.007636216494667212,0.52783203125,0.54833984375,0.52783203125,0.54833984375,-0.5201958147553328,0,0.01005236865796813,0.4921875,0.62451171875,0.4921875,0.62451171875,-0.4821351313420319,0,UNKNOWN,UNKNOWN_OR_COVER,MiPOD,WOW,-0.4512619504700542,-0.4513891541713375,0.00012720370128332936,0,
COVER__6221.pgm,6221.pgm,COVER,0,${BOSSBASE_ROOT}\cover\6221.pgm,0.55386727721227,0.491455078125,0.51220703125,0.491455078125,0.51220703125,0.062412199087270026,0,0.007695647178392188,0.50537109375,0.5322265625,0.50537109375,0.5322265625,-0.49767544657160784,0,0.1860950633214102,0.50048828125,0.548828125,0.50048828125,0.548828125,-0.31439321792858976,0,0.019271137919768803,0.52783203125,0.54833984375,0.52783203125,0.54833984375,-0.5085608933302312,0,0.04968115469090719,0.4921875,0.62451171875,0.4921875,0.62451171875,-0.44250634530909283,0,WOW,ATTRIBUTED,WOW,HILL,0.11037197987731373,-0.2778816263561135,0.38825360623342725,1,WOW
COVER__7354.pgm,7354.pgm,COVER,0,${BOSSBASE_ROOT}\cover\7354.pgm,0.010611421330238862,0.491455078125,0.51220703125,0.491455078125,0.51220703125,-0.48084365679476115,0,0.012870749215746782,0.50537109375,0.5322265625,0.50537109375,0.5322265625,-0.49250034453425323,0,0.009859855303538789,0.50048828125,0.548828125,0.50048828125,0.548828125,-0.4906284259464612,0,0.008445626941126032,0.52783203125,0.54833984375,0.52783203125,0.54833984375,-0.519386404308874,0,0.010652510839726164,0.4921875,0.62451171875,0.4921875,0.62451171875,-0.4815349891602738,0,UNKNOWN,UNKNOWN_OR_COVER,WOW,MiPOD,-0.449930578237617,-0.45064327442925073,0.0007126961916337216,0,
COVER__2427.pgm,2427.pgm,COVER,0,${BOSSBASE_ROOT}\cover\2427.pgm,0.010169657753872614,0.491455078125,0.51220703125,0.491455078125,0.51220703125,-0.48128542037112737,0,0.007489624898808396,0.50537109375,0.5322265625,0.50537109375,0.5322265625,-0.4978814688511916,0,0.009485713170795206,0.50048828125,0.548828125,0.50048828125,0.548828125,-0.4910025680792048,0,0.011201213376078314,0.52783203125,0.54833984375,0.52783203125,0.54833984375,-0.5166308178739217,0,0.011687257995694434,0.4921875,0.62451171875,0.4921875,0.62451171875,-0.4805002420043056,0,UNKNOWN,UNKNOWN_OR_COVER,MiPOD,WOW,-0.44957654561571053,-0.45038599507014543,0.0008094494544348962,0,
COVER__2389.pgm,2389.pgm,COVER,0,${BOSSBASE_ROOT}\cover\2389.pgm,0.009708476481474066,0.491455078125,0.51220703125,0.491455078125,0.51220703125,-0.48174660164352595,0,0.012479699745327848,0.50537109375,0.5322265625,0.50537109375,0.5322265625,-0.49289139400467213,0,0.01238378463726033,0.50048828125,0.548828125,0.50048828125,0.548828125,-0.4881044966127397,0,0.011201213376078314,0.52783203125,0.54833984375,0.52783203125,0.54833984375,-0.5166308178739217,0,0.02551660344798049,0.4921875,0.62451171875,0.4921875,0.62451171875,-0.4666708965520195,0,UNKNOWN,UNKNOWN_OR_COVER,MiPOD,WOW,-0.435316574913833,-0.45086142329335477,0.015544848379521747,0,
COVER__3805.pgm,3805.pgm,COVER,0,${BOSSBASE_ROOT}\cover\3805.pgm,0.44203426394891676,0.491455078125,0.51220703125,0.491455078125,0.51220703125,-0.04942081417608324,0,0.4995093347217142,0.50537109375,0.5322265625,0.50537109375,0.5322265625,-0.0058617590282857845,0,0.4913033673784827,0.50048828125,0.548828125,0.50048828125,0.548828125,-0.00918491387151732,0,1.289836976596949e-09,0.52783203125,0.54833984375,0.52783203125,0.54833984375,-0.527832029960163,0,0.9435559749515046,0.4921875,0.62451171875,0.4921875,0.62451171875,0.45136847495150456,0,MiPOD,ATTRIBUTED,MiPOD,S-UNIWARD,0.4877106440148737,0.04384601034980163,0.44386463366507206,1,MiPOD
COVER__700.pgm,700.pgm,COVER,0,${BOSSBASE_ROOT}\cover\700.pgm,0.05520868732406192,0.491455078125,0.51220703125,0.491455078125,0.51220703125,-0.4362463908009381,0,0.4970283858185688,0.50537109375,0.5322265625,0.50537109375,0.5322265625,-0.008342707931431215,0,0.6826795193310989,0.50048828125,0.548828125,0.50048828125,0.548828125,0.18219123808109894,0,0.29310088506659926,0.52783203125,0.54833984375,0.52783203125,0.54833984375,-0.23473114618340074,0,0.4587730115982784,0.4921875,0.62451171875,0.4921875,0.62451171875,-0.03341448840172162,0,HILL,ATTRIBUTED,HILL,S-UNIWARD,0.2259272402462212,0.041241891862638845,0.18468534838358236,1,HILL
COVER__7973.pgm,7973.pgm,COVER,0,${BOSSBASE_ROOT}\cover\7973.pgm,0.011072160183234295,0.491455078125,0.51220703125,0.491455078125,0.51220703125,-0.4803829179417657,0,0.01124456072066409,0.50537109375,0.5322265625,0.50537109375,0.5322265625,-0.4941265330293359,0,0.010448625445116808,0.50048828125,0.548828125,0.50048828125,0.548828125,-0.4900396558048832,0,0.009196552423046733,0.52783203125,0.54833984375,0.52783203125,0.54833984375,-0.5186354788269533,0,0.008985428752560176,0.4921875,0.62451171875,0.4921875,0.62451171875,-0.4832020712474398,0,UNKNOWN,UNKNOWN_OR_COVER,WOW,MiPOD,-0.4494555932466419,-0.4523618126379803,0.002906219391338394,0,
COVER__4581.pgm,4581.pgm,COVER,0,${BOSSBASE_ROOT}\cover\4581.pgm,0.18432662376865414,0.491455078125,0.51220703125,0.491455078125,0.51220703125,-0.30712845435634584,0,0.715125670492384,0.50537109375,0.5322265625,0.50537109375,0.5322265625,0.20975457674238396,0,0.5506979786844453,0.50048828125,0.548828125,0.50048828125,0.548828125,0.050209697434445255,0,0.016340128093601535,0.52783203125,0.54833984375,0.52783203125,0.54833984375,-0.5114919031563985,0,0.7147276108948358,0.4921875,0.62451171875,0.4921875,0.62451171875,0.22254011089483583,0,MiPOD|S-UNIWARD,AMBIGUOUS,MiPOD,S-UNIWARD,0.2682268056950746,0.25139718572372394,0.016829619971350684,3,"S-UNIWARD,HILL,MiPOD"
COVER__7969.pgm,7969.pgm,COVER,0,${BOSSBASE_ROOT}\cover\7969.pgm,0.010328152519305191,0.491455078125,0.51220703125,0.491455078125,0.51220703125,-0.4811269256056948,0,0.011823394836370594,0.50537109375,0.5322265625,0.50537109375,0.5322265625,-0.49354769891362943,0,0.009974920824078675,0.50048828125,0.548828125,0.50048828125,0.548828125,-0.4905133604259213,0,0.009633652359446519,0.52783203125,0.54833984375,0.52783203125,0.54833984375,-0.5181983788905535,0,0.008219693061967886,0.4921875,0.62451171875,0.4921875,0.62451171875,-0.4839678069380321,0,UNKNOWN,UNKNOWN_OR_COVER,WOW,MiPOD,-0.45022260251942137,-0.4531511547759938,0.0029285522565724587,0,
COVER__9495.pgm,9495.pgm,COVER,0,${BOSSBASE_ROOT}\cover\9495.pgm,0.009232214404536282,0.491455078125,0.51220703125,0.491455078125,0.51220703125,-0.48222286372046375,0,0.020685459290040977,0.50537109375,0.5322265625,0.50537109375,0.5322265625,-0.48468563445995905,0,0.4880165164821229,0.50048828125,0.548828125,0.50048828125,0.548828125,-0.012471764767877092,0,0.007011795381497108,0.52783203125,0.54833984375,0.52783203125,0.54833984375,-0.5208202358685029,0,0.02876158726499781,0.4921875,0.62451171875,0.4921875,0.62451171875,-0.46342591273500217,0,HILL,ATTRIBUTED,HILL,MiPOD,0.03690851950092211,-0.4319696815725526,0.4688782010734747,0,
COVER__9418.pgm,9418.pgm,COVER,0,${BOSSBASE_ROOT}\cover\9418.pgm,0.48546247257813546,0.491455078125,0.51220703125,0.491455078125,0.51220703125,-0.005992605546864538,0,0.5383461839287197,0.50537109375,0.5322265625,0.50537109375,0.5322265625,0.03297509017871969,0,0.6160122621434994,0.50048828125,0.548828125,0.50048828125,0.548828125,0.11552398089349936,0,0.965963847005629,0.52783203125,0.54833984375,0.52783203125,0.54833984375,0.438131815755629,0,0.5845676513032783,0.4921875,0.62451171875,0.4921875,0.62451171875,0.09238015130327826,1,HUGO,ATTRIBUTED,HUGO,HILL,0.4710623066067624,0.16227513154436973,0.30878717506239267,4,"S-UNIWARD,HILL,HUGO,MiPOD"
COVER__2949.pgm,2949.pgm,COVER,0,${BOSSBASE_ROOT}\cover\2949.pgm,0.3951341787784442,0.491455078125,0.51220703125,0.491455078125,0.51220703125,-0.0963208993465558,0,0.13017480529538433,0.50537109375,0.5322265625,0.50537109375,0.5322265625,-0.37519628845461567,0,0.6440012477104936,0.50048828125,0.548828125,0.50048828125,0.548828125,0.1435129664604936,0,0.5621164086451145,0.52783203125,0.54833984375,0.52783203125,0.54833984375,0.034284377395114474,0,0.5488850842615584,0.4921875,0.62451171875,0.4921875,0.62451171875,0.056697584261558354,1,HILL,ATTRIBUTED,HILL,MiPOD,0.18897374220988378,0.10669758426155836,0.08227615794832542,3,"HILL,HUGO,MiPOD"
COVER__895.pgm,895.pgm,COVER,0,${BOSSBASE_ROOT}\cover\895.pgm,0.06572466729648958,0.491455078125,0.51220703125,0.491455078125,0.51220703125,-0.42573041082851043,0,0.037892426629607394,0.50537109375,0.5322265625,0.50537109375,0.5322265625,-0.4674786671203926,0,0.02364434087592203,0.50048828125,0.548828125,0.50048828125,0.548828125,-0.47684394037407796,0,0.01596765348879602,0.52783203125,0.54833984375,0.52783203125,0.54833984375,-0.511864377761204,0,0.02341994428587529,0.4921875,0.62451171875,0.4921875,0.62451171875,-0.4687675557141247,0,UNKNOWN,UNKNOWN_OR_COVER,WOW,S-UNIWARD,-0.39306578888100707,-0.43614966235392827,0.0430838734729212,0,
COVER__4157.pgm,4157.pgm,COVER,0,${BOSSBASE_ROOT}\cover\4157.pgm,0.48649925415947026,0.491455078125,0.51220703125,0.491455078125,0.51220703125,-0.004955823965529738,0,0.47370287649491793,0.50537109375,0.5322265625,0.50537109375,0.5322265625,-0.031668217255082065,0,0.4996416569369634,0.50048828125,0.548828125,0.50048828125,0.548828125,-0.0008466243130366147,0,0.5194603795432976,0.52783203125,0.54833984375,0.52783203125,0.54833984375,-0.008371651706702399,0,0.5011215191152181,0.4921875,0.62451171875,0.4921875,0.62451171875,0.008934019115218073,1,MiPOD|HILL,AMBIGUOUS,MiPOD,HILL,0.058934019115218075,0.049111062385573834,0.009822956729644242,1,MiPOD
COVER__8156.pgm,8156.pgm,COVER,0,${BOSSBASE_ROOT}\cover\8156.pgm,0.012479699745327848,0.491455078125,0.51220703125,0.491455078125,0.51220703125,-0.47897537837967213,0,0.009340024385054083,0.50537109375,0.5322265625,0.50537109375,0.5322265625,-0.4960310693649459,0,0.007547923375900623,0.50048828125,0.548828125,0.50048828125,0.548828125,-0.4929403578740994,0,0.008779108866911802,0.52783203125,0.54833984375,0.52783203125,0.54833984375,-0.5190529223830882,0,0.007636216494667212,0.4921875,0.62451171875,0.4921875,0.62451171875,-0.4845512835053328,0,UNKNOWN,UNKNOWN_OR_COVER,WOW,MiPOD,-0.44800449160100425,-0.4537526068930477,0.005748115292043443,0,
COVER__5103.pgm,5103.pgm,COVER,0,${BOSSBASE_ROOT}\cover\5103.pgm,0.007606672164523265,0.491455078125,0.51220703125,0.491455078125,0.51220703125,-0.48384840596047674,0,0.007374365308237828,0.50537109375,0.5322265625,0.50537109375,0.5322265625,-0.4979967284417622,0,0.01013041166358438,0.50048828125,0.548828125,0.50048828125,0.548828125,-0.49035786958641564,0,0.006823954786776902,0.52783203125,0.54833984375,0.52783203125,0.54833984375,-0.5210080764632231,0,0.008610767667510729,0.4921875,0.62451171875,0.4921875,0.62451171875,-0.48357673233248927,0,UNKNOWN,UNKNOWN_OR_COVER,MiPOD,WOW,-0.452748026203516,-0.4530280740403664,0.00028004783685037227,0,
COVER__4507.pgm,4507.pgm,COVER,0,${BOSSBASE_ROOT}\cover\4507.pgm,0.5545910833165801,0.491455078125,0.51220703125,0.491455078125,0.51220703125,0.06313600519158014,0,0.47696029735536755,0.50537109375,0.5322265625,0.50537109375,0.5322265625,-0.028410796394632454,0,0.528913629053344,0.50048828125,0.548828125,0.50048828125,0.548828125,0.028425347803344048,1,0.0030873693457091405,0.52783203125,0.54833984375,0.52783203125,0.54833984375,-0.5247446619042908,0,0.5847455076953195,0.4921875,0.62451171875,0.4921875,0.62451171875,0.09255800769531952,1,MiPOD,ATTRIBUTED,MiPOD,WOW,0.1425580076953195,0.11106108495944746,0.031496922735872054,3,"WOW,HILL,MiPOD"
COVER__858.pgm,858.pgm,COVER,0,${BOSSBASE_ROOT}\cover\858.pgm,0.01098694263059318,0.491455078125,0.51220703125,0.491455078125,0.51220703125,-0.4804681354944068,0,0.07599521481895795,0.50537109375,0.5322265625,0.50537109375,0.5322265625,-0.42937587893104207,0,0.2358115863944671,0.50048828125,0.548828125,0.50048828125,0.548828125,-0.2646766948555329,0,0.027795622581245058,0.52783203125,0.54833984375,0.52783203125,0.54833984375,-0.500036408668755,0,0.0007643033095615911,0.4921875,0.62451171875,0.4921875,0.62451171875,-0.49142319669043844,0,UNKNOWN,UNKNOWN_OR_COVER,HILL,S-UNIWARD,-0.22630399327017103,-0.3968301180372067,0.17052612476703566,0,
COVER__2041.pgm,2041.pgm,COVER,0,${BOSSBASE_ROOT}\cover\2041.pgm,0.012431650853185818,0.491455078125,0.51220703125,0.491455078125,0.51220703125,-0.4790234272718142,0,0.9968025130627537,0.50537109375,0.5322265625,0.50537109375,0.5322265625,0.4914314193127537,0,0.9136765234137297,0.50048828125,0.548828125,0.50048828125,0.548828125,0.41318824216372974,0,0.9886243997611625,0.52783203125,0.54833984375,0.52783203125,0.54833984375,0.46079236851116245,0,0.910226713428791,0.4921875,0.62451171875,0.4921875,0.62451171875,0.418039213428791,0,S-UNIWARD|HUGO,AMBIGUOUS,S-UNIWARD,HUGO,0.5228514954132772,0.49298502764716945,0.029866467766107796,4,"S-UNIWARD,HILL,HUGO,MiPOD"
COVER__5870.pgm,5870.pgm,COVER,0,${BOSSBASE_ROOT}\cover\5870.pgm,0.009746104052554064,0.491455078125,0.51220703125,0.491455078125,0.51220703125,-0.48170897407244595,0,0.010328152519305191,0.50537109375,0.5322265625,0.50537109375,0.5322265625,-0.4950429412306948,0,0.010652510839726164,0.50048828125,0.548828125,0.50048828125,0.548828125,-0.4898357704102738,0,0.007907291504628555,0.52783203125,0.54833984375,0.52783203125,0.54833984375,-0.5199247397453715,0,0.00912563738918052,0.4921875,0.62451171875,0.4921875,0.62451171875,-0.48306186261081946,0,UNKNOWN,UNKNOWN_OR_COVER,WOW,MiPOD,-0.45082263356616664,-0.4522172796275971,0.0013946460614304712,0,
COVER__1460.pgm,1460.pgm,COVER,0,${BOSSBASE_ROOT}\cover\1460.pgm,0.022759155655518754,0.491455078125,0.51220703125,0.491455078125,0.51220703125,-0.4686959224694812,0,0.4215518210658887,0.50537109375,0.5322265625,0.50537109375,0.5322265625,-0.08381927268411132,0,0.2540460275960493,0.50048828125,0.548828125,0.50048828125,0.548828125,-0.24644225365395073,0,0.016340128093601535,0.52783203125,0.54833984375,0.52783203125,0.54833984375,-0.5114919031563985,0,0.002540992626578983,0.4921875,0.62451171875,0.4921875,0.62451171875,-0.489646507373421,0,UNKNOWN,UNKNOWN_OR_COVER,S-UNIWARD,HILL,-0.037839400811387015,-0.2073634289829235,0.1695240281715365,0,
COVER__1992.pgm,1992.pgm,COVER,0,${BOSSBASE_ROOT}\cover\1992.pgm,0.010091315485195006,0.491455078125,0.51220703125,0.491455078125,0.51220703125,-0.481363762639805,0,0.01590639171181471,0.50537109375,0.5322265625,0.50537109375,0.5322265625,-0.48946470203818526,0,0.009708476481474066,0.50048828125,0.548828125,0.50048828125,0.548828125,-0.49077980476852595,0,0.015603534790203506,0.52783203125,0.54833984375,0.52783203125,0.54833984375,-0.5122284964597965,0,0.013902058625059313,0.4921875,0.62451171875,0.4921875,0.62451171875,-0.47828544137494067,0,UNKNOWN,UNKNOWN_OR_COVER,MiPOD,WOW,-0.4472931792624459,-0.4504667579750817,0.003173578712635794,0,
COVER__4373.pgm,4373.pgm,COVER,0,${BOSSBASE_ROOT}\cover\4373.pgm,0.010611421330238862,0.491455078125,0.51220703125,0.491455078125,0.51220703125,-0.48084365679476115,0,0.010091315485195006,0.50537109375,0.5322265625,0.50537109375,0.5322265625,-0.495279778264805,0,0.03191915273040333,0.50048828125,0.548828125,0.50048828125,0.548828125,-0.46856912851959664,0,0.012336100420869755,0.52783203125,0.54833984375,0.52783203125,0.54833984375,-0.5154959308291303,0,0.060863446224891905,0.4921875,0.62451171875,0.4921875,0.62451171875,-0.4313240537751081,0,UNKNOWN,UNKNOWN_OR_COVER,MiPOD,HILL,-0.39884163599216516,-0.43727426820351956,0.0384326322113544,0,
COVER__1866.pgm,1866.pgm,COVER,0,${BOSSBASE_ROOT}\cover\1866.pgm,0.009974920824078675,0.491455078125,0.51220703125,0.491455078125,0.51220703125,-0.4814801573009213,0,0.0475141868764967,0.50537109375,0.5322265625,0.50537109375,0.5322265625,-0.4578569068735033,0,0.8264318119779059,0.50048828125,0.548828125,0.50048828125,0.548828125,0.32594353072790594,0,0.4964924434036967,0.52783203125,0.54833984375,0.52783203125,0.54833984375,-0.03133958784630331,0,0.9989224974113308,0.4921875,0.62451171875,0.4921875,0.62451171875,0.5067349974113308,0,MiPOD,ATTRIBUTED,MiPOD,HILL,0.5411197155928543,0.36382338110721535,0.17729633448563897,2,"HILL,MiPOD"
COVER__2044.pgm,2044.pgm,COVER,0,${BOSSBASE_ROOT}\cover\2044.pgm,0.009340024385054083,0.491455078125,0.51220703125,0.491455078125,0.51220703125,-0.4821150537399459,0,0.006513498559668185,0.50537109375,0.5322265625,0.50537109375,0.5322265625,-0.4988575951903318,0,0.006984649917134321,0.50048828125,0.548828125,0.50048828125,0.548828125,-0.4935036313328657,0,0.009708476481474066,0.52783203125,0.54833984375,0.52783203125,0.54833984375,-0.5181235547685259,0,0.009268013380914325,0.4921875,0.62451171875,0.4921875,0.62451171875,-0.4829194866190857,0,UNKNOWN,UNKNOWN_OR_COVER,WOW,MiPOD,-0.4512412530023048,-0.4520705117951326,0.0008292587928278028,0,
COVER__1102.pgm,1102.pgm,COVER,0,${BOSSBASE_ROOT}\cover\1102.pgm,0.9250947286452255,0.491455078125,0.51220703125,0.491455078125,0.51220703125,0.43363965052022546,0,0.13028542074923347,0.50537109375,0.5322265625,0.50537109375,0.5322265625,-0.37508567300076656,0,0.8810019911062638,0.50048828125,0.548828125,0.50048828125,0.548828125,0.38051370985626376,0,0.8748277189441549,0.52783203125,0.54833984375,0.52783203125,0.54833984375,0.3469956876941549,0,0.8056321889812553,0.4921875,0.62451171875,0.4921875,0.62451171875,0.3134446889812553,0,WOW,ATTRIBUTED,WOW,HILL,0.46672648019013785,0.4163818392048293,0.05034464098530855,4,"WOW,HILL,HUGO,MiPOD"
COVER__4245.pgm,4245.pgm,COVER,0,${BOSSBASE_ROOT}\cover\4245.pgm,0.5055348996327566,0.491455078125,0.51220703125,0.491455078125,0.51220703125,0.014079821507756551,1,0.49945116065134026,0.50537109375,0.5322265625,0.50537109375,0.5322265625,-0.005919933098659735,0,0.5000578165051744,0.50048828125,0.548828125,0.50048828125,0.548828125,-0.00043046474482555386,0,0.4954148624206422,0.52783203125,0.54833984375,0.52783203125,0.54833984375,-0.0324171688293578,0,0.49399214096487387,0.4921875,0.62451171875,0.4921875,0.62451171875,0.0018046409648738715,1,WOW|MiPOD,AMBIGUOUS,WOW,MiPOD,0.06407982150775655,0.051804640964873874,0.01227518054288268,2,"WOW,MiPOD"
COVER__9676.pgm,9676.pgm,COVER,0,${BOSSBASE_ROOT}\cover\9676.pgm,0.008283626886030505,0.491455078125,0.51220703125,0.491455078125,0.51220703125,-0.4831714512389695,0,0.011419614645648401,0.50537109375,0.5322265625,0.50537109375,0.5322265625,-0.4939514791043516,0,0.007606672164523265,0.50048828125,0.548828125,0.50048828125,0.548828125,-0.49288160908547674,0,0.01159736182363297,0.52783203125,0.54833984375,0.52783203125,0.54833984375,-0.516234669426367,0,0.009412589587609823,0.4921875,0.62451171875,0.4921875,0.62451171875,-0.4827749104123902,0,UNKNOWN,UNKNOWN_OR_COVER,MiPOD,WOW,-0.4519214752382541,-0.4523302482860723,0.00040877304781822277,0,
COVER__4391.pgm,4391.pgm,COVER,0,${BOSSBASE_ROOT}\cover\4391.pgm,0.5097109979206449,0.491455078125,0.51220703125,0.491455078125,0.51220703125,0.018255919795644893,1,0.5009651172095876,0.50537109375,0.5322265625,0.50537109375,0.5322265625,-0.004405976540412415,0,0.5203744538588798,0.50048828125,0.548828125,0.50048828125,0.548828125,0.019886172608879815,1,0.4984140449306206,0.52783203125,0.54833984375,0.52783203125,0.54833984375,-0.02941798631937942,0,0.517205118577815,0.4921875,0.62451171875,0.4921875,0.62451171875,0.025017618577815037,1,MiPOD|HILL,AMBIGUOUS,MiPOD,HILL,0.07501761857781504,0.06988617260887982,0.005131445968935222,3,"WOW,HILL,MiPOD"
COVER__9166.pgm,9166.pgm,COVER,0,${BOSSBASE_ROOT}\cover\9166.pgm,0.01028830113371619,0.491455078125,0.51220703125,0.491455078125,0.51220703125,-0.4811667769912838,0,0.009376237450848677,0.50537109375,0.5322265625,0.50537109375,0.5322265625,-0.4959948562991513,0,0.007937994101407319,0.50048828125,0.548828125,0.50048828125,0.548828125,-0.49255028714859267,0,0.007518718061432194,0.52783203125,0.54833984375,0.52783203125,0.54833984375,-0.5203133131885678,0,0.011331753531361453,0.4921875,0.62451171875,0.4921875,0.62451171875,-0.48085574646863855,0,UNKNOWN,UNKNOWN_OR_COVER,MiPOD,WOW,-0.4499430416382736,-0.4502636854605663,0.00032064382229268773,0,
COVER__9673.pgm,9673.pgm,COVER,0,${BOSSBASE_ROOT}\cover\9673.pgm,0.18668744398199755,0.491455078125,0.51220703125,0.491455078125,0.51220703125,-0.30476763414300245,0,0.017780390073110934,0.50537109375,0.5322265625,0.50537109375,0.5322265625,-0.48759070367688906,0,0.050424069043413594,0.50048828125,0.548828125,0.50048828125,0.548828125,-0.45006421220658643,0,0.1266770966666629,0.52783203125,0.54833984375,0.52783203125,0.54833984375,-0.40115493458333706,0,0.17881244568319504,0.4921875,0.62451171875,0.4921875,0.62451171875,-0.31337505431680496,0,UNKNOWN,UNKNOWN_OR_COVER,WOW,MiPOD,-0.2679029003131098,-0.2768262690389557,0.00892336872584587,0,
COVER__1307.pgm,1307.pgm,COVER,0,${BOSSBASE_ROOT}\cover\1307.pgm,0.570450988059561,0.491455078125,0.51220703125,0.491455078125,0.51220703125,0.07899590993456096,0,0.44999680767581623,0.50537109375,0.5322265625,0.50537109375,0.5322265625,-0.055374286074183765,0,0.49073897430598723,0.50048828125,0.548828125,0.50048828125,0.548828125,-0.00974930694401277,0,0.4978428020811408,0.52783203125,0.54833984375,0.52783203125,0.54833984375,-0.02998922916885921,0,0.4893891055603716,0.4921875,0.62451171875,0.4921875,0.62451171875,-0.0027983944396284266,0,WOW,ATTRIBUTED,WOW,MiPOD,0.12616689821879218,0.04706188143118501,0.07910501678760717,1,WOW
COVER__5984.pgm,5984.pgm,COVER,0,${BOSSBASE_ROOT}\cover\5984.pgm,0.009449081319055452,0.491455078125,0.51220703125,0.491455078125,0.51220703125,-0.4820059968059445,0,0.009559399347091532,0.50537109375,0.5322265625,0.50537109375,0.5322265625,-0.49581169440290845,0,0.009090383313658499,0.50048828125,0.548828125,0.50048828125,0.548828125,-0.4913978979363415,0,0.01098694263059318,0.52783203125,0.54833984375,0.52783203125,0.54833984375,-0.5168450886194068,0,0.014172366191301682,0.4921875,0.62451171875,0.4921875,0.62451171875,-0.4780151338086983,0,UNKNOWN,UNKNOWN_OR_COVER,MiPOD,WOW,-0.4470144931209144,-0.4511288288826499,0.004114335761735477,0,
COVER__1942.pgm,1942.pgm,COVER,0,${BOSSBASE_ROOT}\cover\1942.pgm,0.015365341441302218,0.491455078125,0.51220703125,0.491455078125,0.51220703125,-0.4760897366836978,0,0.008985428752560176,0.50537109375,0.5322265625,0.50537109375,0.5322265625,-0.4963856649974398,0,0.015543647930770626,0.50048828125,0.548828125,0.50048828125,0.548828125,-0.4849446333192294,0,0.01507262830894569,0.52783203125,0.54833984375,0.52783203125,0.54833984375,-0.5127594029410543,0,0.006589771663080563,0.4921875,0.62451171875,0.4921875,0.62451171875,-0.48559772833691944,0,UNKNOWN,UNKNOWN_OR_COVER,WOW,HILL,-0.44502934995248766,-0.454158068978322,0.009128719025834342,0,
COVER__4310.pgm,4310.pgm,COVER,0,${BOSSBASE_ROOT}\cover\4310.pgm,0.4646890073631879,0.491455078125,0.51220703125,0.491455078125,0.51220703125,-0.02676607076181209,0,0.4426364972492486,0.50537109375,0.5322265625,0.50537109375,0.5322265625,-0.06273459650075142,0,0.5276816265870358,0.50048828125,0.548828125,0.50048828125,0.548828125,0.027193345337035768,1,0.5333974639511686,0.52783203125,0.54833984375,0.52783203125,0.54833984375,0.0055654327011686044,1,0.5800547248797049,0.4921875,0.62451171875,0.4921875,0.62451171875,0.08786722487970489,1,MiPOD,ATTRIBUTED,MiPOD,HILL,0.13786722487970487,0.07719334533703577,0.060673879542669104,3,"HILL,HUGO,MiPOD"
COVER__4653.pgm,4653.pgm,COVER,0,${BOSSBASE_ROOT}\cover\4653.pgm,0.38381450466757133,0.491455078125,0.51220703125,0.491455078125,0.51220703125,-0.10764057345742867,0,0.3223126382471959,0.50537109375,0.5322265625,0.50537109375,0.5322265625,-0.18305845550280408,0,0.027690258369501623,0.50048828125,0.548828125,0.50048828125,0.548828125,-0.4727980228804984,0,0.015365341441302218,0.52783203125,0.54833984375,0.52783203125,0.54833984375,-0.5124666898086978,0,0.6907677265068792,0.4921875,0.62451171875,0.4921875,0.62451171875,0.19858022650687923,0,MiPOD,ATTRIBUTED,MiPOD,WOW,0.2453747884170434,-0.0627430591773292,0.3081178475943726,1,MiPOD
COVER__2782.pgm,2782.pgm,COVER,0,${BOSSBASE_ROOT}\cover\2782.pgm,0.013795364421185227,0.491455078125,0.51220703125,0.491455078125,0.51220703125,-0.47765971370381477,0,0.6448963041950554,0.50537109375,0.5322265625,0.50537109375,0.5322265625,0.1395252104450554,0,0.017509557349574698,0.50048828125,0.548828125,0.50048828125,0.548828125,-0.4829787239004253,0,0.9718325271427217,0.52783203125,0.54833984375,0.52783203125,0.54833984375,0.4440004958927217,0,0.01990878845878449,0.4921875,0.62451171875,0.4921875,0.62451171875,-0.47227871154121553,0,HUGO,ATTRIBUTED,HUGO,S-UNIWARD,0.47673829420478053,0.1841974944076886,0.2925407997970919,2,"S-UNIWARD,HUGO"
COVER__7656.pgm,7656.pgm,COVER,0,${BOSSBASE_ROOT}\cover\7656.pgm,0.009859855303538789,0.491455078125,0.51220703125,0.491455078125,0.51220703125,-0.4815952228214612,0,0.008412977570977689,0.50537109375,0.5322265625,0.50537109375,0.5322265625,-0.4969581161790223,0,0.00959645473238191,0.50048828125,0.548828125,0.50048828125,0.548828125,-0.4908918265176181,0,0.012576348276879083,0.52783203125,0.54833984375,0.52783203125,0.54833984375,-0.515255682973121,0,0.012288597529701977,0.4921875,0.62451171875,0.4921875,0.62451171875,-0.47989890247029804,0,UNKNOWN,UNKNOWN_OR_COVER,MiPOD,WOW,-0.4489566048482589,-0.45070536875547884,0.0017487639072199523,0,
COVER__863.pgm,863.pgm,COVER,0,${BOSSBASE_ROOT}\cover\863.pgm,0.012147170099805133,0.491455078125,0.51220703125,0.491455078125,0.51220703125,-0.47930790802519485,0,0.04577727258077672,0.50537109375,0.5322265625,0.50537109375,0.5322265625,-0.45959382116922326,0,0.0258096220343115,0.50048828125,0.548828125,0.50048828125,0.548828125,-0.4746786592156885,0,0.022201228903055724,0.52783203125,0.54833984375,0.52783203125,0.54833984375,-0.5056308023469442,0,0.04968115469090719,0.4921875,0.62451171875,0.4921875,0.62451171875,-0.44250634530909283,0,UNKNOWN,UNKNOWN_OR_COVER,MiPOD,S-UNIWARD,-0.4103851320803599,-0.42801681558712434,0.017631683506764417,0,
COVER__7458.pgm,7458.pgm,COVER,0,${BOSSBASE_ROOT}\cover\7458.pgm,0.009898063716023652,0.491455078125,0.51220703125,0.491455078125,0.51220703125,-0.48155701440897636,0,0.012821214266594244,0.50537109375,0.5322265625,0.50537109375,0.5322265625,-0.4925498794834058,0,0.01590639171181471,0.50048828125,0.548828125,0.50048828125,0.548828125,-0.48458188953818526,0,0.008745181682035148,0.52783203125,0.54833984375,0.52783203125,0.54833984375,-0.5190868495679648,0,0.009898063716023652,0.4921875,0.62451171875,0.4921875,0.62451171875,-0.48228943628397636,0,UNKNOWN,UNKNOWN_OR_COVER,WOW,MiPOD,-0.45066598006816017,-0.45142101892885417,0.0007550388606940017,0,
COVER__6504.pgm,6504.pgm,COVER,0,${BOSSBASE_ROOT}\cover\6504.pgm,0.007606672164523265,0.491455078125,0.51220703125,0.491455078125,0.51220703125,-0.48384840596047674,0,0.009859855303538789,0.50537109375,0.5322265625,0.50537109375,0.5322265625,-0.4955112384464612,0,0.011463797377996032,0.50048828125,0.548828125,0.50048828125,0.548828125,-0.489024483872004,0,0.01652955655765428,0.52783203125,0.54833984375,0.52783203125,0.54833984375,-0.5113024746923457,0,0.01596765348879602,0.4921875,0.62451171875,0.4921875,0.62451171875,-0.47621984651120397,0,UNKNOWN,UNKNOWN_OR_COVER,MiPOD,WOW,-0.4451635007786612,-0.4530280740403664,0.007864573261705199,0,
COVER__6882.pgm,6882.pgm,COVER,0,${BOSSBASE_ROOT}\cover\6882.pgm,0.013532148655407106,0.491455078125,0.51220703125,0.491455078125,0.51220703125,-0.4779229294695929,0,0.13364119069895775,0.50537109375,0.5322265625,0.50537109375,0.5322265625,-0.37172990305104225,0,0.009232214404536282,0.50048828125,0.548828125,0.50048828125,0.548828125,-0.49125606684546375,0,0.040845715909949315,0.52783203125,0.54833984375,0.52783203125,0.54833984375,-0.48698631534005066,0,0.012771867493286331,0.4921875,0.62451171875,0.4921875,0.62451171875,-0.47941563250671365,0,UNKNOWN,UNKNOWN_OR_COVER,S-UNIWARD,WOW,-0.33725288004358456,-0.4469194302564403,0.10966655021285576,0,
COVER__5595.pgm,5595.pgm,COVER,0,${BOSSBASE_ROOT}\cover\5595.pgm,0.062445285613984054,0.491455078125,0.51220703125,0.491455078125,0.51220703125,-0.42900979251101595,0,0.009196552423046733,0.50537109375,0.5322265625,0.50537109375,0.5322265625,-0.49617454132695327,0,0.020449394548602298,0.50048828125,0.548828125,0.50048828125,0.548828125,-0.4800388867013977,0,0.007176881945656949,0.52783203125,0.54833984375,0.52783203125,0.54833984375,-0.5206551493043431,0,0.031380429512976746,0.4921875,0.62451171875,0.4921875,0.62451171875,-0.46080707048702324,0,UNKNOWN,UNKNOWN_OR_COVER,WOW,MiPOD,-0.39645211487494225,-0.42926835245453676,0.03281623757959451,0,
COVER__3964.pgm,3964.pgm,COVER,0,${BOSSBASE_ROOT}\cover\3964.pgm,0.49969935420798595,0.491455078125,0.51220703125,0.491455078125,0.51220703125,0.008244276082985946,1,0.5049818297628479,0.50537109375,0.5322265625,0.50537109375,0.5322265625,-0.00038926398715211086,0,0.5018043439741455,0.50048828125,0.548828125,0.50048828125,0.548828125,0.001316062724145528,1,0.5025005132111381,0.52783203125,0.54833984375,0.52783203125,0.54833984375,-0.02533151803886191,0,0.5062710334552663,0.4921875,0.62451171875,0.4921875,0.62451171875,0.01408353345526625,1,MiPOD|WOW,AMBIGUOUS,MiPOD,WOW,0.06408353345526625,0.05824427608298595,0.005839257372280304,3,"WOW,HILL,MiPOD"
COVER__8950.pgm,8950.pgm,COVER,0,${BOSSBASE_ROOT}\cover\8950.pgm,0.012576348276879083,0.491455078125,0.51220703125,0.491455078125,0.51220703125,-0.4788787298481209,0,0.19178137244926485,0.50537109375,0.5322265625,0.50537109375,0.5322265625,-0.31358972130073515,0,0.2910816142890706,0.50048828125,0.548828125,0.50048828125,0.548828125,-0.2094066669609294,0,0.6426567755043247,0.52783203125,0.54833984375,0.52783203125,0.54833984375,0.11482474425432465,0,0.545043565586644,0.4921875,0.62451171875,0.4921875,0.62451171875,0.05285606558664402,1,HUGO,ATTRIBUTED,HUGO,MiPOD,0.1603244597763337,0.10285606558664402,0.05746839418968967,2,"HUGO,MiPOD"
COVER__4120.pgm,4120.pgm,COVER,0,${BOSSBASE_ROOT}\cover\4120.pgm,0.5086127344264939,0.491455078125,0.51220703125,0.491455078125,0.51220703125,0.017157656301493907,1,0.4766101017716975,0.50537109375,0.5322265625,0.50537109375,0.5322265625,-0.028760991978302508,0,0.5810059544928083,0.50048828125,0.548828125,0.50048828125,0.548828125,0.08051767324280834,0,0.4404692592729392,0.52783203125,0.54833984375,0.52783203125,0.54833984375,-0.08736277197706083,0,0.536100403196341,0.4921875,0.62451171875,0.4921875,0.62451171875,0.043912903196341,1,HILL,ATTRIBUTED,HILL,MiPOD,0.12893439166069426,0.093912903196341,0.035021488464353254,3,"WOW,HILL,MiPOD"
COVER__7237.pgm,7237.pgm,COVER,0,${BOSSBASE_ROOT}\cover\7237.pgm,0.00881316650304586,0.491455078125,0.51220703125,0.491455078125,0.51220703125,-0.48264191162195413,0,0.010944577400979882,0.50537109375,0.5322265625,0.50537109375,0.5322265625,-0.49442651634902013,0,0.009090383313658499,0.50048828125,0.548828125,0.50048828125,0.548828125,-0.4913978979363415,0,0.009559399347091532,0.52783203125,0.54833984375,0.52783203125,0.54833984375,-0.5182726319029085,0,0.022201228903055724,0.4921875,0.62451171875,0.4921875,0.62451171875,-0.4699862710969443,0,UNKNOWN,UNKNOWN_OR_COVER,MiPOD,WOW,-0.43873572865008664,-0.45178437270536875,0.01304864405528211,0,
COVER__878.pgm,878.pgm,COVER,0,${BOSSBASE_ROOT}\cover\878.pgm,0.029703750339379227,0.491455078125,0.51220703125,0.491455078125,0.51220703125,-0.4617513277856208,0,0.37840166325463587,0.50537109375,0.5322265625,0.50537109375,0.5322265625,-0.12696943049536413,0,0.15115305795512232,0.50048828125,0.548828125,0.50048828125,0.548828125,-0.34933522329487765,0,0.009746104052554064,0.52783203125,0.54833984375,0.52783203125,0.54833984375,-0.518085927197446,0,0.2546016227874352,0.4921875,0.62451171875,0.4921875,0.62451171875,-0.2375858772125648,0,UNKNOWN,UNKNOWN_OR_COVER,S-UNIWARD,MiPOD,-0.08293140066532567,-0.19815941864326136,0.11522801797793569,0,
COVER__4906.pgm,4906.pgm,COVER,0,${BOSSBASE_ROOT}\cover\4906.pgm,0.4144247884265225,0.491455078125,0.51220703125,0.491455078125,0.51220703125,-0.07703028969847753,0,0.50768982330109,0.50537109375,0.5322265625,0.50537109375,0.5322265625,0.0023187295510900263,1,0.4702804355486545,0.50048828125,0.548828125,0.50048828125,0.548828125,-0.030207845701345493,0,0.5950219975882318,0.52783203125,0.54833984375,0.52783203125,0.54833984375,0.06718996633823182,0,0.5134702504619577,0.4921875,0.62451171875,0.4921875,0.62451171875,0.02128275046195771,1,HUGO,ATTRIBUTED,HUGO,MiPOD,0.11490950127856667,0.07128275046195771,0.04362675081660895,3,"S-UNIWARD,HUGO,MiPOD"
COVER__3432.pgm,3432.pgm,COVER,0,${BOSSBASE_ROOT}\cover\3432.pgm,0.26645270516461944,0.491455078125,0.51220703125,0.491455078125,0.51220703125,-0.22500237296038056,0,0.47759984315357706,0.50537109375,0.5322265625,0.50537109375,0.5322265625,-0.027771250596422936,0,0.5177080447946715,0.50048828125,0.548828125,0.50048828125,0.548828125,0.017219763544671474,1,0.52032875333177,0.52783203125,0.54833984375,0.52783203125,0.54833984375,-0.0075032779182300224,0,0.5138590589486948,0.4921875,0.62451171875,0.4921875,0.62451171875,0.02167155894869477,1,MiPOD|HILL,AMBIGUOUS,MiPOD,HILL,0.07167155894869477,0.06721976354467148,0.004451795404023295,2,"HILL,MiPOD"
COVER__9104.pgm,9104.pgm,COVER,0,${BOSSBASE_ROOT}\cover\9104.pgm,0.5434387984588437,0.491455078125,0.51220703125,0.491455078125,0.51220703125,0.051983720333843686,0,0.35153364696641437,0.50537109375,0.5322265625,0.50537109375,0.5322265625,-0.15383744678358563,0,0.313104637245345,0.50048828125,0.548828125,0.50048828125,0.548828125,-0.18738364400465501,0,0.08093670978361556,0.52783203125,0.54833984375,0.52783203125,0.54833984375,-0.44689532146638444,0,0.0029235429042710408,0.4921875,0.62451171875,0.4921875,0.62451171875,-0.48926395709572895,0,WOW,ATTRIBUTED,WOW,S-UNIWARD,0.1004462656570734,-0.11096687755045997,0.21141314320753338,1,WOW
COVER__8006.pgm,8006.pgm,COVER,0,${BOSSBASE_ROOT}\cover\8006.pgm,0.008283626886030505,0.491455078125,0.51220703125,0.491455078125,0.51220703125,-0.4831714512389695,0,0.007695647178392188,0.50537109375,0.5322265625,0.50537109375,0.5322265625,-0.49767544657160784,0,0.007232763803479049,0.50048828125,0.548828125,0.50048828125,0.548828125,-0.49325551744652096,0,0.006823954786776902,0.52783203125,0.54833984375,0.52783203125,0.54833984375,-0.5210080764632231,0,0.007345826574477061,0.4921875,0.62451171875,0.4921875,0.62451171875,-0.4848416734255229,0,UNKNOWN,UNKNOWN_OR_COVER,WOW,MiPOD,-0.4523302482860723,-0.45405193914003766,0.0017216908539653408,0,
COVER__2891.pgm,2891.pgm,COVER,0,${BOSSBASE_ROOT}\cover\2891.pgm,0.010169657753872614,0.491455078125,0.51220703125,0.491455078125,0.51220703125,-0.48128542037112737,0,0.02843603304485266,0.50537109375,0.5322265625,0.50537109375,0.5322265625,-0.47693506070514735,0,0.013121271126550956,0.50048828125,0.548828125,0.50048828125,0.548828125,-0.487367010123449,0,0.009746104052554064,0.52783203125,0.54833984375,0.52783203125,0.54833984375,-0.518085927197446,0,0.20577459469962567,0.4921875,0.62451171875,0.4921875,0.62451171875,-0.28641290530037433,0,UNKNOWN,UNKNOWN_OR_COVER,MiPOD,S-UNIWARD,-0.2488652813171917,-0.4459009189706307,0.197035637653439,0,
COVER__2852.pgm,2852.pgm,COVER,0,${BOSSBASE_ROOT}\cover\2852.pgm,0.013222821752305148,0.491455078125,0.51220703125,0.491455078125,0.51220703125,-0.47823225637269484,0,0.03365296431850364,0.50537109375,0.5322265625,0.50537109375,0.5322265625,-0.4717181294314964,0,0.013480102975266339,0.50048828125,0.548828125,0.50048828125,0.548828125,-0.48700817827473364,0,0.01238378463726033,0.52783203125,0.54833984375,0.52783203125,0.54833984375,-0.5154482466127397,0,0.021450729175489416,0.4921875,0.62451171875,0.4921875,0.62451171875,-0.4707367708245106,0,UNKNOWN,UNKNOWN_OR_COVER,MiPOD,S-UNIWARD,-0.4395096731025154,-0.44052166165868145,0.0010119885561660769,0,
COVER__8853.pgm,8853.pgm,COVER,0,${BOSSBASE_ROOT}\cover\8853.pgm,0.008711384457705508,0.491455078125,0.51220703125,0.491455078125,0.51220703125,-0.48274369366729447,0,0.01013041166358438,0.50537109375,0.5322265625,0.50537109375,0.5322265625,-0.49524068208641564,0,0.5225676641209306,0.50048828125,0.548828125,0.50048828125,0.548828125,0.022079382870930586,1,0.1720327033229324,0.52783203125,0.54833984375,0.52783203125,0.54833984375,-0.3557993279270676,0,0.578150487031857,0.4921875,0.62451171875,0.4921875,0.62451171875,0.08596298703185701,1,MiPOD,ATTRIBUTED,MiPOD,HILL,0.135962987031857,0.07207938287093059,0.06388360416092641,2,"HILL,MiPOD"
COVER__2017.pgm,2017.pgm,COVER,0,${BOSSBASE_ROOT}\cover\2017.pgm,0.0843417950308775,0.491455078125,0.51220703125,0.491455078125,0.51220703125,-0.4071132830941225,0,0.7793218391224057,0.50537109375,0.5322265625,0.50537109375,0.5322265625,0.2739507453724057,0,0.9353465116437761,0.50048828125,0.548828125,0.50048828125,0.548828125,0.43485823039377614,0,0.27776675174125487,0.52783203125,0.54833984375,0.52783203125,0.54833984375,-0.25006527950874513,0,0.8420855424580784,0.4921875,0.62451171875,0.4921875,0.62451171875,0.34989804245807843,0,HILL,ATTRIBUTED,HILL,MiPOD,0.46882914204571435,0.39012145315313046,0.0787076888925839,3,"S-UNIWARD,HILL,MiPOD"
COVER__8164.pgm,8164.pgm,COVER,0,${BOSSBASE_ROOT}\cover\8164.pgm,0.011869121046339474,0.491455078125,0.51220703125,0.491455078125,0.51220703125,-0.47958595707866053,0,0.023554331577945047,0.50537109375,0.5322265625,0.50537109375,0.5322265625,-0.48181676217205494,0,0.012722708199923246,0.50048828125,0.548828125,0.50048828125,0.548828125,-0.48776557305007673,0,0.011777842688519623,0.52783203125,0.54833984375,0.52783203125,0.54833984375,-0.5160541885614803,0,0.030967515262747537,0.4921875,0.62451171875,0.4921875,0.62451171875,-0.46121998473725245,0,UNKNOWN,UNKNOWN_OR_COVER,MiPOD,WOW,-0.4296942868025986,-0.4486339746918517,0.0189396878892531,0,
COVER__2260.pgm,2260.pgm,COVER,0,${BOSSBASE_ROOT}\cover\2260.pgm,0.012821214266594244,0.491455078125,0.51220703125,0.491455078125,0.51220703125,-0.4786338638584058,0,0.010818448652863185,0.50537109375,0.5322265625,0.50537109375,0.5322265625,-0.4945526450971368,0,0.013171949881556448,0.50048828125,0.548828125,0.50048828125,0.548828125,-0.48731633136844354,0,0.5218214568222778,0.52783203125,0.54833984375,0.52783203125,0.54833984375,-0.006010574427722237,0,0.004101929257867252,0.4921875,0.62451171875,0.4921875,0.62451171875,-0.48808557074213277,0,HUGO,ATTRIBUTED,HUGO,WOW,0.04368979821919749,-0.44765239826586006,0.49134219648505756,0,
COVER__2159.pgm,2159.pgm,COVER,0,${BOSSBASE_ROOT}\cover\2159.pgm,0.5021209589581319,0.491455078125,0.51220703125,0.491455078125,0.51220703125,0.010665880833131913,1,0.5079186493718245,0.50537109375,0.5322265625,0.50537109375,0.5322265625,0.0025475556218245154,1,0.5060841418248581,0.50048828125,0.548828125,0.50048828125,0.548828125,0.005595860574858058,1,0.5016040746969967,0.52783203125,0.54833984375,0.52783203125,0.54833984375,-0.02622795655300325,0,0.5067744877564807,0.4921875,0.62451171875,0.4921875,0.62451171875,0.014586987756480707,1,MiPOD|WOW,AMBIGUOUS,MiPOD,WOW,0.06458698775648071,0.060665880833131916,0.003921106923348794,4,"WOW,S-UNIWARD,HILL,MiPOD"
COVER__9364.pgm,9364.pgm,COVER,0,${BOSSBASE_ROOT}\cover\9364.pgm,0.012194133037590526,0.491455078125,0.51220703125,0.491455078125,0.51220703125,-0.47926094508740946,0,0.01646617504750254,0.50537109375,0.5322265625,0.50537109375,0.5322265625,-0.48890491870249747,0,0.009161026922093826,0.50048828125,0.548828125,0.50048828125,0.548828125,-0.4913272543279062,0,0.01028830113371619,0.52783203125,0.54833984375,0.52783203125,0.54833984375,-0.5175437301162839,0,0.008124708778180903,0.4921875,0.62451171875,0.4921875,0.62451171875,-0.4840627912218191,0,UNKNOWN,UNKNOWN_OR_COVER,WOW,MiPOD,-0.4482989013002226,-0.4532490660184054,0.004950164718182826,0,
COVER__455.pgm,455.pgm,COVER,0,${BOSSBASE_ROOT}\cover\455.pgm,0.008950711436881996,0.491455078125,0.51220703125,0.491455078125,0.51220703125,-0.482504366688118,0,0.010611421330238862,0.50537109375,0.5322265625,0.50537109375,0.5322265625,-0.49475967241976115,0,0.006413163741325347,0.50048828125,0.548828125,0.50048828125,0.548828125,-0.49407511750867467,0,0.007907291504628555,0.52783203125,0.54833984375,0.52783203125,0.54833984375,-0.5199247397453715,0,0.007907291504628555,0.4921875,0.62451171875,0.4921875,0.62451171875,-0.48428020849537146,0,UNKNOWN,UNKNOWN_OR_COVER,WOW,MiPOD,-0.45164258318147976,-0.4534731819998457,0.0018305988183659472,0,
COVER__1852.pgm,1852.pgm,COVER,0,${BOSSBASE_ROOT}\cover\1852.pgm,0.012624949281564409,0.491455078125,0.51220703125,0.491455078125,0.51220703125,-0.47883012884343557,0,0.07935289445587748,0.50537109375,0.5322265625,0.50537109375,0.5322265625,-0.42601819929412255,0,0.015247590621499624,0.50048828125,0.548828125,0.50048828125,0.548828125,-0.4852406906285004,0,0.011029470022501837,0.52783203125,0.54833984375,0.52783203125,0.54833984375,-0.5168025612274981,0,0.01028830113371619,0.4921875,0.62451171875,0.4921875,0.62451171875,-0.4818991988662838,0,UNKNOWN,UNKNOWN_OR_COVER,S-UNIWARD,WOW,-0.3933629764955011,-0.4478547432311074,0.054491766735606295,0,
COVER__4529.pgm,4529.pgm,COVER,0,${BOSSBASE_ROOT}\cover\4529.pgm,0.12095702846131733,0.491455078125,0.51220703125,0.491455078125,0.51220703125,-0.37049804966368266,0,0.28886991536289897,0.50537109375,0.5322265625,0.50537109375,0.5322265625,-0.21650117838710103,0,0.43953683630415785,0.50048828125,0.548828125,0.50048828125,0.548828125,-0.06095144494584215,0,0.006564249220774553,0.52783203125,0.54833984375,0.52783203125,0.54833984375,-0.5212677820292254,0,0.616127754209826,0.4921875,0.62451171875,0.4921875,0.62451171875,0.12394025420982602,1,MiPOD,ATTRIBUTED,MiPOD,HILL,0.173940254209826,-0.013907998815420784,0.1878482530252468,1,MiPOD
COVER__5532.pgm,5532.pgm,COVER,0,${BOSSBASE_ROOT}\cover\5532.pgm,0.014227046103179024,0.491455078125,0.51220703125,0.491455078125,0.51220703125,-0.47722803202182096,0,0.011115013721477563,0.50537109375,0.5322265625,0.50537109375,0.5322265625,-0.49425608002852245,0,0.008577485413711986,0.50048828125,0.548828125,0.50048828125,0.548828125,-0.491910795836288,0,0.008577485413711986,0.52783203125,0.54833984375,0.52783203125,0.54833984375,-0.519254545836288,0,0.010489091259938018,0.4921875,0.62451171875,0.4921875,0.62451171875,-0.481698408740062,0,UNKNOWN,UNKNOWN_OR_COVER,WOW,MiPOD,-0.44620298106893597,-0.4508117419076052,0.004608760838669235,0,
COVER__6350.pgm,6350.pgm,COVER,0,${BOSSBASE_ROOT}\cover\6350.pgm,0.10594828713637978,0.491455078125,0.51220703125,0.491455078125,0.51220703125,-0.38550679098862023,0,0.4052133472982556,0.50537109375,0.5322265625,0.50537109375,0.5322265625,-0.10015774645174441,0,0.2837813906831087,0.50048828125,0.548828125,0.50048828125,0.548828125,-0.2167068905668913,0,0.4309853624243235,0.52783203125,0.54833984375,0.52783203125,0.54833984375,-0.0968466688256765,0,0.7412996284427215,0.4921875,0.62451171875,0.4921875,0.62451171875,0.24911212844272146,0,MiPOD,ATTRIBUTED,MiPOD,HUGO,0.29360082272120086,-0.05146191015415013,0.345062732875351,1,MiPOD
COVER__2647.pgm,2647.pgm,COVER,0,${BOSSBASE_ROOT}\cover\2647.pgm,0.019197449197580242,0.491455078125,0.51220703125,0.491455078125,0.51220703125,-0.47225762892741974,0,0.03271312477469997,0.50537109375,0.5322265625,0.50537109375,0.5322265625,-0.47265796897530005,0,0.5427724018376707,0.50048828125,0.548828125,0.50048828125,0.548828125,0.042284120587670726,1,0.00912563738918052,0.52783203125,0.54833984375,0.52783203125,0.54833984375,-0.5187063938608195,0,0.2693256023055673,0.4921875,0.62451171875,0.4921875,0.62451171875,-0.2228618976944327,0,HILL,ATTRIBUTED,HILL,MiPOD,0.09228412058767073,-0.18285062996291743,0.27513475055058817,1,HILL
COVER__1285.pgm,1285.pgm,COVER,0,${BOSSBASE_ROOT}\cover\1285.pgm,0.10557884359159042,0.491455078125,0.51220703125,0.491455078125,0.51220703125,-0.3858762345334096,0,0.04061677774387981,0.50537109375,0.5322265625,0.50537109375,0.5322265625,-0.46475431600612016,0,0.024987794590900315,0.50048828125,0.548828125,0.50048828125,0.548828125,-0.47550048665909966,0,0.019308086195651518,0.52783203125,0.54833984375,0.52783203125,0.54833984375,-0.5085239450543485,0,0.11143445200542622,0.4921875,0.62451171875,0.4921875,0.62451171875,-0.38075304799457377,0,UNKNOWN,UNKNOWN_OR_COVER,MiPOD,WOW,-0.3465857168644027,-0.35188350138325225,0.0052977845188495465,0,
COVER__8202.pgm,8202.pgm,COVER,0,${BOSSBASE_ROOT}\cover\8202.pgm,0.013584392513059033,0.491455078125,0.51220703125,0.491455078125,0.51220703125,-0.47787068561194096,0,0.01028830113371619,0.50537109375,0.5322265625,0.50537109375,0.5322265625,-0.4950827926162838,0,0.00834805380978326,0.50048828125,0.548828125,0.50048828125,0.548828125,-0.49214022744021674,0,0.008644177936723585,0.52783203125,0.54833984375,0.52783203125,0.54833984375,-0.5191878533132764,0,0.010693757736175492,0.4921875,0.62451171875,0.4921875,0.62451171875,-0.4814937422638245,0,UNKNOWN,UNKNOWN_OR_COVER,WOW,MiPOD,-0.4468655666140773,-0.45060075331916427,0.0037351867050869902,0,
COVER__5778.pgm,5778.pgm,COVER,0,${BOSSBASE_ROOT}\cover\5778.pgm,0.01028830113371619,0.491455078125,0.51220703125,0.491455078125,0.51220703125,-0.4811667769912838,0,0.01159736182363297,0.50537109375,0.5322265625,0.50537109375,0.5322265625,-0.49377373192636703,0,0.01621503010931627,0.50048828125,0.548828125,0.50048828125,0.548828125,-0.48427325114068376,0,0.007289077583591924,0.52783203125,0.54833984375,0.52783203125,0.54833984375,-0.5205429536664081,0,0.009670992763446972,0.4921875,0.62451171875,0.4921875,0.62451171875,-0.48251650723655304,0,UNKNOWN,UNKNOWN_OR_COVER,WOW,MiPOD,-0.4502636854605663,-0.4516550984066178,0.0013914129460515512,0,
COVER__9830.pgm,9830.pgm,COVER,0,${BOSSBASE_ROOT}\cover\9830.pgm,0.008644177936723585,0.491455078125,0.51220703125,0.491455078125,0.51220703125,-0.48281090018827644,0,0.009376237450848677,0.50537109375,0.5322265625,0.50537109375,0.5322265625,-0.4959948562991513,0,0.015543647930770626,0.50048828125,0.548828125,0.50048828125,0.548828125,-0.4849446333192294,0,0.007695647178392188,0.52783203125,0.54833984375,0.52783203125,0.54833984375,-0.5201363840716078,0,0.1727293128639838,0.4921875,0.62451171875,0.4921875,0.62451171875,-0.3194581871360162,0,UNKNOWN,UNKNOWN_OR_COVER,MiPOD,WOW,-0.28313105810766703,-0.45195857540237616,0.16882751729470913,0,
COVER__1005.pgm,1005.pgm,COVER,0,${BOSSBASE_ROOT}\cover\1005.pgm,0.27163795149137593,0.491455078125,0.51220703125,0.491455078125,0.51220703125,-0.21981712663362407,0,0.5203896872921793,0.50537109375,0.5322265625,0.50537109375,0.5322265625,0.01501859354217927,1,0.5304645367814761,0.50048828125,0.548828125,0.50048828125,0.548828125,0.029976255531476093,1,0.5468591529049586,0.52783203125,0.54833984375,0.52783203125,0.54833984375,0.019027121654958568,1,0.5295675129018699,0.4921875,0.62451171875,0.4921875,0.62451171875,0.037380012901869875,1,MiPOD|HILL,AMBIGUOUS,MiPOD,HILL,0.08738001290186988,0.0799762555314761,0.007403757370393782,4,"S-UNIWARD,HILL,HUGO,MiPOD"
COVER__8819.pgm,8819.pgm,COVER,0,${BOSSBASE_ROOT}\cover\8819.pgm,0.01646617504750254,0.491455078125,0.51220703125,0.491455078125,0.51220703125,-0.47498890307749747,0,0.027376488778351356,0.50537109375,0.5322265625,0.50537109375,0.5322265625,-0.47799460497164864,0,0.4308656218427439,0.50048828125,0.548828125,0.50048828125,0.548828125,-0.0696226594072561,0,0.02843603304485266,0.52783203125,0.54833984375,0.52783203125,0.54833984375,-0.49939599820514735,0,0.3027001819340039,0.4921875,0.62451171875,0.4921875,0.62451171875,-0.1894873180659961,0,UNKNOWN,UNKNOWN_OR_COVER,HILL,MiPOD,-0.022985373590713606,-0.14811815758348698,0.1251327839927734,0,
COVER__8952.pgm,8952.pgm,COVER,0,${BOSSBASE_ROOT}\cover\8952.pgm,0.009090383313658499,0.491455078125,0.51220703125,0.491455078125,0.51220703125,-0.4823646948113415,0,0.012336100420869755,0.50537109375,0.5322265625,0.50537109375,0.5322265625,-0.49303499332913026,0,0.008219693061967886,0.50048828125,0.548828125,0.50048828125,0.548828125,-0.4922685881880321,0,0.01013041166358438,0.52783203125,0.54833984375,0.52783203125,0.54833984375,-0.5177016195864156,0,0.015247590621499624,0.4921875,0.62451171875,0.4921875,0.62451171875,-0.4769399093785004,0,UNKNOWN,UNKNOWN_OR_COVER,MiPOD,WOW,-0.445905918118035,-0.4514986004804367,0.005592682362401735,0,
COVER__338.pgm,338.pgm,COVER,0,${BOSSBASE_ROOT}\cover\338.pgm,0.011869121046339474,0.491455078125,0.51220703125,0.491455078125,0.51220703125,-0.47958595707866053,0,0.011331753531361453,0.50537109375,0.5322265625,0.50537109375,0.5322265625,-0.49403934021863855,0,0.009412589587609823,0.50048828125,0.548828125,0.50048828125,0.548828125,-0.4910756916623902,0,0.010693757736175492,0.52783203125,0.54833984375,0.52783203125,0.54833984375,-0.5171382735138245,0,0.01238378463726033,0.4921875,0.62451171875,0.4921875,0.62451171875,-0.4798037153627397,0,UNKNOWN,UNKNOWN_OR_COVER,WOW,MiPOD,-0.4486339746918517,-0.4488584722927066,0.00022449760085491155,0,
COVER__6511.pgm,6511.pgm,COVER,0,${BOSSBASE_ROOT}\cover\6511.pgm,0.014281933925111153,0.491455078125,0.51220703125,0.491455078125,0.51220703125,-0.4771731441998888,0,0.28886991536289897,0.50537109375,0.5322265625,0.50537109375,0.5322265625,-0.21650117838710103,0,0.8578872059303786,0.50048828125,0.548828125,0.50048828125,0.548828125,0.3573989246803786,0,0.020332353342658753,0.52783203125,0.54833984375,0.52783203125,0.54833984375,-0.5074996779073413,0,0.6011253440753982,0.4921875,0.62451171875,0.4921875,0.62451171875,0.1089378440753982,1,HILL,ATTRIBUTED,HILL,MiPOD,0.39410579444161004,0.15893784407539818,0.23516795036621185,2,"HILL,MiPOD"
COVER__9896.pgm,9896.pgm,COVER,0,${BOSSBASE_ROOT}\cover\9896.pgm,0.009090383313658499,0.491455078125,0.51220703125,0.491455078125,0.51220703125,-0.4823646948113415,0,0.008950711436881996,0.50537109375,0.5322265625,0.50537109375,0.5322265625,-0.496420382313118,0,0.008610767667510729,0.50048828125,0.548828125,0.50048828125,0.548828125,-0.49187751358248927,0,0.008577485413711986,0.52783203125,0.54833984375,0.52783203125,0.54833984375,-0.519254545836288,0,0.010611421330238862,0.4921875,0.62451171875,0.4921875,0.62451171875,-0.48157607866976115,0,UNKNOWN,UNKNOWN_OR_COVER,MiPOD,WOW,-0.450685633238066,-0.4514986004804367,0.0008129672423707324,0,
COVER__3930.pgm,3930.pgm,COVER,0,${BOSSBASE_ROOT}\cover\3930.pgm,0.48436484039392486,0.491455078125,0.51220703125,0.491455078125,0.51220703125,-0.007090237731075144,0,0.5064350389541917,0.50537109375,0.5322265625,0.50537109375,0.5322265625,0.0010639452041917297,1,0.5058247792052629,0.50048828125,0.548828125,0.50048828125,0.548828125,0.00533649795526292,1,0.454320840107723,0.52783203125,0.54833984375,0.52783203125,0.54833984375,-0.073511191142277,0,0.5114573446016943,0.4921875,0.62451171875,0.4921875,0.62451171875,0.01926984460169434,1,MiPOD|HILL,AMBIGUOUS,MiPOD,HILL,0.06926984460169434,0.05533649795526292,0.013933346646431422,3,"S-UNIWARD,HILL,MiPOD"
COVER__9872.pgm,9872.pgm,COVER,0,${BOSSBASE_ROOT}\cover\9872.pgm,0.012527931992744795,0.491455078125,0.51220703125,0.491455078125,0.51220703125,-0.4789271461322552,0,0.007815888789288626,0.50537109375,0.5322265625,0.50537109375,0.5322265625,-0.4975552049607114,0,0.008511303026562552,0.50048828125,0.548828125,0.50048828125,0.548828125,-0.49197697822343744,0,0.008544330693441928,0.52783203125,0.54833984375,0.52783203125,0.54833984375,-0.519287700556558,0,0.01191502196714824,0.4921875,0.62451171875,0.4921875,0.62451171875,-0.4802724780328518,0,UNKNOWN,UNKNOWN_OR_COVER,WOW,MiPOD,-0.44795476552208835,-0.4493417375381889,0.0013869720161005517,0,
COVER__5399.pgm,5399.pgm,COVER,0,${BOSSBASE_ROOT}\cover\5399.pgm,0.009485713170795206,0.491455078125,0.51220703125,0.491455078125,0.51220703125,-0.4819693649542048,0,0.013795364421185227,0.50537109375,0.5322265625,0.50537109375,0.5322265625,-0.49157572932881477,0,0.010570488620307572,0.50048828125,0.548828125,0.50048828125,0.548828125,-0.48991779262969243,0,0.006463137718154743,0.52783203125,0.54833984375,0.52783203125,0.54833984375,-0.5213688935318452,0,0.010818448652863185,0.4921875,0.62451171875,0.4921875,0.62451171875,-0.4813690513471368,0,UNKNOWN,UNKNOWN_OR_COVER,MiPOD,WOW,-0.45047221008719646,-0.4510910659223554,0.0006188558351589712,0,
COVER__2567.pgm,2567.pgm,COVER,0,${BOSSBASE_ROOT}\cover\2567.pgm,0.011732463956348185,0.491455078125,0.51220703125,0.491455078125,0.51220703125,-0.4797226141686518,0,0.036631366639620536,0.50537109375,0.5322265625,0.50537109375,0.5322265625,-0.4687397271103795,0,0.013902058625059313,0.50048828125,0.548828125,0.50048828125,0.548828125,-0.48658622262494067,0,0.010611421330238862,0.52783203125,0.54833984375,0.52783203125,0.54833984375,-0.5172206099197612,0,0.01374232049590237,0.4921875,0.62451171875,0.4921875,0.62451171875,-0.47844517950409765,0,UNKNOWN,UNKNOWN_OR_COVER,S-UNIWARD,MiPOD,-0.43745020519799604,-0.44745786764218864,0.0100076624441926,0,
COVER__8484.pgm,8484.pgm,COVER,0,${BOSSBASE_ROOT}\cover\8484.pgm,0.056548134928767445,0.491455078125,0.51220703125,0.491455078125,0.51220703125,-0.4349069431962326,0,0.0505176697224809,0.50537109375,0.5322265625,0.50537109375,0.5322265625,-0.4548534240275191,0,0.06536578698026635,0.50048828125,0.548828125,0.50048828125,0.548828125,-0.43512249426973365,0,0.0437727391740845,0.52783203125,0.54833984375,0.52783203125,0.54833984375,-0.48405929207591547,0,0.013848610215564576,0.4921875,0.62451171875,0.4921875,0.62451171875,-0.47833888978443545,0,UNKNOWN,UNKNOWN_OR_COVER,WOW,HILL,-0.4025406980831452,-0.40276322498367506,0.00022252690052987356,0,
COVER__3632.pgm,3632.pgm,COVER,0,${BOSSBASE_ROOT}\cover\3632.pgm,0.011463797377996032,0.491455078125,0.51220703125,0.491455078125,0.51220703125,-0.479991280747004,0,0.012722708199923246,0.50537109375,0.5322265625,0.50537109375,0.5322265625,-0.49264838555007673,0,0.008644177936723585,0.50048828125,0.548828125,0.50048828125,0.548828125,-0.49184410331327644,0,0.010944577400979882,0.52783203125,0.54833984375,0.52783203125,0.54833984375,-0.5168874538490201,0,0.008219693061967886,0.4921875,0.62451171875,0.4921875,0.62451171875,-0.4839678069380321,0,UNKNOWN,UNKNOWN_OR_COVER,WOW,MiPOD,-0.4490518413890737,-0.4531511547759938,0.0040993133869201,0,
COVER__838.pgm,838.pgm,COVER,0,${BOSSBASE_ROOT}\cover\838.pgm,0.11143445200542622,0.491455078125,0.51220703125,0.491455078125,0.51220703125,-0.38002062611957377,0,0.2809121784000196,0.50537109375,0.5322265625,0.50537109375,0.5322265625,-0.22445891534998041,0,0.3160525356697572,0.50048828125,0.548828125,0.50048828125,0.548828125,-0.18443574558024278,0,0.5702715085977696,0.52783203125,0.54833984375,0.52783203125,0.54833984375,0.04243947734776965,0,0.8741846824498326,0.4921875,0.62451171875,0.4921875,0.62451171875,0.3819971824498326,0,MiPOD,ATTRIBUTED,MiPOD,HUGO,0.420949958492335,0.0913548316243038,0.3295951268680312,2,"HUGO,MiPOD"
COVER__4882.pgm,4882.pgm,COVER,0,${BOSSBASE_ROOT}\cover\4882.pgm,0.011158031248084033,0.491455078125,0.51220703125,0.491455078125,0.51220703125,-0.480297046876916,0,0.009303949868393646,0.50537109375,0.5322265625,0.50537109375,0.5322265625,-0.49606714388160633,0,0.008985428752560176,0.50048828125,0.548828125,0.50048828125,0.548828125,-0.4915028524974398,0,0.007374365308237828,0.52783203125,0.54833984375,0.52783203125,0.54833984375,-0.5204576659417621,0,0.013584392513059033,0.4921875,0.62451171875,0.4921875,0.62451171875,-0.47860310748694096,0,UNKNOWN,UNKNOWN_OR_COVER,MiPOD,WOW,-0.44762068900227725,-0.44936706630545786,0.001746377303180613,0,
COVER__1045.pgm,1045.pgm,COVER,0,${BOSSBASE_ROOT}\cover\1045.pgm,0.007489624898808396,0.491455078125,0.51220703125,0.491455078125,0.51220703125,-0.4839654532261916,0,0.02084431561651897,0.50537109375,0.5322265625,0.50537109375,0.5322265625,-0.48452677813348105,0,0.005708033919113487,0.50048828125,0.548828125,0.50048828125,0.548828125,-0.4947802473308865,0,0.012336100420869755,0.52783203125,0.54833984375,0.52783203125,0.54833984375,-0.5154959308291303,0,0.010570488620307572,0.4921875,0.62451171875,0.4921875,0.62451171875,-0.48161701137969243,0,UNKNOWN,UNKNOWN_OR_COVER,MiPOD,WOW,-0.45072783035176184,-0.4531487285305489,0.0024208981787870454,0,
COVER__7689.pgm,7689.pgm,COVER,0,${BOSSBASE_ROOT}\cover\7689.pgm,0.3739901328813332,0.491455078125,0.51220703125,0.491455078125,0.51220703125,-0.1174649452436668,0,0.5482502619871987,0.50537109375,0.5322265625,0.50537109375,0.5322265625,0.04287916823719873,0,0.5051038876575422,0.50048828125,0.548828125,0.50048828125,0.548828125,0.0046156064075422165,1,0.5371931337697518,0.52783203125,0.54833984375,0.52783203125,0.54833984375,0.009361102519751752,1,0.5490664329228548,0.4921875,0.62451171875,0.4921875,0.62451171875,0.05687893292285484,1,MiPOD|S-UNIWARD,AMBIGUOUS,MiPOD,S-UNIWARD,0.10687893292285484,0.09208436808814047,0.014794564834714377,4,"S-UNIWARD,HILL,HUGO,MiPOD"
COVER__333.pgm,333.pgm,COVER,0,${BOSSBASE_ROOT}\cover\333.pgm,0.2670257208309401,0.491455078125,0.51220703125,0.491455078125,0.51220703125,-0.22442935729405988,0,0.39858199962571733,0.50537109375,0.5322265625,0.50537109375,0.5322265625,-0.10678909412428267,0,0.44227513691397585,0.50048828125,0.548828125,0.50048828125,0.548828125,-0.05821314433602415,0,0.26189685928479595,0.52783203125,0.54833984375,0.52783203125,0.54833984375,-0.26593517196520405,0,0.48874091729040176,0.4921875,0.62451171875,0.4921875,0.62451171875,-0.003446582709598245,0,MiPOD,ATTRIBUTED,MiPOD,HILL,0.046381384787343945,-0.011040702574572236,0.05742208736191618,0,
COVER__7409.pgm,7409.pgm,COVER,0,${BOSSBASE_ROOT}\cover\7409.pgm,0.16198195581769867,0.491455078125,0.51220703125,0.491455078125,0.51220703125,-0.3294731223073013,0,0.38341040860771586,0.50537109375,0.5322265625,0.50537109375,0.5322265625,-0.12196068514228414,0,1.708756367124727e-09,0.50048828125,0.548828125,0.50048828125,0.548828125,-0.5004882795412436,0,0.46022824374498145,0.52783203125,0.54833984375,0.52783203125,0.54833984375,-0.06760378750501855,0,1.5746499498205584e-07,0.4921875,0.62451171875,0.4921875,0.62451171875,-0.492187342535005,0,UNKNOWN,UNKNOWN_OR_COVER,HUGO,S-UNIWARD,-0.02087225187540702,-0.07770152670884067,0.056829274833433654,0,
COVER__5325.pgm,5325.pgm,COVER,0,${BOSSBASE_ROOT}\cover\5325.pgm,0.010693757736175492,0.491455078125,0.51220703125,0.491455078125,0.51220703125,-0.4807613203888245,0,0.14780102119088886,0.50537109375,0.5322265625,0.50537109375,0.5322265625,-0.3575700725591111,0,0.05634009539702799,0.50048828125,0.548828125,0.50048828125,0.548828125,-0.444148185852972,0,0.01020905431880827,0.52783203125,0.54833984375,0.52783203125,0.54833984375,-0.5176229769311917,0,0.0258096220343115,0.4921875,0.62451171875,0.4921875,0.62451171875,-0.4663778779656885,0,UNKNOWN,UNKNOWN_OR_COVER,S-UNIWARD,HILL,-0.32260138804304045,-0.412079667264501,0.08947827922146057,0,
COVER__2642.pgm,2642.pgm,COVER,0,${BOSSBASE_ROOT}\cover\2642.pgm,0.014559518620319442,0.491455078125,0.51220703125,0.491455078125,0.51220703125,-0.47689555950468054,0,0.013222821752305148,0.50537109375,0.5322265625,0.50537109375,0.5322265625,-0.49214827199769484,0,0.009859855303538789,0.50048828125,0.548828125,0.50048828125,0.548828125,-0.4906284259464612,0,0.010611421330238862,0.52783203125,0.54833984375,0.52783203125,0.54833984375,-0.5172206099197612,0,0.00959645473238191,0.4921875,0.62451171875,0.4921875,0.62451171875,-0.4825910452676181,0,UNKNOWN,UNKNOWN_OR_COVER,WOW,MiPOD,-0.4458601918600976,-0.4517319367006034,0.005871744840505788,0,
COVER__6013.pgm,6013.pgm,COVER,0,${BOSSBASE_ROOT}\cover\6013.pgm,0.008950711436881996,0.491455078125,0.51220703125,0.491455078125,0.51220703125,-0.482504366688118,0,0.028167472857278317,0.50537109375,0.5322265625,0.50537109375,0.5322265625,-0.47720362089272167,0,0.01691491326672651,0.50048828125,0.548828125,0.50048828125,0.548828125,-0.4835733679832735,0,0.01005236865796813,0.52783203125,0.54833984375,0.52783203125,0.54833984375,-0.5177796625920319,0,0.013428254741968517,0.4921875,0.62451171875,0.4921875,0.62451171875,-0.4787592452580315,0,UNKNOWN,UNKNOWN_OR_COVER,S-UNIWARD,MiPOD,-0.4461778125740685,-0.4477816639214924,0.001603851347423857,0,
COVER__4932.pgm,4932.pgm,COVER,0,${BOSSBASE_ROOT}\cover\4932.pgm,0.5856937011919192,0.491455078125,0.51220703125,0.491455078125,0.51220703125,0.09423862306691921,0,0.5558270482633847,0.50537109375,0.5322265625,0.50537109375,0.5322265625,0.05045595451338469,0,0.4568640899653339,0.50048828125,0.548828125,0.50048828125,0.548828125,-0.0436241912846661,0,0.4003976292228853,0.52783203125,0.54833984375,0.52783203125,0.54833984375,-0.1274344020271147,0,0.5997781973232059,0.4921875,0.62451171875,0.4921875,0.62451171875,0.10759069732320592,1,MiPOD|WOW,AMBIGUOUS,MiPOD,WOW,0.1575906973232059,0.14069604963256208,0.016894647690643833,3,"WOW,S-UNIWARD,MiPOD"
COVER__8916.pgm,8916.pgm,COVER,0,${BOSSBASE_ROOT}\cover\8916.pgm,0.5309965769616805,0.491455078125,0.51220703125,0.491455078125,0.51220703125,0.039541498836680455,0,0.4907542278688894,0.50537109375,0.5322265625,0.50537109375,0.5322265625,-0.014616865881110608,0,0.5175099265717485,0.50048828125,0.548828125,0.50048828125,0.548828125,0.017021645321748546,1,0.534096170683414,0.52783203125,0.54833984375,0.52783203125,0.54833984375,0.006264139433413973,1,0.49869728383153406,0.4921875,0.62451171875,0.4921875,0.62451171875,0.006509783831534055,1,WOW|HILL,AMBIGUOUS,WOW,HILL,0.08861079270555228,0.06702164532174855,0.021589147383803728,4,"WOW,HILL,HUGO,MiPOD"
COVER__2687.pgm,2687.pgm,COVER,0,${BOSSBASE_ROOT}\cover\2687.pgm,0.008445626941126032,0.491455078125,0.51220703125,0.491455078125,0.51220703125,-0.48300945118387395,0,0.011687257995694434,0.50537109375,0.5322265625,0.50537109375,0.5322265625,-0.4936838357543056,0,0.006850480026644968,0.50048828125,0.548828125,0.50048828125,0.548828125,-0.49363780122335504,0,0.010368156650788152,0.52783203125,0.54833984375,0.52783203125,0.54833984375,-0.5174638745992118,0,0.009708476481474066,0.4921875,0.62451171875,0.4921875,0.62451171875,-0.48247902351852595,0,UNKNOWN,UNKNOWN_OR_COVER,MiPOD,WOW,-0.4516164578665634,-0.4521632515496788,0.0005467936831153875,0,
COVER__1167.pgm,1167.pgm,COVER,0,${BOSSBASE_ROOT}\cover\1167.pgm,0.2546016227874352,0.491455078125,0.51220703125,0.491455078125,0.51220703125,-0.2368534553375648,0,0.42691879804535043,0.50537109375,0.5322265625,0.50537109375,0.5322265625,-0.07845229570464957,0,0.4627765176533766,0.50048828125,0.548828125,0.50048828125,0.548828125,-0.03771176359662343,0,0.4489094032912322,0.52783203125,0.54833984375,0.52783203125,0.54833984375,-0.07892262795876781,0,0.49594506570778235,0.4921875,0.62451171875,0.4921875,0.62451171875,0.003757565707782351,1,MiPOD,ATTRIBUTED,MiPOD,HILL,0.053757565707782354,0.01043775989346718,0.043319805814315174,1,MiPOD
COVER__9156.pgm,9156.pgm,COVER,0,${BOSSBASE_ROOT}\cover\9156.pgm,0.007725534397423479,0.491455078125,0.51220703125,0.491455078125,0.51220703125,-0.48372954372757654,0,0.00952248567033666,0.50537109375,0.5322265625,0.50537109375,0.5322265625,-0.49584860807966336,0,0.008950711436881996,0.50048828125,0.548828125,0.50048828125,0.548828125,-0.491537569813118,0,0.01005236865796813,0.52783203125,0.54833984375,0.52783203125,0.54833984375,-0.5177796625920319,0,0.008985428752560176,0.4921875,0.62451171875,0.4921875,0.62451171875,-0.4832020712474398,0,UNKNOWN,UNKNOWN_OR_COVER,MiPOD,WOW,-0.4523618126379803,-0.4529055482162684,0.0005437355782880737,0,
COVER__4705.pgm,4705.pgm,COVER,0,${BOSSBASE_ROOT}\cover\4705.pgm,0.01028830113371619,0.491455078125,0.51220703125,0.491455078125,0.51220703125,-0.4811667769912838,0,0.027428542704283878,0.50537109375,0.5322265625,0.50537109375,0.5322265625,-0.47794255104571615,0,0.016979992237318317,0.50048828125,0.548828125,0.50048828125,0.548828125,-0.48350828901268167,0,0.015784561073809773,0.52783203125,0.54833984375,0.52783203125,0.54833984375,-0.5120474701761902,0,0.16913123937903426,0.4921875,0.62451171875,0.4921875,0.62451171875,-0.3230562606209657,0,UNKNOWN,UNKNOWN_OR_COVER,MiPOD,S-UNIWARD,-0.2868596044062124,-0.44693966016411524,0.16008005575790285,0,
COVER__8800.pgm,8800.pgm,COVER,0,${BOSSBASE_ROOT}\cover\8800.pgm,0.012970386437368456,0.491455078125,0.51220703125,0.491455078125,0.51220703125,-0.4784846916876315,0,0.01098694263059318,0.50537109375,0.5322265625,0.50537109375,0.5322265625,-0.4943841511194068,0,0.01590639171181471,0.50048828125,0.548828125,0.50048828125,0.548828125,-0.48458188953818526,0,0.021450729175489416,0.52783203125,0.54833984375,0.52783203125,0.54833984375,-0.5063813020745106,0,0.02346465669263196,0.4921875,0.62451171875,0.4921875,0.62451171875,-0.468722843307368,0,UNKNOWN,UNKNOWN_OR_COVER,MiPOD,WOW,-0.43743279310440053,-0.44749860417788745,0.010065811073486919,0,
COVER__790.pgm,790.pgm,COVER,0,${BOSSBASE_ROOT}\cover\790.pgm,0.11971653999396704,0.491455078125,0.51220703125,0.491455078125,0.51220703125,-0.37173853813103297,0,0.5936092766718268,0.50537109375,0.5322265625,0.50537109375,0.5322265625,0.08823818292182684,0,0.7274917150785442,0.50048828125,0.548828125,0.50048828125,0.548828125,0.22700343382854415,0,0.01159736182363297,0.52783203125,0.54833984375,0.52783203125,0.54833984375,-0.516234669426367,0,0.7567173056632309,0.4921875,0.62451171875,0.4921875,0.62451171875,0.2645298056632309,0,MiPOD,ATTRIBUTED,MiPOD,HILL,0.3083378481311156,0.2688227948802453,0.03951505325087029,3,"S-UNIWARD,HILL,MiPOD"
COVER__9786.pgm,9786.pgm,COVER,0,${BOSSBASE_ROOT}\cover\9786.pgm,0.008745181682035148,0.491455078125,0.51220703125,0.491455078125,0.51220703125,-0.48270989644296486,0,0.010448625445116808,0.50537109375,0.5322265625,0.50537109375,0.5322265625,-0.4949224683048832,0,0.007907291504628555,0.50048828125,0.548828125,0.50048828125,0.548828125,-0.49258098974537146,0,0.01077672605008006,0.52783203125,0.54833984375,0.52783203125,0.54833984375,-0.5170553051999199,0,0.007066400963249157,0.4921875,0.62451171875,0.4921875,0.62451171875,-0.4851210990367508,0,UNKNOWN,UNKNOWN_OR_COVER,WOW,MiPOD,-0.4518544552993304,-0.454339966989689,0.0024855116903585994,0,
COVER__6625.pgm,6625.pgm,COVER,0,${BOSSBASE_ROOT}\cover\6625.pgm,0.7543725361962167,0.491455078125,0.51220703125,0.491455078125,0.51220703125,0.2629174580712167,0,0.3284217284927389,0.50537109375,0.5322265625,0.50537109375,0.5322265625,-0.17694936525726113,0,0.5492477685502475,0.50048828125,0.548828125,0.50048828125,0.548828125,0.048759487300247484,0,0.5300540584039208,0.52783203125,0.54833984375,0.52783203125,0.54833984375,0.002222027153920836,1,0.5172355999571057,0.4921875,0.62451171875,0.4921875,0.62451171875,0.025048099957105663,1,WOW,ATTRIBUTED,WOW,HILL,0.30216377095236063,0.09873850952463709,0.20342526142772355,4,"WOW,HILL,HUGO,MiPOD"
COVER__6672.pgm,6672.pgm,COVER,0,${BOSSBASE_ROOT}\cover\6672.pgm,0.008156248626973424,0.491455078125,0.51220703125,0.491455078125,0.51220703125,-0.48329882949802655,0,0.009196552423046733,0.50537109375,0.5322265625,0.50537109375,0.5322265625,-0.49617454132695327,0,0.009898063716023652,0.50048828125,0.548828125,0.50048828125,0.548828125,-0.49059021753397636,0,0.011115013721477563,0.52783203125,0.54833984375,0.52783203125,0.54833984375,-0.5167170175285224,0,0.011961098249809548,0.4921875,0.62451171875,0.4921875,0.62451171875,-0.48022640175019043,0,UNKNOWN,UNKNOWN_OR_COVER,MiPOD,WOW,-0.44929423604915175,-0.4524615547936767,0.0031673187445249718,0,
COVER__1934.pgm,1934.pgm,COVER,0,${BOSSBASE_ROOT}\cover\1934.pgm,0.009974920824078675,0.491455078125,0.51220703125,0.491455078125,0.51220703125,-0.4814801573009213,0,0.6042237866080884,0.50537109375,0.5322265625,0.50537109375,0.5322265625,0.0988526928580884,0,0.09009299396195182,0.50048828125,0.548828125,0.50048828125,0.548828125,-0.4103952872880482,0,0.1412814160007008,0.52783203125,0.54833984375,0.52783203125,0.54833984375,-0.38655061524929923,0,0.4897551571937266,0.4921875,0.62451171875,0.4921875,0.62451171875,-0.002432342806273413,0,S-UNIWARD,ATTRIBUTED,S-UNIWARD,MiPOD,0.1453793668014873,0.04744618784085358,0.09793317896063372,1,S-UNIWARD
COVER__9793.pgm,9793.pgm,COVER,0,${BOSSBASE_ROOT}\cover\9793.pgm,0.011777842688519623,0.491455078125,0.51220703125,0.491455078125,0.51220703125,-0.4796772354364804,0,0.013121271126550956,0.50537109375,0.5322265625,0.50537109375,0.5322265625,-0.492249822623449,0,0.23899394001359922,0.50048828125,0.548828125,0.50048828125,0.548828125,-0.2614943412364008,0,0.009746104052554064,0.52783203125,0.54833984375,0.52783203125,0.54833984375,-0.518085927197446,0,0.6655192605838258,0.4921875,0.62451171875,0.4921875,0.62451171875,0.17333176058382582,0,MiPOD,ATTRIBUTED,MiPOD,HILL,0.22132285513899067,-0.22299932963162966,0.44432218477062035,1,MiPOD
COVER__7222.pgm,7222.pgm,COVER,0,${BOSSBASE_ROOT}\cover\7222.pgm,0.011869121046339474,0.491455078125,0.51220703125,0.491455078125,0.51220703125,-0.47958595707866053,0,0.012147170099805133,0.50537109375,0.5322265625,0.50537109375,0.5322265625,-0.49322392365019485,0,0.007999754508377905,0.50048828125,0.548828125,0.50048828125,0.548828125,-0.4924885267416221,0,0.012576348276879083,0.52783203125,0.54833984375,0.52783203125,0.54833984375,-0.515255682973121,0,0.016403032516163058,0.4921875,0.62451171875,0.4921875,0.62451171875,-0.47578446748383696,0,UNKNOWN,UNKNOWN_OR_COVER,MiPOD,WOW,-0.4447145975258271,-0.4486339746918517,0.003919377166024585,0,
COVER__3357.pgm,3357.pgm,COVER,0,${BOSSBASE_ROOT}\cover\3357.pgm,0.01971912810734659,0.491455078125,0.51220703125,0.491455078125,0.51220703125,-0.4717359500176534,0,0.027585282226789985,0.50537109375,0.5322265625,0.50537109375,0.5322265625,-0.47778581152321004,0,0.12023206893638218,0.50048828125,0.548828125,0.50048828125,0.548828125,-0.38025621231361784,0,0.12570794876215338,0.52783203125,0.54833984375,0.52783203125,0.54833984375,-0.4021240824878466,0,0.31184584283578853,0.4921875,0.62451171875,0.4921875,0.62451171875,-0.18034165716421147,0,UNKNOWN,UNKNOWN_OR_COVER,MiPOD,HILL,-0.1385924129589952,-0.3460719014164905,0.20747948845749534,0,
COVER__3251.pgm,3251.pgm,COVER,0,${BOSSBASE_ROOT}\cover\3251.pgm,0.6609387646449126,0.491455078125,0.51220703125,0.491455078125,0.51220703125,0.16948368651991264,0,0.4513567341468116,0.50537109375,0.5322265625,0.50537109375,0.5322265625,-0.0540143596031884,0,0.5074037861929581,0.50048828125,0.548828125,0.50048828125,0.548828125,0.006915504942958117,1,0.5155436958722949,0.52783203125,0.54833984375,0.52783203125,0.54833984375,-0.012288335377705129,0,0.5245316787961203,0.4921875,0.62451171875,0.4921875,0.62451171875,0.03234417879612028,1,WOW,ATTRIBUTED,WOW,MiPOD,0.21257370032618728,0.08234417879612028,0.130229521530067,3,"WOW,HILL,MiPOD"
COVER__2614.pgm,2614.pgm,COVER,0,${BOSSBASE_ROOT}\cover\2614.pgm,0.013428254741968517,0.491455078125,0.51220703125,0.491455078125,0.51220703125,-0.4780268233830315,0,0.053502149195322694,0.50537109375,0.5322265625,0.50537109375,0.5322265625,-0.4518689445546773,0,0.13454832326359276,0.50048828125,0.548828125,0.50048828125,0.548828125,-0.3659399579864072,0,0.017712298703411445,0.52783203125,0.54833984375,0.52783203125,0.54833984375,-0.5101197325465886,0,0.0012644219446392272,0.4921875,0.62451171875,0.4921875,0.62451171875,-0.4909230780553608,0,UNKNOWN,UNKNOWN_OR_COVER,HILL,S-UNIWARD,-0.33126273589818467,-0.4200470659112132,0.08878433001302855,0,
COVER__1692.pgm,1692.pgm,COVER,0,${BOSSBASE_ROOT}\cover\1692.pgm,0.010169657753872614,0.491455078125,0.51220703125,0.491455078125,0.51220703125,-0.48128542037112737,0,0.010408314101072437,0.50537109375,0.5322265625,0.50537109375,0.5322265625,-0.49496277964892754,0,0.008950711436881996,0.50048828125,0.548828125,0.50048828125,0.548828125,-0.491537569813118,0,0.007489624898808396,0.52783203125,0.54833984375,0.52783203125,0.54833984375,-0.5203424063511916,0,0.009232214404536282,0.4921875,0.62451171875,0.4921875,0.62451171875,-0.48295528559546375,0,UNKNOWN,UNKNOWN_OR_COVER,WOW,MiPOD,-0.45038599507014543,-0.45210741511346436,0.001721420043318933,0,
COVER__2338.pgm,2338.pgm,COVER,0,${BOSSBASE_ROOT}\cover\2338.pgm,0.009449081319055452,0.491455078125,0.51220703125,0.491455078125,0.51220703125,-0.4820059968059445,0,0.008711384457705508,0.50537109375,0.5322265625,0.50537109375,0.5322265625,-0.49665970929229447,0,0.0050407031118456435,0.50048828125,0.548828125,0.50048828125,0.548828125,-0.4954475781381544,0,0.006338921737094389,0.52783203125,0.54833984375,0.52783203125,0.54833984375,-0.5214931095129056,0,0.009161026922093826,0.4921875,0.62451171875,0.4921875,0.62451171875,-0.4830264730779062,0,UNKNOWN,UNKNOWN_OR_COVER,WOW,MiPOD,-0.4511288288826499,-0.45218079849998377,0.0010519696173338922,0,
COVER__8275.pgm,8275.pgm,COVER,0,${BOSSBASE_ROOT}\cover\8275.pgm,0.008156248626973424,0.491455078125,0.51220703125,0.491455078125,0.51220703125,-0.48329882949802655,0,0.006984649917134321,0.50537109375,0.5322265625,0.50537109375,0.5322265625,-0.4983864438328657,0,0.008916127052872005,0.50048828125,0.548828125,0.50048828125,0.548828125,-0.491572154197128,0,0.00912563738918052,0.52783203125,0.54833984375,0.52783203125,0.54833984375,-0.5187063938608195,0,0.007999754508377905,0.4921875,0.62451171875,0.4921875,0.62451171875,-0.4841877454916221,0,UNKNOWN,UNKNOWN_OR_COVER,WOW,MiPOD,-0.4524615547936767,-0.453377870354195,0.0009163155605182993,0,
COVER__8511.pgm,8511.pgm,COVER,0,${BOSSBASE_ROOT}\cover\8511.pgm,0.05717659415987709,0.491455078125,0.51220703125,0.491455078125,0.51220703125,-0.4342784839651229,0,0.44676624066454784,0.50537109375,0.5322265625,0.50537109375,0.5322265625,-0.05860485308545216,0,0.008985428752560176,0.50048828125,0.548828125,0.50048828125,0.548828125,-0.4915028524974398,0,0.6699608098558822,0.52783203125,0.54833984375,0.52783203125,0.54833984375,0.14212877860588224,0,0.5414391516114734,0.4921875,0.62451171875,0.4921875,0.62451171875,0.04925165161147338,1,HUGO,ATTRIBUTED,HUGO,MiPOD,0.18640297527222305,0.09925165161147338,0.08715132366074967,2,"HUGO,MiPOD"
COVER__3037.pgm,3037.pgm,COVER,0,${BOSSBASE_ROOT}\cover\3037.pgm,0.5327897862640032,0.491455078125,0.51220703125,0.491455078125,0.51220703125,0.041334708139003196,0,0.6134681466278327,0.50537109375,0.5322265625,0.50537109375,0.5322265625,0.10809705287783267,0,0.5483409605467279,0.50048828125,0.548828125,0.50048828125,0.548828125,0.047852679296727874,1,0.8530579339538515,0.52783203125,0.54833984375,0.52783203125,0.54833984375,0.32522590270385154,0,0.5714676871674993,0.4921875,0.62451171875,0.4921875,0.62451171875,0.0792801871674993,1,HUGO,ATTRIBUTED,HUGO,S-UNIWARD,0.3620924630031187,0.15419559942756994,0.20789686357554876,5,"WOW,S-UNIWARD,HILL,HUGO,MiPOD"
COVER__4231.pgm,4231.pgm,COVER,0,${BOSSBASE_ROOT}\cover\4231.pgm,0.4855082103694891,0.491455078125,0.51220703125,0.491455078125,0.51220703125,-0.005946867755510898,0,0.5005254743548788,0.50537109375,0.5322265625,0.50537109375,0.5322265625,-0.004845619395121181,0,0.5039748308149861,0.50048828125,0.548828125,0.50048828125,0.548828125,0.0034865495649860634,1,0.518317604138007,0.52783203125,0.54833984375,0.52783203125,0.54833984375,-0.009514427111993018,0,0.5228722097711652,0.4921875,0.62451171875,0.4921875,0.62451171875,0.03068470977116522,1,MiPOD|HILL,AMBIGUOUS,MiPOD,HILL,0.08068470977116522,0.053486549564986066,0.027198160206179156,2,"HILL,MiPOD"
COVER__6335.pgm,6335.pgm,COVER,0,${BOSSBASE_ROOT}\cover\6335.pgm,0.488489277809891,0.491455078125,0.51220703125,0.491455078125,0.51220703125,-0.002965800315109013,0,0.516016247153319,0.50537109375,0.5322265625,0.50537109375,0.5322265625,0.010645153403318952,1,0.4550169748925861,0.50048828125,0.548828125,0.50048828125,0.548828125,-0.04547130635741392,0,0.6134681466278327,0.52783203125,0.54833984375,0.52783203125,0.54833984375,0.08563611537783267,0,0.6987407493728792,0.4921875,0.62451171875,0.4921875,0.62451171875,0.20655324937287922,0,MiPOD,ATTRIBUTED,MiPOD,HUGO,0.25297620056986353,0.132483477509714,0.12049272306014952,3,"S-UNIWARD,HUGO,MiPOD"
COVER__6888.pgm,6888.pgm,COVER,0,${BOSSBASE_ROOT}\cover\6888.pgm,0.010735162609090678,0.491455078125,0.51220703125,0.491455078125,0.51220703125,-0.4807199155159093,0,0.021615332762647654,0.50537109375,0.5322265625,0.50537109375,0.5322265625,-0.48375576098735235,0,0.8272706871360163,0.50048828125,0.548828125,0.50048828125,0.548828125,0.32678240588601626,0,0.16858301947298998,0.52783203125,0.54833984375,0.52783203125,0.54833984375,-0.35924901177701,0,0.959307046403347,0.4921875,0.62451171875,0.4921875,0.62451171875,0.46711954640334696,0,MiPOD,ATTRIBUTED,MiPOD,HILL,0.5028937719664168,0.3646304931243671,0.1382632788420497,2,"HILL,MiPOD"
COVER__9602.pgm,9602.pgm,COVER,0,${BOSSBASE_ROOT}\cover\9602.pgm,0.022542965948529392,0.491455078125,0.51220703125,0.491455078125,0.51220703125,-0.4689121121764706,0,0.015130728307193727,0.50537109375,0.5322265625,0.50537109375,0.5322265625,-0.49024036544280625,0,0.011158031248084033,0.50048828125,0.548828125,0.50048828125,0.548828125,-0.489330250001916,0,0.005322535451112772,0.52783203125,0.54833984375,0.52783203125,0.54833984375,-0.5225094957988873,0,0.047780066363570746,0.4921875,0.62451171875,0.4921875,0.62451171875,-0.44440743363642926,0,UNKNOWN,UNKNOWN_OR_COVER,MiPOD,WOW,-0.41234722766276105,-0.4376279836455075,0.025280755982746428,0,
COVER__7315.pgm,7315.pgm,COVER,0,${BOSSBASE_ROOT}\cover\7315.pgm,0.010368156650788152,0.491455078125,0.51220703125,0.491455078125,0.51220703125,-0.48108692147421184,0,0.013636835281429876,0.50537109375,0.5322265625,0.50537109375,0.5322265625,-0.4917342584685701,0,0.009783876017655003,0.50048828125,0.548828125,0.50048828125,0.548828125,-0.490704405232345,0,0.009090383313658499,0.52783203125,0.54833984375,0.52783203125,0.54833984375,-0.5187416479363415,0,0.011777842688519623,0.4921875,0.62451171875,0.4921875,0.62451171875,-0.4804096573114804,0,UNKNOWN,UNKNOWN_OR_COVER,MiPOD,WOW,-0.4494831595824696,-0.4501813620626054,0.0006982024801358011,0,
COVER__9618.pgm,9618.pgm,COVER,0,${BOSSBASE_ROOT}\cover\9618.pgm,0.01124456072066409,0.491455078125,0.51220703125,0.491455078125,0.51220703125,-0.4802105174043359,0,0.0274806928095821,0.50537109375,0.5322265625,0.50537109375,0.5322265625,-0.4778904009404179,0,0.7017130778138413,0.50048828125,0.548828125,0.50048828125,0.548828125,0.2012247965638413,0,0.007907291504628555,0.52783203125,0.54833984375,0.52783203125,0.54833984375,-0.5199247397453715,0,0.5544403093682972,0.4921875,0.62451171875,0.4921875,0.62451171875,0.062252809368297246,1,HILL,ATTRIBUTED,HILL,MiPOD,0.24413621920886658,0.11225280936829725,0.13188340984056934,2,"HILL,MiPOD"
COVER__4872.pgm,4872.pgm,COVER,0,${BOSSBASE_ROOT}\cover\4872.pgm,0.6122517129814523,0.491455078125,0.51220703125,0.491455078125,0.51220703125,0.12079663485645231,0,0.001761469680073981,0.50537109375,0.5322265625,0.50537109375,0.5322265625,-0.503609624069926,0,0.25423113712419204,0.50048828125,0.548828125,0.50048828125,0.548828125,-0.24625714412580796,0,0.009859855303538789,0.52783203125,0.54833984375,0.52783203125,0.54833984375,-0.5179721759464612,0,0.00268343980885746,0.4921875,0.62451171875,0.4921875,0.62451171875,-0.48950406019114256,0,WOW,ATTRIBUTED,WOW,HILL,0.16603648431828533,-0.20717108492241573,0.3732075692407011,1,WOW
COVER__8946.pgm,8946.pgm,COVER,0,${BOSSBASE_ROOT}\cover\8946.pgm,0.42673961393988574,0.491455078125,0.51220703125,0.491455078125,0.51220703125,-0.06471546418511426,0,0.5180585479734231,0.50537109375,0.5322265625,0.50537109375,0.5322265625,0.0126874542234231,1,0.2892712996721467,0.50048828125,0.548828125,0.50048828125,0.548828125,-0.2112169815778533,0,0.5126697115882182,0.52783203125,0.54833984375,0.52783203125,0.54833984375,-0.015162319661781831,0,3.508111586796275e-05,0.4921875,0.62451171875,0.4921875,0.62451171875,-0.492152418884132,0,S-UNIWARD|HUGO,AMBIGUOUS,S-UNIWARD,HUGO,0.0626874542234231,0.03408528281537869,0.028602171408044413,1,S-UNIWARD
COVER__9276.pgm,9276.pgm,COVER,0,${BOSSBASE_ROOT}\cover\9276.pgm,0.01024860192315863,0.491455078125,0.51220703125,0.491455078125,0.51220703125,-0.48120647620184137,0,0.012100385813544712,0.50537109375,0.5322265625,0.50537109375,0.5322265625,-0.4932707079364553,0,0.009449081319055452,0.50048828125,0.548828125,0.50048828125,0.548828125,-0.4910391999309445,0,0.010818448652863185,0.52783203125,0.54833984375,0.52783203125,0.54833984375,-0.5170135825971368,0,0.00834805380978326,0.4921875,0.62451171875,0.4921875,0.62451171875,-0.48383944619021674,0,UNKNOWN,UNKNOWN_OR_COVER,WOW,MiPOD,-0.4503046114751097,-0.4530188381257759,0.0027142266506662294,0,
COVER__4634.pgm,4634.pgm,COVER,0,${BOSSBASE_ROOT}\cover\4634.pgm,0.5180433090718142,0.491455078125,0.51220703125,0.491455078125,0.51220703125,0.026588230946814173,0,0.528913629053344,0.50537109375,0.5322265625,0.50537109375,0.5322265625,0.023542535303344048,1,0.5472221223879256,0.50048828125,0.548828125,0.50048828125,0.548828125,0.04673384113792556,1,0.6285214204687661,0.52783203125,0.54833984375,0.52783203125,0.54833984375,0.10068938921876613,0,0.5432873582479876,0.4921875,0.62451171875,0.4921875,0.62451171875,0.05109985824798757,1,HUGO,ATTRIBUTED,HUGO,MiPOD,0.14683682647707214,0.10109985824798758,0.04573696822908456,5,"WOW,S-UNIWARD,HILL,HUGO,MiPOD"
COVER__3056.pgm,3056.pgm,COVER,0,${BOSSBASE_ROOT}\cover\3056.pgm,0.6588566299723456,0.491455078125,0.51220703125,0.491455078125,0.51220703125,0.16740155184734562,0,0.611439978077881,0.50537109375,0.5322265625,0.50537109375,0.5322265625,0.10606888432788097,0,0.6488002028418868,0.50048828125,0.548828125,0.50048828125,0.548828125,0.14831192159188678,0,0.8679338421303608,0.52783203125,0.54833984375,0.52783203125,0.54833984375,0.34010181088036084,0,0.6244080535283255,0.4921875,0.62451171875,0.4921875,0.62451171875,0.1322205535283255,1,HUGO,ATTRIBUTED,HUGO,WOW,0.3764240066111194,0.21058137833400867,0.16584262827711074,5,"WOW,S-UNIWARD,HILL,HUGO,MiPOD"
COVER__4903.pgm,4903.pgm,COVER,0,${BOSSBASE_ROOT}\cover\4903.pgm,0.009303949868393646,0.491455078125,0.51220703125,0.491455078125,0.51220703125,-0.48215112825660633,0,0.010489091259938018,0.50537109375,0.5322265625,0.50537109375,0.5322265625,-0.494882002490062,0,0.00912563738918052,0.50048828125,0.548828125,0.50048828125,0.548828125,-0.49136264386081946,0,0.007606672164523265,0.52783203125,0.54833984375,0.52783203125,0.54833984375,-0.5202253590854767,0,0.007999754508377905,0.4921875,0.62451171875,0.4921875,0.62451171875,-0.4841877454916221,0,UNKNOWN,UNKNOWN_OR_COVER,WOW,MiPOD,-0.45127844125631544,-0.453377870354195,0.0020994290978795793,0,
COVER__3103.pgm,3103.pgm,COVER,0,${BOSSBASE_ROOT}\cover\3103.pgm,0.3690876463175275,0.491455078125,0.51220703125,0.491455078125,0.51220703125,-0.1223674318074725,0,0.6662796810207858,0.50537109375,0.5322265625,0.50537109375,0.5322265625,0.16090858727078583,0,0.670608279935473,0.50048828125,0.548828125,0.50048828125,0.548828125,0.170119998685473,0,0.020884215894006432,0.52783203125,0.54833984375,0.52783203125,0.54833984375,-0.5069478153559935,0,0.4965401248046698,0.4921875,0.62451171875,0.4921875,0.62451171875,0.004352624804669802,1,HILL|S-UNIWARD,AMBIGUOUS,HILL,S-UNIWARD,0.2143871479552137,0.20463576771611824,0.00975138023909547,3,"S-UNIWARD,HILL,MiPOD"
COVER__7764.pgm,7764.pgm,COVER,0,${BOSSBASE_ROOT}\cover\7764.pgm,0.012624949281564409,0.491455078125,0.51220703125,0.491455078125,0.51220703125,-0.47883012884343557,0,0.008644177936723585,0.50537109375,0.5322265625,0.50537109375,0.5322265625,-0.49672691581327644,0,0.00912563738918052,0.50048828125,0.548828125,0.50048828125,0.548828125,-0.49136264386081946,0,0.01621503010931627,0.52783203125,0.54833984375,0.52783203125,0.54833984375,-0.5116170011406838,0,0.009746104052554064,0.4921875,0.62451171875,0.4921875,0.62451171875,-0.48244139594744595,0,UNKNOWN,UNKNOWN_OR_COVER,WOW,MiPOD,-0.4478547432311074,-0.4515776689902522,0.0037229257591447906,0,
COVER__6832.pgm,6832.pgm,COVER,0,${BOSSBASE_ROOT}\cover\6832.pgm,0.009196552423046733,0.491455078125,0.51220703125,0.491455078125,0.51220703125,-0.48225852570195327,0,0.012194133037590526,0.50537109375,0.5322265625,0.50537109375,0.5322265625,-0.49317696071240946,0,0.008950711436881996,0.50048828125,0.548828125,0.50048828125,0.548828125,-0.491537569813118,0,0.008124708778180903,0.52783203125,0.54833984375,0.52783203125,0.54833984375,-0.519707322471819,0,0.008251598569085517,0.4921875,0.62451171875,0.4921875,0.62451171875,-0.4839359014309145,0,UNKNOWN,UNKNOWN_OR_COVER,WOW,MiPOD,-0.4513891541713375,-0.45311826603227606,0.001729111860938548,0,
COVER__836.pgm,836.pgm,COVER,0,${BOSSBASE_ROOT}\cover\836.pgm,0.5083305278738088,0.491455078125,0.51220703125,0.491455078125,0.51220703125,0.016875449748808835,1,0.520877136984304,0.50537109375,0.5322265625,0.50537109375,0.5322265625,0.015506043234304046,1,0.4628675642105006,0.50048828125,0.548828125,0.50048828125,0.548828125,-0.037620717039499374,0,0.3933267600826385,0.52783203125,0.54833984375,0.52783203125,0.54833984375,-0.1345052711673615,0,0.6736212241584463,0.4921875,0.62451171875,0.4921875,0.62451171875,0.18143372415844627,0,MiPOD,ATTRIBUTED,MiPOD,WOW,0.2290375674796354,0.06687544974880884,0.16216211773082656,3,"WOW,S-UNIWARD,MiPOD"
COVER__4132.pgm,4132.pgm,COVER,0,${BOSSBASE_ROOT}\cover\4132.pgm,0.4635049591074219,0.491455078125,0.51220703125,0.491455078125,0.51220703125,-0.0279501190175781,0,0.48875616835269986,0.50537109375,0.5322265625,0.50537109375,0.5322265625,-0.01661492539730014,0,0.5174794463549678,0.50048828125,0.548828125,0.50048828125,0.548828125,0.016991165104967787,1,0.49430108908688314,0.52783203125,0.54833984375,0.52783203125,0.54833984375,-0.03353094216311686,0,0.4773561978845799,0.4921875,0.62451171875,0.4921875,0.62451171875,-0.014831302115420109,0,HILL,ATTRIBUTED,HILL,MiPOD,0.06699116510496779,0.03443260488066865,0.03255856022429914,1,HILL
COVER__5638.pgm,5638.pgm,COVER,0,${BOSSBASE_ROOT}\cover\5638.pgm,0.046033902399240385,0.491455078125,0.51220703125,0.491455078125,0.51220703125,-0.4454211757257596,0,0.009449081319055452,0.50537109375,0.5322265625,0.50537109375,0.5322265625,-0.4959220124309445,0,0.009268013380914325,0.50048828125,0.548828125,0.50048828125,0.548828125,-0.4912202678690857,0,0.01077672605008006,0.52783203125,0.54833984375,0.52783203125,0.54833984375,-0.5170553051999199,0,0.009161026922093826,0.4921875,0.62451171875,0.4921875,0.62451171875,-0.4830264730779062,0,UNKNOWN,UNKNOWN_OR_COVER,WOW,MiPOD,-0.4133934540641404,-0.45218079849998377,0.03878734443584336,0,
COVER__9361.pgm,9361.pgm,COVER,0,${BOSSBASE_ROOT}\cover\9361.pgm,0.009449081319055452,0.491455078125,0.51220703125,0.491455078125,0.51220703125,-0.4820059968059445,0,0.009559399347091532,0.50537109375,0.5322265625,0.50537109375,0.5322265625,-0.49581169440290845,0,0.007876706716587462,0.50048828125,0.548828125,0.50048828125,0.548828125,-0.49261157453341253,0,0.01028830113371619,0.52783203125,0.54833984375,0.52783203125,0.54833984375,-0.5175437301162839,0,0.010013570623173138,0.4921875,0.62451171875,0.4921875,0.62451171875,-0.48217392937682685,0,UNKNOWN,UNKNOWN_OR_COVER,WOW,MiPOD,-0.4511288288826499,-0.4513019463003586,0.00017311741770870137,0,
COVER__4108.pgm,4108.pgm,COVER,0,${BOSSBASE_ROOT}\cover\4108.pgm,0.5038336956230682,0.491455078125,0.51220703125,0.491455078125,0.51220703125,0.012378617498068234,1,0.5069270470002827,0.50537109375,0.5322265625,0.50537109375,0.5322265625,0.0015559532502826823,1,0.5097415039509141,0.50048828125,0.548828125,0.50048828125,0.548828125,0.00925322270091411,1,0.5123952259463248,0.52783203125,0.54833984375,0.52783203125,0.54833984375,-0.015436805303675194,0,0.5142021113467022,0.4921875,0.62451171875,0.4921875,0.62451171875,0.02201461134670224,1,MiPOD|WOW,AMBIGUOUS,MiPOD,WOW,0.07201461134670224,0.06237861749806824,0.009635993848634006,4,"WOW,S-UNIWARD,HILL,MiPOD"
COVER__1974.pgm,1974.pgm,COVER,0,${BOSSBASE_ROOT}\cover\1974.pgm,0.012821214266594244,0.491455078125,0.51220703125,0.491455078125,0.51220703125,-0.4786338638584058,0,0.010611421330238862,0.50537109375,0.5322265625,0.50537109375,0.5322265625,-0.49475967241976115,0,0.3282063730934091,0.50048828125,0.548828125,0.50048828125,0.548828125,-0.1722819081565909,0,0.017848738449988986,0.52783203125,0.54833984375,0.52783203125,0.54833984375,-0.509983292800011,0,0.15367614144006567,0.4921875,0.62451171875,0.4921875,0.62451171875,-0.3385113585599343,0,UNKNOWN,UNKNOWN_OR_COVER,HILL,MiPOD,-0.13019481586530426,-0.30286982442929067,0.1726750085639864,0,
COVER__4946.pgm,4946.pgm,COVER,0,${BOSSBASE_ROOT}\cover\4946.pgm,0.31837917776220337,0.491455078125,0.51220703125,0.491455078125,0.51220703125,-0.17307590036279663,0,0.4462232146779532,0.50537109375,0.5322265625,0.50537109375,0.5322265625,-0.05914787907204683,0,0.00010554685795431097,0.50048828125,0.548828125,0.50048828125,0.548828125,-0.5003827343920457,0,0.5461028068686584,0.52783203125,0.54833984375,0.52783203125,0.54833984375,0.01827077561865842,1,5.864672148586656e-17,0.4921875,0.62451171875,0.4921875,0.62451171875,-0.49218749999999994,0,HUGO,ATTRIBUTED,HUGO,S-UNIWARD,0.06827077561865842,-0.012019510428946029,0.08029028604760445,1,HUGO
COVER__6913.pgm,6913.pgm,COVER,0,${BOSSBASE_ROOT}\cover\6913.pgm,0.008412977570977689,0.491455078125,0.51220703125,0.491455078125,0.51220703125,-0.4830421005540223,0,0.21883627123404897,0.50537109375,0.5322265625,0.50537109375,0.5322265625,-0.286534822515951,0,0.01124456072066409,0.50048828125,0.548828125,0.50048828125,0.548828125,-0.4892437205293359,0,0.012479699745327848,0.52783203125,0.54833984375,0.52783203125,0.54833984375,-0.5153523315046722,0,0.056966382144208905,0.4921875,0.62451171875,0.4921875,0.62451171875,-0.4352211178557911,0,UNKNOWN,UNKNOWN_OR_COVER,S-UNIWARD,MiPOD,-0.24899177595549699,-0.40286503979954386,0.15387326384404687,0,
COVER__565.pgm,565.pgm,COVER,0,${BOSSBASE_ROOT}\cover\565.pgm,0.07626996618067049,0.491455078125,0.51220703125,0.491455078125,0.51220703125,-0.4151851119443295,0,0.18757873730482394,0.50537109375,0.5322265625,0.50537109375,0.5322265625,-0.31779235644517606,0,0.5102753475341018,0.50048828125,0.548828125,0.50048828125,0.548828125,0.009787066284101753,1,0.13466207974328928,0.52783203125,0.54833984375,0.52783203125,0.54833984375,-0.39316995150671075,0,0.5286702979812377,0.4921875,0.62451171875,0.4921875,0.62451171875,0.03648279798123766,1,MiPOD|HILL,AMBIGUOUS,MiPOD,HILL,0.08648279798123766,0.059787066284101756,0.026695731697135905,2,"HILL,MiPOD"
COVER__1470.pgm,1470.pgm,COVER,0,${BOSSBASE_ROOT}\cover\1470.pgm,0.05136750838696146,0.491455078125,0.51220703125,0.491455078125,0.51220703125,-0.44008756973803853,0,0.6952345976683216,0.50537109375,0.5322265625,0.50537109375,0.5322265625,0.18986350391832163,0,0.6794977974847524,0.50048828125,0.548828125,0.50048828125,0.548828125,0.17900951623475236,0,0.009708476481474066,0.52783203125,0.54833984375,0.52783203125,0.54833984375,-0.5181235547685259,0,0.9526622845323623,0.4921875,0.62451171875,0.4921875,0.62451171875,0.46047478453236235,0,MiPOD,ATTRIBUTED,MiPOD,S-UNIWARD,0.4964875128247913,0.2323427220100123,0.26414479081477904,3,"S-UNIWARD,HILL,MiPOD"
COVER__4375.pgm,4375.pgm,COVER,0,${BOSSBASE_ROOT}\cover\4375.pgm,0.014063627043245474,0.491455078125,0.51220703125,0.491455078125,0.51220703125,-0.4773914510817545,0,0.013171949881556448,0.50537109375,0.5322265625,0.50537109375,0.5322265625,-0.49219914386844354,0,0.9005297861178929,0.50048828125,0.548828125,0.50048828125,0.548828125,0.4000415048678929,0,0.052230857101425734,0.52783203125,0.54833984375,0.52783203125,0.54833984375,-0.4756011741485743,0,0.040845715909949315,0.4921875,0.62451171875,0.4921875,0.62451171875,-0.45134178409005066,0,HILL,ATTRIBUTED,HILL,MiPOD,0.43521600332204086,-0.4195031257878578,0.8547191291098987,1,HILL
COVER__1822.pgm,1822.pgm,COVER,0,${BOSSBASE_ROOT}\cover\1822.pgm,0.010408314101072437,0.491455078125,0.51220703125,0.491455078125,0.51220703125,-0.48104676402392754,0,0.04822634158813293,0.50537109375,0.5322265625,0.50537109375,0.5322265625,-0.45714475216186706,0,0.09073548763985106,0.50048828125,0.548828125,0.50048828125,0.548828125,-0.40975279361014894,0,0.015365341441302218,0.52783203125,0.54833984375,0.52783203125,0.54833984375,-0.5124666898086978,0,0.43080575458257464,0.4921875,0.62451171875,0.4921875,0.62451171875,-0.06138174541742536,0,UNKNOWN,UNKNOWN_OR_COVER,MiPOD,HILL,-0.014358537749436573,-0.37656207716021817,0.3622035394107816,0,
COVER__5780.pgm,5780.pgm,COVER,0,${BOSSBASE_ROOT}\cover\5780.pgm,0.010735162609090678,0.491455078125,0.51220703125,0.491455078125,0.51220703125,-0.4807199155159093,0,0.01077672605008006,0.50537109375,0.5322265625,0.50537109375,0.5322265625,-0.49459436769991993,0,0.009783876017655003,0.50048828125,0.548828125,0.50048828125,0.548828125,-0.490704405232345,0,0.008711384457705508,0.52783203125,0.54833984375,0.52783203125,0.54833984375,-0.5191206467922945,0,0.009746104052554064,0.4921875,0.62451171875,0.4921875,0.62451171875,-0.48244139594744595,0,UNKNOWN,UNKNOWN_OR_COVER,WOW,MiPOD,-0.44980301149821245,-0.4515776689902522,0.001774657492039755,0,
COVER__4236.pgm,4236.pgm,COVER,0,${BOSSBASE_ROOT}\cover\4236.pgm,0.4981346216916323,0.491455078125,0.51220703125,0.491455078125,0.51220703125,0.006679543566632307,1,0.43602158788565587,0.50537109375,0.5322265625,0.50537109375,0.5322265625,-0.06934950586434413,0,0.5011510828663288,0.50048828125,0.548828125,0.50048828125,0.548828125,0.000662801616328812,1,0.47078222644324474,0.52783203125,0.54833984375,0.52783203125,0.54833984375,-0.057049804806755255,0,0.4532315972669758,0.4921875,0.62451171875,0.4921875,0.62451171875,-0.038955902733024184,0,WOW|HILL,AMBIGUOUS,WOW,HILL,0.05667954356663231,0.050662801616328815,0.006016741950303495,2,"WOW,HILL"
COVER__9210.pgm,9210.pgm,COVER,0,${BOSSBASE_ROOT}\cover\9210.pgm,0.016593177919590436,0.491455078125,0.51220703125,0.491455078125,0.51220703125,-0.4748619002054096,0,0.05592617368530503,0.50537109375,0.5322265625,0.50537109375,0.5322265625,-0.44944492006469494,0,0.7858021104335594,0.50048828125,0.548828125,0.50048828125,0.548828125,0.2853138291835594,0,0.0030753698500482337,0.52783203125,0.54833984375,0.52783203125,0.54833984375,-0.5247566613999518,0,1.0379743940846333e-12,0.4921875,0.62451171875,0.4921875,0.62451171875,-0.49218749999896205,0,HILL,ATTRIBUTED,HILL,S-UNIWARD,0.32476441986110305,-0.41754581084149006,0.742310230702593,1,HILL
COVER__4979.pgm,4979.pgm,COVER,0,${BOSSBASE_ROOT}\cover\4979.pgm,0.013795364421185227,0.491455078125,0.51220703125,0.491455078125,0.51220703125,-0.47765971370381477,0,0.010860331013277531,0.50537109375,0.5322265625,0.50537109375,0.5322265625,-0.49451076273672245,0,0.053502149195322694,0.50048828125,0.548828125,0.50048828125,0.548828125,-0.4469861320546773,0,0.011642224164666006,0.52783203125,0.54833984375,0.52783203125,0.54833984375,-0.516189807085334,0,0.20291663170748464,0.4921875,0.62451171875,0.4921875,0.62451171875,-0.28927086829251536,0,UNKNOWN,UNKNOWN_OR_COVER,MiPOD,HILL,-0.2518304008314947,-0.41500849317986477,0.16317809234837005,0,
COVER__6593.pgm,6593.pgm,COVER,0,${BOSSBASE_ROOT}\cover\6593.pgm,0.0066669319312806586,0.491455078125,0.51220703125,0.491455078125,0.51220703125,-0.48478814619371935,0,0.007176881945656949,0.50537109375,0.5322265625,0.50537109375,0.5322265625,-0.49819421180434303,0,0.009020279501402172,0.50048828125,0.548828125,0.50048828125,0.548828125,-0.49146800174859784,0,0.01971912810734659,0.52783203125,0.54833984375,0.52783203125,0.54833984375,-0.5081129031426534,0,0.03397199715737667,0.4921875,0.62451171875,0.4921875,0.62451171875,-0.45821550284262336,0,UNKNOWN,UNKNOWN_OR_COVER,MiPOD,WOW,-0.42659494408685783,-0.4539967637748802,0.027401819688022355,0,
COVER__7814.pgm,7814.pgm,COVER,0,${BOSSBASE_ROOT}\cover\7814.pgm,0.007846239292520898,0.491455078125,0.51220703125,0.491455078125,0.51220703125,-0.4836088388324791,0,0.0058426051752048505,0.50537109375,0.5322265625,0.50537109375,0.5322265625,-0.49952848857479515,0,0.009559399347091532,0.50048828125,0.548828125,0.50048828125,0.548828125,-0.49092888190290845,0,0.01020905431880827,0.52783203125,0.54833984375,0.52783203125,0.54833984375,-0.5176229769311917,0,0.009196552423046733,0.4921875,0.62451171875,0.4921875,0.62451171875,-0.48299094757695327,0,UNKNOWN,UNKNOWN_OR_COVER,MiPOD,WOW,-0.45214417717152444,-0.45278112248946956,0.0006369453179451146,0,
COVER__3407.pgm,3407.pgm,COVER,0,${BOSSBASE_ROOT}\cover\3407.pgm,0.022542965948529392,0.491455078125,0.51220703125,0.491455078125,0.51220703125,-0.4689121121764706,0,0.023286305444260233,0.50537109375,0.5322265625,0.50537109375,0.5322265625,-0.48208478830573975,0,0.18286288290610314,0.50048828125,0.548828125,0.50048828125,0.548828125,-0.31762539834389686,0,0.009783876017655003,0.52783203125,0.54833984375,0.52783203125,0.54833984375,-0.518048155232345,0,0.36003889990514726,0.4921875,0.62451171875,0.4921875,0.62451171875,-0.13214860009485274,0,UNKNOWN,UNKNOWN_OR_COVER,MiPOD,HILL,-0.08833806107487385,-0.28123162830982507,0.1928935672349512,0,
COVER__4607.pgm,4607.pgm,COVER,0,${BOSSBASE_ROOT}\cover\4607.pgm,0.6668223097540593,0.491455078125,0.51220703125,0.491455078125,0.51220703125,0.17536723162905932,0,0.1524103175158668,0.50537109375,0.5322265625,0.50537109375,0.5322265625,-0.3529607762341332,0,0.2760070054685327,0.50048828125,0.548828125,0.50048828125,0.548828125,-0.22448127578146732,0,0.077099696216148,0.52783203125,0.54833984375,0.52783203125,0.54833984375,-0.450732335033852,0,0.47755415885018215,0.4921875,0.62451171875,0.4921875,0.62451171875,-0.014633341149817847,0,WOW,ATTRIBUTED,WOW,MiPOD,0.21820446773902155,0.034640319142223285,0.18356414859679826,1,WOW
COVER__8875.pgm,8875.pgm,COVER,0,${BOSSBASE_ROOT}\cover\8875.pgm,0.5636181634322939,0.491455078125,0.51220703125,0.491455078125,0.51220703125,0.07216308530729387,0,0.42375607749213606,0.50537109375,0.5322265625,0.50537109375,0.5322265625,-0.08161501625786394,0,0.5065723448199008,0.50048828125,0.548828125,0.50048828125,0.548828125,0.006084063569900766,1,0.47078222644324474,0.52783203125,0.54833984375,0.52783203125,0.54833984375,-0.057049804806755255,0,0.48450203638545714,0.4921875,0.62451171875,0.4921875,0.62451171875,-0.0076854636145428645,0,WOW,ATTRIBUTED,WOW,HILL,0.11965748834181708,0.05608406356990077,0.06357342477191631,2,"WOW,HILL"
COVER__3520.pgm,3520.pgm,COVER,0,${BOSSBASE_ROOT}\cover\3520.pgm,0.015845361188137366,0.491455078125,0.51220703125,0.491455078125,0.51220703125,-0.47560971693686266,0,0.016979992237318317,0.50537109375,0.5322265625,0.50537109375,0.5322265625,-0.48839110151268167,0,0.011823394836370594,0.50048828125,0.548828125,0.50048828125,0.548828125,-0.48866488641362943,0,0.008881675100847034,0.52783203125,0.54833984375,0.52783203125,0.54833984375,-0.518950356149153,0,0.008315778477474129,0.4921875,0.62451171875,0.4921875,0.62451171875,-0.4838717215225259,0,UNKNOWN,UNKNOWN_OR_COVER,WOW,MiPOD,-0.44453441702765356,-0.4530521081873996,0.008517691159746044,0,
COVER__205.pgm,205.pgm,COVER,0,${BOSSBASE_ROOT}\cover\205.pgm,0.7058864104811337,0.491455078125,0.51220703125,0.491455078125,0.51220703125,0.21443133235613365,0,0.5288375895639952,0.50537109375,0.5322265625,0.50537109375,0.5322265625,0.02346649581399518,1,0.52032875333177,0.50048828125,0.548828125,0.50048828125,0.548828125,0.019840472081769978,1,0.5125629680708158,0.52783203125,0.54833984375,0.52783203125,0.54833984375,-0.015269063179184195,0,0.5020770907127363,0.4921875,0.62451171875,0.4921875,0.62451171875,0.009889590712736318,1,WOW,ATTRIBUTED,WOW,S-UNIWARD,0.2556274337780692,0.07346649581399518,0.182160937964074,4,"WOW,S-UNIWARD,HILL,MiPOD"
COVER__4935.pgm,4935.pgm,COVER,0,${BOSSBASE_ROOT}\cover\4935.pgm,0.013795364421185227,0.491455078125,0.51220703125,0.491455078125,0.51220703125,-0.47765971370381477,0,0.12189465566827874,0.50537109375,0.5322265625,0.50537109375,0.5322265625,-0.38347643808172127,0,0.020023441289455244,0.50048828125,0.548828125,0.50048828125,0.548828125,-0.48046483996054473,0,0.781163728765951,0.52783203125,0.54833984375,0.52783203125,0.54833984375,0.25333169751595097,0,4.718027606244769e-09,0.4921875,0.62451171875,0.4921875,0.62451171875,-0.4921874952819724,0,HUGO,ATTRIBUTED,HUGO,S-UNIWARD,0.29294635231214655,-0.3494020313303545,0.642348383642501,1,HUGO
COVER__4087.pgm,4087.pgm,COVER,0,${BOSSBASE_ROOT}\cover\4087.pgm,0.6732990880829703,0.491455078125,0.51220703125,0.491455078125,0.51220703125,0.18184400995797034,0,0.49518981515291655,0.50537109375,0.5322265625,0.50537109375,0.5322265625,-0.010181278597083454,0,0.5305405467895498,0.50048828125,0.548828125,0.50048828125,0.548828125,0.03005226553954976,1,0.5080254337418938,0.52783203125,0.54833984375,0.52783203125,0.54833984375,-0.019806597508106205,0,0.522430613090373,0.4921875,0.62451171875,0.4921875,0.62451171875,0.030243113090372975,1,WOW,ATTRIBUTED,WOW,MiPOD,0.22440469533107846,0.08024311309037298,0.14416158224070547,3,"WOW,HILL,MiPOD"
COVER__6236.pgm,6236.pgm,COVER,0,${BOSSBASE_ROOT}\cover\6236.pgm,0.06131153660205848,0.491455078125,0.51220703125,0.491455078125,0.51220703125,-0.43014354152294154,0,0.21551580330224449,0.50537109375,0.5322265625,0.50537109375,0.5322265625,-0.2898552904477555,0,1.3602883477442573e-06,0.50048828125,0.548828125,0.50048828125,0.548828125,-0.5004869209616523,0,0.0016166499416422906,0.52783203125,0.54833984375,0.52783203125,0.54833984375,-0.5262153813083577,0,1.1663293248709968e-16,0.4921875,0.62451171875,0.4921875,0.62451171875,-0.4921874999999999,0,UNKNOWN,UNKNOWN_OR_COVER,S-UNIWARD,WOW,-0.2524366976327851,-0.39762275520501894,0.14518605757223385,0,
COVER__6457.pgm,6457.pgm,COVER,0,${BOSSBASE_ROOT}\cover\6457.pgm,0.01077672605008006,0.491455078125,0.51220703125,0.491455078125,0.51220703125,-0.48067835207491993,0,0.009303949868393646,0.50537109375,0.5322265625,0.50537109375,0.5322265625,-0.49606714388160633,0,0.7143292172729856,0.50048828125,0.548828125,0.50048828125,0.548828125,0.2138409360229856,0,0.023286305444260233,0.52783203125,0.54833984375,0.52783203125,0.54833984375,-0.5045457258057398,0,0.8663588093010424,0.4921875,0.62451171875,0.4921875,0.62451171875,0.37417130930104237,0,MiPOD,ATTRIBUTED,MiPOD,HILL,0.41343012076292357,0.2562143828998351,0.15721573786308846,2,"HILL,MiPOD"
COVER__3396.pgm,3396.pgm,COVER,0,${BOSSBASE_ROOT}\cover\3396.pgm,0.05281402133724091,0.491455078125,0.51220703125,0.491455078125,0.51220703125,-0.4386410567877591,0,0.21850257381275515,0.50537109375,0.5322265625,0.50537109375,0.5322265625,-0.2868685199372448,0,0.5261145210255385,0.50048828125,0.548828125,0.50048828125,0.548828125,0.025626239775538462,1,0.5165192541229722,0.52783203125,0.54833984375,0.52783203125,0.54833984375,-0.011312777127027829,0,0.540529775868235,0.4921875,0.62451171875,0.4921875,0.62451171875,0.04834227586823503,1,MiPOD|HILL,AMBIGUOUS,MiPOD,HILL,0.09834227586823503,0.07562623977553846,0.022716036092696568,2,"HILL,MiPOD"
COVER__6378.pgm,6378.pgm,COVER,0,${BOSSBASE_ROOT}\cover\6378.pgm,0.022328782910109677,0.491455078125,0.51220703125,0.491455078125,0.51220703125,-0.4691262952148903,0,0.06878728913128046,0.50537109375,0.5322265625,0.50537109375,0.5322265625,-0.43658380461871954,0,0.1285251389364931,0.50048828125,0.548828125,0.50048828125,0.548828125,-0.3719631423135069,0,0.18359362263419612,0.52783203125,0.54833984375,0.52783203125,0.54833984375,-0.3442384086158039,0,0.44402227124285865,0.4921875,0.62451171875,0.4921875,0.62451171875,-0.048165228757141354,0,UNKNOWN,UNKNOWN_OR_COVER,MiPOD,HUGO,-0.0005164130083266244,-0.308800411944266,0.3082839989359394,0,
COVER__7684.pgm,7684.pgm,COVER,0,${BOSSBASE_ROOT}\cover\7684.pgm,0.009412589587609823,0.491455078125,0.51220703125,0.491455078125,0.51220703125,-0.4820424885373902,0,0.006957608807376377,0.50537109375,0.5322265625,0.50537109375,0.5322265625,-0.4984134849426236,0,0.007665874688645945,0.50048828125,0.548828125,0.50048828125,0.548828125,-0.49282240656135406,0,0.007232763803479049,0.52783203125,0.54833984375,0.52783203125,0.54833984375,-0.520599267446521,0,0.007489624898808396,0.4921875,0.62451171875,0.4921875,0.62451171875,-0.4846978751011916,0,UNKNOWN,UNKNOWN_OR_COVER,WOW,MiPOD,-0.4511664473548567,-0.4539037129851598,0.0027372656303030762,0,
COVER__5097.pgm,5097.pgm,COVER,0,${BOSSBASE_ROOT}\cover\5097.pgm,0.008544330693441928,0.491455078125,0.51220703125,0.491455078125,0.51220703125,-0.4829107474315581,0,0.009449081319055452,0.50537109375,0.5322265625,0.50537109375,0.5322265625,-0.4959220124309445,0,0.008677716704989246,0.50048828125,0.548828125,0.50048828125,0.548828125,-0.49181056454501076,0,0.008847355082930386,0.52783203125,0.54833984375,0.52783203125,0.54833984375,-0.5189846761670696,0,0.011508149064303403,0.4921875,0.62451171875,0.4921875,0.62451171875,-0.4806793509356966,0,UNKNOWN,UNKNOWN_OR_COVER,MiPOD,WOW,-0.44976119276132975,-0.4520615030114509,0.0023003102501211736,0,
COVER__6602.pgm,6602.pgm,COVER,0,${BOSSBASE_ROOT}\cover\6602.pgm,0.5765419743991188,0.491455078125,0.51220703125,0.491455078125,0.51220703125,0.0850868962741188,0,0.5321820112760233,0.50537109375,0.5322265625,0.50537109375,0.5322265625,0.02681091752602327,1,0.5271491746206981,0.50048828125,0.548828125,0.50048828125,0.548828125,0.026660893370698102,1,0.5560379980732834,0.52783203125,0.54833984375,0.52783203125,0.54833984375,0.028205966823283357,0,0.5097567569388558,0.4921875,0.62451171875,0.4921875,0.62451171875,0.017569256938855804,1,WOW,ATTRIBUTED,WOW,HUGO,0.1319714399637371,0.07782253685221753,0.05414890311151958,5,"WOW,S-UNIWARD,HILL,HUGO,MiPOD"
COVER__2487.pgm,2487.pgm,COVER,0,${BOSSBASE_ROOT}\cover\2487.pgm,0.009898063716023652,0.491455078125,0.51220703125,0.491455078125,0.51220703125,-0.48155701440897636,0,0.06142404005467019,0.50537109375,0.5322265625,0.50537109375,0.5322265625,-0.44394705369532983,0,0.007876706716587462,0.50048828125,0.548828125,0.50048828125,0.548828125,-0.49261157453341253,0,0.010693757736175492,0.52783203125,0.54833984375,0.52783203125,0.54833984375,-0.5171382735138245,0,0.025613914569977976,0.4921875,0.62451171875,0.4921875,0.62451171875,-0.46657358543002203,0,UNKNOWN,UNKNOWN_OR_COVER,S-UNIWARD,MiPOD,-0.411872084447827,-0.4352162125191585,0.02334412807133146,0,
COVER__4430.pgm,4430.pgm,COVER,0,${BOSSBASE_ROOT}\cover\4430.pgm,0.012576348276879083,0.491455078125,0.51220703125,0.491455078125,0.51220703125,-0.4788787298481209,0,0.010328152519305191,0.50537109375,0.5322265625,0.50537109375,0.5322265625,-0.4950429412306948,0,0.02800752060598813,0.50048828125,0.548828125,0.50048828125,0.548828125,-0.4724807606440119,0,0.013376603227377451,0.52783203125,0.54833984375,0.52783203125,0.54833984375,-0.5144554280226226,0,0.03161876726864548,0.4921875,0.62451171875,0.4921875,0.62451171875,-0.4605687327313545,0,UNKNOWN,UNKNOWN_OR_COVER,MiPOD,HILL,-0.4290224969357477,-0.4413080752015144,0.012285578265766706,0,
COVER__2174.pgm,2174.pgm,COVER,0,${BOSSBASE_ROOT}\cover\2174.pgm,0.012920473039078976,0.491455078125,0.51220703125,0.491455078125,0.51220703125,-0.47853460508592105,0,0.0968765405938641,0.50537109375,0.5322265625,0.50537109375,0.5322265625,-0.4084945531561359,0,0.012194133037590526,0.50048828125,0.548828125,0.50048828125,0.548828125,-0.48829414821240946,0,0.009340024385054083,0.52783203125,0.54833984375,0.52783203125,0.54833984375,-0.5184920068649459,0,0.013955710398273338,0.4921875,0.62451171875,0.4921875,0.62451171875,-0.4782317896017267,0,UNKNOWN,UNKNOWN_OR_COVER,S-UNIWARD,MiPOD,-0.37526204851979,-0.447237864654807,0.07197581613501702,0,
COVER__5265.pgm,5265.pgm,COVER,0,${BOSSBASE_ROOT}\cover\5265.pgm,0.5381641503305545,0.491455078125,0.51220703125,0.491455078125,0.51220703125,0.046709072205554536,0,0.48405996888018443,0.50537109375,0.5322265625,0.50537109375,0.5322265625,-0.021311124869815568,0,0.49389678752183164,0.50048828125,0.548828125,0.50048828125,0.548828125,-0.006591493728168363,0,0.8531803039554275,0.52783203125,0.54833984375,0.52783203125,0.54833984375,0.32534827270542754,0,0.532941714877579,0.4921875,0.62451171875,0.4921875,0.62451171875,0.04075421487757902,1,HUGO,ATTRIBUTED,HUGO,WOW,0.3622103219196692,0.0954279157500067,0.2667824061696625,3,"WOW,HUGO,MiPOD"
COVER__4358.pgm,4358.pgm,COVER,0,${BOSSBASE_ROOT}\cover\4358.pgm,0.011961098249809548,0.491455078125,0.51220703125,0.491455078125,0.51220703125,-0.47949397987519043,0,0.009412589587609823,0.50537109375,0.5322265625,0.50537109375,0.5322265625,-0.4959585041623902,0,0.01124456072066409,0.50048828125,0.548828125,0.50048828125,0.548828125,-0.4892437205293359,0,0.007260866498285615,0.52783203125,0.54833984375,0.52783203125,0.54833984375,-0.5205711647517144,0,0.01191502196714824,0.4921875,0.62451171875,0.4921875,0.62451171875,-0.4802724780328518,0,UNKNOWN,UNKNOWN_OR_COVER,WOW,MiPOD,-0.4485391504806719,-0.4493417375381889,0.0008025870575170124,0,
COVER__1673.pgm,1673.pgm,COVER,0,${BOSSBASE_ROOT}\cover\1673.pgm,0.13050689140308577,0.491455078125,0.51220703125,0.491455078125,0.51220703125,-0.3609481867219142,0,0.0005636750731053124,0.50537109375,0.5322265625,0.50537109375,0.5322265625,-0.5048074186768947,0,0.12357700352382259,0.50048828125,0.548828125,0.50048828125,0.548828125,-0.3769112777261774,0,0.014227046103179024,0.52783203125,0.54833984375,0.52783203125,0.54833984375,-0.513604985146821,0,0.0017477857726837607,0.4921875,0.62451171875,0.4921875,0.62451171875,-0.49043971422731625,0,UNKNOWN,UNKNOWN_OR_COVER,WOW,HILL,-0.32609743111345835,-0.34261243109470385,0.016514999981245504,0,
COVER__2022.pgm,2022.pgm,COVER,0,${BOSSBASE_ROOT}\cover\2022.pgm,0.009898063716023652,0.491455078125,0.51220703125,0.491455078125,0.51220703125,-0.48155701440897636,0,0.007093861878911533,0.50537109375,0.5322265625,0.50537109375,0.5322265625,-0.49827723187108847,0,0.0143370304240108,0.50048828125,0.548828125,0.50048828125,0.548828125,-0.4861512508259892,0,0.007577241267860811,0.52783203125,0.54833984375,0.52783203125,0.54833984375,-0.5202547899821391,0,0.01368947769627449,0.4921875,0.62451171875,0.4921875,0.62451171875,-0.4784980223037255,0,UNKNOWN,UNKNOWN_OR_COVER,MiPOD,WOW,-0.4475123478548651,-0.45066598006816017,0.0031536322132950656,0,
COVER__3833.pgm,3833.pgm,COVER,0,${BOSSBASE_ROOT}\cover\3833.pgm,0.4848374141571797,0.491455078125,0.51220703125,0.491455078125,0.51220703125,-0.00661766396782032,0,0.49395399953482066,0.50537109375,0.5322265625,0.50537109375,0.5322265625,-0.011417094215179335,0,0.5060116731812857,0.50048828125,0.548828125,0.50048828125,0.548828125,0.005523391931285704,1,0.4992938046382857,0.52783203125,0.54833984375,0.52783203125,0.54833984375,-0.02853822661171429,0,0.5069690005673757,0.4921875,0.62451171875,0.4921875,0.62451171875,0.014781500567375705,1,MiPOD|HILL,AMBIGUOUS,MiPOD,HILL,0.06478150056737571,0.05552339193128571,0.009258108636090001,2,"HILL,MiPOD"
COVER__9511.pgm,9511.pgm,COVER,0,${BOSSBASE_ROOT}\cover\9511.pgm,0.009746104052554064,0.491455078125,0.51220703125,0.491455078125,0.51220703125,-0.48170897407244595,0,0.011331753531361453,0.50537109375,0.5322265625,0.50537109375,0.5322265625,-0.49403934021863855,0,0.009485713170795206,0.50048828125,0.548828125,0.50048828125,0.548828125,-0.4910025680792048,0,0.012920473039078976,0.52783203125,0.54833984375,0.52783203125,0.54833984375,-0.514911558210921,0,0.009196552423046733,0.4921875,0.62451171875,0.4921875,0.62451171875,-0.48299094757695327,0,UNKNOWN,UNKNOWN_OR_COVER,WOW,MiPOD,-0.45082263356616664,-0.45214417717152444,0.0013215436053578,0,
COVER__6330.pgm,6330.pgm,COVER,0,${BOSSBASE_ROOT}\cover\6330.pgm,0.5035647741931801,0.491455078125,0.51220703125,0.491455078125,0.51220703125,0.012109696068180131,1,0.5072016503692035,0.50537109375,0.5322265625,0.50537109375,0.5322265625,0.001830556619203505,1,0.5053632586456867,0.50048828125,0.548828125,0.50048828125,0.548828125,0.004874977395686653,1,0.49006783501266804,0.52783203125,0.54833984375,0.52783203125,0.54833984375,-0.03776419623733196,0,0.49451849964753103,0.4921875,0.62451171875,0.4921875,0.62451171875,0.002330999647531029,1,WOW|HILL,AMBIGUOUS,WOW,HILL,0.062109696068180134,0.054874977395686655,0.007234718672493479,4,"WOW,S-UNIWARD,HILL,MiPOD"
COVER__5320.pgm,5320.pgm,COVER,0,${BOSSBASE_ROOT}\cover\5320.pgm,0.012194133037590526,0.491455078125,0.51220703125,0.491455078125,0.51220703125,-0.47926094508740946,0,0.011115013721477563,0.50537109375,0.5322265625,0.50537109375,0.5322265625,-0.49425608002852245,0,0.010013570623173138,0.50048828125,0.548828125,0.50048828125,0.548828125,-0.49047471062682685,0,0.009020279501402172,0.52783203125,0.54833984375,0.52783203125,0.54833984375,-0.5188117517485978,0,0.008511303026562552,0.4921875,0.62451171875,0.4921875,0.62451171875,-0.48367619697343744,0,UNKNOWN,UNKNOWN_OR_COVER,WOW,MiPOD,-0.4482989013002226,-0.4528505570581578,0.004551655757935202,0,
COVER__9138.pgm,9138.pgm,COVER,0,${BOSSBASE_ROOT}\cover\9138.pgm,0.010448625445116808,0.491455078125,0.51220703125,0.491455078125,0.51220703125,-0.4810064526798832,0,0.023286305444260233,0.50537109375,0.5322265625,0.50537109375,0.5322265625,-0.48208478830573975,0,0.020685459290040977,0.50048828125,0.548828125,0.50048828125,0.548828125,-0.47980282195995905,0,0.024892801423415354,0.52783203125,0.54833984375,0.52783203125,0.54833984375,-0.5029392298265847,0,0.15291561784917637,0.4921875,0.62451171875,0.4921875,0.62451171875,-0.3392718821508236,0,UNKNOWN,UNKNOWN_OR_COVER,MiPOD,HILL,-0.3036574439428516,-0.4488575512433474,0.14520010730049582,0,
COVER__216.pgm,216.pgm,COVER,0,${BOSSBASE_ROOT}\cover\216.pgm,0.05675689645649191,0.491455078125,0.51220703125,0.491455078125,0.51220703125,-0.4346981816685081,0,0.4278747694917358,0.50537109375,0.5322265625,0.50537109375,0.5322265625,-0.0774963242582642,0,0.5503052974801939,0.50048828125,0.548828125,0.50048828125,0.548828125,0.049817016230193856,0,0.5563393198831574,0.52783203125,0.54833984375,0.52783203125,0.54833984375,0.028507288633157435,0,0.45950054133949325,0.4921875,0.62451171875,0.4921875,0.62451171875,-0.03268695866050675,0,HILL|HUGO,AMBIGUOUS,HILL,HUGO,0.0997432121302971,0.07810891035964862,0.021634301770648484,2,"HILL,HUGO"
COVER__658.pgm,658.pgm,COVER,0,${BOSSBASE_ROOT}\cover\658.pgm,0.05520868732406192,0.491455078125,0.51220703125,0.491455078125,0.51220703125,-0.4362463908009381,0,0.7967672836747012,0.50537109375,0.5322265625,0.50537109375,0.5322265625,0.2913961899247012,0,0.5226894844072489,0.50048828125,0.548828125,0.50048828125,0.548828125,0.02220120315724894,1,0.36863295421433606,0.52783203125,0.54833984375,0.52783203125,0.54833984375,-0.15919907703566394,0,0.4630193139720559,0.4921875,0.62451171875,0.4921875,0.62451171875,-0.029168186027944076,0,S-UNIWARD,ATTRIBUTED,S-UNIWARD,HILL,0.3297741095422906,0.07220120315724894,0.25757290638504166,2,"S-UNIWARD,HILL"
COVER__2839.pgm,2839.pgm,COVER,0,${BOSSBASE_ROOT}\cover\2839.pgm,0.008030813216260063,0.491455078125,0.51220703125,0.491455078125,0.51220703125,-0.4834242649087399,0,0.010735162609090678,0.50537109375,0.5322265625,0.50537109375,0.5322265625,-0.4946359311409093,0,0.011463797377996032,0.50048828125,0.548828125,0.50048828125,0.548828125,-0.489024483872004,0,0.007489624898808396,0.52783203125,0.54833984375,0.52783203125,0.54833984375,-0.5203424063511916,0,0.008061991528271641,0.4921875,0.62451171875,0.4921875,0.62451171875,-0.48412550847172836,0,UNKNOWN,UNKNOWN_OR_COVER,WOW,MiPOD,-0.4525908580480205,-0.453313715759818,0.0007228577117974755,0,
COVER__8905.pgm,8905.pgm,COVER,0,${BOSSBASE_ROOT}\cover\8905.pgm,0.4709495032497546,0.491455078125,0.51220703125,0.491455078125,0.51220703125,-0.020505574875245403,0,0.4996008873833507,0.50537109375,0.5322265625,0.50537109375,0.5322265625,-0.005770206366649322,0,0.500080704688325,0.50048828125,0.548828125,0.50048828125,0.548828125,-0.0004075765616750049,0,0.5259775645790866,0.52783203125,0.54833984375,0.52783203125,0.54833984375,-0.0018544666709133795,0,0.5054319151944832,0.4921875,0.62451171875,0.4921875,0.62451171875,0.013244415194483161,1,MiPOD|HILL,AMBIGUOUS,MiPOD,HILL,0.06324441519448316,0.04957204876264343,0.013672366431839736,1,MiPOD
COVER__7773.pgm,7773.pgm,COVER,0,${BOSSBASE_ROOT}\cover\7773.pgm,0.010091315485195006,0.491455078125,0.51220703125,0.491455078125,0.51220703125,-0.481363762639805,0,0.009783876017655003,0.50537109375,0.5322265625,0.50537109375,0.5322265625,-0.495587217732345,0,0.008985428752560176,0.50048828125,0.548828125,0.50048828125,0.548828125,-0.4915028524974398,0,0.008644177936723585,0.52783203125,0.54833984375,0.52783203125,0.54833984375,-0.5191878533132764,0,0.008315778477474129,0.4921875,0.62451171875,0.4921875,0.62451171875,-0.4838717215225259,0,UNKNOWN,UNKNOWN_OR_COVER,WOW,MiPOD,-0.4504667579750817,-0.4530521081873996,0.0025853502123179273,0,
COVER__1638.pgm,1638.pgm,COVER,0,${BOSSBASE_ROOT}\cover\1638.pgm,0.009196552423046733,0.491455078125,0.51220703125,0.491455078125,0.51220703125,-0.48225852570195327,0,0.008544330693441928,0.50537109375,0.5322265625,0.50537109375,0.5322265625,-0.4968267630565581,0,0.007066400963249157,0.50048828125,0.548828125,0.50048828125,0.548828125,-0.4934218802867508,0,0.008610767667510729,0.52783203125,0.54833984375,0.52783203125,0.54833984375,-0.5192212635824893,0,0.00881316650304586,0.4921875,0.62451171875,0.4921875,0.62451171875,-0.48337433349695413,0,UNKNOWN,UNKNOWN_OR_COVER,WOW,MiPOD,-0.4513891541713375,-0.4525393870422633,0.0011502328709258047,0,
COVER__4899.pgm,4899.pgm,COVER,0,${BOSSBASE_ROOT}\cover\4899.pgm,0.01013041166358438,0.491455078125,0.51220703125,0.491455078125,0.51220703125,-0.48132466646141564,0,0.007725534397423479,0.50537109375,0.5322265625,0.50537109375,0.5322265625,-0.49764555935257654,0,0.007636216494667212,0.50048828125,0.548828125,0.50048828125,0.548828125,-0.4928520647553328,0,0.008711384457705508,0.52783203125,0.54833984375,0.52783203125,0.54833984375,-0.5191206467922945,0,0.009376237450848677,0.4921875,0.62451171875,0.4921875,0.62451171875,-0.4828112625491513,0,UNKNOWN,UNKNOWN_OR_COVER,WOW,MiPOD,-0.45042645381827273,-0.4519589489429244,0.001532495124651645,0,
COVER__9900.pgm,9900.pgm,COVER,0,${BOSSBASE_ROOT}\cover\9900.pgm,0.011687257995694434,0.491455078125,0.51220703125,0.491455078125,0.51220703125,-0.4797678201293056,0,0.008916127052872005,0.50537109375,0.5322265625,0.50537109375,0.5322265625,-0.496454966697128,0,0.014009566286403145,0.50048828125,0.548828125,0.50048828125,0.548828125,-0.48647871496359685,0,0.009196552423046733,0.52783203125,0.54833984375,0.52783203125,0.54833984375,-0.5186354788269533,0,0.008916127052872005,0.4921875,0.62451171875,0.4921875,0.62451171875,-0.483271372947128,0,UNKNOWN,UNKNOWN_OR_COVER,WOW,MiPOD,-0.4488214662526126,-0.45243325154595204,0.0036117852933394423,0,
COVER__607.pgm,607.pgm,COVER,0,${BOSSBASE_ROOT}\cover\607.pgm,0.5149567790659224,0.491455078125,0.51220703125,0.491455078125,0.51220703125,0.02350170094092241,0,0.5059849741434991,0.50537109375,0.5322265625,0.50537109375,0.5322265625,0.0006138803934990777,1,0.5061146548616332,0.50048828125,0.548828125,0.50048828125,0.548828125,0.005626373611633206,1,4.235583571622557e-12,0.52783203125,0.54833984375,0.52783203125,0.54833984375,-0.5278320312457644,0,0.5326378515691209,0.4921875,0.62451171875,0.4921875,0.62451171875,0.04045035156912091,1,MiPOD|WOW,AMBIGUOUS,MiPOD,WOW,0.09045035156912092,0.07336440240481198,0.01708594916430893,4,"WOW,S-UNIWARD,HILL,MiPOD"
COVER__6291.pgm,6291.pgm,COVER,0,${BOSSBASE_ROOT}\cover\6291.pgm,0.5116861038401236,0.491455078125,0.51220703125,0.491455078125,0.51220703125,0.020231025715123585,1,0.4962826460090221,0.50537109375,0.5322265625,0.50537109375,0.5322265625,-0.00908844774097789,0,0.5047224547830615,0.50048828125,0.548828125,0.50048828125,0.548828125,0.004234173533061547,1,0.508002551438194,0.52783203125,0.54833984375,0.52783203125,0.54833984375,-0.01982947981180605,0,0.4948388979128565,0.4921875,0.62451171875,0.4921875,0.62451171875,0.0026513979128565124,1,WOW|HILL,AMBIGUOUS,WOW,HILL,0.07023102571512359,0.05423417353306155,0.015996852182062038,3,"WOW,HILL,MiPOD"
COVER__2423.pgm,2423.pgm,COVER,0,${BOSSBASE_ROOT}\cover\2423.pgm,0.12765262532179067,0.491455078125,0.51220703125,0.491455078125,0.51220703125,-0.36380245280320933,0,0.595610168513853,0.50537109375,0.5322265625,0.50537109375,0.5322265625,0.09023907476385296,0,0.12199922195455787,0.50048828125,0.548828125,0.50048828125,0.548828125,-0.37848905929544213,0,0.1647850974181823,0.52783203125,0.54833984375,0.52783203125,0.54833984375,-0.3630469338318177,0,3.822911232549001e-05,0.4921875,0.62451171875,0.4921875,0.62451171875,-0.4921492708876745,0,S-UNIWARD,ATTRIBUTED,S-UNIWARD,HUGO,0.1371682426839314,-0.32826924444539207,0.4654374871293235,1,S-UNIWARD
COVER__660.pgm,660.pgm,COVER,0,${BOSSBASE_ROOT}\cover\660.pgm,0.5300996691306218,0.491455078125,0.51220703125,0.491455078125,0.51220703125,0.03864459100562179,0,0.5207857431670175,0.50537109375,0.5322265625,0.50537109375,0.5322265625,0.015414649417017534,1,0.48870278972642317,0.50048828125,0.548828125,0.50048828125,0.548828125,-0.01178549152357683,0,0.6557770363505423,0.52783203125,0.54833984375,0.52783203125,0.54833984375,0.1279450051005423,0,0.9353465116437761,0.4921875,0.62451171875,0.4921875,0.62451171875,0.44315901164377614,0,MiPOD,ATTRIBUTED,MiPOD,HUGO,0.4798007584141825,0.17285165160419635,0.30694910680998616,4,"WOW,S-UNIWARD,HUGO,MiPOD"
COVER__2365.pgm,2365.pgm,COVER,0,${BOSSBASE_ROOT}\cover\2365.pgm,0.011201213376078314,0.491455078125,0.51220703125,0.491455078125,0.51220703125,-0.4802538647489217,0,0.007176881945656949,0.50537109375,0.5322265625,0.50537109375,0.5322265625,-0.49819421180434303,0,0.008610767667510729,0.50048828125,0.548828125,0.50048828125,0.548828125,-0.49187751358248927,0,0.007232763803479049,0.52783203125,0.54833984375,0.52783203125,0.54833984375,-0.520599267446521,0,0.010652510839726164,0.4921875,0.62451171875,0.4921875,0.62451171875,-0.4815349891602738,0,UNKNOWN,UNKNOWN_OR_COVER,WOW,MiPOD,-0.44932254852624576,-0.45064327442925073,0.0013207259030049712,0,
COVER__2504.pgm,2504.pgm,COVER,0,${BOSSBASE_ROOT}\cover\2504.pgm,0.011072160183234295,0.491455078125,0.51220703125,0.491455078125,0.51220703125,-0.4803829179417657,0,0.024563088772028722,0.50537109375,0.5322265625,0.50537109375,0.5322265625,-0.48080800497797127,0,0.00952248567033666,0.50048828125,0.548828125,0.50048828125,0.548828125,-0.49096579557966336,0,0.014615670100635955,0.52783203125,0.54833984375,0.52783203125,0.54833984375,-0.5132163611493641,0,0.01652955655765428,0.4921875,0.62451171875,0.4921875,0.62451171875,-0.47565794344234574,0,UNKNOWN,UNKNOWN_OR_COVER,MiPOD,WOW,-0.4445841421501213,-0.4494555932466419,0.004871451096520596,0,
COVER__5961.pgm,5961.pgm,COVER,0,${BOSSBASE_ROOT}\cover\5961.pgm,0.012336100420869755,0.491455078125,0.51220703125,0.491455078125,0.51220703125,-0.47911897770413026,0,0.011375600238837661,0.50537109375,0.5322265625,0.50537109375,0.5322265625,-0.49399549351116234,0,0.011331753531361453,0.50048828125,0.548828125,0.50048828125,0.548828125,-0.48915652771863855,0,0.009936418705946226,0.52783203125,0.54833984375,0.52783203125,0.54833984375,-0.5178956125440538,0,0.009746104052554064,0.4921875,0.62451171875,0.4921875,0.62451171875,-0.48244139594744595,0,UNKNOWN,UNKNOWN_OR_COVER,WOW,MiPOD,-0.4481525380045753,-0.4515776689902522,0.0034251309856769274,0,
COVER__4172.pgm,4172.pgm,COVER,0,${BOSSBASE_ROOT}\cover\4172.pgm,0.5011520365355865,0.491455078125,0.51220703125,0.491455078125,0.51220703125,0.009696958410586487,1,0.5496708340614939,0.50537109375,0.5322265625,0.50537109375,0.5322265625,0.04429974031149386,0,0.49549877883141724,0.50048828125,0.548828125,0.50048828125,0.548828125,-0.0049895024185827586,0,0.41917235542073045,0.52783203125,0.54833984375,0.52783203125,0.54833984375,-0.10865967582926955,0,0.5353717228585209,0.4921875,0.62451171875,0.4921875,0.62451171875,0.04318422285852086,1,S-UNIWARD|MiPOD,AMBIGUOUS,S-UNIWARD,MiPOD,0.09343509025477792,0.09318422285852086,0.0002508673962570568,3,"WOW,S-UNIWARD,MiPOD"
COVER__3290.pgm,3290.pgm,COVER,0,${BOSSBASE_ROOT}\cover\3290.pgm,0.5208923691514835,0.491455078125,0.51220703125,0.491455078125,0.51220703125,0.029437291026483514,0,0.5099702968496492,0.50537109375,0.5322265625,0.50537109375,0.5322265625,0.0045992030996492295,1,0.519277548849628,0.50048828125,0.548828125,0.50048828125,0.548828125,0.018789267599627957,1,0.507262672755807,0.52783203125,0.54833984375,0.52783203125,0.54833984375,-0.020569358494192946,0,0.5120978580697969,0.4921875,0.62451171875,0.4921875,0.62451171875,0.019910358069796907,1,WOW|MiPOD,AMBIGUOUS,WOW,MiPOD,0.07900490456077808,0.06991035806979691,0.009094546490981167,4,"WOW,S-UNIWARD,HILL,MiPOD"
COVER__5095.pgm,5095.pgm,COVER,0,${BOSSBASE_ROOT}\cover\5095.pgm,0.009196552423046733,0.491455078125,0.51220703125,0.491455078125,0.51220703125,-0.48225852570195327,0,0.01052971212461742,0.50537109375,0.5322265625,0.50537109375,0.5322265625,-0.4948413816253826,0,0.013121271126550956,0.50048828125,0.548828125,0.50048828125,0.548828125,-0.487367010123449,0,0.006564249220774553,0.52783203125,0.54833984375,0.52783203125,0.54833984375,-0.5212677820292254,0,0.008985428752560176,0.4921875,0.62451171875,0.4921875,0.62451171875,-0.4832020712474398,0,UNKNOWN,UNKNOWN_OR_COVER,WOW,MiPOD,-0.4513891541713375,-0.4523618126379803,0.0009726584666427951,0,
COVER__6014.pgm,6014.pgm,COVER,0,${BOSSBASE_ROOT}\cover\6014.pgm,0.007518718061432194,0.491455078125,0.51220703125,0.491455078125,0.51220703125,-0.4839363600635678,0,0.009974920824078675,0.50537109375,0.5322265625,0.50537109375,0.5322265625,-0.4953961729259213,0,0.009161026922093826,0.50048828125,0.548828125,0.50048828125,0.548828125,-0.4913272543279062,0,0.008380453351026062,0.52783203125,0.54833984375,0.52783203125,0.54833984375,-0.5194515778989739,0,0.007606672164523265,0.4921875,0.62451171875,0.4921875,0.62451171875,-0.48458082783547674,0,UNKNOWN,UNKNOWN_OR_COVER,WOW,MiPOD,-0.4531187387989001,-0.45378306113602007,0.0006643223371199936,0,
COVER__723.pgm,723.pgm,COVER,0,${BOSSBASE_ROOT}\cover\723.pgm,0.47364201056243305,0.491455078125,0.51220703125,0.491455078125,0.51220703125,-0.017813067562566953,0,0.5118004816297276,0.50537109375,0.5322265625,0.50537109375,0.5322265625,0.006429387879727577,1,0.4899229345545223,0.50048828125,0.548828125,0.50048828125,0.548828125,-0.010565346695477706,0,0.4760772396868956,0.52783203125,0.54833984375,0.52783203125,0.54833984375,-0.05175479156310442,0,0.5031718782264479,0.4921875,0.62451171875,0.4921875,0.62451171875,0.010984378226447933,1,MiPOD|S-UNIWARD,AMBIGUOUS,MiPOD,S-UNIWARD,0.060984378226447936,0.05642938787972758,0.004554990346720356,2,"S-UNIWARD,MiPOD"
COVER__3351.pgm,3351.pgm,COVER,0,${BOSSBASE_ROOT}\cover\3351.pgm,0.014009566286403145,0.491455078125,0.51220703125,0.491455078125,0.51220703125,-0.47744551183859685,0,0.013636835281429876,0.50537109375,0.5322265625,0.50537109375,0.5322265625,-0.4917342584685701,0,0.01672114370544215,0.50048828125,0.548828125,0.50048828125,0.548828125,-0.48376713754455786,0,0.01646617504750254,0.52783203125,0.54833984375,0.52783203125,0.54833984375,-0.5113658562024974,0,0.017986209962091555,0.4921875,0.62451171875,0.4921875,0.62451171875,-0.47420129003790845,0,UNKNOWN,UNKNOWN_OR_COVER,MiPOD,WOW,-0.44308219200442606,-0.4464272074744585,0.003345015470032464,0,
COVER__1093.pgm,1093.pgm,COVER,0,${BOSSBASE_ROOT}\cover\1093.pgm,0.009412589587609823,0.491455078125,0.51220703125,0.491455078125,0.51220703125,-0.4820424885373902,0,0.008412977570977689,0.50537109375,0.5322265625,0.50537109375,0.5322265625,-0.4969581161790223,0,0.022586042786347342,0.50048828125,0.548828125,0.50048828125,0.548828125,-0.47790223846365265,0,0.006265533775839072,0.52783203125,0.54833984375,0.52783203125,0.54833984375,-0.521566497474161,0,0.05823862531097581,0.4921875,0.62451171875,0.4921875,0.62451171875,-0.4339488746890242,0,UNKNOWN,UNKNOWN_OR_COVER,MiPOD,HILL,-0.40155160563664083,-0.44689809775027706,0.04534649211363623,0,
COVER__51.pgm,51.pgm,COVER,0,${BOSSBASE_ROOT}\cover\51.pgm,0.012821214266594244,0.491455078125,0.51220703125,0.491455078125,0.51220703125,-0.4786338638584058,0,0.016277460912713496,0.50537109375,0.5322265625,0.50537109375,0.5322265625,-0.4890936328372865,0,0.040087358371065335,0.50048828125,0.548828125,0.50048828125,0.548828125,-0.46040092287893464,0,0.041617797774438206,0.52783203125,0.54833984375,0.52783203125,0.54833984375,-0.4862142334755618,0,0.21255875527247137,0.4921875,0.62451171875,0.4921875,0.62451171875,-0.27962874472752863,0,UNKNOWN,UNKNOWN_OR_COVER,MiPOD,HILL,-0.24182552561522602,-0.4288493928699564,0.18702386725473036,0,
COVER__9688.pgm,9688.pgm,COVER,0,${BOSSBASE_ROOT}\cover\9688.pgm,0.012673735693033067,0.491455078125,0.51220703125,0.491455078125,0.51220703125,-0.4787813424319669,0,0.012194133037590526,0.50537109375,0.5322265625,0.50537109375,0.5322265625,-0.49317696071240946,0,0.009821792919693043,0.50048828125,0.548828125,0.50048828125,0.548828125,-0.49066648833030696,0,0.008950711436881996,0.52783203125,0.54833984375,0.52783203125,0.54833984375,-0.518881319813118,0,0.012431650853185818,0.4921875,0.62451171875,0.4921875,0.62451171875,-0.4797558491468142,0,UNKNOWN,UNKNOWN_OR_COVER,WOW,MiPOD,-0.4478044456048678,-0.4488091248096434,0.0010046792047755937,0,
COVER__7621.pgm,7621.pgm,COVER,0,${BOSSBASE_ROOT}\cover\7621.pgm,0.014842417234248268,0.491455078125,0.51220703125,0.491455078125,0.51220703125,-0.4766126608907517,0,0.012288597529701977,0.50537109375,0.5322265625,0.50537109375,0.5322265625,-0.49308249622029804,0,0.0283283119798864,0.50048828125,0.548828125,0.50048828125,0.548828125,-0.4721599692701136,0,0.27493500745879684,0.52783203125,0.54833984375,0.52783203125,0.54833984375,-0.25289702379120316,0,0.09636510472498538,0.4921875,0.62451171875,0.4921875,0.62451171875,-0.3958223952750146,0,UNKNOWN,UNKNOWN_OR_COVER,HUGO,MiPOD,-0.2140696316082295,-0.362166083488933,0.14809645188070347,0,
COVER__4248.pgm,4248.pgm,COVER,0,${BOSSBASE_ROOT}\cover\4248.pgm,0.4960938294709195,0.491455078125,0.51220703125,0.491455078125,0.51220703125,0.004638751345919512,1,0.5004432200224592,0.50537109375,0.5322265625,0.50537109375,0.5322265625,-0.004927873727540777,0,0.5040473053985279,0.50048828125,0.548828125,0.50048828125,0.548828125,0.003559024148527934,1,0.4915550634142515,0.52783203125,0.54833984375,0.52783203125,0.54833984375,-0.03627696783574852,0,0.4795036797379416,0.4921875,0.62451171875,0.4921875,0.62451171875,-0.012683820262058387,0,WOW|HILL,AMBIGUOUS,WOW,HILL,0.054638751345919515,0.05355902414852794,0.0010797271973915779,2,"WOW,HILL"
COVER__7184.pgm,7184.pgm,COVER,0,${BOSSBASE_ROOT}\cover\7184.pgm,0.008511303026562552,0.491455078125,0.51220703125,0.491455078125,0.51220703125,-0.48294377509843744,0,0.012479699745327848,0.50537109375,0.5322265625,0.50537109375,0.5322265625,-0.49289139400467213,0,0.008283626886030505,0.50048828125,0.548828125,0.50048828125,0.548828125,-0.4922046543639695,0,0.008380453351026062,0.52783203125,0.54833984375,0.52783203125,0.54833984375,-0.5194515778989739,0,0.007999754508377905,0.4921875,0.62451171875,0.4921875,0.62451171875,-0.4841877454916221,0,UNKNOWN,UNKNOWN_OR_COVER,WOW,MiPOD,-0.4520955495400731,-0.453377870354195,0.00128232081412194,0,
COVER__9033.pgm,9033.pgm,COVER,0,${BOSSBASE_ROOT}\cover\9033.pgm,0.14645309221797823,0.491455078125,0.51220703125,0.491455078125,0.51220703125,-0.3450019859070218,0,0.5149796467373603,0.50537109375,0.5322265625,0.50537109375,0.5322265625,0.009608552987360297,1,0.4915703178583306,0.50048828125,0.548828125,0.50048828125,0.548828125,-0.008917963391669392,0,0.505748495478962,0.52783203125,0.54833984375,0.52783203125,0.54833984375,-0.022083535771038054,0,0.44833569159120645,0.4921875,0.62451171875,0.4921875,0.62451171875,-0.04385180840879355,0,S-UNIWARD|HILL,AMBIGUOUS,S-UNIWARD,HILL,0.0596085529873603,0.04063812079329168,0.018970432194068618,1,S-UNIWARD
COVER__393.pgm,393.pgm,COVER,0,${BOSSBASE_ROOT}\cover\393.pgm,0.009412589587609823,0.491455078125,0.51220703125,0.491455078125,0.51220703125,-0.4820424885373902,0,0.01665704000922906,0.50537109375,0.5322265625,0.50537109375,0.5322265625,-0.4887140537407709,0,0.008187909901696235,0.50048828125,0.548828125,0.50048828125,0.548828125,-0.4923003713483038,0,0.915356041864219,0.52783203125,0.54833984375,0.52783203125,0.54833984375,0.38752401061421904,0,0.010902373729285245,0.4921875,0.62451171875,0.4921875,0.62451171875,-0.48128512627071474,0,HUGO,ATTRIBUTED,HUGO,MiPOD,0.42216393176049494,-0.45038569188219774,0.8725496236426926,1,HUGO
COVER__9274.pgm,9274.pgm,COVER,0,${BOSSBASE_ROOT}\cover\9274.pgm,0.009633652359446519,0.491455078125,0.51220703125,0.491455078125,0.51220703125,-0.4818214257655535,0,0.01077672605008006,0.50537109375,0.5322265625,0.50537109375,0.5322265625,-0.49459436769991993,0,0.007489624898808396,0.50048828125,0.548828125,0.50048828125,0.548828125,-0.4929986563511916,0,0.007876706716587462,0.52783203125,0.54833984375,0.52783203125,0.54833984375,-0.5199553245334125,0,0.008677716704989246,0.4921875,0.62451171875,0.4921875,0.62451171875,-0.48350978329501076,0,UNKNOWN,UNKNOWN_OR_COVER,WOW,MiPOD,-0.4509385582852805,-0.4526790131447441,0.0017404548594636138,0,
COVER__1389.pgm,1389.pgm,COVER,0,${BOSSBASE_ROOT}\cover\1389.pgm,0.6433292938858967,0.491455078125,0.51220703125,0.491455078125,0.51220703125,0.15187421576089666,0,0.6526842973205801,0.50537109375,0.5322265625,0.50537109375,0.5322265625,0.1473132035705801,0,0.6554462966099726,0.50048828125,0.548828125,0.50048828125,0.548828125,0.15495801535997256,0,0.007695647178392188,0.52783203125,0.54833984375,0.52783203125,0.54833984375,-0.5201363840716078,0,0.8797679310636178,0.4921875,0.62451171875,0.4921875,0.62451171875,0.38758043106361784,0,MiPOD,ATTRIBUTED,MiPOD,HILL,0.4263163300758531,0.19990145641542753,0.2264148736604256,4,"WOW,S-UNIWARD,HILL,MiPOD"
COVER__9876.pgm,9876.pgm,COVER,0,${BOSSBASE_ROOT}\cover\9876.pgm,0.010013570623173138,0.491455078125,0.51220703125,0.491455078125,0.51220703125,-0.48144150750182685,0,0.008677716704989246,0.50537109375,0.5322265625,0.50537109375,0.5322265625,-0.49669337704501076,0,0.006413163741325347,0.50048828125,0.548828125,0.50048828125,0.548828125,-0.49407511750867467,0,0.007937994101407319,0.52783203125,0.54833984375,0.52783203125,0.54833984375,-0.5198940371485927,0,0.008610767667510729,0.4921875,0.62451171875,0.4921875,0.62451171875,-0.48357673233248927,0,UNKNOWN,UNKNOWN_OR_COVER,WOW,MiPOD,-0.45054690482709564,-0.452748026203516,0.0022011213764203674,0,
COVER__845.pgm,845.pgm,COVER,0,${BOSSBASE_ROOT}\cover\845.pgm,0.010169657753872614,0.491455078125,0.51220703125,0.491455078125,0.51220703125,-0.48128542037112737,0,0.007093861878911533,0.50537109375,0.5322265625,0.50537109375,0.5322265625,-0.49827723187108847,0,0.008251598569085517,0.50048828125,0.548828125,0.50048828125,0.548828125,-0.4922366826809145,0,0.009232214404536282,0.52783203125,0.54833984375,0.52783203125,0.54833984375,-0.5185998168454637,0,0.01128807389923099,0.4921875,0.62451171875,0.4921875,0.62451171875,-0.480899426100769,0,UNKNOWN,UNKNOWN_OR_COVER,MiPOD,WOW,-0.4499880714964903,-0.45038599507014543,0.00039792357365514563,0,
COVER__4428.pgm,4428.pgm,COVER,0,${BOSSBASE_ROOT}\cover\4428.pgm,0.027637721873581197,0.491455078125,0.51220703125,0.491455078125,0.51220703125,-0.4638173562514188,0,0.034423549412649974,0.50537109375,0.5322265625,0.50537109375,0.5322265625,-0.47094754433735003,0,0.09704755697933022,0.50048828125,0.548828125,0.50048828125,0.548828125,-0.4034407242706698,0,0.12336562437275558,0.52783203125,0.54833984375,0.52783203125,0.54833984375,-0.40446640687724444,0,0.0946777017913266,0.4921875,0.62451171875,0.4921875,0.62451171875,-0.3975097982086734,0,UNKNOWN,UNKNOWN_OR_COVER,MiPOD,HILL,-0.36391023029348457,-0.370039843127808,0.00612961283432345,0,
COVER__4221.pgm,4221.pgm,COVER,0,${BOSSBASE_ROOT}\cover\4221.pgm,0.4983806666724862,0.491455078125,0.51220703125,0.491455078125,0.51220703125,0.0069255885474862056,1,0.5044096757041244,0.50537109375,0.5322265625,0.50537109375,0.5322265625,-0.0009614180458755728,0,0.49770738301050516,0.50048828125,0.548828125,0.50048828125,0.548828125,-0.0027808982394948445,0,0.502588248976002,0.52783203125,0.54833984375,0.52783203125,0.54833984375,-0.02524378227399804,0,0.5004949568085406,0.4921875,0.62451171875,0.4921875,0.62451171875,0.008307456808540614,1,MiPOD|WOW,AMBIGUOUS,MiPOD,WOW,0.05830745680854062,0.05692558854748621,0.0013818682610544086,2,"WOW,MiPOD"
COVER__238.pgm,238.pgm,COVER,0,${BOSSBASE_ROOT}\cover\238.pgm,0.009412589587609823,0.491455078125,0.51220703125,0.491455078125,0.51220703125,-0.4820424885373902,0,0.005819959584259008,0.50537109375,0.5322265625,0.50537109375,0.5322265625,-0.499551134165741,0,0.009412589587609823,0.50048828125,0.548828125,0.50048828125,0.548828125,-0.4910756916623902,0,0.016785489890063697,0.52783203125,0.54833984375,0.52783203125,0.54833984375,-0.5110465413599363,0,0.011508149064303403,0.4921875,0.62451171875,0.4921875,0.62451171875,-0.4806793509356966,0,UNKNOWN,UNKNOWN_OR_COVER,MiPOD,WOW,-0.44976119276132975,-0.4511664473548567,0.0014052545935269722,0,
COVER__1437.pgm,1437.pgm,COVER,0,${BOSSBASE_ROOT}\cover\1437.pgm,0.008478401934677453,0.491455078125,0.51220703125,0.491455078125,0.51220703125,-0.48297667619032253,0,0.024609928625961945,0.50537109375,0.5322265625,0.50537109375,0.5322265625,-0.48076116512403805,0,0.00881316650304586,0.50048828125,0.548828125,0.50048828125,0.548828125,-0.49167511474695413,0,0.005576544822592462,0.52783203125,0.54833984375,0.52783203125,0.54833984375,-0.5222554864274075,0,0.01238378463726033,0.4921875,0.62451171875,0.4921875,0.62451171875,-0.4798037153627397,0,UNKNOWN,UNKNOWN_OR_COVER,MiPOD,S-UNIWARD,-0.4488584722927066,-0.4498455363902138,0.0009870640975072065,0,
COVER__1466.pgm,1466.pgm,COVER,0,${BOSSBASE_ROOT}\cover\1466.pgm,0.011419614645648401,0.491455078125,0.51220703125,0.491455078125,0.51220703125,-0.4800354634793516,0,0.00740301408887263,0.50537109375,0.5322265625,0.50537109375,0.5322265625,-0.4979680796611274,0,0.033589505650103976,0.50048828125,0.548828125,0.50048828125,0.548828125,-0.466898775599896,0,0.011375600238837661,0.52783203125,0.54833984375,0.52783203125,0.54833984375,-0.5164564310111623,0,0.014063627043245474,0.4921875,0.62451171875,0.4921875,0.62451171875,-0.4781238729567545,0,UNKNOWN,UNKNOWN_OR_COVER,HILL,MiPOD,-0.435551598140636,-0.4471266030689559,0.01157500492831992,0,
COVER__7219.pgm,7219.pgm,COVER,0,${BOSSBASE_ROOT}\cover\7219.pgm,0.009196552423046733,0.491455078125,0.51220703125,0.491455078125,0.51220703125,-0.48225852570195327,0,0.012673735693033067,0.50537109375,0.5322265625,0.50537109375,0.5322265625,-0.4926973580569669,0,0.007785654765367813,0.50048828125,0.548828125,0.50048828125,0.548828125,-0.4927026264846322,0,0.009936418705946226,0.52783203125,0.54833984375,0.52783203125,0.54833984375,-0.5178956125440538,0,0.008412977570977689,0.4921875,0.62451171875,0.4921875,0.62451171875,-0.4837745224290223,0,UNKNOWN,UNKNOWN_OR_COVER,WOW,MiPOD,-0.4513891541713375,-0.45295191330982637,0.0015627591384888562,0,
COVER__9705.pgm,9705.pgm,COVER,0,${BOSSBASE_ROOT}\cover\9705.pgm,0.010328152519305191,0.491455078125,0.51220703125,0.491455078125,0.51220703125,-0.4811269256056948,0,0.010448625445116808,0.50537109375,0.5322265625,0.50537109375,0.5322265625,-0.4949224683048832,0,0.009936418705946226,0.50048828125,0.548828125,0.50048828125,0.548828125,-0.49055186254405375,0,0.011508149064303403,0.52783203125,0.54833984375,0.52783203125,0.54833984375,-0.5163238821856966,0,0.009559399347091532,0.4921875,0.62451171875,0.4921875,0.62451171875,-0.48262810065290845,0,UNKNOWN,UNKNOWN_OR_COVER,WOW,MiPOD,-0.45022260251942137,-0.4517701355608653,0.0015475330414439492,0,
COVER__228.pgm,228.pgm,COVER,0,${BOSSBASE_ROOT}\cover\228.pgm,0.008916127052872005,0.491455078125,0.51220703125,0.491455078125,0.51220703125,-0.482538951072128,0,0.008544330693441928,0.50537109375,0.5322265625,0.50537109375,0.5322265625,-0.4968267630565581,0,0.012920473039078976,0.50048828125,0.548828125,0.50048828125,0.548828125,-0.48756780821092105,0,0.008156248626973424,0.52783203125,0.54833984375,0.52783203125,0.54833984375,-0.5196757826230266,0,0.011331753531361453,0.4921875,0.62451171875,0.4921875,0.62451171875,-0.48085574646863855,0,UNKNOWN,UNKNOWN_OR_COVER,MiPOD,WOW,-0.4499430416382736,-0.45167823488280545,0.001735193244531863,0,
COVER__904.pgm,904.pgm,COVER,0,${BOSSBASE_ROOT}\cover\904.pgm,0.47647307495821445,0.491455078125,0.51220703125,0.491455078125,0.51220703125,-0.014982003166785551,0,0.500309228857669,0.50537109375,0.5322265625,0.50537109375,0.5322265625,-0.005061864892330958,0,0.4940302824648576,0.50048828125,0.548828125,0.50048828125,0.548828125,-0.006457998785142416,0,0.5015010788642823,0.52783203125,0.54833984375,0.52783203125,0.54833984375,-0.0263309523857177,0,0.48963313874247116,0.4921875,0.62451171875,0.4921875,0.62451171875,-0.0025543612575288366,0,MiPOD|S-UNIWARD,AMBIGUOUS,MiPOD,S-UNIWARD,0.0473180836598309,0.044685681345510944,0.002632402314319958,0,
COVER__2509.pgm,2509.pgm,COVER,0,${BOSSBASE_ROOT}\cover\2509.pgm,0.01020905431880827,0.491455078125,0.51220703125,0.491455078125,0.51220703125,-0.48124602380619175,0,0.013955710398273338,0.50537109375,0.5322265625,0.50537109375,0.5322265625,-0.4914153833517267,0,0.008412977570977689,0.50048828125,0.548828125,0.50048828125,0.548828125,-0.4920753036790223,0,0.007093861878911533,0.52783203125,0.54833984375,0.52783203125,0.54833984375,-0.5207381693710885,0,0.008315778477474129,0.4921875,0.62451171875,0.4921875,0.62451171875,-0.4838717215225259,0,UNKNOWN,UNKNOWN_OR_COVER,WOW,MiPOD,-0.4503453811500148,-0.4530521081873996,0.002706727037384782,0,
COVER__3055.pgm,3055.pgm,COVER,0,${BOSSBASE_ROOT}\cover\3055.pgm,0.09268777863937604,0.491455078125,0.51220703125,0.491455078125,0.51220703125,-0.39876729948562395,0,0.47691461837850446,0.50537109375,0.5322265625,0.50537109375,0.5322265625,-0.028456475371495538,0,0.5225524363960702,0.50048828125,0.548828125,0.50048828125,0.548828125,0.022064155146070186,1,0.5545910833165801,0.52783203125,0.54833984375,0.52783203125,0.54833984375,0.026759052066580136,0,0.5179823531300163,0.4921875,0.62451171875,0.4921875,0.62451171875,0.025794853130016282,1,HUGO|MiPOD,AMBIGUOUS,HUGO,MiPOD,0.07644746500561561,0.07579485313001628,0.0006526118755993265,3,"HILL,HUGO,MiPOD"
COVER__429.pgm,429.pgm,COVER,0,${BOSSBASE_ROOT}\cover\429.pgm,0.013902058625059313,0.491455078125,0.51220703125,0.491455078125,0.51220703125,-0.47755301949994067,0,0.029647510146313606,0.50537109375,0.5322265625,0.50537109375,0.5322265625,-0.4757235836036864,0,0.9086178969328287,0.50048828125,0.548828125,0.50048828125,0.548828125,0.4081296156828287,0,0.014559518620319442,0.52783203125,0.54833984375,0.52783203125,0.54833984375,-0.5132725126296805,0,0.9026096017480523,0.4921875,0.62451171875,0.4921875,0.62451171875,0.41042210174805227,0,MiPOD|HILL,AMBIGUOUS,MiPOD,HILL,0.4482832366809909,0.4430207663145711,0.0052624703664198025,2,"HILL,MiPOD"
COVER__4609.pgm,4609.pgm,COVER,0,${BOSSBASE_ROOT}\cover\4609.pgm,0.008577485413711986,0.491455078125,0.51220703125,0.491455078125,0.51220703125,-0.482877592711288,0,0.009020279501402172,0.50537109375,0.5322265625,0.50537109375,0.5322265625,-0.49635081424859784,0,0.009196552423046733,0.50048828125,0.548828125,0.50048828125,0.548828125,-0.49129172882695327,0,0.008711384457705508,0.52783203125,0.54833984375,0.52783203125,0.54833984375,-0.5191206467922945,0,0.009161026922093826,0.4921875,0.62451171875,0.4921875,0.62451171875,-0.4830264730779062,0,UNKNOWN,UNKNOWN_OR_COVER,WOW,MiPOD,-0.4520273254761561,-0.45218079849998377,0.00015347302382767714,0,
COVER__5053.pgm,5053.pgm,COVER,0,${BOSSBASE_ROOT}\cover\5053.pgm,0.5448922118958415,0.491455078125,0.51220703125,0.491455078125,0.51220703125,0.05343713377084147,0,0.9999858256515545,0.50537109375,0.5322265625,0.50537109375,0.5322265625,0.49461473190155447,0,0.6591857982931884,0.50048828125,0.548828125,0.50048828125,0.548828125,0.15869751704318835,0,0.5157418659712667,0.52783203125,0.54833984375,0.52783203125,0.54833984375,-0.0120901652787333,0,0.6661711023500395,0.4921875,0.62451171875,0.4921875,0.62451171875,0.1739836023500395,0,S-UNIWARD,ATTRIBUTED,S-UNIWARD,MiPOD,0.5259349471068367,0.2219434244988046,0.30399152260803214,4,"WOW,S-UNIWARD,HILL,MiPOD"
COVER__1366.pgm,1366.pgm,COVER,0,${BOSSBASE_ROOT}\cover\1366.pgm,0.6483550374749418,0.491455078125,0.51220703125,0.491455078125,0.51220703125,0.15689995934994183,0,0.1803952588642227,0.50537109375,0.5322265625,0.50537109375,0.5322265625,-0.3249758348857773,0,0.22270013882530884,0.50048828125,0.548828125,0.50048828125,0.548828125,-0.2777881424246912,0,0.006338921737094389,0.52783203125,0.54833984375,0.52783203125,0.54833984375,-0.5214931095129056,0,0.1916300495734963,0.4921875,0.62451171875,0.4921875,0.62451171875,-0.3005574504265037,0,WOW,ATTRIBUTED,WOW,HILL,0.20053563214521292,-0.23991527854573885,0.44045091069095177,1,WOW
COVER__264.pgm,264.pgm,COVER,0,${BOSSBASE_ROOT}\cover\264.pgm,0.008677716704989246,0.491455078125,0.51220703125,0.491455078125,0.51220703125,-0.48277736142001076,0,0.33960856613980467,0.50537109375,0.5322265625,0.50537109375,0.5322265625,-0.16576252761019533,0,0.7390459240701083,0.50048828125,0.548828125,0.50048828125,0.548828125,0.23855764282010827,0,0.013222821752305148,0.52783203125,0.54833984375,0.52783203125,0.54833984375,-0.5146092094976948,0,0.011961098249809548,0.4921875,0.62451171875,0.4921875,0.62451171875,-0.48022640175019043,0,HILL,ATTRIBUTED,HILL,S-UNIWARD,0.2798965949513855,-0.12340015720176557,0.4032967521531511,1,HILL
