sample_id,image_name,true_algo,is_stego,decision,top1,top2,rank1_full,rank2_full,rank3_full,rank4_full,rank5_full,true_rank,candidate_set,candidate_size,candidate_contains_true,top1_score,top2_score,score_gap,score_WOW,hard_WOW,inside_count_WOW,score_S-UNIWARD,hard_S-UNIWARD,inside_count_S-UNIWARD,score_HILL,hard_HILL,inside_count_HILL,score_HUGO,hard_HUGO,inside_count_HUGO,score_MiPOD,hard_MiPOD,inside_count_MiPOD
COVER__test__1002.pgm,1002.pgm,COVER,0,MULTI_CANDIDATE,S-UNIWARD,HILL,S-UNIWARD,HILL,HUGO,MiPOD,WOW,,"S-UNIWARD,HILL,HUGO,MiPOD",4,0,1.0,1.0,0.0,0.8961517873471614,0.8,4,1.0,1.0,5,1.0,1.0,5,1.0,1.0,5,1.0,1.0,5
COVER__test__1005.pgm,1005.pgm,COVER,0,MULTI_CANDIDATE,S-UNIWARD,HILL,S-UNIWARD,HILL,HUGO,MiPOD,WOW,,"S-UNIWARD,HILL,HUGO,MiPOD,WOW",5,0,1.0,1.0,0.0,0.9888366205560513,0.8,4,1.0,1.0,5,1.0,1.0,5,1.0,1.0,5,1.0,1.0,5
COVER__test__1013.pgm,1013.pgm,COVER,0,MULTI_CANDIDATE,HUGO,S-UNIWARD,HUGO,S-UNIWARD,MiPOD,HILL,WOW,,"HUGO,S-UNIWARD",2,0,0.9676753537373397,0.9555537201808182,0.012121633556521516,0.6492821912413157,0.4,2,0.9555537201808182,0.8,4,0.7155786526337296,0.6,3,0.9676753537373397,0.8,4,0.816009456363974,0.6,3
COVER__test__1021.pgm,1021.pgm,COVER,0,MULTI_CANDIDATE,WOW,S-UNIWARD,WOW,S-UNIWARD,HILL,HUGO,MiPOD,,"WOW,S-UNIWARD,HILL,HUGO,MiPOD",5,0,1.0,1.0,0.0,1.0,1.0,5,1.0,1.0,5,1.0,1.0,5,1.0,1.0,5,1.0,1.0,5
COVER__test__1029.pgm,1029.pgm,COVER,0,MULTI_CANDIDATE,HILL,HUGO,HILL,HUGO,MiPOD,S-UNIWARD,WOW,,"HILL,HUGO,MiPOD,S-UNIWARD",4,0,1.0,1.0,0.0,0.839179800257698,0.8,4,0.9979493765699499,0.8,4,1.0,1.0,5,1.0,1.0,5,1.0,1.0,5
COVER__test__1035.pgm,1035.pgm,COVER,0,MULTI_CANDIDATE,S-UNIWARD,HUGO,S-UNIWARD,HUGO,MiPOD,WOW,HILL,,"S-UNIWARD,HUGO,MiPOD,WOW,HILL",5,0,1.0,1.0,0.0,0.9949790698182802,0.8,4,1.0,1.0,5,0.993765263189885,0.8,4,1.0,1.0,5,1.0,1.0,5
COVER__test__1036.pgm,1036.pgm,COVER,0,MULTI_CANDIDATE,WOW,S-UNIWARD,WOW,S-UNIWARD,HILL,HUGO,MiPOD,,"WOW,S-UNIWARD,HILL,HUGO,MiPOD",5,0,1.0,1.0,0.0,1.0,1.0,5,1.0,1.0,5,1.0,1.0,5,1.0,1.0,5,1.0,1.0,5
COVER__test__1039.pgm,1039.pgm,COVER,0,MULTI_CANDIDATE,WOW,S-UNIWARD,WOW,S-UNIWARD,HILL,HUGO,MiPOD,,"WOW,S-UNIWARD,HILL,HUGO,MiPOD",5,0,1.0,1.0,0.0,1.0,1.0,5,1.0,1.0,5,1.0,1.0,5,1.0,1.0,5,1.0,1.0,5
COVER__test__1045.pgm,1045.pgm,COVER,0,MULTI_CANDIDATE,HUGO,S-UNIWARD,HUGO,S-UNIWARD,MiPOD,HILL,WOW,,"HUGO,S-UNIWARD",2,0,1.0,0.9781605325780429,0.02183946742195708,0.718873057209257,0.6,3,0.9781605325780429,0.6,3,0.8126503315719977,0.4,2,1.0,1.0,5,0.8567322853983337,0.4,2
COVER__test__105.pgm,105.pgm,COVER,0,MULTI_CANDIDATE,HUGO,S-UNIWARD,HUGO,S-UNIWARD,MiPOD,HILL,WOW,,"HUGO,S-UNIWARD",2,0,0.9286424040225739,0.9027998353336667,0.02584256868890722,0.596543016426241,0.4,2,0.9027998353336667,0.6,3,0.6921591300050024,0.6,3,0.9286424040225739,0.6,3,0.7609276463492298,0.6,3
COVER__test__1079.pgm,1079.pgm,COVER,0,MULTI_CANDIDATE,S-UNIWARD,HILL,S-UNIWARD,HILL,HUGO,MiPOD,WOW,,"S-UNIWARD,HILL,HUGO,MiPOD",4,0,1.0,1.0,0.0,0.8917279929214044,0.8,4,1.0,1.0,5,1.0,1.0,5,1.0,1.0,5,1.0,1.0,5
COVER__test__1084.pgm,1084.pgm,COVER,0,MULTI_CANDIDATE,HUGO,S-UNIWARD,HUGO,S-UNIWARD,HILL,MiPOD,WOW,,"HUGO,S-UNIWARD",2,0,0.9552334341455208,0.9440112553190485,0.011222178826472251,0.7361586390730597,0.6,3,0.9440112553190485,0.8,4,0.8621906629250496,0.8,4,0.9552334341455208,0.8,4,0.8446531232100958,0.8,4
COVER__test__1088.pgm,1088.pgm,COVER,0,MULTI_CANDIDATE,S-UNIWARD,HUGO,S-UNIWARD,HUGO,MiPOD,HILL,WOW,,"S-UNIWARD,HUGO,MiPOD,HILL",4,0,1.0,1.0,0.0,0.8485239171809112,0.8,4,1.0,1.0,5,0.9022728087221716,0.8,4,1.0,1.0,5,1.0,1.0,5
COVER__test__1093.pgm,1093.pgm,COVER,0,MULTI_CANDIDATE,HUGO,HILL,HUGO,HILL,MiPOD,S-UNIWARD,WOW,,"HUGO,HILL,MiPOD,S-UNIWARD",4,0,0.9788654982688876,0.9599643323548868,0.018901165914000817,0.8184323987289404,0.6,3,0.9598694678419895,0.6,3,0.9599643323548868,0.8,4,0.9788654982688876,0.8,4,0.9599643323548868,0.8,4
COVER__test__1102.pgm,1102.pgm,COVER,0,MULTI_CANDIDATE,WOW,S-UNIWARD,WOW,S-UNIWARD,HILL,MiPOD,HUGO,,"WOW,S-UNIWARD,HILL,MiPOD",4,0,1.0,1.0,0.0,1.0,1.0,5,1.0,1.0,5,0.9815212192950803,0.8,4,0.8958532421793093,0.8,4,0.9387242813230982,0.8,4
COVER__test__111.pgm,111.pgm,COVER,0,MULTI_CANDIDATE,WOW,S-UNIWARD,WOW,S-UNIWARD,HILL,HUGO,MiPOD,,"WOW,S-UNIWARD,HILL,HUGO,MiPOD",5,0,1.0,1.0,0.0,1.0,1.0,5,1.0,1.0,5,1.0,1.0,5,1.0,1.0,5,1.0,1.0,5
COVER__test__1110.pgm,1110.pgm,COVER,0,MULTI_CANDIDATE,HUGO,S-UNIWARD,HUGO,S-UNIWARD,MiPOD,WOW,HILL,,"HUGO,S-UNIWARD",2,0,0.939865199236165,0.9131614302559115,0.026703768980253506,0.7624548469103407,0.6,3,0.9131614302559115,0.6,3,0.6957099084496626,0.6,3,0.939865199236165,0.6,3,0.7657447680740854,0.6,3
COVER__test__1112.pgm,1112.pgm,COVER,0,UNKNOWN_OR_COVER,UNKNOWN,,HUGO,S-UNIWARD,MiPOD,HILL,WOW,,,0,0,0.8392662063366426,0.8101011838762153,0.029165022460427292,0.5010110074154588,0.2,1,0.8101011838762153,0.2,1,0.5952370841616859,0.4,2,0.8392662063366426,0.4,2,0.6659276461628326,0.4,2
COVER__test__1116.pgm,1116.pgm,COVER,0,MULTI_CANDIDATE,S-UNIWARD,HILL,S-UNIWARD,HILL,HUGO,MiPOD,WOW,,"S-UNIWARD,HILL,HUGO,MiPOD,WOW",5,0,1.0,1.0,0.0,0.9789170825292735,0.8,4,1.0,1.0,5,1.0,1.0,5,1.0,1.0,5,1.0,1.0,5
COVER__test__1134.pgm,1134.pgm,COVER,0,MULTI_CANDIDATE,S-UNIWARD,HUGO,S-UNIWARD,HUGO,MiPOD,HILL,WOW,,"S-UNIWARD,HUGO,MiPOD,HILL",4,0,1.0,1.0,0.0,0.8725142129389688,0.8,4,1.0,1.0,5,0.9961328521848433,0.8,4,1.0,1.0,5,1.0,1.0,5
COVER__test__1135.pgm,1135.pgm,COVER,0,MULTI_CANDIDATE,WOW,S-UNIWARD,WOW,S-UNIWARD,HILL,HUGO,MiPOD,,"WOW,S-UNIWARD,HILL,HUGO,MiPOD",5,0,1.0,1.0,0.0,1.0,1.0,5,1.0,1.0,5,1.0,1.0,5,1.0,1.0,5,1.0,1.0,5
COVER__test__114.pgm,114.pgm,COVER,0,MULTI_CANDIDATE,HUGO,MiPOD,HUGO,MiPOD,HILL,S-UNIWARD,WOW,,"HUGO,MiPOD,HILL,S-UNIWARD",4,0,0.9959866962270567,0.9946252746190769,0.001361421607979807,0.8373983036206416,0.8,4,0.988948663285367,0.8,4,0.993587314075574,0.8,4,0.9959866962270567,0.8,4,0.9946252746190769,0.8,4
COVER__test__1147.pgm,1147.pgm,COVER,0,MULTI_CANDIDATE,S-UNIWARD,HUGO,S-UNIWARD,HUGO,MiPOD,HILL,WOW,,"S-UNIWARD,HUGO,MiPOD",3,0,1.0,1.0,0.0,0.8505048490556115,0.8,4,1.0,1.0,5,0.8958882033704892,0.8,4,1.0,1.0,5,1.0,1.0,5
COVER__test__1167.pgm,1167.pgm,COVER,0,MULTI_CANDIDATE,WOW,S-UNIWARD,WOW,S-UNIWARD,HILL,HUGO,MiPOD,,"WOW,S-UNIWARD,HILL,HUGO,MiPOD",5,0,1.0,1.0,0.0,1.0,1.0,5,1.0,1.0,5,1.0,1.0,5,1.0,1.0,5,1.0,1.0,5
COVER__test__1178.pgm,1178.pgm,COVER,0,MULTI_CANDIDATE,S-UNIWARD,MiPOD,S-UNIWARD,MiPOD,HUGO,WOW,HILL,,"S-UNIWARD,MiPOD,HUGO,WOW",4,0,1.0,0.9861006786130158,0.013899321386984242,0.9201790752933047,0.8,4,1.0,1.0,5,0.8561678431607558,0.8,4,0.9322570991772128,0.8,4,0.9861006786130158,0.6,3
COVER__test__1184.pgm,1184.pgm,COVER,0,MULTI_CANDIDATE,WOW,S-UNIWARD,WOW,S-UNIWARD,HILL,HUGO,MiPOD,,"WOW,S-UNIWARD,HILL,HUGO,MiPOD",5,0,1.0,1.0,0.0,1.0,1.0,5,1.0,1.0,5,1.0,1.0,5,1.0,1.0,5,1.0,1.0,5
COVER__test__12.pgm,12.pgm,COVER,0,MULTI_CANDIDATE,HUGO,S-UNIWARD,HUGO,S-UNIWARD,WOW,MiPOD,HILL,,"HUGO,S-UNIWARD",2,0,0.9439527947531792,0.9335461190638672,0.010406675689311973,0.8829818809250165,0.8,4,0.9335461190638672,0.8,4,0.7674695482396873,0.6,3,0.9439527947531792,0.8,4,0.841408230874578,0.8,4
COVER__test__1202.pgm,1202.pgm,COVER,0,MULTI_CANDIDATE,S-UNIWARD,HILL,S-UNIWARD,HILL,HUGO,MiPOD,WOW,,"S-UNIWARD,HILL,HUGO,MiPOD,WOW",5,0,1.0,1.0,0.0,0.9471134510251084,0.8,4,1.0,1.0,5,1.0,1.0,5,1.0,1.0,5,1.0,1.0,5
COVER__test__1205.pgm,1205.pgm,COVER,0,MULTI_CANDIDATE,S-UNIWARD,HILL,S-UNIWARD,HILL,HUGO,MiPOD,WOW,,"S-UNIWARD,HILL,HUGO,MiPOD,WOW",5,0,1.0,1.0,0.0,0.9845679923067905,0.8,4,1.0,1.0,5,1.0,1.0,5,1.0,1.0,5,1.0,1.0,5
COVER__test__1214.pgm,1214.pgm,COVER,0,MULTI_CANDIDATE,HUGO,S-UNIWARD,HUGO,S-UNIWARD,MiPOD,HILL,WOW,,"HUGO,S-UNIWARD",2,0,0.9425621423609039,0.9155992838793582,0.02696285848154567,0.6028069631510216,0.4,2,0.9155992838793582,0.6,3,0.6955750590926814,0.6,3,0.9425621423609039,0.6,3,0.7685631043318126,0.6,3
COVER__test__1216.pgm,1216.pgm,COVER,0,MULTI_CANDIDATE,S-UNIWARD,HILL,S-UNIWARD,HILL,HUGO,MiPOD,WOW,,"S-UNIWARD,HILL,HUGO,MiPOD",4,0,1.0,1.0,0.0,0.8722163880664567,0.8,4,1.0,1.0,5,1.0,1.0,5,1.0,1.0,5,1.0,1.0,5
COVER__test__1223.pgm,1223.pgm,COVER,0,MULTI_CANDIDATE,WOW,S-UNIWARD,WOW,S-UNIWARD,HILL,HUGO,MiPOD,,"WOW,S-UNIWARD,HILL,HUGO,MiPOD",5,0,1.0,1.0,0.0,1.0,1.0,5,1.0,1.0,5,1.0,1.0,5,1.0,1.0,5,1.0,1.0,5
COVER__test__123.pgm,123.pgm,COVER,0,MULTI_CANDIDATE,S-UNIWARD,HILL,S-UNIWARD,HILL,HUGO,MiPOD,WOW,,"S-UNIWARD,HILL,HUGO,MiPOD",4,0,1.0,1.0,0.0,0.8826459973681064,0.8,4,1.0,1.0,5,1.0,1.0,5,1.0,1.0,5,1.0,1.0,5
COVER__test__1251.pgm,1251.pgm,COVER,0,MULTI_CANDIDATE,HUGO,S-UNIWARD,HUGO,S-UNIWARD,MiPOD,HILL,WOW,,"HUGO,S-UNIWARD",2,0,0.9453140302518845,0.9181008772446454,0.027213153007239144,0.6046695921155364,0.4,2,0.9181008772446454,0.6,3,0.6957042011455188,0.6,3,0.9453140302518845,0.6,3,0.770990556568816,0.6,3
COVER__test__1266.pgm,1266.pgm,COVER,0,UNKNOWN_OR_COVER,UNKNOWN,,HUGO,S-UNIWARD,MiPOD,HILL,WOW,,,0,0,0.8945786511588217,0.859785930307211,0.03479272085161078,0.5496550302090472,0.2,1,0.859785930307211,0.2,1,0.6397988321627155,0.2,1,0.8945786511588217,0.2,1,0.7122969225347655,0.2,1
COVER__test__1274.pgm,1274.pgm,COVER,0,MULTI_CANDIDATE,S-UNIWARD,HILL,S-UNIWARD,HILL,HUGO,MiPOD,WOW,,"S-UNIWARD,HILL,HUGO,MiPOD,WOW",5,0,0.9144229005321698,0.9144229005321698,0.0,0.9081576984608896,0.6,3,0.9144229005321698,0.8,4,0.9144229005321698,0.8,4,0.9144229005321698,0.8,4,0.9144229005321698,0.8,4
COVER__test__1283.pgm,1283.pgm,COVER,0,MULTI_CANDIDATE,WOW,S-UNIWARD,WOW,S-UNIWARD,HILL,HUGO,MiPOD,,"WOW,S-UNIWARD,HILL,HUGO,MiPOD",5,0,1.0,1.0,0.0,1.0,1.0,5,1.0,1.0,5,1.0,1.0,5,1.0,1.0,5,1.0,1.0,5
COVER__test__1285.pgm,1285.pgm,COVER,0,MULTI_CANDIDATE,WOW,S-UNIWARD,WOW,S-UNIWARD,HILL,HUGO,MiPOD,,"WOW,S-UNIWARD,HILL,HUGO,MiPOD",5,0,1.0,1.0,0.0,1.0,1.0,5,1.0,1.0,5,1.0,1.0,5,1.0,1.0,5,1.0,1.0,5
COVER__test__1286.pgm,1286.pgm,COVER,0,MULTI_CANDIDATE,S-UNIWARD,HUGO,S-UNIWARD,HUGO,HILL,MiPOD,WOW,,"S-UNIWARD,HUGO,HILL,MiPOD",4,0,1.0,1.0,0.0,0.8572464542986659,0.8,4,1.0,1.0,5,0.9094646487649618,0.6,3,1.0,1.0,5,0.9040557209785021,0.8,4
COVER__test__1298.pgm,1298.pgm,COVER,0,MULTI_CANDIDATE,HUGO,S-UNIWARD,HUGO,S-UNIWARD,MiPOD,HILL,WOW,,"HUGO,S-UNIWARD",2,0,0.943706118475304,0.9101199115660519,0.03358620690925207,0.6017164096845984,0.4,2,0.9101199115660519,0.4,2,0.6939661477011237,0.4,2,0.943706118475304,0.6,3,0.7686698047610414,0.4,2
COVER__test__1302.pgm,1302.pgm,COVER,0,UNKNOWN_OR_COVER,UNKNOWN,,HUGO,S-UNIWARD,MiPOD,HILL,WOW,,,0,0,0.7641218931271574,0.7278867037444451,0.03623518938271231,0.41988744233031017,0.2,1,0.7278867037444451,0.2,1,0.5073045099848106,0.2,1,0.7641218931271574,0.2,1,0.5808396332992977,0.2,1
COVER__test__1304.pgm,1304.pgm,COVER,0,UNKNOWN_OR_COVER,UNKNOWN,,HUGO,S-UNIWARD,MiPOD,HILL,WOW,,,0,0,0.7316914953206533,0.6989644186843806,0.03272707663627261,0.3933239070280109,0.0,0,0.6989644186843806,0.0,0,0.48712677959580963,0.0,0,0.7316914953206533,0.2,1,0.5589268254599444,0.0,0
COVER__test__1307.pgm,1307.pgm,COVER,0,MULTI_CANDIDATE,WOW,S-UNIWARD,WOW,S-UNIWARD,HILL,HUGO,MiPOD,,"WOW,S-UNIWARD,HILL,HUGO,MiPOD",5,0,1.0,1.0,0.0,1.0,1.0,5,1.0,1.0,5,1.0,1.0,5,1.0,1.0,5,1.0,1.0,5
COVER__test__1311.pgm,1311.pgm,COVER,0,MULTI_CANDIDATE,S-UNIWARD,HILL,S-UNIWARD,HILL,HUGO,MiPOD,WOW,,"S-UNIWARD,HILL,HUGO,MiPOD,WOW",5,0,1.0,1.0,0.0,0.950929383416318,0.8,4,1.0,1.0,5,1.0,1.0,5,1.0,1.0,5,1.0,1.0,5
COVER__test__1320.pgm,1320.pgm,COVER,0,UNKNOWN_OR_COVER,UNKNOWN,,HUGO,S-UNIWARD,MiPOD,HILL,WOW,,,0,0,0.874702247433396,0.8462858841488454,0.02841636328455055,0.5268712429033254,0.2,1,0.8462858841488454,0.2,1,0.6167036554320839,0.4,2,0.874702247433396,0.4,2,0.6887416976288913,0.4,2
COVER__test__1346.pgm,1346.pgm,COVER,0,MULTI_CANDIDATE,WOW,S-UNIWARD,WOW,S-UNIWARD,HUGO,MiPOD,HILL,,"WOW,S-UNIWARD,HUGO,MiPOD,HILL",5,0,1.0,1.0,0.0,1.0,1.0,5,1.0,1.0,5,0.9930425419613893,0.8,4,1.0,1.0,5,1.0,1.0,5
COVER__test__1358.pgm,1358.pgm,COVER,0,MULTI_CANDIDATE,HUGO,S-UNIWARD,HUGO,S-UNIWARD,MiPOD,HILL,WOW,,"HUGO,S-UNIWARD,MiPOD",3,0,1.0,0.9842456270120674,0.015754372987932586,0.8255591545793243,0.6,3,0.9842456270120674,0.8,4,0.8375377477311694,0.8,4,1.0,1.0,5,0.930114464173365,0.8,4
COVER__test__1363.pgm,1363.pgm,COVER,0,MULTI_CANDIDATE,WOW,S-UNIWARD,WOW,S-UNIWARD,HILL,HUGO,MiPOD,,"WOW,S-UNIWARD,HILL,HUGO,MiPOD",5,0,1.0,1.0,0.0,1.0,1.0,5,1.0,1.0,5,1.0,1.0,5,1.0,1.0,5,1.0,1.0,5
COVER__test__1366.pgm,1366.pgm,COVER,0,UNKNOWN_OR_COVER,UNKNOWN,,WOW,S-UNIWARD,HILL,HUGO,MiPOD,,,0,0,0.8915179144486908,0.8915179144486908,0.0,0.8915179144486908,0.8,4,0.8915179144486908,0.8,4,0.8915179144486908,0.8,4,0.8915179144486908,0.8,4,0.8792151082914363,0.6,3
COVER__test__1367.pgm,1367.pgm,COVER,0,MULTI_CANDIDATE,WOW,S-UNIWARD,WOW,S-UNIWARD,HILL,HUGO,MiPOD,,"WOW,S-UNIWARD,HILL,HUGO,MiPOD",5,0,1.0,1.0,0.0,1.0,1.0,5,1.0,1.0,5,1.0,1.0,5,1.0,1.0,5,1.0,1.0,5
COVER__test__1376.pgm,1376.pgm,COVER,0,MULTI_CANDIDATE,HUGO,S-UNIWARD,HUGO,S-UNIWARD,MiPOD,HILL,WOW,,"HUGO,S-UNIWARD",2,0,0.9537754717336447,0.9238790741727099,0.029896397560934873,0.6091669186747057,0.4,2,0.9238790741727099,0.4,2,0.6972118159629754,0.4,2,0.9537754717336447,0.6,3,0.7755065427614525,0.4,2
COVER__test__1378.pgm,1378.pgm,COVER,0,MULTI_CANDIDATE,S-UNIWARD,HUGO,S-UNIWARD,HUGO,WOW,HILL,MiPOD,,"S-UNIWARD,HUGO,WOW,HILL",4,0,1.0,1.0,0.0,0.9624040911358438,0.8,4,1.0,1.0,5,0.9128687492850043,0.8,4,1.0,1.0,5,0.881040174382233,0.8,4
COVER__test__1379.pgm,1379.pgm,COVER,0,MULTI_CANDIDATE,WOW,HILL,WOW,HILL,MiPOD,S-UNIWARD,HUGO,,"WOW,HILL,MiPOD,S-UNIWARD,HUGO",5,0,1.0,1.0,0.0,1.0,1.0,5,0.9659457677259174,0.8,4,1.0,1.0,5,0.9486245697228904,0.8,4,1.0,1.0,5
COVER__test__1385.pgm,1385.pgm,COVER,0,MULTI_CANDIDATE,WOW,S-UNIWARD,WOW,S-UNIWARD,HILL,HUGO,MiPOD,,"WOW,S-UNIWARD,HILL,HUGO,MiPOD",5,0,1.0,1.0,0.0,1.0,1.0,5,1.0,1.0,5,1.0,1.0,5,1.0,1.0,5,1.0,1.0,5
COVER__test__1389.pgm,1389.pgm,COVER,0,MULTI_CANDIDATE,WOW,S-UNIWARD,WOW,S-UNIWARD,HILL,HUGO,MiPOD,,"WOW,S-UNIWARD,HILL,HUGO,MiPOD",5,0,1.0,1.0,0.0,1.0,1.0,5,1.0,1.0,5,1.0,1.0,5,1.0,1.0,5,1.0,1.0,5
COVER__test__1395.pgm,1395.pgm,COVER,0,MULTI_CANDIDATE,WOW,S-UNIWARD,WOW,S-UNIWARD,HILL,HUGO,MiPOD,,"WOW,S-UNIWARD,HILL,HUGO,MiPOD",5,0,1.0,1.0,0.0,1.0,1.0,5,1.0,1.0,5,1.0,1.0,5,1.0,1.0,5,1.0,1.0,5
COVER__test__1398.pgm,1398.pgm,COVER,0,MULTI_CANDIDATE,WOW,S-UNIWARD,WOW,S-UNIWARD,HILL,HUGO,MiPOD,,"WOW,S-UNIWARD,HILL,HUGO,MiPOD",5,0,1.0,1.0,0.0,1.0,1.0,5,1.0,1.0,5,1.0,1.0,5,1.0,1.0,5,1.0,1.0,5
COVER__test__1404.pgm,1404.pgm,COVER,0,MULTI_CANDIDATE,S-UNIWARD,HUGO,S-UNIWARD,HUGO,MiPOD,HILL,WOW,,"S-UNIWARD,HUGO,MiPOD,HILL",4,0,1.0,1.0,0.0,0.8404981943631805,0.8,4,1.0,1.0,5,0.9144055657408281,0.8,4,1.0,1.0,5,0.9930688012566339,0.8,4
COVER__test__1420.pgm,1420.pgm,COVER,0,MULTI_CANDIDATE,HUGO,S-UNIWARD,HUGO,S-UNIWARD,MiPOD,HILL,WOW,,"HUGO,S-UNIWARD",2,0,0.9439707972541675,0.9268772782626236,0.017093518991543988,0.6144775386184265,0.4,2,0.9268772782626236,0.6,3,0.6993082118496157,0.4,2,0.9439707972541675,0.8,4,0.7915571085924827,0.4,2
COVER__test__1422.pgm,1422.pgm,COVER,0,UNKNOWN_OR_COVER,UNKNOWN,,HUGO,S-UNIWARD,MiPOD,HILL,WOW,,,0,0,0.8545730469447002,0.8287339427675919,0.02583910417710822,0.5228783996334772,0.2,1,0.8287339427675919,0.4,2,0.6181216812306679,0.4,2,0.8545730469447002,0.4,2,0.686879972231593,0.4,2
COVER__test__1424.pgm,1424.pgm,COVER,0,MULTI_CANDIDATE,WOW,S-UNIWARD,WOW,S-UNIWARD,HILL,HUGO,MiPOD,,"WOW,S-UNIWARD,HILL,HUGO,MiPOD",5,0,1.0,1.0,0.0,1.0,1.0,5,1.0,1.0,5,1.0,1.0,5,1.0,1.0,5,1.0,1.0,5
COVER__test__1425.pgm,1425.pgm,COVER,0,UNKNOWN_OR_COVER,UNKNOWN,,WOW,S-UNIWARD,HILL,MiPOD,HUGO,,,0,0,0.8793477969917639,0.8793477969917639,0.0,0.8793477969917639,0.8,4,0.8793477969917639,0.8,4,0.8793477969917639,0.8,4,0.7963502752176301,0.6,3,0.8486804594648998,0.6,3
COVER__test__1437.pgm,1437.pgm,COVER,0,MULTI_CANDIDATE,HUGO,S-UNIWARD,HUGO,S-UNIWARD,MiPOD,HILL,WOW,,"HUGO,S-UNIWARD",2,0,0.9868181641330944,0.9494402954479437,0.037377868685150695,0.628014572702994,0.4,2,0.9494402954479437,0.4,2,0.7104212317963005,0.4,2,0.9868181641330944,0.4,2,0.777344067054117,0.4,2
COVER__test__145.pgm,145.pgm,COVER,0,MULTI_CANDIDATE,WOW,S-UNIWARD,WOW,S-UNIWARD,HILL,HUGO,MiPOD,,"WOW,S-UNIWARD,HILL,HUGO,MiPOD",5,0,1.0,1.0,0.0,1.0,1.0,5,1.0,1.0,5,1.0,1.0,5,1.0,1.0,5,1.0,1.0,5
COVER__test__1455.pgm,1455.pgm,COVER,0,MULTI_CANDIDATE,WOW,S-UNIWARD,WOW,S-UNIWARD,HILL,HUGO,MiPOD,,"WOW,S-UNIWARD,HILL,HUGO,MiPOD",5,0,1.0,1.0,0.0,1.0,1.0,5,1.0,1.0,5,1.0,1.0,5,1.0,1.0,5,1.0,1.0,5
COVER__test__1457.pgm,1457.pgm,COVER,0,MULTI_CANDIDATE,HUGO,S-UNIWARD,HUGO,S-UNIWARD,MiPOD,HILL,WOW,,"HUGO,S-UNIWARD",2,0,0.9563582054372786,0.9450547143300824,0.011303491107196195,0.6282319933711522,0.4,2,0.9450547143300824,0.8,4,0.7074333223213074,0.6,3,0.9563582054372786,0.8,4,0.8002361949997789,0.6,3
COVER__test__1460.pgm,1460.pgm,COVER,0,UNKNOWN_OR_COVER,UNKNOWN,,HUGO,S-UNIWARD,MiPOD,WOW,HILL,,,0,0,0.8542434145684797,0.8347320216576459,0.019511392910833814,0.747200737703795,0.4,2,0.8347320216576459,0.4,2,0.7080504998963953,0.4,2,0.8542434145684797,0.4,2,0.7949339820946917,0.4,2
COVER__test__1466.pgm,1466.pgm,COVER,0,UNKNOWN_OR_COVER,UNKNOWN,,HUGO,S-UNIWARD,MiPOD,HILL,WOW,,,0,0,0.8226061873550685,0.803180600673336,0.019425586681732554,0.5688417105086971,0.2,1,0.803180600673336,0.4,2,0.6768648713022243,0.4,2,0.8226061873550685,0.4,2,0.763456568102978,0.4,2
COVER__test__1470.pgm,1470.pgm,COVER,0,MULTI_CANDIDATE,S-UNIWARD,HILL,S-UNIWARD,HILL,HUGO,MiPOD,WOW,,"S-UNIWARD,HILL,HUGO,MiPOD",4,0,0.9259744357100018,0.9259744357100018,0.0,0.8829576173211858,0.6,3,0.9259744357100018,0.8,4,0.9259744357100018,0.8,4,0.9259744357100018,0.8,4,0.9259744357100018,0.8,4
COVER__test__1479.pgm,1479.pgm,COVER,0,UNKNOWN_OR_COVER,UNKNOWN,,HUGO,S-UNIWARD,MiPOD,HILL,WOW,,,0,0,0.7966357807582382,0.7621390312756755,0.03449674948256265,0.4529451751615392,0.2,1,0.7621390312756755,0.2,1,0.5437231292478233,0.2,1,0.7966357807582382,0.2,1,0.619498732316244,0.2,1
COVER__test__1480.pgm,1480.pgm,COVER,0,MULTI_CANDIDATE,S-UNIWARD,HILL,S-UNIWARD,HILL,HUGO,MiPOD,WOW,,"S-UNIWARD,HILL,HUGO,MiPOD",4,0,0.9023315333864194,0.9023315333864194,0.0,0.7758137827349262,0.6,3,0.9023315333864194,0.8,4,0.9023315333864194,0.8,4,0.9023315333864194,0.8,4,0.9023315333864194,0.8,4
COVER__test__149.pgm,149.pgm,COVER,0,MULTI_CANDIDATE,WOW,S-UNIWARD,WOW,S-UNIWARD,HILL,HUGO,MiPOD,,"WOW,S-UNIWARD,HILL,HUGO,MiPOD",5,0,1.0,1.0,0.0,1.0,1.0,5,1.0,1.0,5,1.0,1.0,5,1.0,1.0,5,1.0,1.0,5
COVER__test__1527.pgm,1527.pgm,COVER,0,MULTI_CANDIDATE,HUGO,S-UNIWARD,HUGO,S-UNIWARD,MiPOD,HILL,WOW,,"HUGO,S-UNIWARD",2,0,0.9286745975449128,0.9011531211436425,0.02752147640127023,0.5960444856059552,0.4,2,0.9011531211436425,0.4,2,0.6921776594162801,0.6,3,0.9286745975449128,0.6,3,0.7609274415756074,0.6,3
COVER__test__1529.pgm,1529.pgm,COVER,0,UNKNOWN_OR_COVER,UNKNOWN,,HUGO,S-UNIWARD,MiPOD,HILL,WOW,,,0,0,0.8499789667753674,0.8468507032338135,0.003128263541553933,0.5959537963330145,0.4,2,0.8468507032338135,0.6,3,0.6999912238450613,0.6,3,0.8499789667753674,0.8,4,0.8233329484081132,0.6,3
COVER__test__1539.pgm,1539.pgm,COVER,0,UNKNOWN_OR_COVER,UNKNOWN,,HUGO,S-UNIWARD,MiPOD,HILL,WOW,,,0,0,0.8020554743644942,0.7545579331459541,0.04749754121854011,0.4513423686214752,0.2,1,0.7545579331459541,0.2,1,0.5085751696400466,0.2,1,0.8020554743644942,0.6,3,0.5727895392770689,0.2,1
COVER__test__1543.pgm,1543.pgm,COVER,0,SINGLE_CANDIDATE,HUGO,,HUGO,S-UNIWARD,MiPOD,HILL,WOW,,HUGO,1,0,0.9106393160082831,0.8952052519668602,0.01543406404142289,0.6526991091131856,0.4,2,0.8952052519668602,0.6,3,0.7604531030846895,0.6,3,0.9106393160082831,0.6,3,0.8454854240356031,0.6,3
COVER__test__1546.pgm,1546.pgm,COVER,0,MULTI_CANDIDATE,WOW,S-UNIWARD,WOW,S-UNIWARD,HUGO,MiPOD,HILL,,"WOW,S-UNIWARD,HUGO,MiPOD,HILL",5,0,0.9144229005321698,0.9144229005321698,0.0,0.9144229005321698,0.8,4,0.9144229005321698,0.8,4,0.908731979742325,0.6,3,0.9144229005321698,0.8,4,0.9144229005321698,0.8,4
COVER__test__1552.pgm,1552.pgm,COVER,0,UNKNOWN_OR_COVER,UNKNOWN,,HUGO,S-UNIWARD,MiPOD,WOW,HILL,,,0,0,0.8817258253366997,0.8551589766953909,0.02656684864130887,0.7056104286216704,0.4,2,0.8551589766953909,0.4,2,0.639240763839709,0.4,2,0.8817258253366997,0.4,2,0.7068617019556469,0.4,2
COVER__test__1554.pgm,1554.pgm,COVER,0,MULTI_CANDIDATE,HUGO,S-UNIWARD,HUGO,S-UNIWARD,MiPOD,HILL,WOW,,"HUGO,S-UNIWARD,MiPOD",3,0,1.0,0.9980965256570171,0.0019034743429828804,0.7348689720795575,0.6,3,0.9980965256570171,0.8,4,0.8447084360949901,0.8,4,1.0,1.0,5,0.9549697186999435,0.8,4
COVER__test__1561.pgm,1561.pgm,COVER,0,MULTI_CANDIDATE,S-UNIWARD,HUGO,S-UNIWARD,HUGO,MiPOD,HILL,WOW,,"S-UNIWARD,HUGO,MiPOD",3,0,0.9788654982688876,0.9788654982688876,0.0,0.752292983616151,0.4,2,0.9788654982688876,0.8,4,0.8399601208268029,0.6,3,0.9788654982688876,0.8,4,0.9788654982688876,0.8,4
COVER__test__1569.pgm,1569.pgm,COVER,0,MULTI_CANDIDATE,S-UNIWARD,HUGO,S-UNIWARD,HUGO,MiPOD,WOW,HILL,,"S-UNIWARD,HUGO,MiPOD,WOW",4,0,1.0,1.0,0.0,0.9249882842029266,0.8,4,1.0,1.0,5,0.8584155130742055,0.8,4,1.0,1.0,5,1.0,1.0,5
COVER__test__1575.pgm,1575.pgm,COVER,0,UNKNOWN_OR_COVER,UNKNOWN,,HUGO,S-UNIWARD,MiPOD,HILL,WOW,,,0,0,0.861953510858467,0.8283847130601277,0.03356879779833932,0.5258316943994881,0.2,1,0.8283847130601277,0.2,1,0.6170948036035947,0.2,1,0.861953510858467,0.2,1,0.6894930259433506,0.2,1
COVER__test__1579.pgm,1579.pgm,COVER,0,MULTI_CANDIDATE,WOW,S-UNIWARD,WOW,S-UNIWARD,HILL,HUGO,MiPOD,,"WOW,S-UNIWARD,HILL,HUGO,MiPOD",5,0,1.0,1.0,0.0,1.0,1.0,5,1.0,1.0,5,1.0,1.0,5,1.0,1.0,5,1.0,1.0,5
COVER__test__1584.pgm,1584.pgm,COVER,0,MULTI_CANDIDATE,HILL,HUGO,HILL,HUGO,MiPOD,S-UNIWARD,WOW,,"HILL,HUGO,MiPOD,S-UNIWARD",4,0,0.9259744357100018,0.9259744357100018,0.0,0.7651273705723798,0.6,3,0.9237880793711588,0.6,3,0.9259744357100018,0.8,4,0.9259744357100018,0.8,4,0.9259744357100018,0.8,4
COVER__test__1586.pgm,1586.pgm,COVER,0,UNKNOWN_OR_COVER,UNKNOWN,,HUGO,S-UNIWARD,MiPOD,HILL,WOW,,,0,0,0.8451502763393979,0.8127032275001526,0.03244704883924532,0.503513944085985,0.2,1,0.8127032275001526,0.2,1,0.5966503057685489,0.2,1,0.8451502763393979,0.4,2,0.668285927523391,0.4,2
COVER__test__1591.pgm,1591.pgm,COVER,0,UNKNOWN_OR_COVER,UNKNOWN,,HUGO,S-UNIWARD,MiPOD,WOW,HILL,,,0,0,0.8593086334667476,0.8488345135495645,0.010474119917183056,0.692172881082895,0.2,1,0.8488345135495645,0.6,3,0.6192706005522386,0.4,2,0.8593086334667476,0.6,3,0.7183280743519895,0.4,2
COVER__test__1602.pgm,1602.pgm,COVER,0,SINGLE_CANDIDATE,HUGO,,HUGO,S-UNIWARD,MiPOD,HILL,WOW,,HUGO,1,0,0.9114910497421634,0.8959857988406634,0.015505250901500012,0.6864021454030963,0.4,2,0.8959857988406634,0.6,3,0.7606121297715983,0.6,3,0.9114910497421634,0.6,3,0.8460366470952444,0.6,3
COVER__test__1614.pgm,1614.pgm,COVER,0,MULTI_CANDIDATE,WOW,S-UNIWARD,WOW,S-UNIWARD,HILL,MiPOD,HUGO,,"WOW,S-UNIWARD,HILL,MiPOD",4,0,1.0,0.9690541711555578,0.03094582884444219,1.0,1.0,5,0.9690541711555578,0.8,4,0.9352169534768316,0.8,4,0.8714020291329898,0.8,4,0.9033370906531843,0.8,4
COVER__test__1621.pgm,1621.pgm,COVER,0,SINGLE_CANDIDATE,HUGO,,HUGO,S-UNIWARD,MiPOD,HILL,WOW,,HUGO,1,0,0.9106429703301249,0.8903828203786865,0.020260149951438322,0.6383784177008505,0.4,2,0.8903828203786865,0.4,2,0.7258369808090152,0.2,1,0.9106429703301249,0.6,3,0.7642581505295278,0.4,2
COVER__test__1637.pgm,1637.pgm,COVER,0,UNKNOWN_OR_COVER,UNKNOWN,,MiPOD,HILL,HUGO,S-UNIWARD,WOW,,,0,0,0.8242089841009808,0.8235304417945347,0.0006785423064460394,0.6621461807855509,0.4,2,0.8122140841358958,0.4,2,0.8235304417945347,0.6,3,0.8175297946794189,0.6,3,0.8242089841009808,0.6,3
COVER__test__1638.pgm,1638.pgm,COVER,0,MULTI_CANDIDATE,HUGO,S-UNIWARD,HUGO,S-UNIWARD,MiPOD,HILL,WOW,,"HUGO,S-UNIWARD",2,0,0.9611015115542674,0.9273584668384975,0.03374304471576983,0.6124348158072022,0.4,2,0.9273584668384975,0.4,2,0.7026106558291997,0.4,2,0.9611015115542674,0.6,3,0.7734131510457811,0.6,3
COVER__test__1641.pgm,1641.pgm,COVER,0,UNKNOWN_OR_COVER,UNKNOWN,,MiPOD,HILL,HUGO,S-UNIWARD,WOW,,,0,0,0.8720764185318896,0.870525230447076,0.0015511880848135817,0.7091902374806827,0.4,2,0.8559215405065121,0.4,2,0.870525230447076,0.4,2,0.8653972291103278,0.6,3,0.8720764185318896,0.6,3
COVER__test__1648.pgm,1648.pgm,COVER,0,MULTI_CANDIDATE,HUGO,S-UNIWARD,HUGO,S-UNIWARD,MiPOD,HILL,WOW,,"HUGO,S-UNIWARD,MiPOD",3,0,1.0,0.9941900669684859,0.005809933031514114,0.7247691606423177,0.6,3,0.9941900669684859,0.6,3,0.8400184598721179,0.8,4,1.0,1.0,5,0.9387131828098549,0.8,4
COVER__test__1652.pgm,1652.pgm,COVER,0,MULTI_CANDIDATE,HUGO,S-UNIWARD,HUGO,S-UNIWARD,MiPOD,HILL,WOW,,"HUGO,S-UNIWARD,MiPOD",3,0,0.9430605000595337,0.9401011092542275,0.0029593908053061613,0.6885700736804722,0.4,2,0.9401011092542275,0.6,3,0.7928396897989884,0.6,3,0.9430605000595337,0.8,4,0.9156066167397106,0.6,3
COVER__test__1666.pgm,1666.pgm,COVER,0,UNKNOWN_OR_COVER,UNKNOWN,,MiPOD,HILL,HUGO,S-UNIWARD,WOW,,,0,0,0.8720764185318896,0.8713978762254436,0.0006785423064459284,0.7239413744449995,0.4,2,0.8615655849864053,0.6,3,0.8713978762254436,0.6,3,0.8653972291103278,0.6,3,0.8720764185318896,0.6,3
COVER__test__1668.pgm,1668.pgm,COVER,0,UNKNOWN_OR_COVER,UNKNOWN,,HUGO,S-UNIWARD,HILL,MiPOD,WOW,,,0,0,0.7986941039985143,0.7797929380845137,0.018901165914000595,0.6404212732191719,0.4,2,0.7797929380845137,0.6,3,0.7797929380845137,0.6,3,0.7986941039985143,0.6,3,0.7797929380845137,0.6,3
COVER__test__1669.pgm,1669.pgm,COVER,0,UNKNOWN_OR_COVER,UNKNOWN,,HUGO,S-UNIWARD,MiPOD,HILL,WOW,,,0,0,0.8346366707243398,0.8133149054525205,0.021321765271819282,0.5621683190352508,0.4,2,0.8133149054525205,0.4,2,0.6832804963623487,0.2,1,0.8346366707243398,0.6,3,0.7129914838348633,0.2,1
COVER__test__1673.pgm,1673.pgm,COVER,0,UNKNOWN_OR_COVER,UNKNOWN,,HUGO,S-UNIWARD,HILL,MiPOD,WOW,,,0,0,0.7678311137341043,0.7509272814387511,0.016903832295353194,0.621687340771812,0.4,2,0.7509272814387511,0.6,3,0.690766805627897,0.4,2,0.7678311137341043,0.6,3,0.6513325707469629,0.4,2
COVER__test__1676.pgm,1676.pgm,COVER,0,MULTI_CANDIDATE,WOW,S-UNIWARD,WOW,S-UNIWARD,HUGO,MiPOD,HILL,,"WOW,S-UNIWARD,HUGO,MiPOD,HILL",5,0,0.9599643323548868,0.9599643323548868,0.0,0.9599643323548868,0.8,4,0.9599643323548868,0.8,4,0.9433385010843021,0.6,3,0.9599643323548868,0.8,4,0.9599643323548868,0.8,4
COVER__test__168.pgm,168.pgm,COVER,0,MULTI_CANDIDATE,WOW,S-UNIWARD,WOW,S-UNIWARD,HILL,HUGO,MiPOD,,"WOW,S-UNIWARD,HILL,HUGO,MiPOD",5,0,1.0,1.0,0.0,1.0,1.0,5,1.0,1.0,5,1.0,1.0,5,1.0,1.0,5,1.0,1.0,5
COVER__test__1692.pgm,1692.pgm,COVER,0,MULTI_CANDIDATE,HUGO,S-UNIWARD,HUGO,S-UNIWARD,MiPOD,HILL,WOW,,"HUGO,S-UNIWARD",2,0,0.964835535710181,0.9385082279463166,0.026327307763864383,0.6173782373831753,0.4,2,0.9385082279463166,0.4,2,0.702632000933219,0.4,2,0.964835535710181,0.6,3,0.7818894050868797,0.4,2
COVER__test__1720.pgm,1720.pgm,COVER,0,SINGLE_CANDIDATE,HUGO,,HUGO,S-UNIWARD,MiPOD,HILL,WOW,,HUGO,1,0,0.9116241418334037,0.8880385400605008,0.02358560177290292,0.6371346108244949,0.2,1,0.8880385400605008,0.2,1,0.7533643992287523,0.2,1,0.9116241418334037,0.4,2,0.8492686687584554,0.2,1
COVER__test__1731.pgm,1731.pgm,COVER,0,MULTI_CANDIDATE,S-UNIWARD,HILL,S-UNIWARD,HILL,HUGO,MiPOD,WOW,,"S-UNIWARD,HILL,HUGO,MiPOD,WOW",5,0,1.0,1.0,0.0,0.9181206750204556,0.8,4,1.0,1.0,5,1.0,1.0,5,1.0,1.0,5,1.0,1.0,5
COVER__test__1737.pgm,1737.pgm,COVER,0,MULTI_CANDIDATE,WOW,S-UNIWARD,WOW,S-UNIWARD,HILL,HUGO,MiPOD,,"WOW,S-UNIWARD,HILL,HUGO,MiPOD",5,0,1.0,1.0,0.0,1.0,1.0,5,1.0,1.0,5,1.0,1.0,5,1.0,1.0,5,1.0,1.0,5
COVER__test__1738.pgm,1738.pgm,COVER,0,UNKNOWN_OR_COVER,UNKNOWN,,HUGO,S-UNIWARD,MiPOD,HILL,WOW,,,0,0,0.7425603236896207,0.7059568621640798,0.03660346152554084,0.40970623840988185,0.0,0,0.7059568621640798,0.2,1,0.4744796963294526,0.0,0,0.7425603236896207,0.2,1,0.5610741560685258,0.0,0
COVER__test__1739.pgm,1739.pgm,COVER,0,SINGLE_CANDIDATE,HUGO,,HUGO,S-UNIWARD,MiPOD,HILL,WOW,,HUGO,1,0,0.9136187751901176,0.8979356916072042,0.01568308358291337,0.6184999785246675,0.2,1,0.8979356916072042,0.6,3,0.6846090633278618,0.4,2,0.9136187751901176,0.6,3,0.7361586761860626,0.4,2
COVER__test__1743.pgm,1743.pgm,COVER,0,UNKNOWN_OR_COVER,UNKNOWN,,HUGO,S-UNIWARD,MiPOD,HILL,WOW,,,0,0,0.8620417730896246,0.8511484722054574,0.010893300884167179,0.5963352616250475,0.2,1,0.8511484722054574,0.4,2,0.7068053065151091,0.2,1,0.8620417730896246,0.4,2,0.8100607736802404,0.2,1
COVER__test__1747.pgm,1747.pgm,COVER,0,MULTI_CANDIDATE,WOW,S-UNIWARD,WOW,S-UNIWARD,HILL,HUGO,MiPOD,,"WOW,S-UNIWARD,HILL,HUGO,MiPOD",5,0,1.0,1.0,0.0,1.0,1.0,5,1.0,1.0,5,1.0,1.0,5,1.0,1.0,5,1.0,1.0,5
COVER__test__1755.pgm,1755.pgm,COVER,0,UNKNOWN_OR_COVER,UNKNOWN,,MiPOD,HILL,S-UNIWARD,HUGO,WOW,,,0,0,0.8427075883154933,0.8420290460090472,0.0006785423064461504,0.7128790607474211,0.4,2,0.80935726362441,0.4,2,0.8420290460090472,0.6,3,0.7946971300173548,0.4,2,0.8427075883154933,0.6,3
COVER__test__1756.pgm,1756.pgm,COVER,0,MULTI_CANDIDATE,HUGO,S-UNIWARD,HUGO,S-UNIWARD,MiPOD,HILL,WOW,,"HUGO,S-UNIWARD",2,0,0.9904952504173355,0.9551773984179246,0.035317851999410954,0.6306485719313586,0.4,2,0.9551773984179246,0.4,2,0.7146353199653199,0.4,2,0.9904952504173355,0.8,4,0.7806338593504837,0.4,2
COVER__test__1759.pgm,1759.pgm,COVER,0,MULTI_CANDIDATE,WOW,S-UNIWARD,WOW,S-UNIWARD,HILL,HUGO,MiPOD,,"WOW,S-UNIWARD,HILL,HUGO,MiPOD",5,0,1.0,1.0,0.0,1.0,1.0,5,1.0,1.0,5,1.0,1.0,5,1.0,1.0,5,1.0,1.0,5
COVER__test__1766.pgm,1766.pgm,COVER,0,MULTI_CANDIDATE,WOW,S-UNIWARD,WOW,S-UNIWARD,HILL,HUGO,MiPOD,,"WOW,S-UNIWARD,HILL,HUGO,MiPOD",5,0,1.0,1.0,0.0,1.0,1.0,5,1.0,1.0,5,1.0,1.0,5,1.0,1.0,5,1.0,1.0,5
COVER__test__177.pgm,177.pgm,COVER,0,MULTI_CANDIDATE,WOW,S-UNIWARD,WOW,S-UNIWARD,HILL,HUGO,MiPOD,,"WOW,S-UNIWARD,HILL,HUGO,MiPOD",5,0,1.0,1.0,0.0,1.0,1.0,5,1.0,1.0,5,1.0,1.0,5,1.0,1.0,5,1.0,1.0,5
COVER__test__1770.pgm,1770.pgm,COVER,0,UNKNOWN_OR_COVER,UNKNOWN,,HUGO,WOW,MiPOD,HILL,S-UNIWARD,,,0,0,0.8360283988939315,0.826936429438873,0.009091969455058524,0.826936429438873,0.4,2,0.8110622530388965,0.4,2,0.8208945442779347,0.4,2,0.8360283988939315,0.6,3,0.8215730865843807,0.4,2
COVER__test__1773.pgm,1773.pgm,COVER,0,SINGLE_CANDIDATE,HUGO,,HUGO,S-UNIWARD,MiPOD,HILL,WOW,,HUGO,1,0,0.9315847123438065,0.8982545366444222,0.033330175699384235,0.5966704895795871,0.4,2,0.8982545366444222,0.4,2,0.6892918788759282,0.4,2,0.9315847123438065,0.4,2,0.7604200530637927,0.4,2
COVER__test__1789.pgm,1789.pgm,COVER,0,MULTI_CANDIDATE,HUGO,MiPOD,HUGO,MiPOD,S-UNIWARD,HILL,WOW,,"HUGO,MiPOD,S-UNIWARD,HILL",4,0,1.0,1.0,0.0,0.8386581308386315,0.8,4,0.9953137292312544,0.8,4,0.9285768409682387,0.8,4,1.0,1.0,5,1.0,1.0,5
COVER__test__1797.pgm,1797.pgm,COVER,0,MULTI_CANDIDATE,HUGO,S-UNIWARD,HUGO,S-UNIWARD,MiPOD,HILL,WOW,,"HUGO,S-UNIWARD",2,0,0.9340803272606781,0.9007004623280535,0.03337986493262468,0.5974671423746336,0.4,2,0.9007004623280535,0.4,2,0.6912254797976413,0.4,2,0.9340803272606781,0.6,3,0.7624304214685317,0.4,2
COVER__test__1798.pgm,1798.pgm,COVER,0,UNKNOWN_OR_COVER,UNKNOWN,,HUGO,S-UNIWARD,MiPOD,HILL,WOW,,,0,0,0.8908615110708196,0.8587931735284767,0.03206833754234284,0.5471080726109773,0.2,1,0.8587931735284767,0.2,1,0.6399671843854178,0.4,2,0.8908615110708196,0.4,2,0.7144199983282785,0.4,2
COVER__test__1801.pgm,1801.pgm,COVER,0,MULTI_CANDIDATE,S-UNIWARD,HUGO,S-UNIWARD,HUGO,MiPOD,HILL,WOW,,"S-UNIWARD,HUGO,MiPOD,HILL",4,0,1.0,1.0,0.0,0.8882309927093258,0.8,4,1.0,1.0,5,0.9202127600931018,0.8,4,1.0,1.0,5,1.0,1.0,5
COVER__test__1805.pgm,1805.pgm,COVER,0,UNKNOWN_OR_COVER,UNKNOWN,,MiPOD,HUGO,S-UNIWARD,HILL,WOW,,,0,0,0.874060166379943,0.8683737202426869,0.005686446137256107,0.7120031432371041,0.4,2,0.85757987303341,0.4,2,0.8103477460627249,0.2,1,0.8683737202426869,0.6,3,0.874060166379943,0.4,2
COVER__test__1822.pgm,1822.pgm,COVER,0,MULTI_CANDIDATE,S-UNIWARD,HILL,S-UNIWARD,HILL,HUGO,MiPOD,WOW,,"S-UNIWARD,HILL,HUGO,MiPOD",4,0,0.9259744357100018,0.9259744357100018,0.0,0.7683505909561702,0.6,3,0.9259744357100018,0.8,4,0.9259744357100018,0.8,4,0.9259744357100018,0.8,4,0.9259744357100018,0.8,4
COVER__test__1825.pgm,1825.pgm,COVER,0,MULTI_CANDIDATE,WOW,S-UNIWARD,WOW,S-UNIWARD,HILL,HUGO,MiPOD,,"WOW,S-UNIWARD,HILL,HUGO,MiPOD",5,0,1.0,1.0,0.0,1.0,1.0,5,1.0,1.0,5,1.0,1.0,5,1.0,1.0,5,1.0,1.0,5
COVER__test__1826.pgm,1826.pgm,COVER,0,MULTI_CANDIDATE,S-UNIWARD,HILL,S-UNIWARD,HILL,HUGO,MiPOD,WOW,,"S-UNIWARD,HILL,HUGO,MiPOD",4,0,0.9259744357100018,0.9259744357100018,0.0,0.766618732399815,0.6,3,0.9259744357100018,0.8,4,0.9259744357100018,0.8,4,0.9259744357100018,0.8,4,0.9259744357100018,0.8,4
COVER__test__1836.pgm,1836.pgm,COVER,0,MULTI_CANDIDATE,HILL,MiPOD,HILL,MiPOD,S-UNIWARD,HUGO,WOW,,"HILL,MiPOD,S-UNIWARD",3,0,0.9259744357100018,0.9259744357100018,0.0,0.7978942242510387,0.6,3,0.9005065458433645,0.6,3,0.9259744357100018,0.8,4,0.8822891168668135,0.6,3,0.9259744357100018,0.8,4
COVER__test__1837.pgm,1837.pgm,COVER,0,MULTI_CANDIDATE,S-UNIWARD,HILL,S-UNIWARD,HILL,HUGO,MiPOD,WOW,,"S-UNIWARD,HILL,HUGO,MiPOD",4,0,1.0,1.0,0.0,0.8411045636075076,0.8,4,1.0,1.0,5,1.0,1.0,5,1.0,1.0,5,1.0,1.0,5
COVER__test__1840.pgm,1840.pgm,COVER,0,UNKNOWN_OR_COVER,UNKNOWN,,S-UNIWARD,HILL,HUGO,MiPOD,WOW,,,0,0,0.8793477969917639,0.8793477969917639,0.0,0.7225703959878338,0.6,3,0.8793477969917639,0.8,4,0.8793477969917639,0.8,4,0.8793477969917639,0.8,4,0.8793477969917639,0.8,4
COVER__test__1852.pgm,1852.pgm,COVER,0,SINGLE_CANDIDATE,HUGO,,HUGO,S-UNIWARD,MiPOD,HILL,WOW,,HUGO,1,0,0.9286067416316074,0.8970950923724883,0.03151164925911909,0.5952125613572071,0.4,2,0.8970950923724883,0.4,2,0.6912468358401502,0.4,2,0.9286067416316074,0.6,3,0.7609121803528206,0.6,3
COVER__test__1860.pgm,1860.pgm,COVER,0,MULTI_CANDIDATE,HUGO,S-UNIWARD,HUGO,S-UNIWARD,MiPOD,HILL,WOW,,"HUGO,S-UNIWARD",2,0,0.9259744357100018,0.9237089448260065,0.0022654908839953025,0.6605968020475942,0.2,1,0.9237089448260065,0.6,3,0.7079182828287245,0.4,2,0.9259744357100018,0.8,4,0.7887364126542683,0.4,2
COVER__test__1862.pgm,1862.pgm,COVER,0,MULTI_CANDIDATE,WOW,S-UNIWARD,WOW,S-UNIWARD,HILL,HUGO,MiPOD,,"WOW,S-UNIWARD,HILL,HUGO,MiPOD",5,0,1.0,1.0,0.0,1.0,1.0,5,1.0,1.0,5,1.0,1.0,5,1.0,1.0,5,1.0,1.0,5
COVER__test__1866.pgm,1866.pgm,COVER,0,MULTI_CANDIDATE,S-UNIWARD,HILL,S-UNIWARD,HILL,HUGO,MiPOD,WOW,,"S-UNIWARD,HILL,HUGO,MiPOD",4,0,0.9259744357100018,0.9259744357100018,0.0,0.7671542544260059,0.6,3,0.9259744357100018,0.8,4,0.9259744357100018,0.8,4,0.9259744357100018,0.8,4,0.9259744357100018,0.8,4
COVER__test__1878.pgm,1878.pgm,COVER,0,UNKNOWN_OR_COVER,UNKNOWN,,HUGO,S-UNIWARD,MiPOD,HILL,WOW,,,0,0,0.8360283988939315,0.8203671832503812,0.015661215643550386,0.5632632441274348,0.2,1,0.8203671832503812,0.2,1,0.6806202068913377,0.4,2,0.8360283988939315,0.6,3,0.7764734246674154,0.4,2
COVER__test__1882.pgm,1882.pgm,COVER,0,MULTI_CANDIDATE,HUGO,S-UNIWARD,HUGO,S-UNIWARD,MiPOD,HILL,WOW,,"HUGO,S-UNIWARD",2,0,0.9635074636553107,0.9480753148140956,0.015432148841215132,0.7794831809528293,0.4,2,0.9480753148140956,0.6,3,0.8133398872143328,0.6,3,0.9635074636553107,0.6,3,0.8983616565750552,0.6,3
COVER__test__1886.pgm,1886.pgm,COVER,0,MULTI_CANDIDATE,HUGO,S-UNIWARD,HUGO,S-UNIWARD,MiPOD,HILL,WOW,,"HUGO,S-UNIWARD,MiPOD",3,0,0.9686890058871039,0.9497349231211875,0.01895408276591648,0.6936726313592099,0.4,2,0.9497349231211875,0.4,2,0.8143073298098569,0.6,3,0.9686890058871039,0.6,3,0.9017150350418877,0.6,3
COVER__test__1891.pgm,1891.pgm,COVER,0,UNKNOWN_OR_COVER,UNKNOWN,,HUGO,S-UNIWARD,MiPOD,HILL,WOW,,,0,0,0.8767958044192152,0.8493196791621738,0.02747612525704146,0.6047402257255837,0.2,1,0.8493196791621738,0.4,2,0.6264468744100226,0.4,2,0.8767958044192152,0.4,2,0.6942435396097164,0.4,2
COVER__test__1892.pgm,1892.pgm,COVER,0,MULTI_CANDIDATE,WOW,S-UNIWARD,WOW,S-UNIWARD,MiPOD,HUGO,HILL,,"WOW,S-UNIWARD,MiPOD",3,0,1.0,1.0,0.0,1.0,1.0,5,1.0,1.0,5,0.87771088771616,0.6,3,0.8895807166943296,0.8,4,0.9296463245404066,0.8,4
COVER__test__1895.pgm,1895.pgm,COVER,0,UNKNOWN_OR_COVER,UNKNOWN,,HUGO,MiPOD,S-UNIWARD,HILL,WOW,,,0,0,0.7469575072486714,0.7353586890794996,0.011598818169171743,0.5411243800577743,0.0,0,0.719118066164919,0.2,1,0.603231237504048,0.0,0,0.7469575072486714,0.2,1,0.7353586890794996,0.2,1
COVER__test__1897.pgm,1897.pgm,COVER,0,UNKNOWN_OR_COVER,UNKNOWN,,S-UNIWARD,HILL,HUGO,MiPOD,WOW,,,0,0,0.8793477969917639,0.8793477969917639,0.0,0.7195254935927715,0.6,3,0.8793477969917639,0.8,4,0.8793477969917639,0.8,4,0.8793477969917639,0.8,4,0.8793477969917639,0.8,4
COVER__test__191.pgm,191.pgm,COVER,0,MULTI_CANDIDATE,HUGO,MiPOD,HUGO,MiPOD,S-UNIWARD,HILL,WOW,,"HUGO,MiPOD,S-UNIWARD,HILL",4,0,0.993774123445377,0.9924280714744806,0.0013460519708963226,0.8369760991023505,0.8,4,0.9868155456933664,0.8,4,0.9539565802789344,0.6,3,0.993774123445377,0.8,4,0.9924280714744806,0.8,4
COVER__test__1916.pgm,1916.pgm,COVER,0,UNKNOWN_OR_COVER,UNKNOWN,,HUGO,S-UNIWARD,MiPOD,HILL,WOW,,,0,0,0.8499789667753674,0.8333552816134532,0.01662368516191426,0.5698021582102054,0.4,2,0.8333552816134532,0.6,3,0.6873396029972124,0.6,3,0.8499789667753674,0.8,4,0.7794795217366044,0.6,3
COVER__test__193.pgm,193.pgm,COVER,0,MULTI_CANDIDATE,WOW,S-UNIWARD,WOW,S-UNIWARD,HUGO,MiPOD,HILL,,"WOW,S-UNIWARD,HUGO,MiPOD,HILL",5,0,1.0,1.0,0.0,1.0,1.0,5,1.0,1.0,5,0.996316167738103,0.8,4,1.0,1.0,5,1.0,1.0,5
COVER__test__1934.pgm,1934.pgm,COVER,0,MULTI_CANDIDATE,HILL,HUGO,HILL,HUGO,MiPOD,S-UNIWARD,WOW,,"HILL,HUGO,MiPOD,S-UNIWARD",4,0,1.0,1.0,0.0,0.8391372718897216,0.8,4,0.9977345091160046,0.8,4,1.0,1.0,5,1.0,1.0,5,1.0,1.0,5
COVER__test__1935.pgm,1935.pgm,COVER,0,MULTI_CANDIDATE,WOW,S-UNIWARD,WOW,S-UNIWARD,HILL,HUGO,MiPOD,,"WOW,S-UNIWARD,HILL,HUGO,MiPOD",5,0,1.0,1.0,0.0,1.0,1.0,5,1.0,1.0,5,1.0,1.0,5,1.0,1.0,5,1.0,1.0,5
COVER__test__1942.pgm,1942.pgm,COVER,0,MULTI_CANDIDATE,HUGO,S-UNIWARD,HUGO,S-UNIWARD,MiPOD,HILL,WOW,,"HUGO,S-UNIWARD,MiPOD",3,0,0.990851498191238,0.9749003642196502,0.01595113397158776,0.7708253697931271,0.6,3,0.9749003642196502,0.8,4,0.8356337670350074,0.8,4,0.990851498191238,0.8,4,0.9235148293244194,0.8,4
COVER__test__1945.pgm,1945.pgm,COVER,0,MULTI_CANDIDATE,HUGO,S-UNIWARD,HUGO,S-UNIWARD,MiPOD,HILL,WOW,,"HUGO,S-UNIWARD",2,0,0.956142920169546,0.9300238046726413,0.02611911549690471,0.6107134528795258,0.4,2,0.9300238046726413,0.4,2,0.7006225053908113,0.6,3,0.956142920169546,0.8,4,0.7768653694578169,0.6,3
COVER__test__1961.pgm,1961.pgm,COVER,0,MULTI_CANDIDATE,WOW,S-UNIWARD,WOW,S-UNIWARD,HILL,HUGO,MiPOD,,"WOW,S-UNIWARD,HILL,HUGO,MiPOD",5,0,1.0,1.0,0.0,1.0,1.0,5,1.0,1.0,5,1.0,1.0,5,1.0,1.0,5,1.0,1.0,5
COVER__test__1967.pgm,1967.pgm,COVER,0,MULTI_CANDIDATE,HUGO,S-UNIWARD,HUGO,S-UNIWARD,MiPOD,HILL,WOW,,"HUGO,S-UNIWARD",2,0,0.9704902273758227,0.9343548128080874,0.03613541456773528,0.6177866563510834,0.4,2,0.9343548128080874,0.4,2,0.7048646286655417,0.4,2,0.9704902273758227,0.4,2,0.7741583509828611,0.4,2
COVER__test__197.pgm,197.pgm,COVER,0,UNKNOWN_OR_COVER,UNKNOWN,,HUGO,S-UNIWARD,MiPOD,HILL,WOW,,,0,0,0.8449971917380055,0.8106777124570408,0.03431947928096468,0.5038778615964867,0.2,1,0.8106777124570408,0.2,1,0.5942836924345853,0.2,1,0.8449971917380055,0.2,1,0.6652914248328554,0.2,1
COVER__test__1974.pgm,1974.pgm,COVER,0,UNKNOWN_OR_COVER,UNKNOWN,,S-UNIWARD,HILL,HUGO,MiPOD,WOW,,,0,0,0.8793477969917639,0.8793477969917639,0.0,0.7241655084088138,0.6,3,0.8793477969917639,0.8,4,0.8793477969917639,0.8,4,0.8793477969917639,0.8,4,0.8793477969917639,0.8,4
COVER__test__1988.pgm,1988.pgm,COVER,0,MULTI_CANDIDATE,HILL,MiPOD,HILL,MiPOD,S-UNIWARD,HUGO,WOW,,"HILL,MiPOD,S-UNIWARD,HUGO",4,0,1.0,0.9992540001968772,0.0007459998031228432,0.8400561614433333,0.8,4,0.9505812194173224,0.8,4,1.0,1.0,5,0.9348637524833505,0.8,4,0.9992540001968772,0.8,4
COVER__test__1992.pgm,1992.pgm,COVER,0,MULTI_CANDIDATE,HUGO,S-UNIWARD,HUGO,S-UNIWARD,MiPOD,HILL,WOW,,"HUGO,S-UNIWARD",2,0,0.9573869817325675,0.9313148846804701,0.026072097052097454,0.6122065231195626,0.4,2,0.9313148846804701,0.4,2,0.7017619388033446,0.6,3,0.9573869817325675,0.8,4,0.7794451798136082,0.6,3
COVER__test__20.pgm,20.pgm,COVER,0,UNKNOWN_OR_COVER,UNKNOWN,,HUGO,S-UNIWARD,MiPOD,HILL,WOW,,,0,0,0.7312214935785688,0.7001541640425452,0.031067329536023647,0.39245524093758105,0.0,0,0.7001541640425452,0.0,0,0.48697880419163475,0.2,1,0.7312214935785688,0.2,1,0.5573874907464076,0.2,1
COVER__test__2003.pgm,2003.pgm,COVER,0,MULTI_CANDIDATE,WOW,S-UNIWARD,WOW,S-UNIWARD,HILL,HUGO,MiPOD,,"WOW,S-UNIWARD,HILL,HUGO,MiPOD",5,0,0.9788654982688876,0.9788654982688876,0.0,0.9788654982688876,0.8,4,0.9788654982688876,0.8,4,0.9788654982688876,0.8,4,0.9788654982688876,0.8,4,0.9788654982688876,0.8,4
COVER__test__2006.pgm,2006.pgm,COVER,0,MULTI_CANDIDATE,WOW,S-UNIWARD,WOW,S-UNIWARD,HILL,HUGO,MiPOD,,"WOW,S-UNIWARD,HILL,HUGO,MiPOD",5,0,1.0,1.0,0.0,1.0,1.0,5,1.0,1.0,5,1.0,1.0,5,1.0,1.0,5,1.0,1.0,5
COVER__test__2007.pgm,2007.pgm,COVER,0,UNKNOWN_OR_COVER,UNKNOWN,,HUGO,S-UNIWARD,MiPOD,HILL,WOW,,,0,0,0.8299013559280075,0.8118243284393565,0.018077027488651032,0.5608179036535313,0.2,1,0.8118243284393565,0.4,2,0.610134752328227,0.2,1,0.8299013559280075,0.4,2,0.7210519015075156,0.4,2
COVER__test__2009.pgm,2009.pgm,COVER,0,MULTI_CANDIDATE,WOW,S-UNIWARD,WOW,S-UNIWARD,HILL,HUGO,MiPOD,,"WOW,S-UNIWARD,HILL,HUGO,MiPOD",5,0,1.0,1.0,0.0,1.0,1.0,5,1.0,1.0,5,1.0,1.0,5,1.0,1.0,5,1.0,1.0,5
COVER__test__2011.pgm,2011.pgm,COVER,0,UNKNOWN_OR_COVER,UNKNOWN,,HUGO,S-UNIWARD,HILL,MiPOD,WOW,,,0,0,0.7896063450172749,0.7713293507603263,0.01827699425694862,0.5608631235350219,0.4,2,0.7713293507603263,0.4,2,0.6927260492802715,0.4,2,0.7896063450172749,0.6,3,0.6759227866569828,0.4,2
COVER__test__2013.pgm,2013.pgm,COVER,0,MULTI_CANDIDATE,WOW,S-UNIWARD,WOW,S-UNIWARD,HILL,HUGO,MiPOD,,"WOW,S-UNIWARD,HILL,HUGO,MiPOD",5,0,0.9599643323548868,0.9599643323548868,0.0,0.9599643323548868,0.8,4,0.9599643323548868,0.8,4,0.9599643323548868,0.8,4,0.9599643323548868,0.8,4,0.9599643323548868,0.8,4
COVER__test__2017.pgm,2017.pgm,COVER,0,UNKNOWN_OR_COVER,UNKNOWN,,WOW,S-UNIWARD,HILL,HUGO,MiPOD,,,0,0,0.8793477969917639,0.8793477969917639,0.0,0.8793477969917639,0.8,4,0.8793477969917639,0.8,4,0.8793477969917639,0.8,4,0.8793477969917639,0.8,4,0.8793477969917639,0.8,4
COVER__test__2020.pgm,2020.pgm,COVER,0,MULTI_CANDIDATE,WOW,S-UNIWARD,WOW,S-UNIWARD,HILL,MiPOD,HUGO,,"WOW,S-UNIWARD,HILL,MiPOD,HUGO",5,0,1.0,1.0,0.0,1.0,1.0,5,1.0,1.0,5,1.0,1.0,5,0.9170024782258661,0.8,4,0.9693326624731359,0.8,4
COVER__test__2022.pgm,2022.pgm,COVER,0,MULTI_CANDIDATE,HUGO,S-UNIWARD,HUGO,S-UNIWARD,MiPOD,HILL,WOW,,"HUGO,S-UNIWARD",2,0,0.9960841179194505,0.9819087500392273,0.014175367880223222,0.7551966198726905,0.6,3,0.9819087500392273,0.8,4,0.7861211278310278,0.6,3,0.9960841179194505,0.8,4,0.8564038818389614,0.8,4
COVER__test__2023.pgm,2023.pgm,COVER,0,UNKNOWN_OR_COVER,UNKNOWN,,HUGO,S-UNIWARD,MiPOD,HILL,WOW,,,0,0,0.8640749207031033,0.8486356544336132,0.015439266269490104,0.6102081678296358,0.4,2,0.8486356544336132,0.6,3,0.7138380857962092,0.6,3,0.8640749207031033,0.6,3,0.7450160571755033,0.4,2
COVER__test__2026.pgm,2026.pgm,COVER,0,MULTI_CANDIDATE,HUGO,S-UNIWARD,HUGO,S-UNIWARD,MiPOD,HILL,WOW,,"HUGO,S-UNIWARD",2,0,0.9259744357100018,0.9093186189279925,0.016655816782009336,0.668170470652758,0.4,2,0.9093186189279925,0.6,3,0.763328525515148,0.6,3,0.9259744357100018,0.8,4,0.8554522992858338,0.6,3
COVER__test__2029.pgm,2029.pgm,COVER,0,UNKNOWN_OR_COVER,UNKNOWN,,HUGO,S-UNIWARD,MiPOD,HILL,WOW,,,0,0,0.8656063837654205,0.8346015460477837,0.031004837717636846,0.5274394641118259,0.2,1,0.8346015460477837,0.2,1,0.6222908601593944,0.4,2,0.8656063837654205,0.4,2,0.6938609346134382,0.4,2
COVER__test__2041.pgm,2041.pgm,COVER,0,MULTI_CANDIDATE,MiPOD,HILL,MiPOD,HILL,S-UNIWARD,HUGO,WOW,,"MiPOD,HILL,S-UNIWARD,HUGO",4,0,0.9927286215401256,0.9920500792336797,0.0006785423064459284,0.8357835693589273,0.6,3,0.9487848507004853,0.6,3,0.9920500792336797,0.8,4,0.9352304468796614,0.6,3,0.9927286215401256,0.8,4
COVER__test__2044.pgm,2044.pgm,COVER,0,UNKNOWN_OR_COVER,UNKNOWN,,HUGO,S-UNIWARD,MiPOD,HILL,WOW,,,0,0,0.7733413618274764,0.7426256431266985,0.030715718700777828,0.4225398568852802,0.2,1,0.7426256431266985,0.2,1,0.5117522685032712,0.4,2,0.7733413618274764,0.4,2,0.5844810351348456,0.4,2
COVER__test__2047.pgm,2047.pgm,COVER,0,MULTI_CANDIDATE,MiPOD,HILL,MiPOD,HILL,S-UNIWARD,HUGO,WOW,,"MiPOD,HILL,S-UNIWARD,HUGO",4,0,0.9999434241222062,0.9988771012328594,0.0010663228893467158,0.8384202149330715,0.8,4,0.9635034199132407,0.6,3,0.9988771012328594,0.8,4,0.9517108389292126,0.8,4,0.9999434241222062,0.8,4
COVER__test__205.pgm,205.pgm,COVER,0,MULTI_CANDIDATE,WOW,S-UNIWARD,WOW,S-UNIWARD,HILL,HUGO,MiPOD,,"WOW,S-UNIWARD,HILL,HUGO,MiPOD",5,0,1.0,1.0,0.0,1.0,1.0,5,1.0,1.0,5,1.0,1.0,5,1.0,1.0,5,1.0,1.0,5
COVER__test__206.pgm,206.pgm,COVER,0,MULTI_CANDIDATE,HUGO,S-UNIWARD,HUGO,S-UNIWARD,HILL,MiPOD,WOW,,"HUGO,S-UNIWARD",2,0,0.9453275596471988,0.9348214990697666,0.010506060577432197,0.7252731878366657,0.6,3,0.9348214990697666,0.8,4,0.8582221048286959,0.8,4,0.9453275596471988,0.8,4,0.8418036839967451,0.8,4
COVER__test__2067.pgm,2067.pgm,COVER,0,MULTI_CANDIDATE,HUGO,S-UNIWARD,HUGO,S-UNIWARD,MiPOD,HILL,WOW,,"HUGO,S-UNIWARD",2,0,0.995125035489178,0.9715218925753246,0.023603142913853348,0.6571460708959911,0.4,2,0.9715218925753246,0.6,3,0.7297616932811575,0.4,2,0.995125035489178,0.6,3,0.7942025769228503,0.4,2
COVER__test__2071.pgm,2071.pgm,COVER,0,UNKNOWN_OR_COVER,UNKNOWN,,HUGO,S-UNIWARD,MiPOD,HILL,WOW,,,0,0,0.8545715286230837,0.8287325188063402,0.025839009816743475,0.5239094855906476,0.2,1,0.8287325188063402,0.4,2,0.6181207810195549,0.4,2,0.8545715286230837,0.4,2,0.6868800261260768,0.4,2
COVER__test__2078.pgm,2078.pgm,COVER,0,UNKNOWN_OR_COVER,UNKNOWN,,MiPOD,HUGO,S-UNIWARD,HILL,WOW,,,0,0,0.8405421508073395,0.8352468322561402,0.005295318551199357,0.6793678327452961,0.4,2,0.8242611010253527,0.4,2,0.8012114939094938,0.2,1,0.8352468322561402,0.4,2,0.8405421508073395,0.4,2
COVER__test__2081.pgm,2081.pgm,COVER,0,MULTI_CANDIDATE,S-UNIWARD,HILL,S-UNIWARD,HILL,HUGO,MiPOD,WOW,,"S-UNIWARD,HILL,HUGO,MiPOD,WOW",5,0,1.0,1.0,0.0,0.9782637468942779,0.8,4,1.0,1.0,5,1.0,1.0,5,1.0,1.0,5,1.0,1.0,5
COVER__test__2087.pgm,2087.pgm,COVER,0,UNKNOWN_OR_COVER,UNKNOWN,,HUGO,S-UNIWARD,MiPOD,HILL,WOW,,,0,0,0.7939569878760213,0.7384501529425613,0.05550683493345998,0.45218303998504084,0.2,1,0.7384501529425613,0.0,0,0.5204031865521281,0.0,0,0.7939569878760213,0.2,1,0.5961573012444895,0.0,0
COVER__test__209.pgm,209.pgm,COVER,0,MULTI_CANDIDATE,WOW,S-UNIWARD,WOW,S-UNIWARD,HILL,HUGO,MiPOD,,"WOW,S-UNIWARD,HILL,HUGO,MiPOD",5,0,1.0,1.0,0.0,1.0,1.0,5,1.0,1.0,5,1.0,1.0,5,1.0,1.0,5,1.0,1.0,5
COVER__test__2091.pgm,2091.pgm,COVER,0,UNKNOWN_OR_COVER,UNKNOWN,,HUGO,S-UNIWARD,MiPOD,HILL,WOW,,,0,0,0.8402685638133027,0.8200021436049619,0.020266420208340796,0.5647202600181326,0.4,2,0.8200021436049619,0.4,2,0.6855078215881327,0.6,3,0.8402685638133027,0.6,3,0.7731301462164739,0.6,3
COVER__test__210.pgm,210.pgm,COVER,0,SINGLE_CANDIDATE,HUGO,,HUGO,S-UNIWARD,HILL,MiPOD,WOW,,HUGO,1,0,0.9052078237131498,0.8947078406239679,0.010499983089181875,0.6891789936596788,0.4,2,0.8947078406239679,0.6,3,0.818152757179989,0.6,3,0.9052078237131498,0.6,3,0.8017438339859929,0.6,3
COVER__test__2103.pgm,2103.pgm,COVER,0,MULTI_CANDIDATE,WOW,S-UNIWARD,WOW,S-UNIWARD,HILL,HUGO,MiPOD,,"WOW,S-UNIWARD,HILL,HUGO,MiPOD",5,0,0.9599643323548868,0.9599643323548868,0.0,0.9599643323548868,0.8,4,0.9599643323548868,0.8,4,0.9599643323548868,0.8,4,0.9599643323548868,0.8,4,0.9599643323548868,0.8,4
COVER__test__2106.pgm,2106.pgm,COVER,0,UNKNOWN_OR_COVER,UNKNOWN,,HUGO,S-UNIWARD,WOW,HILL,MiPOD,,,0,0,0.8499789667753674,0.8243933133373353,0.025585653438032097,0.7714876362734314,0.6,3,0.8243933133373353,0.4,2,0.7132914236006119,0.4,2,0.8499789667753674,0.8,4,0.689477689836847,0.4,2
COVER__test__2107.pgm,2107.pgm,COVER,0,UNKNOWN_OR_COVER,UNKNOWN,,S-UNIWARD,HUGO,HILL,MiPOD,WOW,,,0,0,0.8793477969917639,0.8793477969917639,0.0,0.7094594820752678,0.4,2,0.8793477969917639,0.8,4,0.7909301205575544,0.6,3,0.8793477969917639,0.8,4,0.7594643130073074,0.6,3
COVER__test__2108.pgm,2108.pgm,COVER,0,MULTI_CANDIDATE,S-UNIWARD,HILL,S-UNIWARD,HILL,HUGO,MiPOD,WOW,,"S-UNIWARD,HILL,HUGO,MiPOD",4,0,1.0,1.0,0.0,0.8520642674244133,0.8,4,1.0,1.0,5,1.0,1.0,5,1.0,1.0,5,1.0,1.0,5
COVER__test__2109.pgm,2109.pgm,COVER,0,MULTI_CANDIDATE,WOW,S-UNIWARD,WOW,S-UNIWARD,HILL,HUGO,MiPOD,,"WOW,S-UNIWARD,HILL,HUGO,MiPOD",5,0,0.9430605000595337,0.9430605000595337,0.0,0.9430605000595337,0.8,4,0.9430605000595337,0.8,4,0.9430605000595337,0.8,4,0.9430605000595337,0.8,4,0.9430605000595337,0.8,4
COVER__test__2118.pgm,2118.pgm,COVER,0,UNKNOWN_OR_COVER,UNKNOWN,,HUGO,S-UNIWARD,MiPOD,WOW,HILL,,,0,0,0.8645314592576112,0.8379564082389026,0.026575051018708606,0.6882105718183407,0.4,2,0.8379564082389026,0.4,2,0.6218074547445297,0.4,2,0.8645314592576112,0.4,2,0.6902551689335472,0.4,2
COVER__test__2123.pgm,2123.pgm,COVER,0,UNKNOWN_OR_COVER,UNKNOWN,,HUGO,S-UNIWARD,MiPOD,HILL,WOW,,,0,0,0.8542616105499444,0.8283201989063546,0.025941411643589873,0.6702533200835964,0.2,1,0.8283201989063546,0.4,2,0.7145767488225578,0.2,1,0.8542616105499444,0.4,2,0.7790884800592591,0.2,1
COVER__test__2129.pgm,2129.pgm,COVER,0,UNKNOWN_OR_COVER,UNKNOWN,,MiPOD,HILL,S-UNIWARD,HUGO,WOW,,,0,0,0.8488793672224979,0.8478186069067828,0.0010607603157151146,0.6881987590441148,0.6,3,0.8137405114852992,0.4,2,0.8478186069067828,0.6,3,0.802827895671804,0.6,3,0.8488793672224979,0.6,3
COVER__test__2135.pgm,2135.pgm,COVER,0,MULTI_CANDIDATE,WOW,S-UNIWARD,WOW,S-UNIWARD,HILL,MiPOD,HUGO,,"WOW,S-UNIWARD,HILL,MiPOD,HUGO",5,0,1.0,1.0,0.0,1.0,1.0,5,1.0,1.0,5,1.0,1.0,5,0.958222746923111,0.8,4,1.0,1.0,5
COVER__test__214.pgm,214.pgm,COVER,0,UNKNOWN_OR_COVER,UNKNOWN,,HUGO,S-UNIWARD,MiPOD,WOW,HILL,,,0,0,0.877401772930955,0.8703902126925422,0.007011560238412762,0.7386564726342884,0.4,2,0.8703902126925422,0.6,3,0.7167207596786186,0.6,3,0.877401772930955,0.8,4,0.767881947367774,0.4,2
COVER__test__2145.pgm,2145.pgm,COVER,0,MULTI_CANDIDATE,HUGO,MiPOD,HUGO,MiPOD,HILL,S-UNIWARD,WOW,,"HUGO,MiPOD,HILL,S-UNIWARD",4,0,0.9251046266225751,0.9237213687283994,0.0013832578941757045,0.7639725829472869,0.6,3,0.9179537083699199,0.6,3,0.9226667599964475,0.6,3,0.9251046266225751,0.6,3,0.9237213687283994,0.6,3
COVER__test__2157.pgm,2157.pgm,COVER,0,SINGLE_CANDIDATE,HUGO,,HUGO,S-UNIWARD,MiPOD,HILL,WOW,,HUGO,1,0,0.9120653424094879,0.896512092831728,0.015553249577759942,0.634098832358724,0.2,1,0.896512092831728,0.6,3,0.6863518044232093,0.4,2,0.9120653424094879,0.6,3,0.7366128737717903,0.4,2
COVER__test__2159.pgm,2159.pgm,COVER,0,MULTI_CANDIDATE,WOW,S-UNIWARD,WOW,S-UNIWARD,HILL,HUGO,MiPOD,,"WOW,S-UNIWARD,HILL,HUGO,MiPOD",5,0,1.0,1.0,0.0,1.0,1.0,5,1.0,1.0,5,1.0,1.0,5,1.0,1.0,5,1.0,1.0,5
COVER__test__216.pgm,216.pgm,COVER,0,MULTI_CANDIDATE,S-UNIWARD,HILL,S-UNIWARD,HILL,HUGO,MiPOD,WOW,,"S-UNIWARD,HILL,HUGO,MiPOD,WOW",5,0,1.0,1.0,0.0,0.9535749832296816,0.8,4,1.0,1.0,5,1.0,1.0,5,1.0,1.0,5,1.0,1.0,5
COVER__test__2161.pgm,2161.pgm,COVER,0,MULTI_CANDIDATE,HUGO,S-UNIWARD,HUGO,S-UNIWARD,MiPOD,HILL,WOW,,"HUGO,S-UNIWARD,MiPOD",3,0,0.9846420094085035,0.969209856887977,0.015432152520526543,0.7456497755822454,0.6,3,0.969209856887977,0.8,4,0.8344743971647812,0.8,4,0.9846420094085035,0.8,4,0.9194961867962753,0.8,4
COVER__test__2174.pgm,2174.pgm,COVER,0,MULTI_CANDIDATE,HUGO,S-UNIWARD,HUGO,S-UNIWARD,MiPOD,HILL,WOW,,"HUGO,S-UNIWARD",2,0,0.9336426526825861,0.9018444545852897,0.03179819809729634,0.597868648855086,0.4,2,0.9018444545852897,0.4,2,0.6930400930241057,0.4,2,0.9336426526825861,0.6,3,0.7629003130572187,0.6,3
COVER__test__2179.pgm,2179.pgm,COVER,0,MULTI_CANDIDATE,S-UNIWARD,HILL,S-UNIWARD,HILL,HUGO,MiPOD,WOW,,"S-UNIWARD,HILL,HUGO,MiPOD,WOW",5,0,1.0,1.0,0.0,0.9457741240394153,0.8,4,1.0,1.0,5,1.0,1.0,5,1.0,1.0,5,1.0,1.0,5
COVER__test__2181.pgm,2181.pgm,COVER,0,MULTI_CANDIDATE,HUGO,S-UNIWARD,HUGO,S-UNIWARD,MiPOD,HILL,WOW,,"HUGO,S-UNIWARD",2,0,0.9259744357100018,0.9099330257423738,0.01604140996762804,0.6458129625040281,0.4,2,0.9099330257423738,0.4,2,0.7635056104646505,0.6,3,0.9259744357100018,0.8,4,0.8177771555213568,0.4,2
COVER__test__2183.pgm,2183.pgm,COVER,0,MULTI_CANDIDATE,WOW,S-UNIWARD,WOW,S-UNIWARD,HILL,HUGO,MiPOD,,"WOW,S-UNIWARD,HILL,HUGO,MiPOD",5,0,1.0,1.0,0.0,1.0,1.0,5,1.0,1.0,5,1.0,1.0,5,1.0,1.0,5,1.0,1.0,5
COVER__test__2186.pgm,2186.pgm,COVER,0,UNKNOWN_OR_COVER,UNKNOWN,,MiPOD,HILL,HUGO,S-UNIWARD,WOW,,,0,0,0.8242089841009808,0.8235304417945347,0.0006785423064460394,0.6626570582996566,0.4,2,0.8136981505554963,0.6,3,0.8235304417945347,0.6,3,0.8175297946794189,0.6,3,0.8242089841009808,0.6,3
COVER__test__2189.pgm,2189.pgm,COVER,0,MULTI_CANDIDATE,HUGO,HILL,HUGO,HILL,S-UNIWARD,MiPOD,WOW,,"HUGO,HILL,S-UNIWARD,MiPOD",4,0,0.9770305391881475,0.9746044884847944,0.002426050703353111,0.8166794749824365,0.6,3,0.9699142802137871,0.6,3,0.9746044884847944,0.6,3,0.9770305391881475,0.6,3,0.9301176744617035,0.4,2
COVER__test__2195.pgm,2195.pgm,COVER,0,MULTI_CANDIDATE,S-UNIWARD,HILL,S-UNIWARD,HILL,HUGO,MiPOD,WOW,,"S-UNIWARD,HILL,HUGO,MiPOD",4,0,1.0,1.0,0.0,0.8410622930617062,0.8,4,1.0,1.0,5,1.0,1.0,5,1.0,1.0,5,1.0,1.0,5
COVER__test__22.pgm,22.pgm,COVER,0,UNKNOWN_OR_COVER,UNKNOWN,,HUGO,S-UNIWARD,HILL,WOW,MiPOD,,,0,0,0.8177253672136813,0.807277155124428,0.010448212089253284,0.7188973627028801,0.4,2,0.807277155124428,0.6,3,0.7310995325949913,0.6,3,0.8177253672136813,0.6,3,0.7147715148990603,0.6,3
COVER__test__220.pgm,220.pgm,COVER,0,MULTI_CANDIDATE,S-UNIWARD,HUGO,S-UNIWARD,HUGO,MiPOD,HILL,WOW,,"S-UNIWARD,HUGO,MiPOD",3,0,1.0,1.0,0.0,0.754769285173559,0.6,3,1.0,1.0,5,0.8536421033927363,0.8,4,1.0,1.0,5,0.9859358635489631,0.8,4
COVER__test__2204.pgm,2204.pgm,COVER,0,MULTI_CANDIDATE,S-UNIWARD,HUGO,S-UNIWARD,HUGO,MiPOD,HILL,WOW,,"S-UNIWARD,HUGO,MiPOD",3,0,0.9599643323548868,0.9599643323548868,0.0,0.8035790580554659,0.6,3,0.9599643323548868,0.8,4,0.8680325397612526,0.6,3,0.9599643323548868,0.8,4,0.9599643323548868,0.8,4
COVER__test__2206.pgm,2206.pgm,COVER,0,UNKNOWN_OR_COVER,UNKNOWN,,HUGO,HILL,S-UNIWARD,MiPOD,WOW,,,0,0,0.7649193993757362,0.748015567080383,0.016903832295353194,0.6043981926442626,0.4,2,0.7474755557438852,0.4,2,0.748015567080383,0.6,3,0.7649193993757362,0.6,3,0.7063403604470777,0.4,2
COVER__test__2235.pgm,2235.pgm,COVER,0,MULTI_CANDIDATE,S-UNIWARD,HILL,S-UNIWARD,HILL,HUGO,MiPOD,WOW,,"S-UNIWARD,HILL,HUGO,MiPOD",4,0,1.0,1.0,0.0,0.8529526691876026,0.8,4,1.0,1.0,5,1.0,1.0,5,1.0,1.0,5,1.0,1.0,5
COVER__test__2240.pgm,2240.pgm,COVER,0,MULTI_CANDIDATE,WOW,S-UNIWARD,WOW,S-UNIWARD,HILL,HUGO,MiPOD,,"WOW,S-UNIWARD,HILL,HUGO,MiPOD",5,0,1.0,1.0,0.0,1.0,1.0,5,1.0,1.0,5,1.0,1.0,5,1.0,1.0,5,1.0,1.0,5
COVER__test__2247.pgm,2247.pgm,COVER,0,MULTI_CANDIDATE,HUGO,S-UNIWARD,HUGO,S-UNIWARD,MiPOD,HILL,WOW,,"HUGO,S-UNIWARD",2,0,0.9743278663636195,0.9578837569689773,0.016444109394642137,0.7025870465682227,0.4,2,0.9578837569689773,0.6,3,0.7461475936269313,0.6,3,0.9743278663636195,0.8,4,0.8501456644216899,0.8,4
COVER__test__2248.pgm,2248.pgm,COVER,0,UNKNOWN_OR_COVER,UNKNOWN,,HUGO,S-UNIWARD,HILL,MiPOD,WOW,,,0,0,0.8292860913425504,0.8134680239399253,0.015818067402625036,0.5880851858923066,0.4,2,0.8134680239399253,0.4,2,0.7070743863380522,0.2,1,0.8292860913425504,0.6,3,0.6872232698258924,0.4,2
COVER__test__225.pgm,225.pgm,COVER,0,MULTI_CANDIDATE,HUGO,S-UNIWARD,HUGO,S-UNIWARD,MiPOD,HILL,WOW,,"HUGO,S-UNIWARD",2,0,0.956530639884744,0.9452146830982567,0.011315956786487225,0.7564694549451123,0.6,3,0.9452146830982567,0.8,4,0.8370631979404463,0.6,3,0.956530639884744,0.8,4,0.8450262663285303,0.8,4
COVER__test__2253.pgm,2253.pgm,COVER,0,MULTI_CANDIDATE,HUGO,S-UNIWARD,HUGO,S-UNIWARD,MiPOD,HILL,WOW,,"HUGO,S-UNIWARD",2,0,0.9362157986185199,0.9096781277013537,0.02653767091716619,0.5781216621344677,0.2,1,0.9096781277013537,0.4,2,0.6610049775663447,0.4,2,0.9362157986185199,0.6,3,0.7268568454901982,0.4,2
COVER__test__2256.pgm,2256.pgm,COVER,0,MULTI_CANDIDATE,HUGO,S-UNIWARD,HUGO,S-UNIWARD,MiPOD,HILL,WOW,,"HUGO,S-UNIWARD",2,0,0.9980178291352398,0.9839403704566845,0.014077458678555366,0.6597720206948299,0.4,2,0.9839403704566845,0.6,3,0.7307173356988935,0.4,2,0.9980178291352398,0.8,4,0.8017443577827799,0.4,2
COVER__test__226.pgm,226.pgm,COVER,0,MULTI_CANDIDATE,S-UNIWARD,HILL,S-UNIWARD,HILL,HUGO,MiPOD,WOW,,"S-UNIWARD,HILL,HUGO,MiPOD,WOW",5,0,1.0,1.0,0.0,0.9545613266053443,0.8,4,1.0,1.0,5,1.0,1.0,5,1.0,1.0,5,1.0,1.0,5
COVER__test__2260.pgm,2260.pgm,COVER,0,MULTI_CANDIDATE,HUGO,S-UNIWARD,HUGO,S-UNIWARD,MiPOD,HILL,WOW,,"HUGO,S-UNIWARD",2,0,0.9286409275220155,0.9027982933806109,0.02584263414140464,0.6091865622084518,0.4,2,0.9027982933806109,0.6,3,0.6921552748550899,0.6,3,0.9286409275220155,0.6,3,0.7609327067341989,0.6,3
COVER__test__2275.pgm,2275.pgm,COVER,0,UNKNOWN_OR_COVER,UNKNOWN,,HUGO,S-UNIWARD,WOW,MiPOD,HILL,,,0,0,0.7925313094575278,0.7559627731231051,0.0365685363344227,0.6761342121064657,0.4,2,0.7559627731231051,0.4,2,0.5563827926331661,0.2,1,0.7925313094575278,0.6,3,0.6032969662767818,0.2,1
COVER__test__228.pgm,228.pgm,COVER,0,UNKNOWN_OR_COVER,UNKNOWN,,HUGO,MiPOD,S-UNIWARD,HILL,WOW,,,0,0,0.8072907351204874,0.7937706838836618,0.013520051236825648,0.5814990532952427,0.2,1,0.788978375242615,0.4,2,0.6571323006165519,0.4,2,0.8072907351204874,0.6,3,0.7937706838836618,0.6,3
COVER__test__2296.pgm,2296.pgm,COVER,0,MULTI_CANDIDATE,S-UNIWARD,HILL,S-UNIWARD,HILL,HUGO,MiPOD,WOW,,"S-UNIWARD,HILL,HUGO,MiPOD,WOW",5,0,1.0,1.0,0.0,0.9993061304398019,0.8,4,1.0,1.0,5,1.0,1.0,5,1.0,1.0,5,1.0,1.0,5
COVER__test__2297.pgm,2297.pgm,COVER,0,MULTI_CANDIDATE,WOW,S-UNIWARD,WOW,S-UNIWARD,HILL,HUGO,MiPOD,,"WOW,S-UNIWARD,HILL,HUGO,MiPOD",5,0,1.0,1.0,0.0,1.0,1.0,5,1.0,1.0,5,1.0,1.0,5,1.0,1.0,5,1.0,1.0,5
COVER__test__2326.pgm,2326.pgm,COVER,0,UNKNOWN_OR_COVER,UNKNOWN,,S-UNIWARD,HILL,HUGO,MiPOD,WOW,,,0,0,0.8793477969917639,0.8793477969917639,0.0,0.7212805950320437,0.6,3,0.8793477969917639,0.8,4,0.8793477969917639,0.8,4,0.8793477969917639,0.8,4,0.8793477969917639,0.8,4
COVER__test__2329.pgm,2329.pgm,COVER,0,SINGLE_CANDIDATE,HUGO,,HUGO,S-UNIWARD,MiPOD,HILL,WOW,,HUGO,1,0,0.9304883566331792,0.8973043455788104,0.033184011054368745,0.5957380700191186,0.4,2,0.8973043455788104,0.4,2,0.689976189704735,0.4,2,0.9304883566331792,0.4,2,0.7606048457308938,0.4,2
COVER__test__233.pgm,233.pgm,COVER,0,MULTI_CANDIDATE,S-UNIWARD,HILL,S-UNIWARD,HILL,HUGO,MiPOD,WOW,,"S-UNIWARD,HILL,HUGO,MiPOD",4,0,1.0,1.0,0.0,0.841463254525002,0.8,4,1.0,1.0,5,1.0,1.0,5,1.0,1.0,5,1.0,1.0,5
COVER__test__2338.pgm,2338.pgm,COVER,0,MULTI_CANDIDATE,HUGO,S-UNIWARD,HUGO,S-UNIWARD,MiPOD,HILL,WOW,,"HUGO,S-UNIWARD",2,0,0.938930152405438,0.9111748353641103,0.02775531704132772,0.5804305210974565,0.2,1,0.9111748353641103,0.2,1,0.6627243636855789,0.2,1,0.938930152405438,0.6,3,0.7300167114573175,0.4,2
COVER__test__2342.pgm,2342.pgm,COVER,0,MULTI_CANDIDATE,HUGO,S-UNIWARD,HUGO,S-UNIWARD,MiPOD,HILL,WOW,,"HUGO,S-UNIWARD",2,0,0.9973850988641626,0.9674105974531638,0.029974501410998777,0.636552708574746,0.4,2,0.9674105974531638,0.4,2,0.7192146048965903,0.4,2,0.9973850988641626,0.8,4,0.787198463918555,0.6,3
COVER__test__2344.pgm,2344.pgm,COVER,0,MULTI_CANDIDATE,HUGO,S-UNIWARD,HUGO,S-UNIWARD,MiPOD,HILL,WOW,,"HUGO,S-UNIWARD,MiPOD",3,0,0.9907790946314112,0.9697406633461327,0.02103843128527849,0.7147921379126304,0.6,3,0.9697406633461327,0.6,3,0.8353118180652913,0.6,3,0.9907790946314112,0.8,4,0.9234679713567366,0.8,4
COVER__test__2349.pgm,2349.pgm,COVER,0,MULTI_CANDIDATE,WOW,HILL,WOW,HILL,MiPOD,S-UNIWARD,HUGO,,"WOW,HILL,MiPOD,S-UNIWARD,HUGO",5,0,1.0,1.0,0.0,1.0,1.0,5,0.947242587385427,0.8,4,1.0,1.0,5,0.9318736024120147,0.8,4,0.9948362129713869,0.8,4
COVER__test__2350.pgm,2350.pgm,COVER,0,UNKNOWN_OR_COVER,UNKNOWN,,HUGO,S-UNIWARD,MiPOD,HILL,WOW,,,0,0,0.8222009209253658,0.7879484247193366,0.034252496206029215,0.481588323195907,0.2,1,0.7879484247193366,0.2,1,0.5711945355200062,0.2,1,0.8222009209253658,0.2,1,0.6449521743439497,0.2,1
COVER__test__2359.pgm,2359.pgm,COVER,0,MULTI_CANDIDATE,HUGO,S-UNIWARD,HUGO,S-UNIWARD,MiPOD,HILL,WOW,,"HUGO,S-UNIWARD",2,0,0.9414397421012322,0.9145828480167276,0.026856894084504535,0.6029952995163768,0.4,2,0.9145828480167276,0.6,3,0.6955958855473939,0.6,3,0.9414397421012322,0.6,3,0.7674495019430638,0.6,3
COVER__test__2365.pgm,2365.pgm,COVER,0,UNKNOWN_OR_COVER,UNKNOWN,,HUGO,S-UNIWARD,MiPOD,HILL,WOW,,,0,0,0.861181563589161,0.8277223474115443,0.03345921617761671,0.5255321016901728,0.2,1,0.8277223474115443,0.2,1,0.6177300244269601,0.2,1,0.861181563589161,0.2,1,0.6889185929596657,0.2,1
COVER__test__237.pgm,237.pgm,COVER,0,MULTI_CANDIDATE,WOW,S-UNIWARD,WOW,S-UNIWARD,HILL,HUGO,MiPOD,,"WOW,S-UNIWARD,HILL,HUGO,MiPOD",5,0,1.0,1.0,0.0,1.0,1.0,5,1.0,1.0,5,1.0,1.0,5,1.0,1.0,5,1.0,1.0,5
COVER__test__2372.pgm,2372.pgm,COVER,0,MULTI_CANDIDATE,HUGO,S-UNIWARD,HUGO,S-UNIWARD,MiPOD,HILL,WOW,,"HUGO,S-UNIWARD",2,0,1.0,0.9797760508516188,0.020223949148381215,0.6624719776310737,0.4,2,0.9797760508516188,0.6,3,0.736107464910512,0.4,2,1.0,1.0,5,0.802448120278782,0.4,2
COVER__test__2373.pgm,2373.pgm,COVER,0,MULTI_CANDIDATE,HUGO,S-UNIWARD,HUGO,S-UNIWARD,MiPOD,HILL,WOW,,"HUGO,S-UNIWARD,MiPOD",3,0,0.9847926263385416,0.9662196218983125,0.018573004440229135,0.7127895423328126,0.6,3,0.9662196218983125,0.6,3,0.8345025187600916,0.8,4,0.9847926263385416,0.8,4,0.9195936627112319,0.8,4
COVER__test__2375.pgm,2375.pgm,COVER,0,MULTI_CANDIDATE,HUGO,S-UNIWARD,HUGO,S-UNIWARD,MiPOD,WOW,HILL,,"HUGO,S-UNIWARD,MiPOD",3,0,0.9846420094085035,0.969209856887977,0.015432152520526543,0.8737628674951917,0.8,4,0.969209856887977,0.8,4,0.8344743971647812,0.8,4,0.9846420094085035,0.8,4,0.9194961867962753,0.8,4
COVER__test__2376.pgm,2376.pgm,COVER,0,MULTI_CANDIDATE,HUGO,S-UNIWARD,HUGO,S-UNIWARD,MiPOD,HILL,WOW,,"HUGO,S-UNIWARD",2,0,0.98651345401174,0.970979347812761,0.015534106198978992,0.6387181438799725,0.4,2,0.970979347812761,0.6,3,0.7177305375461267,0.6,3,0.98651345401174,0.8,4,0.8027273928555079,0.6,3
COVER__test__238.pgm,238.pgm,COVER,0,MULTI_CANDIDATE,HUGO,S-UNIWARD,HUGO,S-UNIWARD,MiPOD,HILL,WOW,,"HUGO,S-UNIWARD",2,0,0.9973934569459209,0.9903049061452588,0.0070885508006620634,0.6993250604483476,0.4,2,0.9903049061452588,0.8,4,0.7508167126452552,0.4,2,0.9973934569459209,0.8,4,0.8546837589639228,0.4,2
COVER__test__2389.pgm,2389.pgm,COVER,0,MULTI_CANDIDATE,HUGO,S-UNIWARD,HUGO,S-UNIWARD,MiPOD,HILL,WOW,,"HUGO,S-UNIWARD",2,0,1.0,0.9991979309875682,0.0008020690124318497,0.6973542405406896,0.4,2,0.9991979309875682,0.8,4,0.755934455514983,0.6,3,1.0,1.0,5,0.843563589208849,0.6,3
COVER__test__2391.pgm,2391.pgm,COVER,0,UNKNOWN_OR_COVER,UNKNOWN,,HILL,MiPOD,HUGO,S-UNIWARD,WOW,,,0,0,0.8198286057296269,0.8198286057296269,0.0,0.6592744655428275,0.4,2,0.8099242602707821,0.6,3,0.8198286057296269,0.8,4,0.8139215588096451,0.6,3,0.8198286057296269,0.8,4
COVER__test__24.pgm,24.pgm,COVER,0,MULTI_CANDIDATE,S-UNIWARD,HILL,S-UNIWARD,HILL,HUGO,MiPOD,WOW,,"S-UNIWARD,HILL,HUGO,MiPOD",4,0,1.0,1.0,0.0,0.8401570325935708,0.8,4,1.0,1.0,5,1.0,1.0,5,1.0,1.0,5,1.0,1.0,5
COVER__test__2421.pgm,2421.pgm,COVER,0,MULTI_CANDIDATE,S-UNIWARD,HUGO,S-UNIWARD,HUGO,MiPOD,HILL,WOW,,"S-UNIWARD,HUGO,MiPOD",3,0,1.0,1.0,0.0,0.8170020709738303,0.6,3,1.0,1.0,5,0.847065678313748,0.8,4,1.0,1.0,5,0.9624362882676015,0.6,3
COVER__test__2423.pgm,2423.pgm,COVER,0,MULTI_CANDIDATE,S-UNIWARD,HILL,S-UNIWARD,HILL,HUGO,MiPOD,WOW,,"S-UNIWARD,HILL,HUGO,MiPOD,WOW",5,0,1.0,1.0,0.0,0.9262760685265761,0.8,4,1.0,1.0,5,1.0,1.0,5,1.0,1.0,5,1.0,1.0,5
COVER__test__2427.pgm,2427.pgm,COVER,0,UNKNOWN_OR_COVER,UNKNOWN,,HUGO,S-UNIWARD,MiPOD,HILL,WOW,,,0,0,0.7788727786054938,0.762179405357858,0.016693373247635757,0.4509435270214558,0.2,1,0.762179405357858,0.4,2,0.5341711528025115,0.2,1,0.7788727786054938,0.6,3,0.62936248308593,0.2,1
COVER__test__243.pgm,243.pgm,COVER,0,MULTI_CANDIDATE,HUGO,S-UNIWARD,HUGO,S-UNIWARD,HILL,MiPOD,WOW,,"HUGO,S-UNIWARD,HILL,MiPOD",4,0,0.9279429381287235,0.914422886891898,0.013520051236825537,0.7682195096259978,0.6,3,0.914422886891898,0.8,4,0.914422886891898,0.8,4,0.9279429381287235,0.8,4,0.914422886891898,0.8,4
COVER__test__2430.pgm,2430.pgm,COVER,0,MULTI_CANDIDATE,S-UNIWARD,HILL,S-UNIWARD,HILL,HUGO,MiPOD,WOW,,"S-UNIWARD,HILL,HUGO,MiPOD",4,0,1.0,1.0,0.0,0.842067237808877,0.8,4,1.0,1.0,5,1.0,1.0,5,1.0,1.0,5,1.0,1.0,5
COVER__test__2441.pgm,2441.pgm,COVER,0,MULTI_CANDIDATE,HUGO,S-UNIWARD,HUGO,S-UNIWARD,MiPOD,HILL,WOW,,"HUGO,S-UNIWARD",2,0,1.0,0.9976836477348447,0.0023163522651552526,0.6869589160893778,0.4,2,0.9976836477348447,0.8,4,0.7514351957936617,0.6,3,1.0,1.0,5,0.8261296076861413,0.6,3
COVER__test__2449.pgm,2449.pgm,COVER,0,UNKNOWN_OR_COVER,UNKNOWN,,S-UNIWARD,HILL,MiPOD,HUGO,WOW,,,0,0,0.8499789667753674,0.8499789667753674,0.0,0.793241874552593,0.6,3,0.8499789667753674,0.8,4,0.8499789667753674,0.8,4,0.8492702007897199,0.6,3,0.8499789667753674,0.8,4
COVER__test__2458.pgm,2458.pgm,COVER,0,MULTI_CANDIDATE,WOW,S-UNIWARD,WOW,S-UNIWARD,HILL,HUGO,MiPOD,,"WOW,S-UNIWARD,HILL,HUGO,MiPOD",5,0,0.9259744357100018,0.9259744357100018,0.0,0.9259744357100018,0.8,4,0.9259744357100018,0.8,4,0.9259744357100018,0.8,4,0.9259744357100018,0.8,4,0.9259744357100018,0.8,4
COVER__test__246.pgm,246.pgm,COVER,0,UNKNOWN_OR_COVER,UNKNOWN,,HUGO,S-UNIWARD,MiPOD,HILL,WOW,,,0,0,0.7215930392079765,0.6869067807270828,0.034686258480893684,0.3777470052617803,0.0,0,0.6869067807270828,0.0,0,0.4668741677369753,0.0,0,0.7215930392079765,0.0,0,0.5415183743905143,0.0,0
COVER__test__2460.pgm,2460.pgm,COVER,0,MULTI_CANDIDATE,MiPOD,HUGO,MiPOD,HUGO,S-UNIWARD,HILL,WOW,,"MiPOD,HUGO,S-UNIWARD",3,0,1.0,0.9958119689410486,0.00418803105895138,0.7750850548717814,0.6,3,0.991779267676427,0.8,4,0.8631252854899689,0.8,4,0.9958119689410486,0.8,4,1.0,1.0,5
COVER__test__2462.pgm,2462.pgm,COVER,0,MULTI_CANDIDATE,HUGO,S-UNIWARD,HUGO,S-UNIWARD,MiPOD,HILL,WOW,,"HUGO,S-UNIWARD",2,0,0.9460843820291276,0.9260155053930355,0.020068876636092137,0.6068449368204462,0.4,2,0.9260155053930355,0.6,3,0.6973356552813178,0.6,3,0.9460843820291276,0.8,4,0.7765469715015888,0.6,3
COVER__test__2468.pgm,2468.pgm,COVER,0,UNKNOWN_OR_COVER,UNKNOWN,,HUGO,S-UNIWARD,MiPOD,HILL,WOW,,,0,0,0.7198822860332202,0.6743676406765273,0.04551464535669292,0.37995804916802467,0.0,0,0.6743676406765273,0.0,0,0.4603698306384339,0.0,0,0.7198822860332202,0.2,1,0.5311504116949094,0.2,1
COVER__test__2472.pgm,2472.pgm,COVER,0,MULTI_CANDIDATE,HUGO,MiPOD,HUGO,MiPOD,S-UNIWARD,HILL,WOW,,"HUGO,MiPOD,S-UNIWARD,HILL",4,0,1.0,1.0,0.0,0.8390925550571607,0.8,4,0.9975085848114034,0.8,4,0.9101063691182094,0.8,4,1.0,1.0,5,1.0,1.0,5
COVER__test__2478.pgm,2478.pgm,COVER,0,MULTI_CANDIDATE,HUGO,S-UNIWARD,HUGO,S-UNIWARD,MiPOD,HILL,WOW,,"HUGO,S-UNIWARD",2,0,0.9974427325831507,0.9746976759421575,0.022745056640993244,0.6578265669832128,0.4,2,0.9746976759421575,0.6,3,0.7330932018373535,0.4,2,0.9974427325831507,0.8,4,0.7975183827617833,0.4,2
COVER__test__248.pgm,248.pgm,COVER,0,UNKNOWN_OR_COVER,UNKNOWN,,HUGO,S-UNIWARD,MiPOD,HILL,WOW,,,0,0,0.8148915131138995,0.768357771389869,0.046533741724030464,0.47332144988943836,0.0,0,0.768357771389869,0.0,0,0.5515859122835258,0.2,1,0.8148915131138995,0.2,1,0.6221279119928298,0.2,1
COVER__test__2480.pgm,2480.pgm,COVER,0,MULTI_CANDIDATE,HUGO,MiPOD,HUGO,MiPOD,S-UNIWARD,HILL,WOW,,"HUGO,MiPOD,S-UNIWARD,HILL",4,0,1.0,1.0,0.0,0.8393683725423932,0.8,4,0.9989021064447388,0.8,4,0.9605924955232776,0.8,4,1.0,1.0,5,1.0,1.0,5
COVER__test__2487.pgm,2487.pgm,COVER,0,MULTI_CANDIDATE,HUGO,S-UNIWARD,HUGO,S-UNIWARD,MiPOD,HILL,WOW,,"HUGO,S-UNIWARD,MiPOD",3,0,1.0,0.9862008462732407,0.013799153726759328,0.7219436791293927,0.6,3,0.9862008462732407,0.6,3,0.8387476983944971,0.6,3,1.0,1.0,5,0.9350213421296084,0.8,4
COVER__test__249.pgm,249.pgm,COVER,0,SINGLE_CANDIDATE,S-UNIWARD,,S-UNIWARD,HUGO,WOW,MiPOD,HILL,,S-UNIWARD,1,0,0.9969765801713579,0.8996067953420812,0.09736978482927672,0.8611057674767919,0.6,3,0.9969765801713579,0.8,4,0.7385215724927772,0.4,2,0.8996067953420812,0.8,4,0.8052325548195629,0.6,3
COVER__test__250.pgm,250.pgm,COVER,0,MULTI_CANDIDATE,WOW,S-UNIWARD,WOW,S-UNIWARD,HILL,HUGO,MiPOD,,"WOW,S-UNIWARD,HILL,HUGO,MiPOD",5,0,1.0,1.0,0.0,1.0,1.0,5,1.0,1.0,5,1.0,1.0,5,1.0,1.0,5,1.0,1.0,5
COVER__test__2504.pgm,2504.pgm,COVER,0,UNKNOWN_OR_COVER,UNKNOWN,,HUGO,S-UNIWARD,MiPOD,HILL,WOW,,,0,0,0.7779229299872781,0.7318453910953316,0.046077538891946435,0.5054794737276712,0.0,0,0.7318453910953316,0.0,0,0.6051792711257958,0.0,0,0.7779229299872781,0.0,0,0.6960311821267761,0.0,0
COVER__test__2509.pgm,2509.pgm,COVER,0,UNKNOWN_OR_COVER,UNKNOWN,,HUGO,S-UNIWARD,MiPOD,HILL,WOW,,,0,0,0.7615557175411155,0.7137408410025045,0.04781487653861105,0.4227239946701462,0.0,0,0.7137408410025045,0.0,0,0.501296589725816,0.0,0,0.7615557175411155,0.2,1,0.5728538162716216,0.0,0
COVER__test__251.pgm,251.pgm,COVER,0,MULTI_CANDIDATE,WOW,S-UNIWARD,WOW,S-UNIWARD,HILL,HUGO,MiPOD,,"WOW,S-UNIWARD,HILL,HUGO,MiPOD",5,0,1.0,1.0,0.0,1.0,1.0,5,1.0,1.0,5,1.0,1.0,5,1.0,1.0,5,1.0,1.0,5
COVER__test__2513.pgm,2513.pgm,COVER,0,SINGLE_CANDIDATE,HUGO,,HUGO,S-UNIWARD,MiPOD,HILL,WOW,,HUGO,1,0,0.9309995115735129,0.8998695842381821,0.03112992733533082,0.5963336423389259,0.4,2,0.8998695842381821,0.4,2,0.6923475442793705,0.4,2,0.9309995115735129,0.6,3,0.7623577340645032,0.6,3
COVER__test__2523.pgm,2523.pgm,COVER,0,UNKNOWN_OR_COVER,UNKNOWN,,HUGO,S-UNIWARD,MiPOD,HILL,WOW,,,0,0,0.8949298747607417,0.8827157009188158,0.012214173841925913,0.5541870563174521,0.2,1,0.8827157009188158,0.6,3,0.6353407456245457,0.4,2,0.8949298747607417,0.6,3,0.7190410934508511,0.4,2
COVER__test__2525.pgm,2525.pgm,COVER,0,MULTI_CANDIDATE,HUGO,S-UNIWARD,HUGO,S-UNIWARD,MiPOD,HILL,WOW,,"HUGO,S-UNIWARD",2,0,0.9430605000595337,0.9383742292907881,0.004686270768745615,0.7531728696880517,0.4,2,0.9383742292907881,0.6,3,0.7849280125044895,0.4,2,0.9430605000595337,0.8,4,0.8286167278178797,0.6,3
COVER__test__254.pgm,254.pgm,COVER,0,MULTI_CANDIDATE,WOW,S-UNIWARD,WOW,S-UNIWARD,HILL,HUGO,MiPOD,,"WOW,S-UNIWARD,HILL,HUGO,MiPOD",5,0,1.0,1.0,0.0,1.0,1.0,5,1.0,1.0,5,1.0,1.0,5,1.0,1.0,5,1.0,1.0,5
COVER__test__2554.pgm,2554.pgm,COVER,0,MULTI_CANDIDATE,HUGO,S-UNIWARD,HUGO,S-UNIWARD,MiPOD,HILL,WOW,,"HUGO,S-UNIWARD",2,0,1.0,0.9659991997437807,0.03400080025621932,0.6464391415840625,0.4,2,0.9659991997437807,0.2,1,0.7033614143825806,0.2,1,1.0,1.0,5,0.7775911122564304,0.4,2
COVER__test__2559.pgm,2559.pgm,COVER,0,MULTI_CANDIDATE,WOW,S-UNIWARD,WOW,S-UNIWARD,HILL,HUGO,MiPOD,,"WOW,S-UNIWARD,HILL,HUGO,MiPOD",5,0,1.0,1.0,0.0,1.0,1.0,5,1.0,1.0,5,1.0,1.0,5,1.0,1.0,5,1.0,1.0,5
COVER__test__2567.pgm,2567.pgm,COVER,0,UNKNOWN_OR_COVER,UNKNOWN,,HUGO,S-UNIWARD,MiPOD,HILL,WOW,,,0,0,0.8933421566920909,0.8671113584646164,0.02623079822747454,0.5899744248344799,0.2,1,0.8671113584646164,0.4,2,0.6531507283750145,0.4,2,0.8933421566920909,0.4,2,0.7237161007512879,0.4,2
COVER__test__257.pgm,257.pgm,COVER,0,MULTI_CANDIDATE,HUGO,S-UNIWARD,HUGO,S-UNIWARD,HILL,MiPOD,WOW,,"HUGO,S-UNIWARD",2,0,0.9444233655041303,0.9339826711825129,0.010440694321617427,0.7492483200797376,0.6,3,0.9339826711825129,0.8,4,0.8578598604869411,0.8,4,0.9444233655041303,0.8,4,0.8415435912358105,0.8,4
COVER__test__2570.pgm,2570.pgm,COVER,0,MULTI_CANDIDATE,S-UNIWARD,HUGO,S-UNIWARD,HUGO,MiPOD,HILL,WOW,,"S-UNIWARD,HUGO,MiPOD,HILL",4,0,1.0,1.0,0.0,0.8907682919208029,0.8,4,1.0,1.0,5,0.9856147904832632,0.8,4,1.0,1.0,5,0.9860494140982731,0.8,4
COVER__test__2576.pgm,2576.pgm,COVER,0,MULTI_CANDIDATE,HUGO,S-UNIWARD,HUGO,S-UNIWARD,WOW,MiPOD,HILL,,"HUGO,S-UNIWARD",2,0,0.9446062977413101,0.929174148900095,0.015432148841215132,0.8337271822636424,0.6,3,0.929174148900095,0.6,3,0.7944387213003322,0.6,3,0.9446062977413101,0.6,3,0.829362063714022,0.4,2
COVER__test__259.pgm,259.pgm,COVER,0,MULTI_CANDIDATE,S-UNIWARD,HILL,S-UNIWARD,HILL,HUGO,MiPOD,WOW,,"S-UNIWARD,HILL,HUGO,MiPOD,WOW",5,0,1.0,1.0,0.0,0.9141904419426051,0.8,4,1.0,1.0,5,1.0,1.0,5,1.0,1.0,5,1.0,1.0,5
COVER__test__2592.pgm,2592.pgm,COVER,0,UNKNOWN_OR_COVER,UNKNOWN,,HUGO,S-UNIWARD,MiPOD,HILL,WOW,,,0,0,0.7933138716121059,0.7795756651559544,0.013738206456151425,0.5269460836625337,0.2,1,0.7795756651559544,0.2,1,0.6370841834702233,0.2,1,0.7933138716121059,0.4,2,0.7378237877711458,0.2,1
COVER__test__2594.pgm,2594.pgm,COVER,0,UNKNOWN_OR_COVER,UNKNOWN,,HUGO,S-UNIWARD,MiPOD,WOW,HILL,,,0,0,0.8784552243018743,0.8713051235076847,0.00715010079418954,0.6961579577278318,0.2,1,0.8713051235076847,0.6,3,0.6944291143639687,0.2,1,0.8784552243018743,0.6,3,0.7677551852020124,0.4,2
COVER__test__2596.pgm,2596.pgm,COVER,0,MULTI_CANDIDATE,WOW,S-UNIWARD,WOW,S-UNIWARD,HILL,HUGO,MiPOD,,"WOW,S-UNIWARD,HILL,HUGO,MiPOD",5,0,0.9599643323548868,0.9599643323548868,0.0,0.9599643323548868,0.8,4,0.9599643323548868,0.8,4,0.9599643323548868,0.8,4,0.9599643323548868,0.8,4,0.9599643323548868,0.8,4
COVER__test__2597.pgm,2597.pgm,COVER,0,UNKNOWN_OR_COVER,UNKNOWN,,HUGO,S-UNIWARD,MiPOD,HILL,WOW,,,0,0,0.8565251129693975,0.825015964661503,0.03150914830789453,0.5221417409613481,0.2,1,0.825015964661503,0.2,1,0.6179217577994306,0.2,1,0.8565251129693975,0.4,2,0.6878452881454079,0.4,2
COVER__test__2605.pgm,2605.pgm,COVER,0,MULTI_CANDIDATE,HILL,HUGO,HILL,HUGO,MiPOD,S-UNIWARD,WOW,,"HILL,HUGO,MiPOD,S-UNIWARD",4,0,0.9259744357100018,0.9259744357100018,0.0,0.7654013603261636,0.6,3,0.92517236669757,0.6,3,0.9259744357100018,0.8,4,0.9259744357100018,0.8,4,0.9259744357100018,0.8,4
COVER__test__2609.pgm,2609.pgm,COVER,0,MULTI_CANDIDATE,HUGO,S-UNIWARD,HUGO,S-UNIWARD,MiPOD,HILL,WOW,,"HUGO,S-UNIWARD",2,0,0.9386973303188583,0.9055839305077138,0.03311339981114447,0.5992804868772977,0.4,2,0.9055839305077138,0.4,2,0.692570320972512,0.4,2,0.9386973303188583,0.6,3,0.7664307395409655,0.4,2
COVER__test__2614.pgm,2614.pgm,COVER,0,SINGLE_CANDIDATE,HUGO,,HUGO,S-UNIWARD,MiPOD,HILL,WOW,,HUGO,1,0,0.9109468620261921,0.8954870936660679,0.015459768360124193,0.65724679616747,0.4,2,0.8954870936660679,0.6,3,0.7605105248144561,0.6,3,0.9109468620261921,0.6,3,0.8456844609531619,0.6,3
COVER__test__2619.pgm,2619.pgm,COVER,0,MULTI_CANDIDATE,HUGO,S-UNIWARD,HUGO,S-UNIWARD,MiPOD,HILL,WOW,,"HUGO,S-UNIWARD",2,0,0.9656181725688036,0.9536452573285317,0.011972915240271886,0.7357336923787903,0.6,3,0.9536452573285317,0.8,4,0.7699702889661579,0.6,3,0.9656181725688036,0.8,4,0.8476403083282499,0.8,4
COVER__test__2632.pgm,2632.pgm,COVER,0,MULTI_CANDIDATE,HUGO,S-UNIWARD,HUGO,S-UNIWARD,MiPOD,HILL,WOW,,"HUGO,S-UNIWARD",2,0,0.9984342436260002,0.99130831737547,0.007125926250530212,0.6818095305021333,0.4,2,0.99130831737547,0.8,4,0.7390678741524567,0.4,2,0.9984342436260002,0.8,4,0.8491718678427649,0.4,2
COVER__test__264.pgm,264.pgm,COVER,0,UNKNOWN_OR_COVER,UNKNOWN,,HUGO,S-UNIWARD,MiPOD,HILL,WOW,,,0,0,0.8580110444866318,0.8403945006787312,0.017616543807900564,0.5823651205942968,0.2,1,0.8403945006787312,0.4,2,0.6370651439407833,0.2,1,0.8580110444866318,0.4,2,0.753288462165695,0.4,2
COVER__test__2642.pgm,2642.pgm,COVER,0,SINGLE_CANDIDATE,HUGO,,HUGO,S-UNIWARD,MiPOD,HILL,WOW,,HUGO,1,0,0.9264102081942381,0.8934023190357779,0.0330078891584602,0.5948202599778272,0.4,2,0.8934023190357779,0.4,2,0.6864455644077782,0.4,2,0.9264102081942381,0.4,2,0.7567892846710833,0.4,2
COVER__test__2647.pgm,2647.pgm,COVER,0,UNKNOWN_OR_COVER,UNKNOWN,,S-UNIWARD,HILL,MiPOD,HUGO,WOW,,,0,0,0.8198286057296269,0.8198286057296269,0.0,0.720111824597689,0.6,3,0.8198286057296269,0.8,4,0.8198286057296269,0.8,4,0.8020245122419409,0.6,3,0.8198286057296269,0.8,4
COVER__test__2670.pgm,2670.pgm,COVER,0,UNKNOWN_OR_COVER,UNKNOWN,,HUGO,MiPOD,S-UNIWARD,HILL,WOW,,,0,0,0.7965567490867645,0.793976407013636,0.0025803420731285165,0.5602390379633941,0.2,1,0.7856141324768263,0.4,2,0.6555582072590207,0.2,1,0.7965567490867645,0.4,2,0.793976407013636,0.2,1
COVER__test__2674.pgm,2674.pgm,COVER,0,MULTI_CANDIDATE,WOW,S-UNIWARD,WOW,S-UNIWARD,HILL,HUGO,MiPOD,,"WOW,S-UNIWARD,HILL,HUGO,MiPOD",5,0,0.9599643323548868,0.9599643323548868,0.0,0.9599643323548868,0.8,4,0.9599643323548868,0.8,4,0.9599643323548868,0.8,4,0.9599643323548868,0.8,4,0.9599643323548868,0.8,4
COVER__test__2676.pgm,2676.pgm,COVER,0,UNKNOWN_OR_COVER,UNKNOWN,,HUGO,S-UNIWARD,HILL,MiPOD,WOW,,,0,0,0.836757546602614,0.8366970462242659,6.0500378348149475e-05,0.6356687634110865,0.4,2,0.8366970462242659,0.4,2,0.7641826635088848,0.4,2,0.836757546602614,0.2,1,0.7486829876350026,0.4,2
COVER__test__268.pgm,268.pgm,COVER,0,MULTI_CANDIDATE,WOW,S-UNIWARD,WOW,S-UNIWARD,HILL,HUGO,MiPOD,,"WOW,S-UNIWARD,HILL,HUGO,MiPOD",5,0,1.0,1.0,0.0,1.0,1.0,5,1.0,1.0,5,1.0,1.0,5,1.0,1.0,5,1.0,1.0,5
COVER__test__2680.pgm,2680.pgm,COVER,0,UNKNOWN_OR_COVER,UNKNOWN,,HUGO,S-UNIWARD,MiPOD,HILL,WOW,,,0,0,0.7351272035646844,0.7019652624780076,0.033161941086676805,0.511161237175837,0.2,1,0.7019652624780076,0.2,1,0.5612542719160769,0.2,1,0.7351272035646844,0.4,2,0.6105171295262183,0.4,2
COVER__test__2685.pgm,2685.pgm,COVER,0,MULTI_CANDIDATE,MiPOD,HILL,MiPOD,HILL,S-UNIWARD,HUGO,WOW,,"MiPOD,HILL,S-UNIWARD,HUGO",4,0,0.9987924271823561,0.9977322427013512,0.0010601844810048666,0.8381990446194665,0.8,4,0.9867776411808622,0.6,3,0.9977322427013512,0.8,4,0.9735565185321073,0.8,4,0.9987924271823561,0.8,4
COVER__test__2687.pgm,2687.pgm,COVER,0,MULTI_CANDIDATE,HUGO,S-UNIWARD,HUGO,S-UNIWARD,MiPOD,HILL,WOW,,"HUGO,S-UNIWARD",2,0,0.9558506241714971,0.930440183829609,0.025410440341888108,0.611758434961053,0.4,2,0.930440183829609,0.4,2,0.700685993963946,0.4,2,0.9558506241714971,0.8,4,0.7799782026621463,0.6,3
COVER__test__2690.pgm,2690.pgm,COVER,0,MULTI_CANDIDATE,WOW,S-UNIWARD,WOW,S-UNIWARD,HILL,HUGO,MiPOD,,"WOW,S-UNIWARD,HILL,HUGO,MiPOD",5,0,0.9259744357100018,0.9259744357100018,0.0,0.9259744357100018,0.8,4,0.9259744357100018,0.8,4,0.9259744357100018,0.8,4,0.9259744357100018,0.8,4,0.9259744357100018,0.8,4
COVER__test__2692.pgm,2692.pgm,COVER,0,UNKNOWN_OR_COVER,UNKNOWN,,S-UNIWARD,HILL,HUGO,MiPOD,WOW,,,0,0,0.8793477969917639,0.8793477969917639,0.0,0.7191460624114165,0.6,3,0.8793477969917639,0.8,4,0.8793477969917639,0.8,4,0.8793477969917639,0.8,4,0.8793477969917639,0.8,4
COVER__test__2696.pgm,2696.pgm,COVER,0,UNKNOWN_OR_COVER,UNKNOWN,,HUGO,S-UNIWARD,MiPOD,HILL,WOW,,,0,0,0.8499789667753674,0.8300235341667925,0.019955432608574908,0.4976306897653102,0.2,1,0.8300235341667925,0.4,2,0.5749521095387901,0.2,1,0.8499789667753674,0.8,4,0.6448004196910336,0.2,1
COVER__test__2697.pgm,2697.pgm,COVER,0,UNKNOWN_OR_COVER,UNKNOWN,,MiPOD,HILL,HUGO,S-UNIWARD,WOW,,,0,0,0.8433885280156996,0.8427075883154933,0.0006809397002063289,0.6815642498571305,0.4,2,0.83258578309087,0.4,2,0.8427075883154933,0.6,3,0.8366857399962442,0.6,3,0.8433885280156996,0.6,3
COVER__test__2699.pgm,2699.pgm,COVER,0,MULTI_CANDIDATE,WOW,S-UNIWARD,WOW,S-UNIWARD,HILL,HUGO,MiPOD,,"WOW,S-UNIWARD,HILL,HUGO,MiPOD",5,0,1.0,1.0,0.0,1.0,1.0,5,1.0,1.0,5,1.0,1.0,5,1.0,1.0,5,1.0,1.0,5
COVER__test__270.pgm,270.pgm,COVER,0,MULTI_CANDIDATE,S-UNIWARD,HILL,S-UNIWARD,HILL,HUGO,MiPOD,WOW,,"S-UNIWARD,HILL,HUGO,MiPOD",4,0,1.0,1.0,0.0,0.8505048490556115,0.8,4,1.0,1.0,5,1.0,1.0,5,1.0,1.0,5,1.0,1.0,5
COVER__test__2702.pgm,2702.pgm,COVER,0,MULTI_CANDIDATE,WOW,HILL,WOW,HILL,HUGO,MiPOD,S-UNIWARD,,"WOW,HILL,HUGO,MiPOD,S-UNIWARD",5,0,1.0,1.0,0.0,1.0,1.0,5,0.9983141541158048,0.8,4,1.0,1.0,5,1.0,1.0,5,1.0,1.0,5
COVER__test__2707.pgm,2707.pgm,COVER,0,MULTI_CANDIDATE,HUGO,S-UNIWARD,HUGO,S-UNIWARD,MiPOD,HILL,WOW,,"HUGO,S-UNIWARD,MiPOD",3,0,0.9788998661903078,0.9564801967533055,0.022419669437002243,0.7108819124578286,0.6,3,0.9564801967533055,0.6,3,0.8261596413063605,0.6,3,0.9788998661903078,0.6,3,0.9123206952444253,0.6,3
COVER__test__271.pgm,271.pgm,COVER,0,MULTI_CANDIDATE,WOW,S-UNIWARD,WOW,S-UNIWARD,HILL,HUGO,MiPOD,,"WOW,S-UNIWARD,HILL,HUGO,MiPOD",5,0,1.0,1.0,0.0,1.0,1.0,5,1.0,1.0,5,1.0,1.0,5,1.0,1.0,5,1.0,1.0,5
COVER__test__2718.pgm,2718.pgm,COVER,0,MULTI_CANDIDATE,HUGO,S-UNIWARD,HUGO,S-UNIWARD,MiPOD,HILL,WOW,,"HUGO,S-UNIWARD",2,0,0.9965525852680074,0.9691754466179756,0.027377138650031774,0.6390870086749355,0.4,2,0.9691754466179756,0.4,2,0.7174581851814732,0.4,2,0.9965525852680074,0.6,3,0.7860097230038151,0.4,2
COVER__test__273.pgm,273.pgm,COVER,0,UNKNOWN_OR_COVER,UNKNOWN,,HUGO,S-UNIWARD,MiPOD,HILL,WOW,,,0,0,0.8417217573839102,0.8118225293503676,0.029899228033542613,0.5022503195483962,0.2,1,0.8118225293503676,0.2,1,0.5961400267339242,0.4,2,0.8417217573839102,0.4,2,0.6667698160536987,0.4,2
COVER__test__2744.pgm,2744.pgm,COVER,0,UNKNOWN_OR_COVER,UNKNOWN,,HUGO,S-UNIWARD,MiPOD,HILL,WOW,,,0,0,0.8793477969917639,0.8602950816669465,0.01905271532481745,0.5241974650659174,0.2,1,0.8602950816669465,0.4,2,0.6023656966635165,0.2,1,0.8793477969917639,0.8,4,0.6732488242975928,0.2,1
COVER__test__2760.pgm,2760.pgm,COVER,0,MULTI_CANDIDATE,HUGO,S-UNIWARD,HUGO,S-UNIWARD,MiPOD,HILL,WOW,,"HUGO,S-UNIWARD",2,0,0.9582131504212527,0.9467755611126089,0.011437589308643803,0.7369256664455713,0.6,3,0.9467755611126089,0.8,4,0.7867831958018806,0.6,3,0.9582131504212527,0.8,4,0.845510242932556,0.8,4
COVER__test__2766.pgm,2766.pgm,COVER,0,UNKNOWN_OR_COVER,UNKNOWN,,HILL,MiPOD,S-UNIWARD,HUGO,WOW,,,0,0,0.8499789667753674,0.8499789667753674,0.0,0.6937485361036314,0.6,3,0.8181094226190471,0.6,3,0.8499789667753674,0.8,4,0.8005601897828261,0.6,3,0.8499789667753674,0.8,4
COVER__test__2767.pgm,2767.pgm,COVER,0,MULTI_CANDIDATE,WOW,S-UNIWARD,WOW,S-UNIWARD,HILL,HUGO,MiPOD,,"WOW,S-UNIWARD,HILL,HUGO,MiPOD",5,0,1.0,1.0,0.0,1.0,1.0,5,1.0,1.0,5,1.0,1.0,5,1.0,1.0,5,1.0,1.0,5
COVER__test__2777.pgm,2777.pgm,COVER,0,MULTI_CANDIDATE,WOW,S-UNIWARD,WOW,S-UNIWARD,HILL,HUGO,MiPOD,,"WOW,S-UNIWARD,HILL,HUGO,MiPOD",5,0,1.0,1.0,0.0,1.0,1.0,5,1.0,1.0,5,1.0,1.0,5,1.0,1.0,5,1.0,1.0,5
COVER__test__2782.pgm,2782.pgm,COVER,0,MULTI_CANDIDATE,HUGO,S-UNIWARD,HUGO,S-UNIWARD,MiPOD,WOW,HILL,,"HUGO,S-UNIWARD,MiPOD",3,0,0.9982745123068554,0.9817029719263404,0.016571540380515004,0.879208933144825,0.8,4,0.9817029719263404,0.8,4,0.83701971348133,0.8,4,0.9982745123068554,0.8,4,0.928318838358944,0.8,4
COVER__test__2783.pgm,2783.pgm,COVER,0,MULTI_CANDIDATE,WOW,S-UNIWARD,WOW,S-UNIWARD,HILL,HUGO,MiPOD,,"WOW,S-UNIWARD,HILL,HUGO,MiPOD",5,0,1.0,1.0,0.0,1.0,1.0,5,1.0,1.0,5,1.0,1.0,5,1.0,1.0,5,1.0,1.0,5
COVER__test__2788.pgm,2788.pgm,COVER,0,MULTI_CANDIDATE,S-UNIWARD,HILL,S-UNIWARD,HILL,HUGO,MiPOD,WOW,,"S-UNIWARD,HILL,HUGO,MiPOD",4,0,1.0,1.0,0.0,0.8537455161405418,0.8,4,1.0,1.0,5,1.0,1.0,5,1.0,1.0,5,1.0,1.0,5
COVER__test__2789.pgm,2789.pgm,COVER,0,MULTI_CANDIDATE,S-UNIWARD,HILL,S-UNIWARD,HILL,HUGO,MiPOD,WOW,,"S-UNIWARD,HILL,HUGO,MiPOD",4,0,1.0,1.0,0.0,0.8760461448101186,0.8,4,1.0,1.0,5,1.0,1.0,5,1.0,1.0,5,1.0,1.0,5
COVER__test__28.pgm,28.pgm,COVER,0,MULTI_CANDIDATE,S-UNIWARD,HILL,S-UNIWARD,HILL,HUGO,MiPOD,WOW,,"S-UNIWARD,HILL,HUGO,MiPOD",4,0,1.0,1.0,0.0,0.8796407769791188,0.8,4,1.0,1.0,5,1.0,1.0,5,1.0,1.0,5,1.0,1.0,5
COVER__test__280.pgm,280.pgm,COVER,0,MULTI_CANDIDATE,WOW,S-UNIWARD,WOW,S-UNIWARD,HILL,HUGO,MiPOD,,"WOW,S-UNIWARD,HILL,HUGO,MiPOD",5,0,1.0,1.0,0.0,1.0,1.0,5,1.0,1.0,5,1.0,1.0,5,1.0,1.0,5,1.0,1.0,5
COVER__test__282.pgm,282.pgm,COVER,0,MULTI_CANDIDATE,WOW,S-UNIWARD,WOW,S-UNIWARD,HILL,HUGO,MiPOD,,"WOW,S-UNIWARD,HILL,HUGO,MiPOD",5,0,1.0,1.0,0.0,1.0,1.0,5,1.0,1.0,5,1.0,1.0,5,1.0,1.0,5,1.0,1.0,5
COVER__test__2831.pgm,2831.pgm,COVER,0,MULTI_CANDIDATE,WOW,S-UNIWARD,WOW,S-UNIWARD,HILL,HUGO,MiPOD,,"WOW,S-UNIWARD,HILL,HUGO,MiPOD",5,0,1.0,1.0,0.0,1.0,1.0,5,1.0,1.0,5,1.0,1.0,5,1.0,1.0,5,1.0,1.0,5
COVER__test__2835.pgm,2835.pgm,COVER,0,MULTI_CANDIDATE,WOW,S-UNIWARD,WOW,S-UNIWARD,HILL,HUGO,MiPOD,,"WOW,S-UNIWARD,HILL,HUGO,MiPOD",5,0,1.0,1.0,0.0,1.0,1.0,5,1.0,1.0,5,1.0,1.0,5,1.0,1.0,5,1.0,1.0,5
COVER__test__2839.pgm,2839.pgm,COVER,0,MULTI_CANDIDATE,HUGO,S-UNIWARD,HUGO,S-UNIWARD,MiPOD,HILL,WOW,,"HUGO,S-UNIWARD",2,0,0.9388311302566554,0.9052359227923288,0.03359520746432665,0.5998236068952494,0.4,2,0.9052359227923288,0.4,2,0.6927880944066316,0.4,2,0.9388311302566554,0.6,3,0.7647945557672282,0.4,2
COVER__test__2852.pgm,2852.pgm,COVER,0,UNKNOWN_OR_COVER,UNKNOWN,,HUGO,S-UNIWARD,MiPOD,HILL,WOW,,,0,0,0.8198583834398825,0.8023036469477656,0.017554736492116918,0.5539985210127323,0.2,1,0.8023036469477656,0.4,2,0.6035186831882511,0.2,1,0.8198583834398825,0.4,2,0.7155541867029072,0.4,2
COVER__test__2855.pgm,2855.pgm,COVER,0,MULTI_CANDIDATE,WOW,S-UNIWARD,WOW,S-UNIWARD,HILL,MiPOD,HUGO,,"WOW,S-UNIWARD,HILL,MiPOD",4,0,1.0,1.0,0.0,1.0,1.0,5,1.0,1.0,5,0.9605844422736635,0.8,4,0.8847974660773115,0.8,4,0.9227237313224034,0.8,4
COVER__test__2859.pgm,2859.pgm,COVER,0,MULTI_CANDIDATE,WOW,S-UNIWARD,WOW,S-UNIWARD,HUGO,MiPOD,HILL,,"WOW,S-UNIWARD,HUGO,MiPOD",4,0,0.9144229005321698,0.9144229005321698,0.0,0.9144229005321698,0.8,4,0.9144229005321698,0.8,4,0.8868320572231351,0.6,3,0.9144229005321698,0.8,4,0.9144229005321698,0.8,4
COVER__test__286.pgm,286.pgm,COVER,0,MULTI_CANDIDATE,WOW,S-UNIWARD,WOW,S-UNIWARD,HILL,HUGO,MiPOD,,"WOW,S-UNIWARD,HILL,HUGO,MiPOD",5,0,1.0,1.0,0.0,1.0,1.0,5,1.0,1.0,5,1.0,1.0,5,1.0,1.0,5,1.0,1.0,5
COVER__test__2864.pgm,2864.pgm,COVER,0,MULTI_CANDIDATE,WOW,S-UNIWARD,WOW,S-UNIWARD,HILL,HUGO,MiPOD,,"WOW,S-UNIWARD,HILL,HUGO,MiPOD",5,0,1.0,1.0,0.0,1.0,1.0,5,1.0,1.0,5,1.0,1.0,5,1.0,1.0,5,1.0,1.0,5
COVER__test__2867.pgm,2867.pgm,COVER,0,MULTI_CANDIDATE,WOW,S-UNIWARD,WOW,S-UNIWARD,HILL,HUGO,MiPOD,,"WOW,S-UNIWARD,HILL,HUGO,MiPOD",5,0,1.0,1.0,0.0,1.0,1.0,5,1.0,1.0,5,1.0,1.0,5,1.0,1.0,5,1.0,1.0,5
COVER__test__2875.pgm,2875.pgm,COVER,0,MULTI_CANDIDATE,WOW,S-UNIWARD,WOW,S-UNIWARD,HILL,HUGO,MiPOD,,"WOW,S-UNIWARD,HILL,HUGO,MiPOD",5,0,1.0,1.0,0.0,1.0,1.0,5,1.0,1.0,5,1.0,1.0,5,1.0,1.0,5,1.0,1.0,5
COVER__test__2878.pgm,2878.pgm,COVER,0,MULTI_CANDIDATE,WOW,S-UNIWARD,WOW,S-UNIWARD,HILL,HUGO,MiPOD,,"WOW,S-UNIWARD,HILL,HUGO,MiPOD",5,0,1.0,1.0,0.0,1.0,1.0,5,1.0,1.0,5,1.0,1.0,5,1.0,1.0,5,1.0,1.0,5
COVER__test__2880.pgm,2880.pgm,COVER,0,MULTI_CANDIDATE,WOW,S-UNIWARD,WOW,S-UNIWARD,HILL,HUGO,MiPOD,,"WOW,S-UNIWARD,HILL,HUGO,MiPOD",5,0,1.0,1.0,0.0,1.0,1.0,5,1.0,1.0,5,1.0,1.0,5,1.0,1.0,5,1.0,1.0,5
COVER__test__2882.pgm,2882.pgm,COVER,0,MULTI_CANDIDATE,WOW,S-UNIWARD,WOW,S-UNIWARD,HILL,HUGO,MiPOD,,"WOW,S-UNIWARD,HILL,HUGO,MiPOD",5,0,1.0,1.0,0.0,1.0,1.0,5,1.0,1.0,5,1.0,1.0,5,1.0,1.0,5,1.0,1.0,5
COVER__test__2891.pgm,2891.pgm,COVER,0,UNKNOWN_OR_COVER,UNKNOWN,,HUGO,MiPOD,HILL,S-UNIWARD,WOW,,,0,0,0.8692225416629225,0.8688348011695902,0.0003877404933322337,0.7075791215164053,0.6,3,0.8630127350639378,0.6,3,0.8677702444218969,0.6,3,0.8692225416629225,0.8,4,0.8688348011695902,0.6,3
COVER__test__29.pgm,29.pgm,COVER,0,MULTI_CANDIDATE,WOW,S-UNIWARD,WOW,S-UNIWARD,HILL,HUGO,MiPOD,,"WOW,S-UNIWARD,HILL,HUGO,MiPOD",5,0,1.0,1.0,0.0,1.0,1.0,5,1.0,1.0,5,1.0,1.0,5,1.0,1.0,5,1.0,1.0,5
COVER__test__2902.pgm,2902.pgm,COVER,0,MULTI_CANDIDATE,WOW,S-UNIWARD,WOW,S-UNIWARD,HILL,HUGO,MiPOD,,"WOW,S-UNIWARD,HILL,HUGO,MiPOD",5,0,1.0,1.0,0.0,1.0,1.0,5,1.0,1.0,5,1.0,1.0,5,1.0,1.0,5,1.0,1.0,5
COVER__test__2914.pgm,2914.pgm,COVER,0,MULTI_CANDIDATE,WOW,S-UNIWARD,WOW,S-UNIWARD,HILL,HUGO,MiPOD,,"WOW,S-UNIWARD,HILL,HUGO,MiPOD",5,0,1.0,1.0,0.0,1.0,1.0,5,1.0,1.0,5,1.0,1.0,5,1.0,1.0,5,1.0,1.0,5
COVER__test__2916.pgm,2916.pgm,COVER,0,MULTI_CANDIDATE,WOW,S-UNIWARD,WOW,S-UNIWARD,HILL,HUGO,MiPOD,,"WOW,S-UNIWARD,HILL,HUGO,MiPOD",5,0,1.0,1.0,0.0,1.0,1.0,5,1.0,1.0,5,1.0,1.0,5,1.0,1.0,5,1.0,1.0,5
COVER__test__2927.pgm,2927.pgm,COVER,0,MULTI_CANDIDATE,WOW,S-UNIWARD,WOW,S-UNIWARD,HILL,HUGO,MiPOD,,"WOW,S-UNIWARD,HILL,HUGO,MiPOD",5,0,1.0,1.0,0.0,1.0,1.0,5,1.0,1.0,5,1.0,1.0,5,1.0,1.0,5,1.0,1.0,5
COVER__test__2928.pgm,2928.pgm,COVER,0,MULTI_CANDIDATE,WOW,S-UNIWARD,WOW,S-UNIWARD,HILL,HUGO,MiPOD,,"WOW,S-UNIWARD,HILL,HUGO,MiPOD",5,0,1.0,1.0,0.0,1.0,1.0,5,1.0,1.0,5,1.0,1.0,5,1.0,1.0,5,1.0,1.0,5
COVER__test__293.pgm,293.pgm,COVER,0,MULTI_CANDIDATE,S-UNIWARD,HILL,S-UNIWARD,HILL,HUGO,MiPOD,WOW,,"S-UNIWARD,HILL,HUGO,MiPOD",4,0,1.0,1.0,0.0,0.857325042341912,0.8,4,1.0,1.0,5,1.0,1.0,5,1.0,1.0,5,1.0,1.0,5
COVER__test__2930.pgm,2930.pgm,COVER,0,MULTI_CANDIDATE,WOW,S-UNIWARD,WOW,S-UNIWARD,HILL,HUGO,MiPOD,,"WOW,S-UNIWARD,HILL,HUGO,MiPOD",5,0,1.0,1.0,0.0,1.0,1.0,5,1.0,1.0,5,1.0,1.0,5,1.0,1.0,5,1.0,1.0,5
COVER__test__2936.pgm,2936.pgm,COVER,0,MULTI_CANDIDATE,WOW,S-UNIWARD,WOW,S-UNIWARD,HILL,HUGO,MiPOD,,"WOW,S-UNIWARD,HILL,HUGO,MiPOD",5,0,1.0,1.0,0.0,1.0,1.0,5,1.0,1.0,5,1.0,1.0,5,1.0,1.0,5,1.0,1.0,5
COVER__test__2941.pgm,2941.pgm,COVER,0,MULTI_CANDIDATE,S-UNIWARD,HUGO,S-UNIWARD,HUGO,MiPOD,HILL,WOW,,"S-UNIWARD,HUGO,MiPOD,HILL",4,0,1.0,1.0,0.0,0.8567771833729843,0.8,4,1.0,1.0,5,0.9854414676316475,0.8,4,1.0,1.0,5,1.0,1.0,5
COVER__test__2947.pgm,2947.pgm,COVER,0,MULTI_CANDIDATE,WOW,S-UNIWARD,WOW,S-UNIWARD,HILL,HUGO,MiPOD,,"WOW,S-UNIWARD,HILL,HUGO,MiPOD",5,0,1.0,1.0,0.0,1.0,1.0,5,1.0,1.0,5,1.0,1.0,5,1.0,1.0,5,1.0,1.0,5
COVER__test__2949.pgm,2949.pgm,COVER,0,MULTI_CANDIDATE,WOW,S-UNIWARD,WOW,S-UNIWARD,HILL,HUGO,MiPOD,,"WOW,S-UNIWARD,HILL,HUGO,MiPOD",5,0,1.0,1.0,0.0,1.0,1.0,5,1.0,1.0,5,1.0,1.0,5,1.0,1.0,5,1.0,1.0,5
COVER__test__2951.pgm,2951.pgm,COVER,0,MULTI_CANDIDATE,WOW,S-UNIWARD,WOW,S-UNIWARD,HILL,HUGO,MiPOD,,"WOW,S-UNIWARD,HILL,HUGO,MiPOD",5,0,1.0,1.0,0.0,1.0,1.0,5,1.0,1.0,5,1.0,1.0,5,1.0,1.0,5,1.0,1.0,5
COVER__test__2964.pgm,2964.pgm,COVER,0,MULTI_CANDIDATE,WOW,S-UNIWARD,WOW,S-UNIWARD,HILL,HUGO,MiPOD,,"WOW,S-UNIWARD,HILL,HUGO,MiPOD",5,0,1.0,1.0,0.0,1.0,1.0,5,1.0,1.0,5,1.0,1.0,5,1.0,1.0,5,1.0,1.0,5
COVER__test__2979.pgm,2979.pgm,COVER,0,MULTI_CANDIDATE,WOW,S-UNIWARD,WOW,S-UNIWARD,HILL,MiPOD,HUGO,,"WOW,S-UNIWARD,HILL,MiPOD,HUGO",5,0,1.0,1.0,0.0,1.0,1.0,5,1.0,1.0,5,1.0,1.0,5,0.9635189036268145,0.8,4,1.0,1.0,5
COVER__test__2999.pgm,2999.pgm,COVER,0,MULTI_CANDIDATE,WOW,S-UNIWARD,WOW,S-UNIWARD,HILL,HUGO,MiPOD,,"WOW,S-UNIWARD,HILL,HUGO,MiPOD",5,0,0.9259744357100018,0.9259744357100018,0.0,0.9259744357100018,0.8,4,0.9259744357100018,0.8,4,0.9259744357100018,0.8,4,0.9259744357100018,0.8,4,0.9259744357100018,0.8,4
COVER__test__3.pgm,3.pgm,COVER,0,MULTI_CANDIDATE,WOW,S-UNIWARD,WOW,S-UNIWARD,HILL,HUGO,MiPOD,,"WOW,S-UNIWARD,HILL,HUGO,MiPOD",5,0,1.0,1.0,0.0,1.0,1.0,5,1.0,1.0,5,1.0,1.0,5,1.0,1.0,5,1.0,1.0,5
COVER__test__301.pgm,301.pgm,COVER,0,MULTI_CANDIDATE,WOW,S-UNIWARD,WOW,S-UNIWARD,HILL,HUGO,MiPOD,,"WOW,S-UNIWARD,HILL,HUGO,MiPOD",5,0,1.0,1.0,0.0,1.0,1.0,5,1.0,1.0,5,1.0,1.0,5,1.0,1.0,5,1.0,1.0,5
COVER__test__3013.pgm,3013.pgm,COVER,0,MULTI_CANDIDATE,S-UNIWARD,HILL,S-UNIWARD,HILL,HUGO,MiPOD,WOW,,"S-UNIWARD,HILL,HUGO,MiPOD,WOW",5,0,1.0,1.0,0.0,0.9637284029608277,0.8,4,1.0,1.0,5,1.0,1.0,5,1.0,1.0,5,1.0,1.0,5
COVER__test__3020.pgm,3020.pgm,COVER,0,MULTI_CANDIDATE,HUGO,S-UNIWARD,HUGO,S-UNIWARD,HILL,MiPOD,WOW,,"HUGO,S-UNIWARD",2,0,0.949235131542639,0.9312411756575377,0.01799395588510133,0.7244375065642563,0.6,3,0.9312411756575377,0.6,3,0.8569637862118304,0.6,3,0.949235131542639,0.6,3,0.8410875252358126,0.6,3
COVER__test__3025.pgm,3025.pgm,COVER,0,MULTI_CANDIDATE,WOW,S-UNIWARD,WOW,S-UNIWARD,HILL,HUGO,MiPOD,,"WOW,S-UNIWARD,HILL,HUGO,MiPOD",5,0,1.0,1.0,0.0,1.0,1.0,5,1.0,1.0,5,1.0,1.0,5,1.0,1.0,5,1.0,1.0,5
COVER__test__3037.pgm,3037.pgm,COVER,0,MULTI_CANDIDATE,WOW,S-UNIWARD,WOW,S-UNIWARD,HILL,HUGO,MiPOD,,"WOW,S-UNIWARD,HILL,HUGO,MiPOD",5,0,1.0,1.0,0.0,1.0,1.0,5,1.0,1.0,5,1.0,1.0,5,1.0,1.0,5,1.0,1.0,5
COVER__test__3038.pgm,3038.pgm,COVER,0,MULTI_CANDIDATE,WOW,S-UNIWARD,WOW,S-UNIWARD,HILL,HUGO,MiPOD,,"WOW,S-UNIWARD,HILL,HUGO,MiPOD",5,0,1.0,1.0,0.0,1.0,1.0,5,1.0,1.0,5,1.0,1.0,5,1.0,1.0,5,1.0,1.0,5
COVER__test__3055.pgm,3055.pgm,COVER,0,MULTI_CANDIDATE,S-UNIWARD,HILL,S-UNIWARD,HILL,HUGO,MiPOD,WOW,,"S-UNIWARD,HILL,HUGO,MiPOD,WOW",5,0,1.0,1.0,0.0,0.9656866582023695,0.8,4,1.0,1.0,5,1.0,1.0,5,1.0,1.0,5,1.0,1.0,5
COVER__test__3056.pgm,3056.pgm,COVER,0,MULTI_CANDIDATE,WOW,S-UNIWARD,WOW,S-UNIWARD,HILL,HUGO,MiPOD,,"WOW,S-UNIWARD,HILL,HUGO,MiPOD",5,0,1.0,1.0,0.0,1.0,1.0,5,1.0,1.0,5,1.0,1.0,5,1.0,1.0,5,1.0,1.0,5
COVER__test__3059.pgm,3059.pgm,COVER,0,MULTI_CANDIDATE,WOW,S-UNIWARD,WOW,S-UNIWARD,HILL,HUGO,MiPOD,,"WOW,S-UNIWARD,HILL,HUGO,MiPOD",5,0,1.0,1.0,0.0,1.0,1.0,5,1.0,1.0,5,1.0,1.0,5,1.0,1.0,5,1.0,1.0,5
COVER__test__3064.pgm,3064.pgm,COVER,0,MULTI_CANDIDATE,WOW,S-UNIWARD,WOW,S-UNIWARD,HILL,HUGO,MiPOD,,"WOW,S-UNIWARD,HILL,HUGO,MiPOD",5,0,1.0,1.0,0.0,1.0,1.0,5,1.0,1.0,5,1.0,1.0,5,1.0,1.0,5,1.0,1.0,5
COVER__test__3073.pgm,3073.pgm,COVER,0,MULTI_CANDIDATE,HUGO,S-UNIWARD,HUGO,S-UNIWARD,MiPOD,HILL,WOW,,"HUGO,S-UNIWARD",2,0,0.9925213235997505,0.9612942472625733,0.03122707633717725,0.6327391967034466,0.4,2,0.9612942472625733,0.4,2,0.712173155789559,0.4,2,0.9925213235997505,0.6,3,0.7866808743568969,0.4,2
COVER__test__3083.pgm,3083.pgm,COVER,0,MULTI_CANDIDATE,WOW,S-UNIWARD,WOW,S-UNIWARD,HILL,MiPOD,HUGO,,"WOW,S-UNIWARD,HILL,MiPOD,HUGO",5,0,1.0,0.9788654982688876,0.02113450173111242,1.0,1.0,5,0.9788654982688876,0.8,4,0.9788654982688876,0.8,4,0.9397174500639677,0.8,4,0.9788654982688876,0.8,4
COVER__test__309.pgm,309.pgm,COVER,0,MULTI_CANDIDATE,S-UNIWARD,HUGO,S-UNIWARD,HUGO,MiPOD,HILL,WOW,,"S-UNIWARD,HUGO,MiPOD",3,0,1.0,1.0,0.0,0.8336656144554034,0.6,3,1.0,1.0,5,0.8872135798681053,0.8,4,1.0,1.0,5,1.0,1.0,5
COVER__test__3095.pgm,3095.pgm,COVER,0,MULTI_CANDIDATE,WOW,S-UNIWARD,WOW,S-UNIWARD,HILL,HUGO,MiPOD,,"WOW,S-UNIWARD,HILL,HUGO,MiPOD",5,0,1.0,1.0,0.0,1.0,1.0,5,1.0,1.0,5,1.0,1.0,5,1.0,1.0,5,1.0,1.0,5
COVER__test__3103.pgm,3103.pgm,COVER,0,MULTI_CANDIDATE,WOW,S-UNIWARD,WOW,S-UNIWARD,HILL,HUGO,MiPOD,,"WOW,S-UNIWARD,HILL,HUGO,MiPOD",5,0,1.0,1.0,0.0,1.0,1.0,5,1.0,1.0,5,1.0,1.0,5,1.0,1.0,5,1.0,1.0,5
COVER__test__3107.pgm,3107.pgm,COVER,0,MULTI_CANDIDATE,WOW,S-UNIWARD,WOW,S-UNIWARD,HILL,HUGO,MiPOD,,"WOW,S-UNIWARD,HILL,HUGO,MiPOD",5,0,1.0,1.0,0.0,1.0,1.0,5,1.0,1.0,5,1.0,1.0,5,1.0,1.0,5,1.0,1.0,5
COVER__test__311.pgm,311.pgm,COVER,0,MULTI_CANDIDATE,S-UNIWARD,HILL,S-UNIWARD,HILL,HUGO,MiPOD,WOW,,"S-UNIWARD,HILL,HUGO,MiPOD,WOW",5,0,1.0,1.0,0.0,0.9242142918297308,0.8,4,1.0,1.0,5,1.0,1.0,5,1.0,1.0,5,1.0,1.0,5
COVER__test__3122.pgm,3122.pgm,COVER,0,MULTI_CANDIDATE,S-UNIWARD,HUGO,S-UNIWARD,HUGO,MiPOD,HILL,WOW,,"S-UNIWARD,HUGO,MiPOD,HILL",4,0,1.0,1.0,0.0,0.8440506816803843,0.8,4,1.0,1.0,5,0.99778887962048,0.8,4,1.0,1.0,5,1.0,1.0,5
COVER__test__313.pgm,313.pgm,COVER,0,SINGLE_CANDIDATE,S-UNIWARD,,S-UNIWARD,WOW,HILL,HUGO,MiPOD,,S-UNIWARD,1,0,0.9335461190638672,0.8829818809250165,0.05056423813885069,0.8829818809250165,0.8,4,0.9335461190638672,0.8,4,0.8576713372663098,0.8,4,0.8547078103909062,0.6,3,0.8016992090193809,0.6,3
COVER__test__3130.pgm,3130.pgm,COVER,0,MULTI_CANDIDATE,WOW,S-UNIWARD,WOW,S-UNIWARD,HUGO,HILL,MiPOD,,"WOW,S-UNIWARD,HUGO,HILL,MiPOD",5,0,1.0,1.0,0.0,1.0,1.0,5,1.0,1.0,5,0.9889388884961381,0.8,4,1.0,1.0,5,0.956382325102636,0.8,4
COVER__test__3144.pgm,3144.pgm,COVER,0,MULTI_CANDIDATE,WOW,S-UNIWARD,WOW,S-UNIWARD,HILL,HUGO,MiPOD,,"WOW,S-UNIWARD,HILL,HUGO,MiPOD",5,0,1.0,1.0,0.0,1.0,1.0,5,1.0,1.0,5,1.0,1.0,5,1.0,1.0,5,1.0,1.0,5
COVER__test__3157.pgm,3157.pgm,COVER,0,MULTI_CANDIDATE,HILL,MiPOD,HILL,MiPOD,S-UNIWARD,HUGO,WOW,,"HILL,MiPOD,S-UNIWARD,HUGO",4,0,0.9430605000595337,0.9430605000595337,0.0,0.8006923501883941,0.6,3,0.9205523403638874,0.6,3,0.9430605000595337,0.8,4,0.9189298109932345,0.6,3,0.9430605000595337,0.8,4
COVER__test__3170.pgm,3170.pgm,COVER,0,MULTI_CANDIDATE,WOW,S-UNIWARD,WOW,S-UNIWARD,HILL,HUGO,MiPOD,,"WOW,S-UNIWARD,HILL,HUGO,MiPOD",5,0,1.0,1.0,0.0,1.0,1.0,5,1.0,1.0,5,1.0,1.0,5,1.0,1.0,5,1.0,1.0,5
COVER__test__3173.pgm,3173.pgm,COVER,0,MULTI_CANDIDATE,WOW,S-UNIWARD,WOW,S-UNIWARD,HILL,HUGO,MiPOD,,"WOW,S-UNIWARD,HILL,HUGO,MiPOD",5,0,1.0,1.0,0.0,1.0,1.0,5,1.0,1.0,5,1.0,1.0,5,1.0,1.0,5,1.0,1.0,5
COVER__test__3175.pgm,3175.pgm,COVER,0,MULTI_CANDIDATE,WOW,S-UNIWARD,WOW,S-UNIWARD,HILL,HUGO,MiPOD,,"WOW,S-UNIWARD,HILL,HUGO,MiPOD",5,0,1.0,1.0,0.0,1.0,1.0,5,1.0,1.0,5,1.0,1.0,5,1.0,1.0,5,1.0,1.0,5
COVER__test__3181.pgm,3181.pgm,COVER,0,MULTI_CANDIDATE,WOW,S-UNIWARD,WOW,S-UNIWARD,HILL,HUGO,MiPOD,,"WOW,S-UNIWARD,HILL,HUGO,MiPOD",5,0,1.0,1.0,0.0,1.0,1.0,5,1.0,1.0,5,1.0,1.0,5,1.0,1.0,5,1.0,1.0,5
COVER__test__3185.pgm,3185.pgm,COVER,0,MULTI_CANDIDATE,WOW,S-UNIWARD,WOW,S-UNIWARD,HILL,HUGO,MiPOD,,"WOW,S-UNIWARD,HILL,HUGO,MiPOD",5,0,1.0,1.0,0.0,1.0,1.0,5,1.0,1.0,5,1.0,1.0,5,1.0,1.0,5,1.0,1.0,5
COVER__test__3189.pgm,3189.pgm,COVER,0,MULTI_CANDIDATE,WOW,S-UNIWARD,WOW,S-UNIWARD,HILL,HUGO,MiPOD,,"WOW,S-UNIWARD,HILL,HUGO,MiPOD",5,0,1.0,1.0,0.0,1.0,1.0,5,1.0,1.0,5,1.0,1.0,5,1.0,1.0,5,1.0,1.0,5
COVER__test__3195.pgm,3195.pgm,COVER,0,MULTI_CANDIDATE,S-UNIWARD,HILL,S-UNIWARD,HILL,HUGO,MiPOD,WOW,,"S-UNIWARD,HILL,HUGO,MiPOD",4,0,1.0,1.0,0.0,0.8412764407115878,0.8,4,1.0,1.0,5,1.0,1.0,5,1.0,1.0,5,1.0,1.0,5
COVER__test__3196.pgm,3196.pgm,COVER,0,MULTI_CANDIDATE,HILL,HUGO,HILL,HUGO,MiPOD,S-UNIWARD,WOW,,"HILL,HUGO,MiPOD,S-UNIWARD",4,0,1.0,1.0,0.0,0.8390077337850567,0.8,4,0.9970800395451583,0.8,4,1.0,1.0,5,1.0,1.0,5,1.0,1.0,5
COVER__test__3198.pgm,3198.pgm,COVER,0,MULTI_CANDIDATE,S-UNIWARD,HILL,S-UNIWARD,HILL,HUGO,MiPOD,WOW,,"S-UNIWARD,HILL,HUGO,MiPOD,WOW",5,0,1.0,1.0,0.0,0.9587155379370227,0.8,4,1.0,1.0,5,1.0,1.0,5,1.0,1.0,5,1.0,1.0,5
COVER__test__3214.pgm,3214.pgm,COVER,0,MULTI_CANDIDATE,S-UNIWARD,HILL,S-UNIWARD,HILL,HUGO,MiPOD,WOW,,"S-UNIWARD,HILL,HUGO,MiPOD",4,0,1.0,1.0,0.0,0.8406141054932107,0.8,4,1.0,1.0,5,1.0,1.0,5,1.0,1.0,5,1.0,1.0,5
COVER__test__3221.pgm,3221.pgm,COVER,0,MULTI_CANDIDATE,WOW,S-UNIWARD,WOW,S-UNIWARD,HILL,HUGO,MiPOD,,"WOW,S-UNIWARD,HILL,HUGO,MiPOD",5,0,1.0,1.0,0.0,1.0,1.0,5,1.0,1.0,5,1.0,1.0,5,1.0,1.0,5,1.0,1.0,5
COVER__test__3223.pgm,3223.pgm,COVER,0,MULTI_CANDIDATE,WOW,S-UNIWARD,WOW,S-UNIWARD,HILL,HUGO,MiPOD,,"WOW,S-UNIWARD,HILL,HUGO,MiPOD",5,0,1.0,1.0,0.0,1.0,1.0,5,1.0,1.0,5,1.0,1.0,5,1.0,1.0,5,1.0,1.0,5
COVER__test__3234.pgm,3234.pgm,COVER,0,MULTI_CANDIDATE,WOW,S-UNIWARD,WOW,S-UNIWARD,HILL,HUGO,MiPOD,,"WOW,S-UNIWARD,HILL,HUGO,MiPOD",5,0,1.0,1.0,0.0,1.0,1.0,5,1.0,1.0,5,1.0,1.0,5,1.0,1.0,5,1.0,1.0,5
COVER__test__3240.pgm,3240.pgm,COVER,0,MULTI_CANDIDATE,WOW,S-UNIWARD,WOW,S-UNIWARD,HILL,HUGO,MiPOD,,"WOW,S-UNIWARD,HILL,HUGO,MiPOD",5,0,1.0,1.0,0.0,1.0,1.0,5,1.0,1.0,5,1.0,1.0,5,1.0,1.0,5,1.0,1.0,5
COVER__test__3244.pgm,3244.pgm,COVER,0,MULTI_CANDIDATE,WOW,S-UNIWARD,WOW,S-UNIWARD,HILL,HUGO,MiPOD,,"WOW,S-UNIWARD,HILL,HUGO,MiPOD",5,0,1.0,1.0,0.0,1.0,1.0,5,1.0,1.0,5,1.0,1.0,5,1.0,1.0,5,1.0,1.0,5
COVER__test__3248.pgm,3248.pgm,COVER,0,MULTI_CANDIDATE,WOW,S-UNIWARD,WOW,S-UNIWARD,HILL,HUGO,MiPOD,,"WOW,S-UNIWARD,HILL,HUGO,MiPOD",5,0,1.0,1.0,0.0,1.0,1.0,5,1.0,1.0,5,1.0,1.0,5,1.0,1.0,5,1.0,1.0,5
COVER__test__3250.pgm,3250.pgm,COVER,0,MULTI_CANDIDATE,WOW,S-UNIWARD,WOW,S-UNIWARD,HILL,HUGO,MiPOD,,"WOW,S-UNIWARD,HILL,HUGO,MiPOD",5,0,1.0,1.0,0.0,1.0,1.0,5,1.0,1.0,5,1.0,1.0,5,1.0,1.0,5,1.0,1.0,5
COVER__test__3251.pgm,3251.pgm,COVER,0,MULTI_CANDIDATE,WOW,S-UNIWARD,WOW,S-UNIWARD,HILL,HUGO,MiPOD,,"WOW,S-UNIWARD,HILL,HUGO,MiPOD",5,0,1.0,1.0,0.0,1.0,1.0,5,1.0,1.0,5,1.0,1.0,5,1.0,1.0,5,1.0,1.0,5
COVER__test__3253.pgm,3253.pgm,COVER,0,MULTI_CANDIDATE,HUGO,S-UNIWARD,HUGO,S-UNIWARD,MiPOD,HILL,WOW,,"HUGO,S-UNIWARD",2,0,0.9437885495426119,0.9110552921149022,0.03273325742770972,0.5852220498149098,0.2,1,0.9110552921149022,0.2,1,0.6713771368353935,0.4,2,0.9437885495426119,0.4,2,0.7415611496114188,0.4,2
COVER__test__3268.pgm,3268.pgm,COVER,0,MULTI_CANDIDATE,WOW,S-UNIWARD,WOW,S-UNIWARD,HILL,HUGO,MiPOD,,"WOW,S-UNIWARD,HILL,HUGO,MiPOD",5,0,1.0,1.0,0.0,1.0,1.0,5,1.0,1.0,5,1.0,1.0,5,1.0,1.0,5,1.0,1.0,5
COVER__test__3272.pgm,3272.pgm,COVER,0,MULTI_CANDIDATE,WOW,S-UNIWARD,WOW,S-UNIWARD,HILL,HUGO,MiPOD,,"WOW,S-UNIWARD,HILL,HUGO,MiPOD",5,0,1.0,1.0,0.0,1.0,1.0,5,1.0,1.0,5,1.0,1.0,5,1.0,1.0,5,1.0,1.0,5
COVER__test__3274.pgm,3274.pgm,COVER,0,MULTI_CANDIDATE,S-UNIWARD,HUGO,S-UNIWARD,HUGO,MiPOD,WOW,HILL,,"S-UNIWARD,HUGO,MiPOD",3,0,1.0,1.0,0.0,0.8933099952937786,0.8,4,1.0,1.0,5,0.8436100974167158,0.8,4,1.0,1.0,5,0.951162624315165,0.8,4
COVER__test__3276.pgm,3276.pgm,COVER,0,MULTI_CANDIDATE,WOW,S-UNIWARD,WOW,S-UNIWARD,HILL,HUGO,MiPOD,,"WOW,S-UNIWARD,HILL,HUGO,MiPOD",5,0,1.0,1.0,0.0,1.0,1.0,5,1.0,1.0,5,1.0,1.0,5,1.0,1.0,5,1.0,1.0,5
COVER__test__3277.pgm,3277.pgm,COVER,0,MULTI_CANDIDATE,HUGO,S-UNIWARD,HUGO,S-UNIWARD,WOW,HILL,MiPOD,,"HUGO,S-UNIWARD,WOW",3,0,1.0,0.9862094279142095,0.013790572085790487,0.9157054108543777,0.8,4,0.9862094279142095,0.8,4,0.8804137686267858,0.8,4,1.0,1.0,5,0.8577373796868418,0.8,4
COVER__test__328.pgm,328.pgm,COVER,0,MULTI_CANDIDATE,HUGO,S-UNIWARD,HUGO,S-UNIWARD,MiPOD,HILL,WOW,,"HUGO,S-UNIWARD",2,0,0.9326602997673812,0.9064826164339183,0.02617768333346293,0.599148806312367,0.4,2,0.9064826164339183,0.6,3,0.692922503283837,0.6,3,0.9326602997673812,0.6,3,0.7635057632262965,0.6,3
COVER__test__3280.pgm,3280.pgm,COVER,0,MULTI_CANDIDATE,HILL,MiPOD,HILL,MiPOD,S-UNIWARD,HUGO,WOW,,"HILL,MiPOD,S-UNIWARD,HUGO",4,0,1.0,1.0,0.0,0.877733791731582,0.8,4,0.9941457882279167,0.8,4,1.0,1.0,5,0.9738811096800208,0.8,4,1.0,1.0,5
COVER__test__3282.pgm,3282.pgm,COVER,0,MULTI_CANDIDATE,HUGO,S-UNIWARD,HUGO,S-UNIWARD,MiPOD,HILL,WOW,,"HUGO,S-UNIWARD",2,0,0.9325518484050044,0.9063915861479709,0.026160262257033495,0.6140538554504091,0.4,2,0.9063915861479709,0.6,3,0.6930606449573636,0.6,3,0.9325518484050044,0.6,3,0.7631693723498053,0.6,3
COVER__test__329.pgm,329.pgm,COVER,0,MULTI_CANDIDATE,S-UNIWARD,HILL,S-UNIWARD,HILL,HUGO,MiPOD,WOW,,"S-UNIWARD,HILL,HUGO,MiPOD",4,0,1.0,1.0,0.0,0.866540634573661,0.8,4,1.0,1.0,5,1.0,1.0,5,1.0,1.0,5,1.0,1.0,5
COVER__test__3290.pgm,3290.pgm,COVER,0,MULTI_CANDIDATE,WOW,S-UNIWARD,WOW,S-UNIWARD,HILL,HUGO,MiPOD,,"WOW,S-UNIWARD,HILL,HUGO,MiPOD",5,0,1.0,1.0,0.0,1.0,1.0,5,1.0,1.0,5,1.0,1.0,5,1.0,1.0,5,1.0,1.0,5
COVER__test__3292.pgm,3292.pgm,COVER,0,MULTI_CANDIDATE,S-UNIWARD,HILL,S-UNIWARD,HILL,HUGO,MiPOD,WOW,,"S-UNIWARD,HILL,HUGO,MiPOD",4,0,1.0,1.0,0.0,0.8553037440431275,0.8,4,1.0,1.0,5,1.0,1.0,5,1.0,1.0,5,1.0,1.0,5
COVER__test__3305.pgm,3305.pgm,COVER,0,MULTI_CANDIDATE,WOW,S-UNIWARD,WOW,S-UNIWARD,HILL,MiPOD,HUGO,,"WOW,S-UNIWARD,HILL,MiPOD,HUGO",5,0,1.0,1.0,0.0,1.0,1.0,5,1.0,1.0,5,1.0,1.0,5,0.979507120924542,0.8,4,1.0,1.0,5
COVER__test__3313.pgm,3313.pgm,COVER,0,UNKNOWN_OR_COVER,UNKNOWN,,HUGO,S-UNIWARD,MiPOD,HILL,WOW,,,0,0,0.8176377515819885,0.7910411522760756,0.02659659930591285,0.4804582177306974,0.2,1,0.7910411522760756,0.4,2,0.5742994742987872,0.4,2,0.8176377515819885,0.4,2,0.6448531352269975,0.4,2
COVER__test__3318.pgm,3318.pgm,COVER,0,MULTI_CANDIDATE,WOW,S-UNIWARD,WOW,S-UNIWARD,HILL,HUGO,MiPOD,,"WOW,S-UNIWARD,HILL,HUGO,MiPOD",5,0,1.0,1.0,0.0,1.0,1.0,5,1.0,1.0,5,1.0,1.0,5,1.0,1.0,5,1.0,1.0,5
COVER__test__3319.pgm,3319.pgm,COVER,0,MULTI_CANDIDATE,HUGO,S-UNIWARD,HUGO,S-UNIWARD,MiPOD,WOW,HILL,,"HUGO,S-UNIWARD",2,0,0.941789042731408,0.9148508566041278,0.02693818612728016,0.7374221797440856,0.4,2,0.9148508566041278,0.6,3,0.6946736708113315,0.6,3,0.941789042731408,0.6,3,0.7693351177717516,0.6,3
COVER__test__3323.pgm,3323.pgm,COVER,0,MULTI_CANDIDATE,WOW,HILL,WOW,HILL,MiPOD,S-UNIWARD,HUGO,,"WOW,HILL,MiPOD,S-UNIWARD,HUGO",5,0,1.0,1.0,0.0,1.0,1.0,5,0.9610582669019767,0.8,4,1.0,1.0,5,0.9442472197191336,0.8,4,1.0,1.0,5
COVER__test__3327.pgm,3327.pgm,COVER,0,MULTI_CANDIDATE,WOW,S-UNIWARD,WOW,S-UNIWARD,HILL,HUGO,MiPOD,,"WOW,S-UNIWARD,HILL,HUGO,MiPOD",5,0,1.0,1.0,0.0,1.0,1.0,5,1.0,1.0,5,1.0,1.0,5,1.0,1.0,5,1.0,1.0,5
COVER__test__333.pgm,333.pgm,COVER,0,MULTI_CANDIDATE,S-UNIWARD,HILL,S-UNIWARD,HILL,HUGO,MiPOD,WOW,,"S-UNIWARD,HILL,HUGO,MiPOD,WOW",5,0,1.0,1.0,0.0,0.9893554469910246,0.8,4,1.0,1.0,5,1.0,1.0,5,1.0,1.0,5,1.0,1.0,5
COVER__test__3332.pgm,3332.pgm,COVER,0,SINGLE_CANDIDATE,HUGO,,HUGO,S-UNIWARD,MiPOD,HILL,WOW,,HUGO,1,0,0.9200405726771042,0.8677599519457532,0.05228062073135098,0.5799235838073359,0.2,1,0.8677599519457532,0.2,1,0.6538626908090052,0.2,1,0.9200405726771042,0.4,2,0.7262397308238222,0.2,1
COVER__test__3338.pgm,3338.pgm,COVER,0,MULTI_CANDIDATE,S-UNIWARD,HILL,S-UNIWARD,HILL,HUGO,MiPOD,WOW,,"S-UNIWARD,HILL,HUGO,MiPOD,WOW",5,0,1.0,1.0,0.0,0.946844604802289,0.8,4,1.0,1.0,5,1.0,1.0,5,1.0,1.0,5,1.0,1.0,5
COVER__test__3344.pgm,3344.pgm,COVER,0,MULTI_CANDIDATE,WOW,S-UNIWARD,WOW,S-UNIWARD,HILL,HUGO,MiPOD,,"WOW,S-UNIWARD,HILL,HUGO,MiPOD",5,0,1.0,1.0,0.0,1.0,1.0,5,1.0,1.0,5,1.0,1.0,5,1.0,1.0,5,1.0,1.0,5
COVER__test__3345.pgm,3345.pgm,COVER,0,MULTI_CANDIDATE,WOW,S-UNIWARD,WOW,S-UNIWARD,HILL,HUGO,MiPOD,,"WOW,S-UNIWARD,HILL,HUGO,MiPOD",5,0,1.0,1.0,0.0,1.0,1.0,5,1.0,1.0,5,1.0,1.0,5,1.0,1.0,5,1.0,1.0,5
COVER__test__3351.pgm,3351.pgm,COVER,0,MULTI_CANDIDATE,S-UNIWARD,HUGO,S-UNIWARD,HUGO,MiPOD,HILL,WOW,,"S-UNIWARD,HUGO,MiPOD,HILL",4,0,1.0,1.0,0.0,0.8508175986568091,0.8,4,1.0,1.0,5,0.9580621642343029,0.8,4,1.0,1.0,5,0.9803952706664665,0.8,4
COVER__test__3357.pgm,3357.pgm,COVER,0,MULTI_CANDIDATE,WOW,S-UNIWARD,WOW,S-UNIWARD,HILL,HUGO,MiPOD,,"WOW,S-UNIWARD,HILL,HUGO,MiPOD",5,0,1.0,1.0,0.0,1.0,1.0,5,1.0,1.0,5,1.0,1.0,5,1.0,1.0,5,1.0,1.0,5
COVER__test__3369.pgm,3369.pgm,COVER,0,MULTI_CANDIDATE,HUGO,S-UNIWARD,HUGO,S-UNIWARD,MiPOD,HILL,WOW,,"HUGO,S-UNIWARD",2,0,0.9424446971041087,0.9082599324016959,0.03418476470241283,0.6012600748113686,0.4,2,0.9082599324016959,0.4,2,0.6922632472352885,0.4,2,0.9424446971041087,0.4,2,0.7668907566552838,0.4,2
COVER__test__338.pgm,338.pgm,COVER,0,MULTI_CANDIDATE,S-UNIWARD,HUGO,S-UNIWARD,HUGO,MiPOD,HILL,WOW,,"S-UNIWARD,HUGO,MiPOD",3,0,1.0,1.0,0.0,0.8273444962823007,0.6,3,1.0,1.0,5,0.8460126967661941,0.6,3,1.0,1.0,5,0.9159760993061197,0.8,4
COVER__test__3380.pgm,3380.pgm,COVER,0,UNKNOWN_OR_COVER,UNKNOWN,,WOW,S-UNIWARD,HILL,HUGO,MiPOD,,,0,0,0.8915179144486908,0.8915179144486908,0.0,0.8915179144486908,0.8,4,0.8915179144486908,0.8,4,0.8915179144486908,0.8,4,0.8915179144486908,0.8,4,0.8915179144486908,0.8,4
COVER__test__3390.pgm,3390.pgm,COVER,0,MULTI_CANDIDATE,WOW,S-UNIWARD,WOW,S-UNIWARD,HILL,HUGO,MiPOD,,"WOW,S-UNIWARD,HILL,HUGO,MiPOD",5,0,1.0,1.0,0.0,1.0,1.0,5,1.0,1.0,5,1.0,1.0,5,1.0,1.0,5,1.0,1.0,5
COVER__test__3394.pgm,3394.pgm,COVER,0,MULTI_CANDIDATE,WOW,S-UNIWARD,WOW,S-UNIWARD,HILL,HUGO,MiPOD,,"WOW,S-UNIWARD,HILL,HUGO,MiPOD",5,0,1.0,1.0,0.0,1.0,1.0,5,1.0,1.0,5,1.0,1.0,5,1.0,1.0,5,1.0,1.0,5
COVER__test__3396.pgm,3396.pgm,COVER,0,MULTI_CANDIDATE,WOW,S-UNIWARD,WOW,S-UNIWARD,HILL,HUGO,MiPOD,,"WOW,S-UNIWARD,HILL,HUGO,MiPOD",5,0,1.0,1.0,0.0,1.0,1.0,5,1.0,1.0,5,1.0,1.0,5,1.0,1.0,5,1.0,1.0,5
COVER__test__3407.pgm,3407.pgm,COVER,0,MULTI_CANDIDATE,S-UNIWARD,HUGO,S-UNIWARD,HUGO,MiPOD,HILL,WOW,,"S-UNIWARD,HUGO,MiPOD,HILL,WOW",5,0,0.9279429381287235,0.9279429381287235,0.0,0.9065330540787979,0.6,3,0.9279429381287235,0.8,4,0.9121756690035709,0.6,3,0.9279429381287235,0.8,4,0.9279429381287235,0.8,4
COVER__test__3412.pgm,3412.pgm,COVER,0,MULTI_CANDIDATE,WOW,S-UNIWARD,WOW,S-UNIWARD,HILL,HUGO,MiPOD,,"WOW,S-UNIWARD,HILL,HUGO,MiPOD",5,0,1.0,1.0,0.0,1.0,1.0,5,1.0,1.0,5,1.0,1.0,5,1.0,1.0,5,1.0,1.0,5
COVER__test__3423.pgm,3423.pgm,COVER,0,MULTI_CANDIDATE,WOW,S-UNIWARD,WOW,S-UNIWARD,HILL,HUGO,MiPOD,,"WOW,S-UNIWARD,HILL,HUGO,MiPOD",5,0,1.0,1.0,0.0,1.0,1.0,5,1.0,1.0,5,1.0,1.0,5,1.0,1.0,5,1.0,1.0,5
COVER__test__3425.pgm,3425.pgm,COVER,0,MULTI_CANDIDATE,WOW,S-UNIWARD,WOW,S-UNIWARD,HILL,HUGO,MiPOD,,"WOW,S-UNIWARD,HILL,HUGO,MiPOD",5,0,1.0,1.0,0.0,1.0,1.0,5,1.0,1.0,5,1.0,1.0,5,1.0,1.0,5,1.0,1.0,5
COVER__test__3431.pgm,3431.pgm,COVER,0,MULTI_CANDIDATE,WOW,S-UNIWARD,WOW,S-UNIWARD,HILL,HUGO,MiPOD,,"WOW,S-UNIWARD,HILL,HUGO,MiPOD",5,0,1.0,1.0,0.0,1.0,1.0,5,1.0,1.0,5,1.0,1.0,5,1.0,1.0,5,1.0,1.0,5
COVER__test__3432.pgm,3432.pgm,COVER,0,MULTI_CANDIDATE,S-UNIWARD,HILL,S-UNIWARD,HILL,HUGO,MiPOD,WOW,,"S-UNIWARD,HILL,HUGO,MiPOD,WOW",5,0,1.0,1.0,0.0,0.9653838748278879,0.8,4,1.0,1.0,5,1.0,1.0,5,1.0,1.0,5,1.0,1.0,5
COVER__test__3439.pgm,3439.pgm,COVER,0,MULTI_CANDIDATE,WOW,S-UNIWARD,WOW,S-UNIWARD,HILL,HUGO,MiPOD,,"WOW,S-UNIWARD,HILL,HUGO,MiPOD",5,0,1.0,1.0,0.0,1.0,1.0,5,1.0,1.0,5,1.0,1.0,5,1.0,1.0,5,1.0,1.0,5
COVER__test__3444.pgm,3444.pgm,COVER,0,MULTI_CANDIDATE,WOW,S-UNIWARD,WOW,S-UNIWARD,HILL,HUGO,MiPOD,,"WOW,S-UNIWARD,HILL,HUGO,MiPOD",5,0,1.0,1.0,0.0,1.0,1.0,5,1.0,1.0,5,1.0,1.0,5,1.0,1.0,5,1.0,1.0,5
COVER__test__345.pgm,345.pgm,COVER,0,MULTI_CANDIDATE,WOW,S-UNIWARD,WOW,S-UNIWARD,HILL,HUGO,MiPOD,,"WOW,S-UNIWARD,HILL,HUGO,MiPOD",5,0,1.0,1.0,0.0,1.0,1.0,5,1.0,1.0,5,1.0,1.0,5,1.0,1.0,5,1.0,1.0,5
COVER__test__3450.pgm,3450.pgm,COVER,0,MULTI_CANDIDATE,WOW,S-UNIWARD,WOW,S-UNIWARD,HILL,HUGO,MiPOD,,"WOW,S-UNIWARD,HILL,HUGO,MiPOD",5,0,1.0,1.0,0.0,1.0,1.0,5,1.0,1.0,5,1.0,1.0,5,1.0,1.0,5,1.0,1.0,5
COVER__test__3472.pgm,3472.pgm,COVER,0,UNKNOWN_OR_COVER,UNKNOWN,,HUGO,MiPOD,HILL,S-UNIWARD,WOW,,,0,0,0.7718891920110051,0.7554007498872872,0.016488442123717917,0.6121989939306189,0.4,2,0.7496846998447392,0.4,2,0.7543555780303344,0.4,2,0.7718891920110051,0.4,2,0.7554007498872872,0.4,2
COVER__test__3477.pgm,3477.pgm,COVER,0,MULTI_CANDIDATE,WOW,S-UNIWARD,WOW,S-UNIWARD,HILL,HUGO,MiPOD,,"WOW,S-UNIWARD,HILL,HUGO,MiPOD",5,0,1.0,1.0,0.0,1.0,1.0,5,1.0,1.0,5,1.0,1.0,5,1.0,1.0,5,1.0,1.0,5
COVER__test__350.pgm,350.pgm,COVER,0,MULTI_CANDIDATE,WOW,S-UNIWARD,WOW,S-UNIWARD,HILL,HUGO,MiPOD,,"WOW,S-UNIWARD,HILL,HUGO,MiPOD",5,0,1.0,1.0,0.0,1.0,1.0,5,1.0,1.0,5,1.0,1.0,5,1.0,1.0,5,1.0,1.0,5
COVER__test__3504.pgm,3504.pgm,COVER,0,UNKNOWN_OR_COVER,UNKNOWN,,HILL,MiPOD,S-UNIWARD,HUGO,WOW,,,0,0,0.8866719261781585,0.8775446115293726,0.009127314648785911,0.7295451141720866,0.4,2,0.8309191768493907,0.4,2,0.8866719261781585,0.6,3,0.815862841128944,0.4,2,0.8775446115293726,0.4,2
COVER__test__3520.pgm,3520.pgm,COVER,0,MULTI_CANDIDATE,HUGO,S-UNIWARD,HUGO,S-UNIWARD,MiPOD,HILL,WOW,,"HUGO,S-UNIWARD",2,0,0.9309398213151455,0.9049069886183844,0.026032832696761155,0.597837660111042,0.4,2,0.9049069886183844,0.6,3,0.6926212726491948,0.6,3,0.9309398213151455,0.6,3,0.762358696345297,0.6,3
COVER__test__3531.pgm,3531.pgm,COVER,0,MULTI_CANDIDATE,HUGO,S-UNIWARD,HUGO,S-UNIWARD,MiPOD,HILL,WOW,,"HUGO,S-UNIWARD",2,0,0.9775859917539549,0.964747895582797,0.012838096171157831,0.7121380693206124,0.4,2,0.964747895582797,0.8,4,0.7495484804096739,0.6,3,0.9775859917539549,0.8,4,0.8510828689310757,0.8,4
COVER__test__3542.pgm,3542.pgm,COVER,0,MULTI_CANDIDATE,S-UNIWARD,HILL,S-UNIWARD,HILL,HUGO,MiPOD,WOW,,"S-UNIWARD,HILL,HUGO,MiPOD",4,0,0.9259744357100018,0.9259744357100018,0.0,0.7777537859340473,0.6,3,0.9259744357100018,0.8,4,0.9259744357100018,0.8,4,0.9259744357100018,0.8,4,0.9259744357100018,0.8,4
COVER__test__3556.pgm,3556.pgm,COVER,0,MULTI_CANDIDATE,S-UNIWARD,HILL,S-UNIWARD,HILL,HUGO,MiPOD,WOW,,"S-UNIWARD,HILL,HUGO,MiPOD",4,0,1.0,1.0,0.0,0.8887976595592791,0.8,4,1.0,1.0,5,1.0,1.0,5,1.0,1.0,5,1.0,1.0,5
COVER__test__3560.pgm,3560.pgm,COVER,0,MULTI_CANDIDATE,S-UNIWARD,HILL,S-UNIWARD,HILL,HUGO,MiPOD,WOW,,"S-UNIWARD,HILL,HUGO,MiPOD,WOW",5,0,1.0,1.0,0.0,0.9023214119418332,0.8,4,1.0,1.0,5,1.0,1.0,5,1.0,1.0,5,1.0,1.0,5
COVER__test__3564.pgm,3564.pgm,COVER,0,MULTI_CANDIDATE,S-UNIWARD,HILL,S-UNIWARD,HILL,HUGO,MiPOD,WOW,,"S-UNIWARD,HILL,HUGO,MiPOD",4,0,1.0,1.0,0.0,0.8667539729335288,0.8,4,1.0,1.0,5,1.0,1.0,5,1.0,1.0,5,1.0,1.0,5
COVER__test__3567.pgm,3567.pgm,COVER,0,MULTI_CANDIDATE,HUGO,S-UNIWARD,HUGO,S-UNIWARD,MiPOD,HILL,WOW,,"HUGO,S-UNIWARD",2,0,0.9870618409285724,0.9714274418596502,0.015634399068922167,0.7249655883788515,0.4,2,0.9714274418596502,0.8,4,0.7728674807177167,0.6,3,0.9870618409285724,0.8,4,0.8201045895509795,0.6,3
COVER__test__3570.pgm,3570.pgm,COVER,0,MULTI_CANDIDATE,WOW,S-UNIWARD,WOW,S-UNIWARD,HILL,HUGO,MiPOD,,"WOW,S-UNIWARD,HILL,HUGO,MiPOD",5,0,1.0,1.0,0.0,1.0,1.0,5,1.0,1.0,5,1.0,1.0,5,1.0,1.0,5,1.0,1.0,5
COVER__test__358.pgm,358.pgm,COVER,0,MULTI_CANDIDATE,S-UNIWARD,HILL,S-UNIWARD,HILL,HUGO,MiPOD,WOW,,"S-UNIWARD,HILL,HUGO,MiPOD,WOW",5,0,1.0,1.0,0.0,0.927436249688386,0.8,4,1.0,1.0,5,1.0,1.0,5,1.0,1.0,5,1.0,1.0,5
COVER__test__3581.pgm,3581.pgm,COVER,0,MULTI_CANDIDATE,WOW,S-UNIWARD,WOW,S-UNIWARD,HILL,HUGO,MiPOD,,"WOW,S-UNIWARD,HILL,HUGO,MiPOD",5,0,1.0,1.0,0.0,1.0,1.0,5,1.0,1.0,5,1.0,1.0,5,1.0,1.0,5,1.0,1.0,5
COVER__test__3588.pgm,3588.pgm,COVER,0,MULTI_CANDIDATE,HUGO,S-UNIWARD,HUGO,S-UNIWARD,MiPOD,WOW,HILL,,"HUGO,S-UNIWARD,MiPOD",3,0,0.989068557209686,0.9732664392569911,0.015802117952694927,0.8755312346179593,0.8,4,0.9732664392569911,0.8,4,0.8353008752098141,0.8,4,0.989068557209686,0.8,4,0.9223609497210683,0.8,4
COVER__test__3589.pgm,3589.pgm,COVER,0,MULTI_CANDIDATE,HUGO,S-UNIWARD,HUGO,S-UNIWARD,MiPOD,HILL,WOW,,"HUGO,S-UNIWARD",2,0,0.9385538563249316,0.906673375690257,0.031880480634674635,0.6000690806970604,0.4,2,0.906673375690257,0.4,2,0.6944942300334126,0.4,2,0.9385538563249316,0.6,3,0.7657217514433102,0.6,3
COVER__test__3591.pgm,3591.pgm,COVER,0,MULTI_CANDIDATE,S-UNIWARD,HILL,S-UNIWARD,HILL,HUGO,MiPOD,WOW,,"S-UNIWARD,HILL,HUGO,MiPOD,WOW",5,0,1.0,1.0,0.0,0.9559813830068797,0.8,4,1.0,1.0,5,1.0,1.0,5,1.0,1.0,5,1.0,1.0,5
COVER__test__3595.pgm,3595.pgm,COVER,0,MULTI_CANDIDATE,HUGO,MiPOD,HUGO,MiPOD,HILL,S-UNIWARD,WOW,,"HUGO,MiPOD,HILL,S-UNIWARD",4,0,0.9971369226493817,0.9957675109934264,0.0013694116559552771,0.8376177905440029,0.8,4,0.9900575841925393,0.8,4,0.9947234587627557,0.8,4,0.9971369226493817,0.8,4,0.9957675109934264,0.8,4
COVER__test__3608.pgm,3608.pgm,COVER,0,UNKNOWN_OR_COVER,UNKNOWN,,HUGO,S-UNIWARD,MiPOD,HILL,WOW,,,0,0,0.898550119287156,0.8693646851707986,0.029185434116357434,0.5596547184868054,0.2,1,0.8693646851707986,0.2,1,0.65368964214365,0.4,2,0.898550119287156,0.4,2,0.7256906633491453,0.4,2
COVER__test__361.pgm,361.pgm,COVER,0,MULTI_CANDIDATE,HUGO,MiPOD,HUGO,MiPOD,S-UNIWARD,HILL,WOW,,"HUGO,MiPOD,S-UNIWARD",3,0,1.0,1.0,0.0,0.8110188834726625,0.6,3,0.998561328131238,0.8,4,0.8802554642485017,0.8,4,1.0,1.0,5,1.0,1.0,5
COVER__test__3630.pgm,3630.pgm,COVER,0,MULTI_CANDIDATE,WOW,S-UNIWARD,WOW,S-UNIWARD,HILL,HUGO,MiPOD,,"WOW,S-UNIWARD,HILL,HUGO,MiPOD",5,0,1.0,1.0,0.0,1.0,1.0,5,1.0,1.0,5,1.0,1.0,5,1.0,1.0,5,1.0,1.0,5
COVER__test__3632.pgm,3632.pgm,COVER,0,MULTI_CANDIDATE,HUGO,S-UNIWARD,HUGO,S-UNIWARD,MiPOD,HILL,WOW,,"HUGO,S-UNIWARD",2,0,0.9465258290148952,0.9169774166834529,0.029548412331442342,0.6046215380863804,0.4,2,0.9169774166834529,0.4,2,0.6948106451672995,0.4,2,0.9465258290148952,0.8,4,0.7737669250008736,0.4,2
COVER__test__3642.pgm,3642.pgm,COVER,0,MULTI_CANDIDATE,HUGO,S-UNIWARD,HUGO,S-UNIWARD,MiPOD,HILL,WOW,,"HUGO,S-UNIWARD",2,0,1.0,0.9930715104988256,0.006928489501174417,0.8244853466063107,0.6,3,0.9930715104988256,0.8,4,0.8534641044007465,0.4,2,1.0,1.0,5,0.8918218325687072,0.6,3
COVER__test__3643.pgm,3643.pgm,COVER,0,MULTI_CANDIDATE,HUGO,S-UNIWARD,HUGO,S-UNIWARD,MiPOD,HILL,WOW,,"HUGO,S-UNIWARD",2,0,0.9385302546972941,0.905866681584485,0.0326635731128091,0.5997894248702521,0.4,2,0.905866681584485,0.4,2,0.6935524866218039,0.4,2,0.9385302546972941,0.6,3,0.765731965298893,0.4,2
COVER__test__3653.pgm,3653.pgm,COVER,0,MULTI_CANDIDATE,S-UNIWARD,HUGO,S-UNIWARD,HUGO,MiPOD,HILL,WOW,,"S-UNIWARD,HUGO,MiPOD",3,0,1.0,1.0,0.0,0.7430777636766475,0.6,3,1.0,1.0,5,0.8445208748068931,0.8,4,1.0,1.0,5,0.9543195881520162,0.8,4
COVER__test__3656.pgm,3656.pgm,COVER,0,MULTI_CANDIDATE,S-UNIWARD,HUGO,S-UNIWARD,HUGO,MiPOD,WOW,HILL,,"S-UNIWARD,HUGO,MiPOD,WOW,HILL",5,0,1.0,1.0,0.0,0.9795728126357158,0.8,4,1.0,1.0,5,0.9501457560154682,0.8,4,1.0,1.0,5,1.0,1.0,5
COVER__test__3658.pgm,3658.pgm,COVER,0,MULTI_CANDIDATE,S-UNIWARD,HILL,S-UNIWARD,HILL,HUGO,MiPOD,WOW,,"S-UNIWARD,HILL,HUGO,MiPOD",4,0,1.0,1.0,0.0,0.8452501673892041,0.8,4,1.0,1.0,5,1.0,1.0,5,1.0,1.0,5,1.0,1.0,5
COVER__test__3664.pgm,3664.pgm,COVER,0,MULTI_CANDIDATE,HUGO,MiPOD,HUGO,MiPOD,S-UNIWARD,HILL,WOW,,"HUGO,MiPOD,S-UNIWARD,HILL",4,0,0.9947276371197166,0.9933749615659714,0.0013526755537451862,0.8371580491764415,0.8,4,0.987734817958572,0.8,4,0.9843071747193747,0.6,3,0.9947276371197166,0.8,4,0.9933749615659714,0.8,4
COVER__test__3673.pgm,3673.pgm,COVER,0,UNKNOWN_OR_COVER,UNKNOWN,,HUGO,S-UNIWARD,MiPOD,HILL,WOW,,,0,0,0.6595971217851395,0.6262581376505443,0.03333898413459524,0.3210331937088028,0.0,0,0.6262581376505443,0.0,0,0.4142951981304476,0.0,0,0.6595971217851395,0.2,1,0.4856823749732236,0.0,0
COVER__test__3674.pgm,3674.pgm,COVER,0,MULTI_CANDIDATE,HUGO,S-UNIWARD,HUGO,S-UNIWARD,WOW,HILL,MiPOD,,"HUGO,S-UNIWARD",2,0,0.9712804635981225,0.9588982084315111,0.0123822551666114,0.8893065634069972,0.6,3,0.9588982084315111,0.8,4,0.8686195318419065,0.8,4,0.9712804635981225,0.8,4,0.8492690745819589,0.8,4
COVER__test__3678.pgm,3678.pgm,COVER,0,UNKNOWN_OR_COVER,UNKNOWN,,HUGO,S-UNIWARD,MiPOD,HILL,WOW,,,0,0,0.8545948181291209,0.8228655493559194,0.03172926877320148,0.5211495900227454,0.2,1,0.8228655493559194,0.2,1,0.6170020140364674,0.2,1,0.8545948181291209,0.4,2,0.6868388867071518,0.2,1
COVER__test__368.pgm,368.pgm,COVER,0,MULTI_CANDIDATE,WOW,S-UNIWARD,WOW,S-UNIWARD,HILL,HUGO,MiPOD,,"WOW,S-UNIWARD,HILL,HUGO,MiPOD",5,0,1.0,1.0,0.0,1.0,1.0,5,1.0,1.0,5,1.0,1.0,5,1.0,1.0,5,1.0,1.0,5
COVER__test__3703.pgm,3703.pgm,COVER,0,MULTI_CANDIDATE,HUGO,HILL,HUGO,HILL,MiPOD,S-UNIWARD,WOW,,"HUGO,HILL,MiPOD,S-UNIWARD",4,0,0.9788654982688876,0.9599643323548868,0.018901165914000817,0.8181956337856642,0.6,3,0.958673252633977,0.6,3,0.9599643323548868,0.8,4,0.9788654982688876,0.8,4,0.9599643323548868,0.8,4
COVER__test__3716.pgm,3716.pgm,COVER,0,MULTI_CANDIDATE,WOW,S-UNIWARD,WOW,S-UNIWARD,HILL,HUGO,MiPOD,,"WOW,S-UNIWARD,HILL,HUGO,MiPOD",5,0,1.0,1.0,0.0,1.0,1.0,5,1.0,1.0,5,1.0,1.0,5,1.0,1.0,5,1.0,1.0,5
COVER__test__3728.pgm,3728.pgm,COVER,0,MULTI_CANDIDATE,S-UNIWARD,HILL,S-UNIWARD,HILL,HUGO,MiPOD,WOW,,"S-UNIWARD,HILL,HUGO,MiPOD",4,0,1.0,1.0,0.0,0.8457913783172198,0.8,4,1.0,1.0,5,1.0,1.0,5,1.0,1.0,5,1.0,1.0,5
COVER__test__3738.pgm,3738.pgm,COVER,0,MULTI_CANDIDATE,WOW,S-UNIWARD,WOW,S-UNIWARD,HILL,HUGO,MiPOD,,"WOW,S-UNIWARD,HILL,HUGO,MiPOD",5,0,1.0,1.0,0.0,1.0,1.0,5,1.0,1.0,5,1.0,1.0,5,1.0,1.0,5,1.0,1.0,5
COVER__test__3764.pgm,3764.pgm,COVER,0,UNKNOWN_OR_COVER,UNKNOWN,,WOW,S-UNIWARD,HILL,MiPOD,HUGO,,,0,0,0.8793477969917639,0.8793477969917639,0.0,0.8793477969917639,0.8,4,0.8793477969917639,0.8,4,0.8562796652298434,0.6,3,0.7727776080150857,0.6,3,0.8145647504685959,0.6,3
COVER__test__3774.pgm,3774.pgm,COVER,0,SINGLE_CANDIDATE,HUGO,,HUGO,S-UNIWARD,MiPOD,HILL,WOW,,HUGO,1,0,0.9023315333864194,0.8914358693868237,0.010895663999595628,0.6254758744451364,0.4,2,0.8914358693868237,0.4,2,0.7418207748287206,0.6,3,0.9023315333864194,0.8,4,0.839210323442628,0.6,3
COVER__test__378.pgm,378.pgm,COVER,0,MULTI_CANDIDATE,WOW,S-UNIWARD,WOW,S-UNIWARD,HILL,HUGO,MiPOD,,"WOW,S-UNIWARD,HILL,HUGO,MiPOD",5,0,1.0,1.0,0.0,1.0,1.0,5,1.0,1.0,5,1.0,1.0,5,1.0,1.0,5,1.0,1.0,5
COVER__test__3797.pgm,3797.pgm,COVER,0,MULTI_CANDIDATE,WOW,S-UNIWARD,WOW,S-UNIWARD,HILL,HUGO,MiPOD,,"WOW,S-UNIWARD,HILL,HUGO,MiPOD",5,0,1.0,1.0,0.0,1.0,1.0,5,1.0,1.0,5,1.0,1.0,5,1.0,1.0,5,1.0,1.0,5
COVER__test__3799.pgm,3799.pgm,COVER,0,MULTI_CANDIDATE,WOW,S-UNIWARD,WOW,S-UNIWARD,HILL,HUGO,MiPOD,,"WOW,S-UNIWARD,HILL,HUGO,MiPOD",5,0,1.0,1.0,0.0,1.0,1.0,5,1.0,1.0,5,1.0,1.0,5,1.0,1.0,5,1.0,1.0,5
COVER__test__3800.pgm,3800.pgm,COVER,0,MULTI_CANDIDATE,WOW,S-UNIWARD,WOW,S-UNIWARD,HILL,HUGO,MiPOD,,"WOW,S-UNIWARD,HILL,HUGO,MiPOD",5,0,1.0,1.0,0.0,1.0,1.0,5,1.0,1.0,5,1.0,1.0,5,1.0,1.0,5,1.0,1.0,5
COVER__test__3801.pgm,3801.pgm,COVER,0,MULTI_CANDIDATE,WOW,S-UNIWARD,WOW,S-UNIWARD,HILL,HUGO,MiPOD,,"WOW,S-UNIWARD,HILL,HUGO,MiPOD",5,0,1.0,1.0,0.0,1.0,1.0,5,1.0,1.0,5,1.0,1.0,5,1.0,1.0,5,1.0,1.0,5
COVER__test__3802.pgm,3802.pgm,COVER,0,MULTI_CANDIDATE,WOW,S-UNIWARD,WOW,S-UNIWARD,HILL,HUGO,MiPOD,,"WOW,S-UNIWARD,HILL,HUGO,MiPOD",5,0,1.0,1.0,0.0,1.0,1.0,5,1.0,1.0,5,1.0,1.0,5,1.0,1.0,5,1.0,1.0,5
COVER__test__3805.pgm,3805.pgm,COVER,0,MULTI_CANDIDATE,WOW,S-UNIWARD,WOW,S-UNIWARD,HILL,HUGO,MiPOD,,"WOW,S-UNIWARD,HILL,HUGO,MiPOD",5,0,1.0,1.0,0.0,1.0,1.0,5,1.0,1.0,5,1.0,1.0,5,1.0,1.0,5,1.0,1.0,5
COVER__test__3808.pgm,3808.pgm,COVER,0,MULTI_CANDIDATE,S-UNIWARD,HILL,S-UNIWARD,HILL,HUGO,MiPOD,WOW,,"S-UNIWARD,HILL,HUGO,MiPOD,WOW",5,0,1.0,1.0,0.0,0.9575585193978704,0.8,4,1.0,1.0,5,1.0,1.0,5,1.0,1.0,5,1.0,1.0,5
COVER__test__3815.pgm,3815.pgm,COVER,0,MULTI_CANDIDATE,WOW,S-UNIWARD,WOW,S-UNIWARD,HILL,HUGO,MiPOD,,"WOW,S-UNIWARD,HILL,HUGO,MiPOD",5,0,1.0,1.0,0.0,1.0,1.0,5,1.0,1.0,5,1.0,1.0,5,1.0,1.0,5,1.0,1.0,5
COVER__test__3822.pgm,3822.pgm,COVER,0,MULTI_CANDIDATE,WOW,S-UNIWARD,WOW,S-UNIWARD,HILL,HUGO,MiPOD,,"WOW,S-UNIWARD,HILL,HUGO,MiPOD",5,0,1.0,1.0,0.0,1.0,1.0,5,1.0,1.0,5,1.0,1.0,5,1.0,1.0,5,1.0,1.0,5
COVER__test__3823.pgm,3823.pgm,COVER,0,MULTI_CANDIDATE,WOW,S-UNIWARD,WOW,S-UNIWARD,HILL,HUGO,MiPOD,,"WOW,S-UNIWARD,HILL,HUGO,MiPOD",5,0,1.0,1.0,0.0,1.0,1.0,5,1.0,1.0,5,1.0,1.0,5,1.0,1.0,5,1.0,1.0,5
COVER__test__3827.pgm,3827.pgm,COVER,0,MULTI_CANDIDATE,WOW,S-UNIWARD,WOW,S-UNIWARD,HILL,HUGO,MiPOD,,"WOW,S-UNIWARD,HILL,HUGO,MiPOD",5,0,1.0,1.0,0.0,1.0,1.0,5,1.0,1.0,5,1.0,1.0,5,1.0,1.0,5,1.0,1.0,5
COVER__test__3829.pgm,3829.pgm,COVER,0,MULTI_CANDIDATE,WOW,S-UNIWARD,WOW,S-UNIWARD,HILL,HUGO,MiPOD,,"WOW,S-UNIWARD,HILL,HUGO,MiPOD",5,0,1.0,1.0,0.0,1.0,1.0,5,1.0,1.0,5,1.0,1.0,5,1.0,1.0,5,1.0,1.0,5
COVER__test__3833.pgm,3833.pgm,COVER,0,MULTI_CANDIDATE,WOW,S-UNIWARD,WOW,S-UNIWARD,HILL,HUGO,MiPOD,,"WOW,S-UNIWARD,HILL,HUGO,MiPOD",5,0,1.0,1.0,0.0,1.0,1.0,5,1.0,1.0,5,1.0,1.0,5,1.0,1.0,5,1.0,1.0,5
COVER__test__3838.pgm,3838.pgm,COVER,0,MULTI_CANDIDATE,WOW,S-UNIWARD,WOW,S-UNIWARD,HILL,HUGO,MiPOD,,"WOW,S-UNIWARD,HILL,HUGO,MiPOD",5,0,1.0,1.0,0.0,1.0,1.0,5,1.0,1.0,5,1.0,1.0,5,1.0,1.0,5,1.0,1.0,5
COVER__test__3846.pgm,3846.pgm,COVER,0,MULTI_CANDIDATE,WOW,S-UNIWARD,WOW,S-UNIWARD,HILL,MiPOD,HUGO,,"WOW,S-UNIWARD,HILL,MiPOD,HUGO",5,0,1.0,1.0,0.0,1.0,1.0,5,1.0,1.0,5,1.0,1.0,5,0.9570693207753933,0.8,4,1.0,1.0,5
COVER__test__3857.pgm,3857.pgm,COVER,0,MULTI_CANDIDATE,HUGO,S-UNIWARD,HUGO,S-UNIWARD,MiPOD,HILL,WOW,,"HUGO,S-UNIWARD",2,0,0.9546415548487948,0.9164307236038924,0.03821083124490232,0.7108930804928133,0.4,2,0.9164307236038924,0.4,2,0.767784405402012,0.2,1,0.9546415548487948,0.4,2,0.7966779594490866,0.4,2
COVER__test__3860.pgm,3860.pgm,COVER,0,MULTI_CANDIDATE,WOW,S-UNIWARD,WOW,S-UNIWARD,MiPOD,HUGO,HILL,,"WOW,S-UNIWARD,MiPOD,HUGO,HILL",5,0,1.0,1.0,0.0,1.0,1.0,5,1.0,1.0,5,0.9488886313865474,0.8,4,0.9952645950317592,0.8,4,1.0,1.0,5
COVER__test__3865.pgm,3865.pgm,COVER,0,MULTI_CANDIDATE,HUGO,S-UNIWARD,HUGO,S-UNIWARD,MiPOD,HILL,WOW,,"HUGO,S-UNIWARD",2,0,1.0,0.9822531740646981,0.017746825935301858,0.7197293988017512,0.6,3,0.9822531740646981,0.6,3,0.8096881686330846,0.6,3,1.0,1.0,5,0.8542384224246126,0.6,3
COVER__test__3903.pgm,3903.pgm,COVER,0,MULTI_CANDIDATE,WOW,S-UNIWARD,WOW,S-UNIWARD,HILL,HUGO,MiPOD,,"WOW,S-UNIWARD,HILL,HUGO,MiPOD",5,0,1.0,1.0,0.0,1.0,1.0,5,1.0,1.0,5,1.0,1.0,5,1.0,1.0,5,1.0,1.0,5
COVER__test__3907.pgm,3907.pgm,COVER,0,MULTI_CANDIDATE,WOW,S-UNIWARD,WOW,S-UNIWARD,HILL,HUGO,MiPOD,,"WOW,S-UNIWARD,HILL,HUGO,MiPOD",5,0,1.0,1.0,0.0,1.0,1.0,5,1.0,1.0,5,1.0,1.0,5,1.0,1.0,5,1.0,1.0,5
COVER__test__3915.pgm,3915.pgm,COVER,0,MULTI_CANDIDATE,WOW,S-UNIWARD,WOW,S-UNIWARD,HILL,HUGO,MiPOD,,"WOW,S-UNIWARD,HILL,HUGO,MiPOD",5,0,1.0,1.0,0.0,1.0,1.0,5,1.0,1.0,5,1.0,1.0,5,1.0,1.0,5,1.0,1.0,5
COVER__test__3922.pgm,3922.pgm,COVER,0,MULTI_CANDIDATE,WOW,S-UNIWARD,WOW,S-UNIWARD,HILL,HUGO,MiPOD,,"WOW,S-UNIWARD,HILL,HUGO,MiPOD",5,0,1.0,1.0,0.0,1.0,1.0,5,1.0,1.0,5,1.0,1.0,5,1.0,1.0,5,1.0,1.0,5
COVER__test__393.pgm,393.pgm,COVER,0,MULTI_CANDIDATE,HUGO,S-UNIWARD,HUGO,S-UNIWARD,MiPOD,HILL,WOW,,"HUGO,S-UNIWARD,MiPOD",3,0,0.9998971369232933,0.9918656776689542,0.008031459254339124,0.7249577239567444,0.6,3,0.9918656776689542,0.6,3,0.838023597585892,0.6,3,0.9998971369232933,0.8,4,0.9247042874319715,0.4,2
COVER__test__3930.pgm,3930.pgm,COVER,0,MULTI_CANDIDATE,WOW,S-UNIWARD,WOW,S-UNIWARD,HILL,HUGO,MiPOD,,"WOW,S-UNIWARD,HILL,HUGO,MiPOD",5,0,1.0,1.0,0.0,1.0,1.0,5,1.0,1.0,5,1.0,1.0,5,1.0,1.0,5,1.0,1.0,5
COVER__test__3934.pgm,3934.pgm,COVER,0,MULTI_CANDIDATE,WOW,S-UNIWARD,WOW,S-UNIWARD,HILL,HUGO,MiPOD,,"WOW,S-UNIWARD,HILL,HUGO,MiPOD",5,0,1.0,1.0,0.0,1.0,1.0,5,1.0,1.0,5,1.0,1.0,5,1.0,1.0,5,1.0,1.0,5
COVER__test__3935.pgm,3935.pgm,COVER,0,MULTI_CANDIDATE,WOW,S-UNIWARD,WOW,S-UNIWARD,HILL,HUGO,MiPOD,,"WOW,S-UNIWARD,HILL,HUGO,MiPOD",5,0,1.0,1.0,0.0,1.0,1.0,5,1.0,1.0,5,1.0,1.0,5,1.0,1.0,5,1.0,1.0,5
COVER__test__3938.pgm,3938.pgm,COVER,0,MULTI_CANDIDATE,WOW,S-UNIWARD,WOW,S-UNIWARD,HILL,HUGO,MiPOD,,"WOW,S-UNIWARD,HILL,HUGO,MiPOD",5,0,1.0,1.0,0.0,1.0,1.0,5,1.0,1.0,5,1.0,1.0,5,1.0,1.0,5,1.0,1.0,5
COVER__test__3940.pgm,3940.pgm,COVER,0,MULTI_CANDIDATE,WOW,S-UNIWARD,WOW,S-UNIWARD,HILL,HUGO,MiPOD,,"WOW,S-UNIWARD,HILL,HUGO,MiPOD",5,0,1.0,1.0,0.0,1.0,1.0,5,1.0,1.0,5,1.0,1.0,5,1.0,1.0,5,1.0,1.0,5
COVER__test__3959.pgm,3959.pgm,COVER,0,MULTI_CANDIDATE,WOW,S-UNIWARD,WOW,S-UNIWARD,HILL,HUGO,MiPOD,,"WOW,S-UNIWARD,HILL,HUGO,MiPOD",5,0,1.0,1.0,0.0,1.0,1.0,5,1.0,1.0,5,1.0,1.0,5,1.0,1.0,5,1.0,1.0,5
COVER__test__3964.pgm,3964.pgm,COVER,0,MULTI_CANDIDATE,WOW,S-UNIWARD,WOW,S-UNIWARD,HILL,HUGO,MiPOD,,"WOW,S-UNIWARD,HILL,HUGO,MiPOD",5,0,1.0,1.0,0.0,1.0,1.0,5,1.0,1.0,5,1.0,1.0,5,1.0,1.0,5,1.0,1.0,5
COVER__test__40.pgm,40.pgm,COVER,0,MULTI_CANDIDATE,HUGO,S-UNIWARD,HUGO,S-UNIWARD,MiPOD,HILL,WOW,,"HUGO,S-UNIWARD",2,0,0.9356099782472501,0.9052295076924587,0.030380470554791428,0.5984109034012176,0.4,2,0.9052295076924587,0.4,2,0.6935300293723845,0.6,3,0.9356099782472501,0.6,3,0.7653192778344788,0.6,3
COVER__test__4009.pgm,4009.pgm,COVER,0,MULTI_CANDIDATE,WOW,S-UNIWARD,WOW,S-UNIWARD,HILL,HUGO,MiPOD,,"WOW,S-UNIWARD,HILL,HUGO,MiPOD",5,0,1.0,1.0,0.0,1.0,1.0,5,1.0,1.0,5,1.0,1.0,5,1.0,1.0,5,1.0,1.0,5
COVER__test__4011.pgm,4011.pgm,COVER,0,MULTI_CANDIDATE,WOW,S-UNIWARD,WOW,S-UNIWARD,HILL,HUGO,MiPOD,,"WOW,S-UNIWARD,HILL,HUGO,MiPOD",5,0,1.0,1.0,0.0,1.0,1.0,5,1.0,1.0,5,1.0,1.0,5,1.0,1.0,5,1.0,1.0,5
COVER__test__4023.pgm,4023.pgm,COVER,0,MULTI_CANDIDATE,WOW,S-UNIWARD,WOW,S-UNIWARD,HILL,HUGO,MiPOD,,"WOW,S-UNIWARD,HILL,HUGO,MiPOD",5,0,1.0,1.0,0.0,1.0,1.0,5,1.0,1.0,5,1.0,1.0,5,1.0,1.0,5,1.0,1.0,5
COVER__test__4047.pgm,4047.pgm,COVER,0,MULTI_CANDIDATE,WOW,S-UNIWARD,WOW,S-UNIWARD,HILL,HUGO,MiPOD,,"WOW,S-UNIWARD,HILL,HUGO,MiPOD",5,0,1.0,1.0,0.0,1.0,1.0,5,1.0,1.0,5,1.0,1.0,5,1.0,1.0,5,1.0,1.0,5
COVER__test__4052.pgm,4052.pgm,COVER,0,MULTI_CANDIDATE,WOW,S-UNIWARD,WOW,S-UNIWARD,HILL,HUGO,MiPOD,,"WOW,S-UNIWARD,HILL,HUGO,MiPOD",5,0,1.0,1.0,0.0,1.0,1.0,5,1.0,1.0,5,1.0,1.0,5,1.0,1.0,5,1.0,1.0,5
COVER__test__4061.pgm,4061.pgm,COVER,0,MULTI_CANDIDATE,WOW,S-UNIWARD,WOW,S-UNIWARD,HILL,HUGO,MiPOD,,"WOW,S-UNIWARD,HILL,HUGO,MiPOD",5,0,1.0,1.0,0.0,1.0,1.0,5,1.0,1.0,5,1.0,1.0,5,1.0,1.0,5,1.0,1.0,5
COVER__test__4087.pgm,4087.pgm,COVER,0,MULTI_CANDIDATE,WOW,S-UNIWARD,WOW,S-UNIWARD,HILL,HUGO,MiPOD,,"WOW,S-UNIWARD,HILL,HUGO,MiPOD",5,0,1.0,1.0,0.0,1.0,1.0,5,1.0,1.0,5,1.0,1.0,5,1.0,1.0,5,1.0,1.0,5
COVER__test__4095.pgm,4095.pgm,COVER,0,MULTI_CANDIDATE,WOW,S-UNIWARD,WOW,S-UNIWARD,HILL,HUGO,MiPOD,,"WOW,S-UNIWARD,HILL,HUGO,MiPOD",5,0,1.0,1.0,0.0,1.0,1.0,5,1.0,1.0,5,1.0,1.0,5,1.0,1.0,5,1.0,1.0,5
COVER__test__4097.pgm,4097.pgm,COVER,0,MULTI_CANDIDATE,WOW,S-UNIWARD,WOW,S-UNIWARD,HILL,HUGO,MiPOD,,"WOW,S-UNIWARD,HILL,HUGO,MiPOD",5,0,1.0,1.0,0.0,1.0,1.0,5,1.0,1.0,5,1.0,1.0,5,1.0,1.0,5,1.0,1.0,5
COVER__test__4102.pgm,4102.pgm,COVER,0,MULTI_CANDIDATE,WOW,S-UNIWARD,WOW,S-UNIWARD,HILL,HUGO,MiPOD,,"WOW,S-UNIWARD,HILL,HUGO,MiPOD",5,0,1.0,1.0,0.0,1.0,1.0,5,1.0,1.0,5,1.0,1.0,5,1.0,1.0,5,1.0,1.0,5
COVER__test__4108.pgm,4108.pgm,COVER,0,MULTI_CANDIDATE,WOW,S-UNIWARD,WOW,S-UNIWARD,HILL,HUGO,MiPOD,,"WOW,S-UNIWARD,HILL,HUGO,MiPOD",5,0,1.0,1.0,0.0,1.0,1.0,5,1.0,1.0,5,1.0,1.0,5,1.0,1.0,5,1.0,1.0,5
COVER__test__4109.pgm,4109.pgm,COVER,0,MULTI_CANDIDATE,WOW,S-UNIWARD,WOW,S-UNIWARD,HILL,HUGO,MiPOD,,"WOW,S-UNIWARD,HILL,HUGO,MiPOD",5,0,1.0,1.0,0.0,1.0,1.0,5,1.0,1.0,5,1.0,1.0,5,1.0,1.0,5,1.0,1.0,5
COVER__test__4111.pgm,4111.pgm,COVER,0,MULTI_CANDIDATE,WOW,S-UNIWARD,WOW,S-UNIWARD,HILL,HUGO,MiPOD,,"WOW,S-UNIWARD,HILL,HUGO,MiPOD",5,0,1.0,1.0,0.0,1.0,1.0,5,1.0,1.0,5,1.0,1.0,5,1.0,1.0,5,1.0,1.0,5
COVER__test__4118.pgm,4118.pgm,COVER,0,MULTI_CANDIDATE,WOW,S-UNIWARD,WOW,S-UNIWARD,HILL,HUGO,MiPOD,,"WOW,S-UNIWARD,HILL,HUGO,MiPOD",5,0,1.0,1.0,0.0,1.0,1.0,5,1.0,1.0,5,1.0,1.0,5,1.0,1.0,5,1.0,1.0,5
COVER__test__4120.pgm,4120.pgm,COVER,0,MULTI_CANDIDATE,WOW,S-UNIWARD,WOW,S-UNIWARD,HILL,HUGO,MiPOD,,"WOW,S-UNIWARD,HILL,HUGO,MiPOD",5,0,1.0,1.0,0.0,1.0,1.0,5,1.0,1.0,5,1.0,1.0,5,1.0,1.0,5,1.0,1.0,5
COVER__test__4125.pgm,4125.pgm,COVER,0,MULTI_CANDIDATE,WOW,S-UNIWARD,WOW,S-UNIWARD,HILL,HUGO,MiPOD,,"WOW,S-UNIWARD,HILL,HUGO,MiPOD",5,0,1.0,1.0,0.0,1.0,1.0,5,1.0,1.0,5,1.0,1.0,5,1.0,1.0,5,1.0,1.0,5
COVER__test__4132.pgm,4132.pgm,COVER,0,MULTI_CANDIDATE,WOW,S-UNIWARD,WOW,S-UNIWARD,HILL,HUGO,MiPOD,,"WOW,S-UNIWARD,HILL,HUGO,MiPOD",5,0,1.0,1.0,0.0,1.0,1.0,5,1.0,1.0,5,1.0,1.0,5,1.0,1.0,5,1.0,1.0,5
COVER__test__4134.pgm,4134.pgm,COVER,0,MULTI_CANDIDATE,WOW,S-UNIWARD,WOW,S-UNIWARD,HILL,HUGO,MiPOD,,"WOW,S-UNIWARD,HILL,HUGO,MiPOD",5,0,1.0,1.0,0.0,1.0,1.0,5,1.0,1.0,5,1.0,1.0,5,1.0,1.0,5,1.0,1.0,5
COVER__test__4140.pgm,4140.pgm,COVER,0,MULTI_CANDIDATE,WOW,S-UNIWARD,WOW,S-UNIWARD,HILL,HUGO,MiPOD,,"WOW,S-UNIWARD,HILL,HUGO,MiPOD",5,0,1.0,1.0,0.0,1.0,1.0,5,1.0,1.0,5,1.0,1.0,5,1.0,1.0,5,1.0,1.0,5
COVER__test__4149.pgm,4149.pgm,COVER,0,MULTI_CANDIDATE,WOW,S-UNIWARD,WOW,S-UNIWARD,HILL,HUGO,MiPOD,,"WOW,S-UNIWARD,HILL,HUGO,MiPOD",5,0,1.0,1.0,0.0,1.0,1.0,5,1.0,1.0,5,1.0,1.0,5,1.0,1.0,5,1.0,1.0,5
COVER__test__415.pgm,415.pgm,COVER,0,MULTI_CANDIDATE,WOW,S-UNIWARD,WOW,S-UNIWARD,HILL,HUGO,MiPOD,,"WOW,S-UNIWARD,HILL,HUGO,MiPOD",5,0,1.0,1.0,0.0,1.0,1.0,5,1.0,1.0,5,1.0,1.0,5,1.0,1.0,5,1.0,1.0,5
COVER__test__4152.pgm,4152.pgm,COVER,0,MULTI_CANDIDATE,WOW,S-UNIWARD,WOW,S-UNIWARD,HILL,HUGO,MiPOD,,"WOW,S-UNIWARD,HILL,HUGO,MiPOD",5,0,1.0,1.0,0.0,1.0,1.0,5,1.0,1.0,5,1.0,1.0,5,1.0,1.0,5,1.0,1.0,5
COVER__test__4156.pgm,4156.pgm,COVER,0,MULTI_CANDIDATE,HUGO,S-UNIWARD,HUGO,S-UNIWARD,MiPOD,WOW,HILL,,"HUGO,S-UNIWARD,MiPOD,WOW,HILL",5,0,0.9788654982688876,0.9599643323548868,0.018901165914000817,0.9493168838567246,0.6,3,0.9599643323548868,0.8,4,0.9359536370260759,0.6,3,0.9788654982688876,0.8,4,0.9599643323548868,0.8,4
COVER__test__4157.pgm,4157.pgm,COVER,0,MULTI_CANDIDATE,WOW,S-UNIWARD,WOW,S-UNIWARD,HILL,HUGO,MiPOD,,"WOW,S-UNIWARD,HILL,HUGO,MiPOD",5,0,1.0,1.0,0.0,1.0,1.0,5,1.0,1.0,5,1.0,1.0,5,1.0,1.0,5,1.0,1.0,5
COVER__test__4168.pgm,4168.pgm,COVER,0,MULTI_CANDIDATE,WOW,S-UNIWARD,WOW,S-UNIWARD,HILL,HUGO,MiPOD,,"WOW,S-UNIWARD,HILL,HUGO,MiPOD",5,0,1.0,1.0,0.0,1.0,1.0,5,1.0,1.0,5,1.0,1.0,5,1.0,1.0,5,1.0,1.0,5
COVER__test__417.pgm,417.pgm,COVER,0,MULTI_CANDIDATE,WOW,S-UNIWARD,WOW,S-UNIWARD,HILL,HUGO,MiPOD,,"WOW,S-UNIWARD,HILL,HUGO,MiPOD",5,0,1.0,1.0,0.0,1.0,1.0,5,1.0,1.0,5,1.0,1.0,5,1.0,1.0,5,1.0,1.0,5
COVER__test__4172.pgm,4172.pgm,COVER,0,MULTI_CANDIDATE,WOW,S-UNIWARD,WOW,S-UNIWARD,HILL,HUGO,MiPOD,,"WOW,S-UNIWARD,HILL,HUGO,MiPOD",5,0,1.0,1.0,0.0,1.0,1.0,5,1.0,1.0,5,1.0,1.0,5,1.0,1.0,5,1.0,1.0,5
COVER__test__4176.pgm,4176.pgm,COVER,0,MULTI_CANDIDATE,S-UNIWARD,HILL,S-UNIWARD,HILL,HUGO,MiPOD,WOW,,"S-UNIWARD,HILL,HUGO,MiPOD,WOW",5,0,1.0,1.0,0.0,0.9578469808831948,0.8,4,1.0,1.0,5,1.0,1.0,5,1.0,1.0,5,1.0,1.0,5
COVER__test__4182.pgm,4182.pgm,COVER,0,MULTI_CANDIDATE,WOW,S-UNIWARD,WOW,S-UNIWARD,HILL,HUGO,MiPOD,,"WOW,S-UNIWARD,HILL,HUGO,MiPOD",5,0,1.0,1.0,0.0,1.0,1.0,5,1.0,1.0,5,1.0,1.0,5,1.0,1.0,5,1.0,1.0,5
COVER__test__4189.pgm,4189.pgm,COVER,0,MULTI_CANDIDATE,WOW,S-UNIWARD,WOW,S-UNIWARD,HILL,HUGO,MiPOD,,"WOW,S-UNIWARD,HILL,HUGO,MiPOD",5,0,1.0,1.0,0.0,1.0,1.0,5,1.0,1.0,5,1.0,1.0,5,1.0,1.0,5,1.0,1.0,5
COVER__test__4200.pgm,4200.pgm,COVER,0,MULTI_CANDIDATE,WOW,S-UNIWARD,WOW,S-UNIWARD,HILL,HUGO,MiPOD,,"WOW,S-UNIWARD,HILL,HUGO,MiPOD",5,0,1.0,1.0,0.0,1.0,1.0,5,1.0,1.0,5,1.0,1.0,5,1.0,1.0,5,1.0,1.0,5
COVER__test__4207.pgm,4207.pgm,COVER,0,MULTI_CANDIDATE,WOW,S-UNIWARD,WOW,S-UNIWARD,HILL,HUGO,MiPOD,,"WOW,S-UNIWARD,HILL,HUGO,MiPOD",5,0,1.0,1.0,0.0,1.0,1.0,5,1.0,1.0,5,1.0,1.0,5,1.0,1.0,5,1.0,1.0,5
COVER__test__4211.pgm,4211.pgm,COVER,0,MULTI_CANDIDATE,WOW,S-UNIWARD,WOW,S-UNIWARD,HILL,HUGO,MiPOD,,"WOW,S-UNIWARD,HILL,HUGO,MiPOD",5,0,1.0,1.0,0.0,1.0,1.0,5,1.0,1.0,5,1.0,1.0,5,1.0,1.0,5,1.0,1.0,5
COVER__test__4221.pgm,4221.pgm,COVER,0,MULTI_CANDIDATE,WOW,S-UNIWARD,WOW,S-UNIWARD,HILL,HUGO,MiPOD,,"WOW,S-UNIWARD,HILL,HUGO,MiPOD",5,0,1.0,1.0,0.0,1.0,1.0,5,1.0,1.0,5,1.0,1.0,5,1.0,1.0,5,1.0,1.0,5
COVER__test__4224.pgm,4224.pgm,COVER,0,MULTI_CANDIDATE,WOW,S-UNIWARD,WOW,S-UNIWARD,HILL,HUGO,MiPOD,,"WOW,S-UNIWARD,HILL,HUGO,MiPOD",5,0,1.0,1.0,0.0,1.0,1.0,5,1.0,1.0,5,1.0,1.0,5,1.0,1.0,5,1.0,1.0,5
COVER__test__4227.pgm,4227.pgm,COVER,0,MULTI_CANDIDATE,WOW,S-UNIWARD,WOW,S-UNIWARD,HILL,HUGO,MiPOD,,"WOW,S-UNIWARD,HILL,HUGO,MiPOD",5,0,1.0,1.0,0.0,1.0,1.0,5,1.0,1.0,5,1.0,1.0,5,1.0,1.0,5,1.0,1.0,5
COVER__test__4231.pgm,4231.pgm,COVER,0,MULTI_CANDIDATE,WOW,S-UNIWARD,WOW,S-UNIWARD,HILL,HUGO,MiPOD,,"WOW,S-UNIWARD,HILL,HUGO,MiPOD",5,0,1.0,1.0,0.0,1.0,1.0,5,1.0,1.0,5,1.0,1.0,5,1.0,1.0,5,1.0,1.0,5
COVER__test__4233.pgm,4233.pgm,COVER,0,MULTI_CANDIDATE,WOW,S-UNIWARD,WOW,S-UNIWARD,HILL,HUGO,MiPOD,,"WOW,S-UNIWARD,HILL,HUGO,MiPOD",5,0,1.0,1.0,0.0,1.0,1.0,5,1.0,1.0,5,1.0,1.0,5,1.0,1.0,5,1.0,1.0,5
COVER__test__4236.pgm,4236.pgm,COVER,0,MULTI_CANDIDATE,WOW,S-UNIWARD,WOW,S-UNIWARD,HILL,HUGO,MiPOD,,"WOW,S-UNIWARD,HILL,HUGO,MiPOD",5,0,1.0,1.0,0.0,1.0,1.0,5,1.0,1.0,5,1.0,1.0,5,1.0,1.0,5,1.0,1.0,5
COVER__test__4245.pgm,4245.pgm,COVER,0,MULTI_CANDIDATE,WOW,S-UNIWARD,WOW,S-UNIWARD,HILL,HUGO,MiPOD,,"WOW,S-UNIWARD,HILL,HUGO,MiPOD",5,0,1.0,1.0,0.0,1.0,1.0,5,1.0,1.0,5,1.0,1.0,5,1.0,1.0,5,1.0,1.0,5
COVER__test__4248.pgm,4248.pgm,COVER,0,MULTI_CANDIDATE,WOW,S-UNIWARD,WOW,S-UNIWARD,HILL,HUGO,MiPOD,,"WOW,S-UNIWARD,HILL,HUGO,MiPOD",5,0,1.0,1.0,0.0,1.0,1.0,5,1.0,1.0,5,1.0,1.0,5,1.0,1.0,5,1.0,1.0,5
COVER__test__4249.pgm,4249.pgm,COVER,0,MULTI_CANDIDATE,WOW,S-UNIWARD,WOW,S-UNIWARD,HILL,HUGO,MiPOD,,"WOW,S-UNIWARD,HILL,HUGO,MiPOD",5,0,1.0,1.0,0.0,1.0,1.0,5,1.0,1.0,5,1.0,1.0,5,1.0,1.0,5,1.0,1.0,5
COVER__test__425.pgm,425.pgm,COVER,0,MULTI_CANDIDATE,S-UNIWARD,HUGO,S-UNIWARD,HUGO,WOW,MiPOD,HILL,,"S-UNIWARD,HUGO,WOW,MiPOD",4,0,1.0,1.0,0.0,0.9255148378838964,0.8,4,1.0,1.0,5,0.8206152332859358,0.6,3,1.0,1.0,5,0.9162832951497238,0.8,4
COVER__test__4261.pgm,4261.pgm,COVER,0,MULTI_CANDIDATE,WOW,S-UNIWARD,WOW,S-UNIWARD,HILL,HUGO,MiPOD,,"WOW,S-UNIWARD,HILL,HUGO,MiPOD",5,0,1.0,1.0,0.0,1.0,1.0,5,1.0,1.0,5,1.0,1.0,5,1.0,1.0,5,1.0,1.0,5
COVER__test__4264.pgm,4264.pgm,COVER,0,MULTI_CANDIDATE,WOW,S-UNIWARD,WOW,S-UNIWARD,HILL,HUGO,MiPOD,,"WOW,S-UNIWARD,HILL,HUGO,MiPOD",5,0,1.0,1.0,0.0,1.0,1.0,5,1.0,1.0,5,1.0,1.0,5,1.0,1.0,5,1.0,1.0,5
COVER__test__4265.pgm,4265.pgm,COVER,0,MULTI_CANDIDATE,WOW,S-UNIWARD,WOW,S-UNIWARD,HILL,HUGO,MiPOD,,"WOW,S-UNIWARD,HILL,HUGO,MiPOD",5,0,1.0,1.0,0.0,1.0,1.0,5,1.0,1.0,5,1.0,1.0,5,1.0,1.0,5,1.0,1.0,5
COVER__test__4278.pgm,4278.pgm,COVER,0,MULTI_CANDIDATE,WOW,S-UNIWARD,WOW,S-UNIWARD,HILL,HUGO,MiPOD,,"WOW,S-UNIWARD,HILL,HUGO,MiPOD",5,0,1.0,1.0,0.0,1.0,1.0,5,1.0,1.0,5,1.0,1.0,5,1.0,1.0,5,1.0,1.0,5
COVER__test__4285.pgm,4285.pgm,COVER,0,MULTI_CANDIDATE,WOW,S-UNIWARD,WOW,S-UNIWARD,HILL,HUGO,MiPOD,,"WOW,S-UNIWARD,HILL,HUGO,MiPOD",5,0,1.0,1.0,0.0,1.0,1.0,5,1.0,1.0,5,1.0,1.0,5,1.0,1.0,5,1.0,1.0,5
COVER__test__429.pgm,429.pgm,COVER,0,MULTI_CANDIDATE,WOW,S-UNIWARD,WOW,S-UNIWARD,HILL,HUGO,MiPOD,,"WOW,S-UNIWARD,HILL,HUGO,MiPOD",5,0,1.0,1.0,0.0,1.0,1.0,5,1.0,1.0,5,1.0,1.0,5,1.0,1.0,5,1.0,1.0,5
COVER__test__4303.pgm,4303.pgm,COVER,0,MULTI_CANDIDATE,WOW,S-UNIWARD,WOW,S-UNIWARD,HILL,HUGO,MiPOD,,"WOW,S-UNIWARD,HILL,HUGO,MiPOD",5,0,1.0,1.0,0.0,1.0,1.0,5,1.0,1.0,5,1.0,1.0,5,1.0,1.0,5,1.0,1.0,5
COVER__test__4304.pgm,4304.pgm,COVER,0,MULTI_CANDIDATE,WOW,S-UNIWARD,WOW,S-UNIWARD,HILL,HUGO,MiPOD,,"WOW,S-UNIWARD,HILL,HUGO,MiPOD",5,0,1.0,1.0,0.0,1.0,1.0,5,1.0,1.0,5,1.0,1.0,5,1.0,1.0,5,1.0,1.0,5
COVER__test__431.pgm,431.pgm,COVER,0,MULTI_CANDIDATE,S-UNIWARD,HILL,S-UNIWARD,HILL,HUGO,MiPOD,WOW,,"S-UNIWARD,HILL,HUGO,MiPOD,WOW",5,0,1.0,1.0,0.0,0.9965905976036771,0.8,4,1.0,1.0,5,1.0,1.0,5,1.0,1.0,5,1.0,1.0,5
COVER__test__4310.pgm,4310.pgm,COVER,0,MULTI_CANDIDATE,WOW,S-UNIWARD,WOW,S-UNIWARD,HILL,HUGO,MiPOD,,"WOW,S-UNIWARD,HILL,HUGO,MiPOD",5,0,1.0,1.0,0.0,1.0,1.0,5,1.0,1.0,5,1.0,1.0,5,1.0,1.0,5,1.0,1.0,5
COVER__test__4312.pgm,4312.pgm,COVER,0,MULTI_CANDIDATE,WOW,S-UNIWARD,WOW,S-UNIWARD,HILL,HUGO,MiPOD,,"WOW,S-UNIWARD,HILL,HUGO,MiPOD",5,0,1.0,1.0,0.0,1.0,1.0,5,1.0,1.0,5,1.0,1.0,5,1.0,1.0,5,1.0,1.0,5
COVER__test__4324.pgm,4324.pgm,COVER,0,MULTI_CANDIDATE,WOW,S-UNIWARD,WOW,S-UNIWARD,HILL,HUGO,MiPOD,,"WOW,S-UNIWARD,HILL,HUGO,MiPOD",5,0,1.0,1.0,0.0,1.0,1.0,5,1.0,1.0,5,1.0,1.0,5,1.0,1.0,5,1.0,1.0,5
COVER__test__4325.pgm,4325.pgm,COVER,0,MULTI_CANDIDATE,S-UNIWARD,HILL,S-UNIWARD,HILL,HUGO,MiPOD,WOW,,"S-UNIWARD,HILL,HUGO,MiPOD",4,0,0.9259744357100018,0.9259744357100018,0.0,0.8146503607877262,0.6,3,0.9259744357100018,0.8,4,0.9259744357100018,0.8,4,0.9259744357100018,0.8,4,0.9259744357100018,0.8,4
COVER__test__4332.pgm,4332.pgm,COVER,0,MULTI_CANDIDATE,HUGO,S-UNIWARD,HUGO,S-UNIWARD,MiPOD,HILL,WOW,,"HUGO,S-UNIWARD,MiPOD",3,0,0.9850851824753528,0.9696159900938405,0.015469192381512342,0.7387685536098689,0.6,3,0.9696159900938405,0.8,4,0.8345571417382847,0.8,4,0.9850851824753528,0.8,4,0.9197829985123575,0.8,4
COVER__test__4338.pgm,4338.pgm,COVER,0,MULTI_CANDIDATE,S-UNIWARD,HILL,S-UNIWARD,HILL,HUGO,MiPOD,WOW,,"S-UNIWARD,HILL,HUGO,MiPOD",4,0,1.0,1.0,0.0,0.8803357442149995,0.8,4,1.0,1.0,5,1.0,1.0,5,1.0,1.0,5,1.0,1.0,5
COVER__test__4352.pgm,4352.pgm,COVER,0,MULTI_CANDIDATE,WOW,S-UNIWARD,WOW,S-UNIWARD,HILL,HUGO,MiPOD,,"WOW,S-UNIWARD,HILL,HUGO,MiPOD",5,0,1.0,1.0,0.0,1.0,1.0,5,1.0,1.0,5,1.0,1.0,5,1.0,1.0,5,1.0,1.0,5
COVER__test__4353.pgm,4353.pgm,COVER,0,MULTI_CANDIDATE,WOW,S-UNIWARD,WOW,S-UNIWARD,HILL,HUGO,MiPOD,,"WOW,S-UNIWARD,HILL,HUGO,MiPOD",5,0,1.0,1.0,0.0,1.0,1.0,5,1.0,1.0,5,1.0,1.0,5,1.0,1.0,5,1.0,1.0,5
COVER__test__4358.pgm,4358.pgm,COVER,0,MULTI_CANDIDATE,HUGO,S-UNIWARD,HUGO,S-UNIWARD,MiPOD,WOW,HILL,,"HUGO,S-UNIWARD",2,0,0.9403332588232773,0.9196391701510477,0.02069408867222966,0.7642350321836417,0.6,3,0.9196391701510477,0.6,3,0.6957459601817669,0.6,3,0.9403332588232773,0.6,3,0.7725486478019643,0.6,3
COVER__test__4367.pgm,4367.pgm,COVER,0,MULTI_CANDIDATE,WOW,S-UNIWARD,WOW,S-UNIWARD,HILL,MiPOD,HUGO,,"WOW,S-UNIWARD,HILL,MiPOD",4,0,1.0,1.0,0.0,1.0,1.0,5,1.0,1.0,5,0.9599980503144379,0.8,4,0.8844878186944989,0.8,4,0.9222755919619854,0.8,4
COVER__test__4373.pgm,4373.pgm,COVER,0,MULTI_CANDIDATE,S-UNIWARD,HUGO,S-UNIWARD,HUGO,MiPOD,HILL,WOW,,"S-UNIWARD,HUGO,MiPOD,HILL",4,0,1.0,1.0,0.0,0.8413118468374794,0.8,4,1.0,1.0,5,0.923283551931371,0.8,4,1.0,1.0,5,1.0,1.0,5
COVER__test__4375.pgm,4375.pgm,COVER,0,MULTI_CANDIDATE,HILL,HUGO,HILL,HUGO,MiPOD,S-UNIWARD,WOW,,"HILL,HUGO,MiPOD,S-UNIWARD",4,0,1.0,1.0,0.0,0.8390925550571607,0.8,4,0.9975085848114034,0.8,4,1.0,1.0,5,1.0,1.0,5,1.0,1.0,5
COVER__test__4391.pgm,4391.pgm,COVER,0,MULTI_CANDIDATE,WOW,S-UNIWARD,WOW,S-UNIWARD,HILL,HUGO,MiPOD,,"WOW,S-UNIWARD,HILL,HUGO,MiPOD",5,0,1.0,1.0,0.0,1.0,1.0,5,1.0,1.0,5,1.0,1.0,5,1.0,1.0,5,1.0,1.0,5
COVER__test__4398.pgm,4398.pgm,COVER,0,MULTI_CANDIDATE,WOW,S-UNIWARD,WOW,S-UNIWARD,HILL,HUGO,MiPOD,,"WOW,S-UNIWARD,HILL,HUGO,MiPOD",5,0,1.0,1.0,0.0,1.0,1.0,5,1.0,1.0,5,1.0,1.0,5,1.0,1.0,5,1.0,1.0,5
COVER__test__4407.pgm,4407.pgm,COVER,0,MULTI_CANDIDATE,WOW,S-UNIWARD,WOW,S-UNIWARD,HILL,HUGO,MiPOD,,"WOW,S-UNIWARD,HILL,HUGO,MiPOD",5,0,1.0,1.0,0.0,1.0,1.0,5,1.0,1.0,5,1.0,1.0,5,1.0,1.0,5,1.0,1.0,5
COVER__test__4410.pgm,4410.pgm,COVER,0,MULTI_CANDIDATE,WOW,S-UNIWARD,WOW,S-UNIWARD,HILL,HUGO,MiPOD,,"WOW,S-UNIWARD,HILL,HUGO,MiPOD",5,0,0.9144229005321698,0.9144229005321698,0.0,0.9144229005321698,0.8,4,0.9144229005321698,0.8,4,0.9144229005321698,0.8,4,0.9144229005321698,0.8,4,0.9144229005321698,0.8,4
COVER__test__4421.pgm,4421.pgm,COVER,0,MULTI_CANDIDATE,WOW,S-UNIWARD,WOW,S-UNIWARD,HILL,HUGO,MiPOD,,"WOW,S-UNIWARD,HILL,HUGO,MiPOD",5,0,1.0,1.0,0.0,1.0,1.0,5,1.0,1.0,5,1.0,1.0,5,1.0,1.0,5,1.0,1.0,5
COVER__test__4428.pgm,4428.pgm,COVER,0,MULTI_CANDIDATE,S-UNIWARD,HUGO,S-UNIWARD,HUGO,MiPOD,HILL,WOW,,"S-UNIWARD,HUGO,MiPOD,HILL,WOW",5,0,1.0,1.0,0.0,0.9013898752925232,0.8,4,1.0,1.0,5,0.9519803647256658,0.8,4,1.0,1.0,5,1.0,1.0,5
COVER__test__4430.pgm,4430.pgm,COVER,0,MULTI_CANDIDATE,S-UNIWARD,HUGO,S-UNIWARD,HUGO,MiPOD,WOW,HILL,,"S-UNIWARD,HUGO,MiPOD,WOW",4,0,1.0,1.0,0.0,0.9158736941445863,0.8,4,1.0,1.0,5,0.8989828180311656,0.8,4,1.0,1.0,5,0.9597270254458035,0.8,4
COVER__test__4433.pgm,4433.pgm,COVER,0,MULTI_CANDIDATE,WOW,S-UNIWARD,WOW,S-UNIWARD,HILL,HUGO,MiPOD,,"WOW,S-UNIWARD,HILL,HUGO,MiPOD",5,0,1.0,1.0,0.0,1.0,1.0,5,1.0,1.0,5,1.0,1.0,5,1.0,1.0,5,1.0,1.0,5
COVER__test__444.pgm,444.pgm,COVER,0,MULTI_CANDIDATE,HUGO,S-UNIWARD,HUGO,S-UNIWARD,MiPOD,HILL,WOW,,"HUGO,S-UNIWARD",2,0,0.9433487067258352,0.9109008116699668,0.032447895055868314,0.6023855435076418,0.4,2,0.9109008116699668,0.4,2,0.6957212793124646,0.4,2,0.9433487067258352,0.6,3,0.76793195543327,0.6,3
COVER__test__4441.pgm,4441.pgm,COVER,0,MULTI_CANDIDATE,WOW,S-UNIWARD,WOW,S-UNIWARD,HILL,HUGO,MiPOD,,"WOW,S-UNIWARD,HILL,HUGO,MiPOD",5,0,1.0,1.0,0.0,1.0,1.0,5,1.0,1.0,5,1.0,1.0,5,1.0,1.0,5,1.0,1.0,5
COVER__test__4445.pgm,4445.pgm,COVER,0,MULTI_CANDIDATE,S-UNIWARD,HUGO,S-UNIWARD,HUGO,MiPOD,HILL,WOW,,"S-UNIWARD,HUGO",2,0,1.0,1.0,0.0,0.7576193739090186,0.6,3,1.0,1.0,5,0.809210620664502,0.6,3,1.0,1.0,5,0.8721680250717642,0.6,3
COVER__test__4455.pgm,4455.pgm,COVER,0,MULTI_CANDIDATE,HUGO,S-UNIWARD,HUGO,S-UNIWARD,MiPOD,HILL,WOW,,"HUGO,S-UNIWARD",2,0,0.9290677716043371,0.9031945390835657,0.02587323252077134,0.6243197643341375,0.4,2,0.9031945390835657,0.6,3,0.692331191820475,0.6,3,0.9290677716043371,0.6,3,0.7610472338714968,0.6,3
COVER__test__446.pgm,446.pgm,COVER,0,UNKNOWN_OR_COVER,UNKNOWN,,HUGO,S-UNIWARD,MiPOD,HILL,WOW,,,0,0,0.8770966225781957,0.8503966782083291,0.026699944369866557,0.5453374889381363,0.0,0,0.8503966782083291,0.2,1,0.6327339683028967,0.2,1,0.8770966225781957,0.2,1,0.7039490629193075,0.2,1
COVER__test__4461.pgm,4461.pgm,COVER,0,MULTI_CANDIDATE,WOW,S-UNIWARD,WOW,S-UNIWARD,HILL,HUGO,MiPOD,,"WOW,S-UNIWARD,HILL,HUGO,MiPOD",5,0,1.0,1.0,0.0,1.0,1.0,5,1.0,1.0,5,1.0,1.0,5,1.0,1.0,5,1.0,1.0,5
COVER__test__4466.pgm,4466.pgm,COVER,0,UNKNOWN_OR_COVER,UNKNOWN,,S-UNIWARD,HILL,HUGO,MiPOD,WOW,,,0,0,0.8793477969917639,0.8793477969917639,0.0,0.8627379563919046,0.6,3,0.8793477969917639,0.8,4,0.8793477969917639,0.8,4,0.8793477969917639,0.8,4,0.8793477969917639,0.8,4
COVER__test__448.pgm,448.pgm,COVER,0,MULTI_CANDIDATE,HUGO,S-UNIWARD,HUGO,S-UNIWARD,MiPOD,HILL,WOW,,"HUGO,S-UNIWARD,MiPOD",3,0,0.9599643323548868,0.9430605000595337,0.016903832295353083,0.8030487966756134,0.6,3,0.9430605000595337,0.8,4,0.8883762525283363,0.6,3,0.9599643323548868,0.8,4,0.9404326110092966,0.6,3
COVER__test__4482.pgm,4482.pgm,COVER,0,MULTI_CANDIDATE,WOW,S-UNIWARD,WOW,S-UNIWARD,HILL,HUGO,MiPOD,,"WOW,S-UNIWARD,HILL,HUGO,MiPOD",5,0,1.0,1.0,0.0,1.0,1.0,5,1.0,1.0,5,1.0,1.0,5,1.0,1.0,5,1.0,1.0,5
COVER__test__4483.pgm,4483.pgm,COVER,0,MULTI_CANDIDATE,HUGO,S-UNIWARD,HUGO,S-UNIWARD,MiPOD,HILL,WOW,,"HUGO,S-UNIWARD",2,0,0.9776033874680957,0.958472263235627,0.019131124232468766,0.6429868443871471,0.2,1,0.958472263235627,0.4,2,0.7137201950077887,0.2,1,0.9776033874680957,0.6,3,0.7809697242594014,0.2,1
COVER__test__4489.pgm,4489.pgm,COVER,0,MULTI_CANDIDATE,WOW,S-UNIWARD,WOW,S-UNIWARD,HILL,HUGO,MiPOD,,"WOW,S-UNIWARD,HILL,HUGO,MiPOD",5,0,1.0,1.0,0.0,1.0,1.0,5,1.0,1.0,5,1.0,1.0,5,1.0,1.0,5,1.0,1.0,5
COVER__test__4496.pgm,4496.pgm,COVER,0,MULTI_CANDIDATE,WOW,S-UNIWARD,WOW,S-UNIWARD,HILL,HUGO,MiPOD,,"WOW,S-UNIWARD,HILL,HUGO,MiPOD",5,0,1.0,1.0,0.0,1.0,1.0,5,1.0,1.0,5,1.0,1.0,5,1.0,1.0,5,1.0,1.0,5
COVER__test__450.pgm,450.pgm,COVER,0,MULTI_CANDIDATE,WOW,S-UNIWARD,WOW,S-UNIWARD,HILL,HUGO,MiPOD,,"WOW,S-UNIWARD,HILL,HUGO,MiPOD",5,0,1.0,1.0,0.0,1.0,1.0,5,1.0,1.0,5,1.0,1.0,5,1.0,1.0,5,1.0,1.0,5
COVER__test__4506.pgm,4506.pgm,COVER,0,MULTI_CANDIDATE,WOW,S-UNIWARD,WOW,S-UNIWARD,HILL,HUGO,MiPOD,,"WOW,S-UNIWARD,HILL,HUGO,MiPOD",5,0,1.0,1.0,0.0,1.0,1.0,5,1.0,1.0,5,1.0,1.0,5,1.0,1.0,5,1.0,1.0,5
COVER__test__4507.pgm,4507.pgm,COVER,0,MULTI_CANDIDATE,WOW,S-UNIWARD,WOW,S-UNIWARD,HILL,HUGO,MiPOD,,"WOW,S-UNIWARD,HILL,HUGO,MiPOD",5,0,1.0,1.0,0.0,1.0,1.0,5,1.0,1.0,5,1.0,1.0,5,1.0,1.0,5,1.0,1.0,5
COVER__test__4515.pgm,4515.pgm,COVER,0,UNKNOWN_OR_COVER,UNKNOWN,,HUGO,S-UNIWARD,MiPOD,HILL,WOW,,,0,0,0.8226843203454115,0.7722096828675904,0.050474637477821105,0.48254768764057065,0.2,1,0.7722096828675904,0.0,0,0.5548614787531954,0.2,1,0.8226843203454115,0.4,2,0.6257169843483196,0.2,1
COVER__test__4517.pgm,4517.pgm,COVER,0,MULTI_CANDIDATE,WOW,S-UNIWARD,WOW,S-UNIWARD,HILL,HUGO,MiPOD,,"WOW,S-UNIWARD,HILL,HUGO,MiPOD",5,0,1.0,1.0,0.0,1.0,1.0,5,1.0,1.0,5,1.0,1.0,5,1.0,1.0,5,1.0,1.0,5
COVER__test__4519.pgm,4519.pgm,COVER,0,MULTI_CANDIDATE,WOW,S-UNIWARD,WOW,S-UNIWARD,HILL,HUGO,MiPOD,,"WOW,S-UNIWARD,HILL,HUGO,MiPOD",5,0,1.0,1.0,0.0,1.0,1.0,5,1.0,1.0,5,1.0,1.0,5,1.0,1.0,5,1.0,1.0,5
COVER__test__4525.pgm,4525.pgm,COVER,0,MULTI_CANDIDATE,HUGO,S-UNIWARD,HUGO,S-UNIWARD,MiPOD,HILL,WOW,,"HUGO,S-UNIWARD",2,0,1.0,0.9929446309298168,0.007055369070183226,0.695677080990316,0.4,2,0.9929446309298168,0.8,4,0.7546485589696983,0.4,2,1.0,1.0,5,0.8354954085237601,0.4,2
COVER__test__4526.pgm,4526.pgm,COVER,0,MULTI_CANDIDATE,WOW,S-UNIWARD,WOW,S-UNIWARD,HILL,HUGO,MiPOD,,"WOW,S-UNIWARD,HILL,HUGO,MiPOD",5,0,1.0,1.0,0.0,1.0,1.0,5,1.0,1.0,5,1.0,1.0,5,1.0,1.0,5,1.0,1.0,5
COVER__test__4529.pgm,4529.pgm,COVER,0,MULTI_CANDIDATE,WOW,S-UNIWARD,WOW,S-UNIWARD,HILL,HUGO,MiPOD,,"WOW,S-UNIWARD,HILL,HUGO,MiPOD",5,0,1.0,1.0,0.0,1.0,1.0,5,1.0,1.0,5,1.0,1.0,5,1.0,1.0,5,1.0,1.0,5
COVER__test__4534.pgm,4534.pgm,COVER,0,MULTI_CANDIDATE,WOW,S-UNIWARD,WOW,S-UNIWARD,HILL,HUGO,MiPOD,,"WOW,S-UNIWARD,HILL,HUGO,MiPOD",5,0,1.0,1.0,0.0,1.0,1.0,5,1.0,1.0,5,1.0,1.0,5,1.0,1.0,5,1.0,1.0,5
COVER__test__4541.pgm,4541.pgm,COVER,0,MULTI_CANDIDATE,S-UNIWARD,HILL,S-UNIWARD,HILL,HUGO,MiPOD,WOW,,"S-UNIWARD,HILL,HUGO,MiPOD",4,0,1.0,1.0,0.0,0.8985556636403722,0.8,4,1.0,1.0,5,1.0,1.0,5,1.0,1.0,5,1.0,1.0,5
COVER__test__4549.pgm,4549.pgm,COVER,0,MULTI_CANDIDATE,WOW,S-UNIWARD,WOW,S-UNIWARD,HILL,HUGO,MiPOD,,"WOW,S-UNIWARD,HILL,HUGO,MiPOD",5,0,1.0,1.0,0.0,1.0,1.0,5,1.0,1.0,5,1.0,1.0,5,1.0,1.0,5,1.0,1.0,5
COVER__test__455.pgm,455.pgm,COVER,0,MULTI_CANDIDATE,HUGO,S-UNIWARD,HUGO,S-UNIWARD,MiPOD,HILL,WOW,,"HUGO,S-UNIWARD",2,0,0.9592190519097773,0.9417594207291833,0.017459631180594015,0.7250811206509523,0.4,2,0.9417594207291833,0.6,3,0.7536877125625701,0.4,2,0.9592190519097773,0.8,4,0.8456801608514644,0.6,3
COVER__test__4557.pgm,4557.pgm,COVER,0,MULTI_CANDIDATE,HUGO,MiPOD,HUGO,MiPOD,S-UNIWARD,HILL,WOW,,"HUGO,MiPOD,S-UNIWARD",3,0,1.0,1.0,0.0,0.8254927089014492,0.6,3,0.9947062158641957,0.8,4,0.8868628977700812,0.6,3,1.0,1.0,5,1.0,1.0,5
COVER__test__4579.pgm,4579.pgm,COVER,0,MULTI_CANDIDATE,WOW,S-UNIWARD,WOW,S-UNIWARD,HILL,HUGO,MiPOD,,"WOW,S-UNIWARD,HILL,HUGO,MiPOD",5,0,1.0,1.0,0.0,1.0,1.0,5,1.0,1.0,5,1.0,1.0,5,1.0,1.0,5,1.0,1.0,5
COVER__test__4581.pgm,4581.pgm,COVER,0,MULTI_CANDIDATE,WOW,S-UNIWARD,WOW,S-UNIWARD,HILL,HUGO,MiPOD,,"WOW,S-UNIWARD,HILL,HUGO,MiPOD",5,0,1.0,1.0,0.0,1.0,1.0,5,1.0,1.0,5,1.0,1.0,5,1.0,1.0,5,1.0,1.0,5
COVER__test__4586.pgm,4586.pgm,COVER,0,MULTI_CANDIDATE,WOW,S-UNIWARD,WOW,S-UNIWARD,HILL,HUGO,MiPOD,,"WOW,S-UNIWARD,HILL,HUGO,MiPOD",5,0,1.0,1.0,0.0,1.0,1.0,5,1.0,1.0,5,1.0,1.0,5,1.0,1.0,5,1.0,1.0,5
COVER__test__459.pgm,459.pgm,COVER,0,MULTI_CANDIDATE,WOW,S-UNIWARD,WOW,S-UNIWARD,HILL,MiPOD,HUGO,,"WOW,S-UNIWARD,HILL,MiPOD,HUGO",5,0,1.0,1.0,0.0,1.0,1.0,5,1.0,1.0,5,1.0,1.0,5,0.976253539515979,0.8,4,1.0,1.0,5
COVER__test__4592.pgm,4592.pgm,COVER,0,MULTI_CANDIDATE,WOW,S-UNIWARD,WOW,S-UNIWARD,HILL,HUGO,MiPOD,,"WOW,S-UNIWARD,HILL,HUGO,MiPOD",5,0,1.0,1.0,0.0,1.0,1.0,5,1.0,1.0,5,1.0,1.0,5,1.0,1.0,5,1.0,1.0,5
COVER__test__4594.pgm,4594.pgm,COVER,0,MULTI_CANDIDATE,WOW,S-UNIWARD,WOW,S-UNIWARD,HILL,HUGO,MiPOD,,"WOW,S-UNIWARD,HILL,HUGO,MiPOD",5,0,1.0,1.0,0.0,1.0,1.0,5,1.0,1.0,5,1.0,1.0,5,1.0,1.0,5,1.0,1.0,5
COVER__test__4596.pgm,4596.pgm,COVER,0,MULTI_CANDIDATE,S-UNIWARD,HILL,S-UNIWARD,HILL,HUGO,MiPOD,WOW,,"S-UNIWARD,HILL,HUGO,MiPOD,WOW",5,0,1.0,1.0,0.0,0.9445791624945785,0.8,4,1.0,1.0,5,1.0,1.0,5,1.0,1.0,5,1.0,1.0,5
COVER__test__4599.pgm,4599.pgm,COVER,0,MULTI_CANDIDATE,WOW,S-UNIWARD,WOW,S-UNIWARD,HILL,MiPOD,HUGO,,"WOW,S-UNIWARD,HILL,MiPOD",4,0,1.0,0.9935577403309932,0.0064422596690068,1.0,1.0,5,0.9935577403309932,0.8,4,0.9548159846664399,0.8,4,0.8817514014564726,0.8,4,0.9183152927992797,0.8,4
COVER__test__460.pgm,460.pgm,COVER,0,MULTI_CANDIDATE,HUGO,S-UNIWARD,HUGO,S-UNIWARD,MiPOD,HILL,WOW,,"HUGO,S-UNIWARD",2,0,0.9844059992188281,0.9637634861482833,0.020642513070544766,0.745704375673608,0.4,2,0.9637634861482833,0.6,3,0.7627564093096498,0.4,2,0.9844059992188281,0.6,3,0.8491497247964996,0.6,3
COVER__test__4607.pgm,4607.pgm,COVER,0,MULTI_CANDIDATE,WOW,S-UNIWARD,WOW,S-UNIWARD,HILL,MiPOD,HUGO,,"WOW,S-UNIWARD,HILL,MiPOD,HUGO",5,0,1.0,1.0,0.0,1.0,1.0,5,1.0,1.0,5,1.0,1.0,5,0.99598023868006,0.8,4,1.0,1.0,5
COVER__test__4608.pgm,4608.pgm,COVER,0,MULTI_CANDIDATE,HUGO,S-UNIWARD,HUGO,S-UNIWARD,MiPOD,HILL,WOW,,"HUGO,S-UNIWARD,MiPOD",3,0,0.9983548489894805,0.9912317738613885,0.00712307512809196,0.7351097381808899,0.6,3,0.9912317738613885,0.8,4,0.8413824634305902,0.6,3,0.9983548489894805,0.8,4,0.9512150764894598,0.4,2
COVER__test__4609.pgm,4609.pgm,COVER,0,MULTI_CANDIDATE,HUGO,S-UNIWARD,HUGO,S-UNIWARD,MiPOD,HILL,WOW,,"HUGO,S-UNIWARD",2,0,0.9279429381287235,0.9169120018695441,0.011030936259179391,0.6513631615339543,0.4,2,0.9169120018695441,0.4,2,0.7663241027559576,0.4,2,0.9279429381287235,0.8,4,0.8654176386574465,0.4,2
COVER__test__4618.pgm,4618.pgm,COVER,0,MULTI_CANDIDATE,WOW,S-UNIWARD,WOW,S-UNIWARD,HILL,HUGO,MiPOD,,"WOW,S-UNIWARD,HILL,HUGO,MiPOD",5,0,1.0,1.0,0.0,1.0,1.0,5,1.0,1.0,5,1.0,1.0,5,1.0,1.0,5,1.0,1.0,5
COVER__test__4628.pgm,4628.pgm,COVER,0,MULTI_CANDIDATE,HUGO,S-UNIWARD,HUGO,S-UNIWARD,MiPOD,HILL,WOW,,"HUGO,S-UNIWARD",2,0,0.9542768436897507,0.9230391560189741,0.031237687670776615,0.6084640139849282,0.4,2,0.9230391560189741,0.4,2,0.7000230723601015,0.6,3,0.9542768436897507,0.6,3,0.7723449729990564,0.6,3
COVER__test__4634.pgm,4634.pgm,COVER,0,MULTI_CANDIDATE,WOW,S-UNIWARD,WOW,S-UNIWARD,HILL,HUGO,MiPOD,,"WOW,S-UNIWARD,HILL,HUGO,MiPOD",5,0,1.0,1.0,0.0,1.0,1.0,5,1.0,1.0,5,1.0,1.0,5,1.0,1.0,5,1.0,1.0,5
COVER__test__4643.pgm,4643.pgm,COVER,0,MULTI_CANDIDATE,WOW,S-UNIWARD,WOW,S-UNIWARD,HILL,HUGO,MiPOD,,"WOW,S-UNIWARD,HILL,HUGO,MiPOD",5,0,1.0,1.0,0.0,1.0,1.0,5,1.0,1.0,5,1.0,1.0,5,1.0,1.0,5,1.0,1.0,5
COVER__test__4644.pgm,4644.pgm,COVER,0,MULTI_CANDIDATE,WOW,S-UNIWARD,WOW,S-UNIWARD,HILL,HUGO,MiPOD,,"WOW,S-UNIWARD,HILL,HUGO,MiPOD",5,0,1.0,1.0,0.0,1.0,1.0,5,1.0,1.0,5,1.0,1.0,5,1.0,1.0,5,1.0,1.0,5
COVER__test__4651.pgm,4651.pgm,COVER,0,UNKNOWN_OR_COVER,UNKNOWN,,HUGO,S-UNIWARD,MiPOD,WOW,HILL,,,0,0,0.8323010584200414,0.806362849001394,0.02593820941864744,0.659868750235701,0.4,2,0.806362849001394,0.4,2,0.5950280271605607,0.4,2,0.8323010584200414,0.4,2,0.663631375689332,0.4,2
COVER__test__4653.pgm,4653.pgm,COVER,0,MULTI_CANDIDATE,WOW,S-UNIWARD,WOW,S-UNIWARD,HILL,HUGO,MiPOD,,"WOW,S-UNIWARD,HILL,HUGO,MiPOD",5,0,0.9144229005321698,0.9144229005321698,0.0,0.9144229005321698,0.8,4,0.9144229005321698,0.8,4,0.9144229005321698,0.8,4,0.9144229005321698,0.8,4,0.9144229005321698,0.8,4
COVER__test__4657.pgm,4657.pgm,COVER,0,MULTI_CANDIDATE,WOW,S-UNIWARD,WOW,S-UNIWARD,HILL,HUGO,MiPOD,,"WOW,S-UNIWARD,HILL,HUGO,MiPOD",5,0,1.0,1.0,0.0,1.0,1.0,5,1.0,1.0,5,1.0,1.0,5,1.0,1.0,5,1.0,1.0,5
COVER__test__4658.pgm,4658.pgm,COVER,0,MULTI_CANDIDATE,WOW,S-UNIWARD,WOW,S-UNIWARD,HILL,HUGO,MiPOD,,"WOW,S-UNIWARD,HILL,HUGO,MiPOD",5,0,1.0,1.0,0.0,1.0,1.0,5,1.0,1.0,5,1.0,1.0,5,1.0,1.0,5,1.0,1.0,5
COVER__test__4664.pgm,4664.pgm,COVER,0,SINGLE_CANDIDATE,HUGO,,HUGO,S-UNIWARD,MiPOD,HILL,WOW,,HUGO,1,0,0.9074620774340841,0.8816231214020499,0.025838956032034233,0.576067825070701,0.2,1,0.8816231214020499,0.4,2,0.6710119532309161,0.4,2,0.9074620774340841,0.4,2,0.739770410694992,0.4,2
COVER__test__4672.pgm,4672.pgm,COVER,0,MULTI_CANDIDATE,S-UNIWARD,HILL,S-UNIWARD,HILL,HUGO,MiPOD,WOW,,"S-UNIWARD,HILL,HUGO,MiPOD",4,0,1.0,1.0,0.0,0.8651257740522794,0.8,4,1.0,1.0,5,1.0,1.0,5,1.0,1.0,5,1.0,1.0,5
COVER__test__4678.pgm,4678.pgm,COVER,0,MULTI_CANDIDATE,S-UNIWARD,HILL,S-UNIWARD,HILL,HUGO,MiPOD,WOW,,"S-UNIWARD,HILL,HUGO,MiPOD",4,0,1.0,1.0,0.0,0.8435898022746511,0.8,4,1.0,1.0,5,1.0,1.0,5,1.0,1.0,5,1.0,1.0,5
COVER__test__4681.pgm,4681.pgm,COVER,0,MULTI_CANDIDATE,WOW,S-UNIWARD,WOW,S-UNIWARD,HILL,HUGO,MiPOD,,"WOW,S-UNIWARD,HILL,HUGO,MiPOD",5,0,1.0,1.0,0.0,1.0,1.0,5,1.0,1.0,5,1.0,1.0,5,1.0,1.0,5,1.0,1.0,5
COVER__test__4686.pgm,4686.pgm,COVER,0,MULTI_CANDIDATE,WOW,S-UNIWARD,WOW,S-UNIWARD,HILL,HUGO,MiPOD,,"WOW,S-UNIWARD,HILL,HUGO,MiPOD",5,0,1.0,1.0,0.0,1.0,1.0,5,1.0,1.0,5,1.0,1.0,5,1.0,1.0,5,1.0,1.0,5
COVER__test__4690.pgm,4690.pgm,COVER,0,UNKNOWN_OR_COVER,UNKNOWN,,HUGO,S-UNIWARD,MiPOD,HILL,WOW,,,0,0,0.7904883308902778,0.7567659006634206,0.03372243022685717,0.4532401082924391,0.0,0,0.7567659006634206,0.0,0,0.5446339847507468,0.0,0,0.7904883308902778,0.0,0,0.6162455221421353,0.0,0
COVER__test__4694.pgm,4694.pgm,COVER,0,MULTI_CANDIDATE,WOW,S-UNIWARD,WOW,S-UNIWARD,HILL,HUGO,MiPOD,,"WOW,S-UNIWARD,HILL,HUGO,MiPOD",5,0,1.0,1.0,0.0,1.0,1.0,5,1.0,1.0,5,1.0,1.0,5,1.0,1.0,5,1.0,1.0,5
COVER__test__4700.pgm,4700.pgm,COVER,0,MULTI_CANDIDATE,WOW,S-UNIWARD,WOW,S-UNIWARD,HILL,HUGO,MiPOD,,"WOW,S-UNIWARD,HILL,HUGO,MiPOD",5,0,1.0,1.0,0.0,1.0,1.0,5,1.0,1.0,5,1.0,1.0,5,1.0,1.0,5,1.0,1.0,5
COVER__test__4704.pgm,4704.pgm,COVER,0,MULTI_CANDIDATE,HUGO,MiPOD,HUGO,MiPOD,HILL,S-UNIWARD,WOW,,"HUGO,MiPOD,HILL,S-UNIWARD",4,0,0.997602312046802,0.9962296675633437,0.0013726444834583074,0.8377065964391051,0.8,4,0.9905062610988935,0.8,4,0.9951831505948047,0.8,4,0.997602312046802,0.8,4,0.9962296675633437,0.8,4
COVER__test__4705.pgm,4705.pgm,COVER,0,MULTI_CANDIDATE,S-UNIWARD,HILL,S-UNIWARD,HILL,HUGO,MiPOD,WOW,,"S-UNIWARD,HILL,HUGO,MiPOD",4,0,1.0,1.0,0.0,0.8402374523720317,0.8,4,1.0,1.0,5,1.0,1.0,5,1.0,1.0,5,1.0,1.0,5
COVER__test__4713.pgm,4713.pgm,COVER,0,MULTI_CANDIDATE,WOW,S-UNIWARD,WOW,S-UNIWARD,HILL,HUGO,MiPOD,,"WOW,S-UNIWARD,HILL,HUGO,MiPOD",5,0,1.0,1.0,0.0,1.0,1.0,5,1.0,1.0,5,1.0,1.0,5,1.0,1.0,5,1.0,1.0,5
COVER__test__4718.pgm,4718.pgm,COVER,0,MULTI_CANDIDATE,S-UNIWARD,HUGO,S-UNIWARD,HUGO,MiPOD,HILL,WOW,,"S-UNIWARD,HUGO,MiPOD,HILL",4,0,1.0,1.0,0.0,0.8454212013320571,0.8,4,1.0,1.0,5,0.9470913440824658,0.8,4,1.0,1.0,5,1.0,1.0,5
COVER__test__472.pgm,472.pgm,COVER,0,UNKNOWN_OR_COVER,UNKNOWN,,HUGO,S-UNIWARD,MiPOD,HILL,WOW,,,0,0,0.885329486711532,0.8511782991665836,0.03415118754494839,0.5448970569957108,0.2,1,0.8511782991665836,0.2,1,0.6356865450622163,0.2,1,0.885329486711532,0.2,1,0.7085523266137674,0.2,1
COVER__test__4720.pgm,4720.pgm,COVER,0,MULTI_CANDIDATE,WOW,S-UNIWARD,WOW,S-UNIWARD,HILL,HUGO,MiPOD,,"WOW,S-UNIWARD,HILL,HUGO,MiPOD",5,0,1.0,1.0,0.0,1.0,1.0,5,1.0,1.0,5,1.0,1.0,5,1.0,1.0,5,1.0,1.0,5
COVER__test__4743.pgm,4743.pgm,COVER,0,MULTI_CANDIDATE,HILL,HUGO,HILL,HUGO,MiPOD,S-UNIWARD,WOW,,"HILL,HUGO,MiPOD,S-UNIWARD",4,0,1.0,1.0,0.0,0.8390501213909431,0.8,4,0.9972941958222279,0.8,4,1.0,1.0,5,1.0,1.0,5,1.0,1.0,5
COVER__test__4754.pgm,4754.pgm,COVER,0,MULTI_CANDIDATE,S-UNIWARD,HILL,S-UNIWARD,HILL,HUGO,MiPOD,WOW,,"S-UNIWARD,HILL,HUGO,MiPOD,WOW",5,0,1.0,1.0,0.0,0.9093859784141543,0.8,4,1.0,1.0,5,1.0,1.0,5,1.0,1.0,5,1.0,1.0,5
COVER__test__4757.pgm,4757.pgm,COVER,0,MULTI_CANDIDATE,WOW,S-UNIWARD,WOW,S-UNIWARD,HUGO,MiPOD,HILL,,"WOW,S-UNIWARD,HUGO,MiPOD,HILL",5,0,1.0,1.0,0.0,1.0,1.0,5,1.0,1.0,5,0.9954013001329131,0.8,4,1.0,1.0,5,1.0,1.0,5
COVER__test__4763.pgm,4763.pgm,COVER,0,MULTI_CANDIDATE,S-UNIWARD,HILL,S-UNIWARD,HILL,HUGO,MiPOD,WOW,,"S-UNIWARD,HILL,HUGO,MiPOD",4,0,1.0,1.0,0.0,0.8950153659787066,0.8,4,1.0,1.0,5,1.0,1.0,5,1.0,1.0,5,1.0,1.0,5
COVER__test__4766.pgm,4766.pgm,COVER,0,MULTI_CANDIDATE,WOW,S-UNIWARD,WOW,S-UNIWARD,HILL,HUGO,MiPOD,,"WOW,S-UNIWARD,HILL,HUGO,MiPOD",5,0,1.0,1.0,0.0,1.0,1.0,5,1.0,1.0,5,1.0,1.0,5,1.0,1.0,5,1.0,1.0,5
COVER__test__4772.pgm,4772.pgm,COVER,0,MULTI_CANDIDATE,WOW,S-UNIWARD,WOW,S-UNIWARD,HILL,HUGO,MiPOD,,"WOW,S-UNIWARD,HILL,HUGO,MiPOD",5,0,1.0,1.0,0.0,1.0,1.0,5,1.0,1.0,5,1.0,1.0,5,1.0,1.0,5,0.9935802020381026,0.8,4
COVER__test__4777.pgm,4777.pgm,COVER,0,MULTI_CANDIDATE,WOW,S-UNIWARD,WOW,S-UNIWARD,HILL,HUGO,MiPOD,,"WOW,S-UNIWARD,HILL,HUGO,MiPOD",5,0,1.0,1.0,0.0,1.0,1.0,5,1.0,1.0,5,1.0,1.0,5,1.0,1.0,5,1.0,1.0,5
COVER__test__4788.pgm,4788.pgm,COVER,0,MULTI_CANDIDATE,WOW,S-UNIWARD,WOW,S-UNIWARD,HILL,HUGO,MiPOD,,"WOW,S-UNIWARD,HILL,HUGO,MiPOD",5,0,1.0,1.0,0.0,1.0,1.0,5,1.0,1.0,5,1.0,1.0,5,1.0,1.0,5,1.0,1.0,5
COVER__test__4807.pgm,4807.pgm,COVER,0,MULTI_CANDIDATE,S-UNIWARD,HILL,S-UNIWARD,HILL,HUGO,MiPOD,WOW,,"S-UNIWARD,HILL,HUGO,MiPOD,WOW",5,0,1.0,1.0,0.0,0.9982154448792404,0.8,4,1.0,1.0,5,1.0,1.0,5,1.0,1.0,5,1.0,1.0,5
COVER__test__482.pgm,482.pgm,COVER,0,MULTI_CANDIDATE,WOW,S-UNIWARD,WOW,S-UNIWARD,HILL,HUGO,MiPOD,,"WOW,S-UNIWARD,HILL,HUGO,MiPOD",5,0,1.0,1.0,0.0,1.0,1.0,5,1.0,1.0,5,1.0,1.0,5,1.0,1.0,5,1.0,1.0,5
COVER__test__4834.pgm,4834.pgm,COVER,0,SINGLE_CANDIDATE,S-UNIWARD,,S-UNIWARD,HUGO,WOW,MiPOD,HILL,,S-UNIWARD,1,0,0.999682609419958,0.8985195991528677,0.10116301026709029,0.8870467130616966,0.8,4,0.999682609419958,0.8,4,0.8272534492390115,0.6,3,0.8985195991528677,0.8,4,0.8363024448552043,0.4,2
COVER__test__4843.pgm,4843.pgm,COVER,0,MULTI_CANDIDATE,HUGO,S-UNIWARD,HUGO,S-UNIWARD,MiPOD,HILL,WOW,,"HUGO,S-UNIWARD",2,0,0.9788654982688876,0.9551720237138401,0.023693474555047445,0.7822868536946064,0.4,2,0.9551720237138401,0.6,3,0.8402625594689971,0.4,2,0.9788654982688876,0.8,4,0.8421921951037724,0.6,3
COVER__test__485.pgm,485.pgm,COVER,0,MULTI_CANDIDATE,HUGO,S-UNIWARD,HUGO,S-UNIWARD,MiPOD,HILL,WOW,,"HUGO,S-UNIWARD",2,0,1.0,0.9703722473619099,0.029627752638090143,0.7267794300228446,0.6,3,0.9703722473619099,0.6,3,0.8173014875401972,0.4,2,1.0,1.0,5,0.8572912582314846,0.4,2
COVER__test__4860.pgm,4860.pgm,COVER,0,MULTI_CANDIDATE,HUGO,S-UNIWARD,HUGO,S-UNIWARD,HILL,MiPOD,WOW,,"HUGO,S-UNIWARD",2,0,0.9274475169614309,0.9114884928947042,0.015959024066726668,0.7269204929989194,0.6,3,0.9114884928947042,0.2,1,0.8401274958253573,0.6,3,0.9274475169614309,0.6,3,0.8228518363512201,0.6,3
COVER__test__4864.pgm,4864.pgm,COVER,0,MULTI_CANDIDATE,HUGO,MiPOD,HUGO,MiPOD,S-UNIWARD,HILL,WOW,,"HUGO,MiPOD,S-UNIWARD",3,0,1.0,1.0,0.0,0.8388786244307809,0.8,4,0.996427736163821,0.8,4,0.8947307029695246,0.8,4,1.0,1.0,5,1.0,1.0,5
COVER__test__4872.pgm,4872.pgm,COVER,0,UNKNOWN_OR_COVER,UNKNOWN,,WOW,S-UNIWARD,HILL,MiPOD,HUGO,,,0,0,0.7644018536672654,0.7244853342682638,0.03991651939900165,0.7644018536672654,0.6,3,0.7244853342682638,0.4,2,0.6900234969729353,0.4,2,0.6371219317156571,0.4,2,0.657555146411221,0.4,2
COVER__test__4882.pgm,4882.pgm,COVER,0,MULTI_CANDIDATE,HUGO,S-UNIWARD,HUGO,S-UNIWARD,MiPOD,HILL,WOW,,"HUGO,S-UNIWARD",2,0,0.9205492685227675,0.9089402174157474,0.011609051107020152,0.5875299287600488,0.2,1,0.9089402174157474,0.6,3,0.6673977118126382,0.4,2,0.9205492685227675,0.6,3,0.7555470403537126,0.4,2
COVER__test__4891.pgm,4891.pgm,COVER,0,MULTI_CANDIDATE,HUGO,S-UNIWARD,HUGO,S-UNIWARD,MiPOD,HILL,WOW,,"HUGO,S-UNIWARD",2,0,0.9366345995318189,0.9182013223999445,0.01843327713187448,0.6050164904102975,0.2,1,0.9182013223999445,0.4,2,0.6851210148420681,0.2,1,0.9366345995318189,0.6,3,0.7801743535836577,0.2,1
COVER__test__4898.pgm,4898.pgm,COVER,0,SINGLE_CANDIDATE,HUGO,,HUGO,S-UNIWARD,MiPOD,HILL,WOW,,HUGO,1,0,0.939918142223803,0.8871588994497743,0.05275924277402866,0.6007194783465073,0.4,2,0.8871588994497743,0.2,1,0.6740305760468192,0.2,1,0.939918142223803,0.6,3,0.7454039486243246,0.4,2
COVER__test__4899.pgm,4899.pgm,COVER,0,MULTI_CANDIDATE,HUGO,S-UNIWARD,HUGO,S-UNIWARD,MiPOD,HILL,WOW,,"HUGO,S-UNIWARD",2,0,0.9664979451070467,0.9260499436333823,0.04044800147366434,0.6230624164687474,0.4,2,0.9260499436333823,0.4,2,0.6826788008869938,0.2,1,0.9664979451070467,0.6,3,0.7659536986959374,0.2,1
COVER__test__49.pgm,49.pgm,COVER,0,MULTI_CANDIDATE,S-UNIWARD,HILL,S-UNIWARD,HILL,MiPOD,HUGO,WOW,,"S-UNIWARD,HILL,MiPOD,HUGO",4,0,1.0,1.0,0.0,0.841189235286959,0.8,4,1.0,1.0,5,1.0,1.0,5,0.9916230612990116,0.8,4,1.0,1.0,5
COVER__test__490.pgm,490.pgm,COVER,0,MULTI_CANDIDATE,S-UNIWARD,HUGO,S-UNIWARD,HUGO,MiPOD,HILL,WOW,,"S-UNIWARD,HUGO,MiPOD",3,0,1.0,1.0,0.0,0.8111240536066406,0.6,3,1.0,1.0,5,0.879397857242307,0.8,4,1.0,1.0,5,1.0,1.0,5
COVER__test__4903.pgm,4903.pgm,COVER,0,UNKNOWN_OR_COVER,UNKNOWN,,HUGO,S-UNIWARD,MiPOD,HILL,WOW,,,0,0,0.7888160501228864,0.7562562474696171,0.0325598026532693,0.450031429353836,0.2,1,0.7562562474696171,0.2,1,0.5438543402940783,0.2,1,0.7888160501228864,0.4,2,0.6157988684928792,0.2,1
COVER__test__4906.pgm,4906.pgm,COVER,0,MULTI_CANDIDATE,WOW,S-UNIWARD,WOW,S-UNIWARD,HILL,HUGO,MiPOD,,"WOW,S-UNIWARD,HILL,HUGO,MiPOD",5,0,1.0,1.0,0.0,1.0,1.0,5,1.0,1.0,5,1.0,1.0,5,1.0,1.0,5,1.0,1.0,5
COVER__test__4909.pgm,4909.pgm,COVER,0,MULTI_CANDIDATE,WOW,S-UNIWARD,WOW,S-UNIWARD,HILL,HUGO,MiPOD,,"WOW,S-UNIWARD,HILL,HUGO,MiPOD",5,0,1.0,1.0,0.0,1.0,1.0,5,1.0,1.0,5,1.0,1.0,5,1.0,1.0,5,1.0,1.0,5
COVER__test__4910.pgm,4910.pgm,COVER,0,MULTI_CANDIDATE,WOW,S-UNIWARD,WOW,S-UNIWARD,HILL,HUGO,MiPOD,,"WOW,S-UNIWARD,HILL,HUGO,MiPOD",5,0,0.9599643323548868,0.9599643323548868,0.0,0.9599643323548868,0.8,4,0.9599643323548868,0.8,4,0.9599643323548868,0.8,4,0.9599643323548868,0.8,4,0.9599643323548868,0.8,4
COVER__test__4912.pgm,4912.pgm,COVER,0,MULTI_CANDIDATE,WOW,S-UNIWARD,WOW,S-UNIWARD,HILL,MiPOD,HUGO,,"WOW,S-UNIWARD,HILL,MiPOD,HUGO",5,0,1.0,1.0,0.0,1.0,1.0,5,1.0,1.0,5,1.0,1.0,5,0.943079578093157,0.8,4,1.0,1.0,5
COVER__test__4914.pgm,4914.pgm,COVER,0,MULTI_CANDIDATE,WOW,S-UNIWARD,WOW,S-UNIWARD,HILL,HUGO,MiPOD,,"WOW,S-UNIWARD,HILL,HUGO,MiPOD",5,0,1.0,1.0,0.0,1.0,1.0,5,1.0,1.0,5,1.0,1.0,5,1.0,1.0,5,1.0,1.0,5
COVER__test__4915.pgm,4915.pgm,COVER,0,MULTI_CANDIDATE,WOW,S-UNIWARD,WOW,S-UNIWARD,HILL,HUGO,MiPOD,,"WOW,S-UNIWARD,HILL,HUGO,MiPOD",5,0,1.0,1.0,0.0,1.0,1.0,5,1.0,1.0,5,1.0,1.0,5,1.0,1.0,5,1.0,1.0,5
COVER__test__4932.pgm,4932.pgm,COVER,0,MULTI_CANDIDATE,WOW,S-UNIWARD,WOW,S-UNIWARD,HILL,HUGO,MiPOD,,"WOW,S-UNIWARD,HILL,HUGO,MiPOD",5,0,1.0,1.0,0.0,1.0,1.0,5,1.0,1.0,5,1.0,1.0,5,1.0,1.0,5,1.0,1.0,5
COVER__test__4935.pgm,4935.pgm,COVER,0,MULTI_CANDIDATE,HUGO,S-UNIWARD,HUGO,S-UNIWARD,HILL,MiPOD,WOW,,"HUGO,S-UNIWARD",2,0,0.94398284594314,0.9335739977848005,0.010408848158339423,0.7331932282213556,0.6,3,0.9335739977848005,0.8,4,0.8576833765762408,0.8,4,0.94398284594314,0.8,4,0.8414168751430973,0.8,4
COVER__test__4936.pgm,4936.pgm,COVER,0,MULTI_CANDIDATE,WOW,S-UNIWARD,WOW,S-UNIWARD,HILL,HUGO,MiPOD,,"WOW,S-UNIWARD,HILL,HUGO,MiPOD",5,0,1.0,1.0,0.0,1.0,1.0,5,1.0,1.0,5,1.0,1.0,5,1.0,1.0,5,1.0,1.0,5
COVER__test__4938.pgm,4938.pgm,COVER,0,MULTI_CANDIDATE,WOW,S-UNIWARD,WOW,S-UNIWARD,HILL,HUGO,MiPOD,,"WOW,S-UNIWARD,HILL,HUGO,MiPOD",5,0,1.0,1.0,0.0,1.0,1.0,5,1.0,1.0,5,1.0,1.0,5,1.0,1.0,5,1.0,1.0,5
COVER__test__4941.pgm,4941.pgm,COVER,0,MULTI_CANDIDATE,WOW,S-UNIWARD,WOW,S-UNIWARD,HILL,HUGO,MiPOD,,"WOW,S-UNIWARD,HILL,HUGO,MiPOD",5,0,1.0,1.0,0.0,1.0,1.0,5,1.0,1.0,5,1.0,1.0,5,1.0,1.0,5,1.0,1.0,5
COVER__test__4946.pgm,4946.pgm,COVER,0,MULTI_CANDIDATE,WOW,S-UNIWARD,WOW,S-UNIWARD,HILL,HUGO,MiPOD,,"WOW,S-UNIWARD,HILL,HUGO,MiPOD",5,0,1.0,1.0,0.0,1.0,1.0,5,1.0,1.0,5,1.0,1.0,5,1.0,1.0,5,1.0,1.0,5
COVER__test__4956.pgm,4956.pgm,COVER,0,MULTI_CANDIDATE,S-UNIWARD,HUGO,S-UNIWARD,HUGO,MiPOD,HILL,WOW,,"S-UNIWARD,HUGO,MiPOD",3,0,1.0,1.0,0.0,0.8227935853499652,0.6,3,1.0,1.0,5,0.8831945749204,0.8,4,1.0,1.0,5,1.0,1.0,5
COVER__test__4972.pgm,4972.pgm,COVER,0,UNKNOWN_OR_COVER,UNKNOWN,,HUGO,S-UNIWARD,MiPOD,HILL,WOW,,,0,0,0.8866719261781585,0.873151874941333,0.013520051236825537,0.6258581295991883,0.2,1,0.873151874941333,0.6,3,0.7167059868244385,0.4,2,0.8866719261781585,0.6,3,0.8241204405250233,0.4,2
COVER__test__4979.pgm,4979.pgm,COVER,0,MULTI_CANDIDATE,WOW,S-UNIWARD,WOW,S-UNIWARD,HILL,HUGO,MiPOD,,"WOW,S-UNIWARD,HILL,HUGO,MiPOD",5,0,1.0,1.0,0.0,1.0,1.0,5,1.0,1.0,5,1.0,1.0,5,1.0,1.0,5,1.0,1.0,5
COVER__test__4981.pgm,4981.pgm,COVER,0,MULTI_CANDIDATE,WOW,S-UNIWARD,WOW,S-UNIWARD,HILL,MiPOD,HUGO,,"WOW,S-UNIWARD,HILL,MiPOD,HUGO",5,0,1.0,0.9788654982688876,0.02113450173111242,1.0,1.0,5,0.9788654982688876,0.8,4,0.9788654982688876,0.8,4,0.927739616998332,0.8,4,0.9637375606184545,0.6,3
COVER__test__4993.pgm,4993.pgm,COVER,0,MULTI_CANDIDATE,WOW,S-UNIWARD,WOW,S-UNIWARD,HILL,MiPOD,HUGO,,"WOW,S-UNIWARD,HILL,MiPOD,HUGO",5,0,1.0,1.0,0.0,1.0,1.0,5,1.0,1.0,5,1.0,1.0,5,0.9562097725025985,0.8,4,1.0,1.0,5
COVER__test__5003.pgm,5003.pgm,COVER,0,UNKNOWN_OR_COVER,UNKNOWN,,HUGO,S-UNIWARD,MiPOD,HILL,WOW,,,0,0,0.7811240993630604,0.7495505608393837,0.031573538523676725,0.48644932497548077,0.0,0,0.7495505608393837,0.2,1,0.5352361075963041,0.0,0,0.7811240993630604,0.4,2,0.6572915195217149,0.2,1
COVER__test__501.pgm,501.pgm,COVER,0,MULTI_CANDIDATE,S-UNIWARD,HILL,S-UNIWARD,HILL,HUGO,MiPOD,WOW,,"S-UNIWARD,HILL,HUGO,MiPOD,WOW",5,0,1.0,1.0,0.0,0.9869464007853814,0.8,4,1.0,1.0,5,1.0,1.0,5,1.0,1.0,5,1.0,1.0,5
COVER__test__5011.pgm,5011.pgm,COVER,0,UNKNOWN_OR_COVER,UNKNOWN,,HUGO,S-UNIWARD,MiPOD,HILL,WOW,,,0,0,0.8776503361228055,0.8459928914481484,0.03165744467465714,0.5329624479845709,0.2,1,0.8459928914481484,0.2,1,0.625131329678639,0.4,2,0.8776503361228055,0.4,2,0.6972757574263976,0.4,2
COVER__test__5013.pgm,5013.pgm,COVER,0,MULTI_CANDIDATE,HUGO,S-UNIWARD,HUGO,S-UNIWARD,MiPOD,HILL,WOW,,"HUGO,S-UNIWARD,MiPOD",3,0,1.0,0.9967086362525098,0.0032913637474901725,0.7413935214830173,0.6,3,0.9967086362525098,0.8,4,0.8478861883387522,0.8,4,1.0,1.0,5,0.9659845385936119,0.8,4
COVER__test__5016.pgm,5016.pgm,COVER,0,SINGLE_CANDIDATE,HUGO,,HUGO,S-UNIWARD,MiPOD,HILL,WOW,,HUGO,1,0,0.9108601790090634,0.8832680841484777,0.02759209486058567,0.5695226307747786,0.2,1,0.8832680841484777,0.4,2,0.6593228565533346,0.4,2,0.9108601790090634,0.4,2,0.7280527153872137,0.4,2
COVER__test__5021.pgm,5021.pgm,COVER,0,MULTI_CANDIDATE,HUGO,S-UNIWARD,HUGO,S-UNIWARD,MiPOD,WOW,HILL,,"HUGO,S-UNIWARD",2,0,0.9317012576397641,0.9056032907938546,0.02609796684590948,0.7579935094546852,0.6,3,0.9056032907938546,0.6,3,0.6927351191251768,0.6,3,0.9317012576397641,0.6,3,0.7628990791522106,0.6,3
COVER__test__5025.pgm,5025.pgm,COVER,0,MULTI_CANDIDATE,S-UNIWARD,HUGO,S-UNIWARD,HUGO,MiPOD,HILL,WOW,,"S-UNIWARD,HUGO,MiPOD",3,0,1.0,1.0,0.0,0.8340407863808489,0.6,3,1.0,1.0,5,0.8887339923166128,0.8,4,1.0,1.0,5,1.0,1.0,5
COVER__test__5027.pgm,5027.pgm,COVER,0,MULTI_CANDIDATE,HUGO,S-UNIWARD,HUGO,S-UNIWARD,MiPOD,HILL,WOW,,"HUGO,S-UNIWARD,MiPOD",3,0,0.9992028382092997,0.9770374610672976,0.022165377142002063,0.7180736459245878,0.6,3,0.9770374610672976,0.6,3,0.8364513282918742,0.6,3,0.9992028382092997,0.8,4,0.9289196301603422,0.8,4
COVER__test__5029.pgm,5029.pgm,COVER,0,MULTI_CANDIDATE,WOW,S-UNIWARD,WOW,S-UNIWARD,HILL,MiPOD,HUGO,,"WOW,S-UNIWARD,HILL,MiPOD,HUGO",5,0,1.0,1.0,0.0,1.0,1.0,5,1.0,1.0,5,1.0,1.0,5,0.9233764376535785,0.8,4,0.9785574202454175,0.8,4
COVER__test__5042.pgm,5042.pgm,COVER,0,UNKNOWN_OR_COVER,UNKNOWN,,WOW,S-UNIWARD,HILL,MiPOD,HUGO,,,0,0,0.748015567080383,0.7141206873355601,0.03389487974482286,0.748015567080383,0.6,3,0.7141206873355601,0.4,2,0.6778478683714698,0.4,2,0.6245571108030503,0.4,2,0.6436732945698772,0.4,2
COVER__test__5045.pgm,5045.pgm,COVER,0,UNKNOWN_OR_COVER,UNKNOWN,,HUGO,S-UNIWARD,HILL,MiPOD,WOW,,,0,0,0.7797929380845137,0.7628891057891606,0.016903832295353083,0.6272850861035896,0.4,2,0.7628891057891606,0.6,3,0.7628891057891606,0.6,3,0.7797929380845137,0.6,3,0.7628891057891606,0.6,3
COVER__test__5047.pgm,5047.pgm,COVER,0,UNKNOWN_OR_COVER,UNKNOWN,,HUGO,S-UNIWARD,MiPOD,HILL,WOW,,,0,0,0.7291811840001629,0.7156611327633372,0.013520051236825648,0.5697512042348454,0.4,2,0.7156611327633372,0.6,3,0.7005836023052894,0.4,2,0.7291811840001629,0.6,3,0.7156611327633372,0.6,3
COVER__test__5048.pgm,5048.pgm,COVER,0,MULTI_CANDIDATE,HUGO,S-UNIWARD,HUGO,S-UNIWARD,MiPOD,HILL,WOW,,"HUGO,S-UNIWARD,MiPOD",3,0,1.0,0.9788654982688876,0.02113450173111242,0.7561535414460746,0.6,3,0.9788654982688876,0.8,4,0.8262289129912975,0.6,3,1.0,1.0,5,0.9430379833141235,0.6,3
COVER__test__5052.pgm,5052.pgm,COVER,0,MULTI_CANDIDATE,S-UNIWARD,HILL,S-UNIWARD,HILL,HUGO,MiPOD,WOW,,"S-UNIWARD,HILL,HUGO,MiPOD,WOW",5,0,1.0,1.0,0.0,0.9982154448792404,0.8,4,1.0,1.0,5,1.0,1.0,5,1.0,1.0,5,1.0,1.0,5
COVER__test__5053.pgm,5053.pgm,COVER,0,MULTI_CANDIDATE,WOW,S-UNIWARD,WOW,S-UNIWARD,HILL,HUGO,MiPOD,,"WOW,S-UNIWARD,HILL,HUGO,MiPOD",5,0,1.0,1.0,0.0,1.0,1.0,5,1.0,1.0,5,1.0,1.0,5,1.0,1.0,5,1.0,1.0,5
COVER__test__5066.pgm,5066.pgm,COVER,0,MULTI_CANDIDATE,S-UNIWARD,HILL,S-UNIWARD,HILL,HUGO,MiPOD,WOW,,"S-UNIWARD,HILL,HUGO,MiPOD,WOW",5,0,1.0,1.0,0.0,0.9852444329659512,0.8,4,1.0,1.0,5,1.0,1.0,5,1.0,1.0,5,1.0,1.0,5
COVER__test__5071.pgm,5071.pgm,COVER,0,MULTI_CANDIDATE,HUGO,S-UNIWARD,HUGO,S-UNIWARD,MiPOD,HILL,WOW,,"HUGO,S-UNIWARD",2,0,1.0,0.9905914262681852,0.009408573731814807,0.647267244330032,0.4,2,0.9905914262681852,0.6,3,0.7244210711456412,0.6,3,1.0,1.0,5,0.7979615905693036,0.6,3
COVER__test__5075.pgm,5075.pgm,COVER,0,MULTI_CANDIDATE,WOW,S-UNIWARD,WOW,S-UNIWARD,HILL,MiPOD,HUGO,,"WOW,S-UNIWARD,HILL,MiPOD",4,0,1.0,0.98900943835436,0.010990561645640051,1.0,1.0,5,0.98900943835436,0.8,4,0.9511780529161072,0.8,4,0.8798303723092985,0.8,4,0.915535069806468,0.8,4
COVER__test__5078.pgm,5078.pgm,COVER,0,MULTI_CANDIDATE,HUGO,S-UNIWARD,HUGO,S-UNIWARD,MiPOD,HILL,WOW,,"HUGO,S-UNIWARD",2,0,0.9566608631291545,0.9381495961276171,0.01851126700153749,0.6772886660150944,0.4,2,0.9381495961276171,0.6,3,0.7297874027155618,0.4,2,0.9566608631291545,0.6,3,0.8436018653865262,0.6,3
COVER__test__5086.pgm,5086.pgm,COVER,0,MULTI_CANDIDATE,HUGO,S-UNIWARD,HUGO,S-UNIWARD,MiPOD,HILL,WOW,,"HUGO,S-UNIWARD",2,0,0.9315891977257712,0.9034559631375455,0.028133234588225697,0.5972224576585843,0.4,2,0.9034559631375455,0.4,2,0.6928277246131849,0.6,3,0.9315891977257712,0.6,3,0.7626357522216689,0.6,3
COVER__test__5087.pgm,5087.pgm,COVER,0,MULTI_CANDIDATE,HUGO,S-UNIWARD,HUGO,S-UNIWARD,MiPOD,HILL,WOW,,"HUGO,S-UNIWARD",2,0,0.9380470624247461,0.9063280566249636,0.031719005799782485,0.5996656296684503,0.4,2,0.9063280566249636,0.4,2,0.6942615731991751,0.4,2,0.9380470624247461,0.6,3,0.7658558475585255,0.6,3
COVER__test__5095.pgm,5095.pgm,COVER,0,UNKNOWN_OR_COVER,UNKNOWN,,HUGO,S-UNIWARD,MiPOD,HILL,WOW,,,0,0,0.7196922196131877,0.6750151827409498,0.044677036872237896,0.3798047370172576,0.0,0,0.6750151827409498,0.0,0,0.4603831536369853,0.2,1,0.7196922196131877,0.2,1,0.5315212908290156,0.2,1
COVER__test__5097.pgm,5097.pgm,COVER,0,MULTI_CANDIDATE,S-UNIWARD,HUGO,S-UNIWARD,HUGO,MiPOD,HILL,WOW,,"S-UNIWARD,HUGO",2,0,1.0,1.0,0.0,0.7995975088402536,0.6,3,1.0,1.0,5,0.8070090574740888,0.6,3,1.0,1.0,5,0.8766948405339183,0.8,4
COVER__test__51.pgm,51.pgm,COVER,0,MULTI_CANDIDATE,S-UNIWARD,HILL,S-UNIWARD,HILL,HUGO,MiPOD,WOW,,"S-UNIWARD,HILL,HUGO,MiPOD,WOW",5,0,1.0,1.0,0.0,0.9107955627865548,0.8,4,1.0,1.0,5,1.0,1.0,5,1.0,1.0,5,1.0,1.0,5
COVER__test__510.pgm,510.pgm,COVER,0,UNKNOWN_OR_COVER,UNKNOWN,,HUGO,S-UNIWARD,HILL,MiPOD,WOW,,,0,0,0.7930394668349013,0.7779219049040911,0.015117561930810264,0.633653572328112,0.4,2,0.7779219049040911,0.6,3,0.7779219049040911,0.6,3,0.7930394668349013,0.6,3,0.7779219049040911,0.6,3
COVER__test__5103.pgm,5103.pgm,COVER,0,MULTI_CANDIDATE,HUGO,S-UNIWARD,HUGO,S-UNIWARD,MiPOD,HILL,WOW,,"HUGO,S-UNIWARD",2,0,0.94990144919215,0.9153519981912099,0.03454945100094009,0.6058406888268582,0.4,2,0.9153519981912099,0.4,2,0.69667867662025,0.4,2,0.94990144919215,0.6,3,0.7685297624173444,0.4,2
COVER__test__5104.pgm,5104.pgm,COVER,0,MULTI_CANDIDATE,HUGO,S-UNIWARD,HUGO,S-UNIWARD,MiPOD,HILL,WOW,,"HUGO,S-UNIWARD",2,0,0.9578613131095916,0.922871768891279,0.034989544218312574,0.61016025999272,0.4,2,0.922871768891279,0.4,2,0.6996638260830694,0.4,2,0.9578613131095916,0.6,3,0.7715869527102812,0.4,2
COVER__test__5105.pgm,5105.pgm,COVER,0,MULTI_CANDIDATE,HUGO,S-UNIWARD,HUGO,S-UNIWARD,MiPOD,WOW,HILL,,"HUGO,S-UNIWARD",2,0,1.0,0.9836012844716698,0.016398715528330166,0.8581372418176917,0.6,3,0.9836012844716698,0.8,4,0.837406470977815,0.8,4,1.0,1.0,5,0.8733488227235299,0.6,3
COVER__test__511.pgm,511.pgm,COVER,0,MULTI_CANDIDATE,S-UNIWARD,HILL,S-UNIWARD,HILL,HUGO,MiPOD,WOW,,"S-UNIWARD,HILL,HUGO,MiPOD",4,0,1.0,1.0,0.0,0.840667533534317,0.8,4,1.0,1.0,5,1.0,1.0,5,1.0,1.0,5,1.0,1.0,5
COVER__test__5113.pgm,5113.pgm,COVER,0,MULTI_CANDIDATE,HUGO,S-UNIWARD,HUGO,S-UNIWARD,MiPOD,HILL,WOW,,"HUGO,S-UNIWARD",2,0,0.9617573912068099,0.9436388740802005,0.01811851712660939,0.6189770391980439,0.4,2,0.9436388740802005,0.6,3,0.7042428853616659,0.6,3,0.9617573912068099,0.8,4,0.7832328337957477,0.6,3
COVER__test__5120.pgm,5120.pgm,COVER,0,MULTI_CANDIDATE,HUGO,S-UNIWARD,HUGO,S-UNIWARD,MiPOD,HILL,WOW,,"HUGO,S-UNIWARD",2,0,0.9699827830764223,0.9472320880741438,0.022750695002278443,0.6394097654880995,0.4,2,0.9472320880741438,0.6,3,0.7067155976696387,0.6,3,0.9699827830764223,0.8,4,0.7827475606357319,0.6,3
COVER__test__5122.pgm,5122.pgm,COVER,0,UNKNOWN_OR_COVER,UNKNOWN,,HUGO,S-UNIWARD,MiPOD,HILL,WOW,,,0,0,0.871257297503262,0.8378158810884668,0.033441416414795144,0.5295737836568273,0.2,1,0.8378158810884668,0.2,1,0.6219061102308813,0.2,1,0.871257297503262,0.4,2,0.6934041666135999,0.2,1
COVER__test__5152.pgm,5152.pgm,COVER,0,MULTI_CANDIDATE,S-UNIWARD,HILL,S-UNIWARD,HILL,HUGO,MiPOD,WOW,,"S-UNIWARD,HILL,HUGO,MiPOD,WOW",5,0,1.0,1.0,0.0,0.9784268568000452,0.8,4,1.0,1.0,5,1.0,1.0,5,1.0,1.0,5,1.0,1.0,5
COVER__test__5167.pgm,5167.pgm,COVER,0,MULTI_CANDIDATE,WOW,S-UNIWARD,WOW,S-UNIWARD,HILL,HUGO,MiPOD,,"WOW,S-UNIWARD,HILL,HUGO,MiPOD",5,0,1.0,1.0,0.0,1.0,1.0,5,1.0,1.0,5,1.0,1.0,5,1.0,1.0,5,1.0,1.0,5
COVER__test__5169.pgm,5169.pgm,COVER,0,MULTI_CANDIDATE,S-UNIWARD,HUGO,S-UNIWARD,HUGO,MiPOD,HILL,WOW,,"S-UNIWARD,HUGO,MiPOD,HILL",4,0,1.0,1.0,0.0,0.8416890240963102,0.8,4,1.0,1.0,5,0.996316167738103,0.8,4,1.0,1.0,5,1.0,1.0,5
COVER__test__5170.pgm,5170.pgm,COVER,0,MULTI_CANDIDATE,HILL,MiPOD,HILL,MiPOD,S-UNIWARD,HUGO,WOW,,"HILL,MiPOD,S-UNIWARD,HUGO",4,0,0.9959502673055158,0.9925488642206428,0.0034014030848730226,0.8348999145002327,0.6,3,0.9283345921481304,0.4,2,0.9959502673055158,0.6,3,0.9229102765237289,0.6,3,0.9925488642206428,0.4,2
COVER__test__5174.pgm,5174.pgm,COVER,0,UNKNOWN_OR_COVER,UNKNOWN,,HUGO,S-UNIWARD,MiPOD,HILL,WOW,,,0,0,0.8523423288715382,0.8185095946599222,0.03383273421161592,0.514408579002613,0.2,1,0.8185095946599222,0.2,1,0.6054460539408697,0.2,1,0.8523423288715382,0.2,1,0.6773783803550121,0.2,1
COVER__test__5182.pgm,5182.pgm,COVER,0,MULTI_CANDIDATE,S-UNIWARD,HUGO,S-UNIWARD,HUGO,MiPOD,HILL,WOW,,"S-UNIWARD,HUGO,MiPOD",3,0,1.0,1.0,0.0,0.8582632334308157,0.8,4,1.0,1.0,5,0.8602912583181432,0.6,3,1.0,1.0,5,0.9162832951497238,0.8,4
COVER__test__5188.pgm,5188.pgm,COVER,0,UNKNOWN_OR_COVER,UNKNOWN,,HUGO,S-UNIWARD,MiPOD,HILL,WOW,,,0,0,0.8403712879880565,0.8083857166606536,0.03198557132740287,0.5010269366869801,0.2,1,0.8083857166606536,0.2,1,0.5951381691976161,0.2,1,0.8403712879880565,0.4,2,0.6664073438159669,0.4,2
COVER__test__5190.pgm,5190.pgm,COVER,0,MULTI_CANDIDATE,HUGO,S-UNIWARD,HUGO,S-UNIWARD,MiPOD,HILL,WOW,,"HUGO,S-UNIWARD",2,0,0.9449156852018229,0.9190235681223212,0.025892117079501675,0.6039056196080731,0.4,2,0.9190235681223212,0.4,2,0.6959361126023491,0.6,3,0.9449156852018229,0.8,4,0.7729825850789455,0.6,3
COVER__test__52.pgm,52.pgm,COVER,0,UNKNOWN_OR_COVER,UNKNOWN,,HUGO,S-UNIWARD,MiPOD,HILL,WOW,,,0,0,0.7577099419275837,0.72461869341762,0.0330912485099637,0.41702827076929905,0.0,0,0.72461869341762,0.0,0,0.5098989258122584,0.0,0,0.7577099419275837,0.2,1,0.581212970277508,0.0,0
COVER__test__520.pgm,520.pgm,COVER,0,MULTI_CANDIDATE,WOW,S-UNIWARD,WOW,S-UNIWARD,HILL,HUGO,MiPOD,,"WOW,S-UNIWARD,HILL,HUGO,MiPOD",5,0,1.0,1.0,0.0,1.0,1.0,5,1.0,1.0,5,1.0,1.0,5,1.0,1.0,5,1.0,1.0,5
COVER__test__5203.pgm,5203.pgm,COVER,0,MULTI_CANDIDATE,S-UNIWARD,HUGO,S-UNIWARD,HUGO,MiPOD,HILL,WOW,,"S-UNIWARD,HUGO,MiPOD,HILL,WOW",5,0,1.0,1.0,0.0,0.9847368705467989,0.8,4,1.0,1.0,5,0.9998319122613406,0.8,4,1.0,1.0,5,1.0,1.0,5
COVER__test__5210.pgm,5210.pgm,COVER,0,MULTI_CANDIDATE,WOW,S-UNIWARD,WOW,S-UNIWARD,HILL,HUGO,MiPOD,,"WOW,S-UNIWARD,HILL,HUGO,MiPOD",5,0,1.0,1.0,0.0,1.0,1.0,5,1.0,1.0,5,1.0,1.0,5,1.0,1.0,5,1.0,1.0,5
COVER__test__5218.pgm,5218.pgm,COVER,0,UNKNOWN_OR_COVER,UNKNOWN,,HUGO,S-UNIWARD,MiPOD,HILL,WOW,,,0,0,0.6924026540037687,0.662749206015212,0.029653447988556625,0.35369519019722484,0.0,0,0.662749206015212,0.0,0,0.4478590256511569,0.2,1,0.6924026540037687,0.2,1,0.5185446195141166,0.2,1
COVER__test__5228.pgm,5228.pgm,COVER,0,UNKNOWN_OR_COVER,UNKNOWN,,HUGO,S-UNIWARD,MiPOD,HILL,WOW,,,0,0,0.8006363683823168,0.7668771966799404,0.03375917170237641,0.4624247348727388,0.2,1,0.7668771966799404,0.2,1,0.5548024394848061,0.2,1,0.8006363683823168,0.2,1,0.626539298082451,0.2,1
COVER__test__5230.pgm,5230.pgm,COVER,0,UNKNOWN_OR_COVER,UNKNOWN,,HUGO,S-UNIWARD,MiPOD,HILL,WOW,,,0,0,0.8610000877751659,0.8254213927104489,0.035578695064717,0.5209548501106078,0.0,0,0.8254213927104489,0.2,1,0.5888206621492286,0.0,0,0.8610000877751659,0.4,2,0.6727334638379747,0.2,1
COVER__test__5235.pgm,5235.pgm,COVER,0,UNKNOWN_OR_COVER,UNKNOWN,,HUGO,S-UNIWARD,HILL,MiPOD,WOW,,,0,0,0.8594884053901138,0.8490012893507801,0.010487116039333721,0.6801272487377759,0.4,2,0.8490012893507801,0.6,3,0.7725400192078752,0.6,3,0.8594884053901138,0.6,3,0.7561512040874732,0.6,3
COVER__test__5239.pgm,5239.pgm,COVER,0,UNKNOWN_OR_COVER,UNKNOWN,,HUGO,S-UNIWARD,MiPOD,HILL,WOW,,,0,0,0.7476089238228736,0.717615479935875,0.02999344388699854,0.4088040806774546,0.0,0,0.717615479935875,0.0,0,0.5030999852760114,0.2,1,0.7476089238228736,0.2,1,0.5749432733318929,0.2,1
COVER__test__5245.pgm,5245.pgm,COVER,0,MULTI_CANDIDATE,WOW,HILL,WOW,HILL,MiPOD,S-UNIWARD,HUGO,,"WOW,HILL,MiPOD,S-UNIWARD",4,0,0.9259744357100018,0.9259744357100018,0.0,0.9259744357100018,0.8,4,0.906476197537977,0.6,3,0.9259744357100018,0.8,4,0.8876356642760415,0.6,3,0.9259744357100018,0.8,4
COVER__test__5246.pgm,5246.pgm,COVER,0,UNKNOWN_OR_COVER,UNKNOWN,,HUGO,S-UNIWARD,MiPOD,HILL,WOW,,,0,0,0.8334511782879002,0.8173159763751954,0.01613520191270479,0.5611254209271662,0.2,1,0.8173159763751954,0.4,2,0.6764423137708906,0.4,2,0.8334511782879002,0.4,2,0.7653374786455855,0.4,2
COVER__test__5248.pgm,5248.pgm,COVER,0,MULTI_CANDIDATE,S-UNIWARD,HILL,S-UNIWARD,HILL,HUGO,MiPOD,WOW,,"S-UNIWARD,HILL,HUGO,MiPOD,WOW",5,0,1.0,1.0,0.0,0.9912700360891865,0.8,4,1.0,1.0,5,1.0,1.0,5,1.0,1.0,5,1.0,1.0,5
COVER__test__5253.pgm,5253.pgm,COVER,0,MULTI_CANDIDATE,HUGO,S-UNIWARD,HUGO,S-UNIWARD,MiPOD,HILL,WOW,,"HUGO,S-UNIWARD",2,0,0.9989578267493421,0.9715907404719791,0.02736708627736295,0.6368904200798641,0.4,2,0.9715907404719791,0.4,2,0.7187431617300691,0.6,3,0.9989578267493421,0.8,4,0.7925359662093444,0.6,3
COVER__test__5265.pgm,5265.pgm,COVER,0,MULTI_CANDIDATE,WOW,S-UNIWARD,WOW,S-UNIWARD,HILL,HUGO,MiPOD,,"WOW,S-UNIWARD,HILL,HUGO,MiPOD",5,0,1.0,1.0,0.0,1.0,1.0,5,1.0,1.0,5,1.0,1.0,5,1.0,1.0,5,1.0,1.0,5
COVER__test__5266.pgm,5266.pgm,COVER,0,MULTI_CANDIDATE,WOW,S-UNIWARD,WOW,S-UNIWARD,HILL,HUGO,MiPOD,,"WOW,S-UNIWARD,HILL,HUGO,MiPOD",5,0,1.0,1.0,0.0,1.0,1.0,5,1.0,1.0,5,1.0,1.0,5,1.0,1.0,5,1.0,1.0,5
COVER__test__5267.pgm,5267.pgm,COVER,0,MULTI_CANDIDATE,S-UNIWARD,HILL,S-UNIWARD,HILL,HUGO,MiPOD,WOW,,"S-UNIWARD,HILL,HUGO,MiPOD",4,0,1.0,1.0,0.0,0.8674289280555939,0.8,4,1.0,1.0,5,1.0,1.0,5,1.0,1.0,5,0.9663389614549235,0.8,4
COVER__test__5292.pgm,5292.pgm,COVER,0,MULTI_CANDIDATE,HUGO,S-UNIWARD,HUGO,S-UNIWARD,MiPOD,HILL,WOW,,"HUGO,S-UNIWARD",2,0,0.9976965303593683,0.9764200519196962,0.021276478439672175,0.7000738145953582,0.4,2,0.9764200519196962,0.6,3,0.7637128255792345,0.6,3,0.9976965303593683,0.8,4,0.8189883818558374,0.6,3
COVER__test__5300.pgm,5300.pgm,COVER,0,UNKNOWN_OR_COVER,UNKNOWN,,HUGO,S-UNIWARD,MiPOD,HILL,WOW,,,0,0,0.8666136181226746,0.8356111278696797,0.03100249025299484,0.5272196195780138,0.2,1,0.8356111278696797,0.2,1,0.6215025757068451,0.4,2,0.8666136181226746,0.4,2,0.6927685032300734,0.4,2
COVER__test__5305.pgm,5305.pgm,COVER,0,UNKNOWN_OR_COVER,UNKNOWN,,HUGO,S-UNIWARD,MiPOD,HILL,WOW,,,0,0,0.8974692958032795,0.863549464235392,0.03391983156788747,0.5590231130475375,0.2,1,0.863549464235392,0.2,1,0.6495839416251746,0.2,1,0.8974692958032795,0.2,1,0.7222773972407536,0.2,1
COVER__test__5320.pgm,5320.pgm,COVER,0,UNKNOWN_OR_COVER,UNKNOWN,,HUGO,S-UNIWARD,MiPOD,HILL,WOW,,,0,0,0.8172555548258996,0.7843656795040481,0.0328898753218515,0.4777077154951523,0.2,1,0.7843656795040481,0.2,1,0.5710952164884605,0.2,1,0.8172555548258996,0.4,2,0.6438484562574848,0.2,1
COVER__test__5323.pgm,5323.pgm,COVER,0,MULTI_CANDIDATE,HUGO,S-UNIWARD,HUGO,S-UNIWARD,MiPOD,HILL,WOW,,"HUGO,S-UNIWARD",2,0,0.9567118951174598,0.9445352258753233,0.01217666924213645,0.626946216281876,0.4,2,0.9445352258753233,0.6,3,0.7082071223828652,0.6,3,0.9567118951174598,0.8,4,0.8025289470227029,0.6,3
COVER__test__5325.pgm,5325.pgm,COVER,0,MULTI_CANDIDATE,WOW,S-UNIWARD,WOW,S-UNIWARD,HILL,HUGO,MiPOD,,"WOW,S-UNIWARD,HILL,HUGO,MiPOD",5,0,1.0,1.0,0.0,1.0,1.0,5,1.0,1.0,5,1.0,1.0,5,1.0,1.0,5,1.0,1.0,5
COVER__test__5336.pgm,5336.pgm,COVER,0,MULTI_CANDIDATE,WOW,S-UNIWARD,WOW,S-UNIWARD,HILL,HUGO,MiPOD,,"WOW,S-UNIWARD,HILL,HUGO,MiPOD",5,0,1.0,1.0,0.0,1.0,1.0,5,1.0,1.0,5,1.0,1.0,5,1.0,1.0,5,1.0,1.0,5
COVER__test__5346.pgm,5346.pgm,COVER,0,MULTI_CANDIDATE,HUGO,S-UNIWARD,HUGO,S-UNIWARD,MiPOD,HILL,WOW,,"HUGO,S-UNIWARD",2,0,1.0,0.9980965256570171,0.0019034743429828804,0.6599867384626035,0.4,2,0.9980965256570171,0.8,4,0.7322357585206719,0.6,3,1.0,1.0,5,0.814586419233285,0.6,3
COVER__test__535.pgm,535.pgm,COVER,0,MULTI_CANDIDATE,S-UNIWARD,HILL,S-UNIWARD,HILL,HUGO,MiPOD,WOW,,"S-UNIWARD,HILL,HUGO,MiPOD,WOW",5,0,1.0,1.0,0.0,0.917581757862229,0.8,4,1.0,1.0,5,1.0,1.0,5,1.0,1.0,5,1.0,1.0,5
COVER__test__5351.pgm,5351.pgm,COVER,0,MULTI_CANDIDATE,WOW,S-UNIWARD,WOW,S-UNIWARD,HUGO,MiPOD,HILL,,"WOW,S-UNIWARD,HUGO,MiPOD,HILL",5,0,1.0,1.0,0.0,1.0,1.0,5,1.0,1.0,5,0.9966833130123595,0.8,4,1.0,1.0,5,1.0,1.0,5
COVER__test__5358.pgm,5358.pgm,COVER,0,UNKNOWN_OR_COVER,UNKNOWN,,HUGO,S-UNIWARD,MiPOD,HILL,WOW,,,0,0,0.7618404020399094,0.711086728377005,0.0507536736629044,0.4230654599480652,0.0,0,0.711086728377005,0.0,0,0.49833738362807384,0.0,0,0.7618404020399094,0.0,0,0.5700323027262245,0.0,0
COVER__test__536.pgm,536.pgm,COVER,0,MULTI_CANDIDATE,S-UNIWARD,HILL,S-UNIWARD,HILL,HUGO,MiPOD,WOW,,"S-UNIWARD,HILL,HUGO,MiPOD,WOW",5,0,1.0,1.0,0.0,0.9512057081386225,0.8,4,1.0,1.0,5,1.0,1.0,5,1.0,1.0,5,1.0,1.0,5
COVER__test__5360.pgm,5360.pgm,COVER,0,MULTI_CANDIDATE,S-UNIWARD,HILL,S-UNIWARD,HILL,HUGO,MiPOD,WOW,,"S-UNIWARD,HILL,HUGO,MiPOD,WOW",5,0,1.0,1.0,0.0,0.9396408061170203,0.8,4,1.0,1.0,5,1.0,1.0,5,1.0,1.0,5,0.9970243445651574,0.8,4
COVER__test__5366.pgm,5366.pgm,COVER,0,MULTI_CANDIDATE,S-UNIWARD,HUGO,S-UNIWARD,HUGO,MiPOD,WOW,HILL,,"S-UNIWARD,HUGO,MiPOD,WOW,HILL",5,0,1.0,1.0,0.0,0.9315814788596655,0.8,4,1.0,1.0,5,0.9194291925683482,0.8,4,1.0,1.0,5,1.0,1.0,5
COVER__test__5373.pgm,5373.pgm,COVER,0,MULTI_CANDIDATE,HUGO,S-UNIWARD,HUGO,S-UNIWARD,MiPOD,HILL,WOW,,"HUGO,S-UNIWARD",2,0,0.9302928661957488,0.9178901223453731,0.012402743850375653,0.631001468623297,0.2,1,0.9178901223453731,0.6,3,0.6892454443441116,0.4,2,0.9302928661957488,0.6,3,0.8080795872385739,0.6,3
COVER__test__5382.pgm,5382.pgm,COVER,0,MULTI_CANDIDATE,HUGO,S-UNIWARD,HUGO,S-UNIWARD,WOW,HILL,MiPOD,,"HUGO,S-UNIWARD,WOW",3,0,1.0,0.9936186164920467,0.006381383507953253,0.9203092766097205,0.8,4,0.9936186164920467,0.8,4,0.8836133959640489,0.8,4,1.0,1.0,5,0.860034723805675,0.8,4
COVER__test__5399.pgm,5399.pgm,COVER,0,MULTI_CANDIDATE,HUGO,S-UNIWARD,HUGO,S-UNIWARD,MiPOD,HILL,WOW,,"HUGO,S-UNIWARD",2,0,1.0,0.9963098719247625,0.0036901280752374976,0.7345600322012643,0.6,3,0.9963098719247625,0.8,4,0.7972575624877732,0.6,3,1.0,1.0,5,0.8645579496249663,0.6,3
COVER__test__540.pgm,540.pgm,COVER,0,MULTI_CANDIDATE,HILL,MiPOD,HILL,MiPOD,S-UNIWARD,HUGO,WOW,,"HILL,MiPOD,S-UNIWARD,HUGO,WOW",5,0,1.0,1.0,0.0,0.9254702294047756,0.8,4,0.9821959456073184,0.8,4,1.0,1.0,5,0.9631785757011126,0.8,4,1.0,1.0,5
COVER__test__5400.pgm,5400.pgm,COVER,0,MULTI_CANDIDATE,WOW,S-UNIWARD,WOW,S-UNIWARD,HUGO,MiPOD,HILL,,"WOW,S-UNIWARD,HUGO,MiPOD,HILL",5,0,1.0,1.0,0.0,1.0,1.0,5,1.0,1.0,5,0.999086557225042,0.8,4,1.0,1.0,5,1.0,1.0,5
COVER__test__5409.pgm,5409.pgm,COVER,0,SINGLE_CANDIDATE,HUGO,,HUGO,S-UNIWARD,MiPOD,HILL,WOW,,HUGO,1,0,0.9257948842146482,0.8912775402119127,0.03451734400273543,0.5829300109433591,0.2,1,0.8912775402119127,0.2,1,0.672804321033914,0.2,1,0.9257948842146482,0.2,1,0.7466295000714004,0.2,1
COVER__test__5412.pgm,5412.pgm,COVER,0,MULTI_CANDIDATE,S-UNIWARD,HUGO,S-UNIWARD,HUGO,MiPOD,HILL,WOW,,"S-UNIWARD,HUGO,MiPOD,HILL",4,0,1.0,1.0,0.0,0.8398141929259131,0.8,4,1.0,1.0,5,0.9894691589518676,0.8,4,1.0,1.0,5,1.0,1.0,5
COVER__test__5413.pgm,5413.pgm,COVER,0,UNKNOWN_OR_COVER,UNKNOWN,,HUGO,S-UNIWARD,MiPOD,HILL,WOW,,,0,0,0.6712624124000584,0.6388646903547922,0.03239772204526614,0.33234624332365914,0.0,0,0.6388646903547922,0.0,0,0.42626550932338114,0.0,0,0.6712624124000584,0.2,1,0.49831139407944997,0.2,1
COVER__test__5421.pgm,5421.pgm,COVER,0,MULTI_CANDIDATE,HUGO,S-UNIWARD,HUGO,S-UNIWARD,MiPOD,HILL,WOW,,"HUGO,S-UNIWARD",2,0,0.9910716561636447,0.9606773417580639,0.030394314405580825,0.6347420359516517,0.4,2,0.9606773417580639,0.4,2,0.7149208185470683,0.4,2,0.9910716561636447,0.6,3,0.7813794036449264,0.4,2
COVER__test__5426.pgm,5426.pgm,COVER,0,MULTI_CANDIDATE,WOW,S-UNIWARD,WOW,S-UNIWARD,HUGO,MiPOD,HILL,,"WOW,S-UNIWARD,HUGO,MiPOD",4,0,1.0,1.0,0.0,1.0,1.0,5,1.0,1.0,5,0.8971505640747324,0.8,4,1.0,1.0,5,1.0,1.0,5
COVER__test__5435.pgm,5435.pgm,COVER,0,MULTI_CANDIDATE,WOW,S-UNIWARD,WOW,S-UNIWARD,MiPOD,HUGO,HILL,,"WOW,S-UNIWARD,MiPOD,HUGO,HILL",5,0,1.0,1.0,0.0,1.0,1.0,5,1.0,1.0,5,0.9235141140105764,0.8,4,0.9749686709047399,0.8,4,1.0,1.0,5
COVER__test__5442.pgm,5442.pgm,COVER,0,SINGLE_CANDIDATE,HUGO,,HUGO,S-UNIWARD,MiPOD,HILL,WOW,,HUGO,1,0,0.9246247168424586,0.8915891551432875,0.0330355616991711,0.6097249049615806,0.2,1,0.8915891551432875,0.4,2,0.6583388848009522,0.4,2,0.9246247168424586,0.6,3,0.7800207250204388,0.4,2
COVER__test__5445.pgm,5445.pgm,COVER,0,MULTI_CANDIDATE,S-UNIWARD,HUGO,S-UNIWARD,HUGO,MiPOD,HILL,WOW,,"S-UNIWARD,HUGO,MiPOD,HILL",4,0,1.0,1.0,0.0,0.8480711610066288,0.8,4,1.0,1.0,5,0.965157002068483,0.8,4,1.0,1.0,5,1.0,1.0,5
COVER__test__5452.pgm,5452.pgm,COVER,0,MULTI_CANDIDATE,HUGO,S-UNIWARD,HUGO,S-UNIWARD,MiPOD,HILL,WOW,,"HUGO,S-UNIWARD",2,0,0.9782344485997163,0.9458732210923075,0.032361227507408774,0.6228416217910301,0.4,2,0.9458732210923075,0.4,2,0.7101681153795059,0.6,3,0.9782344485997163,0.6,3,0.7783171051989245,0.6,3
COVER__test__5454.pgm,5454.pgm,COVER,0,SINGLE_CANDIDATE,HUGO,,HUGO,S-UNIWARD,MiPOD,HILL,WOW,,HUGO,1,0,0.9072693444620168,0.8578542839212957,0.04941506054072109,0.5640735808934665,0.2,1,0.8578542839212957,0.2,1,0.6398989101991523,0.2,1,0.9072693444620168,0.4,2,0.7133671165313598,0.4,2
COVER__test__5455.pgm,5455.pgm,COVER,0,MULTI_CANDIDATE,HUGO,S-UNIWARD,HUGO,S-UNIWARD,MiPOD,HILL,WOW,,"HUGO,S-UNIWARD",2,0,1.0,0.978017889167203,0.021982110832796997,0.7374401248487424,0.4,2,0.978017889167203,0.6,3,0.7633892476778493,0.4,2,1.0,1.0,5,0.8388716522486905,0.4,2
COVER__test__5459.pgm,5459.pgm,COVER,0,MULTI_CANDIDATE,HUGO,S-UNIWARD,HUGO,S-UNIWARD,HILL,MiPOD,WOW,,"HUGO,S-UNIWARD,HILL",3,0,1.0,0.9788654982688876,0.02113450173111242,0.8472322513467049,0.8,4,0.9788654982688876,0.8,4,0.9457480342106862,0.6,3,1.0,1.0,5,0.8986877688242453,0.6,3
COVER__test__5463.pgm,5463.pgm,COVER,0,MULTI_CANDIDATE,HUGO,S-UNIWARD,HUGO,S-UNIWARD,MiPOD,HILL,WOW,,"HUGO,S-UNIWARD",2,0,0.9926203770327403,0.9692172861347423,0.02340309089799797,0.6591919447135329,0.4,2,0.9692172861347423,0.6,3,0.7312270368308555,0.4,2,0.9926203770327403,0.6,3,0.7940141660949114,0.4,2
COVER__test__5479.pgm,5479.pgm,COVER,0,MULTI_CANDIDATE,WOW,S-UNIWARD,WOW,S-UNIWARD,HILL,HUGO,MiPOD,,"WOW,S-UNIWARD,HILL,HUGO,MiPOD",5,0,1.0,1.0,0.0,1.0,1.0,5,1.0,1.0,5,1.0,1.0,5,1.0,1.0,5,1.0,1.0,5
COVER__test__5482.pgm,5482.pgm,COVER,0,UNKNOWN_OR_COVER,UNKNOWN,,HUGO,S-UNIWARD,MiPOD,HILL,WOW,,,0,0,0.8429417740912838,0.7926567060799964,0.050285068011287404,0.5027999649617823,0.2,1,0.7926567060799964,0.0,0,0.5751034105928305,0.2,1,0.8429417740912838,0.4,2,0.6466432070293443,0.2,1
COVER__test__5486.pgm,5486.pgm,COVER,0,UNKNOWN_OR_COVER,UNKNOWN,,HUGO,S-UNIWARD,MiPOD,HILL,WOW,,,0,0,0.7672687732482543,0.7337590264627961,0.03350974678545815,0.4285436150194878,0.0,0,0.7337590264627961,0.0,0,0.5216416127986618,0.0,0,0.7672687732482543,0.2,1,0.5933695359441876,0.0,0
COVER__test__5499.pgm,5499.pgm,COVER,0,MULTI_CANDIDATE,WOW,HUGO,WOW,HUGO,S-UNIWARD,MiPOD,HILL,,"WOW,HUGO",2,0,0.9048399339788892,0.9048399339788892,0.0,0.9048399339788892,0.6,3,0.8859387680648887,0.6,3,0.8722484769837638,0.4,2,0.9048399339788892,0.6,3,0.8859387680648887,0.6,3
COVER__test__5500.pgm,5500.pgm,COVER,0,MULTI_CANDIDATE,S-UNIWARD,HUGO,S-UNIWARD,HUGO,MiPOD,HILL,WOW,,"S-UNIWARD,HUGO,MiPOD,HILL",4,0,1.0,1.0,0.0,0.8455095618661177,0.8,4,1.0,1.0,5,0.9668629657958041,0.8,4,1.0,1.0,5,1.0,1.0,5
COVER__test__5512.pgm,5512.pgm,COVER,0,MULTI_CANDIDATE,HUGO,S-UNIWARD,HUGO,S-UNIWARD,HILL,MiPOD,WOW,,"HUGO,S-UNIWARD,HILL,MiPOD",4,0,0.958728988049435,0.9375944863183225,0.02113450173111242,0.8266220193975444,0.6,3,0.9375944863183225,0.6,3,0.9375944863183225,0.6,3,0.958728988049435,0.8,4,0.9375944863183225,0.6,3
COVER__test__5519.pgm,5519.pgm,COVER,0,MULTI_CANDIDATE,S-UNIWARD,HUGO,S-UNIWARD,HUGO,MiPOD,HILL,WOW,,"S-UNIWARD,HUGO,MiPOD,HILL,WOW",5,0,1.0,1.0,0.0,0.9840622833082884,0.8,4,1.0,1.0,5,0.9845772780269411,0.8,4,1.0,1.0,5,1.0,1.0,5
COVER__test__5532.pgm,5532.pgm,COVER,0,UNKNOWN_OR_COVER,UNKNOWN,,S-UNIWARD,WOW,MiPOD,HUGO,HILL,,,0,0,0.8731980104164823,0.8083897563472926,0.06480825406918966,0.8083897563472926,0.6,3,0.8731980104164823,0.8,4,0.7284938310391119,0.4,2,0.7746435259899933,0.6,3,0.8013679501794077,0.4,2
COVER__test__5533.pgm,5533.pgm,COVER,0,MULTI_CANDIDATE,HUGO,MiPOD,HUGO,MiPOD,HILL,S-UNIWARD,WOW,,"HUGO,MiPOD,HILL,S-UNIWARD",4,0,1.0,0.999344298404135,0.0006557015958650325,0.838305089672207,0.8,4,0.9935300478868466,0.8,4,0.9982811707259815,0.8,4,1.0,1.0,5,0.999344298404135,0.8,4
COVER__test__5543.pgm,5543.pgm,COVER,0,UNKNOWN_OR_COVER,UNKNOWN,,HUGO,S-UNIWARD,MiPOD,HILL,WOW,,,0,0,0.7437899900017326,0.69482044966825,0.048969540333482664,0.4057247515202807,0.0,0,0.69482044966825,0.0,0,0.48131576396825804,0.0,0,0.7437899900017326,0.0,0,0.5542568494181945,0.0,0
COVER__test__5546.pgm,5546.pgm,COVER,0,MULTI_CANDIDATE,S-UNIWARD,HILL,S-UNIWARD,HILL,HUGO,MiPOD,WOW,,"S-UNIWARD,HILL,HUGO,MiPOD",4,0,0.9279429381287235,0.9279429381287235,0.0,0.7965224417158197,0.6,3,0.9279429381287235,0.8,4,0.9279429381287235,0.8,4,0.9279429381287235,0.8,4,0.9279429381287235,0.8,4
COVER__test__5552.pgm,5552.pgm,COVER,0,MULTI_CANDIDATE,S-UNIWARD,HUGO,S-UNIWARD,HUGO,MiPOD,HILL,WOW,,"S-UNIWARD,HUGO,MiPOD,HILL",4,0,1.0,1.0,0.0,0.85758778249375,0.8,4,1.0,1.0,5,0.9706464876021453,0.8,4,1.0,1.0,5,1.0,1.0,5
COVER__test__5553.pgm,5553.pgm,COVER,0,MULTI_CANDIDATE,WOW,S-UNIWARD,WOW,S-UNIWARD,HILL,HUGO,MiPOD,,"WOW,S-UNIWARD,HILL,HUGO,MiPOD",5,0,1.0,1.0,0.0,1.0,1.0,5,1.0,1.0,5,1.0,1.0,5,1.0,1.0,5,1.0,1.0,5
COVER__test__5554.pgm,5554.pgm,COVER,0,MULTI_CANDIDATE,WOW,S-UNIWARD,WOW,S-UNIWARD,HILL,HUGO,MiPOD,,"WOW,S-UNIWARD,HILL,HUGO,MiPOD",5,0,1.0,1.0,0.0,1.0,1.0,5,1.0,1.0,5,1.0,1.0,5,1.0,1.0,5,1.0,1.0,5
COVER__test__5559.pgm,5559.pgm,COVER,0,MULTI_CANDIDATE,WOW,S-UNIWARD,WOW,S-UNIWARD,HILL,HUGO,MiPOD,,"WOW,S-UNIWARD,HILL,HUGO,MiPOD",5,0,1.0,1.0,0.0,1.0,1.0,5,1.0,1.0,5,1.0,1.0,5,1.0,1.0,5,1.0,1.0,5
COVER__test__5563.pgm,5563.pgm,COVER,0,UNKNOWN_OR_COVER,UNKNOWN,,HUGO,S-UNIWARD,MiPOD,HILL,WOW,,,0,0,0.8922500880440051,0.8565455985389695,0.035704489505035575,0.5384951262661587,0.0,0,0.8565455985389695,0.2,1,0.6023452904907762,0.0,0,0.8922500880440051,0.4,2,0.6841027514154346,0.0,0
COVER__test__5572.pgm,5572.pgm,COVER,0,MULTI_CANDIDATE,HUGO,S-UNIWARD,HUGO,S-UNIWARD,HILL,MiPOD,WOW,,"HUGO,S-UNIWARD,HILL,MiPOD",4,0,0.9392307111459381,0.9375944863183225,0.0016362248276156066,0.7997326441240593,0.6,3,0.9375944863183225,0.6,3,0.9375944863183225,0.6,3,0.9392307111459381,0.6,3,0.9375944863183225,0.6,3
COVER__test__5573.pgm,5573.pgm,COVER,0,MULTI_CANDIDATE,WOW,S-UNIWARD,WOW,S-UNIWARD,HILL,MiPOD,HUGO,,"WOW,S-UNIWARD,HILL,MiPOD,HUGO",5,0,0.9788654982688876,0.9599643323548868,0.018901165914000817,0.9788654982688876,0.8,4,0.9599643323548868,0.8,4,0.9599643323548868,0.8,4,0.9052108527137939,0.6,3,0.9428185383826214,0.6,3
COVER__test__5575.pgm,5575.pgm,COVER,0,MULTI_CANDIDATE,WOW,S-UNIWARD,WOW,S-UNIWARD,HILL,HUGO,MiPOD,,"WOW,S-UNIWARD,HILL,HUGO,MiPOD",5,0,1.0,1.0,0.0,1.0,1.0,5,1.0,1.0,5,1.0,1.0,5,1.0,1.0,5,1.0,1.0,5
COVER__test__5580.pgm,5580.pgm,COVER,0,MULTI_CANDIDATE,HUGO,S-UNIWARD,HUGO,S-UNIWARD,MiPOD,HILL,WOW,,"HUGO,S-UNIWARD,MiPOD",3,0,1.0,0.9996424929613307,0.00035750703866932465,0.7614468873512176,0.6,3,0.9996424929613307,0.8,4,0.8569870905035092,0.8,4,1.0,1.0,5,0.9975303579417008,0.8,4
COVER__test__5585.pgm,5585.pgm,COVER,0,MULTI_CANDIDATE,WOW,HUGO,WOW,HUGO,S-UNIWARD,HILL,MiPOD,,"WOW,HUGO,S-UNIWARD,HILL,MiPOD",5,0,1.0,1.0,0.0,1.0,1.0,5,0.9788654982688876,0.8,4,0.9788654982688876,0.8,4,1.0,1.0,5,0.9788654982688876,0.8,4
COVER__test__5593.pgm,5593.pgm,COVER,0,MULTI_CANDIDATE,HUGO,S-UNIWARD,HUGO,S-UNIWARD,HILL,MiPOD,WOW,,"HUGO,S-UNIWARD",2,0,0.9430605000595337,0.9279429381287235,0.015117561930810153,0.7490564438237091,0.4,2,0.9279429381287235,0.8,4,0.8431749035791171,0.6,3,0.9430605000595337,0.8,4,0.8106799103523364,0.6,3
COVER__test__5595.pgm,5595.pgm,COVER,0,MULTI_CANDIDATE,WOW,S-UNIWARD,WOW,S-UNIWARD,HILL,HUGO,MiPOD,,"WOW,S-UNIWARD,HILL,HUGO,MiPOD",5,0,1.0,1.0,0.0,1.0,1.0,5,1.0,1.0,5,1.0,1.0,5,1.0,1.0,5,0.9934095857375634,0.8,4
COVER__test__5599.pgm,5599.pgm,COVER,0,UNKNOWN_OR_COVER,UNKNOWN,,HUGO,S-UNIWARD,MiPOD,HILL,WOW,,,0,0,0.8025692405537764,0.7747583654191613,0.02781087513461511,0.4641911802409722,0.2,1,0.7747583654191613,0.2,1,0.5580312670819177,0.4,2,0.8025692405537764,0.4,2,0.6295561923402275,0.4,2
COVER__test__5605.pgm,5605.pgm,COVER,0,UNKNOWN_OR_COVER,UNKNOWN,,HUGO,S-UNIWARD,MiPOD,HILL,WOW,,,0,0,0.8433943032630946,0.8104217690535982,0.03297253420949642,0.5029799619572444,0.2,1,0.8104217690535982,0.2,1,0.5961026215753054,0.2,1,0.8433943032630946,0.4,2,0.6698857516679098,0.2,1
COVER__test__5606.pgm,5606.pgm,COVER,0,UNKNOWN_OR_COVER,UNKNOWN,,HUGO,S-UNIWARD,MiPOD,HILL,WOW,,,0,0,0.8488156575620085,0.8148962842730452,0.03391937328896333,0.5052003478099126,0.2,1,0.8148962842730452,0.2,1,0.5967853995278586,0.2,1,0.8488156575620085,0.4,2,0.6725622024525473,0.2,1
COVER__test__5614.pgm,5614.pgm,COVER,0,UNKNOWN_OR_COVER,UNKNOWN,,HUGO,S-UNIWARD,MiPOD,HILL,WOW,,,0,0,0.7887476256580963,0.7580385368551885,0.03070908880290779,0.4503728466881432,0.2,1,0.7580385368551885,0.2,1,0.5449972648086037,0.4,2,0.7887476256580963,0.4,2,0.6158323808768681,0.4,2
COVER__test__5622.pgm,5622.pgm,COVER,0,MULTI_CANDIDATE,HUGO,S-UNIWARD,HUGO,S-UNIWARD,MiPOD,HILL,WOW,,"HUGO,S-UNIWARD",2,0,0.9412250520427536,0.908543551684932,0.03268150035782169,0.6008533241968641,0.4,2,0.908543551684932,0.4,2,0.6942058535836245,0.4,2,0.9412250520427536,0.6,3,0.7677972440349106,0.6,3
COVER__test__5623.pgm,5623.pgm,COVER,0,UNKNOWN_OR_COVER,UNKNOWN,,HUGO,S-UNIWARD,MiPOD,HILL,WOW,,,0,0,0.8251276752401286,0.791258678594648,0.0338689966454806,0.4863597676406897,0.2,1,0.791258678594648,0.2,1,0.5779747293622244,0.2,1,0.8251276752401286,0.2,1,0.6507591556183413,0.2,1
COVER__test__5627.pgm,5627.pgm,COVER,0,UNKNOWN_OR_COVER,UNKNOWN,,HUGO,S-UNIWARD,MiPOD,HILL,WOW,,,0,0,0.7817348639638573,0.750831041227941,0.030903822735916298,0.44284004800774196,0.0,0,0.750831041227941,0.0,0,0.5372842053855216,0.2,1,0.7817348639638573,0.2,1,0.6080589416456049,0.2,1
COVER__test__5630.pgm,5630.pgm,COVER,0,UNKNOWN_OR_COVER,UNKNOWN,,S-UNIWARD,HUGO,MiPOD,HILL,WOW,,,0,0,0.8866719261781585,0.8866719261781585,0.0,0.6838309350358405,0.2,1,0.8866719261781585,0.6,3,0.7601459157498793,0.4,2,0.8866719261781585,0.6,3,0.8866719261781585,0.6,3
COVER__test__5636.pgm,5636.pgm,COVER,0,MULTI_CANDIDATE,WOW,S-UNIWARD,WOW,S-UNIWARD,HILL,HUGO,MiPOD,,"WOW,S-UNIWARD,HILL,HUGO,MiPOD",5,0,0.9259744357100018,0.9259744357100018,0.0,0.9259744357100018,0.8,4,0.9259744357100018,0.8,4,0.9259744357100018,0.8,4,0.9259744357100018,0.8,4,0.9259744357100018,0.8,4
COVER__test__5638.pgm,5638.pgm,COVER,0,UNKNOWN_OR_COVER,UNKNOWN,,HUGO,S-UNIWARD,MiPOD,HILL,WOW,,,0,0,0.8429407925322832,0.814468320983957,0.028472471548326106,0.5344669304695576,0.2,1,0.814468320983957,0.4,2,0.5835522265117686,0.4,2,0.8429407925322832,0.4,2,0.6536178530737575,0.4,2
COVER__test__565.pgm,565.pgm,COVER,0,MULTI_CANDIDATE,S-UNIWARD,HILL,S-UNIWARD,HILL,HUGO,MiPOD,WOW,,"S-UNIWARD,HILL,HUGO,MiPOD,WOW",5,0,1.0,1.0,0.0,0.9011120714212775,0.8,4,1.0,1.0,5,1.0,1.0,5,1.0,1.0,5,1.0,1.0,5
COVER__test__5650.pgm,5650.pgm,COVER,0,UNKNOWN_OR_COVER,UNKNOWN,,HUGO,S-UNIWARD,MiPOD,HILL,WOW,,,0,0,0.7494998848296504,0.7058978944797365,0.043601990349913855,0.41172256271397495,0.0,0,0.7058978944797365,0.2,1,0.4883092160215502,0.2,1,0.7494998848296504,0.2,1,0.5592274512808358,0.2,1
COVER__test__566.pgm,566.pgm,COVER,0,MULTI_CANDIDATE,HUGO,S-UNIWARD,HUGO,S-UNIWARD,MiPOD,HILL,WOW,,"HUGO,S-UNIWARD",2,0,0.9461266534153978,0.9281341400347225,0.017992513380675312,0.6085801645867818,0.4,2,0.9281341400347225,0.4,2,0.698472011561244,0.6,3,0.9461266534153978,0.8,4,0.7804393022930733,0.6,3
COVER__test__5660.pgm,5660.pgm,COVER,0,UNKNOWN_OR_COVER,UNKNOWN,,HUGO,S-UNIWARD,MiPOD,HILL,WOW,,,0,0,0.8026518166066149,0.7678194562730337,0.03483236033358117,0.45785546285185436,0.2,1,0.7678194562730337,0.2,1,0.548003137614799,0.2,1,0.8026518166066149,0.2,1,0.6182895681973913,0.2,1
COVER__test__5663.pgm,5663.pgm,COVER,0,UNKNOWN_OR_COVER,UNKNOWN,,HUGO,S-UNIWARD,MiPOD,HILL,WOW,,,0,0,0.8395741388416008,0.8104217843034428,0.02915235453815801,0.5010369784473183,0.2,1,0.8104217843034428,0.2,1,0.5951664596021613,0.4,2,0.8395741388416008,0.4,2,0.6663422591019909,0.4,2
COVER__test__5668.pgm,5668.pgm,COVER,0,UNKNOWN_OR_COVER,UNKNOWN,,HUGO,S-UNIWARD,MiPOD,HILL,WOW,,,0,0,0.8017801097606956,0.7720479011600098,0.029732208600685817,0.4635396422680887,0.2,1,0.7720479011600098,0.2,1,0.5579537794118978,0.4,2,0.8017801097606956,0.4,2,0.6289280883558175,0.4,2
COVER__test__5677.pgm,5677.pgm,COVER,0,UNKNOWN_OR_COVER,UNKNOWN,,HUGO,S-UNIWARD,MiPOD,HILL,WOW,,,0,0,0.817545298513935,0.7664598109923763,0.051085487521558726,0.4788781235661131,0.0,0,0.7664598109923763,0.0,0,0.5541240655985984,0.0,0,0.817545298513935,0.2,1,0.6258351340122833,0.2,1
COVER__test__5690.pgm,5690.pgm,COVER,0,UNKNOWN_OR_COVER,UNKNOWN,,HUGO,S-UNIWARD,MiPOD,HILL,WOW,,,0,0,0.8057032447296957,0.7765746247167342,0.02912862001296146,0.46668485943378374,0.2,1,0.7765746247167342,0.2,1,0.5606372123453622,0.4,2,0.8057032447296957,0.4,2,0.6324684852218224,0.4,2
COVER__test__5712.pgm,5712.pgm,COVER,0,MULTI_CANDIDATE,S-UNIWARD,HILL,S-UNIWARD,HILL,HUGO,MiPOD,WOW,,"S-UNIWARD,HILL,HUGO,MiPOD,WOW",5,0,1.0,1.0,0.0,0.9198618608935334,0.8,4,1.0,1.0,5,1.0,1.0,5,1.0,1.0,5,1.0,1.0,5
COVER__test__5732.pgm,5732.pgm,COVER,0,MULTI_CANDIDATE,S-UNIWARD,HILL,S-UNIWARD,HILL,HUGO,MiPOD,WOW,,"S-UNIWARD,HILL,HUGO,MiPOD",4,0,1.0,1.0,0.0,0.875216112528908,0.8,4,1.0,1.0,5,1.0,1.0,5,1.0,1.0,5,1.0,1.0,5
COVER__test__5739.pgm,5739.pgm,COVER,0,MULTI_CANDIDATE,S-UNIWARD,HILL,S-UNIWARD,HILL,HUGO,MiPOD,WOW,,"S-UNIWARD,HILL,HUGO,MiPOD",4,0,1.0,1.0,0.0,0.8783404395516857,0.8,4,1.0,1.0,5,1.0,1.0,5,1.0,1.0,5,1.0,1.0,5
COVER__test__5743.pgm,5743.pgm,COVER,0,MULTI_CANDIDATE,WOW,S-UNIWARD,WOW,S-UNIWARD,HILL,MiPOD,HUGO,,"WOW,S-UNIWARD,HILL,MiPOD,HUGO",5,0,1.0,1.0,0.0,1.0,1.0,5,1.0,1.0,5,1.0,1.0,5,0.9956220896015822,0.8,4,1.0,1.0,5
COVER__test__5748.pgm,5748.pgm,COVER,0,MULTI_CANDIDATE,S-UNIWARD,HUGO,S-UNIWARD,HUGO,MiPOD,WOW,HILL,,"S-UNIWARD,HUGO,MiPOD",3,0,1.0,1.0,0.0,0.8943288835963799,0.8,4,1.0,1.0,5,0.8440862931125068,0.8,4,1.0,1.0,5,0.9528132280818923,0.8,4
COVER__test__575.pgm,575.pgm,COVER,0,MULTI_CANDIDATE,S-UNIWARD,HILL,S-UNIWARD,HILL,HUGO,MiPOD,WOW,,"S-UNIWARD,HILL,HUGO,MiPOD,WOW",5,0,1.0,1.0,0.0,0.9102900667523679,0.8,4,1.0,1.0,5,1.0,1.0,5,1.0,1.0,5,1.0,1.0,5
COVER__test__5750.pgm,5750.pgm,COVER,0,MULTI_CANDIDATE,WOW,S-UNIWARD,WOW,S-UNIWARD,HILL,HUGO,MiPOD,,"WOW,S-UNIWARD,HILL,HUGO,MiPOD",5,0,1.0,1.0,0.0,1.0,1.0,5,1.0,1.0,5,1.0,1.0,5,1.0,1.0,5,1.0,1.0,5
COVER__test__5764.pgm,5764.pgm,COVER,0,SINGLE_CANDIDATE,HUGO,,HUGO,S-UNIWARD,MiPOD,HILL,WOW,,HUGO,1,0,0.9030315789239353,0.8554413232134326,0.04759025571050268,0.5621632083739665,0.2,1,0.8554413232134326,0.2,1,0.6388962611789931,0.4,2,0.9030315789239353,0.4,2,0.7116708412279186,0.4,2
COVER__test__5765.pgm,5765.pgm,COVER,0,MULTI_CANDIDATE,HUGO,S-UNIWARD,HUGO,S-UNIWARD,MiPOD,HILL,WOW,,"HUGO,S-UNIWARD",2,0,1.0,0.9990075284879675,0.0009924715120325223,0.8227382798271681,0.6,3,0.9990075284879675,0.8,4,0.8405453009774586,0.8,4,1.0,1.0,5,0.8970596141750538,0.6,3
COVER__test__5772.pgm,5772.pgm,COVER,0,UNKNOWN_OR_COVER,UNKNOWN,,HUGO,S-UNIWARD,MiPOD,HILL,WOW,,,0,0,0.8017426283226282,0.7688950126575891,0.03284761566503913,0.4629445741862871,0.2,1,0.7688950126575891,0.2,1,0.5565399702321103,0.2,1,0.8017426283226282,0.4,2,0.628439643048068,0.2,1
COVER__test__5778.pgm,5778.pgm,COVER,0,UNKNOWN_OR_COVER,UNKNOWN,,HUGO,S-UNIWARD,MiPOD,HILL,WOW,,,0,0,0.7191049030808282,0.6778978309881998,0.041207072092628416,0.3799212460613181,0.0,0,0.6778978309881998,0.0,0,0.4598744346155491,0.2,1,0.7191049030808282,0.2,1,0.5318118866892433,0.2,1
COVER__test__5780.pgm,5780.pgm,COVER,0,UNKNOWN_OR_COVER,UNKNOWN,,HUGO,S-UNIWARD,MiPOD,HILL,WOW,,,0,0,0.7507353822690457,0.7059482524084268,0.044787129860618835,0.4120714544894115,0.0,0,0.7059482524084268,0.0,0,0.48884344124463597,0.2,1,0.7507353822690457,0.2,1,0.559516874058579,0.2,1
COVER__test__5781.pgm,5781.pgm,COVER,0,UNKNOWN_OR_COVER,UNKNOWN,,HUGO,S-UNIWARD,MiPOD,HILL,WOW,,,0,0,0.7191868445649962,0.6751287889352813,0.044058055629714876,0.3793660286172214,0.0,0,0.6751287889352813,0.0,0,0.45985910527449547,0.2,1,0.7191868445649962,0.2,1,0.5319163941872304,0.2,1
COVER__test__5788.pgm,5788.pgm,COVER,0,UNKNOWN_OR_COVER,UNKNOWN,,HUGO,S-UNIWARD,MiPOD,HILL,WOW,,,0,0,0.8983735217039281,0.8783457926433658,0.020027729060562383,0.6193969674518476,0.4,2,0.8783457926433658,0.4,2,0.7340632940985932,0.4,2,0.8983735217039281,0.6,3,0.8291233197430941,0.4,2
COVER__test__5791.pgm,5791.pgm,COVER,0,MULTI_CANDIDATE,S-UNIWARD,HILL,S-UNIWARD,HILL,HUGO,MiPOD,WOW,,"S-UNIWARD,HILL,HUGO,MiPOD",4,0,1.0,1.0,0.0,0.8414277186358572,0.8,4,1.0,1.0,5,1.0,1.0,5,1.0,1.0,5,1.0,1.0,5
COVER__test__5793.pgm,5793.pgm,COVER,0,MULTI_CANDIDATE,HUGO,S-UNIWARD,HUGO,S-UNIWARD,MiPOD,HILL,WOW,,"HUGO,S-UNIWARD",2,0,0.9787737748707462,0.94307713470993,0.035696640160816195,0.6224200741784942,0.4,2,0.94307713470993,0.4,2,0.7089190892436947,0.4,2,0.9787737748707462,0.6,3,0.7783346763014788,0.4,2
COVER__test__5808.pgm,5808.pgm,COVER,0,MULTI_CANDIDATE,WOW,S-UNIWARD,WOW,S-UNIWARD,HILL,HUGO,MiPOD,,"WOW,S-UNIWARD,HILL,HUGO,MiPOD",5,0,1.0,1.0,0.0,1.0,1.0,5,1.0,1.0,5,1.0,1.0,5,1.0,1.0,5,1.0,1.0,5
COVER__test__5815.pgm,5815.pgm,COVER,0,MULTI_CANDIDATE,HUGO,S-UNIWARD,HUGO,S-UNIWARD,MiPOD,HILL,WOW,,"HUGO,S-UNIWARD",2,0,1.0,0.9878228040586287,0.012177195941371344,0.72214795836683,0.6,3,0.9878228040586287,0.6,3,0.7817468197070635,0.6,3,1.0,1.0,5,0.8372728857207369,0.6,3
COVER__test__5818.pgm,5818.pgm,COVER,0,MULTI_CANDIDATE,HILL,HUGO,HILL,HUGO,MiPOD,S-UNIWARD,WOW,,"HILL,HUGO,MiPOD,S-UNIWARD",4,0,1.0,1.0,0.0,0.8386448747212392,0.8,4,0.9952467549190749,0.8,4,1.0,1.0,5,1.0,1.0,5,1.0,1.0,5
COVER__test__5825.pgm,5825.pgm,COVER,0,MULTI_CANDIDATE,HUGO,S-UNIWARD,HUGO,S-UNIWARD,MiPOD,HILL,WOW,,"HUGO,S-UNIWARD",2,0,0.9977427040187303,0.9748895233118351,0.022853180706895238,0.6680733037306681,0.4,2,0.9748895233118351,0.6,3,0.7401136075903232,0.4,2,0.9977427040187303,0.8,4,0.8026885291811612,0.4,2
COVER__test__5835.pgm,5835.pgm,COVER,0,MULTI_CANDIDATE,WOW,S-UNIWARD,WOW,S-UNIWARD,HILL,HUGO,MiPOD,,"WOW,S-UNIWARD,HILL,HUGO,MiPOD",5,0,1.0,1.0,0.0,1.0,1.0,5,1.0,1.0,5,1.0,1.0,5,1.0,1.0,5,1.0,1.0,5
COVER__test__5836.pgm,5836.pgm,COVER,0,MULTI_CANDIDATE,WOW,S-UNIWARD,WOW,S-UNIWARD,HILL,MiPOD,HUGO,,"WOW,S-UNIWARD,HILL,MiPOD",4,0,1.0,0.9838940436678415,0.0161059563321585,1.0,1.0,5,0.9838940436678415,0.8,4,0.9470865355012181,0.8,4,0.8776698248472815,0.8,4,0.9124082022418625,0.8,4
COVER__test__5839.pgm,5839.pgm,COVER,0,MULTI_CANDIDATE,HUGO,S-UNIWARD,HUGO,S-UNIWARD,WOW,MiPOD,HILL,,"HUGO,S-UNIWARD",2,0,0.9941486025564631,0.9801131574940556,0.014035445062407503,0.8674713564755162,0.6,3,0.9801131574940556,0.8,4,0.7756604784992666,0.6,3,0.9941486025564631,0.8,4,0.855847128028455,0.8,4
COVER__test__5841.pgm,5841.pgm,COVER,0,MULTI_CANDIDATE,WOW,S-UNIWARD,WOW,S-UNIWARD,HILL,HUGO,MiPOD,,"WOW,S-UNIWARD,HILL,HUGO,MiPOD",5,0,1.0,1.0,0.0,1.0,1.0,5,1.0,1.0,5,1.0,1.0,5,1.0,1.0,5,1.0,1.0,5
COVER__test__5843.pgm,5843.pgm,COVER,0,MULTI_CANDIDATE,HUGO,S-UNIWARD,HUGO,S-UNIWARD,MiPOD,HILL,WOW,,"HUGO,S-UNIWARD",2,0,0.9420365568841189,0.9079229503808204,0.03411360650329853,0.601051398842384,0.4,2,0.9079229503808204,0.4,2,0.6928220830146328,0.4,2,0.9420365568841189,0.4,2,0.7666681576357305,0.4,2
COVER__test__5859.pgm,5859.pgm,COVER,0,UNKNOWN_OR_COVER,UNKNOWN,,HUGO,S-UNIWARD,MiPOD,HILL,WOW,,,0,0,0.702284358202285,0.6684968210419254,0.03378753716035954,0.3652420308635159,0.0,0,0.6684968210419254,0.0,0,0.45551603285728814,0.0,0,0.702284358202285,0.0,0,0.5272807027398325,0.0,0
COVER__test__586.pgm,586.pgm,COVER,0,MULTI_CANDIDATE,WOW,S-UNIWARD,WOW,S-UNIWARD,HILL,HUGO,MiPOD,,"WOW,S-UNIWARD,HILL,HUGO,MiPOD",5,0,1.0,1.0,0.0,1.0,1.0,5,1.0,1.0,5,1.0,1.0,5,1.0,1.0,5,1.0,1.0,5
COVER__test__5861.pgm,5861.pgm,COVER,0,MULTI_CANDIDATE,HUGO,S-UNIWARD,HUGO,S-UNIWARD,MiPOD,WOW,HILL,,"HUGO,S-UNIWARD",2,0,0.9310666077634597,0.9050314767485984,0.026035131014861324,0.757893510013023,0.6,3,0.9050314767485984,0.6,3,0.6928022265242573,0.6,3,0.9310666077634597,0.6,3,0.7621764098444701,0.6,3
COVER__test__5867.pgm,5867.pgm,COVER,0,UNKNOWN_OR_COVER,UNKNOWN,,HUGO,S-UNIWARD,MiPOD,HILL,WOW,,,0,0,0.8935970396835067,0.858387643179276,0.03520939650423072,0.554065141846385,0.2,1,0.858387643179276,0.2,1,0.6269587446608729,0.2,1,0.8935970396835067,0.6,3,0.7099882605062285,0.2,1
COVER__test__5870.pgm,5870.pgm,COVER,0,UNKNOWN_OR_COVER,UNKNOWN,,HUGO,S-UNIWARD,MiPOD,HILL,WOW,,,0,0,0.7787454308238206,0.7290632448842648,0.04968218593955587,0.439704123369154,0.0,0,0.7290632448842648,0.0,0,0.5163781742872011,0.0,0,0.7787454308238206,0.2,1,0.5881540346406533,0.0,0
COVER__test__5876.pgm,5876.pgm,COVER,0,UNKNOWN_OR_COVER,UNKNOWN,,HUGO,S-UNIWARD,MiPOD,HILL,WOW,,,0,0,0.7992041249028017,0.765396445524723,0.033807679378078714,0.46073147071462106,0.0,0,0.765396445524723,0.0,0,0.5528386540693804,0.0,0,0.7992041249028017,0.0,0,0.6248933722895742,0.0,0
COVER__test__5878.pgm,5878.pgm,COVER,0,UNKNOWN_OR_COVER,UNKNOWN,,HUGO,S-UNIWARD,MiPOD,HILL,WOW,,,0,0,0.7322771430603419,0.690486548738739,0.041790594321602814,0.39462647301452014,0.0,0,0.690486548738739,0.2,1,0.47310314235687645,0.2,1,0.7322771430603419,0.2,1,0.5439521847173463,0.2,1
COVER__test__5881.pgm,5881.pgm,COVER,0,MULTI_CANDIDATE,WOW,S-UNIWARD,WOW,S-UNIWARD,HILL,HUGO,MiPOD,,"WOW,S-UNIWARD,HILL,HUGO,MiPOD",5,0,1.0,1.0,0.0,1.0,1.0,5,1.0,1.0,5,1.0,1.0,5,1.0,1.0,5,1.0,1.0,5
COVER__test__5894.pgm,5894.pgm,COVER,0,MULTI_CANDIDATE,WOW,S-UNIWARD,WOW,S-UNIWARD,HILL,HUGO,MiPOD,,"WOW,S-UNIWARD,HILL,HUGO,MiPOD",5,0,1.0,1.0,0.0,1.0,1.0,5,1.0,1.0,5,1.0,1.0,5,1.0,1.0,5,1.0,1.0,5
COVER__test__5897.pgm,5897.pgm,COVER,0,UNKNOWN_OR_COVER,UNKNOWN,,HUGO,S-UNIWARD,MiPOD,HILL,WOW,,,0,0,0.7891926170904877,0.7409510145022734,0.048241602588214305,0.4513525494061879,0.2,1,0.7409510145022734,0.0,0,0.5240457932173099,0.2,1,0.7891926170904877,0.4,2,0.594817890494914,0.2,1
COVER__test__590.pgm,590.pgm,COVER,0,UNKNOWN_OR_COVER,UNKNOWN,,HUGO,S-UNIWARD,MiPOD,HILL,WOW,,,0,0,0.8321107086470156,0.805277797673152,0.026832910973863644,0.49691663433262445,0.2,1,0.805277797673152,0.4,2,0.5860685768955481,0.4,2,0.8321107086470156,0.4,2,0.6599102034622726,0.4,2
COVER__test__5909.pgm,5909.pgm,COVER,0,UNKNOWN_OR_COVER,UNKNOWN,,WOW,S-UNIWARD,HILL,MiPOD,HUGO,,,0,0,0.6940148449414548,0.6644425370672824,0.02957230787417242,0.6940148449414548,0.4,2,0.6644425370672824,0.2,1,0.6361656310780031,0.2,1,0.5691069971479406,0.2,1,0.6009394488443487,0.2,1
COVER__test__5912.pgm,5912.pgm,COVER,0,UNKNOWN_OR_COVER,UNKNOWN,,HUGO,S-UNIWARD,MiPOD,HILL,WOW,,,0,0,0.7901639839117341,0.7565700997890731,0.033593884122661066,0.45051510378756526,0.2,1,0.7565700997890731,0.2,1,0.5433097005428109,0.2,1,0.7901639839117341,0.4,2,0.6154511500269847,0.2,1
COVER__test__5913.pgm,5913.pgm,COVER,0,MULTI_CANDIDATE,S-UNIWARD,HILL,S-UNIWARD,HILL,HUGO,MiPOD,WOW,,"S-UNIWARD,HILL,HUGO,MiPOD",4,0,1.0,1.0,0.0,0.8427557171546347,0.8,4,1.0,1.0,5,1.0,1.0,5,1.0,1.0,5,1.0,1.0,5
COVER__test__5916.pgm,5916.pgm,COVER,0,UNKNOWN_OR_COVER,UNKNOWN,,HUGO,S-UNIWARD,MiPOD,HILL,WOW,,,0,0,0.8165752957311984,0.7828085849183808,0.03376671081281757,0.47889848711883837,0.2,1,0.7828085849183808,0.2,1,0.5703662927046358,0.2,1,0.8165752957311984,0.2,1,0.6421541954783178,0.2,1
COVER__test__5932.pgm,5932.pgm,COVER,0,UNKNOWN_OR_COVER,UNKNOWN,,HUGO,S-UNIWARD,MiPOD,HILL,WOW,,,0,0,0.853212363546578,0.8192892095230425,0.03392315402353552,0.5152562690535364,0.2,1,0.8192892095230425,0.2,1,0.6053562723782576,0.2,1,0.853212363546578,0.2,1,0.6769888785516445,0.2,1
COVER__test__5940.pgm,5940.pgm,COVER,0,MULTI_CANDIDATE,HUGO,S-UNIWARD,HUGO,S-UNIWARD,MiPOD,HILL,WOW,,"HUGO,S-UNIWARD",2,0,0.9515200871867504,0.9239235845154145,0.027596502671335954,0.6083444609190469,0.4,2,0.9239235845154145,0.6,3,0.6994281764251162,0.6,3,0.9515200871867504,0.6,3,0.7706956245741554,0.6,3
COVER__test__5950.pgm,5950.pgm,COVER,0,UNKNOWN_OR_COVER,UNKNOWN,,HUGO,S-UNIWARD,MiPOD,HILL,WOW,,,0,0,0.8009199001378404,0.7683378138160302,0.032582086321810255,0.45712502027169943,0.2,1,0.7683378138160302,0.2,1,0.54951635651998,0.2,1,0.8009199001378404,0.4,2,0.6194736913369876,0.4,2
COVER__test__5955.pgm,5955.pgm,COVER,0,UNKNOWN_OR_COVER,UNKNOWN,,HUGO,S-UNIWARD,MiPOD,HILL,WOW,,,0,0,0.8624161768204075,0.8286602847531848,0.03375589206722274,0.5250868403838972,0.2,1,0.8286602847531848,0.2,1,0.615885357421993,0.2,1,0.8624161768204075,0.2,1,0.6885851147187781,0.2,1
COVER__test__5959.pgm,5959.pgm,COVER,0,UNKNOWN_OR_COVER,UNKNOWN,,HUGO,S-UNIWARD,MiPOD,HILL,WOW,,,0,0,0.7892461760152407,0.7589619842184776,0.030284191796763116,0.45077039217385967,0.2,1,0.7589619842184776,0.2,1,0.5452201639426323,0.4,2,0.7892461760152407,0.4,2,0.6159368541199262,0.4,2
COVER__test__5961.pgm,5961.pgm,COVER,0,UNKNOWN_OR_COVER,UNKNOWN,,HUGO,S-UNIWARD,MiPOD,HILL,WOW,,,0,0,0.802085141907298,0.7750891117799263,0.026996030127371617,0.4643240349677279,0.2,1,0.7750891117799263,0.2,1,0.5581526541054324,0.4,2,0.802085141907298,0.4,2,0.6288869725798089,0.4,2
COVER__test__5964.pgm,5964.pgm,COVER,0,UNKNOWN_OR_COVER,UNKNOWN,,HUGO,S-UNIWARD,MiPOD,HILL,WOW,,,0,0,0.719718575732403,0.6759173796620515,0.0438011960703516,0.3800434142127845,0.0,0,0.6759173796620515,0.0,0,0.46045462532812237,0.2,1,0.719718575732403,0.2,1,0.5314264975108716,0.2,1
COVER__test__5975.pgm,5975.pgm,COVER,0,MULTI_CANDIDATE,WOW,S-UNIWARD,WOW,S-UNIWARD,HILL,HUGO,MiPOD,,"WOW,S-UNIWARD,HILL,HUGO,MiPOD",5,0,1.0,1.0,0.0,1.0,1.0,5,1.0,1.0,5,1.0,1.0,5,1.0,1.0,5,1.0,1.0,5
COVER__test__5984.pgm,5984.pgm,COVER,0,MULTI_CANDIDATE,S-UNIWARD,HILL,S-UNIWARD,HILL,HUGO,MiPOD,WOW,,"S-UNIWARD,HILL,HUGO,MiPOD",4,0,1.0,1.0,0.0,0.8527110764097576,0.8,4,1.0,1.0,5,1.0,1.0,5,1.0,1.0,5,1.0,1.0,5
COVER__test__5988.pgm,5988.pgm,COVER,0,MULTI_CANDIDATE,HUGO,S-UNIWARD,HUGO,S-UNIWARD,MiPOD,HILL,WOW,,"HUGO,S-UNIWARD",2,0,0.9564809065571861,0.9379404738428923,0.018540432714293842,0.6479161450526968,0.4,2,0.9379404738428923,0.6,3,0.7151464534610957,0.4,2,0.9564809065571861,0.6,3,0.8356126664414228,0.4,2
COVER__test__5990.pgm,5990.pgm,COVER,0,UNKNOWN_OR_COVER,UNKNOWN,,HUGO,S-UNIWARD,MiPOD,HILL,WOW,,,0,0,0.8654064672841907,0.8343359539456536,0.031070513338537054,0.5263403742288195,0.2,1,0.8343359539456536,0.2,1,0.6208320770071201,0.4,2,0.8654064672841907,0.4,2,0.6927353527300208,0.4,2
COVER__test__5993.pgm,5993.pgm,COVER,0,UNKNOWN_OR_COVER,UNKNOWN,,HUGO,S-UNIWARD,MiPOD,HILL,WOW,,,0,0,0.7982349415818561,0.7840628395117446,0.014172102070111547,0.5743433944264237,0.4,2,0.7840628395117446,0.4,2,0.6131872898487749,0.4,2,0.7982349415818561,0.6,3,0.6926250221420661,0.6,3
COVER__test__5997.pgm,5997.pgm,COVER,0,UNKNOWN_OR_COVER,UNKNOWN,,HUGO,S-UNIWARD,MiPOD,HILL,WOW,,,0,0,0.8972184668789245,0.8633934288752536,0.03382503800367087,0.5583596308785361,0.2,1,0.8633934288752536,0.2,1,0.6507520758916249,0.2,1,0.8972184668789245,0.2,1,0.7231189330017334,0.2,1
COVER__test__6000.pgm,6000.pgm,COVER,0,MULTI_CANDIDATE,HUGO,S-UNIWARD,HUGO,S-UNIWARD,MiPOD,HILL,WOW,,"HUGO,S-UNIWARD",2,0,0.9569885132785995,0.9456394557806964,0.011349057497903048,0.6589855330225252,0.4,2,0.9456394557806964,0.8,4,0.7226617581694105,0.6,3,0.9569885132785995,0.8,4,0.8451579742765183,0.8,4
COVER__test__6003.pgm,6003.pgm,COVER,0,MULTI_CANDIDATE,WOW,S-UNIWARD,WOW,S-UNIWARD,HILL,HUGO,MiPOD,,"WOW,S-UNIWARD,HILL,HUGO,MiPOD",5,0,1.0,1.0,0.0,1.0,1.0,5,1.0,1.0,5,1.0,1.0,5,1.0,1.0,5,1.0,1.0,5
COVER__test__6008.pgm,6008.pgm,COVER,0,MULTI_CANDIDATE,HUGO,S-UNIWARD,HUGO,S-UNIWARD,MiPOD,HILL,WOW,,"HUGO,S-UNIWARD",2,0,0.9500602712288002,0.9338849021482767,0.016175369080523527,0.6270632874884048,0.4,2,0.9338849021482767,0.6,3,0.7072554592108542,0.4,2,0.9500602712288002,0.8,4,0.808453253930377,0.6,3
COVER__test__6009.pgm,6009.pgm,COVER,0,MULTI_CANDIDATE,HUGO,S-UNIWARD,HUGO,S-UNIWARD,MiPOD,HILL,WOW,,"HUGO,S-UNIWARD",2,0,0.9452745047116695,0.9347722795964714,0.01050222511519816,0.7295351616323977,0.6,3,0.9347722795964714,0.8,4,0.7701744101011215,0.6,3,0.9452745047116695,0.8,4,0.8417884226673407,0.8,4
COVER__test__6013.pgm,6013.pgm,COVER,0,MULTI_CANDIDATE,S-UNIWARD,HUGO,S-UNIWARD,HUGO,WOW,HILL,MiPOD,,"S-UNIWARD,HUGO,WOW",3,0,1.0,0.9945515646358698,0.0054484353641302,0.9357871373685714,0.8,4,1.0,1.0,5,0.8943703096183834,0.8,4,0.9945515646358698,0.8,4,0.8677582271126946,0.8,4
COVER__test__6014.pgm,6014.pgm,COVER,0,SINGLE_CANDIDATE,HUGO,,HUGO,S-UNIWARD,MiPOD,HILL,WOW,,HUGO,1,0,0.9397880306862681,0.88470064966641,0.055087381019858106,0.6008202561819538,0.4,2,0.88470064966641,0.2,1,0.6708693527415611,0.2,1,0.9397880306862681,0.4,2,0.7428123915048753,0.2,1
COVER__test__6016.pgm,6016.pgm,COVER,0,MULTI_CANDIDATE,WOW,S-UNIWARD,WOW,S-UNIWARD,HILL,HUGO,MiPOD,,"WOW,S-UNIWARD,HILL,HUGO,MiPOD",5,0,1.0,1.0,0.0,1.0,1.0,5,1.0,1.0,5,1.0,1.0,5,1.0,1.0,5,1.0,1.0,5
COVER__test__6021.pgm,6021.pgm,COVER,0,MULTI_CANDIDATE,HUGO,S-UNIWARD,HUGO,S-UNIWARD,MiPOD,HILL,WOW,,"HUGO,S-UNIWARD",2,0,0.9997852477870248,0.9769939752593515,0.022791272527673323,0.7181920655688889,0.6,3,0.9769939752593515,0.6,3,0.8049241128581572,0.4,2,0.9997852477870248,0.8,4,0.8503392648192929,0.4,2
COVER__test__6024.pgm,6024.pgm,COVER,0,MULTI_CANDIDATE,HUGO,S-UNIWARD,HUGO,S-UNIWARD,MiPOD,HILL,WOW,,"HUGO,S-UNIWARD",2,0,0.9630170827902,0.9345573821574504,0.028459700632749607,0.6536802650470179,0.4,2,0.9345573821574504,0.6,3,0.7034266492324663,0.6,3,0.9630170827902,0.6,3,0.7750238161291121,0.6,3
COVER__test__6029.pgm,6029.pgm,COVER,0,MULTI_CANDIDATE,WOW,S-UNIWARD,WOW,S-UNIWARD,HILL,HUGO,MiPOD,,"WOW,S-UNIWARD,HILL,HUGO,MiPOD",5,0,1.0,1.0,0.0,1.0,1.0,5,1.0,1.0,5,1.0,1.0,5,1.0,1.0,5,1.0,1.0,5
COVER__test__6036.pgm,6036.pgm,COVER,0,MULTI_CANDIDATE,HUGO,S-UNIWARD,HUGO,S-UNIWARD,MiPOD,HILL,WOW,,"HUGO,S-UNIWARD",2,0,1.0,0.9965822711733411,0.0034177288266589168,0.6701843701904279,0.4,2,0.9965822711733411,0.8,4,0.7403856745606598,0.6,3,1.0,1.0,5,0.8108671458915285,0.6,3
COVER__test__6053.pgm,6053.pgm,COVER,0,MULTI_CANDIDATE,HUGO,S-UNIWARD,HUGO,S-UNIWARD,MiPOD,HILL,WOW,,"HUGO,S-UNIWARD",2,0,0.943963366015715,0.9275788806528412,0.016384485362873735,0.6113095948444238,0.4,2,0.9275788806528412,0.6,3,0.6984869916494216,0.4,2,0.943963366015715,0.8,4,0.7869324332124773,0.4,2
COVER__test__6061.pgm,6061.pgm,COVER,0,MULTI_CANDIDATE,HUGO,S-UNIWARD,HUGO,S-UNIWARD,MiPOD,HILL,WOW,,"HUGO,S-UNIWARD",2,0,0.9365801494680299,0.902886453405778,0.03369369606225192,0.5985396247806252,0.4,2,0.902886453405778,0.4,2,0.6911436663238042,0.4,2,0.9365801494680299,0.4,2,0.7638305300021633,0.4,2
COVER__test__6067.pgm,6067.pgm,COVER,0,MULTI_CANDIDATE,HUGO,S-UNIWARD,HUGO,S-UNIWARD,MiPOD,HILL,WOW,,"HUGO,S-UNIWARD",2,0,0.9319117406020494,0.9057998867113918,0.02611185389065762,0.5988706866319371,0.4,2,0.9057998867113918,0.6,3,0.692844637993441,0.6,3,0.9319117406020494,0.6,3,0.7629172822646577,0.6,3
COVER__test__607.pgm,607.pgm,COVER,0,MULTI_CANDIDATE,WOW,S-UNIWARD,WOW,S-UNIWARD,HILL,HUGO,MiPOD,,"WOW,S-UNIWARD,HILL,HUGO,MiPOD",5,0,1.0,1.0,0.0,1.0,1.0,5,1.0,1.0,5,1.0,1.0,5,1.0,1.0,5,1.0,1.0,5
COVER__test__6087.pgm,6087.pgm,COVER,0,UNKNOWN_OR_COVER,UNKNOWN,,HUGO,S-UNIWARD,MiPOD,HILL,WOW,,,0,0,0.7831899569618859,0.7413278449829237,0.04186211197896217,0.44528229208091774,0.0,0,0.7413278449829237,0.2,1,0.5233640693218818,0.2,1,0.7831899569618859,0.2,1,0.5943908236017013,0.2,1
COVER__test__6088.pgm,6088.pgm,COVER,0,MULTI_CANDIDATE,HUGO,S-UNIWARD,HUGO,S-UNIWARD,MiPOD,HILL,WOW,,"HUGO,S-UNIWARD",2,0,0.9379272932471127,0.9149646766691003,0.02296261657801235,0.5862498738978921,0.2,1,0.9149646766691003,0.4,2,0.6692291260238183,0.4,2,0.9379272932471127,0.6,3,0.7444482267951532,0.4,2
COVER__test__6093.pgm,6093.pgm,COVER,0,MULTI_CANDIDATE,HUGO,S-UNIWARD,HUGO,S-UNIWARD,MiPOD,HILL,WOW,,"HUGO,S-UNIWARD",2,0,0.9533044427399998,0.925535473638892,0.02776896910110782,0.6087280314525281,0.4,2,0.925535473638892,0.6,3,0.6993191083354999,0.6,3,0.9533044427399998,0.6,3,0.7725936559749486,0.6,3
COVER__test__6095.pgm,6095.pgm,COVER,0,MULTI_CANDIDATE,HUGO,S-UNIWARD,HUGO,S-UNIWARD,MiPOD,WOW,HILL,,"HUGO,S-UNIWARD",2,0,0.958728988049435,0.9574939299331786,0.001235058116256349,0.7453601787095675,0.2,1,0.9574939299331786,0.6,3,0.7173895910170437,0.4,2,0.958728988049435,0.8,4,0.8203594170052775,0.6,3
COVER__test__6117.pgm,6117.pgm,COVER,0,MULTI_CANDIDATE,HUGO,S-UNIWARD,HUGO,S-UNIWARD,MiPOD,HILL,WOW,,"HUGO,S-UNIWARD",2,0,1.0,0.9840717637338189,0.015928236266181117,0.674002644030608,0.4,2,0.9840717637338189,0.6,3,0.7442152121294231,0.4,2,1.0,1.0,5,0.810110659042493,0.6,3
COVER__test__6128.pgm,6128.pgm,COVER,0,MULTI_CANDIDATE,HUGO,S-UNIWARD,HUGO,S-UNIWARD,MiPOD,HILL,WOW,,"HUGO,S-UNIWARD,MiPOD",3,0,0.9581661815034115,0.934144768421886,0.0240214130815255,0.7057223751203967,0.4,2,0.934144768421886,0.6,3,0.7892821576642115,0.4,2,0.9581661815034115,0.6,3,0.9147440481870015,0.4,2
COVER__test__6144.pgm,6144.pgm,COVER,0,MULTI_CANDIDATE,S-UNIWARD,HILL,S-UNIWARD,HILL,HUGO,MiPOD,WOW,,"S-UNIWARD,HILL,HUGO,MiPOD,WOW",5,0,1.0,1.0,0.0,0.9921466916706063,0.8,4,1.0,1.0,5,1.0,1.0,5,1.0,1.0,5,1.0,1.0,5
COVER__test__615.pgm,615.pgm,COVER,0,MULTI_CANDIDATE,S-UNIWARD,HILL,S-UNIWARD,HILL,HUGO,MiPOD,WOW,,"S-UNIWARD,HILL,HUGO,MiPOD",4,0,1.0,1.0,0.0,0.8442880083140001,0.8,4,1.0,1.0,5,1.0,1.0,5,1.0,1.0,5,1.0,1.0,5
COVER__test__6153.pgm,6153.pgm,COVER,0,MULTI_CANDIDATE,HUGO,S-UNIWARD,HUGO,S-UNIWARD,MiPOD,HILL,WOW,,"HUGO,S-UNIWARD",2,0,0.9992924598982299,0.9921357144415428,0.007156745456687097,0.7383572000148317,0.6,3,0.9921357144415428,0.8,4,0.7865101829920641,0.4,2,0.9992924598982299,0.8,4,0.8629475914418212,0.4,2
COVER__test__6156.pgm,6156.pgm,COVER,0,MULTI_CANDIDATE,WOW,S-UNIWARD,WOW,S-UNIWARD,HILL,HUGO,MiPOD,,"WOW,S-UNIWARD,HILL,HUGO,MiPOD",5,0,1.0,1.0,0.0,1.0,1.0,5,1.0,1.0,5,1.0,1.0,5,1.0,1.0,5,1.0,1.0,5
COVER__test__6158.pgm,6158.pgm,COVER,0,MULTI_CANDIDATE,HUGO,HILL,HUGO,HILL,S-UNIWARD,MiPOD,WOW,,"HUGO,HILL,S-UNIWARD,MiPOD",4,0,1.0,0.9982811707259815,0.0017188292740184519,0.838305089672207,0.8,4,0.9935300478868466,0.8,4,0.9982811707259815,0.8,4,1.0,1.0,5,0.9449468299260169,0.6,3
COVER__test__6160.pgm,6160.pgm,COVER,0,MULTI_CANDIDATE,WOW,S-UNIWARD,WOW,S-UNIWARD,HILL,HUGO,MiPOD,,"WOW,S-UNIWARD,HILL,HUGO,MiPOD",5,0,1.0,1.0,0.0,1.0,1.0,5,1.0,1.0,5,1.0,1.0,5,1.0,1.0,5,1.0,1.0,5
COVER__test__6174.pgm,6174.pgm,COVER,0,MULTI_CANDIDATE,HUGO,S-UNIWARD,HUGO,S-UNIWARD,MiPOD,HILL,WOW,,"HUGO,S-UNIWARD",2,0,0.9591576432128492,0.9354764874080199,0.023681155804829324,0.6133629149411212,0.4,2,0.9354764874080199,0.4,2,0.7021606688768135,0.6,3,0.9591576432128492,0.8,4,0.7788777487957191,0.6,3
COVER__test__6175.pgm,6175.pgm,COVER,0,MULTI_CANDIDATE,HUGO,MiPOD,HUGO,MiPOD,S-UNIWARD,HILL,WOW,,"HUGO,MiPOD,S-UNIWARD",3,0,1.0,1.0,0.0,0.7879665818940225,0.6,3,0.9972941958222279,0.8,4,0.8695987748048335,0.8,4,1.0,1.0,5,1.0,1.0,5
COVER__test__6176.pgm,6176.pgm,COVER,0,MULTI_CANDIDATE,S-UNIWARD,WOW,S-UNIWARD,WOW,MiPOD,HUGO,HILL,,"S-UNIWARD,WOW,MiPOD",3,0,0.9750326913100551,0.9426524917869342,0.03238019952312088,0.9426524917869342,0.8,4,0.9750326913100551,0.8,4,0.8066700334044686,0.6,3,0.8739271278473586,0.8,4,0.906991557590937,0.8,4
COVER__test__6183.pgm,6183.pgm,COVER,0,UNKNOWN_OR_COVER,UNKNOWN,,HUGO,S-UNIWARD,HILL,MiPOD,WOW,,,0,0,0.7930394668349013,0.7779219049040911,0.015117561930810264,0.6336187641981894,0.4,2,0.7779219049040911,0.6,3,0.7779219049040911,0.6,3,0.7930394668349013,0.6,3,0.7779219049040911,0.6,3
COVER__test__6185.pgm,6185.pgm,COVER,0,MULTI_CANDIDATE,S-UNIWARD,HILL,S-UNIWARD,HILL,HUGO,MiPOD,WOW,,"S-UNIWARD,HILL,HUGO,MiPOD",4,0,1.0,1.0,0.0,0.8462438043043148,0.8,4,1.0,1.0,5,1.0,1.0,5,1.0,1.0,5,0.9499015730529676,0.8,4
COVER__test__6186.pgm,6186.pgm,COVER,0,MULTI_CANDIDATE,HUGO,S-UNIWARD,HUGO,S-UNIWARD,MiPOD,HILL,WOW,,"HUGO,S-UNIWARD",2,0,1.0,0.9836384787147303,0.016361521285269687,0.6489446065432858,0.4,2,0.9836384787147303,0.6,3,0.7264158787792269,0.4,2,1.0,1.0,5,0.7976271242088698,0.4,2
COVER__test__6188.pgm,6188.pgm,COVER,0,MULTI_CANDIDATE,HUGO,S-UNIWARD,HUGO,S-UNIWARD,MiPOD,HILL,WOW,,"HUGO,S-UNIWARD",2,0,0.9641099474313896,0.9458037767131147,0.018306170718274895,0.6272189350627848,0.4,2,0.9458037767131147,0.6,3,0.7081323436681297,0.4,2,0.9641099474313896,0.8,4,0.7993568039031343,0.4,2
COVER__test__6193.pgm,6193.pgm,COVER,0,MULTI_CANDIDATE,S-UNIWARD,HUGO,S-UNIWARD,HUGO,MiPOD,HILL,WOW,,"S-UNIWARD,HUGO,MiPOD",3,0,1.0,1.0,0.0,0.8644479223970134,0.6,3,1.0,1.0,5,0.8835840938653359,0.8,4,1.0,1.0,5,1.0,1.0,5
COVER__test__6211.pgm,6211.pgm,COVER,0,MULTI_CANDIDATE,HUGO,S-UNIWARD,HUGO,S-UNIWARD,MiPOD,HILL,WOW,,"HUGO,S-UNIWARD",2,0,0.9451916754268268,0.9117619029923286,0.033429772434498184,0.6031974226720112,0.4,2,0.9117619029923286,0.4,2,0.6954945601644147,0.4,2,0.9451916754268268,0.6,3,0.7681529120820261,0.4,2
COVER__test__6212.pgm,6212.pgm,COVER,0,MULTI_CANDIDATE,HUGO,S-UNIWARD,HUGO,S-UNIWARD,MiPOD,HILL,WOW,,"HUGO,S-UNIWARD",2,0,0.9380854625426818,0.9070244384779447,0.031061024064737097,0.5999429280933313,0.4,2,0.9070244384779447,0.4,2,0.6947719062927636,0.6,3,0.9380854625426818,0.6,3,0.7656109635042865,0.6,3
COVER__test__622.pgm,622.pgm,COVER,0,UNKNOWN_OR_COVER,UNKNOWN,,HUGO,S-UNIWARD,MiPOD,HILL,WOW,,,0,0,0.7261357884128332,0.6926504199659732,0.03348536844686001,0.38701030699730465,0.0,0,0.6926504199659732,0.0,0,0.480003531901679,0.0,0,0.7261357884128332,0.2,1,0.5513361771322642,0.0,0
COVER__test__6221.pgm,6221.pgm,COVER,0,UNKNOWN_OR_COVER,UNKNOWN,,HUGO,S-UNIWARD,WOW,HILL,MiPOD,,,0,0,0.8389243837481078,0.8199477476794707,0.018976636068637198,0.7881094237043227,0.4,2,0.8199477476794707,0.4,2,0.743809989739032,0.4,2,0.8389243837481078,0.2,1,0.7274905166746213,0.4,2
COVER__test__623.pgm,623.pgm,COVER,0,MULTI_CANDIDATE,WOW,S-UNIWARD,WOW,S-UNIWARD,HILL,HUGO,MiPOD,,"WOW,S-UNIWARD,HILL,HUGO,MiPOD",5,0,1.0,1.0,0.0,1.0,1.0,5,1.0,1.0,5,1.0,1.0,5,1.0,1.0,5,1.0,1.0,5
COVER__test__6236.pgm,6236.pgm,COVER,0,MULTI_CANDIDATE,S-UNIWARD,HILL,S-UNIWARD,HILL,HUGO,MiPOD,WOW,,"S-UNIWARD,HILL,HUGO,MiPOD,WOW",5,0,1.0,1.0,0.0,0.9903973801863547,0.8,4,1.0,1.0,5,1.0,1.0,5,1.0,1.0,5,1.0,1.0,5
COVER__test__6274.pgm,6274.pgm,COVER,0,MULTI_CANDIDATE,WOW,S-UNIWARD,WOW,S-UNIWARD,HILL,MiPOD,HUGO,,"WOW,S-UNIWARD,HILL,MiPOD,HUGO",5,0,1.0,1.0,0.0,1.0,1.0,5,1.0,1.0,5,1.0,1.0,5,0.9988691378757867,0.8,4,1.0,1.0,5
COVER__test__6280.pgm,6280.pgm,COVER,0,MULTI_CANDIDATE,WOW,S-UNIWARD,WOW,S-UNIWARD,HILL,HUGO,MiPOD,,"WOW,S-UNIWARD,HILL,HUGO,MiPOD",5,0,1.0,1.0,0.0,1.0,1.0,5,1.0,1.0,5,1.0,1.0,5,1.0,1.0,5,1.0,1.0,5
COVER__test__6284.pgm,6284.pgm,COVER,0,MULTI_CANDIDATE,S-UNIWARD,HILL,S-UNIWARD,HILL,HUGO,MiPOD,WOW,,"S-UNIWARD,HILL,HUGO,MiPOD,WOW",5,0,1.0,1.0,0.0,0.9766408263175217,0.8,4,1.0,1.0,5,1.0,1.0,5,1.0,1.0,5,1.0,1.0,5
COVER__test__6287.pgm,6287.pgm,COVER,0,MULTI_CANDIDATE,WOW,S-UNIWARD,WOW,S-UNIWARD,HILL,HUGO,MiPOD,,"WOW,S-UNIWARD,HILL,HUGO,MiPOD",5,0,1.0,1.0,0.0,1.0,1.0,5,1.0,1.0,5,1.0,1.0,5,1.0,1.0,5,1.0,1.0,5
COVER__test__6291.pgm,6291.pgm,COVER,0,MULTI_CANDIDATE,WOW,S-UNIWARD,WOW,S-UNIWARD,HILL,HUGO,MiPOD,,"WOW,S-UNIWARD,HILL,HUGO,MiPOD",5,0,1.0,1.0,0.0,1.0,1.0,5,1.0,1.0,5,1.0,1.0,5,1.0,1.0,5,1.0,1.0,5
COVER__test__6319.pgm,6319.pgm,COVER,0,MULTI_CANDIDATE,WOW,S-UNIWARD,WOW,S-UNIWARD,HILL,HUGO,MiPOD,,"WOW,S-UNIWARD,HILL,HUGO,MiPOD",5,0,1.0,1.0,0.0,1.0,1.0,5,1.0,1.0,5,1.0,1.0,5,1.0,1.0,5,1.0,1.0,5
COVER__test__6330.pgm,6330.pgm,COVER,0,MULTI_CANDIDATE,WOW,S-UNIWARD,WOW,S-UNIWARD,HILL,HUGO,MiPOD,,"WOW,S-UNIWARD,HILL,HUGO,MiPOD",5,0,1.0,1.0,0.0,1.0,1.0,5,1.0,1.0,5,1.0,1.0,5,1.0,1.0,5,1.0,1.0,5
COVER__test__6332.pgm,6332.pgm,COVER,0,MULTI_CANDIDATE,HUGO,S-UNIWARD,HUGO,S-UNIWARD,WOW,HILL,MiPOD,,"HUGO,S-UNIWARD",2,0,0.9439525373457535,0.933545880265011,0.01040665708074251,0.882981732541983,0.8,4,0.933545880265011,0.8,4,0.8576712341420147,0.8,4,0.9439525373457535,0.8,4,0.8414081568309575,0.8,4
COVER__test__6333.pgm,6333.pgm,COVER,0,MULTI_CANDIDATE,WOW,S-UNIWARD,WOW,S-UNIWARD,HILL,HUGO,MiPOD,,"WOW,S-UNIWARD,HILL,HUGO,MiPOD",5,0,1.0,1.0,0.0,1.0,1.0,5,1.0,1.0,5,1.0,1.0,5,1.0,1.0,5,1.0,1.0,5
COVER__test__6335.pgm,6335.pgm,COVER,0,MULTI_CANDIDATE,WOW,S-UNIWARD,WOW,S-UNIWARD,HILL,HUGO,MiPOD,,"WOW,S-UNIWARD,HILL,HUGO,MiPOD",5,0,1.0,1.0,0.0,1.0,1.0,5,1.0,1.0,5,1.0,1.0,5,1.0,1.0,5,1.0,1.0,5
COVER__test__6336.pgm,6336.pgm,COVER,0,MULTI_CANDIDATE,S-UNIWARD,HILL,S-UNIWARD,HILL,HUGO,MiPOD,WOW,,"S-UNIWARD,HILL,HUGO,MiPOD,WOW",5,0,1.0,1.0,0.0,0.9864341750417236,0.8,4,1.0,1.0,5,1.0,1.0,5,1.0,1.0,5,1.0,1.0,5
COVER__test__6339.pgm,6339.pgm,COVER,0,MULTI_CANDIDATE,WOW,S-UNIWARD,WOW,S-UNIWARD,HILL,HUGO,MiPOD,,"WOW,S-UNIWARD,HILL,HUGO,MiPOD",5,0,1.0,1.0,0.0,1.0,1.0,5,1.0,1.0,5,1.0,1.0,5,1.0,1.0,5,1.0,1.0,5
COVER__test__6344.pgm,6344.pgm,COVER,0,MULTI_CANDIDATE,WOW,S-UNIWARD,WOW,S-UNIWARD,HILL,HUGO,MiPOD,,"WOW,S-UNIWARD,HILL,HUGO,MiPOD",5,0,1.0,1.0,0.0,1.0,1.0,5,1.0,1.0,5,1.0,1.0,5,1.0,1.0,5,1.0,1.0,5
COVER__test__6346.pgm,6346.pgm,COVER,0,MULTI_CANDIDATE,S-UNIWARD,HILL,S-UNIWARD,HILL,HUGO,MiPOD,WOW,,"S-UNIWARD,HILL,HUGO,MiPOD,WOW",5,0,1.0,1.0,0.0,0.9693636437923818,0.8,4,1.0,1.0,5,1.0,1.0,5,1.0,1.0,5,1.0,1.0,5
COVER__test__6350.pgm,6350.pgm,COVER,0,MULTI_CANDIDATE,S-UNIWARD,HILL,S-UNIWARD,HILL,HUGO,MiPOD,WOW,,"S-UNIWARD,HILL,HUGO,MiPOD,WOW",5,0,1.0,1.0,0.0,0.9604670113326575,0.8,4,1.0,1.0,5,1.0,1.0,5,1.0,1.0,5,1.0,1.0,5
COVER__test__6364.pgm,6364.pgm,COVER,0,MULTI_CANDIDATE,HUGO,S-UNIWARD,HUGO,S-UNIWARD,MiPOD,HILL,WOW,,"HUGO,S-UNIWARD",2,0,0.9360898547178829,0.9028361698136992,0.03325368490418368,0.5980983700493436,0.4,2,0.9028361698136992,0.4,2,0.6916359224674329,0.4,2,0.9360898547178829,0.6,3,0.7645220046936752,0.4,2
COVER__test__6369.pgm,6369.pgm,COVER,0,MULTI_CANDIDATE,S-UNIWARD,HUGO,S-UNIWARD,HUGO,WOW,MiPOD,HILL,,"S-UNIWARD,HUGO",2,0,1.0,0.9027527783948675,0.09724722160513255,0.8365100703994344,0.6,3,1.0,1.0,5,0.7390453578984664,0.4,2,0.9027527783948675,0.8,4,0.7647996907422877,0.4,2
COVER__test__637.pgm,637.pgm,COVER,0,MULTI_CANDIDATE,WOW,S-UNIWARD,WOW,S-UNIWARD,HILL,MiPOD,HUGO,,"WOW,S-UNIWARD,HILL,MiPOD,HUGO",5,0,1.0,1.0,0.0,1.0,1.0,5,1.0,1.0,5,1.0,1.0,5,0.9497743053348289,0.8,4,1.0,1.0,5
COVER__test__6375.pgm,6375.pgm,COVER,0,MULTI_CANDIDATE,S-UNIWARD,HILL,S-UNIWARD,HILL,HUGO,MiPOD,WOW,,"S-UNIWARD,HILL,HUGO,MiPOD,WOW",5,0,1.0,1.0,0.0,0.9398964634721307,0.8,4,1.0,1.0,5,1.0,1.0,5,1.0,1.0,5,1.0,1.0,5
COVER__test__6378.pgm,6378.pgm,COVER,0,MULTI_CANDIDATE,S-UNIWARD,HUGO,S-UNIWARD,HUGO,MiPOD,HILL,WOW,,"S-UNIWARD,HUGO,MiPOD,HILL",4,0,1.0,1.0,0.0,0.8578120582299199,0.8,4,1.0,1.0,5,0.990178501990601,0.8,4,1.0,1.0,5,1.0,1.0,5
COVER__test__6391.pgm,6391.pgm,COVER,0,MULTI_CANDIDATE,WOW,S-UNIWARD,WOW,S-UNIWARD,HILL,HUGO,MiPOD,,"WOW,S-UNIWARD,HILL,HUGO,MiPOD",5,0,1.0,1.0,0.0,1.0,1.0,5,1.0,1.0,5,1.0,1.0,5,1.0,1.0,5,1.0,1.0,5
COVER__test__6393.pgm,6393.pgm,COVER,0,MULTI_CANDIDATE,WOW,S-UNIWARD,WOW,S-UNIWARD,HILL,HUGO,MiPOD,,"WOW,S-UNIWARD,HILL,HUGO,MiPOD",5,0,1.0,1.0,0.0,1.0,1.0,5,1.0,1.0,5,1.0,1.0,5,1.0,1.0,5,1.0,1.0,5
COVER__test__6414.pgm,6414.pgm,COVER,0,MULTI_CANDIDATE,WOW,S-UNIWARD,WOW,S-UNIWARD,HILL,MiPOD,HUGO,,"WOW,S-UNIWARD,HILL,MiPOD,HUGO",5,0,1.0,1.0,0.0,1.0,1.0,5,1.0,1.0,5,1.0,1.0,5,0.9934868980254411,0.8,4,1.0,1.0,5
COVER__test__6418.pgm,6418.pgm,COVER,0,MULTI_CANDIDATE,HUGO,S-UNIWARD,HUGO,S-UNIWARD,MiPOD,HILL,WOW,,"HUGO,S-UNIWARD",2,0,0.9441705030040917,0.9337480886890305,0.01042241431506119,0.723317241038339,0.6,3,0.9337480886890305,0.8,4,0.7589857535274663,0.6,3,0.9441705030040917,0.8,4,0.8414708549697373,0.8,4
COVER__test__6432.pgm,6432.pgm,COVER,0,MULTI_CANDIDATE,HUGO,S-UNIWARD,HUGO,S-UNIWARD,HILL,MiPOD,WOW,,"HUGO,S-UNIWARD",2,0,0.9924441662998597,0.9780945656123361,0.014349600687523556,0.7504339388138358,0.6,3,0.9780945656123361,0.6,3,0.8770982768249999,0.8,4,0.9924441662998597,0.8,4,0.8553568444591402,0.8,4
COVER__test__6435.pgm,6435.pgm,COVER,0,MULTI_CANDIDATE,WOW,S-UNIWARD,WOW,S-UNIWARD,HILL,HUGO,MiPOD,,"WOW,S-UNIWARD,HILL,HUGO,MiPOD",5,0,1.0,1.0,0.0,1.0,1.0,5,1.0,1.0,5,1.0,1.0,5,1.0,1.0,5,1.0,1.0,5
COVER__test__6437.pgm,6437.pgm,COVER,0,MULTI_CANDIDATE,S-UNIWARD,HILL,S-UNIWARD,HILL,HUGO,MiPOD,WOW,,"S-UNIWARD,HILL,HUGO,MiPOD,WOW",5,0,1.0,1.0,0.0,0.9776127969870505,0.8,4,1.0,1.0,5,1.0,1.0,5,1.0,1.0,5,1.0,1.0,5
COVER__test__644.pgm,644.pgm,COVER,0,MULTI_CANDIDATE,HUGO,S-UNIWARD,HUGO,S-UNIWARD,MiPOD,HILL,WOW,,"HUGO,S-UNIWARD",2,0,0.9602422917332103,0.9267633487429299,0.033478942990280425,0.6124333736705798,0.4,2,0.9267633487429299,0.4,2,0.6978733753808442,0.4,2,0.9602422917332103,0.6,3,0.7736490251528436,0.4,2
COVER__test__6442.pgm,6442.pgm,COVER,0,MULTI_CANDIDATE,WOW,S-UNIWARD,WOW,S-UNIWARD,HILL,HUGO,MiPOD,,"WOW,S-UNIWARD,HILL,HUGO,MiPOD",5,0,1.0,1.0,0.0,1.0,1.0,5,1.0,1.0,5,1.0,1.0,5,1.0,1.0,5,1.0,1.0,5
COVER__test__6447.pgm,6447.pgm,COVER,0,MULTI_CANDIDATE,HUGO,S-UNIWARD,HUGO,S-UNIWARD,MiPOD,HILL,WOW,,"HUGO,S-UNIWARD",2,0,0.9594649237255869,0.9420818294762178,0.017383094249369124,0.6681564985714188,0.4,2,0.9420818294762178,0.6,3,0.7272031347435763,0.4,2,0.9594649237255869,0.8,4,0.8458480312179832,0.6,3
COVER__test__6454.pgm,6454.pgm,COVER,0,MULTI_CANDIDATE,HUGO,S-UNIWARD,HUGO,S-UNIWARD,MiPOD,HILL,WOW,,"HUGO,S-UNIWARD",2,0,0.9662496700483804,0.9376562575545554,0.028593412493824966,0.6177808727463454,0.4,2,0.9376562575545554,0.4,2,0.7019913327383287,0.4,2,0.9662496700483804,0.6,3,0.7798695260995232,0.4,2
COVER__test__6457.pgm,6457.pgm,COVER,0,MULTI_CANDIDATE,MiPOD,HILL,MiPOD,HILL,HUGO,S-UNIWARD,WOW,,"MiPOD,HILL,HUGO,S-UNIWARD",4,0,0.9978345624918463,0.9967794864211272,0.0010550760707190854,0.8380149857165657,0.8,4,0.9920643462553438,0.8,4,0.9967794864211272,0.8,4,0.9951864257159029,0.6,3,0.9978345624918463,0.8,4
COVER__test__6461.pgm,6461.pgm,COVER,0,MULTI_CANDIDATE,S-UNIWARD,HUGO,S-UNIWARD,HUGO,MiPOD,HILL,WOW,,"S-UNIWARD,HUGO",2,0,1.0,1.0,0.0,0.6654844154982535,0.4,2,1.0,1.0,5,0.7358109586346523,0.6,3,1.0,1.0,5,0.8170556694954714,0.6,3
COVER__test__6462.pgm,6462.pgm,COVER,0,UNKNOWN_OR_COVER,UNKNOWN,,HUGO,S-UNIWARD,MiPOD,HILL,WOW,,,0,0,0.7950940455305953,0.7624208114744204,0.03267323405617484,0.4576939038214854,0.0,0,0.7624208114744204,0.2,1,0.5268292164300353,0.2,1,0.7950940455305953,0.4,2,0.6128373127524867,0.2,1
COVER__test__6469.pgm,6469.pgm,COVER,0,MULTI_CANDIDATE,HUGO,S-UNIWARD,HUGO,S-UNIWARD,MiPOD,WOW,HILL,,"HUGO,S-UNIWARD,MiPOD",3,0,0.9846419653864233,0.969209816545208,0.015432148841215354,0.8737628499087556,0.8,4,0.969209816545208,0.8,4,0.8344743889454455,0.8,4,0.9846419653864233,0.8,4,0.9194961583061676,0.8,4
COVER__test__6476.pgm,6476.pgm,COVER,0,MULTI_CANDIDATE,WOW,S-UNIWARD,WOW,S-UNIWARD,HILL,HUGO,MiPOD,,"WOW,S-UNIWARD,HILL,HUGO,MiPOD",5,0,1.0,1.0,0.0,1.0,1.0,5,1.0,1.0,5,1.0,1.0,5,1.0,1.0,5,1.0,1.0,5
COVER__test__6493.pgm,6493.pgm,COVER,0,MULTI_CANDIDATE,WOW,S-UNIWARD,WOW,S-UNIWARD,HILL,HUGO,MiPOD,,"WOW,S-UNIWARD,HILL,HUGO,MiPOD",5,0,1.0,1.0,0.0,1.0,1.0,5,1.0,1.0,5,1.0,1.0,5,1.0,1.0,5,1.0,1.0,5
COVER__test__6496.pgm,6496.pgm,COVER,0,SINGLE_CANDIDATE,HUGO,,HUGO,S-UNIWARD,MiPOD,HILL,WOW,,HUGO,1,0,0.9288300430314921,0.8968449009377141,0.03198514209377801,0.5952127311225355,0.4,2,0.8968449009377141,0.4,2,0.690823675230399,0.4,2,0.9288300430314921,0.6,3,0.7607525131356005,0.4,2
COVER__test__6504.pgm,6504.pgm,COVER,0,MULTI_CANDIDATE,HUGO,S-UNIWARD,HUGO,S-UNIWARD,MiPOD,HILL,WOW,,"HUGO,S-UNIWARD",2,0,1.0,0.9886044240058658,0.01139557599413421,0.6526172725425703,0.4,2,0.9886044240058658,0.6,3,0.726288560597687,0.6,3,1.0,1.0,5,0.8136593892375368,0.6,3
COVER__test__6511.pgm,6511.pgm,COVER,0,UNKNOWN_OR_COVER,UNKNOWN,,S-UNIWARD,HILL,HUGO,MiPOD,WOW,,,0,0,0.8793477969917639,0.8793477969917639,0.0,0.8693972306365815,0.6,3,0.8793477969917639,0.8,4,0.8793477969917639,0.8,4,0.8793477969917639,0.8,4,0.8793477969917639,0.8,4
COVER__test__6517.pgm,6517.pgm,COVER,0,MULTI_CANDIDATE,WOW,S-UNIWARD,WOW,S-UNIWARD,HILL,HUGO,MiPOD,,"WOW,S-UNIWARD,HILL,HUGO,MiPOD",5,0,1.0,1.0,0.0,1.0,1.0,5,1.0,1.0,5,1.0,1.0,5,1.0,1.0,5,1.0,1.0,5
COVER__test__6525.pgm,6525.pgm,COVER,0,MULTI_CANDIDATE,WOW,S-UNIWARD,WOW,S-UNIWARD,HILL,HUGO,MiPOD,,"WOW,S-UNIWARD,HILL,HUGO,MiPOD",5,0,1.0,1.0,0.0,1.0,1.0,5,1.0,1.0,5,1.0,1.0,5,1.0,1.0,5,1.0,1.0,5
COVER__test__6532.pgm,6532.pgm,COVER,0,MULTI_CANDIDATE,WOW,S-UNIWARD,WOW,S-UNIWARD,HILL,MiPOD,HUGO,,"WOW,S-UNIWARD,HILL,MiPOD,HUGO",5,0,1.0,1.0,0.0,1.0,1.0,5,1.0,1.0,5,1.0,1.0,5,0.9708571827753371,0.8,4,1.0,1.0,5
COVER__test__6545.pgm,6545.pgm,COVER,0,MULTI_CANDIDATE,S-UNIWARD,HILL,S-UNIWARD,HILL,HUGO,MiPOD,WOW,,"S-UNIWARD,HILL,HUGO,MiPOD",4,0,1.0,1.0,0.0,0.883519819401401,0.8,4,1.0,1.0,5,1.0,1.0,5,1.0,1.0,5,1.0,1.0,5
COVER__test__6552.pgm,6552.pgm,COVER,0,MULTI_CANDIDATE,WOW,S-UNIWARD,WOW,S-UNIWARD,HILL,HUGO,MiPOD,,"WOW,S-UNIWARD,HILL,HUGO,MiPOD",5,0,1.0,1.0,0.0,1.0,1.0,5,1.0,1.0,5,1.0,1.0,5,1.0,1.0,5,1.0,1.0,5
COVER__test__6553.pgm,6553.pgm,COVER,0,MULTI_CANDIDATE,S-UNIWARD,HUGO,S-UNIWARD,HUGO,MiPOD,HILL,WOW,,"S-UNIWARD,HUGO,MiPOD,HILL",4,0,1.0,1.0,0.0,0.8853342939710911,0.8,4,1.0,1.0,5,0.9928622832451051,0.8,4,1.0,1.0,5,1.0,1.0,5
COVER__test__6560.pgm,6560.pgm,COVER,0,MULTI_CANDIDATE,S-UNIWARD,HUGO,S-UNIWARD,HUGO,MiPOD,HILL,WOW,,"S-UNIWARD,HUGO,MiPOD,HILL,WOW",5,0,1.0,1.0,0.0,0.9004668191418475,0.8,4,1.0,1.0,5,0.9847497931638177,0.8,4,1.0,1.0,5,1.0,1.0,5
COVER__test__658.pgm,658.pgm,COVER,0,MULTI_CANDIDATE,WOW,S-UNIWARD,WOW,S-UNIWARD,HILL,HUGO,MiPOD,,"WOW,S-UNIWARD,HILL,HUGO,MiPOD",5,0,1.0,1.0,0.0,1.0,1.0,5,1.0,1.0,5,1.0,1.0,5,1.0,1.0,5,1.0,1.0,5
COVER__test__6587.pgm,6587.pgm,COVER,0,MULTI_CANDIDATE,S-UNIWARD,HILL,S-UNIWARD,HILL,HUGO,MiPOD,WOW,,"S-UNIWARD,HILL,HUGO,MiPOD,WOW",5,0,1.0,1.0,0.0,0.9662938988776769,0.8,4,1.0,1.0,5,1.0,1.0,5,1.0,1.0,5,1.0,1.0,5
COVER__test__6589.pgm,6589.pgm,COVER,0,MULTI_CANDIDATE,WOW,S-UNIWARD,WOW,S-UNIWARD,HILL,HUGO,MiPOD,,"WOW,S-UNIWARD,HILL,HUGO,MiPOD",5,0,1.0,1.0,0.0,1.0,1.0,5,1.0,1.0,5,1.0,1.0,5,1.0,1.0,5,1.0,1.0,5
COVER__test__6593.pgm,6593.pgm,COVER,0,MULTI_CANDIDATE,HUGO,MiPOD,HUGO,MiPOD,S-UNIWARD,HILL,WOW,,"HUGO,MiPOD,S-UNIWARD,HILL",4,0,0.9768833274041274,0.9566066306171657,0.020276696786961756,0.8166513839379868,0.6,3,0.950871189004111,0.6,3,0.9401351910652647,0.4,2,0.9768833274041274,0.6,3,0.9566066306171657,0.6,3
COVER__test__660.pgm,660.pgm,COVER,0,MULTI_CANDIDATE,WOW,S-UNIWARD,WOW,S-UNIWARD,HILL,HUGO,MiPOD,,"WOW,S-UNIWARD,HILL,HUGO,MiPOD",5,0,1.0,1.0,0.0,1.0,1.0,5,1.0,1.0,5,1.0,1.0,5,1.0,1.0,5,1.0,1.0,5
COVER__test__6601.pgm,6601.pgm,COVER,0,MULTI_CANDIDATE,HUGO,S-UNIWARD,HUGO,S-UNIWARD,MiPOD,HILL,WOW,,"HUGO,S-UNIWARD",2,0,0.9586814758849218,0.9233421939367593,0.03533928194816249,0.6110063137347259,0.4,2,0.9233421939367593,0.4,2,0.6991425187791003,0.4,2,0.9586814758849218,0.4,2,0.7707829009008849,0.4,2
COVER__test__6602.pgm,6602.pgm,COVER,0,MULTI_CANDIDATE,WOW,S-UNIWARD,WOW,S-UNIWARD,HILL,HUGO,MiPOD,,"WOW,S-UNIWARD,HILL,HUGO,MiPOD",5,0,1.0,1.0,0.0,1.0,1.0,5,1.0,1.0,5,1.0,1.0,5,1.0,1.0,5,1.0,1.0,5
COVER__test__6604.pgm,6604.pgm,COVER,0,MULTI_CANDIDATE,WOW,S-UNIWARD,WOW,S-UNIWARD,HILL,HUGO,MiPOD,,"WOW,S-UNIWARD,HILL,HUGO,MiPOD",5,0,1.0,1.0,0.0,1.0,1.0,5,1.0,1.0,5,1.0,1.0,5,1.0,1.0,5,1.0,1.0,5
COVER__test__6607.pgm,6607.pgm,COVER,0,MULTI_CANDIDATE,WOW,S-UNIWARD,WOW,S-UNIWARD,HILL,HUGO,MiPOD,,"WOW,S-UNIWARD,HILL,HUGO,MiPOD",5,0,1.0,1.0,0.0,1.0,1.0,5,1.0,1.0,5,1.0,1.0,5,1.0,1.0,5,1.0,1.0,5
COVER__test__6614.pgm,6614.pgm,COVER,0,UNKNOWN_OR_COVER,UNKNOWN,,WOW,S-UNIWARD,HILL,MiPOD,HUGO,,,0,0,0.7169405617963015,0.6630853936504041,0.053855168145897414,0.7169405617963015,0.2,1,0.6630853936504041,0.2,1,0.6399962454122037,0.2,1,0.5854278269038868,0.2,1,0.6096577287968332,0.2,1
COVER__test__6616.pgm,6616.pgm,COVER,0,UNKNOWN_OR_COVER,UNKNOWN,,HUGO,S-UNIWARD,HILL,MiPOD,WOW,,,0,0,0.7299540684211443,0.6985414088047548,0.031412659616389504,0.5027132952760549,0.2,1,0.6985414088047548,0.2,1,0.6214118009580615,0.2,1,0.7299540684211443,0.4,2,0.6041281354778858,0.4,2
COVER__test__662.pgm,662.pgm,COVER,0,MULTI_CANDIDATE,WOW,S-UNIWARD,WOW,S-UNIWARD,HILL,HUGO,MiPOD,,"WOW,S-UNIWARD,HILL,HUGO,MiPOD",5,0,1.0,1.0,0.0,1.0,1.0,5,1.0,1.0,5,1.0,1.0,5,1.0,1.0,5,1.0,1.0,5
COVER__test__6621.pgm,6621.pgm,COVER,0,MULTI_CANDIDATE,S-UNIWARD,HILL,S-UNIWARD,HILL,HUGO,MiPOD,WOW,,"S-UNIWARD,HILL,HUGO,MiPOD,WOW",5,0,1.0,1.0,0.0,0.9817205677504063,0.8,4,1.0,1.0,5,1.0,1.0,5,1.0,1.0,5,1.0,1.0,5
COVER__test__6625.pgm,6625.pgm,COVER,0,MULTI_CANDIDATE,WOW,S-UNIWARD,WOW,S-UNIWARD,HILL,HUGO,MiPOD,,"WOW,S-UNIWARD,HILL,HUGO,MiPOD",5,0,1.0,1.0,0.0,1.0,1.0,5,1.0,1.0,5,1.0,1.0,5,1.0,1.0,5,1.0,1.0,5
COVER__test__6639.pgm,6639.pgm,COVER,0,MULTI_CANDIDATE,HUGO,S-UNIWARD,HUGO,S-UNIWARD,MiPOD,HILL,WOW,,"HUGO,S-UNIWARD",2,0,0.9788654982688876,0.9388281154709471,0.040037382797940446,0.6981252078290632,0.4,2,0.9388281154709471,0.4,2,0.7954429690569021,0.4,2,0.9788654982688876,0.8,4,0.8899697992592378,0.4,2
COVER__test__6645.pgm,6645.pgm,COVER,0,MULTI_CANDIDATE,HUGO,S-UNIWARD,HUGO,S-UNIWARD,HILL,MiPOD,WOW,,"HUGO,S-UNIWARD,HILL,MiPOD",4,0,0.9279429381287235,0.914422886891898,0.013520051236825537,0.7692547849662028,0.6,3,0.914422886891898,0.8,4,0.914422886891898,0.8,4,0.9279429381287235,0.8,4,0.914422886891898,0.8,4
COVER__test__6646.pgm,6646.pgm,COVER,0,SINGLE_CANDIDATE,HUGO,,HUGO,S-UNIWARD,HILL,MiPOD,WOW,,HUGO,1,0,0.9247587929071098,0.8934071938005363,0.03135159910657348,0.7021749095328187,0.4,2,0.8934071938005363,0.4,2,0.8127221649525703,0.4,2,0.9247587929071098,0.6,3,0.8019307508449934,0.6,3
COVER__test__6654.pgm,6654.pgm,COVER,0,SINGLE_CANDIDATE,HUGO,,HUGO,S-UNIWARD,MiPOD,HILL,WOW,,HUGO,1,0,0.9256928578474829,0.8722639633625832,0.053428894484899736,0.5838480282236101,0.2,1,0.8722639633625832,0.2,1,0.6536601426068857,0.2,1,0.9256928578474829,0.2,1,0.7258168979832355,0.2,1
COVER__test__6660.pgm,6660.pgm,COVER,0,MULTI_CANDIDATE,HUGO,MiPOD,HUGO,MiPOD,S-UNIWARD,HILL,WOW,,"HUGO,MiPOD,S-UNIWARD",3,0,0.9269166847822932,0.912014462391355,0.014902222390938191,0.7317950008762198,0.4,2,0.906251333326432,0.6,3,0.788489432177012,0.4,2,0.9269166847822932,0.6,3,0.912014462391355,0.6,3
COVER__test__6668.pgm,6668.pgm,COVER,0,SINGLE_CANDIDATE,HUGO,,HUGO,S-UNIWARD,MiPOD,HILL,WOW,,HUGO,1,0,0.9529832442784384,0.8969969816233234,0.05598626265511497,0.6079556213534878,0.4,2,0.8969969816233234,0.2,1,0.6770558245766551,0.2,1,0.9529832442784384,0.4,2,0.747456090395054,0.2,1
COVER__test__6670.pgm,6670.pgm,COVER,0,MULTI_CANDIDATE,HUGO,S-UNIWARD,HUGO,S-UNIWARD,MiPOD,HILL,WOW,,"HUGO,S-UNIWARD",2,0,0.9752698624661864,0.9175816252837569,0.05768823718242955,0.6212435758443229,0.4,2,0.9175816252837569,0.2,1,0.684462792781127,0.2,1,0.9752698624661864,0.4,2,0.7531236181937346,0.2,1
COVER__test__6672.pgm,6672.pgm,COVER,0,MULTI_CANDIDATE,HUGO,S-UNIWARD,HUGO,S-UNIWARD,MiPOD,HILL,WOW,,"HUGO,S-UNIWARD,MiPOD",3,0,0.9900445492775181,0.9668288096173694,0.02321573966014867,0.7147414405812217,0.6,3,0.9668288096173694,0.6,3,0.8305156293066218,0.6,3,0.9900445492775181,0.6,3,0.9026691780495668,0.4,2
COVER__test__6679.pgm,6679.pgm,COVER,0,UNKNOWN_OR_COVER,UNKNOWN,,HUGO,HILL,MiPOD,S-UNIWARD,WOW,,,0,0,0.8224082970512976,0.8072907351204874,0.015117561930810153,0.6610454399852008,0.4,2,0.8024984264794407,0.4,2,0.8072907351204874,0.6,3,0.8224082970512976,0.6,3,0.8072907351204874,0.6,3
COVER__test__6691.pgm,6691.pgm,COVER,0,UNKNOWN_OR_COVER,UNKNOWN,,HUGO,S-UNIWARD,HILL,MiPOD,WOW,,,0,0,0.7628891057891606,0.7477715438583503,0.015117561930810264,0.6317199508218874,0.4,2,0.7477715438583503,0.6,3,0.7477715438583503,0.6,3,0.7628891057891606,0.6,3,0.7477715438583503,0.6,3
COVER__test__6699.pgm,6699.pgm,COVER,0,UNKNOWN_OR_COVER,UNKNOWN,,HUGO,S-UNIWARD,MiPOD,HILL,WOW,,,0,0,0.828844465044255,0.8099432991302544,0.018901165914000595,0.6685904420775903,0.4,2,0.8099432991302544,0.6,3,0.6866921425801538,0.2,1,0.828844465044255,0.6,3,0.7334122505609406,0.4,2
COVER__test__6710.pgm,6710.pgm,COVER,0,MULTI_CANDIDATE,HUGO,S-UNIWARD,HUGO,S-UNIWARD,MiPOD,HILL,WOW,,"HUGO,S-UNIWARD,MiPOD",3,0,0.9985931045744575,0.9913307222152083,0.007262382359249142,0.7250237339483567,0.6,3,0.9913307222152083,0.6,3,0.836882678990305,0.6,3,0.9985931045744575,0.8,4,0.9383614605282503,0.6,3
COVER__test__6729.pgm,6729.pgm,COVER,0,MULTI_CANDIDATE,S-UNIWARD,HILL,S-UNIWARD,HILL,HUGO,MiPOD,WOW,,"S-UNIWARD,HILL,HUGO,MiPOD",4,0,1.0,1.0,0.0,0.8398734080625999,0.8,4,1.0,1.0,5,1.0,1.0,5,1.0,1.0,5,1.0,1.0,5
COVER__test__6732.pgm,6732.pgm,COVER,0,MULTI_CANDIDATE,HUGO,S-UNIWARD,HUGO,S-UNIWARD,MiPOD,HILL,WOW,,"HUGO,S-UNIWARD",2,0,0.942401781296516,0.910278127040575,0.03212365425594099,0.6018018751105099,0.4,2,0.910278127040575,0.4,2,0.6955015586195352,0.4,2,0.942401781296516,0.6,3,0.7678415461823666,0.6,3
COVER__test__6741.pgm,6741.pgm,COVER,0,MULTI_CANDIDATE,WOW,S-UNIWARD,WOW,S-UNIWARD,HILL,HUGO,MiPOD,,"WOW,S-UNIWARD,HILL,HUGO,MiPOD",5,0,1.0,1.0,0.0,1.0,1.0,5,1.0,1.0,5,1.0,1.0,5,1.0,1.0,5,1.0,1.0,5
COVER__test__6749.pgm,6749.pgm,COVER,0,MULTI_CANDIDATE,WOW,S-UNIWARD,WOW,S-UNIWARD,HILL,HUGO,MiPOD,,"WOW,S-UNIWARD,HILL,HUGO,MiPOD",5,0,1.0,1.0,0.0,1.0,1.0,5,1.0,1.0,5,1.0,1.0,5,1.0,1.0,5,1.0,1.0,5
COVER__test__6755.pgm,6755.pgm,COVER,0,MULTI_CANDIDATE,WOW,S-UNIWARD,WOW,S-UNIWARD,HILL,MiPOD,HUGO,,"WOW,S-UNIWARD,HILL,MiPOD,HUGO",5,0,1.0,1.0,0.0,1.0,1.0,5,1.0,1.0,5,1.0,1.0,5,0.9736931688421256,0.8,4,1.0,1.0,5
COVER__test__6778.pgm,6778.pgm,COVER,0,MULTI_CANDIDATE,HUGO,MiPOD,HUGO,MiPOD,HILL,S-UNIWARD,WOW,,"HUGO,MiPOD,HILL,S-UNIWARD",4,0,0.9952710289983043,0.9939145787728118,0.001356450225492578,0.837261739553654,0.8,4,0.9882586962170246,0.8,4,0.9928804084577276,0.8,4,0.9952710289983043,0.8,4,0.9939145787728118,0.8,4
COVER__test__6808.pgm,6808.pgm,COVER,0,MULTI_CANDIDATE,S-UNIWARD,HUGO,S-UNIWARD,HUGO,MiPOD,HILL,WOW,,"S-UNIWARD,HUGO,MiPOD",3,0,1.0,1.0,0.0,0.8000504545478492,0.6,3,1.0,1.0,5,0.8189730199870547,0.6,3,1.0,1.0,5,0.9041475137513142,0.8,4
COVER__test__6816.pgm,6816.pgm,COVER,0,MULTI_CANDIDATE,HUGO,HILL,HUGO,HILL,MiPOD,S-UNIWARD,WOW,,"HUGO,HILL,MiPOD,S-UNIWARD",4,0,0.9770610179076025,0.9599643323548868,0.017096685552715707,0.818204627390379,0.6,3,0.9542545906434107,0.4,2,0.9599643323548868,0.8,4,0.9770610179076025,0.4,2,0.9599643323548868,0.8,4
COVER__test__6826.pgm,6826.pgm,COVER,0,MULTI_CANDIDATE,HUGO,S-UNIWARD,HUGO,S-UNIWARD,MiPOD,HILL,WOW,,"HUGO,S-UNIWARD",2,0,0.9788654982688876,0.9599643323548868,0.018901165914000817,0.7354506586930735,0.2,1,0.9599643323548868,0.8,4,0.7517833797333041,0.4,2,0.9788654982688876,0.8,4,0.8561441299790656,0.4,2
COVER__test__6832.pgm,6832.pgm,COVER,0,UNKNOWN_OR_COVER,UNKNOWN,,HUGO,S-UNIWARD,MiPOD,HILL,WOW,,,0,0,0.7700647037738195,0.7519899950316897,0.018074708742129797,0.5007510332705267,0.2,1,0.7519899950316897,0.4,2,0.549882783037187,0.2,1,0.7700647037738195,0.4,2,0.6610413728066609,0.4,2
COVER__test__6834.pgm,6834.pgm,COVER,0,UNKNOWN_OR_COVER,UNKNOWN,,HUGO,S-UNIWARD,MiPOD,HILL,WOW,,,0,0,0.8089880641175405,0.7898295395128432,0.019158524604697358,0.48632527937042624,0.2,1,0.7898295395128432,0.4,2,0.5543904474635569,0.2,1,0.8089880641175405,0.6,3,0.667016141406863,0.2,1
COVER__test__6847.pgm,6847.pgm,COVER,0,MULTI_CANDIDATE,S-UNIWARD,HILL,S-UNIWARD,HILL,HUGO,MiPOD,WOW,,"S-UNIWARD,HILL,HUGO,MiPOD",4,0,1.0,1.0,0.0,0.8698774091709595,0.8,4,1.0,1.0,5,1.0,1.0,5,1.0,1.0,5,1.0,1.0,5
COVER__test__6853.pgm,6853.pgm,COVER,0,MULTI_CANDIDATE,WOW,S-UNIWARD,WOW,S-UNIWARD,HILL,HUGO,MiPOD,,"WOW,S-UNIWARD,HILL,HUGO,MiPOD",5,0,1.0,1.0,0.0,1.0,1.0,5,1.0,1.0,5,1.0,1.0,5,1.0,1.0,5,1.0,1.0,5
COVER__test__6859.pgm,6859.pgm,COVER,0,MULTI_CANDIDATE,WOW,S-UNIWARD,WOW,S-UNIWARD,HILL,HUGO,MiPOD,,"WOW,S-UNIWARD,HILL,HUGO,MiPOD",5,0,1.0,1.0,0.0,1.0,1.0,5,1.0,1.0,5,1.0,1.0,5,1.0,1.0,5,1.0,1.0,5
COVER__test__686.pgm,686.pgm,COVER,0,MULTI_CANDIDATE,S-UNIWARD,HILL,S-UNIWARD,HILL,HUGO,MiPOD,WOW,,"S-UNIWARD,HILL,HUGO,MiPOD",4,0,1.0,1.0,0.0,0.8406141054932107,0.8,4,1.0,1.0,5,1.0,1.0,5,1.0,1.0,5,1.0,1.0,5
COVER__test__687.pgm,687.pgm,COVER,0,MULTI_CANDIDATE,S-UNIWARD,HILL,S-UNIWARD,HILL,HUGO,MiPOD,WOW,,"S-UNIWARD,HILL,HUGO,MiPOD,WOW",5,0,1.0,1.0,0.0,0.983055018382692,0.8,4,1.0,1.0,5,1.0,1.0,5,1.0,1.0,5,1.0,1.0,5
COVER__test__6874.pgm,6874.pgm,COVER,0,MULTI_CANDIDATE,HUGO,S-UNIWARD,HUGO,S-UNIWARD,MiPOD,HILL,WOW,,"HUGO,S-UNIWARD",2,0,0.9583199096345156,0.9197109927068292,0.03860891692768642,0.6257542043741555,0.2,1,0.9197109927068292,0.4,2,0.6825952090772452,0.2,1,0.9583199096345156,0.6,3,0.7452731150058431,0.4,2
COVER__test__6878.pgm,6878.pgm,COVER,0,MULTI_CANDIDATE,HUGO,S-UNIWARD,HUGO,S-UNIWARD,MiPOD,HILL,WOW,,"HUGO,S-UNIWARD",2,0,0.9484028060768545,0.9138786916836761,0.03452411439317837,0.6052332710462227,0.4,2,0.9138786916836761,0.4,2,0.6962863233820754,0.4,2,0.9484028060768545,0.4,2,0.767437281187315,0.4,2
COVER__test__6882.pgm,6882.pgm,COVER,0,MULTI_CANDIDATE,HUGO,S-UNIWARD,HUGO,S-UNIWARD,MiPOD,HILL,WOW,,"HUGO,S-UNIWARD",2,0,0.9388177717064969,0.9121367406059908,0.026681031100506125,0.6089050116141161,0.4,2,0.9121367406059908,0.6,3,0.6942860725273049,0.6,3,0.9388177717064969,0.6,3,0.767131225360518,0.6,3
COVER__test__6888.pgm,6888.pgm,COVER,0,MULTI_CANDIDATE,HUGO,MiPOD,HUGO,MiPOD,HILL,S-UNIWARD,WOW,,"HUGO,MiPOD,HILL,S-UNIWARD",4,0,1.0,1.0,0.0,0.8384630622426114,0.8,4,0.9943281778318959,0.8,4,0.9990988945968937,0.8,4,1.0,1.0,5,1.0,1.0,5
COVER__test__6891.pgm,6891.pgm,COVER,0,MULTI_CANDIDATE,HUGO,S-UNIWARD,HUGO,S-UNIWARD,MiPOD,HILL,WOW,,"HUGO,S-UNIWARD",2,0,0.9445960823982638,0.9163007993092174,0.028295283089046386,0.6037034357188482,0.4,2,0.9163007993092174,0.4,2,0.6952685616299179,0.4,2,0.9445960823982638,0.8,4,0.7742623590788247,0.6,3
COVER__test__6892.pgm,6892.pgm,COVER,0,MULTI_CANDIDATE,HUGO,S-UNIWARD,HUGO,S-UNIWARD,MiPOD,HILL,WOW,,"HUGO,S-UNIWARD",2,0,0.9575171499338188,0.9405191631223258,0.016997986811493004,0.6355126021872975,0.4,2,0.9405191631223258,0.6,3,0.7119185517130661,0.4,2,0.9575171499338188,0.8,4,0.817413438315471,0.6,3
COVER__test__6902.pgm,6902.pgm,COVER,0,MULTI_CANDIDATE,S-UNIWARD,HUGO,S-UNIWARD,HUGO,MiPOD,HILL,WOW,,"S-UNIWARD,HUGO,MiPOD,HILL,WOW",5,0,1.0,1.0,0.0,0.9352416848815462,0.8,4,1.0,1.0,5,0.9994588836080155,0.8,4,1.0,1.0,5,1.0,1.0,5
COVER__test__6903.pgm,6903.pgm,COVER,0,MULTI_CANDIDATE,S-UNIWARD,HILL,S-UNIWARD,HILL,HUGO,MiPOD,WOW,,"S-UNIWARD,HILL,HUGO,MiPOD",4,0,1.0,1.0,0.0,0.8722163880664567,0.8,4,1.0,1.0,5,1.0,1.0,5,1.0,1.0,5,1.0,1.0,5
COVER__test__6907.pgm,6907.pgm,COVER,0,MULTI_CANDIDATE,HUGO,S-UNIWARD,HUGO,S-UNIWARD,MiPOD,HILL,WOW,,"HUGO,S-UNIWARD,MiPOD",3,0,1.0,0.9833441832179906,0.016655816782009447,0.7202147660909491,0.6,3,0.9833441832179906,0.8,4,0.8373540898051463,0.8,4,1.0,1.0,5,0.929477863575832,0.8,4
COVER__test__6908.pgm,6908.pgm,COVER,0,MULTI_CANDIDATE,HUGO,S-UNIWARD,HUGO,S-UNIWARD,MiPOD,HILL,WOW,,"HUGO,S-UNIWARD,MiPOD",3,0,0.9906120776028835,0.9746809541102106,0.015931123492672894,0.770643260822646,0.6,3,0.9746809541102106,0.8,4,0.8355890649627173,0.8,4,0.9906120776028835,0.8,4,0.9233598816641309,0.8,4
COVER__test__6911.pgm,6911.pgm,COVER,0,MULTI_CANDIDATE,HILL,HUGO,HILL,HUGO,MiPOD,S-UNIWARD,WOW,,"HILL,HUGO,MiPOD,S-UNIWARD",4,0,1.0,1.0,0.0,0.8389498042425331,0.8,4,0.9967873602371444,0.8,4,1.0,1.0,5,1.0,1.0,5,1.0,1.0,5
COVER__test__6913.pgm,6913.pgm,COVER,0,MULTI_CANDIDATE,HUGO,S-UNIWARD,HUGO,S-UNIWARD,MiPOD,HILL,WOW,,"HUGO,S-UNIWARD,MiPOD",3,0,1.0,0.986290119197131,0.013709880802868946,0.7294228455417289,0.6,3,0.986290119197131,0.8,4,0.8379542875054146,0.8,4,1.0,1.0,5,0.93155828680015,0.8,4
COVER__test__6920.pgm,6920.pgm,COVER,0,MULTI_CANDIDATE,S-UNIWARD,HUGO,S-UNIWARD,HUGO,MiPOD,HILL,WOW,,"S-UNIWARD,HUGO,MiPOD,HILL,WOW",5,0,1.0,1.0,0.0,0.961645388152545,0.8,4,1.0,1.0,5,0.9625547513931606,0.8,4,1.0,1.0,5,1.0,1.0,5
COVER__test__6931.pgm,6931.pgm,COVER,0,MULTI_CANDIDATE,HUGO,S-UNIWARD,HUGO,S-UNIWARD,MiPOD,HILL,WOW,,"HUGO,S-UNIWARD",2,0,0.9473371564143909,0.9200286520769205,0.02730850433747034,0.6057692150189891,0.4,2,0.9200286520769205,0.6,3,0.6974795433975796,0.6,3,0.9473371564143909,0.6,3,0.76995095329227,0.6,3
COVER__test__6933.pgm,6933.pgm,COVER,0,MULTI_CANDIDATE,WOW,S-UNIWARD,WOW,S-UNIWARD,HILL,HUGO,MiPOD,,"WOW,S-UNIWARD,HILL,HUGO,MiPOD",5,0,1.0,1.0,0.0,1.0,1.0,5,1.0,1.0,5,1.0,1.0,5,1.0,1.0,5,1.0,1.0,5
COVER__test__6935.pgm,6935.pgm,COVER,0,MULTI_CANDIDATE,WOW,S-UNIWARD,WOW,S-UNIWARD,HILL,HUGO,MiPOD,,"WOW,S-UNIWARD,HILL,HUGO,MiPOD",5,0,1.0,1.0,0.0,1.0,1.0,5,1.0,1.0,5,1.0,1.0,5,1.0,1.0,5,1.0,1.0,5
COVER__test__6952.pgm,6952.pgm,COVER,0,MULTI_CANDIDATE,HUGO,S-UNIWARD,HUGO,S-UNIWARD,MiPOD,HILL,WOW,,"HUGO,S-UNIWARD",2,0,0.9487919715301656,0.9154289323576092,0.03336303917255634,0.6054249860181415,0.4,2,0.9154289323576092,0.4,2,0.6973732370226354,0.4,2,0.9487919715301656,0.6,3,0.7693396321591184,0.4,2
COVER__test__6959.pgm,6959.pgm,COVER,0,UNKNOWN_OR_COVER,UNKNOWN,,HUGO,S-UNIWARD,MiPOD,HILL,WOW,,,0,0,0.8635362992573448,0.8325131847186673,0.031023114538677454,0.5250107022255434,0.2,1,0.8325131847186673,0.2,1,0.6197960673162615,0.4,2,0.8635362992573448,0.4,2,0.6926793391185313,0.4,2
COVER__test__6960.pgm,6960.pgm,COVER,0,MULTI_CANDIDATE,HUGO,S-UNIWARD,HUGO,S-UNIWARD,MiPOD,HILL,WOW,,"HUGO,S-UNIWARD",2,0,0.9409887006546475,0.9094453504752235,0.031543350179424,0.6011487860764453,0.4,2,0.9094453504752235,0.4,2,0.6954284136103873,0.6,3,0.9409887006546475,0.6,3,0.7672975283414043,0.6,3
COVER__test__6961.pgm,6961.pgm,COVER,0,MULTI_CANDIDATE,HUGO,S-UNIWARD,HUGO,S-UNIWARD,MiPOD,HILL,WOW,,"HUGO,S-UNIWARD",2,0,0.9401932310099601,0.9081407725769157,0.032052458433044384,0.6006927825153564,0.4,2,0.9081407725769157,0.4,2,0.6947363619638844,0.4,2,0.9401932310099601,0.6,3,0.7668327071944449,0.6,3
COVER__test__6962.pgm,6962.pgm,COVER,0,MULTI_CANDIDATE,HUGO,S-UNIWARD,HUGO,S-UNIWARD,MiPOD,HILL,WOW,,"HUGO,S-UNIWARD",2,0,0.9911749310005767,0.9751967649117594,0.015978166088817303,0.6607784019169708,0.4,2,0.9751967649117594,0.8,4,0.7297736726388548,0.6,3,0.9911749310005767,0.8,4,0.7912735852435113,0.6,3
COVER__test__6971.pgm,6971.pgm,COVER,0,UNKNOWN_OR_COVER,UNKNOWN,,HUGO,S-UNIWARD,MiPOD,HILL,WOW,,,0,0,0.8534513985455622,0.8207861820807567,0.03266521646480547,0.5146092987701628,0.2,1,0.8207861820807567,0.2,1,0.6083294513813182,0.2,1,0.8534513985455622,0.4,2,0.6801148973218805,0.2,1
COVER__test__6987.pgm,6987.pgm,COVER,0,MULTI_CANDIDATE,WOW,S-UNIWARD,WOW,S-UNIWARD,HILL,MiPOD,HUGO,,"WOW,S-UNIWARD,HILL,MiPOD",4,0,1.0,0.9782637575196255,0.021736242480374535,1.0,1.0,5,0.9782637575196255,0.8,4,0.9425831852735327,0.8,4,0.875291806885145,0.8,4,0.9089665989609461,0.8,4
COVER__test__6991.pgm,6991.pgm,COVER,0,MULTI_CANDIDATE,HUGO,S-UNIWARD,HUGO,S-UNIWARD,MiPOD,HILL,WOW,,"HUGO,S-UNIWARD",2,0,0.9469820313129087,0.9148172502684357,0.032164781044472956,0.6043308957235792,0.4,2,0.9148172502684357,0.4,2,0.697438297882394,0.4,2,0.9469820313129087,0.6,3,0.7695061272618644,0.6,3
COVER__test__700.pgm,700.pgm,COVER,0,MULTI_CANDIDATE,WOW,S-UNIWARD,WOW,S-UNIWARD,HILL,HUGO,MiPOD,,"WOW,S-UNIWARD,HILL,HUGO,MiPOD",5,0,1.0,1.0,0.0,1.0,1.0,5,1.0,1.0,5,1.0,1.0,5,1.0,1.0,5,1.0,1.0,5
COVER__test__7008.pgm,7008.pgm,COVER,0,MULTI_CANDIDATE,HUGO,S-UNIWARD,HUGO,S-UNIWARD,MiPOD,HILL,WOW,,"HUGO,S-UNIWARD,MiPOD",3,0,0.9846419653864233,0.969209816545208,0.015432148841215354,0.7854741510026477,0.6,3,0.969209816545208,0.8,4,0.8344743889454455,0.8,4,0.9846419653864233,0.8,4,0.9194961583061676,0.8,4
COVER__test__7013.pgm,7013.pgm,COVER,0,MULTI_CANDIDATE,WOW,S-UNIWARD,WOW,S-UNIWARD,HILL,HUGO,MiPOD,,"WOW,S-UNIWARD,HILL,HUGO,MiPOD",5,0,1.0,1.0,0.0,1.0,1.0,5,1.0,1.0,5,1.0,1.0,5,1.0,1.0,5,1.0,1.0,5
COVER__test__7015.pgm,7015.pgm,COVER,0,MULTI_CANDIDATE,WOW,S-UNIWARD,WOW,S-UNIWARD,HILL,MiPOD,HUGO,,"WOW,S-UNIWARD,HILL,MiPOD",4,0,1.0,1.0,0.0,1.0,1.0,5,1.0,1.0,5,0.963249915468489,0.8,4,0.8862049833287836,0.8,4,0.9247607705995421,0.8,4
COVER__test__7018.pgm,7018.pgm,COVER,0,MULTI_CANDIDATE,S-UNIWARD,HUGO,S-UNIWARD,HUGO,MiPOD,HILL,WOW,,"S-UNIWARD,HUGO,MiPOD,HILL",4,0,1.0,1.0,0.0,0.841189235286959,0.8,4,1.0,1.0,5,0.9579145693957326,0.8,4,1.0,1.0,5,1.0,1.0,5
COVER__test__7019.pgm,7019.pgm,COVER,0,UNKNOWN_OR_COVER,UNKNOWN,,HUGO,S-UNIWARD,MiPOD,HILL,WOW,,,0,0,0.858736362623721,0.848303613470336,0.01043274915338499,0.5486800690998792,0.2,1,0.848303613470336,0.6,3,0.6240220271246433,0.4,2,0.858736362623721,0.6,3,0.735427688861073,0.4,2
COVER__test__702.pgm,702.pgm,COVER,0,MULTI_CANDIDATE,S-UNIWARD,HILL,S-UNIWARD,HILL,HUGO,MiPOD,WOW,,"S-UNIWARD,HILL,HUGO,MiPOD",4,0,1.0,1.0,0.0,0.8431682790628614,0.8,4,1.0,1.0,5,1.0,1.0,5,1.0,1.0,5,1.0,1.0,5
COVER__test__7021.pgm,7021.pgm,COVER,0,UNKNOWN_OR_COVER,UNKNOWN,,HUGO,S-UNIWARD,MiPOD,HILL,WOW,,,0,0,0.7825093204099764,0.7468335215657168,0.03567579884425964,0.4326415434182717,0.2,1,0.7468335215657168,0.2,1,0.5197010738684605,0.2,1,0.7825093204099764,0.2,1,0.5927951455635949,0.2,1
COVER__test__7025.pgm,7025.pgm,COVER,0,MULTI_CANDIDATE,HUGO,S-UNIWARD,HUGO,S-UNIWARD,MiPOD,HILL,WOW,,"HUGO,S-UNIWARD,MiPOD,HILL",4,0,1.0,0.994144988605003,0.005855011394997001,0.8384268038949297,0.8,4,0.994144988605003,0.8,4,0.9129965851119095,0.6,3,1.0,1.0,5,0.9881720829838928,0.6,3
COVER__test__7043.pgm,7043.pgm,COVER,0,UNKNOWN_OR_COVER,UNKNOWN,,S-UNIWARD,HUGO,MiPOD,HILL,WOW,,,0,0,0.886547470481544,0.886547470481544,0.0,0.7286772743517633,0.6,3,0.886547470481544,0.8,4,0.7972727512840208,0.6,3,0.886547470481544,0.8,4,0.886547470481544,0.8,4
COVER__test__7055.pgm,7055.pgm,COVER,0,MULTI_CANDIDATE,WOW,S-UNIWARD,WOW,S-UNIWARD,HUGO,HILL,MiPOD,,"WOW,S-UNIWARD,HUGO,HILL,MiPOD",5,0,1.0,1.0,0.0,1.0,1.0,5,1.0,1.0,5,0.9413270537440697,0.8,4,0.9602639373804152,0.6,3,0.9014733409637268,0.8,4
COVER__test__7056.pgm,7056.pgm,COVER,0,MULTI_CANDIDATE,HUGO,S-UNIWARD,HUGO,S-UNIWARD,MiPOD,WOW,HILL,,"HUGO,S-UNIWARD",2,0,0.9478541184967056,0.9371654072204672,0.010688711276238494,0.8014352618949416,0.6,3,0.9371654072204672,0.8,4,0.7135445450075328,0.6,3,0.9478541184967056,0.8,4,0.8307822073032076,0.6,3
COVER__test__706.pgm,706.pgm,COVER,0,MULTI_CANDIDATE,HUGO,S-UNIWARD,HUGO,S-UNIWARD,HILL,MiPOD,WOW,,"HUGO,S-UNIWARD",2,0,0.9577153944639412,0.9390474862393363,0.018667908224604846,0.7299714351414774,0.6,3,0.9390474862393363,0.6,3,0.8529628056856732,0.4,2,0.9577153944639412,0.6,3,0.8423461943436997,0.6,3
COVER__test__7068.pgm,7068.pgm,COVER,0,UNKNOWN_OR_COVER,UNKNOWN,,HUGO,S-UNIWARD,MiPOD,HILL,WOW,,,0,0,0.8756357990546905,0.840947097137413,0.034688701917277465,0.5315698504998446,0.2,1,0.840947097137413,0.2,1,0.6214546387934068,0.2,1,0.8756357990546905,0.2,1,0.6945765279505316,0.2,1
COVER__test__7069.pgm,7069.pgm,COVER,0,MULTI_CANDIDATE,S-UNIWARD,HUGO,S-UNIWARD,HUGO,MiPOD,HILL,WOW,,"S-UNIWARD,HUGO,MiPOD",3,0,1.0,1.0,0.0,0.7285526829169763,0.6,3,1.0,1.0,5,0.8415615957447132,0.8,4,1.0,1.0,5,0.94406204653624,0.8,4
COVER__test__7074.pgm,7074.pgm,COVER,0,UNKNOWN_OR_COVER,UNKNOWN,,HUGO,MiPOD,S-UNIWARD,HILL,WOW,,,0,0,0.8124894878329607,0.8112307815158795,0.0012587063170812485,0.578381667183921,0.4,2,0.8054341187627776,0.6,3,0.6698551353074332,0.4,2,0.8124894878329607,0.8,4,0.8112307815158795,0.6,3
COVER__test__7078.pgm,7078.pgm,COVER,0,MULTI_CANDIDATE,S-UNIWARD,HUGO,S-UNIWARD,HUGO,MiPOD,HILL,WOW,,"S-UNIWARD,HUGO,MiPOD,HILL",4,0,1.0,1.0,0.0,0.8431090988085911,0.8,4,1.0,1.0,5,0.9670189242522926,0.8,4,1.0,1.0,5,1.0,1.0,5
COVER__test__7091.pgm,7091.pgm,COVER,0,MULTI_CANDIDATE,S-UNIWARD,HILL,S-UNIWARD,HILL,HUGO,MiPOD,WOW,,"S-UNIWARD,HILL,HUGO,MiPOD",4,0,1.0,1.0,0.0,0.8881100350826514,0.8,4,1.0,1.0,5,1.0,1.0,5,1.0,1.0,5,0.9991201721738365,0.8,4
COVER__test__71.pgm,71.pgm,COVER,0,MULTI_CANDIDATE,WOW,S-UNIWARD,WOW,S-UNIWARD,HILL,MiPOD,HUGO,,"WOW,S-UNIWARD,HILL,MiPOD",4,0,1.0,1.0,0.0,1.0,1.0,5,1.0,1.0,5,0.9795399370221064,0.8,4,0.8948070155713435,0.8,4,0.9372101224799401,0.8,4
COVER__test__7104.pgm,7104.pgm,COVER,0,MULTI_CANDIDATE,HUGO,MiPOD,HUGO,MiPOD,S-UNIWARD,HILL,WOW,,"HUGO,MiPOD,S-UNIWARD",3,0,1.0,0.9997606447264793,0.00023935527352070274,0.8031876095067105,0.6,3,0.9939342506874576,0.8,4,0.8757187042646841,0.6,3,1.0,1.0,5,0.9997606447264793,0.8,4
COVER__test__7109.pgm,7109.pgm,COVER,0,MULTI_CANDIDATE,HUGO,S-UNIWARD,HUGO,S-UNIWARD,MiPOD,HILL,WOW,,"HUGO,S-UNIWARD",2,0,0.9286397361014928,0.902052354508802,0.026587381592690806,0.5962060862972365,0.4,2,0.902052354508802,0.4,2,0.6921604015775566,0.6,3,0.9286397361014928,0.6,3,0.7609229454364782,0.6,3
COVER__test__7115.pgm,7115.pgm,COVER,0,MULTI_CANDIDATE,S-UNIWARD,HILL,S-UNIWARD,HILL,HUGO,MiPOD,WOW,,"S-UNIWARD,HILL,HUGO,MiPOD",4,0,1.0,1.0,0.0,0.8997344287410638,0.8,4,1.0,1.0,5,1.0,1.0,5,1.0,1.0,5,1.0,1.0,5
COVER__test__7116.pgm,7116.pgm,COVER,0,MULTI_CANDIDATE,HILL,HUGO,HILL,HUGO,MiPOD,S-UNIWARD,WOW,,"HILL,HUGO,MiPOD,S-UNIWARD",4,0,1.0,1.0,0.0,0.8387222638951772,0.8,4,0.9956377507545199,0.8,4,1.0,1.0,5,1.0,1.0,5,1.0,1.0,5
COVER__test__7124.pgm,7124.pgm,COVER,0,MULTI_CANDIDATE,S-UNIWARD,HUGO,S-UNIWARD,HUGO,MiPOD,HILL,WOW,,"S-UNIWARD,HUGO,MiPOD",3,0,1.0,1.0,0.0,0.7651330201156632,0.6,3,1.0,1.0,5,0.8464324202704503,0.8,4,1.0,1.0,5,0.9346288821119291,0.6,3
COVER__test__7129.pgm,7129.pgm,COVER,0,MULTI_CANDIDATE,HUGO,S-UNIWARD,HUGO,S-UNIWARD,MiPOD,HILL,WOW,,"HUGO,S-UNIWARD",2,0,0.9587863819772757,0.9235108077553372,0.0352755742219385,0.6107578781385558,0.4,2,0.9235108077553372,0.4,2,0.6999346706287899,0.4,2,0.9587863819772757,0.6,3,0.7713984577465786,0.4,2
COVER__test__7131.pgm,7131.pgm,COVER,0,MULTI_CANDIDATE,HUGO,S-UNIWARD,HUGO,S-UNIWARD,MiPOD,HILL,WOW,,"HUGO,S-UNIWARD",2,0,0.9408042679642008,0.9093138533432882,0.03149041462091262,0.6006263854708607,0.4,2,0.9093138533432882,0.4,2,0.6948355185132715,0.6,3,0.9408042679642008,0.6,3,0.7681167588446205,0.6,3
COVER__test__7134.pgm,7134.pgm,COVER,0,UNKNOWN_OR_COVER,UNKNOWN,,HUGO,S-UNIWARD,MiPOD,HILL,WOW,,,0,0,0.8966928679222461,0.8629044332602703,0.033788434661975786,0.5585222359616674,0.2,1,0.8629044332602703,0.2,1,0.6505673160575249,0.2,1,0.8966928679222461,0.2,1,0.7220616277328751,0.2,1
COVER__test__7157.pgm,7157.pgm,COVER,0,UNKNOWN_OR_COVER,UNKNOWN,,S-UNIWARD,WOW,HUGO,MiPOD,HILL,,,0,0,0.7183789317796725,0.675460519379582,0.04291841240009053,0.675460519379582,0.4,2,0.7183789317796725,0.4,2,0.5368430945610025,0.2,1,0.6349471543980431,0.4,2,0.6138676638630225,0.0,0
COVER__test__7177.pgm,7177.pgm,COVER,0,UNKNOWN_OR_COVER,UNKNOWN,,HUGO,S-UNIWARD,MiPOD,HILL,WOW,,,0,0,0.7608333700474323,0.7386074774018972,0.022225892645535095,0.45236560382311153,0.0,0,0.7386074774018972,0.4,2,0.493821245547717,0.0,0,0.7608333700474323,0.4,2,0.5901230503778365,0.0,0
COVER__test__7178.pgm,7178.pgm,COVER,0,MULTI_CANDIDATE,HUGO,S-UNIWARD,HUGO,S-UNIWARD,MiPOD,HILL,WOW,,"HUGO,S-UNIWARD",2,0,0.9435208264093428,0.9102837976136613,0.03323702879568147,0.6025052612165125,0.4,2,0.9102837976136613,0.4,2,0.6951962528129982,0.4,2,0.9435208264093428,0.6,3,0.7672009983307434,0.4,2
COVER__test__718.pgm,718.pgm,COVER,0,MULTI_CANDIDATE,S-UNIWARD,HILL,S-UNIWARD,HILL,HUGO,MiPOD,WOW,,"S-UNIWARD,HILL,HUGO,MiPOD,WOW",5,0,1.0,1.0,0.0,0.9717030818712435,0.8,4,1.0,1.0,5,1.0,1.0,5,1.0,1.0,5,1.0,1.0,5
COVER__test__7184.pgm,7184.pgm,COVER,0,UNKNOWN_OR_COVER,UNKNOWN,,HUGO,S-UNIWARD,MiPOD,HILL,WOW,,,0,0,0.8393121293466507,0.8165199960304342,0.022792133316216434,0.6085826833193446,0.2,1,0.8165199960304342,0.4,2,0.616523759820778,0.0,0,0.8393121293466507,0.6,3,0.6876464697206657,0.2,1
COVER__test__7189.pgm,7189.pgm,COVER,0,UNKNOWN_OR_COVER,UNKNOWN,,HUGO,S-UNIWARD,MiPOD,HILL,WOW,,,0,0,0.8173483342432932,0.7827980670576719,0.034550267185621375,0.47495228878659956,0.2,1,0.7827980670576719,0.2,1,0.5646705029461467,0.2,1,0.8173483342432932,0.2,1,0.6353597465209493,0.2,1
COVER__test__7192.pgm,7192.pgm,COVER,0,MULTI_CANDIDATE,HUGO,S-UNIWARD,HUGO,S-UNIWARD,MiPOD,HILL,WOW,,"HUGO,S-UNIWARD",2,0,0.9350883797901538,0.9087475282053494,0.02634085158480437,0.6002812444972573,0.4,2,0.9087475282053494,0.6,3,0.6941295814127528,0.6,3,0.9350883797901538,0.6,3,0.7638103800961279,0.6,3
COVER__test__7193.pgm,7193.pgm,COVER,0,MULTI_CANDIDATE,HUGO,S-UNIWARD,HUGO,S-UNIWARD,MiPOD,HILL,WOW,,"HUGO,S-UNIWARD",2,0,0.9649794997004714,0.9494243198933485,0.015555179807122843,0.6443686517953974,0.2,1,0.9494243198933485,0.6,3,0.7187958833340385,0.4,2,0.9649794997004714,0.6,3,0.7748347777238546,0.4,2
COVER__test__7198.pgm,7198.pgm,COVER,0,MULTI_CANDIDATE,HUGO,S-UNIWARD,HUGO,S-UNIWARD,MiPOD,HILL,WOW,,"HUGO,S-UNIWARD",2,0,0.9489476056936009,0.9186690432401349,0.03027856245346605,0.6054174906101968,0.4,2,0.9186690432401349,0.4,2,0.6977802294020435,0.6,3,0.9489476056936009,0.6,3,0.770993200116332,0.6,3
COVER__test__7205.pgm,7205.pgm,COVER,0,SINGLE_CANDIDATE,HUGO,,HUGO,S-UNIWARD,MiPOD,HILL,WOW,,HUGO,1,0,0.9102557032977574,0.8794762149310535,0.030779488366703855,0.5665432464866422,0.2,1,0.8794762149310535,0.2,1,0.654250053284817,0.2,1,0.9102557032977574,0.4,2,0.7321739412340975,0.2,1
COVER__test__7213.pgm,7213.pgm,COVER,0,MULTI_CANDIDATE,HUGO,S-UNIWARD,HUGO,S-UNIWARD,MiPOD,HILL,WOW,,"HUGO,S-UNIWARD",2,0,0.9447931462882957,0.9162275701646287,0.028565576123666947,0.6035478410836445,0.4,2,0.9162275701646287,0.4,2,0.6964165207404364,0.6,3,0.9447931462882957,0.6,3,0.7692928194624338,0.6,3
COVER__test__7219.pgm,7219.pgm,COVER,0,SINGLE_CANDIDATE,HUGO,,HUGO,S-UNIWARD,MiPOD,HILL,WOW,,HUGO,1,0,0.9191635622866444,0.8919075886841188,0.02725597360252563,0.5627641588865787,0.2,1,0.8919075886841188,0.2,1,0.6448095280783441,0.2,1,0.9191635622866444,0.6,3,0.7110646820437889,0.2,1
COVER__test__7222.pgm,7222.pgm,COVER,0,UNKNOWN_OR_COVER,UNKNOWN,,HUGO,S-UNIWARD,MiPOD,HILL,WOW,,,0,0,0.7836715623598818,0.7411092450101175,0.042562317349764234,0.503655336074791,0.2,1,0.7411092450101175,0.2,1,0.6018328122582579,0.2,1,0.7836715623598818,0.2,1,0.6937582657244786,0.2,1
COVER__test__723.pgm,723.pgm,COVER,0,MULTI_CANDIDATE,WOW,S-UNIWARD,WOW,S-UNIWARD,HILL,HUGO,MiPOD,,"WOW,S-UNIWARD,HILL,HUGO,MiPOD",5,0,1.0,1.0,0.0,1.0,1.0,5,1.0,1.0,5,1.0,1.0,5,1.0,1.0,5,1.0,1.0,5
COVER__test__7234.pgm,7234.pgm,COVER,0,MULTI_CANDIDATE,HUGO,S-UNIWARD,HUGO,S-UNIWARD,MiPOD,HILL,WOW,,"HUGO,S-UNIWARD",2,0,1.0,0.9966970865419554,0.003302913458044565,0.6795897256313231,0.4,2,0.9966970865419554,0.8,4,0.7472215285076598,0.6,3,1.0,1.0,5,0.8158396010572535,0.6,3
COVER__test__7235.pgm,7235.pgm,COVER,0,UNKNOWN_OR_COVER,UNKNOWN,,HUGO,S-UNIWARD,MiPOD,HILL,WOW,,,0,0,0.8966886224206003,0.8658911733901601,0.030797449030440238,0.5439430614243317,0.2,1,0.8658911733901601,0.2,1,0.6322239541213905,0.4,2,0.8966886224206003,0.4,2,0.7036506498024278,0.4,2
COVER__test__7237.pgm,7237.pgm,COVER,0,MULTI_CANDIDATE,HUGO,S-UNIWARD,HUGO,S-UNIWARD,MiPOD,HILL,WOW,,"HUGO,S-UNIWARD",2,0,0.9580925482618436,0.928805365156076,0.02928718310576761,0.6826597183906941,0.4,2,0.928805365156076,0.4,2,0.778437247090199,0.4,2,0.9580925482618436,0.6,3,0.8773320780433995,0.4,2
COVER__test__7241.pgm,7241.pgm,COVER,0,UNKNOWN_OR_COVER,UNKNOWN,,HUGO,S-UNIWARD,MiPOD,HILL,WOW,,,0,0,0.8996682775412562,0.8495254738616753,0.050142803679580905,0.5602816402053971,0.2,1,0.8495254738616753,0.2,1,0.6365208477862484,0.2,1,0.8996682775412562,0.4,2,0.7087343989904337,0.2,1
COVER__test__7243.pgm,7243.pgm,COVER,0,UNKNOWN_OR_COVER,UNKNOWN,,HUGO,S-UNIWARD,MiPOD,HILL,WOW,,,0,0,0.7359126647789628,0.6892718371963538,0.04664082758260901,0.39556474140850917,0.0,0,0.6892718371963538,0.0,0,0.4744226691975707,0.2,1,0.7359126647789628,0.2,1,0.5452281340860858,0.2,1
COVER__test__7250.pgm,7250.pgm,COVER,0,MULTI_CANDIDATE,HUGO,S-UNIWARD,HUGO,S-UNIWARD,MiPOD,HILL,WOW,,"HUGO,S-UNIWARD",2,0,0.9533880605897691,0.942299288024379,0.011088772565390093,0.6283677096877563,0.4,2,0.942299288024379,0.8,4,0.7075380484578085,0.6,3,0.9533880605897691,0.8,4,0.8038693676519284,0.6,3
COVER__test__7254.pgm,7254.pgm,COVER,0,SINGLE_CANDIDATE,HUGO,,HUGO,S-UNIWARD,MiPOD,HILL,WOW,,HUGO,1,0,0.9001058345784003,0.8704501106920336,0.029655723886366725,0.560355743250198,0.2,1,0.8704501106920336,0.2,1,0.654159931158567,0.4,2,0.9001058345784003,0.4,2,0.726395264023901,0.4,2
COVER__test__7267.pgm,7267.pgm,COVER,0,UNKNOWN_OR_COVER,UNKNOWN,,HUGO,S-UNIWARD,MiPOD,HILL,WOW,,,0,0,0.7182765926943362,0.6779985506804211,0.04027804201391505,0.38013911051729676,0.0,0,0.6779985506804211,0.2,1,0.45995085748383835,0.2,1,0.7182765926943362,0.2,1,0.5308874579539038,0.2,1
COVER__test__7272.pgm,7272.pgm,COVER,0,UNKNOWN_OR_COVER,UNKNOWN,,HUGO,S-UNIWARD,MiPOD,HILL,WOW,,,0,0,0.8041588842451134,0.7735194999481952,0.03063938429691815,0.46442839306175043,0.2,1,0.7735194999481952,0.2,1,0.558494216993133,0.4,2,0.8041588842451134,0.4,2,0.6303057320685785,0.4,2
COVER__test__7284.pgm,7284.pgm,COVER,0,UNKNOWN_OR_COVER,UNKNOWN,,HUGO,S-UNIWARD,MiPOD,HILL,WOW,,,0,0,0.7920086296888372,0.7445775256561769,0.047431104032660376,0.44020597033992964,0.0,0,0.7445775256561769,0.0,0,0.5140577140605547,0.2,1,0.7920086296888372,0.2,1,0.5830268774057747,0.2,1
COVER__test__7290.pgm,7290.pgm,COVER,0,UNKNOWN_OR_COVER,UNKNOWN,,HUGO,S-UNIWARD,MiPOD,HILL,WOW,,,0,0,0.7204225495378913,0.6790337338529605,0.0413888156849308,0.38091044350223013,0.0,0,0.6790337338529605,0.0,0,0.4607044211566692,0.2,1,0.7204225495378913,0.2,1,0.5316831730869888,0.2,1
COVER__test__7291.pgm,7291.pgm,COVER,0,UNKNOWN_OR_COVER,UNKNOWN,,HUGO,S-UNIWARD,MiPOD,HILL,WOW,,,0,0,0.8003828128356052,0.7473046299197141,0.05307818291589106,0.45964842736788636,0.0,0,0.7473046299197141,0.0,0,0.5312910795696945,0.0,0,0.8003828128356052,0.0,0,0.6054885925306935,0.0,0
COVER__test__7304.pgm,7304.pgm,COVER,0,UNKNOWN_OR_COVER,UNKNOWN,,HUGO,S-UNIWARD,MiPOD,HILL,WOW,,,0,0,0.7934972297966233,0.7638246635111006,0.029672566285522728,0.44917988492275474,0.0,0,0.7638246635111006,0.0,0,0.5409467859754999,0.2,1,0.7934972297966233,0.4,2,0.6167528068473841,0.2,1
COVER__test__7314.pgm,7314.pgm,COVER,0,UNKNOWN_OR_COVER,UNKNOWN,,HUGO,S-UNIWARD,MiPOD,HILL,WOW,,,0,0,0.8071261739816162,0.7800783239794451,0.027047850002171137,0.4674205710443097,0.2,1,0.7800783239794451,0.4,2,0.5597538408033316,0.4,2,0.8071261739816162,0.4,2,0.6310402041985295,0.4,2
COVER__test__7315.pgm,7315.pgm,COVER,0,UNKNOWN_OR_COVER,UNKNOWN,,HUGO,S-UNIWARD,MiPOD,HILL,WOW,,,0,0,0.8544871159338578,0.8352601125358639,0.01922700339799399,0.5018406888694716,0.2,1,0.8352601125358639,0.4,2,0.5793502345300212,0.4,2,0.8544871159338578,0.6,3,0.6555024004190039,0.4,2
COVER__test__7318.pgm,7318.pgm,COVER,0,UNKNOWN_OR_COVER,UNKNOWN,,HUGO,S-UNIWARD,MiPOD,HILL,WOW,,,0,0,0.8619107906868934,0.8441656213416577,0.017745169345235623,0.5518130349090767,0.2,1,0.8441656213416577,0.4,2,0.6245308208555007,0.2,1,0.8619107906868934,0.6,3,0.7405438535953643,0.2,1
COVER__test__7320.pgm,7320.pgm,COVER,0,UNKNOWN_OR_COVER,UNKNOWN,,HUGO,S-UNIWARD,MiPOD,HILL,WOW,,,0,0,0.8187635341722066,0.7848406100041049,0.03392292416810172,0.4795211145822386,0.0,0,0.7848406100041049,0.0,0,0.5715584103811546,0.0,0,0.8187635341722066,0.0,0,0.6432059021551071,0.0,0
COVER__test__7325.pgm,7325.pgm,COVER,0,MULTI_CANDIDATE,S-UNIWARD,HILL,S-UNIWARD,HILL,HUGO,MiPOD,WOW,,"S-UNIWARD,HILL,HUGO,MiPOD",4,0,1.0,1.0,0.0,0.8463178769554215,0.8,4,1.0,1.0,5,1.0,1.0,5,1.0,1.0,5,1.0,1.0,5
COVER__test__7328.pgm,7328.pgm,COVER,0,MULTI_CANDIDATE,S-UNIWARD,HILL,S-UNIWARD,HILL,HUGO,MiPOD,WOW,,"S-UNIWARD,HILL,HUGO,MiPOD",4,0,1.0,1.0,0.0,0.8637409959595553,0.8,4,1.0,1.0,5,1.0,1.0,5,1.0,1.0,5,1.0,1.0,5
COVER__test__7335.pgm,7335.pgm,COVER,0,MULTI_CANDIDATE,WOW,S-UNIWARD,WOW,S-UNIWARD,HILL,HUGO,MiPOD,,"WOW,S-UNIWARD,HILL,HUGO,MiPOD",5,0,1.0,1.0,0.0,1.0,1.0,5,1.0,1.0,5,1.0,1.0,5,1.0,1.0,5,1.0,1.0,5
COVER__test__7337.pgm,7337.pgm,COVER,0,MULTI_CANDIDATE,HUGO,S-UNIWARD,HUGO,S-UNIWARD,MiPOD,HILL,WOW,,"HUGO,S-UNIWARD",2,0,0.9415935654523573,0.9089769213148676,0.03261664413748966,0.6010393719343734,0.4,2,0.9089769213148676,0.4,2,0.6943957057252599,0.4,2,0.9415935654523573,0.6,3,0.7679947971085667,0.6,3
COVER__test__734.pgm,734.pgm,COVER,0,MULTI_CANDIDATE,WOW,S-UNIWARD,WOW,S-UNIWARD,HILL,HUGO,MiPOD,,"WOW,S-UNIWARD,HILL,HUGO,MiPOD",5,0,1.0,1.0,0.0,1.0,1.0,5,1.0,1.0,5,1.0,1.0,5,1.0,1.0,5,1.0,1.0,5
COVER__test__7341.pgm,7341.pgm,COVER,0,MULTI_CANDIDATE,WOW,S-UNIWARD,WOW,S-UNIWARD,HILL,HUGO,MiPOD,,"WOW,S-UNIWARD,HILL,HUGO,MiPOD",5,0,1.0,1.0,0.0,1.0,1.0,5,1.0,1.0,5,1.0,1.0,5,1.0,1.0,5,1.0,1.0,5
COVER__test__7348.pgm,7348.pgm,COVER,0,UNKNOWN_OR_COVER,UNKNOWN,,HUGO,S-UNIWARD,MiPOD,HILL,WOW,,,0,0,0.878039524116773,0.8547475715734413,0.023291952543331718,0.5664859049488405,0.2,1,0.8547475715734413,0.4,2,0.6323060686880213,0.2,1,0.878039524116773,0.6,3,0.6916399766386914,0.2,1
COVER__test__7349.pgm,7349.pgm,COVER,0,MULTI_CANDIDATE,S-UNIWARD,HILL,S-UNIWARD,HILL,HUGO,MiPOD,WOW,,"S-UNIWARD,HILL,HUGO,MiPOD",4,0,0.9144229005321698,0.9144229005321698,0.0,0.7777571290906959,0.6,3,0.9144229005321698,0.8,4,0.9144229005321698,0.8,4,0.9144229005321698,0.8,4,0.9144229005321698,0.8,4
COVER__test__7354.pgm,7354.pgm,COVER,0,UNKNOWN_OR_COVER,UNKNOWN,,HUGO,S-UNIWARD,MiPOD,HILL,WOW,,,0,0,0.6944646224792989,0.6641240624133739,0.030340560065925004,0.3556059119042849,0.0,0,0.6641240624133739,0.0,0,0.44991407003200506,0.2,1,0.6944646224792989,0.2,1,0.52082358383325,0.2,1
COVER__test__7358.pgm,7358.pgm,COVER,0,UNKNOWN_OR_COVER,UNKNOWN,,HUGO,S-UNIWARD,MiPOD,HILL,WOW,,,0,0,0.8072115697681941,0.7801648771023784,0.02704669266581572,0.4684362482034885,0.2,1,0.7801648771023784,0.4,2,0.5599269960280562,0.4,2,0.8072115697681941,0.4,2,0.6308312492834193,0.4,2
COVER__test__7366.pgm,7366.pgm,COVER,0,MULTI_CANDIDATE,WOW,HILL,WOW,HILL,S-UNIWARD,MiPOD,HUGO,,"WOW,HILL,S-UNIWARD",3,0,1.0,0.9369594070007554,0.06304059299924458,1.0,1.0,5,0.914673603614944,0.6,3,0.9369594070007554,0.8,4,0.8007909073781313,0.6,3,0.8944744784057178,0.6,3
COVER__test__7369.pgm,7369.pgm,COVER,0,MULTI_CANDIDATE,S-UNIWARD,HILL,S-UNIWARD,HILL,HUGO,MiPOD,WOW,,"S-UNIWARD,HILL,HUGO,MiPOD",4,0,1.0,1.0,0.0,0.8626429449393445,0.8,4,1.0,1.0,5,1.0,1.0,5,1.0,1.0,5,1.0,1.0,5
COVER__test__7390.pgm,7390.pgm,COVER,0,UNKNOWN_OR_COVER,UNKNOWN,,HUGO,S-UNIWARD,MiPOD,HILL,WOW,,,0,0,0.7462975364957298,0.6975396136481777,0.04875792284755209,0.40682985584848746,0.0,0,0.6975396136481777,0.0,0,0.48449456813350367,0.0,0,0.7462975364957298,0.2,1,0.5558971907877005,0.0,0
COVER__test__7398.pgm,7398.pgm,COVER,0,MULTI_CANDIDATE,WOW,S-UNIWARD,WOW,S-UNIWARD,HILL,HUGO,MiPOD,,"WOW,S-UNIWARD,HILL,HUGO,MiPOD",5,0,1.0,1.0,0.0,1.0,1.0,5,1.0,1.0,5,1.0,1.0,5,1.0,1.0,5,1.0,1.0,5
COVER__test__7405.pgm,7405.pgm,COVER,0,MULTI_CANDIDATE,WOW,S-UNIWARD,WOW,S-UNIWARD,HILL,HUGO,MiPOD,,"WOW,S-UNIWARD,HILL,HUGO,MiPOD",5,0,1.0,1.0,0.0,1.0,1.0,5,1.0,1.0,5,1.0,1.0,5,1.0,1.0,5,1.0,1.0,5
COVER__test__7409.pgm,7409.pgm,COVER,0,MULTI_CANDIDATE,HUGO,S-UNIWARD,HUGO,S-UNIWARD,MiPOD,WOW,HILL,,"HUGO,S-UNIWARD,MiPOD",3,0,0.9846420754416435,0.9692099174021482,0.01543215803949527,0.8737628938748534,0.8,4,0.9692099174021482,0.8,4,0.8344744094937887,0.8,4,0.9846420754416435,0.8,4,0.9194962295314497,0.8,4
COVER__test__742.pgm,742.pgm,COVER,0,UNKNOWN_OR_COVER,UNKNOWN,,HUGO,S-UNIWARD,MiPOD,HILL,WOW,,,0,0,0.8458051275803875,0.7962832540619793,0.0495218735184082,0.504872815229647,0.0,0,0.7962832540619793,0.0,0,0.5778321809978602,0.0,0,0.8458051275803875,0.0,0,0.6523607795956343,0.0,0
COVER__test__7420.pgm,7420.pgm,COVER,0,MULTI_CANDIDATE,WOW,S-UNIWARD,WOW,S-UNIWARD,HILL,HUGO,MiPOD,,"WOW,S-UNIWARD,HILL,HUGO,MiPOD",5,0,1.0,1.0,0.0,1.0,1.0,5,1.0,1.0,5,1.0,1.0,5,1.0,1.0,5,1.0,1.0,5
COVER__test__7422.pgm,7422.pgm,COVER,0,MULTI_CANDIDATE,S-UNIWARD,HUGO,S-UNIWARD,HUGO,WOW,HILL,MiPOD,,"S-UNIWARD,HUGO,WOW",3,0,1.0,0.984163314136504,0.01583668586349596,0.9290172246438905,0.8,4,1.0,1.0,5,0.8896653075666541,0.8,4,0.984163314136504,0.8,4,0.8643800184485929,0.8,4
COVER__test__7424.pgm,7424.pgm,COVER,0,MULTI_CANDIDATE,S-UNIWARD,HUGO,S-UNIWARD,HUGO,MiPOD,WOW,HILL,,"S-UNIWARD,HUGO",2,0,1.0,1.0,0.0,0.8180963899574655,0.6,3,1.0,1.0,5,0.8067080461956321,0.6,3,1.0,1.0,5,0.8751219567751167,0.8,4
COVER__test__7425.pgm,7425.pgm,COVER,0,MULTI_CANDIDATE,WOW,S-UNIWARD,WOW,S-UNIWARD,HILL,HUGO,MiPOD,,"WOW,S-UNIWARD,HILL,HUGO,MiPOD",5,0,1.0,1.0,0.0,1.0,1.0,5,1.0,1.0,5,1.0,1.0,5,1.0,1.0,5,1.0,1.0,5
COVER__test__7428.pgm,7428.pgm,COVER,0,MULTI_CANDIDATE,HUGO,S-UNIWARD,HUGO,S-UNIWARD,MiPOD,WOW,HILL,,"HUGO,S-UNIWARD",2,0,0.9439544078501939,0.9256815537629001,0.018272854087293844,0.719054937431375,0.4,2,0.9256815537629001,0.6,3,0.6968168762352746,0.6,3,0.9439544078501939,0.8,4,0.7770938930948103,0.6,3
COVER__test__7430.pgm,7430.pgm,COVER,0,MULTI_CANDIDATE,WOW,S-UNIWARD,WOW,S-UNIWARD,HILL,HUGO,MiPOD,,"WOW,S-UNIWARD,HILL,HUGO,MiPOD",5,0,1.0,1.0,0.0,1.0,1.0,5,1.0,1.0,5,1.0,1.0,5,1.0,1.0,5,1.0,1.0,5
COVER__test__7432.pgm,7432.pgm,COVER,0,UNKNOWN_OR_COVER,UNKNOWN,,HUGO,S-UNIWARD,MiPOD,HILL,WOW,,,0,0,0.7653286719001637,0.7315482367909788,0.033780435109184936,0.42788111870325773,0.0,0,0.7315482367909788,0.0,0,0.518764865801287,0.0,0,0.7653286719001637,0.0,0,0.5908121065689309,0.0,0
COVER__test__7438.pgm,7438.pgm,COVER,0,UNKNOWN_OR_COVER,UNKNOWN,,HUGO,S-UNIWARD,MiPOD,HILL,WOW,,,0,0,0.8083803500280222,0.7570902059265754,0.05129014410144683,0.4646425987187044,0.0,0,0.7570902059265754,0.0,0,0.5388327873598758,0.0,0,0.8083803500280222,0.2,1,0.6118624486577025,0.0,0
COVER__test__7451.pgm,7451.pgm,COVER,0,UNKNOWN_OR_COVER,UNKNOWN,,HUGO,S-UNIWARD,MiPOD,HILL,WOW,,,0,0,0.8264521954339143,0.7917841801734374,0.034668015260476914,0.4820754295753196,0.2,1,0.7917841801734374,0.2,1,0.5721706171738823,0.2,1,0.8264521954339143,0.2,1,0.6469688764553407,0.2,1
COVER__test__7453.pgm,7453.pgm,COVER,0,SINGLE_CANDIDATE,HUGO,,HUGO,S-UNIWARD,MiPOD,HILL,WOW,,HUGO,1,0,0.9079477368569331,0.8820736713981058,0.02587406545882731,0.5797409406302692,0.2,1,0.8820736713981058,0.4,2,0.6712065213768121,0.4,2,0.9079477368569331,0.4,2,0.7399101113346512,0.4,2
COVER__test__7458.pgm,7458.pgm,COVER,0,MULTI_CANDIDATE,HUGO,HILL,HUGO,HILL,S-UNIWARD,MiPOD,WOW,,"HUGO,HILL,S-UNIWARD,MiPOD",4,0,1.0,0.9990363167208265,0.0009636832791735106,0.8384509730909009,0.8,4,0.9942670994183096,0.8,4,0.9990363167208265,0.8,4,1.0,1.0,5,0.9552830621586825,0.8,4
COVER__test__7459.pgm,7459.pgm,COVER,0,MULTI_CANDIDATE,WOW,S-UNIWARD,WOW,S-UNIWARD,HILL,HUGO,MiPOD,,"WOW,S-UNIWARD,HILL,HUGO,MiPOD",5,0,1.0,1.0,0.0,1.0,1.0,5,1.0,1.0,5,1.0,1.0,5,1.0,1.0,5,1.0,1.0,5
COVER__test__746.pgm,746.pgm,COVER,0,MULTI_CANDIDATE,S-UNIWARD,HUGO,S-UNIWARD,HUGO,MiPOD,WOW,HILL,,"S-UNIWARD,HUGO,MiPOD",3,0,1.0,1.0,0.0,0.8581545655799939,0.6,3,1.0,1.0,5,0.8567480210613756,0.8,4,1.0,1.0,5,0.9967016882893226,0.8,4
COVER__test__7474.pgm,7474.pgm,COVER,0,MULTI_CANDIDATE,WOW,S-UNIWARD,WOW,S-UNIWARD,HILL,HUGO,MiPOD,,"WOW,S-UNIWARD,HILL,HUGO,MiPOD",5,0,1.0,1.0,0.0,1.0,1.0,5,1.0,1.0,5,1.0,1.0,5,1.0,1.0,5,1.0,1.0,5
COVER__test__7478.pgm,7478.pgm,COVER,0,MULTI_CANDIDATE,WOW,S-UNIWARD,WOW,S-UNIWARD,HILL,HUGO,MiPOD,,"WOW,S-UNIWARD,HILL,HUGO,MiPOD",5,0,1.0,1.0,0.0,1.0,1.0,5,1.0,1.0,5,1.0,1.0,5,1.0,1.0,5,1.0,1.0,5
COVER__test__7483.pgm,7483.pgm,COVER,0,MULTI_CANDIDATE,WOW,S-UNIWARD,WOW,S-UNIWARD,HUGO,MiPOD,HILL,,"WOW,S-UNIWARD,HUGO,MiPOD,HILL",5,0,1.0,1.0,0.0,1.0,1.0,5,1.0,1.0,5,0.9959497078074598,0.8,4,1.0,1.0,5,1.0,1.0,5
COVER__test__7484.pgm,7484.pgm,COVER,0,MULTI_CANDIDATE,WOW,S-UNIWARD,WOW,S-UNIWARD,HILL,HUGO,MiPOD,,"WOW,S-UNIWARD,HILL,HUGO,MiPOD",5,0,0.9144229005321698,0.9144229005321698,0.0,0.9144229005321698,0.8,4,0.9144229005321698,0.8,4,0.9144229005321698,0.8,4,0.9144229005321698,0.8,4,0.9144229005321698,0.8,4
COVER__test__7490.pgm,7490.pgm,COVER,0,MULTI_CANDIDATE,WOW,S-UNIWARD,WOW,S-UNIWARD,HILL,HUGO,MiPOD,,"WOW,S-UNIWARD,HILL,HUGO,MiPOD",5,0,1.0,1.0,0.0,1.0,1.0,5,1.0,1.0,5,1.0,1.0,5,1.0,1.0,5,1.0,1.0,5
COVER__test__7493.pgm,7493.pgm,COVER,0,MULTI_CANDIDATE,WOW,S-UNIWARD,WOW,S-UNIWARD,HILL,HUGO,MiPOD,,"WOW,S-UNIWARD,HILL,HUGO,MiPOD",5,0,1.0,1.0,0.0,1.0,1.0,5,1.0,1.0,5,1.0,1.0,5,1.0,1.0,5,1.0,1.0,5
COVER__test__7499.pgm,7499.pgm,COVER,0,MULTI_CANDIDATE,WOW,S-UNIWARD,WOW,S-UNIWARD,HILL,HUGO,MiPOD,,"WOW,S-UNIWARD,HILL,HUGO,MiPOD",5,0,1.0,1.0,0.0,1.0,1.0,5,1.0,1.0,5,1.0,1.0,5,1.0,1.0,5,1.0,1.0,5
COVER__test__7511.pgm,7511.pgm,COVER,0,MULTI_CANDIDATE,WOW,S-UNIWARD,WOW,S-UNIWARD,HILL,HUGO,MiPOD,,"WOW,S-UNIWARD,HILL,HUGO,MiPOD",5,0,1.0,1.0,0.0,1.0,1.0,5,1.0,1.0,5,1.0,1.0,5,1.0,1.0,5,1.0,1.0,5
COVER__test__7512.pgm,7512.pgm,COVER,0,MULTI_CANDIDATE,WOW,S-UNIWARD,WOW,S-UNIWARD,HILL,HUGO,MiPOD,,"WOW,S-UNIWARD,HILL,HUGO,MiPOD",5,0,1.0,1.0,0.0,1.0,1.0,5,1.0,1.0,5,1.0,1.0,5,1.0,1.0,5,1.0,1.0,5
COVER__test__7513.pgm,7513.pgm,COVER,0,MULTI_CANDIDATE,S-UNIWARD,HILL,S-UNIWARD,HILL,HUGO,MiPOD,WOW,,"S-UNIWARD,HILL,HUGO,MiPOD,WOW",5,0,1.0,1.0,0.0,0.9973111010439852,0.8,4,1.0,1.0,5,1.0,1.0,5,1.0,1.0,5,1.0,1.0,5
COVER__test__7516.pgm,7516.pgm,COVER,0,MULTI_CANDIDATE,WOW,S-UNIWARD,WOW,S-UNIWARD,HILL,HUGO,MiPOD,,"WOW,S-UNIWARD,HILL,HUGO,MiPOD",5,0,1.0,1.0,0.0,1.0,1.0,5,1.0,1.0,5,1.0,1.0,5,1.0,1.0,5,1.0,1.0,5
COVER__test__7518.pgm,7518.pgm,COVER,0,MULTI_CANDIDATE,WOW,S-UNIWARD,WOW,S-UNIWARD,HILL,HUGO,MiPOD,,"WOW,S-UNIWARD,HILL,HUGO,MiPOD",5,0,1.0,1.0,0.0,1.0,1.0,5,1.0,1.0,5,1.0,1.0,5,1.0,1.0,5,1.0,1.0,5
COVER__test__7519.pgm,7519.pgm,COVER,0,MULTI_CANDIDATE,WOW,S-UNIWARD,WOW,S-UNIWARD,HILL,HUGO,MiPOD,,"WOW,S-UNIWARD,HILL,HUGO,MiPOD",5,0,1.0,1.0,0.0,1.0,1.0,5,1.0,1.0,5,1.0,1.0,5,1.0,1.0,5,1.0,1.0,5
COVER__test__7524.pgm,7524.pgm,COVER,0,MULTI_CANDIDATE,WOW,S-UNIWARD,WOW,S-UNIWARD,HILL,HUGO,MiPOD,,"WOW,S-UNIWARD,HILL,HUGO,MiPOD",5,0,0.9788654982688876,0.9788654982688876,0.0,0.9788654982688876,0.8,4,0.9788654982688876,0.8,4,0.9788654982688876,0.8,4,0.9788654982688876,0.8,4,0.9788654982688876,0.8,4
COVER__test__7526.pgm,7526.pgm,COVER,0,MULTI_CANDIDATE,WOW,S-UNIWARD,WOW,S-UNIWARD,HILL,HUGO,MiPOD,,"WOW,S-UNIWARD,HILL,HUGO,MiPOD",5,0,0.9788654982688876,0.9788654982688876,0.0,0.9788654982688876,0.8,4,0.9788654982688876,0.8,4,0.9788654982688876,0.8,4,0.9788654982688876,0.8,4,0.9788654982688876,0.8,4
COVER__test__7531.pgm,7531.pgm,COVER,0,MULTI_CANDIDATE,WOW,S-UNIWARD,WOW,S-UNIWARD,HILL,HUGO,MiPOD,,"WOW,S-UNIWARD,HILL,HUGO,MiPOD",5,0,0.9023315333864194,0.9023315333864194,0.0,0.9023315333864194,0.8,4,0.9023315333864194,0.8,4,0.9023315333864194,0.8,4,0.9023315333864194,0.8,4,0.9023315333864194,0.8,4
COVER__test__7532.pgm,7532.pgm,COVER,0,MULTI_CANDIDATE,WOW,S-UNIWARD,WOW,S-UNIWARD,HILL,HUGO,MiPOD,,"WOW,S-UNIWARD,HILL,HUGO,MiPOD",5,0,1.0,1.0,0.0,1.0,1.0,5,1.0,1.0,5,1.0,1.0,5,1.0,1.0,5,1.0,1.0,5
COVER__test__7536.pgm,7536.pgm,COVER,0,MULTI_CANDIDATE,HUGO,S-UNIWARD,HUGO,S-UNIWARD,MiPOD,HILL,WOW,,"HUGO,S-UNIWARD",2,0,0.9395210444028127,0.9063863034087015,0.03313474099411118,0.6003543653765585,0.4,2,0.9063863034087015,0.4,2,0.6936244748709804,0.4,2,0.9395210444028127,0.6,3,0.7654506155277601,0.4,2
COVER__test__7539.pgm,7539.pgm,COVER,0,UNKNOWN_OR_COVER,UNKNOWN,,HUGO,S-UNIWARD,MiPOD,HILL,WOW,,,0,0,0.8972960027054523,0.865033266023745,0.032262736681707316,0.5587665188563272,0.2,1,0.865033266023745,0.2,1,0.6528799051728075,0.2,1,0.8972960027054523,0.4,2,0.7243797578273912,0.4,2
COVER__test__7540.pgm,7540.pgm,COVER,0,MULTI_CANDIDATE,HUGO,S-UNIWARD,HUGO,S-UNIWARD,MiPOD,HILL,WOW,,"HUGO,S-UNIWARD",2,0,0.9380326948622996,0.9046040749119821,0.03342861995031743,0.5994470176278753,0.4,2,0.9046040749119821,0.4,2,0.6926517044142178,0.4,2,0.9380326948622996,0.6,3,0.7645450623883425,0.4,2
COVER__test__7548.pgm,7548.pgm,COVER,0,MULTI_CANDIDATE,HUGO,S-UNIWARD,HUGO,S-UNIWARD,MiPOD,HILL,WOW,,"HUGO,S-UNIWARD",2,0,0.946487986165606,0.9145076528090786,0.03198033335652739,0.6037006803844619,0.4,2,0.9145076528090786,0.4,2,0.6968842934288026,0.6,3,0.946487986165606,0.6,3,0.770135344674017,0.6,3
COVER__test__7555.pgm,7555.pgm,COVER,0,MULTI_CANDIDATE,HUGO,S-UNIWARD,HUGO,S-UNIWARD,MiPOD,HILL,WOW,,"HUGO,S-UNIWARD",2,0,0.9423394278248587,0.9082066545690284,0.034132773255830307,0.6017047895281719,0.4,2,0.9082066545690284,0.4,2,0.6930418460008925,0.4,2,0.9423394278248587,0.4,2,0.765818120921206,0.4,2
COVER__test__7573.pgm,7573.pgm,COVER,0,MULTI_CANDIDATE,WOW,S-UNIWARD,WOW,S-UNIWARD,HILL,HUGO,MiPOD,,"WOW,S-UNIWARD,HILL,HUGO,MiPOD",5,0,1.0,1.0,0.0,1.0,1.0,5,1.0,1.0,5,1.0,1.0,5,1.0,1.0,5,1.0,1.0,5
COVER__test__7583.pgm,7583.pgm,COVER,0,UNKNOWN_OR_COVER,UNKNOWN,,HUGO,S-UNIWARD,MiPOD,HILL,WOW,,,0,0,0.7348713635984714,0.6942947853383077,0.0405765782601637,0.3947658776124083,0.0,0,0.6942947853383077,0.2,1,0.4736620935191332,0.2,1,0.7348713635984714,0.2,1,0.546137993977722,0.2,1
COVER__test__7606.pgm,7606.pgm,COVER,0,MULTI_CANDIDATE,HUGO,S-UNIWARD,HUGO,S-UNIWARD,MiPOD,HILL,WOW,,"HUGO,S-UNIWARD",2,0,0.944089430472526,0.9098069993413638,0.03428243113116225,0.6031221784584674,0.4,2,0.9098069993413638,0.4,2,0.6933868962934738,0.4,2,0.944089430472526,0.4,2,0.7655543814470238,0.4,2
COVER__test__7608.pgm,7608.pgm,COVER,0,MULTI_CANDIDATE,S-UNIWARD,HUGO,S-UNIWARD,HUGO,MiPOD,HILL,WOW,,"S-UNIWARD,HUGO,MiPOD",3,0,1.0,1.0,0.0,0.7800969839298302,0.6,3,1.0,1.0,5,0.861812248102984,0.8,4,1.0,1.0,5,1.0,1.0,5
COVER__test__7613.pgm,7613.pgm,COVER,0,MULTI_CANDIDATE,HUGO,MiPOD,HUGO,MiPOD,HILL,S-UNIWARD,WOW,,"HUGO,MiPOD,HILL,S-UNIWARD",4,0,0.9950186479051283,0.9936639508449285,0.00135469706019975,0.8372135800360316,0.8,4,0.9880153783229423,0.8,4,0.9926311171594303,0.8,4,0.9950186479051283,0.8,4,0.9936639508449285,0.8,4
COVER__test__7617.pgm,7617.pgm,COVER,0,MULTI_CANDIDATE,WOW,S-UNIWARD,WOW,S-UNIWARD,HILL,HUGO,MiPOD,,"WOW,S-UNIWARD,HILL,HUGO,MiPOD",5,0,1.0,1.0,0.0,1.0,1.0,5,1.0,1.0,5,1.0,1.0,5,1.0,1.0,5,1.0,1.0,5
COVER__test__7621.pgm,7621.pgm,COVER,0,MULTI_CANDIDATE,WOW,S-UNIWARD,WOW,S-UNIWARD,HILL,HUGO,MiPOD,,"WOW,S-UNIWARD,HILL,HUGO,MiPOD",5,0,1.0,1.0,0.0,1.0,1.0,5,1.0,1.0,5,1.0,1.0,5,1.0,1.0,5,1.0,1.0,5
COVER__test__763.pgm,763.pgm,COVER,0,MULTI_CANDIDATE,WOW,S-UNIWARD,WOW,S-UNIWARD,HILL,HUGO,MiPOD,,"WOW,S-UNIWARD,HILL,HUGO,MiPOD",5,0,1.0,1.0,0.0,1.0,1.0,5,1.0,1.0,5,1.0,1.0,5,1.0,1.0,5,1.0,1.0,5
COVER__test__7634.pgm,7634.pgm,COVER,0,UNKNOWN_OR_COVER,UNKNOWN,,HUGO,S-UNIWARD,MiPOD,HILL,WOW,,,0,0,0.7884321346436429,0.7546094244577258,0.03382271018591709,0.44987824437519086,0.2,1,0.7546094244577258,0.2,1,0.5420133869684068,0.2,1,0.7884321346436429,0.2,1,0.6137942099323304,0.2,1
COVER__test__7641.pgm,7641.pgm,COVER,0,MULTI_CANDIDATE,WOW,S-UNIWARD,WOW,S-UNIWARD,HILL,HUGO,MiPOD,,"WOW,S-UNIWARD,HILL,HUGO,MiPOD",5,0,1.0,1.0,0.0,1.0,1.0,5,1.0,1.0,5,1.0,1.0,5,1.0,1.0,5,1.0,1.0,5
COVER__test__7645.pgm,7645.pgm,COVER,0,MULTI_CANDIDATE,HUGO,S-UNIWARD,HUGO,S-UNIWARD,MiPOD,HILL,WOW,,"HUGO,S-UNIWARD",2,0,0.9344667395779769,0.9045525723133482,0.0299141672646287,0.5989927165027863,0.4,2,0.9045525723133482,0.4,2,0.6944981981258432,0.6,3,0.9344667395779769,0.6,3,0.7625934726104344,0.6,3
COVER__test__7656.pgm,7656.pgm,COVER,0,MULTI_CANDIDATE,HUGO,S-UNIWARD,HUGO,S-UNIWARD,MiPOD,HILL,WOW,,"HUGO,S-UNIWARD",2,0,0.9319085392060813,0.9057929262493601,0.026115612956721157,0.6415910909708271,0.4,2,0.9057929262493601,0.6,3,0.6927677218707202,0.6,3,0.9319085392060813,0.6,3,0.763043477056222,0.6,3
COVER__test__7657.pgm,7657.pgm,COVER,0,MULTI_CANDIDATE,S-UNIWARD,HUGO,S-UNIWARD,HUGO,MiPOD,HILL,WOW,,"S-UNIWARD,HUGO,MiPOD,HILL,WOW",5,0,1.0,1.0,0.0,0.9273197550275644,0.8,4,1.0,1.0,5,0.9446385535447096,0.8,4,1.0,1.0,5,1.0,1.0,5
COVER__test__7662.pgm,7662.pgm,COVER,0,MULTI_CANDIDATE,S-UNIWARD,HILL,S-UNIWARD,HILL,HUGO,MiPOD,WOW,,"S-UNIWARD,HILL,HUGO,MiPOD",4,0,1.0,1.0,0.0,0.8702619114040658,0.8,4,1.0,1.0,5,1.0,1.0,5,1.0,1.0,5,1.0,1.0,5
COVER__test__7663.pgm,7663.pgm,COVER,0,MULTI_CANDIDATE,HUGO,S-UNIWARD,HUGO,S-UNIWARD,MiPOD,HILL,WOW,,"HUGO,S-UNIWARD,MiPOD",3,0,0.9717966744758524,0.9484038555409395,0.02339281893491285,0.6944791614033597,0.4,2,0.9484038555409395,0.4,2,0.8109986401884332,0.4,2,0.9717966744758524,0.4,2,0.9017150118533905,0.4,2
COVER__test__7684.pgm,7684.pgm,COVER,0,UNKNOWN_OR_COVER,UNKNOWN,,HUGO,S-UNIWARD,MiPOD,HILL,WOW,,,0,0,0.7695308009382662,0.7357665954257585,0.033764205512507695,0.4311768609439386,0.0,0,0.7357665954257585,0.0,0,0.5235539721874358,0.0,0,0.7695308009382662,0.0,0,0.5958132164352389,0.0,0
COVER__test__7686.pgm,7686.pgm,COVER,0,MULTI_CANDIDATE,S-UNIWARD,HILL,S-UNIWARD,HILL,HUGO,MiPOD,WOW,,"S-UNIWARD,HILL,HUGO,MiPOD,WOW",5,0,1.0,1.0,0.0,0.9044010300022857,0.8,4,1.0,1.0,5,1.0,1.0,5,1.0,1.0,5,1.0,1.0,5
COVER__test__7688.pgm,7688.pgm,COVER,0,MULTI_CANDIDATE,WOW,S-UNIWARD,WOW,S-UNIWARD,HILL,HUGO,MiPOD,,"WOW,S-UNIWARD,HILL,HUGO,MiPOD",5,0,1.0,1.0,0.0,1.0,1.0,5,1.0,1.0,5,1.0,1.0,5,1.0,1.0,5,1.0,1.0,5
COVER__test__7689.pgm,7689.pgm,COVER,0,MULTI_CANDIDATE,WOW,S-UNIWARD,WOW,S-UNIWARD,HILL,HUGO,MiPOD,,"WOW,S-UNIWARD,HILL,HUGO,MiPOD",5,0,1.0,1.0,0.0,1.0,1.0,5,1.0,1.0,5,1.0,1.0,5,1.0,1.0,5,1.0,1.0,5
COVER__test__769.pgm,769.pgm,COVER,0,MULTI_CANDIDATE,HILL,HUGO,HILL,HUGO,MiPOD,S-UNIWARD,WOW,,"HILL,HUGO,MiPOD,S-UNIWARD",4,0,1.0,1.0,0.0,0.8390155374068626,0.8,4,0.9971194660369054,0.8,4,1.0,1.0,5,1.0,1.0,5,1.0,1.0,5
COVER__test__7693.pgm,7693.pgm,COVER,0,MULTI_CANDIDATE,HILL,HUGO,HILL,HUGO,MiPOD,S-UNIWARD,WOW,,"HILL,HUGO,MiPOD,S-UNIWARD",4,0,1.0,1.0,0.0,0.8390322683668245,0.8,4,0.9972039964089863,0.8,4,1.0,1.0,5,1.0,1.0,5,1.0,1.0,5
COVER__test__7702.pgm,7702.pgm,COVER,0,MULTI_CANDIDATE,S-UNIWARD,HUGO,S-UNIWARD,HUGO,MiPOD,HILL,WOW,,"S-UNIWARD,HUGO,MiPOD",3,0,1.0,1.0,0.0,0.7860123616371337,0.6,3,1.0,1.0,5,0.8567480210613756,0.8,4,1.0,1.0,5,0.9967016882893226,0.8,4
COVER__test__7703.pgm,7703.pgm,COVER,0,MULTI_CANDIDATE,S-UNIWARD,WOW,S-UNIWARD,WOW,HUGO,HILL,MiPOD,,"S-UNIWARD,WOW,HUGO,HILL",4,0,1.0,0.9923635904015861,0.00763640959841394,0.9923635904015861,0.8,4,1.0,1.0,5,0.9336902149739498,0.8,4,0.9617341144638172,0.8,4,0.8959900628235857,0.8,4
COVER__test__7704.pgm,7704.pgm,COVER,0,MULTI_CANDIDATE,S-UNIWARD,HILL,S-UNIWARD,HILL,HUGO,MiPOD,WOW,,"S-UNIWARD,HILL,HUGO,MiPOD",4,0,1.0,1.0,0.0,0.840721034287418,0.8,4,1.0,1.0,5,1.0,1.0,5,1.0,1.0,5,1.0,1.0,5
COVER__test__7707.pgm,7707.pgm,COVER,0,MULTI_CANDIDATE,HUGO,S-UNIWARD,HUGO,S-UNIWARD,MiPOD,HILL,WOW,,"HUGO,S-UNIWARD",2,0,0.9382663427827271,0.9069634763971705,0.03130286638555668,0.5997458483615783,0.4,2,0.9069634763971705,0.4,2,0.6945308673261792,0.6,3,0.9382663427827271,0.6,3,0.7661898940459576,0.6,3
COVER__test__7712.pgm,7712.pgm,COVER,0,MULTI_CANDIDATE,S-UNIWARD,HUGO,S-UNIWARD,HUGO,MiPOD,WOW,HILL,,"S-UNIWARD,HUGO,MiPOD",3,0,0.9762131077882055,0.9126461734234818,0.06356693436472372,0.8797557099701983,0.6,3,0.9762131077882055,0.6,3,0.8368532590826042,0.6,3,0.9126461734234818,0.6,3,0.9059536933451515,0.4,2
COVER__test__7713.pgm,7713.pgm,COVER,0,UNKNOWN_OR_COVER,UNKNOWN,,HUGO,S-UNIWARD,MiPOD,HILL,WOW,,,0,0,0.896481303538127,0.8626821835259719,0.033799120012155126,0.5584791202517002,0.2,1,0.8626821835259719,0.2,1,0.6500422362338274,0.2,1,0.896481303538127,0.2,1,0.7218802946302632,0.2,1
COVER__test__7729.pgm,7729.pgm,COVER,0,MULTI_CANDIDATE,HUGO,S-UNIWARD,HUGO,S-UNIWARD,MiPOD,HILL,WOW,,"HUGO,S-UNIWARD",2,0,0.9953075976939101,0.9811883662309565,0.014119231462953574,0.7012275045871897,0.4,2,0.9811883662309565,0.8,4,0.7475198742800593,0.6,3,0.9953075976939101,0.8,4,0.8561805146661803,0.8,4
COVER__test__7733.pgm,7733.pgm,COVER,0,SINGLE_CANDIDATE,S-UNIWARD,,S-UNIWARD,WOW,HUGO,MiPOD,HILL,,S-UNIWARD,1,0,0.9670388686020196,0.8835606677981026,0.08347820080391699,0.8835606677981026,0.8,4,0.9670388686020196,0.6,3,0.7793087240152785,0.6,3,0.8740624752039224,0.8,4,0.8425561086498448,0.6,3
COVER__test__7734.pgm,7734.pgm,COVER,0,UNKNOWN_OR_COVER,UNKNOWN,,HUGO,S-UNIWARD,MiPOD,HILL,WOW,,,0,0,0.729118690973883,0.6954243342734949,0.03369435670038812,0.39199674642315835,0.0,0,0.6954243342734949,0.0,0,0.4834211741350522,0.0,0,0.729118690973883,0.0,0,0.5553956231442242,0.0,0
COVER__test__7736.pgm,7736.pgm,COVER,0,UNKNOWN_OR_COVER,UNKNOWN,,HUGO,S-UNIWARD,MiPOD,HILL,WOW,,,0,0,0.7704073070439954,0.7367602544034189,0.03364705264057655,0.4297062369543636,0.0,0,0.7367602544034189,0.0,0,0.5222214152826562,0.0,0,0.7704073070439954,0.2,1,0.5957757623910891,0.0,0
COVER__test__7740.pgm,7740.pgm,COVER,0,MULTI_CANDIDATE,HUGO,S-UNIWARD,HUGO,S-UNIWARD,HILL,MiPOD,WOW,,"HUGO,S-UNIWARD",2,0,0.9557819161839445,0.944520086340588,0.011261829843356441,0.7336956455618753,0.6,3,0.944520086340588,0.8,4,0.8624103994899193,0.8,4,0.9557819161839445,0.8,4,0.8448108948665374,0.8,4
COVER__test__7752.pgm,7752.pgm,COVER,0,MULTI_CANDIDATE,S-UNIWARD,HUGO,S-UNIWARD,HUGO,MiPOD,HILL,WOW,,"S-UNIWARD,HUGO,MiPOD,HILL",4,0,1.0,1.0,0.0,0.8421394376738597,0.8,4,1.0,1.0,5,0.9041043683269834,0.8,4,1.0,1.0,5,1.0,1.0,5
COVER__test__7756.pgm,7756.pgm,COVER,0,MULTI_CANDIDATE,S-UNIWARD,HILL,S-UNIWARD,HILL,HUGO,MiPOD,WOW,,"S-UNIWARD,HILL,HUGO,MiPOD",4,0,1.0,1.0,0.0,0.8416318717821607,0.8,4,1.0,1.0,5,1.0,1.0,5,1.0,1.0,5,1.0,1.0,5
COVER__test__7764.pgm,7764.pgm,COVER,0,MULTI_CANDIDATE,HUGO,S-UNIWARD,HUGO,S-UNIWARD,MiPOD,HILL,WOW,,"HUGO,S-UNIWARD",2,0,0.9359663614699624,0.9031915264446357,0.03277483502532663,0.5981201930714356,0.4,2,0.9031915264446357,0.4,2,0.6920679065369456,0.4,2,0.9359663614699624,0.6,3,0.7649705218926981,0.4,2
COVER__test__7773.pgm,7773.pgm,COVER,0,UNKNOWN_OR_COVER,UNKNOWN,,HUGO,S-UNIWARD,MiPOD,HILL,WOW,,,0,0,0.7165968174678222,0.6827837916520084,0.0338130258158138,0.3778178636734887,0.0,0,0.6827837916520084,0.0,0,0.47047530228950596,0.0,0,0.7165968174678222,0.0,0,0.5420237401925638,0.0,0
COVER__test__7775.pgm,7775.pgm,COVER,0,UNKNOWN_OR_COVER,UNKNOWN,,S-UNIWARD,HUGO,MiPOD,HILL,WOW,,,0,0,0.8692225416629225,0.8692225416629225,0.0,0.7300031115096133,0.6,3,0.8692225416629225,0.8,4,0.8427628667230792,0.6,3,0.8692225416629225,0.8,4,0.8692225416629225,0.8,4
COVER__test__7778.pgm,7778.pgm,COVER,0,MULTI_CANDIDATE,HUGO,S-UNIWARD,HUGO,S-UNIWARD,MiPOD,HILL,WOW,,"HUGO,S-UNIWARD",2,0,0.9829301613924921,0.955929766770474,0.027000394622018087,0.6272634379077122,0.4,2,0.955929766770474,0.4,2,0.7121242637524741,0.6,3,0.9829301613924921,0.8,4,0.787240010303026,0.6,3
COVER__test__7783.pgm,7783.pgm,COVER,0,UNKNOWN_OR_COVER,UNKNOWN,,HUGO,S-UNIWARD,MiPOD,HILL,WOW,,,0,0,0.8817826782155201,0.8323218430488966,0.049460835166623585,0.5406558145298301,0.0,0,0.8323218430488966,0.0,0,0.6151926018168664,0.2,1,0.8817826782155201,0.2,1,0.6872656990945003,0.2,1
COVER__test__7786.pgm,7786.pgm,COVER,0,UNKNOWN_OR_COVER,UNKNOWN,,HUGO,S-UNIWARD,MiPOD,HILL,WOW,,,0,0,0.8964320564776393,0.8626361229119706,0.03379593356566879,0.5584068961306128,0.2,1,0.8626361229119706,0.2,1,0.6500113546402295,0.2,1,0.8964320564776393,0.2,1,0.7219520868858691,0.2,1
COVER__test__7799.pgm,7799.pgm,COVER,0,UNKNOWN_OR_COVER,UNKNOWN,,HUGO,S-UNIWARD,MiPOD,HILL,WOW,,,0,0,0.7143257409435,0.6806016963799744,0.033724044563525624,0.37725814140228436,0.0,0,0.6806016963799744,0.0,0,0.46834675308493356,0.0,0,0.7143257409435,0.0,0,0.5400053240781766,0.0,0
COVER__test__7802.pgm,7802.pgm,COVER,0,UNKNOWN_OR_COVER,UNKNOWN,,HUGO,S-UNIWARD,MiPOD,HILL,WOW,,,0,0,0.803483803223048,0.7551722762806989,0.04831152694234908,0.45931062448839777,0.0,0,0.7551722762806989,0.0,0,0.5339298538498084,0.0,0,0.803483803223048,0.0,0,0.6094000174055609,0.0,0
COVER__test__7806.pgm,7806.pgm,COVER,0,MULTI_CANDIDATE,HUGO,S-UNIWARD,HUGO,S-UNIWARD,MiPOD,HILL,WOW,,"HUGO,S-UNIWARD,MiPOD",3,0,1.0,0.9788654982688876,0.02113450173111242,0.7512931551424826,0.6,3,0.9788654982688876,0.8,4,0.8202575697328995,0.6,3,1.0,1.0,5,0.9223399346718356,0.6,3
COVER__test__7807.pgm,7807.pgm,COVER,0,MULTI_CANDIDATE,HUGO,S-UNIWARD,HUGO,S-UNIWARD,MiPOD,HILL,WOW,,"HUGO,S-UNIWARD",2,0,0.9495472458446323,0.9022345546857776,0.047312691158854725,0.6469096593777093,0.2,1,0.9022345546857776,0.4,2,0.6565870449856966,0.4,2,0.9495472458446323,0.4,2,0.7266387691526184,0.4,2
COVER__test__7810.pgm,7810.pgm,COVER,0,MULTI_CANDIDATE,HUGO,MiPOD,HUGO,MiPOD,HILL,S-UNIWARD,WOW,,"HUGO,MiPOD,HILL",3,0,0.9256717215826583,0.9031500227364819,0.022521698846176386,0.7640808085130038,0.6,3,0.8973659373221586,0.4,2,0.9020924107057506,0.4,2,0.9256717215826583,0.6,3,0.9031500227364819,0.4,2
COVER__test__7814.pgm,7814.pgm,COVER,0,SINGLE_CANDIDATE,HUGO,,HUGO,S-UNIWARD,MiPOD,HILL,WOW,,HUGO,1,0,0.944125420970481,0.8912895082767506,0.05283591269373045,0.6025131641322613,0.4,2,0.8912895082767506,0.2,1,0.6717013647814395,0.2,1,0.944125420970481,0.6,3,0.7498288244859858,0.2,1
COVER__test__782.pgm,782.pgm,COVER,0,MULTI_CANDIDATE,WOW,S-UNIWARD,WOW,S-UNIWARD,HILL,HUGO,MiPOD,,"WOW,S-UNIWARD,HILL,HUGO,MiPOD",5,0,1.0,1.0,0.0,1.0,1.0,5,1.0,1.0,5,1.0,1.0,5,1.0,1.0,5,1.0,1.0,5
COVER__test__7821.pgm,7821.pgm,COVER,0,MULTI_CANDIDATE,WOW,S-UNIWARD,WOW,S-UNIWARD,HILL,MiPOD,HUGO,,"WOW,S-UNIWARD,HILL,MiPOD,HUGO",5,0,0.9279429381287235,0.9279429381287235,0.0,0.9279429381287235,0.8,4,0.9279429381287235,0.8,4,0.9279429381287235,0.8,4,0.9132285381141957,0.6,3,0.9279429381287235,0.8,4
COVER__test__784.pgm,784.pgm,COVER,0,MULTI_CANDIDATE,WOW,S-UNIWARD,WOW,S-UNIWARD,HILL,HUGO,MiPOD,,"WOW,S-UNIWARD,HILL,HUGO,MiPOD",5,0,1.0,1.0,0.0,1.0,1.0,5,1.0,1.0,5,1.0,1.0,5,1.0,1.0,5,1.0,1.0,5
COVER__test__7844.pgm,7844.pgm,COVER,0,UNKNOWN_OR_COVER,UNKNOWN,,HUGO,S-UNIWARD,MiPOD,HILL,WOW,,,0,0,0.8854196329182175,0.8511813675729012,0.034238265345316266,0.5447118534903089,0.2,1,0.8511813675729012,0.2,1,0.6343056667040721,0.2,1,0.8854196329182175,0.2,1,0.7091438875033746,0.2,1
COVER__test__7849.pgm,7849.pgm,COVER,0,MULTI_CANDIDATE,S-UNIWARD,HUGO,S-UNIWARD,HUGO,MiPOD,HILL,WOW,,"S-UNIWARD,HUGO,MiPOD",3,0,1.0,1.0,0.0,0.8182303655220847,0.6,3,1.0,1.0,5,0.863066338660737,0.8,4,1.0,1.0,5,1.0,1.0,5
COVER__test__785.pgm,785.pgm,COVER,0,MULTI_CANDIDATE,WOW,S-UNIWARD,WOW,S-UNIWARD,HILL,HUGO,MiPOD,,"WOW,S-UNIWARD,HILL,HUGO,MiPOD",5,0,1.0,1.0,0.0,1.0,1.0,5,1.0,1.0,5,1.0,1.0,5,1.0,1.0,5,1.0,1.0,5
COVER__test__7850.pgm,7850.pgm,COVER,0,MULTI_CANDIDATE,HUGO,MiPOD,HUGO,MiPOD,S-UNIWARD,HILL,WOW,,"HUGO,MiPOD,S-UNIWARD",3,0,0.9599643323548868,0.9599643323548868,0.0,0.7401661676056215,0.4,2,0.9560443094282383,0.6,3,0.8260464355156811,0.6,3,0.9599643323548868,0.8,4,0.9599643323548868,0.8,4
COVER__test__7853.pgm,7853.pgm,COVER,0,MULTI_CANDIDATE,MiPOD,HILL,MiPOD,HILL,S-UNIWARD,HUGO,WOW,,"MiPOD,HILL,S-UNIWARD",3,0,0.9395595520902573,0.9385115984611986,0.00104795362905874,0.7808188601872011,0.6,3,0.9099985514746411,0.4,2,0.9385115984611986,0.6,3,0.8987159267111506,0.4,2,0.9395595520902573,0.6,3
COVER__test__7855.pgm,7855.pgm,COVER,0,MULTI_CANDIDATE,HUGO,S-UNIWARD,HUGO,S-UNIWARD,HILL,MiPOD,WOW,,"HUGO,S-UNIWARD",2,0,0.9260761088885939,0.9069129064304328,0.019163202458161166,0.6938893810724599,0.4,2,0.9069129064304328,0.4,2,0.8240928613332967,0.4,2,0.9260761088885939,0.6,3,0.8063857045601122,0.4,2
COVER__test__7856.pgm,7856.pgm,COVER,0,MULTI_CANDIDATE,S-UNIWARD,HUGO,S-UNIWARD,HUGO,MiPOD,HILL,WOW,,"S-UNIWARD,HUGO,MiPOD",3,0,0.9599643323548868,0.9599643323548868,0.0,0.7080664341452941,0.4,2,0.9599643323548868,0.8,4,0.8096157995384203,0.6,3,0.9599643323548868,0.8,4,0.9119864338280703,0.4,2
COVER__test__7859.pgm,7859.pgm,COVER,0,SINGLE_CANDIDATE,HUGO,,HUGO,S-UNIWARD,MiPOD,HILL,WOW,,HUGO,1,0,0.9101786685454772,0.8843407781246982,0.025837890420778997,0.5525184136964829,0.2,1,0.8843407781246982,0.2,1,0.6279679610432316,0.2,1,0.9101786685454772,0.6,3,0.7041716831216799,0.2,1
COVER__test__7869.pgm,7869.pgm,COVER,0,UNKNOWN_OR_COVER,UNKNOWN,,HUGO,S-UNIWARD,MiPOD,HILL,WOW,,,0,0,0.7899043310588866,0.7565018996670215,0.03340243139186505,0.45059338413733474,0.2,1,0.7565018996670215,0.2,1,0.5436070162818682,0.2,1,0.7899043310588866,0.4,2,0.6151427079521928,0.2,1
COVER__test__7885.pgm,7885.pgm,COVER,0,UNKNOWN_OR_COVER,UNKNOWN,,HUGO,S-UNIWARD,MiPOD,HILL,WOW,,,0,0,0.8101286657546936,0.7765343873380695,0.0335942784166241,0.4718685382329147,0.0,0,0.7765343873380695,0.0,0,0.5650471788737601,0.0,0,0.8101286657546936,0.2,1,0.6373006836401338,0.0,0
COVER__test__7890.pgm,7890.pgm,COVER,0,UNKNOWN_OR_COVER,UNKNOWN,,HUGO,S-UNIWARD,MiPOD,HILL,WOW,,,0,0,0.8637937224980048,0.8299086123147686,0.033885110183236145,0.5265145021828332,0.2,1,0.8299086123147686,0.2,1,0.6159932559241705,0.2,1,0.8637937224980048,0.2,1,0.6877838360282398,0.2,1
COVER__test__790.pgm,790.pgm,COVER,0,MULTI_CANDIDATE,WOW,S-UNIWARD,WOW,S-UNIWARD,HILL,MiPOD,HUGO,,"WOW,S-UNIWARD,HILL,MiPOD,HUGO",5,0,1.0,1.0,0.0,1.0,1.0,5,1.0,1.0,5,1.0,1.0,5,0.9903277286086805,0.8,4,1.0,1.0,5
COVER__test__7904.pgm,7904.pgm,COVER,0,MULTI_CANDIDATE,HUGO,S-UNIWARD,HUGO,S-UNIWARD,MiPOD,HILL,WOW,,"HUGO,S-UNIWARD",2,0,1.0,0.9870734593336387,0.012926540666361341,0.7562366849103483,0.6,3,0.9870734593336387,0.8,4,0.8287050465911868,0.6,3,1.0,1.0,5,0.8580052872288162,0.8,4
COVER__test__791.pgm,791.pgm,COVER,0,MULTI_CANDIDATE,HUGO,S-UNIWARD,HUGO,S-UNIWARD,MiPOD,HILL,WOW,,"HUGO,S-UNIWARD,MiPOD",3,0,0.9983548489894805,0.9912317738613885,0.00712307512809196,0.7263213822666499,0.6,3,0.9912317738613885,0.8,4,0.8372750679008174,0.6,3,0.9983548489894805,0.8,4,0.9403007082872549,0.6,3
COVER__test__7912.pgm,7912.pgm,COVER,0,UNKNOWN_OR_COVER,UNKNOWN,,HUGO,S-UNIWARD,MiPOD,HILL,WOW,,,0,0,0.7634283987626722,0.7125257369149759,0.05090266184769632,0.4236027488331975,0.0,0,0.7125257369149759,0.0,0,0.498342511872177,0.0,0,0.7634283987626722,0.0,0,0.5712701943988133,0.0,0
COVER__test__792.pgm,792.pgm,COVER,0,MULTI_CANDIDATE,S-UNIWARD,HUGO,S-UNIWARD,HUGO,MiPOD,HILL,WOW,,"S-UNIWARD,HUGO",2,0,0.9788654982688876,0.9788654982688876,0.0,0.6648339460272846,0.2,1,0.9788654982688876,0.8,4,0.7233523575606496,0.4,2,0.9788654982688876,0.8,4,0.7950548322075701,0.4,2
COVER__test__7921.pgm,7921.pgm,COVER,0,UNKNOWN_OR_COVER,UNKNOWN,,HUGO,S-UNIWARD,MiPOD,HILL,WOW,,,0,0,0.7905048793938516,0.7565192115910302,0.03398566780282142,0.4507748870873929,0.2,1,0.7565192115910302,0.2,1,0.5425853079161191,0.2,1,0.7905048793938516,0.2,1,0.6149887125561475,0.2,1
COVER__test__7928.pgm,7928.pgm,COVER,0,MULTI_CANDIDATE,WOW,S-UNIWARD,WOW,S-UNIWARD,HILL,HUGO,MiPOD,,"WOW,S-UNIWARD,HILL,HUGO,MiPOD",5,0,1.0,1.0,0.0,1.0,1.0,5,1.0,1.0,5,1.0,1.0,5,1.0,1.0,5,1.0,1.0,5
COVER__test__7929.pgm,7929.pgm,COVER,0,MULTI_CANDIDATE,HUGO,S-UNIWARD,HUGO,S-UNIWARD,WOW,HILL,MiPOD,,"HUGO,S-UNIWARD",2,0,0.9469281092799363,0.9363063413209204,0.010621767959015926,0.8846970070272722,0.8,4,0.9363063413209204,0.8,4,0.858863327792372,0.8,4,0.9469281092799363,0.8,4,0.8422640844275409,0.8,4
COVER__test__7933.pgm,7933.pgm,COVER,0,UNKNOWN_OR_COVER,UNKNOWN,,HUGO,S-UNIWARD,MiPOD,HILL,WOW,,,0,0,0.7877450030117179,0.74367304116285,0.04407196184886786,0.44683550109582637,0.0,0,0.74367304116285,0.0,0,0.5247647748862824,0.2,1,0.7877450030117179,0.2,1,0.5964139785542092,0.2,1
COVER__test__7936.pgm,7936.pgm,COVER,0,MULTI_CANDIDATE,WOW,S-UNIWARD,WOW,S-UNIWARD,HILL,HUGO,MiPOD,,"WOW,S-UNIWARD,HILL,HUGO,MiPOD",5,0,1.0,1.0,0.0,1.0,1.0,5,1.0,1.0,5,1.0,1.0,5,1.0,1.0,5,1.0,1.0,5
COVER__test__7939.pgm,7939.pgm,COVER,0,MULTI_CANDIDATE,WOW,S-UNIWARD,WOW,S-UNIWARD,HILL,HUGO,MiPOD,,"WOW,S-UNIWARD,HILL,HUGO,MiPOD",5,0,1.0,1.0,0.0,1.0,1.0,5,1.0,1.0,5,1.0,1.0,5,1.0,1.0,5,1.0,1.0,5
COVER__test__7950.pgm,7950.pgm,COVER,0,MULTI_CANDIDATE,WOW,S-UNIWARD,WOW,S-UNIWARD,HILL,MiPOD,HUGO,,"WOW,S-UNIWARD,HILL,MiPOD,HUGO",5,0,1.0,1.0,0.0,1.0,1.0,5,1.0,1.0,5,1.0,1.0,5,0.9562097725025985,0.8,4,1.0,1.0,5
COVER__test__7961.pgm,7961.pgm,COVER,0,MULTI_CANDIDATE,WOW,S-UNIWARD,WOW,S-UNIWARD,HILL,HUGO,MiPOD,,"WOW,S-UNIWARD,HILL,HUGO,MiPOD",5,0,1.0,1.0,0.0,1.0,1.0,5,1.0,1.0,5,1.0,1.0,5,1.0,1.0,5,1.0,1.0,5
COVER__test__7969.pgm,7969.pgm,COVER,0,UNKNOWN_OR_COVER,UNKNOWN,,HUGO,S-UNIWARD,MiPOD,HILL,WOW,,,0,0,0.864549892119099,0.8122085387180142,0.05234135340108481,0.5261119570924578,0.2,1,0.8122085387180142,0.0,0,0.5997273276688537,0.2,1,0.864549892119099,0.4,2,0.6707276985412255,0.2,1
COVER__test__7973.pgm,7973.pgm,COVER,0,UNKNOWN_OR_COVER,UNKNOWN,,HUGO,S-UNIWARD,MiPOD,HILL,WOW,,,0,0,0.8392189171005073,0.8090439595869727,0.030174957513534606,0.5006110789475229,0.2,1,0.8090439595869727,0.2,1,0.5950074411822667,0.4,2,0.8392189171005073,0.4,2,0.666268158304184,0.4,2
COVER__test__7976.pgm,7976.pgm,COVER,0,UNKNOWN_OR_COVER,UNKNOWN,,HUGO,S-UNIWARD,MiPOD,HILL,WOW,,,0,0,0.8062221434080339,0.7753611291740284,0.030861014234005446,0.46569655058865667,0.2,1,0.7753611291740284,0.2,1,0.5594348347460968,0.4,2,0.8062221434080339,0.4,2,0.6307075989784598,0.4,2
COVER__test__7977.pgm,7977.pgm,COVER,0,UNKNOWN_OR_COVER,UNKNOWN,,HUGO,S-UNIWARD,MiPOD,HILL,WOW,,,0,0,0.731745376596862,0.6847578087648148,0.04698756783204716,0.39162748694952,0.0,0,0.6847578087648148,0.0,0,0.47089533070442713,0.0,0,0.731745376596862,0.2,1,0.5437222468974017,0.0,0
COVER__test__7981.pgm,7981.pgm,COVER,0,MULTI_CANDIDATE,HUGO,S-UNIWARD,HUGO,S-UNIWARD,MiPOD,HILL,WOW,,"HUGO,S-UNIWARD",2,0,0.9397179496723604,0.9057937662025541,0.0339241834698063,0.6005145190092332,0.4,2,0.9057937662025541,0.4,2,0.6923555213913767,0.4,2,0.9397179496723604,0.4,2,0.7644138923594156,0.4,2
COVER__test__7992.pgm,7992.pgm,COVER,0,UNKNOWN_OR_COVER,UNKNOWN,,HUGO,S-UNIWARD,MiPOD,HILL,WOW,,,0,0,0.8040136868571203,0.7722429776181268,0.0317707092389935,0.46435834906395257,0.2,1,0.7722429776181268,0.2,1,0.5585580456075652,0.2,1,0.8040136868571203,0.4,2,0.629770841986395,0.4,2
COVER__test__7999.pgm,7999.pgm,COVER,0,MULTI_CANDIDATE,HUGO,S-UNIWARD,HUGO,S-UNIWARD,HILL,MiPOD,WOW,,"HUGO,S-UNIWARD",2,0,0.9482136054373342,0.930259787682542,0.017953817754792212,0.7242059634822788,0.6,3,0.930259787682542,0.6,3,0.856010512954937,0.6,3,0.9482136054373342,0.6,3,0.8401400714967485,0.6,3
COVER__test__8003.pgm,8003.pgm,COVER,0,UNKNOWN_OR_COVER,UNKNOWN,,HUGO,S-UNIWARD,MiPOD,HILL,WOW,,,0,0,0.8393639668978204,0.8059629055507724,0.03340106134704801,0.5001186161602988,0.2,1,0.8059629055507724,0.2,1,0.593171462288333,0.2,1,0.8393639668978204,0.4,2,0.6652794038226864,0.2,1
COVER__test__8006.pgm,8006.pgm,COVER,0,MULTI_CANDIDATE,HUGO,S-UNIWARD,HUGO,S-UNIWARD,MiPOD,HILL,WOW,,"HUGO,S-UNIWARD",2,0,0.9370382920253938,0.9032789718600256,0.0337593201653682,0.5995082672483053,0.4,2,0.9032789718600256,0.4,2,0.6908412251551207,0.4,2,0.9370382920253938,0.4,2,0.7626300636795547,0.4,2
COVER__test__8010.pgm,8010.pgm,COVER,0,UNKNOWN_OR_COVER,UNKNOWN,,HUGO,S-UNIWARD,MiPOD,HILL,WOW,,,0,0,0.8390008719342321,0.8071516323215715,0.03184923961266062,0.5003040612736649,0.2,1,0.8071516323215715,0.2,1,0.594696492502235,0.2,1,0.8390008719342321,0.4,2,0.6658902411548338,0.4,2
COVER__test__8018.pgm,8018.pgm,COVER,0,UNKNOWN_OR_COVER,UNKNOWN,,HUGO,S-UNIWARD,MiPOD,HILL,WOW,,,0,0,0.7893862645322685,0.7566307618915643,0.03275550264070415,0.4502556736334512,0.2,1,0.7566307618915643,0.2,1,0.5438389499784282,0.2,1,0.7893862645322685,0.4,2,0.6159607102428672,0.2,1
COVER__test__802.pgm,802.pgm,COVER,0,MULTI_CANDIDATE,WOW,S-UNIWARD,WOW,S-UNIWARD,HILL,HUGO,MiPOD,,"WOW,S-UNIWARD,HILL,HUGO,MiPOD",5,0,1.0,1.0,0.0,1.0,1.0,5,1.0,1.0,5,1.0,1.0,5,1.0,1.0,5,0.9952946795461092,0.8,4
COVER__test__8028.pgm,8028.pgm,COVER,0,MULTI_CANDIDATE,S-UNIWARD,HUGO,S-UNIWARD,HUGO,MiPOD,HILL,WOW,,"S-UNIWARD,HUGO,MiPOD,HILL",4,0,1.0,1.0,0.0,0.8400309832712886,0.8,4,1.0,1.0,5,0.9534068430096274,0.8,4,1.0,1.0,5,1.0,1.0,5
COVER__test__8030.pgm,8030.pgm,COVER,0,MULTI_CANDIDATE,S-UNIWARD,HILL,S-UNIWARD,HILL,HUGO,MiPOD,WOW,,"S-UNIWARD,HILL,HUGO,MiPOD",4,0,1.0,1.0,0.0,0.8396370746283799,0.8,4,1.0,1.0,5,1.0,1.0,5,1.0,1.0,5,1.0,1.0,5
COVER__test__8042.pgm,8042.pgm,COVER,0,MULTI_CANDIDATE,S-UNIWARD,HUGO,S-UNIWARD,HUGO,MiPOD,HILL,WOW,,"S-UNIWARD,HUGO,MiPOD",3,0,1.0,1.0,0.0,0.8459381917284367,0.8,4,1.0,1.0,5,0.8963371513095453,0.8,4,1.0,1.0,5,1.0,1.0,5
COVER__test__8057.pgm,8057.pgm,COVER,0,MULTI_CANDIDATE,HUGO,MiPOD,HUGO,MiPOD,HILL,S-UNIWARD,WOW,,"HUGO,MiPOD,HILL,S-UNIWARD",4,0,0.9990619079115625,0.997679124345261,0.0013827835663015042,0.8379851174324408,0.8,4,0.9919134417539714,0.8,4,0.9966248772453088,0.8,4,0.9990619079115625,0.8,4,0.997679124345261,0.8,4
COVER__test__8060.pgm,8060.pgm,COVER,0,MULTI_CANDIDATE,HUGO,S-UNIWARD,HUGO,S-UNIWARD,MiPOD,HILL,WOW,,"HUGO,S-UNIWARD",2,0,0.9670665736853366,0.9338111074774839,0.03325546620785269,0.6153844845786217,0.4,2,0.9338111074774839,0.4,2,0.7029634610902991,0.4,2,0.9670665736853366,0.8,4,0.7782547325809291,0.4,2
COVER__test__8096.pgm,8096.pgm,COVER,0,MULTI_CANDIDATE,HUGO,S-UNIWARD,HUGO,S-UNIWARD,MiPOD,HILL,WOW,,"HUGO,S-UNIWARD",2,0,0.9448789200609665,0.9111452088246683,0.0337337112362982,0.6030350339283106,0.4,2,0.9111452088246683,0.4,2,0.6951302793449302,0.4,2,0.9448789200609665,0.6,3,0.7675512733071629,0.4,2
COVER__test__8102.pgm,8102.pgm,COVER,0,UNKNOWN_OR_COVER,UNKNOWN,,HUGO,S-UNIWARD,MiPOD,HILL,WOW,,,0,0,0.8046796462826574,0.7718383157103881,0.032841330572269345,0.46446179999600323,0.2,1,0.7718383157103881,0.2,1,0.5576868588469918,0.2,1,0.8046796462826574,0.4,2,0.6299750507381172,0.2,1
COVER__test__8108.pgm,8108.pgm,COVER,0,UNKNOWN_OR_COVER,UNKNOWN,,HUGO,S-UNIWARD,MiPOD,HILL,WOW,,,0,0,0.8177372354085216,0.7839148274299241,0.03382240797859748,0.47907205923424456,0.2,1,0.7839148274299241,0.2,1,0.5712675177205891,0.2,1,0.8177372354085216,0.2,1,0.6434198449323315,0.2,1
COVER__test__8112.pgm,8112.pgm,COVER,0,UNKNOWN_OR_COVER,UNKNOWN,,HUGO,S-UNIWARD,MiPOD,HILL,WOW,,,0,0,0.7338751890835861,0.7000376108527383,0.033837578230847765,0.3950899855560291,0.0,0,0.7000376108527383,0.0,0,0.48733118320479607,0.0,0,0.7338751890835861,0.0,0,0.559340360266374,0.0,0
COVER__test__8122.pgm,8122.pgm,COVER,0,UNKNOWN_OR_COVER,UNKNOWN,,HUGO,S-UNIWARD,MiPOD,HILL,WOW,,,0,0,0.7635817988464589,0.7125843982911516,0.050997400555307326,0.4248887863692833,0.0,0,0.7125843982911516,0.0,0,0.49708733892443135,0.0,0,0.7635817988464589,0.0,0,0.5690860741904203,0.0,0
COVER__test__8127.pgm,8127.pgm,COVER,0,MULTI_CANDIDATE,WOW,S-UNIWARD,WOW,S-UNIWARD,HILL,HUGO,MiPOD,,"WOW,S-UNIWARD,HILL,HUGO,MiPOD",5,0,0.9279429381287235,0.9279429381287235,0.0,0.9279429381287235,0.8,4,0.9279429381287235,0.8,4,0.9279429381287235,0.8,4,0.9279429381287235,0.8,4,0.9279429381287235,0.8,4
COVER__test__8138.pgm,8138.pgm,COVER,0,MULTI_CANDIDATE,HUGO,S-UNIWARD,HUGO,S-UNIWARD,MiPOD,HILL,WOW,,"HUGO,S-UNIWARD",2,0,0.9871396600982285,0.9661715870045118,0.020968073093716733,0.6656387162390948,0.4,2,0.9661715870045118,0.6,3,0.7402717879553151,0.4,2,0.9871396600982285,0.8,4,0.7971341539182,0.6,3
COVER__test__814.pgm,814.pgm,COVER,0,MULTI_CANDIDATE,WOW,S-UNIWARD,WOW,S-UNIWARD,HILL,HUGO,MiPOD,,"WOW,S-UNIWARD,HILL,HUGO,MiPOD",5,0,1.0,1.0,0.0,1.0,1.0,5,1.0,1.0,5,1.0,1.0,5,1.0,1.0,5,1.0,1.0,5
COVER__test__8143.pgm,8143.pgm,COVER,0,SINGLE_CANDIDATE,HUGO,,HUGO,S-UNIWARD,MiPOD,HILL,WOW,,HUGO,1,0,0.9115143664461307,0.8623381391032214,0.04917622734290927,0.5667044760312737,0.2,1,0.8623381391032214,0.2,1,0.6421035540289147,0.4,2,0.9115143664461307,0.4,2,0.714432169838135,0.4,2
COVER__test__8145.pgm,8145.pgm,COVER,0,MULTI_CANDIDATE,WOW,S-UNIWARD,WOW,S-UNIWARD,HILL,HUGO,MiPOD,,"WOW,S-UNIWARD,HILL,HUGO,MiPOD",5,0,1.0,1.0,0.0,1.0,1.0,5,1.0,1.0,5,1.0,1.0,5,1.0,1.0,5,1.0,1.0,5
COVER__test__8156.pgm,8156.pgm,COVER,0,UNKNOWN_OR_COVER,UNKNOWN,,HUGO,S-UNIWARD,MiPOD,HILL,WOW,,,0,0,0.777399490069305,0.7434303074450775,0.033969182624227434,0.4240154691896727,0.2,1,0.7434303074450775,0.2,1,0.5126830030688273,0.2,1,0.777399490069305,0.4,2,0.5816939894270293,0.4,2
COVER__test__8159.pgm,8159.pgm,COVER,0,UNKNOWN_OR_COVER,UNKNOWN,,HUGO,S-UNIWARD,MiPOD,HILL,WOW,,,0,0,0.865937694516122,0.83378294092463,0.032154753591492,0.5266507699532054,0.2,1,0.83378294092463,0.2,1,0.6206585648778437,0.2,1,0.865937694516122,0.4,2,0.6924536487854367,0.4,2
COVER__test__816.pgm,816.pgm,COVER,0,MULTI_CANDIDATE,WOW,S-UNIWARD,WOW,S-UNIWARD,HILL,HUGO,MiPOD,,"WOW,S-UNIWARD,HILL,HUGO,MiPOD",5,0,1.0,1.0,0.0,1.0,1.0,5,1.0,1.0,5,1.0,1.0,5,1.0,1.0,5,1.0,1.0,5
COVER__test__8164.pgm,8164.pgm,COVER,0,MULTI_CANDIDATE,S-UNIWARD,HUGO,S-UNIWARD,HUGO,MiPOD,WOW,HILL,,"S-UNIWARD,HUGO,MiPOD,WOW",4,0,1.0,1.0,0.0,0.981618134390887,0.8,4,1.0,1.0,5,0.8848824877602027,0.8,4,1.0,1.0,5,1.0,1.0,5
COVER__test__8169.pgm,8169.pgm,COVER,0,MULTI_CANDIDATE,WOW,S-UNIWARD,WOW,S-UNIWARD,HILL,HUGO,MiPOD,,"WOW,S-UNIWARD,HILL,HUGO,MiPOD",5,0,1.0,1.0,0.0,1.0,1.0,5,1.0,1.0,5,1.0,1.0,5,1.0,1.0,5,1.0,1.0,5
COVER__test__8173.pgm,8173.pgm,COVER,0,MULTI_CANDIDATE,WOW,S-UNIWARD,WOW,S-UNIWARD,HILL,HUGO,MiPOD,,"WOW,S-UNIWARD,HILL,HUGO,MiPOD",5,0,1.0,1.0,0.0,1.0,1.0,5,1.0,1.0,5,1.0,1.0,5,1.0,1.0,5,1.0,1.0,5
COVER__test__8174.pgm,8174.pgm,COVER,0,MULTI_CANDIDATE,WOW,S-UNIWARD,WOW,S-UNIWARD,HILL,HUGO,MiPOD,,"WOW,S-UNIWARD,HILL,HUGO,MiPOD",5,0,0.9788654982688876,0.9788654982688876,0.0,0.9788654982688876,0.8,4,0.9788654982688876,0.8,4,0.9788654982688876,0.8,4,0.9788654982688876,0.8,4,0.9788654982688876,0.8,4
COVER__test__8188.pgm,8188.pgm,COVER,0,MULTI_CANDIDATE,WOW,S-UNIWARD,WOW,S-UNIWARD,HILL,HUGO,MiPOD,,"WOW,S-UNIWARD,HILL,HUGO,MiPOD",5,0,1.0,1.0,0.0,1.0,1.0,5,1.0,1.0,5,1.0,1.0,5,1.0,1.0,5,1.0,1.0,5
COVER__test__8193.pgm,8193.pgm,COVER,0,MULTI_CANDIDATE,HUGO,S-UNIWARD,HUGO,S-UNIWARD,MiPOD,HILL,WOW,,"HUGO,S-UNIWARD",2,0,0.9947293270584401,0.9743828091728467,0.020346517885593385,0.6754357054677143,0.4,2,0.9743828091728467,0.6,3,0.7467656612226431,0.6,3,0.9947293270584401,0.8,4,0.8052977256007674,0.6,3
COVER__test__8198.pgm,8198.pgm,COVER,0,MULTI_CANDIDATE,HUGO,S-UNIWARD,HUGO,S-UNIWARD,MiPOD,WOW,HILL,,"HUGO,S-UNIWARD,MiPOD",3,0,0.9962244885544926,0.979824286643043,0.01640020191144964,0.8783899665895328,0.8,4,0.979824286643043,0.8,4,0.8366369547946011,0.8,4,0.9962244885544926,0.8,4,0.9269921087483105,0.8,4
COVER__test__8201.pgm,8201.pgm,COVER,0,MULTI_CANDIDATE,HUGO,S-UNIWARD,HUGO,S-UNIWARD,MiPOD,HILL,WOW,,"HUGO,S-UNIWARD",2,0,0.9495601097422652,0.9149413583554846,0.03461875138678061,0.6062031647741191,0.4,2,0.9149413583554846,0.4,2,0.6965928630932235,0.4,2,0.9495601097422652,0.4,2,0.7671938390035358,0.4,2
COVER__test__8202.pgm,8202.pgm,COVER,0,MULTI_CANDIDATE,HUGO,S-UNIWARD,HUGO,S-UNIWARD,MiPOD,HILL,WOW,,"HUGO,S-UNIWARD",2,0,0.9667367708456986,0.9308618919055014,0.03587487894019725,0.6152071362901886,0.4,2,0.9308618919055014,0.4,2,0.7002707637230998,0.4,2,0.9667367708456986,0.6,3,0.7743771633444994,0.4,2
COVER__test__8213.pgm,8213.pgm,COVER,0,MULTI_CANDIDATE,HUGO,S-UNIWARD,HUGO,S-UNIWARD,MiPOD,HILL,WOW,,"HUGO,S-UNIWARD",2,0,0.9442915980927331,0.924920427256891,0.019371170835842055,0.6097519661758971,0.4,2,0.924920427256891,0.6,3,0.6967331616820227,0.6,3,0.9442915980927331,0.8,4,0.7764324683999303,0.6,3
COVER__test__8218.pgm,8218.pgm,COVER,0,MULTI_CANDIDATE,WOW,S-UNIWARD,WOW,S-UNIWARD,HILL,HUGO,MiPOD,,"WOW,S-UNIWARD,HILL,HUGO,MiPOD",5,0,1.0,1.0,0.0,1.0,1.0,5,1.0,1.0,5,1.0,1.0,5,1.0,1.0,5,1.0,1.0,5
COVER__test__8226.pgm,8226.pgm,COVER,0,MULTI_CANDIDATE,WOW,S-UNIWARD,WOW,S-UNIWARD,HILL,HUGO,MiPOD,,"WOW,S-UNIWARD,HILL,HUGO,MiPOD",5,0,1.0,1.0,0.0,1.0,1.0,5,1.0,1.0,5,1.0,1.0,5,1.0,1.0,5,1.0,1.0,5
COVER__test__8227.pgm,8227.pgm,COVER,0,MULTI_CANDIDATE,WOW,S-UNIWARD,WOW,S-UNIWARD,HILL,HUGO,MiPOD,,"WOW,S-UNIWARD,HILL,HUGO,MiPOD",5,0,1.0,1.0,0.0,1.0,1.0,5,1.0,1.0,5,1.0,1.0,5,1.0,1.0,5,1.0,1.0,5
COVER__test__8235.pgm,8235.pgm,COVER,0,UNKNOWN_OR_COVER,UNKNOWN,,HUGO,S-UNIWARD,MiPOD,HILL,WOW,,,0,0,0.7780539564658766,0.7470524490595016,0.031001507406374973,0.4395798260384871,0.0,0,0.7470524490595016,0.0,0,0.5342554573264675,0.2,1,0.7780539564658766,0.2,1,0.6052657388131697,0.2,1
COVER__test__8236.pgm,8236.pgm,COVER,0,MULTI_CANDIDATE,S-UNIWARD,HUGO,S-UNIWARD,HUGO,MiPOD,HILL,WOW,,"S-UNIWARD,HUGO,MiPOD",3,0,1.0,1.0,0.0,0.8807777925007783,0.8,4,1.0,1.0,5,0.8979708418866469,0.8,4,1.0,1.0,5,1.0,1.0,5
COVER__test__8249.pgm,8249.pgm,COVER,0,UNKNOWN_OR_COVER,UNKNOWN,,HUGO,S-UNIWARD,MiPOD,HILL,WOW,,,0,0,0.8139808053748959,0.7676665251195959,0.046314280255300044,0.4730508591536401,0.2,1,0.7676665251195959,0.0,0,0.5380867358708583,0.0,0,0.8139808053748959,0.4,2,0.6188298451181915,0.0,0
COVER__test__8262.pgm,8262.pgm,COVER,0,MULTI_CANDIDATE,WOW,S-UNIWARD,WOW,S-UNIWARD,HILL,HUGO,MiPOD,,"WOW,S-UNIWARD,HILL,HUGO,MiPOD",5,0,1.0,1.0,0.0,1.0,1.0,5,1.0,1.0,5,1.0,1.0,5,1.0,1.0,5,1.0,1.0,5
COVER__test__8275.pgm,8275.pgm,COVER,0,MULTI_CANDIDATE,HUGO,S-UNIWARD,HUGO,S-UNIWARD,MiPOD,HILL,WOW,,"HUGO,S-UNIWARD",2,0,0.9379216133575401,0.904116161626693,0.03380545173084715,0.5998616676477299,0.4,2,0.904116161626693,0.4,2,0.6914846065788408,0.4,2,0.9379216133575401,0.4,2,0.7631652521663951,0.4,2
COVER__test__828.pgm,828.pgm,COVER,0,MULTI_CANDIDATE,WOW,S-UNIWARD,WOW,S-UNIWARD,HILL,HUGO,MiPOD,,"WOW,S-UNIWARD,HILL,HUGO,MiPOD",5,0,1.0,1.0,0.0,1.0,1.0,5,1.0,1.0,5,1.0,1.0,5,1.0,1.0,5,1.0,1.0,5
COVER__test__8284.pgm,8284.pgm,COVER,0,MULTI_CANDIDATE,HUGO,MiPOD,HUGO,MiPOD,HILL,S-UNIWARD,WOW,,"HUGO,MiPOD,HILL,S-UNIWARD",4,0,0.9968554227008755,0.995487966484345,0.0013674562165304494,0.8375640745482433,0.8,4,0.9897861931236089,0.8,4,0.9944454050989467,0.8,4,0.9968554227008755,0.8,4,0.995487966484345,0.8,4
COVER__test__8287.pgm,8287.pgm,COVER,0,UNKNOWN_OR_COVER,UNKNOWN,,HUGO,S-UNIWARD,MiPOD,HILL,WOW,,,0,0,0.759333663758668,0.716508640475645,0.042825023283022956,0.41549221115089524,0.0,0,0.716508640475645,0.2,1,0.49139249319091194,0.2,1,0.759333663758668,0.2,1,0.5615618741178022,0.2,1
COVER__test__8288.pgm,8288.pgm,COVER,0,MULTI_CANDIDATE,HUGO,S-UNIWARD,HUGO,S-UNIWARD,MiPOD,HILL,WOW,,"HUGO,S-UNIWARD",2,0,0.9391630550487091,0.9091936139166504,0.029969441132058683,0.6005912760187899,0.4,2,0.9091936139166504,0.4,2,0.6949534869085954,0.6,3,0.9391630550487091,0.6,3,0.766341325546454,0.6,3
COVER__test__8301.pgm,8301.pgm,COVER,0,MULTI_CANDIDATE,WOW,S-UNIWARD,WOW,S-UNIWARD,HILL,HUGO,MiPOD,,"WOW,S-UNIWARD,HILL,HUGO,MiPOD",5,0,1.0,1.0,0.0,1.0,1.0,5,1.0,1.0,5,1.0,1.0,5,1.0,1.0,5,1.0,1.0,5
COVER__test__8303.pgm,8303.pgm,COVER,0,MULTI_CANDIDATE,WOW,S-UNIWARD,WOW,S-UNIWARD,HILL,HUGO,MiPOD,,"WOW,S-UNIWARD,HILL,HUGO,MiPOD",5,0,1.0,1.0,0.0,1.0,1.0,5,1.0,1.0,5,1.0,1.0,5,1.0,1.0,5,1.0,1.0,5
COVER__test__8322.pgm,8322.pgm,COVER,0,MULTI_CANDIDATE,WOW,S-UNIWARD,WOW,S-UNIWARD,HILL,HUGO,MiPOD,,"WOW,S-UNIWARD,HILL,HUGO,MiPOD",5,0,1.0,1.0,0.0,1.0,1.0,5,1.0,1.0,5,1.0,1.0,5,1.0,1.0,5,1.0,1.0,5
COVER__test__8332.pgm,8332.pgm,COVER,0,MULTI_CANDIDATE,S-UNIWARD,HUGO,S-UNIWARD,HUGO,WOW,HILL,MiPOD,,"S-UNIWARD,HUGO",2,0,0.9279429381287235,0.9279429381287235,0.0,0.8834795153725409,0.6,3,0.9279429381287235,0.8,4,0.8188998102323785,0.4,2,0.9279429381287235,0.8,4,0.8055562005440855,0.6,3
COVER__test__8336.pgm,8336.pgm,COVER,0,MULTI_CANDIDATE,WOW,S-UNIWARD,WOW,S-UNIWARD,HILL,HUGO,MiPOD,,"WOW,S-UNIWARD,HILL,HUGO,MiPOD",5,0,1.0,1.0,0.0,1.0,1.0,5,1.0,1.0,5,1.0,1.0,5,1.0,1.0,5,1.0,1.0,5
COVER__test__8347.pgm,8347.pgm,COVER,0,MULTI_CANDIDATE,HUGO,MiPOD,HUGO,MiPOD,HILL,S-UNIWARD,WOW,,"HUGO,MiPOD,HILL,S-UNIWARD",4,0,0.9259744507273258,0.9248237017544136,0.001150748972912119,0.7641844143571948,0.6,3,0.9190238902227954,0.6,3,0.9237632142248511,0.6,3,0.9259744507273258,0.8,4,0.9248237017544136,0.6,3
COVER__test__8349.pgm,8349.pgm,COVER,0,UNKNOWN_OR_COVER,UNKNOWN,,HUGO,S-UNIWARD,MiPOD,HILL,WOW,,,0,0,0.8682633461401286,0.8343640560138146,0.033899290126313986,0.5273699945862192,0.2,1,0.8343640560138146,0.2,1,0.6196168684979968,0.2,1,0.8682633461401286,0.4,2,0.6925800636192802,0.2,1
COVER__test__836.pgm,836.pgm,COVER,0,MULTI_CANDIDATE,WOW,S-UNIWARD,WOW,S-UNIWARD,HILL,HUGO,MiPOD,,"WOW,S-UNIWARD,HILL,HUGO,MiPOD",5,0,1.0,1.0,0.0,1.0,1.0,5,1.0,1.0,5,1.0,1.0,5,1.0,1.0,5,1.0,1.0,5
COVER__test__8375.pgm,8375.pgm,COVER,0,MULTI_CANDIDATE,S-UNIWARD,HILL,S-UNIWARD,HILL,HUGO,MiPOD,WOW,,"S-UNIWARD,HILL,HUGO,MiPOD",4,0,1.0,1.0,0.0,0.8561446320253768,0.8,4,1.0,1.0,5,1.0,1.0,5,1.0,1.0,5,1.0,1.0,5
COVER__test__8378.pgm,8378.pgm,COVER,0,UNKNOWN_OR_COVER,UNKNOWN,,HUGO,S-UNIWARD,MiPOD,HILL,WOW,,,0,0,0.8353902400238067,0.8163243916829108,0.019065848340895863,0.4970249917561465,0.0,0,0.8163243916829108,0.0,0,0.5851188270833985,0.0,0,0.8353902400238067,0.4,2,0.6688169932550686,0.0,0
COVER__test__838.pgm,838.pgm,COVER,0,MULTI_CANDIDATE,S-UNIWARD,HILL,S-UNIWARD,HILL,HUGO,MiPOD,WOW,,"S-UNIWARD,HILL,HUGO,MiPOD,WOW",5,0,1.0,1.0,0.0,0.9845679923067905,0.8,4,1.0,1.0,5,1.0,1.0,5,1.0,1.0,5,1.0,1.0,5
COVER__test__8391.pgm,8391.pgm,COVER,0,MULTI_CANDIDATE,HUGO,S-UNIWARD,HUGO,S-UNIWARD,MiPOD,HILL,WOW,,"HUGO,S-UNIWARD",2,0,0.9427854496395826,0.9105900197542018,0.03219542988538071,0.6023666889058319,0.4,2,0.9105900197542018,0.4,2,0.696018223893549,0.4,2,0.9427854496395826,0.6,3,0.7672268680890207,0.6,3
COVER__test__8398.pgm,8398.pgm,COVER,0,MULTI_CANDIDATE,HUGO,S-UNIWARD,HUGO,S-UNIWARD,MiPOD,HILL,WOW,,"HUGO,S-UNIWARD",2,0,1.0,0.9939610719802078,0.006038928019792222,0.6479069733061217,0.4,2,0.9939610719802078,0.6,3,0.7250766002351673,0.6,3,1.0,1.0,5,0.801924893281814,0.6,3
COVER__test__8404.pgm,8404.pgm,COVER,0,UNKNOWN_OR_COVER,UNKNOWN,,HUGO,S-UNIWARD,MiPOD,HILL,WOW,,,0,0,0.8324402686140863,0.809247378938297,0.023192889675789252,0.48973791295312435,0.2,1,0.809247378938297,0.2,1,0.5795182846961006,0.4,2,0.8324402686140863,0.6,3,0.6580049524159691,0.4,2
COVER__test__8412.pgm,8412.pgm,COVER,0,MULTI_CANDIDATE,HUGO,S-UNIWARD,HUGO,S-UNIWARD,MiPOD,HILL,WOW,,"HUGO,S-UNIWARD",2,0,0.9439526917901537,0.9335460235442733,0.010406668245880435,0.7237331265431572,0.6,3,0.9335460235442733,0.8,4,0.755550654968873,0.6,3,0.9439526917901537,0.8,4,0.8414082012571139,0.8,4
COVER__test__8427.pgm,8427.pgm,COVER,0,MULTI_CANDIDATE,HUGO,S-UNIWARD,HUGO,S-UNIWARD,MiPOD,HILL,WOW,,"HUGO,S-UNIWARD,MiPOD",3,0,0.9599643323548868,0.9594243210183888,0.0005400113364979475,0.721261236005182,0.4,2,0.9594243210183888,0.6,3,0.8168982079181981,0.6,3,0.9599643323548868,0.8,4,0.9573102350788834,0.6,3
COVER__test__8438.pgm,8438.pgm,COVER,0,MULTI_CANDIDATE,WOW,S-UNIWARD,WOW,S-UNIWARD,HILL,HUGO,MiPOD,,"WOW,S-UNIWARD,HILL,HUGO,MiPOD",5,0,1.0,1.0,0.0,1.0,1.0,5,1.0,1.0,5,1.0,1.0,5,1.0,1.0,5,1.0,1.0,5
COVER__test__8441.pgm,8441.pgm,COVER,0,UNKNOWN_OR_COVER,UNKNOWN,,HUGO,MiPOD,HILL,S-UNIWARD,WOW,,,0,0,0.8677955463225636,0.8512972937875878,0.016498252534975832,0.7069625594520866,0.4,2,0.8455403380539532,0.4,2,0.8502446423815068,0.4,2,0.8677955463225636,0.4,2,0.8512972937875878,0.4,2
COVER__test__845.pgm,845.pgm,COVER,0,MULTI_CANDIDATE,HUGO,S-UNIWARD,HUGO,S-UNIWARD,MiPOD,HILL,WOW,,"HUGO,S-UNIWARD",2,0,0.9430605000595337,0.9218494713987517,0.02121102866078195,0.6825916804277229,0.4,2,0.9218494713987517,0.6,3,0.7225621744897345,0.2,1,0.9430605000595337,0.8,4,0.798291922143602,0.2,1
COVER__test__8450.pgm,8450.pgm,COVER,0,MULTI_CANDIDATE,S-UNIWARD,HILL,S-UNIWARD,HILL,HUGO,MiPOD,WOW,,"S-UNIWARD,HILL,HUGO,MiPOD,WOW",5,0,1.0,1.0,0.0,0.9820532656272812,0.8,4,1.0,1.0,5,1.0,1.0,5,1.0,1.0,5,1.0,1.0,5
COVER__test__8452.pgm,8452.pgm,COVER,0,MULTI_CANDIDATE,HUGO,S-UNIWARD,HUGO,S-UNIWARD,MiPOD,HILL,WOW,,"HUGO,S-UNIWARD",2,0,0.9611878705215305,0.9458451038403908,0.015342766681139763,0.6196566231460132,0.4,2,0.9458451038403908,0.6,3,0.7056504484257944,0.6,3,0.9611878705215305,0.8,4,0.7887388206175315,0.6,3
COVER__test__8458.pgm,8458.pgm,COVER,0,MULTI_CANDIDATE,HUGO,S-UNIWARD,HUGO,S-UNIWARD,MiPOD,HILL,WOW,,"HUGO,S-UNIWARD",2,0,0.9396902702177427,0.9059320602946679,0.03375820992307477,0.59993253673339,0.4,2,0.9059320602946679,0.4,2,0.6926046392551324,0.4,2,0.9396902702177427,0.6,3,0.7657159660015571,0.4,2
COVER__test__8459.pgm,8459.pgm,COVER,0,MULTI_CANDIDATE,HUGO,S-UNIWARD,HUGO,S-UNIWARD,MiPOD,HILL,WOW,,"HUGO,S-UNIWARD",2,0,0.9384934309367466,0.906995419124692,0.031498011812054694,0.5997523175891144,0.4,2,0.906995419124692,0.4,2,0.6944442269988202,0.4,2,0.9384934309367466,0.6,3,0.7664384718088677,0.6,3
COVER__test__8475.pgm,8475.pgm,COVER,0,MULTI_CANDIDATE,HUGO,MiPOD,HUGO,MiPOD,S-UNIWARD,HILL,WOW,,"HUGO,MiPOD,S-UNIWARD,HILL",4,0,1.0,1.0,0.0,0.8388630711948993,0.8,4,0.996349156045337,0.8,4,0.9207755972468357,0.8,4,1.0,1.0,5,1.0,1.0,5
COVER__test__8476.pgm,8476.pgm,COVER,0,MULTI_CANDIDATE,HILL,HUGO,HILL,HUGO,MiPOD,S-UNIWARD,WOW,,"HILL,HUGO,MiPOD,S-UNIWARD",4,0,1.0,1.0,0.0,0.8389342225314564,0.8,4,0.9967086362525098,0.8,4,1.0,1.0,5,1.0,1.0,5,1.0,1.0,5
COVER__test__848.pgm,848.pgm,COVER,0,MULTI_CANDIDATE,WOW,S-UNIWARD,WOW,S-UNIWARD,HILL,HUGO,MiPOD,,"WOW,S-UNIWARD,HILL,HUGO,MiPOD",5,0,1.0,1.0,0.0,1.0,1.0,5,1.0,1.0,5,1.0,1.0,5,1.0,1.0,5,1.0,1.0,5
COVER__test__8480.pgm,8480.pgm,COVER,0,MULTI_CANDIDATE,HUGO,S-UNIWARD,HUGO,S-UNIWARD,MiPOD,HILL,WOW,,"HUGO,S-UNIWARD",2,0,0.9668273760320945,0.9445940867371794,0.022233289294915082,0.6189570990502045,0.4,2,0.9445940867371794,0.4,2,0.7058982064871296,0.6,3,0.9668273760320945,0.8,4,0.7833884387185936,0.6,3
COVER__test__8484.pgm,8484.pgm,COVER,0,MULTI_CANDIDATE,S-UNIWARD,HILL,S-UNIWARD,HILL,HUGO,MiPOD,WOW,,"S-UNIWARD,HILL,HUGO,MiPOD,WOW",5,0,1.0,1.0,0.0,0.9635787297285727,0.8,4,1.0,1.0,5,1.0,1.0,5,1.0,1.0,5,1.0,1.0,5
COVER__test__8485.pgm,8485.pgm,COVER,0,MULTI_CANDIDATE,S-UNIWARD,HILL,S-UNIWARD,HILL,HUGO,MiPOD,WOW,,"S-UNIWARD,HILL,HUGO,MiPOD",4,0,1.0,1.0,0.0,0.8652151788409315,0.8,4,1.0,1.0,5,1.0,1.0,5,1.0,1.0,5,1.0,1.0,5
COVER__test__8487.pgm,8487.pgm,COVER,0,MULTI_CANDIDATE,WOW,S-UNIWARD,WOW,S-UNIWARD,HILL,HUGO,MiPOD,,"WOW,S-UNIWARD,HILL,HUGO,MiPOD",5,0,1.0,1.0,0.0,1.0,1.0,5,1.0,1.0,5,1.0,1.0,5,1.0,1.0,5,1.0,1.0,5
COVER__test__8493.pgm,8493.pgm,COVER,0,UNKNOWN_OR_COVER,UNKNOWN,,HUGO,S-UNIWARD,MiPOD,HILL,WOW,,,0,0,0.7643768086720455,0.7133983373689097,0.05097847130313582,0.42422627459616613,0.0,0,0.7133983373689097,0.0,0,0.4986055211542125,0.0,0,0.7643768086720455,0.0,0,0.571402498640707,0.0,0
COVER__test__8497.pgm,8497.pgm,COVER,0,SINGLE_CANDIDATE,HUGO,,HUGO,S-UNIWARD,MiPOD,HILL,WOW,,HUGO,1,0,0.9186048404674052,0.8854221042989676,0.03318273616843759,0.5707002765532796,0.2,1,0.8854221042989676,0.2,1,0.6615051989158183,0.2,1,0.9186048404674052,0.4,2,0.7314816639512511,0.4,2
COVER__test__8501.pgm,8501.pgm,COVER,0,MULTI_CANDIDATE,WOW,S-UNIWARD,WOW,S-UNIWARD,HILL,HUGO,MiPOD,,"WOW,S-UNIWARD,HILL,HUGO,MiPOD",5,0,1.0,1.0,0.0,1.0,1.0,5,1.0,1.0,5,1.0,1.0,5,1.0,1.0,5,1.0,1.0,5
COVER__test__851.pgm,851.pgm,COVER,0,MULTI_CANDIDATE,HUGO,S-UNIWARD,HUGO,S-UNIWARD,MiPOD,HILL,WOW,,"HUGO,S-UNIWARD,MiPOD",3,0,0.9976965303593683,0.9769564784552436,0.020740051904124757,0.717729083171699,0.6,3,0.9769564784552436,0.6,3,0.8369117988237958,0.8,4,0.9976965303593683,0.8,4,0.9279447813446001,0.8,4
COVER__test__8511.pgm,8511.pgm,COVER,0,MULTI_CANDIDATE,WOW,S-UNIWARD,WOW,S-UNIWARD,HILL,HUGO,MiPOD,,"WOW,S-UNIWARD,HILL,HUGO,MiPOD",5,0,0.9279429381287235,0.9279429381287235,0.0,0.9279429381287235,0.8,4,0.9279429381287235,0.8,4,0.9279429381287235,0.8,4,0.9279429381287235,0.8,4,0.9279429381287235,0.8,4
COVER__test__8518.pgm,8518.pgm,COVER,0,MULTI_CANDIDATE,HUGO,S-UNIWARD,HUGO,S-UNIWARD,MiPOD,HILL,WOW,,"HUGO,S-UNIWARD",2,0,0.9725880714309815,0.9531331348500747,0.0194549365809068,0.6506861103647085,0.4,2,0.9531331348500747,0.6,3,0.7197131280282992,0.4,2,0.9725880714309815,0.8,4,0.8315150028531093,0.4,2
COVER__test__8525.pgm,8525.pgm,COVER,0,MULTI_CANDIDATE,HUGO,MiPOD,HUGO,MiPOD,HILL,S-UNIWARD,WOW,,"HUGO,MiPOD,HILL,S-UNIWARD",4,0,0.9962305050130242,0.9948673897872846,0.0013631152257396195,0.8374448273652556,0.8,4,0.9891837167103832,0.8,4,0.9938281380137907,0.8,4,0.9962305050130242,0.8,4,0.9948673897872846,0.8,4
COVER__test__8536.pgm,8536.pgm,COVER,0,MULTI_CANDIDATE,HUGO,S-UNIWARD,HUGO,S-UNIWARD,MiPOD,HILL,WOW,,"HUGO,S-UNIWARD,MiPOD",3,0,0.9925872141844561,0.9691969867761975,0.02339022740825858,0.7155907551062404,0.6,3,0.9691969867761975,0.6,3,0.8316293697359083,0.6,3,0.9925872141844561,0.6,3,0.9224371199879714,0.6,3
COVER__test__854.pgm,854.pgm,COVER,0,MULTI_CANDIDATE,WOW,S-UNIWARD,WOW,S-UNIWARD,HUGO,MiPOD,HILL,,"WOW,S-UNIWARD,HUGO,MiPOD,HILL",5,0,1.0,1.0,0.0,1.0,1.0,5,1.0,1.0,5,0.9880583946952127,0.8,4,1.0,1.0,5,1.0,1.0,5
COVER__test__8553.pgm,8553.pgm,COVER,0,MULTI_CANDIDATE,WOW,S-UNIWARD,WOW,S-UNIWARD,HILL,HUGO,MiPOD,,"WOW,S-UNIWARD,HILL,HUGO,MiPOD",5,0,1.0,1.0,0.0,1.0,1.0,5,1.0,1.0,5,1.0,1.0,5,1.0,1.0,5,1.0,1.0,5
COVER__test__8566.pgm,8566.pgm,COVER,0,MULTI_CANDIDATE,HUGO,S-UNIWARD,HUGO,S-UNIWARD,MiPOD,HILL,WOW,,"HUGO,S-UNIWARD",2,0,0.9676383991480577,0.9506936566367564,0.01694474251130129,0.7352660135930909,0.6,3,0.9506936566367564,0.6,3,0.7711332879487336,0.4,2,0.9676383991480577,0.8,4,0.8482214294433774,0.8,4
COVER__test__858.pgm,858.pgm,COVER,0,MULTI_CANDIDATE,HUGO,S-UNIWARD,HUGO,S-UNIWARD,HILL,MiPOD,WOW,,"HUGO,S-UNIWARD",2,0,0.9439528290742041,0.9335461509037468,0.010406678170457262,0.7379075976934784,0.6,3,0.9335461509037468,0.8,4,0.8576713510162296,0.8,4,0.9439528290742041,0.8,4,0.8414082407470707,0.8,4
COVER__test__8587.pgm,8587.pgm,COVER,0,MULTI_CANDIDATE,HUGO,S-UNIWARD,HUGO,S-UNIWARD,MiPOD,HILL,WOW,,"HUGO,S-UNIWARD",2,0,0.94506224352748,0.9127064267803725,0.032355816747107524,0.603228099033871,0.4,2,0.9127064267803725,0.4,2,0.6964113445414003,0.4,2,0.94506224352748,0.6,3,0.7688116113734463,0.6,3
COVER__test__86.pgm,86.pgm,COVER,0,MULTI_CANDIDATE,S-UNIWARD,HUGO,S-UNIWARD,HUGO,HILL,MiPOD,WOW,,"S-UNIWARD,HUGO",2,0,1.0,1.0,0.0,0.7914848380964683,0.6,3,1.0,1.0,5,0.8807381691444075,0.6,3,1.0,1.0,5,0.8665444166844033,0.8,4
COVER__test__8616.pgm,8616.pgm,COVER,0,UNKNOWN_OR_COVER,UNKNOWN,,HUGO,S-UNIWARD,MiPOD,HILL,WOW,,,0,0,0.8668911499352483,0.8371217315620875,0.029769418373160828,0.5275611826828295,0.2,1,0.8371217315620875,0.2,1,0.621532405823402,0.4,2,0.8668911499352483,0.4,2,0.6929850698387224,0.4,2
COVER__test__863.pgm,863.pgm,COVER,0,MULTI_CANDIDATE,HUGO,S-UNIWARD,HUGO,S-UNIWARD,HILL,MiPOD,WOW,,"HUGO,S-UNIWARD",2,0,0.9526039143897282,0.9415718295406886,0.011032084849039614,0.732561673834639,0.6,3,0.9415718295406886,0.8,4,0.8611372070269215,0.8,4,0.9526039143897282,0.8,4,0.8438967380261622,0.8,4
COVER__test__8636.pgm,8636.pgm,COVER,0,MULTI_CANDIDATE,S-UNIWARD,HUGO,S-UNIWARD,HUGO,MiPOD,HILL,WOW,,"S-UNIWARD,HUGO,MiPOD,HILL",4,0,1.0,1.0,0.0,0.8423470981260366,0.8,4,1.0,1.0,5,0.9285768409682387,0.8,4,1.0,1.0,5,1.0,1.0,5
COVER__test__8643.pgm,8643.pgm,COVER,0,MULTI_CANDIDATE,HUGO,MiPOD,HUGO,MiPOD,HILL,S-UNIWARD,WOW,,"HUGO,MiPOD,HILL,S-UNIWARD",4,0,1.0,0.9994012799985612,0.0005987200014387906,0.8383160389950701,0.8,4,0.9935853675061498,0.8,4,0.9983378484305515,0.8,4,1.0,1.0,5,0.9994012799985612,0.8,4
COVER__test__8650.pgm,8650.pgm,COVER,0,SINGLE_CANDIDATE,HUGO,,HUGO,S-UNIWARD,MiPOD,HILL,WOW,,HUGO,1,0,0.9013224581064796,0.8477310273435761,0.053591430762903514,0.5606282848935935,0.2,1,0.8477310273435761,0.0,0,0.6329036543963035,0.0,0,0.9013224581064796,0.4,2,0.7053879932296332,0.2,1
COVER__test__8665.pgm,8665.pgm,COVER,0,MULTI_CANDIDATE,WOW,S-UNIWARD,WOW,S-UNIWARD,HILL,HUGO,MiPOD,,"WOW,S-UNIWARD,HILL,HUGO,MiPOD",5,0,1.0,1.0,0.0,1.0,1.0,5,1.0,1.0,5,1.0,1.0,5,1.0,1.0,5,1.0,1.0,5
COVER__test__8685.pgm,8685.pgm,COVER,0,MULTI_CANDIDATE,WOW,S-UNIWARD,WOW,S-UNIWARD,HILL,HUGO,MiPOD,,"WOW,S-UNIWARD,HILL,HUGO,MiPOD",5,0,1.0,1.0,0.0,1.0,1.0,5,1.0,1.0,5,1.0,1.0,5,1.0,1.0,5,1.0,1.0,5
COVER__test__8688.pgm,8688.pgm,COVER,0,MULTI_CANDIDATE,HUGO,S-UNIWARD,HUGO,S-UNIWARD,MiPOD,HILL,WOW,,"HUGO,S-UNIWARD",2,0,1.0,0.9975085848114034,0.002491415188596635,0.7624290457192391,0.4,2,0.9975085848114034,0.8,4,0.7796857334551579,0.6,3,1.0,1.0,5,0.8626302272851095,0.8,4
COVER__test__8692.pgm,8692.pgm,COVER,0,MULTI_CANDIDATE,S-UNIWARD,HUGO,S-UNIWARD,HUGO,MiPOD,HILL,WOW,,"S-UNIWARD,HUGO,MiPOD",3,0,1.0,1.0,0.0,0.8069324877995999,0.6,3,1.0,1.0,5,0.8769874367470827,0.8,4,1.0,1.0,5,1.0,1.0,5
COVER__test__8703.pgm,8703.pgm,COVER,0,MULTI_CANDIDATE,WOW,S-UNIWARD,WOW,S-UNIWARD,HILL,HUGO,MiPOD,,"WOW,S-UNIWARD,HILL,HUGO,MiPOD",5,0,1.0,1.0,0.0,1.0,1.0,5,1.0,1.0,5,1.0,1.0,5,1.0,1.0,5,1.0,1.0,5
COVER__test__8707.pgm,8707.pgm,COVER,0,MULTI_CANDIDATE,S-UNIWARD,HUGO,S-UNIWARD,HUGO,HILL,MiPOD,WOW,,"S-UNIWARD,HUGO,HILL,MiPOD",4,0,1.0,1.0,0.0,0.8474921480190758,0.8,4,1.0,1.0,5,0.9396988137185909,0.6,3,1.0,1.0,5,0.9151608652652957,0.8,4
COVER__test__8724.pgm,8724.pgm,COVER,0,MULTI_CANDIDATE,WOW,S-UNIWARD,WOW,S-UNIWARD,HILL,HUGO,MiPOD,,"WOW,S-UNIWARD,HILL,HUGO,MiPOD",5,0,1.0,1.0,0.0,1.0,1.0,5,1.0,1.0,5,1.0,1.0,5,1.0,1.0,5,1.0,1.0,5
COVER__test__8734.pgm,8734.pgm,COVER,0,MULTI_CANDIDATE,WOW,S-UNIWARD,WOW,S-UNIWARD,HILL,HUGO,MiPOD,,"WOW,S-UNIWARD,HILL,HUGO,MiPOD",5,0,1.0,1.0,0.0,1.0,1.0,5,1.0,1.0,5,1.0,1.0,5,1.0,1.0,5,1.0,1.0,5
COVER__test__8754.pgm,8754.pgm,COVER,0,MULTI_CANDIDATE,WOW,S-UNIWARD,WOW,S-UNIWARD,HILL,HUGO,MiPOD,,"WOW,S-UNIWARD,HILL,HUGO,MiPOD",5,0,0.9144229005321698,0.9144229005321698,0.0,0.9144229005321698,0.8,4,0.9144229005321698,0.8,4,0.9144229005321698,0.8,4,0.9144229005321698,0.8,4,0.9144229005321698,0.8,4
COVER__test__8756.pgm,8756.pgm,COVER,0,MULTI_CANDIDATE,WOW,S-UNIWARD,WOW,S-UNIWARD,HILL,HUGO,MiPOD,,"WOW,S-UNIWARD,HILL,HUGO,MiPOD",5,0,1.0,1.0,0.0,1.0,1.0,5,1.0,1.0,5,1.0,1.0,5,1.0,1.0,5,1.0,1.0,5
COVER__test__8769.pgm,8769.pgm,COVER,0,MULTI_CANDIDATE,WOW,S-UNIWARD,WOW,S-UNIWARD,HILL,HUGO,MiPOD,,"WOW,S-UNIWARD,HILL,HUGO,MiPOD",5,0,1.0,1.0,0.0,1.0,1.0,5,1.0,1.0,5,1.0,1.0,5,1.0,1.0,5,1.0,1.0,5
COVER__test__8774.pgm,8774.pgm,COVER,0,MULTI_CANDIDATE,HUGO,S-UNIWARD,HUGO,S-UNIWARD,MiPOD,HILL,WOW,,"HUGO,S-UNIWARD,MiPOD",3,0,0.9846428018077432,0.9692105830594608,0.015432218748282378,0.793187356023183,0.6,3,0.9692105830594608,0.8,4,0.8344745451131608,0.8,4,0.9846428018077432,0.8,4,0.9194966996193749,0.8,4
COVER__test__878.pgm,878.pgm,COVER,0,MULTI_CANDIDATE,WOW,S-UNIWARD,WOW,S-UNIWARD,HILL,HUGO,MiPOD,,"WOW,S-UNIWARD,HILL,HUGO,MiPOD",5,0,1.0,1.0,0.0,1.0,1.0,5,1.0,1.0,5,1.0,1.0,5,1.0,1.0,5,1.0,1.0,5
COVER__test__8799.pgm,8799.pgm,COVER,0,MULTI_CANDIDATE,S-UNIWARD,HUGO,S-UNIWARD,HUGO,MiPOD,HILL,WOW,,"S-UNIWARD,HUGO,MiPOD,HILL",4,0,0.9430605000595337,0.9430605000595337,0.0,0.7999546392896976,0.6,3,0.9430605000595337,0.8,4,0.9125946869200063,0.6,3,0.9430605000595337,0.8,4,0.9430605000595337,0.8,4
COVER__test__8800.pgm,8800.pgm,COVER,0,MULTI_CANDIDATE,HUGO,MiPOD,HUGO,MiPOD,HILL,S-UNIWARD,WOW,,"HUGO,MiPOD,HILL,S-UNIWARD",4,0,0.9957921287314015,0.9944320586865526,0.0013600700448489489,0.8373611761297595,0.8,4,0.9887610828580697,0.8,4,0.9933951285873984,0.8,4,0.9957921287314015,0.8,4,0.9944320586865526,0.8,4
COVER__test__8819.pgm,8819.pgm,COVER,0,MULTI_CANDIDATE,WOW,S-UNIWARD,WOW,S-UNIWARD,HILL,HUGO,MiPOD,,"WOW,S-UNIWARD,HILL,HUGO,MiPOD",5,0,1.0,1.0,0.0,1.0,1.0,5,1.0,1.0,5,1.0,1.0,5,1.0,1.0,5,1.0,1.0,5
COVER__test__8820.pgm,8820.pgm,COVER,0,MULTI_CANDIDATE,WOW,S-UNIWARD,WOW,S-UNIWARD,HILL,HUGO,MiPOD,,"WOW,S-UNIWARD,HILL,HUGO,MiPOD",5,0,1.0,1.0,0.0,1.0,1.0,5,1.0,1.0,5,1.0,1.0,5,1.0,1.0,5,1.0,1.0,5
COVER__test__8821.pgm,8821.pgm,COVER,0,MULTI_CANDIDATE,WOW,S-UNIWARD,WOW,S-UNIWARD,HILL,HUGO,MiPOD,,"WOW,S-UNIWARD,HILL,HUGO,MiPOD",5,0,1.0,1.0,0.0,1.0,1.0,5,1.0,1.0,5,1.0,1.0,5,1.0,1.0,5,1.0,1.0,5
COVER__test__8826.pgm,8826.pgm,COVER,0,MULTI_CANDIDATE,WOW,S-UNIWARD,WOW,S-UNIWARD,HILL,HUGO,MiPOD,,"WOW,S-UNIWARD,HILL,HUGO,MiPOD",5,0,1.0,1.0,0.0,1.0,1.0,5,1.0,1.0,5,1.0,1.0,5,1.0,1.0,5,1.0,1.0,5
COVER__test__8827.pgm,8827.pgm,COVER,0,MULTI_CANDIDATE,HUGO,S-UNIWARD,HUGO,S-UNIWARD,WOW,HILL,MiPOD,,"HUGO,S-UNIWARD",2,0,0.9382400379028638,0.9346841215770916,0.003555916325772235,0.8836890043495437,0.8,4,0.9346841215770916,0.8,4,0.8581627789286369,0.8,4,0.9382400379028638,0.6,3,0.8417610877837399,0.8,4
COVER__test__883.pgm,883.pgm,COVER,0,MULTI_CANDIDATE,WOW,S-UNIWARD,WOW,S-UNIWARD,HILL,HUGO,MiPOD,,"WOW,S-UNIWARD,HILL,HUGO,MiPOD",5,0,1.0,1.0,0.0,1.0,1.0,5,1.0,1.0,5,1.0,1.0,5,1.0,1.0,5,1.0,1.0,5
COVER__test__8830.pgm,8830.pgm,COVER,0,MULTI_CANDIDATE,HUGO,S-UNIWARD,HUGO,S-UNIWARD,MiPOD,HILL,WOW,,"HUGO,S-UNIWARD",2,0,0.9288902975981829,0.9030268545328394,0.025863443065343494,0.6453374880971059,0.4,2,0.9030268545328394,0.6,3,0.6922024623446719,0.6,3,0.9288902975981829,0.6,3,0.7610930384275846,0.6,3
COVER__test__8853.pgm,8853.pgm,COVER,0,MULTI_CANDIDATE,S-UNIWARD,HILL,S-UNIWARD,HILL,HUGO,MiPOD,WOW,,"S-UNIWARD,HILL,HUGO,MiPOD",4,0,1.0,1.0,0.0,0.8425801141177314,0.8,4,1.0,1.0,5,1.0,1.0,5,1.0,1.0,5,1.0,1.0,5
COVER__test__8854.pgm,8854.pgm,COVER,0,MULTI_CANDIDATE,WOW,S-UNIWARD,WOW,S-UNIWARD,HILL,HUGO,MiPOD,,"WOW,S-UNIWARD,HILL,HUGO,MiPOD",5,0,1.0,1.0,0.0,1.0,1.0,5,1.0,1.0,5,1.0,1.0,5,1.0,1.0,5,1.0,1.0,5
COVER__test__8867.pgm,8867.pgm,COVER,0,MULTI_CANDIDATE,HUGO,S-UNIWARD,HUGO,S-UNIWARD,MiPOD,HILL,WOW,,"HUGO,S-UNIWARD",2,0,0.9389323316771094,0.9049891688057784,0.033943162871331034,0.600720823209649,0.4,2,0.9049891688057784,0.4,2,0.6908025100866567,0.4,2,0.9389323316771094,0.4,2,0.7629995303908266,0.4,2
COVER__test__8875.pgm,8875.pgm,COVER,0,MULTI_CANDIDATE,WOW,S-UNIWARD,WOW,S-UNIWARD,HILL,HUGO,MiPOD,,"WOW,S-UNIWARD,HILL,HUGO,MiPOD",5,0,1.0,1.0,0.0,1.0,1.0,5,1.0,1.0,5,1.0,1.0,5,1.0,1.0,5,1.0,1.0,5
COVER__test__8889.pgm,8889.pgm,COVER,0,UNKNOWN_OR_COVER,UNKNOWN,,HUGO,S-UNIWARD,MiPOD,HILL,WOW,,,0,0,0.8884572302180616,0.8654057134648182,0.02305151675324335,0.6139488529333181,0.4,2,0.8654057134648182,0.4,2,0.7307619992766969,0.4,2,0.8884572302180616,0.4,2,0.8197226869919543,0.4,2
COVER__test__890.pgm,890.pgm,COVER,0,MULTI_CANDIDATE,WOW,S-UNIWARD,WOW,S-UNIWARD,HILL,HUGO,MiPOD,,"WOW,S-UNIWARD,HILL,HUGO,MiPOD",5,0,1.0,1.0,0.0,1.0,1.0,5,1.0,1.0,5,1.0,1.0,5,1.0,1.0,5,1.0,1.0,5
COVER__test__8905.pgm,8905.pgm,COVER,0,MULTI_CANDIDATE,WOW,S-UNIWARD,WOW,S-UNIWARD,HILL,HUGO,MiPOD,,"WOW,S-UNIWARD,HILL,HUGO,MiPOD",5,0,1.0,1.0,0.0,1.0,1.0,5,1.0,1.0,5,1.0,1.0,5,1.0,1.0,5,1.0,1.0,5
COVER__test__8906.pgm,8906.pgm,COVER,0,MULTI_CANDIDATE,WOW,S-UNIWARD,WOW,S-UNIWARD,HILL,HUGO,MiPOD,,"WOW,S-UNIWARD,HILL,HUGO,MiPOD",5,0,1.0,1.0,0.0,1.0,1.0,5,1.0,1.0,5,1.0,1.0,5,1.0,1.0,5,1.0,1.0,5
COVER__test__8910.pgm,8910.pgm,COVER,0,MULTI_CANDIDATE,WOW,S-UNIWARD,WOW,S-UNIWARD,HILL,HUGO,MiPOD,,"WOW,S-UNIWARD,HILL,HUGO,MiPOD",5,0,1.0,1.0,0.0,1.0,1.0,5,1.0,1.0,5,1.0,1.0,5,1.0,1.0,5,1.0,1.0,5
COVER__test__8916.pgm,8916.pgm,COVER,0,MULTI_CANDIDATE,WOW,S-UNIWARD,WOW,S-UNIWARD,HILL,HUGO,MiPOD,,"WOW,S-UNIWARD,HILL,HUGO,MiPOD",5,0,1.0,1.0,0.0,1.0,1.0,5,1.0,1.0,5,1.0,1.0,5,1.0,1.0,5,1.0,1.0,5
COVER__test__8925.pgm,8925.pgm,COVER,0,MULTI_CANDIDATE,WOW,S-UNIWARD,WOW,S-UNIWARD,HILL,MiPOD,HUGO,,"WOW,S-UNIWARD,HILL,MiPOD,HUGO",5,0,1.0,1.0,0.0,1.0,1.0,5,1.0,1.0,5,1.0,1.0,5,0.9910252786691623,0.8,4,1.0,1.0,5
COVER__test__8926.pgm,8926.pgm,COVER,0,MULTI_CANDIDATE,S-UNIWARD,HILL,S-UNIWARD,HILL,HUGO,MiPOD,WOW,,"S-UNIWARD,HILL,HUGO,MiPOD",4,0,1.0,1.0,0.0,0.8934639994394808,0.8,4,1.0,1.0,5,1.0,1.0,5,1.0,1.0,5,1.0,1.0,5
COVER__test__8934.pgm,8934.pgm,COVER,0,MULTI_CANDIDATE,WOW,S-UNIWARD,WOW,S-UNIWARD,HILL,HUGO,MiPOD,,"WOW,S-UNIWARD,HILL,HUGO,MiPOD",5,0,1.0,1.0,0.0,1.0,1.0,5,1.0,1.0,5,1.0,1.0,5,1.0,1.0,5,1.0,1.0,5
COVER__test__8935.pgm,8935.pgm,COVER,0,MULTI_CANDIDATE,WOW,S-UNIWARD,WOW,S-UNIWARD,HILL,HUGO,MiPOD,,"WOW,S-UNIWARD,HILL,HUGO,MiPOD",5,0,0.9259744357100018,0.9259744357100018,0.0,0.9259744357100018,0.8,4,0.9259744357100018,0.8,4,0.9259744357100018,0.8,4,0.9259744357100018,0.8,4,0.9259744357100018,0.8,4
COVER__test__8938.pgm,8938.pgm,COVER,0,MULTI_CANDIDATE,HUGO,S-UNIWARD,HUGO,S-UNIWARD,MiPOD,HILL,WOW,,"HUGO,S-UNIWARD",2,0,0.9947057667359337,0.9744803119687786,0.020225454767155093,0.6375724685608823,0.4,2,0.9744803119687786,0.4,2,0.7181184851024282,0.4,2,0.9947057667359337,0.8,4,0.7965959797659115,0.6,3
COVER__test__8940.pgm,8940.pgm,COVER,0,MULTI_CANDIDATE,WOW,S-UNIWARD,WOW,S-UNIWARD,HILL,HUGO,MiPOD,,"WOW,S-UNIWARD,HILL,HUGO,MiPOD",5,0,1.0,1.0,0.0,1.0,1.0,5,1.0,1.0,5,1.0,1.0,5,1.0,1.0,5,1.0,1.0,5
COVER__test__8946.pgm,8946.pgm,COVER,0,MULTI_CANDIDATE,WOW,S-UNIWARD,WOW,S-UNIWARD,HILL,HUGO,MiPOD,,"WOW,S-UNIWARD,HILL,HUGO,MiPOD",5,0,1.0,1.0,0.0,1.0,1.0,5,1.0,1.0,5,1.0,1.0,5,1.0,1.0,5,1.0,1.0,5
COVER__test__895.pgm,895.pgm,COVER,0,MULTI_CANDIDATE,WOW,S-UNIWARD,WOW,S-UNIWARD,HILL,MiPOD,HUGO,,"WOW,S-UNIWARD,HILL,MiPOD,HUGO",5,0,1.0,1.0,0.0,1.0,1.0,5,1.0,1.0,5,1.0,1.0,5,0.9079548013039378,0.8,4,0.9562383481849436,0.8,4
COVER__test__8950.pgm,8950.pgm,COVER,0,MULTI_CANDIDATE,S-UNIWARD,HILL,S-UNIWARD,HILL,HUGO,MiPOD,WOW,,"S-UNIWARD,HILL,HUGO,MiPOD,WOW",5,0,1.0,1.0,0.0,0.9973111010439852,0.8,4,1.0,1.0,5,1.0,1.0,5,1.0,1.0,5,1.0,1.0,5
COVER__test__8952.pgm,8952.pgm,COVER,0,MULTI_CANDIDATE,HUGO,S-UNIWARD,HUGO,S-UNIWARD,MiPOD,HILL,WOW,,"HUGO,S-UNIWARD,MiPOD",3,0,1.0,0.9953863048386837,0.004613695161316267,0.7533670028963109,0.6,3,0.9953863048386837,0.8,4,0.8536045320773173,0.8,4,1.0,1.0,5,0.985805632731466,0.8,4
COVER__test__8961.pgm,8961.pgm,COVER,0,MULTI_CANDIDATE,S-UNIWARD,HILL,S-UNIWARD,HILL,HUGO,MiPOD,WOW,,"S-UNIWARD,HILL,HUGO,MiPOD,WOW",5,0,1.0,1.0,0.0,0.9392581958316242,0.8,4,1.0,1.0,5,1.0,1.0,5,1.0,1.0,5,1.0,1.0,5
COVER__test__8963.pgm,8963.pgm,COVER,0,MULTI_CANDIDATE,WOW,S-UNIWARD,WOW,S-UNIWARD,HILL,HUGO,MiPOD,,"WOW,S-UNIWARD,HILL,HUGO,MiPOD",5,0,1.0,1.0,0.0,1.0,1.0,5,1.0,1.0,5,1.0,1.0,5,1.0,1.0,5,1.0,1.0,5
COVER__test__8964.pgm,8964.pgm,COVER,0,MULTI_CANDIDATE,S-UNIWARD,HILL,S-UNIWARD,HILL,HUGO,MiPOD,WOW,,"S-UNIWARD,HILL,HUGO,MiPOD",4,0,1.0,1.0,0.0,0.8443488069775207,0.8,4,1.0,1.0,5,1.0,1.0,5,1.0,1.0,5,1.0,1.0,5
COVER__test__897.pgm,897.pgm,COVER,0,MULTI_CANDIDATE,S-UNIWARD,HILL,S-UNIWARD,HILL,HUGO,MiPOD,WOW,,"S-UNIWARD,HILL,HUGO,MiPOD",4,0,1.0,1.0,0.0,0.8629012883374271,0.8,4,1.0,1.0,5,1.0,1.0,5,1.0,1.0,5,1.0,1.0,5
COVER__test__8977.pgm,8977.pgm,COVER,0,MULTI_CANDIDATE,WOW,S-UNIWARD,WOW,S-UNIWARD,HILL,HUGO,MiPOD,,"WOW,S-UNIWARD,HILL,HUGO,MiPOD",5,0,1.0,1.0,0.0,1.0,1.0,5,1.0,1.0,5,1.0,1.0,5,1.0,1.0,5,1.0,1.0,5
COVER__test__8986.pgm,8986.pgm,COVER,0,UNKNOWN_OR_COVER,UNKNOWN,,HUGO,S-UNIWARD,MiPOD,HILL,WOW,,,0,0,0.7481178406548115,0.7004936474839991,0.047624193170812346,0.4088137170106136,0.0,0,0.7004936474839991,0.0,0,0.48488661844881575,0.0,0,0.7481178406548115,0.0,0,0.5579116534224073,0.0,0
COVER__test__8994.pgm,8994.pgm,COVER,0,MULTI_CANDIDATE,WOW,S-UNIWARD,WOW,S-UNIWARD,HILL,HUGO,MiPOD,,"WOW,S-UNIWARD,HILL,HUGO,MiPOD",5,0,1.0,1.0,0.0,1.0,1.0,5,1.0,1.0,5,1.0,1.0,5,1.0,1.0,5,1.0,1.0,5
COVER__test__9.pgm,9.pgm,COVER,0,MULTI_CANDIDATE,HUGO,S-UNIWARD,HUGO,S-UNIWARD,MiPOD,WOW,HILL,,"HUGO,S-UNIWARD,MiPOD",3,0,0.9788654982688876,0.9700147536949112,0.008850744573976388,0.8452473243157975,0.4,2,0.9700147536949112,0.6,3,0.8178097741550825,0.6,3,0.9788654982688876,0.8,4,0.9138553124112103,0.6,3
COVER__test__90.pgm,90.pgm,COVER,0,UNKNOWN_OR_COVER,UNKNOWN,,HUGO,S-UNIWARD,MiPOD,HILL,WOW,,,0,0,0.8624777449114823,0.8311717546308565,0.03130599028062586,0.5096268789856725,0.2,1,0.8311717546308565,0.2,1,0.5977930254672945,0.4,2,0.8624777449114823,0.6,3,0.6716629053029665,0.4,2
COVER__test__9008.pgm,9008.pgm,COVER,0,MULTI_CANDIDATE,S-UNIWARD,HILL,S-UNIWARD,HILL,HUGO,MiPOD,WOW,,"S-UNIWARD,HILL,HUGO,MiPOD,WOW",5,0,1.0,1.0,0.0,0.9437879655326841,0.8,4,1.0,1.0,5,1.0,1.0,5,1.0,1.0,5,1.0,1.0,5
COVER__test__9010.pgm,9010.pgm,COVER,0,UNKNOWN_OR_COVER,UNKNOWN,,HUGO,S-UNIWARD,HILL,MiPOD,WOW,,,0,0,0.8249790236179079,0.8144510102623247,0.010528013355583177,0.6191218333705495,0.4,2,0.8144510102623247,0.6,3,0.7376915589288849,0.6,3,0.8249790236179079,0.6,3,0.7212388312368645,0.6,3
COVER__test__9014.pgm,9014.pgm,COVER,0,MULTI_CANDIDATE,WOW,S-UNIWARD,WOW,S-UNIWARD,HILL,HUGO,MiPOD,,"WOW,S-UNIWARD,HILL,HUGO,MiPOD",5,0,1.0,1.0,0.0,1.0,1.0,5,1.0,1.0,5,1.0,1.0,5,1.0,1.0,5,1.0,1.0,5
COVER__test__9028.pgm,9028.pgm,COVER,0,MULTI_CANDIDATE,WOW,S-UNIWARD,WOW,S-UNIWARD,HILL,HUGO,MiPOD,,"WOW,S-UNIWARD,HILL,HUGO,MiPOD",5,0,1.0,1.0,0.0,1.0,1.0,5,1.0,1.0,5,1.0,1.0,5,1.0,1.0,5,1.0,1.0,5
COVER__test__9033.pgm,9033.pgm,COVER,0,MULTI_CANDIDATE,S-UNIWARD,HILL,S-UNIWARD,HILL,HUGO,MiPOD,WOW,,"S-UNIWARD,HILL,HUGO,MiPOD,WOW",5,0,1.0,1.0,0.0,0.9980342451253709,0.8,4,1.0,1.0,5,1.0,1.0,5,1.0,1.0,5,1.0,1.0,5
COVER__test__9035.pgm,9035.pgm,COVER,0,MULTI_CANDIDATE,WOW,S-UNIWARD,WOW,S-UNIWARD,HILL,HUGO,MiPOD,,"WOW,S-UNIWARD,HILL,HUGO,MiPOD",5,0,1.0,1.0,0.0,1.0,1.0,5,1.0,1.0,5,1.0,1.0,5,1.0,1.0,5,1.0,1.0,5
COVER__test__904.pgm,904.pgm,COVER,0,MULTI_CANDIDATE,WOW,S-UNIWARD,WOW,S-UNIWARD,HILL,HUGO,MiPOD,,"WOW,S-UNIWARD,HILL,HUGO,MiPOD",5,0,1.0,1.0,0.0,1.0,1.0,5,1.0,1.0,5,1.0,1.0,5,1.0,1.0,5,1.0,1.0,5
COVER__test__9042.pgm,9042.pgm,COVER,0,MULTI_CANDIDATE,WOW,S-UNIWARD,WOW,S-UNIWARD,HILL,HUGO,MiPOD,,"WOW,S-UNIWARD,HILL,HUGO,MiPOD",5,0,1.0,1.0,0.0,1.0,1.0,5,1.0,1.0,5,1.0,1.0,5,1.0,1.0,5,1.0,1.0,5
COVER__test__9044.pgm,9044.pgm,COVER,0,MULTI_CANDIDATE,WOW,S-UNIWARD,WOW,S-UNIWARD,HILL,HUGO,MiPOD,,"WOW,S-UNIWARD,HILL,HUGO,MiPOD",5,0,1.0,1.0,0.0,1.0,1.0,5,1.0,1.0,5,1.0,1.0,5,1.0,1.0,5,1.0,1.0,5
COVER__test__9048.pgm,9048.pgm,COVER,0,MULTI_CANDIDATE,WOW,S-UNIWARD,WOW,S-UNIWARD,HILL,HUGO,MiPOD,,"WOW,S-UNIWARD,HILL,HUGO,MiPOD",5,0,1.0,1.0,0.0,1.0,1.0,5,1.0,1.0,5,1.0,1.0,5,1.0,1.0,5,1.0,1.0,5
COVER__test__9050.pgm,9050.pgm,COVER,0,MULTI_CANDIDATE,WOW,S-UNIWARD,WOW,S-UNIWARD,HILL,HUGO,MiPOD,,"WOW,S-UNIWARD,HILL,HUGO,MiPOD",5,0,1.0,1.0,0.0,1.0,1.0,5,1.0,1.0,5,1.0,1.0,5,1.0,1.0,5,1.0,1.0,5
COVER__test__9053.pgm,9053.pgm,COVER,0,MULTI_CANDIDATE,WOW,S-UNIWARD,WOW,S-UNIWARD,HILL,HUGO,MiPOD,,"WOW,S-UNIWARD,HILL,HUGO,MiPOD",5,0,1.0,1.0,0.0,1.0,1.0,5,1.0,1.0,5,1.0,1.0,5,1.0,1.0,5,1.0,1.0,5
COVER__test__9058.pgm,9058.pgm,COVER,0,MULTI_CANDIDATE,WOW,S-UNIWARD,WOW,S-UNIWARD,HILL,HUGO,MiPOD,,"WOW,S-UNIWARD,HILL,HUGO,MiPOD",5,0,1.0,1.0,0.0,1.0,1.0,5,1.0,1.0,5,1.0,1.0,5,1.0,1.0,5,1.0,1.0,5
COVER__test__9072.pgm,9072.pgm,COVER,0,MULTI_CANDIDATE,WOW,S-UNIWARD,WOW,S-UNIWARD,HILL,HUGO,MiPOD,,"WOW,S-UNIWARD,HILL,HUGO,MiPOD",5,0,1.0,1.0,0.0,1.0,1.0,5,1.0,1.0,5,1.0,1.0,5,1.0,1.0,5,1.0,1.0,5
COVER__test__9077.pgm,9077.pgm,COVER,0,MULTI_CANDIDATE,WOW,S-UNIWARD,WOW,S-UNIWARD,HILL,HUGO,MiPOD,,"WOW,S-UNIWARD,HILL,HUGO,MiPOD",5,0,1.0,1.0,0.0,1.0,1.0,5,1.0,1.0,5,1.0,1.0,5,1.0,1.0,5,1.0,1.0,5
COVER__test__9078.pgm,9078.pgm,COVER,0,MULTI_CANDIDATE,WOW,S-UNIWARD,WOW,S-UNIWARD,HILL,HUGO,MiPOD,,"WOW,S-UNIWARD,HILL,HUGO,MiPOD",5,0,1.0,1.0,0.0,1.0,1.0,5,1.0,1.0,5,1.0,1.0,5,1.0,1.0,5,1.0,1.0,5
COVER__test__9095.pgm,9095.pgm,COVER,0,MULTI_CANDIDATE,WOW,S-UNIWARD,WOW,S-UNIWARD,HILL,HUGO,MiPOD,,"WOW,S-UNIWARD,HILL,HUGO,MiPOD",5,0,1.0,1.0,0.0,1.0,1.0,5,1.0,1.0,5,1.0,1.0,5,1.0,1.0,5,1.0,1.0,5
COVER__test__9097.pgm,9097.pgm,COVER,0,MULTI_CANDIDATE,WOW,S-UNIWARD,WOW,S-UNIWARD,HILL,HUGO,MiPOD,,"WOW,S-UNIWARD,HILL,HUGO,MiPOD",5,0,1.0,1.0,0.0,1.0,1.0,5,1.0,1.0,5,1.0,1.0,5,1.0,1.0,5,1.0,1.0,5
COVER__test__9104.pgm,9104.pgm,COVER,0,MULTI_CANDIDATE,WOW,S-UNIWARD,WOW,S-UNIWARD,HILL,HUGO,MiPOD,,"WOW,S-UNIWARD,HILL,HUGO,MiPOD",5,0,1.0,1.0,0.0,1.0,1.0,5,1.0,1.0,5,1.0,1.0,5,1.0,1.0,5,1.0,1.0,5
COVER__test__9105.pgm,9105.pgm,COVER,0,MULTI_CANDIDATE,WOW,S-UNIWARD,WOW,S-UNIWARD,HILL,HUGO,MiPOD,,"WOW,S-UNIWARD,HILL,HUGO,MiPOD",5,0,1.0,1.0,0.0,1.0,1.0,5,1.0,1.0,5,1.0,1.0,5,1.0,1.0,5,1.0,1.0,5
COVER__test__9109.pgm,9109.pgm,COVER,0,MULTI_CANDIDATE,S-UNIWARD,HUGO,S-UNIWARD,HUGO,MiPOD,HILL,WOW,,"S-UNIWARD,HUGO,MiPOD,HILL",4,0,1.0,1.0,0.0,0.8454523677959246,0.8,4,1.0,1.0,5,0.90265570372814,0.8,4,1.0,1.0,5,1.0,1.0,5
COVER__test__9112.pgm,9112.pgm,COVER,0,MULTI_CANDIDATE,WOW,S-UNIWARD,WOW,S-UNIWARD,HILL,MiPOD,HUGO,,"WOW,S-UNIWARD,HILL,MiPOD,HUGO",5,0,1.0,1.0,0.0,1.0,1.0,5,1.0,1.0,5,1.0,1.0,5,0.9617341144638172,0.8,4,1.0,1.0,5
COVER__test__9113.pgm,9113.pgm,COVER,0,MULTI_CANDIDATE,HUGO,MiPOD,HUGO,MiPOD,S-UNIWARD,HILL,WOW,,"HUGO,MiPOD,S-UNIWARD,HILL",4,0,1.0,1.0,0.0,0.8384509730909009,0.8,4,0.9942670994183096,0.8,4,0.9073066304137185,0.6,3,1.0,1.0,5,1.0,1.0,5
COVER__test__912.pgm,912.pgm,COVER,0,MULTI_CANDIDATE,HUGO,MiPOD,HUGO,MiPOD,HILL,S-UNIWARD,WOW,,"HUGO,MiPOD,HILL,S-UNIWARD",4,0,0.9990846663098726,0.9977017246523546,0.0013829416575179554,0.8379894602042018,0.8,4,0.9919353828807008,0.8,4,0.996647357022183,0.8,4,0.9990846663098726,0.8,4,0.9977017246523546,0.8,4
COVER__test__9126.pgm,9126.pgm,COVER,0,MULTI_CANDIDATE,S-UNIWARD,HILL,S-UNIWARD,HILL,HUGO,MiPOD,WOW,,"S-UNIWARD,HILL,HUGO,MiPOD,WOW",5,0,1.0,1.0,0.0,0.9967704764315852,0.8,4,1.0,1.0,5,1.0,1.0,5,1.0,1.0,5,1.0,1.0,5
COVER__test__9132.pgm,9132.pgm,COVER,0,MULTI_CANDIDATE,HUGO,S-UNIWARD,HUGO,S-UNIWARD,MiPOD,HILL,WOW,,"HUGO,S-UNIWARD",2,0,0.9925290442607079,0.9579672081756676,0.034561836085040265,0.6298960488956187,0.4,2,0.9579672081756676,0.4,2,0.7146503089865577,0.6,3,0.9925290442607079,0.8,4,0.7854273700228385,0.6,3
COVER__test__9136.pgm,9136.pgm,COVER,0,MULTI_CANDIDATE,WOW,S-UNIWARD,WOW,S-UNIWARD,HILL,HUGO,MiPOD,,"WOW,S-UNIWARD,HILL,HUGO,MiPOD",5,0,1.0,1.0,0.0,1.0,1.0,5,1.0,1.0,5,1.0,1.0,5,1.0,1.0,5,1.0,1.0,5
COVER__test__9137.pgm,9137.pgm,COVER,0,MULTI_CANDIDATE,WOW,S-UNIWARD,WOW,S-UNIWARD,HILL,MiPOD,HUGO,,"WOW,S-UNIWARD,HILL,MiPOD",4,0,1.0,0.9759958131755304,0.024004186824469587,1.0,1.0,5,0.9759958131755304,0.8,4,0.9407691837451033,0.8,4,0.874333913761171,0.8,4,0.907580281375996,0.8,4
COVER__test__9138.pgm,9138.pgm,COVER,0,MULTI_CANDIDATE,HUGO,S-UNIWARD,HUGO,S-UNIWARD,MiPOD,HILL,WOW,,"HUGO,S-UNIWARD,MiPOD",3,0,0.985261888078643,0.9697779268596927,0.015483961218950348,0.7695486926403132,0.6,3,0.9697779268596927,0.8,4,0.8345901343338948,0.8,4,0.985261888078643,0.8,4,0.9198973584342752,0.8,4
COVER__test__9141.pgm,9141.pgm,COVER,0,MULTI_CANDIDATE,WOW,S-UNIWARD,WOW,S-UNIWARD,HILL,MiPOD,HUGO,,"WOW,S-UNIWARD,HILL,MiPOD",4,0,1.0,1.0,0.0,1.0,1.0,5,1.0,1.0,5,0.9831889793936563,0.8,4,0.8967339117409541,0.8,4,0.9399988365623851,0.8,4
COVER__test__9145.pgm,9145.pgm,COVER,0,MULTI_CANDIDATE,HUGO,S-UNIWARD,HUGO,S-UNIWARD,MiPOD,HILL,WOW,,"HUGO,S-UNIWARD",2,0,0.9454032215848175,0.911047745452556,0.03435547613226153,0.6027264350373769,0.4,2,0.911047745452556,0.4,2,0.6941685525698351,0.4,2,0.9454032215848175,0.6,3,0.7681527319604092,0.4,2
COVER__test__9153.pgm,9153.pgm,COVER,0,UNKNOWN_OR_COVER,UNKNOWN,,HUGO,S-UNIWARD,MiPOD,HILL,WOW,,,0,0,0.7313800835730224,0.6876769882886367,0.04370309528438576,0.39229636603136664,0.0,0,0.6876769882886367,0.0,0,0.47294760381985934,0.2,1,0.7313800835730224,0.2,1,0.5439837846480511,0.2,1
COVER__test__9156.pgm,9156.pgm,COVER,0,MULTI_CANDIDATE,HUGO,S-UNIWARD,HUGO,S-UNIWARD,MiPOD,HILL,WOW,,"HUGO,S-UNIWARD",2,0,0.9482197309653811,0.9145734839945046,0.03364624697087659,0.6045525965345877,0.4,2,0.9145734839945046,0.4,2,0.696257537402574,0.4,2,0.9482197309653811,0.6,3,0.7698566472313612,0.4,2
COVER__test__9158.pgm,9158.pgm,COVER,0,UNKNOWN_OR_COVER,UNKNOWN,,HUGO,S-UNIWARD,MiPOD,HILL,WOW,,,0,0,0.866993168342417,0.8321524807720294,0.03484068757038761,0.5323550801582672,0.2,1,0.8321524807720294,0.4,2,0.6018150321209867,0.4,2,0.866993168342417,0.6,3,0.6791823652056427,0.4,2
COVER__test__916.pgm,916.pgm,COVER,0,MULTI_CANDIDATE,WOW,S-UNIWARD,WOW,S-UNIWARD,HILL,HUGO,MiPOD,,"WOW,S-UNIWARD,HILL,HUGO,MiPOD",5,0,1.0,1.0,0.0,1.0,1.0,5,1.0,1.0,5,1.0,1.0,5,1.0,1.0,5,1.0,1.0,5
COVER__test__9166.pgm,9166.pgm,COVER,0,MULTI_CANDIDATE,HUGO,S-UNIWARD,HUGO,S-UNIWARD,MiPOD,HILL,WOW,,"HUGO,S-UNIWARD",2,0,0.9978235279781057,0.9581045551530959,0.0397189728250098,0.7182085691084356,0.6,3,0.9581045551530959,0.4,2,0.8158010087407603,0.6,3,0.9978235279781057,0.8,4,0.8757436463198731,0.4,2
COVER__test__917.pgm,917.pgm,COVER,0,MULTI_CANDIDATE,WOW,S-UNIWARD,WOW,S-UNIWARD,HILL,HUGO,MiPOD,,"WOW,S-UNIWARD,HILL,HUGO,MiPOD",5,0,1.0,1.0,0.0,1.0,1.0,5,1.0,1.0,5,1.0,1.0,5,1.0,1.0,5,1.0,1.0,5
COVER__test__9173.pgm,9173.pgm,COVER,0,MULTI_CANDIDATE,S-UNIWARD,HUGO,S-UNIWARD,HUGO,HILL,MiPOD,WOW,,"S-UNIWARD,HUGO",2,0,1.0,1.0,0.0,0.7660429902280386,0.6,3,1.0,1.0,5,0.8864244030292175,0.8,4,1.0,1.0,5,0.8620530371492183,0.8,4
COVER__test__9176.pgm,9176.pgm,COVER,0,MULTI_CANDIDATE,HUGO,S-UNIWARD,HUGO,S-UNIWARD,WOW,HILL,MiPOD,,"HUGO,S-UNIWARD",2,0,0.9442786807958885,0.9338484460616548,0.010430234734233657,0.8831697385962591,0.8,4,0.9338484460616548,0.8,4,0.8578018959255681,0.8,4,0.9442786807958885,0.8,4,0.8415019724689559,0.8,4
COVER__test__9179.pgm,9179.pgm,COVER,0,MULTI_CANDIDATE,WOW,S-UNIWARD,WOW,S-UNIWARD,HILL,HUGO,MiPOD,,"WOW,S-UNIWARD,HILL,HUGO,MiPOD",5,0,1.0,1.0,0.0,1.0,1.0,5,1.0,1.0,5,1.0,1.0,5,1.0,1.0,5,1.0,1.0,5
COVER__test__9185.pgm,9185.pgm,COVER,0,MULTI_CANDIDATE,S-UNIWARD,HILL,S-UNIWARD,HILL,HUGO,MiPOD,WOW,,"S-UNIWARD,HILL,HUGO,MiPOD",4,0,1.0,1.0,0.0,0.8427312846050224,0.8,4,1.0,1.0,5,1.0,1.0,5,1.0,1.0,5,1.0,1.0,5
COVER__test__9191.pgm,9191.pgm,COVER,0,MULTI_CANDIDATE,WOW,S-UNIWARD,WOW,S-UNIWARD,HILL,HUGO,MiPOD,,"WOW,S-UNIWARD,HILL,HUGO,MiPOD",5,0,1.0,1.0,0.0,1.0,1.0,5,1.0,1.0,5,1.0,1.0,5,1.0,1.0,5,1.0,1.0,5
COVER__test__9193.pgm,9193.pgm,COVER,0,UNKNOWN_OR_COVER,UNKNOWN,,HUGO,S-UNIWARD,MiPOD,HILL,WOW,,,0,0,0.8727159305835175,0.8601993375025723,0.012516593080945215,0.6387588479409885,0.2,1,0.8601993375025723,0.4,2,0.6738928272194271,0.4,2,0.8727159305835175,0.6,3,0.7695871000656299,0.6,3
COVER__test__9194.pgm,9194.pgm,COVER,0,UNKNOWN_OR_COVER,UNKNOWN,,HUGO,S-UNIWARD,MiPOD,HILL,WOW,,,0,0,0.8821826910643379,0.8482184954876117,0.03396419557672614,0.5353774459147408,0.2,1,0.8482184954876117,0.2,1,0.6226022711364448,0.2,1,0.8821826910643379,0.4,2,0.6985345346249121,0.2,1
COVER__test__9195.pgm,9195.pgm,COVER,0,MULTI_CANDIDATE,HUGO,S-UNIWARD,HUGO,S-UNIWARD,MiPOD,HILL,WOW,,"HUGO,S-UNIWARD,MiPOD",3,0,1.0,0.9932315949959921,0.0067684050040078825,0.8016686915674391,0.6,3,0.9932315949959921,0.8,4,0.8270166971653989,0.4,2,1.0,1.0,5,0.9086493220161918,0.6,3
COVER__test__921.pgm,921.pgm,COVER,0,MULTI_CANDIDATE,S-UNIWARD,HUGO,S-UNIWARD,HUGO,MiPOD,HILL,WOW,,"S-UNIWARD,HUGO,MiPOD,HILL,WOW",5,0,1.0,1.0,0.0,0.9295515062025158,0.8,4,1.0,1.0,5,0.9852683066249517,0.8,4,1.0,1.0,5,1.0,1.0,5
COVER__test__9210.pgm,9210.pgm,COVER,0,MULTI_CANDIDATE,S-UNIWARD,HILL,S-UNIWARD,HILL,HUGO,MiPOD,WOW,,"S-UNIWARD,HILL,HUGO,MiPOD",4,0,1.0,1.0,0.0,0.8465354844659405,0.8,4,1.0,1.0,5,1.0,1.0,5,1.0,1.0,5,1.0,1.0,5
COVER__test__9217.pgm,9217.pgm,COVER,0,UNKNOWN_OR_COVER,UNKNOWN,,HUGO,S-UNIWARD,MiPOD,HILL,WOW,,,0,0,0.8983217022932278,0.8645817903587177,0.03373991193451009,0.5595265063032666,0.2,1,0.8645817903587177,0.2,1,0.6524338110968573,0.2,1,0.8983217022932278,0.4,2,0.7243382585176619,0.2,1
COVER__test__9223.pgm,9223.pgm,COVER,0,UNKNOWN_OR_COVER,UNKNOWN,,HUGO,S-UNIWARD,MiPOD,HILL,WOW,,,0,0,0.7748981783127171,0.7411973791801156,0.03370079913260149,0.4384181171671746,0.0,0,0.7411973791801156,0.0,0,0.5288155132893442,0.0,0,0.7748981783127171,0.0,0,0.6007359480770271,0.0,0
COVER__test__9227.pgm,9227.pgm,COVER,0,MULTI_CANDIDATE,HUGO,S-UNIWARD,HUGO,S-UNIWARD,MiPOD,HILL,WOW,,"HUGO,S-UNIWARD",2,0,0.9565823923584859,0.9376137756526232,0.018968616705862695,0.6141408692264895,0.4,2,0.9376137756526232,0.4,2,0.7022988046863643,0.6,3,0.9565823923584859,0.8,4,0.7821919436764523,0.6,3
COVER__test__9228.pgm,9228.pgm,COVER,0,UNKNOWN_OR_COVER,UNKNOWN,,HUGO,S-UNIWARD,MiPOD,HILL,WOW,,,0,0,0.8958986641099186,0.862102319030878,0.03379634507904061,0.5583870547589496,0.2,1,0.862102319030878,0.2,1,0.6491552926845412,0.2,1,0.8958986641099186,0.2,1,0.7212876664753948,0.2,1
COVER__test__924.pgm,924.pgm,COVER,0,MULTI_CANDIDATE,S-UNIWARD,HUGO,S-UNIWARD,HUGO,MiPOD,WOW,HILL,,"S-UNIWARD,HUGO",2,0,1.0,1.0,0.0,0.885055986839385,0.6,3,1.0,1.0,5,0.8317549978017071,0.6,3,1.0,1.0,5,0.8943952788677778,0.8,4
COVER__test__9241.pgm,9241.pgm,COVER,0,MULTI_CANDIDATE,WOW,S-UNIWARD,WOW,S-UNIWARD,HILL,HUGO,MiPOD,,"WOW,S-UNIWARD,HILL,HUGO,MiPOD",5,0,1.0,1.0,0.0,1.0,1.0,5,1.0,1.0,5,1.0,1.0,5,1.0,1.0,5,1.0,1.0,5
COVER__test__9254.pgm,9254.pgm,COVER,0,MULTI_CANDIDATE,WOW,S-UNIWARD,WOW,S-UNIWARD,HUGO,MiPOD,HILL,,"WOW,S-UNIWARD,HUGO,MiPOD",4,0,0.9144229005321698,0.9144229005321698,0.0,0.9144229005321698,0.8,4,0.9144229005321698,0.8,4,0.8362182522179389,0.6,3,0.9144229005321698,0.8,4,0.9144229005321698,0.8,4
COVER__test__9269.pgm,9269.pgm,COVER,0,MULTI_CANDIDATE,HUGO,S-UNIWARD,HUGO,S-UNIWARD,MiPOD,HILL,WOW,,"HUGO,S-UNIWARD",2,0,0.937978529826071,0.9041380345008599,0.03384049532521105,0.5998053513012664,0.4,2,0.9041380345008599,0.4,2,0.6909636028863166,0.4,2,0.937978529826071,0.4,2,0.7633950219015389,0.4,2
COVER__test__9271.pgm,9271.pgm,COVER,0,UNKNOWN_OR_COVER,UNKNOWN,,HUGO,S-UNIWARD,MiPOD,HILL,WOW,,,0,0,0.896799043062335,0.8637915802415185,0.03300746282081657,0.5581697235141618,0.2,1,0.8637915802415185,0.2,1,0.6517005481983378,0.2,1,0.896799043062335,0.4,2,0.7239586859036068,0.2,1
COVER__test__9274.pgm,9274.pgm,COVER,0,MULTI_CANDIDATE,HUGO,S-UNIWARD,HUGO,S-UNIWARD,MiPOD,HILL,WOW,,"HUGO,S-UNIWARD",2,0,0.9361750595193751,0.9097295375382867,0.026445521981088405,0.6039186062940891,0.4,2,0.9097295375382867,0.6,3,0.6940700263648499,0.6,3,0.9361750595193751,0.6,3,0.7649547462142576,0.6,3
COVER__test__9276.pgm,9276.pgm,COVER,0,MULTI_CANDIDATE,HUGO,S-UNIWARD,HUGO,S-UNIWARD,MiPOD,HILL,WOW,,"HUGO,S-UNIWARD",2,0,0.9384718877282886,0.9046524262027409,0.03381946152554771,0.5994970337778861,0.4,2,0.9046524262027409,0.4,2,0.69207717262262,0.4,2,0.9384718877282886,0.4,2,0.7646201379527688,0.4,2
COVER__test__9289.pgm,9289.pgm,COVER,0,UNKNOWN_OR_COVER,UNKNOWN,,HUGO,S-UNIWARD,MiPOD,HILL,WOW,,,0,0,0.6769876949624282,0.6442408472748323,0.03274684768759584,0.33554957927966206,0.0,0,0.6442408472748323,0.0,0,0.4284793356109737,0.0,0,0.6769876949624282,0.2,1,0.4996082634655192,0.2,1
COVER__test__9298.pgm,9298.pgm,COVER,0,MULTI_CANDIDATE,WOW,S-UNIWARD,WOW,S-UNIWARD,HILL,HUGO,MiPOD,,"WOW,S-UNIWARD,HILL,HUGO,MiPOD",5,0,1.0,1.0,0.0,1.0,1.0,5,1.0,1.0,5,1.0,1.0,5,1.0,1.0,5,1.0,1.0,5
COVER__test__930.pgm,930.pgm,COVER,0,MULTI_CANDIDATE,WOW,S-UNIWARD,WOW,S-UNIWARD,HILL,HUGO,MiPOD,,"WOW,S-UNIWARD,HILL,HUGO,MiPOD",5,0,1.0,1.0,0.0,1.0,1.0,5,1.0,1.0,5,1.0,1.0,5,1.0,1.0,5,1.0,1.0,5
COVER__test__9301.pgm,9301.pgm,COVER,0,MULTI_CANDIDATE,HUGO,S-UNIWARD,HUGO,S-UNIWARD,MiPOD,HILL,WOW,,"HUGO,S-UNIWARD",2,0,0.9959554337722338,0.979577719129253,0.01637771464298088,0.7410975372651245,0.6,3,0.979577719129253,0.8,4,0.7968357123369527,0.6,3,0.9959554337722338,0.8,4,0.8418773446955999,0.6,3
COVER__test__9314.pgm,9314.pgm,COVER,0,MULTI_CANDIDATE,HUGO,S-UNIWARD,HUGO,S-UNIWARD,MiPOD,HILL,WOW,,"HUGO,S-UNIWARD",2,0,0.9599643323548868,0.9392189495243184,0.02074538283056837,0.6872608435631897,0.4,2,0.9392189495243184,0.6,3,0.7673190824230007,0.4,2,0.9599643323548868,0.8,4,0.8177142717567886,0.4,2
COVER__test__9316.pgm,9316.pgm,COVER,0,MULTI_CANDIDATE,HUGO,S-UNIWARD,HUGO,S-UNIWARD,MiPOD,HILL,WOW,,"HUGO,S-UNIWARD",2,0,0.9482886447716042,0.9184692398656932,0.029819404905911062,0.6056171435638704,0.4,2,0.9184692398656932,0.4,2,0.6953427575880554,0.4,2,0.9482886447716042,0.8,4,0.7741154658209484,0.4,2
COVER__test__932.pgm,932.pgm,COVER,0,MULTI_CANDIDATE,WOW,S-UNIWARD,WOW,S-UNIWARD,HILL,HUGO,MiPOD,,"WOW,S-UNIWARD,HILL,HUGO,MiPOD",5,0,1.0,1.0,0.0,1.0,1.0,5,1.0,1.0,5,1.0,1.0,5,1.0,1.0,5,1.0,1.0,5
COVER__test__9327.pgm,9327.pgm,COVER,0,MULTI_CANDIDATE,WOW,S-UNIWARD,WOW,S-UNIWARD,HILL,HUGO,MiPOD,,"WOW,S-UNIWARD,HILL,HUGO,MiPOD",5,0,1.0,1.0,0.0,1.0,1.0,5,1.0,1.0,5,1.0,1.0,5,1.0,1.0,5,1.0,1.0,5
COVER__test__9332.pgm,9332.pgm,COVER,0,UNKNOWN_OR_COVER,UNKNOWN,,HUGO,S-UNIWARD,MiPOD,HILL,WOW,,,0,0,0.7175128170099578,0.6843348193455044,0.033177997664453396,0.37809024306817396,0.0,0,0.6843348193455044,0.0,0,0.47125493494594756,0.0,0,0.7175128170099578,0.2,1,0.5430266033913871,0.0,0
COVER__test__9343.pgm,9343.pgm,COVER,0,MULTI_CANDIDATE,WOW,S-UNIWARD,WOW,S-UNIWARD,HILL,HUGO,MiPOD,,"WOW,S-UNIWARD,HILL,HUGO,MiPOD",5,0,1.0,1.0,0.0,1.0,1.0,5,1.0,1.0,5,1.0,1.0,5,1.0,1.0,5,1.0,1.0,5
COVER__test__9355.pgm,9355.pgm,COVER,0,MULTI_CANDIDATE,WOW,S-UNIWARD,WOW,S-UNIWARD,HILL,HUGO,MiPOD,,"WOW,S-UNIWARD,HILL,HUGO,MiPOD",5,0,1.0,1.0,0.0,1.0,1.0,5,1.0,1.0,5,1.0,1.0,5,1.0,1.0,5,1.0,1.0,5
COVER__test__9357.pgm,9357.pgm,COVER,0,MULTI_CANDIDATE,HUGO,S-UNIWARD,HUGO,S-UNIWARD,MiPOD,WOW,HILL,,"HUGO,S-UNIWARD",2,0,1.0,0.992512061084371,0.007487938915629044,0.7603576598997848,0.4,2,0.992512061084371,0.8,4,0.7599433732776747,0.6,3,1.0,1.0,5,0.8596916176029807,0.8,4
COVER__test__9361.pgm,9361.pgm,COVER,0,UNKNOWN_OR_COVER,UNKNOWN,,HUGO,S-UNIWARD,MiPOD,HILL,WOW,,,0,0,0.6818228503950614,0.6479660334171845,0.0338568169778769,0.34176626708466534,0.0,0,0.6479660334171845,0.0,0,0.43422246139150805,0.0,0,0.6818228503950614,0.2,1,0.5056924715198583,0.0,0
COVER__test__9364.pgm,9364.pgm,COVER,0,MULTI_CANDIDATE,HUGO,S-UNIWARD,HUGO,S-UNIWARD,MiPOD,HILL,WOW,,"HUGO,S-UNIWARD",2,0,0.9445394529648705,0.9102028800433681,0.034336572921502384,0.6024427106588564,0.4,2,0.9102028800433681,0.4,2,0.6930933434464419,0.4,2,0.9445394529648705,0.4,2,0.7675423310530743,0.4,2
COVER__test__9372.pgm,9372.pgm,COVER,0,MULTI_CANDIDATE,S-UNIWARD,HUGO,S-UNIWARD,HUGO,MiPOD,WOW,HILL,,"S-UNIWARD,HUGO,MiPOD",3,0,0.9023315333864194,0.9023315333864194,0.0,0.8929031256561706,0.6,3,0.9023315333864194,0.8,4,0.889164133781166,0.6,3,0.9023315333864194,0.8,4,0.9023315333864194,0.8,4
COVER__test__9377.pgm,9377.pgm,COVER,0,MULTI_CANDIDATE,WOW,S-UNIWARD,WOW,S-UNIWARD,HILL,HUGO,MiPOD,,"WOW,S-UNIWARD,HILL,HUGO,MiPOD",5,0,0.9788654982688876,0.9788654982688876,0.0,0.9788654982688876,0.8,4,0.9788654982688876,0.8,4,0.9788654982688876,0.8,4,0.9788654982688876,0.8,4,0.9788654982688876,0.8,4
COVER__test__939.pgm,939.pgm,COVER,0,MULTI_CANDIDATE,S-UNIWARD,HUGO,S-UNIWARD,HUGO,MiPOD,HILL,WOW,,"S-UNIWARD,HUGO,MiPOD,HILL",4,0,1.0,1.0,0.0,0.8542889416448667,0.8,4,1.0,1.0,5,0.9291788385783569,0.8,4,1.0,1.0,5,1.0,1.0,5
COVER__test__9390.pgm,9390.pgm,COVER,0,UNKNOWN_OR_COVER,UNKNOWN,,HUGO,S-UNIWARD,MiPOD,HILL,WOW,,,0,0,0.8921270130176244,0.8688470201518974,0.023279992865727017,0.5735857703418743,0.2,1,0.8688470201518974,0.4,2,0.6429267316395169,0.2,1,0.8921270130176244,0.4,2,0.7017640845010439,0.2,1
COVER__test__9399.pgm,9399.pgm,COVER,0,MULTI_CANDIDATE,HUGO,MiPOD,HUGO,MiPOD,S-UNIWARD,HILL,WOW,,"HUGO,MiPOD,S-UNIWARD",3,0,0.9259744357100018,0.9259744357100018,0.0,0.6955203799895463,0.4,2,0.9221328851747863,0.6,3,0.7870690582679172,0.6,3,0.9259744357100018,0.8,4,0.9259744357100018,0.8,4
COVER__test__94.pgm,94.pgm,COVER,0,MULTI_CANDIDATE,WOW,S-UNIWARD,WOW,S-UNIWARD,HILL,HUGO,MiPOD,,"WOW,S-UNIWARD,HILL,HUGO,MiPOD",5,0,1.0,1.0,0.0,1.0,1.0,5,1.0,1.0,5,1.0,1.0,5,1.0,1.0,5,1.0,1.0,5
COVER__test__9411.pgm,9411.pgm,COVER,0,MULTI_CANDIDATE,WOW,S-UNIWARD,WOW,S-UNIWARD,HILL,HUGO,MiPOD,,"WOW,S-UNIWARD,HILL,HUGO,MiPOD",5,0,1.0,1.0,0.0,1.0,1.0,5,1.0,1.0,5,1.0,1.0,5,1.0,1.0,5,1.0,1.0,5
COVER__test__9414.pgm,9414.pgm,COVER,0,MULTI_CANDIDATE,WOW,S-UNIWARD,WOW,S-UNIWARD,HILL,HUGO,MiPOD,,"WOW,S-UNIWARD,HILL,HUGO,MiPOD",5,0,1.0,1.0,0.0,1.0,1.0,5,1.0,1.0,5,1.0,1.0,5,1.0,1.0,5,1.0,1.0,5
COVER__test__9418.pgm,9418.pgm,COVER,0,MULTI_CANDIDATE,WOW,S-UNIWARD,WOW,S-UNIWARD,HILL,HUGO,MiPOD,,"WOW,S-UNIWARD,HILL,HUGO,MiPOD",5,0,0.9599643323548868,0.9599643323548868,0.0,0.9599643323548868,0.8,4,0.9599643323548868,0.8,4,0.9599643323548868,0.8,4,0.9599643323548868,0.8,4,0.9599643323548868,0.8,4
COVER__test__9431.pgm,9431.pgm,COVER,0,UNKNOWN_OR_COVER,UNKNOWN,,HILL,HUGO,S-UNIWARD,MiPOD,WOW,,,0,0,0.8939679639499136,0.8918379347669015,0.002130029183012083,0.7983143352876777,0.6,3,0.8840600520560844,0.4,2,0.8939679639499136,0.4,2,0.8918379347669015,0.6,3,0.8468940547403807,0.2,1
COVER__test__9433.pgm,9433.pgm,COVER,0,MULTI_CANDIDATE,HUGO,S-UNIWARD,HUGO,S-UNIWARD,MiPOD,HILL,WOW,,"HUGO,S-UNIWARD,MiPOD",3,0,0.9891080823290948,0.9660118683701221,0.023096213958972656,0.7141867245480626,0.6,3,0.9660118683701221,0.6,3,0.83103409400652,0.6,3,0.9891080823290948,0.6,3,0.9202089538109133,0.6,3
COVER__test__944.pgm,944.pgm,COVER,0,UNKNOWN_OR_COVER,UNKNOWN,,HUGO,S-UNIWARD,HILL,MiPOD,WOW,,,0,0,0.86057573803399,0.8500100162391334,0.010565721794856597,0.6482737816988771,0.4,2,0.8500100162391334,0.6,3,0.7729756337281294,0.6,3,0.86057573803399,0.6,3,0.7564639769046477,0.6,3
COVER__test__9440.pgm,9440.pgm,COVER,0,MULTI_CANDIDATE,S-UNIWARD,HILL,S-UNIWARD,HILL,HUGO,MiPOD,WOW,,"S-UNIWARD,HILL,HUGO,MiPOD,WOW",5,0,1.0,1.0,0.0,0.9044010300022857,0.8,4,1.0,1.0,5,1.0,1.0,5,1.0,1.0,5,1.0,1.0,5
COVER__test__9444.pgm,9444.pgm,COVER,0,MULTI_CANDIDATE,S-UNIWARD,HUGO,S-UNIWARD,HUGO,MiPOD,WOW,HILL,,"S-UNIWARD,HUGO,MiPOD,WOW",4,0,0.9599643323548868,0.9599643323548868,0.0,0.9523227861630181,0.6,3,0.9599643323548868,0.8,4,0.8498665007462801,0.6,3,0.9599643323548868,0.8,4,0.9599643323548868,0.8,4
COVER__test__9456.pgm,9456.pgm,COVER,0,MULTI_CANDIDATE,S-UNIWARD,HILL,S-UNIWARD,HILL,HUGO,MiPOD,WOW,,"S-UNIWARD,HILL,HUGO,MiPOD,WOW",5,0,1.0,1.0,0.0,0.9527345574168754,0.8,4,1.0,1.0,5,1.0,1.0,5,1.0,1.0,5,1.0,1.0,5
COVER__test__9467.pgm,9467.pgm,COVER,0,MULTI_CANDIDATE,WOW,S-UNIWARD,WOW,S-UNIWARD,HILL,HUGO,MiPOD,,"WOW,S-UNIWARD,HILL,HUGO,MiPOD",5,0,1.0,1.0,0.0,1.0,1.0,5,1.0,1.0,5,1.0,1.0,5,1.0,1.0,5,1.0,1.0,5
COVER__test__9487.pgm,9487.pgm,COVER,0,MULTI_CANDIDATE,WOW,S-UNIWARD,WOW,S-UNIWARD,HILL,HUGO,MiPOD,,"WOW,S-UNIWARD,HILL,HUGO,MiPOD",5,0,1.0,1.0,0.0,1.0,1.0,5,1.0,1.0,5,1.0,1.0,5,1.0,1.0,5,1.0,1.0,5
COVER__test__9495.pgm,9495.pgm,COVER,0,MULTI_CANDIDATE,WOW,S-UNIWARD,WOW,S-UNIWARD,HILL,HUGO,MiPOD,,"WOW,S-UNIWARD,HILL,HUGO,MiPOD",5,0,1.0,1.0,0.0,1.0,1.0,5,1.0,1.0,5,1.0,1.0,5,1.0,1.0,5,0.9849045815902848,0.8,4
COVER__test__9497.pgm,9497.pgm,COVER,0,MULTI_CANDIDATE,WOW,S-UNIWARD,WOW,S-UNIWARD,HILL,HUGO,MiPOD,,"WOW,S-UNIWARD,HILL,HUGO,MiPOD",5,0,1.0,1.0,0.0,1.0,1.0,5,1.0,1.0,5,1.0,1.0,5,1.0,1.0,5,1.0,1.0,5
COVER__test__950.pgm,950.pgm,COVER,0,MULTI_CANDIDATE,HUGO,S-UNIWARD,HUGO,S-UNIWARD,HILL,MiPOD,WOW,,"HUGO,S-UNIWARD,HILL,MiPOD",4,0,1.0,0.9788654982688876,0.02113450173111242,0.8784121180918131,0.8,4,0.9788654982688876,0.8,4,0.9788654982688876,0.8,4,1.0,1.0,5,0.9788654982688876,0.8,4
COVER__test__9501.pgm,9501.pgm,COVER,0,UNKNOWN_OR_COVER,UNKNOWN,,HUGO,S-UNIWARD,MiPOD,HILL,WOW,,,0,0,0.8941952860282723,0.8605032121578216,0.0336920738704507,0.5578853917979594,0.2,1,0.8605032121578216,0.2,1,0.6481983707656063,0.2,1,0.8941952860282723,0.2,1,0.7198853509439976,0.2,1
COVER__test__9511.pgm,9511.pgm,COVER,0,UNKNOWN_OR_COVER,UNKNOWN,,HUGO,S-UNIWARD,MiPOD,HILL,WOW,,,0,0,0.8389069259804476,0.8050249149737466,0.03388201100670096,0.5002823149736298,0.2,1,0.8050249149737466,0.2,1,0.591786129490332,0.2,1,0.8389069259804476,0.2,1,0.6637085119421208,0.2,1
COVER__test__9527.pgm,9527.pgm,COVER,0,MULTI_CANDIDATE,HUGO,S-UNIWARD,HUGO,S-UNIWARD,MiPOD,HILL,WOW,,"HUGO,S-UNIWARD,MiPOD",3,0,0.9908737957397481,0.9749207981664234,0.01595299757332469,0.717272477603851,0.6,3,0.9749207981664234,0.8,4,0.8356379301967148,0.8,4,0.9908737957397481,0.8,4,0.9235292598000757,0.8,4
COVER__test__9535.pgm,9535.pgm,COVER,0,MULTI_CANDIDATE,HUGO,S-UNIWARD,HUGO,S-UNIWARD,MiPOD,HILL,WOW,,"HUGO,S-UNIWARD",2,0,0.9440132982635916,0.9315968902040345,0.012416408059557127,0.6651247944638558,0.4,2,0.9315968902040345,0.6,3,0.7244914601305161,0.6,3,0.9440132982635916,0.8,4,0.841425634797386,0.8,4
COVER__test__9538.pgm,9538.pgm,COVER,0,MULTI_CANDIDATE,HUGO,S-UNIWARD,HUGO,S-UNIWARD,MiPOD,HILL,WOW,,"HUGO,S-UNIWARD",2,0,0.9814441747876963,0.9627775656350686,0.018666609152627744,0.6309961655537827,0.4,2,0.9627775656350686,0.6,3,0.7130041797416129,0.4,2,0.9814441747876963,0.8,4,0.7946154659660545,0.6,3
COVER__test__9539.pgm,9539.pgm,COVER,0,MULTI_CANDIDATE,S-UNIWARD,HILL,S-UNIWARD,HILL,HUGO,MiPOD,WOW,,"S-UNIWARD,HILL,HUGO,MiPOD,WOW",5,0,1.0,1.0,0.0,0.9779379742699245,0.8,4,1.0,1.0,5,1.0,1.0,5,1.0,1.0,5,1.0,1.0,5
COVER__test__9540.pgm,9540.pgm,COVER,0,MULTI_CANDIDATE,S-UNIWARD,HUGO,S-UNIWARD,HUGO,MiPOD,HILL,WOW,,"S-UNIWARD,HUGO,MiPOD,HILL",4,0,1.0,1.0,0.0,0.8778049175306588,0.8,4,1.0,1.0,5,0.9998319122613406,0.8,4,1.0,1.0,5,1.0,1.0,5
COVER__test__9546.pgm,9546.pgm,COVER,0,MULTI_CANDIDATE,WOW,S-UNIWARD,WOW,S-UNIWARD,HILL,HUGO,MiPOD,,"WOW,S-UNIWARD,HILL,HUGO,MiPOD",5,0,1.0,1.0,0.0,1.0,1.0,5,1.0,1.0,5,1.0,1.0,5,1.0,1.0,5,1.0,1.0,5
COVER__test__9550.pgm,9550.pgm,COVER,0,MULTI_CANDIDATE,WOW,S-UNIWARD,WOW,S-UNIWARD,HILL,HUGO,MiPOD,,"WOW,S-UNIWARD,HILL,HUGO,MiPOD",5,0,1.0,1.0,0.0,1.0,1.0,5,1.0,1.0,5,1.0,1.0,5,1.0,1.0,5,1.0,1.0,5
COVER__test__9556.pgm,9556.pgm,COVER,0,UNKNOWN_OR_COVER,UNKNOWN,,HUGO,HILL,S-UNIWARD,MiPOD,WOW,,,0,0,0.8793477969917639,0.8772722763261708,0.0020755206655931335,0.717583978982573,0.6,3,0.8725297003632259,0.6,3,0.8772722763261708,0.6,3,0.8793477969917639,0.8,4,0.8624246535072784,0.4,2
COVER__test__956.pgm,956.pgm,COVER,0,MULTI_CANDIDATE,S-UNIWARD,HILL,S-UNIWARD,HILL,HUGO,MiPOD,WOW,,"S-UNIWARD,HILL,HUGO,MiPOD",4,0,0.9279429381287235,0.9279429381287235,0.0,0.831204445466755,0.6,3,0.9279429381287235,0.8,4,0.9279429381287235,0.8,4,0.9279429381287235,0.8,4,0.9279429381287235,0.8,4
COVER__test__9570.pgm,9570.pgm,COVER,0,MULTI_CANDIDATE,WOW,S-UNIWARD,WOW,S-UNIWARD,HILL,MiPOD,HUGO,,"WOW,S-UNIWARD,HILL,MiPOD,HUGO",5,0,1.0,1.0,0.0,1.0,1.0,5,1.0,1.0,5,1.0,1.0,5,0.9071678484144277,0.8,4,0.9550994250609012,0.8,4
COVER__test__9573.pgm,9573.pgm,COVER,0,MULTI_CANDIDATE,S-UNIWARD,HILL,S-UNIWARD,HILL,HUGO,MiPOD,WOW,,"S-UNIWARD,HILL,HUGO,MiPOD",4,0,0.9788654982688876,0.9788654982688876,0.0,0.8388453621794738,0.6,3,0.9788654982688876,0.8,4,0.9788654982688876,0.8,4,0.9788654982688876,0.8,4,0.9788654982688876,0.8,4
COVER__test__958.pgm,958.pgm,COVER,0,MULTI_CANDIDATE,WOW,S-UNIWARD,WOW,S-UNIWARD,HILL,HUGO,MiPOD,,"WOW,S-UNIWARD,HILL,HUGO,MiPOD",5,0,1.0,1.0,0.0,1.0,1.0,5,1.0,1.0,5,1.0,1.0,5,1.0,1.0,5,1.0,1.0,5
COVER__test__9588.pgm,9588.pgm,COVER,0,MULTI_CANDIDATE,S-UNIWARD,HILL,S-UNIWARD,HILL,HUGO,MiPOD,WOW,,"S-UNIWARD,HILL,HUGO,MiPOD,WOW",5,0,1.0,1.0,0.0,0.9518987352885752,0.8,4,1.0,1.0,5,1.0,1.0,5,1.0,1.0,5,1.0,1.0,5
COVER__test__9602.pgm,9602.pgm,COVER,0,MULTI_CANDIDATE,S-UNIWARD,HUGO,S-UNIWARD,HUGO,MiPOD,HILL,WOW,,"S-UNIWARD,HUGO,MiPOD",3,0,1.0,1.0,0.0,0.7302371730156365,0.6,3,1.0,1.0,5,0.841858715543504,0.8,4,1.0,1.0,5,0.94509193207151,0.8,4
COVER__test__9604.pgm,9604.pgm,COVER,0,MULTI_CANDIDATE,HUGO,S-UNIWARD,HUGO,S-UNIWARD,MiPOD,HILL,WOW,,"HUGO,S-UNIWARD,MiPOD",3,0,0.9904729970898387,0.9695270067098761,0.020945990379962587,0.7146830876488754,0.6,3,0.9695270067098761,0.6,3,0.8353231657696571,0.6,3,0.9904729970898387,0.8,4,0.9232698718607292,0.8,4
COVER__test__9612.pgm,9612.pgm,COVER,0,MULTI_CANDIDATE,WOW,S-UNIWARD,WOW,S-UNIWARD,HILL,HUGO,MiPOD,,"WOW,S-UNIWARD,HILL,HUGO,MiPOD",5,0,1.0,1.0,0.0,1.0,1.0,5,1.0,1.0,5,1.0,1.0,5,1.0,1.0,5,1.0,1.0,5
COVER__test__9618.pgm,9618.pgm,COVER,0,MULTI_CANDIDATE,S-UNIWARD,HILL,S-UNIWARD,HILL,HUGO,MiPOD,WOW,,"S-UNIWARD,HILL,HUGO,MiPOD",4,0,1.0,1.0,0.0,0.8405282993952431,0.8,4,1.0,1.0,5,1.0,1.0,5,1.0,1.0,5,1.0,1.0,5
COVER__test__9623.pgm,9623.pgm,COVER,0,MULTI_CANDIDATE,WOW,S-UNIWARD,WOW,S-UNIWARD,HILL,HUGO,MiPOD,,"WOW,S-UNIWARD,HILL,HUGO,MiPOD",5,0,1.0,1.0,0.0,1.0,1.0,5,1.0,1.0,5,1.0,1.0,5,1.0,1.0,5,1.0,1.0,5
COVER__test__9636.pgm,9636.pgm,COVER,0,MULTI_CANDIDATE,WOW,S-UNIWARD,WOW,S-UNIWARD,HILL,HUGO,MiPOD,,"WOW,S-UNIWARD,HILL,HUGO,MiPOD",5,0,1.0,1.0,0.0,1.0,1.0,5,1.0,1.0,5,1.0,1.0,5,1.0,1.0,5,1.0,1.0,5
COVER__test__9637.pgm,9637.pgm,COVER,0,MULTI_CANDIDATE,HUGO,S-UNIWARD,HUGO,S-UNIWARD,MiPOD,WOW,HILL,,"HUGO,S-UNIWARD",2,0,0.9290802412416628,0.9032063201755587,0.02587392106610409,0.7570245874011391,0.6,3,0.9032063201755587,0.6,3,0.692340222917577,0.6,3,0.9290802412416628,0.6,3,0.7610440385261705,0.6,3
COVER__test__9649.pgm,9649.pgm,COVER,0,MULTI_CANDIDATE,WOW,S-UNIWARD,WOW,S-UNIWARD,HILL,HUGO,MiPOD,,"WOW,S-UNIWARD,HILL,HUGO,MiPOD",5,0,1.0,1.0,0.0,1.0,1.0,5,1.0,1.0,5,1.0,1.0,5,1.0,1.0,5,1.0,1.0,5
COVER__test__9651.pgm,9651.pgm,COVER,0,MULTI_CANDIDATE,WOW,S-UNIWARD,WOW,S-UNIWARD,HILL,HUGO,MiPOD,,"WOW,S-UNIWARD,HILL,HUGO,MiPOD",5,0,0.9259744357100018,0.9259744357100018,0.0,0.9259744357100018,0.8,4,0.9259744357100018,0.8,4,0.9259744357100018,0.8,4,0.9259744357100018,0.8,4,0.9259744357100018,0.8,4
COVER__test__9655.pgm,9655.pgm,COVER,0,MULTI_CANDIDATE,HILL,MiPOD,HILL,MiPOD,S-UNIWARD,HUGO,WOW,,"HILL,MiPOD,S-UNIWARD,HUGO",4,0,1.0,1.0,0.0,0.8390925550571607,0.8,4,0.9894900213276522,0.6,3,1.0,1.0,5,0.9719426701145905,0.8,4,1.0,1.0,5
COVER__test__9661.pgm,9661.pgm,COVER,0,MULTI_CANDIDATE,HUGO,S-UNIWARD,HUGO,S-UNIWARD,MiPOD,HILL,WOW,,"HUGO,S-UNIWARD",2,0,0.9908919332785666,0.9584624806952519,0.032429452583314755,0.6332876387614961,0.4,2,0.9584624806952519,0.4,2,0.714357888224702,0.4,2,0.9908919332785666,0.6,3,0.7807784211233362,0.4,2
COVER__test__9673.pgm,9673.pgm,COVER,0,MULTI_CANDIDATE,WOW,S-UNIWARD,WOW,S-UNIWARD,HILL,MiPOD,HUGO,,"WOW,S-UNIWARD,HILL,MiPOD,HUGO",5,0,1.0,1.0,0.0,1.0,1.0,5,1.0,1.0,5,1.0,1.0,5,0.9573568866254846,0.8,4,1.0,1.0,5
COVER__test__9676.pgm,9676.pgm,COVER,0,MULTI_CANDIDATE,HUGO,S-UNIWARD,HUGO,S-UNIWARD,MiPOD,HILL,WOW,,"HUGO,S-UNIWARD",2,0,1.0,0.9988964313029272,0.001103568697072843,0.6585458632087728,0.4,2,0.9988964313029272,0.8,4,0.7297836943358866,0.6,3,1.0,1.0,5,0.8138078293100746,0.6,3
COVER__test__9683.pgm,9683.pgm,COVER,0,UNKNOWN_OR_COVER,UNKNOWN,,HUGO,S-UNIWARD,MiPOD,HILL,WOW,,,0,0,0.8156100753784722,0.7819051056280607,0.033704969750411484,0.4785382832362967,0.2,1,0.7819051056280607,0.2,1,0.569861791156226,0.2,1,0.8156100753784722,0.2,1,0.6415042483797215,0.2,1
COVER__test__9686.pgm,9686.pgm,COVER,0,UNKNOWN_OR_COVER,UNKNOWN,,HUGO,S-UNIWARD,MiPOD,HILL,WOW,,,0,0,0.7907340078735131,0.7604806952840945,0.030253312589418657,0.45136464238510426,0.2,1,0.7604806952840945,0.2,1,0.5454601864841899,0.4,2,0.7907340078735131,0.4,2,0.6169632242978947,0.4,2
COVER__test__9688.pgm,9688.pgm,COVER,0,MULTI_CANDIDATE,S-UNIWARD,HUGO,S-UNIWARD,HUGO,HILL,WOW,MiPOD,,"S-UNIWARD,HUGO,HILL,WOW,MiPOD",5,0,1.0,1.0,0.0,0.9884915262644505,0.8,4,1.0,1.0,5,0.994727232772713,0.8,4,1.0,1.0,5,0.9398148646178626,0.8,4
COVER__test__9696.pgm,9696.pgm,COVER,0,UNKNOWN_OR_COVER,UNKNOWN,,HUGO,S-UNIWARD,MiPOD,HILL,WOW,,,0,0,0.8722395603289901,0.8379299004356691,0.03430965989332102,0.5314257527394035,0.2,1,0.8379299004356691,0.2,1,0.6212270709718942,0.2,1,0.8722395603289901,0.2,1,0.6931022616474608,0.2,1
COVER__test__9705.pgm,9705.pgm,COVER,0,MULTI_CANDIDATE,HUGO,S-UNIWARD,HUGO,S-UNIWARD,MiPOD,HILL,WOW,,"HUGO,S-UNIWARD",2,0,0.9481212108002899,0.9234296212400199,0.024691589560269955,0.60674528711645,0.4,2,0.9234296212400199,0.4,2,0.6978267158404386,0.6,3,0.9481212108002899,0.8,4,0.7760065255550714,0.6,3
COVER__test__9721.pgm,9721.pgm,COVER,0,UNKNOWN_OR_COVER,UNKNOWN,,HUGO,S-UNIWARD,MiPOD,HILL,WOW,,,0,0,0.8667219947778166,0.8335092474953015,0.03321274728251511,0.5267748305066895,0.2,1,0.8335092474953015,0.2,1,0.6197965000743478,0.2,1,0.8667219947778166,0.4,2,0.6923477528220761,0.2,1
COVER__test__9744.pgm,9744.pgm,COVER,0,UNKNOWN_OR_COVER,UNKNOWN,,HUGO,S-UNIWARD,MiPOD,HILL,WOW,,,0,0,0.7664899721413081,0.7154827855909186,0.051007186550389494,0.42525711150379336,0.0,0,0.7154827855909186,0.0,0,0.5003193184765641,0.0,0,0.7664899721413081,0.2,1,0.5724248304348637,0.0,0
COVER__test__9763.pgm,9763.pgm,COVER,0,MULTI_CANDIDATE,HUGO,S-UNIWARD,HUGO,S-UNIWARD,MiPOD,HILL,WOW,,"HUGO,S-UNIWARD",2,0,0.9410233302291718,0.907022843864374,0.0340004863647978,0.6009232335737111,0.4,2,0.907022843864374,0.4,2,0.6931537305627349,0.4,2,0.9410233302291718,0.4,2,0.7654366190756313,0.4,2
COVER__test__9766.pgm,9766.pgm,COVER,0,MULTI_CANDIDATE,HUGO,S-UNIWARD,HUGO,S-UNIWARD,MiPOD,HILL,WOW,,"HUGO,S-UNIWARD",2,0,0.9530520653888338,0.9203185877937393,0.032733477595094485,0.6068293305125485,0.4,2,0.9203185877937393,0.4,2,0.6986079528335647,0.4,2,0.9530520653888338,0.6,3,0.773258267479202,0.6,3
COVER__test__9771.pgm,9771.pgm,COVER,0,MULTI_CANDIDATE,HUGO,MiPOD,HUGO,MiPOD,HILL,S-UNIWARD,WOW,,"HUGO,MiPOD,HILL,S-UNIWARD",4,0,0.9999256987340086,0.9985369148446595,0.0013887838893491544,0.8381499465359689,0.8,4,0.9927462131838765,0.8,4,0.9974780930423991,0.8,4,0.9999256987340086,0.8,4,0.9985369148446595,0.8,4
COVER__test__9772.pgm,9772.pgm,COVER,0,MULTI_CANDIDATE,S-UNIWARD,HILL,S-UNIWARD,HILL,HUGO,MiPOD,WOW,,"S-UNIWARD,HILL,HUGO,MiPOD",4,0,1.0,1.0,0.0,0.8566475177533978,0.8,4,1.0,1.0,5,1.0,1.0,5,1.0,1.0,5,1.0,1.0,5
COVER__test__9778.pgm,9778.pgm,COVER,0,MULTI_CANDIDATE,WOW,S-UNIWARD,WOW,S-UNIWARD,HILL,HUGO,MiPOD,,"WOW,S-UNIWARD,HILL,HUGO,MiPOD",5,0,0.9430605000595337,0.9430605000595337,0.0,0.9430605000595337,0.8,4,0.9430605000595337,0.8,4,0.9430605000595337,0.8,4,0.9430605000595337,0.8,4,0.9430605000595337,0.8,4
COVER__test__978.pgm,978.pgm,COVER,0,MULTI_CANDIDATE,HUGO,S-UNIWARD,HUGO,S-UNIWARD,WOW,HILL,MiPOD,,"HUGO,S-UNIWARD,WOW",3,0,0.9899993236711969,0.9762638394381538,0.01373548423304316,0.9095254960471598,0.8,4,0.9762638394381538,0.8,4,0.8761188075202018,0.8,4,0.9899993236711969,0.8,4,0.8546535819195469,0.8,4
COVER__test__9786.pgm,9786.pgm,COVER,0,UNKNOWN_OR_COVER,UNKNOWN,,HUGO,S-UNIWARD,MiPOD,HILL,WOW,,,0,0,0.766702309017036,0.7344231957072009,0.03227911330983502,0.4282249078807917,0.0,0,0.7344231957072009,0.0,0,0.5223422711416512,0.0,0,0.766702309017036,0.2,1,0.5939375499578612,0.2,1
COVER__test__9793.pgm,9793.pgm,COVER,0,MULTI_CANDIDATE,WOW,S-UNIWARD,WOW,S-UNIWARD,HILL,HUGO,MiPOD,,"WOW,S-UNIWARD,HILL,HUGO,MiPOD",5,0,0.9144229005321698,0.9144229005321698,0.0,0.9144229005321698,0.8,4,0.9144229005321698,0.8,4,0.9144229005321698,0.8,4,0.9144229005321698,0.8,4,0.9144229005321698,0.8,4
COVER__test__9796.pgm,9796.pgm,COVER,0,MULTI_CANDIDATE,S-UNIWARD,HILL,S-UNIWARD,HILL,HUGO,MiPOD,WOW,,"S-UNIWARD,HILL,HUGO,MiPOD,WOW",5,0,1.0,1.0,0.0,0.9069133200271899,0.8,4,1.0,1.0,5,1.0,1.0,5,1.0,1.0,5,1.0,1.0,5
COVER__test__98.pgm,98.pgm,COVER,0,MULTI_CANDIDATE,S-UNIWARD,HILL,S-UNIWARD,HILL,HUGO,MiPOD,WOW,,"S-UNIWARD,HILL,HUGO,MiPOD",4,0,1.0,1.0,0.0,0.877096578320734,0.8,4,1.0,1.0,5,1.0,1.0,5,1.0,1.0,5,1.0,1.0,5
COVER__test__9805.pgm,9805.pgm,COVER,0,UNKNOWN_OR_COVER,UNKNOWN,,S-UNIWARD,HUGO,MiPOD,HILL,WOW,,,0,0,0.877401772930955,0.877401772930955,0.0,0.6555383527760906,0.4,2,0.877401772930955,0.8,4,0.7402916049167119,0.6,3,0.877401772930955,0.8,4,0.877401772930955,0.8,4
COVER__test__982.pgm,982.pgm,COVER,0,UNKNOWN_OR_COVER,UNKNOWN,,HUGO,S-UNIWARD,MiPOD,HILL,WOW,,,0,0,0.8301579061986029,0.80389702620298,0.026260879995622877,0.5951645306739912,0.2,1,0.80389702620298,0.4,2,0.6304331921358758,0.2,1,0.8301579061986029,0.4,2,0.6910931788780773,0.4,2
COVER__test__9824.pgm,9824.pgm,COVER,0,UNKNOWN_OR_COVER,UNKNOWN,,HUGO,S-UNIWARD,MiPOD,HILL,WOW,,,0,0,0.8675221810003586,0.8363040478613083,0.031218133139050308,0.5284958269785986,0.2,1,0.8363040478613083,0.2,1,0.6230177359645448,0.4,2,0.8675221810003586,0.4,2,0.6944803255840262,0.4,2
COVER__test__9825.pgm,9825.pgm,COVER,0,UNKNOWN_OR_COVER,UNKNOWN,,HILL,MiPOD,S-UNIWARD,HUGO,WOW,,,0,0,0.8765459715946984,0.8699069131975126,0.006639058397185815,0.7180344634803031,0.4,2,0.8120512666735195,0.4,2,0.8765459715946984,0.6,3,0.8007879678613972,0.4,2,0.8699069131975126,0.4,2
COVER__test__9830.pgm,9830.pgm,COVER,0,MULTI_CANDIDATE,MiPOD,HILL,MiPOD,HILL,HUGO,S-UNIWARD,WOW,,"MiPOD,HILL,HUGO,S-UNIWARD",4,0,0.9241882014057332,0.9231311030777458,0.0010570983279873936,0.7640622995134907,0.6,3,0.9184069254342517,0.6,3,0.9231311030777458,0.6,3,0.9230128111646259,0.4,2,0.9241882014057332,0.6,3
COVER__test__9843.pgm,9843.pgm,COVER,0,UNKNOWN_OR_COVER,UNKNOWN,,HUGO,S-UNIWARD,MiPOD,HILL,WOW,,,0,0,0.8412621860111361,0.8099540793238982,0.031308106687237935,0.5015158027946174,0.2,1,0.8099540793238982,0.2,1,0.5957304402456501,0.4,2,0.8412621860111361,0.4,2,0.6670165620635907,0.4,2
COVER__test__9859.pgm,9859.pgm,COVER,0,MULTI_CANDIDATE,S-UNIWARD,HILL,S-UNIWARD,HILL,HUGO,MiPOD,WOW,,"S-UNIWARD,HILL,HUGO,MiPOD",4,0,1.0,1.0,0.0,0.8526869778388713,0.8,4,1.0,1.0,5,1.0,1.0,5,1.0,1.0,5,1.0,1.0,5
COVER__test__9862.pgm,9862.pgm,COVER,0,UNKNOWN_OR_COVER,UNKNOWN,,HUGO,S-UNIWARD,MiPOD,HILL,WOW,,,0,0,0.7989938642890513,0.7690722167406389,0.029921647548412422,0.4620716744778927,0.2,1,0.7690722167406389,0.2,1,0.5571014098327404,0.4,2,0.7989938642890513,0.4,2,0.6276831320974818,0.4,2
COVER__test__9865.pgm,9865.pgm,COVER,0,UNKNOWN_OR_COVER,UNKNOWN,,HUGO,S-UNIWARD,MiPOD,HILL,WOW,,,0,0,0.8391384616849196,0.8085463475479319,0.030592114136987703,0.5005335823436173,0.2,1,0.8085463475479319,0.2,1,0.5950396070728263,0.4,2,0.8391384616849196,0.4,2,0.6661367820595742,0.4,2
COVER__test__9868.pgm,9868.pgm,COVER,0,MULTI_CANDIDATE,S-UNIWARD,HILL,S-UNIWARD,HILL,HUGO,MiPOD,WOW,,"S-UNIWARD,HILL,HUGO,MiPOD",4,0,0.9144229005321698,0.9144229005321698,0.0,0.8307212702510011,0.6,3,0.9144229005321698,0.8,4,0.9144229005321698,0.8,4,0.9144229005321698,0.8,4,0.9144229005321698,0.8,4
COVER__test__987.pgm,987.pgm,COVER,0,UNKNOWN_OR_COVER,UNKNOWN,,HUGO,S-UNIWARD,MiPOD,HILL,WOW,,,0,0,0.7878016475565719,0.7520915693178106,0.03571007823876127,0.4391656342543094,0.0,0,0.7520915693178106,0.0,0,0.5251786288083983,0.0,0,0.7878016475565719,0.0,0,0.5942144354427021,0.0,0
COVER__test__9872.pgm,9872.pgm,COVER,0,SINGLE_CANDIDATE,S-UNIWARD,,S-UNIWARD,HUGO,WOW,MiPOD,HILL,,S-UNIWARD,1,0,0.9350470180995177,0.8331989939194644,0.10184802418005334,0.803808542049666,0.4,2,0.9350470180995177,0.6,3,0.6436326602742791,0.2,1,0.8331989939194644,0.6,3,0.7190670819667366,0.2,1
COVER__test__9876.pgm,9876.pgm,COVER,0,UNKNOWN_OR_COVER,UNKNOWN,,HUGO,S-UNIWARD,MiPOD,HILL,WOW,,,0,0,0.7550287274895874,0.7214312380170691,0.03359748947251828,0.4166887881859235,0.0,0,0.7214312380170691,0.0,0,0.5098235151775405,0.0,0,0.7550287274895874,0.2,1,0.5815222251792471,0.0,0
COVER__test__9877.pgm,9877.pgm,COVER,0,UNKNOWN_OR_COVER,UNKNOWN,,HUGO,S-UNIWARD,MiPOD,HILL,WOW,,,0,0,0.8014325381044006,0.7676356021518721,0.03379693595252853,0.4626047855730482,0.2,1,0.7676356021518721,0.2,1,0.5554334202397528,0.2,1,0.8014325381044006,0.2,1,0.6272868382966856,0.2,1
COVER__test__9882.pgm,9882.pgm,COVER,0,MULTI_CANDIDATE,HUGO,S-UNIWARD,HUGO,S-UNIWARD,MiPOD,HILL,WOW,,"HUGO,S-UNIWARD",2,0,1.0,0.9980512373680559,0.001948762631944101,0.6873893076468097,0.4,2,0.9980512373680559,0.8,4,0.7516180452352931,0.6,3,1.0,1.0,5,0.8266316462493503,0.6,3
COVER__test__9884.pgm,9884.pgm,COVER,0,UNKNOWN_OR_COVER,UNKNOWN,,HUGO,S-UNIWARD,MiPOD,HILL,WOW,,,0,0,0.8306982053127474,0.7957388581162397,0.03495934719650773,0.48444632037466934,0.2,1,0.7957388581162397,0.2,1,0.5741333083938337,0.2,1,0.8306982053127474,0.2,1,0.6483198699520136,0.2,1
COVER__test__9886.pgm,9886.pgm,COVER,0,MULTI_CANDIDATE,S-UNIWARD,MiPOD,S-UNIWARD,MiPOD,WOW,HUGO,HILL,,"S-UNIWARD,MiPOD,WOW,HUGO",4,0,1.0,0.975000678179829,0.02499932182017095,0.9650336171339473,0.8,4,1.0,1.0,5,0.8771314166031713,0.8,4,0.9209188631372027,0.8,4,0.975000678179829,0.8,4
COVER__test__9896.pgm,9896.pgm,COVER,0,MULTI_CANDIDATE,HUGO,S-UNIWARD,HUGO,S-UNIWARD,MiPOD,HILL,WOW,,"HUGO,S-UNIWARD",2,0,0.9669193406960999,0.9516643300151044,0.01525501068099544,0.6247720382315805,0.4,2,0.9516643300151044,0.6,3,0.706970332558513,0.6,3,0.9669193406960999,0.8,4,0.7870034198999923,0.6,3
COVER__test__9900.pgm,9900.pgm,COVER,0,UNKNOWN_OR_COVER,UNKNOWN,,HUGO,S-UNIWARD,MiPOD,HILL,WOW,,,0,0,0.8975771141793519,0.8686042534561551,0.028972860723196825,0.5593129216280313,0.2,1,0.8686042534561551,0.2,1,0.6535335997951599,0.4,2,0.8975771141793519,0.4,2,0.7250178856853873,0.4,2
COVER__test__9909.pgm,9909.pgm,COVER,0,UNKNOWN_OR_COVER,UNKNOWN,,HUGO,S-UNIWARD,MiPOD,HILL,WOW,,,0,0,0.862939124949216,0.8334742810234677,0.02946484392574833,0.5255789480337738,0.2,1,0.8334742810234677,0.2,1,0.6203068368311352,0.4,2,0.862939124949216,0.4,2,0.6912470554812138,0.4,2
COVER__test__9933.pgm,9933.pgm,COVER,0,MULTI_CANDIDATE,HUGO,S-UNIWARD,HUGO,S-UNIWARD,MiPOD,WOW,HILL,,"HUGO,S-UNIWARD",2,0,0.9439525373457535,0.933545880265011,0.01040665708074251,0.7882794124481973,0.6,3,0.933545880265011,0.8,4,0.7068839906533242,0.6,3,0.9439525373457535,0.8,4,0.811990885710195,0.6,3
COVER__test__9935.pgm,9935.pgm,COVER,0,MULTI_CANDIDATE,HUGO,S-UNIWARD,HUGO,S-UNIWARD,MiPOD,WOW,HILL,,"HUGO,S-UNIWARD,MiPOD",3,0,0.9846419653864233,0.969209816545208,0.015432148841215354,0.8737628499087556,0.8,4,0.969209816545208,0.8,4,0.8344743889454455,0.8,4,0.9846419653864233,0.8,4,0.9194961583061676,0.8,4
COVER__test__9940.pgm,9940.pgm,COVER,0,MULTI_CANDIDATE,WOW,S-UNIWARD,WOW,S-UNIWARD,HILL,HUGO,MiPOD,,"WOW,S-UNIWARD,HILL,HUGO,MiPOD",5,0,1.0,1.0,0.0,1.0,1.0,5,1.0,1.0,5,1.0,1.0,5,1.0,1.0,5,1.0,1.0,5
COVER__test__9958.pgm,9958.pgm,COVER,0,UNKNOWN_OR_COVER,UNKNOWN,,HUGO,S-UNIWARD,MiPOD,HILL,WOW,,,0,0,0.8654338231266617,0.8315063328011265,0.033927490325535214,0.526874790705158,0.2,1,0.8315063328011265,0.2,1,0.6179036592934579,0.2,1,0.8654338231266617,0.2,1,0.6892991140502759,0.2,1
COVER__test__9960.pgm,9960.pgm,COVER,0,MULTI_CANDIDATE,HILL,MiPOD,HILL,MiPOD,S-UNIWARD,HUGO,WOW,,"HILL,MiPOD,S-UNIWARD,HUGO",4,0,0.9955041587613274,0.9860038731392674,0.009500285622059956,0.8370644203668227,0.6,3,0.923753485580286,0.4,2,0.9955041587613274,0.8,4,0.9199072337165861,0.4,2,0.9860038731392674,0.6,3
COVER__test__9963.pgm,9963.pgm,COVER,0,MULTI_CANDIDATE,HUGO,S-UNIWARD,HUGO,S-UNIWARD,HILL,WOW,MiPOD,,"HUGO,S-UNIWARD",2,0,0.9252057157821014,0.9146264478590673,0.010579267923034097,0.8310453690195866,0.4,2,0.9146264478590673,0.6,3,0.8374933009058578,0.6,3,0.9252057157821014,0.6,3,0.820960474774297,0.6,3
COVER__test__9975.pgm,9975.pgm,COVER,0,UNKNOWN_OR_COVER,UNKNOWN,,HUGO,S-UNIWARD,MiPOD,HILL,WOW,,,0,0,0.7182261615128713,0.6707642984387328,0.04746186307413858,0.3785846801246878,0.0,0,0.6707642984387328,0.0,0,0.45739957886793087,0.0,0,0.7182261615128713,0.0,0,0.5293226775271245,0.0,0
COVER__test__999.pgm,999.pgm,COVER,0,MULTI_CANDIDATE,WOW,S-UNIWARD,WOW,S-UNIWARD,HILL,HUGO,MiPOD,,"WOW,S-UNIWARD,HILL,HUGO,MiPOD",5,0,1.0,1.0,0.0,1.0,1.0,5,1.0,1.0,5,1.0,1.0,5,1.0,1.0,5,1.0,1.0,5
