sample_id,image_name,true_algo,is_stego,decision,top1,top2,rank1_full,rank2_full,rank3_full,rank4_full,rank5_full,true_rank,candidate_set,candidate_size,candidate_contains_true,top1_score,top2_score,score_gap,score_WOW,hard_WOW,inside_count_WOW,score_S-UNIWARD,hard_S-UNIWARD,inside_count_S-UNIWARD,score_HILL,hard_HILL,inside_count_HILL,score_HUGO,hard_HUGO,inside_count_HUGO,score_MiPOD,hard_MiPOD,inside_count_MiPOD
COVER__test__1002.pgm,1002.pgm,COVER,0,MULTI_CANDIDATE,HUGO,MiPOD,HUGO,MiPOD,HILL,S-UNIWARD,WOW,,"HUGO,MiPOD",2,0,0.9415807132878564,0.9048910424459959,0.03668967084186048,0.6460937322263538,0.4,2,0.8329858196719669,0.6,3,0.8728046718030995,0.4,2,0.9415807132878564,0.6,3,0.9048910424459959,0.6,3
COVER__test__1005.pgm,1005.pgm,COVER,0,MULTI_CANDIDATE,S-UNIWARD,HILL,S-UNIWARD,HILL,HUGO,MiPOD,WOW,,"S-UNIWARD,HILL,HUGO,MiPOD",4,0,1.0,1.0,0.0,0.8800442786040008,0.8,4,1.0,1.0,5,1.0,1.0,5,1.0,1.0,5,1.0,1.0,5
COVER__test__1013.pgm,1013.pgm,COVER,0,UNKNOWN_OR_COVER,UNKNOWN,,HUGO,MiPOD,S-UNIWARD,HILL,WOW,,,0,0,0.8888501133981294,0.7660314357344575,0.12281867766367183,0.42128879876470143,0.2,1,0.763154431697149,0.2,1,0.6807697308840703,0.6,3,0.8888501133981294,0.4,2,0.7660314357344575,0.6,3
COVER__test__1021.pgm,1021.pgm,COVER,0,MULTI_CANDIDATE,WOW,S-UNIWARD,WOW,S-UNIWARD,HILL,HUGO,MiPOD,,"WOW,S-UNIWARD,HILL,HUGO,MiPOD",5,0,1.0,1.0,0.0,1.0,1.0,5,1.0,1.0,5,1.0,1.0,5,1.0,1.0,5,1.0,1.0,5
COVER__test__1029.pgm,1029.pgm,COVER,0,UNKNOWN_OR_COVER,UNKNOWN,,MiPOD,HUGO,S-UNIWARD,HILL,WOW,,,0,0,0.8930922277239931,0.8405231652034985,0.05256906252049465,0.5629447699474002,0.2,1,0.8357727770660446,0.6,3,0.8123211581280916,0.6,3,0.8405231652034985,0.8,4,0.8930922277239931,0.6,3
COVER__test__1035.pgm,1035.pgm,COVER,0,UNKNOWN_OR_COVER,UNKNOWN,,HUGO,S-UNIWARD,MiPOD,HILL,WOW,,,0,0,0.8154501362793518,0.776853417145577,0.038596719133774826,0.47777823865162183,0.2,1,0.776853417145577,0.6,3,0.6826562046757274,0.6,3,0.8154501362793518,0.6,3,0.7755757115727884,0.6,3
COVER__test__1036.pgm,1036.pgm,COVER,0,MULTI_CANDIDATE,S-UNIWARD,HUGO,S-UNIWARD,HUGO,HILL,MiPOD,WOW,,"S-UNIWARD,HUGO,HILL,MiPOD",4,0,1.0,1.0,0.0,0.864980080619205,0.8,4,1.0,1.0,5,0.9963511772193968,0.8,4,1.0,1.0,5,0.9835488069978539,0.8,4
COVER__test__1039.pgm,1039.pgm,COVER,0,MULTI_CANDIDATE,HILL,HUGO,HILL,HUGO,MiPOD,S-UNIWARD,WOW,,"HILL,HUGO,MiPOD,S-UNIWARD,WOW",5,0,1.0,1.0,0.0,0.9008620956944732,0.8,4,0.9598169617276333,0.8,4,1.0,1.0,5,1.0,1.0,5,1.0,1.0,5
COVER__test__1045.pgm,1045.pgm,COVER,0,UNKNOWN_OR_COVER,UNKNOWN,,HUGO,MiPOD,S-UNIWARD,HILL,WOW,,,0,0,0.8131390792311552,0.7612128626608368,0.051926216570318484,0.4206915391975442,0.2,1,0.7563616412241905,0.2,1,0.6770151160480572,0.4,2,0.8131390792311552,0.2,1,0.7612128626608368,0.4,2
COVER__test__105.pgm,105.pgm,COVER,0,UNKNOWN_OR_COVER,UNKNOWN,,HUGO,S-UNIWARD,MiPOD,HILL,WOW,,,0,0,0.8395126267907169,0.7791608927340172,0.06035173405669969,0.4256412270551501,0.2,1,0.7791608927340172,0.2,1,0.6851142725914832,0.6,3,0.8395126267907169,0.8,4,0.7723986420173075,0.6,3
COVER__test__1079.pgm,1079.pgm,COVER,0,MULTI_CANDIDATE,HUGO,MiPOD,HUGO,MiPOD,HILL,S-UNIWARD,WOW,,"HUGO,MiPOD",2,0,0.9997517923192355,0.9991960611189838,0.0005557312002516523,0.6323413097058082,0.4,2,0.8302895418715334,0.6,3,0.8793044637748032,0.4,2,0.9997517923192355,0.8,4,0.9991960611189838,0.6,3
COVER__test__1084.pgm,1084.pgm,COVER,0,UNKNOWN_OR_COVER,UNKNOWN,,HUGO,S-UNIWARD,MiPOD,HILL,WOW,,,0,0,0.8294296338786996,0.8134124024749179,0.01601723140378175,0.43372298737391723,0.2,1,0.8134124024749179,0.4,2,0.69293875633208,0.2,1,0.8294296338786996,0.4,2,0.7833280741296291,0.2,1
COVER__test__1088.pgm,1088.pgm,COVER,0,UNKNOWN_OR_COVER,UNKNOWN,,HUGO,S-UNIWARD,MiPOD,HILL,WOW,,,0,0,0.8255913519418346,0.7877961687801014,0.03779518316173325,0.42306588559893166,0.2,1,0.7877961687801014,0.2,1,0.6820953141840456,0.4,2,0.8255913519418346,0.4,2,0.7669669247032458,0.4,2
COVER__test__1093.pgm,1093.pgm,COVER,0,UNKNOWN_OR_COVER,UNKNOWN,,HUGO,S-UNIWARD,MiPOD,HILL,WOW,,,0,0,0.824301178469242,0.7871366512545338,0.0371645272147082,0.42666375307949317,0.0,0,0.7871366512545338,0.2,1,0.6830554545061515,0.0,0,0.824301178469242,0.6,3,0.7819417179320387,0.0,0
COVER__test__1102.pgm,1102.pgm,COVER,0,MULTI_CANDIDATE,WOW,MiPOD,WOW,MiPOD,HILL,HUGO,S-UNIWARD,,"WOW,MiPOD,HILL,HUGO,S-UNIWARD",5,0,1.0,1.0,0.0,1.0,1.0,5,0.9002294843050258,0.8,4,0.9933778384884265,0.8,4,0.9147337719446128,0.8,4,1.0,1.0,5
COVER__test__111.pgm,111.pgm,COVER,0,MULTI_CANDIDATE,S-UNIWARD,HILL,S-UNIWARD,HILL,MiPOD,HUGO,WOW,,"S-UNIWARD,HILL,MiPOD,HUGO,WOW",5,0,1.0,1.0,0.0,0.9701938187831571,0.8,4,1.0,1.0,5,1.0,1.0,5,0.9846116498723049,0.8,4,1.0,1.0,5
COVER__test__1110.pgm,1110.pgm,COVER,0,UNKNOWN_OR_COVER,UNKNOWN,,HUGO,S-UNIWARD,MiPOD,HILL,WOW,,,0,0,0.8278473147025835,0.7743293892982696,0.05351792540431399,0.420444342260552,0.2,1,0.7743293892982696,0.2,1,0.6813435704273111,0.4,2,0.8278473147025835,0.4,2,0.7664326387793856,0.4,2
COVER__test__1112.pgm,1112.pgm,COVER,0,UNKNOWN_OR_COVER,UNKNOWN,,HUGO,MiPOD,S-UNIWARD,HILL,WOW,,,0,0,0.8108431834441211,0.7597810815180326,0.05106210192608851,0.41484093669993766,0.2,1,0.7565091358519987,0.2,1,0.6742812332480114,0.2,1,0.8108431834441211,0.0,0,0.7597810815180326,0.2,1
COVER__test__1116.pgm,1116.pgm,COVER,0,MULTI_CANDIDATE,HUGO,S-UNIWARD,HUGO,S-UNIWARD,MiPOD,HILL,WOW,,"HUGO,S-UNIWARD",2,0,1.0,0.9731393576468225,0.026860642353177533,0.631325094355287,0.4,2,0.9731393576468225,0.8,4,0.784020404442133,0.6,3,1.0,1.0,5,0.8706261114357268,0.6,3
COVER__test__1134.pgm,1134.pgm,COVER,0,UNKNOWN_OR_COVER,UNKNOWN,,S-UNIWARD,HUGO,MiPOD,HILL,WOW,,,0,0,0.8656999589513974,0.8362328652854855,0.029467093665911936,0.6416055502129631,0.4,2,0.8656999589513974,0.4,2,0.7678974362887179,0.4,2,0.8362328652854855,0.4,2,0.8359267612155339,0.6,3
COVER__test__1135.pgm,1135.pgm,COVER,0,MULTI_CANDIDATE,WOW,S-UNIWARD,WOW,S-UNIWARD,HILL,HUGO,MiPOD,,"WOW,S-UNIWARD,HILL,HUGO,MiPOD",5,0,1.0,1.0,0.0,1.0,1.0,5,1.0,1.0,5,1.0,1.0,5,1.0,1.0,5,1.0,1.0,5
COVER__test__114.pgm,114.pgm,COVER,0,MULTI_CANDIDATE,HILL,MiPOD,HILL,MiPOD,HUGO,S-UNIWARD,WOW,,"HILL,MiPOD",2,0,1.0,0.9829107607560497,0.017089239243950338,0.7243553763306239,0.6,3,0.8345441768334206,0.6,3,1.0,1.0,5,0.8585660015979567,0.8,4,0.9829107607560497,0.8,4
COVER__test__1147.pgm,1147.pgm,COVER,0,UNKNOWN_OR_COVER,UNKNOWN,,HUGO,S-UNIWARD,MiPOD,HILL,WOW,,,0,0,0.8322412605575197,0.8321917473266751,4.9513230844566714e-05,0.45875287162111056,0.2,1,0.8321917473266751,0.6,3,0.7189567242699203,0.4,2,0.8322412605575197,0.6,3,0.808310464194288,0.4,2
COVER__test__1167.pgm,1167.pgm,COVER,0,MULTI_CANDIDATE,S-UNIWARD,MiPOD,S-UNIWARD,MiPOD,HILL,HUGO,WOW,,"S-UNIWARD,MiPOD,HILL,HUGO",4,0,1.0,1.0,0.0,0.8343436125874085,0.8,4,1.0,1.0,5,0.9907716056269436,0.8,4,0.9698662388722926,0.8,4,1.0,1.0,5
COVER__test__1178.pgm,1178.pgm,COVER,0,UNKNOWN_OR_COVER,UNKNOWN,,HUGO,S-UNIWARD,MiPOD,HILL,WOW,,,0,0,0.8193297777261452,0.7643502680815549,0.05497950964459031,0.41710343489278745,0.2,1,0.7643502680815549,0.2,1,0.6778627294187152,0.4,2,0.8193297777261452,0.2,1,0.7635913425940826,0.4,2
COVER__test__1184.pgm,1184.pgm,COVER,0,MULTI_CANDIDATE,WOW,S-UNIWARD,WOW,S-UNIWARD,HILL,MiPOD,HUGO,,"WOW,S-UNIWARD,HILL,MiPOD,HUGO",5,0,1.0,1.0,0.0,1.0,1.0,5,1.0,1.0,5,1.0,1.0,5,0.9778324447566632,0.8,4,1.0,1.0,5
COVER__test__12.pgm,12.pgm,COVER,0,UNKNOWN_OR_COVER,UNKNOWN,,S-UNIWARD,HUGO,MiPOD,HILL,WOW,,,0,0,0.8438056981209385,0.8111600998317094,0.03264559828922908,0.5205810514760969,0.4,2,0.8438056981209385,0.4,2,0.6792489957662353,0.6,3,0.8111600998317094,0.6,3,0.7660471150903146,0.6,3
COVER__test__1202.pgm,1202.pgm,COVER,0,MULTI_CANDIDATE,S-UNIWARD,MiPOD,S-UNIWARD,MiPOD,HILL,HUGO,WOW,,"S-UNIWARD,MiPOD,HILL",3,0,0.9992589764973918,0.9988982024703926,0.0003607740269991888,0.8117882031831052,0.4,2,0.9992589764973918,0.8,4,0.9357523192062824,0.6,3,0.8312604253704627,0.8,4,0.9988982024703926,0.8,4
COVER__test__1205.pgm,1205.pgm,COVER,0,MULTI_CANDIDATE,HILL,MiPOD,HILL,MiPOD,HUGO,S-UNIWARD,WOW,,"HILL,MiPOD,HUGO",3,0,1.0,1.0,0.0,0.8505517129250395,0.8,4,0.893899225305138,0.8,4,1.0,1.0,5,0.9100599054076435,0.8,4,1.0,1.0,5
COVER__test__1214.pgm,1214.pgm,COVER,0,UNKNOWN_OR_COVER,UNKNOWN,,HUGO,MiPOD,S-UNIWARD,HILL,WOW,,,0,0,0.8112882784823195,0.758552195855031,0.05273608262728857,0.414548733659213,0.2,1,0.7570667098822812,0.2,1,0.673379717817567,0.2,1,0.8112882784823195,0.0,0,0.758552195855031,0.2,1
COVER__test__1216.pgm,1216.pgm,COVER,0,MULTI_CANDIDATE,HUGO,MiPOD,HUGO,MiPOD,HILL,S-UNIWARD,WOW,,"HUGO,MiPOD,HILL",3,0,1.0,1.0,0.0,0.7357507086591686,0.6,3,0.8290680900438321,0.4,2,0.9335212735361486,0.8,4,1.0,1.0,5,1.0,1.0,5
COVER__test__1223.pgm,1223.pgm,COVER,0,UNKNOWN_OR_COVER,UNKNOWN,,MiPOD,S-UNIWARD,HUGO,HILL,WOW,,,0,0,0.8438486356631099,0.8137369084500172,0.03011172721309263,0.6709559684282143,0.4,2,0.8137369084500172,0.6,3,0.7088912746817114,0.6,3,0.7849395820328006,0.6,3,0.8438486356631099,0.8,4
COVER__test__123.pgm,123.pgm,COVER,0,SINGLE_CANDIDATE,S-UNIWARD,,S-UNIWARD,HUGO,MiPOD,HILL,WOW,,S-UNIWARD,1,0,0.9529813689915188,0.8841047597948005,0.06887660919671823,0.5282668499229971,0.4,2,0.9529813689915188,0.4,2,0.6853952819802953,0.4,2,0.8841047597948005,0.6,3,0.7743599185686926,0.4,2
COVER__test__1251.pgm,1251.pgm,COVER,0,UNKNOWN_OR_COVER,UNKNOWN,,HUGO,S-UNIWARD,MiPOD,HILL,WOW,,,0,0,0.8316252769727637,0.785924103827667,0.045701173145096696,0.42968201434139963,0.2,1,0.785924103827667,0.2,1,0.6870132393621181,0.6,3,0.8316252769727637,0.8,4,0.772086694092175,0.6,3
COVER__test__1266.pgm,1266.pgm,COVER,0,UNKNOWN_OR_COVER,UNKNOWN,,HUGO,MiPOD,S-UNIWARD,HILL,WOW,,,0,0,0.80851448898158,0.7577443989476138,0.05077009003396615,0.41371025750267265,0.2,1,0.7563396868532504,0.2,1,0.6723532691360011,0.2,1,0.80851448898158,0.0,0,0.7577443989476138,0.0,0
COVER__test__1274.pgm,1274.pgm,COVER,0,MULTI_CANDIDATE,HILL,MiPOD,HILL,MiPOD,S-UNIWARD,WOW,HUGO,,"HILL,MiPOD,S-UNIWARD",3,0,0.9984649871292308,0.9978573999236813,0.0006075872055495424,0.8762779300811878,0.6,3,0.9943205414666363,0.6,3,0.9984649871292308,0.8,4,0.8310968445540816,0.8,4,0.9978573999236813,0.8,4
COVER__test__1283.pgm,1283.pgm,COVER,0,MULTI_CANDIDATE,WOW,HILL,WOW,HILL,HUGO,MiPOD,S-UNIWARD,,"WOW,HILL,HUGO,MiPOD,S-UNIWARD",5,0,1.0,1.0,0.0,1.0,1.0,5,0.9479577923824181,0.8,4,1.0,1.0,5,1.0,1.0,5,1.0,1.0,5
COVER__test__1285.pgm,1285.pgm,COVER,0,UNKNOWN_OR_COVER,UNKNOWN,,HUGO,S-UNIWARD,MiPOD,HILL,WOW,,,0,0,0.8324037729038327,0.8187769480283114,0.01362682487552136,0.4687745870505503,0.2,1,0.8187769480283114,0.4,2,0.6944534807417411,0.6,3,0.8324037729038327,0.8,4,0.7824457264725259,0.6,3
COVER__test__1286.pgm,1286.pgm,COVER,0,UNKNOWN_OR_COVER,UNKNOWN,,HUGO,S-UNIWARD,MiPOD,HILL,WOW,,,0,0,0.82616821973227,0.7666812539697111,0.05948696576255885,0.42257369982124615,0.2,1,0.7666812539697111,0.2,1,0.6809226235895596,0.4,2,0.82616821973227,0.2,1,0.7659376054233829,0.4,2
COVER__test__1298.pgm,1298.pgm,COVER,0,UNKNOWN_OR_COVER,UNKNOWN,,HUGO,MiPOD,S-UNIWARD,HILL,WOW,,,0,0,0.8155507393572329,0.7617955602175973,0.05375517913963557,0.41625015054768433,0.2,1,0.7589502361781731,0.2,1,0.6765906063144997,0.2,1,0.8155507393572329,0.0,0,0.7617955602175973,0.2,1
COVER__test__1302.pgm,1302.pgm,COVER,0,UNKNOWN_OR_COVER,UNKNOWN,,HUGO,MiPOD,S-UNIWARD,HILL,WOW,,,0,0,0.8120146173417947,0.7616627633884687,0.050351853953325976,0.4156916855355335,0.2,1,0.7557179873081662,0.2,1,0.6763603429675069,0.2,1,0.8120146173417947,0.0,0,0.7616627633884687,0.2,1
COVER__test__1304.pgm,1304.pgm,COVER,0,UNKNOWN_OR_COVER,UNKNOWN,,HUGO,MiPOD,S-UNIWARD,HILL,WOW,,,0,0,0.8092014438195972,0.7591022970729673,0.05009914674662996,0.4140975995337223,0.2,1,0.7578035236689893,0.2,1,0.6738489853474534,0.4,2,0.8092014438195972,0.2,1,0.7591022970729673,0.4,2
COVER__test__1307.pgm,1307.pgm,COVER,0,MULTI_CANDIDATE,WOW,S-UNIWARD,WOW,S-UNIWARD,HILL,HUGO,MiPOD,,"WOW,S-UNIWARD,HILL,HUGO,MiPOD",5,0,1.0,1.0,0.0,1.0,1.0,5,1.0,1.0,5,1.0,1.0,5,1.0,1.0,5,1.0,1.0,5
COVER__test__1311.pgm,1311.pgm,COVER,0,UNKNOWN_OR_COVER,UNKNOWN,,S-UNIWARD,HUGO,MiPOD,HILL,WOW,,,0,0,0.857747430574985,0.8315062574344907,0.026241173140494345,0.5220631452782507,0.2,1,0.857747430574985,0.6,3,0.7118317150606484,0.6,3,0.8315062574344907,0.8,4,0.8122489892141338,0.6,3
COVER__test__1320.pgm,1320.pgm,COVER,0,UNKNOWN_OR_COVER,UNKNOWN,,HUGO,MiPOD,S-UNIWARD,HILL,WOW,,,0,0,0.8201786356006808,0.7659453473663014,0.05423328823437945,0.4180477894427514,0.2,1,0.7617291436511464,0.2,1,0.6797315417519573,0.2,1,0.8201786356006808,0.4,2,0.7659453473663014,0.2,1
COVER__test__1346.pgm,1346.pgm,COVER,0,MULTI_CANDIDATE,S-UNIWARD,MiPOD,S-UNIWARD,MiPOD,HILL,WOW,HUGO,,"S-UNIWARD,MiPOD,HILL",3,0,1.0,0.9620639780826835,0.03793602191731649,0.8560446702062243,0.4,2,1.0,1.0,5,0.9216850162117766,0.6,3,0.8387712943189779,0.8,4,0.9620639780826835,0.8,4
COVER__test__1358.pgm,1358.pgm,COVER,0,UNKNOWN_OR_COVER,UNKNOWN,,HUGO,MiPOD,S-UNIWARD,HILL,WOW,,,0,0,0.8180394566172733,0.7629616078833517,0.05507784873392163,0.4163976566053072,0.2,1,0.7629518520321319,0.2,1,0.6770227147625778,0.4,2,0.8180394566172733,0.4,2,0.7629616078833517,0.4,2
COVER__test__1363.pgm,1363.pgm,COVER,0,MULTI_CANDIDATE,S-UNIWARD,HILL,S-UNIWARD,HILL,HUGO,MiPOD,WOW,,"S-UNIWARD,HILL,HUGO,MiPOD,WOW",5,0,1.0,1.0,0.0,0.964093556051834,0.8,4,1.0,1.0,5,1.0,1.0,5,1.0,1.0,5,1.0,1.0,5
COVER__test__1366.pgm,1366.pgm,COVER,0,UNKNOWN_OR_COVER,UNKNOWN,,MiPOD,S-UNIWARD,HUGO,HILL,WOW,,,0,0,0.8935407828157503,0.8787312848038974,0.01480949801185294,0.7221461176932383,0.2,1,0.8787312848038974,0.6,3,0.7679826043477338,0.4,2,0.8311582583635364,0.8,4,0.8935407828157503,0.6,3
COVER__test__1367.pgm,1367.pgm,COVER,0,MULTI_CANDIDATE,S-UNIWARD,MiPOD,S-UNIWARD,MiPOD,HILL,WOW,HUGO,,"S-UNIWARD,MiPOD,HILL,WOW",4,0,1.0,1.0,0.0,0.942904214368153,0.8,4,1.0,1.0,5,0.9752920351332526,0.8,4,0.8366211467803535,0.8,4,1.0,1.0,5
COVER__test__1376.pgm,1376.pgm,COVER,0,UNKNOWN_OR_COVER,UNKNOWN,,HUGO,MiPOD,S-UNIWARD,HILL,WOW,,,0,0,0.80852151318878,0.7588781886798529,0.049643324508927056,0.4138781287747718,0.2,1,0.7572078033734491,0.2,1,0.6736119895295507,0.4,2,0.80852151318878,0.2,1,0.7588781886798529,0.4,2
COVER__test__1378.pgm,1378.pgm,COVER,0,UNKNOWN_OR_COVER,UNKNOWN,,HUGO,S-UNIWARD,MiPOD,HILL,WOW,,,0,0,0.8416081670098917,0.7978675894931145,0.04374057751677718,0.4387937650610789,0.2,1,0.7978675894931145,0.4,2,0.6885754869098399,0.6,3,0.8416081670098917,0.8,4,0.7769229721953272,0.6,3
COVER__test__1379.pgm,1379.pgm,COVER,0,MULTI_CANDIDATE,S-UNIWARD,HUGO,S-UNIWARD,HUGO,MiPOD,HILL,WOW,,"S-UNIWARD,HUGO,MiPOD",3,0,1.0,1.0,0.0,0.699451092278751,0.6,3,1.0,1.0,5,0.8495810780276738,0.8,4,1.0,1.0,5,0.9701209523601488,0.8,4
COVER__test__1385.pgm,1385.pgm,COVER,0,MULTI_CANDIDATE,S-UNIWARD,HUGO,S-UNIWARD,HUGO,HILL,MiPOD,WOW,,"S-UNIWARD,HUGO",2,0,0.9718090533932342,0.927468513102107,0.04434054029112722,0.680116742307751,0.6,3,0.9718090533932342,0.8,4,0.8525013957024413,0.8,4,0.927468513102107,0.8,4,0.8459141911751262,0.8,4
COVER__test__1389.pgm,1389.pgm,COVER,0,MULTI_CANDIDATE,S-UNIWARD,HILL,S-UNIWARD,HILL,MiPOD,WOW,HUGO,,"S-UNIWARD,HILL,MiPOD,WOW",4,0,1.0,1.0,0.0,0.9276577377577615,0.8,4,1.0,1.0,5,1.0,1.0,5,0.8330890559212504,0.8,4,1.0,1.0,5
COVER__test__1395.pgm,1395.pgm,COVER,0,MULTI_CANDIDATE,HILL,S-UNIWARD,HILL,S-UNIWARD,MiPOD,HUGO,WOW,,"HILL,S-UNIWARD,MiPOD",3,0,0.9943049880093493,0.9940614999487158,0.00024348806063345663,0.8223134446402863,0.6,3,0.9940614999487158,0.8,4,0.9943049880093493,0.8,4,0.8304450275870321,0.8,4,0.9937101363612244,0.8,4
COVER__test__1398.pgm,1398.pgm,COVER,0,MULTI_CANDIDATE,HILL,HUGO,HILL,HUGO,MiPOD,S-UNIWARD,WOW,,"HILL,HUGO,MiPOD,S-UNIWARD",4,0,1.0,1.0,0.0,0.8246385063573223,0.8,4,0.9790572202854205,0.8,4,1.0,1.0,5,1.0,1.0,5,1.0,1.0,5
COVER__test__1404.pgm,1404.pgm,COVER,0,UNKNOWN_OR_COVER,UNKNOWN,,HUGO,S-UNIWARD,MiPOD,HILL,WOW,,,0,0,0.820255074635068,0.7643869011424631,0.05586817349260487,0.4175118348664252,0.2,1,0.7643869011424631,0.2,1,0.67800860188092,0.2,1,0.820255074635068,0.4,2,0.7643661782095262,0.2,1
COVER__test__1420.pgm,1420.pgm,COVER,0,UNKNOWN_OR_COVER,UNKNOWN,,HUGO,S-UNIWARD,MiPOD,HILL,WOW,,,0,0,0.8100366240144844,0.7633365715464157,0.04670005246806874,0.41343366927589054,0.2,1,0.7633365715464157,0.2,1,0.6703676181997296,0.4,2,0.8100366240144844,0.4,2,0.7567554509601007,0.4,2
COVER__test__1422.pgm,1422.pgm,COVER,0,UNKNOWN_OR_COVER,UNKNOWN,,HUGO,MiPOD,S-UNIWARD,HILL,WOW,,,0,0,0.8034458126672288,0.7559849869951047,0.04746082567212406,0.4117224596016203,0.2,1,0.7548373541981396,0.2,1,0.6698697839591976,0.4,2,0.8034458126672288,0.2,1,0.7559849869951047,0.4,2
COVER__test__1424.pgm,1424.pgm,COVER,0,MULTI_CANDIDATE,WOW,S-UNIWARD,WOW,S-UNIWARD,HILL,MiPOD,HUGO,,"WOW,S-UNIWARD,HILL,MiPOD,HUGO",5,0,1.0,1.0,0.0,1.0,1.0,5,1.0,1.0,5,1.0,1.0,5,0.9287211302011403,0.8,4,1.0,1.0,5
COVER__test__1425.pgm,1425.pgm,COVER,0,MULTI_CANDIDATE,S-UNIWARD,HILL,S-UNIWARD,HILL,MiPOD,HUGO,WOW,,"S-UNIWARD,HILL,MiPOD",3,0,1.0,1.0,0.0,0.8249625393119274,0.8,4,1.0,1.0,5,1.0,1.0,5,0.8580479187820966,0.8,4,1.0,1.0,5
COVER__test__1437.pgm,1437.pgm,COVER,0,UNKNOWN_OR_COVER,UNKNOWN,,HUGO,MiPOD,S-UNIWARD,HILL,WOW,,,0,0,0.8154595316440277,0.76166002313128,0.05379950851274773,0.4174562213098021,0.0,0,0.7569898610223855,0.0,0,0.6773653489809262,0.2,1,0.8154595316440277,0.2,1,0.76166002313128,0.2,1
COVER__test__145.pgm,145.pgm,COVER,0,MULTI_CANDIDATE,WOW,S-UNIWARD,WOW,S-UNIWARD,HILL,HUGO,MiPOD,,"WOW,S-UNIWARD,HILL,HUGO,MiPOD",5,0,1.0,1.0,0.0,1.0,1.0,5,1.0,1.0,5,1.0,1.0,5,1.0,1.0,5,1.0,1.0,5
COVER__test__1455.pgm,1455.pgm,COVER,0,SINGLE_CANDIDATE,S-UNIWARD,,S-UNIWARD,HUGO,MiPOD,HILL,WOW,,S-UNIWARD,1,0,0.9338475157209176,0.8433840346698535,0.09046348105106417,0.5346256734478211,0.4,2,0.9338475157209176,0.6,3,0.68073505227118,0.6,3,0.8433840346698535,0.6,3,0.7712466875788105,0.6,3
COVER__test__1457.pgm,1457.pgm,COVER,0,UNKNOWN_OR_COVER,UNKNOWN,,HUGO,MiPOD,S-UNIWARD,HILL,WOW,,,0,0,0.8150949443036494,0.7649059108127746,0.05018903349087478,0.41953903411643,0.2,1,0.7597072722035069,0.2,1,0.6799382530238889,0.6,3,0.8150949443036494,0.4,2,0.7649059108127746,0.6,3
COVER__test__1460.pgm,1460.pgm,COVER,0,UNKNOWN_OR_COVER,UNKNOWN,,MiPOD,HUGO,S-UNIWARD,HILL,WOW,,,0,0,0.8365773826825528,0.8136984614676113,0.022878921214941506,0.5202721720402093,0.2,1,0.7933653399098556,0.6,3,0.7107352603076169,0.6,3,0.8136984614676113,0.6,3,0.8365773826825528,0.8,4
COVER__test__1466.pgm,1466.pgm,COVER,0,UNKNOWN_OR_COVER,UNKNOWN,,HUGO,S-UNIWARD,MiPOD,HILL,WOW,,,0,0,0.8138180019235687,0.7733113474481657,0.040506654475403026,0.4183908833628272,0.2,1,0.7733113474481657,0.4,2,0.6758443240817729,0.4,2,0.8138180019235687,0.4,2,0.7684842106392822,0.4,2
COVER__test__1470.pgm,1470.pgm,COVER,0,MULTI_CANDIDATE,S-UNIWARD,HILL,S-UNIWARD,HILL,MiPOD,WOW,HUGO,,"S-UNIWARD,HILL,MiPOD",3,0,1.0,1.0,0.0,0.8744090538300588,0.8,4,1.0,1.0,5,1.0,1.0,5,0.8316585706270448,0.8,4,1.0,1.0,5
COVER__test__1479.pgm,1479.pgm,COVER,0,UNKNOWN_OR_COVER,UNKNOWN,,HUGO,MiPOD,S-UNIWARD,HILL,WOW,,,0,0,0.80511188730722,0.7552141508584549,0.04989773644876516,0.4128222586447968,0.2,1,0.7532448694353238,0.2,1,0.6710455737199753,0.2,1,0.80511188730722,0.0,0,0.7552141508584549,0.0,0
COVER__test__1480.pgm,1480.pgm,COVER,0,UNKNOWN_OR_COVER,UNKNOWN,,HUGO,S-UNIWARD,MiPOD,HILL,WOW,,,0,0,0.8312540039873175,0.8155285033385707,0.015725500648746782,0.45620723268430385,0.2,1,0.8155285033385707,0.2,1,0.6944904067421771,0.6,3,0.8312540039873175,0.6,3,0.778222091892465,0.6,3
COVER__test__149.pgm,149.pgm,COVER,0,MULTI_CANDIDATE,S-UNIWARD,HILL,S-UNIWARD,HILL,MiPOD,WOW,HUGO,,"S-UNIWARD,HILL,MiPOD,WOW,HUGO",5,0,1.0,1.0,0.0,0.9982599789624331,0.8,4,1.0,1.0,5,1.0,1.0,5,0.9938124126301142,0.8,4,1.0,1.0,5
COVER__test__1527.pgm,1527.pgm,COVER,0,UNKNOWN_OR_COVER,UNKNOWN,,HUGO,S-UNIWARD,MiPOD,HILL,WOW,,,0,0,0.7972071444796075,0.7541696142314949,0.04303753024811263,0.4094466087201429,0.2,1,0.7541696142314949,0.2,1,0.6654910815740565,0.4,2,0.7972071444796075,0.2,1,0.7506230836583893,0.4,2
COVER__test__1529.pgm,1529.pgm,COVER,0,UNKNOWN_OR_COVER,UNKNOWN,,HUGO,S-UNIWARD,MiPOD,HILL,WOW,,,0,0,0.8341282823265896,0.795783642349756,0.03834463997683368,0.4288502686962506,0.2,1,0.795783642349756,0.2,1,0.6908600631007602,0.4,2,0.8341282823265896,0.8,4,0.7758165318589121,0.4,2
COVER__test__1539.pgm,1539.pgm,COVER,0,SINGLE_CANDIDATE,HUGO,,HUGO,S-UNIWARD,MiPOD,HILL,WOW,,HUGO,1,0,0.9463835086079182,0.8088768413589346,0.13750666724898364,0.4354126037144847,0.2,1,0.8088768413589346,0.6,3,0.6888672772775133,0.4,2,0.9463835086079182,0.6,3,0.7929270685018409,0.4,2
COVER__test__1543.pgm,1543.pgm,COVER,0,UNKNOWN_OR_COVER,UNKNOWN,,HUGO,S-UNIWARD,MiPOD,HILL,WOW,,,0,0,0.8912533560754718,0.7696243826732647,0.12162897340220713,0.4162882801159847,0.2,1,0.7696243826732647,0.6,3,0.6702834134528548,0.4,2,0.8912533560754718,0.4,2,0.7642211601414891,0.4,2
COVER__test__1546.pgm,1546.pgm,COVER,0,UNKNOWN_OR_COVER,UNKNOWN,,MiPOD,S-UNIWARD,HUGO,HILL,WOW,,,0,0,0.8503997761175004,0.8486099555486322,0.0017898205688682278,0.5665928513735292,0.2,1,0.8486099555486322,0.6,3,0.7733842944793432,0.6,3,0.8419402781305336,0.8,4,0.8503997761175004,0.6,3
COVER__test__1552.pgm,1552.pgm,COVER,0,UNKNOWN_OR_COVER,UNKNOWN,,HUGO,S-UNIWARD,MiPOD,HILL,WOW,,,0,0,0.795894607243324,0.7493030030576986,0.04659160418562536,0.4107924824467264,0.0,0,0.7493030030576986,0.2,1,0.660183876067051,0.2,1,0.795894607243324,0.2,1,0.7415324625743109,0.2,1
COVER__test__1554.pgm,1554.pgm,COVER,0,UNKNOWN_OR_COVER,UNKNOWN,,HUGO,S-UNIWARD,MiPOD,HILL,WOW,,,0,0,0.8303104289492402,0.7891921558918449,0.04111827305739535,0.4255437358769029,0.2,1,0.7891921558918449,0.2,1,0.6852116917186197,0.2,1,0.8303104289492402,0.2,1,0.7701130246255985,0.2,1
COVER__test__1561.pgm,1561.pgm,COVER,0,UNKNOWN_OR_COVER,UNKNOWN,,MiPOD,HUGO,HILL,S-UNIWARD,WOW,,,0,0,0.8949760602801146,0.8331782429798489,0.06179781730026568,0.5866049528934979,0.2,1,0.8262970242994327,0.4,2,0.8277053750628047,0.6,3,0.8331782429798489,0.6,3,0.8949760602801146,0.6,3
COVER__test__1569.pgm,1569.pgm,COVER,0,UNKNOWN_OR_COVER,UNKNOWN,,HUGO,S-UNIWARD,MiPOD,HILL,WOW,,,0,0,0.8272812715322978,0.774704029637087,0.05257724189521085,0.432823784337285,0.2,1,0.774704029637087,0.4,2,0.6816629340335925,0.6,3,0.8272812715322978,0.6,3,0.7691414914939687,0.6,3
COVER__test__1575.pgm,1575.pgm,COVER,0,UNKNOWN_OR_COVER,UNKNOWN,,HUGO,MiPOD,S-UNIWARD,HILL,WOW,,,0,0,0.8067609790308378,0.7565793965281646,0.05018158250267313,0.4129499088796485,0.2,1,0.7562041303904945,0.2,1,0.6718238669271048,0.2,1,0.8067609790308378,0.2,1,0.7565793965281646,0.4,2
COVER__test__1579.pgm,1579.pgm,COVER,0,MULTI_CANDIDATE,WOW,S-UNIWARD,WOW,S-UNIWARD,HILL,HUGO,MiPOD,,"WOW,S-UNIWARD,HILL,HUGO,MiPOD",5,0,1.0,1.0,0.0,1.0,1.0,5,1.0,1.0,5,1.0,1.0,5,1.0,1.0,5,1.0,1.0,5
COVER__test__1584.pgm,1584.pgm,COVER,0,UNKNOWN_OR_COVER,UNKNOWN,,HUGO,S-UNIWARD,MiPOD,HILL,WOW,,,0,0,0.8329058076507622,0.7961908953443524,0.036714912306409775,0.4299683579018903,0.2,1,0.7961908953443524,0.4,2,0.6903682644657418,0.6,3,0.8329058076507622,0.8,4,0.782506429242267,0.6,3
COVER__test__1586.pgm,1586.pgm,COVER,0,UNKNOWN_OR_COVER,UNKNOWN,,HUGO,MiPOD,S-UNIWARD,HILL,WOW,,,0,0,0.8082207326561661,0.7582298693060026,0.04999086335016356,0.41391342144392107,0.2,1,0.7550419680631724,0.2,1,0.6734972847229173,0.2,1,0.8082207326561661,0.2,1,0.7582298693060026,0.2,1
COVER__test__1591.pgm,1591.pgm,COVER,0,UNKNOWN_OR_COVER,UNKNOWN,,HUGO,MiPOD,S-UNIWARD,HILL,WOW,,,0,0,0.8152839436909936,0.7637993478684337,0.05148459582255982,0.42020753402960337,0.2,1,0.7580619608099631,0.2,1,0.6793391868617191,0.4,2,0.8152839436909936,0.4,2,0.7637993478684337,0.4,2
COVER__test__1602.pgm,1602.pgm,COVER,0,MULTI_CANDIDATE,HUGO,S-UNIWARD,HUGO,S-UNIWARD,MiPOD,HILL,WOW,,"HUGO,S-UNIWARD",2,0,1.0,0.9962045398874064,0.003795460112593574,0.5577641204658199,0.4,2,0.9962045398874064,0.8,4,0.6709253830129451,0.4,2,1.0,1.0,5,0.8103733609095285,0.6,3
COVER__test__1614.pgm,1614.pgm,COVER,0,MULTI_CANDIDATE,S-UNIWARD,MiPOD,S-UNIWARD,MiPOD,HILL,HUGO,WOW,,"S-UNIWARD,MiPOD",2,0,0.9921536929163752,0.9307720712542583,0.061381621662116914,0.6766542702694477,0.6,3,0.9921536929163752,0.8,4,0.8381130024182533,0.8,4,0.8320645980710047,0.8,4,0.9307720712542583,0.8,4
COVER__test__1621.pgm,1621.pgm,COVER,0,UNKNOWN_OR_COVER,UNKNOWN,,HUGO,S-UNIWARD,MiPOD,HILL,WOW,,,0,0,0.8139225340377753,0.7865897417237802,0.027332792313995102,0.49846584938608096,0.2,1,0.7865897417237802,0.2,1,0.6793487868468375,0.6,3,0.8139225340377753,0.4,2,0.7643904033223109,0.6,3
COVER__test__1637.pgm,1637.pgm,COVER,0,UNKNOWN_OR_COVER,UNKNOWN,,MiPOD,S-UNIWARD,HUGO,HILL,WOW,,,0,0,0.8855181081489096,0.8309524660747938,0.05456564207411585,0.5487522303457257,0.2,1,0.8309524660747938,0.6,3,0.8051303460495756,0.4,2,0.8295381528871125,0.6,3,0.8855181081489096,0.4,2
COVER__test__1638.pgm,1638.pgm,COVER,0,UNKNOWN_OR_COVER,UNKNOWN,,HUGO,MiPOD,S-UNIWARD,HILL,WOW,,,0,0,0.806348922527168,0.7565518702048936,0.04979705232227449,0.41321590851669415,0.2,1,0.7540027453696028,0.2,1,0.6720164954062389,0.2,1,0.806348922527168,0.0,0,0.7565518702048936,0.2,1
COVER__test__1641.pgm,1641.pgm,COVER,0,MULTI_CANDIDATE,HUGO,MiPOD,HUGO,MiPOD,S-UNIWARD,HILL,WOW,,"HUGO,MiPOD,S-UNIWARD",3,0,1.0,0.9690420960125067,0.030957903987493318,0.798774309930302,0.6,3,0.9550157934692359,0.6,3,0.856148530614934,0.6,3,1.0,1.0,5,0.9690420960125067,0.8,4
COVER__test__1648.pgm,1648.pgm,COVER,0,UNKNOWN_OR_COVER,UNKNOWN,,S-UNIWARD,HUGO,MiPOD,HILL,WOW,,,0,0,0.8633697018174745,0.8318872438412226,0.03148245797625193,0.5242804694208985,0.4,2,0.8633697018174745,0.2,1,0.6853537892079411,0.6,3,0.8318872438412226,0.6,3,0.7704682254717927,0.6,3
COVER__test__1652.pgm,1652.pgm,COVER,0,UNKNOWN_OR_COVER,UNKNOWN,,HUGO,MiPOD,S-UNIWARD,HILL,WOW,,,0,0,0.8131415292008997,0.7624418114104362,0.05069971779046345,0.41579535321506367,0.2,1,0.7595026080423478,0.2,1,0.6769173477302752,0.4,2,0.8131415292008997,0.2,1,0.7624418114104362,0.4,2
COVER__test__1666.pgm,1666.pgm,COVER,0,MULTI_CANDIDATE,MiPOD,S-UNIWARD,MiPOD,S-UNIWARD,HILL,HUGO,WOW,,"MiPOD,S-UNIWARD,HILL",3,0,0.987430231011494,0.9856884629492682,0.0017417680622258125,0.8093029360833848,0.2,1,0.9856884629492682,0.6,3,0.9272653759106586,0.4,2,0.8598766574986115,0.4,2,0.987430231011494,0.6,3
COVER__test__1668.pgm,1668.pgm,COVER,0,UNKNOWN_OR_COVER,UNKNOWN,,MiPOD,S-UNIWARD,HUGO,HILL,WOW,,,0,0,0.8848371334648183,0.8398085469810113,0.04502858648380703,0.526102015831228,0.2,1,0.8398085469810113,0.6,3,0.763217582806941,0.6,3,0.831912197352009,0.8,4,0.8848371334648183,0.8,4
COVER__test__1669.pgm,1669.pgm,COVER,0,UNKNOWN_OR_COVER,UNKNOWN,,HUGO,S-UNIWARD,MiPOD,HILL,WOW,,,0,0,0.8059103165979782,0.7590860552930432,0.046824261304935,0.41182794821394825,0.2,1,0.7590860552930432,0.2,1,0.6684590048486085,0.4,2,0.8059103165979782,0.4,2,0.7556144723190399,0.4,2
COVER__test__1673.pgm,1673.pgm,COVER,0,UNKNOWN_OR_COVER,UNKNOWN,,MiPOD,HUGO,S-UNIWARD,HILL,WOW,,,0,0,0.82428273553197,0.799533838500289,0.024748897031680928,0.45148746537727885,0.2,1,0.76855126048358,0.6,3,0.6919079170924043,0.4,2,0.799533838500289,0.4,2,0.82428273553197,0.6,3
COVER__test__1676.pgm,1676.pgm,COVER,0,SINGLE_CANDIDATE,MiPOD,,MiPOD,HILL,S-UNIWARD,HUGO,WOW,,MiPOD,1,0,0.9167932916086006,0.8301741037648099,0.08661918784379063,0.6074197570278818,0.2,1,0.8246868699327482,0.4,2,0.8301741037648099,0.6,3,0.8217055776925548,0.6,3,0.9167932916086006,0.6,3
COVER__test__168.pgm,168.pgm,COVER,0,MULTI_CANDIDATE,WOW,S-UNIWARD,WOW,S-UNIWARD,HILL,HUGO,MiPOD,,"WOW,S-UNIWARD,HILL,HUGO,MiPOD",5,0,1.0,1.0,0.0,1.0,1.0,5,1.0,1.0,5,1.0,1.0,5,1.0,1.0,5,1.0,1.0,5
COVER__test__1692.pgm,1692.pgm,COVER,0,UNKNOWN_OR_COVER,UNKNOWN,,HUGO,MiPOD,S-UNIWARD,HILL,WOW,,,0,0,0.8097276639971497,0.7589985656338385,0.05072909836331119,0.4138569614826017,0.0,0,0.7569210896622729,0.0,0,0.6743085776843151,0.0,0,0.8097276639971497,0.2,1,0.7589985656338385,0.2,1
COVER__test__1720.pgm,1720.pgm,COVER,0,SINGLE_CANDIDATE,S-UNIWARD,,S-UNIWARD,HUGO,MiPOD,HILL,WOW,,S-UNIWARD,1,0,0.9614967990238414,0.8337772379404168,0.12771956108342464,0.5306234038113755,0.4,2,0.9614967990238414,0.4,2,0.691354037473953,0.4,2,0.8337772379404168,0.6,3,0.775755279693481,0.4,2
COVER__test__1731.pgm,1731.pgm,COVER,0,MULTI_CANDIDATE,MiPOD,HILL,MiPOD,HILL,S-UNIWARD,HUGO,WOW,,"MiPOD,HILL",2,0,1.0,0.9735080724394827,0.026491927560517325,0.8018471331866532,0.6,3,0.8612957489760561,0.6,3,0.9735080724394827,0.8,4,0.8320140294395871,0.8,4,1.0,1.0,5
COVER__test__1737.pgm,1737.pgm,COVER,0,MULTI_CANDIDATE,WOW,S-UNIWARD,WOW,S-UNIWARD,HILL,MiPOD,HUGO,,"WOW,S-UNIWARD,HILL,MiPOD,HUGO",5,0,1.0,1.0,0.0,1.0,1.0,5,1.0,1.0,5,1.0,1.0,5,0.9997009226938074,0.8,4,1.0,1.0,5
COVER__test__1738.pgm,1738.pgm,COVER,0,UNKNOWN_OR_COVER,UNKNOWN,,HUGO,S-UNIWARD,MiPOD,HILL,WOW,,,0,0,0.8066012710236816,0.7559774911156945,0.050623779907987165,0.41262203476771653,0.2,1,0.7559774911156945,0.2,1,0.6706922212275408,0.2,1,0.8066012710236816,0.2,1,0.7552276003148913,0.2,1
COVER__test__1739.pgm,1739.pgm,COVER,0,UNKNOWN_OR_COVER,UNKNOWN,,HUGO,S-UNIWARD,MiPOD,HILL,WOW,,,0,0,0.8279175009138257,0.7788958286614832,0.04902167225234244,0.42694648458101164,0.2,1,0.7788958286614832,0.2,1,0.6844824577513687,0.6,3,0.8279175009138257,0.6,3,0.7742435393007634,0.6,3
COVER__test__1743.pgm,1743.pgm,COVER,0,UNKNOWN_OR_COVER,UNKNOWN,,HUGO,S-UNIWARD,MiPOD,HILL,WOW,,,0,0,0.8032355026461282,0.753228114393613,0.05000738825251516,0.41098773500541774,0.0,0,0.753228114393613,0.0,0,0.6690482905747375,0.0,0,0.8032355026461282,0.2,1,0.7527464424970642,0.0,0
COVER__test__1747.pgm,1747.pgm,COVER,0,MULTI_CANDIDATE,WOW,S-UNIWARD,WOW,S-UNIWARD,HILL,HUGO,MiPOD,,"WOW,S-UNIWARD,HILL,HUGO,MiPOD",5,0,1.0,1.0,0.0,1.0,1.0,5,1.0,1.0,5,1.0,1.0,5,1.0,1.0,5,1.0,1.0,5
COVER__test__1755.pgm,1755.pgm,COVER,0,MULTI_CANDIDATE,MiPOD,HILL,MiPOD,HILL,S-UNIWARD,HUGO,WOW,,"MiPOD,HILL,S-UNIWARD",3,0,0.9997133046849311,0.9995304621163099,0.00018284256862122206,0.8231907089527063,0.8,4,0.9952641143549975,0.8,4,0.9995304621163099,0.8,4,0.8329551663083639,0.6,3,0.9997133046849311,0.8,4
COVER__test__1756.pgm,1756.pgm,COVER,0,UNKNOWN_OR_COVER,UNKNOWN,,HUGO,MiPOD,S-UNIWARD,HILL,WOW,,,0,0,0.8100000869230163,0.7595812380066036,0.050418848916412684,0.41458107304623865,0.2,1,0.7591347789321595,0.2,1,0.6745439361935543,0.4,2,0.8100000869230163,0.2,1,0.7595812380066036,0.4,2
COVER__test__1759.pgm,1759.pgm,COVER,0,SINGLE_CANDIDATE,S-UNIWARD,,S-UNIWARD,HILL,MiPOD,HUGO,WOW,,S-UNIWARD,1,0,0.9292811855677098,0.8356379937218155,0.09364319184589431,0.691213255268717,0.4,2,0.9292811855677098,0.6,3,0.8356379937218155,0.6,3,0.8095237098023847,0.6,3,0.8298594217600572,0.6,3
COVER__test__1766.pgm,1766.pgm,COVER,0,MULTI_CANDIDATE,WOW,MiPOD,WOW,MiPOD,S-UNIWARD,HUGO,HILL,,"WOW,MiPOD,S-UNIWARD,HUGO,HILL",5,0,0.9725242253474284,0.9662199785688319,0.006304246778596534,0.9725242253474284,0.8,4,0.956006496805902,0.8,4,0.9088926080369604,0.8,4,0.9271021135901337,0.6,3,0.9662199785688319,0.8,4
COVER__test__177.pgm,177.pgm,COVER,0,MULTI_CANDIDATE,WOW,S-UNIWARD,WOW,S-UNIWARD,HILL,HUGO,MiPOD,,"WOW,S-UNIWARD,HILL,HUGO,MiPOD",5,0,1.0,1.0,0.0,1.0,1.0,5,1.0,1.0,5,1.0,1.0,5,1.0,1.0,5,1.0,1.0,5
COVER__test__1770.pgm,1770.pgm,COVER,0,MULTI_CANDIDATE,HILL,MiPOD,HILL,MiPOD,HUGO,S-UNIWARD,WOW,,"HILL,MiPOD,HUGO,S-UNIWARD,WOW",5,0,1.0,1.0,0.0,0.9639121454653548,0.8,4,0.9986119500863275,0.8,4,1.0,1.0,5,0.9993047429107266,0.8,4,1.0,1.0,5
COVER__test__1773.pgm,1773.pgm,COVER,0,UNKNOWN_OR_COVER,UNKNOWN,,HUGO,MiPOD,S-UNIWARD,HILL,WOW,,,0,0,0.8153472549403482,0.763472913324193,0.05187434161615523,0.4165635210244438,0.2,1,0.7584799644691367,0.2,1,0.6777602888199004,0.2,1,0.8153472549403482,0.2,1,0.763472913324193,0.2,1
COVER__test__1789.pgm,1789.pgm,COVER,0,UNKNOWN_OR_COVER,UNKNOWN,,HUGO,S-UNIWARD,MiPOD,HILL,WOW,,,0,0,0.8321772600366393,0.8304864550071208,0.0016908050295184607,0.48116798988781595,0.2,1,0.8304864550071208,0.6,3,0.7386820447385467,0.4,2,0.8321772600366393,0.8,4,0.8298732462682468,0.4,2
COVER__test__1797.pgm,1797.pgm,COVER,0,UNKNOWN_OR_COVER,UNKNOWN,,HUGO,MiPOD,S-UNIWARD,HILL,WOW,,,0,0,0.8131306092388139,0.7618838918218861,0.05124671741692777,0.4160933226268987,0.2,1,0.7563905074959726,0.2,1,0.676269075544111,0.2,1,0.8131306092388139,0.0,0,0.7618838918218861,0.2,1
COVER__test__1798.pgm,1798.pgm,COVER,0,UNKNOWN_OR_COVER,UNKNOWN,,HUGO,MiPOD,S-UNIWARD,HILL,WOW,,,0,0,0.8089778174234965,0.7590647420802835,0.04991307534321299,0.4141695707962504,0.2,1,0.7570759715303874,0.2,1,0.6743009348565834,0.4,2,0.8089778174234965,0.2,1,0.7590647420802835,0.4,2
COVER__test__1801.pgm,1801.pgm,COVER,0,UNKNOWN_OR_COVER,UNKNOWN,,HUGO,S-UNIWARD,MiPOD,HILL,WOW,,,0,0,0.8342824568533626,0.7864474365637948,0.047835020289567765,0.4236478520963118,0.2,1,0.7864474365637948,0.2,1,0.6838388542584986,0.4,2,0.8342824568533626,0.6,3,0.7742767777547892,0.4,2
COVER__test__1805.pgm,1805.pgm,COVER,0,UNKNOWN_OR_COVER,UNKNOWN,,HUGO,MiPOD,S-UNIWARD,HILL,WOW,,,0,0,0.8237575000504591,0.7662483662084909,0.05750913384196821,0.4187278635838518,0.2,1,0.7657151952120465,0.2,1,0.6802294209875727,0.2,1,0.8237575000504591,0.4,2,0.7662483662084909,0.2,1
COVER__test__1822.pgm,1822.pgm,COVER,0,UNKNOWN_OR_COVER,UNKNOWN,,S-UNIWARD,HUGO,MiPOD,HILL,WOW,,,0,0,0.8351693311690072,0.8320767842795977,0.003092546889409409,0.46540869051518996,0.2,1,0.8351693311690072,0.6,3,0.7113002703156482,0.4,2,0.8320767842795977,0.8,4,0.8238987540051916,0.6,3
COVER__test__1825.pgm,1825.pgm,COVER,0,MULTI_CANDIDATE,WOW,S-UNIWARD,WOW,S-UNIWARD,HILL,HUGO,MiPOD,,"WOW,S-UNIWARD,HILL,HUGO,MiPOD",5,0,1.0,1.0,0.0,1.0,1.0,5,1.0,1.0,5,1.0,1.0,5,1.0,1.0,5,1.0,1.0,5
COVER__test__1826.pgm,1826.pgm,COVER,0,MULTI_CANDIDATE,MiPOD,HILL,MiPOD,HILL,S-UNIWARD,HUGO,WOW,,"MiPOD,HILL",2,0,1.0,0.9998894281977335,0.00011057180226647922,0.7235015532526291,0.6,3,0.8316106849351714,0.6,3,0.9998894281977335,0.8,4,0.831544958810413,0.8,4,1.0,1.0,5
COVER__test__1836.pgm,1836.pgm,COVER,0,MULTI_CANDIDATE,S-UNIWARD,HUGO,S-UNIWARD,HUGO,MiPOD,HILL,WOW,,"S-UNIWARD,HUGO,MiPOD,HILL",4,0,0.9945403491368587,0.9922463823860997,0.002293966750758991,0.8218298976272781,0.6,3,0.9945403491368587,0.8,4,0.9903554200751209,0.8,4,0.9922463823860997,0.8,4,0.9922463823860997,0.8,4
COVER__test__1837.pgm,1837.pgm,COVER,0,UNKNOWN_OR_COVER,UNKNOWN,,HUGO,S-UNIWARD,MiPOD,HILL,WOW,,,0,0,0.8324663434955853,0.7976153786181293,0.03485096487745609,0.4295856559690295,0.2,1,0.7976153786181293,0.2,1,0.6902037000294023,0.4,2,0.8324663434955853,0.8,4,0.7785808521109779,0.4,2
COVER__test__1840.pgm,1840.pgm,COVER,0,UNKNOWN_OR_COVER,UNKNOWN,,MiPOD,S-UNIWARD,HUGO,HILL,WOW,,,0,0,0.8457434416276135,0.8320948498346656,0.013648591792947862,0.4833417134724886,0.2,1,0.8320948498346656,0.6,3,0.7361865149599348,0.4,2,0.8296014204730582,0.6,3,0.8457434416276135,0.4,2
COVER__test__1852.pgm,1852.pgm,COVER,0,UNKNOWN_OR_COVER,UNKNOWN,,HUGO,S-UNIWARD,MiPOD,HILL,WOW,,,0,0,0.8197681640778107,0.7727286370579606,0.04703952701985015,0.4337334585393652,0.2,1,0.7727286370579606,0.2,1,0.6817239156837828,0.6,3,0.8197681640778107,0.6,3,0.7695590037394047,0.6,3
COVER__test__1860.pgm,1860.pgm,COVER,0,UNKNOWN_OR_COVER,UNKNOWN,,HUGO,MiPOD,S-UNIWARD,HILL,WOW,,,0,0,0.8262528203502602,0.7959637106756876,0.030289109674572545,0.4336441206010161,0.2,1,0.7806192732937262,0.4,2,0.6905206129062201,0.6,3,0.8262528203502602,0.6,3,0.7959637106756876,0.6,3
COVER__test__1862.pgm,1862.pgm,COVER,0,MULTI_CANDIDATE,WOW,S-UNIWARD,WOW,S-UNIWARD,HILL,HUGO,MiPOD,,"WOW,S-UNIWARD,HILL,HUGO,MiPOD",5,0,1.0,1.0,0.0,1.0,1.0,5,1.0,1.0,5,1.0,1.0,5,1.0,1.0,5,1.0,1.0,5
COVER__test__1866.pgm,1866.pgm,COVER,0,MULTI_CANDIDATE,MiPOD,HILL,MiPOD,HILL,HUGO,S-UNIWARD,WOW,,"MiPOD,HILL",2,0,0.9945053338530521,0.9941669614966576,0.0003383723563944452,0.7583511848287346,0.4,2,0.8376050100134937,0.4,2,0.9941669614966576,0.8,4,0.8778537399838046,0.6,3,0.9945053338530521,0.8,4
COVER__test__1878.pgm,1878.pgm,COVER,0,UNKNOWN_OR_COVER,UNKNOWN,,HUGO,S-UNIWARD,MiPOD,HILL,WOW,,,0,0,0.831707651707873,0.7893929477057454,0.04231470400212756,0.4309946257766925,0.2,1,0.7893929477057454,0.4,2,0.688107869370872,0.6,3,0.831707651707873,0.8,4,0.7801574376850877,0.6,3
COVER__test__1882.pgm,1882.pgm,COVER,0,MULTI_CANDIDATE,HUGO,MiPOD,HUGO,MiPOD,S-UNIWARD,HILL,WOW,,"HUGO,MiPOD",2,0,0.9879411784476699,0.9288784931323658,0.05906268531530412,0.5724455021817368,0.4,2,0.8297595104441093,0.6,3,0.7727623993823969,0.4,2,0.9879411784476699,0.8,4,0.9288784931323658,0.6,3
COVER__test__1886.pgm,1886.pgm,COVER,0,UNKNOWN_OR_COVER,UNKNOWN,,HUGO,MiPOD,S-UNIWARD,HILL,WOW,,,0,0,0.8185129396849842,0.766222402254679,0.052290537430305206,0.41793122992325127,0.2,1,0.7635197054921349,0.2,1,0.6800984329890026,0.4,2,0.8185129396849842,0.4,2,0.766222402254679,0.4,2
COVER__test__1891.pgm,1891.pgm,COVER,0,SINGLE_CANDIDATE,MiPOD,,MiPOD,S-UNIWARD,HILL,HUGO,WOW,,MiPOD,1,0,0.9480576109386837,0.8877217181356023,0.06033589280308138,0.6831712337539908,0.6,3,0.8877217181356023,0.6,3,0.843150804522897,0.8,4,0.8377029219748044,0.8,4,0.9480576109386837,0.8,4
COVER__test__1892.pgm,1892.pgm,COVER,0,UNKNOWN_OR_COVER,UNKNOWN,,S-UNIWARD,MiPOD,HUGO,HILL,WOW,,,0,0,0.8646870998204506,0.8641818442563961,0.000505255564054452,0.5773488908544036,0.2,1,0.8646870998204506,0.8,4,0.7443155126736497,0.6,3,0.8326414200469376,0.8,4,0.8641818442563961,0.8,4
COVER__test__1895.pgm,1895.pgm,COVER,0,SINGLE_CANDIDATE,MiPOD,,MiPOD,S-UNIWARD,HILL,HUGO,WOW,,MiPOD,1,0,0.9894022392507512,0.8762264060488352,0.11317583320191604,0.7085934192208759,0.6,3,0.8762264060488352,0.6,3,0.8607066713202336,0.6,3,0.8313040742149873,0.6,3,0.9894022392507512,0.6,3
COVER__test__1897.pgm,1897.pgm,COVER,0,UNKNOWN_OR_COVER,UNKNOWN,,MiPOD,HUGO,S-UNIWARD,HILL,WOW,,,0,0,0.8361796932684598,0.8110135166992223,0.025166176569237475,0.5149796602069423,0.2,1,0.7798852433463244,0.4,2,0.7251415249876874,0.6,3,0.8110135166992223,0.6,3,0.8361796932684598,0.8,4
COVER__test__191.pgm,191.pgm,COVER,0,UNKNOWN_OR_COVER,UNKNOWN,,HUGO,S-UNIWARD,MiPOD,HILL,WOW,,,0,0,0.8145501107682398,0.7671349068809471,0.0474152038872927,0.43657154806476955,0.2,1,0.7671349068809471,0.2,1,0.6795198775431932,0.6,3,0.8145501107682398,0.6,3,0.7666783973065874,0.6,3
COVER__test__1916.pgm,1916.pgm,COVER,0,UNKNOWN_OR_COVER,UNKNOWN,,HUGO,MiPOD,S-UNIWARD,HILL,WOW,,,0,0,0.8112400486019192,0.7600967534739104,0.05114329512800886,0.4149299466500711,0.2,1,0.7569390455036837,0.2,1,0.6751288104052913,0.2,1,0.8112400486019192,0.2,1,0.7600967534739104,0.2,1
COVER__test__193.pgm,193.pgm,COVER,0,MULTI_CANDIDATE,MiPOD,S-UNIWARD,MiPOD,S-UNIWARD,HILL,WOW,HUGO,,"MiPOD,S-UNIWARD,HILL,WOW",4,0,1.0,0.9877578167821538,0.012242183217846203,0.9233075246534593,0.6,3,0.9877578167821538,0.8,4,0.9323718075496116,0.8,4,0.8361616471890745,0.8,4,1.0,1.0,5
COVER__test__1934.pgm,1934.pgm,COVER,0,MULTI_CANDIDATE,MiPOD,S-UNIWARD,MiPOD,S-UNIWARD,HILL,HUGO,WOW,,"MiPOD,S-UNIWARD",2,0,0.9993064298052186,0.9948663037876662,0.004440126017552393,0.7113927387637982,0.6,3,0.9948663037876662,0.8,4,0.8631531987743287,0.6,3,0.8440408183107977,0.8,4,0.9993064298052186,0.8,4
COVER__test__1935.pgm,1935.pgm,COVER,0,MULTI_CANDIDATE,MiPOD,HUGO,MiPOD,HUGO,HILL,WOW,S-UNIWARD,,"MiPOD,HUGO,HILL",3,0,1.0,0.9809690929605328,0.019030907039467193,0.8720499796466192,0.6,3,0.8476023954581425,0.8,4,0.9011763574098101,0.8,4,0.9809690929605328,0.8,4,1.0,1.0,5
COVER__test__1942.pgm,1942.pgm,COVER,0,UNKNOWN_OR_COVER,UNKNOWN,,HUGO,MiPOD,S-UNIWARD,HILL,WOW,,,0,0,0.81401514115454,0.7670245789784376,0.046990562176102424,0.41782373531401706,0.2,1,0.7669481776150006,0.2,1,0.6787854859600944,0.4,2,0.81401514115454,0.4,2,0.7670245789784376,0.4,2
COVER__test__1945.pgm,1945.pgm,COVER,0,UNKNOWN_OR_COVER,UNKNOWN,,HUGO,MiPOD,S-UNIWARD,HILL,WOW,,,0,0,0.8180892328272865,0.7644865925667469,0.053602640260539625,0.41712344800424683,0.0,0,0.7637280099637299,0.0,0,0.6785802736297465,0.4,2,0.8180892328272865,0.4,2,0.7644865925667469,0.2,1
COVER__test__1961.pgm,1961.pgm,COVER,0,MULTI_CANDIDATE,WOW,S-UNIWARD,WOW,S-UNIWARD,HILL,HUGO,MiPOD,,"WOW,S-UNIWARD,HILL,HUGO,MiPOD",5,0,1.0,1.0,0.0,1.0,1.0,5,1.0,1.0,5,1.0,1.0,5,1.0,1.0,5,1.0,1.0,5
COVER__test__1967.pgm,1967.pgm,COVER,0,UNKNOWN_OR_COVER,UNKNOWN,,HUGO,MiPOD,S-UNIWARD,HILL,WOW,,,0,0,0.8088440076314406,0.7588677968566186,0.04997621077482195,0.4142386369779999,0.2,1,0.7552033915692524,0.2,1,0.673759160071867,0.2,1,0.8088440076314406,0.0,0,0.7588677968566186,0.2,1
COVER__test__197.pgm,197.pgm,COVER,0,UNKNOWN_OR_COVER,UNKNOWN,,HUGO,MiPOD,S-UNIWARD,HILL,WOW,,,0,0,0.8067409211805943,0.7564483930670939,0.05029252811350038,0.41345134456998156,0.0,0,0.7543052395520411,0.2,1,0.6716447315472942,0.2,1,0.8067409211805943,0.0,0,0.7564483930670939,0.0,0
COVER__test__1974.pgm,1974.pgm,COVER,0,UNKNOWN_OR_COVER,UNKNOWN,,MiPOD,S-UNIWARD,HUGO,HILL,WOW,,,0,0,0.8572933551221175,0.8312102415164595,0.02608311360565796,0.5068203438890747,0.2,1,0.8312102415164595,0.6,3,0.7487087785842095,0.4,2,0.8266651330411857,0.6,3,0.8572933551221175,0.6,3
COVER__test__1988.pgm,1988.pgm,COVER,0,UNKNOWN_OR_COVER,UNKNOWN,,MiPOD,HUGO,S-UNIWARD,HILL,WOW,,,0,0,0.8488455866178036,0.830418409260977,0.01842717735682664,0.47191783235794127,0.0,0,0.8201911361579617,0.2,1,0.7227402073769318,0.0,0,0.830418409260977,0.6,3,0.8488455866178036,0.2,1
COVER__test__1992.pgm,1992.pgm,COVER,0,UNKNOWN_OR_COVER,UNKNOWN,,HUGO,MiPOD,S-UNIWARD,HILL,WOW,,,0,0,0.8168186280486058,0.7625386261841142,0.05428000186449167,0.4164757432740324,0.2,1,0.7595978326893572,0.2,1,0.6773502377511826,0.2,1,0.8168186280486058,0.2,1,0.7625386261841142,0.2,1
COVER__test__20.pgm,20.pgm,COVER,0,UNKNOWN_OR_COVER,UNKNOWN,,HUGO,MiPOD,S-UNIWARD,HILL,WOW,,,0,0,0.8117586992928324,0.7605696204288207,0.051189078864011694,0.41538584606217793,0.2,1,0.7564879511616043,0.2,1,0.6749917934224372,0.2,1,0.8117586992928324,0.0,0,0.7605696204288207,0.2,1
COVER__test__2003.pgm,2003.pgm,COVER,0,MULTI_CANDIDATE,WOW,S-UNIWARD,WOW,S-UNIWARD,HILL,MiPOD,HUGO,,"WOW,S-UNIWARD,HILL,MiPOD",4,0,1.0,1.0,0.0,1.0,1.0,5,1.0,1.0,5,1.0,1.0,5,0.842632405593657,0.8,4,1.0,1.0,5
COVER__test__2006.pgm,2006.pgm,COVER,0,MULTI_CANDIDATE,WOW,S-UNIWARD,WOW,S-UNIWARD,HILL,HUGO,MiPOD,,"WOW,S-UNIWARD,HILL,HUGO,MiPOD",5,0,1.0,1.0,0.0,1.0,1.0,5,1.0,1.0,5,1.0,1.0,5,1.0,1.0,5,1.0,1.0,5
COVER__test__2007.pgm,2007.pgm,COVER,0,UNKNOWN_OR_COVER,UNKNOWN,,HUGO,MiPOD,S-UNIWARD,HILL,WOW,,,0,0,0.8110629600582652,0.7847017784368149,0.02636118162145029,0.42521961459771773,0.2,1,0.7692905792606204,0.4,2,0.6793117388018504,0.2,1,0.8110629600582652,0.2,1,0.7847017784368149,0.2,1
COVER__test__2009.pgm,2009.pgm,COVER,0,MULTI_CANDIDATE,S-UNIWARD,HILL,S-UNIWARD,HILL,HUGO,MiPOD,WOW,,"S-UNIWARD,HILL,HUGO,MiPOD,WOW",5,0,1.0,1.0,0.0,0.9958623464292133,0.8,4,1.0,1.0,5,1.0,1.0,5,1.0,1.0,5,1.0,1.0,5
COVER__test__2011.pgm,2011.pgm,COVER,0,UNKNOWN_OR_COVER,UNKNOWN,,MiPOD,HUGO,S-UNIWARD,HILL,WOW,,,0,0,0.832642844596387,0.8138414006194126,0.018801443976974475,0.46015258598807235,0.2,1,0.7699462638161135,0.4,2,0.707516837121219,0.2,1,0.8138414006194126,0.2,1,0.832642844596387,0.4,2
COVER__test__2013.pgm,2013.pgm,COVER,0,SINGLE_CANDIDATE,HUGO,,HUGO,S-UNIWARD,WOW,MiPOD,HILL,,HUGO,1,0,0.9654574179559713,0.887044020496076,0.07841339745989528,0.8156883044972127,0.4,2,0.887044020496076,0.4,2,0.7500688503324365,0.4,2,0.9654574179559713,0.4,2,0.803231034679815,0.4,2
COVER__test__2017.pgm,2017.pgm,COVER,0,MULTI_CANDIDATE,S-UNIWARD,HILL,S-UNIWARD,HILL,MiPOD,HUGO,WOW,,"S-UNIWARD,HILL,MiPOD,HUGO",4,0,1.0,1.0,0.0,0.8337318328595295,0.8,4,1.0,1.0,5,1.0,1.0,5,0.9103691614828028,0.8,4,1.0,1.0,5
COVER__test__2020.pgm,2020.pgm,COVER,0,MULTI_CANDIDATE,S-UNIWARD,HILL,S-UNIWARD,HILL,HUGO,MiPOD,WOW,,"S-UNIWARD,HILL,HUGO,MiPOD",4,0,1.0,1.0,0.0,0.8476470469238274,0.8,4,1.0,1.0,5,1.0,1.0,5,1.0,1.0,5,1.0,1.0,5
COVER__test__2022.pgm,2022.pgm,COVER,0,UNKNOWN_OR_COVER,UNKNOWN,,HUGO,S-UNIWARD,MiPOD,HILL,WOW,,,0,0,0.8124087391380014,0.766309279781949,0.04609945935605242,0.4160551276759696,0.2,1,0.766309279781949,0.2,1,0.6736607662730496,0.2,1,0.8124087391380014,0.4,2,0.7625603908278545,0.0,0
COVER__test__2023.pgm,2023.pgm,COVER,0,UNKNOWN_OR_COVER,UNKNOWN,,HUGO,MiPOD,S-UNIWARD,HILL,WOW,,,0,0,0.8512340428257558,0.8073041580504541,0.043929884775301686,0.44930281278538675,0.2,1,0.7916772412458779,0.6,3,0.6951661352980999,0.6,3,0.8512340428257558,0.8,4,0.8073041580504541,0.6,3
COVER__test__2026.pgm,2026.pgm,COVER,0,UNKNOWN_OR_COVER,UNKNOWN,,HUGO,S-UNIWARD,MiPOD,HILL,WOW,,,0,0,0.8305221327041682,0.799249815448986,0.0312723172551822,0.4740713439049233,0.2,1,0.799249815448986,0.4,2,0.6846736344616091,0.6,3,0.8305221327041682,0.6,3,0.7732393499270837,0.6,3
COVER__test__2029.pgm,2029.pgm,COVER,0,UNKNOWN_OR_COVER,UNKNOWN,,HUGO,MiPOD,S-UNIWARD,HILL,WOW,,,0,0,0.8056162557447684,0.756439550891808,0.04917670485296033,0.41302044227257884,0.2,1,0.7535270085576127,0.2,1,0.671513988204455,0.2,1,0.8056162557447684,0.0,0,0.756439550891808,0.2,1
COVER__test__2041.pgm,2041.pgm,COVER,0,MULTI_CANDIDATE,HUGO,MiPOD,HUGO,MiPOD,S-UNIWARD,HILL,WOW,,"HUGO,MiPOD,S-UNIWARD,HILL",4,0,0.9953111180366069,0.9665812789095897,0.02872983912701721,0.7993157139222778,0.4,2,0.9560697682913524,0.4,2,0.905591050750564,0.6,3,0.9953111180366069,0.8,4,0.9665812789095897,0.6,3
COVER__test__2044.pgm,2044.pgm,COVER,0,UNKNOWN_OR_COVER,UNKNOWN,,HUGO,MiPOD,S-UNIWARD,HILL,WOW,,,0,0,0.806478273353291,0.7562174291164828,0.05026084423680821,0.41305417461042,0.2,1,0.7542959799497344,0.2,1,0.671702097098947,0.2,1,0.806478273353291,0.0,0,0.7562174291164828,0.2,1
COVER__test__2047.pgm,2047.pgm,COVER,0,UNKNOWN_OR_COVER,UNKNOWN,,HUGO,S-UNIWARD,MiPOD,HILL,WOW,,,0,0,0.83085375589043,0.7914210198455927,0.039432736044837324,0.458008575580943,0.2,1,0.7914210198455927,0.4,2,0.6867872898639937,0.4,2,0.83085375589043,0.4,2,0.7838171275913066,0.4,2
COVER__test__205.pgm,205.pgm,COVER,0,MULTI_CANDIDATE,WOW,S-UNIWARD,WOW,S-UNIWARD,HILL,HUGO,MiPOD,,"WOW,S-UNIWARD,HILL,HUGO,MiPOD",5,0,1.0,1.0,0.0,1.0,1.0,5,1.0,1.0,5,1.0,1.0,5,1.0,1.0,5,1.0,1.0,5
COVER__test__206.pgm,206.pgm,COVER,0,UNKNOWN_OR_COVER,UNKNOWN,,HUGO,MiPOD,S-UNIWARD,HILL,WOW,,,0,0,0.8154900887945086,0.7643769307804842,0.051113158014024385,0.41660992801626673,0.2,1,0.7611306490205549,0.2,1,0.6779553130284737,0.4,2,0.8154900887945086,0.4,2,0.7643769307804842,0.4,2
COVER__test__2067.pgm,2067.pgm,COVER,0,UNKNOWN_OR_COVER,UNKNOWN,,HUGO,MiPOD,S-UNIWARD,HILL,WOW,,,0,0,0.80841055190945,0.7566986684597163,0.05171188344973365,0.41357958848040405,0.2,1,0.75614119596857,0.2,1,0.6714194292914923,0.2,1,0.80841055190945,0.0,0,0.7566986684597163,0.2,1
COVER__test__2071.pgm,2071.pgm,COVER,0,UNKNOWN_OR_COVER,UNKNOWN,,HUGO,S-UNIWARD,MiPOD,HILL,WOW,,,0,0,0.7993551407898859,0.7655908191500169,0.03376432163986898,0.41526289844291747,0.2,1,0.7655908191500169,0.4,2,0.6703583200193312,0.4,2,0.7993551407898859,0.4,2,0.7654413583428628,0.4,2
COVER__test__2078.pgm,2078.pgm,COVER,0,UNKNOWN_OR_COVER,UNKNOWN,,HUGO,S-UNIWARD,MiPOD,HILL,WOW,,,0,0,0.819682181137719,0.7750662835758757,0.044615897561843254,0.419656400575362,0.2,1,0.7750662835758757,0.4,2,0.6771403422003718,0.2,1,0.819682181137719,0.2,1,0.7683310742677464,0.2,1
COVER__test__2081.pgm,2081.pgm,COVER,0,MULTI_CANDIDATE,MiPOD,HILL,MiPOD,HILL,HUGO,S-UNIWARD,WOW,,"MiPOD,HILL",2,0,0.9980976320203307,0.9970255235893223,0.0010721084310084672,0.7259716336464498,0.6,3,0.8306487689016852,0.6,3,0.9970255235893223,0.6,3,0.8318711032922433,0.6,3,0.9980976320203307,0.8,4
COVER__test__2087.pgm,2087.pgm,COVER,0,UNKNOWN_OR_COVER,UNKNOWN,,HUGO,MiPOD,S-UNIWARD,HILL,WOW,,,0,0,0.8095868675094525,0.7580189849548336,0.05156788255461897,0.41431359547596813,0.2,1,0.7558674731862165,0.2,1,0.6731256385074516,0.2,1,0.8095868675094525,0.0,0,0.7580189849548336,0.2,1
COVER__test__209.pgm,209.pgm,COVER,0,MULTI_CANDIDATE,HUGO,S-UNIWARD,HUGO,S-UNIWARD,WOW,HILL,MiPOD,,"HUGO,S-UNIWARD",2,0,0.9790756518194812,0.9352014489842209,0.043874202835260334,0.8425634086531606,0.8,4,0.9352014489842209,0.8,4,0.8413148471077225,0.8,4,0.9790756518194812,0.8,4,0.8361311878112009,0.8,4
COVER__test__2091.pgm,2091.pgm,COVER,0,UNKNOWN_OR_COVER,UNKNOWN,,HUGO,MiPOD,S-UNIWARD,HILL,WOW,,,0,0,0.8139712146354448,0.7929329481469491,0.021038266488495605,0.42843330379731875,0.2,1,0.7689648685149532,0.4,2,0.6872722066751145,0.6,3,0.8139712146354448,0.6,3,0.7929329481469491,0.6,3
COVER__test__210.pgm,210.pgm,COVER,0,UNKNOWN_OR_COVER,UNKNOWN,,HUGO,S-UNIWARD,MiPOD,HILL,WOW,,,0,0,0.820957850433578,0.7778969562903428,0.04306089414323522,0.42527588318760545,0.2,1,0.7778969562903428,0.4,2,0.6835052629220315,0.6,3,0.820957850433578,0.6,3,0.774780949598467,0.6,3
COVER__test__2103.pgm,2103.pgm,COVER,0,MULTI_CANDIDATE,S-UNIWARD,MiPOD,S-UNIWARD,MiPOD,HILL,HUGO,WOW,,"S-UNIWARD,MiPOD",2,0,0.9749192232826426,0.9167932916086006,0.05812593167404201,0.7099760382558024,0.4,2,0.9749192232826426,0.6,3,0.8301741037648099,0.6,3,0.8217055776925548,0.6,3,0.9167932916086006,0.6,3
COVER__test__2106.pgm,2106.pgm,COVER,0,UNKNOWN_OR_COVER,UNKNOWN,,HILL,MiPOD,S-UNIWARD,HUGO,WOW,,,0,0,0.8695034344047402,0.8607830312297524,0.00872040317498779,0.6189394690744675,0.4,2,0.8382892197385512,0.8,4,0.8695034344047402,0.8,4,0.832225262839931,0.8,4,0.8607830312297524,0.8,4
COVER__test__2107.pgm,2107.pgm,COVER,0,SINGLE_CANDIDATE,MiPOD,,MiPOD,HILL,S-UNIWARD,HUGO,WOW,,MiPOD,1,0,0.9996521164158579,0.871159854343307,0.12849226207255093,0.7216610972627306,0.4,2,0.8667792359268262,0.4,2,0.871159854343307,0.6,3,0.8353507963697118,0.6,3,0.9996521164158579,0.8,4
COVER__test__2108.pgm,2108.pgm,COVER,0,MULTI_CANDIDATE,HUGO,MiPOD,HUGO,MiPOD,HILL,S-UNIWARD,WOW,,"HUGO,MiPOD",2,0,1.0,1.0,0.0,0.6829940089646838,0.4,2,0.8468207227105433,0.8,4,0.8814827878654844,0.6,3,1.0,1.0,5,1.0,1.0,5
COVER__test__2109.pgm,2109.pgm,COVER,0,MULTI_CANDIDATE,WOW,S-UNIWARD,WOW,S-UNIWARD,HILL,MiPOD,HUGO,,"WOW,S-UNIWARD,HILL,MiPOD",4,0,1.0,1.0,0.0,1.0,1.0,5,1.0,1.0,5,1.0,1.0,5,0.8449879795832429,0.8,4,1.0,1.0,5
COVER__test__2118.pgm,2118.pgm,COVER,0,UNKNOWN_OR_COVER,UNKNOWN,,S-UNIWARD,HUGO,MiPOD,HILL,WOW,,,0,0,0.8706707350436986,0.8342942729748627,0.036376462068835935,0.577016479101313,0.2,1,0.8706707350436986,0.8,4,0.7371580095889605,0.6,3,0.8342942729748627,0.8,4,0.8287797608689764,0.6,3
COVER__test__2123.pgm,2123.pgm,COVER,0,UNKNOWN_OR_COVER,UNKNOWN,,HUGO,S-UNIWARD,MiPOD,HILL,WOW,,,0,0,0.8021835839735564,0.7516536792126574,0.050529904760899025,0.4120312444233508,0.2,1,0.7516536792126574,0.2,1,0.6664160623782266,0.2,1,0.8021835839735564,0.0,0,0.751422402960004,0.2,1
COVER__test__2129.pgm,2129.pgm,COVER,0,UNKNOWN_OR_COVER,UNKNOWN,,HUGO,S-UNIWARD,MiPOD,HILL,WOW,,,0,0,0.8318665260408767,0.8015418173529009,0.030324708687975876,0.4349484920830684,0.2,1,0.8015418173529009,0.4,2,0.6935108833007532,0.4,2,0.8318665260408767,0.8,4,0.7898033774828705,0.4,2
COVER__test__2135.pgm,2135.pgm,COVER,0,MULTI_CANDIDATE,S-UNIWARD,MiPOD,S-UNIWARD,MiPOD,HILL,HUGO,WOW,,"S-UNIWARD,MiPOD",2,0,1.0,0.9365350481013082,0.06346495189869183,0.6921899004076109,0.6,3,1.0,1.0,5,0.8397925992037235,0.8,4,0.8338936780211522,0.8,4,0.9365350481013082,0.8,4
COVER__test__214.pgm,214.pgm,COVER,0,UNKNOWN_OR_COVER,UNKNOWN,,HUGO,S-UNIWARD,MiPOD,HILL,WOW,,,0,0,0.8298577421114761,0.7760469083221183,0.053810833789357804,0.427622223557466,0.2,1,0.7760469083221183,0.4,2,0.6833038620564158,0.6,3,0.8298577421114761,0.6,3,0.7677968109933067,0.6,3
COVER__test__2145.pgm,2145.pgm,COVER,0,UNKNOWN_OR_COVER,UNKNOWN,,HUGO,MiPOD,S-UNIWARD,HILL,WOW,,,0,0,0.830940240318033,0.7859728188326458,0.04496742148538724,0.4312568378217466,0.2,1,0.7818177951232876,0.4,2,0.6880370263215259,0.4,2,0.830940240318033,0.6,3,0.7859728188326458,0.4,2
COVER__test__2157.pgm,2157.pgm,COVER,0,SINGLE_CANDIDATE,S-UNIWARD,,S-UNIWARD,HUGO,MiPOD,HILL,WOW,,S-UNIWARD,1,0,0.9358167516378394,0.8127330163530523,0.12308373528478711,0.5275816552339082,0.4,2,0.9358167516378394,0.8,4,0.6844085951832362,0.6,3,0.8127330163530523,0.6,3,0.7835123196513207,0.6,3
COVER__test__2159.pgm,2159.pgm,COVER,0,MULTI_CANDIDATE,WOW,S-UNIWARD,WOW,S-UNIWARD,HILL,HUGO,MiPOD,,"WOW,S-UNIWARD,HILL,HUGO,MiPOD",5,0,1.0,1.0,0.0,1.0,1.0,5,1.0,1.0,5,1.0,1.0,5,1.0,1.0,5,1.0,1.0,5
COVER__test__216.pgm,216.pgm,COVER,0,MULTI_CANDIDATE,HUGO,HILL,HUGO,HILL,MiPOD,S-UNIWARD,WOW,,"HUGO,HILL,MiPOD,S-UNIWARD",4,0,1.0,0.990384152754741,0.00961584724525899,0.8233438739062592,0.6,3,0.9338995221146995,0.8,4,0.990384152754741,0.8,4,1.0,1.0,5,0.9664971810623528,0.8,4
COVER__test__2161.pgm,2161.pgm,COVER,0,UNKNOWN_OR_COVER,UNKNOWN,,HUGO,MiPOD,S-UNIWARD,HILL,WOW,,,0,0,0.798772341150414,0.7467520908493891,0.05202025030102486,0.4060412774691803,0.0,0,0.7427780156662147,0.0,0,0.6647321816650824,0.0,0,0.798772341150414,0.0,0,0.7467520908493891,0.0,0
COVER__test__2174.pgm,2174.pgm,COVER,0,UNKNOWN_OR_COVER,UNKNOWN,,HUGO,S-UNIWARD,MiPOD,HILL,WOW,,,0,0,0.8204177338022115,0.779761108591452,0.04065662521075952,0.4592575604740965,0.2,1,0.779761108591452,0.2,1,0.6811149574023433,0.6,3,0.8204177338022115,0.6,3,0.7669284532133844,0.6,3
COVER__test__2179.pgm,2179.pgm,COVER,0,SINGLE_CANDIDATE,S-UNIWARD,,S-UNIWARD,HUGO,MiPOD,HILL,WOW,,S-UNIWARD,1,0,0.9433137319002011,0.8519702071050164,0.0913435247951847,0.5413301307226248,0.4,2,0.9433137319002011,0.8,4,0.6937218857255957,0.6,3,0.8519702071050164,0.6,3,0.809610712607145,0.6,3
COVER__test__2181.pgm,2181.pgm,COVER,0,UNKNOWN_OR_COVER,UNKNOWN,,HUGO,S-UNIWARD,MiPOD,HILL,WOW,,,0,0,0.8318721145449566,0.8145401907985292,0.017331923746427336,0.5178463398779415,0.2,1,0.8145401907985292,0.2,1,0.6854543109135278,0.6,3,0.8318721145449566,0.8,4,0.7738644444074403,0.6,3
COVER__test__2183.pgm,2183.pgm,COVER,0,MULTI_CANDIDATE,WOW,S-UNIWARD,WOW,S-UNIWARD,HILL,HUGO,MiPOD,,"WOW,S-UNIWARD,HILL,HUGO,MiPOD",5,0,1.0,1.0,0.0,1.0,1.0,5,1.0,1.0,5,1.0,1.0,5,1.0,1.0,5,1.0,1.0,5
COVER__test__2186.pgm,2186.pgm,COVER,0,MULTI_CANDIDATE,MiPOD,HILL,MiPOD,HILL,S-UNIWARD,HUGO,WOW,,"MiPOD,HILL,S-UNIWARD",3,0,0.9984197198615405,0.9982380616024585,0.00018165825908200706,0.823040497882932,0.8,4,0.9939993478674521,0.8,4,0.9982380616024585,0.8,4,0.8327343791901992,0.6,3,0.9984197198615405,0.8,4
COVER__test__2189.pgm,2189.pgm,COVER,0,UNKNOWN_OR_COVER,UNKNOWN,,HUGO,MiPOD,S-UNIWARD,HILL,WOW,,,0,0,0.8053253989194431,0.7698471886999176,0.03547821021952546,0.42011329419964616,0.2,1,0.7641441173380795,0.4,2,0.6720204015506057,0.2,1,0.8053253989194431,0.2,1,0.7698471886999176,0.2,1
COVER__test__2195.pgm,2195.pgm,COVER,0,UNKNOWN_OR_COVER,UNKNOWN,,HUGO,S-UNIWARD,MiPOD,HILL,WOW,,,0,0,0.8180929355089098,0.7630341059257107,0.055058829583199076,0.41650269666103695,0.2,1,0.7630341059257107,0.2,1,0.6765799002909031,0.2,1,0.8180929355089098,0.4,2,0.7627181483219465,0.2,1
COVER__test__22.pgm,22.pgm,COVER,0,UNKNOWN_OR_COVER,UNKNOWN,,HUGO,S-UNIWARD,MiPOD,HILL,WOW,,,0,0,0.8271104648382677,0.7706481649828926,0.0564622998553751,0.4212386697420249,0.2,1,0.7706481649828926,0.2,1,0.6827471536834961,0.6,3,0.8271104648382677,0.6,3,0.7685094069255297,0.6,3
COVER__test__220.pgm,220.pgm,COVER,0,UNKNOWN_OR_COVER,UNKNOWN,,HUGO,S-UNIWARD,MiPOD,HILL,WOW,,,0,0,0.8149631985128689,0.761981508498418,0.052981690014450966,0.41482947334715947,0.2,1,0.761981508498418,0.2,1,0.6728864995177207,0.2,1,0.8149631985128689,0.2,1,0.7580072090623368,0.2,1
COVER__test__2204.pgm,2204.pgm,COVER,0,UNKNOWN_OR_COVER,UNKNOWN,,HUGO,S-UNIWARD,MiPOD,HILL,WOW,,,0,0,0.8264505425426893,0.7700208958636428,0.0564296466790466,0.4250670892993701,0.2,1,0.7700208958636428,0.2,1,0.6821701499257365,0.4,2,0.8264505425426893,0.6,3,0.7685902614310324,0.4,2
COVER__test__2206.pgm,2206.pgm,COVER,0,UNKNOWN_OR_COVER,UNKNOWN,,MiPOD,S-UNIWARD,HUGO,HILL,WOW,,,0,0,0.8476522787017039,0.8286248379543801,0.019027440747323765,0.4959352114219433,0.2,1,0.8286248379543801,0.6,3,0.7366379183411585,0.2,1,0.824317197966011,0.4,2,0.8476522787017039,0.4,2
COVER__test__2235.pgm,2235.pgm,COVER,0,SINGLE_CANDIDATE,S-UNIWARD,,S-UNIWARD,MiPOD,HUGO,HILL,WOW,,S-UNIWARD,1,0,0.9008156936422702,0.8327131551246827,0.06810253851758752,0.5585683468739351,0.4,2,0.9008156936422702,0.6,3,0.7134404866738924,0.6,3,0.8321030476722647,0.8,4,0.8327131551246827,0.6,3
COVER__test__2240.pgm,2240.pgm,COVER,0,MULTI_CANDIDATE,S-UNIWARD,MiPOD,S-UNIWARD,MiPOD,WOW,HILL,HUGO,,"S-UNIWARD,MiPOD",2,0,0.9990305760613094,0.9354522012012165,0.06357837486009288,0.8544097885753361,0.8,4,0.9990305760613094,0.8,4,0.8394770077618663,0.8,4,0.8333531685758736,0.8,4,0.9354522012012165,0.8,4
COVER__test__2247.pgm,2247.pgm,COVER,0,UNKNOWN_OR_COVER,UNKNOWN,,HUGO,S-UNIWARD,MiPOD,HILL,WOW,,,0,0,0.8111608250843162,0.7588328781130664,0.05232794697124976,0.4139813096225787,0.2,1,0.7588328781130664,0.2,1,0.6722651541323025,0.2,1,0.8111608250843162,0.2,1,0.7577321924389133,0.2,1
COVER__test__2248.pgm,2248.pgm,COVER,0,UNKNOWN_OR_COVER,UNKNOWN,,HUGO,MiPOD,S-UNIWARD,HILL,WOW,,,0,0,0.8074060202626671,0.7585498355115873,0.04885618475107978,0.41384012466069436,0.2,1,0.7583715248120146,0.2,1,0.6714513591583429,0.2,1,0.8074060202626671,0.2,1,0.7585498355115873,0.0,0
COVER__test__225.pgm,225.pgm,COVER,0,SINGLE_CANDIDATE,S-UNIWARD,,S-UNIWARD,HUGO,MiPOD,HILL,WOW,,S-UNIWARD,1,0,1.0,0.8653693797845463,0.1346306202154537,0.6983178889468075,0.6,3,1.0,1.0,5,0.8412749022086261,0.6,3,0.8653693797845463,0.8,4,0.8623371011079397,0.8,4
COVER__test__2253.pgm,2253.pgm,COVER,0,UNKNOWN_OR_COVER,UNKNOWN,,HUGO,MiPOD,S-UNIWARD,HILL,WOW,,,0,0,0.813922000513678,0.762951353416734,0.05097064709694399,0.4161284475241981,0.2,1,0.7625839612644032,0.2,1,0.6765685432722199,0.4,2,0.813922000513678,0.4,2,0.762951353416734,0.4,2
COVER__test__2256.pgm,2256.pgm,COVER,0,UNKNOWN_OR_COVER,UNKNOWN,,HUGO,S-UNIWARD,MiPOD,HILL,WOW,,,0,0,0.8222517749928937,0.7786318174716265,0.04361995752126724,0.4565405697915218,0.2,1,0.7786318174716265,0.2,1,0.6808467925711221,0.4,2,0.8222517749928937,0.4,2,0.7677366790321686,0.4,2
COVER__test__226.pgm,226.pgm,COVER,0,SINGLE_CANDIDATE,HUGO,,HUGO,MiPOD,S-UNIWARD,HILL,WOW,,HUGO,1,0,0.9109902830002186,0.8515503044019661,0.05943997859825245,0.6007820357886021,0.4,2,0.8332577991725865,0.6,3,0.8292570056063671,0.6,3,0.9109902830002186,0.8,4,0.8515503044019661,0.8,4
COVER__test__2260.pgm,2260.pgm,COVER,0,UNKNOWN_OR_COVER,UNKNOWN,,HUGO,S-UNIWARD,MiPOD,HILL,WOW,,,0,0,0.8255814265501492,0.7683580754724719,0.05722335107767729,0.4166275343830044,0.2,1,0.7683580754724719,0.2,1,0.6756626318741341,0.4,2,0.8255814265501492,0.4,2,0.7624268289613777,0.4,2
COVER__test__2275.pgm,2275.pgm,COVER,0,UNKNOWN_OR_COVER,UNKNOWN,,HUGO,S-UNIWARD,MiPOD,HILL,WOW,,,0,0,0.7999606979417256,0.7646762264867557,0.035284471454969935,0.42587458512085963,0.2,1,0.7646762264867557,0.4,2,0.6685250358812076,0.4,2,0.7999606979417256,0.4,2,0.7579446877327377,0.4,2
COVER__test__228.pgm,228.pgm,COVER,0,UNKNOWN_OR_COVER,UNKNOWN,,HUGO,MiPOD,S-UNIWARD,HILL,WOW,,,0,0,0.8089063485114476,0.757749633663803,0.05115671484764461,0.4139871913704855,0.2,1,0.7564115879287829,0.2,1,0.6720493938512442,0.2,1,0.8089063485114476,0.0,0,0.757749633663803,0.0,0
COVER__test__2296.pgm,2296.pgm,COVER,0,MULTI_CANDIDATE,S-UNIWARD,HILL,S-UNIWARD,HILL,HUGO,MiPOD,WOW,,"S-UNIWARD,HILL,HUGO,MiPOD",4,0,1.0,1.0,0.0,0.8336293841381229,0.8,4,1.0,1.0,5,1.0,1.0,5,1.0,1.0,5,1.0,1.0,5
COVER__test__2297.pgm,2297.pgm,COVER,0,MULTI_CANDIDATE,WOW,S-UNIWARD,WOW,S-UNIWARD,HILL,HUGO,MiPOD,,"WOW,S-UNIWARD,HILL,HUGO,MiPOD",5,0,1.0,1.0,0.0,1.0,1.0,5,1.0,1.0,5,1.0,1.0,5,1.0,1.0,5,1.0,1.0,5
COVER__test__2326.pgm,2326.pgm,COVER,0,MULTI_CANDIDATE,MiPOD,HILL,MiPOD,HILL,S-UNIWARD,HUGO,WOW,,"MiPOD,HILL",2,0,0.9912146612165598,0.9008665401467614,0.09034812106979839,0.66898524787587,0.4,2,0.8320436938362399,0.6,3,0.9008665401467614,0.6,3,0.8254328392965367,0.6,3,0.9912146612165598,0.8,4
COVER__test__2329.pgm,2329.pgm,COVER,0,UNKNOWN_OR_COVER,UNKNOWN,,HUGO,S-UNIWARD,MiPOD,HILL,WOW,,,0,0,0.8072202243557701,0.7560919668714738,0.05112825748429628,0.4122236587887428,0.0,0,0.7560919668714738,0.0,0,0.6704462005009149,0.0,0,0.8072202243557701,0.2,1,0.7554494839285921,0.0,0
COVER__test__233.pgm,233.pgm,COVER,0,SINGLE_CANDIDATE,MiPOD,,MiPOD,HILL,HUGO,S-UNIWARD,WOW,,MiPOD,1,0,0.9229341210753426,0.8304112614905215,0.0925228595848211,0.5710946440582279,0.4,2,0.8192594326927193,0.4,2,0.8304112614905215,0.4,2,0.8285637884183525,0.4,2,0.9229341210753426,0.4,2
COVER__test__2338.pgm,2338.pgm,COVER,0,UNKNOWN_OR_COVER,UNKNOWN,,HUGO,MiPOD,S-UNIWARD,HILL,WOW,,,0,0,0.8053624314490484,0.7550747828406852,0.05028764860836321,0.41221877396427287,0.0,0,0.75309793097737,0.0,0,0.6715683489389704,0.0,0,0.8053624314490484,0.2,1,0.7550747828406852,0.0,0
COVER__test__2342.pgm,2342.pgm,COVER,0,UNKNOWN_OR_COVER,UNKNOWN,,HUGO,MiPOD,S-UNIWARD,HILL,WOW,,,0,0,0.8160578707227654,0.764936639773729,0.05112123094903631,0.42030712459500863,0.2,1,0.7600323622350815,0.2,1,0.6800301104530782,0.4,2,0.8160578707227654,0.4,2,0.764936639773729,0.6,3
COVER__test__2344.pgm,2344.pgm,COVER,0,UNKNOWN_OR_COVER,UNKNOWN,,HUGO,MiPOD,S-UNIWARD,HILL,WOW,,,0,0,0.8172900933197569,0.7644654903764934,0.05282460294326352,0.41885590198067363,0.2,1,0.7596052954403986,0.2,1,0.6791739117351947,0.4,2,0.8172900933197569,0.2,1,0.7644654903764934,0.4,2
COVER__test__2349.pgm,2349.pgm,COVER,0,SINGLE_CANDIDATE,S-UNIWARD,,S-UNIWARD,HUGO,MiPOD,HILL,WOW,,S-UNIWARD,1,0,0.9857048376141708,0.831707651707873,0.15399718590629785,0.5552629794634926,0.4,2,0.9857048376141708,0.6,3,0.7102371074026476,0.6,3,0.831707651707873,0.8,4,0.8308148317414246,0.6,3
COVER__test__2350.pgm,2350.pgm,COVER,0,UNKNOWN_OR_COVER,UNKNOWN,,HUGO,MiPOD,S-UNIWARD,HILL,WOW,,,0,0,0.8145374520199598,0.762946134096527,0.051591317923432745,0.41613968088413894,0.2,1,0.7587906337806529,0.2,1,0.6770894469813955,0.2,1,0.8145374520199598,0.2,1,0.762946134096527,0.2,1
COVER__test__2359.pgm,2359.pgm,COVER,0,UNKNOWN_OR_COVER,UNKNOWN,,HUGO,S-UNIWARD,MiPOD,HILL,WOW,,,0,0,0.8075954371939374,0.7614907555866254,0.04610468160731207,0.41212130669205516,0.2,1,0.7614907555866254,0.2,1,0.6683641389802781,0.4,2,0.8075954371939374,0.2,1,0.7532040518258257,0.4,2
COVER__test__2365.pgm,2365.pgm,COVER,0,UNKNOWN_OR_COVER,UNKNOWN,,HUGO,S-UNIWARD,MiPOD,HILL,WOW,,,0,0,0.8071061107528907,0.7563959281018506,0.0507101826510401,0.41248114948616904,0.0,0,0.7563959281018506,0.0,0,0.6720121451200852,0.2,1,0.8071061107528907,0.2,1,0.7561305291559761,0.2,1
COVER__test__237.pgm,237.pgm,COVER,0,MULTI_CANDIDATE,S-UNIWARD,HUGO,S-UNIWARD,HUGO,MiPOD,HILL,WOW,,"S-UNIWARD,HUGO,MiPOD",3,0,1.0,1.0,0.0,0.6939075901339831,0.6,3,1.0,1.0,5,0.8482169864614167,0.8,4,1.0,1.0,5,0.965440526568911,0.8,4
COVER__test__2372.pgm,2372.pgm,COVER,0,UNKNOWN_OR_COVER,UNKNOWN,,HUGO,MiPOD,S-UNIWARD,HILL,WOW,,,0,0,0.8120713606371955,0.7591904862013961,0.052880874435799474,0.41484527899617446,0.2,1,0.7578272055209403,0.2,1,0.6738679208222204,0.2,1,0.8120713606371955,0.0,0,0.7591904862013961,0.2,1
COVER__test__2373.pgm,2373.pgm,COVER,0,UNKNOWN_OR_COVER,UNKNOWN,,HUGO,S-UNIWARD,MiPOD,HILL,WOW,,,0,0,0.7995013899532253,0.754972131010324,0.04452925894290127,0.4098783532571767,0.2,1,0.754972131010324,0.2,1,0.6659751728176635,0.4,2,0.7995013899532253,0.2,1,0.7515358108318598,0.4,2
COVER__test__2375.pgm,2375.pgm,COVER,0,UNKNOWN_OR_COVER,UNKNOWN,,S-UNIWARD,HUGO,MiPOD,HILL,WOW,,,0,0,0.8327979625141587,0.8317744494924362,0.001023513021722544,0.5301846837101115,0.4,2,0.8327979625141587,0.4,2,0.6891767868241517,0.6,3,0.8317744494924362,0.8,4,0.7759799193220049,0.6,3
COVER__test__2376.pgm,2376.pgm,COVER,0,UNKNOWN_OR_COVER,UNKNOWN,,HUGO,MiPOD,S-UNIWARD,HILL,WOW,,,0,0,0.8156012873094906,0.7615029665806057,0.054098320728884874,0.41627524106477337,0.2,1,0.7595500244997968,0.2,1,0.6759623660914709,0.2,1,0.8156012873094906,0.0,0,0.7615029665806057,0.2,1
COVER__test__238.pgm,238.pgm,COVER,0,UNKNOWN_OR_COVER,UNKNOWN,,HUGO,S-UNIWARD,MiPOD,HILL,WOW,,,0,0,0.808088747096299,0.7562907450280077,0.051798002068291216,0.41273136610457595,0.2,1,0.7562907450280077,0.2,1,0.669734899410856,0.2,1,0.808088747096299,0.0,0,0.7549467103073356,0.2,1
COVER__test__2389.pgm,2389.pgm,COVER,0,UNKNOWN_OR_COVER,UNKNOWN,,HUGO,S-UNIWARD,MiPOD,HILL,WOW,,,0,0,0.827973873888671,0.7728258137310047,0.05514806015766638,0.42008880793632136,0.2,1,0.7728258137310047,0.2,1,0.6797425582151829,0.2,1,0.827973873888671,0.4,2,0.765862435018948,0.2,1
COVER__test__2391.pgm,2391.pgm,COVER,0,UNKNOWN_OR_COVER,UNKNOWN,,MiPOD,HUGO,S-UNIWARD,HILL,WOW,,,0,0,0.8393765319798925,0.8280882397489225,0.011288292230969943,0.5467922627205828,0.2,1,0.7789663719140842,0.4,2,0.7740828002831309,0.4,2,0.8280882397489225,0.6,3,0.8393765319798925,0.6,3
COVER__test__24.pgm,24.pgm,COVER,0,UNKNOWN_OR_COVER,UNKNOWN,,HUGO,S-UNIWARD,MiPOD,HILL,WOW,,,0,0,0.8266911176422816,0.7946484268348268,0.03204269080745481,0.42582760001482295,0.2,1,0.7946484268348268,0.2,1,0.6851729335300875,0.2,1,0.8266911176422816,0.6,3,0.7732082116624129,0.4,2
COVER__test__2421.pgm,2421.pgm,COVER,0,UNKNOWN_OR_COVER,UNKNOWN,,S-UNIWARD,HUGO,MiPOD,HILL,WOW,,,0,0,0.8387539076789026,0.8316826389940433,0.0070712686848593,0.4798288957851016,0.2,1,0.8387539076789026,0.6,3,0.721224740681415,0.6,3,0.8316826389940433,0.8,4,0.8076496532223137,0.6,3
COVER__test__2423.pgm,2423.pgm,COVER,0,SINGLE_CANDIDATE,S-UNIWARD,,S-UNIWARD,HUGO,MiPOD,HILL,WOW,,S-UNIWARD,1,0,0.9376056666689859,0.8416813025432296,0.09592436412575633,0.5654491956456317,0.4,2,0.9376056666689859,0.8,4,0.7042303778722451,0.6,3,0.8416813025432296,0.6,3,0.836773690102115,0.8,4
COVER__test__2427.pgm,2427.pgm,COVER,0,UNKNOWN_OR_COVER,UNKNOWN,,HUGO,MiPOD,S-UNIWARD,HILL,WOW,,,0,0,0.8102066636464441,0.7583106913667761,0.05189597227966802,0.4140405394375669,0.2,1,0.7576798359448541,0.2,1,0.6730593927464721,0.2,1,0.8102066636464441,0.2,1,0.7583106913667761,0.2,1
COVER__test__243.pgm,243.pgm,COVER,0,UNKNOWN_OR_COVER,UNKNOWN,,HUGO,S-UNIWARD,MiPOD,HILL,WOW,,,0,0,0.8246907127563181,0.818785025713194,0.005905687043124108,0.4409999325021463,0.2,1,0.818785025713194,0.4,2,0.6988702761484342,0.2,1,0.8246907127563181,0.6,3,0.7819599576916529,0.2,1
COVER__test__2430.pgm,2430.pgm,COVER,0,UNKNOWN_OR_COVER,UNKNOWN,,HUGO,S-UNIWARD,MiPOD,HILL,WOW,,,0,0,0.8262388981075833,0.7909011158670327,0.03533778224055062,0.43017638421771515,0.2,1,0.7909011158670327,0.4,2,0.6865843749939959,0.2,1,0.8262388981075833,0.4,2,0.7863024965639644,0.2,1
COVER__test__2441.pgm,2441.pgm,COVER,0,UNKNOWN_OR_COVER,UNKNOWN,,HUGO,S-UNIWARD,MiPOD,HILL,WOW,,,0,0,0.815945095500459,0.760549286999212,0.055395808501247035,0.4157117916719237,0.2,1,0.760549286999212,0.2,1,0.6753129159162997,0.2,1,0.815945095500459,0.2,1,0.7600485628357689,0.2,1
COVER__test__2449.pgm,2449.pgm,COVER,0,MULTI_CANDIDATE,S-UNIWARD,HILL,S-UNIWARD,HILL,MiPOD,HUGO,WOW,,"S-UNIWARD,HILL,MiPOD",3,0,1.0,1.0,0.0,0.8277226032725314,0.8,4,1.0,1.0,5,1.0,1.0,5,0.8317326841686643,0.8,4,1.0,1.0,5
COVER__test__2458.pgm,2458.pgm,COVER,0,SINGLE_CANDIDATE,S-UNIWARD,,S-UNIWARD,MiPOD,HUGO,HILL,WOW,,S-UNIWARD,1,0,1.0,0.863653232374235,0.13634676762576503,0.5994736349150777,0.4,2,1.0,1.0,5,0.7383206601282347,0.6,3,0.8544709419285297,0.8,4,0.863653232374235,0.8,4
COVER__test__246.pgm,246.pgm,COVER,0,UNKNOWN_OR_COVER,UNKNOWN,,HUGO,MiPOD,S-UNIWARD,HILL,WOW,,,0,0,0.8073261695207508,0.7578282735848328,0.04949789593591791,0.41363802766415836,0.2,1,0.7545465588060642,0.2,1,0.6730477740479972,0.2,1,0.8073261695207508,0.2,1,0.7578282735848328,0.2,1
COVER__test__2460.pgm,2460.pgm,COVER,0,SINGLE_CANDIDATE,S-UNIWARD,,S-UNIWARD,HUGO,MiPOD,HILL,WOW,,S-UNIWARD,1,0,0.9962045398874064,0.8314979712665218,0.16470656862088462,0.5464227284222702,0.4,2,0.9962045398874064,0.8,4,0.7061043748091358,0.6,3,0.8314979712665218,0.8,4,0.794231653535055,0.6,3
COVER__test__2462.pgm,2462.pgm,COVER,0,UNKNOWN_OR_COVER,UNKNOWN,,HUGO,MiPOD,S-UNIWARD,HILL,WOW,,,0,0,0.8168674696688729,0.762884012471841,0.0539834571970319,0.4167186306721436,0.2,1,0.7592470237462835,0.2,1,0.6773121391034327,0.2,1,0.8168674696688729,0.0,0,0.762884012471841,0.2,1
COVER__test__2468.pgm,2468.pgm,COVER,0,UNKNOWN_OR_COVER,UNKNOWN,,HUGO,MiPOD,S-UNIWARD,HILL,WOW,,,0,0,0.809954246187476,0.7594903650472136,0.050463881140262457,0.4141942766155041,0.0,0,0.7571450714748226,0.0,0,0.67438318460423,0.2,1,0.809954246187476,0.2,1,0.7594903650472136,0.0,0
COVER__test__2472.pgm,2472.pgm,COVER,0,UNKNOWN_OR_COVER,UNKNOWN,,HUGO,S-UNIWARD,MiPOD,HILL,WOW,,,0,0,0.828370983746719,0.8251971195030878,0.003173864243631197,0.4384975914450352,0.2,1,0.8251971195030878,0.4,2,0.6970398138093097,0.2,1,0.828370983746719,0.4,2,0.7842343836168817,0.2,1
COVER__test__2478.pgm,2478.pgm,COVER,0,UNKNOWN_OR_COVER,UNKNOWN,,HUGO,MiPOD,S-UNIWARD,HILL,WOW,,,0,0,0.8129866402886545,0.7616043725013378,0.05138226778731669,0.41548423457242656,0.2,1,0.757718883441068,0.2,1,0.6760140628414513,0.2,1,0.8129866402886545,0.2,1,0.7616043725013378,0.2,1
COVER__test__248.pgm,248.pgm,COVER,0,UNKNOWN_OR_COVER,UNKNOWN,,HUGO,MiPOD,S-UNIWARD,HILL,WOW,,,0,0,0.8063626900300344,0.7563375963990315,0.050025093631002826,0.41312321483405573,0.2,1,0.7541877872352738,0.2,1,0.6716723551803755,0.2,1,0.8063626900300344,0.0,0,0.7563375963990315,0.2,1
COVER__test__2480.pgm,2480.pgm,COVER,0,UNKNOWN_OR_COVER,UNKNOWN,,HUGO,MiPOD,S-UNIWARD,HILL,WOW,,,0,0,0.8156231246607668,0.7651831295558216,0.050439995104945234,0.4190927286139316,0.2,1,0.7596882531507062,0.2,1,0.6800277202086633,0.6,3,0.8156231246607668,0.4,2,0.7651831295558216,0.6,3
COVER__test__2487.pgm,2487.pgm,COVER,0,UNKNOWN_OR_COVER,UNKNOWN,,HUGO,S-UNIWARD,MiPOD,HILL,WOW,,,0,0,0.8290818603456553,0.7847832094397955,0.04429865090585983,0.4553647324577354,0.2,1,0.7847832094397955,0.2,1,0.6836677364092506,0.4,2,0.8290818603456553,0.4,2,0.7676931030823917,0.4,2
COVER__test__249.pgm,249.pgm,COVER,0,MULTI_CANDIDATE,HUGO,S-UNIWARD,HUGO,S-UNIWARD,MiPOD,WOW,HILL,,"HUGO,S-UNIWARD",2,0,1.0,0.9543628302504026,0.04563716974959742,0.7176603541889236,0.4,2,0.9543628302504026,0.6,3,0.6273522649317895,0.4,2,1.0,1.0,5,0.7834096835088626,0.4,2
COVER__test__250.pgm,250.pgm,COVER,0,MULTI_CANDIDATE,HILL,MiPOD,HILL,MiPOD,S-UNIWARD,HUGO,WOW,,"HILL,MiPOD",2,0,1.0,1.0,0.0,0.8204072351408701,0.6,3,0.8677633019356321,0.8,4,1.0,1.0,5,0.8506859156945004,0.8,4,1.0,1.0,5
COVER__test__2504.pgm,2504.pgm,COVER,0,UNKNOWN_OR_COVER,UNKNOWN,,HUGO,S-UNIWARD,MiPOD,HILL,WOW,,,0,0,0.8247922076002743,0.76760283862846,0.05718936897181426,0.42396919061916305,0.2,1,0.76760283862846,0.2,1,0.6819388237577686,0.6,3,0.8247922076002743,0.4,2,0.7668544522422963,0.6,3
COVER__test__2509.pgm,2509.pgm,COVER,0,UNKNOWN_OR_COVER,UNKNOWN,,HUGO,MiPOD,S-UNIWARD,HILL,WOW,,,0,0,0.8104574340429187,0.7601967467464841,0.050260687296434625,0.41452898405238897,0.0,0,0.7553515931840734,0.0,0,0.6757758917048391,0.0,0,0.8104574340429187,0.2,1,0.7601967467464841,0.0,0
COVER__test__251.pgm,251.pgm,COVER,0,SINGLE_CANDIDATE,S-UNIWARD,,S-UNIWARD,HILL,MiPOD,HUGO,WOW,,S-UNIWARD,1,0,0.9293639867034116,0.8357212351187974,0.09364275158461421,0.790992795534097,0.4,2,0.9293639867034116,0.6,3,0.8357212351187974,0.6,3,0.8095361353578584,0.6,3,0.8299424264049629,0.6,3
COVER__test__2513.pgm,2513.pgm,COVER,0,UNKNOWN_OR_COVER,UNKNOWN,,HUGO,S-UNIWARD,MiPOD,HILL,WOW,,,0,0,0.8125023255344654,0.7606897684456312,0.051812557088834255,0.41498780314637623,0.2,1,0.7606897684456312,0.2,1,0.6748599583432482,0.4,2,0.8125023255344654,0.2,1,0.760018438054473,0.4,2
COVER__test__2523.pgm,2523.pgm,COVER,0,UNKNOWN_OR_COVER,UNKNOWN,,HUGO,MiPOD,S-UNIWARD,HILL,WOW,,,0,0,0.8115592410275122,0.7595916889438388,0.05196755208367343,0.4146003538172865,0.0,0,0.7587258222246699,0.2,1,0.6742836886884609,0.2,1,0.8115592410275122,0.2,1,0.7595916889438388,0.0,0
COVER__test__2525.pgm,2525.pgm,COVER,0,UNKNOWN_OR_COVER,UNKNOWN,,HUGO,S-UNIWARD,MiPOD,HILL,WOW,,,0,0,0.8311938927296625,0.7709499812083289,0.06024391152133357,0.4236338550067137,0.2,1,0.7709499812083289,0.2,1,0.6828670140608728,0.4,2,0.8311938927296625,0.6,3,0.7680798779598589,0.4,2
COVER__test__254.pgm,254.pgm,COVER,0,MULTI_CANDIDATE,S-UNIWARD,HUGO,S-UNIWARD,HUGO,MiPOD,HILL,WOW,,"S-UNIWARD,HUGO,MiPOD,HILL",4,0,1.0,1.0,0.0,0.8244332683833926,0.8,4,1.0,1.0,5,0.9692058508979745,0.8,4,1.0,1.0,5,1.0,1.0,5
COVER__test__2554.pgm,2554.pgm,COVER,0,UNKNOWN_OR_COVER,UNKNOWN,,HUGO,MiPOD,S-UNIWARD,HILL,WOW,,,0,0,0.8083237041495396,0.7580672335680863,0.05025647058145333,0.4140380672131747,0.2,1,0.7545198249870991,0.2,1,0.6735329876651499,0.2,1,0.8083237041495396,0.0,0,0.7580672335680863,0.2,1
COVER__test__2559.pgm,2559.pgm,COVER,0,MULTI_CANDIDATE,WOW,S-UNIWARD,WOW,S-UNIWARD,HILL,MiPOD,HUGO,,"WOW,S-UNIWARD,HILL,MiPOD,HUGO",5,0,1.0,1.0,0.0,1.0,1.0,5,1.0,1.0,5,1.0,1.0,5,0.9989551846238867,0.8,4,1.0,1.0,5
COVER__test__2567.pgm,2567.pgm,COVER,0,UNKNOWN_OR_COVER,UNKNOWN,,HUGO,S-UNIWARD,MiPOD,HILL,WOW,,,0,0,0.8195546065126305,0.7752602200918046,0.04429438642082584,0.44025203824759807,0.2,1,0.7752602200918046,0.2,1,0.6816542082929352,0.6,3,0.8195546065126305,0.6,3,0.7692987142318547,0.6,3
COVER__test__257.pgm,257.pgm,COVER,0,UNKNOWN_OR_COVER,UNKNOWN,,HILL,MiPOD,S-UNIWARD,HUGO,WOW,,,0,0,0.8654229160247304,0.8572144841752086,0.008208431849521802,0.597072904407004,0.4,2,0.8376697864008976,0.8,4,0.8654229160247304,0.8,4,0.8320645980710047,0.8,4,0.8572144841752086,0.8,4
COVER__test__2570.pgm,2570.pgm,COVER,0,UNKNOWN_OR_COVER,UNKNOWN,,HUGO,S-UNIWARD,MiPOD,HILL,WOW,,,0,0,0.8382742616495052,0.7802737182816408,0.05800054336786442,0.43598759073946425,0.2,1,0.7802737182816408,0.4,2,0.68289870477383,0.6,3,0.8382742616495052,0.6,3,0.7712556832049703,0.6,3
COVER__test__2576.pgm,2576.pgm,COVER,0,UNKNOWN_OR_COVER,UNKNOWN,,MiPOD,HUGO,S-UNIWARD,HILL,WOW,,,0,0,0.8926849846029107,0.8450660303163453,0.047618954286565374,0.5673857096579351,0.2,1,0.8331959625031058,0.8,4,0.7678691824273656,0.4,2,0.8450660303163453,0.6,3,0.8926849846029107,0.6,3
COVER__test__259.pgm,259.pgm,COVER,0,UNKNOWN_OR_COVER,UNKNOWN,,HUGO,S-UNIWARD,MiPOD,HILL,WOW,,,0,0,0.8258895358918148,0.7811461235676977,0.04474341232411705,0.43758858382337423,0.2,1,0.7811461235676977,0.2,1,0.6834247047414447,0.6,3,0.8258895358918148,0.6,3,0.7720894872934734,0.6,3
COVER__test__2592.pgm,2592.pgm,COVER,0,UNKNOWN_OR_COVER,UNKNOWN,,HUGO,S-UNIWARD,MiPOD,HILL,WOW,,,0,0,0.805399857303659,0.7554213210890701,0.04997853621458892,0.41219052670073353,0.2,1,0.7554213210890701,0.2,1,0.6693381565783394,0.2,1,0.805399857303659,0.0,0,0.7547431890009486,0.2,1
COVER__test__2594.pgm,2594.pgm,COVER,0,UNKNOWN_OR_COVER,UNKNOWN,,HUGO,S-UNIWARD,MiPOD,HILL,WOW,,,0,0,0.822021549991644,0.7681556622405779,0.053865887751066155,0.41879677895522854,0.2,1,0.7681556622405779,0.2,1,0.6789448566074773,0.2,1,0.822021549991644,0.4,2,0.7666934925022435,0.2,1
COVER__test__2596.pgm,2596.pgm,COVER,0,MULTI_CANDIDATE,HILL,S-UNIWARD,HILL,S-UNIWARD,WOW,MiPOD,HUGO,,"HILL,S-UNIWARD,WOW,MiPOD",4,0,0.9943007839776665,0.9940573011852021,0.00024348279246444449,0.9939155450415406,0.8,4,0.9940573011852021,0.8,4,0.9943007839776665,0.8,4,0.8304443688707435,0.8,4,0.993705945199902,0.8,4
COVER__test__2597.pgm,2597.pgm,COVER,0,UNKNOWN_OR_COVER,UNKNOWN,,HUGO,S-UNIWARD,MiPOD,HILL,WOW,,,0,0,0.8095274678932629,0.7589759617950473,0.05055150609821557,0.41367816847440525,0.2,1,0.7589759617950473,0.2,1,0.6725308676597649,0.4,2,0.8095274678932629,0.2,1,0.7578918688875441,0.4,2
COVER__test__2605.pgm,2605.pgm,COVER,0,SINGLE_CANDIDATE,HUGO,,HUGO,MiPOD,S-UNIWARD,HILL,WOW,,HUGO,1,0,0.9109939233948833,0.8665922134674335,0.04440170992744974,0.5495901506206409,0.2,1,0.8312026158719178,0.4,2,0.7914692954302496,0.4,2,0.9109939233948833,0.6,3,0.8665922134674335,0.4,2
COVER__test__2609.pgm,2609.pgm,COVER,0,UNKNOWN_OR_COVER,UNKNOWN,,HUGO,S-UNIWARD,MiPOD,HILL,WOW,,,0,0,0.8045087665465485,0.754359455394297,0.05014931115225141,0.41204165027083606,0.2,1,0.754359455394297,0.2,1,0.6695127684106751,0.2,1,0.8045087665465485,0.0,0,0.7543444978694388,0.2,1
COVER__test__2614.pgm,2614.pgm,COVER,0,UNKNOWN_OR_COVER,UNKNOWN,,MiPOD,HUGO,S-UNIWARD,HILL,WOW,,,0,0,0.8420541045792443,0.8323488880531744,0.009705216526069926,0.4832115429726754,0.2,1,0.7942284897016489,0.4,2,0.7232575444866766,0.6,3,0.8323488880531744,0.8,4,0.8420541045792443,0.8,4
COVER__test__2619.pgm,2619.pgm,COVER,0,UNKNOWN_OR_COVER,UNKNOWN,,HUGO,MiPOD,S-UNIWARD,HILL,WOW,,,0,0,0.814440181729849,0.7632700973708475,0.0511700843590015,0.4216636616172044,0.2,1,0.758329318130157,0.2,1,0.6784423972266711,0.4,2,0.814440181729849,0.2,1,0.7632700973708475,0.4,2
COVER__test__2632.pgm,2632.pgm,COVER,0,UNKNOWN_OR_COVER,UNKNOWN,,HUGO,MiPOD,S-UNIWARD,HILL,WOW,,,0,0,0.8079447186312656,0.7573516970967944,0.050593021534471205,0.4139331822113146,0.2,1,0.7546466637861877,0.2,1,0.672567164916855,0.2,1,0.8079447186312656,0.0,0,0.7573516970967944,0.2,1
COVER__test__264.pgm,264.pgm,COVER,0,UNKNOWN_OR_COVER,UNKNOWN,,S-UNIWARD,HILL,MiPOD,HUGO,WOW,,,0,0,0.8714631043063111,0.8415407924232902,0.02992231188302097,0.6677019689416721,0.6,3,0.8714631043063111,0.4,2,0.8415407924232902,0.6,3,0.8191329512285861,0.4,2,0.8362824490031711,0.6,3
COVER__test__2642.pgm,2642.pgm,COVER,0,UNKNOWN_OR_COVER,UNKNOWN,,HUGO,MiPOD,S-UNIWARD,HILL,WOW,,,0,0,0.8095220079083072,0.7591313490657783,0.05039065884252891,0.4143019304999819,0.2,1,0.7588152169020583,0.2,1,0.6740485990028813,0.4,2,0.8095220079083072,0.2,1,0.7591313490657783,0.4,2
COVER__test__2647.pgm,2647.pgm,COVER,0,UNKNOWN_OR_COVER,UNKNOWN,,HILL,MiPOD,S-UNIWARD,HUGO,WOW,,,0,0,0.8804494848401017,0.8703557110714503,0.010093773768651393,0.6106677014943706,0.4,2,0.83582202678697,0.6,3,0.8804494848401017,0.8,4,0.8314979712665218,0.8,4,0.8703557110714503,0.8,4
COVER__test__2670.pgm,2670.pgm,COVER,0,UNKNOWN_OR_COVER,UNKNOWN,,HUGO,S-UNIWARD,MiPOD,HILL,WOW,,,0,0,0.8101194076930955,0.7584646496279116,0.05165475806518394,0.41366714772997604,0.2,1,0.7584646496279116,0.2,1,0.6715569352112088,0.2,1,0.8101194076930955,0.2,1,0.7574080735886881,0.2,1
COVER__test__2674.pgm,2674.pgm,COVER,0,UNKNOWN_OR_COVER,UNKNOWN,,MiPOD,HUGO,S-UNIWARD,HILL,WOW,,,0,0,0.8700161343766684,0.822855375473916,0.0471607589027524,0.5784576296145015,0.0,0,0.8187571773911817,0.4,2,0.804749017536051,0.4,2,0.822855375473916,0.6,3,0.8700161343766684,0.4,2
COVER__test__2676.pgm,2676.pgm,COVER,0,UNKNOWN_OR_COVER,UNKNOWN,,HUGO,MiPOD,S-UNIWARD,HILL,WOW,,,0,0,0.8128982944985547,0.7615715985763403,0.051326695922214394,0.41560717793144447,0.2,1,0.7572393985150601,0.2,1,0.6763984488592508,0.2,1,0.8128982944985547,0.2,1,0.7615715985763403,0.2,1
COVER__test__268.pgm,268.pgm,COVER,0,MULTI_CANDIDATE,WOW,S-UNIWARD,WOW,S-UNIWARD,HILL,HUGO,MiPOD,,"WOW,S-UNIWARD,HILL,HUGO,MiPOD",5,0,1.0,1.0,0.0,1.0,1.0,5,1.0,1.0,5,1.0,1.0,5,1.0,1.0,5,1.0,1.0,5
COVER__test__2680.pgm,2680.pgm,COVER,0,UNKNOWN_OR_COVER,UNKNOWN,,HUGO,MiPOD,S-UNIWARD,HILL,WOW,,,0,0,0.8145065638870221,0.783187091481329,0.031319472405693105,0.4244012344260148,0.2,1,0.7723415478749949,0.4,2,0.6807075598484278,0.2,1,0.8145065638870221,0.4,2,0.783187091481329,0.2,1
COVER__test__2685.pgm,2685.pgm,COVER,0,UNKNOWN_OR_COVER,UNKNOWN,,HUGO,S-UNIWARD,MiPOD,HILL,WOW,,,0,0,0.8317373222580672,0.7950446402413386,0.036692682016728595,0.43146979401674573,0.2,1,0.7950446402413386,0.2,1,0.6898667148064869,0.4,2,0.8317373222580672,0.8,4,0.7775190001623937,0.6,3
COVER__test__2687.pgm,2687.pgm,COVER,0,UNKNOWN_OR_COVER,UNKNOWN,,HUGO,MiPOD,S-UNIWARD,HILL,WOW,,,0,0,0.8082683567753097,0.7576735426090969,0.05059481416621281,0.41428236546433733,0.2,1,0.7540169941611943,0.2,1,0.6730861681152194,0.2,1,0.8082683567753097,0.0,0,0.7576735426090969,0.2,1
COVER__test__2690.pgm,2690.pgm,COVER,0,UNKNOWN_OR_COVER,UNKNOWN,,MiPOD,S-UNIWARD,HUGO,HILL,WOW,,,0,0,0.8784780249864731,0.864847153783064,0.013630871203409112,0.6070753938394953,0.2,1,0.864847153783064,0.8,4,0.759712792387292,0.6,3,0.8318330117934247,0.8,4,0.8784780249864731,0.8,4
COVER__test__2692.pgm,2692.pgm,COVER,0,UNKNOWN_OR_COVER,UNKNOWN,,MiPOD,HUGO,S-UNIWARD,HILL,WOW,,,0,0,0.8261455205178357,0.8251950177186853,0.0009505027991504322,0.4464960390030789,0.2,1,0.7933354465949187,0.4,2,0.6980112088492881,0.2,1,0.8251950177186853,0.4,2,0.8261455205178357,0.2,1
COVER__test__2696.pgm,2696.pgm,COVER,0,UNKNOWN_OR_COVER,UNKNOWN,,HUGO,MiPOD,S-UNIWARD,HILL,WOW,,,0,0,0.8197703075541654,0.7642361094218899,0.05553419813227545,0.41731920995138355,0.2,1,0.7624438652853385,0.2,1,0.6781095315742237,0.2,1,0.8197703075541654,0.4,2,0.7642361094218899,0.2,1
COVER__test__2697.pgm,2697.pgm,COVER,0,UNKNOWN_OR_COVER,UNKNOWN,,HUGO,S-UNIWARD,MiPOD,HILL,WOW,,,0,0,0.8098932116918516,0.7709074916954537,0.03898571999639788,0.41644086485582277,0.2,1,0.7709074916954537,0.4,2,0.6739027136387845,0.4,2,0.8098932116918516,0.4,2,0.7633311624499998,0.4,2
COVER__test__2699.pgm,2699.pgm,COVER,0,MULTI_CANDIDATE,WOW,S-UNIWARD,WOW,S-UNIWARD,HILL,HUGO,MiPOD,,"WOW,S-UNIWARD,HILL,HUGO,MiPOD",5,0,1.0,1.0,0.0,1.0,1.0,5,1.0,1.0,5,1.0,1.0,5,1.0,1.0,5,1.0,1.0,5
COVER__test__270.pgm,270.pgm,COVER,0,MULTI_CANDIDATE,HUGO,MiPOD,HUGO,MiPOD,HILL,S-UNIWARD,WOW,,"HUGO,MiPOD,HILL,S-UNIWARD",4,0,1.0,1.0,0.0,0.8232798582254508,0.8,4,0.9215815467938379,0.6,3,0.9504972749275747,0.8,4,1.0,1.0,5,1.0,1.0,5
COVER__test__2702.pgm,2702.pgm,COVER,0,UNKNOWN_OR_COVER,UNKNOWN,,HUGO,MiPOD,S-UNIWARD,HILL,WOW,,,0,0,0.8298770437349571,0.8276348862458278,0.0022421574891292595,0.48773274633567565,0.2,1,0.826656544214701,0.4,2,0.746235865024582,0.2,1,0.8298770437349571,0.6,3,0.8276348862458278,0.2,1
COVER__test__2707.pgm,2707.pgm,COVER,0,UNKNOWN_OR_COVER,UNKNOWN,,HUGO,S-UNIWARD,MiPOD,HILL,WOW,,,0,0,0.8192448626248895,0.7923447849746623,0.026900077650227172,0.5107315687287123,0.2,1,0.7923447849746623,0.2,1,0.6799446607822047,0.6,3,0.8192448626248895,0.4,2,0.7633726335901878,0.6,3
COVER__test__271.pgm,271.pgm,COVER,0,SINGLE_CANDIDATE,HUGO,,HUGO,S-UNIWARD,MiPOD,WOW,HILL,,HUGO,1,0,0.9797383694858268,0.8766639068254178,0.10307446266040898,0.741986771868184,0.6,3,0.8766639068254178,0.6,3,0.7134900521278504,0.6,3,0.9797383694858268,0.8,4,0.8362649010001533,0.8,4
COVER__test__2718.pgm,2718.pgm,COVER,0,UNKNOWN_OR_COVER,UNKNOWN,,HUGO,MiPOD,S-UNIWARD,HILL,WOW,,,0,0,0.8144042773679561,0.7609549832809448,0.05344929408701127,0.4157696868202777,0.2,1,0.7595697504072243,0.2,1,0.6747692661541704,0.2,1,0.8144042773679561,0.2,1,0.7609549832809448,0.2,1
COVER__test__273.pgm,273.pgm,COVER,0,UNKNOWN_OR_COVER,UNKNOWN,,HUGO,MiPOD,S-UNIWARD,HILL,WOW,,,0,0,0.8131870139197966,0.7616586800888809,0.05152833383091571,0.4156664998304416,0.2,1,0.7578182165339478,0.2,1,0.6756977699605267,0.2,1,0.8131870139197966,0.0,0,0.7616586800888809,0.2,1
COVER__test__2744.pgm,2744.pgm,COVER,0,UNKNOWN_OR_COVER,UNKNOWN,,HUGO,S-UNIWARD,MiPOD,HILL,WOW,,,0,0,0.8315108624290748,0.7883250094516249,0.04318585297744992,0.4263584783569653,0.2,1,0.7883250094516249,0.2,1,0.6884726631070132,0.6,3,0.8315108624290748,0.8,4,0.7750968227445874,0.6,3
COVER__test__2760.pgm,2760.pgm,COVER,0,UNKNOWN_OR_COVER,UNKNOWN,,HUGO,MiPOD,S-UNIWARD,HILL,WOW,,,0,0,0.8187537878397337,0.7739329507584666,0.04482083708126716,0.4230464891833702,0.2,1,0.7716298433481722,0.4,2,0.6818718782140999,0.4,2,0.8187537878397337,0.4,2,0.7739329507584666,0.4,2
COVER__test__2766.pgm,2766.pgm,COVER,0,UNKNOWN_OR_COVER,UNKNOWN,,MiPOD,HUGO,S-UNIWARD,HILL,WOW,,,0,0,0.8451334552621358,0.8327637689549657,0.012369686307170058,0.4634944008468535,0.2,1,0.8314934797994222,0.6,3,0.717790871225869,0.6,3,0.8327637689549657,0.8,4,0.8451334552621358,0.6,3
COVER__test__2767.pgm,2767.pgm,COVER,0,MULTI_CANDIDATE,WOW,S-UNIWARD,WOW,S-UNIWARD,HILL,HUGO,MiPOD,,"WOW,S-UNIWARD,HILL,HUGO,MiPOD",5,0,1.0,1.0,0.0,1.0,1.0,5,1.0,1.0,5,1.0,1.0,5,1.0,1.0,5,1.0,1.0,5
COVER__test__2777.pgm,2777.pgm,COVER,0,MULTI_CANDIDATE,HUGO,MiPOD,HUGO,MiPOD,HILL,S-UNIWARD,WOW,,"HUGO,MiPOD,HILL",3,0,1.0,0.9774669171338125,0.022533082866187493,0.8599353586282078,0.6,3,0.8636710410418523,0.6,3,0.9162606060557126,0.8,4,1.0,1.0,5,0.9774669171338125,0.8,4
COVER__test__2782.pgm,2782.pgm,COVER,0,MULTI_CANDIDATE,HUGO,S-UNIWARD,HUGO,S-UNIWARD,MiPOD,HILL,WOW,,"HUGO,S-UNIWARD",2,0,0.9977697650497461,0.9062435713787783,0.09152619367096781,0.5088339203354633,0.2,1,0.9062435713787783,0.2,1,0.6011116372460807,0.4,2,0.9977697650497461,0.8,4,0.7498704762180287,0.4,2
COVER__test__2783.pgm,2783.pgm,COVER,0,MULTI_CANDIDATE,HUGO,MiPOD,HUGO,MiPOD,HILL,S-UNIWARD,WOW,,"HUGO,MiPOD,HILL,S-UNIWARD",4,0,1.0,1.0,0.0,0.8585632683608582,0.8,4,0.9068807984638291,0.8,4,0.9918390081876802,0.8,4,1.0,1.0,5,1.0,1.0,5
COVER__test__2788.pgm,2788.pgm,COVER,0,MULTI_CANDIDATE,HUGO,MiPOD,HUGO,MiPOD,HILL,S-UNIWARD,WOW,,"HUGO,MiPOD",2,0,0.9966538494443536,0.9873697709340412,0.009284078510312432,0.6464352781268289,0.4,2,0.8324229283170835,0.6,3,0.8880483217891143,0.6,3,0.9966538494443536,0.8,4,0.9873697709340412,0.6,3
COVER__test__2789.pgm,2789.pgm,COVER,0,SINGLE_CANDIDATE,MiPOD,,MiPOD,HILL,S-UNIWARD,HUGO,WOW,,MiPOD,1,0,0.950344560854807,0.8449248578319807,0.10541970302282633,0.6024987986884656,0.2,1,0.8311741577156454,0.6,3,0.8449248578319807,0.4,2,0.8275336048581965,0.6,3,0.950344560854807,0.6,3
COVER__test__28.pgm,28.pgm,COVER,0,SINGLE_CANDIDATE,MiPOD,,MiPOD,HUGO,S-UNIWARD,HILL,WOW,,MiPOD,1,0,0.9046081806271291,0.8313569565320442,0.07325122409508489,0.5721470023795994,0.2,1,0.8310993256677894,0.6,3,0.8084980014330393,0.4,2,0.8313569565320442,0.6,3,0.9046081806271291,0.6,3
COVER__test__280.pgm,280.pgm,COVER,0,MULTI_CANDIDATE,HILL,MiPOD,HILL,MiPOD,S-UNIWARD,HUGO,WOW,,"HILL,MiPOD",2,0,1.0,1.0,0.0,0.8223149980071947,0.6,3,0.8518260612898226,0.8,4,1.0,1.0,5,0.8467576132363976,0.8,4,1.0,1.0,5
COVER__test__282.pgm,282.pgm,COVER,0,SINGLE_CANDIDATE,S-UNIWARD,,S-UNIWARD,MiPOD,HUGO,HILL,WOW,,S-UNIWARD,1,0,0.9219042776868381,0.829837042560578,0.09206723512626014,0.6364905875325384,0.2,1,0.9219042776868381,0.4,2,0.729538100243147,0.4,2,0.8095195723936801,0.6,3,0.829837042560578,0.6,3
COVER__test__2831.pgm,2831.pgm,COVER,0,SINGLE_CANDIDATE,MiPOD,,MiPOD,HILL,S-UNIWARD,HUGO,WOW,,MiPOD,1,0,0.942348525167063,0.8736010199921743,0.0687475051748887,0.7234814383587481,0.2,1,0.8474731721809391,0.8,4,0.8736010199921743,0.6,3,0.8318832963938856,0.8,4,0.942348525167063,0.8,4
COVER__test__2835.pgm,2835.pgm,COVER,0,MULTI_CANDIDATE,HILL,S-UNIWARD,HILL,S-UNIWARD,WOW,MiPOD,HUGO,,"HILL,S-UNIWARD,WOW,MiPOD",4,0,0.9943009113712297,0.9940574284191254,0.00024348295210430138,0.9939156721825212,0.8,4,0.9940574284191254,0.8,4,0.9943009113712297,0.8,4,0.8304443888316339,0.8,4,0.9937060722034581,0.8,4
COVER__test__2839.pgm,2839.pgm,COVER,0,UNKNOWN_OR_COVER,UNKNOWN,,HUGO,MiPOD,S-UNIWARD,HILL,WOW,,,0,0,0.8092261030098866,0.7585404317432246,0.050685671266662014,0.4141151268424189,0.0,0,0.7559304752580104,0.0,0,0.6731172913001359,0.2,1,0.8092261030098866,0.0,0,0.7585404317432246,0.0,0
COVER__test__2852.pgm,2852.pgm,COVER,0,UNKNOWN_OR_COVER,UNKNOWN,,HUGO,S-UNIWARD,MiPOD,HILL,WOW,,,0,0,0.8318888878390197,0.8225815788815878,0.009307308957431926,0.5237461265132007,0.4,2,0.8225815788815878,0.2,1,0.6845325290176143,0.6,3,0.8318888878390197,0.8,4,0.7708703676958746,0.6,3
COVER__test__2855.pgm,2855.pgm,COVER,0,UNKNOWN_OR_COVER,UNKNOWN,,HUGO,S-UNIWARD,MiPOD,HILL,WOW,,,0,0,0.8243211820475187,0.8081264625053123,0.016194719542206415,0.5212599877653499,0.2,1,0.8081264625053123,0.0,0,0.6824739112811435,0.4,2,0.8243211820475187,0.6,3,0.7692036805296691,0.4,2
COVER__test__2859.pgm,2859.pgm,COVER,0,UNKNOWN_OR_COVER,UNKNOWN,,S-UNIWARD,HUGO,MiPOD,HILL,WOW,,,0,0,0.8421806676074233,0.8387441062946832,0.0034365613127400607,0.5226701557147182,0.2,1,0.8421806676074233,0.4,2,0.739225917460737,0.6,3,0.8387441062946832,0.8,4,0.8192212828267091,0.6,3
COVER__test__286.pgm,286.pgm,COVER,0,MULTI_CANDIDATE,WOW,S-UNIWARD,WOW,S-UNIWARD,HILL,HUGO,MiPOD,,"WOW,S-UNIWARD,HILL,HUGO,MiPOD",5,0,1.0,1.0,0.0,1.0,1.0,5,1.0,1.0,5,1.0,1.0,5,1.0,1.0,5,1.0,1.0,5
COVER__test__2864.pgm,2864.pgm,COVER,0,MULTI_CANDIDATE,MiPOD,HILL,MiPOD,HILL,S-UNIWARD,HUGO,WOW,,"MiPOD,HILL",2,0,1.0,0.9310359793052075,0.06896402069479246,0.7105014620315326,0.4,2,0.8338526187787949,0.6,3,0.9310359793052075,0.6,3,0.832356453046436,0.8,4,1.0,1.0,5
COVER__test__2867.pgm,2867.pgm,COVER,0,MULTI_CANDIDATE,WOW,S-UNIWARD,WOW,S-UNIWARD,HILL,HUGO,MiPOD,,"WOW,S-UNIWARD,HILL,HUGO,MiPOD",5,0,1.0,1.0,0.0,1.0,1.0,5,1.0,1.0,5,1.0,1.0,5,1.0,1.0,5,1.0,1.0,5
COVER__test__2875.pgm,2875.pgm,COVER,0,MULTI_CANDIDATE,WOW,S-UNIWARD,WOW,S-UNIWARD,HILL,HUGO,MiPOD,,"WOW,S-UNIWARD,HILL,HUGO,MiPOD",5,0,1.0,1.0,0.0,1.0,1.0,5,1.0,1.0,5,1.0,1.0,5,1.0,1.0,5,1.0,1.0,5
COVER__test__2878.pgm,2878.pgm,COVER,0,MULTI_CANDIDATE,WOW,S-UNIWARD,WOW,S-UNIWARD,HILL,HUGO,MiPOD,,"WOW,S-UNIWARD,HILL,HUGO,MiPOD",5,0,1.0,1.0,0.0,1.0,1.0,5,1.0,1.0,5,1.0,1.0,5,1.0,1.0,5,1.0,1.0,5
COVER__test__2880.pgm,2880.pgm,COVER,0,MULTI_CANDIDATE,WOW,S-UNIWARD,WOW,S-UNIWARD,HILL,HUGO,MiPOD,,"WOW,S-UNIWARD,HILL,HUGO,MiPOD",5,0,1.0,1.0,0.0,1.0,1.0,5,1.0,1.0,5,1.0,1.0,5,1.0,1.0,5,1.0,1.0,5
COVER__test__2882.pgm,2882.pgm,COVER,0,MULTI_CANDIDATE,S-UNIWARD,HILL,S-UNIWARD,HILL,HUGO,MiPOD,WOW,,"S-UNIWARD,HILL,HUGO,MiPOD,WOW",5,0,1.0,1.0,0.0,0.9472363686007317,0.8,4,1.0,1.0,5,1.0,1.0,5,1.0,1.0,5,0.9913811944154339,0.8,4
COVER__test__2891.pgm,2891.pgm,COVER,0,SINGLE_CANDIDATE,MiPOD,,MiPOD,HILL,HUGO,S-UNIWARD,WOW,,MiPOD,1,0,0.9295992747823039,0.8377366397423615,0.09186263503994241,0.5746135243873498,0.4,2,0.8217724420118863,0.4,2,0.8377366397423615,0.6,3,0.8315228381894336,0.8,4,0.9295992747823039,0.8,4
COVER__test__29.pgm,29.pgm,COVER,0,SINGLE_CANDIDATE,S-UNIWARD,,S-UNIWARD,WOW,MiPOD,HILL,HUGO,,S-UNIWARD,1,0,1.0,0.8991178879277621,0.10088211207223785,0.8991178879277621,0.6,3,1.0,1.0,5,0.8451218554398257,0.6,3,0.762916570050204,0.6,3,0.8973045550524615,0.8,4
COVER__test__2902.pgm,2902.pgm,COVER,0,SINGLE_CANDIDATE,HILL,,HILL,MiPOD,HUGO,S-UNIWARD,WOW,,HILL,1,0,0.9056714959924518,0.8921449285910853,0.013526567401366485,0.6544957189002886,0.4,2,0.8347615788480592,0.8,4,0.9056714959924518,0.6,3,0.8370656950721849,0.6,3,0.8921449285910853,0.6,3
COVER__test__2914.pgm,2914.pgm,COVER,0,MULTI_CANDIDATE,WOW,S-UNIWARD,WOW,S-UNIWARD,HILL,MiPOD,HUGO,,"WOW,S-UNIWARD,HILL,MiPOD,HUGO",5,0,1.0,1.0,0.0,1.0,1.0,5,1.0,1.0,5,1.0,1.0,5,0.9499481874997826,0.8,4,1.0,1.0,5
COVER__test__2916.pgm,2916.pgm,COVER,0,MULTI_CANDIDATE,HILL,S-UNIWARD,HILL,S-UNIWARD,WOW,MiPOD,HUGO,,"HILL,S-UNIWARD,WOW,MiPOD",4,0,0.9945161751634632,0.9942724224593373,0.0002437527041259102,0.9941305091725946,0.8,4,0.9942724224593373,0.8,4,0.9945161751634632,0.8,4,0.830478117827272,0.8,4,0.9939206769800745,0.8,4
COVER__test__2927.pgm,2927.pgm,COVER,0,MULTI_CANDIDATE,S-UNIWARD,MiPOD,S-UNIWARD,MiPOD,HILL,HUGO,WOW,,"S-UNIWARD,MiPOD,HILL,HUGO,WOW",5,0,1.0,1.0,0.0,0.915051478597863,0.8,4,1.0,1.0,5,0.9843192951101228,0.8,4,0.9751909861049122,0.8,4,1.0,1.0,5
COVER__test__2928.pgm,2928.pgm,COVER,0,MULTI_CANDIDATE,S-UNIWARD,MiPOD,S-UNIWARD,MiPOD,HILL,WOW,HUGO,,"S-UNIWARD,MiPOD,HILL,WOW",4,0,0.9953110714708131,0.9930080165724486,0.002303054898364465,0.9760061293937629,0.6,3,0.9953110714708131,0.8,4,0.991109562721066,0.8,4,0.8923074705710157,0.6,3,0.9930080165724486,0.8,4
COVER__test__293.pgm,293.pgm,COVER,0,UNKNOWN_OR_COVER,UNKNOWN,,MiPOD,S-UNIWARD,HUGO,HILL,WOW,,,0,0,0.86020459871374,0.8335520504436211,0.02665254827011887,0.4909273579077794,0.2,1,0.8335520504436211,0.6,3,0.7395247738592294,0.4,2,0.830917190197605,0.6,3,0.86020459871374,0.6,3
COVER__test__2930.pgm,2930.pgm,COVER,0,MULTI_CANDIDATE,HUGO,HILL,HUGO,HILL,MiPOD,WOW,S-UNIWARD,,"HUGO,HILL,MiPOD,WOW",4,0,1.0,0.9854763309574709,0.014523669042529108,0.9114707288917285,0.6,3,0.8827802735594737,0.8,4,0.9854763309574709,0.8,4,1.0,1.0,5,0.9622051300561196,0.8,4
COVER__test__2936.pgm,2936.pgm,COVER,0,MULTI_CANDIDATE,S-UNIWARD,HUGO,S-UNIWARD,HUGO,MiPOD,HILL,WOW,,"S-UNIWARD,HUGO,MiPOD,HILL,WOW",5,0,1.0,1.0,0.0,0.9206387381148282,0.6,3,1.0,1.0,5,0.9241449173537959,0.8,4,1.0,1.0,5,0.9829107607560497,0.8,4
COVER__test__2941.pgm,2941.pgm,COVER,0,SINGLE_CANDIDATE,HUGO,,HUGO,MiPOD,S-UNIWARD,HILL,WOW,,HUGO,1,0,1.0,0.8952097087324962,0.10479029126750383,0.553516371168121,0.2,1,0.8403137815467211,0.8,4,0.78389958650257,0.6,3,1.0,1.0,5,0.8952097087324962,0.8,4
COVER__test__2947.pgm,2947.pgm,COVER,0,SINGLE_CANDIDATE,HUGO,,HUGO,S-UNIWARD,MiPOD,HILL,WOW,,HUGO,1,0,1.0,0.8339599059081234,0.1660400940918766,0.4573250671795397,0.2,1,0.8339599059081234,0.6,3,0.710519314112648,0.6,3,1.0,1.0,5,0.7961771758067602,0.6,3
COVER__test__2949.pgm,2949.pgm,COVER,0,MULTI_CANDIDATE,HILL,MiPOD,HILL,MiPOD,HUGO,S-UNIWARD,WOW,,"HILL,MiPOD,HUGO",3,0,1.0,1.0,0.0,0.8124317434670395,0.6,3,0.8592686522742359,0.8,4,1.0,1.0,5,0.9949031254543265,0.8,4,1.0,1.0,5
COVER__test__2951.pgm,2951.pgm,COVER,0,MULTI_CANDIDATE,HILL,HUGO,HILL,HUGO,MiPOD,S-UNIWARD,WOW,,"HILL,HUGO,MiPOD,S-UNIWARD",4,0,1.0,1.0,0.0,0.8270935737707118,0.8,4,0.903963148540927,0.8,4,1.0,1.0,5,1.0,1.0,5,1.0,1.0,5
COVER__test__2964.pgm,2964.pgm,COVER,0,MULTI_CANDIDATE,WOW,S-UNIWARD,WOW,S-UNIWARD,HILL,HUGO,MiPOD,,"WOW,S-UNIWARD,HILL,HUGO,MiPOD",5,0,1.0,1.0,0.0,1.0,1.0,5,1.0,1.0,5,1.0,1.0,5,1.0,1.0,5,1.0,1.0,5
COVER__test__2979.pgm,2979.pgm,COVER,0,MULTI_CANDIDATE,S-UNIWARD,HILL,S-UNIWARD,HILL,HUGO,MiPOD,WOW,,"S-UNIWARD,HILL,HUGO,MiPOD,WOW",5,0,1.0,1.0,0.0,0.9041498753330639,0.8,4,1.0,1.0,5,1.0,1.0,5,1.0,1.0,5,1.0,1.0,5
COVER__test__2999.pgm,2999.pgm,COVER,0,MULTI_CANDIDATE,S-UNIWARD,HUGO,S-UNIWARD,HUGO,MiPOD,HILL,WOW,,"S-UNIWARD,HUGO,MiPOD,HILL,WOW",5,0,0.9945403491368587,0.9922463823860997,0.002293966750758991,0.9246138242635059,0.6,3,0.9945403491368587,0.8,4,0.986341742487577,0.6,3,0.9922463823860997,0.8,4,0.9922463823860997,0.8,4
COVER__test__3.pgm,3.pgm,COVER,0,MULTI_CANDIDATE,HILL,HUGO,HILL,HUGO,MiPOD,S-UNIWARD,WOW,,"HILL,HUGO,MiPOD,S-UNIWARD",4,0,1.0,1.0,0.0,0.8279690032285745,0.8,4,0.9010252339720809,0.8,4,1.0,1.0,5,1.0,1.0,5,1.0,1.0,5
COVER__test__301.pgm,301.pgm,COVER,0,MULTI_CANDIDATE,S-UNIWARD,HILL,S-UNIWARD,HILL,MiPOD,HUGO,WOW,,"S-UNIWARD,HILL,MiPOD,HUGO",4,0,1.0,1.0,0.0,0.8377918477506492,0.8,4,1.0,1.0,5,1.0,1.0,5,0.9147911024885357,0.8,4,1.0,1.0,5
COVER__test__3013.pgm,3013.pgm,COVER,0,MULTI_CANDIDATE,MiPOD,HILL,MiPOD,HILL,S-UNIWARD,HUGO,WOW,,"MiPOD,HILL",2,0,0.917435088917192,0.9061852854779666,0.011249803439225436,0.7619216778809613,0.6,3,0.8752200636470409,0.6,3,0.9061852854779666,0.6,3,0.8522747514678756,0.8,4,0.917435088917192,0.8,4
COVER__test__3020.pgm,3020.pgm,COVER,0,UNKNOWN_OR_COVER,UNKNOWN,,HUGO,MiPOD,S-UNIWARD,HILL,WOW,,,0,0,0.8091525517785219,0.75864088867928,0.05051166309924182,0.4143773812414427,0.2,1,0.7548102187056518,0.2,1,0.6737314585357224,0.2,1,0.8091525517785219,0.0,0,0.75864088867928,0.2,1
COVER__test__3025.pgm,3025.pgm,COVER,0,MULTI_CANDIDATE,WOW,S-UNIWARD,WOW,S-UNIWARD,HILL,HUGO,MiPOD,,"WOW,S-UNIWARD,HILL,HUGO,MiPOD",5,0,1.0,1.0,0.0,1.0,1.0,5,1.0,1.0,5,1.0,1.0,5,1.0,1.0,5,1.0,1.0,5
COVER__test__3037.pgm,3037.pgm,COVER,0,MULTI_CANDIDATE,WOW,S-UNIWARD,WOW,S-UNIWARD,HILL,HUGO,MiPOD,,"WOW,S-UNIWARD,HILL,HUGO,MiPOD",5,0,1.0,1.0,0.0,1.0,1.0,5,1.0,1.0,5,1.0,1.0,5,1.0,1.0,5,1.0,1.0,5
COVER__test__3038.pgm,3038.pgm,COVER,0,MULTI_CANDIDATE,HILL,HUGO,HILL,HUGO,MiPOD,S-UNIWARD,WOW,,"HILL,HUGO,MiPOD,S-UNIWARD,WOW",5,0,1.0,1.0,0.0,0.9792756334630635,0.8,4,0.9941753349255812,0.8,4,1.0,1.0,5,1.0,1.0,5,1.0,1.0,5
COVER__test__3055.pgm,3055.pgm,COVER,0,MULTI_CANDIDATE,S-UNIWARD,HILL,S-UNIWARD,HILL,HUGO,MiPOD,WOW,,"S-UNIWARD,HILL,HUGO,MiPOD",4,0,1.0,1.0,0.0,0.8350051856712305,0.8,4,1.0,1.0,5,1.0,1.0,5,1.0,1.0,5,1.0,1.0,5
COVER__test__3056.pgm,3056.pgm,COVER,0,MULTI_CANDIDATE,WOW,S-UNIWARD,WOW,S-UNIWARD,HILL,MiPOD,HUGO,,"WOW,S-UNIWARD,HILL,MiPOD,HUGO",5,0,1.0,1.0,0.0,1.0,1.0,5,1.0,1.0,5,1.0,1.0,5,0.9716115584013366,0.8,4,1.0,1.0,5
COVER__test__3059.pgm,3059.pgm,COVER,0,MULTI_CANDIDATE,WOW,S-UNIWARD,WOW,S-UNIWARD,HILL,HUGO,MiPOD,,"WOW,S-UNIWARD,HILL,HUGO,MiPOD",5,0,1.0,1.0,0.0,1.0,1.0,5,1.0,1.0,5,1.0,1.0,5,1.0,1.0,5,1.0,1.0,5
COVER__test__3064.pgm,3064.pgm,COVER,0,MULTI_CANDIDATE,WOW,S-UNIWARD,WOW,S-UNIWARD,HILL,HUGO,MiPOD,,"WOW,S-UNIWARD,HILL,HUGO,MiPOD",5,0,1.0,1.0,0.0,1.0,1.0,5,1.0,1.0,5,1.0,1.0,5,1.0,1.0,5,1.0,1.0,5
COVER__test__3073.pgm,3073.pgm,COVER,0,UNKNOWN_OR_COVER,UNKNOWN,,HUGO,S-UNIWARD,MiPOD,HILL,WOW,,,0,0,0.8438732609938858,0.7638646063167305,0.08000865467715534,0.4159800613461394,0.2,1,0.7638646063167305,0.2,1,0.6747675831439344,0.2,1,0.8438732609938858,0.2,1,0.7603509960165632,0.2,1
COVER__test__3083.pgm,3083.pgm,COVER,0,MULTI_CANDIDATE,MiPOD,HILL,MiPOD,HILL,HUGO,S-UNIWARD,WOW,,"MiPOD,HILL",2,0,0.9946353383740437,0.9944802820829943,0.00015505629104939356,0.7239726479585786,0.6,3,0.8343845889459548,0.8,4,0.9944802820829943,0.8,4,0.8540565790766724,0.6,3,0.9946353383740437,0.8,4
COVER__test__309.pgm,309.pgm,COVER,0,UNKNOWN_OR_COVER,UNKNOWN,,HUGO,S-UNIWARD,MiPOD,HILL,WOW,,,0,0,0.828299509248895,0.7835967472205462,0.044702762028348775,0.42288826364886695,0.2,1,0.7835967472205462,0.2,1,0.6820317224484624,0.2,1,0.828299509248895,0.6,3,0.768134588345631,0.2,1
COVER__test__3095.pgm,3095.pgm,COVER,0,MULTI_CANDIDATE,HUGO,HILL,HUGO,HILL,MiPOD,S-UNIWARD,WOW,,"HUGO,HILL,MiPOD,S-UNIWARD",4,0,1.0,0.9969590004031186,0.003040999596881422,0.8240927774807467,0.8,4,0.9066697073962935,0.8,4,0.9969590004031186,0.8,4,1.0,1.0,5,0.9722471008089798,0.8,4
COVER__test__3103.pgm,3103.pgm,COVER,0,MULTI_CANDIDATE,S-UNIWARD,MiPOD,S-UNIWARD,MiPOD,HILL,WOW,HUGO,,"S-UNIWARD,MiPOD,HILL,WOW",4,0,1.0,1.0,0.0,0.964093556051834,0.8,4,1.0,1.0,5,0.9650103149789274,0.8,4,0.850947327938983,0.8,4,1.0,1.0,5
COVER__test__3107.pgm,3107.pgm,COVER,0,UNKNOWN_OR_COVER,UNKNOWN,,MiPOD,S-UNIWARD,HUGO,HILL,WOW,,,0,0,0.8472252839759171,0.8350505508365581,0.012174733139359017,0.6533587864649013,0.4,2,0.8350505508365581,0.8,4,0.7319748655329467,0.4,2,0.8320205002190002,0.6,3,0.8472252839759171,0.4,2
COVER__test__311.pgm,311.pgm,COVER,0,UNKNOWN_OR_COVER,UNKNOWN,,MiPOD,HUGO,S-UNIWARD,HILL,WOW,,,0,0,0.87848998826168,0.829651579174944,0.04883840908673598,0.5421426502822718,0.2,1,0.8294467884875015,0.6,3,0.7976654346185706,0.2,1,0.829651579174944,0.4,2,0.87848998826168,0.2,1
COVER__test__3122.pgm,3122.pgm,COVER,0,UNKNOWN_OR_COVER,UNKNOWN,,HUGO,S-UNIWARD,MiPOD,HILL,WOW,,,0,0,0.845824897937446,0.8308640875818171,0.014960810355628906,0.44968098760016445,0.2,1,0.8308640875818171,0.6,3,0.7070364781585751,0.4,2,0.845824897937446,0.6,3,0.809534349199987,0.4,2
COVER__test__313.pgm,313.pgm,COVER,0,SINGLE_CANDIDATE,S-UNIWARD,,S-UNIWARD,HUGO,MiPOD,HILL,WOW,,S-UNIWARD,1,0,0.9352011911081679,0.8706145383654051,0.06458665274276276,0.6992465253278752,0.6,3,0.9352011911081679,0.8,4,0.8180800466494306,0.6,3,0.8706145383654051,0.6,3,0.8361311188964949,0.8,4
COVER__test__3130.pgm,3130.pgm,COVER,0,UNKNOWN_OR_COVER,UNKNOWN,,MiPOD,S-UNIWARD,HUGO,HILL,WOW,,,0,0,0.8557982046917841,0.8353233691643457,0.02047483552743845,0.5124274900343817,0.2,1,0.8353233691643457,0.8,4,0.7439147404776898,0.4,2,0.8324080940864487,0.6,3,0.8557982046917841,0.6,3
COVER__test__3144.pgm,3144.pgm,COVER,0,MULTI_CANDIDATE,S-UNIWARD,HILL,S-UNIWARD,HILL,MiPOD,HUGO,WOW,,"S-UNIWARD,HILL,MiPOD,HUGO",4,0,1.0,1.0,0.0,0.8739986677397138,0.8,4,1.0,1.0,5,1.0,1.0,5,0.997841795750276,0.8,4,1.0,1.0,5
COVER__test__3157.pgm,3157.pgm,COVER,0,MULTI_CANDIDATE,HUGO,HILL,HUGO,HILL,MiPOD,S-UNIWARD,WOW,,"HUGO,HILL",2,0,0.9530244135874979,0.9112499455156197,0.041774468071878235,0.6413743357702302,0.4,2,0.8279846754635976,0.6,3,0.9112499455156197,0.4,2,0.9530244135874979,0.4,2,0.8966452536582137,0.4,2
COVER__test__3170.pgm,3170.pgm,COVER,0,MULTI_CANDIDATE,WOW,S-UNIWARD,WOW,S-UNIWARD,HILL,HUGO,MiPOD,,"WOW,S-UNIWARD,HILL,HUGO,MiPOD",5,0,1.0,1.0,0.0,1.0,1.0,5,1.0,1.0,5,1.0,1.0,5,1.0,1.0,5,1.0,1.0,5
COVER__test__3173.pgm,3173.pgm,COVER,0,MULTI_CANDIDATE,HILL,HUGO,HILL,HUGO,MiPOD,S-UNIWARD,WOW,,"HILL,HUGO,MiPOD",3,0,1.0,1.0,0.0,0.7665949568094317,0.6,3,0.8483254117948409,0.8,4,1.0,1.0,5,1.0,1.0,5,1.0,1.0,5
COVER__test__3175.pgm,3175.pgm,COVER,0,MULTI_CANDIDATE,HILL,HUGO,HILL,HUGO,MiPOD,S-UNIWARD,WOW,,"HILL,HUGO,MiPOD",3,0,1.0,1.0,0.0,0.8384240995814061,0.8,4,0.8952077150047707,0.8,4,1.0,1.0,5,1.0,1.0,5,1.0,1.0,5
COVER__test__3181.pgm,3181.pgm,COVER,0,MULTI_CANDIDATE,HILL,HUGO,HILL,HUGO,MiPOD,S-UNIWARD,WOW,,"HILL,HUGO,MiPOD,S-UNIWARD,WOW",5,0,1.0,1.0,0.0,0.9234912001164662,0.8,4,0.942221760133845,0.8,4,1.0,1.0,5,1.0,1.0,5,1.0,1.0,5
COVER__test__3185.pgm,3185.pgm,COVER,0,MULTI_CANDIDATE,HILL,S-UNIWARD,HILL,S-UNIWARD,MiPOD,WOW,HUGO,,"HILL,S-UNIWARD,MiPOD,WOW",4,0,0.9945815650987386,0.9943377304529772,0.00024383464576138714,0.9298607027974762,0.6,3,0.9943377304529772,0.8,4,0.9945815650987386,0.8,4,0.8304883635672489,0.8,4,0.9939858667284625,0.8,4
COVER__test__3189.pgm,3189.pgm,COVER,0,MULTI_CANDIDATE,HILL,MiPOD,HILL,MiPOD,S-UNIWARD,HUGO,WOW,,"HILL,MiPOD,S-UNIWARD",3,0,1.0,1.0,0.0,0.8236202883594175,0.8,4,0.9829634783391095,0.6,3,1.0,1.0,5,0.8479198172285789,0.8,4,1.0,1.0,5
COVER__test__3195.pgm,3195.pgm,COVER,0,MULTI_CANDIDATE,HUGO,MiPOD,HUGO,MiPOD,HILL,S-UNIWARD,WOW,,"HUGO,MiPOD,HILL,S-UNIWARD",4,0,0.9997754512097202,0.9989485225441153,0.0008269286656049646,0.8231019024504661,0.8,4,0.9945163699438953,0.8,4,0.998766380152837,0.8,4,0.9997754512097202,0.8,4,0.9989485225441153,0.8,4
COVER__test__3196.pgm,3196.pgm,COVER,0,MULTI_CANDIDATE,HUGO,MiPOD,HUGO,MiPOD,HILL,S-UNIWARD,WOW,,"HUGO,MiPOD,HILL",3,0,1.0,0.9995752916511869,0.0004247083488131409,0.7230296252082326,0.6,3,0.8309757705172505,0.6,3,0.9993925754369798,0.8,4,1.0,1.0,5,0.9995752916511869,0.8,4
COVER__test__3198.pgm,3198.pgm,COVER,0,MULTI_CANDIDATE,HILL,MiPOD,HILL,MiPOD,HUGO,S-UNIWARD,WOW,,"HILL,MiPOD,HUGO,S-UNIWARD",4,0,1.0,1.0,0.0,0.8336759129267686,0.8,4,0.9507628919732815,0.8,4,1.0,1.0,5,0.9768372625213605,0.8,4,1.0,1.0,5
COVER__test__3214.pgm,3214.pgm,COVER,0,MULTI_CANDIDATE,HILL,MiPOD,HILL,MiPOD,HUGO,S-UNIWARD,WOW,,"HILL,MiPOD",2,0,1.0,1.0,0.0,0.7483425912193271,0.6,3,0.842932220805112,0.6,3,1.0,1.0,5,0.8562047046079628,0.8,4,1.0,1.0,5
COVER__test__3221.pgm,3221.pgm,COVER,0,MULTI_CANDIDATE,WOW,S-UNIWARD,WOW,S-UNIWARD,HILL,MiPOD,HUGO,,"WOW,S-UNIWARD,HILL,MiPOD,HUGO",5,0,1.0,1.0,0.0,1.0,1.0,5,1.0,1.0,5,1.0,1.0,5,0.9563850670485584,0.8,4,1.0,1.0,5
COVER__test__3223.pgm,3223.pgm,COVER,0,MULTI_CANDIDATE,MiPOD,HILL,MiPOD,HILL,S-UNIWARD,HUGO,WOW,,"MiPOD,HILL,S-UNIWARD,HUGO",4,0,1.0,0.9630274927411637,0.036972507258836274,0.8254135188456043,0.8,4,0.9256909839933298,0.8,4,0.9630274927411637,0.8,4,0.9106792865330867,0.8,4,1.0,1.0,5
COVER__test__3234.pgm,3234.pgm,COVER,0,MULTI_CANDIDATE,S-UNIWARD,HILL,S-UNIWARD,HILL,MiPOD,WOW,HUGO,,"S-UNIWARD,HILL,MiPOD,WOW",4,0,1.0,1.0,0.0,0.9194606371389126,0.8,4,1.0,1.0,5,1.0,1.0,5,0.8997649234360521,0.8,4,1.0,1.0,5
COVER__test__3240.pgm,3240.pgm,COVER,0,MULTI_CANDIDATE,MiPOD,S-UNIWARD,MiPOD,S-UNIWARD,HILL,HUGO,WOW,,"MiPOD,S-UNIWARD,HILL",3,0,0.9764973101570714,0.9588719084962387,0.017625401660832707,0.8214106412920643,0.6,3,0.9588719084962387,0.8,4,0.9305381785248587,0.8,4,0.8440923385294831,0.8,4,0.9764973101570714,0.8,4
COVER__test__3244.pgm,3244.pgm,COVER,0,MULTI_CANDIDATE,S-UNIWARD,HILL,S-UNIWARD,HILL,HUGO,MiPOD,WOW,,"S-UNIWARD,HILL,HUGO,MiPOD",4,0,1.0,1.0,0.0,0.8830199709673618,0.8,4,1.0,1.0,5,1.0,1.0,5,1.0,1.0,5,1.0,1.0,5
COVER__test__3248.pgm,3248.pgm,COVER,0,MULTI_CANDIDATE,HILL,HUGO,HILL,HUGO,MiPOD,S-UNIWARD,WOW,,"HILL,HUGO,MiPOD",3,0,1.0,1.0,0.0,0.7899638222867672,0.6,3,0.8433356946545887,0.8,4,1.0,1.0,5,1.0,1.0,5,1.0,1.0,5
COVER__test__3250.pgm,3250.pgm,COVER,0,MULTI_CANDIDATE,WOW,S-UNIWARD,WOW,S-UNIWARD,HILL,HUGO,MiPOD,,"WOW,S-UNIWARD,HILL,HUGO,MiPOD",5,0,1.0,1.0,0.0,1.0,1.0,5,1.0,1.0,5,1.0,1.0,5,1.0,1.0,5,1.0,1.0,5
COVER__test__3251.pgm,3251.pgm,COVER,0,MULTI_CANDIDATE,WOW,S-UNIWARD,WOW,S-UNIWARD,HILL,HUGO,MiPOD,,"WOW,S-UNIWARD,HILL,HUGO,MiPOD",5,0,1.0,1.0,0.0,1.0,1.0,5,1.0,1.0,5,1.0,1.0,5,1.0,1.0,5,1.0,1.0,5
COVER__test__3253.pgm,3253.pgm,COVER,0,UNKNOWN_OR_COVER,UNKNOWN,,HUGO,MiPOD,S-UNIWARD,HILL,WOW,,,0,0,0.8157729293480399,0.7632157279684886,0.05255720137955133,0.41662903379010807,0.2,1,0.759051706570695,0.2,1,0.6780350033073629,0.2,1,0.8157729293480399,0.2,1,0.7632157279684886,0.2,1
COVER__test__3268.pgm,3268.pgm,COVER,0,MULTI_CANDIDATE,WOW,S-UNIWARD,WOW,S-UNIWARD,HILL,HUGO,MiPOD,,"WOW,S-UNIWARD,HILL,HUGO,MiPOD",5,0,1.0,1.0,0.0,1.0,1.0,5,1.0,1.0,5,1.0,1.0,5,1.0,1.0,5,1.0,1.0,5
COVER__test__3272.pgm,3272.pgm,COVER,0,MULTI_CANDIDATE,S-UNIWARD,HILL,S-UNIWARD,HILL,MiPOD,WOW,HUGO,,"S-UNIWARD,HILL,MiPOD,WOW,HUGO",5,0,1.0,1.0,0.0,0.9989189597368832,0.8,4,1.0,1.0,5,1.0,1.0,5,0.9950855067615288,0.8,4,1.0,1.0,5
COVER__test__3274.pgm,3274.pgm,COVER,0,SINGLE_CANDIDATE,S-UNIWARD,,S-UNIWARD,HILL,MiPOD,HUGO,WOW,,S-UNIWARD,1,0,1.0,0.8982836004196425,0.1017163995803575,0.8059812642269464,0.6,3,1.0,1.0,5,0.8982836004196425,0.8,4,0.8352763677396224,0.8,4,0.8859522296249611,0.8,4
COVER__test__3276.pgm,3276.pgm,COVER,0,MULTI_CANDIDATE,S-UNIWARD,HILL,S-UNIWARD,HILL,MiPOD,HUGO,WOW,,"S-UNIWARD,HILL,MiPOD,HUGO",4,0,1.0,1.0,0.0,0.8562460130568714,0.8,4,1.0,1.0,5,1.0,1.0,5,0.9982122313446489,0.8,4,1.0,1.0,5
COVER__test__3277.pgm,3277.pgm,COVER,0,SINGLE_CANDIDATE,S-UNIWARD,,S-UNIWARD,WOW,HILL,MiPOD,HUGO,,S-UNIWARD,1,0,0.9715187653731086,0.8516602656173535,0.11985849975575502,0.8516602656173535,0.6,3,0.9715187653731086,0.6,3,0.8496121050316778,0.6,3,0.8342465000795432,0.6,3,0.8433285770288306,0.6,3
COVER__test__328.pgm,328.pgm,COVER,0,UNKNOWN_OR_COVER,UNKNOWN,,HUGO,MiPOD,S-UNIWARD,HILL,WOW,,,0,0,0.8072255998694982,0.758761692890636,0.04846390697886216,0.4137030201852305,0.2,1,0.7553535639485892,0.2,1,0.6738966087393063,0.4,2,0.8072255998694982,0.2,1,0.758761692890636,0.4,2
COVER__test__3280.pgm,3280.pgm,COVER,0,SINGLE_CANDIDATE,MiPOD,,MiPOD,HUGO,S-UNIWARD,HILL,WOW,,MiPOD,1,0,0.930149784014683,0.8931912779836804,0.03695850603100259,0.6134495283758802,0.4,2,0.8371325670335243,0.4,2,0.8362425380837927,0.6,3,0.8931912779836804,0.6,3,0.930149784014683,0.6,3
COVER__test__3282.pgm,3282.pgm,COVER,0,UNKNOWN_OR_COVER,UNKNOWN,,HUGO,MiPOD,S-UNIWARD,HILL,WOW,,,0,0,0.8177070373696609,0.7650361600193114,0.052670877350349476,0.42445274657926857,0.2,1,0.7632142487814824,0.2,1,0.6803583247700846,0.6,3,0.8177070373696609,0.4,2,0.7650361600193114,0.6,3
COVER__test__329.pgm,329.pgm,COVER,0,UNKNOWN_OR_COVER,UNKNOWN,,MiPOD,HUGO,S-UNIWARD,HILL,WOW,,,0,0,0.8714111048439582,0.8577230722241624,0.013688032619795787,0.5601638895806529,0.2,1,0.8558267106202606,0.6,3,0.7552938568795955,0.6,3,0.8577230722241624,0.8,4,0.8714111048439582,0.6,3
COVER__test__3290.pgm,3290.pgm,COVER,0,MULTI_CANDIDATE,WOW,S-UNIWARD,WOW,S-UNIWARD,HILL,HUGO,MiPOD,,"WOW,S-UNIWARD,HILL,HUGO,MiPOD",5,0,1.0,1.0,0.0,1.0,1.0,5,1.0,1.0,5,1.0,1.0,5,1.0,1.0,5,1.0,1.0,5
COVER__test__3292.pgm,3292.pgm,COVER,0,MULTI_CANDIDATE,HUGO,MiPOD,HUGO,MiPOD,HILL,S-UNIWARD,WOW,,"HUGO,MiPOD,HILL",3,0,1.0,1.0,0.0,0.7900194923089544,0.6,3,0.8585241217709815,0.6,3,0.9509177087393035,0.8,4,1.0,1.0,5,1.0,1.0,5
COVER__test__3305.pgm,3305.pgm,COVER,0,MULTI_CANDIDATE,S-UNIWARD,HILL,S-UNIWARD,HILL,HUGO,MiPOD,WOW,,"S-UNIWARD,HILL,HUGO,MiPOD,WOW",5,0,1.0,1.0,0.0,0.9198577029692938,0.8,4,1.0,1.0,5,1.0,1.0,5,1.0,1.0,5,1.0,1.0,5
COVER__test__3313.pgm,3313.pgm,COVER,0,UNKNOWN_OR_COVER,UNKNOWN,,HUGO,MiPOD,S-UNIWARD,HILL,WOW,,,0,0,0.8095030925683002,0.7603705416964138,0.049132550871886393,0.41468651446468846,0.2,1,0.7581272345213204,0.2,1,0.6751414285050503,0.4,2,0.8095030925683002,0.2,1,0.7603705416964138,0.4,2
COVER__test__3318.pgm,3318.pgm,COVER,0,UNKNOWN_OR_COVER,UNKNOWN,,S-UNIWARD,MiPOD,HUGO,HILL,WOW,,,0,0,0.8547175614105107,0.835019586638046,0.01969797477246471,0.549292144771259,0.4,2,0.8547175614105107,0.6,3,0.6992811110754628,0.6,3,0.8147353125635292,0.6,3,0.835019586638046,0.6,3
COVER__test__3319.pgm,3319.pgm,COVER,0,SINGLE_CANDIDATE,S-UNIWARD,,S-UNIWARD,HUGO,MiPOD,HILL,WOW,,S-UNIWARD,1,0,0.9222534836391703,0.833067784033183,0.08918569960598721,0.5261851926245256,0.4,2,0.9222534836391703,0.2,1,0.6864298104355537,0.6,3,0.833067784033183,0.8,4,0.7760107521918341,0.6,3
COVER__test__3323.pgm,3323.pgm,COVER,0,MULTI_CANDIDATE,HILL,HUGO,HILL,HUGO,MiPOD,S-UNIWARD,WOW,,"HILL,HUGO,MiPOD,S-UNIWARD",4,0,1.0,1.0,0.0,0.8234016827647537,0.8,4,0.9970404987960908,0.8,4,1.0,1.0,5,1.0,1.0,5,1.0,1.0,5
COVER__test__3327.pgm,3327.pgm,COVER,0,MULTI_CANDIDATE,S-UNIWARD,MiPOD,S-UNIWARD,MiPOD,HILL,HUGO,WOW,,"S-UNIWARD,MiPOD,HILL",3,0,0.9968652204151367,0.9965087804715331,0.00035643994360357034,0.8232887522889012,0.4,2,0.9968652204151367,0.8,4,0.9319689991199434,0.6,3,0.830884884781628,0.8,4,0.9965087804715331,0.8,4
COVER__test__333.pgm,333.pgm,COVER,0,MULTI_CANDIDATE,HILL,MiPOD,HILL,MiPOD,S-UNIWARD,HUGO,WOW,,"HILL,MiPOD,S-UNIWARD",3,0,1.0,0.9892275062440893,0.010772493755910717,0.856339409685247,0.8,4,0.9795889936547301,0.8,4,1.0,1.0,5,0.8812867075708954,0.8,4,0.9892275062440893,0.8,4
COVER__test__3332.pgm,3332.pgm,COVER,0,UNKNOWN_OR_COVER,UNKNOWN,,HUGO,MiPOD,S-UNIWARD,HILL,WOW,,,0,0,0.8117333601364229,0.7605886312198361,0.051144728916586835,0.4147893561917182,0.2,1,0.7585234446670317,0.2,1,0.6746161291427717,0.2,1,0.8117333601364229,0.2,1,0.7605886312198361,0.2,1
COVER__test__3338.pgm,3338.pgm,COVER,0,MULTI_CANDIDATE,HILL,HUGO,HILL,HUGO,MiPOD,S-UNIWARD,WOW,,"HILL,HUGO,MiPOD,S-UNIWARD",4,0,1.0,1.0,0.0,0.8435397266668897,0.8,4,0.9716058702343588,0.8,4,1.0,1.0,5,1.0,1.0,5,1.0,1.0,5
COVER__test__3344.pgm,3344.pgm,COVER,0,MULTI_CANDIDATE,WOW,S-UNIWARD,WOW,S-UNIWARD,HILL,HUGO,MiPOD,,"WOW,S-UNIWARD,HILL,HUGO,MiPOD",5,0,1.0,1.0,0.0,1.0,1.0,5,1.0,1.0,5,1.0,1.0,5,1.0,1.0,5,1.0,1.0,5
COVER__test__3345.pgm,3345.pgm,COVER,0,MULTI_CANDIDATE,WOW,S-UNIWARD,WOW,S-UNIWARD,HILL,HUGO,MiPOD,,"WOW,S-UNIWARD,HILL,HUGO,MiPOD",5,0,1.0,1.0,0.0,1.0,1.0,5,1.0,1.0,5,1.0,1.0,5,1.0,1.0,5,1.0,1.0,5
COVER__test__3351.pgm,3351.pgm,COVER,0,UNKNOWN_OR_COVER,UNKNOWN,,HUGO,S-UNIWARD,MiPOD,HILL,WOW,,,0,0,0.8238324199922076,0.7714804886698949,0.05235193132231264,0.41999400156374705,0.2,1,0.7714804886698949,0.2,1,0.6816805588104093,0.4,2,0.8238324199922076,0.4,2,0.7691789894572547,0.4,2
COVER__test__3357.pgm,3357.pgm,COVER,0,UNKNOWN_OR_COVER,UNKNOWN,,MiPOD,HUGO,S-UNIWARD,HILL,WOW,,,0,0,0.8876906631685259,0.8381329323586412,0.04955773080988468,0.5181876433171522,0.2,1,0.8370100349565949,0.8,4,0.7659617715531998,0.6,3,0.8381329323586412,0.8,4,0.8876906631685259,0.6,3
COVER__test__3369.pgm,3369.pgm,COVER,0,UNKNOWN_OR_COVER,UNKNOWN,,HUGO,MiPOD,S-UNIWARD,HILL,WOW,,,0,0,0.8068742626734782,0.7573433145592233,0.04953094811425485,0.41365117005429386,0.0,0,0.7537245354465495,0.2,1,0.6730259053479789,0.2,1,0.8068742626734782,0.0,0,0.7573433145592233,0.0,0
COVER__test__338.pgm,338.pgm,COVER,0,UNKNOWN_OR_COVER,UNKNOWN,,HUGO,MiPOD,S-UNIWARD,HILL,WOW,,,0,0,0.8127642110503359,0.7610842547849271,0.05167995626540878,0.4154667763405245,0.2,1,0.7602773208547817,0.2,1,0.6759795302835421,0.4,2,0.8127642110503359,0.2,1,0.7610842547849271,0.4,2
COVER__test__3380.pgm,3380.pgm,COVER,0,UNKNOWN_OR_COVER,UNKNOWN,,S-UNIWARD,HUGO,MiPOD,WOW,HILL,,,0,0,0.8684011836478017,0.8033668017009623,0.06503438194683941,0.67929951576979,0.2,1,0.8684011836478017,0.2,1,0.6775745584156435,0.6,3,0.8033668017009623,0.4,2,0.7590573216149465,0.4,2
COVER__test__3390.pgm,3390.pgm,COVER,0,MULTI_CANDIDATE,HILL,HUGO,HILL,HUGO,MiPOD,WOW,S-UNIWARD,,"HILL,HUGO,MiPOD,WOW,S-UNIWARD",5,0,1.0,1.0,0.0,0.9982599789624331,0.8,4,0.9278209765885237,0.8,4,1.0,1.0,5,1.0,1.0,5,1.0,1.0,5
COVER__test__3394.pgm,3394.pgm,COVER,0,MULTI_CANDIDATE,WOW,S-UNIWARD,WOW,S-UNIWARD,HILL,HUGO,MiPOD,,"WOW,S-UNIWARD,HILL,HUGO,MiPOD",5,0,1.0,1.0,0.0,1.0,1.0,5,1.0,1.0,5,1.0,1.0,5,1.0,1.0,5,1.0,1.0,5
COVER__test__3396.pgm,3396.pgm,COVER,0,MULTI_CANDIDATE,HILL,HUGO,HILL,HUGO,MiPOD,S-UNIWARD,WOW,,"HILL,HUGO,MiPOD",3,0,1.0,1.0,0.0,0.8270935737707118,0.8,4,0.8811597970516875,0.8,4,1.0,1.0,5,1.0,1.0,5,1.0,1.0,5
COVER__test__3407.pgm,3407.pgm,COVER,0,SINGLE_CANDIDATE,MiPOD,,MiPOD,S-UNIWARD,HUGO,HILL,WOW,,MiPOD,1,0,0.9159442592759962,0.8369232503264753,0.07902100894952091,0.5452570923067575,0.2,1,0.8369232503264753,0.8,4,0.7911843594137951,0.6,3,0.8315938637559753,0.8,4,0.9159442592759962,0.6,3
COVER__test__3412.pgm,3412.pgm,COVER,0,MULTI_CANDIDATE,S-UNIWARD,HILL,S-UNIWARD,HILL,HUGO,MiPOD,WOW,,"S-UNIWARD,HILL,HUGO,MiPOD,WOW",5,0,1.0,1.0,0.0,0.9905204838399554,0.8,4,1.0,1.0,5,1.0,1.0,5,1.0,1.0,5,1.0,1.0,5
COVER__test__3423.pgm,3423.pgm,COVER,0,MULTI_CANDIDATE,WOW,S-UNIWARD,WOW,S-UNIWARD,HILL,HUGO,MiPOD,,"WOW,S-UNIWARD,HILL,HUGO,MiPOD",5,0,1.0,1.0,0.0,1.0,1.0,5,1.0,1.0,5,1.0,1.0,5,1.0,1.0,5,1.0,1.0,5
COVER__test__3425.pgm,3425.pgm,COVER,0,MULTI_CANDIDATE,WOW,S-UNIWARD,WOW,S-UNIWARD,HILL,HUGO,MiPOD,,"WOW,S-UNIWARD,HILL,HUGO,MiPOD",5,0,1.0,1.0,0.0,1.0,1.0,5,1.0,1.0,5,1.0,1.0,5,1.0,1.0,5,1.0,1.0,5
COVER__test__3431.pgm,3431.pgm,COVER,0,MULTI_CANDIDATE,WOW,S-UNIWARD,WOW,S-UNIWARD,HILL,HUGO,MiPOD,,"WOW,S-UNIWARD,HILL,HUGO,MiPOD",5,0,1.0,1.0,0.0,1.0,1.0,5,1.0,1.0,5,1.0,1.0,5,1.0,1.0,5,1.0,1.0,5
COVER__test__3432.pgm,3432.pgm,COVER,0,MULTI_CANDIDATE,S-UNIWARD,HILL,S-UNIWARD,HILL,HUGO,MiPOD,WOW,,"S-UNIWARD,HILL,HUGO,MiPOD,WOW",5,0,1.0,1.0,0.0,0.9067153600450638,0.8,4,1.0,1.0,5,1.0,1.0,5,1.0,1.0,5,1.0,1.0,5
COVER__test__3439.pgm,3439.pgm,COVER,0,MULTI_CANDIDATE,WOW,S-UNIWARD,WOW,S-UNIWARD,HILL,HUGO,MiPOD,,"WOW,S-UNIWARD,HILL,HUGO,MiPOD",5,0,1.0,1.0,0.0,1.0,1.0,5,1.0,1.0,5,1.0,1.0,5,1.0,1.0,5,1.0,1.0,5
COVER__test__3444.pgm,3444.pgm,COVER,0,MULTI_CANDIDATE,WOW,S-UNIWARD,WOW,S-UNIWARD,HILL,HUGO,MiPOD,,"WOW,S-UNIWARD,HILL,HUGO,MiPOD",5,0,1.0,1.0,0.0,1.0,1.0,5,1.0,1.0,5,1.0,1.0,5,1.0,1.0,5,1.0,1.0,5
COVER__test__345.pgm,345.pgm,COVER,0,MULTI_CANDIDATE,WOW,S-UNIWARD,WOW,S-UNIWARD,HILL,HUGO,MiPOD,,"WOW,S-UNIWARD,HILL,HUGO,MiPOD",5,0,1.0,1.0,0.0,1.0,1.0,5,1.0,1.0,5,1.0,1.0,5,1.0,1.0,5,1.0,1.0,5
COVER__test__3450.pgm,3450.pgm,COVER,0,MULTI_CANDIDATE,WOW,S-UNIWARD,WOW,S-UNIWARD,HILL,HUGO,MiPOD,,"WOW,S-UNIWARD,HILL,HUGO,MiPOD",5,0,1.0,1.0,0.0,1.0,1.0,5,1.0,1.0,5,1.0,1.0,5,1.0,1.0,5,1.0,1.0,5
COVER__test__3472.pgm,3472.pgm,COVER,0,UNKNOWN_OR_COVER,UNKNOWN,,MiPOD,HUGO,S-UNIWARD,HILL,WOW,,,0,0,0.8349043775028788,0.8185549064671038,0.016349471035775,0.48455969592016956,0.2,1,0.7786143246140173,0.4,2,0.7103516262417612,0.4,2,0.8185549064671038,0.4,2,0.8349043775028788,0.4,2
COVER__test__3477.pgm,3477.pgm,COVER,0,MULTI_CANDIDATE,S-UNIWARD,HILL,S-UNIWARD,HILL,MiPOD,WOW,HUGO,,"S-UNIWARD,HILL,MiPOD,WOW,HUGO",5,0,1.0,1.0,0.0,0.9239016480483746,0.8,4,1.0,1.0,5,1.0,1.0,5,0.9021252014033749,0.8,4,1.0,1.0,5
COVER__test__350.pgm,350.pgm,COVER,0,MULTI_CANDIDATE,S-UNIWARD,HILL,S-UNIWARD,HILL,HUGO,MiPOD,WOW,,"S-UNIWARD,HILL,HUGO,MiPOD,WOW",5,0,1.0,1.0,0.0,0.9865583301201435,0.8,4,1.0,1.0,5,1.0,1.0,5,1.0,1.0,5,1.0,1.0,5
COVER__test__3504.pgm,3504.pgm,COVER,0,UNKNOWN_OR_COVER,UNKNOWN,,HUGO,S-UNIWARD,MiPOD,HILL,WOW,,,0,0,0.8254056723802687,0.7718978274466594,0.05350784493360938,0.41831356652198803,0.0,0,0.7718978274466594,0.0,0,0.6772321815502811,0.0,0,0.8254056723802687,0.4,2,0.7630581844562664,0.0,0
COVER__test__3520.pgm,3520.pgm,COVER,0,UNKNOWN_OR_COVER,UNKNOWN,,HUGO,S-UNIWARD,MiPOD,HILL,WOW,,,0,0,0.8134814096338893,0.7637326106849696,0.049748798948919704,0.41673871238082916,0.2,1,0.7637326106849696,0.4,2,0.6774273797187371,0.4,2,0.8134814096338893,0.4,2,0.7635996568032075,0.4,2
COVER__test__3531.pgm,3531.pgm,COVER,0,UNKNOWN_OR_COVER,UNKNOWN,,HUGO,S-UNIWARD,MiPOD,HILL,WOW,,,0,0,0.8176889797541689,0.7744430375504104,0.043245942203758436,0.4415051065716888,0.2,1,0.7744430375504104,0.2,1,0.6814751582668952,0.6,3,0.8176889797541689,0.6,3,0.7699648356986405,0.6,3
COVER__test__3542.pgm,3542.pgm,COVER,0,MULTI_CANDIDATE,HILL,MiPOD,HILL,MiPOD,S-UNIWARD,HUGO,WOW,,"HILL,MiPOD",2,0,1.0,1.0,0.0,0.8152670816198354,0.6,3,0.8676294679653973,0.8,4,1.0,1.0,5,0.8369307190469538,0.8,4,1.0,1.0,5
COVER__test__3556.pgm,3556.pgm,COVER,0,UNKNOWN_OR_COVER,UNKNOWN,,HUGO,MiPOD,S-UNIWARD,HILL,WOW,,,0,0,0.824303982781555,0.7685958803824974,0.05570810239905766,0.4196203381098429,0.2,1,0.7678407614120081,0.2,1,0.6819383535537168,0.4,2,0.824303982781555,0.4,2,0.7685958803824974,0.4,2
COVER__test__3560.pgm,3560.pgm,COVER,0,SINGLE_CANDIDATE,HUGO,,HUGO,S-UNIWARD,MiPOD,HILL,WOW,,HUGO,1,0,1.0,0.8550533608904779,0.1449466391095221,0.5924449294568421,0.4,2,0.8550533608904779,0.4,2,0.7365902857369189,0.4,2,1.0,1.0,5,0.8490893614677107,0.6,3
COVER__test__3564.pgm,3564.pgm,COVER,0,UNKNOWN_OR_COVER,UNKNOWN,,HILL,MiPOD,HUGO,S-UNIWARD,WOW,,,0,0,0.8804062332476876,0.869987589768151,0.010418643479536582,0.6067484573700729,0.4,2,0.8310760291159127,0.6,3,0.8804062332476876,0.6,3,0.8319521057402245,0.6,3,0.869987589768151,0.6,3
COVER__test__3567.pgm,3567.pgm,COVER,0,MULTI_CANDIDATE,HUGO,S-UNIWARD,HUGO,S-UNIWARD,MiPOD,HILL,WOW,,"HUGO,S-UNIWARD",2,0,1.0,0.9010181590468148,0.09898184095318519,0.5338272538741613,0.4,2,0.9010181590468148,0.0,0,0.629630568061526,0.4,2,1.0,1.0,5,0.7788572627165975,0.6,3
COVER__test__3570.pgm,3570.pgm,COVER,0,MULTI_CANDIDATE,HILL,MiPOD,HILL,MiPOD,S-UNIWARD,WOW,HUGO,,"HILL,MiPOD,S-UNIWARD",3,0,1.0,1.0,0.0,0.8478054161327764,0.8,4,0.9104247520855939,0.8,4,1.0,1.0,5,0.83476051243095,0.8,4,1.0,1.0,5
COVER__test__358.pgm,358.pgm,COVER,0,MULTI_CANDIDATE,HILL,HUGO,HILL,HUGO,MiPOD,S-UNIWARD,WOW,,"HILL,HUGO,MiPOD,S-UNIWARD",4,0,1.0,1.0,0.0,0.8258815887034736,0.8,4,0.9539251772085529,0.8,4,1.0,1.0,5,1.0,1.0,5,1.0,1.0,5
COVER__test__3581.pgm,3581.pgm,COVER,0,MULTI_CANDIDATE,HILL,MiPOD,HILL,MiPOD,S-UNIWARD,HUGO,WOW,,"HILL,MiPOD",2,0,0.9270061752153183,0.9110710626115134,0.01593511260380487,0.7519796237884874,0.4,2,0.8707056726287128,0.8,4,0.9270061752153183,0.8,4,0.8382445515931496,0.8,4,0.9110710626115134,0.8,4
COVER__test__3588.pgm,3588.pgm,COVER,0,SINGLE_CANDIDATE,S-UNIWARD,,S-UNIWARD,HUGO,MiPOD,HILL,WOW,,S-UNIWARD,1,0,0.964636038060898,0.8314788929438123,0.13315714511708576,0.5533764375229329,0.4,2,0.964636038060898,0.6,3,0.6915341188469595,0.6,3,0.8314788929438123,0.6,3,0.7741142461903674,0.6,3
COVER__test__3589.pgm,3589.pgm,COVER,0,UNKNOWN_OR_COVER,UNKNOWN,,HUGO,MiPOD,S-UNIWARD,HILL,WOW,,,0,0,0.8132035333582692,0.7610563747345646,0.05214715862370467,0.4151004462693121,0.2,1,0.7603536118177487,0.2,1,0.6750045597762155,0.4,2,0.8132035333582692,0.4,2,0.7610563747345646,0.4,2
COVER__test__3591.pgm,3591.pgm,COVER,0,MULTI_CANDIDATE,S-UNIWARD,HUGO,S-UNIWARD,HUGO,MiPOD,HILL,WOW,,"S-UNIWARD,HUGO,MiPOD,HILL",4,0,1.0,1.0,0.0,0.8328118448637138,0.8,4,1.0,1.0,5,0.9843192951101228,0.8,4,1.0,1.0,5,1.0,1.0,5
COVER__test__3595.pgm,3595.pgm,COVER,0,MULTI_CANDIDATE,HILL,MiPOD,HILL,MiPOD,S-UNIWARD,HUGO,WOW,,"HILL,MiPOD,S-UNIWARD",3,0,1.0,1.0,0.0,0.8233628879405248,0.8,4,0.9967138491447143,0.8,4,1.0,1.0,5,0.8370778142681182,0.8,4,1.0,1.0,5
COVER__test__3608.pgm,3608.pgm,COVER,0,UNKNOWN_OR_COVER,UNKNOWN,,HUGO,MiPOD,S-UNIWARD,HILL,WOW,,,0,0,0.8162246853153029,0.7643283264169975,0.05189635889830535,0.4168034678325913,0.2,1,0.7614822519429312,0.2,1,0.6783276535924971,0.4,2,0.8162246853153029,0.4,2,0.7643283264169975,0.4,2
COVER__test__361.pgm,361.pgm,COVER,0,UNKNOWN_OR_COVER,UNKNOWN,,HUGO,S-UNIWARD,MiPOD,HILL,WOW,,,0,0,0.8216538197240307,0.7769087684365171,0.044745051287513604,0.42030857647323827,0.2,1,0.7769087684365171,0.2,1,0.6783668435188482,0.2,1,0.8216538197240307,0.2,1,0.7622893176226061,0.2,1
COVER__test__3630.pgm,3630.pgm,COVER,0,UNKNOWN_OR_COVER,UNKNOWN,,MiPOD,HUGO,S-UNIWARD,HILL,WOW,,,0,0,0.8497644362374462,0.8319654095910437,0.017799026646402538,0.4860201162581765,0.2,1,0.8207856240953919,0.4,2,0.7288259412502152,0.6,3,0.8319654095910437,0.8,4,0.8497644362374462,0.8,4
COVER__test__3632.pgm,3632.pgm,COVER,0,UNKNOWN_OR_COVER,UNKNOWN,,HUGO,MiPOD,S-UNIWARD,HILL,WOW,,,0,0,0.8101450694527736,0.7605943787514254,0.04955069070134821,0.41481005261445897,0.2,1,0.7570996028380403,0.2,1,0.6756926538202945,0.4,2,0.8101450694527736,0.2,1,0.7605943787514254,0.4,2
COVER__test__3642.pgm,3642.pgm,COVER,0,UNKNOWN_OR_COVER,UNKNOWN,,HUGO,MiPOD,S-UNIWARD,HILL,WOW,,,0,0,0.8139928610327422,0.761395634400209,0.05259722663253319,0.41560238936359417,0.0,0,0.7588540740723309,0.0,0,0.6766377130014736,0.2,1,0.8139928610327422,0.2,1,0.761395634400209,0.0,0
COVER__test__3643.pgm,3643.pgm,COVER,0,UNKNOWN_OR_COVER,UNKNOWN,,HUGO,MiPOD,S-UNIWARD,HILL,WOW,,,0,0,0.8151069390623544,0.7644874418623309,0.05061949720002357,0.4169504961222462,0.2,1,0.7579347197846562,0.2,1,0.6792219072870462,0.2,1,0.8151069390623544,0.4,2,0.7644874418623309,0.2,1
COVER__test__3653.pgm,3653.pgm,COVER,0,SINGLE_CANDIDATE,HUGO,,HUGO,MiPOD,S-UNIWARD,HILL,WOW,,HUGO,1,0,0.9409296108091277,0.766468465142912,0.17446114566621573,0.4183611415787774,0.2,1,0.7656166541856196,0.2,1,0.6803950432000759,0.4,2,0.9409296108091277,0.4,2,0.766468465142912,0.4,2
COVER__test__3656.pgm,3656.pgm,COVER,0,MULTI_CANDIDATE,HUGO,S-UNIWARD,HUGO,S-UNIWARD,MiPOD,HILL,WOW,,"HUGO,S-UNIWARD",2,0,1.0,0.9506139389837738,0.049386061016226224,0.6136188934343833,0.4,2,0.9506139389837738,0.8,4,0.7548822554237022,0.6,3,1.0,1.0,5,0.8656797120168955,0.8,4
COVER__test__3658.pgm,3658.pgm,COVER,0,UNKNOWN_OR_COVER,UNKNOWN,,S-UNIWARD,HUGO,MiPOD,HILL,WOW,,,0,0,0.8548612161670871,0.8392364207325128,0.01562479543457429,0.5192800244185138,0.2,1,0.8548612161670871,0.6,3,0.7133985265945131,0.6,3,0.8392364207325128,0.8,4,0.8149169735840411,0.6,3
COVER__test__3664.pgm,3664.pgm,COVER,0,MULTI_CANDIDATE,HUGO,MiPOD,HUGO,MiPOD,S-UNIWARD,HILL,WOW,,"HUGO,MiPOD",2,0,0.9985833605362926,0.9396481757087466,0.058935184827546006,0.675144950972894,0.4,2,0.8862893629134627,0.8,4,0.8226788566323615,0.6,3,0.9985833605362926,0.8,4,0.9396481757087466,0.8,4
COVER__test__3673.pgm,3673.pgm,COVER,0,UNKNOWN_OR_COVER,UNKNOWN,,HUGO,MiPOD,S-UNIWARD,HILL,WOW,,,0,0,0.8121118981455403,0.7606458936517116,0.051466004493828654,0.4150007355162687,0.2,1,0.7584370951516174,0.2,1,0.6747149304467586,0.2,1,0.8121118981455403,0.2,1,0.7606458936517116,0.2,1
COVER__test__3674.pgm,3674.pgm,COVER,0,MULTI_CANDIDATE,WOW,S-UNIWARD,WOW,S-UNIWARD,HILL,MiPOD,HUGO,,"WOW,S-UNIWARD,HILL,MiPOD,HUGO",5,0,1.0,1.0,0.0,1.0,1.0,5,1.0,1.0,5,1.0,1.0,5,0.9656435840482729,0.8,4,1.0,1.0,5
COVER__test__3678.pgm,3678.pgm,COVER,0,UNKNOWN_OR_COVER,UNKNOWN,,HUGO,MiPOD,S-UNIWARD,HILL,WOW,,,0,0,0.8061969233331634,0.7601434481407304,0.04605347519243297,0.4134768795376589,0.2,1,0.7580266663053772,0.2,1,0.6723580817912203,0.4,2,0.8061969233331634,0.4,2,0.7601434481407304,0.4,2
COVER__test__368.pgm,368.pgm,COVER,0,MULTI_CANDIDATE,WOW,S-UNIWARD,WOW,S-UNIWARD,HILL,HUGO,MiPOD,,"WOW,S-UNIWARD,HILL,HUGO,MiPOD",5,0,1.0,1.0,0.0,1.0,1.0,5,1.0,1.0,5,1.0,1.0,5,1.0,1.0,5,1.0,1.0,5
COVER__test__3703.pgm,3703.pgm,COVER,0,SINGLE_CANDIDATE,HUGO,,HUGO,MiPOD,S-UNIWARD,HILL,WOW,,HUGO,1,0,0.9953641858088893,0.840325483840634,0.1550387019682553,0.5025178444000862,0.2,1,0.8292517207211256,0.6,3,0.7060314948439022,0.0,0,0.9953641858088893,0.8,4,0.840325483840634,0.2,1
COVER__test__3716.pgm,3716.pgm,COVER,0,MULTI_CANDIDATE,S-UNIWARD,HILL,S-UNIWARD,HILL,HUGO,MiPOD,WOW,,"S-UNIWARD,HILL,HUGO,MiPOD,WOW",5,0,1.0,1.0,0.0,0.917105734561163,0.8,4,1.0,1.0,5,1.0,1.0,5,1.0,1.0,5,1.0,1.0,5
COVER__test__3728.pgm,3728.pgm,COVER,0,SINGLE_CANDIDATE,HUGO,,HUGO,MiPOD,S-UNIWARD,HILL,WOW,,HUGO,1,0,1.0,0.867800213670753,0.132199786329247,0.529050883585139,0.2,1,0.8438655237662399,0.6,3,0.7461497953018303,0.6,3,1.0,1.0,5,0.867800213670753,0.8,4
COVER__test__3738.pgm,3738.pgm,COVER,0,MULTI_CANDIDATE,WOW,S-UNIWARD,WOW,S-UNIWARD,HILL,HUGO,MiPOD,,"WOW,S-UNIWARD,HILL,HUGO,MiPOD",5,0,1.0,1.0,0.0,1.0,1.0,5,1.0,1.0,5,1.0,1.0,5,1.0,1.0,5,1.0,1.0,5
COVER__test__3764.pgm,3764.pgm,COVER,0,MULTI_CANDIDATE,WOW,MiPOD,WOW,MiPOD,HILL,S-UNIWARD,HUGO,,"WOW,MiPOD,HILL",3,0,1.0,0.9847308012865387,0.01526919871346133,1.0,1.0,5,0.8932655880811259,0.6,3,0.9846899380702994,0.8,4,0.69774220204263,0.6,3,0.9847308012865387,0.8,4
COVER__test__3774.pgm,3774.pgm,COVER,0,UNKNOWN_OR_COVER,UNKNOWN,,HUGO,MiPOD,S-UNIWARD,HILL,WOW,,,0,0,0.8187667651461176,0.7623049437617249,0.05646182138439271,0.4170455665058599,0.0,0,0.7606771922078333,0.0,0,0.6778915032527675,0.0,0,0.8187667651461176,0.0,0,0.7623049437617249,0.0,0
COVER__test__378.pgm,378.pgm,COVER,0,MULTI_CANDIDATE,S-UNIWARD,HILL,S-UNIWARD,HILL,HUGO,MiPOD,WOW,,"S-UNIWARD,HILL,HUGO,MiPOD,WOW",5,0,1.0,1.0,0.0,0.9993594887349154,0.8,4,1.0,1.0,5,1.0,1.0,5,1.0,1.0,5,1.0,1.0,5
COVER__test__3797.pgm,3797.pgm,COVER,0,MULTI_CANDIDATE,S-UNIWARD,HUGO,S-UNIWARD,HUGO,MiPOD,HILL,WOW,,"S-UNIWARD,HUGO,MiPOD,HILL",4,0,1.0,1.0,0.0,0.8684475197254592,0.8,4,1.0,1.0,5,0.9943528937561984,0.8,4,1.0,1.0,5,1.0,1.0,5
COVER__test__3799.pgm,3799.pgm,COVER,0,MULTI_CANDIDATE,WOW,S-UNIWARD,WOW,S-UNIWARD,HILL,HUGO,MiPOD,,"WOW,S-UNIWARD,HILL,HUGO,MiPOD",5,0,1.0,1.0,0.0,1.0,1.0,5,1.0,1.0,5,1.0,1.0,5,1.0,1.0,5,1.0,1.0,5
COVER__test__3800.pgm,3800.pgm,COVER,0,MULTI_CANDIDATE,HUGO,S-UNIWARD,HUGO,S-UNIWARD,MiPOD,HILL,WOW,,"HUGO,S-UNIWARD",2,0,0.980686411694462,0.9272302039686318,0.05345620772583026,0.5365121899191866,0.4,2,0.9272302039686318,0.6,3,0.6795334770464158,0.6,3,0.980686411694462,0.8,4,0.766315585434979,0.6,3
COVER__test__3801.pgm,3801.pgm,COVER,0,MULTI_CANDIDATE,S-UNIWARD,HILL,S-UNIWARD,HILL,HUGO,MiPOD,WOW,,"S-UNIWARD,HILL,HUGO,MiPOD",4,0,1.0,1.0,0.0,0.8665071054212206,0.8,4,1.0,1.0,5,1.0,1.0,5,1.0,1.0,5,1.0,1.0,5
COVER__test__3802.pgm,3802.pgm,COVER,0,MULTI_CANDIDATE,S-UNIWARD,HILL,S-UNIWARD,HILL,HUGO,MiPOD,WOW,,"S-UNIWARD,HILL,HUGO,MiPOD,WOW",5,0,1.0,1.0,0.0,0.9018711790328512,0.8,4,1.0,1.0,5,1.0,1.0,5,1.0,1.0,5,0.9993741811102528,0.8,4
COVER__test__3805.pgm,3805.pgm,COVER,0,MULTI_CANDIDATE,HILL,S-UNIWARD,HILL,S-UNIWARD,MiPOD,WOW,HUGO,,"HILL,S-UNIWARD,MiPOD,WOW",4,0,0.9943007839776665,0.9940573011852021,0.00024348279246444449,0.9254432230299153,0.6,3,0.9940573011852021,0.8,4,0.9943007839776665,0.8,4,0.8304443688707435,0.8,4,0.993705945199902,0.8,4
COVER__test__3808.pgm,3808.pgm,COVER,0,SINGLE_CANDIDATE,S-UNIWARD,,S-UNIWARD,MiPOD,HUGO,HILL,WOW,,S-UNIWARD,1,0,0.932723694340957,0.8307748559806077,0.10194883836034929,0.555961177590089,0.2,1,0.932723694340957,0.6,3,0.7030487967869468,0.4,2,0.8140905998307677,0.6,3,0.8307748559806077,0.6,3
COVER__test__3815.pgm,3815.pgm,COVER,0,MULTI_CANDIDATE,S-UNIWARD,HILL,S-UNIWARD,HILL,MiPOD,WOW,HUGO,,"S-UNIWARD,HILL,MiPOD,WOW",4,0,1.0,1.0,0.0,0.9863520840194802,0.8,4,1.0,1.0,5,1.0,1.0,5,0.8666037088261698,0.8,4,1.0,1.0,5
COVER__test__3822.pgm,3822.pgm,COVER,0,MULTI_CANDIDATE,S-UNIWARD,HILL,S-UNIWARD,HILL,MiPOD,HUGO,WOW,,"S-UNIWARD,HILL,MiPOD,HUGO",4,0,1.0,1.0,0.0,0.8608749065362014,0.8,4,1.0,1.0,5,1.0,1.0,5,0.9487395028102587,0.8,4,1.0,1.0,5
COVER__test__3823.pgm,3823.pgm,COVER,0,MULTI_CANDIDATE,S-UNIWARD,HILL,S-UNIWARD,HILL,HUGO,MiPOD,WOW,,"S-UNIWARD,HILL,HUGO,MiPOD,WOW",5,0,1.0,1.0,0.0,0.9413322671930849,0.8,4,1.0,1.0,5,1.0,1.0,5,1.0,1.0,5,1.0,1.0,5
COVER__test__3827.pgm,3827.pgm,COVER,0,MULTI_CANDIDATE,WOW,S-UNIWARD,WOW,S-UNIWARD,HILL,HUGO,MiPOD,,"WOW,S-UNIWARD,HILL,HUGO,MiPOD",5,0,1.0,1.0,0.0,1.0,1.0,5,1.0,1.0,5,1.0,1.0,5,1.0,1.0,5,1.0,1.0,5
COVER__test__3829.pgm,3829.pgm,COVER,0,MULTI_CANDIDATE,HILL,S-UNIWARD,HILL,S-UNIWARD,MiPOD,WOW,HUGO,,"HILL,S-UNIWARD,MiPOD,WOW",4,0,1.0,0.9998860445542774,0.00011395544572256888,0.9538072814010057,0.6,3,0.9998860445542774,0.8,4,1.0,1.0,5,0.831358801938179,0.8,4,0.9995241351713109,0.8,4
COVER__test__3833.pgm,3833.pgm,COVER,0,MULTI_CANDIDATE,WOW,S-UNIWARD,WOW,S-UNIWARD,HILL,MiPOD,HUGO,,"WOW,S-UNIWARD,HILL,MiPOD,HUGO",5,0,1.0,1.0,0.0,1.0,1.0,5,1.0,1.0,5,1.0,1.0,5,0.9891561088801772,0.8,4,1.0,1.0,5
COVER__test__3838.pgm,3838.pgm,COVER,0,MULTI_CANDIDATE,HILL,S-UNIWARD,HILL,S-UNIWARD,MiPOD,WOW,HUGO,,"HILL,S-UNIWARD,MiPOD,WOW",4,0,0.9944534613700838,0.9942097872540584,0.00024367411602543854,0.9850103331651147,0.6,3,0.9942097872540584,0.8,4,0.9944534613700838,0.8,4,0.830468291403416,0.8,4,0.9938581551807542,0.8,4
COVER__test__3846.pgm,3846.pgm,COVER,0,UNKNOWN_OR_COVER,UNKNOWN,,S-UNIWARD,HUGO,MiPOD,HILL,WOW,,,0,0,0.8756046865285512,0.8249047809090954,0.05069990561945581,0.5317196796846184,0.4,2,0.8756046865285512,0.4,2,0.6832150854158209,0.6,3,0.8249047809090954,0.6,3,0.7716989655113747,0.6,3
COVER__test__3857.pgm,3857.pgm,COVER,0,UNKNOWN_OR_COVER,UNKNOWN,,HUGO,MiPOD,S-UNIWARD,HILL,WOW,,,0,0,0.8059862836618322,0.7562181230463406,0.04976816061549161,0.4130006049800663,0.2,1,0.7543690907902639,0.2,1,0.6710450232394958,0.2,1,0.8059862836618322,0.0,0,0.7562181230463406,0.2,1
COVER__test__3860.pgm,3860.pgm,COVER,0,SINGLE_CANDIDATE,HUGO,,HUGO,S-UNIWARD,MiPOD,HILL,WOW,,HUGO,1,0,1.0,0.7590942557029343,0.24090574429706568,0.41903450196121755,0.0,0,0.7590942557029343,0.0,0,0.6030662332034489,0.4,2,1.0,1.0,5,0.7496167433598255,0.4,2
COVER__test__3865.pgm,3865.pgm,COVER,0,UNKNOWN_OR_COVER,UNKNOWN,,HUGO,MiPOD,S-UNIWARD,HILL,WOW,,,0,0,0.8108391956579277,0.7603538630199604,0.050485332637967284,0.41482642116159874,0.2,1,0.7595093261709369,0.2,1,0.6749155586580493,0.4,2,0.8108391956579277,0.2,1,0.7603538630199604,0.4,2
COVER__test__3903.pgm,3903.pgm,COVER,0,MULTI_CANDIDATE,HILL,MiPOD,HILL,MiPOD,S-UNIWARD,HUGO,WOW,,"HILL,MiPOD,S-UNIWARD",3,0,1.0,1.0,0.0,0.8396108279669752,0.8,4,0.9745139590144432,0.8,4,1.0,1.0,5,0.8559424720224083,0.8,4,1.0,1.0,5
COVER__test__3907.pgm,3907.pgm,COVER,0,MULTI_CANDIDATE,WOW,S-UNIWARD,WOW,S-UNIWARD,HILL,HUGO,MiPOD,,"WOW,S-UNIWARD,HILL,HUGO,MiPOD",5,0,1.0,1.0,0.0,1.0,1.0,5,1.0,1.0,5,1.0,1.0,5,1.0,1.0,5,1.0,1.0,5
COVER__test__3915.pgm,3915.pgm,COVER,0,MULTI_CANDIDATE,MiPOD,HUGO,MiPOD,HUGO,HILL,S-UNIWARD,WOW,,"MiPOD,HUGO,HILL",3,0,1.0,0.9943570039217853,0.005642996078214724,0.7752088452661997,0.6,3,0.8459155220511647,0.8,4,0.9514801298272694,0.8,4,0.9943570039217853,0.8,4,1.0,1.0,5
COVER__test__3922.pgm,3922.pgm,COVER,0,MULTI_CANDIDATE,WOW,S-UNIWARD,WOW,S-UNIWARD,HILL,HUGO,MiPOD,,"WOW,S-UNIWARD,HILL,HUGO,MiPOD",5,0,1.0,1.0,0.0,1.0,1.0,5,1.0,1.0,5,1.0,1.0,5,1.0,1.0,5,1.0,1.0,5
COVER__test__393.pgm,393.pgm,COVER,0,SINGLE_CANDIDATE,HUGO,,HUGO,MiPOD,S-UNIWARD,HILL,WOW,,HUGO,1,0,0.9805617843204344,0.7613171569756407,0.21924462734479366,0.41548116038740945,0.2,1,0.756945395865346,0.2,1,0.67655050347465,0.2,1,0.9805617843204344,0.4,2,0.7613171569756407,0.2,1
COVER__test__3930.pgm,3930.pgm,COVER,0,MULTI_CANDIDATE,WOW,S-UNIWARD,WOW,S-UNIWARD,HILL,MiPOD,HUGO,,"WOW,S-UNIWARD,HILL,MiPOD,HUGO",5,0,1.0,1.0,0.0,1.0,1.0,5,1.0,1.0,5,1.0,1.0,5,0.9790005713937682,0.8,4,1.0,1.0,5
COVER__test__3934.pgm,3934.pgm,COVER,0,MULTI_CANDIDATE,WOW,S-UNIWARD,WOW,S-UNIWARD,HILL,HUGO,MiPOD,,"WOW,S-UNIWARD,HILL,HUGO,MiPOD",5,0,1.0,1.0,0.0,1.0,1.0,5,1.0,1.0,5,1.0,1.0,5,1.0,1.0,5,1.0,1.0,5
COVER__test__3935.pgm,3935.pgm,COVER,0,MULTI_CANDIDATE,WOW,S-UNIWARD,WOW,S-UNIWARD,HILL,HUGO,MiPOD,,"WOW,S-UNIWARD,HILL,HUGO,MiPOD",5,0,1.0,1.0,0.0,1.0,1.0,5,1.0,1.0,5,1.0,1.0,5,1.0,1.0,5,1.0,1.0,5
COVER__test__3938.pgm,3938.pgm,COVER,0,MULTI_CANDIDATE,WOW,S-UNIWARD,WOW,S-UNIWARD,HILL,HUGO,MiPOD,,"WOW,S-UNIWARD,HILL,HUGO,MiPOD",5,0,1.0,1.0,0.0,1.0,1.0,5,1.0,1.0,5,1.0,1.0,5,1.0,1.0,5,1.0,1.0,5
COVER__test__3940.pgm,3940.pgm,COVER,0,MULTI_CANDIDATE,WOW,S-UNIWARD,WOW,S-UNIWARD,HILL,HUGO,MiPOD,,"WOW,S-UNIWARD,HILL,HUGO,MiPOD",5,0,1.0,1.0,0.0,1.0,1.0,5,1.0,1.0,5,1.0,1.0,5,1.0,1.0,5,1.0,1.0,5
COVER__test__3959.pgm,3959.pgm,COVER,0,MULTI_CANDIDATE,WOW,S-UNIWARD,WOW,S-UNIWARD,HILL,HUGO,MiPOD,,"WOW,S-UNIWARD,HILL,HUGO,MiPOD",5,0,1.0,1.0,0.0,1.0,1.0,5,1.0,1.0,5,1.0,1.0,5,1.0,1.0,5,1.0,1.0,5
COVER__test__3964.pgm,3964.pgm,COVER,0,MULTI_CANDIDATE,WOW,S-UNIWARD,WOW,S-UNIWARD,HILL,HUGO,MiPOD,,"WOW,S-UNIWARD,HILL,HUGO,MiPOD",5,0,1.0,1.0,0.0,1.0,1.0,5,1.0,1.0,5,1.0,1.0,5,1.0,1.0,5,1.0,1.0,5
COVER__test__40.pgm,40.pgm,COVER,0,UNKNOWN_OR_COVER,UNKNOWN,,HUGO,MiPOD,S-UNIWARD,HILL,WOW,,,0,0,0.8118991422762087,0.7599165064714135,0.05198263580479523,0.41486489658152725,0.2,1,0.757962643032128,0.2,1,0.6741993019142782,0.2,1,0.8118991422762087,0.0,0,0.7599165064714135,0.2,1
COVER__test__4009.pgm,4009.pgm,COVER,0,MULTI_CANDIDATE,S-UNIWARD,HILL,S-UNIWARD,HILL,MiPOD,HUGO,WOW,,"S-UNIWARD,HILL,MiPOD,HUGO,WOW",5,0,1.0,1.0,0.0,0.9285077711523302,0.8,4,1.0,1.0,5,1.0,1.0,5,0.9920081051013806,0.8,4,1.0,1.0,5
COVER__test__4011.pgm,4011.pgm,COVER,0,MULTI_CANDIDATE,S-UNIWARD,HILL,S-UNIWARD,HILL,HUGO,MiPOD,WOW,,"S-UNIWARD,HILL,HUGO,MiPOD",4,0,1.0,1.0,0.0,0.8410152750087173,0.8,4,1.0,1.0,5,1.0,1.0,5,1.0,1.0,5,1.0,1.0,5
COVER__test__4023.pgm,4023.pgm,COVER,0,MULTI_CANDIDATE,WOW,S-UNIWARD,WOW,S-UNIWARD,HILL,HUGO,MiPOD,,"WOW,S-UNIWARD,HILL,HUGO,MiPOD",5,0,1.0,1.0,0.0,1.0,1.0,5,1.0,1.0,5,1.0,1.0,5,1.0,1.0,5,1.0,1.0,5
COVER__test__4047.pgm,4047.pgm,COVER,0,MULTI_CANDIDATE,WOW,S-UNIWARD,WOW,S-UNIWARD,HILL,MiPOD,HUGO,,"WOW,S-UNIWARD,HILL,MiPOD,HUGO",5,0,1.0,1.0,0.0,1.0,1.0,5,1.0,1.0,5,1.0,1.0,5,0.9945388741937811,0.8,4,1.0,1.0,5
COVER__test__4052.pgm,4052.pgm,COVER,0,MULTI_CANDIDATE,WOW,S-UNIWARD,WOW,S-UNIWARD,HILL,HUGO,MiPOD,,"WOW,S-UNIWARD,HILL,HUGO,MiPOD",5,0,1.0,1.0,0.0,1.0,1.0,5,1.0,1.0,5,1.0,1.0,5,1.0,1.0,5,1.0,1.0,5
COVER__test__4061.pgm,4061.pgm,COVER,0,MULTI_CANDIDATE,WOW,S-UNIWARD,WOW,S-UNIWARD,HILL,MiPOD,HUGO,,"WOW,S-UNIWARD,HILL,MiPOD,HUGO",5,0,1.0,1.0,0.0,1.0,1.0,5,1.0,1.0,5,1.0,1.0,5,0.9963669634567516,0.8,4,1.0,1.0,5
COVER__test__4087.pgm,4087.pgm,COVER,0,MULTI_CANDIDATE,WOW,S-UNIWARD,WOW,S-UNIWARD,HILL,HUGO,MiPOD,,"WOW,S-UNIWARD,HILL,HUGO,MiPOD",5,0,1.0,1.0,0.0,1.0,1.0,5,1.0,1.0,5,1.0,1.0,5,1.0,1.0,5,1.0,1.0,5
COVER__test__4095.pgm,4095.pgm,COVER,0,MULTI_CANDIDATE,WOW,S-UNIWARD,WOW,S-UNIWARD,HILL,HUGO,MiPOD,,"WOW,S-UNIWARD,HILL,HUGO,MiPOD",5,0,1.0,1.0,0.0,1.0,1.0,5,1.0,1.0,5,1.0,1.0,5,1.0,1.0,5,1.0,1.0,5
COVER__test__4097.pgm,4097.pgm,COVER,0,MULTI_CANDIDATE,HUGO,S-UNIWARD,HUGO,S-UNIWARD,MiPOD,HILL,WOW,,"HUGO,S-UNIWARD",2,0,0.9790752035229365,0.9352011105220022,0.04387409300093437,0.760709871547665,0.6,3,0.9352011105220022,0.8,4,0.8227430796341488,0.6,3,0.9790752035229365,0.8,4,0.8361310973606763,0.8,4
COVER__test__4102.pgm,4102.pgm,COVER,0,MULTI_CANDIDATE,S-UNIWARD,WOW,S-UNIWARD,WOW,HILL,MiPOD,HUGO,,"S-UNIWARD,WOW,HILL,MiPOD",4,0,1.0,0.9452527522461146,0.0547472477538854,0.9452527522461146,0.8,4,1.0,1.0,5,0.9409918857750721,0.8,4,0.8640679770707216,0.8,4,0.9233020248510687,0.8,4
COVER__test__4108.pgm,4108.pgm,COVER,0,MULTI_CANDIDATE,WOW,S-UNIWARD,WOW,S-UNIWARD,HILL,HUGO,MiPOD,,"WOW,S-UNIWARD,HILL,HUGO,MiPOD",5,0,1.0,1.0,0.0,1.0,1.0,5,1.0,1.0,5,1.0,1.0,5,1.0,1.0,5,1.0,1.0,5
COVER__test__4109.pgm,4109.pgm,COVER,0,MULTI_CANDIDATE,WOW,S-UNIWARD,WOW,S-UNIWARD,HILL,HUGO,MiPOD,,"WOW,S-UNIWARD,HILL,HUGO,MiPOD",5,0,1.0,1.0,0.0,1.0,1.0,5,1.0,1.0,5,1.0,1.0,5,1.0,1.0,5,1.0,1.0,5
COVER__test__4111.pgm,4111.pgm,COVER,0,MULTI_CANDIDATE,WOW,S-UNIWARD,WOW,S-UNIWARD,HILL,HUGO,MiPOD,,"WOW,S-UNIWARD,HILL,HUGO,MiPOD",5,0,1.0,1.0,0.0,1.0,1.0,5,1.0,1.0,5,1.0,1.0,5,1.0,1.0,5,1.0,1.0,5
COVER__test__4118.pgm,4118.pgm,COVER,0,MULTI_CANDIDATE,S-UNIWARD,HILL,S-UNIWARD,HILL,MiPOD,HUGO,WOW,,"S-UNIWARD,HILL,MiPOD,HUGO",4,0,1.0,1.0,0.0,0.8643008486645071,0.8,4,1.0,1.0,5,1.0,1.0,5,0.9598467832253694,0.8,4,0.9752723747764366,0.8,4
COVER__test__4120.pgm,4120.pgm,COVER,0,MULTI_CANDIDATE,WOW,S-UNIWARD,WOW,S-UNIWARD,HILL,MiPOD,HUGO,,"WOW,S-UNIWARD,HILL,MiPOD,HUGO",5,0,1.0,1.0,0.0,1.0,1.0,5,1.0,1.0,5,1.0,1.0,5,0.9849573135678312,0.8,4,1.0,1.0,5
COVER__test__4125.pgm,4125.pgm,COVER,0,MULTI_CANDIDATE,HILL,MiPOD,HILL,MiPOD,S-UNIWARD,HUGO,WOW,,"HILL,MiPOD,S-UNIWARD",3,0,1.0,1.0,0.0,0.863382867520998,0.8,4,0.9641397833961675,0.8,4,1.0,1.0,5,0.8790375484986438,0.8,4,1.0,1.0,5
COVER__test__4132.pgm,4132.pgm,COVER,0,MULTI_CANDIDATE,S-UNIWARD,HILL,S-UNIWARD,HILL,HUGO,MiPOD,WOW,,"S-UNIWARD,HILL,HUGO,MiPOD,WOW",5,0,1.0,1.0,0.0,0.9932798190287044,0.8,4,1.0,1.0,5,1.0,1.0,5,1.0,1.0,5,1.0,1.0,5
COVER__test__4134.pgm,4134.pgm,COVER,0,MULTI_CANDIDATE,HUGO,S-UNIWARD,HUGO,S-UNIWARD,HILL,MiPOD,WOW,,"HUGO,S-UNIWARD",2,0,0.9791365665415146,0.9352474393720802,0.04388912716943438,0.7582674179498469,0.6,3,0.9352474393720802,0.8,4,0.841328900846474,0.8,4,0.9791365665415146,0.8,4,0.8361434782663235,0.8,4
COVER__test__4140.pgm,4140.pgm,COVER,0,MULTI_CANDIDATE,HILL,HUGO,HILL,HUGO,MiPOD,S-UNIWARD,WOW,,"HILL,HUGO,MiPOD",3,0,1.0,1.0,0.0,0.8500786616703161,0.8,4,0.8986567422839833,0.8,4,1.0,1.0,5,1.0,1.0,5,0.9910482683740852,0.8,4
COVER__test__4149.pgm,4149.pgm,COVER,0,MULTI_CANDIDATE,WOW,S-UNIWARD,WOW,S-UNIWARD,HILL,HUGO,MiPOD,,"WOW,S-UNIWARD,HILL,HUGO,MiPOD",5,0,1.0,1.0,0.0,1.0,1.0,5,1.0,1.0,5,1.0,1.0,5,1.0,1.0,5,1.0,1.0,5
COVER__test__415.pgm,415.pgm,COVER,0,MULTI_CANDIDATE,S-UNIWARD,HILL,S-UNIWARD,HILL,HUGO,MiPOD,WOW,,"S-UNIWARD,HILL,HUGO,MiPOD",4,0,1.0,1.0,0.0,0.8279342211924595,0.8,4,1.0,1.0,5,1.0,1.0,5,1.0,1.0,5,1.0,1.0,5
COVER__test__4152.pgm,4152.pgm,COVER,0,MULTI_CANDIDATE,HILL,HUGO,HILL,HUGO,MiPOD,WOW,S-UNIWARD,,"HILL,HUGO,MiPOD,WOW,S-UNIWARD",5,0,1.0,1.0,0.0,0.9814701995037731,0.8,4,0.9375213056809842,0.8,4,1.0,1.0,5,1.0,1.0,5,1.0,1.0,5
COVER__test__4156.pgm,4156.pgm,COVER,0,UNKNOWN_OR_COVER,UNKNOWN,,MiPOD,S-UNIWARD,HUGO,HILL,WOW,,,0,0,0.8697532762559839,0.8345080186156139,0.03524525764037001,0.5008986976945916,0.2,1,0.8345080186156139,0.8,4,0.7474447262840027,0.4,2,0.8278915872510471,0.6,3,0.8697532762559839,0.6,3
COVER__test__4157.pgm,4157.pgm,COVER,0,MULTI_CANDIDATE,S-UNIWARD,HILL,S-UNIWARD,HILL,HUGO,MiPOD,WOW,,"S-UNIWARD,HILL,HUGO,MiPOD,WOW",5,0,1.0,1.0,0.0,0.9884247574284636,0.8,4,1.0,1.0,5,1.0,1.0,5,1.0,1.0,5,0.9957623978564778,0.8,4
COVER__test__4168.pgm,4168.pgm,COVER,0,MULTI_CANDIDATE,HILL,HUGO,HILL,HUGO,MiPOD,WOW,S-UNIWARD,,"HILL,HUGO,MiPOD,WOW",4,0,1.0,0.9993277049085425,0.0006722950914574977,0.9815344517649105,0.8,4,0.8651684507428486,0.8,4,1.0,1.0,5,0.9993277049085425,0.8,4,0.9947425313703467,0.8,4
COVER__test__417.pgm,417.pgm,COVER,0,MULTI_CANDIDATE,WOW,S-UNIWARD,WOW,S-UNIWARD,HILL,HUGO,MiPOD,,"WOW,S-UNIWARD,HILL,HUGO,MiPOD",5,0,1.0,1.0,0.0,1.0,1.0,5,1.0,1.0,5,1.0,1.0,5,1.0,1.0,5,1.0,1.0,5
COVER__test__4172.pgm,4172.pgm,COVER,0,MULTI_CANDIDATE,WOW,S-UNIWARD,WOW,S-UNIWARD,HILL,MiPOD,HUGO,,"WOW,S-UNIWARD,HILL,MiPOD,HUGO",5,0,1.0,1.0,0.0,1.0,1.0,5,1.0,1.0,5,1.0,1.0,5,0.9440838937868616,0.8,4,1.0,1.0,5
COVER__test__4176.pgm,4176.pgm,COVER,0,MULTI_CANDIDATE,S-UNIWARD,HILL,S-UNIWARD,HILL,HUGO,MiPOD,WOW,,"S-UNIWARD,HILL,HUGO,MiPOD",4,0,1.0,1.0,0.0,0.8956467326784419,0.8,4,1.0,1.0,5,1.0,1.0,5,1.0,1.0,5,1.0,1.0,5
COVER__test__4182.pgm,4182.pgm,COVER,0,MULTI_CANDIDATE,S-UNIWARD,HILL,S-UNIWARD,HILL,MiPOD,HUGO,WOW,,"S-UNIWARD,HILL,MiPOD,HUGO",4,0,1.0,1.0,0.0,0.8262310351579429,0.8,4,1.0,1.0,5,1.0,1.0,5,0.9598467832253694,0.8,4,1.0,1.0,5
COVER__test__4189.pgm,4189.pgm,COVER,0,MULTI_CANDIDATE,WOW,S-UNIWARD,WOW,S-UNIWARD,HILL,HUGO,MiPOD,,"WOW,S-UNIWARD,HILL,HUGO,MiPOD",5,0,1.0,1.0,0.0,1.0,1.0,5,1.0,1.0,5,1.0,1.0,5,1.0,1.0,5,1.0,1.0,5
COVER__test__4200.pgm,4200.pgm,COVER,0,MULTI_CANDIDATE,S-UNIWARD,HUGO,S-UNIWARD,HUGO,MiPOD,HILL,WOW,,"S-UNIWARD,HUGO,MiPOD,HILL",4,0,1.0,1.0,0.0,0.7843950272715431,0.6,3,1.0,1.0,5,0.9105213134987771,0.8,4,1.0,1.0,5,1.0,1.0,5
COVER__test__4207.pgm,4207.pgm,COVER,0,MULTI_CANDIDATE,WOW,S-UNIWARD,WOW,S-UNIWARD,HILL,HUGO,MiPOD,,"WOW,S-UNIWARD,HILL,HUGO,MiPOD",5,0,1.0,1.0,0.0,1.0,1.0,5,1.0,1.0,5,1.0,1.0,5,1.0,1.0,5,1.0,1.0,5
COVER__test__4211.pgm,4211.pgm,COVER,0,MULTI_CANDIDATE,S-UNIWARD,HILL,S-UNIWARD,HILL,HUGO,MiPOD,WOW,,"S-UNIWARD,HILL,HUGO,MiPOD,WOW",5,0,1.0,1.0,0.0,0.994566809567283,0.8,4,1.0,1.0,5,1.0,1.0,5,1.0,1.0,5,1.0,1.0,5
COVER__test__4221.pgm,4221.pgm,COVER,0,MULTI_CANDIDATE,WOW,S-UNIWARD,WOW,S-UNIWARD,HILL,HUGO,MiPOD,,"WOW,S-UNIWARD,HILL,HUGO,MiPOD",5,0,1.0,1.0,0.0,1.0,1.0,5,1.0,1.0,5,1.0,1.0,5,1.0,1.0,5,1.0,1.0,5
COVER__test__4224.pgm,4224.pgm,COVER,0,MULTI_CANDIDATE,WOW,S-UNIWARD,WOW,S-UNIWARD,HILL,HUGO,MiPOD,,"WOW,S-UNIWARD,HILL,HUGO,MiPOD",5,0,1.0,1.0,0.0,1.0,1.0,5,1.0,1.0,5,1.0,1.0,5,1.0,1.0,5,1.0,1.0,5
COVER__test__4227.pgm,4227.pgm,COVER,0,MULTI_CANDIDATE,S-UNIWARD,HILL,S-UNIWARD,HILL,HUGO,MiPOD,WOW,,"S-UNIWARD,HILL,HUGO,MiPOD,WOW",5,0,1.0,1.0,0.0,0.9465863672506096,0.8,4,1.0,1.0,5,1.0,1.0,5,1.0,1.0,5,0.9998955546444028,0.8,4
COVER__test__4231.pgm,4231.pgm,COVER,0,MULTI_CANDIDATE,S-UNIWARD,HILL,S-UNIWARD,HILL,HUGO,MiPOD,WOW,,"S-UNIWARD,HILL,HUGO,MiPOD,WOW",5,0,1.0,1.0,0.0,0.9892602808746209,0.8,4,1.0,1.0,5,1.0,1.0,5,1.0,1.0,5,1.0,1.0,5
COVER__test__4233.pgm,4233.pgm,COVER,0,MULTI_CANDIDATE,S-UNIWARD,HILL,S-UNIWARD,HILL,HUGO,MiPOD,WOW,,"S-UNIWARD,HILL,HUGO,MiPOD",4,0,1.0,1.0,0.0,0.8609759912696052,0.8,4,1.0,1.0,5,1.0,1.0,5,1.0,1.0,5,1.0,1.0,5
COVER__test__4236.pgm,4236.pgm,COVER,0,MULTI_CANDIDATE,WOW,S-UNIWARD,WOW,S-UNIWARD,HILL,MiPOD,HUGO,,"WOW,S-UNIWARD,HILL,MiPOD,HUGO",5,0,1.0,1.0,0.0,1.0,1.0,5,1.0,1.0,5,1.0,1.0,5,0.9816994694277874,0.8,4,0.9910482683740852,0.8,4
COVER__test__4245.pgm,4245.pgm,COVER,0,MULTI_CANDIDATE,WOW,S-UNIWARD,WOW,S-UNIWARD,HILL,HUGO,MiPOD,,"WOW,S-UNIWARD,HILL,HUGO,MiPOD",5,0,1.0,1.0,0.0,1.0,1.0,5,1.0,1.0,5,1.0,1.0,5,1.0,1.0,5,1.0,1.0,5
COVER__test__4248.pgm,4248.pgm,COVER,0,MULTI_CANDIDATE,WOW,S-UNIWARD,WOW,S-UNIWARD,HILL,HUGO,MiPOD,,"WOW,S-UNIWARD,HILL,HUGO,MiPOD",5,0,1.0,1.0,0.0,1.0,1.0,5,1.0,1.0,5,1.0,1.0,5,1.0,1.0,5,1.0,1.0,5
COVER__test__4249.pgm,4249.pgm,COVER,0,MULTI_CANDIDATE,WOW,S-UNIWARD,WOW,S-UNIWARD,HILL,HUGO,MiPOD,,"WOW,S-UNIWARD,HILL,HUGO,MiPOD",5,0,1.0,1.0,0.0,1.0,1.0,5,1.0,1.0,5,1.0,1.0,5,1.0,1.0,5,1.0,1.0,5
COVER__test__425.pgm,425.pgm,COVER,0,UNKNOWN_OR_COVER,UNKNOWN,,HUGO,S-UNIWARD,MiPOD,HILL,WOW,,,0,0,0.8145641489138213,0.7628165888021993,0.05174756011162207,0.41512656257069336,0.2,1,0.7628165888021993,0.2,1,0.6743396443319375,0.4,2,0.8145641489138213,0.4,2,0.76032113316358,0.4,2
COVER__test__4261.pgm,4261.pgm,COVER,0,MULTI_CANDIDATE,WOW,S-UNIWARD,WOW,S-UNIWARD,HILL,HUGO,MiPOD,,"WOW,S-UNIWARD,HILL,HUGO,MiPOD",5,0,1.0,1.0,0.0,1.0,1.0,5,1.0,1.0,5,1.0,1.0,5,1.0,1.0,5,1.0,1.0,5
COVER__test__4264.pgm,4264.pgm,COVER,0,MULTI_CANDIDATE,WOW,S-UNIWARD,WOW,S-UNIWARD,HILL,HUGO,MiPOD,,"WOW,S-UNIWARD,HILL,HUGO,MiPOD",5,0,1.0,1.0,0.0,1.0,1.0,5,1.0,1.0,5,1.0,1.0,5,1.0,1.0,5,1.0,1.0,5
COVER__test__4265.pgm,4265.pgm,COVER,0,MULTI_CANDIDATE,WOW,S-UNIWARD,WOW,S-UNIWARD,HILL,HUGO,MiPOD,,"WOW,S-UNIWARD,HILL,HUGO,MiPOD",5,0,1.0,1.0,0.0,1.0,1.0,5,1.0,1.0,5,1.0,1.0,5,1.0,1.0,5,1.0,1.0,5
COVER__test__4278.pgm,4278.pgm,COVER,0,MULTI_CANDIDATE,WOW,S-UNIWARD,WOW,S-UNIWARD,HILL,MiPOD,HUGO,,"WOW,S-UNIWARD,HILL,MiPOD,HUGO",5,0,1.0,1.0,0.0,1.0,1.0,5,1.0,1.0,5,1.0,1.0,5,0.9859981927927614,0.8,4,1.0,1.0,5
COVER__test__4285.pgm,4285.pgm,COVER,0,MULTI_CANDIDATE,WOW,S-UNIWARD,WOW,S-UNIWARD,HILL,HUGO,MiPOD,,"WOW,S-UNIWARD,HILL,HUGO,MiPOD",5,0,1.0,1.0,0.0,1.0,1.0,5,1.0,1.0,5,1.0,1.0,5,1.0,1.0,5,1.0,1.0,5
COVER__test__429.pgm,429.pgm,COVER,0,MULTI_CANDIDATE,HILL,MiPOD,HILL,MiPOD,S-UNIWARD,HUGO,WOW,,"HILL,MiPOD",2,0,1.0,1.0,0.0,0.7330248766017782,0.6,3,0.8391890694514595,0.8,4,1.0,1.0,5,0.832523331219563,0.8,4,1.0,1.0,5
COVER__test__4303.pgm,4303.pgm,COVER,0,MULTI_CANDIDATE,HILL,MiPOD,HILL,MiPOD,WOW,S-UNIWARD,HUGO,,"HILL,MiPOD,WOW",3,0,1.0,0.9877507071232804,0.012249292876719609,0.9097066877270471,0.8,4,0.839383239962405,0.8,4,1.0,1.0,5,0.8343484454743368,0.8,4,0.9877507071232804,0.8,4
COVER__test__4304.pgm,4304.pgm,COVER,0,MULTI_CANDIDATE,HILL,MiPOD,HILL,MiPOD,S-UNIWARD,HUGO,WOW,,"HILL,MiPOD,S-UNIWARD",3,0,1.0,1.0,0.0,0.8528385315048762,0.8,4,0.9804788052054059,0.8,4,1.0,1.0,5,0.8580207785526721,0.8,4,1.0,1.0,5
COVER__test__431.pgm,431.pgm,COVER,0,MULTI_CANDIDATE,S-UNIWARD,HILL,S-UNIWARD,HILL,HUGO,MiPOD,WOW,,"S-UNIWARD,HILL,HUGO,MiPOD",4,0,1.0,1.0,0.0,0.8703277640391913,0.8,4,1.0,1.0,5,1.0,1.0,5,1.0,1.0,5,0.9763437210342968,0.8,4
COVER__test__4310.pgm,4310.pgm,COVER,0,MULTI_CANDIDATE,S-UNIWARD,HILL,S-UNIWARD,HILL,HUGO,MiPOD,WOW,,"S-UNIWARD,HILL,HUGO,MiPOD,WOW",5,0,1.0,1.0,0.0,0.9340242862466086,0.8,4,1.0,1.0,5,1.0,1.0,5,1.0,1.0,5,1.0,1.0,5
COVER__test__4312.pgm,4312.pgm,COVER,0,MULTI_CANDIDATE,S-UNIWARD,HILL,S-UNIWARD,HILL,MiPOD,HUGO,WOW,,"S-UNIWARD,HILL,MiPOD",3,0,1.0,1.0,0.0,0.8302164167546898,0.8,4,1.0,1.0,5,1.0,1.0,5,0.8393650757947431,0.8,4,1.0,1.0,5
COVER__test__4324.pgm,4324.pgm,COVER,0,MULTI_CANDIDATE,S-UNIWARD,HILL,S-UNIWARD,HILL,HUGO,MiPOD,WOW,,"S-UNIWARD,HILL,HUGO,MiPOD,WOW",5,0,1.0,1.0,0.0,0.931237038417791,0.8,4,1.0,1.0,5,1.0,1.0,5,1.0,1.0,5,0.9874240966646411,0.8,4
COVER__test__4325.pgm,4325.pgm,COVER,0,UNKNOWN_OR_COVER,UNKNOWN,,HUGO,MiPOD,S-UNIWARD,HILL,WOW,,,0,0,0.8569455121261121,0.8467714774061307,0.010174034719981462,0.5816882106601508,0.2,1,0.8149573577639394,0.4,2,0.7913820598583807,0.6,3,0.8569455121261121,0.8,4,0.8467714774061307,0.8,4
COVER__test__4332.pgm,4332.pgm,COVER,0,SINGLE_CANDIDATE,HUGO,,HUGO,S-UNIWARD,MiPOD,HILL,WOW,,HUGO,1,0,0.9355296661973794,0.7725557719683573,0.1629738942290221,0.4185223770857352,0.2,1,0.7725557719683573,0.4,2,0.6731365057910694,0.4,2,0.9355296661973794,0.4,2,0.7698937499205518,0.4,2
COVER__test__4338.pgm,4338.pgm,COVER,0,UNKNOWN_OR_COVER,UNKNOWN,,HILL,MiPOD,S-UNIWARD,HUGO,WOW,,,0,0,0.8790608933265073,0.8691413422843676,0.009919551042139707,0.690142110243279,0.4,2,0.8624001578969356,0.6,3,0.8790608933265073,0.8,4,0.8351528548946672,0.8,4,0.8691413422843676,0.8,4
COVER__test__4352.pgm,4352.pgm,COVER,0,MULTI_CANDIDATE,WOW,S-UNIWARD,WOW,S-UNIWARD,HILL,HUGO,MiPOD,,"WOW,S-UNIWARD,HILL,HUGO,MiPOD",5,0,1.0,1.0,0.0,1.0,1.0,5,1.0,1.0,5,1.0,1.0,5,1.0,1.0,5,1.0,1.0,5
COVER__test__4353.pgm,4353.pgm,COVER,0,MULTI_CANDIDATE,S-UNIWARD,HILL,S-UNIWARD,HILL,MiPOD,HUGO,WOW,,"S-UNIWARD,HILL,MiPOD,HUGO",4,0,1.0,1.0,0.0,0.8581437300143634,0.8,4,1.0,1.0,5,1.0,1.0,5,0.9483227324530116,0.8,4,1.0,1.0,5
COVER__test__4358.pgm,4358.pgm,COVER,0,UNKNOWN_OR_COVER,UNKNOWN,,HUGO,MiPOD,S-UNIWARD,HILL,WOW,,,0,0,0.8114626205077806,0.7597153398503717,0.05174728065740897,0.41442328991058963,0.0,0,0.7590178836547463,0.0,0,0.6744430454436835,0.2,1,0.8114626205077806,0.2,1,0.7597153398503717,0.2,1
COVER__test__4367.pgm,4367.pgm,COVER,0,MULTI_CANDIDATE,MiPOD,HILL,MiPOD,HILL,S-UNIWARD,HUGO,WOW,,"MiPOD,HILL",2,0,0.9956359503169668,0.9954800968881626,0.00015585342880419795,0.7278668230800687,0.6,3,0.834561358645842,0.8,4,0.9954800968881626,0.8,4,0.8286207179920144,0.6,3,0.9956359503169668,0.8,4
COVER__test__4373.pgm,4373.pgm,COVER,0,UNKNOWN_OR_COVER,UNKNOWN,,HUGO,S-UNIWARD,MiPOD,HILL,WOW,,,0,0,0.8263739678802502,0.7933290141135038,0.03304495376674643,0.42521139494147775,0.2,1,0.7933290141135038,0.2,1,0.6843836099723802,0.4,2,0.8263739678802502,0.6,3,0.772250717729826,0.4,2
COVER__test__4375.pgm,4375.pgm,COVER,0,UNKNOWN_OR_COVER,UNKNOWN,,HILL,MiPOD,HUGO,S-UNIWARD,WOW,,,0,0,0.84951193952284,0.843187716511391,0.006324223011448971,0.5741644645394365,0.4,2,0.801903910398751,0.4,2,0.84951193952284,0.6,3,0.8353197053382869,0.6,3,0.843187716511391,0.6,3
COVER__test__4391.pgm,4391.pgm,COVER,0,MULTI_CANDIDATE,S-UNIWARD,HILL,S-UNIWARD,HILL,HUGO,MiPOD,WOW,,"S-UNIWARD,HILL,HUGO,MiPOD,WOW",5,0,1.0,1.0,0.0,0.9773035793337723,0.8,4,1.0,1.0,5,1.0,1.0,5,1.0,1.0,5,1.0,1.0,5
COVER__test__4398.pgm,4398.pgm,COVER,0,MULTI_CANDIDATE,WOW,S-UNIWARD,WOW,S-UNIWARD,HILL,HUGO,MiPOD,,"WOW,S-UNIWARD,HILL,HUGO,MiPOD",5,0,1.0,1.0,0.0,1.0,1.0,5,1.0,1.0,5,1.0,1.0,5,1.0,1.0,5,1.0,1.0,5
COVER__test__4407.pgm,4407.pgm,COVER,0,MULTI_CANDIDATE,WOW,S-UNIWARD,WOW,S-UNIWARD,HILL,HUGO,MiPOD,,"WOW,S-UNIWARD,HILL,HUGO,MiPOD",5,0,1.0,1.0,0.0,1.0,1.0,5,1.0,1.0,5,1.0,1.0,5,1.0,1.0,5,1.0,1.0,5
COVER__test__4410.pgm,4410.pgm,COVER,0,MULTI_CANDIDATE,HILL,S-UNIWARD,HILL,S-UNIWARD,WOW,MiPOD,HUGO,,"HILL,S-UNIWARD,WOW,MiPOD",4,0,0.9962384480968476,0.9959925371727978,0.000245910924049797,0.9958493673663213,0.8,4,0.9959925371727978,0.8,4,0.9962384480968476,0.8,4,0.8307479752689488,0.8,4,0.9956376772907461,0.8,4
COVER__test__4421.pgm,4421.pgm,COVER,0,MULTI_CANDIDATE,WOW,S-UNIWARD,WOW,S-UNIWARD,HILL,HUGO,MiPOD,,"WOW,S-UNIWARD,HILL,HUGO,MiPOD",5,0,1.0,1.0,0.0,1.0,1.0,5,1.0,1.0,5,1.0,1.0,5,1.0,1.0,5,1.0,1.0,5
COVER__test__4428.pgm,4428.pgm,COVER,0,UNKNOWN_OR_COVER,UNKNOWN,,HUGO,S-UNIWARD,MiPOD,HILL,WOW,,,0,0,0.8569188873254951,0.8399665995780203,0.016952287747474815,0.4713710907873339,0.2,1,0.8399665995780203,0.8,4,0.7160563825820174,0.6,3,0.8569188873254951,0.8,4,0.817943103469382,0.6,3
COVER__test__4430.pgm,4430.pgm,COVER,0,UNKNOWN_OR_COVER,UNKNOWN,,HUGO,S-UNIWARD,MiPOD,HILL,WOW,,,0,0,0.8205319458259664,0.7754827509074655,0.0450491949185009,0.41901660403312435,0.2,1,0.7754827509074655,0.2,1,0.6779689975205141,0.4,2,0.8205319458259664,0.4,2,0.7671091015322433,0.4,2
COVER__test__4433.pgm,4433.pgm,COVER,0,MULTI_CANDIDATE,S-UNIWARD,HILL,S-UNIWARD,HILL,HUGO,MiPOD,WOW,,"S-UNIWARD,HILL,HUGO,MiPOD,WOW",5,0,1.0,1.0,0.0,0.9736162905854222,0.8,4,1.0,1.0,5,1.0,1.0,5,1.0,1.0,5,1.0,1.0,5
COVER__test__444.pgm,444.pgm,COVER,0,UNKNOWN_OR_COVER,UNKNOWN,,HUGO,MiPOD,S-UNIWARD,HILL,WOW,,,0,0,0.8063889221931312,0.7571719939911066,0.04921692820202461,0.4131836595532989,0.2,1,0.7547415711086767,0.2,1,0.6722866423900438,0.2,1,0.8063889221931312,0.2,1,0.7571719939911066,0.2,1
COVER__test__4441.pgm,4441.pgm,COVER,0,SINGLE_CANDIDATE,HUGO,,HUGO,S-UNIWARD,MiPOD,HILL,WOW,,HUGO,1,0,0.9833317277187253,0.8481094622140766,0.13522226550464878,0.534475975161789,0.4,2,0.8481094622140766,0.4,2,0.6812065839328032,0.6,3,0.9833317277187253,0.8,4,0.7704959669053946,0.6,3
COVER__test__4445.pgm,4445.pgm,COVER,0,UNKNOWN_OR_COVER,UNKNOWN,,HUGO,MiPOD,S-UNIWARD,HILL,WOW,,,0,0,0.8129931939884079,0.7601578617303387,0.052835332258069134,0.415566129741798,0.2,1,0.7576899363074318,0.2,1,0.674972201943795,0.2,1,0.8129931939884079,0.0,0,0.7601578617303387,0.2,1
COVER__test__4455.pgm,4455.pgm,COVER,0,UNKNOWN_OR_COVER,UNKNOWN,,HUGO,MiPOD,S-UNIWARD,HILL,WOW,,,0,0,0.799922792182847,0.7707196087339736,0.029203183448873404,0.4180254241338243,0.2,1,0.7696457131241103,0.6,3,0.6716770432141019,0.4,2,0.799922792182847,0.4,2,0.7707196087339736,0.4,2
COVER__test__446.pgm,446.pgm,COVER,0,UNKNOWN_OR_COVER,UNKNOWN,,HUGO,MiPOD,S-UNIWARD,HILL,WOW,,,0,0,0.80587023260866,0.7547507330883796,0.05111949952028039,0.4118329828391145,0.0,0,0.7525883875038015,0.0,0,0.6702095134047684,0.0,0,0.80587023260866,0.0,0,0.7547507330883796,0.0,0
COVER__test__4461.pgm,4461.pgm,COVER,0,MULTI_CANDIDATE,S-UNIWARD,HILL,S-UNIWARD,HILL,HUGO,MiPOD,WOW,,"S-UNIWARD,HILL,HUGO,MiPOD,WOW",5,0,1.0,1.0,0.0,0.9300808727785268,0.8,4,1.0,1.0,5,1.0,1.0,5,1.0,1.0,5,0.9918816773234855,0.8,4
COVER__test__4466.pgm,4466.pgm,COVER,0,MULTI_CANDIDATE,S-UNIWARD,HUGO,S-UNIWARD,HUGO,MiPOD,HILL,WOW,,"S-UNIWARD,HUGO,MiPOD,HILL,WOW",5,0,0.9945403491368587,0.9922463823860997,0.002293966750758991,0.9510897048832728,0.6,3,0.9945403491368587,0.8,4,0.9903554200751209,0.8,4,0.9922463823860997,0.8,4,0.9922463823860997,0.8,4
COVER__test__448.pgm,448.pgm,COVER,0,UNKNOWN_OR_COVER,UNKNOWN,,HUGO,S-UNIWARD,MiPOD,HILL,WOW,,,0,0,0.8198498687698705,0.7683042374367696,0.05154563133310097,0.4170960634741071,0.0,0,0.7683042374367696,0.2,1,0.6755624031046301,0.2,1,0.8198498687698705,0.4,2,0.7625331188766019,0.0,0
COVER__test__4482.pgm,4482.pgm,COVER,0,MULTI_CANDIDATE,WOW,S-UNIWARD,WOW,S-UNIWARD,HILL,MiPOD,HUGO,,"WOW,S-UNIWARD,HILL,MiPOD,HUGO",5,0,1.0,1.0,0.0,1.0,1.0,5,1.0,1.0,5,1.0,1.0,5,0.9949031254543265,0.8,4,1.0,1.0,5
COVER__test__4483.pgm,4483.pgm,COVER,0,UNKNOWN_OR_COVER,UNKNOWN,,HUGO,MiPOD,S-UNIWARD,HILL,WOW,,,0,0,0.8093707737443442,0.7583844399813722,0.050986333762972014,0.4139394875713827,0.2,1,0.7569641060428434,0.2,1,0.6728789451394537,0.2,1,0.8093707737443442,0.2,1,0.7583844399813722,0.2,1
COVER__test__4489.pgm,4489.pgm,COVER,0,MULTI_CANDIDATE,S-UNIWARD,HILL,S-UNIWARD,HILL,HUGO,MiPOD,WOW,,"S-UNIWARD,HILL,HUGO,MiPOD,WOW",5,0,1.0,1.0,0.0,0.910072120957371,0.8,4,1.0,1.0,5,1.0,1.0,5,1.0,1.0,5,1.0,1.0,5
COVER__test__4496.pgm,4496.pgm,COVER,0,MULTI_CANDIDATE,S-UNIWARD,HUGO,S-UNIWARD,HUGO,MiPOD,HILL,WOW,,"S-UNIWARD,HUGO,MiPOD,HILL,WOW",5,0,1.0,1.0,0.0,0.9403974210357354,0.8,4,1.0,1.0,5,0.9795819342824557,0.8,4,1.0,1.0,5,1.0,1.0,5
COVER__test__450.pgm,450.pgm,COVER,0,MULTI_CANDIDATE,WOW,S-UNIWARD,WOW,S-UNIWARD,HILL,HUGO,MiPOD,,"WOW,S-UNIWARD,HILL,HUGO,MiPOD",5,0,1.0,1.0,0.0,1.0,1.0,5,1.0,1.0,5,1.0,1.0,5,1.0,1.0,5,1.0,1.0,5
COVER__test__4506.pgm,4506.pgm,COVER,0,MULTI_CANDIDATE,WOW,S-UNIWARD,WOW,S-UNIWARD,HILL,HUGO,MiPOD,,"WOW,S-UNIWARD,HILL,HUGO,MiPOD",5,0,1.0,1.0,0.0,1.0,1.0,5,1.0,1.0,5,1.0,1.0,5,1.0,1.0,5,1.0,1.0,5
COVER__test__4507.pgm,4507.pgm,COVER,0,MULTI_CANDIDATE,WOW,S-UNIWARD,WOW,S-UNIWARD,HILL,MiPOD,HUGO,,"WOW,S-UNIWARD,HILL,MiPOD",4,0,1.0,1.0,0.0,1.0,1.0,5,1.0,1.0,5,1.0,1.0,5,0.8361743339555996,0.8,4,1.0,1.0,5
COVER__test__4515.pgm,4515.pgm,COVER,0,UNKNOWN_OR_COVER,UNKNOWN,,HUGO,MiPOD,S-UNIWARD,HILL,WOW,,,0,0,0.816534639654048,0.7643552630747449,0.05217937657930316,0.4171444255247138,0.2,1,0.7604325753248542,0.2,1,0.6795061029895396,0.4,2,0.816534639654048,0.2,1,0.7643552630747449,0.4,2
COVER__test__4517.pgm,4517.pgm,COVER,0,MULTI_CANDIDATE,WOW,S-UNIWARD,WOW,S-UNIWARD,HILL,HUGO,MiPOD,,"WOW,S-UNIWARD,HILL,HUGO,MiPOD",5,0,1.0,1.0,0.0,1.0,1.0,5,1.0,1.0,5,1.0,1.0,5,1.0,1.0,5,1.0,1.0,5
COVER__test__4519.pgm,4519.pgm,COVER,0,MULTI_CANDIDATE,WOW,S-UNIWARD,WOW,S-UNIWARD,HILL,HUGO,MiPOD,,"WOW,S-UNIWARD,HILL,HUGO,MiPOD",5,0,1.0,1.0,0.0,1.0,1.0,5,1.0,1.0,5,1.0,1.0,5,1.0,1.0,5,1.0,1.0,5
COVER__test__4525.pgm,4525.pgm,COVER,0,UNKNOWN_OR_COVER,UNKNOWN,,HUGO,MiPOD,S-UNIWARD,HILL,WOW,,,0,0,0.8075337785048923,0.7562381602375704,0.051295618267321874,0.4135894439677893,0.0,0,0.7545937826106169,0.2,1,0.6720046794488115,0.2,1,0.8075337785048923,0.0,0,0.7562381602375704,0.0,0
COVER__test__4526.pgm,4526.pgm,COVER,0,MULTI_CANDIDATE,S-UNIWARD,HILL,S-UNIWARD,HILL,MiPOD,WOW,HUGO,,"S-UNIWARD,HILL,MiPOD,WOW",4,0,1.0,1.0,0.0,0.9199903560812885,0.8,4,1.0,1.0,5,1.0,1.0,5,0.833515389282468,0.8,4,1.0,1.0,5
COVER__test__4529.pgm,4529.pgm,COVER,0,MULTI_CANDIDATE,MiPOD,HILL,MiPOD,HILL,S-UNIWARD,WOW,HUGO,,"MiPOD,HILL,S-UNIWARD",3,0,0.9995474697486315,0.966242476021575,0.03330499372705653,0.8376598862583446,0.6,3,0.9146742889248056,0.6,3,0.966242476021575,0.8,4,0.8313624693861691,0.8,4,0.9995474697486315,0.8,4
COVER__test__4534.pgm,4534.pgm,COVER,0,MULTI_CANDIDATE,WOW,S-UNIWARD,WOW,S-UNIWARD,HILL,MiPOD,HUGO,,"WOW,S-UNIWARD,HILL,MiPOD",4,0,1.0,1.0,0.0,1.0,1.0,5,1.0,1.0,5,1.0,1.0,5,0.8513299725712088,0.8,4,1.0,1.0,5
COVER__test__4541.pgm,4541.pgm,COVER,0,MULTI_CANDIDATE,HILL,MiPOD,HILL,MiPOD,S-UNIWARD,HUGO,WOW,,"HILL,MiPOD",2,0,1.0,1.0,0.0,0.8236260050394154,0.8,4,0.8985660659047582,0.6,3,1.0,1.0,5,0.8371602706795442,0.8,4,1.0,1.0,5
COVER__test__4549.pgm,4549.pgm,COVER,0,SINGLE_CANDIDATE,S-UNIWARD,,S-UNIWARD,MiPOD,HUGO,HILL,WOW,,S-UNIWARD,1,0,0.9603560738300185,0.8537439616317899,0.10661211219822864,0.7476263503576839,0.4,2,0.9603560738300185,0.6,3,0.8259517271814707,0.4,2,0.8304758071521118,0.8,4,0.8537439616317899,0.6,3
COVER__test__455.pgm,455.pgm,COVER,0,UNKNOWN_OR_COVER,UNKNOWN,,HUGO,MiPOD,S-UNIWARD,HILL,WOW,,,0,0,0.8069512484332115,0.7569739432968637,0.049977305136347794,0.41364033662715005,0.0,0,0.7534039519976915,0.0,0,0.6726410627260709,0.2,1,0.8069512484332115,0.0,0,0.7569739432968637,0.0,0
COVER__test__4557.pgm,4557.pgm,COVER,0,UNKNOWN_OR_COVER,UNKNOWN,,HUGO,MiPOD,S-UNIWARD,HILL,WOW,,,0,0,0.8096685528641144,0.7592605296914735,0.050408023172640926,0.4141931461465271,0.2,1,0.7583816222418343,0.2,1,0.673831758652935,0.4,2,0.8096685528641144,0.2,1,0.7592605296914735,0.4,2
COVER__test__4579.pgm,4579.pgm,COVER,0,MULTI_CANDIDATE,HUGO,MiPOD,HUGO,MiPOD,HILL,S-UNIWARD,WOW,,"HUGO,MiPOD,HILL,S-UNIWARD",4,0,1.0,1.0,0.0,0.8317936253805677,0.8,4,0.9308896295609145,0.8,4,0.9556208192820019,0.8,4,1.0,1.0,5,1.0,1.0,5
COVER__test__4581.pgm,4581.pgm,COVER,0,MULTI_CANDIDATE,S-UNIWARD,HILL,S-UNIWARD,HILL,MiPOD,WOW,HUGO,,"S-UNIWARD,HILL,MiPOD",3,0,1.0,1.0,0.0,0.8765800111725703,0.8,4,1.0,1.0,5,1.0,1.0,5,0.8340048143881708,0.8,4,1.0,1.0,5
COVER__test__4586.pgm,4586.pgm,COVER,0,MULTI_CANDIDATE,WOW,S-UNIWARD,WOW,S-UNIWARD,HILL,HUGO,MiPOD,,"WOW,S-UNIWARD,HILL,HUGO,MiPOD",5,0,1.0,1.0,0.0,1.0,1.0,5,1.0,1.0,5,1.0,1.0,5,1.0,1.0,5,0.999027350497836,0.8,4
COVER__test__459.pgm,459.pgm,COVER,0,SINGLE_CANDIDATE,S-UNIWARD,,S-UNIWARD,HUGO,MiPOD,HILL,WOW,,S-UNIWARD,1,0,0.9162889269865419,0.8258934134219622,0.09039551356457964,0.6063584703289732,0.4,2,0.9162889269865419,0.6,3,0.6772328774544325,0.6,3,0.8258934134219622,0.4,2,0.7593721450778916,0.6,3
COVER__test__4592.pgm,4592.pgm,COVER,0,MULTI_CANDIDATE,HILL,MiPOD,HILL,MiPOD,HUGO,S-UNIWARD,WOW,,"HILL,MiPOD,HUGO",3,0,1.0,1.0,0.0,0.7976622779348468,0.6,3,0.8553883362440807,0.8,4,1.0,1.0,5,0.9235942406439331,0.8,4,1.0,1.0,5
COVER__test__4594.pgm,4594.pgm,COVER,0,UNKNOWN_OR_COVER,UNKNOWN,,HUGO,S-UNIWARD,MiPOD,HILL,WOW,,,0,0,0.8326719643742451,0.818471756703396,0.014200207670849063,0.438284669149934,0.2,1,0.818471756703396,0.4,2,0.6969632790901545,0.6,3,0.8326719643742451,0.8,4,0.7881297441924837,0.6,3
COVER__test__4596.pgm,4596.pgm,COVER,0,MULTI_CANDIDATE,HUGO,MiPOD,HUGO,MiPOD,S-UNIWARD,HILL,WOW,,"HUGO,MiPOD,S-UNIWARD,HILL",4,0,1.0,0.9859633804579488,0.014036619542051154,0.8378760726081232,0.6,3,0.974536754060608,0.8,4,0.9218267363032415,0.8,4,1.0,1.0,5,0.9859633804579488,0.8,4
COVER__test__4599.pgm,4599.pgm,COVER,0,SINGLE_CANDIDATE,S-UNIWARD,,S-UNIWARD,WOW,HILL,MiPOD,HUGO,,S-UNIWARD,1,0,1.0,0.8990308108874453,0.1009691891125547,0.8990308108874453,0.8,4,1.0,1.0,5,0.8961258259203065,0.8,4,0.6991429745102095,0.4,2,0.8840651851083384,0.8,4
COVER__test__460.pgm,460.pgm,COVER,0,UNKNOWN_OR_COVER,UNKNOWN,,HUGO,S-UNIWARD,MiPOD,HILL,WOW,,,0,0,0.8232814775317768,0.769174821629865,0.05410665590191188,0.41852899763094714,0.2,1,0.769174821629865,0.2,1,0.6793257141837084,0.4,2,0.8232814775317768,0.4,2,0.7652856971587657,0.4,2
COVER__test__4607.pgm,4607.pgm,COVER,0,SINGLE_CANDIDATE,MiPOD,,MiPOD,HILL,WOW,S-UNIWARD,HUGO,,MiPOD,1,0,0.9827515906062863,0.8748213304328498,0.10793026017343643,0.8638754022086118,0.6,3,0.8577077416484077,0.8,4,0.8748213304328498,0.8,4,0.7780427713114342,0.6,3,0.9827515906062863,0.8,4
COVER__test__4608.pgm,4608.pgm,COVER,0,SINGLE_CANDIDATE,HUGO,,HUGO,S-UNIWARD,MiPOD,HILL,WOW,,HUGO,1,0,0.9207150065974528,0.8014598611918095,0.1192551454056433,0.42522222234109197,0.2,1,0.8014598611918095,0.2,1,0.6818604453556978,0.4,2,0.9207150065974528,0.6,3,0.7684143408078983,0.4,2
COVER__test__4609.pgm,4609.pgm,COVER,0,UNKNOWN_OR_COVER,UNKNOWN,,HUGO,MiPOD,S-UNIWARD,HILL,WOW,,,0,0,0.8066557763924503,0.7563080007832382,0.05034777560921211,0.41340024515009477,0.2,1,0.7542178740603189,0.2,1,0.6715052178906664,0.2,1,0.8066557763924503,0.0,0,0.7563080007832382,0.2,1
COVER__test__4618.pgm,4618.pgm,COVER,0,MULTI_CANDIDATE,S-UNIWARD,HILL,S-UNIWARD,HILL,MiPOD,WOW,HUGO,,"S-UNIWARD,HILL,MiPOD,WOW",4,0,1.0,1.0,0.0,0.9523725101661722,0.8,4,1.0,1.0,5,1.0,1.0,5,0.8350133963783722,0.8,4,1.0,1.0,5
COVER__test__4628.pgm,4628.pgm,COVER,0,UNKNOWN_OR_COVER,UNKNOWN,,HUGO,MiPOD,S-UNIWARD,HILL,WOW,,,0,0,0.8121039000206991,0.7607856758982278,0.051318224122471334,0.4151402988775802,0.2,1,0.757959529458492,0.2,1,0.6750979652007867,0.2,1,0.8121039000206991,0.2,1,0.7607856758982278,0.2,1
COVER__test__4634.pgm,4634.pgm,COVER,0,MULTI_CANDIDATE,WOW,S-UNIWARD,WOW,S-UNIWARD,HILL,HUGO,MiPOD,,"WOW,S-UNIWARD,HILL,HUGO,MiPOD",5,0,1.0,1.0,0.0,1.0,1.0,5,1.0,1.0,5,1.0,1.0,5,1.0,1.0,5,1.0,1.0,5
COVER__test__4643.pgm,4643.pgm,COVER,0,MULTI_CANDIDATE,WOW,HUGO,WOW,HUGO,HILL,MiPOD,S-UNIWARD,,"WOW,HUGO,HILL,MiPOD,S-UNIWARD",5,0,1.0,1.0,0.0,1.0,1.0,5,0.955761888095277,0.8,4,0.9974497867504233,0.8,4,1.0,1.0,5,0.9803806783736102,0.8,4
COVER__test__4644.pgm,4644.pgm,COVER,0,MULTI_CANDIDATE,WOW,S-UNIWARD,WOW,S-UNIWARD,HILL,HUGO,MiPOD,,"WOW,S-UNIWARD,HILL,HUGO,MiPOD",5,0,1.0,1.0,0.0,1.0,1.0,5,1.0,1.0,5,1.0,1.0,5,1.0,1.0,5,1.0,1.0,5
COVER__test__4651.pgm,4651.pgm,COVER,0,UNKNOWN_OR_COVER,UNKNOWN,,S-UNIWARD,HUGO,MiPOD,HILL,WOW,,,0,0,0.821012708002961,0.8207179098186173,0.0002947981843437475,0.46535253177059427,0.2,1,0.821012708002961,0.6,3,0.7169000770288,0.4,2,0.8207179098186173,0.4,2,0.7962039240229059,0.4,2
COVER__test__4653.pgm,4653.pgm,COVER,0,MULTI_CANDIDATE,MiPOD,S-UNIWARD,MiPOD,S-UNIWARD,WOW,HILL,HUGO,,"MiPOD,S-UNIWARD",2,0,0.9502420818303424,0.9234743652513494,0.026767716578993017,0.8603507350564478,0.8,4,0.9234743652513494,0.8,4,0.8437874599155801,0.8,4,0.8322827683198903,0.8,4,0.9502420818303424,0.8,4
COVER__test__4657.pgm,4657.pgm,COVER,0,MULTI_CANDIDATE,WOW,S-UNIWARD,WOW,S-UNIWARD,HILL,HUGO,MiPOD,,"WOW,S-UNIWARD,HILL,HUGO,MiPOD",5,0,1.0,1.0,0.0,1.0,1.0,5,1.0,1.0,5,1.0,1.0,5,1.0,1.0,5,1.0,1.0,5
COVER__test__4658.pgm,4658.pgm,COVER,0,MULTI_CANDIDATE,WOW,S-UNIWARD,WOW,S-UNIWARD,HILL,HUGO,MiPOD,,"WOW,S-UNIWARD,HILL,HUGO,MiPOD",5,0,1.0,1.0,0.0,1.0,1.0,5,1.0,1.0,5,1.0,1.0,5,1.0,1.0,5,1.0,1.0,5
COVER__test__4664.pgm,4664.pgm,COVER,0,UNKNOWN_OR_COVER,UNKNOWN,,HUGO,S-UNIWARD,MiPOD,HILL,WOW,,,0,0,0.8128041255803824,0.7636652172790533,0.049138908301329054,0.41386430132162105,0.2,1,0.7636652172790533,0.2,1,0.6712115580074367,0.4,2,0.8128041255803824,0.2,1,0.7564022206206955,0.4,2
COVER__test__4672.pgm,4672.pgm,COVER,0,MULTI_CANDIDATE,S-UNIWARD,HILL,S-UNIWARD,HILL,MiPOD,HUGO,WOW,,"S-UNIWARD,HILL,MiPOD,HUGO",4,0,1.0,1.0,0.0,0.8241294473922711,0.8,4,1.0,1.0,5,1.0,1.0,5,0.9088315222628459,0.8,4,1.0,1.0,5
COVER__test__4678.pgm,4678.pgm,COVER,0,SINGLE_CANDIDATE,HUGO,,HUGO,MiPOD,S-UNIWARD,HILL,WOW,,HUGO,1,0,0.9995546050604336,0.8633589858709246,0.13619561918950895,0.4942461845563367,0.2,1,0.8312816590063716,0.6,3,0.7392149329681394,0.4,2,0.9995546050604336,0.8,4,0.8633589858709246,0.6,3
COVER__test__4681.pgm,4681.pgm,COVER,0,MULTI_CANDIDATE,S-UNIWARD,HILL,S-UNIWARD,HILL,HUGO,MiPOD,WOW,,"S-UNIWARD,HILL,HUGO,MiPOD,WOW",5,0,1.0,1.0,0.0,0.9020967845180552,0.8,4,1.0,1.0,5,1.0,1.0,5,1.0,1.0,5,1.0,1.0,5
COVER__test__4686.pgm,4686.pgm,COVER,0,MULTI_CANDIDATE,MiPOD,HILL,MiPOD,HILL,S-UNIWARD,HUGO,WOW,,"MiPOD,HILL",2,0,0.98053777278207,0.9764368280764388,0.00410094470563116,0.833480923187383,0.8,4,0.8847676112792093,0.8,4,0.9764368280764388,0.8,4,0.8419402781305336,0.8,4,0.98053777278207,0.8,4
COVER__test__4690.pgm,4690.pgm,COVER,0,UNKNOWN_OR_COVER,UNKNOWN,,HUGO,MiPOD,S-UNIWARD,HILL,WOW,,,0,0,0.8077603975090624,0.7574003068848759,0.05036009062418645,0.41369177416382696,0.2,1,0.7553570050588752,0.2,1,0.6717151950056067,0.2,1,0.8077603975090624,0.0,0,0.7574003068848759,0.2,1
COVER__test__4694.pgm,4694.pgm,COVER,0,MULTI_CANDIDATE,WOW,S-UNIWARD,WOW,S-UNIWARD,HILL,HUGO,MiPOD,,"WOW,S-UNIWARD,HILL,HUGO,MiPOD",5,0,1.0,1.0,0.0,1.0,1.0,5,1.0,1.0,5,1.0,1.0,5,1.0,1.0,5,1.0,1.0,5
COVER__test__4700.pgm,4700.pgm,COVER,0,MULTI_CANDIDATE,S-UNIWARD,HUGO,S-UNIWARD,HUGO,MiPOD,WOW,HILL,,"S-UNIWARD,HUGO,MiPOD,WOW,HILL",5,0,1.0,1.0,0.0,0.9661022737936393,0.8,4,1.0,1.0,5,0.9473125567172703,0.8,4,1.0,1.0,5,1.0,1.0,5
COVER__test__4704.pgm,4704.pgm,COVER,0,SINGLE_CANDIDATE,HUGO,,HUGO,S-UNIWARD,HILL,MiPOD,WOW,,HUGO,1,0,0.9796601477078626,0.8437003518785545,0.13595979582930806,0.6659653002599626,0.6,3,0.8437003518785545,0.4,2,0.8414496971446661,0.8,4,0.9796601477078626,0.8,4,0.8362491185879615,0.8,4
COVER__test__4705.pgm,4705.pgm,COVER,0,UNKNOWN_OR_COVER,UNKNOWN,,HUGO,S-UNIWARD,MiPOD,HILL,WOW,,,0,0,0.8323195896841451,0.8263172906986076,0.006002298985537502,0.47386880683297933,0.2,1,0.8263172906986076,0.4,2,0.72896903929171,0.4,2,0.8323195896841451,0.8,4,0.8111126058488838,0.4,2
COVER__test__4713.pgm,4713.pgm,COVER,0,MULTI_CANDIDATE,MiPOD,HILL,MiPOD,HILL,WOW,S-UNIWARD,HUGO,,"MiPOD,HILL",2,0,1.0,0.921517852948971,0.07848214705102896,0.8814929634844713,0.4,2,0.8702181190342593,0.8,4,0.921517852948971,0.8,4,0.8396607296659184,0.8,4,1.0,1.0,5
COVER__test__4718.pgm,4718.pgm,COVER,0,UNKNOWN_OR_COVER,UNKNOWN,,HUGO,MiPOD,S-UNIWARD,HILL,WOW,,,0,0,0.8283845448938626,0.8216079035491435,0.006776641344719114,0.44350313712529993,0.2,1,0.7905435378230947,0.4,2,0.6979028123561456,0.4,2,0.8283845448938626,0.6,3,0.8216079035491435,0.4,2
COVER__test__472.pgm,472.pgm,COVER,0,UNKNOWN_OR_COVER,UNKNOWN,,HUGO,MiPOD,S-UNIWARD,HILL,WOW,,,0,0,0.805572736224876,0.7557520968613789,0.04982063936349712,0.4130604692089128,0.2,1,0.7536001765591347,0.2,1,0.6708776781160902,0.2,1,0.805572736224876,0.0,0,0.7557520968613789,0.2,1
COVER__test__4720.pgm,4720.pgm,COVER,0,MULTI_CANDIDATE,WOW,S-UNIWARD,WOW,S-UNIWARD,HILL,HUGO,MiPOD,,"WOW,S-UNIWARD,HILL,HUGO,MiPOD",5,0,1.0,1.0,0.0,1.0,1.0,5,1.0,1.0,5,1.0,1.0,5,1.0,1.0,5,1.0,1.0,5
COVER__test__4743.pgm,4743.pgm,COVER,0,MULTI_CANDIDATE,S-UNIWARD,HUGO,S-UNIWARD,HUGO,MiPOD,HILL,WOW,,"S-UNIWARD,HUGO",2,0,0.9833323271278372,0.9432242442109576,0.04010808291687962,0.5374338293344751,0.4,2,0.9833323271278372,0.6,3,0.6982273121785141,0.6,3,0.9432242442109576,0.6,3,0.7806163748537405,0.6,3
COVER__test__4754.pgm,4754.pgm,COVER,0,MULTI_CANDIDATE,HUGO,S-UNIWARD,HUGO,S-UNIWARD,MiPOD,HILL,WOW,,"HUGO,S-UNIWARD",2,0,0.9992531450933111,0.9580627455258275,0.041190399567483604,0.7037588752983296,0.2,1,0.9580627455258275,0.8,4,0.7571310494794554,0.4,2,0.9992531450933111,0.8,4,0.8635377058696202,0.6,3
COVER__test__4757.pgm,4757.pgm,COVER,0,UNKNOWN_OR_COVER,UNKNOWN,,MiPOD,HUGO,S-UNIWARD,HILL,WOW,,,0,0,0.8790031691305934,0.8366608476647108,0.04234232146588257,0.5006654205238057,0.2,1,0.8341658628534698,0.6,3,0.7514253217856911,0.4,2,0.8366608476647108,0.6,3,0.8790031691305934,0.6,3
COVER__test__4763.pgm,4763.pgm,COVER,0,MULTI_CANDIDATE,S-UNIWARD,MiPOD,S-UNIWARD,MiPOD,HILL,HUGO,WOW,,"S-UNIWARD,MiPOD,HILL,HUGO",4,0,1.0,1.0,0.0,0.8178517566412047,0.6,3,1.0,1.0,5,0.9397074512215244,0.8,4,0.9123480639370072,0.8,4,1.0,1.0,5
COVER__test__4766.pgm,4766.pgm,COVER,0,MULTI_CANDIDATE,HUGO,MiPOD,HUGO,MiPOD,S-UNIWARD,HILL,WOW,,"HUGO,MiPOD,S-UNIWARD",3,0,1.0,1.0,0.0,0.7591615460668425,0.6,3,0.9651161825452398,0.8,4,0.8828415942958386,0.8,4,1.0,1.0,5,1.0,1.0,5
COVER__test__4772.pgm,4772.pgm,COVER,0,UNKNOWN_OR_COVER,UNKNOWN,,MiPOD,HUGO,HILL,S-UNIWARD,WOW,,,0,0,0.8378547250685747,0.8335627200025078,0.004292005066066973,0.6117317721546585,0.4,2,0.7922618797926344,0.6,3,0.801092427958182,0.6,3,0.8335627200025078,0.6,3,0.8378547250685747,0.8,4
COVER__test__4777.pgm,4777.pgm,COVER,0,MULTI_CANDIDATE,WOW,S-UNIWARD,WOW,S-UNIWARD,HILL,HUGO,MiPOD,,"WOW,S-UNIWARD,HILL,HUGO,MiPOD",5,0,1.0,1.0,0.0,1.0,1.0,5,1.0,1.0,5,1.0,1.0,5,1.0,1.0,5,1.0,1.0,5
COVER__test__4788.pgm,4788.pgm,COVER,0,MULTI_CANDIDATE,S-UNIWARD,HILL,S-UNIWARD,HILL,HUGO,MiPOD,WOW,,"S-UNIWARD,HILL,HUGO,MiPOD,WOW",5,0,1.0,1.0,0.0,0.9871783943895481,0.8,4,1.0,1.0,5,1.0,1.0,5,1.0,1.0,5,1.0,1.0,5
COVER__test__4807.pgm,4807.pgm,COVER,0,MULTI_CANDIDATE,S-UNIWARD,HILL,S-UNIWARD,HILL,MiPOD,HUGO,WOW,,"S-UNIWARD,HILL,MiPOD",3,0,1.0,1.0,0.0,0.8246981936446168,0.8,4,1.0,1.0,5,1.0,1.0,5,0.8397164116946552,0.8,4,1.0,1.0,5
COVER__test__482.pgm,482.pgm,COVER,0,MULTI_CANDIDATE,WOW,HILL,WOW,HILL,MiPOD,S-UNIWARD,HUGO,,"WOW,HILL,MiPOD",3,0,0.9646521878043851,0.9598222553208284,0.004829932483556676,0.9646521878043851,0.8,4,0.8725105646212883,0.8,4,0.9598222553208284,0.8,4,0.8374131123176916,0.8,4,0.939769800148363,0.8,4
COVER__test__4834.pgm,4834.pgm,COVER,0,UNKNOWN_OR_COVER,UNKNOWN,,HUGO,S-UNIWARD,MiPOD,HILL,WOW,,,0,0,0.8318069459943572,0.8252378409349532,0.006569105059404001,0.5153882771271675,0.2,1,0.8252378409349532,0.4,2,0.6931778080502831,0.4,2,0.8318069459943572,0.6,3,0.7935011167176034,0.4,2
COVER__test__4843.pgm,4843.pgm,COVER,0,UNKNOWN_OR_COVER,UNKNOWN,,HUGO,MiPOD,S-UNIWARD,HILL,WOW,,,0,0,0.8096035463175297,0.7579906843175712,0.051612861999958515,0.4142229049790128,0.2,1,0.756668470267276,0.2,1,0.6719770293252345,0.2,1,0.8096035463175297,0.0,0,0.7579906843175712,0.2,1
COVER__test__485.pgm,485.pgm,COVER,0,UNKNOWN_OR_COVER,UNKNOWN,,HUGO,S-UNIWARD,MiPOD,HILL,WOW,,,0,0,0.8257941777575493,0.7767973356022682,0.048996842155281106,0.419963890253949,0.2,1,0.7767973356022682,0.2,1,0.678881386615322,0.2,1,0.8257941777575493,0.6,3,0.7649743274314798,0.2,1
COVER__test__4860.pgm,4860.pgm,COVER,0,UNKNOWN_OR_COVER,UNKNOWN,,HUGO,MiPOD,S-UNIWARD,HILL,WOW,,,0,0,0.8121571183008818,0.7612344317422071,0.05092268655867471,0.4152418635751788,0.2,1,0.7584031533678232,0.2,1,0.676068153247763,0.4,2,0.8121571183008818,0.2,1,0.7612344317422071,0.4,2
COVER__test__4864.pgm,4864.pgm,COVER,0,UNKNOWN_OR_COVER,UNKNOWN,,HUGO,MiPOD,S-UNIWARD,HILL,WOW,,,0,0,0.8093626088815178,0.7582038791856766,0.05115872969584123,0.4140638491132663,0.2,1,0.756569984637158,0.2,1,0.6726737816627596,0.2,1,0.8093626088815178,0.0,0,0.7582038791856766,0.2,1
COVER__test__4872.pgm,4872.pgm,COVER,0,UNKNOWN_OR_COVER,UNKNOWN,,MiPOD,HILL,HUGO,S-UNIWARD,WOW,,,0,0,0.8252228464712597,0.7954744170442559,0.02974842942700373,0.7366077200946181,0.6,3,0.7737529579111931,0.6,3,0.7954744170442559,0.4,2,0.7758734780700228,0.2,1,0.8252228464712597,0.6,3
COVER__test__4882.pgm,4882.pgm,COVER,0,UNKNOWN_OR_COVER,UNKNOWN,,HUGO,S-UNIWARD,MiPOD,HILL,WOW,,,0,0,0.8106671961838166,0.7587151726268998,0.05195202355691675,0.41405367163347984,0.0,0,0.7587151726268998,0.0,0,0.6742913742901886,0.2,1,0.8106671961838166,0.2,1,0.7584429570062305,0.2,1
COVER__test__4891.pgm,4891.pgm,COVER,0,UNKNOWN_OR_COVER,UNKNOWN,,HUGO,MiPOD,S-UNIWARD,HILL,WOW,,,0,0,0.8093574177057785,0.7592755905095673,0.05008182719621124,0.4142008870948012,0.2,1,0.7570387941069566,0.2,1,0.67404184497297,0.2,1,0.8093574177057785,0.2,1,0.7592755905095673,0.0,0
COVER__test__4898.pgm,4898.pgm,COVER,0,UNKNOWN_OR_COVER,UNKNOWN,,HUGO,MiPOD,S-UNIWARD,HILL,WOW,,,0,0,0.808663031676614,0.7579727870339592,0.050690244642654814,0.4130070884508613,0.0,0,0.7568958382456079,0.0,0,0.6729464579197992,0.2,1,0.808663031676614,0.2,1,0.7579727870339592,0.2,1
COVER__test__4899.pgm,4899.pgm,COVER,0,UNKNOWN_OR_COVER,UNKNOWN,,HUGO,MiPOD,S-UNIWARD,HILL,WOW,,,0,0,0.8058689747525488,0.7563958624242885,0.04947311232826035,0.4129379817728752,0.2,1,0.7545626173172062,0.2,1,0.671912600942958,0.2,1,0.8058689747525488,0.2,1,0.7563958624242885,0.2,1
COVER__test__49.pgm,49.pgm,COVER,0,UNKNOWN_OR_COVER,UNKNOWN,,HUGO,S-UNIWARD,MiPOD,HILL,WOW,,,0,0,0.8245283235055398,0.7760166894242227,0.04851163408131709,0.4200514175524095,0.2,1,0.7760166894242227,0.2,1,0.6789311208933348,0.2,1,0.8245283235055398,0.4,2,0.7685595734029043,0.2,1
COVER__test__490.pgm,490.pgm,COVER,0,UNKNOWN_OR_COVER,UNKNOWN,,HUGO,S-UNIWARD,MiPOD,HILL,WOW,,,0,0,0.8197582099857945,0.763289733691656,0.05646847629413854,0.41696794890653777,0.2,1,0.763289733691656,0.2,1,0.6774311741132044,0.2,1,0.8197582099857945,0.2,1,0.762828674070678,0.2,1
COVER__test__4903.pgm,4903.pgm,COVER,0,UNKNOWN_OR_COVER,UNKNOWN,,HUGO,MiPOD,S-UNIWARD,HILL,WOW,,,0,0,0.808498009660435,0.7582540057317363,0.050244003928698655,0.4138474040646244,0.0,0,0.7552191900183393,0.0,0,0.6734879271813679,0.2,1,0.808498009660435,0.0,0,0.7582540057317363,0.0,0
COVER__test__4906.pgm,4906.pgm,COVER,0,MULTI_CANDIDATE,S-UNIWARD,HILL,S-UNIWARD,HILL,HUGO,MiPOD,WOW,,"S-UNIWARD,HILL,HUGO,MiPOD,WOW",5,0,1.0,1.0,0.0,0.9886332974707848,0.8,4,1.0,1.0,5,1.0,1.0,5,1.0,1.0,5,1.0,1.0,5
COVER__test__4909.pgm,4909.pgm,COVER,0,SINGLE_CANDIDATE,MiPOD,,MiPOD,HILL,S-UNIWARD,HUGO,WOW,,MiPOD,1,0,1.0,0.8741287706504576,0.12587122934954242,0.6372527942645132,0.4,2,0.8353801541768542,0.8,4,0.8741287706504576,0.8,4,0.8324986242034601,0.8,4,1.0,1.0,5
COVER__test__4910.pgm,4910.pgm,COVER,0,MULTI_CANDIDATE,MiPOD,WOW,MiPOD,WOW,HILL,S-UNIWARD,HUGO,,"MiPOD,WOW,HILL",3,0,1.0,0.9984794041853586,0.0015205958146413678,0.9984794041853586,0.8,4,0.8878818565885936,0.8,4,0.9531799818636115,0.8,4,0.8326299742599798,0.8,4,1.0,1.0,5
COVER__test__4912.pgm,4912.pgm,COVER,0,MULTI_CANDIDATE,S-UNIWARD,HILL,S-UNIWARD,HILL,MiPOD,WOW,HUGO,,"S-UNIWARD,HILL,MiPOD",3,0,1.0,1.0,0.0,0.8609422783271355,0.8,4,1.0,1.0,5,1.0,1.0,5,0.8317326841686643,0.8,4,1.0,1.0,5
COVER__test__4914.pgm,4914.pgm,COVER,0,MULTI_CANDIDATE,WOW,MiPOD,WOW,MiPOD,HILL,S-UNIWARD,HUGO,,"WOW,MiPOD,HILL,S-UNIWARD",4,0,1.0,0.9859613609128741,0.014038639087125881,1.0,1.0,5,0.9679142849627265,0.8,4,0.9754551240743371,0.8,4,0.8316826389940433,0.8,4,0.9859613609128741,0.8,4
COVER__test__4915.pgm,4915.pgm,COVER,0,MULTI_CANDIDATE,HILL,HUGO,HILL,HUGO,MiPOD,WOW,S-UNIWARD,,"HILL,HUGO,MiPOD,WOW,S-UNIWARD",5,0,1.0,1.0,0.0,0.9949977002263857,0.8,4,0.9712669462474149,0.8,4,1.0,1.0,5,1.0,1.0,5,1.0,1.0,5
COVER__test__4932.pgm,4932.pgm,COVER,0,MULTI_CANDIDATE,WOW,S-UNIWARD,WOW,S-UNIWARD,HILL,MiPOD,HUGO,,"WOW,S-UNIWARD,HILL,MiPOD,HUGO",5,0,1.0,1.0,0.0,1.0,1.0,5,1.0,1.0,5,1.0,1.0,5,0.9719442689007802,0.8,4,1.0,1.0,5
COVER__test__4935.pgm,4935.pgm,COVER,0,SINGLE_CANDIDATE,HUGO,,HUGO,S-UNIWARD,MiPOD,HILL,WOW,,HUGO,1,0,0.979075235544081,0.7825210156841089,0.19655421985997212,0.4597611860694384,0.2,1,0.7825210156841089,0.4,2,0.6804422690243971,0.6,3,0.979075235544081,0.8,4,0.7703841471799268,0.6,3
COVER__test__4936.pgm,4936.pgm,COVER,0,MULTI_CANDIDATE,S-UNIWARD,HUGO,S-UNIWARD,HUGO,MiPOD,WOW,HILL,,"S-UNIWARD,HUGO,MiPOD,WOW,HILL",5,0,1.0,1.0,0.0,0.9884247574284636,0.8,4,1.0,1.0,5,0.9460847860487634,0.8,4,1.0,1.0,5,1.0,1.0,5
COVER__test__4938.pgm,4938.pgm,COVER,0,MULTI_CANDIDATE,HUGO,S-UNIWARD,HUGO,S-UNIWARD,MiPOD,WOW,HILL,,"HUGO,S-UNIWARD",2,0,1.0,0.9585507878511447,0.04144921214885533,0.783398452422534,0.6,3,0.9585507878511447,0.8,4,0.7452994549101641,0.6,3,1.0,1.0,5,0.842371056941351,0.8,4
COVER__test__4941.pgm,4941.pgm,COVER,0,SINGLE_CANDIDATE,S-UNIWARD,,S-UNIWARD,MiPOD,HUGO,WOW,HILL,,S-UNIWARD,1,0,0.9418050846016403,0.8378959410776956,0.10390914352394465,0.8248935005369903,0.6,3,0.9418050846016403,0.8,4,0.7741139744520033,0.6,3,0.8351797383905148,0.4,2,0.8378959410776956,0.8,4
COVER__test__4946.pgm,4946.pgm,COVER,0,MULTI_CANDIDATE,HUGO,S-UNIWARD,HUGO,S-UNIWARD,MiPOD,HILL,WOW,,"HUGO,S-UNIWARD",2,0,0.9703404024061113,0.9160668057325163,0.05427359667359499,0.574204902153897,0.4,2,0.9160668057325163,0.6,3,0.6771888118511856,0.6,3,0.9703404024061113,0.6,3,0.7592210115983052,0.6,3
COVER__test__4956.pgm,4956.pgm,COVER,0,UNKNOWN_OR_COVER,UNKNOWN,,HUGO,S-UNIWARD,MiPOD,HILL,WOW,,,0,0,0.8260612237490405,0.7949971477190017,0.0310640760300388,0.4251403864027841,0.2,1,0.7949971477190017,0.4,2,0.6841055161299486,0.4,2,0.8260612237490405,0.6,3,0.7700166781924516,0.4,2
COVER__test__4972.pgm,4972.pgm,COVER,0,UNKNOWN_OR_COVER,UNKNOWN,,HUGO,S-UNIWARD,MiPOD,HILL,WOW,,,0,0,0.8156910614151197,0.7617285713943541,0.053962490020765586,0.41424079107890927,0.0,0,0.7617285713943541,0.0,0,0.6733923176442558,0.0,0,0.8156910614151197,0.2,1,0.7578812361523775,0.0,0
COVER__test__4979.pgm,4979.pgm,COVER,0,UNKNOWN_OR_COVER,UNKNOWN,,MiPOD,S-UNIWARD,HUGO,HILL,WOW,,,0,0,0.8506549902135628,0.8344792492779695,0.016175740935593375,0.48986419267355724,0.2,1,0.8344792492779695,0.8,4,0.7433810767475292,0.4,2,0.8270265170357968,0.6,3,0.8506549902135628,0.4,2
COVER__test__4981.pgm,4981.pgm,COVER,0,UNKNOWN_OR_COVER,UNKNOWN,,MiPOD,S-UNIWARD,HUGO,HILL,WOW,,,0,0,0.8531287866496055,0.8301012452943055,0.02302754135529994,0.4937409599938121,0.2,1,0.8301012452943055,0.6,3,0.7463964841212828,0.4,2,0.8267724382751563,0.6,3,0.8531287866496055,0.4,2
COVER__test__4993.pgm,4993.pgm,COVER,0,SINGLE_CANDIDATE,MiPOD,,MiPOD,HILL,S-UNIWARD,HUGO,WOW,,MiPOD,1,0,0.994791715327155,0.8641905432368869,0.13060117209026811,0.6152977932544138,0.4,2,0.8329087629529391,0.6,3,0.8641905432368869,0.6,3,0.8300021556405923,0.6,3,0.994791715327155,0.8,4
COVER__test__5003.pgm,5003.pgm,COVER,0,UNKNOWN_OR_COVER,UNKNOWN,,HUGO,MiPOD,S-UNIWARD,HILL,WOW,,,0,0,0.8022150224306808,0.7537034537308458,0.04851156869983497,0.41237031588633377,0.2,1,0.7506035367672563,0.2,1,0.6693140557648211,0.2,1,0.8022150224306808,0.0,0,0.7537034537308458,0.2,1
COVER__test__501.pgm,501.pgm,COVER,0,MULTI_CANDIDATE,HILL,MiPOD,HILL,MiPOD,S-UNIWARD,HUGO,WOW,,"HILL,MiPOD",2,0,1.0,1.0,0.0,0.763332041280019,0.6,3,0.8474145503500642,0.8,4,1.0,1.0,5,0.8413269747632333,0.8,4,1.0,1.0,5
COVER__test__5011.pgm,5011.pgm,COVER,0,UNKNOWN_OR_COVER,UNKNOWN,,HUGO,MiPOD,S-UNIWARD,HILL,WOW,,,0,0,0.8082727492381192,0.7558529452714423,0.05241980396667689,0.4115390334752516,0.0,0,0.7544166044622866,0.0,0,0.6708663597791434,0.0,0,0.8082727492381192,0.2,1,0.7558529452714423,0.0,0
COVER__test__5013.pgm,5013.pgm,COVER,0,UNKNOWN_OR_COVER,UNKNOWN,,HUGO,MiPOD,S-UNIWARD,HILL,WOW,,,0,0,0.8112948979311053,0.7599635946292426,0.05133130330186275,0.41452113890588277,0.0,0,0.7591581216430984,0.2,1,0.6741681131916477,0.2,1,0.8112948979311053,0.2,1,0.7599635946292426,0.0,0
COVER__test__5016.pgm,5016.pgm,COVER,0,UNKNOWN_OR_COVER,UNKNOWN,,HUGO,MiPOD,S-UNIWARD,HILL,WOW,,,0,0,0.8077645147514051,0.7597234637647057,0.04804105098669942,0.4142008588195898,0.2,1,0.7560939076994235,0.2,1,0.6747893704254124,0.4,2,0.8077645147514051,0.2,1,0.7597234637647057,0.4,2
COVER__test__5021.pgm,5021.pgm,COVER,0,UNKNOWN_OR_COVER,UNKNOWN,,HUGO,S-UNIWARD,MiPOD,HILL,WOW,,,0,0,0.8197646232008307,0.7866658893032458,0.03309873389758489,0.46634115174632973,0.0,0,0.7866658893032458,0.2,1,0.6787266659735426,0.4,2,0.8197646232008307,0.6,3,0.766408288252443,0.4,2
COVER__test__5025.pgm,5025.pgm,COVER,0,UNKNOWN_OR_COVER,UNKNOWN,,HUGO,S-UNIWARD,MiPOD,HILL,WOW,,,0,0,0.8241644464695105,0.7683087578158543,0.0558556886536562,0.41748320067946204,0.2,1,0.7683087578158543,0.2,1,0.6767694776864314,0.2,1,0.8241644464695105,0.2,1,0.7623429466038187,0.2,1
COVER__test__5027.pgm,5027.pgm,COVER,0,UNKNOWN_OR_COVER,UNKNOWN,,HUGO,MiPOD,S-UNIWARD,HILL,WOW,,,0,0,0.8065317010321562,0.7569775638706621,0.04955413716149415,0.41339199835526674,0.2,1,0.7541716434133365,0.2,1,0.6721806664715415,0.2,1,0.8065317010321562,0.0,0,0.7569775638706621,0.0,0
COVER__test__5029.pgm,5029.pgm,COVER,0,MULTI_CANDIDATE,MiPOD,HILL,MiPOD,HILL,S-UNIWARD,HUGO,WOW,,"MiPOD,HILL",2,0,0.9936218975035723,0.949378167572189,0.04424372993138337,0.7259037832977815,0.6,3,0.8342055528672894,0.8,4,0.949378167572189,0.6,3,0.8296569322263192,0.6,3,0.9936218975035723,0.8,4
COVER__test__5042.pgm,5042.pgm,COVER,0,MULTI_CANDIDATE,S-UNIWARD,HUGO,S-UNIWARD,HUGO,MiPOD,HILL,WOW,,"S-UNIWARD,HUGO,MiPOD",3,0,1.0,1.0,0.0,0.6924388835074904,0.6,3,1.0,1.0,5,0.7992510930603025,0.6,3,1.0,1.0,5,0.9405120010289796,0.8,4
COVER__test__5045.pgm,5045.pgm,COVER,0,MULTI_CANDIDATE,S-UNIWARD,MiPOD,S-UNIWARD,MiPOD,HILL,HUGO,WOW,,"S-UNIWARD,MiPOD",2,0,0.9974632143728253,0.9490702843749178,0.04839292999790745,0.7646855166623874,0.4,2,0.9974632143728253,0.8,4,0.8906264136792238,0.6,3,0.8339551544749891,0.8,4,0.9490702843749178,0.8,4
COVER__test__5047.pgm,5047.pgm,COVER,0,SINGLE_CANDIDATE,MiPOD,,MiPOD,S-UNIWARD,HILL,HUGO,WOW,,MiPOD,1,0,0.9404303584945269,0.8733757968724859,0.06705456162204104,0.6802141703628793,0.6,3,0.8733757968724859,0.8,4,0.840927871995633,0.8,4,0.8323640198088194,0.8,4,0.9404303584945269,0.8,4
COVER__test__5048.pgm,5048.pgm,COVER,0,SINGLE_CANDIDATE,S-UNIWARD,,S-UNIWARD,HUGO,MiPOD,HILL,WOW,,S-UNIWARD,1,0,0.9417093433489129,0.8302672418485336,0.11144210150037925,0.5233780160092498,0.4,2,0.9417093433489129,0.6,3,0.6838285709953178,0.6,3,0.8302672418485336,0.6,3,0.7706838992460376,0.6,3
COVER__test__5052.pgm,5052.pgm,COVER,0,MULTI_CANDIDATE,S-UNIWARD,MiPOD,S-UNIWARD,MiPOD,HILL,HUGO,WOW,,"S-UNIWARD,MiPOD",2,0,1.0,1.0,0.0,0.7635300747802602,0.6,3,1.0,1.0,5,0.8960423318001798,0.8,4,0.8582382561896333,0.8,4,1.0,1.0,5
COVER__test__5053.pgm,5053.pgm,COVER,0,MULTI_CANDIDATE,S-UNIWARD,HUGO,S-UNIWARD,HUGO,MiPOD,HILL,WOW,,"S-UNIWARD,HUGO,MiPOD,HILL,WOW",5,0,0.9945403491368587,0.9922463823860997,0.002293966750758991,0.9738433321546323,0.6,3,0.9945403491368587,0.8,4,0.9903554200751209,0.8,4,0.9922463823860997,0.8,4,0.9922463823860997,0.8,4
COVER__test__5066.pgm,5066.pgm,COVER,0,MULTI_CANDIDATE,S-UNIWARD,HUGO,S-UNIWARD,HUGO,MiPOD,HILL,WOW,,"S-UNIWARD,HUGO,MiPOD,HILL",4,0,1.0,1.0,0.0,0.8099566544103484,0.6,3,1.0,1.0,5,0.9342311929886058,0.8,4,1.0,1.0,5,1.0,1.0,5
COVER__test__5071.pgm,5071.pgm,COVER,0,UNKNOWN_OR_COVER,UNKNOWN,,HUGO,S-UNIWARD,MiPOD,HILL,WOW,,,0,0,0.8322469326268938,0.7909077637064535,0.041339168920440206,0.4632378526179927,0.2,1,0.7909077637064535,0.2,1,0.6847217028310897,0.6,3,0.8322469326268938,0.8,4,0.7709344385890347,0.6,3
COVER__test__5075.pgm,5075.pgm,COVER,0,UNKNOWN_OR_COVER,UNKNOWN,,HUGO,MiPOD,S-UNIWARD,HILL,WOW,,,0,0,0.8108712412792866,0.7586313362916715,0.052239904987615104,0.41460451539038257,0.2,1,0.7582349974911414,0.2,1,0.6721979924448548,0.2,1,0.8108712412792866,0.2,1,0.7586313362916715,0.2,1
COVER__test__5078.pgm,5078.pgm,COVER,0,UNKNOWN_OR_COVER,UNKNOWN,,HUGO,S-UNIWARD,MiPOD,HILL,WOW,,,0,0,0.8191664639217441,0.7744579673395451,0.044708496582199,0.4210786626867168,0.2,1,0.7744579673395451,0.4,2,0.6797035155626545,0.2,1,0.8191664639217441,0.4,2,0.7735095975633957,0.2,1
COVER__test__5086.pgm,5086.pgm,COVER,0,UNKNOWN_OR_COVER,UNKNOWN,,HUGO,MiPOD,S-UNIWARD,HILL,WOW,,,0,0,0.8221543160443934,0.7655425208597793,0.05661179518461412,0.42248000265879926,0.2,1,0.7606029735951141,0.2,1,0.6797241431869981,0.4,2,0.8221543160443934,0.4,2,0.7655425208597793,0.4,2
COVER__test__5087.pgm,5087.pgm,COVER,0,UNKNOWN_OR_COVER,UNKNOWN,,HUGO,MiPOD,S-UNIWARD,HILL,WOW,,,0,0,0.8070344258448767,0.7582209959767943,0.04881342986808246,0.413725645732636,0.2,1,0.7543151240928654,0.2,1,0.6737511513581234,0.2,1,0.8070344258448767,0.2,1,0.7582209959767943,0.2,1
COVER__test__5095.pgm,5095.pgm,COVER,0,UNKNOWN_OR_COVER,UNKNOWN,,HUGO,MiPOD,S-UNIWARD,HILL,WOW,,,0,0,0.8115595886012444,0.7597616100464532,0.05179797855479129,0.4139739109564509,0.0,0,0.7581981807278461,0.0,0,0.6736032599349839,0.0,0,0.8115595886012444,0.2,1,0.7597616100464532,0.0,0
COVER__test__5097.pgm,5097.pgm,COVER,0,UNKNOWN_OR_COVER,UNKNOWN,,HUGO,S-UNIWARD,MiPOD,HILL,WOW,,,0,0,0.8123484703542173,0.7586411760481523,0.05370729430606502,0.4147064248490784,0.2,1,0.7586411760481523,0.2,1,0.6735169234451512,0.2,1,0.8123484703542173,0.0,0,0.7584986889455327,0.2,1
COVER__test__51.pgm,51.pgm,COVER,0,UNKNOWN_OR_COVER,UNKNOWN,,MiPOD,HUGO,S-UNIWARD,HILL,WOW,,,0,0,0.8487124161344871,0.8386037233779664,0.01010869275652071,0.5057372517762821,0.2,1,0.833574428549787,0.6,3,0.7624279578713518,0.4,2,0.8386037233779664,0.6,3,0.8487124161344871,0.4,2
COVER__test__510.pgm,510.pgm,COVER,0,SINGLE_CANDIDATE,MiPOD,,MiPOD,HILL,S-UNIWARD,HUGO,WOW,,MiPOD,1,0,0.9592019975571479,0.8780952570882976,0.08110674046885025,0.6425669069694315,0.2,1,0.8323282798245504,0.6,3,0.8780952570882976,0.4,2,0.8308990197353285,0.6,3,0.9592019975571479,0.6,3
COVER__test__5103.pgm,5103.pgm,COVER,0,UNKNOWN_OR_COVER,UNKNOWN,,HUGO,MiPOD,S-UNIWARD,HILL,WOW,,,0,0,0.8051210395649558,0.7546516982106155,0.050469341354340336,0.4127075503627629,0.0,0,0.7535896129845041,0.0,0,0.6697866536577979,0.2,1,0.8051210395649558,0.0,0,0.7546516982106155,0.0,0
COVER__test__5104.pgm,5104.pgm,COVER,0,UNKNOWN_OR_COVER,UNKNOWN,,HUGO,MiPOD,S-UNIWARD,HILL,WOW,,,0,0,0.8079470090268644,0.7574066752666437,0.05054033376022071,0.41332388184601127,0.2,1,0.7561285835599498,0.2,1,0.6718197988531228,0.2,1,0.8079470090268644,0.2,1,0.7574066752666437,0.2,1
COVER__test__5105.pgm,5105.pgm,COVER,0,UNKNOWN_OR_COVER,UNKNOWN,,HUGO,S-UNIWARD,MiPOD,HILL,WOW,,,0,0,0.8081334401833672,0.759354834961179,0.04877860522218824,0.41378986167919346,0.2,1,0.759354834961179,0.2,1,0.6728767761449919,0.4,2,0.8081334401833672,0.2,1,0.7578728717469236,0.4,2
COVER__test__511.pgm,511.pgm,COVER,0,UNKNOWN_OR_COVER,UNKNOWN,,MiPOD,HUGO,S-UNIWARD,HILL,WOW,,,0,0,0.8202330476951172,0.8115680600126838,0.0086649876824334,0.4986841369842262,0.0,0,0.7870583210414976,0.2,1,0.6939020958349952,0.2,1,0.8115680600126838,0.6,3,0.8202330476951172,0.2,1
COVER__test__5113.pgm,5113.pgm,COVER,0,UNKNOWN_OR_COVER,UNKNOWN,,HUGO,S-UNIWARD,MiPOD,HILL,WOW,,,0,0,0.8133689447893315,0.7622413301234207,0.05112761466591087,0.41540148680234357,0.2,1,0.7622413301234207,0.2,1,0.675191531048512,0.4,2,0.8133689447893315,0.2,1,0.7608146910065072,0.4,2
COVER__test__5120.pgm,5120.pgm,COVER,0,UNKNOWN_OR_COVER,UNKNOWN,,HUGO,MiPOD,S-UNIWARD,HILL,WOW,,,0,0,0.8147913695015884,0.7632778725078242,0.051513496993764174,0.4163658989331786,0.2,1,0.7603765085831957,0.2,1,0.6778696096944495,0.4,2,0.8147913695015884,0.2,1,0.7632778725078242,0.4,2
COVER__test__5122.pgm,5122.pgm,COVER,0,UNKNOWN_OR_COVER,UNKNOWN,,HUGO,MiPOD,S-UNIWARD,HILL,WOW,,,0,0,0.8127350105098591,0.7613825107297226,0.05135249978013645,0.41540811410798295,0.2,1,0.758183059295791,0.2,1,0.6757813553711317,0.2,1,0.8127350105098591,0.2,1,0.7613825107297226,0.2,1
COVER__test__5152.pgm,5152.pgm,COVER,0,MULTI_CANDIDATE,S-UNIWARD,MiPOD,S-UNIWARD,MiPOD,HILL,HUGO,WOW,,"S-UNIWARD,MiPOD",2,0,0.9983148089695228,0.9590351304042507,0.03927967856527215,0.7747817310567736,0.2,1,0.9983148089695228,0.8,4,0.8946182384513651,0.4,2,0.8311123011601461,0.8,4,0.9590351304042507,0.6,3
COVER__test__5167.pgm,5167.pgm,COVER,0,MULTI_CANDIDATE,HUGO,S-UNIWARD,HUGO,S-UNIWARD,MiPOD,HILL,WOW,,"HUGO,S-UNIWARD",2,0,0.9714632180296446,0.9298483913814843,0.0416148266481603,0.6795542736389387,0.2,1,0.9298483913814843,0.6,3,0.7212749811933609,0.4,2,0.9714632180296446,0.6,3,0.8284060561428287,0.6,3
COVER__test__5169.pgm,5169.pgm,COVER,0,UNKNOWN_OR_COVER,UNKNOWN,,HUGO,S-UNIWARD,MiPOD,HILL,WOW,,,0,0,0.8304110264667088,0.8210560293105102,0.009354997156198586,0.4778739830809446,0.2,1,0.8210560293105102,0.4,2,0.7375233455811538,0.2,1,0.8304110264667088,0.6,3,0.8170765782393463,0.2,1
COVER__test__5170.pgm,5170.pgm,COVER,0,UNKNOWN_OR_COVER,UNKNOWN,,HUGO,S-UNIWARD,MiPOD,HILL,WOW,,,0,0,0.8221410808432005,0.7905983289971206,0.03154275184607991,0.42490623066271666,0.2,1,0.7905983289971206,0.2,1,0.6834224953877661,0.2,1,0.8221410808432005,0.2,1,0.7667271265087683,0.2,1
COVER__test__5174.pgm,5174.pgm,COVER,0,UNKNOWN_OR_COVER,UNKNOWN,,HUGO,MiPOD,S-UNIWARD,HILL,WOW,,,0,0,0.804695789314653,0.7552905813279869,0.049405207986666144,0.4127826164366636,0.2,1,0.7532550772167761,0.2,1,0.6702688733546283,0.2,1,0.804695789314653,0.0,0,0.7552905813279869,0.0,0
COVER__test__5182.pgm,5182.pgm,COVER,0,UNKNOWN_OR_COVER,UNKNOWN,,HUGO,S-UNIWARD,MiPOD,HILL,WOW,,,0,0,0.8205637006236935,0.7753518810498181,0.045211819573875434,0.4215116628402876,0.2,1,0.7753518810498181,0.4,2,0.6817707723329713,0.4,2,0.8205637006236935,0.4,2,0.7744038599168694,0.4,2
COVER__test__5188.pgm,5188.pgm,COVER,0,UNKNOWN_OR_COVER,UNKNOWN,,HUGO,MiPOD,S-UNIWARD,HILL,WOW,,,0,0,0.8126436682873888,0.7628805898951092,0.04976307839227956,0.41571134085211714,0.2,1,0.7609311612607309,0.2,1,0.6759471951148812,0.2,1,0.8126436682873888,0.4,2,0.7628805898951092,0.4,2
COVER__test__5190.pgm,5190.pgm,COVER,0,UNKNOWN_OR_COVER,UNKNOWN,,HUGO,MiPOD,S-UNIWARD,HILL,WOW,,,0,0,0.8176268717618317,0.7650687251605303,0.052558146601301425,0.4207074079935899,0.2,1,0.7625237734630345,0.2,1,0.6803388675715746,0.6,3,0.8176268717618317,0.4,2,0.7650687251605303,0.6,3
COVER__test__52.pgm,52.pgm,COVER,0,UNKNOWN_OR_COVER,UNKNOWN,,HUGO,MiPOD,S-UNIWARD,HILL,WOW,,,0,0,0.8122021166648338,0.7614078370300109,0.05079427963482286,0.41549396205370626,0.2,1,0.7564564584775291,0.2,1,0.6759948722352563,0.2,1,0.8122021166648338,0.0,0,0.7614078370300109,0.2,1
COVER__test__520.pgm,520.pgm,COVER,0,MULTI_CANDIDATE,WOW,S-UNIWARD,WOW,S-UNIWARD,HILL,MiPOD,HUGO,,"WOW,S-UNIWARD,HILL,MiPOD,HUGO",5,0,1.0,1.0,0.0,1.0,1.0,5,1.0,1.0,5,1.0,1.0,5,0.9649819223857733,0.6,3,1.0,1.0,5
COVER__test__5203.pgm,5203.pgm,COVER,0,MULTI_CANDIDATE,HUGO,MiPOD,HUGO,MiPOD,S-UNIWARD,HILL,WOW,,"HUGO,MiPOD",2,0,0.9212118648277237,0.9084672550772076,0.012744609750516056,0.5515859191379606,0.2,1,0.8347680211423516,0.8,4,0.8027936595134253,0.4,2,0.9212118648277237,0.6,3,0.9084672550772076,0.4,2
COVER__test__5210.pgm,5210.pgm,COVER,0,MULTI_CANDIDATE,S-UNIWARD,HILL,S-UNIWARD,HILL,HUGO,MiPOD,WOW,,"S-UNIWARD,HILL,HUGO,MiPOD,WOW",5,0,1.0,1.0,0.0,0.9557808409469303,0.8,4,1.0,1.0,5,1.0,1.0,5,1.0,1.0,5,1.0,1.0,5
COVER__test__5218.pgm,5218.pgm,COVER,0,UNKNOWN_OR_COVER,UNKNOWN,,HUGO,MiPOD,S-UNIWARD,HILL,WOW,,,0,0,0.8114785917196032,0.7602895750960295,0.05118901662357378,0.4148149168754989,0.2,1,0.7581578539951632,0.2,1,0.6746192171955996,0.2,1,0.8114785917196032,0.2,1,0.7602895750960295,0.2,1
COVER__test__5228.pgm,5228.pgm,COVER,0,UNKNOWN_OR_COVER,UNKNOWN,,HUGO,MiPOD,S-UNIWARD,HILL,WOW,,,0,0,0.8089026348906903,0.7593466552979903,0.04955597959269997,0.41414161755696677,0.2,1,0.7566161966404084,0.2,1,0.6741602084937438,0.2,1,0.8089026348906903,0.2,1,0.7593466552979903,0.4,2
COVER__test__5230.pgm,5230.pgm,COVER,0,UNKNOWN_OR_COVER,UNKNOWN,,HUGO,S-UNIWARD,MiPOD,HILL,WOW,,,0,0,0.811364499024641,0.7586503855178317,0.052714113506809324,0.41422390309214646,0.2,1,0.7586503855178317,0.2,1,0.6724520937643623,0.2,1,0.811364499024641,0.0,0,0.7579161056646085,0.2,1
COVER__test__5235.pgm,5235.pgm,COVER,0,UNKNOWN_OR_COVER,UNKNOWN,,HUGO,S-UNIWARD,MiPOD,HILL,WOW,,,0,0,0.8321293306534576,0.7945164949419844,0.037612835711473225,0.4482447105179238,0.2,1,0.7945164949419844,0.2,1,0.6869845619487686,0.6,3,0.8321293306534576,0.8,4,0.7729753161556889,0.6,3
COVER__test__5239.pgm,5239.pgm,COVER,0,UNKNOWN_OR_COVER,UNKNOWN,,HUGO,MiPOD,S-UNIWARD,HILL,WOW,,,0,0,0.8076610393432011,0.7585744881806818,0.049086551162519254,0.41372437056455985,0.2,1,0.7555894394168169,0.2,1,0.6736530394711877,0.2,1,0.8076610393432011,0.2,1,0.7585744881806818,0.4,2
COVER__test__5245.pgm,5245.pgm,COVER,0,UNKNOWN_OR_COVER,UNKNOWN,,HUGO,MiPOD,S-UNIWARD,HILL,WOW,,,0,0,0.8265323412530641,0.812234670874898,0.014297670378166094,0.614556914639201,0.4,2,0.7856810298162895,0.6,3,0.6920754010043316,0.4,2,0.8265323412530641,0.6,3,0.812234670874898,0.4,2
COVER__test__5246.pgm,5246.pgm,COVER,0,UNKNOWN_OR_COVER,UNKNOWN,,HUGO,MiPOD,S-UNIWARD,HILL,WOW,,,0,0,0.8200278283764343,0.766551514439534,0.05347631393690033,0.42303624785736815,0.2,1,0.7662896406769467,0.2,1,0.681018351904372,0.6,3,0.8200278283764343,0.4,2,0.766551514439534,0.6,3
COVER__test__5248.pgm,5248.pgm,COVER,0,UNKNOWN_OR_COVER,UNKNOWN,,S-UNIWARD,HUGO,MiPOD,HILL,WOW,,,0,0,0.8271202840903248,0.826857486494221,0.00026279759610381426,0.43941531729231614,0.2,1,0.8271202840903248,0.6,3,0.6955934244641533,0.4,2,0.826857486494221,0.6,3,0.7898510397492606,0.4,2
COVER__test__5253.pgm,5253.pgm,COVER,0,UNKNOWN_OR_COVER,UNKNOWN,,HUGO,MiPOD,S-UNIWARD,HILL,WOW,,,0,0,0.8083497226815926,0.757587739407698,0.050761983273894584,0.4136342541361098,0.2,1,0.7554813239393451,0.2,1,0.672610811604083,0.2,1,0.8083497226815926,0.2,1,0.757587739407698,0.2,1
COVER__test__5265.pgm,5265.pgm,COVER,0,MULTI_CANDIDATE,WOW,S-UNIWARD,WOW,S-UNIWARD,HILL,HUGO,MiPOD,,"WOW,S-UNIWARD,HILL,HUGO,MiPOD",5,0,1.0,1.0,0.0,1.0,1.0,5,1.0,1.0,5,1.0,1.0,5,1.0,1.0,5,1.0,1.0,5
COVER__test__5266.pgm,5266.pgm,COVER,0,MULTI_CANDIDATE,WOW,S-UNIWARD,WOW,S-UNIWARD,HILL,HUGO,MiPOD,,"WOW,S-UNIWARD,HILL,HUGO,MiPOD",5,0,1.0,1.0,0.0,1.0,1.0,5,1.0,1.0,5,1.0,1.0,5,1.0,1.0,5,1.0,1.0,5
COVER__test__5267.pgm,5267.pgm,COVER,0,UNKNOWN_OR_COVER,UNKNOWN,,HUGO,S-UNIWARD,MiPOD,HILL,WOW,,,0,0,0.8239897901623154,0.7750512096232036,0.04893858053911182,0.4223979885379984,0.2,1,0.7750512096232036,0.2,1,0.6830670672076831,0.6,3,0.8239897901623154,0.6,3,0.771759440053789,0.6,3
COVER__test__5292.pgm,5292.pgm,COVER,0,UNKNOWN_OR_COVER,UNKNOWN,,HUGO,MiPOD,S-UNIWARD,HILL,WOW,,,0,0,0.8104835358092227,0.7584459320289425,0.05203760378028022,0.41469513235561833,0.2,1,0.7562286818848893,0.2,1,0.6734208309422108,0.2,1,0.8104835358092227,0.0,0,0.7584459320289425,0.2,1
COVER__test__5300.pgm,5300.pgm,COVER,0,UNKNOWN_OR_COVER,UNKNOWN,,HUGO,S-UNIWARD,MiPOD,HILL,WOW,,,0,0,0.8100240948884576,0.7583117729335973,0.05171232195486031,0.41360544207497696,0.0,0,0.7583117729335973,0.0,0,0.6726143371517548,0.2,1,0.8100240948884576,0.2,1,0.7580536776538209,0.0,0
COVER__test__5305.pgm,5305.pgm,COVER,0,UNKNOWN_OR_COVER,UNKNOWN,,HUGO,MiPOD,S-UNIWARD,HILL,WOW,,,0,0,0.8070607051810704,0.7565173147957284,0.05054339038534206,0.4131567415338428,0.0,0,0.7551015062479485,0.0,0,0.6716727507622641,0.2,1,0.8070607051810704,0.0,0,0.7565173147957284,0.0,0
COVER__test__5320.pgm,5320.pgm,COVER,0,UNKNOWN_OR_COVER,UNKNOWN,,HUGO,MiPOD,S-UNIWARD,HILL,WOW,,,0,0,0.8106885866149117,0.7611254638287649,0.04956312278614683,0.41509409341228015,0.2,1,0.758828904608458,0.2,1,0.6757443625358166,0.4,2,0.8106885866149117,0.2,1,0.7611254638287649,0.4,2
COVER__test__5323.pgm,5323.pgm,COVER,0,UNKNOWN_OR_COVER,UNKNOWN,,HUGO,S-UNIWARD,MiPOD,HILL,WOW,,,0,0,0.8818716736622007,0.7614015575307527,0.12047011613144798,0.4149101535852795,0.2,1,0.7614015575307527,0.2,1,0.6743175171697591,0.4,2,0.8818716736622007,0.2,1,0.7594923379312417,0.4,2
COVER__test__5325.pgm,5325.pgm,COVER,0,UNKNOWN_OR_COVER,UNKNOWN,,S-UNIWARD,MiPOD,HUGO,HILL,WOW,,,0,0,0.8481357610893795,0.8444201471393491,0.003715613950030394,0.5739504764173617,0.4,2,0.8481357610893795,0.4,2,0.7219829644704581,0.6,3,0.8330561887407395,0.8,4,0.8444201471393491,0.8,4
COVER__test__5336.pgm,5336.pgm,COVER,0,MULTI_CANDIDATE,MiPOD,HILL,MiPOD,HILL,S-UNIWARD,HUGO,WOW,,"MiPOD,HILL",2,0,0.995738709042542,0.9955827737509736,0.000155935291568432,0.7324715771066401,0.6,3,0.8345795121660047,0.8,4,0.9955827737509736,0.8,4,0.8278417567148069,0.6,3,0.995738709042542,0.8,4
COVER__test__5346.pgm,5346.pgm,COVER,0,UNKNOWN_OR_COVER,UNKNOWN,,HUGO,MiPOD,S-UNIWARD,HILL,WOW,,,0,0,0.8074198877918262,0.7576177436701071,0.049802144121719016,0.41331970669357376,0.2,1,0.7571024378326688,0.2,1,0.672459713551025,0.4,2,0.8074198877918262,0.2,1,0.7576177436701071,0.4,2
COVER__test__535.pgm,535.pgm,COVER,0,UNKNOWN_OR_COVER,UNKNOWN,,HUGO,S-UNIWARD,MiPOD,HILL,WOW,,,0,0,0.8333517359623354,0.8320310303498332,0.0013207056125021932,0.4524920837750023,0.2,1,0.8320310303498332,0.6,3,0.7054456912678126,0.4,2,0.8333517359623354,0.6,3,0.7938378102240762,0.4,2
COVER__test__5351.pgm,5351.pgm,COVER,0,SINGLE_CANDIDATE,HUGO,,HUGO,S-UNIWARD,MiPOD,HILL,WOW,,HUGO,1,0,0.928931828165736,0.8745010239484937,0.054430804217242335,0.674438493718051,0.4,2,0.8745010239484937,0.6,3,0.7818038798490551,0.6,3,0.928931828165736,0.6,3,0.8361310973606763,0.8,4
COVER__test__5358.pgm,5358.pgm,COVER,0,UNKNOWN_OR_COVER,UNKNOWN,,HUGO,MiPOD,S-UNIWARD,HILL,WOW,,,0,0,0.8065460761977944,0.7565309584119879,0.05001511778580647,0.4132933234956818,0.2,1,0.7545481530935454,0.2,1,0.6711287862058579,0.2,1,0.8065460761977944,0.0,0,0.7565309584119879,0.2,1
COVER__test__536.pgm,536.pgm,COVER,0,MULTI_CANDIDATE,HILL,MiPOD,HILL,MiPOD,S-UNIWARD,HUGO,WOW,,"HILL,MiPOD,S-UNIWARD",3,0,0.9890628392207619,0.9653416490733513,0.023721190147410587,0.833843370343704,0.6,3,0.9618839264396438,0.8,4,0.9890628392207619,0.8,4,0.8966422393542054,0.8,4,0.9653416490733513,0.8,4
COVER__test__5360.pgm,5360.pgm,COVER,0,UNKNOWN_OR_COVER,UNKNOWN,,HUGO,S-UNIWARD,MiPOD,HILL,WOW,,,0,0,0.8123333875764223,0.781739172697806,0.030594214878616244,0.47540342586919004,0.2,1,0.781739172697806,0.4,2,0.679201464048258,0.6,3,0.8123333875764223,0.6,3,0.7661265116017926,0.6,3
COVER__test__5366.pgm,5366.pgm,COVER,0,UNKNOWN_OR_COVER,UNKNOWN,,HUGO,S-UNIWARD,MiPOD,HILL,WOW,,,0,0,0.8342105392124491,0.8257510778092776,0.008459461403171553,0.44600752600131494,0.2,1,0.8257510778092776,0.4,2,0.7055751311694877,0.4,2,0.8342105392124491,0.6,3,0.790382889167768,0.4,2
COVER__test__5373.pgm,5373.pgm,COVER,0,UNKNOWN_OR_COVER,UNKNOWN,,HUGO,S-UNIWARD,MiPOD,HILL,WOW,,,0,0,0.8168023192580496,0.7739711303072098,0.042831188950839816,0.4196336537179233,0.2,1,0.7739711303072098,0.4,2,0.6782078552400137,0.2,1,0.8168023192580496,0.4,2,0.7708238328881459,0.4,2
COVER__test__5382.pgm,5382.pgm,COVER,0,UNKNOWN_OR_COVER,UNKNOWN,,HUGO,S-UNIWARD,MiPOD,HILL,WOW,,,0,0,0.8159100141121179,0.7654209717580648,0.05048904235405316,0.4162663383798284,0.2,1,0.7654209717580648,0.2,1,0.6759980229447935,0.4,2,0.8159100141121179,0.2,1,0.7617882894249844,0.4,2
COVER__test__5399.pgm,5399.pgm,COVER,0,UNKNOWN_OR_COVER,UNKNOWN,,HUGO,MiPOD,S-UNIWARD,HILL,WOW,,,0,0,0.816111969535706,0.760788204629903,0.05532376490580293,0.41499325970921763,0.0,0,0.7594040745384527,0.0,0,0.6761932668177193,0.0,0,0.816111969535706,0.2,1,0.760788204629903,0.0,0
COVER__test__540.pgm,540.pgm,COVER,0,MULTI_CANDIDATE,HILL,MiPOD,HILL,MiPOD,S-UNIWARD,HUGO,WOW,,"HILL,MiPOD",2,0,1.0,1.0,0.0,0.7398941856950034,0.6,3,0.8406790555869488,0.8,4,1.0,1.0,5,0.829374323379238,0.6,3,1.0,1.0,5
COVER__test__5400.pgm,5400.pgm,COVER,0,SINGLE_CANDIDATE,S-UNIWARD,,S-UNIWARD,MiPOD,HUGO,HILL,WOW,,S-UNIWARD,1,0,0.9296270804150328,0.8302050437647555,0.09942203665027738,0.6871932002021776,0.2,1,0.9296270804150328,0.6,3,0.766765847875321,0.4,2,0.8095774103934031,0.6,3,0.8302050437647555,0.6,3
COVER__test__5409.pgm,5409.pgm,COVER,0,UNKNOWN_OR_COVER,UNKNOWN,,HUGO,MiPOD,S-UNIWARD,HILL,WOW,,,0,0,0.8059617507946404,0.7559742071979735,0.049987543596666906,0.413190729863525,0.2,1,0.7539037774191593,0.2,1,0.6712036707218394,0.2,1,0.8059617507946404,0.0,0,0.7559742071979735,0.0,0
COVER__test__5412.pgm,5412.pgm,COVER,0,UNKNOWN_OR_COVER,UNKNOWN,,HUGO,MiPOD,S-UNIWARD,HILL,WOW,,,0,0,0.8070101974302011,0.7573591088554954,0.04965108857470568,0.4138304305086347,0.2,1,0.7533597261959486,0.2,1,0.672736502425366,0.2,1,0.8070101974302011,0.0,0,0.7573591088554954,0.2,1
COVER__test__5413.pgm,5413.pgm,COVER,0,UNKNOWN_OR_COVER,UNKNOWN,,HUGO,MiPOD,S-UNIWARD,HILL,WOW,,,0,0,0.8108300915528753,0.7602818357766165,0.05054825577625888,0.41472962476486497,0.2,1,0.7587011765601248,0.2,1,0.6748831137244037,0.4,2,0.8108300915528753,0.2,1,0.7602818357766165,0.4,2
COVER__test__5421.pgm,5421.pgm,COVER,0,UNKNOWN_OR_COVER,UNKNOWN,,HUGO,MiPOD,S-UNIWARD,HILL,WOW,,,0,0,0.8104888927775645,0.7600620509443625,0.05042684183320201,0.41463042028549524,0.2,1,0.757999300669027,0.2,1,0.6749713652320671,0.4,2,0.8104888927775645,0.2,1,0.7600620509443625,0.4,2
COVER__test__5426.pgm,5426.pgm,COVER,0,UNKNOWN_OR_COVER,UNKNOWN,,HUGO,S-UNIWARD,MiPOD,HILL,WOW,,,0,0,0.8321241856958228,0.8031243996745052,0.028999786021317586,0.4283650059214518,0.2,1,0.8031243996745052,0.6,3,0.686744527898826,0.4,2,0.8321241856958228,0.6,3,0.777392973120498,0.4,2
COVER__test__5435.pgm,5435.pgm,COVER,0,UNKNOWN_OR_COVER,UNKNOWN,,HUGO,S-UNIWARD,MiPOD,HILL,WOW,,,0,0,0.8360710542359439,0.7889246291207014,0.047146425115242474,0.42264490390076076,0.2,1,0.7889246291207014,0.4,2,0.6804602347777193,0.4,2,0.8360710542359439,0.6,3,0.7698389114145312,0.4,2
COVER__test__5442.pgm,5442.pgm,COVER,0,UNKNOWN_OR_COVER,UNKNOWN,,HUGO,S-UNIWARD,MiPOD,HILL,WOW,,,0,0,0.809462696581811,0.7578848535104333,0.051577843071377694,0.41341982964349305,0.2,1,0.7578848535104333,0.2,1,0.6703423695689511,0.2,1,0.809462696581811,0.0,0,0.7557302090249759,0.2,1
COVER__test__5445.pgm,5445.pgm,COVER,0,SINGLE_CANDIDATE,HUGO,,HUGO,S-UNIWARD,MiPOD,HILL,WOW,,HUGO,1,0,0.9901714404810802,0.7711231056983066,0.21904833478277363,0.4192656044097733,0.2,1,0.7711231056983066,0.2,1,0.6801389238661689,0.4,2,0.9901714404810802,0.6,3,0.76780672171246,0.4,2
COVER__test__5452.pgm,5452.pgm,COVER,0,UNKNOWN_OR_COVER,UNKNOWN,,HUGO,MiPOD,S-UNIWARD,HILL,WOW,,,0,0,0.8111769248387214,0.7599171867504498,0.051259738088271556,0.4145146621744358,0.2,1,0.7586509055356233,0.2,1,0.6744108451684852,0.4,2,0.8111769248387214,0.2,1,0.7599171867504498,0.4,2
COVER__test__5454.pgm,5454.pgm,COVER,0,UNKNOWN_OR_COVER,UNKNOWN,,HUGO,MiPOD,S-UNIWARD,HILL,WOW,,,0,0,0.8092445095136924,0.7575837537721128,0.05166075574157958,0.41367632824378164,0.2,1,0.7572581912060081,0.2,1,0.671708808665262,0.2,1,0.8092445095136924,0.0,0,0.7575837537721128,0.2,1
COVER__test__5455.pgm,5455.pgm,COVER,0,UNKNOWN_OR_COVER,UNKNOWN,,HUGO,S-UNIWARD,MiPOD,HILL,WOW,,,0,0,0.8142941730327806,0.7615770422919044,0.05271713074087625,0.4149883388924513,0.2,1,0.7615770422919044,0.2,1,0.6738165123776956,0.2,1,0.8142941730327806,0.2,1,0.7598017402344761,0.2,1
COVER__test__5459.pgm,5459.pgm,COVER,0,UNKNOWN_OR_COVER,UNKNOWN,,HUGO,S-UNIWARD,MiPOD,HILL,WOW,,,0,0,0.8253469671170895,0.7817941830150866,0.04355278410200292,0.4189794082753263,0.0,0,0.7817941830150866,0.0,0,0.6780858697436093,0.2,1,0.8253469671170895,0.4,2,0.7681748573278109,0.2,1
COVER__test__5463.pgm,5463.pgm,COVER,0,UNKNOWN_OR_COVER,UNKNOWN,,HUGO,MiPOD,S-UNIWARD,HILL,WOW,,,0,0,0.8054805064280446,0.755751764831941,0.04972874159610363,0.413128434737558,0.2,1,0.7530849992611115,0.2,1,0.6709307867860279,0.2,1,0.8054805064280446,0.0,0,0.755751764831941,0.2,1
COVER__test__5479.pgm,5479.pgm,COVER,0,MULTI_CANDIDATE,S-UNIWARD,HILL,S-UNIWARD,HILL,HUGO,MiPOD,WOW,,"S-UNIWARD,HILL,HUGO,MiPOD,WOW",5,0,1.0,1.0,0.0,0.902549501595544,0.8,4,1.0,1.0,5,1.0,1.0,5,1.0,1.0,5,1.0,1.0,5
COVER__test__5482.pgm,5482.pgm,COVER,0,UNKNOWN_OR_COVER,UNKNOWN,,HUGO,S-UNIWARD,MiPOD,HILL,WOW,,,0,0,0.8099335619090209,0.7593956740651349,0.05053788784388602,0.41426619585976165,0.0,0,0.7593956740651349,0.0,0,0.6740643095320623,0.4,2,0.8099335619090209,0.2,1,0.7592505874994214,0.2,1
COVER__test__5486.pgm,5486.pgm,COVER,0,UNKNOWN_OR_COVER,UNKNOWN,,HUGO,MiPOD,S-UNIWARD,HILL,WOW,,,0,0,0.8086482941889297,0.758361545130563,0.05028674905836672,0.41394868756437087,0.0,0,0.7556585851258472,0.2,1,0.6735027708018716,0.2,1,0.8086482941889297,0.2,1,0.758361545130563,0.0,0
COVER__test__5499.pgm,5499.pgm,COVER,0,SINGLE_CANDIDATE,HUGO,,HUGO,MiPOD,S-UNIWARD,HILL,WOW,,HUGO,1,0,0.9051582252332381,0.8362572563805186,0.06890096885271946,0.6204877490156181,0.2,1,0.8004883040245862,0.6,3,0.743201458850203,0.6,3,0.9051582252332381,0.6,3,0.8362572563805186,0.8,4
COVER__test__5500.pgm,5500.pgm,COVER,0,UNKNOWN_OR_COVER,UNKNOWN,,S-UNIWARD,HUGO,MiPOD,HILL,WOW,,,0,0,0.8316504094242066,0.8315191519883205,0.00013125743588615624,0.44432226164490823,0.2,1,0.8316504094242066,0.6,3,0.7041740926898972,0.6,3,0.8315191519883205,0.8,4,0.7980655373997214,0.6,3
COVER__test__5512.pgm,5512.pgm,COVER,0,UNKNOWN_OR_COVER,UNKNOWN,,HUGO,S-UNIWARD,MiPOD,HILL,WOW,,,0,0,0.826228244345678,0.7953385517172606,0.030889692628417342,0.4264285220473446,0.0,0,0.7953385517172606,0.2,1,0.6854546377193121,0.0,0,0.826228244345678,0.6,3,0.7775695383401644,0.2,1
COVER__test__5519.pgm,5519.pgm,COVER,0,SINGLE_CANDIDATE,HUGO,,HUGO,S-UNIWARD,MiPOD,HILL,WOW,,HUGO,1,0,1.0,0.8555271026529357,0.14447289734706426,0.5996282380179011,0.2,1,0.8555271026529357,0.4,2,0.7663064055012846,0.6,3,1.0,1.0,5,0.8422210413325473,0.6,3
COVER__test__5532.pgm,5532.pgm,COVER,0,UNKNOWN_OR_COVER,UNKNOWN,,HUGO,MiPOD,S-UNIWARD,HILL,WOW,,,0,0,0.816224394147204,0.7650068487746123,0.05121754537259171,0.4193072002876105,0.2,1,0.7636402718142488,0.4,2,0.6802271509645446,0.6,3,0.816224394147204,0.4,2,0.7650068487746123,0.6,3
COVER__test__5533.pgm,5533.pgm,COVER,0,MULTI_CANDIDATE,MiPOD,HILL,MiPOD,HILL,S-UNIWARD,HUGO,WOW,,"MiPOD,HILL,S-UNIWARD",3,0,0.9980702404238165,0.9978889021219761,0.00018133830184041688,0.8229999163306013,0.8,4,0.9936576540929682,0.8,4,0.9978889021219761,0.8,4,0.8310632554526272,0.6,3,0.9980702404238165,0.8,4
COVER__test__5543.pgm,5543.pgm,COVER,0,UNKNOWN_OR_COVER,UNKNOWN,,HUGO,MiPOD,S-UNIWARD,HILL,WOW,,,0,0,0.8030148956569386,0.7529549555443916,0.050059940112547,0.4114703463996346,0.0,0,0.7523531201607435,0.0,0,0.6690886354628776,0.0,0,0.8030148956569386,0.0,0,0.7529549555443916,0.0,0
COVER__test__5546.pgm,5546.pgm,COVER,0,MULTI_CANDIDATE,HILL,MiPOD,HILL,MiPOD,HUGO,S-UNIWARD,WOW,,"HILL,MiPOD",2,0,1.0,1.0,0.0,0.7254897805512023,0.6,3,0.8364804011232956,0.6,3,1.0,1.0,5,0.837051813781603,0.8,4,1.0,1.0,5
COVER__test__5552.pgm,5552.pgm,COVER,0,SINGLE_CANDIDATE,HUGO,,HUGO,MiPOD,S-UNIWARD,HILL,WOW,,HUGO,1,0,0.9791521775387,0.79352109318669,0.18563108435201003,0.43695678178355435,0.2,1,0.7737857314893377,0.6,3,0.6871986672872573,0.6,3,0.9791521775387,0.8,4,0.79352109318669,0.6,3
COVER__test__5553.pgm,5553.pgm,COVER,0,MULTI_CANDIDATE,WOW,S-UNIWARD,WOW,S-UNIWARD,HILL,HUGO,MiPOD,,"WOW,S-UNIWARD,HILL,HUGO,MiPOD",5,0,1.0,1.0,0.0,1.0,1.0,5,1.0,1.0,5,1.0,1.0,5,1.0,1.0,5,1.0,1.0,5
COVER__test__5554.pgm,5554.pgm,COVER,0,UNKNOWN_OR_COVER,UNKNOWN,,MiPOD,S-UNIWARD,HUGO,HILL,WOW,,,0,0,0.8742529301609776,0.8344175296302279,0.03983540053074974,0.5088318740161942,0.2,1,0.8344175296302279,0.8,4,0.7567335907433733,0.4,2,0.8270263466889831,0.6,3,0.8742529301609776,0.4,2
COVER__test__5559.pgm,5559.pgm,COVER,0,MULTI_CANDIDATE,HILL,HUGO,HILL,HUGO,MiPOD,S-UNIWARD,WOW,,"HILL,HUGO,MiPOD,S-UNIWARD",4,0,1.0,1.0,0.0,0.8944900463791849,0.8,4,0.9473739321116564,0.8,4,1.0,1.0,5,1.0,1.0,5,1.0,1.0,5
COVER__test__5563.pgm,5563.pgm,COVER,0,UNKNOWN_OR_COVER,UNKNOWN,,HUGO,MiPOD,S-UNIWARD,HILL,WOW,,,0,0,0.8086318410811077,0.7569880328961728,0.05164380818493497,0.4137101358479649,0.2,1,0.7563397605111959,0.2,1,0.6713470771193201,0.2,1,0.8086318410811077,0.0,0,0.7569880328961728,0.2,1
COVER__test__5572.pgm,5572.pgm,COVER,0,UNKNOWN_OR_COVER,UNKNOWN,,HUGO,S-UNIWARD,MiPOD,HILL,WOW,,,0,0,0.8305320064516094,0.8099321187121948,0.02059988773941457,0.4401050798491,0.2,1,0.8099321187121948,0.4,2,0.6985611722662621,0.4,2,0.8305320064516094,0.6,3,0.8028536136717597,0.4,2
COVER__test__5573.pgm,5573.pgm,COVER,0,MULTI_CANDIDATE,HILL,MiPOD,HILL,MiPOD,HUGO,S-UNIWARD,WOW,,"HILL,MiPOD",2,0,1.0,1.0,0.0,0.7371197140833254,0.6,3,0.8370443492755986,0.8,4,1.0,1.0,5,0.8419598964258924,0.8,4,1.0,1.0,5
COVER__test__5575.pgm,5575.pgm,COVER,0,MULTI_CANDIDATE,WOW,S-UNIWARD,WOW,S-UNIWARD,HILL,HUGO,MiPOD,,"WOW,S-UNIWARD,HILL,HUGO,MiPOD",5,0,1.0,1.0,0.0,1.0,1.0,5,1.0,1.0,5,1.0,1.0,5,1.0,1.0,5,1.0,1.0,5
COVER__test__5580.pgm,5580.pgm,COVER,0,UNKNOWN_OR_COVER,UNKNOWN,,HUGO,MiPOD,S-UNIWARD,HILL,WOW,,,0,0,0.8084110598811927,0.7566384112148751,0.05177264866631759,0.4134212128521778,0.2,1,0.7566094393512344,0.2,1,0.6717955102689378,0.2,1,0.8084110598811927,0.2,1,0.7566384112148751,0.0,0
COVER__test__5585.pgm,5585.pgm,COVER,0,MULTI_CANDIDATE,HILL,MiPOD,HILL,MiPOD,S-UNIWARD,WOW,HUGO,,"HILL,MiPOD",2,0,1.0,1.0,0.0,0.832324478991106,0.6,3,0.8373707612670435,0.8,4,1.0,1.0,5,0.8321979590672465,0.8,4,1.0,1.0,5
COVER__test__5593.pgm,5593.pgm,COVER,0,UNKNOWN_OR_COVER,UNKNOWN,,HUGO,S-UNIWARD,MiPOD,HILL,WOW,,,0,0,0.814117742118096,0.7770420988416433,0.03707564327645263,0.42079103975015064,0.2,1,0.7770420988416433,0.6,3,0.6773972063711292,0.4,2,0.814117742118096,0.4,2,0.7705402483709597,0.4,2
COVER__test__5595.pgm,5595.pgm,COVER,0,UNKNOWN_OR_COVER,UNKNOWN,,HUGO,S-UNIWARD,MiPOD,HILL,WOW,,,0,0,0.8254804006700462,0.7792108595783567,0.04626954109168957,0.42847090763808254,0.0,0,0.7792108595783567,0.2,1,0.6787052550240265,0.2,1,0.8254804006700462,0.6,3,0.7653728162021226,0.2,1
COVER__test__5599.pgm,5599.pgm,COVER,0,UNKNOWN_OR_COVER,UNKNOWN,,HUGO,MiPOD,S-UNIWARD,HILL,WOW,,,0,0,0.8144510913177786,0.761795079587283,0.05265601173049561,0.41577269454286936,0.2,1,0.7595648206053685,0.2,1,0.6759327032840028,0.2,1,0.8144510913177786,0.2,1,0.761795079587283,0.2,1
COVER__test__5605.pgm,5605.pgm,COVER,0,UNKNOWN_OR_COVER,UNKNOWN,,HUGO,MiPOD,S-UNIWARD,HILL,WOW,,,0,0,0.8136435876498161,0.7621360277256806,0.05150755992413558,0.41565473307294204,0.2,1,0.760353633112931,0.2,1,0.6762372007560196,0.4,2,0.8136435876498161,0.2,1,0.7621360277256806,0.4,2
COVER__test__5606.pgm,5606.pgm,COVER,0,UNKNOWN_OR_COVER,UNKNOWN,,HUGO,MiPOD,S-UNIWARD,HILL,WOW,,,0,0,0.8067294403583152,0.7577788263955771,0.04895061396273803,0.41346086373935875,0.2,1,0.7569900989235144,0.2,1,0.672893092511454,0.4,2,0.8067294403583152,0.2,1,0.7577788263955771,0.4,2
COVER__test__5614.pgm,5614.pgm,COVER,0,UNKNOWN_OR_COVER,UNKNOWN,,HUGO,MiPOD,S-UNIWARD,HILL,WOW,,,0,0,0.8105782524651624,0.7603575964966294,0.05022065596853298,0.4149504524883797,0.2,1,0.7597611516016045,0.2,1,0.6751596240441857,0.4,2,0.8105782524651624,0.2,1,0.7603575964966294,0.4,2
COVER__test__5622.pgm,5622.pgm,COVER,0,UNKNOWN_OR_COVER,UNKNOWN,,HUGO,S-UNIWARD,MiPOD,HILL,WOW,,,0,0,0.8125497876198459,0.7639150939885642,0.0486346936312817,0.4156268427784786,0.0,0,0.7639150939885642,0.0,0,0.6756966024578641,0.4,2,0.8125497876198459,0.4,2,0.7613318064977183,0.2,1
COVER__test__5623.pgm,5623.pgm,COVER,0,UNKNOWN_OR_COVER,UNKNOWN,,HUGO,MiPOD,S-UNIWARD,HILL,WOW,,,0,0,0.8076664279855276,0.7569921553618401,0.05067427262368751,0.4129914975524517,0.0,0,0.755992209010453,0.0,0,0.6724140890032198,0.0,0,0.8076664279855276,0.2,1,0.7569921553618401,0.0,0
COVER__test__5627.pgm,5627.pgm,COVER,0,UNKNOWN_OR_COVER,UNKNOWN,,HUGO,MiPOD,S-UNIWARD,HILL,WOW,,,0,0,0.8086331798677564,0.7591708777586211,0.04946230210913527,0.4141199286831707,0.2,1,0.7576548819528558,0.2,1,0.6740113724883081,0.4,2,0.8086331798677564,0.2,1,0.7591708777586211,0.2,1
COVER__test__5630.pgm,5630.pgm,COVER,0,UNKNOWN_OR_COVER,UNKNOWN,,HUGO,MiPOD,S-UNIWARD,HILL,WOW,,,0,0,0.8076083345880907,0.7565537552880924,0.05105457929999824,0.41283977579744235,0.0,0,0.7560759681160472,0.0,0,0.672737370882559,0.2,1,0.8076083345880907,0.2,1,0.7565537552880924,0.2,1
COVER__test__5636.pgm,5636.pgm,COVER,0,MULTI_CANDIDATE,WOW,S-UNIWARD,WOW,S-UNIWARD,HILL,HUGO,MiPOD,,"WOW,S-UNIWARD,HILL,HUGO,MiPOD",5,0,1.0,1.0,0.0,1.0,1.0,5,1.0,1.0,5,1.0,1.0,5,1.0,1.0,5,1.0,1.0,5
COVER__test__5638.pgm,5638.pgm,COVER,0,UNKNOWN_OR_COVER,UNKNOWN,,HUGO,S-UNIWARD,MiPOD,HILL,WOW,,,0,0,0.8093379068675999,0.761353084720121,0.0479848221474789,0.4160873736952377,0.2,1,0.761353084720121,0.4,2,0.6741583374534178,0.4,2,0.8093379068675999,0.2,1,0.7592144446738592,0.4,2
COVER__test__565.pgm,565.pgm,COVER,0,MULTI_CANDIDATE,HILL,MiPOD,HILL,MiPOD,S-UNIWARD,HUGO,WOW,,"HILL,MiPOD",2,0,1.0,1.0,0.0,0.8270748505999297,0.8,4,0.8721887395899091,0.8,4,1.0,1.0,5,0.845495759633448,0.8,4,1.0,1.0,5
COVER__test__5650.pgm,5650.pgm,COVER,0,UNKNOWN_OR_COVER,UNKNOWN,,HUGO,MiPOD,S-UNIWARD,HILL,WOW,,,0,0,0.8093545239556009,0.7589582422665834,0.05039628168901755,0.4142953388677325,0.2,1,0.7559469590276884,0.2,1,0.6740540033691153,0.2,1,0.8093545239556009,0.2,1,0.7589582422665834,0.2,1
COVER__test__566.pgm,566.pgm,COVER,0,UNKNOWN_OR_COVER,UNKNOWN,,HUGO,MiPOD,S-UNIWARD,HILL,WOW,,,0,0,0.8115428870050373,0.7601409411357241,0.05140194586931324,0.41489665415279164,0.2,1,0.759347934373515,0.2,1,0.675047682843619,0.4,2,0.8115428870050373,0.2,1,0.7601409411357241,0.4,2
COVER__test__5660.pgm,5660.pgm,COVER,0,UNKNOWN_OR_COVER,UNKNOWN,,HUGO,MiPOD,S-UNIWARD,HILL,WOW,,,0,0,0.8072941969197709,0.7576174125292295,0.04967678439054135,0.41373366007466716,0.2,1,0.7540740021470294,0.2,1,0.6729293478089233,0.2,1,0.8072941969197709,0.0,0,0.7576174125292295,0.2,1
COVER__test__5663.pgm,5663.pgm,COVER,0,UNKNOWN_OR_COVER,UNKNOWN,,HUGO,MiPOD,S-UNIWARD,HILL,WOW,,,0,0,0.8108904045433262,0.759622605745911,0.051267798797415165,0.4145201132219218,0.2,1,0.7574485777581593,0.2,1,0.6736376130372557,0.2,1,0.8108904045433262,0.0,0,0.759622605745911,0.2,1
COVER__test__5668.pgm,5668.pgm,COVER,0,UNKNOWN_OR_COVER,UNKNOWN,,HUGO,MiPOD,S-UNIWARD,HILL,WOW,,,0,0,0.8118328913892444,0.7608074656134907,0.05102542577575375,0.4150483319732916,0.2,1,0.758219941355387,0.2,1,0.6750993078502705,0.2,1,0.8118328913892444,0.2,1,0.7608074656134907,0.0,0
COVER__test__5677.pgm,5677.pgm,COVER,0,UNKNOWN_OR_COVER,UNKNOWN,,HUGO,MiPOD,S-UNIWARD,HILL,WOW,,,0,0,0.8111562499919174,0.7600217278848531,0.05113452210706426,0.41478462606485744,0.2,1,0.7572090637228546,0.2,1,0.6743897235168508,0.2,1,0.8111562499919174,0.2,1,0.7600217278848531,0.2,1
COVER__test__5690.pgm,5690.pgm,COVER,0,UNKNOWN_OR_COVER,UNKNOWN,,HUGO,MiPOD,S-UNIWARD,HILL,WOW,,,0,0,0.8089251616569679,0.7585434660948679,0.05038169556210004,0.4138022344477975,0.2,1,0.7581055718423377,0.2,1,0.6730934455752544,0.4,2,0.8089251616569679,0.2,1,0.7585434660948679,0.4,2
COVER__test__5712.pgm,5712.pgm,COVER,0,UNKNOWN_OR_COVER,UNKNOWN,,HUGO,MiPOD,S-UNIWARD,HILL,WOW,,,0,0,0.8272614537702452,0.8112925081240953,0.015968945646149924,0.43773168217843417,0.2,1,0.782609867288798,0.4,2,0.6929891456466485,0.4,2,0.8272614537702452,0.6,3,0.8112925081240953,0.4,2
COVER__test__5732.pgm,5732.pgm,COVER,0,MULTI_CANDIDATE,HUGO,MiPOD,HUGO,MiPOD,HILL,S-UNIWARD,WOW,,"HUGO,MiPOD,HILL",3,0,1.0,1.0,0.0,0.7571299097973371,0.6,3,0.8477555688696274,0.8,4,0.9801089534896885,0.8,4,1.0,1.0,5,1.0,1.0,5
COVER__test__5739.pgm,5739.pgm,COVER,0,SINGLE_CANDIDATE,MiPOD,,MiPOD,HILL,S-UNIWARD,HUGO,WOW,,MiPOD,1,0,0.9248947733096392,0.8425283486346968,0.08236642467494237,0.584904465418559,0.4,2,0.8367639140704718,0.8,4,0.8425283486346968,0.8,4,0.832698715080366,0.8,4,0.9248947733096392,0.6,3
COVER__test__5743.pgm,5743.pgm,COVER,0,MULTI_CANDIDATE,MiPOD,S-UNIWARD,MiPOD,S-UNIWARD,WOW,HILL,HUGO,,"MiPOD,S-UNIWARD",2,0,0.9781349080125559,0.9132995312241967,0.06483537678835916,0.8715550031442609,0.8,4,0.9132995312241967,0.8,4,0.8519167136739586,0.8,4,0.7822536097088273,0.6,3,0.9781349080125559,0.8,4
COVER__test__5748.pgm,5748.pgm,COVER,0,MULTI_CANDIDATE,HUGO,S-UNIWARD,HUGO,S-UNIWARD,MiPOD,HILL,WOW,,"HUGO,S-UNIWARD",2,0,0.9888025981248271,0.902230716729583,0.08657188139524408,0.5541630757650625,0.4,2,0.902230716729583,0.8,4,0.7114114776612802,0.6,3,0.9888025981248271,0.8,4,0.8001126128050882,0.6,3
COVER__test__575.pgm,575.pgm,COVER,0,MULTI_CANDIDATE,HILL,HUGO,HILL,HUGO,MiPOD,S-UNIWARD,WOW,,"HILL,HUGO,MiPOD",3,0,1.0,1.0,0.0,0.7663649641408854,0.6,3,0.850461160171643,0.8,4,1.0,1.0,5,1.0,1.0,5,0.998681123230712,0.8,4
COVER__test__5750.pgm,5750.pgm,COVER,0,MULTI_CANDIDATE,HILL,MiPOD,HILL,MiPOD,S-UNIWARD,HUGO,WOW,,"HILL,MiPOD",2,0,0.9737531536610089,0.9519528273055352,0.021800326355473687,0.804728701729096,0.6,3,0.8951136502545625,0.8,4,0.9737531536610089,0.8,4,0.83567453054415,0.8,4,0.9519528273055352,0.8,4
COVER__test__5764.pgm,5764.pgm,COVER,0,UNKNOWN_OR_COVER,UNKNOWN,,HUGO,MiPOD,S-UNIWARD,HILL,WOW,,,0,0,0.8095408413351362,0.7583994518371517,0.05114138949798441,0.41385143325393575,0.2,1,0.7574743418577291,0.2,1,0.6724817080482584,0.2,1,0.8095408413351362,0.2,1,0.7583994518371517,0.2,1
COVER__test__5765.pgm,5765.pgm,COVER,0,UNKNOWN_OR_COVER,UNKNOWN,,HUGO,S-UNIWARD,MiPOD,HILL,WOW,,,0,0,0.8156587695670728,0.7640780538040755,0.05158071576299739,0.41915325190058905,0.2,1,0.7640780538040755,0.4,2,0.6777795835851692,0.4,2,0.8156587695670728,0.2,1,0.7623770540787683,0.4,2
COVER__test__5772.pgm,5772.pgm,COVER,0,UNKNOWN_OR_COVER,UNKNOWN,,HUGO,MiPOD,S-UNIWARD,HILL,WOW,,,0,0,0.8086699794678184,0.7584490070901455,0.05022097237767287,0.4143967460048373,0.2,1,0.7544404460650498,0.2,1,0.6738229291454748,0.2,1,0.8086699794678184,0.0,0,0.7584490070901455,0.2,1
COVER__test__5778.pgm,5778.pgm,COVER,0,UNKNOWN_OR_COVER,UNKNOWN,,HUGO,MiPOD,S-UNIWARD,HILL,WOW,,,0,0,0.8127403415169535,0.7616947993513365,0.051045542165616964,0.41495300172376604,0.0,0,0.7597515242835831,0.0,0,0.675923531893358,0.2,1,0.8127403415169535,0.4,2,0.7616947993513365,0.2,1
COVER__test__5780.pgm,5780.pgm,COVER,0,UNKNOWN_OR_COVER,UNKNOWN,,HUGO,MiPOD,S-UNIWARD,HILL,WOW,,,0,0,0.8112158889518444,0.7607866978335548,0.050429191118289585,0.41488272780976737,0.2,1,0.7584537832734748,0.2,1,0.6752589982596346,0.4,2,0.8112158889518444,0.2,1,0.7607866978335548,0.4,2
COVER__test__5781.pgm,5781.pgm,COVER,0,UNKNOWN_OR_COVER,UNKNOWN,,HUGO,MiPOD,S-UNIWARD,HILL,WOW,,,0,0,0.8084197244822008,0.7572505569959496,0.05116916748625122,0.413615305966628,0.0,0,0.7543411753498364,0.0,0,0.6729104445254503,0.0,0,0.8084197244822008,0.0,0,0.7572505569959496,0.0,0
COVER__test__5788.pgm,5788.pgm,COVER,0,UNKNOWN_OR_COVER,UNKNOWN,,HUGO,MiPOD,S-UNIWARD,HILL,WOW,,,0,0,0.8074816250484232,0.7564692237868765,0.051012401261546714,0.41281462219033555,0.0,0,0.7547927467955924,0.0,0,0.6715941463341998,0.0,0,0.8074816250484232,0.0,0,0.7564692237868765,0.0,0
COVER__test__5791.pgm,5791.pgm,COVER,0,UNKNOWN_OR_COVER,UNKNOWN,,HUGO,S-UNIWARD,MiPOD,HILL,WOW,,,0,0,0.8172462362156881,0.7633382806064866,0.053907955609201585,0.41622916810281535,0.2,1,0.7633382806064866,0.2,1,0.6764343183945277,0.4,2,0.8172462362156881,0.2,1,0.7611930164795109,0.4,2
COVER__test__5793.pgm,5793.pgm,COVER,0,UNKNOWN_OR_COVER,UNKNOWN,,HUGO,MiPOD,S-UNIWARD,HILL,WOW,,,0,0,0.8055272646447016,0.7551763706393196,0.05035089400538195,0.41255674870050757,0.2,1,0.7548186934140343,0.2,1,0.6700845574151374,0.2,1,0.8055272646447016,0.0,0,0.7551763706393196,0.0,0
COVER__test__5808.pgm,5808.pgm,COVER,0,SINGLE_CANDIDATE,HUGO,,HUGO,HILL,WOW,MiPOD,S-UNIWARD,,HUGO,1,0,0.9406305370123264,0.8914723164986921,0.049158220513634276,0.8867683171958672,0.6,3,0.8691162976769065,0.8,4,0.8914723164986921,0.8,4,0.9406305370123264,0.8,4,0.8799955386092202,0.8,4
COVER__test__5815.pgm,5815.pgm,COVER,0,UNKNOWN_OR_COVER,UNKNOWN,,HUGO,S-UNIWARD,MiPOD,HILL,WOW,,,0,0,0.8393539437870802,0.7608869244183477,0.07846701936873246,0.41590793267648973,0.2,1,0.7608869244183477,0.2,1,0.6746822718507708,0.2,1,0.8393539437870802,0.0,0,0.7605300780016482,0.2,1
COVER__test__5818.pgm,5818.pgm,COVER,0,MULTI_CANDIDATE,HUGO,MiPOD,HUGO,MiPOD,HILL,S-UNIWARD,WOW,,"HUGO,MiPOD,HILL",3,0,0.9981900936337198,0.997369727223972,0.0008203664097478081,0.7812261350395493,0.6,3,0.8498030535778799,0.6,3,0.9971890302596378,0.8,4,0.9981900936337198,0.8,4,0.997369727223972,0.8,4
COVER__test__5825.pgm,5825.pgm,COVER,0,UNKNOWN_OR_COVER,UNKNOWN,,HUGO,MiPOD,S-UNIWARD,HILL,WOW,,,0,0,0.80871049108207,0.7571008470039107,0.05160964407815938,0.4139270443015032,0.2,1,0.7555227967267104,0.2,1,0.671887363204633,0.2,1,0.80871049108207,0.0,0,0.7571008470039107,0.2,1
COVER__test__5835.pgm,5835.pgm,COVER,0,MULTI_CANDIDATE,MiPOD,S-UNIWARD,MiPOD,S-UNIWARD,HILL,HUGO,WOW,,"MiPOD,S-UNIWARD,HILL",3,0,0.9610280250100203,0.9569427021752286,0.004085322834791683,0.8275541603813051,0.4,2,0.9569427021752286,0.6,3,0.9418788127379688,0.4,2,0.8305512251075828,0.8,4,0.9610280250100203,0.6,3
COVER__test__5836.pgm,5836.pgm,COVER,0,UNKNOWN_OR_COVER,UNKNOWN,,MiPOD,HUGO,S-UNIWARD,HILL,WOW,,,0,0,0.8971352843964926,0.8433663665918957,0.053768917804596916,0.5586028789781949,0.2,1,0.8398778091303554,0.8,4,0.790259374144276,0.6,3,0.8433663665918957,0.8,4,0.8971352843964926,0.8,4
COVER__test__5839.pgm,5839.pgm,COVER,0,UNKNOWN_OR_COVER,UNKNOWN,,HUGO,MiPOD,S-UNIWARD,HILL,WOW,,,0,0,0.8100611930278475,0.7589236483021443,0.0511375447257032,0.41454678462750827,0.0,0,0.7561562158136905,0.2,1,0.6737990557728517,0.2,1,0.8100611930278475,0.0,0,0.7589236483021443,0.0,0
COVER__test__5841.pgm,5841.pgm,COVER,0,MULTI_CANDIDATE,WOW,S-UNIWARD,WOW,S-UNIWARD,HILL,HUGO,MiPOD,,"WOW,S-UNIWARD,HILL,HUGO,MiPOD",5,0,1.0,1.0,0.0,1.0,1.0,5,1.0,1.0,5,1.0,1.0,5,1.0,1.0,5,1.0,1.0,5
COVER__test__5843.pgm,5843.pgm,COVER,0,UNKNOWN_OR_COVER,UNKNOWN,,HUGO,MiPOD,S-UNIWARD,HILL,WOW,,,0,0,0.8073177929100753,0.7576735036648772,0.04964428924519815,0.41282805383551047,0.0,0,0.75508794176672,0.0,0,0.6730783779251974,0.0,0,0.8073177929100753,0.2,1,0.7576735036648772,0.2,1
COVER__test__5859.pgm,5859.pgm,COVER,0,UNKNOWN_OR_COVER,UNKNOWN,,HUGO,MiPOD,S-UNIWARD,HILL,WOW,,,0,0,0.8078238983523589,0.7568651321152668,0.05095876623709206,0.4134168448249171,0.2,1,0.7558136198118478,0.2,1,0.6716371712714924,0.2,1,0.8078238983523589,0.0,0,0.7568651321152668,0.2,1
COVER__test__586.pgm,586.pgm,COVER,0,MULTI_CANDIDATE,MiPOD,HUGO,MiPOD,HUGO,S-UNIWARD,HILL,WOW,,"MiPOD,HUGO",2,0,0.9465337829384944,0.9218723524894734,0.024661430449021027,0.6512880167090972,0.4,2,0.8603624709314385,0.8,4,0.8427066908853351,0.8,4,0.9218723524894734,0.8,4,0.9465337829384944,0.8,4
COVER__test__5861.pgm,5861.pgm,COVER,0,UNKNOWN_OR_COVER,UNKNOWN,,HUGO,MiPOD,S-UNIWARD,HILL,WOW,,,0,0,0.8088345432155561,0.7579594944739341,0.050875048741622075,0.41410862652372754,0.2,1,0.7553386359355064,0.2,1,0.6726689052855972,0.2,1,0.8088345432155561,0.0,0,0.7579594944739341,0.2,1
COVER__test__5867.pgm,5867.pgm,COVER,0,UNKNOWN_OR_COVER,UNKNOWN,,HUGO,MiPOD,S-UNIWARD,HILL,WOW,,,0,0,0.8095033725075794,0.7584045431827617,0.051098829324817685,0.41399942282961205,0.2,1,0.7573027405207549,0.2,1,0.6737299832902968,0.2,1,0.8095033725075794,0.2,1,0.7584045431827617,0.4,2
COVER__test__5870.pgm,5870.pgm,COVER,0,UNKNOWN_OR_COVER,UNKNOWN,,HUGO,MiPOD,S-UNIWARD,HILL,WOW,,,0,0,0.8103599463895425,0.7595600617119713,0.05079988467757113,0.4145301191436417,0.2,1,0.7571847535707024,0.2,1,0.6741494366821119,0.2,1,0.8103599463895425,0.2,1,0.7595600617119713,0.0,0
COVER__test__5876.pgm,5876.pgm,COVER,0,UNKNOWN_OR_COVER,UNKNOWN,,HUGO,MiPOD,S-UNIWARD,HILL,WOW,,,0,0,0.8071197009836913,0.757400061385095,0.04971963959859638,0.41338622636074146,0.2,1,0.75487762029776,0.2,1,0.6723291350184104,0.2,1,0.8071197009836913,0.2,1,0.757400061385095,0.2,1
COVER__test__5878.pgm,5878.pgm,COVER,0,UNKNOWN_OR_COVER,UNKNOWN,,HUGO,MiPOD,S-UNIWARD,HILL,WOW,,,0,0,0.8117893293662621,0.7609928148307539,0.050796514535508264,0.4148794718078392,0.0,0,0.7591622602713055,0.0,0,0.6758938321963684,0.2,1,0.8117893293662621,0.2,1,0.7609928148307539,0.2,1
COVER__test__5881.pgm,5881.pgm,COVER,0,SINGLE_CANDIDATE,MiPOD,,MiPOD,HILL,S-UNIWARD,HUGO,WOW,,MiPOD,1,0,1.0,0.8660860338064937,0.13391396619350626,0.6132438478641887,0.4,2,0.8334870382859585,0.6,3,0.8660860338064937,0.8,4,0.8320514803739929,0.8,4,1.0,1.0,5
COVER__test__5894.pgm,5894.pgm,COVER,0,SINGLE_CANDIDATE,S-UNIWARD,,S-UNIWARD,WOW,HILL,MiPOD,HUGO,,S-UNIWARD,1,0,0.9488583416556992,0.8426498272939481,0.10620851436175105,0.8426498272939481,0.6,3,0.9488583416556992,0.6,3,0.8416055162949704,0.6,3,0.830444514041153,0.8,4,0.8350755973430063,0.6,3
COVER__test__5897.pgm,5897.pgm,COVER,0,UNKNOWN_OR_COVER,UNKNOWN,,HUGO,MiPOD,S-UNIWARD,HILL,WOW,,,0,0,0.8106354143542479,0.7602666370872251,0.050368777267022824,0.4146606016335035,0.2,1,0.7578106092723835,0.2,1,0.6750305175696758,0.4,2,0.8106354143542479,0.2,1,0.7602666370872251,0.4,2
COVER__test__590.pgm,590.pgm,COVER,0,UNKNOWN_OR_COVER,UNKNOWN,,HUGO,S-UNIWARD,MiPOD,HILL,WOW,,,0,0,0.8038268551423879,0.7557012164029594,0.048125638739428545,0.41116455028326904,0.2,1,0.7557012164029594,0.2,1,0.6663616630706706,0.2,1,0.8038268551423879,0.0,0,0.7523400506796647,0.2,1
COVER__test__5909.pgm,5909.pgm,COVER,0,MULTI_CANDIDATE,WOW,MiPOD,WOW,MiPOD,S-UNIWARD,HILL,HUGO,,"WOW,MiPOD,S-UNIWARD,HILL",4,0,0.9887930470736453,0.9867517162391518,0.0020413308344935377,0.9887930470736453,0.6,3,0.9850239775431217,0.6,3,0.9845223815717785,0.6,3,0.8164042949060357,0.4,2,0.9867517162391518,0.6,3
COVER__test__5912.pgm,5912.pgm,COVER,0,UNKNOWN_OR_COVER,UNKNOWN,,HUGO,MiPOD,S-UNIWARD,HILL,WOW,,,0,0,0.8087345749194658,0.757627024101976,0.051107550817489744,0.4141798919724583,0.0,0,0.7550773107405391,0.2,1,0.6729364266560061,0.2,1,0.8087345749194658,0.0,0,0.757627024101976,0.0,0
COVER__test__5913.pgm,5913.pgm,COVER,0,MULTI_CANDIDATE,MiPOD,HILL,MiPOD,HILL,HUGO,S-UNIWARD,WOW,,"MiPOD,HILL",2,0,0.9989635463359001,0.9986944701746279,0.00026907616127225253,0.7211447448567088,0.6,3,0.8307646221059584,0.6,3,0.9986944701746279,0.6,3,0.8333280588936818,0.6,3,0.9989635463359001,0.8,4
COVER__test__5916.pgm,5916.pgm,COVER,0,UNKNOWN_OR_COVER,UNKNOWN,,HUGO,MiPOD,S-UNIWARD,HILL,WOW,,,0,0,0.8065543888217714,0.7562747188385119,0.0502796699832595,0.4127735338845529,0.0,0,0.7535326863512032,0.0,0,0.6720522418901285,0.0,0,0.8065543888217714,0.0,0,0.7562747188385119,0.0,0
COVER__test__5932.pgm,5932.pgm,COVER,0,UNKNOWN_OR_COVER,UNKNOWN,,HUGO,MiPOD,S-UNIWARD,HILL,WOW,,,0,0,0.805486461630846,0.7549043218063889,0.05058213982445714,0.41266755992816906,0.0,0,0.7538433331754231,0.0,0,0.6704531063421855,0.2,1,0.805486461630846,0.0,0,0.7549043218063889,0.0,0
COVER__test__5940.pgm,5940.pgm,COVER,0,UNKNOWN_OR_COVER,UNKNOWN,,HUGO,MiPOD,S-UNIWARD,HILL,WOW,,,0,0,0.8099345766575661,0.7588015929393717,0.051132983718194414,0.41423682462962724,0.0,0,0.7565253356102353,0.0,0,0.6747845224175124,0.2,1,0.8099345766575661,0.2,1,0.7588015929393717,0.0,0
COVER__test__5950.pgm,5950.pgm,COVER,0,UNKNOWN_OR_COVER,UNKNOWN,,HUGO,MiPOD,S-UNIWARD,HILL,WOW,,,0,0,0.8119467557044937,0.7610698402573872,0.050876915447106486,0.41500879068687224,0.2,1,0.7590463643542854,0.2,1,0.6752184154086065,0.2,1,0.8119467557044937,0.2,1,0.7610698402573872,0.4,2
COVER__test__5955.pgm,5955.pgm,COVER,0,UNKNOWN_OR_COVER,UNKNOWN,,HUGO,MiPOD,S-UNIWARD,HILL,WOW,,,0,0,0.8050731308454347,0.7550641089133965,0.05000902193203827,0.41202678755933136,0.0,0,0.7537178870623087,0.0,0,0.6712866119830083,0.0,0,0.8050731308454347,0.2,1,0.7550641089133965,0.0,0
COVER__test__5959.pgm,5959.pgm,COVER,0,UNKNOWN_OR_COVER,UNKNOWN,,HUGO,MiPOD,S-UNIWARD,HILL,WOW,,,0,0,0.8098283174487293,0.7593404283566438,0.05048788909208546,0.414004199928484,0.0,0,0.7566092327477371,0.0,0,0.6750254400882174,0.2,1,0.8098283174487293,0.2,1,0.7593404283566438,0.2,1
COVER__test__5961.pgm,5961.pgm,COVER,0,UNKNOWN_OR_COVER,UNKNOWN,,HUGO,MiPOD,S-UNIWARD,HILL,WOW,,,0,0,0.8123304702611568,0.7616655253259734,0.050664944935183365,0.4154201616452709,0.2,1,0.760201367250363,0.2,1,0.6759048895020443,0.4,2,0.8123304702611568,0.2,1,0.7616655253259734,0.4,2
COVER__test__5964.pgm,5964.pgm,COVER,0,UNKNOWN_OR_COVER,UNKNOWN,,HUGO,MiPOD,S-UNIWARD,HILL,WOW,,,0,0,0.8132193295803569,0.7647233339169266,0.048495995663430325,0.4165117082864126,0.0,0,0.7636998504009685,0.0,0,0.6771209531064294,0.2,1,0.8132193295803569,0.4,2,0.7647233339169266,0.2,1
COVER__test__5975.pgm,5975.pgm,COVER,0,MULTI_CANDIDATE,S-UNIWARD,HILL,S-UNIWARD,HILL,MiPOD,HUGO,WOW,,"S-UNIWARD,HILL,MiPOD,HUGO",4,0,1.0,1.0,0.0,0.8274745753344421,0.8,4,1.0,1.0,5,1.0,1.0,5,0.9262818378280855,0.8,4,1.0,1.0,5
COVER__test__5984.pgm,5984.pgm,COVER,0,UNKNOWN_OR_COVER,UNKNOWN,,HUGO,S-UNIWARD,MiPOD,HILL,WOW,,,0,0,0.8135586044082924,0.7599456665753708,0.05361293783292165,0.4149701703351318,0.2,1,0.7599456665753708,0.2,1,0.6741396563714634,0.2,1,0.8135586044082924,0.2,1,0.7594128369411896,0.2,1
COVER__test__5988.pgm,5988.pgm,COVER,0,UNKNOWN_OR_COVER,UNKNOWN,,HUGO,MiPOD,S-UNIWARD,HILL,WOW,,,0,0,0.8028422583276816,0.7530256515024641,0.04981660682521749,0.41225977735641306,0.2,1,0.751565491181594,0.2,1,0.6682265478646354,0.2,1,0.8028422583276816,0.0,0,0.7530256515024641,0.2,1
COVER__test__5990.pgm,5990.pgm,COVER,0,UNKNOWN_OR_COVER,UNKNOWN,,HUGO,MiPOD,S-UNIWARD,HILL,WOW,,,0,0,0.8100428639961157,0.7592592421139943,0.05078362188212138,0.41420041176569056,0.2,1,0.7581041492459364,0.2,1,0.673372579459493,0.2,1,0.8100428639961157,0.2,1,0.7592592421139943,0.0,0
COVER__test__5993.pgm,5993.pgm,COVER,0,UNKNOWN_OR_COVER,UNKNOWN,,HUGO,MiPOD,S-UNIWARD,HILL,WOW,,,0,0,0.8074551888967143,0.758114431633457,0.04934075726325726,0.4136327879623293,0.2,1,0.7550863062253017,0.2,1,0.6730142767708653,0.2,1,0.8074551888967143,0.2,1,0.758114431633457,0.2,1
COVER__test__5997.pgm,5997.pgm,COVER,0,UNKNOWN_OR_COVER,UNKNOWN,,HUGO,MiPOD,S-UNIWARD,HILL,WOW,,,0,0,0.8068643064191473,0.7578475241913096,0.049016782227837674,0.4132777001870026,0.2,1,0.7558129180819448,0.2,1,0.6725898560827839,0.2,1,0.8068643064191473,0.2,1,0.7578475241913096,0.4,2
COVER__test__6000.pgm,6000.pgm,COVER,0,UNKNOWN_OR_COVER,UNKNOWN,,HUGO,MiPOD,S-UNIWARD,HILL,WOW,,,0,0,0.8063685478652506,0.7564939883027545,0.04987455956249609,0.41321167068904685,0.2,1,0.754303509137154,0.2,1,0.6711852215794047,0.2,1,0.8063685478652506,0.0,0,0.7564939883027545,0.2,1
COVER__test__6003.pgm,6003.pgm,COVER,0,MULTI_CANDIDATE,HUGO,MiPOD,HUGO,MiPOD,HILL,S-UNIWARD,WOW,,"HUGO,MiPOD,HILL",3,0,1.0,1.0,0.0,0.7305398386918933,0.6,3,0.8381428382609005,0.8,4,0.9712380846957516,0.8,4,1.0,1.0,5,1.0,1.0,5
COVER__test__6008.pgm,6008.pgm,COVER,0,UNKNOWN_OR_COVER,UNKNOWN,,HUGO,MiPOD,S-UNIWARD,HILL,WOW,,,0,0,0.8104767552296963,0.7595444845652624,0.050932270664433954,0.41490469235357563,0.2,1,0.7557108623152617,0.2,1,0.6739518268202426,0.2,1,0.8104767552296963,0.0,0,0.7595444845652624,0.2,1
COVER__test__6009.pgm,6009.pgm,COVER,0,UNKNOWN_OR_COVER,UNKNOWN,,HUGO,S-UNIWARD,MiPOD,HILL,WOW,,,0,0,0.8173707009938027,0.7645831999330465,0.05278750106075625,0.41630661881426123,0.2,1,0.7645831999330465,0.2,1,0.6761819491518144,0.4,2,0.8173707009938027,0.4,2,0.7620372813151111,0.4,2
COVER__test__6013.pgm,6013.pgm,COVER,0,UNKNOWN_OR_COVER,UNKNOWN,,HUGO,S-UNIWARD,MiPOD,HILL,WOW,,,0,0,0.8190807743422821,0.772045396794194,0.047035377548088064,0.42724557899197874,0.2,1,0.772045396794194,0.4,2,0.6813928854763861,0.6,3,0.8190807743422821,0.6,3,0.768763430373719,0.6,3
COVER__test__6014.pgm,6014.pgm,COVER,0,UNKNOWN_OR_COVER,UNKNOWN,,HUGO,MiPOD,S-UNIWARD,HILL,WOW,,,0,0,0.8062016525560001,0.7563686465843501,0.04983300597164997,0.4135541257702487,0.2,1,0.7537236747691217,0.2,1,0.6708556014000785,0.2,1,0.8062016525560001,0.0,0,0.7563686465843501,0.0,0
COVER__test__6016.pgm,6016.pgm,COVER,0,SINGLE_CANDIDATE,S-UNIWARD,,S-UNIWARD,MiPOD,HILL,HUGO,WOW,,S-UNIWARD,1,0,0.9840823360369446,0.8837000635391036,0.10038227249784104,0.7315580269014197,0.6,3,0.9840823360369446,0.8,4,0.8477529590030546,0.6,3,0.8363524015815997,0.8,4,0.8837000635391036,0.8,4
COVER__test__6021.pgm,6021.pgm,COVER,0,UNKNOWN_OR_COVER,UNKNOWN,,HUGO,MiPOD,S-UNIWARD,HILL,WOW,,,0,0,0.8071915013398087,0.7587599079225807,0.048431593417227914,0.41377750496276144,0.2,1,0.755202254692281,0.2,1,0.6741185180883518,0.4,2,0.8071915013398087,0.2,1,0.7587599079225807,0.4,2
COVER__test__6024.pgm,6024.pgm,COVER,0,UNKNOWN_OR_COVER,UNKNOWN,,HUGO,MiPOD,S-UNIWARD,HILL,WOW,,,0,0,0.8078671363797625,0.7581270430367957,0.04974009334296681,0.41382115019396853,0.2,1,0.7546322166502308,0.2,1,0.6729293330874504,0.2,1,0.8078671363797625,0.0,0,0.7581270430367957,0.2,1
COVER__test__6029.pgm,6029.pgm,COVER,0,MULTI_CANDIDATE,WOW,S-UNIWARD,WOW,S-UNIWARD,HILL,MiPOD,HUGO,,"WOW,S-UNIWARD,HILL,MiPOD,HUGO",5,0,1.0,1.0,0.0,1.0,1.0,5,1.0,1.0,5,1.0,1.0,5,0.9235942406439331,0.8,4,1.0,1.0,5
COVER__test__6036.pgm,6036.pgm,COVER,0,UNKNOWN_OR_COVER,UNKNOWN,,HUGO,S-UNIWARD,MiPOD,HILL,WOW,,,0,0,0.820398459325516,0.7654847774218881,0.05491368190362789,0.41643609390669073,0.2,1,0.7654847774218881,0.2,1,0.6756551489665675,0.2,1,0.820398459325516,0.2,1,0.7609234619161324,0.2,1
COVER__test__6053.pgm,6053.pgm,COVER,0,UNKNOWN_OR_COVER,UNKNOWN,,HUGO,S-UNIWARD,MiPOD,HILL,WOW,,,0,0,0.8137230966865359,0.7627166594329354,0.051006437253600434,0.41509271110191215,0.2,1,0.7627166594329354,0.2,1,0.6731931909292712,0.2,1,0.8137230966865359,0.4,2,0.7601867305451393,0.2,1
COVER__test__6061.pgm,6061.pgm,COVER,0,UNKNOWN_OR_COVER,UNKNOWN,,HUGO,MiPOD,S-UNIWARD,HILL,WOW,,,0,0,0.8060155405848534,0.7565041794594858,0.04951136112536758,0.4125248275553183,0.0,0,0.7535102492543355,0.0,0,0.6719653201778617,0.0,0,0.8060155405848534,0.2,1,0.7565041794594858,0.0,0
COVER__test__6067.pgm,6067.pgm,COVER,0,UNKNOWN_OR_COVER,UNKNOWN,,HUGO,MiPOD,S-UNIWARD,HILL,WOW,,,0,0,0.8095206993408597,0.7591433191213806,0.05037738021947913,0.41434301547420793,0.2,1,0.7560474953283606,0.2,1,0.6743063587784919,0.2,1,0.8095206993408597,0.2,1,0.7591433191213806,0.2,1
COVER__test__607.pgm,607.pgm,COVER,0,MULTI_CANDIDATE,HILL,S-UNIWARD,HILL,S-UNIWARD,WOW,MiPOD,HUGO,,"HILL,S-UNIWARD,WOW,MiPOD",4,0,0.9943007839776665,0.9940573011852021,0.00024348279246444449,0.9939155450415406,0.8,4,0.9940573011852021,0.8,4,0.9943007839776665,0.8,4,0.8304443688707435,0.8,4,0.993705945199902,0.8,4
COVER__test__6087.pgm,6087.pgm,COVER,0,UNKNOWN_OR_COVER,UNKNOWN,,HUGO,MiPOD,S-UNIWARD,HILL,WOW,,,0,0,0.8086272493560929,0.7576719171222475,0.05095533223384541,0.41378335861386695,0.0,0,0.7559095668208997,0.2,1,0.6727358664432684,0.2,1,0.8086272493560929,0.0,0,0.7576719171222475,0.0,0
COVER__test__6088.pgm,6088.pgm,COVER,0,UNKNOWN_OR_COVER,UNKNOWN,,HUGO,MiPOD,S-UNIWARD,HILL,WOW,,,0,0,0.8052637644566565,0.7555174236803269,0.049746340776329556,0.412672612829037,0.2,1,0.7536596874001644,0.2,1,0.671239167112783,0.2,1,0.8052637644566565,0.2,1,0.7555174236803269,0.2,1
COVER__test__6093.pgm,6093.pgm,COVER,0,UNKNOWN_OR_COVER,UNKNOWN,,HUGO,MiPOD,S-UNIWARD,HILL,WOW,,,0,0,0.8075241680313845,0.7574119269933042,0.05011224103808032,0.4134285122879807,0.2,1,0.755497178131013,0.2,1,0.6723008278900877,0.2,1,0.8075241680313845,0.2,1,0.7574119269933042,0.2,1
COVER__test__6095.pgm,6095.pgm,COVER,0,UNKNOWN_OR_COVER,UNKNOWN,,HUGO,MiPOD,S-UNIWARD,HILL,WOW,,,0,0,0.81028698273164,0.7594219692755845,0.05086501345605554,0.4142855871869858,0.2,1,0.7594019701363409,0.2,1,0.6736726701346387,0.4,2,0.81028698273164,0.2,1,0.7594219692755845,0.4,2
COVER__test__6117.pgm,6117.pgm,COVER,0,UNKNOWN_OR_COVER,UNKNOWN,,HUGO,S-UNIWARD,MiPOD,HILL,WOW,,,0,0,0.808894655761957,0.7564400524689769,0.05245460329298002,0.4136489626151979,0.2,1,0.7564400524689769,0.2,1,0.6707959982770582,0.2,1,0.808894655761957,0.0,0,0.7554790524914663,0.2,1
COVER__test__6128.pgm,6128.pgm,COVER,0,UNKNOWN_OR_COVER,UNKNOWN,,HUGO,MiPOD,S-UNIWARD,HILL,WOW,,,0,0,0.8094229979743295,0.7572597017866511,0.05216329618767834,0.4139530494884481,0.2,1,0.7564043984727499,0.2,1,0.6724197201833391,0.2,1,0.8094229979743295,0.0,0,0.7572597017866511,0.2,1
COVER__test__6144.pgm,6144.pgm,COVER,0,MULTI_CANDIDATE,S-UNIWARD,HILL,S-UNIWARD,HILL,MiPOD,HUGO,WOW,,"S-UNIWARD,HILL,MiPOD,HUGO",4,0,1.0,1.0,0.0,0.8819253128559759,0.8,4,1.0,1.0,5,1.0,1.0,5,0.952829142157999,0.8,4,1.0,1.0,5
COVER__test__615.pgm,615.pgm,COVER,0,UNKNOWN_OR_COVER,UNKNOWN,,HILL,MiPOD,S-UNIWARD,HUGO,WOW,,,0,0,0.8952926294599864,0.8833365274973598,0.011956101962626642,0.6640184344545655,0.4,2,0.8498001228142181,0.6,3,0.8952926294599864,0.8,4,0.8331471347080182,0.8,4,0.8833365274973598,0.8,4
COVER__test__6153.pgm,6153.pgm,COVER,0,UNKNOWN_OR_COVER,UNKNOWN,,HUGO,MiPOD,S-UNIWARD,HILL,WOW,,,0,0,0.806046508233694,0.7547388961523798,0.05130761208131418,0.41321751505660415,0.2,1,0.7534413307745633,0.2,1,0.6706552174270717,0.2,1,0.806046508233694,0.0,0,0.7547388961523798,0.2,1
COVER__test__6156.pgm,6156.pgm,COVER,0,MULTI_CANDIDATE,S-UNIWARD,HILL,S-UNIWARD,HILL,MiPOD,HUGO,WOW,,"S-UNIWARD,HILL,MiPOD,HUGO",4,0,1.0,1.0,0.0,0.8280193201414292,0.8,4,1.0,1.0,5,1.0,1.0,5,0.9596973458542356,0.8,4,1.0,1.0,5
COVER__test__6158.pgm,6158.pgm,COVER,0,UNKNOWN_OR_COVER,UNKNOWN,,HUGO,S-UNIWARD,MiPOD,HILL,WOW,,,0,0,0.8272357230841333,0.7851339925725939,0.042101730511539426,0.42241833707866094,0.2,1,0.7851339925725939,0.2,1,0.6817218683200897,0.4,2,0.8272357230841333,0.6,3,0.7711798929825466,0.4,2
COVER__test__6160.pgm,6160.pgm,COVER,0,MULTI_CANDIDATE,HILL,MiPOD,HILL,MiPOD,S-UNIWARD,HUGO,WOW,,"HILL,MiPOD",2,0,1.0,1.0,0.0,0.7437815914608885,0.6,3,0.8417948534325742,0.8,4,1.0,1.0,5,0.8320833485908448,0.8,4,1.0,1.0,5
COVER__test__6174.pgm,6174.pgm,COVER,0,UNKNOWN_OR_COVER,UNKNOWN,,HUGO,MiPOD,S-UNIWARD,HILL,WOW,,,0,0,0.8083586218200539,0.7575983915419784,0.050760230278075524,0.41361848099706505,0.2,1,0.7559688151670867,0.2,1,0.6721937231883948,0.2,1,0.8083586218200539,0.0,0,0.7575983915419784,0.2,1
COVER__test__6175.pgm,6175.pgm,COVER,0,SINGLE_CANDIDATE,S-UNIWARD,,S-UNIWARD,HUGO,MiPOD,HILL,WOW,,S-UNIWARD,1,0,0.9566384345371493,0.8295088762263481,0.1271295583108012,0.5313938394593523,0.4,2,0.9566384345371493,0.2,1,0.6905363180202857,0.4,2,0.8295088762263481,0.4,2,0.7741956936883582,0.4,2
COVER__test__6176.pgm,6176.pgm,COVER,0,UNKNOWN_OR_COVER,UNKNOWN,,HUGO,S-UNIWARD,MiPOD,HILL,WOW,,,0,0,0.8203545351845047,0.7744939664074864,0.045860568777018385,0.44645395650936254,0.2,1,0.7744939664074864,0.4,2,0.6811102764760137,0.6,3,0.8203545351845047,0.6,3,0.7669578361742215,0.6,3
COVER__test__6183.pgm,6183.pgm,COVER,0,UNKNOWN_OR_COVER,UNKNOWN,,MiPOD,S-UNIWARD,HUGO,HILL,WOW,,,0,0,0.8528604716571466,0.8411879118057513,0.01167255985139537,0.5463772361029099,0.2,1,0.8411879118057513,0.6,3,0.7728009217809177,0.4,2,0.8315571921001954,0.6,3,0.8528604716571466,0.4,2
COVER__test__6185.pgm,6185.pgm,COVER,0,UNKNOWN_OR_COVER,UNKNOWN,,HUGO,S-UNIWARD,MiPOD,HILL,WOW,,,0,0,0.825760893213652,0.774191249538371,0.05156964367528094,0.42048598929526076,0.2,1,0.774191249538371,0.2,1,0.6814995506822947,0.4,2,0.825760893213652,0.4,2,0.7701038311810503,0.4,2
COVER__test__6186.pgm,6186.pgm,COVER,0,UNKNOWN_OR_COVER,UNKNOWN,,HUGO,MiPOD,S-UNIWARD,HILL,WOW,,,0,0,0.8088333297004775,0.759679348609268,0.0491539810912095,0.41425943095205947,0.2,1,0.7565124452196501,0.2,1,0.674668276338558,0.4,2,0.8088333297004775,0.2,1,0.759679348609268,0.4,2
COVER__test__6188.pgm,6188.pgm,COVER,0,UNKNOWN_OR_COVER,UNKNOWN,,HUGO,MiPOD,S-UNIWARD,HILL,WOW,,,0,0,0.8053548255814444,0.7542644156962702,0.051090409885174215,0.4129250170979515,0.2,1,0.7534323586963477,0.2,1,0.6692122602848654,0.2,1,0.8053548255814444,0.0,0,0.7542644156962702,0.2,1
COVER__test__6193.pgm,6193.pgm,COVER,0,SINGLE_CANDIDATE,HUGO,,HUGO,S-UNIWARD,MiPOD,HILL,WOW,,HUGO,1,0,0.9982155712950853,0.8011250304633035,0.1970905408317818,0.44127027476018704,0.2,1,0.8011250304633035,0.4,2,0.6903113125200554,0.6,3,0.9982155712950853,0.8,4,0.7740299611431232,0.6,3
COVER__test__6211.pgm,6211.pgm,COVER,0,UNKNOWN_OR_COVER,UNKNOWN,,HUGO,MiPOD,S-UNIWARD,HILL,WOW,,,0,0,0.8153515580290257,0.765193917191492,0.05015764083753371,0.4171292448954523,0.2,1,0.7603091394976438,0.2,1,0.6781344510170885,0.2,1,0.8153515580290257,0.2,1,0.765193917191492,0.2,1
COVER__test__6212.pgm,6212.pgm,COVER,0,UNKNOWN_OR_COVER,UNKNOWN,,HUGO,MiPOD,S-UNIWARD,HILL,WOW,,,0,0,0.8080692230452223,0.7588271850741019,0.04924203797112048,0.41383188814914806,0.2,1,0.7560326552786802,0.2,1,0.6739270957235219,0.4,2,0.8080692230452223,0.2,1,0.7588271850741019,0.4,2
COVER__test__622.pgm,622.pgm,COVER,0,UNKNOWN_OR_COVER,UNKNOWN,,HUGO,MiPOD,S-UNIWARD,HILL,WOW,,,0,0,0.8104517423204298,0.7595890413179286,0.05086270100250123,0.41447318418426304,0.2,1,0.7574864229807703,0.2,1,0.6741399737579498,0.2,1,0.8104517423204298,0.2,1,0.7595890413179286,0.2,1
COVER__test__6221.pgm,6221.pgm,COVER,0,UNKNOWN_OR_COVER,UNKNOWN,,MiPOD,HUGO,S-UNIWARD,HILL,WOW,,,0,0,0.8450985318446305,0.8281876231469907,0.01691090869763978,0.556170190580002,0.2,1,0.8236444065343631,0.6,3,0.7308020381594387,0.4,2,0.8281876231469907,0.6,3,0.8450985318446305,0.6,3
COVER__test__623.pgm,623.pgm,COVER,0,MULTI_CANDIDATE,HILL,HUGO,HILL,HUGO,MiPOD,S-UNIWARD,WOW,,"HILL,HUGO,MiPOD",3,0,1.0,1.0,0.0,0.8482036464677041,0.8,4,0.8802820963876755,0.8,4,1.0,1.0,5,1.0,1.0,5,1.0,1.0,5
COVER__test__6236.pgm,6236.pgm,COVER,0,UNKNOWN_OR_COVER,UNKNOWN,,HUGO,MiPOD,S-UNIWARD,HILL,WOW,,,0,0,0.7980905768259655,0.7512978460877546,0.046792730738210886,0.41307188891204083,0.2,1,0.7499966264257141,0.4,2,0.6691141497081023,0.4,2,0.7980905768259655,0.2,1,0.7512978460877546,0.4,2
COVER__test__6274.pgm,6274.pgm,COVER,0,MULTI_CANDIDATE,MiPOD,HUGO,MiPOD,HUGO,HILL,S-UNIWARD,WOW,,"MiPOD,HUGO,HILL",3,0,1.0,0.977500096611822,0.022499903388177978,0.699287699777263,0.4,2,0.8360977221541394,0.8,4,0.9269467713206746,0.8,4,0.977500096611822,0.8,4,1.0,1.0,5
COVER__test__6280.pgm,6280.pgm,COVER,0,MULTI_CANDIDATE,WOW,S-UNIWARD,WOW,S-UNIWARD,HILL,HUGO,MiPOD,,"WOW,S-UNIWARD,HILL,HUGO,MiPOD",5,0,1.0,1.0,0.0,1.0,1.0,5,1.0,1.0,5,1.0,1.0,5,1.0,1.0,5,1.0,1.0,5
COVER__test__6284.pgm,6284.pgm,COVER,0,SINGLE_CANDIDATE,HUGO,,HUGO,S-UNIWARD,HILL,MiPOD,WOW,,HUGO,1,0,0.9790752035229365,0.8671299012808893,0.11194530224204724,0.6812860619358745,0.6,3,0.8671299012808893,0.6,3,0.8413147436804669,0.8,4,0.9790752035229365,0.8,4,0.8361310973606763,0.8,4
COVER__test__6287.pgm,6287.pgm,COVER,0,SINGLE_CANDIDATE,S-UNIWARD,,S-UNIWARD,HILL,MiPOD,WOW,HUGO,,S-UNIWARD,1,0,0.9297020129965471,0.8357511718152637,0.09395084118128338,0.8123601863376108,0.4,2,0.9297020129965471,0.6,3,0.8357511718152637,0.6,3,0.8101069781121636,0.6,3,0.8299556834151776,0.6,3
COVER__test__6291.pgm,6291.pgm,COVER,0,MULTI_CANDIDATE,WOW,S-UNIWARD,WOW,S-UNIWARD,HILL,HUGO,MiPOD,,"WOW,S-UNIWARD,HILL,HUGO,MiPOD",5,0,1.0,1.0,0.0,1.0,1.0,5,1.0,1.0,5,1.0,1.0,5,1.0,1.0,5,1.0,1.0,5
COVER__test__6319.pgm,6319.pgm,COVER,0,SINGLE_CANDIDATE,S-UNIWARD,,S-UNIWARD,HILL,MiPOD,HUGO,WOW,,S-UNIWARD,1,0,0.9292676190319611,0.835624746535278,0.09364287249668313,0.7506521634723078,0.4,2,0.9292676190319611,0.6,3,0.835624746535278,0.6,3,0.809521016870077,0.6,3,0.8298462332147505,0.6,3
COVER__test__6330.pgm,6330.pgm,COVER,0,MULTI_CANDIDATE,WOW,S-UNIWARD,WOW,S-UNIWARD,HILL,HUGO,MiPOD,,"WOW,S-UNIWARD,HILL,HUGO,MiPOD",5,0,1.0,1.0,0.0,1.0,1.0,5,1.0,1.0,5,1.0,1.0,5,1.0,1.0,5,1.0,1.0,5
COVER__test__6332.pgm,6332.pgm,COVER,0,SINGLE_CANDIDATE,HUGO,,HUGO,MiPOD,S-UNIWARD,HILL,WOW,,HUGO,1,0,0.9123968349848054,0.8328112152301979,0.07958561975460754,0.5623567965360906,0.4,2,0.8194674589474781,0.6,3,0.6986363853436085,0.6,3,0.9123968349848054,0.6,3,0.8328112152301979,0.6,3
COVER__test__6333.pgm,6333.pgm,COVER,0,MULTI_CANDIDATE,S-UNIWARD,HILL,S-UNIWARD,HILL,MiPOD,HUGO,WOW,,"S-UNIWARD,HILL,MiPOD,HUGO,WOW",5,0,1.0,1.0,0.0,0.9666543680972668,0.8,4,1.0,1.0,5,1.0,1.0,5,0.9987691856368333,0.8,4,1.0,1.0,5
COVER__test__6335.pgm,6335.pgm,COVER,0,MULTI_CANDIDATE,WOW,S-UNIWARD,WOW,S-UNIWARD,HILL,HUGO,MiPOD,,"WOW,S-UNIWARD,HILL,HUGO,MiPOD",5,0,1.0,1.0,0.0,1.0,1.0,5,1.0,1.0,5,1.0,1.0,5,1.0,1.0,5,1.0,1.0,5
COVER__test__6336.pgm,6336.pgm,COVER,0,MULTI_CANDIDATE,S-UNIWARD,HUGO,S-UNIWARD,HUGO,MiPOD,HILL,WOW,,"S-UNIWARD,HUGO,MiPOD,HILL,WOW",5,0,0.9953110714708131,0.9930080165724486,0.002303054898364465,0.9494630745524164,0.6,3,0.9953110714708131,0.8,4,0.991109562721066,0.8,4,0.9930080165724486,0.8,4,0.9930080165724486,0.8,4
COVER__test__6339.pgm,6339.pgm,COVER,0,MULTI_CANDIDATE,S-UNIWARD,MiPOD,S-UNIWARD,MiPOD,HILL,WOW,HUGO,,"S-UNIWARD,MiPOD,HILL,WOW",4,0,1.0,1.0,0.0,0.9648211690953928,0.8,4,1.0,1.0,5,0.9789151757645342,0.8,4,0.8991138748745475,0.8,4,1.0,1.0,5
COVER__test__6344.pgm,6344.pgm,COVER,0,MULTI_CANDIDATE,MiPOD,HILL,MiPOD,HILL,HUGO,S-UNIWARD,WOW,,"MiPOD,HILL,HUGO",3,0,0.9636233803348613,0.9409919354296772,0.022631444905184095,0.8213192432439131,0.6,3,0.8901697578354693,0.8,4,0.9409919354296772,0.6,3,0.9343229559415267,0.8,4,0.9636233803348613,0.8,4
COVER__test__6346.pgm,6346.pgm,COVER,0,MULTI_CANDIDATE,HILL,MiPOD,HILL,MiPOD,S-UNIWARD,HUGO,WOW,,"HILL,MiPOD,S-UNIWARD,HUGO",4,0,1.0,1.0,0.0,0.828252727232529,0.8,4,0.964790065959734,0.8,4,1.0,1.0,5,0.9631700168686639,0.8,4,1.0,1.0,5
COVER__test__6350.pgm,6350.pgm,COVER,0,MULTI_CANDIDATE,HUGO,MiPOD,HUGO,MiPOD,S-UNIWARD,HILL,WOW,,"HUGO,MiPOD,S-UNIWARD,HILL",4,0,1.0,1.0,0.0,0.8016029255205399,0.6,3,0.9542297831812384,0.8,4,0.9190570428552259,0.8,4,1.0,1.0,5,1.0,1.0,5
COVER__test__6364.pgm,6364.pgm,COVER,0,UNKNOWN_OR_COVER,UNKNOWN,,HUGO,MiPOD,S-UNIWARD,HILL,WOW,,,0,0,0.8097498355708768,0.7589899955361117,0.05075984003476508,0.4144641604197693,0.2,1,0.7553415512466343,0.2,1,0.6741348644842656,0.2,1,0.8097498355708768,0.0,0,0.7589899955361117,0.2,1
COVER__test__6369.pgm,6369.pgm,COVER,0,SINGLE_CANDIDATE,S-UNIWARD,,S-UNIWARD,HUGO,MiPOD,HILL,WOW,,S-UNIWARD,1,0,0.9576077091240519,0.8502140523187377,0.10739365680531421,0.5290887823002229,0.4,2,0.9576077091240519,0.6,3,0.6889200258345834,0.6,3,0.8502140523187377,0.8,4,0.7740335985759195,0.6,3
COVER__test__637.pgm,637.pgm,COVER,0,MULTI_CANDIDATE,HILL,MiPOD,HILL,MiPOD,WOW,S-UNIWARD,HUGO,,"HILL,MiPOD,WOW",3,0,1.0,1.0,0.0,0.963188545361722,0.8,4,0.8901697578354693,0.8,4,1.0,1.0,5,0.8469658078243743,0.8,4,1.0,1.0,5
COVER__test__6375.pgm,6375.pgm,COVER,0,UNKNOWN_OR_COVER,UNKNOWN,,MiPOD,HUGO,S-UNIWARD,HILL,WOW,,,0,0,0.863360912194619,0.8471859615842264,0.016174950610392536,0.49177564471002233,0.2,1,0.8364237638433517,0.6,3,0.7396127227852396,0.6,3,0.8471859615842264,0.8,4,0.863360912194619,0.6,3
COVER__test__6378.pgm,6378.pgm,COVER,0,SINGLE_CANDIDATE,MiPOD,,MiPOD,HUGO,S-UNIWARD,HILL,WOW,,MiPOD,1,0,0.9055972138355424,0.8509235075816328,0.05467370625390955,0.5683266227493112,0.2,1,0.844070072776147,0.8,4,0.7972771149092074,0.6,3,0.8509235075816328,0.8,4,0.9055972138355424,0.6,3
COVER__test__6391.pgm,6391.pgm,COVER,0,MULTI_CANDIDATE,WOW,S-UNIWARD,WOW,S-UNIWARD,HILL,HUGO,MiPOD,,"WOW,S-UNIWARD,HILL,HUGO,MiPOD",5,0,1.0,1.0,0.0,1.0,1.0,5,1.0,1.0,5,1.0,1.0,5,1.0,1.0,5,1.0,1.0,5
COVER__test__6393.pgm,6393.pgm,COVER,0,MULTI_CANDIDATE,S-UNIWARD,HILL,S-UNIWARD,HILL,HUGO,MiPOD,WOW,,"S-UNIWARD,HILL,HUGO,MiPOD",4,0,1.0,1.0,0.0,0.8251617856401963,0.8,4,1.0,1.0,5,1.0,1.0,5,1.0,1.0,5,1.0,1.0,5
COVER__test__6414.pgm,6414.pgm,COVER,0,MULTI_CANDIDATE,S-UNIWARD,MiPOD,S-UNIWARD,MiPOD,HILL,HUGO,WOW,,"S-UNIWARD,MiPOD,HILL,HUGO",4,0,1.0,1.0,0.0,0.8467853472902082,0.8,4,1.0,1.0,5,0.9843192951101228,0.8,4,0.9038591043601721,0.8,4,1.0,1.0,5
COVER__test__6418.pgm,6418.pgm,COVER,0,UNKNOWN_OR_COVER,UNKNOWN,,HUGO,S-UNIWARD,MiPOD,HILL,WOW,,,0,0,0.8202931582833622,0.770360942599139,0.049932215684223236,0.4378659969960981,0.2,1,0.770360942599139,0.2,1,0.6806925913712478,0.6,3,0.8202931582833622,0.6,3,0.7667657224926376,0.6,3
COVER__test__6432.pgm,6432.pgm,COVER,0,UNKNOWN_OR_COVER,UNKNOWN,,MiPOD,HUGO,S-UNIWARD,HILL,WOW,,,0,0,0.8346189811193294,0.8263425630165424,0.008276418102787009,0.4683863661781363,0.0,0,0.7814386805561044,0.4,2,0.7138423781461953,0.2,1,0.8263425630165424,0.4,2,0.8346189811193294,0.2,1
COVER__test__6435.pgm,6435.pgm,COVER,0,MULTI_CANDIDATE,WOW,S-UNIWARD,WOW,S-UNIWARD,HILL,MiPOD,HUGO,,"WOW,S-UNIWARD,HILL,MiPOD",4,0,1.0,1.0,0.0,1.0,1.0,5,1.0,1.0,5,1.0,1.0,5,0.8828215929231199,0.8,4,1.0,1.0,5
COVER__test__6437.pgm,6437.pgm,COVER,0,MULTI_CANDIDATE,S-UNIWARD,HILL,S-UNIWARD,HILL,MiPOD,HUGO,WOW,,"S-UNIWARD,HILL,MiPOD,HUGO",4,0,1.0,1.0,0.0,0.8329755708142089,0.8,4,1.0,1.0,5,1.0,1.0,5,0.9382746352335838,0.8,4,1.0,1.0,5
COVER__test__644.pgm,644.pgm,COVER,0,UNKNOWN_OR_COVER,UNKNOWN,,HUGO,MiPOD,S-UNIWARD,HILL,WOW,,,0,0,0.8069060718467727,0.7574614123662412,0.04944465948053145,0.41394988856875325,0.0,0,0.7528619897951367,0.0,0,0.6732597019781424,0.2,1,0.8069060718467727,0.0,0,0.7574614123662412,0.0,0
COVER__test__6442.pgm,6442.pgm,COVER,0,MULTI_CANDIDATE,HILL,HUGO,HILL,HUGO,MiPOD,S-UNIWARD,WOW,,"HILL,HUGO,MiPOD,S-UNIWARD",4,0,1.0,1.0,0.0,0.8352577669506157,0.8,4,0.9937918359311162,0.8,4,1.0,1.0,5,1.0,1.0,5,1.0,1.0,5
COVER__test__6447.pgm,6447.pgm,COVER,0,UNKNOWN_OR_COVER,UNKNOWN,,HUGO,MiPOD,S-UNIWARD,HILL,WOW,,,0,0,0.8135555938560838,0.7606120090263755,0.05294358482970829,0.41553488653903764,0.2,1,0.7582065709875294,0.2,1,0.6751047857589577,0.2,1,0.8135555938560838,0.0,0,0.7606120090263755,0.2,1
COVER__test__6454.pgm,6454.pgm,COVER,0,UNKNOWN_OR_COVER,UNKNOWN,,HUGO,MiPOD,S-UNIWARD,HILL,WOW,,,0,0,0.8136506463362073,0.7613783284243084,0.0522723179118989,0.41565817096014224,0.2,1,0.7587182299506668,0.2,1,0.6764598484157123,0.2,1,0.8136506463362073,0.2,1,0.7613783284243084,0.2,1
COVER__test__6457.pgm,6457.pgm,COVER,0,MULTI_CANDIDATE,MiPOD,HILL,MiPOD,HILL,S-UNIWARD,HUGO,WOW,,"MiPOD,HILL",2,0,0.9933978047174599,0.9930606715479579,0.000337133169502013,0.7185310927604959,0.6,3,0.8294254387350481,0.6,3,0.9930606715479579,0.6,3,0.8269879645405304,0.6,3,0.9933978047174599,0.6,3
COVER__test__6461.pgm,6461.pgm,COVER,0,UNKNOWN_OR_COVER,UNKNOWN,,HUGO,MiPOD,S-UNIWARD,HILL,WOW,,,0,0,0.8117411363214828,0.7596121672408521,0.052128969080630694,0.41432703194970655,0.0,0,0.7588463200706645,0.0,0,0.6749898851899868,0.2,1,0.8117411363214828,0.2,1,0.7596121672408521,0.2,1
COVER__test__6462.pgm,6462.pgm,COVER,0,UNKNOWN_OR_COVER,UNKNOWN,,HUGO,MiPOD,S-UNIWARD,HILL,WOW,,,0,0,0.8056613283550895,0.7549896465827726,0.05067168177231696,0.4126324018704371,0.0,0,0.7535186006795479,0.0,0,0.67022987866164,0.0,0,0.8056613283550895,0.0,0,0.7549896465827726,0.0,0
COVER__test__6469.pgm,6469.pgm,COVER,0,SINGLE_CANDIDATE,HUGO,,HUGO,S-UNIWARD,MiPOD,HILL,WOW,,HUGO,1,0,0.9703504349281513,0.8107210086450269,0.15962942628312438,0.6009916810119308,0.4,2,0.8107210086450269,0.4,2,0.6771906935702944,0.6,3,0.9703504349281513,0.6,3,0.759227468090572,0.6,3
COVER__test__6476.pgm,6476.pgm,COVER,0,MULTI_CANDIDATE,S-UNIWARD,HILL,S-UNIWARD,HILL,MiPOD,HUGO,WOW,,"S-UNIWARD,HILL,MiPOD,HUGO,WOW",5,0,1.0,1.0,0.0,0.9736162905854222,0.8,4,1.0,1.0,5,1.0,1.0,5,0.9912910941242856,0.8,4,1.0,1.0,5
COVER__test__6493.pgm,6493.pgm,COVER,0,MULTI_CANDIDATE,S-UNIWARD,HILL,S-UNIWARD,HILL,MiPOD,WOW,HUGO,,"S-UNIWARD,HILL,MiPOD,WOW,HUGO",5,0,1.0,1.0,0.0,0.9685079565830819,0.8,4,1.0,1.0,5,1.0,1.0,5,0.9676564377260597,0.8,4,1.0,1.0,5
COVER__test__6496.pgm,6496.pgm,COVER,0,UNKNOWN_OR_COVER,UNKNOWN,,HUGO,MiPOD,S-UNIWARD,HILL,WOW,,,0,0,0.8165952632588234,0.7631190604100796,0.05347620284874377,0.4164417802418896,0.2,1,0.7625234567282915,0.2,1,0.6771141825452895,0.4,2,0.8165952632588234,0.4,2,0.7631190604100796,0.4,2
COVER__test__6504.pgm,6504.pgm,COVER,0,UNKNOWN_OR_COVER,UNKNOWN,,HUGO,S-UNIWARD,MiPOD,HILL,WOW,,,0,0,0.814276661998273,0.7601949121427358,0.05408174985553715,0.41493442692688964,0.2,1,0.7601949121427358,0.2,1,0.6726317280918246,0.2,1,0.814276661998273,0.0,0,0.7585999593721211,0.2,1
COVER__test__6511.pgm,6511.pgm,COVER,0,MULTI_CANDIDATE,HILL,MiPOD,HILL,MiPOD,S-UNIWARD,HUGO,WOW,,"HILL,MiPOD",2,0,0.936641722764406,0.9194976647299263,0.017144058034479714,0.7655428467516487,0.6,3,0.8814410727497947,0.8,4,0.936641722764406,0.8,4,0.8335702922976814,0.8,4,0.9194976647299263,0.8,4
COVER__test__6517.pgm,6517.pgm,COVER,0,SINGLE_CANDIDATE,HUGO,,HUGO,MiPOD,S-UNIWARD,HILL,WOW,,HUGO,1,0,1.0,0.8796827690939322,0.12031723090606783,0.5767374535615831,0.2,1,0.8534255545275802,0.8,4,0.7695335334825829,0.6,3,1.0,1.0,5,0.8796827690939322,0.8,4
COVER__test__6525.pgm,6525.pgm,COVER,0,UNKNOWN_OR_COVER,UNKNOWN,,S-UNIWARD,HUGO,MiPOD,HILL,WOW,,,0,0,0.8347557342427736,0.8322544737772303,0.0025012604655433313,0.4654249380069352,0.2,1,0.8347557342427736,0.6,3,0.7219396163755007,0.6,3,0.8322544737772303,0.8,4,0.8167048309599252,0.6,3
COVER__test__6532.pgm,6532.pgm,COVER,0,MULTI_CANDIDATE,HILL,MiPOD,HILL,MiPOD,WOW,S-UNIWARD,HUGO,,"HILL,MiPOD,WOW",3,0,1.0,1.0,0.0,0.9036963042494275,0.8,4,0.8372255923324439,0.8,4,1.0,1.0,5,0.8353093777287988,0.8,4,1.0,1.0,5
COVER__test__6545.pgm,6545.pgm,COVER,0,MULTI_CANDIDATE,MiPOD,HILL,MiPOD,HILL,HUGO,S-UNIWARD,WOW,,"MiPOD,HILL",2,0,0.961691994179773,0.9186170128926754,0.043074981287097636,0.6988582693205219,0.2,1,0.8338163420770834,0.6,3,0.9186170128926754,0.4,2,0.845484226471766,0.6,3,0.961691994179773,0.6,3
COVER__test__6552.pgm,6552.pgm,COVER,0,MULTI_CANDIDATE,MiPOD,S-UNIWARD,MiPOD,S-UNIWARD,HILL,HUGO,WOW,,"MiPOD,S-UNIWARD",2,0,1.0,0.924454662473468,0.07554533752653203,0.757883072674125,0.6,3,0.924454662473468,0.8,4,0.878894300561079,0.8,4,0.873099693483655,0.8,4,1.0,1.0,5
COVER__test__6553.pgm,6553.pgm,COVER,0,SINGLE_CANDIDATE,HUGO,,HUGO,S-UNIWARD,MiPOD,HILL,WOW,,HUGO,1,0,0.9330724688473406,0.8245507791835202,0.10852168966382048,0.4701969644665208,0.2,1,0.8245507791835202,0.4,2,0.6959649743295298,0.6,3,0.9330724688473406,0.8,4,0.7904397301267803,0.6,3
COVER__test__6560.pgm,6560.pgm,COVER,0,SINGLE_CANDIDATE,MiPOD,,MiPOD,HILL,S-UNIWARD,HUGO,WOW,,MiPOD,1,0,0.9248662819063458,0.8399617914067182,0.08490449049962756,0.5820370706227129,0.4,2,0.8370351959752821,0.8,4,0.8399617914067182,0.8,4,0.8353589506388776,0.8,4,0.9248662819063458,0.6,3
COVER__test__658.pgm,658.pgm,COVER,0,MULTI_CANDIDATE,S-UNIWARD,HILL,S-UNIWARD,HILL,MiPOD,HUGO,WOW,,"S-UNIWARD,HILL,MiPOD",3,0,1.0,1.0,0.0,0.8294900006586111,0.8,4,1.0,1.0,5,1.0,1.0,5,0.8765278438832491,0.8,4,0.983868664268627,0.8,4
COVER__test__6587.pgm,6587.pgm,COVER,0,MULTI_CANDIDATE,S-UNIWARD,MiPOD,S-UNIWARD,MiPOD,HILL,HUGO,WOW,,"S-UNIWARD,MiPOD,HILL",3,0,1.0,1.0,0.0,0.7896342876108112,0.6,3,1.0,1.0,5,0.919834574112506,0.8,4,0.8394756872730422,0.8,4,1.0,1.0,5
COVER__test__6589.pgm,6589.pgm,COVER,0,MULTI_CANDIDATE,HILL,MiPOD,HILL,MiPOD,S-UNIWARD,HUGO,WOW,,"HILL,MiPOD",2,0,0.9582990841672767,0.9384377370555459,0.01986134711173082,0.7684529842694842,0.4,2,0.860691536595988,0.8,4,0.9582990841672767,0.8,4,0.8449879795832429,0.8,4,0.9384377370555459,0.8,4
COVER__test__6593.pgm,6593.pgm,COVER,0,UNKNOWN_OR_COVER,UNKNOWN,,HUGO,S-UNIWARD,MiPOD,HILL,WOW,,,0,0,0.8201534679198763,0.7640642559846601,0.05608921193521621,0.41574800712508597,0.2,1,0.7640642559846601,0.2,1,0.6720620488683787,0.2,1,0.8201534679198763,0.0,0,0.7571139877368228,0.2,1
COVER__test__660.pgm,660.pgm,COVER,0,MULTI_CANDIDATE,HILL,S-UNIWARD,HILL,S-UNIWARD,MiPOD,WOW,HUGO,,"HILL,S-UNIWARD,MiPOD",3,0,0.9965498628526321,0.9963035616875715,0.00024630116506063615,0.86355591337266,0.6,3,0.9963035616875715,0.8,4,0.9965498628526321,0.8,4,0.8307967698517746,0.8,4,0.9959481386712076,0.8,4
COVER__test__6601.pgm,6601.pgm,COVER,0,UNKNOWN_OR_COVER,UNKNOWN,,HUGO,MiPOD,S-UNIWARD,HILL,WOW,,,0,0,0.8081506925480237,0.7578260182503366,0.050324674297687166,0.41387721830898183,0.2,1,0.7551195338675256,0.2,1,0.6726210184970394,0.2,1,0.8081506925480237,0.0,0,0.7578260182503366,0.2,1
COVER__test__6602.pgm,6602.pgm,COVER,0,MULTI_CANDIDATE,WOW,S-UNIWARD,WOW,S-UNIWARD,HILL,HUGO,MiPOD,,"WOW,S-UNIWARD,HILL,HUGO,MiPOD",5,0,1.0,1.0,0.0,1.0,1.0,5,1.0,1.0,5,1.0,1.0,5,1.0,1.0,5,1.0,1.0,5
COVER__test__6604.pgm,6604.pgm,COVER,0,MULTI_CANDIDATE,S-UNIWARD,HUGO,S-UNIWARD,HUGO,MiPOD,HILL,WOW,,"S-UNIWARD,HUGO,MiPOD,HILL",4,0,1.0,1.0,0.0,0.8816539098374587,0.8,4,1.0,1.0,5,0.9812597056002146,0.8,4,1.0,1.0,5,1.0,1.0,5
COVER__test__6607.pgm,6607.pgm,COVER,0,MULTI_CANDIDATE,HILL,HUGO,HILL,HUGO,MiPOD,S-UNIWARD,WOW,,"HILL,HUGO,MiPOD,S-UNIWARD,WOW",5,0,1.0,1.0,0.0,0.9379345848605866,0.8,4,0.9760734334023671,0.8,4,1.0,1.0,5,1.0,1.0,5,1.0,1.0,5
COVER__test__6614.pgm,6614.pgm,COVER,0,SINGLE_CANDIDATE,MiPOD,,MiPOD,HILL,WOW,S-UNIWARD,HUGO,,MiPOD,1,0,0.9814902738130536,0.8776712505866999,0.10381902322635372,0.8314665506081187,0.6,3,0.8268716992800196,0.6,3,0.8776712505866999,0.6,3,0.6945154531642509,0.6,3,0.9814902738130536,0.8,4
COVER__test__6616.pgm,6616.pgm,COVER,0,UNKNOWN_OR_COVER,UNKNOWN,,HUGO,MiPOD,S-UNIWARD,HILL,WOW,,,0,0,0.8108514044538616,0.7738572463119591,0.036994158141902544,0.42004675563664196,0.2,1,0.7703843979736542,0.4,2,0.6780096374773842,0.4,2,0.8108514044538616,0.4,2,0.7738572463119591,0.4,2
COVER__test__662.pgm,662.pgm,COVER,0,MULTI_CANDIDATE,MiPOD,HILL,MiPOD,HILL,S-UNIWARD,HUGO,WOW,,"MiPOD,HILL",2,0,0.9977264564103742,0.9977149183930024,1.153801737174831e-05,0.722270752673007,0.6,3,0.834956480547088,0.8,4,0.9977149183930024,0.8,4,0.8292831844567825,0.6,3,0.9977264564103742,0.6,3
COVER__test__6621.pgm,6621.pgm,COVER,0,MULTI_CANDIDATE,MiPOD,HILL,MiPOD,HILL,S-UNIWARD,HUGO,WOW,,"MiPOD,HILL",2,0,1.0,0.9038453868418109,0.09615461315818907,0.761204954273478,0.4,2,0.8638296104483176,0.8,4,0.9038453868418109,0.8,4,0.8376016726156219,0.8,4,1.0,1.0,5
COVER__test__6625.pgm,6625.pgm,COVER,0,MULTI_CANDIDATE,WOW,HILL,WOW,HILL,MiPOD,HUGO,S-UNIWARD,,"WOW,HILL,MiPOD,HUGO,S-UNIWARD",5,0,1.0,1.0,0.0,1.0,1.0,5,0.9301156259414288,0.8,4,1.0,1.0,5,0.9846082255489483,0.8,4,1.0,1.0,5
COVER__test__6639.pgm,6639.pgm,COVER,0,UNKNOWN_OR_COVER,UNKNOWN,,HUGO,MiPOD,S-UNIWARD,HILL,WOW,,,0,0,0.8083374619301441,0.7586241057650014,0.04971335616514272,0.41393048078398964,0.2,1,0.7563835439756132,0.2,1,0.6740323560390803,0.4,2,0.8083374619301441,0.2,1,0.7586241057650014,0.4,2
COVER__test__6645.pgm,6645.pgm,COVER,0,SINGLE_CANDIDATE,HILL,,HILL,MiPOD,S-UNIWARD,HUGO,WOW,,HILL,1,0,0.9008153832762262,0.8879510054385497,0.012864377837676577,0.628119839726329,0.4,2,0.830014731112908,0.6,3,0.9008153832762262,0.4,2,0.8278488695530578,0.6,3,0.8879510054385497,0.4,2
COVER__test__6646.pgm,6646.pgm,COVER,0,UNKNOWN_OR_COVER,UNKNOWN,,HUGO,S-UNIWARD,MiPOD,HILL,WOW,,,0,0,0.8258049358003621,0.7875926186298252,0.03821231717053686,0.4244737988985749,0.2,1,0.7875926186298252,0.4,2,0.6815752000457344,0.2,1,0.8258049358003621,0.4,2,0.774329063640196,0.2,1
COVER__test__6654.pgm,6654.pgm,COVER,0,UNKNOWN_OR_COVER,UNKNOWN,,HUGO,MiPOD,S-UNIWARD,HILL,WOW,,,0,0,0.8070751222146353,0.7567856068753172,0.050289515339318136,0.4133639790797175,0.2,1,0.755323237342905,0.2,1,0.6711164016541836,0.2,1,0.8070751222146353,0.0,0,0.7567856068753172,0.0,0
COVER__test__6660.pgm,6660.pgm,COVER,0,UNKNOWN_OR_COVER,UNKNOWN,,HUGO,MiPOD,S-UNIWARD,HILL,WOW,,,0,0,0.8124606708550377,0.7611507868635033,0.051309883991534355,0.41540087390111047,0.2,1,0.7577492897258532,0.2,1,0.6756683662198966,0.2,1,0.8124606708550377,0.2,1,0.7611507868635033,0.0,0
COVER__test__6668.pgm,6668.pgm,COVER,0,UNKNOWN_OR_COVER,UNKNOWN,,HUGO,MiPOD,S-UNIWARD,HILL,WOW,,,0,0,0.8107896312356372,0.7603056025797674,0.05048402865586976,0.4145292209641697,0.2,1,0.7586482800605239,0.2,1,0.6740739753933018,0.2,1,0.8107896312356372,0.4,2,0.7603056025797674,0.2,1
COVER__test__6670.pgm,6670.pgm,COVER,0,UNKNOWN_OR_COVER,UNKNOWN,,HUGO,MiPOD,S-UNIWARD,HILL,WOW,,,0,0,0.8114041610203067,0.7594257583589632,0.05197840266134346,0.41473828323377815,0.0,0,0.7574995479334256,0.0,0,0.6739333781024484,0.2,1,0.8114041610203067,0.0,0,0.7594257583589632,0.0,0
COVER__test__6672.pgm,6672.pgm,COVER,0,UNKNOWN_OR_COVER,UNKNOWN,,HUGO,MiPOD,S-UNIWARD,HILL,WOW,,,0,0,0.8113261652824836,0.7576457120104916,0.053680453271992,0.4146563638557071,0.2,1,0.7576379502735122,0.2,1,0.6722301607915002,0.2,1,0.8113261652824836,0.0,0,0.7576457120104916,0.2,1
COVER__test__6679.pgm,6679.pgm,COVER,0,UNKNOWN_OR_COVER,UNKNOWN,,HILL,MiPOD,HUGO,S-UNIWARD,WOW,,,0,0,0.8661956130700987,0.8579671391940815,0.008228473876017217,0.5926843610803221,0.4,2,0.8309687311088976,0.6,3,0.8661956130700987,0.6,3,0.8317326841686643,0.8,4,0.8579671391940815,0.6,3
COVER__test__6691.pgm,6691.pgm,COVER,0,UNKNOWN_OR_COVER,UNKNOWN,,MiPOD,S-UNIWARD,HUGO,HILL,WOW,,,0,0,0.875825277724452,0.8328837090396839,0.04294156868476806,0.4976276817653164,0.2,1,0.8328837090396839,0.6,3,0.7486537423681779,0.6,3,0.8318218494766292,0.8,4,0.875825277724452,0.8,4
COVER__test__6699.pgm,6699.pgm,COVER,0,UNKNOWN_OR_COVER,UNKNOWN,,HUGO,S-UNIWARD,MiPOD,HILL,WOW,,,0,0,0.8304754528842476,0.8118415609711835,0.018633891913064082,0.4322135684491051,0.2,1,0.8118415609711835,0.2,1,0.6926630697412873,0.4,2,0.8304754528842476,0.6,3,0.7807463069711668,0.4,2
COVER__test__6710.pgm,6710.pgm,COVER,0,UNKNOWN_OR_COVER,UNKNOWN,,HUGO,MiPOD,S-UNIWARD,HILL,WOW,,,0,0,0.8123434666041423,0.7616345698368014,0.050708896767340805,0.41586904286949034,0.2,1,0.7562163884685523,0.2,1,0.6764505832743558,0.2,1,0.8123434666041423,0.0,0,0.7616345698368014,0.0,0
COVER__test__6729.pgm,6729.pgm,COVER,0,UNKNOWN_OR_COVER,UNKNOWN,,HUGO,MiPOD,S-UNIWARD,HILL,WOW,,,0,0,0.8169207115651336,0.7634608786831785,0.053459832881955105,0.41666142016784075,0.2,1,0.7616927517042413,0.2,1,0.6778441380306849,0.2,1,0.8169207115651336,0.2,1,0.7634608786831785,0.4,2
COVER__test__6732.pgm,6732.pgm,COVER,0,UNKNOWN_OR_COVER,UNKNOWN,,HUGO,MiPOD,S-UNIWARD,HILL,WOW,,,0,0,0.8103100165648789,0.760430975561164,0.049879041003714875,0.4146795956232334,0.2,1,0.7573896111212569,0.2,1,0.6752411470895466,0.4,2,0.8103100165648789,0.2,1,0.760430975561164,0.4,2
COVER__test__6741.pgm,6741.pgm,COVER,0,MULTI_CANDIDATE,HILL,MiPOD,HILL,MiPOD,WOW,S-UNIWARD,HUGO,,"HILL,MiPOD",2,0,1.0,1.0,0.0,0.8975222138645575,0.6,3,0.8575084338898893,0.8,4,1.0,1.0,5,0.8316114138535706,0.8,4,1.0,1.0,5
COVER__test__6749.pgm,6749.pgm,COVER,0,SINGLE_CANDIDATE,HUGO,,HUGO,S-UNIWARD,MiPOD,HILL,WOW,,HUGO,1,0,0.9378871875950233,0.8736664958765609,0.06422069171846245,0.5705126759983778,0.4,2,0.8736664958765609,0.8,4,0.7268133385360065,0.6,3,0.9378871875950233,0.8,4,0.8274587553638695,0.6,3
COVER__test__6755.pgm,6755.pgm,COVER,0,MULTI_CANDIDATE,WOW,S-UNIWARD,WOW,S-UNIWARD,HILL,MiPOD,HUGO,,"WOW,S-UNIWARD,HILL,MiPOD",4,0,1.0,1.0,0.0,1.0,1.0,5,1.0,1.0,5,1.0,1.0,5,0.7054764339382045,0.6,3,1.0,1.0,5
COVER__test__6778.pgm,6778.pgm,COVER,0,SINGLE_CANDIDATE,MiPOD,,MiPOD,HUGO,S-UNIWARD,HILL,WOW,,MiPOD,1,0,0.9135148966420985,0.8460092696340762,0.06750562700802232,0.592149011587875,0.2,1,0.8359594228526562,0.6,3,0.8218212055502601,0.6,3,0.8460092696340762,0.8,4,0.9135148966420985,0.8,4
COVER__test__6808.pgm,6808.pgm,COVER,0,UNKNOWN_OR_COVER,UNKNOWN,,HUGO,S-UNIWARD,MiPOD,HILL,WOW,,,0,0,0.8166311779512359,0.7621646504415158,0.05446652750972003,0.4149929727946125,0.2,1,0.7621646504415158,0.2,1,0.6740783186711167,0.4,2,0.8166311779512359,0.4,2,0.760027222233062,0.4,2
COVER__test__6816.pgm,6816.pgm,COVER,0,SINGLE_CANDIDATE,MiPOD,,MiPOD,HILL,S-UNIWARD,HUGO,WOW,,MiPOD,1,0,0.9315971901544607,0.8333467473658687,0.09825044278859207,0.5743070632593821,0.4,2,0.828870168981015,0.6,3,0.8333467473658687,0.4,2,0.8260806819994044,0.4,2,0.9315971901544607,0.4,2
COVER__test__6826.pgm,6826.pgm,COVER,0,UNKNOWN_OR_COVER,UNKNOWN,,HUGO,S-UNIWARD,MiPOD,HILL,WOW,,,0,0,0.8150200745657583,0.7627740303123118,0.05224604425344648,0.4161351444273545,0.2,1,0.7627740303123118,0.2,1,0.6759361529069273,0.2,1,0.8150200745657583,0.4,2,0.7627587045524662,0.2,1
COVER__test__6832.pgm,6832.pgm,COVER,0,UNKNOWN_OR_COVER,UNKNOWN,,HUGO,MiPOD,S-UNIWARD,HILL,WOW,,,0,0,0.8091388499034317,0.7595528732024042,0.04958597670102749,0.4143938878216188,0.2,1,0.7556982204662624,0.2,1,0.6745824724112415,0.2,1,0.8091388499034317,0.2,1,0.7595528732024042,0.2,1
COVER__test__6834.pgm,6834.pgm,COVER,0,UNKNOWN_OR_COVER,UNKNOWN,,HUGO,MiPOD,S-UNIWARD,HILL,WOW,,,0,0,0.809711864526205,0.7600706448782102,0.04964121964799484,0.4144942181193719,0.2,1,0.7563514421964086,0.2,1,0.6746936134491681,0.2,1,0.809711864526205,0.2,1,0.7600706448782102,0.2,1
COVER__test__6847.pgm,6847.pgm,COVER,0,MULTI_CANDIDATE,HILL,HUGO,HILL,HUGO,S-UNIWARD,MiPOD,WOW,,"HILL,HUGO,S-UNIWARD,MiPOD",4,0,1.0,1.0,0.0,0.8245993619278277,0.8,4,0.9909396103104546,0.8,4,1.0,1.0,5,1.0,1.0,5,0.9749674715801202,0.8,4
COVER__test__6853.pgm,6853.pgm,COVER,0,MULTI_CANDIDATE,S-UNIWARD,HILL,S-UNIWARD,HILL,HUGO,MiPOD,WOW,,"S-UNIWARD,HILL,HUGO,MiPOD,WOW",5,0,1.0,1.0,0.0,0.9520358093165806,0.8,4,1.0,1.0,5,1.0,1.0,5,1.0,1.0,5,1.0,1.0,5
COVER__test__6859.pgm,6859.pgm,COVER,0,MULTI_CANDIDATE,S-UNIWARD,MiPOD,S-UNIWARD,MiPOD,WOW,HUGO,HILL,,"S-UNIWARD,MiPOD,WOW,HUGO,HILL",5,0,1.0,1.0,0.0,0.9782509013122251,0.8,4,1.0,1.0,5,0.9293298944714543,0.8,4,0.9399661946988498,0.8,4,1.0,1.0,5
COVER__test__686.pgm,686.pgm,COVER,0,UNKNOWN_OR_COVER,UNKNOWN,,MiPOD,S-UNIWARD,HILL,HUGO,WOW,,,0,0,0.8576645204167684,0.8366647430678146,0.020999777348953863,0.5970577919325893,0.4,2,0.8366647430678146,0.6,3,0.8321799939633563,0.6,3,0.8316780088960476,0.8,4,0.8576645204167684,0.8,4
COVER__test__687.pgm,687.pgm,COVER,0,MULTI_CANDIDATE,HILL,MiPOD,HILL,MiPOD,S-UNIWARD,HUGO,WOW,,"HILL,MiPOD,S-UNIWARD,HUGO",4,0,1.0,1.0,0.0,0.8766647664828003,0.8,4,0.9988369735681839,0.8,4,1.0,1.0,5,0.9676564377260597,0.8,4,1.0,1.0,5
COVER__test__6874.pgm,6874.pgm,COVER,0,UNKNOWN_OR_COVER,UNKNOWN,,HUGO,MiPOD,S-UNIWARD,HILL,WOW,,,0,0,0.8061065581922835,0.7560698322286457,0.05003672596363784,0.412349803633716,0.0,0,0.7539287799878677,0.0,0,0.6717241555806452,0.0,0,0.8061065581922835,0.2,1,0.7560698322286457,0.0,0
COVER__test__6878.pgm,6878.pgm,COVER,0,UNKNOWN_OR_COVER,UNKNOWN,,HUGO,MiPOD,S-UNIWARD,HILL,WOW,,,0,0,0.8058795488723384,0.7568409304832701,0.04903861838906831,0.4135270350167789,0.2,1,0.7524066283196728,0.2,1,0.6725815445765425,0.2,1,0.8058795488723384,0.0,0,0.7568409304832701,0.2,1
COVER__test__6882.pgm,6882.pgm,COVER,0,UNKNOWN_OR_COVER,UNKNOWN,,HUGO,S-UNIWARD,MiPOD,HILL,WOW,,,0,0,0.8189468903460192,0.8070727732810159,0.011874117065003298,0.5191981281527258,0.4,2,0.8070727732810159,0.2,1,0.6803637112199448,0.6,3,0.8189468903460192,0.4,2,0.7650546418276242,0.6,3
COVER__test__6888.pgm,6888.pgm,COVER,0,MULTI_CANDIDATE,MiPOD,HILL,MiPOD,HILL,HUGO,S-UNIWARD,WOW,,"MiPOD,HILL",2,0,1.0,0.9360636822874249,0.06393631771257513,0.7098766047542837,0.4,2,0.8310418031097496,0.6,3,0.9360636822874249,0.6,3,0.8700540659111301,0.8,4,1.0,1.0,5
COVER__test__6891.pgm,6891.pgm,COVER,0,UNKNOWN_OR_COVER,UNKNOWN,,HUGO,MiPOD,S-UNIWARD,HILL,WOW,,,0,0,0.8147864101874726,0.7602114404496815,0.05457496973779108,0.41612605621223536,0.2,1,0.758524343316348,0.2,1,0.6753691123531752,0.2,1,0.8147864101874726,0.0,0,0.7602114404496815,0.2,1
COVER__test__6892.pgm,6892.pgm,COVER,0,UNKNOWN_OR_COVER,UNKNOWN,,HUGO,S-UNIWARD,MiPOD,HILL,WOW,,,0,0,0.8206608817271256,0.7701912642171121,0.05046961751001344,0.44226867060173775,0.2,1,0.7701912642171121,0.2,1,0.6794530184463394,0.4,2,0.8206608817271256,0.2,1,0.7650950846207965,0.4,2
COVER__test__6902.pgm,6902.pgm,COVER,0,MULTI_CANDIDATE,HUGO,S-UNIWARD,HUGO,S-UNIWARD,MiPOD,HILL,WOW,,"HUGO,S-UNIWARD,MiPOD",3,0,1.0,0.9984442677723884,0.001555732227611628,0.7442796798143287,0.4,2,0.9984442677723884,0.8,4,0.8629513879539366,0.6,3,1.0,1.0,5,0.9092489975218012,0.8,4
COVER__test__6903.pgm,6903.pgm,COVER,0,SINGLE_CANDIDATE,S-UNIWARD,,S-UNIWARD,HUGO,MiPOD,HILL,WOW,,S-UNIWARD,1,0,0.9353864536177496,0.8147482775026388,0.12063817611511085,0.5287496592394161,0.4,2,0.9353864536177496,0.6,3,0.6869993858513126,0.6,3,0.8147482775026388,0.6,3,0.7909588156876171,0.6,3
COVER__test__6907.pgm,6907.pgm,COVER,0,UNKNOWN_OR_COVER,UNKNOWN,,HUGO,S-UNIWARD,MiPOD,HILL,WOW,,,0,0,0.8325146089800375,0.788094704504957,0.044419904475080485,0.42604358650259594,0.2,1,0.788094704504957,0.2,1,0.6871027126779489,0.2,1,0.8325146089800375,0.6,3,0.7730838326057003,0.2,1
COVER__test__6908.pgm,6908.pgm,COVER,0,MULTI_CANDIDATE,MiPOD,S-UNIWARD,MiPOD,S-UNIWARD,HILL,HUGO,WOW,,"MiPOD,S-UNIWARD",2,0,0.9521224263078008,0.9356570572466328,0.01646536906116791,0.68445924983215,0.6,3,0.9356570572466328,0.6,3,0.8443354788689328,0.8,4,0.8340764515528066,0.8,4,0.9521224263078008,0.8,4
COVER__test__6911.pgm,6911.pgm,COVER,0,MULTI_CANDIDATE,HUGO,MiPOD,HUGO,MiPOD,HILL,S-UNIWARD,WOW,,"HUGO,MiPOD,HILL",3,0,1.0,0.9993064298052186,0.0006935701947814454,0.7397119363254068,0.6,3,0.8367128335321509,0.6,3,0.9544897110934508,0.6,3,1.0,1.0,5,0.9993064298052186,0.8,4
COVER__test__6913.pgm,6913.pgm,COVER,0,UNKNOWN_OR_COVER,UNKNOWN,,HUGO,S-UNIWARD,MiPOD,HILL,WOW,,,0,0,0.8318401159671808,0.7872425257840753,0.044597590183105495,0.4528496064506437,0.2,1,0.7872425257840753,0.2,1,0.684584460516301,0.4,2,0.8318401159671808,0.6,3,0.7698041251868621,0.4,2
COVER__test__6920.pgm,6920.pgm,COVER,0,SINGLE_CANDIDATE,MiPOD,,MiPOD,S-UNIWARD,HUGO,HILL,WOW,,MiPOD,1,0,0.9266749120420468,0.8611129436231122,0.06556196841893458,0.6564639048572498,0.2,1,0.8611129436231122,0.8,4,0.8268471820206413,0.6,3,0.837134212371206,0.8,4,0.9266749120420468,0.8,4
COVER__test__6931.pgm,6931.pgm,COVER,0,UNKNOWN_OR_COVER,UNKNOWN,,HUGO,MiPOD,S-UNIWARD,HILL,WOW,,,0,0,0.8161313885647546,0.7639868492033586,0.05214453936139607,0.4189706525530517,0.2,1,0.7587021919938012,0.2,1,0.679298842614825,0.4,2,0.8161313885647546,0.4,2,0.7639868492033586,0.4,2
COVER__test__6933.pgm,6933.pgm,COVER,0,MULTI_CANDIDATE,S-UNIWARD,HILL,S-UNIWARD,HILL,HUGO,MiPOD,WOW,,"S-UNIWARD,HILL,HUGO,MiPOD,WOW",5,0,1.0,1.0,0.0,0.9493688138095362,0.8,4,1.0,1.0,5,1.0,1.0,5,1.0,1.0,5,1.0,1.0,5
COVER__test__6935.pgm,6935.pgm,COVER,0,MULTI_CANDIDATE,WOW,S-UNIWARD,WOW,S-UNIWARD,HILL,MiPOD,HUGO,,"WOW,S-UNIWARD,HILL,MiPOD",4,0,1.0,1.0,0.0,1.0,1.0,5,1.0,1.0,5,1.0,1.0,5,0.8552707381748718,0.6,3,1.0,1.0,5
COVER__test__6952.pgm,6952.pgm,COVER,0,UNKNOWN_OR_COVER,UNKNOWN,,HUGO,MiPOD,S-UNIWARD,HILL,WOW,,,0,0,0.8082799654088915,0.758014087602923,0.05026587780596847,0.413840208972442,0.2,1,0.7552883513994011,0.2,1,0.6730534508139957,0.2,1,0.8082799654088915,0.0,0,0.758014087602923,0.2,1
COVER__test__6959.pgm,6959.pgm,COVER,0,UNKNOWN_OR_COVER,UNKNOWN,,HUGO,MiPOD,S-UNIWARD,HILL,WOW,,,0,0,0.8094104882047297,0.7609654496251879,0.048445038579541855,0.4200032050297521,0.2,1,0.7538932528207758,0.2,1,0.6764500405030927,0.4,2,0.8094104882047297,0.2,1,0.7609654496251879,0.4,2
COVER__test__6960.pgm,6960.pgm,COVER,0,UNKNOWN_OR_COVER,UNKNOWN,,HUGO,MiPOD,S-UNIWARD,HILL,WOW,,,0,0,0.8142863369462742,0.762608211909203,0.05167812503707114,0.415858209162088,0.2,1,0.7604165385376114,0.2,1,0.6766429879178284,0.4,2,0.8142863369462742,0.4,2,0.762608211909203,0.4,2
COVER__test__6961.pgm,6961.pgm,COVER,0,UNKNOWN_OR_COVER,UNKNOWN,,HUGO,MiPOD,S-UNIWARD,HILL,WOW,,,0,0,0.8119347258643771,0.7611673534001664,0.0507673724642107,0.4150038209703847,0.2,1,0.7598199881229188,0.2,1,0.6750297625924118,0.4,2,0.8119347258643771,0.4,2,0.7611673534001664,0.4,2
COVER__test__6962.pgm,6962.pgm,COVER,0,UNKNOWN_OR_COVER,UNKNOWN,,HUGO,MiPOD,S-UNIWARD,HILL,WOW,,,0,0,0.8077347409576859,0.7582220914472544,0.04951264951043155,0.4136595945099019,0.2,1,0.7552993864586324,0.2,1,0.6730192218967852,0.2,1,0.8077347409576859,0.2,1,0.7582220914472544,0.2,1
COVER__test__6971.pgm,6971.pgm,COVER,0,UNKNOWN_OR_COVER,UNKNOWN,,HUGO,MiPOD,S-UNIWARD,HILL,WOW,,,0,0,0.8114654065384311,0.7610997673392534,0.05036563919917769,0.41518223773870105,0.2,1,0.7567862651435744,0.2,1,0.675830686505497,0.2,1,0.8114654065384311,0.2,1,0.7610997673392534,0.2,1
COVER__test__6987.pgm,6987.pgm,COVER,0,MULTI_CANDIDATE,HILL,MiPOD,HILL,MiPOD,S-UNIWARD,HUGO,WOW,,"HILL,MiPOD",2,0,0.9619229537663049,0.9416069297853262,0.020316023980978648,0.7397824405048452,0.4,2,0.8515832914199761,0.8,4,0.9619229537663049,0.8,4,0.8419598964258924,0.8,4,0.9416069297853262,0.8,4
COVER__test__6991.pgm,6991.pgm,COVER,0,UNKNOWN_OR_COVER,UNKNOWN,,HUGO,MiPOD,S-UNIWARD,HILL,WOW,,,0,0,0.806334566789585,0.7567017436732024,0.04963282311638262,0.4135722032274969,0.2,1,0.7532279412138855,0.2,1,0.6722637409757346,0.2,1,0.806334566789585,0.0,0,0.7567017436732024,0.2,1
COVER__test__700.pgm,700.pgm,COVER,0,MULTI_CANDIDATE,S-UNIWARD,HILL,S-UNIWARD,HILL,MiPOD,HUGO,WOW,,"S-UNIWARD,HILL,MiPOD,HUGO",4,0,1.0,1.0,0.0,0.8419095383013457,0.8,4,1.0,1.0,5,1.0,1.0,5,0.9443536740051016,0.8,4,1.0,1.0,5
COVER__test__7008.pgm,7008.pgm,COVER,0,UNKNOWN_OR_COVER,UNKNOWN,,S-UNIWARD,HUGO,MiPOD,HILL,WOW,,,0,0,0.8495909002419566,0.80082929226271,0.04876160797924656,0.5100690332326883,0.2,1,0.8495909002419566,0.2,1,0.6717973933501997,0.4,2,0.80082929226271,0.4,2,0.7532320683553116,0.4,2
COVER__test__7013.pgm,7013.pgm,COVER,0,SINGLE_CANDIDATE,S-UNIWARD,,S-UNIWARD,MiPOD,HUGO,HILL,WOW,,S-UNIWARD,1,0,0.9174147202926694,0.8300116674029342,0.08740305288973516,0.5724640160759004,0.2,1,0.9174147202926694,0.4,2,0.7091328759834258,0.4,2,0.809613331065648,0.6,3,0.8300116674029342,0.6,3
COVER__test__7015.pgm,7015.pgm,COVER,0,UNKNOWN_OR_COVER,UNKNOWN,,HUGO,S-UNIWARD,MiPOD,HILL,WOW,,,0,0,0.8311364089127957,0.8126611116704903,0.018475297242305455,0.4567850437412562,0.0,0,0.8126611116704903,0.0,0,0.6906150482222265,0.4,2,0.8311364089127957,0.8,4,0.7769594748302445,0.4,2
COVER__test__7018.pgm,7018.pgm,COVER,0,UNKNOWN_OR_COVER,UNKNOWN,,S-UNIWARD,HUGO,MiPOD,HILL,WOW,,,0,0,0.8283869751375329,0.8275337443662846,0.0008532307712483256,0.4387431978803276,0.2,1,0.8283869751375329,0.6,3,0.6953462942783489,0.2,1,0.8275337443662846,0.4,2,0.7851792930278546,0.2,1
COVER__test__7019.pgm,7019.pgm,COVER,0,UNKNOWN_OR_COVER,UNKNOWN,,HUGO,S-UNIWARD,MiPOD,HILL,WOW,,,0,0,0.8281441151992063,0.7693757290185566,0.05876838618064972,0.4224792637582137,0.2,1,0.7693757290185566,0.2,1,0.6829094435774244,0.6,3,0.8281441151992063,0.4,2,0.7679304080062365,0.6,3
COVER__test__702.pgm,702.pgm,COVER,0,SINGLE_CANDIDATE,MiPOD,,MiPOD,S-UNIWARD,HUGO,HILL,WOW,,MiPOD,1,0,0.9335259877358801,0.8309848763533889,0.10254111138249122,0.572035698671957,0.2,1,0.8309848763533889,0.6,3,0.8184240664495654,0.4,2,0.8290731183644627,0.6,3,0.9335259877358801,0.6,3
COVER__test__7021.pgm,7021.pgm,COVER,0,UNKNOWN_OR_COVER,UNKNOWN,,HUGO,MiPOD,S-UNIWARD,HILL,WOW,,,0,0,0.8070624025466456,0.7574157662863603,0.049646636260285315,0.41358950426478724,0.2,1,0.7538196657366646,0.2,1,0.6724983111231273,0.2,1,0.8070624025466456,0.0,0,0.7574157662863603,0.2,1
COVER__test__7025.pgm,7025.pgm,COVER,0,UNKNOWN_OR_COVER,UNKNOWN,,HUGO,MiPOD,S-UNIWARD,HILL,WOW,,,0,0,0.81143890896691,0.7604383359340492,0.05100057303286076,0.41484583590557395,0.2,1,0.7596332140239699,0.2,1,0.6748119915885794,0.4,2,0.81143890896691,0.2,1,0.7604383359340492,0.4,2
COVER__test__7043.pgm,7043.pgm,COVER,0,UNKNOWN_OR_COVER,UNKNOWN,,HUGO,S-UNIWARD,MiPOD,HILL,WOW,,,0,0,0.8302878191039096,0.7983731960607063,0.03191462304320325,0.42858135978278467,0.2,1,0.7983731960607063,0.2,1,0.690038239246132,0.4,2,0.8302878191039096,0.6,3,0.7750572093622422,0.4,2
COVER__test__7055.pgm,7055.pgm,COVER,0,UNKNOWN_OR_COVER,UNKNOWN,,HUGO,S-UNIWARD,MiPOD,HILL,WOW,,,0,0,0.8172076049967718,0.7691371172031704,0.04807048779360146,0.43533122278262615,0.2,1,0.7691371172031704,0.2,1,0.6804425970683579,0.6,3,0.8172076049967718,0.6,3,0.7665470942816729,0.6,3
COVER__test__7056.pgm,7056.pgm,COVER,0,UNKNOWN_OR_COVER,UNKNOWN,,HUGO,S-UNIWARD,MiPOD,HILL,WOW,,,0,0,0.8152781530295183,0.7957692863238498,0.019508866705668537,0.5186724306939747,0.2,1,0.7957692863238498,0.2,1,0.6800287415464598,0.6,3,0.8152781530295183,0.4,2,0.7645059102036528,0.6,3
COVER__test__706.pgm,706.pgm,COVER,0,UNKNOWN_OR_COVER,UNKNOWN,,HUGO,MiPOD,S-UNIWARD,HILL,WOW,,,0,0,0.8040986359388433,0.754529324039936,0.04956931189890734,0.4130764732354642,0.2,1,0.7517534116206803,0.2,1,0.6694997920709651,0.2,1,0.8040986359388433,0.0,0,0.754529324039936,0.2,1
COVER__test__7068.pgm,7068.pgm,COVER,0,UNKNOWN_OR_COVER,UNKNOWN,,HUGO,MiPOD,S-UNIWARD,HILL,WOW,,,0,0,0.8067463959598771,0.7551172476671749,0.051629148292702154,0.4123297082263818,0.0,0,0.7518598531982341,0.0,0,0.671035393907643,0.0,0,0.8067463959598771,0.0,0,0.7551172476671749,0.0,0
COVER__test__7069.pgm,7069.pgm,COVER,0,UNKNOWN_OR_COVER,UNKNOWN,,HUGO,MiPOD,S-UNIWARD,HILL,WOW,,,0,0,0.8110001746212196,0.7604561868349586,0.05054398778626101,0.4151140230964209,0.2,1,0.7564556331310873,0.2,1,0.6747454744984902,0.2,1,0.8110001746212196,0.0,0,0.7604561868349586,0.0,0
COVER__test__7074.pgm,7074.pgm,COVER,0,UNKNOWN_OR_COVER,UNKNOWN,,HUGO,S-UNIWARD,MiPOD,HILL,WOW,,,0,0,0.817157941311625,0.7643900581457856,0.05276788316583936,0.4169480784767102,0.2,1,0.7643900581457856,0.2,1,0.6775749162750471,0.4,2,0.817157941311625,0.4,2,0.7640334939570865,0.4,2
COVER__test__7078.pgm,7078.pgm,COVER,0,UNKNOWN_OR_COVER,UNKNOWN,,HUGO,S-UNIWARD,MiPOD,HILL,WOW,,,0,0,0.8285774758085775,0.78048938684316,0.0480880889654175,0.42253169700549337,0.2,1,0.78048938684316,0.2,1,0.6835599959135414,0.4,2,0.8285774758085775,0.4,2,0.7686978394168572,0.4,2
COVER__test__7091.pgm,7091.pgm,COVER,0,SINGLE_CANDIDATE,S-UNIWARD,,S-UNIWARD,HUGO,MiPOD,HILL,WOW,,S-UNIWARD,1,0,0.92068209445296,0.808300425981526,0.11238166847143405,0.5174174251456043,0.4,2,0.92068209445296,0.6,3,0.6783344140546816,0.6,3,0.808300425981526,0.4,2,0.7614748019022759,0.6,3
COVER__test__71.pgm,71.pgm,COVER,0,SINGLE_CANDIDATE,MiPOD,,MiPOD,HILL,S-UNIWARD,HUGO,WOW,,MiPOD,1,0,1.0,0.8860610893746426,0.11393891062535744,0.6784749896415314,0.4,2,0.8372071984377565,0.8,4,0.8860610893746426,0.8,4,0.8321161864742048,0.8,4,1.0,1.0,5
COVER__test__7104.pgm,7104.pgm,COVER,0,UNKNOWN_OR_COVER,UNKNOWN,,HUGO,S-UNIWARD,MiPOD,HILL,WOW,,,0,0,0.8155434999465376,0.7615286467043847,0.05401485324215294,0.41523918000727866,0.2,1,0.7615286467043847,0.2,1,0.6739445234662232,0.2,1,0.8155434999465376,0.2,1,0.7590779784185819,0.2,1
COVER__test__7109.pgm,7109.pgm,COVER,0,UNKNOWN_OR_COVER,UNKNOWN,,HUGO,MiPOD,S-UNIWARD,HILL,WOW,,,0,0,0.806167994848862,0.7580966861791263,0.048071308669735746,0.41338525421616945,0.2,1,0.7564816152607883,0.2,1,0.672941805614718,0.4,2,0.806167994848862,0.2,1,0.7580966861791263,0.4,2
COVER__test__7115.pgm,7115.pgm,COVER,0,SINGLE_CANDIDATE,HUGO,,HUGO,MiPOD,S-UNIWARD,HILL,WOW,,HUGO,1,0,0.9791351571340321,0.8361431938973102,0.14299196323672192,0.4834430074466643,0.2,1,0.7764311835723123,0.6,3,0.7153884433035447,0.6,3,0.9791351571340321,0.8,4,0.8361431938973102,0.8,4
COVER__test__7116.pgm,7116.pgm,COVER,0,MULTI_CANDIDATE,HILL,MiPOD,HILL,MiPOD,HUGO,S-UNIWARD,WOW,,"HILL,MiPOD",2,0,0.9606535204690889,0.9602402081262682,0.00041331234282071527,0.7611340532528671,0.4,2,0.8504780229864656,0.6,3,0.9606535204690889,0.6,3,0.8706462586358142,0.8,4,0.9602402081262682,0.8,4
COVER__test__7124.pgm,7124.pgm,COVER,0,UNKNOWN_OR_COVER,UNKNOWN,,HUGO,S-UNIWARD,MiPOD,HILL,WOW,,,0,0,0.8458083034960489,0.7634709837101707,0.0823373197858781,0.415876356129561,0.2,1,0.7634709837101707,0.2,1,0.6756364307538565,0.4,2,0.8458083034960489,0.2,1,0.7613189992050974,0.4,2
COVER__test__7129.pgm,7129.pgm,COVER,0,UNKNOWN_OR_COVER,UNKNOWN,,HUGO,MiPOD,S-UNIWARD,HILL,WOW,,,0,0,0.8056253838381793,0.7553368305039502,0.0502885533342291,0.41331331375298197,0.2,1,0.7530685063579139,0.2,1,0.670466767614165,0.2,1,0.8056253838381793,0.0,0,0.7553368305039502,0.2,1
COVER__test__7131.pgm,7131.pgm,COVER,0,UNKNOWN_OR_COVER,UNKNOWN,,HUGO,MiPOD,S-UNIWARD,HILL,WOW,,,0,0,0.8108871843663747,0.7603094784549769,0.050577705911397874,0.4146459545231143,0.2,1,0.7577071153997708,0.2,1,0.6745435814141355,0.2,1,0.8108871843663747,0.2,1,0.7603094784549769,0.2,1
COVER__test__7134.pgm,7134.pgm,COVER,0,UNKNOWN_OR_COVER,UNKNOWN,,HUGO,MiPOD,S-UNIWARD,HILL,WOW,,,0,0,0.8080907677709703,0.757986508068182,0.05010425970278831,0.41365385483547534,0.2,1,0.7556422724645243,0.2,1,0.6726894223422965,0.2,1,0.8080907677709703,0.2,1,0.757986508068182,0.2,1
COVER__test__7157.pgm,7157.pgm,COVER,0,UNKNOWN_OR_COVER,UNKNOWN,,HUGO,S-UNIWARD,MiPOD,HILL,WOW,,,0,0,0.8204515335465621,0.774784614478664,0.045666919067898104,0.425621559734784,0.0,0,0.774784614478664,0.4,2,0.6803333049624799,0.4,2,0.8204515335465621,0.4,2,0.7688349094894684,0.2,1
COVER__test__7177.pgm,7177.pgm,COVER,0,UNKNOWN_OR_COVER,UNKNOWN,,HUGO,MiPOD,S-UNIWARD,HILL,WOW,,,0,0,0.8111651393200641,0.7592593387903022,0.0519058005297619,0.41500675615707117,0.2,1,0.7565034638605461,0.2,1,0.6744169117773796,0.2,1,0.8111651393200641,0.0,0,0.7592593387903022,0.0,0
COVER__test__7178.pgm,7178.pgm,COVER,0,UNKNOWN_OR_COVER,UNKNOWN,,HUGO,MiPOD,S-UNIWARD,HILL,WOW,,,0,0,0.8061766930286163,0.7565469392049906,0.049629753823625666,0.41225663155373393,0.0,0,0.7548864856171856,0.0,0,0.6722921863169671,0.2,1,0.8061766930286163,0.2,1,0.7565469392049906,0.2,1
COVER__test__718.pgm,718.pgm,COVER,0,MULTI_CANDIDATE,S-UNIWARD,HILL,S-UNIWARD,HILL,MiPOD,HUGO,WOW,,"S-UNIWARD,HILL,MiPOD,HUGO",4,0,1.0,1.0,0.0,0.8343246243887542,0.8,4,1.0,1.0,5,1.0,1.0,5,0.9873951494724338,0.8,4,1.0,1.0,5
COVER__test__7184.pgm,7184.pgm,COVER,0,UNKNOWN_OR_COVER,UNKNOWN,,HUGO,MiPOD,S-UNIWARD,HILL,WOW,,,0,0,0.8098722392373041,0.7598022565518467,0.05006998268545737,0.41491322770034705,0.2,1,0.7549500599437142,0.2,1,0.6747978249119491,0.2,1,0.8098722392373041,0.0,0,0.7598022565518467,0.2,1
COVER__test__7189.pgm,7189.pgm,COVER,0,UNKNOWN_OR_COVER,UNKNOWN,,HUGO,MiPOD,S-UNIWARD,HILL,WOW,,,0,0,0.8122676440158063,0.76136020915415,0.050907434861656276,0.41541040217821507,0.2,1,0.7572392318597413,0.2,1,0.6760046408275977,0.2,1,0.8122676440158063,0.2,1,0.76136020915415,0.2,1
COVER__test__7192.pgm,7192.pgm,COVER,0,UNKNOWN_OR_COVER,UNKNOWN,,HUGO,S-UNIWARD,MiPOD,HILL,WOW,,,0,0,0.8996031399510998,0.7618138903661765,0.13778924958492322,0.41463003598633064,0.2,1,0.7618138903661765,0.2,1,0.6734570010169547,0.4,2,0.8996031399510998,0.4,2,0.7601660779763122,0.4,2
COVER__test__7193.pgm,7193.pgm,COVER,0,UNKNOWN_OR_COVER,UNKNOWN,,HUGO,S-UNIWARD,MiPOD,HILL,WOW,,,0,0,0.8143470916091271,0.762108349560766,0.0522387420483611,0.4137188294226082,0.2,1,0.762108349560766,0.2,1,0.6716146289814037,0.4,2,0.8143470916091271,0.4,2,0.7578172616296018,0.4,2
COVER__test__7198.pgm,7198.pgm,COVER,0,UNKNOWN_OR_COVER,UNKNOWN,,HUGO,MiPOD,S-UNIWARD,HILL,WOW,,,0,0,0.8116770770704026,0.7622886153594828,0.04938846171091982,0.4157973722148479,0.2,1,0.7575228375634571,0.2,1,0.6777295016569074,0.4,2,0.8116770770704026,0.2,1,0.7622886153594828,0.4,2
COVER__test__7205.pgm,7205.pgm,COVER,0,UNKNOWN_OR_COVER,UNKNOWN,,HUGO,MiPOD,S-UNIWARD,HILL,WOW,,,0,0,0.8114962168475574,0.7606055472143838,0.05089066963317357,0.41541936637202337,0.2,1,0.7562430689480326,0.2,1,0.6751922337123548,0.2,1,0.8114962168475574,0.0,0,0.7606055472143838,0.0,0
COVER__test__7213.pgm,7213.pgm,COVER,0,UNKNOWN_OR_COVER,UNKNOWN,,HUGO,MiPOD,S-UNIWARD,HILL,WOW,,,0,0,0.8088798123882148,0.758123219290781,0.050756593097433855,0.4140397344118202,0.2,1,0.7552766336740007,0.2,1,0.6735014303083052,0.2,1,0.8088798123882148,0.0,0,0.758123219290781,0.2,1
COVER__test__7219.pgm,7219.pgm,COVER,0,UNKNOWN_OR_COVER,UNKNOWN,,HUGO,MiPOD,S-UNIWARD,HILL,WOW,,,0,0,0.8102769574438244,0.7600327007662285,0.05024425667759591,0.41487980958588705,0.2,1,0.7552157574803433,0.2,1,0.6749681922996211,0.2,1,0.8102769574438244,0.0,0,0.7600327007662285,0.2,1
COVER__test__7222.pgm,7222.pgm,COVER,0,UNKNOWN_OR_COVER,UNKNOWN,,HUGO,MiPOD,S-UNIWARD,HILL,WOW,,,0,0,0.8124718853564712,0.76051698578842,0.051954899568051216,0.41521139914581473,0.2,1,0.7591642910440033,0.2,1,0.6757932112229383,0.4,2,0.8124718853564712,0.2,1,0.76051698578842,0.4,2
COVER__test__723.pgm,723.pgm,COVER,0,MULTI_CANDIDATE,S-UNIWARD,HILL,S-UNIWARD,HILL,MiPOD,WOW,HUGO,,"S-UNIWARD,HILL,MiPOD,WOW,HUGO",5,0,1.0,1.0,0.0,0.9991391142900753,0.8,4,1.0,1.0,5,1.0,1.0,5,0.9886260905757996,0.8,4,1.0,1.0,5
COVER__test__7234.pgm,7234.pgm,COVER,0,UNKNOWN_OR_COVER,UNKNOWN,,HUGO,MiPOD,S-UNIWARD,HILL,WOW,,,0,0,0.8219268870386072,0.7659627196095631,0.05596416742904409,0.4182309196256743,0.2,1,0.7642261790101536,0.2,1,0.6803423696301387,0.4,2,0.8219268870386072,0.2,1,0.7659627196095631,0.4,2
COVER__test__7235.pgm,7235.pgm,COVER,0,UNKNOWN_OR_COVER,UNKNOWN,,HUGO,MiPOD,S-UNIWARD,HILL,WOW,,,0,0,0.8155459535485846,0.7646113577583236,0.05093459579026105,0.41673162287978266,0.2,1,0.7602883852362609,0.2,1,0.6780601729294098,0.2,1,0.8155459535485846,0.4,2,0.7646113577583236,0.2,1
COVER__test__7237.pgm,7237.pgm,COVER,0,UNKNOWN_OR_COVER,UNKNOWN,,HUGO,MiPOD,S-UNIWARD,HILL,WOW,,,0,0,0.812269940568872,0.7595467092670625,0.05272323130180956,0.415050259108512,0.2,1,0.7577805283937451,0.2,1,0.6743649725795008,0.2,1,0.812269940568872,0.0,0,0.7595467092670625,0.2,1
COVER__test__7241.pgm,7241.pgm,COVER,0,UNKNOWN_OR_COVER,UNKNOWN,,HUGO,MiPOD,S-UNIWARD,HILL,WOW,,,0,0,0.8106883036869272,0.7588684605622104,0.05181984312471688,0.4140623974235183,0.2,1,0.7554585020964397,0.2,1,0.6734552834568714,0.2,1,0.8106883036869272,0.0,0,0.7588684605622104,0.2,1
COVER__test__7243.pgm,7243.pgm,COVER,0,UNKNOWN_OR_COVER,UNKNOWN,,HUGO,MiPOD,S-UNIWARD,HILL,WOW,,,0,0,0.8087130745841421,0.7573286247378304,0.05138444984631174,0.413611734266639,0.0,0,0.7564106991298134,0.0,0,0.672221574266606,0.2,1,0.8087130745841421,0.0,0,0.7573286247378304,0.0,0
COVER__test__7250.pgm,7250.pgm,COVER,0,UNKNOWN_OR_COVER,UNKNOWN,,HUGO,MiPOD,S-UNIWARD,HILL,WOW,,,0,0,0.8066978894854147,0.7576664326273763,0.049031456858038336,0.41336237229185746,0.2,1,0.7547550738314758,0.2,1,0.6731594184271856,0.2,1,0.8066978894854147,0.2,1,0.7576664326273763,0.2,1
COVER__test__7254.pgm,7254.pgm,COVER,0,UNKNOWN_OR_COVER,UNKNOWN,,HUGO,MiPOD,S-UNIWARD,HILL,WOW,,,0,0,0.8107474520698433,0.7588325984035678,0.05191485366627557,0.41439311824646746,0.0,0,0.7577579082038713,0.2,1,0.6732638863072642,0.2,1,0.8107474520698433,0.0,0,0.7588325984035678,0.0,0
COVER__test__7267.pgm,7267.pgm,COVER,0,UNKNOWN_OR_COVER,UNKNOWN,,HUGO,MiPOD,S-UNIWARD,HILL,WOW,,,0,0,0.8120255798329378,0.7615361985267864,0.050489381306151326,0.41530577675338565,0.2,1,0.7589958667715013,0.2,1,0.6759971140802262,0.4,2,0.8120255798329378,0.2,1,0.7615361985267864,0.2,1
COVER__test__7272.pgm,7272.pgm,COVER,0,UNKNOWN_OR_COVER,UNKNOWN,,HUGO,MiPOD,S-UNIWARD,HILL,WOW,,,0,0,0.8098684888251894,0.7598479145636954,0.05002057426149398,0.4145138440576597,0.0,0,0.7570206231932548,0.0,0,0.675541108653303,0.4,2,0.8098684888251894,0.2,1,0.7598479145636954,0.2,1
COVER__test__7284.pgm,7284.pgm,COVER,0,UNKNOWN_OR_COVER,UNKNOWN,,HUGO,MiPOD,S-UNIWARD,HILL,WOW,,,0,0,0.8109355870507631,0.7603427607834902,0.050592826267272906,0.4147534594104453,0.0,0,0.7573076554458138,0.0,0,0.67537904535164,0.2,1,0.8109355870507631,0.2,1,0.7603427607834902,0.0,0
COVER__test__7290.pgm,7290.pgm,COVER,0,UNKNOWN_OR_COVER,UNKNOWN,,HUGO,MiPOD,S-UNIWARD,HILL,WOW,,,0,0,0.8121799505546967,0.7620814873600973,0.05009846319459943,0.41549546038649454,0.2,1,0.7583634316375788,0.2,1,0.6766369677142112,0.4,2,0.8121799505546967,0.2,1,0.7620814873600973,0.4,2
COVER__test__7291.pgm,7291.pgm,COVER,0,UNKNOWN_OR_COVER,UNKNOWN,,HUGO,MiPOD,S-UNIWARD,HILL,WOW,,,0,0,0.8076722890809137,0.7581894805112926,0.04948280856962106,0.4138058954042701,0.2,1,0.7550163043985911,0.2,1,0.6734203067578107,0.2,1,0.8076722890809137,0.2,1,0.7581894805112926,0.0,0
COVER__test__7304.pgm,7304.pgm,COVER,0,UNKNOWN_OR_COVER,UNKNOWN,,HUGO,MiPOD,S-UNIWARD,HILL,WOW,,,0,0,0.8086821931816297,0.758023398662427,0.05065879451920274,0.41371660433592067,0.2,1,0.7571221601551231,0.2,1,0.6729681594752284,0.2,1,0.8086821931816297,0.2,1,0.758023398662427,0.2,1
COVER__test__7314.pgm,7314.pgm,COVER,0,UNKNOWN_OR_COVER,UNKNOWN,,HUGO,MiPOD,S-UNIWARD,HILL,WOW,,,0,0,0.8148478135391457,0.7631991284170401,0.05164868512210563,0.41634597837515014,0.2,1,0.7612737582285217,0.2,1,0.6775025421552973,0.4,2,0.8148478135391457,0.2,1,0.7631991284170401,0.4,2
COVER__test__7315.pgm,7315.pgm,COVER,0,UNKNOWN_OR_COVER,UNKNOWN,,HUGO,MiPOD,S-UNIWARD,HILL,WOW,,,0,0,0.8156562767864568,0.763856407246881,0.05179986953957583,0.4165961818315333,0.2,1,0.7616279037097744,0.2,1,0.6778419929639146,0.4,2,0.8156562767864568,0.4,2,0.763856407246881,0.4,2
COVER__test__7318.pgm,7318.pgm,COVER,0,UNKNOWN_OR_COVER,UNKNOWN,,HUGO,MiPOD,S-UNIWARD,HILL,WOW,,,0,0,0.8053443784331618,0.7573905850998426,0.04795379333331917,0.413201052020251,0.2,1,0.753864354183271,0.2,1,0.6732652792266038,0.2,1,0.8053443784331618,0.2,1,0.7573905850998426,0.2,1
COVER__test__7320.pgm,7320.pgm,COVER,0,UNKNOWN_OR_COVER,UNKNOWN,,HUGO,MiPOD,S-UNIWARD,HILL,WOW,,,0,0,0.8100590998133856,0.7592022885077326,0.050856811305653005,0.41468215712870726,0.2,1,0.7558410879622979,0.2,1,0.673746554468348,0.2,1,0.8100590998133856,0.0,0,0.7592022885077326,0.2,1
COVER__test__7325.pgm,7325.pgm,COVER,0,UNKNOWN_OR_COVER,UNKNOWN,,S-UNIWARD,HUGO,MiPOD,HILL,WOW,,,0,0,0.8301051943578699,0.8257501831419802,0.004355011215889659,0.45620100594346785,0.2,1,0.8301051943578699,0.6,3,0.7123481787215631,0.4,2,0.8257501831419802,0.6,3,0.811510755183954,0.4,2
COVER__test__7328.pgm,7328.pgm,COVER,0,UNKNOWN_OR_COVER,UNKNOWN,,HUGO,MiPOD,S-UNIWARD,HILL,WOW,,,0,0,0.8398326479354171,0.7643007717103315,0.07553187622508561,0.42318817131934,0.2,1,0.7635325512894269,0.4,2,0.6795992686586758,0.6,3,0.8398326479354171,0.4,2,0.7643007717103315,0.6,3
COVER__test__7335.pgm,7335.pgm,COVER,0,MULTI_CANDIDATE,HILL,MiPOD,HILL,MiPOD,WOW,S-UNIWARD,HUGO,,"HILL,MiPOD,WOW",3,0,1.0,1.0,0.0,0.921735274520438,0.8,4,0.8437013424400899,0.8,4,1.0,1.0,5,0.7678924964583838,0.6,3,1.0,1.0,5
COVER__test__7337.pgm,7337.pgm,COVER,0,UNKNOWN_OR_COVER,UNKNOWN,,HUGO,MiPOD,S-UNIWARD,HILL,WOW,,,0,0,0.8050652487690471,0.7555468072794091,0.04951844148963791,0.4126488545304584,0.2,1,0.753587825493568,0.2,1,0.6709425955901968,0.2,1,0.8050652487690471,0.0,0,0.7555468072794091,0.2,1
COVER__test__734.pgm,734.pgm,COVER,0,MULTI_CANDIDATE,HILL,MiPOD,HILL,MiPOD,S-UNIWARD,WOW,HUGO,,"HILL,MiPOD",2,0,1.0,1.0,0.0,0.8512838597888335,0.8,4,0.8919701313182358,0.8,4,1.0,1.0,5,0.8316067941644107,0.8,4,1.0,1.0,5
COVER__test__7341.pgm,7341.pgm,COVER,0,SINGLE_CANDIDATE,MiPOD,,MiPOD,S-UNIWARD,HUGO,HILL,WOW,,MiPOD,1,0,0.9130752983296981,0.8347476229126416,0.07832767541705654,0.5741362016902386,0.2,1,0.8347476229126416,0.8,4,0.8275479253687179,0.4,2,0.8282703210418682,0.6,3,0.9130752983296981,0.4,2
COVER__test__7348.pgm,7348.pgm,COVER,0,UNKNOWN_OR_COVER,UNKNOWN,,HUGO,MiPOD,S-UNIWARD,HILL,WOW,,,0,0,0.8113632616180796,0.7607701736891186,0.050593087928961,0.41509048294789624,0.2,1,0.7578244295679799,0.2,1,0.6743637160391363,0.2,1,0.8113632616180796,0.2,1,0.7607701736891186,0.2,1
COVER__test__7349.pgm,7349.pgm,COVER,0,UNKNOWN_OR_COVER,UNKNOWN,,S-UNIWARD,HUGO,MiPOD,HILL,WOW,,,0,0,0.8388944603454048,0.8315624817417657,0.0073319786036391,0.5127145670625485,0.2,1,0.8388944603454048,0.4,2,0.7295176160837533,0.6,3,0.8315624817417657,0.8,4,0.8097195354635,0.6,3
COVER__test__7354.pgm,7354.pgm,COVER,0,UNKNOWN_OR_COVER,UNKNOWN,,HUGO,MiPOD,S-UNIWARD,HILL,WOW,,,0,0,0.813153397311994,0.7622354686409105,0.05091792867108347,0.4156328270838438,0.2,1,0.7589455698584128,0.2,1,0.6764521237770759,0.2,1,0.813153397311994,0.2,1,0.7622354686409105,0.2,1
COVER__test__7358.pgm,7358.pgm,COVER,0,UNKNOWN_OR_COVER,UNKNOWN,,HUGO,MiPOD,S-UNIWARD,HILL,WOW,,,0,0,0.8111031731470751,0.7593823975223393,0.05172077562473587,0.4147245549102032,0.2,1,0.756935201231555,0.2,1,0.6744957044441964,0.2,1,0.8111031731470751,0.2,1,0.7593823975223393,0.2,1
COVER__test__7366.pgm,7366.pgm,COVER,0,SINGLE_CANDIDATE,MiPOD,,MiPOD,HILL,S-UNIWARD,HUGO,WOW,,MiPOD,1,0,0.9928280916371307,0.8932425921092614,0.09958549952786933,0.6693218387436026,0.2,1,0.833011237827191,0.6,3,0.8932425921092614,0.4,2,0.8257088944257059,0.6,3,0.9928280916371307,0.6,3
COVER__test__7369.pgm,7369.pgm,COVER,0,UNKNOWN_OR_COVER,UNKNOWN,,MiPOD,HILL,S-UNIWARD,HUGO,WOW,,,0,0,0.8942028797155247,0.8475672885702223,0.04663559114530236,0.6286001979721962,0.2,1,0.8294378683216547,0.6,3,0.8475672885702223,0.2,1,0.8280016631189294,0.6,3,0.8942028797155247,0.4,2
COVER__test__7390.pgm,7390.pgm,COVER,0,UNKNOWN_OR_COVER,UNKNOWN,,HUGO,MiPOD,S-UNIWARD,HILL,WOW,,,0,0,0.8064772668348145,0.7563839885868984,0.050093278247916095,0.4131300058175035,0.2,1,0.7548197502965792,0.2,1,0.6711833125428368,0.2,1,0.8064772668348145,0.0,0,0.7563839885868984,0.0,0
COVER__test__7398.pgm,7398.pgm,COVER,0,MULTI_CANDIDATE,MiPOD,S-UNIWARD,MiPOD,S-UNIWARD,HILL,HUGO,WOW,,"MiPOD,S-UNIWARD,HILL",3,0,1.0,0.9760734334023671,0.023926566597632926,0.8315658606844607,0.8,4,0.9760734334023671,0.8,4,0.9606197844305566,0.8,4,0.8479870946756272,0.8,4,1.0,1.0,5
COVER__test__7405.pgm,7405.pgm,COVER,0,UNKNOWN_OR_COVER,UNKNOWN,,S-UNIWARD,HUGO,MiPOD,HILL,WOW,,,0,0,0.8727772945767185,0.8151003793514884,0.05767691522523011,0.5299470087394182,0.4,2,0.8727772945767185,0.6,3,0.6816751941978934,0.6,3,0.8151003793514884,0.6,3,0.7733047621825079,0.6,3
COVER__test__7409.pgm,7409.pgm,COVER,0,MULTI_CANDIDATE,HUGO,S-UNIWARD,HUGO,S-UNIWARD,MiPOD,HILL,WOW,,"HUGO,S-UNIWARD",2,0,0.9148254646885865,0.9019742518100407,0.012851212878545848,0.5274106386093227,0.4,2,0.9019742518100407,0.4,2,0.6771881324190854,0.6,3,0.9148254646885865,0.4,2,0.7592185040696997,0.6,3
COVER__test__742.pgm,742.pgm,COVER,0,UNKNOWN_OR_COVER,UNKNOWN,,HUGO,MiPOD,S-UNIWARD,HILL,WOW,,,0,0,0.8105482821003094,0.7587620550477381,0.0517862270525713,0.4146356693410514,0.2,1,0.7568679463097885,0.2,1,0.6728923119393316,0.2,1,0.8105482821003094,0.0,0,0.7587620550477381,0.2,1
COVER__test__7420.pgm,7420.pgm,COVER,0,MULTI_CANDIDATE,S-UNIWARD,HILL,S-UNIWARD,HILL,HUGO,MiPOD,WOW,,"S-UNIWARD,HILL,HUGO,MiPOD,WOW",5,0,1.0,1.0,0.0,0.9495341106651392,0.8,4,1.0,1.0,5,1.0,1.0,5,1.0,1.0,5,1.0,1.0,5
COVER__test__7422.pgm,7422.pgm,COVER,0,UNKNOWN_OR_COVER,UNKNOWN,,HUGO,S-UNIWARD,MiPOD,HILL,WOW,,,0,0,0.824991864941237,0.7706635110675281,0.054328353873708934,0.42235113765620225,0.2,1,0.7706635110675281,0.2,1,0.6821134942890547,0.4,2,0.824991864941237,0.6,3,0.7702375913018156,0.4,2
COVER__test__7424.pgm,7424.pgm,COVER,0,UNKNOWN_OR_COVER,UNKNOWN,,HUGO,MiPOD,S-UNIWARD,HILL,WOW,,,0,0,0.8164563390409864,0.7636269381971232,0.05282940084386312,0.41629101551356984,0.2,1,0.761576118041547,0.2,1,0.6771245703409117,0.4,2,0.8164563390409864,0.4,2,0.7636269381971232,0.4,2
COVER__test__7425.pgm,7425.pgm,COVER,0,UNKNOWN_OR_COVER,UNKNOWN,,S-UNIWARD,HUGO,MiPOD,HILL,WOW,,,0,0,0.8680368240016334,0.8143469081428153,0.053689915858818105,0.5377239187129768,0.4,2,0.8680368240016334,0.6,3,0.6833851264621277,0.6,3,0.8143469081428153,0.6,3,0.779773062172518,0.6,3
COVER__test__7428.pgm,7428.pgm,COVER,0,UNKNOWN_OR_COVER,UNKNOWN,,HUGO,MiPOD,S-UNIWARD,HILL,WOW,,,0,0,0.8115097273855657,0.7638066243368435,0.04770310304872216,0.42528169191490245,0.2,1,0.7588448926760002,0.2,1,0.6791128613898516,0.6,3,0.8115097273855657,0.4,2,0.7638066243368435,0.6,3
COVER__test__7430.pgm,7430.pgm,COVER,0,MULTI_CANDIDATE,S-UNIWARD,WOW,S-UNIWARD,WOW,MiPOD,HILL,HUGO,,"S-UNIWARD,WOW,MiPOD,HILL",4,0,0.9940573011852021,0.9939155450415406,0.00014175614366152,0.9939155450415406,0.8,4,0.9940573011852021,0.8,4,0.9932249630116511,0.6,3,0.8304443688707435,0.8,4,0.993705945199902,0.8,4
COVER__test__7432.pgm,7432.pgm,COVER,0,UNKNOWN_OR_COVER,UNKNOWN,,HUGO,MiPOD,S-UNIWARD,HILL,WOW,,,0,0,0.8051832701345528,0.7550547779255559,0.050128492208996955,0.4128207011569286,0.2,1,0.7536157461722964,0.2,1,0.6702239338146716,0.2,1,0.8051832701345528,0.0,0,0.7550547779255559,0.2,1
COVER__test__7438.pgm,7438.pgm,COVER,0,UNKNOWN_OR_COVER,UNKNOWN,,HUGO,MiPOD,S-UNIWARD,HILL,WOW,,,0,0,0.805531477421099,0.755265538677585,0.05026593874351404,0.4128607260102794,0.2,1,0.7539090838974426,0.2,1,0.6703261980961707,0.2,1,0.805531477421099,0.0,0,0.755265538677585,0.2,1
COVER__test__7451.pgm,7451.pgm,COVER,0,UNKNOWN_OR_COVER,UNKNOWN,,HUGO,MiPOD,S-UNIWARD,HILL,WOW,,,0,0,0.8040941380878357,0.756321256123103,0.04777288196473273,0.4127156062212758,0.2,1,0.7522558655216075,0.2,1,0.67158574019392,0.2,1,0.8040941380878357,0.0,0,0.756321256123103,0.2,1
COVER__test__7453.pgm,7453.pgm,COVER,0,UNKNOWN_OR_COVER,UNKNOWN,,HUGO,MiPOD,S-UNIWARD,HILL,WOW,,,0,0,0.8061324787429273,0.7557515237411885,0.05038095500173878,0.4127073072149304,0.2,1,0.754087742827473,0.2,1,0.6724603569955206,0.4,2,0.8061324787429273,0.2,1,0.7557515237411885,0.4,2
COVER__test__7458.pgm,7458.pgm,COVER,0,UNKNOWN_OR_COVER,UNKNOWN,,HUGO,MiPOD,S-UNIWARD,HILL,WOW,,,0,0,0.816590547652995,0.7657935277923652,0.05079701986062979,0.4175502227238887,0.2,1,0.7646836540364274,0.2,1,0.6779689902929358,0.2,1,0.816590547652995,0.4,2,0.7657935277923652,0.2,1
COVER__test__7459.pgm,7459.pgm,COVER,0,MULTI_CANDIDATE,S-UNIWARD,HILL,S-UNIWARD,HILL,HUGO,MiPOD,WOW,,"S-UNIWARD,HILL,HUGO,MiPOD,WOW",5,0,1.0,1.0,0.0,0.9965133579011756,0.8,4,1.0,1.0,5,1.0,1.0,5,1.0,1.0,5,1.0,1.0,5
COVER__test__746.pgm,746.pgm,COVER,0,SINGLE_CANDIDATE,S-UNIWARD,,S-UNIWARD,HUGO,MiPOD,HILL,WOW,,S-UNIWARD,1,0,0.9181553048018722,0.806447101257046,0.11170820354482625,0.5165850498838539,0.4,2,0.9181553048018722,0.4,2,0.6779284701617297,0.6,3,0.806447101257046,0.4,2,0.7617589026893506,0.6,3
COVER__test__7474.pgm,7474.pgm,COVER,0,MULTI_CANDIDATE,HUGO,HILL,HUGO,HILL,WOW,MiPOD,S-UNIWARD,,"HUGO,HILL,WOW,MiPOD",4,0,1.0,0.9746630987923138,0.02533690120768617,0.9584257202493978,0.6,3,0.8814410727497947,0.8,4,0.9746630987923138,0.8,4,1.0,1.0,5,0.9527486041445815,0.8,4
COVER__test__7478.pgm,7478.pgm,COVER,0,MULTI_CANDIDATE,WOW,S-UNIWARD,WOW,S-UNIWARD,HILL,HUGO,MiPOD,,"WOW,S-UNIWARD,HILL,HUGO,MiPOD",5,0,1.0,1.0,0.0,1.0,1.0,5,1.0,1.0,5,1.0,1.0,5,1.0,1.0,5,1.0,1.0,5
COVER__test__7483.pgm,7483.pgm,COVER,0,SINGLE_CANDIDATE,HUGO,,HUGO,MiPOD,S-UNIWARD,HILL,WOW,,HUGO,1,0,0.9290738075439057,0.8361314505497232,0.09294235699418252,0.5824144276636727,0.4,2,0.8316414951587188,0.6,3,0.7077709439886266,0.6,3,0.9290738075439057,0.6,3,0.8361314505497232,0.8,4
COVER__test__7484.pgm,7484.pgm,COVER,0,SINGLE_CANDIDATE,S-UNIWARD,,S-UNIWARD,HILL,MiPOD,HUGO,WOW,,S-UNIWARD,1,0,0.9580856253318402,0.848307791740279,0.10977783359156112,0.7397691753884239,0.6,3,0.9580856253318402,0.8,4,0.848307791740279,0.8,4,0.841057282104288,0.8,4,0.8422467470728252,0.8,4
COVER__test__7490.pgm,7490.pgm,COVER,0,MULTI_CANDIDATE,HUGO,HILL,HUGO,HILL,MiPOD,WOW,S-UNIWARD,,"HUGO,HILL,MiPOD,WOW,S-UNIWARD",5,0,0.9954507815275442,0.9842148497545257,0.011235931773018515,0.9606809700151,0.8,4,0.9436345698563524,0.8,4,0.9842148497545257,0.6,3,0.9954507815275442,0.8,4,0.9748152137329601,0.8,4
COVER__test__7493.pgm,7493.pgm,COVER,0,MULTI_CANDIDATE,WOW,S-UNIWARD,WOW,S-UNIWARD,HILL,HUGO,MiPOD,,"WOW,S-UNIWARD,HILL,HUGO,MiPOD",5,0,1.0,1.0,0.0,1.0,1.0,5,1.0,1.0,5,1.0,1.0,5,1.0,1.0,5,1.0,1.0,5
COVER__test__7499.pgm,7499.pgm,COVER,0,MULTI_CANDIDATE,S-UNIWARD,HILL,S-UNIWARD,HILL,MiPOD,HUGO,WOW,,"S-UNIWARD,HILL,MiPOD,HUGO",4,0,1.0,1.0,0.0,0.8655938911673984,0.8,4,1.0,1.0,5,1.0,1.0,5,0.9914700954600584,0.8,4,1.0,1.0,5
COVER__test__7511.pgm,7511.pgm,COVER,0,MULTI_CANDIDATE,S-UNIWARD,HILL,S-UNIWARD,HILL,MiPOD,WOW,HUGO,,"S-UNIWARD,HILL,MiPOD,WOW,HUGO",5,0,1.0,1.0,0.0,0.9788794628727248,0.8,4,1.0,1.0,5,1.0,1.0,5,0.9667182022500338,0.8,4,1.0,1.0,5
COVER__test__7512.pgm,7512.pgm,COVER,0,MULTI_CANDIDATE,WOW,S-UNIWARD,WOW,S-UNIWARD,HILL,MiPOD,HUGO,,"WOW,S-UNIWARD,HILL,MiPOD,HUGO",5,0,1.0,1.0,0.0,1.0,1.0,5,1.0,1.0,5,1.0,1.0,5,0.9440838937868616,0.8,4,1.0,1.0,5
COVER__test__7513.pgm,7513.pgm,COVER,0,SINGLE_CANDIDATE,S-UNIWARD,,S-UNIWARD,HUGO,HILL,MiPOD,WOW,,S-UNIWARD,1,0,0.9352279241898819,0.8663859331262852,0.06884199106359667,0.7385363887800022,0.6,3,0.9352279241898819,0.8,4,0.8378567849381418,0.6,3,0.8663859331262852,0.6,3,0.8361382630358769,0.8,4
COVER__test__7516.pgm,7516.pgm,COVER,0,MULTI_CANDIDATE,WOW,S-UNIWARD,WOW,S-UNIWARD,HILL,HUGO,MiPOD,,"WOW,S-UNIWARD,HILL,HUGO,MiPOD",5,0,1.0,1.0,0.0,1.0,1.0,5,1.0,1.0,5,1.0,1.0,5,1.0,1.0,5,1.0,1.0,5
COVER__test__7518.pgm,7518.pgm,COVER,0,MULTI_CANDIDATE,WOW,S-UNIWARD,WOW,S-UNIWARD,HILL,HUGO,MiPOD,,"WOW,S-UNIWARD,HILL,HUGO,MiPOD",5,0,1.0,1.0,0.0,1.0,1.0,5,1.0,1.0,5,1.0,1.0,5,1.0,1.0,5,1.0,1.0,5
COVER__test__7519.pgm,7519.pgm,COVER,0,MULTI_CANDIDATE,S-UNIWARD,HILL,S-UNIWARD,HILL,HUGO,MiPOD,WOW,,"S-UNIWARD,HILL,HUGO,MiPOD,WOW",5,0,1.0,1.0,0.0,0.9622885259971008,0.8,4,1.0,1.0,5,1.0,1.0,5,1.0,1.0,5,1.0,1.0,5
COVER__test__7524.pgm,7524.pgm,COVER,0,MULTI_CANDIDATE,MiPOD,HILL,MiPOD,HILL,HUGO,S-UNIWARD,WOW,,"MiPOD,HILL",2,0,1.0,0.9026930021832806,0.09730699781671936,0.7077800676361905,0.4,2,0.8510254451614105,0.8,4,0.9026930021832806,0.8,4,0.8824351753432552,0.8,4,1.0,1.0,5
COVER__test__7526.pgm,7526.pgm,COVER,0,MULTI_CANDIDATE,S-UNIWARD,MiPOD,S-UNIWARD,MiPOD,HILL,HUGO,WOW,,"S-UNIWARD,MiPOD",2,0,1.0,1.0,0.0,0.7597186902000213,0.6,3,1.0,1.0,5,0.886663418030286,0.8,4,0.8722162481725473,0.8,4,1.0,1.0,5
COVER__test__7531.pgm,7531.pgm,COVER,0,MULTI_CANDIDATE,S-UNIWARD,MiPOD,S-UNIWARD,MiPOD,HILL,WOW,HUGO,,"S-UNIWARD,MiPOD,HILL",3,0,1.0,0.9841890789316018,0.01581092106839821,0.8746010253087177,0.6,3,1.0,1.0,5,0.9366239551047248,0.8,4,0.8339909029444315,0.8,4,0.9841890789316018,0.8,4
COVER__test__7532.pgm,7532.pgm,COVER,0,MULTI_CANDIDATE,WOW,S-UNIWARD,WOW,S-UNIWARD,HILL,HUGO,MiPOD,,"WOW,S-UNIWARD,HILL,HUGO,MiPOD",5,0,1.0,1.0,0.0,1.0,1.0,5,1.0,1.0,5,1.0,1.0,5,1.0,1.0,5,1.0,1.0,5
COVER__test__7536.pgm,7536.pgm,COVER,0,UNKNOWN_OR_COVER,UNKNOWN,,HUGO,MiPOD,S-UNIWARD,HILL,WOW,,,0,0,0.8091296874411149,0.7594209603627695,0.049708727078345394,0.4141713916989607,0.2,1,0.7573582779233334,0.2,1,0.6741545006043046,0.4,2,0.8091296874411149,0.2,1,0.7594209603627695,0.4,2
COVER__test__7539.pgm,7539.pgm,COVER,0,UNKNOWN_OR_COVER,UNKNOWN,,HUGO,MiPOD,S-UNIWARD,HILL,WOW,,,0,0,0.8080355303203488,0.7587175263821447,0.04931800393820407,0.4139002363466009,0.2,1,0.7575288601953497,0.2,1,0.6736245700538743,0.4,2,0.8080355303203488,0.2,1,0.7587175263821447,0.4,2
COVER__test__7540.pgm,7540.pgm,COVER,0,UNKNOWN_OR_COVER,UNKNOWN,,HUGO,MiPOD,S-UNIWARD,HILL,WOW,,,0,0,0.8083834623345398,0.7596432329865557,0.048740229347984165,0.41399406164711844,0.2,1,0.7566780337611962,0.2,1,0.6740058520690967,0.4,2,0.8083834623345398,0.2,1,0.7596432329865557,0.4,2
COVER__test__7548.pgm,7548.pgm,COVER,0,UNKNOWN_OR_COVER,UNKNOWN,,HUGO,MiPOD,S-UNIWARD,HILL,WOW,,,0,0,0.8100824669311297,0.76022517815794,0.049857288773189734,0.4146584487587467,0.2,1,0.7585193007133635,0.2,1,0.6748693374698005,0.4,2,0.8100824669311297,0.2,1,0.76022517815794,0.4,2
COVER__test__7555.pgm,7555.pgm,COVER,0,UNKNOWN_OR_COVER,UNKNOWN,,HUGO,MiPOD,S-UNIWARD,HILL,WOW,,,0,0,0.8070497473520757,0.7579473745646825,0.049102372787393156,0.4134613013466205,0.2,1,0.7552182318573998,0.2,1,0.6727754577903521,0.2,1,0.8070497473520757,0.2,1,0.7579473745646825,0.2,1
COVER__test__7573.pgm,7573.pgm,COVER,0,MULTI_CANDIDATE,S-UNIWARD,MiPOD,S-UNIWARD,MiPOD,WOW,HILL,HUGO,,"S-UNIWARD,MiPOD,WOW",3,0,1.0,1.0,0.0,0.9169175674548983,0.8,4,1.0,1.0,5,0.8848295102548471,0.8,4,0.7950493294745958,0.6,3,1.0,1.0,5
COVER__test__7583.pgm,7583.pgm,COVER,0,UNKNOWN_OR_COVER,UNKNOWN,,HUGO,MiPOD,S-UNIWARD,HILL,WOW,,,0,0,0.8139435072304746,0.7617270710456976,0.052216436184777004,0.4149755675398731,0.0,0,0.7599456198579857,0.0,0,0.6763443731336813,0.2,1,0.8139435072304746,0.4,2,0.7617270710456976,0.2,1
COVER__test__7606.pgm,7606.pgm,COVER,0,UNKNOWN_OR_COVER,UNKNOWN,,HUGO,MiPOD,S-UNIWARD,HILL,WOW,,,0,0,0.8089084865388007,0.7581693800704551,0.05073910646834556,0.4135980414348599,0.0,0,0.7550769268725581,0.0,0,0.6735921954057893,0.0,0,0.8089084865388007,0.2,1,0.7581693800704551,0.0,0
COVER__test__7608.pgm,7608.pgm,COVER,0,UNKNOWN_OR_COVER,UNKNOWN,,S-UNIWARD,HUGO,MiPOD,HILL,WOW,,,0,0,0.8252167222103758,0.822047182099866,0.0031695401105097387,0.5185649030322559,0.2,1,0.8252167222103758,0.0,0,0.6778759008709214,0.2,1,0.822047182099866,0.2,1,0.7618634517252441,0.2,1
COVER__test__7613.pgm,7613.pgm,COVER,0,MULTI_CANDIDATE,MiPOD,HILL,MiPOD,HILL,S-UNIWARD,HUGO,WOW,,"MiPOD,HILL",2,0,1.0,0.9996520688150896,0.0003479311849103883,0.8195267495427844,0.4,2,0.8624428724486688,0.4,2,0.9996520688150896,0.8,4,0.8344009864068571,0.6,3,1.0,1.0,5
COVER__test__7617.pgm,7617.pgm,COVER,0,MULTI_CANDIDATE,MiPOD,S-UNIWARD,MiPOD,S-UNIWARD,WOW,HILL,HUGO,,"MiPOD,S-UNIWARD,WOW",3,0,1.0,0.9280739320090966,0.0719260679909034,0.9232247771038258,0.8,4,0.9280739320090966,0.8,4,0.8894057045534461,0.8,4,0.8494913313385402,0.8,4,1.0,1.0,5
COVER__test__7621.pgm,7621.pgm,COVER,0,UNKNOWN_OR_COVER,UNKNOWN,,HUGO,MiPOD,S-UNIWARD,HILL,WOW,,,0,0,0.8489828276691107,0.8368549988302304,0.012127828838880306,0.47138139012748637,0.2,1,0.8347680211423516,0.8,4,0.7261907895959199,0.4,2,0.8489828276691107,0.6,3,0.8368549988302304,0.4,2
COVER__test__763.pgm,763.pgm,COVER,0,MULTI_CANDIDATE,HUGO,S-UNIWARD,HUGO,S-UNIWARD,MiPOD,HILL,WOW,,"HUGO,S-UNIWARD,MiPOD",3,0,1.0,0.9646828427285415,0.035317157271458455,0.8090030444350251,0.4,2,0.9646828427285415,0.6,3,0.8562666986667418,0.4,2,1.0,1.0,5,0.9530147881227574,0.8,4
COVER__test__7634.pgm,7634.pgm,COVER,0,UNKNOWN_OR_COVER,UNKNOWN,,HUGO,MiPOD,S-UNIWARD,HILL,WOW,,,0,0,0.806794381364293,0.7566935038972751,0.05010087746701797,0.4136263640287819,0.0,0,0.7536503715683687,0.0,0,0.6720348483204082,0.2,1,0.806794381364293,0.0,0,0.7566935038972751,0.0,0
COVER__test__7641.pgm,7641.pgm,COVER,0,UNKNOWN_OR_COVER,UNKNOWN,,HUGO,MiPOD,S-UNIWARD,HILL,WOW,,,0,0,0.8093233838811582,0.7577281133748053,0.05159527050635293,0.4140652740366133,0.2,1,0.7559636732614781,0.2,1,0.6725733146081478,0.2,1,0.8093233838811582,0.0,0,0.7577281133748053,0.2,1
COVER__test__7645.pgm,7645.pgm,COVER,0,UNKNOWN_OR_COVER,UNKNOWN,,HUGO,S-UNIWARD,MiPOD,HILL,WOW,,,0,0,0.8308422609714625,0.7882387579396172,0.04260350303184535,0.4238432582798669,0.0,0,0.7882387579396172,0.0,0,0.6858403253212757,0.4,2,0.8308422609714625,0.8,4,0.7716537972143209,0.4,2
COVER__test__7656.pgm,7656.pgm,COVER,0,UNKNOWN_OR_COVER,UNKNOWN,,HUGO,MiPOD,S-UNIWARD,HILL,WOW,,,0,0,0.8108696017509592,0.7581338411375215,0.052735760613437765,0.4141585829485819,0.2,1,0.7574943232793244,0.2,1,0.6726385715662084,0.2,1,0.8108696017509592,0.0,0,0.7581338411375215,0.2,1
COVER__test__7657.pgm,7657.pgm,COVER,0,UNKNOWN_OR_COVER,UNKNOWN,,HUGO,S-UNIWARD,MiPOD,HILL,WOW,,,0,0,0.8214809965701197,0.767678123447579,0.05380287312254073,0.4312904354235846,0.2,1,0.767678123447579,0.4,2,0.6801419237875985,0.6,3,0.8214809965701197,0.4,2,0.7642936521373397,0.6,3
COVER__test__7662.pgm,7662.pgm,COVER,0,SINGLE_CANDIDATE,S-UNIWARD,,S-UNIWARD,HILL,MiPOD,HUGO,WOW,,S-UNIWARD,1,0,0.9100846623457219,0.8497211308969836,0.060363531448738295,0.6754652041785519,0.6,3,0.9100846623457219,0.6,3,0.8497211308969836,0.8,4,0.8314069596365318,0.8,4,0.8433133027828577,0.6,3
COVER__test__7663.pgm,7663.pgm,COVER,0,UNKNOWN_OR_COVER,UNKNOWN,,HUGO,MiPOD,S-UNIWARD,HILL,WOW,,,0,0,0.8127235337566004,0.7614569717412769,0.051266562015323536,0.41554444176211225,0.2,1,0.7572309273656386,0.2,1,0.6761059021864287,0.2,1,0.8127235337566004,0.2,1,0.7614569717412769,0.2,1
COVER__test__7684.pgm,7684.pgm,COVER,0,UNKNOWN_OR_COVER,UNKNOWN,,HUGO,MiPOD,S-UNIWARD,HILL,WOW,,,0,0,0.804853533317209,0.7549955290666148,0.04985800425059417,0.4120242519771865,0.0,0,0.7534547308683968,0.0,0,0.6708284089094791,0.0,0,0.804853533317209,0.2,1,0.7549955290666148,0.0,0
COVER__test__7686.pgm,7686.pgm,COVER,0,MULTI_CANDIDATE,HUGO,MiPOD,HUGO,MiPOD,HILL,S-UNIWARD,WOW,,"HUGO,MiPOD,HILL",3,0,1.0,0.9626293046480537,0.03737069535194626,0.7935401731699505,0.4,2,0.8958687824680404,0.8,4,0.9149309542567142,0.6,3,1.0,1.0,5,0.9626293046480537,0.8,4
COVER__test__7688.pgm,7688.pgm,COVER,0,MULTI_CANDIDATE,S-UNIWARD,HILL,S-UNIWARD,HILL,HUGO,MiPOD,WOW,,"S-UNIWARD,HILL,HUGO,MiPOD,WOW",5,0,1.0,1.0,0.0,0.9917891008189015,0.8,4,1.0,1.0,5,1.0,1.0,5,1.0,1.0,5,1.0,1.0,5
COVER__test__7689.pgm,7689.pgm,COVER,0,MULTI_CANDIDATE,S-UNIWARD,HILL,S-UNIWARD,HILL,HUGO,MiPOD,WOW,,"S-UNIWARD,HILL,HUGO,MiPOD,WOW",5,0,1.0,1.0,0.0,0.9637309354339839,0.8,4,1.0,1.0,5,1.0,1.0,5,1.0,1.0,5,1.0,1.0,5
COVER__test__769.pgm,769.pgm,COVER,0,UNKNOWN_OR_COVER,UNKNOWN,,MiPOD,HUGO,S-UNIWARD,HILL,WOW,,,0,0,0.8327372717844718,0.830103543485626,0.0026337282988457833,0.5018469633828122,0.2,1,0.820736684890812,0.4,2,0.7558044119557499,0.4,2,0.830103543485626,0.6,3,0.8327372717844718,0.4,2
COVER__test__7693.pgm,7693.pgm,COVER,0,UNKNOWN_OR_COVER,UNKNOWN,,MiPOD,S-UNIWARD,HUGO,HILL,WOW,,,0,0,0.8848174094751575,0.853826129679242,0.03099127979591554,0.6002938723901234,0.2,1,0.853826129679242,0.6,3,0.7942778484201388,0.6,3,0.8513299725712088,0.8,4,0.8848174094751575,0.6,3
COVER__test__7702.pgm,7702.pgm,COVER,0,UNKNOWN_OR_COVER,UNKNOWN,,HUGO,MiPOD,S-UNIWARD,HILL,WOW,,,0,0,0.8152329089150114,0.7649780368853568,0.05025487202965462,0.4190669710472104,0.2,1,0.759537041584719,0.2,1,0.679793203359468,0.6,3,0.8152329089150114,0.4,2,0.7649780368853568,0.6,3
COVER__test__7703.pgm,7703.pgm,COVER,0,SINGLE_CANDIDATE,S-UNIWARD,,S-UNIWARD,HILL,MiPOD,HUGO,WOW,,S-UNIWARD,1,0,0.999901162974026,0.8751680403276854,0.12473312264634062,0.7011810993697873,0.6,3,0.999901162974026,0.8,4,0.8751680403276854,0.8,4,0.831707651707873,0.8,4,0.8657369147560482,0.8,4
COVER__test__7704.pgm,7704.pgm,COVER,0,UNKNOWN_OR_COVER,UNKNOWN,,HUGO,S-UNIWARD,MiPOD,HILL,WOW,,,0,0,0.8320327503882435,0.7858255224763928,0.04620722791185072,0.4263328549331482,0.2,1,0.7858255224763928,0.2,1,0.686773924391352,0.6,3,0.8320327503882435,0.8,4,0.7770733427886489,0.6,3
COVER__test__7707.pgm,7707.pgm,COVER,0,UNKNOWN_OR_COVER,UNKNOWN,,HUGO,MiPOD,S-UNIWARD,HILL,WOW,,,0,0,0.8131258921021954,0.7629131538394214,0.05021273826277406,0.41592042690842046,0.2,1,0.7602042643911363,0.2,1,0.676991840163504,0.4,2,0.8131258921021954,0.2,1,0.7629131538394214,0.4,2
COVER__test__7712.pgm,7712.pgm,COVER,0,UNKNOWN_OR_COVER,UNKNOWN,,HUGO,S-UNIWARD,MiPOD,HILL,WOW,,,0,0,0.8267777573005335,0.7712645614412457,0.05551319585928782,0.4206435658313559,0.2,1,0.7712645614412457,0.2,1,0.6814239432932003,0.2,1,0.8267777573005335,0.2,1,0.7655535897139732,0.2,1
COVER__test__7713.pgm,7713.pgm,COVER,0,UNKNOWN_OR_COVER,UNKNOWN,,HUGO,MiPOD,S-UNIWARD,HILL,WOW,,,0,0,0.807301102888346,0.756777443074038,0.05052365981430795,0.41377672391845166,0.2,1,0.7540401841473645,0.2,1,0.6719117161287331,0.2,1,0.807301102888346,0.0,0,0.756777443074038,0.2,1
COVER__test__7729.pgm,7729.pgm,COVER,0,UNKNOWN_OR_COVER,UNKNOWN,,HUGO,S-UNIWARD,MiPOD,HILL,WOW,,,0,0,0.8259429209917645,0.7805245951144657,0.04541832587729877,0.43314730792499034,0.2,1,0.7805245951144657,0.4,2,0.6836168015076942,0.4,2,0.8259429209917645,0.6,3,0.7746821739909603,0.4,2
COVER__test__7733.pgm,7733.pgm,COVER,0,MULTI_CANDIDATE,WOW,S-UNIWARD,WOW,S-UNIWARD,MiPOD,HILL,HUGO,,"WOW,S-UNIWARD,MiPOD,HILL",4,0,1.0,1.0,0.0,1.0,1.0,5,1.0,1.0,5,0.9917678645145745,0.8,4,0.7184693668690898,0.6,3,0.9918102937437858,0.8,4
COVER__test__7734.pgm,7734.pgm,COVER,0,UNKNOWN_OR_COVER,UNKNOWN,,HUGO,MiPOD,S-UNIWARD,HILL,WOW,,,0,0,0.8076669609145594,0.7573412240669025,0.05032573684765684,0.413795960045295,0.2,1,0.7544958527942092,0.2,1,0.672699420132284,0.2,1,0.8076669609145594,0.0,0,0.7573412240669025,0.2,1
COVER__test__7736.pgm,7736.pgm,COVER,0,UNKNOWN_OR_COVER,UNKNOWN,,HUGO,MiPOD,S-UNIWARD,HILL,WOW,,,0,0,0.8105155991549129,0.7595151490859415,0.05100045006897136,0.4145105375208056,0.2,1,0.7582697817291812,0.2,1,0.6745594158583524,0.4,2,0.8105155991549129,0.2,1,0.7595151490859415,0.4,2
COVER__test__7740.pgm,7740.pgm,COVER,0,MULTI_CANDIDATE,MiPOD,S-UNIWARD,MiPOD,S-UNIWARD,HILL,HUGO,WOW,,"MiPOD,S-UNIWARD",2,0,0.9574476481220643,0.9026019088305262,0.05484573929153813,0.686477568945374,0.6,3,0.9026019088305262,0.6,3,0.8457769218809776,0.6,3,0.8342261802186031,0.8,4,0.9574476481220643,0.8,4
COVER__test__7752.pgm,7752.pgm,COVER,0,UNKNOWN_OR_COVER,UNKNOWN,,HUGO,S-UNIWARD,MiPOD,HILL,WOW,,,0,0,0.8277524111917712,0.7953503861865359,0.03240202500523537,0.42570187087454325,0.2,1,0.7953503861865359,0.2,1,0.6849138235847443,0.4,2,0.8277524111917712,0.6,3,0.7699100954743983,0.4,2
COVER__test__7756.pgm,7756.pgm,COVER,0,UNKNOWN_OR_COVER,UNKNOWN,,HUGO,S-UNIWARD,MiPOD,HILL,WOW,,,0,0,0.831973404005792,0.8286672470714294,0.0033061569343626473,0.4716159847957494,0.2,1,0.8286672470714294,0.4,2,0.7314102852228908,0.4,2,0.831973404005792,0.6,3,0.81512778286847,0.4,2
COVER__test__7764.pgm,7764.pgm,COVER,0,UNKNOWN_OR_COVER,UNKNOWN,,HUGO,MiPOD,S-UNIWARD,HILL,WOW,,,0,0,0.8098655014444949,0.7589601155285953,0.05090538591589955,0.414116272333899,0.2,1,0.7588601749311075,0.2,1,0.6735699969490687,0.4,2,0.8098655014444949,0.2,1,0.7589601155285953,0.4,2
COVER__test__7773.pgm,7773.pgm,COVER,0,UNKNOWN_OR_COVER,UNKNOWN,,HUGO,MiPOD,S-UNIWARD,HILL,WOW,,,0,0,0.8092030926319292,0.7590935513782493,0.050109541253679946,0.4141607195411649,0.2,1,0.7565056095286009,0.2,1,0.6737603624148792,0.2,1,0.8092030926319292,0.2,1,0.7590935513782493,0.2,1
COVER__test__7775.pgm,7775.pgm,COVER,0,UNKNOWN_OR_COVER,UNKNOWN,,HUGO,S-UNIWARD,MiPOD,HILL,WOW,,,0,0,0.8202731454774332,0.7663867277795264,0.05388641769790681,0.4170836479598393,0.2,1,0.7663867277795264,0.2,1,0.6771346384982323,0.4,2,0.8202731454774332,0.2,1,0.7627036234127405,0.4,2
COVER__test__7778.pgm,7778.pgm,COVER,0,UNKNOWN_OR_COVER,UNKNOWN,,HUGO,MiPOD,S-UNIWARD,HILL,WOW,,,0,0,0.806618648806076,0.7573521534757259,0.0492664953303501,0.4132504651158486,0.2,1,0.7548223043802345,0.2,1,0.6723985708887608,0.2,1,0.806618648806076,0.2,1,0.7573521534757259,0.2,1
COVER__test__7783.pgm,7783.pgm,COVER,0,UNKNOWN_OR_COVER,UNKNOWN,,HUGO,MiPOD,S-UNIWARD,HILL,WOW,,,0,0,0.8064356357758065,0.7559394208295588,0.050496214946247675,0.4132729524721227,0.2,1,0.7544339405869012,0.2,1,0.6709153220116579,0.2,1,0.8064356357758065,0.0,0,0.7559394208295588,0.0,0
COVER__test__7786.pgm,7786.pgm,COVER,0,UNKNOWN_OR_COVER,UNKNOWN,,HUGO,MiPOD,S-UNIWARD,HILL,WOW,,,0,0,0.8074564367668658,0.7569647886711031,0.05049164809576279,0.4136259936322017,0.2,1,0.7550337425094582,0.2,1,0.6715429286061584,0.2,1,0.8074564367668658,0.0,0,0.7569647886711031,0.2,1
COVER__test__7799.pgm,7799.pgm,COVER,0,UNKNOWN_OR_COVER,UNKNOWN,,HUGO,MiPOD,S-UNIWARD,HILL,WOW,,,0,0,0.8096223671725367,0.7581942167200403,0.05142815045249638,0.4141316462969476,0.0,0,0.7558457940404462,0.0,0,0.673435064812517,0.2,1,0.8096223671725367,0.0,0,0.7581942167200403,0.0,0
COVER__test__7802.pgm,7802.pgm,COVER,0,UNKNOWN_OR_COVER,UNKNOWN,,HUGO,MiPOD,S-UNIWARD,HILL,WOW,,,0,0,0.8113110705985846,0.759071689206547,0.052239381392037654,0.4146469196861281,0.2,1,0.7575960140334883,0.2,1,0.6735178013588435,0.2,1,0.8113110705985846,0.0,0,0.759071689206547,0.2,1
COVER__test__7806.pgm,7806.pgm,COVER,0,UNKNOWN_OR_COVER,UNKNOWN,,HUGO,S-UNIWARD,MiPOD,HILL,WOW,,,0,0,0.8108817550743435,0.7579410714682444,0.05294068360609905,0.413684093821462,0.0,0,0.7579410714682444,0.0,0,0.6725260682802362,0.0,0,0.8108817550743435,0.0,0,0.7577382961516619,0.0,0
COVER__test__7807.pgm,7807.pgm,COVER,0,UNKNOWN_OR_COVER,UNKNOWN,,HUGO,MiPOD,S-UNIWARD,HILL,WOW,,,0,0,0.8074772959142639,0.7570868908266278,0.05039040508763604,0.41349119510750443,0.2,1,0.7552883740597298,0.2,1,0.6718964634798144,0.2,1,0.8074772959142639,0.0,0,0.7570868908266278,0.0,0
COVER__test__7810.pgm,7810.pgm,COVER,0,UNKNOWN_OR_COVER,UNKNOWN,,HUGO,S-UNIWARD,MiPOD,HILL,WOW,,,0,0,0.8126706747703685,0.7596697849864922,0.05300088978387629,0.4145170135392403,0.2,1,0.7596697849864922,0.2,1,0.6725298373001881,0.2,1,0.8126706747703685,0.2,1,0.7587774867877721,0.2,1
COVER__test__7814.pgm,7814.pgm,COVER,0,UNKNOWN_OR_COVER,UNKNOWN,,HUGO,MiPOD,S-UNIWARD,HILL,WOW,,,0,0,0.8054951186750234,0.7547607550451574,0.05073436362986605,0.41262965215303754,0.2,1,0.7545175025559856,0.2,1,0.6692875788689869,0.2,1,0.8054951186750234,0.0,0,0.7547607550451574,0.2,1
COVER__test__782.pgm,782.pgm,COVER,0,MULTI_CANDIDATE,WOW,S-UNIWARD,WOW,S-UNIWARD,HILL,HUGO,MiPOD,,"WOW,S-UNIWARD,HILL,HUGO,MiPOD",5,0,1.0,1.0,0.0,1.0,1.0,5,1.0,1.0,5,1.0,1.0,5,1.0,1.0,5,0.9845100519581058,0.8,4
COVER__test__7821.pgm,7821.pgm,COVER,0,UNKNOWN_OR_COVER,UNKNOWN,,S-UNIWARD,HUGO,MiPOD,HILL,WOW,,,0,0,0.8876294619594827,0.8620916541122474,0.02553780784723525,0.66303109120174,0.4,2,0.8876294619594827,0.6,3,0.7170335376440626,0.6,3,0.8620916541122474,0.8,4,0.8017064706533837,0.6,3
COVER__test__784.pgm,784.pgm,COVER,0,MULTI_CANDIDATE,HUGO,MiPOD,HUGO,MiPOD,S-UNIWARD,HILL,WOW,,"HUGO,MiPOD,S-UNIWARD,HILL",4,0,1.0,1.0,0.0,0.8320407484925972,0.8,4,0.9898650947190125,0.8,4,0.9325259252815655,0.8,4,1.0,1.0,5,1.0,1.0,5
COVER__test__7844.pgm,7844.pgm,COVER,0,UNKNOWN_OR_COVER,UNKNOWN,,HUGO,MiPOD,S-UNIWARD,HILL,WOW,,,0,0,0.8093924929856374,0.7587439967156875,0.05064849626994994,0.4142925787507193,0.2,1,0.7568713935609477,0.2,1,0.6726226888562763,0.2,1,0.8093924929856374,0.2,1,0.7587439967156875,0.0,0
COVER__test__7849.pgm,7849.pgm,COVER,0,UNKNOWN_OR_COVER,UNKNOWN,,HUGO,MiPOD,S-UNIWARD,HILL,WOW,,,0,0,0.8210443972640731,0.7648872584578557,0.05615713880621742,0.4186667806808207,0.2,1,0.7614503380295015,0.2,1,0.6802422369668719,0.4,2,0.8210443972640731,0.4,2,0.7648872584578557,0.4,2
COVER__test__785.pgm,785.pgm,COVER,0,MULTI_CANDIDATE,HUGO,MiPOD,HUGO,MiPOD,S-UNIWARD,HILL,WOW,,"HUGO,MiPOD,S-UNIWARD,HILL",4,0,1.0,1.0,0.0,0.7928317020958694,0.6,3,0.9485439746218379,0.8,4,0.9195007260694347,0.8,4,1.0,1.0,5,1.0,1.0,5
COVER__test__7850.pgm,7850.pgm,COVER,0,UNKNOWN_OR_COVER,UNKNOWN,,HUGO,MiPOD,S-UNIWARD,HILL,WOW,,,0,0,0.8118392357915368,0.7608760041205537,0.050963231670983156,0.414701382007847,0.0,0,0.75854812150464,0.0,0,0.6757786598731872,0.2,1,0.8118392357915368,0.2,1,0.7608760041205537,0.2,1
COVER__test__7853.pgm,7853.pgm,COVER,0,UNKNOWN_OR_COVER,UNKNOWN,,HUGO,S-UNIWARD,MiPOD,HILL,WOW,,,0,0,0.8222665213732487,0.7717445726892255,0.050521948684023266,0.4193845984825523,0.2,1,0.7717445726892255,0.2,1,0.6789006358342242,0.2,1,0.8222665213732487,0.4,2,0.7678165342405812,0.2,1
COVER__test__7855.pgm,7855.pgm,COVER,0,UNKNOWN_OR_COVER,UNKNOWN,,HUGO,MiPOD,S-UNIWARD,HILL,WOW,,,0,0,0.8151930057061186,0.7631487424622396,0.05204426324387901,0.4162300887995551,0.2,1,0.7601449519338137,0.2,1,0.6769950588928454,0.2,1,0.8151930057061186,0.4,2,0.7631487424622396,0.2,1
COVER__test__7856.pgm,7856.pgm,COVER,0,UNKNOWN_OR_COVER,UNKNOWN,,HUGO,MiPOD,S-UNIWARD,HILL,WOW,,,0,0,0.8095543929276028,0.7577276660408219,0.051826726886780916,0.4143520002546854,0.2,1,0.7556572359711973,0.2,1,0.673169233566416,0.2,1,0.8095543929276028,0.0,0,0.7577276660408219,0.2,1
COVER__test__7859.pgm,7859.pgm,COVER,0,UNKNOWN_OR_COVER,UNKNOWN,,HUGO,MiPOD,S-UNIWARD,HILL,WOW,,,0,0,0.8006970164806051,0.7512920195097152,0.04940499697088985,0.4113061403979404,0.0,0,0.7511152559132253,0.2,1,0.6670501431312184,0.2,1,0.8006970164806051,0.0,0,0.7512920195097152,0.0,0
COVER__test__7869.pgm,7869.pgm,COVER,0,UNKNOWN_OR_COVER,UNKNOWN,,HUGO,MiPOD,S-UNIWARD,HILL,WOW,,,0,0,0.8057800297329158,0.7552031736399178,0.050576856092998,0.41238393836226006,0.0,0,0.7538784270413884,0.0,0,0.670997614483037,0.0,0,0.8057800297329158,0.0,0,0.7552031736399178,0.0,0
COVER__test__7885.pgm,7885.pgm,COVER,0,UNKNOWN_OR_COVER,UNKNOWN,,HUGO,MiPOD,S-UNIWARD,HILL,WOW,,,0,0,0.8069111885321248,0.756658516436217,0.05025267209590789,0.4129928105075738,0.0,0,0.7540468269543125,0.0,0,0.6725044204368926,0.0,0,0.8069111885321248,0.0,0,0.756658516436217,0.0,0
COVER__test__7890.pgm,7890.pgm,COVER,0,UNKNOWN_OR_COVER,UNKNOWN,,HUGO,MiPOD,S-UNIWARD,HILL,WOW,,,0,0,0.8070267189923985,0.7562699448313174,0.05075677416108115,0.4132895365692374,0.2,1,0.7551790929079562,0.2,1,0.6709224400835364,0.2,1,0.8070267189923985,0.0,0,0.7562699448313174,0.2,1
COVER__test__790.pgm,790.pgm,COVER,0,MULTI_CANDIDATE,HILL,MiPOD,HILL,MiPOD,S-UNIWARD,HUGO,WOW,,"HILL,MiPOD,S-UNIWARD",3,0,1.0,1.0,0.0,0.8306710030580955,0.8,4,0.918219144210744,0.8,4,1.0,1.0,5,0.8318060422624102,0.8,4,1.0,1.0,5
COVER__test__7904.pgm,7904.pgm,COVER,0,UNKNOWN_OR_COVER,UNKNOWN,,HUGO,S-UNIWARD,MiPOD,HILL,WOW,,,0,0,0.8168989262419138,0.7674722261376838,0.049426700104230004,0.41661521018282627,0.2,1,0.7674722261376838,0.2,1,0.6756131791155056,0.4,2,0.8168989262419138,0.4,2,0.7629491102847374,0.4,2
COVER__test__791.pgm,791.pgm,COVER,0,UNKNOWN_OR_COVER,UNKNOWN,,HUGO,MiPOD,S-UNIWARD,HILL,WOW,,,0,0,0.8756193863329094,0.7650844557814701,0.11053493055143926,0.4171738609804766,0.2,1,0.7590941842812334,0.2,1,0.6799941958668764,0.4,2,0.8756193863329094,0.4,2,0.7650844557814701,0.6,3
COVER__test__7912.pgm,7912.pgm,COVER,0,UNKNOWN_OR_COVER,UNKNOWN,,HUGO,MiPOD,S-UNIWARD,HILL,WOW,,,0,0,0.8057072647757637,0.7547249897793507,0.05098227499641306,0.4128959773932227,0.0,0,0.7541336911204086,0.2,1,0.6701708803186471,0.2,1,0.8057072647757637,0.0,0,0.7547249897793507,0.0,0
COVER__test__792.pgm,792.pgm,COVER,0,UNKNOWN_OR_COVER,UNKNOWN,,HUGO,MiPOD,S-UNIWARD,HILL,WOW,,,0,0,0.8181955645207811,0.7667203684377222,0.05147519608305895,0.41809307112491495,0.2,1,0.7648808145518771,0.2,1,0.6798560981774588,0.4,2,0.8181955645207811,0.4,2,0.7667203684377222,0.4,2
COVER__test__7921.pgm,7921.pgm,COVER,0,UNKNOWN_OR_COVER,UNKNOWN,,HUGO,MiPOD,S-UNIWARD,HILL,WOW,,,0,0,0.8090782083267907,0.7587018360900549,0.050376372236735745,0.4143771124777558,0.2,1,0.7551733131591767,0.2,1,0.6734837952847454,0.2,1,0.8090782083267907,0.0,0,0.7587018360900549,0.2,1
COVER__test__7928.pgm,7928.pgm,COVER,0,MULTI_CANDIDATE,WOW,S-UNIWARD,WOW,S-UNIWARD,HILL,HUGO,MiPOD,,"WOW,S-UNIWARD,HILL,HUGO,MiPOD",5,0,1.0,1.0,0.0,1.0,1.0,5,1.0,1.0,5,1.0,1.0,5,1.0,1.0,5,1.0,1.0,5
COVER__test__7929.pgm,7929.pgm,COVER,0,UNKNOWN_OR_COVER,UNKNOWN,,MiPOD,HUGO,S-UNIWARD,HILL,WOW,,,0,0,0.8392526858311372,0.8269977793491531,0.012254906481984129,0.5873265841871986,0.2,1,0.8109327934424279,0.6,3,0.7451240278304941,0.6,3,0.8269977793491531,0.6,3,0.8392526858311372,0.8,4
COVER__test__7933.pgm,7933.pgm,COVER,0,UNKNOWN_OR_COVER,UNKNOWN,,HUGO,MiPOD,S-UNIWARD,HILL,WOW,,,0,0,0.8101952810497585,0.7585794821300187,0.051615798919739775,0.4141948782319167,0.2,1,0.7570681577053475,0.2,1,0.673244687983906,0.2,1,0.8101952810497585,0.2,1,0.7585794821300187,0.2,1
COVER__test__7936.pgm,7936.pgm,COVER,0,MULTI_CANDIDATE,WOW,S-UNIWARD,WOW,S-UNIWARD,HILL,HUGO,MiPOD,,"WOW,S-UNIWARD,HILL,HUGO,MiPOD",5,0,1.0,1.0,0.0,1.0,1.0,5,1.0,1.0,5,1.0,1.0,5,1.0,1.0,5,1.0,1.0,5
COVER__test__7939.pgm,7939.pgm,COVER,0,UNKNOWN_OR_COVER,UNKNOWN,,S-UNIWARD,HUGO,MiPOD,HILL,WOW,,,0,0,0.8373599169631778,0.8062957380748191,0.031064178888358662,0.5206523331373666,0.4,2,0.8373599169631778,0.4,2,0.6771880720204774,0.6,3,0.8062957380748191,0.4,2,0.7592184731156888,0.6,3
COVER__test__7950.pgm,7950.pgm,COVER,0,SINGLE_CANDIDATE,HUGO,,HUGO,S-UNIWARD,MiPOD,HILL,WOW,,HUGO,1,0,0.9519685963932123,0.841138909531957,0.11082968686125527,0.6801393088042493,0.4,2,0.841138909531957,0.4,2,0.69616286253557,0.6,3,0.9519685963932123,0.4,2,0.7796402739192801,0.6,3
COVER__test__7961.pgm,7961.pgm,COVER,0,MULTI_CANDIDATE,HILL,MiPOD,HILL,MiPOD,HUGO,S-UNIWARD,WOW,,"HILL,MiPOD,HUGO",3,0,0.9913645971002152,0.9668725596188331,0.024492037481382067,0.7204825757751505,0.6,3,0.8344622124052059,0.8,4,0.9913645971002152,0.6,3,0.9452119426874457,0.6,3,0.9668725596188331,0.6,3
COVER__test__7969.pgm,7969.pgm,COVER,0,UNKNOWN_OR_COVER,UNKNOWN,,HUGO,MiPOD,S-UNIWARD,HILL,WOW,,,0,0,0.8109110947497868,0.7610949670225217,0.04981612772726518,0.4148996286741295,0.2,1,0.7574370428658977,0.2,1,0.6754378523432407,0.2,1,0.8109110947497868,0.2,1,0.7610949670225217,0.2,1
COVER__test__7973.pgm,7973.pgm,COVER,0,UNKNOWN_OR_COVER,UNKNOWN,,HUGO,MiPOD,S-UNIWARD,HILL,WOW,,,0,0,0.8107790425713122,0.7608780302912742,0.04990101228003796,0.4149482407707585,0.2,1,0.7585109352178849,0.2,1,0.675469816992797,0.4,2,0.8107790425713122,0.2,1,0.7608780302912742,0.4,2
COVER__test__7976.pgm,7976.pgm,COVER,0,UNKNOWN_OR_COVER,UNKNOWN,,HUGO,MiPOD,S-UNIWARD,HILL,WOW,,,0,0,0.813910510871764,0.7621960292146795,0.05171448165708448,0.4152799961400982,0.0,0,0.7605798004618538,0.0,0,0.6763287260105211,0.0,0,0.813910510871764,0.4,2,0.7621960292146795,0.2,1
COVER__test__7977.pgm,7977.pgm,COVER,0,UNKNOWN_OR_COVER,UNKNOWN,,HUGO,MiPOD,S-UNIWARD,HILL,WOW,,,0,0,0.811941763418196,0.7596610756589841,0.05228068775921191,0.4149821615596448,0.0,0,0.7581331915148445,0.0,0,0.6737126526808991,0.0,0,0.811941763418196,0.2,1,0.7596610756589841,0.0,0
COVER__test__7981.pgm,7981.pgm,COVER,0,UNKNOWN_OR_COVER,UNKNOWN,,HUGO,MiPOD,S-UNIWARD,HILL,WOW,,,0,0,0.8066878804934232,0.7564979943749097,0.050189886118513494,0.41355303865012105,0.2,1,0.7537808456277487,0.2,1,0.6715530236630849,0.2,1,0.8066878804934232,0.0,0,0.7564979943749097,0.2,1
COVER__test__7992.pgm,7992.pgm,COVER,0,UNKNOWN_OR_COVER,UNKNOWN,,HUGO,MiPOD,S-UNIWARD,HILL,WOW,,,0,0,0.8119889398221508,0.7608673366063984,0.05112160321575243,0.4149445567303213,0.2,1,0.7591681644580367,0.2,1,0.6750726655972443,0.2,1,0.8119889398221508,0.2,1,0.7608673366063984,0.4,2
COVER__test__7999.pgm,7999.pgm,COVER,0,UNKNOWN_OR_COVER,UNKNOWN,,HUGO,S-UNIWARD,MiPOD,HILL,WOW,,,0,0,0.8234296706098029,0.7716579987888652,0.05177167182093767,0.41817570341495774,0.2,1,0.7716579987888652,0.2,1,0.6752607176095969,0.2,1,0.8234296706098029,0.2,1,0.7631116107888938,0.2,1
COVER__test__8003.pgm,8003.pgm,COVER,0,UNKNOWN_OR_COVER,UNKNOWN,,HUGO,MiPOD,S-UNIWARD,HILL,WOW,,,0,0,0.8081573099616151,0.7581583235921995,0.04999898636941558,0.4136509849426985,0.2,1,0.7562915160115266,0.2,1,0.673021197702987,0.2,1,0.8081573099616151,0.2,1,0.7581583235921995,0.2,1
COVER__test__8006.pgm,8006.pgm,COVER,0,UNKNOWN_OR_COVER,UNKNOWN,,HUGO,MiPOD,S-UNIWARD,HILL,WOW,,,0,0,0.8044199047360415,0.7545883782378918,0.0498315264981497,0.41198595453734077,0.0,0,0.7525809165209624,0.0,0,0.6704548578389774,0.0,0,0.8044199047360415,0.0,0,0.7545883782378918,0.0,0
COVER__test__8010.pgm,8010.pgm,COVER,0,UNKNOWN_OR_COVER,UNKNOWN,,HUGO,MiPOD,S-UNIWARD,HILL,WOW,,,0,0,0.8065989275839002,0.7581522378197988,0.04844668976410138,0.41342778482935383,0.2,1,0.7558003409709114,0.2,1,0.6732014429737767,0.4,2,0.8065989275839002,0.2,1,0.7581522378197988,0.4,2
COVER__test__8018.pgm,8018.pgm,COVER,0,UNKNOWN_OR_COVER,UNKNOWN,,HUGO,MiPOD,S-UNIWARD,HILL,WOW,,,0,0,0.8122483557495984,0.7617570859441436,0.05049126980545482,0.41540781270336213,0.2,1,0.7589535634360638,0.2,1,0.6762439870907484,0.4,2,0.8122483557495984,0.2,1,0.7617570859441436,0.4,2
COVER__test__802.pgm,802.pgm,COVER,0,UNKNOWN_OR_COVER,UNKNOWN,,S-UNIWARD,MiPOD,HUGO,HILL,WOW,,,0,0,0.8314344600094585,0.8298831464199828,0.001551313589475689,0.5535008247761234,0.2,1,0.8314344600094585,0.4,2,0.7012579969612837,0.4,2,0.8095270768245497,0.6,3,0.8298831464199828,0.6,3
COVER__test__8028.pgm,8028.pgm,COVER,0,UNKNOWN_OR_COVER,UNKNOWN,,HUGO,S-UNIWARD,MiPOD,HILL,WOW,,,0,0,0.8191499142623033,0.7646461380131442,0.05450377624915914,0.4147147337870726,0.0,0,0.7646461380131442,0.0,0,0.6738503138932722,0.0,0,0.8191499142623033,0.2,1,0.7587571196899316,0.0,0
COVER__test__8030.pgm,8030.pgm,COVER,0,UNKNOWN_OR_COVER,UNKNOWN,,HUGO,S-UNIWARD,MiPOD,HILL,WOW,,,0,0,0.8245990821494449,0.7848980342151647,0.0397010479342802,0.42233837126406143,0.2,1,0.7848980342151647,0.2,1,0.6815084062068049,0.4,2,0.8245990821494449,0.4,2,0.7662301057258352,0.4,2
COVER__test__8042.pgm,8042.pgm,COVER,0,UNKNOWN_OR_COVER,UNKNOWN,,HUGO,S-UNIWARD,MiPOD,HILL,WOW,,,0,0,0.8366722348207116,0.8257394555484898,0.010932779272221804,0.4477265100535015,0.2,1,0.8257394555484898,0.4,2,0.7074635862380656,0.2,1,0.8366722348207116,0.6,3,0.792935969452414,0.4,2
COVER__test__8057.pgm,8057.pgm,COVER,0,UNKNOWN_OR_COVER,UNKNOWN,,HUGO,S-UNIWARD,MiPOD,HILL,WOW,,,0,0,0.8250118247101164,0.7747607262357488,0.050251098474367595,0.418828947827361,0.2,1,0.7747607262357488,0.2,1,0.6777067965547453,0.4,2,0.8250118247101164,0.6,3,0.7643822182123401,0.4,2
COVER__test__8060.pgm,8060.pgm,COVER,0,UNKNOWN_OR_COVER,UNKNOWN,,HUGO,MiPOD,S-UNIWARD,HILL,WOW,,,0,0,0.8193693570065042,0.7614668564691043,0.05790250053739987,0.41699386138015304,0.2,1,0.7612358176857212,0.2,1,0.6759622234240908,0.2,1,0.8193693570065042,0.0,0,0.7614668564691043,0.2,1
COVER__test__8096.pgm,8096.pgm,COVER,0,UNKNOWN_OR_COVER,UNKNOWN,,HUGO,MiPOD,S-UNIWARD,HILL,WOW,,,0,0,0.8037006815792058,0.7539610654267752,0.04973961615243061,0.41196578289468366,0.2,1,0.7538112115218197,0.2,1,0.6687761898423321,0.2,1,0.8037006815792058,0.0,0,0.7539610654267752,0.2,1
COVER__test__8102.pgm,8102.pgm,COVER,0,UNKNOWN_OR_COVER,UNKNOWN,,HUGO,MiPOD,S-UNIWARD,HILL,WOW,,,0,0,0.8107764765758969,0.7586082287239172,0.05216824785197971,0.4145093912524046,0.2,1,0.7575730840736983,0.2,1,0.6728759582494144,0.2,1,0.8107764765758969,0.0,0,0.7586082287239172,0.0,0
COVER__test__8108.pgm,8108.pgm,COVER,0,UNKNOWN_OR_COVER,UNKNOWN,,HUGO,MiPOD,S-UNIWARD,HILL,WOW,,,0,0,0.8052494673622224,0.7557289232257846,0.049520544136437805,0.413037689438832,0.2,1,0.7530984059028691,0.2,1,0.6711184699087125,0.2,1,0.8052494673622224,0.0,0,0.7557289232257846,0.2,1
COVER__test__8112.pgm,8112.pgm,COVER,0,UNKNOWN_OR_COVER,UNKNOWN,,HUGO,MiPOD,S-UNIWARD,HILL,WOW,,,0,0,0.8058000608257476,0.7558554245053546,0.04994463632039303,0.4129743833944709,0.2,1,0.7538631681960182,0.2,1,0.6712679522030557,0.2,1,0.8058000608257476,0.0,0,0.7558554245053546,0.2,1
COVER__test__8122.pgm,8122.pgm,COVER,0,UNKNOWN_OR_COVER,UNKNOWN,,HUGO,MiPOD,S-UNIWARD,HILL,WOW,,,0,0,0.8106305005735678,0.7583311283102978,0.05229937226326997,0.4153328499838512,0.2,1,0.7566428412269799,0.2,1,0.6718882669085373,0.2,1,0.8106305005735678,0.2,1,0.7583311283102978,0.2,1
COVER__test__8127.pgm,8127.pgm,COVER,0,MULTI_CANDIDATE,HILL,MiPOD,HILL,MiPOD,S-UNIWARD,WOW,HUGO,,"HILL,MiPOD,S-UNIWARD",3,0,1.0,1.0,0.0,0.8727810529617516,0.8,4,0.90933859551794,0.8,4,1.0,1.0,5,0.8435085636243574,0.8,4,1.0,1.0,5
COVER__test__8138.pgm,8138.pgm,COVER,0,UNKNOWN_OR_COVER,UNKNOWN,,HUGO,MiPOD,S-UNIWARD,HILL,WOW,,,0,0,0.8123104329624011,0.7593269704132204,0.05298346254918074,0.41485004844394613,0.2,1,0.758362627165929,0.2,1,0.6739904451031975,0.2,1,0.8123104329624011,0.0,0,0.7593269704132204,0.2,1
COVER__test__814.pgm,814.pgm,COVER,0,MULTI_CANDIDATE,WOW,S-UNIWARD,WOW,S-UNIWARD,HILL,MiPOD,HUGO,,"WOW,S-UNIWARD,HILL,MiPOD,HUGO",5,0,1.0,1.0,0.0,1.0,1.0,5,1.0,1.0,5,1.0,1.0,5,0.9512648330928066,0.8,4,1.0,1.0,5
COVER__test__8143.pgm,8143.pgm,COVER,0,UNKNOWN_OR_COVER,UNKNOWN,,HUGO,MiPOD,S-UNIWARD,HILL,WOW,,,0,0,0.8114463726154388,0.7596858283777673,0.05176054423767151,0.4145931291709443,0.2,1,0.7584515436118164,0.2,1,0.6736379262433053,0.2,1,0.8114463726154388,0.2,1,0.7596858283777673,0.2,1
COVER__test__8145.pgm,8145.pgm,COVER,0,MULTI_CANDIDATE,WOW,S-UNIWARD,WOW,S-UNIWARD,HILL,HUGO,MiPOD,,"WOW,S-UNIWARD,HILL,HUGO,MiPOD",5,0,1.0,1.0,0.0,1.0,1.0,5,1.0,1.0,5,1.0,1.0,5,1.0,1.0,5,1.0,1.0,5
COVER__test__8156.pgm,8156.pgm,COVER,0,UNKNOWN_OR_COVER,UNKNOWN,,HUGO,MiPOD,S-UNIWARD,HILL,WOW,,,0,0,0.8065256953875677,0.7579023393773638,0.048623356010203844,0.4136447560184383,0.2,1,0.7565377700012494,0.2,1,0.6735345524877407,0.4,2,0.8065256953875677,0.2,1,0.7579023393773638,0.4,2
COVER__test__8159.pgm,8159.pgm,COVER,0,UNKNOWN_OR_COVER,UNKNOWN,,HUGO,MiPOD,S-UNIWARD,HILL,WOW,,,0,0,0.8094662014788735,0.759824021086475,0.04964218039239854,0.4143549547159614,0.2,1,0.7570863321776551,0.2,1,0.6746438436920792,0.4,2,0.8094662014788735,0.2,1,0.759824021086475,0.4,2
COVER__test__816.pgm,816.pgm,COVER,0,MULTI_CANDIDATE,S-UNIWARD,HILL,S-UNIWARD,HILL,MiPOD,HUGO,WOW,,"S-UNIWARD,HILL,MiPOD,HUGO,WOW",5,0,1.0,1.0,0.0,0.9079022858058317,0.8,4,1.0,1.0,5,1.0,1.0,5,0.9551334379940368,0.8,4,1.0,1.0,5
COVER__test__8164.pgm,8164.pgm,COVER,0,UNKNOWN_OR_COVER,UNKNOWN,,HUGO,S-UNIWARD,MiPOD,HILL,WOW,,,0,0,0.8263137010800911,0.76994386192546,0.05636983915463101,0.42228970498751606,0.2,1,0.76994386192546,0.2,1,0.6823024950498803,0.6,3,0.8263137010800911,0.4,2,0.7676411710472701,0.6,3
COVER__test__8169.pgm,8169.pgm,COVER,0,MULTI_CANDIDATE,MiPOD,HILL,MiPOD,HILL,S-UNIWARD,HUGO,WOW,,"MiPOD,HILL",2,0,0.9996378842917487,0.9799162393983917,0.019721644893357038,0.8280949135479719,0.6,3,0.8847676112792093,0.8,4,0.9799162393983917,0.8,4,0.8313766796557562,0.8,4,0.9996378842917487,0.8,4
COVER__test__8173.pgm,8173.pgm,COVER,0,MULTI_CANDIDATE,WOW,S-UNIWARD,WOW,S-UNIWARD,HILL,HUGO,MiPOD,,"WOW,S-UNIWARD,HILL,HUGO,MiPOD",5,0,1.0,1.0,0.0,1.0,1.0,5,1.0,1.0,5,1.0,1.0,5,1.0,1.0,5,1.0,1.0,5
COVER__test__8174.pgm,8174.pgm,COVER,0,MULTI_CANDIDATE,S-UNIWARD,HILL,S-UNIWARD,HILL,HUGO,MiPOD,WOW,,"S-UNIWARD,HILL,HUGO,MiPOD,WOW",5,0,1.0,1.0,0.0,0.9869714850770723,0.8,4,1.0,1.0,5,1.0,1.0,5,1.0,1.0,5,1.0,1.0,5
COVER__test__8188.pgm,8188.pgm,COVER,0,MULTI_CANDIDATE,WOW,S-UNIWARD,WOW,S-UNIWARD,HILL,HUGO,MiPOD,,"WOW,S-UNIWARD,HILL,HUGO,MiPOD",5,0,1.0,1.0,0.0,1.0,1.0,5,1.0,1.0,5,1.0,1.0,5,1.0,1.0,5,1.0,1.0,5
COVER__test__8193.pgm,8193.pgm,COVER,0,UNKNOWN_OR_COVER,UNKNOWN,,HUGO,MiPOD,S-UNIWARD,HILL,WOW,,,0,0,0.8163185974259564,0.7649920368183436,0.05132656060761276,0.41868000764724994,0.2,1,0.7599819453703966,0.2,1,0.6802385755831322,0.6,3,0.8163185974259564,0.4,2,0.7649920368183436,0.6,3
COVER__test__8198.pgm,8198.pgm,COVER,0,SINGLE_CANDIDATE,MiPOD,,MiPOD,HILL,S-UNIWARD,HUGO,WOW,,MiPOD,1,0,0.9163130348730807,0.8232269056641192,0.09308612920896153,0.5736773649874902,0.2,1,0.8230854143017968,0.4,2,0.8232269056641192,0.4,2,0.8196272854673051,0.6,3,0.9163130348730807,0.4,2
COVER__test__8201.pgm,8201.pgm,COVER,0,UNKNOWN_OR_COVER,UNKNOWN,,HUGO,MiPOD,S-UNIWARD,HILL,WOW,,,0,0,0.8110126589985777,0.7602307654080085,0.05078189359056917,0.4148628096449139,0.2,1,0.7596463392253818,0.2,1,0.6749122261749821,0.4,2,0.8110126589985777,0.2,1,0.7602307654080085,0.4,2
COVER__test__8202.pgm,8202.pgm,COVER,0,UNKNOWN_OR_COVER,UNKNOWN,,HUGO,MiPOD,S-UNIWARD,HILL,WOW,,,0,0,0.8091411484151385,0.7590720274505942,0.0500691209645443,0.41441422573597314,0.2,1,0.7586797521898395,0.2,1,0.6743961229676111,0.4,2,0.8091411484151385,0.2,1,0.7590720274505942,0.2,1
COVER__test__8213.pgm,8213.pgm,COVER,0,UNKNOWN_OR_COVER,UNKNOWN,,HUGO,S-UNIWARD,MiPOD,HILL,WOW,,,0,0,0.81905222323835,0.7725813386170046,0.04647088462134541,0.44718624824256603,0.2,1,0.7725813386170046,0.2,1,0.6808347200734942,0.6,3,0.81905222323835,0.4,2,0.7660577816351763,0.6,3
COVER__test__8218.pgm,8218.pgm,COVER,0,MULTI_CANDIDATE,S-UNIWARD,HUGO,S-UNIWARD,HUGO,MiPOD,WOW,HILL,,"S-UNIWARD,HUGO,MiPOD,WOW,HILL",5,0,1.0,1.0,0.0,0.9984794041853586,0.8,4,1.0,1.0,5,0.9677956214377698,0.8,4,1.0,1.0,5,1.0,1.0,5
COVER__test__8226.pgm,8226.pgm,COVER,0,MULTI_CANDIDATE,WOW,S-UNIWARD,WOW,S-UNIWARD,HILL,HUGO,MiPOD,,"WOW,S-UNIWARD,HILL,HUGO,MiPOD",5,0,1.0,1.0,0.0,1.0,1.0,5,1.0,1.0,5,1.0,1.0,5,1.0,1.0,5,1.0,1.0,5
COVER__test__8227.pgm,8227.pgm,COVER,0,MULTI_CANDIDATE,S-UNIWARD,HUGO,S-UNIWARD,HUGO,MiPOD,HILL,WOW,,"S-UNIWARD,HUGO",2,0,1.0,1.0,0.0,0.6659811645904818,0.4,2,1.0,1.0,5,0.7568212858191135,0.6,3,1.0,1.0,5,0.8840651851083384,0.8,4
COVER__test__8235.pgm,8235.pgm,COVER,0,UNKNOWN_OR_COVER,UNKNOWN,,HUGO,MiPOD,S-UNIWARD,HILL,WOW,,,0,0,0.8072052999296041,0.7577078920032456,0.04949740792635848,0.4133622292861886,0.2,1,0.7555094155751847,0.2,1,0.6722566795047731,0.2,1,0.8072052999296041,0.2,1,0.7577078920032456,0.2,1
COVER__test__8236.pgm,8236.pgm,COVER,0,UNKNOWN_OR_COVER,UNKNOWN,,HUGO,S-UNIWARD,MiPOD,HILL,WOW,,,0,0,0.836847563149071,0.8242952564013224,0.012552306747748654,0.44540432352865916,0.2,1,0.8242952564013224,0.4,2,0.70428162411912,0.6,3,0.836847563149071,0.6,3,0.787088091325286,0.6,3
COVER__test__8249.pgm,8249.pgm,COVER,0,UNKNOWN_OR_COVER,UNKNOWN,,HUGO,MiPOD,S-UNIWARD,HILL,WOW,,,0,0,0.8070991081808939,0.7565059310366193,0.05059317714427458,0.41353699723148074,0.2,1,0.7546235299214972,0.2,1,0.671187536805076,0.2,1,0.8070991081808939,0.0,0,0.7565059310366193,0.2,1
COVER__test__8262.pgm,8262.pgm,COVER,0,MULTI_CANDIDATE,MiPOD,HILL,MiPOD,HILL,S-UNIWARD,HUGO,WOW,,"MiPOD,HILL",2,0,0.9979904745358598,0.9155663694119596,0.0824241051239002,0.6881989015735541,0.4,2,0.8369164064814651,0.8,4,0.9155663694119596,0.8,4,0.8315357395292626,0.8,4,0.9979904745358598,0.8,4
COVER__test__8275.pgm,8275.pgm,COVER,0,UNKNOWN_OR_COVER,UNKNOWN,,HUGO,MiPOD,S-UNIWARD,HILL,WOW,,,0,0,0.8046627929762774,0.7546324147153886,0.05003037826088885,0.41257693335633067,0.2,1,0.753627014423241,0.2,1,0.6693953867019455,0.2,1,0.8046627929762774,0.0,0,0.7546324147153886,0.2,1
COVER__test__828.pgm,828.pgm,COVER,0,MULTI_CANDIDATE,WOW,S-UNIWARD,WOW,S-UNIWARD,HILL,MiPOD,HUGO,,"WOW,S-UNIWARD,HILL,MiPOD",4,0,1.0,1.0,0.0,1.0,1.0,5,1.0,1.0,5,1.0,1.0,5,0.8342782387318438,0.8,4,0.9749674715801202,0.8,4
COVER__test__8284.pgm,8284.pgm,COVER,0,MULTI_CANDIDATE,MiPOD,S-UNIWARD,MiPOD,S-UNIWARD,HILL,HUGO,WOW,,"MiPOD,S-UNIWARD",2,0,1.0,0.9043983052065088,0.09560169479349123,0.7083878323310087,0.6,3,0.9043983052065088,0.6,3,0.8615480300679239,0.8,4,0.8375006973918738,0.8,4,1.0,1.0,5
COVER__test__8287.pgm,8287.pgm,COVER,0,UNKNOWN_OR_COVER,UNKNOWN,,HUGO,MiPOD,S-UNIWARD,HILL,WOW,,,0,0,0.814069524188499,0.763525269798819,0.05054425438968002,0.4163189124521269,0.0,0,0.762960630950148,0.2,1,0.6765841814657516,0.2,1,0.814069524188499,0.4,2,0.763525269798819,0.2,1
COVER__test__8288.pgm,8288.pgm,COVER,0,UNKNOWN_OR_COVER,UNKNOWN,,HUGO,MiPOD,S-UNIWARD,HILL,WOW,,,0,0,0.8121937791474044,0.7614366397153576,0.05075713943204685,0.4154356907101887,0.2,1,0.7601146675821449,0.2,1,0.6760231078845836,0.4,2,0.8121937791474044,0.2,1,0.7614366397153576,0.4,2
COVER__test__8301.pgm,8301.pgm,COVER,0,MULTI_CANDIDATE,WOW,S-UNIWARD,WOW,S-UNIWARD,HILL,HUGO,MiPOD,,"WOW,S-UNIWARD,HILL,HUGO,MiPOD",5,0,1.0,1.0,0.0,1.0,1.0,5,1.0,1.0,5,1.0,1.0,5,1.0,1.0,5,1.0,1.0,5
COVER__test__8303.pgm,8303.pgm,COVER,0,MULTI_CANDIDATE,WOW,S-UNIWARD,WOW,S-UNIWARD,HILL,HUGO,MiPOD,,"WOW,S-UNIWARD,HILL,HUGO,MiPOD",5,0,1.0,1.0,0.0,1.0,1.0,5,1.0,1.0,5,1.0,1.0,5,1.0,1.0,5,1.0,1.0,5
COVER__test__8322.pgm,8322.pgm,COVER,0,MULTI_CANDIDATE,WOW,S-UNIWARD,WOW,S-UNIWARD,HILL,MiPOD,HUGO,,"WOW,S-UNIWARD,HILL,MiPOD",4,0,1.0,1.0,0.0,1.0,1.0,5,1.0,1.0,5,1.0,1.0,5,0.8373562906314191,0.8,4,1.0,1.0,5
COVER__test__8332.pgm,8332.pgm,COVER,0,UNKNOWN_OR_COVER,UNKNOWN,,MiPOD,HUGO,S-UNIWARD,HILL,WOW,,,0,0,0.8413282332719685,0.8319588694103295,0.009369363861639002,0.6394258614467752,0.2,1,0.795458533786453,0.6,3,0.7636868246717997,0.6,3,0.8319588694103295,0.8,4,0.8413282332719685,0.8,4
COVER__test__8336.pgm,8336.pgm,COVER,0,SINGLE_CANDIDATE,S-UNIWARD,,S-UNIWARD,HILL,MiPOD,WOW,HUGO,,S-UNIWARD,1,0,0.9352011105220022,0.8413147436804669,0.09388636684153528,0.8352028217578219,0.6,3,0.9352011105220022,0.8,4,0.8413147436804669,0.8,4,0.8106819976873471,0.6,3,0.8361310973606763,0.8,4
COVER__test__8347.pgm,8347.pgm,COVER,0,UNKNOWN_OR_COVER,UNKNOWN,,HUGO,MiPOD,S-UNIWARD,HILL,WOW,,,0,0,0.8057817072504392,0.7553418475608424,0.050439859689596744,0.4130099991784452,0.2,1,0.7539493196297568,0.2,1,0.6703418639266849,0.2,1,0.8057817072504392,0.0,0,0.7553418475608424,0.2,1
COVER__test__8349.pgm,8349.pgm,COVER,0,UNKNOWN_OR_COVER,UNKNOWN,,HUGO,MiPOD,S-UNIWARD,HILL,WOW,,,0,0,0.8053168525777599,0.7556711291896663,0.04964572338809359,0.4126685580156549,0.2,1,0.7540660129023382,0.2,1,0.6706525770965983,0.2,1,0.8053168525777599,0.0,0,0.7556711291896663,0.2,1
COVER__test__836.pgm,836.pgm,COVER,0,MULTI_CANDIDATE,S-UNIWARD,WOW,S-UNIWARD,WOW,HILL,MiPOD,HUGO,,"S-UNIWARD,WOW,HILL,MiPOD,HUGO",5,0,1.0,0.9737834086523497,0.02621659134765031,0.9737834086523497,0.8,4,1.0,1.0,5,0.9686856195385459,0.8,4,0.9364758113503763,0.8,4,0.9475211026366533,0.8,4
COVER__test__8375.pgm,8375.pgm,COVER,0,SINGLE_CANDIDATE,MiPOD,,MiPOD,HILL,S-UNIWARD,HUGO,WOW,,MiPOD,1,0,0.937538592408184,0.8400850782187603,0.09745351418942372,0.5910294040944603,0.4,2,0.8380365357602935,0.6,3,0.8400850782187603,0.8,4,0.8323054222090448,0.8,4,0.937538592408184,0.8,4
COVER__test__8378.pgm,8378.pgm,COVER,0,UNKNOWN_OR_COVER,UNKNOWN,,HUGO,S-UNIWARD,MiPOD,HILL,WOW,,,0,0,0.8123369604812485,0.7613890696047336,0.050947890876514856,0.4146836170512375,0.2,1,0.7613890696047336,0.2,1,0.6738024253245151,0.4,2,0.8123369604812485,0.2,1,0.759430695804417,0.4,2
COVER__test__838.pgm,838.pgm,COVER,0,SINGLE_CANDIDATE,S-UNIWARD,,S-UNIWARD,HUGO,MiPOD,HILL,WOW,,S-UNIWARD,1,0,0.9154475523832348,0.8919683212301667,0.02347923115306816,0.6721945314688439,0.4,2,0.9154475523832348,0.8,4,0.7862160508525446,0.6,3,0.8919683212301667,0.8,4,0.8704169863003562,0.8,4
COVER__test__8391.pgm,8391.pgm,COVER,0,UNKNOWN_OR_COVER,UNKNOWN,,HUGO,MiPOD,S-UNIWARD,HILL,WOW,,,0,0,0.81074938859035,0.7605990443938186,0.050150344196531305,0.41478429449430265,0.2,1,0.7571243741114652,0.2,1,0.6747842143098438,0.2,1,0.81074938859035,0.2,1,0.7605990443938186,0.2,1
COVER__test__8398.pgm,8398.pgm,COVER,0,UNKNOWN_OR_COVER,UNKNOWN,,HUGO,MiPOD,S-UNIWARD,HILL,WOW,,,0,0,0.8101560524520395,0.7587592042412646,0.05139684821077484,0.41421370821283476,0.2,1,0.7576421575690652,0.2,1,0.6734059982130175,0.2,1,0.8101560524520395,0.2,1,0.7587592042412646,0.0,0
COVER__test__8404.pgm,8404.pgm,COVER,0,UNKNOWN_OR_COVER,UNKNOWN,,HUGO,MiPOD,S-UNIWARD,HILL,WOW,,,0,0,0.817563387124091,0.7643302017426186,0.05323318538147248,0.41749071866737353,0.2,1,0.7585098388089984,0.2,1,0.6788983547721545,0.4,2,0.817563387124091,0.2,1,0.7643302017426186,0.4,2
COVER__test__8412.pgm,8412.pgm,COVER,0,UNKNOWN_OR_COVER,UNKNOWN,,HUGO,S-UNIWARD,MiPOD,HILL,WOW,,,0,0,0.8283848843190691,0.7917123341134289,0.0366725502056402,0.4269103161165443,0.2,1,0.7917123341134289,0.4,2,0.6862808752620178,0.4,2,0.8283848843190691,0.6,3,0.7799542609270451,0.4,2
COVER__test__8427.pgm,8427.pgm,COVER,0,UNKNOWN_OR_COVER,UNKNOWN,,HUGO,S-UNIWARD,MiPOD,HILL,WOW,,,0,0,0.8203273639297866,0.7625480601197998,0.05777930380998675,0.41746709844083707,0.2,1,0.7625480601197998,0.2,1,0.6779335453094377,0.2,1,0.8203273639297866,0.0,0,0.7623290740666572,0.2,1
COVER__test__8438.pgm,8438.pgm,COVER,0,SINGLE_CANDIDATE,S-UNIWARD,,S-UNIWARD,MiPOD,HUGO,HILL,WOW,,S-UNIWARD,1,0,0.9940577407209268,0.8807504697385495,0.11330727098237725,0.7244528294429268,0.2,1,0.9940577407209268,0.8,4,0.7778776390027794,0.4,2,0.8304444378266016,0.8,4,0.8807504697385495,0.6,3
COVER__test__8441.pgm,8441.pgm,COVER,0,UNKNOWN_OR_COVER,UNKNOWN,,HUGO,S-UNIWARD,MiPOD,HILL,WOW,,,0,0,0.8239034623804773,0.7958850173602574,0.028018445020219884,0.4259471915877551,0.2,1,0.7958850173602574,0.2,1,0.6824242749238971,0.2,1,0.8239034623804773,0.4,2,0.7716846843402572,0.2,1
COVER__test__845.pgm,845.pgm,COVER,0,UNKNOWN_OR_COVER,UNKNOWN,,HUGO,S-UNIWARD,MiPOD,HILL,WOW,,,0,0,0.807152742516724,0.756642622918307,0.050510119598417,0.41301739976835805,0.2,1,0.756642622918307,0.2,1,0.6716851360542966,0.2,1,0.807152742516724,0.2,1,0.7566180292411784,0.2,1
COVER__test__8450.pgm,8450.pgm,COVER,0,MULTI_CANDIDATE,HILL,HUGO,HILL,HUGO,MiPOD,S-UNIWARD,WOW,,"HILL,HUGO,MiPOD,S-UNIWARD",4,0,1.0,1.0,0.0,0.8249798032372461,0.8,4,0.9574647872317019,0.8,4,1.0,1.0,5,1.0,1.0,5,1.0,1.0,5
COVER__test__8452.pgm,8452.pgm,COVER,0,UNKNOWN_OR_COVER,UNKNOWN,,HUGO,MiPOD,S-UNIWARD,HILL,WOW,,,0,0,0.8145793253562552,0.7642018260893703,0.05037749926688495,0.4176962783633843,0.2,1,0.758089655741721,0.2,1,0.6798755904008542,0.6,3,0.8145793253562552,0.4,2,0.7642018260893703,0.6,3
COVER__test__8458.pgm,8458.pgm,COVER,0,UNKNOWN_OR_COVER,UNKNOWN,,HUGO,S-UNIWARD,MiPOD,HILL,WOW,,,0,0,0.8118967053090158,0.7628225565359255,0.049074148773090354,0.41555038358488944,0.2,1,0.7628225565359255,0.2,1,0.6754469807363913,0.4,2,0.8118967053090158,0.4,2,0.7615725017369629,0.4,2
COVER__test__8459.pgm,8459.pgm,COVER,0,UNKNOWN_OR_COVER,UNKNOWN,,HUGO,MiPOD,S-UNIWARD,HILL,WOW,,,0,0,0.8093022934148421,0.7591251524430473,0.05017714097179471,0.4140035883806917,0.2,1,0.7575592323844065,0.2,1,0.6734023328519239,0.2,1,0.8093022934148421,0.2,1,0.7591251524430473,0.2,1
COVER__test__8475.pgm,8475.pgm,COVER,0,UNKNOWN_OR_COVER,UNKNOWN,,HUGO,S-UNIWARD,MiPOD,HILL,WOW,,,0,0,0.8227730499637055,0.7694483990952747,0.053324650868430745,0.4171122813376532,0.2,1,0.7694483990952747,0.2,1,0.6757146015957168,0.2,1,0.8227730499637055,0.4,2,0.7619327749539762,0.4,2
COVER__test__8476.pgm,8476.pgm,COVER,0,UNKNOWN_OR_COVER,UNKNOWN,,HUGO,S-UNIWARD,MiPOD,HILL,WOW,,,0,0,0.8252173970012227,0.7946776712959531,0.030539725705269527,0.4278088532282701,0.2,1,0.7946776712959531,0.4,2,0.6849245371870818,0.2,1,0.8252173970012227,0.6,3,0.7800333072876123,0.2,1
COVER__test__848.pgm,848.pgm,COVER,0,MULTI_CANDIDATE,WOW,S-UNIWARD,WOW,S-UNIWARD,HILL,HUGO,MiPOD,,"WOW,S-UNIWARD,HILL,HUGO,MiPOD",5,0,1.0,1.0,0.0,1.0,1.0,5,1.0,1.0,5,1.0,1.0,5,1.0,1.0,5,1.0,1.0,5
COVER__test__8480.pgm,8480.pgm,COVER,0,UNKNOWN_OR_COVER,UNKNOWN,,HUGO,MiPOD,S-UNIWARD,HILL,WOW,,,0,0,0.8066754299086846,0.7563186140627065,0.050356815845978065,0.4128254914334836,0.2,1,0.7559940454932143,0.2,1,0.671103866884615,0.2,1,0.8066754299086846,0.2,1,0.7563186140627065,0.2,1
COVER__test__8484.pgm,8484.pgm,COVER,0,UNKNOWN_OR_COVER,UNKNOWN,,HUGO,MiPOD,S-UNIWARD,HILL,WOW,,,0,0,0.8264617751066252,0.7969899868974745,0.02947178820915075,0.453093893901473,0.2,1,0.780918145936744,0.6,3,0.6895975071345101,0.6,3,0.8264617751066252,0.6,3,0.7969899868974745,0.6,3
COVER__test__8485.pgm,8485.pgm,COVER,0,UNKNOWN_OR_COVER,UNKNOWN,,HUGO,S-UNIWARD,MiPOD,HILL,WOW,,,0,0,0.8166833049666019,0.8148257705072238,0.0018575344593780851,0.5399313430075029,0.4,2,0.8148257705072238,0.6,3,0.6901738062225451,0.6,3,0.8166833049666019,0.6,3,0.8034874910270029,0.6,3
COVER__test__8487.pgm,8487.pgm,COVER,0,MULTI_CANDIDATE,WOW,S-UNIWARD,WOW,S-UNIWARD,MiPOD,HILL,HUGO,,"WOW,S-UNIWARD,MiPOD,HILL,HUGO",5,0,1.0,1.0,0.0,1.0,1.0,5,1.0,1.0,5,0.980754732820443,0.8,4,0.9633227038043064,0.8,4,0.9841890789316018,0.8,4
COVER__test__8493.pgm,8493.pgm,COVER,0,UNKNOWN_OR_COVER,UNKNOWN,,HUGO,MiPOD,S-UNIWARD,HILL,WOW,,,0,0,0.805713701371029,0.7549119821089445,0.050801719262084544,0.41183429871849675,0.0,0,0.7533697996412663,0.0,0,0.6697537129669848,0.0,0,0.805713701371029,0.0,0,0.7549119821089445,0.0,0
COVER__test__8497.pgm,8497.pgm,COVER,0,UNKNOWN_OR_COVER,UNKNOWN,,HUGO,MiPOD,S-UNIWARD,HILL,WOW,,,0,0,0.8034078029763666,0.7531964230859982,0.05021137989036839,0.410887236343069,0.0,0,0.7523844603181764,0.0,0,0.6690220576869954,0.0,0,0.8034078029763666,0.0,0,0.7531964230859982,0.0,0
COVER__test__8501.pgm,8501.pgm,COVER,0,UNKNOWN_OR_COVER,UNKNOWN,,MiPOD,S-UNIWARD,HUGO,HILL,WOW,,,0,0,0.8495259241186472,0.8466129170505452,0.002913007068102047,0.5423430382032433,0.2,1,0.8466129170505452,0.8,4,0.7668652752074284,0.6,3,0.8335389081426303,0.8,4,0.8495259241186472,0.6,3
COVER__test__851.pgm,851.pgm,COVER,0,UNKNOWN_OR_COVER,UNKNOWN,,HUGO,MiPOD,S-UNIWARD,HILL,WOW,,,0,0,0.8084253195547964,0.7585769261721063,0.04984839338269009,0.4140763862132187,0.2,1,0.7549166592138793,0.2,1,0.6738994421930796,0.2,1,0.8084253195547964,0.2,1,0.7585769261721063,0.2,1
COVER__test__8511.pgm,8511.pgm,COVER,0,MULTI_CANDIDATE,HUGO,S-UNIWARD,HUGO,S-UNIWARD,MiPOD,HILL,WOW,,"HUGO,S-UNIWARD,MiPOD",3,0,0.9987288925927176,0.987923571706067,0.010805320886650538,0.6804705599709607,0.6,3,0.987923571706067,0.8,4,0.8372739729024993,0.8,4,0.9987288925927176,0.8,4,0.9278932209759588,0.8,4
COVER__test__8518.pgm,8518.pgm,COVER,0,UNKNOWN_OR_COVER,UNKNOWN,,HUGO,MiPOD,S-UNIWARD,HILL,WOW,,,0,0,0.8117732135851012,0.7606088455194431,0.05116436806565816,0.4148080176719999,0.0,0,0.7568961936886888,0.0,0,0.6760777535182216,0.0,0,0.8117732135851012,0.2,1,0.7606088455194431,0.0,0
COVER__test__8525.pgm,8525.pgm,COVER,0,UNKNOWN_OR_COVER,UNKNOWN,,HUGO,MiPOD,S-UNIWARD,HILL,WOW,,,0,0,0.837536280875168,0.7859991330855706,0.05153714778959739,0.42746149820177665,0.2,1,0.7827296189794861,0.4,2,0.6851033413253125,0.4,2,0.837536280875168,0.4,2,0.7859991330855706,0.4,2
COVER__test__8536.pgm,8536.pgm,COVER,0,UNKNOWN_OR_COVER,UNKNOWN,,HUGO,S-UNIWARD,MiPOD,HILL,WOW,,,0,0,0.825620206194811,0.772116115507756,0.05350409068705497,0.4191763114352737,0.2,1,0.772116115507756,0.2,1,0.6785600661846873,0.2,1,0.825620206194811,0.4,2,0.7634401338210259,0.2,1
COVER__test__854.pgm,854.pgm,COVER,0,SINGLE_CANDIDATE,HUGO,,HUGO,MiPOD,S-UNIWARD,HILL,WOW,,HUGO,1,0,0.9953102495863817,0.8394067604253186,0.1559034891610631,0.5052394667732526,0.2,1,0.7887605271817112,0.6,3,0.7292219856404738,0.6,3,0.9953102495863817,0.8,4,0.8394067604253186,0.8,4
COVER__test__8553.pgm,8553.pgm,COVER,0,MULTI_CANDIDATE,S-UNIWARD,HILL,S-UNIWARD,HILL,HUGO,MiPOD,WOW,,"S-UNIWARD,HILL,HUGO,MiPOD,WOW",5,0,1.0,1.0,0.0,0.948380792005822,0.8,4,1.0,1.0,5,1.0,1.0,5,1.0,1.0,5,1.0,1.0,5
COVER__test__8566.pgm,8566.pgm,COVER,0,UNKNOWN_OR_COVER,UNKNOWN,,HUGO,S-UNIWARD,MiPOD,HILL,WOW,,,0,0,0.8237927841306696,0.769730431162128,0.05406235296854156,0.4179831565039285,0.2,1,0.769730431162128,0.2,1,0.6757105448741337,0.2,1,0.8237927841306696,0.2,1,0.7623854398424976,0.2,1
COVER__test__858.pgm,858.pgm,COVER,0,UNKNOWN_OR_COVER,UNKNOWN,,HILL,MiPOD,HUGO,S-UNIWARD,WOW,,,0,0,0.8413560341857288,0.8361672072607454,0.005188826924983347,0.6029055718395366,0.4,2,0.7809808854661889,0.4,2,0.8413560341857288,0.8,4,0.8136669325832473,0.6,3,0.8361672072607454,0.8,4
COVER__test__8587.pgm,8587.pgm,COVER,0,UNKNOWN_OR_COVER,UNKNOWN,,HUGO,MiPOD,S-UNIWARD,HILL,WOW,,,0,0,0.8086968759085931,0.7592484711105265,0.04944840479806656,0.4141926345645321,0.2,1,0.7584698717205871,0.2,1,0.6739659283869041,0.4,2,0.8086968759085931,0.2,1,0.7592484711105265,0.4,2
COVER__test__86.pgm,86.pgm,COVER,0,UNKNOWN_OR_COVER,UNKNOWN,,HUGO,S-UNIWARD,MiPOD,HILL,WOW,,,0,0,0.8246110606629976,0.7715526989068703,0.053058361756127326,0.41981107842782384,0.2,1,0.7715526989068703,0.2,1,0.6797328020458061,0.2,1,0.8246110606629976,0.2,1,0.7680380166161349,0.2,1
COVER__test__8616.pgm,8616.pgm,COVER,0,UNKNOWN_OR_COVER,UNKNOWN,,HUGO,MiPOD,S-UNIWARD,HILL,WOW,,,0,0,0.8108655901684788,0.759325835551289,0.05153975461718985,0.4143304965737329,0.2,1,0.7580161173230003,0.2,1,0.6732319285996949,0.2,1,0.8108655901684788,0.2,1,0.759325835551289,0.2,1
COVER__test__863.pgm,863.pgm,COVER,0,UNKNOWN_OR_COVER,UNKNOWN,,HUGO,S-UNIWARD,MiPOD,HILL,WOW,,,0,0,0.8287436825537766,0.78074462936511,0.047999053188666596,0.42739925847594185,0.2,1,0.78074462936511,0.2,1,0.6842627586982315,0.6,3,0.8287436825537766,0.6,3,0.7746540127079939,0.6,3
COVER__test__8636.pgm,8636.pgm,COVER,0,UNKNOWN_OR_COVER,UNKNOWN,,HUGO,S-UNIWARD,MiPOD,HILL,WOW,,,0,0,0.8234589681111342,0.7724782426810904,0.05098072543004373,0.4444420594429568,0.2,1,0.7724782426810904,0.2,1,0.6806560119483459,0.4,2,0.8234589681111342,0.2,1,0.7653096512445506,0.4,2
COVER__test__8643.pgm,8643.pgm,COVER,0,UNKNOWN_OR_COVER,UNKNOWN,,HUGO,S-UNIWARD,MiPOD,HILL,WOW,,,0,0,0.8315392845036846,0.8047179057745579,0.02682137872912671,0.43230130228145597,0.2,1,0.8047179057745579,0.4,2,0.6930342240330409,0.4,2,0.8315392845036846,0.6,3,0.7860884190307889,0.4,2
COVER__test__8650.pgm,8650.pgm,COVER,0,UNKNOWN_OR_COVER,UNKNOWN,,HUGO,MiPOD,S-UNIWARD,HILL,WOW,,,0,0,0.8083524050710272,0.7569843574555736,0.05136804761545366,0.412973458417705,0.0,0,0.7565724479549323,0.0,0,0.6720356332164052,0.0,0,0.8083524050710272,0.2,1,0.7569843574555736,0.0,0
COVER__test__8665.pgm,8665.pgm,COVER,0,MULTI_CANDIDATE,HILL,MiPOD,HILL,MiPOD,S-UNIWARD,HUGO,WOW,,"HILL,MiPOD",2,0,1.0,1.0,0.0,0.7611906742709393,0.6,3,0.8491322053518321,0.8,4,1.0,1.0,5,0.8324834295137045,0.8,4,1.0,1.0,5
COVER__test__8685.pgm,8685.pgm,COVER,0,MULTI_CANDIDATE,HILL,MiPOD,HILL,MiPOD,S-UNIWARD,HUGO,WOW,,"HILL,MiPOD,S-UNIWARD,HUGO",4,0,1.0,1.0,0.0,0.8269441469773277,0.8,4,0.9829937823077154,0.8,4,1.0,1.0,5,0.9673431073541741,0.8,4,1.0,1.0,5
COVER__test__8688.pgm,8688.pgm,COVER,0,UNKNOWN_OR_COVER,UNKNOWN,,HUGO,S-UNIWARD,MiPOD,HILL,WOW,,,0,0,0.8269580103569251,0.7818213670837905,0.0451366432731346,0.4223414306359844,0.2,1,0.7818213670837905,0.2,1,0.6806653432639347,0.2,1,0.8269580103569251,0.4,2,0.769058739015768,0.2,1
COVER__test__8692.pgm,8692.pgm,COVER,0,UNKNOWN_OR_COVER,UNKNOWN,,HUGO,S-UNIWARD,MiPOD,HILL,WOW,,,0,0,0.8287077384977293,0.7796221058650459,0.049085632632683396,0.4252456817957985,0.2,1,0.7796221058650459,0.4,2,0.6856817770766603,0.4,2,0.8287077384977293,0.6,3,0.7788436279926628,0.4,2
COVER__test__8703.pgm,8703.pgm,COVER,0,MULTI_CANDIDATE,WOW,S-UNIWARD,WOW,S-UNIWARD,HILL,HUGO,MiPOD,,"WOW,S-UNIWARD,HILL,HUGO,MiPOD",5,0,1.0,1.0,0.0,1.0,1.0,5,1.0,1.0,5,1.0,1.0,5,1.0,1.0,5,1.0,1.0,5
COVER__test__8707.pgm,8707.pgm,COVER,0,UNKNOWN_OR_COVER,UNKNOWN,,HUGO,MiPOD,S-UNIWARD,HILL,WOW,,,0,0,0.8108196743753829,0.7600290777795482,0.050790596595834736,0.41452847115664476,0.2,1,0.7595354927541591,0.2,1,0.6742811052405259,0.4,2,0.8108196743753829,0.2,1,0.7600290777795482,0.4,2
COVER__test__8724.pgm,8724.pgm,COVER,0,MULTI_CANDIDATE,S-UNIWARD,HILL,S-UNIWARD,HILL,HUGO,MiPOD,WOW,,"S-UNIWARD,HILL,HUGO,MiPOD,WOW",5,0,1.0,1.0,0.0,0.9952135149060102,0.8,4,1.0,1.0,5,1.0,1.0,5,1.0,1.0,5,1.0,1.0,5
COVER__test__8734.pgm,8734.pgm,COVER,0,MULTI_CANDIDATE,WOW,S-UNIWARD,WOW,S-UNIWARD,HILL,HUGO,MiPOD,,"WOW,S-UNIWARD,HILL,HUGO,MiPOD",5,0,1.0,1.0,0.0,1.0,1.0,5,1.0,1.0,5,1.0,1.0,5,1.0,1.0,5,1.0,1.0,5
COVER__test__8754.pgm,8754.pgm,COVER,0,SINGLE_CANDIDATE,MiPOD,,MiPOD,HILL,S-UNIWARD,HUGO,WOW,,MiPOD,1,0,0.9927262205492227,0.8523024726841033,0.14042374786511935,0.5994393516941074,0.4,2,0.8344069006857395,0.8,4,0.8523024726841033,0.6,3,0.8324954244785658,0.6,3,0.9927262205492227,0.6,3
COVER__test__8756.pgm,8756.pgm,COVER,0,MULTI_CANDIDATE,S-UNIWARD,HILL,S-UNIWARD,HILL,HUGO,MiPOD,WOW,,"S-UNIWARD,HILL,HUGO,MiPOD,WOW",5,0,1.0,1.0,0.0,0.9960791180603457,0.8,4,1.0,1.0,5,1.0,1.0,5,1.0,1.0,5,1.0,1.0,5
COVER__test__8769.pgm,8769.pgm,COVER,0,MULTI_CANDIDATE,WOW,S-UNIWARD,WOW,S-UNIWARD,HILL,HUGO,MiPOD,,"WOW,S-UNIWARD,HILL,HUGO,MiPOD",5,0,1.0,1.0,0.0,1.0,1.0,5,1.0,1.0,5,1.0,1.0,5,1.0,1.0,5,1.0,1.0,5
COVER__test__8774.pgm,8774.pgm,COVER,0,SINGLE_CANDIDATE,HUGO,,HUGO,S-UNIWARD,MiPOD,HILL,WOW,,HUGO,1,0,0.9708344999195445,0.7818524217193304,0.18898207820021407,0.4979565900704263,0.2,1,0.7818524217193304,0.2,1,0.6238939087196376,0.4,2,0.9708344999195445,0.6,3,0.7595388402435402,0.6,3
COVER__test__878.pgm,878.pgm,COVER,0,UNKNOWN_OR_COVER,UNKNOWN,,MiPOD,S-UNIWARD,HUGO,HILL,WOW,,,0,0,0.892111593605694,0.8645274408986285,0.02758415270706549,0.6307709530776672,0.2,1,0.8645274408986285,0.8,4,0.7905911260080043,0.6,3,0.8320261964294801,0.8,4,0.892111593605694,0.8,4
COVER__test__8799.pgm,8799.pgm,COVER,0,SINGLE_CANDIDATE,HUGO,,HUGO,MiPOD,S-UNIWARD,HILL,WOW,,HUGO,1,0,0.9938021489731772,0.8320523801697327,0.1617497688034445,0.498761077843786,0.2,1,0.8208351800203186,0.4,2,0.7546725768050401,0.2,1,0.9938021489731772,0.6,3,0.8320523801697327,0.2,1
COVER__test__8800.pgm,8800.pgm,COVER,0,UNKNOWN_OR_COVER,UNKNOWN,,HUGO,S-UNIWARD,MiPOD,HILL,WOW,,,0,0,0.8254002257501668,0.7706213508245635,0.054778874925603294,0.41853111047715946,0.2,1,0.7706213508245635,0.2,1,0.6787539929762578,0.4,2,0.8254002257501668,0.4,2,0.7651200658399768,0.4,2
COVER__test__8819.pgm,8819.pgm,COVER,0,SINGLE_CANDIDATE,MiPOD,,MiPOD,HILL,S-UNIWARD,HUGO,WOW,,MiPOD,1,0,0.9245968717697552,0.8670800626996467,0.05751680907010859,0.646484778828911,0.2,1,0.8373158178112433,0.6,3,0.8670800626996467,0.6,3,0.8350420620816383,0.8,4,0.9245968717697552,0.8,4
COVER__test__8820.pgm,8820.pgm,COVER,0,MULTI_CANDIDATE,WOW,S-UNIWARD,WOW,S-UNIWARD,HILL,HUGO,MiPOD,,"WOW,S-UNIWARD,HILL,HUGO,MiPOD",5,0,1.0,1.0,0.0,1.0,1.0,5,1.0,1.0,5,1.0,1.0,5,1.0,1.0,5,1.0,1.0,5
COVER__test__8821.pgm,8821.pgm,COVER,0,MULTI_CANDIDATE,WOW,S-UNIWARD,WOW,S-UNIWARD,HILL,HUGO,MiPOD,,"WOW,S-UNIWARD,HILL,HUGO,MiPOD",5,0,1.0,1.0,0.0,1.0,1.0,5,1.0,1.0,5,1.0,1.0,5,1.0,1.0,5,0.9973022266509682,0.8,4
COVER__test__8826.pgm,8826.pgm,COVER,0,MULTI_CANDIDATE,HUGO,MiPOD,HUGO,MiPOD,S-UNIWARD,HILL,WOW,,"HUGO,MiPOD,S-UNIWARD",3,0,1.0,0.964137971503175,0.03586202849682496,0.6899621428028115,0.6,3,0.9129640447768697,0.8,4,0.8478373619445442,0.8,4,1.0,1.0,5,0.964137971503175,0.8,4
COVER__test__8827.pgm,8827.pgm,COVER,0,UNKNOWN_OR_COVER,UNKNOWN,,S-UNIWARD,HUGO,MiPOD,HILL,WOW,,,0,0,0.8460291319420762,0.8324986242034601,0.013530507738616082,0.5078814152697639,0.2,1,0.8460291319420762,0.8,4,0.73573478866456,0.6,3,0.8324986242034601,0.8,4,0.8313579411579856,0.6,3
COVER__test__883.pgm,883.pgm,COVER,0,MULTI_CANDIDATE,S-UNIWARD,HILL,S-UNIWARD,HILL,MiPOD,HUGO,WOW,,"S-UNIWARD,HILL,MiPOD,HUGO",4,0,1.0,1.0,0.0,0.8299171085206817,0.8,4,1.0,1.0,5,1.0,1.0,5,0.9047370642595899,0.8,4,1.0,1.0,5
COVER__test__8830.pgm,8830.pgm,COVER,0,UNKNOWN_OR_COVER,UNKNOWN,,HUGO,S-UNIWARD,MiPOD,HILL,WOW,,,0,0,0.8116115253024011,0.7655814585002908,0.0460300668021103,0.4349703921097867,0.2,1,0.7655814585002908,0.4,2,0.6788424820355178,0.6,3,0.8116115253024011,0.4,2,0.7636884806583513,0.6,3
COVER__test__8853.pgm,8853.pgm,COVER,0,MULTI_CANDIDATE,MiPOD,HILL,MiPOD,HILL,S-UNIWARD,HUGO,WOW,,"MiPOD,HILL",2,0,0.991346682633921,0.9390104088409806,0.05233627379294037,0.7179124829113551,0.6,3,0.8282305350479587,0.6,3,0.9390104088409806,0.4,2,0.8262566039038823,0.4,2,0.991346682633921,0.6,3
COVER__test__8854.pgm,8854.pgm,COVER,0,MULTI_CANDIDATE,HUGO,MiPOD,HUGO,MiPOD,HILL,S-UNIWARD,WOW,,"HUGO,MiPOD,HILL",3,0,1.0,0.9710516629419385,0.028948337058061546,0.8148491035402063,0.6,3,0.8984618938420965,0.8,4,0.9119663886866286,0.4,2,1.0,1.0,5,0.9710516629419385,0.8,4
COVER__test__8867.pgm,8867.pgm,COVER,0,UNKNOWN_OR_COVER,UNKNOWN,,HUGO,S-UNIWARD,MiPOD,HILL,WOW,,,0,0,0.8054575277988603,0.7550753864266376,0.05038214137222263,0.4124922091632712,0.2,1,0.7550753864266376,0.2,1,0.6687182172037442,0.2,1,0.8054575277988603,0.0,0,0.7541878783453642,0.2,1
COVER__test__8875.pgm,8875.pgm,COVER,0,MULTI_CANDIDATE,S-UNIWARD,HILL,S-UNIWARD,HILL,MiPOD,HUGO,WOW,,"S-UNIWARD,HILL,MiPOD,HUGO,WOW",5,0,1.0,1.0,0.0,0.9816710425543416,0.8,4,1.0,1.0,5,1.0,1.0,5,0.9987691856368333,0.8,4,1.0,1.0,5
COVER__test__8889.pgm,8889.pgm,COVER,0,UNKNOWN_OR_COVER,UNKNOWN,,HUGO,MiPOD,S-UNIWARD,HILL,WOW,,,0,0,0.8072940698208072,0.7575615689767821,0.04973250084402514,0.4133854605655608,0.0,0,0.7555538521453485,0.2,1,0.6724566182769933,0.2,1,0.8072940698208072,0.2,1,0.7575615689767821,0.0,0
COVER__test__890.pgm,890.pgm,COVER,0,MULTI_CANDIDATE,S-UNIWARD,HILL,S-UNIWARD,HILL,HUGO,MiPOD,WOW,,"S-UNIWARD,HILL,HUGO,MiPOD,WOW",5,0,1.0,1.0,0.0,0.9244510595661326,0.8,4,1.0,1.0,5,1.0,1.0,5,1.0,1.0,5,1.0,1.0,5
COVER__test__8905.pgm,8905.pgm,COVER,0,MULTI_CANDIDATE,S-UNIWARD,HILL,S-UNIWARD,HILL,HUGO,MiPOD,WOW,,"S-UNIWARD,HILL,HUGO,MiPOD,WOW",5,0,1.0,1.0,0.0,0.9905204838399554,0.8,4,1.0,1.0,5,1.0,1.0,5,1.0,1.0,5,1.0,1.0,5
COVER__test__8906.pgm,8906.pgm,COVER,0,MULTI_CANDIDATE,S-UNIWARD,HILL,S-UNIWARD,HILL,HUGO,MiPOD,WOW,,"S-UNIWARD,HILL,HUGO,MiPOD,WOW",5,0,1.0,1.0,0.0,0.9982599789624331,0.8,4,1.0,1.0,5,1.0,1.0,5,1.0,1.0,5,1.0,1.0,5
COVER__test__8910.pgm,8910.pgm,COVER,0,SINGLE_CANDIDATE,S-UNIWARD,,S-UNIWARD,HILL,MiPOD,HUGO,WOW,,S-UNIWARD,1,0,0.9292584117072042,0.8356155276581335,0.09364288404907073,0.8003909926071614,0.4,2,0.9292584117072042,0.6,3,0.8356155276581335,0.6,3,0.8095195723936801,0.6,3,0.829837042560578,0.6,3
COVER__test__8916.pgm,8916.pgm,COVER,0,MULTI_CANDIDATE,WOW,S-UNIWARD,WOW,S-UNIWARD,HILL,HUGO,MiPOD,,"WOW,S-UNIWARD,HILL,HUGO,MiPOD",5,0,1.0,1.0,0.0,1.0,1.0,5,1.0,1.0,5,1.0,1.0,5,1.0,1.0,5,1.0,1.0,5
COVER__test__8925.pgm,8925.pgm,COVER,0,MULTI_CANDIDATE,HUGO,HILL,HUGO,HILL,MiPOD,S-UNIWARD,WOW,,"HUGO,HILL,MiPOD",3,0,1.0,0.9728479490853662,0.027152050914633796,0.7267758905526166,0.4,2,0.8399764773788242,0.8,4,0.9728479490853662,0.8,4,1.0,1.0,5,0.9511611962377783,0.8,4
COVER__test__8926.pgm,8926.pgm,COVER,0,SINGLE_CANDIDATE,HUGO,,HUGO,S-UNIWARD,MiPOD,HILL,WOW,,HUGO,1,0,0.9791447455947331,0.8028830824921412,0.17626166310259184,0.5203821858844777,0.2,1,0.8028830824921412,0.6,3,0.6886592929620365,0.6,3,0.9791447455947331,0.8,4,0.7985371273108699,0.6,3
COVER__test__8934.pgm,8934.pgm,COVER,0,MULTI_CANDIDATE,HUGO,HILL,HUGO,HILL,MiPOD,S-UNIWARD,WOW,,"HUGO,HILL,MiPOD,S-UNIWARD",4,0,1.0,0.9991092549485299,0.0008907450514701321,0.8352577669506157,0.8,4,0.9785270215277315,0.8,4,0.9991092549485299,0.8,4,1.0,1.0,5,0.9964452743680761,0.8,4
COVER__test__8935.pgm,8935.pgm,COVER,0,SINGLE_CANDIDATE,HUGO,,HUGO,MiPOD,S-UNIWARD,HILL,WOW,,HUGO,1,0,0.948152404908782,0.8361318037422226,0.11202060116655943,0.5784398564136987,0.4,2,0.8214504787789192,0.6,3,0.7213180549701156,0.6,3,0.948152404908782,0.6,3,0.8361318037422226,0.8,4
COVER__test__8938.pgm,8938.pgm,COVER,0,UNKNOWN_OR_COVER,UNKNOWN,,HUGO,S-UNIWARD,MiPOD,HILL,WOW,,,0,0,0.8132246699224586,0.7603823489065064,0.05284232101595221,0.4147727619703404,0.2,1,0.7603823489065064,0.2,1,0.6742031513901934,0.2,1,0.8132246699224586,0.2,1,0.7600405755051797,0.4,2
COVER__test__8940.pgm,8940.pgm,COVER,0,MULTI_CANDIDATE,WOW,S-UNIWARD,WOW,S-UNIWARD,HILL,HUGO,MiPOD,,"WOW,S-UNIWARD,HILL,HUGO,MiPOD",5,0,1.0,1.0,0.0,1.0,1.0,5,1.0,1.0,5,1.0,1.0,5,1.0,1.0,5,1.0,1.0,5
COVER__test__8946.pgm,8946.pgm,COVER,0,MULTI_CANDIDATE,HUGO,S-UNIWARD,HUGO,S-UNIWARD,MiPOD,WOW,HILL,,"HUGO,S-UNIWARD",2,0,0.9790754276710686,0.9352012797530056,0.04387414791806299,0.7828181056005209,0.4,2,0.9352012797530056,0.8,4,0.7566664291676285,0.6,3,0.9790754276710686,0.8,4,0.8361311425859104,0.8,4
COVER__test__895.pgm,895.pgm,COVER,0,UNKNOWN_OR_COVER,UNKNOWN,,HUGO,S-UNIWARD,MiPOD,HILL,WOW,,,0,0,0.832523331219563,0.8234106163131518,0.00911271490641119,0.47864059892430344,0.2,1,0.8234106163131518,0.6,3,0.6958621717068756,0.6,3,0.832523331219563,0.8,4,0.7910205209183279,0.6,3
COVER__test__8950.pgm,8950.pgm,COVER,0,MULTI_CANDIDATE,HUGO,MiPOD,HUGO,MiPOD,HILL,S-UNIWARD,WOW,,"HUGO,MiPOD",2,0,1.0,1.0,0.0,0.7094554859807995,0.4,2,0.8566077977068227,0.6,3,0.8873917794169308,0.8,4,1.0,1.0,5,1.0,1.0,5
COVER__test__8952.pgm,8952.pgm,COVER,0,UNKNOWN_OR_COVER,UNKNOWN,,HUGO,MiPOD,S-UNIWARD,HILL,WOW,,,0,0,0.8128334241448132,0.759789905392273,0.05304351875254021,0.41529126735744526,0.2,1,0.7575918756329296,0.2,1,0.674827495203797,0.2,1,0.8128334241448132,0.0,0,0.759789905392273,0.2,1
COVER__test__8961.pgm,8961.pgm,COVER,0,MULTI_CANDIDATE,HILL,HUGO,HILL,HUGO,MiPOD,S-UNIWARD,WOW,,"HILL,HUGO,MiPOD",3,0,1.0,1.0,0.0,0.804237868625339,0.6,3,0.8642728064504321,0.8,4,1.0,1.0,5,1.0,1.0,5,1.0,1.0,5
COVER__test__8963.pgm,8963.pgm,COVER,0,MULTI_CANDIDATE,WOW,S-UNIWARD,WOW,S-UNIWARD,HILL,HUGO,MiPOD,,"WOW,S-UNIWARD,HILL,HUGO,MiPOD",5,0,1.0,1.0,0.0,1.0,1.0,5,1.0,1.0,5,1.0,1.0,5,1.0,1.0,5,1.0,1.0,5
COVER__test__8964.pgm,8964.pgm,COVER,0,MULTI_CANDIDATE,HILL,HUGO,HILL,HUGO,MiPOD,S-UNIWARD,WOW,,"HILL,HUGO,MiPOD,S-UNIWARD",4,0,1.0,1.0,0.0,0.8239135659044308,0.8,4,0.9250712956231283,0.8,4,1.0,1.0,5,1.0,1.0,5,1.0,1.0,5
COVER__test__897.pgm,897.pgm,COVER,0,MULTI_CANDIDATE,S-UNIWARD,HUGO,S-UNIWARD,HUGO,MiPOD,HILL,WOW,,"S-UNIWARD,HUGO",2,0,1.0,1.0,0.0,0.591732134692157,0.4,2,1.0,1.0,5,0.7467050283367878,0.6,3,1.0,1.0,5,0.8389659573245701,0.6,3
COVER__test__8977.pgm,8977.pgm,COVER,0,MULTI_CANDIDATE,S-UNIWARD,HUGO,S-UNIWARD,HUGO,MiPOD,HILL,WOW,,"S-UNIWARD,HUGO,MiPOD",3,0,1.0,1.0,0.0,0.7146017494600985,0.6,3,1.0,1.0,5,0.8601895977863832,0.8,4,1.0,1.0,5,1.0,1.0,5
COVER__test__8986.pgm,8986.pgm,COVER,0,UNKNOWN_OR_COVER,UNKNOWN,,HUGO,MiPOD,S-UNIWARD,HILL,WOW,,,0,0,0.8048548937542247,0.7539003736993937,0.05095452005483103,0.41266164672780387,0.2,1,0.7537683110104736,0.2,1,0.6687236118887823,0.2,1,0.8048548937542247,0.0,0,0.7539003736993937,0.2,1
COVER__test__8994.pgm,8994.pgm,COVER,0,MULTI_CANDIDATE,HILL,HUGO,HILL,HUGO,MiPOD,S-UNIWARD,WOW,,"HILL,HUGO,MiPOD,S-UNIWARD",4,0,1.0,1.0,0.0,0.8922184636443324,0.8,4,0.9864631216079068,0.8,4,1.0,1.0,5,1.0,1.0,5,1.0,1.0,5
COVER__test__9.pgm,9.pgm,COVER,0,SINGLE_CANDIDATE,S-UNIWARD,,S-UNIWARD,MiPOD,HUGO,HILL,WOW,,S-UNIWARD,1,0,0.9447911573289026,0.8745192914380562,0.07027186589084644,0.6567647688308215,0.2,1,0.9447911573289026,0.4,2,0.8105016282989818,0.4,2,0.8217451484805608,0.6,3,0.8745192914380562,0.4,2
COVER__test__90.pgm,90.pgm,COVER,0,UNKNOWN_OR_COVER,UNKNOWN,,HUGO,MiPOD,S-UNIWARD,HILL,WOW,,,0,0,0.8110127296482579,0.7607100319251524,0.05030269772310547,0.41543638917665293,0.2,1,0.7553359770398151,0.2,1,0.6753523658274381,0.2,1,0.8110127296482579,0.0,0,0.7607100319251524,0.2,1
COVER__test__9008.pgm,9008.pgm,COVER,0,MULTI_CANDIDATE,HILL,HUGO,HILL,HUGO,MiPOD,S-UNIWARD,WOW,,"HILL,HUGO,MiPOD",3,0,1.0,1.0,0.0,0.82410110652445,0.8,4,0.8772460332834064,0.8,4,1.0,1.0,5,1.0,1.0,5,1.0,1.0,5
COVER__test__9010.pgm,9010.pgm,COVER,0,SINGLE_CANDIDATE,HUGO,,HUGO,MiPOD,S-UNIWARD,HILL,WOW,,HUGO,1,0,0.9774374208912198,0.7634136385584582,0.21402378233276154,0.4177678898535249,0.0,0,0.7483951399225106,0.2,1,0.6050645899486458,0.2,1,0.9774374208912198,0.6,3,0.7634136385584582,0.2,1
COVER__test__9014.pgm,9014.pgm,COVER,0,MULTI_CANDIDATE,WOW,S-UNIWARD,WOW,S-UNIWARD,MiPOD,HILL,HUGO,,"WOW,S-UNIWARD,MiPOD,HILL,HUGO",5,0,1.0,1.0,0.0,1.0,1.0,5,1.0,1.0,5,0.9787488706382896,0.8,4,0.9670303625602912,0.8,4,0.9882416846870097,0.8,4
COVER__test__9028.pgm,9028.pgm,COVER,0,MULTI_CANDIDATE,WOW,S-UNIWARD,WOW,S-UNIWARD,HILL,HUGO,MiPOD,,"WOW,S-UNIWARD,HILL,HUGO,MiPOD",5,0,1.0,1.0,0.0,1.0,1.0,5,1.0,1.0,5,1.0,1.0,5,1.0,1.0,5,1.0,1.0,5
COVER__test__9033.pgm,9033.pgm,COVER,0,MULTI_CANDIDATE,S-UNIWARD,HUGO,S-UNIWARD,HUGO,HILL,MiPOD,WOW,,"S-UNIWARD,HUGO,HILL,MiPOD",4,0,1.0,1.0,0.0,0.8560286859172542,0.8,4,1.0,1.0,5,0.9998955546444028,0.8,4,1.0,1.0,5,0.9748152137329601,0.8,4
COVER__test__9035.pgm,9035.pgm,COVER,0,MULTI_CANDIDATE,S-UNIWARD,HILL,S-UNIWARD,HILL,HUGO,MiPOD,WOW,,"S-UNIWARD,HILL,HUGO,MiPOD",4,0,1.0,1.0,0.0,0.8943855846614763,0.8,4,1.0,1.0,5,1.0,1.0,5,1.0,1.0,5,1.0,1.0,5
COVER__test__904.pgm,904.pgm,COVER,0,MULTI_CANDIDATE,WOW,S-UNIWARD,WOW,S-UNIWARD,HILL,HUGO,MiPOD,,"WOW,S-UNIWARD,HILL,HUGO,MiPOD",5,0,1.0,1.0,0.0,1.0,1.0,5,1.0,1.0,5,1.0,1.0,5,1.0,1.0,5,1.0,1.0,5
COVER__test__9042.pgm,9042.pgm,COVER,0,MULTI_CANDIDATE,S-UNIWARD,HILL,S-UNIWARD,HILL,HUGO,MiPOD,WOW,,"S-UNIWARD,HILL,HUGO,MiPOD",4,0,1.0,1.0,0.0,0.897678098115627,0.8,4,1.0,1.0,5,1.0,1.0,5,1.0,1.0,5,1.0,1.0,5
COVER__test__9044.pgm,9044.pgm,COVER,0,MULTI_CANDIDATE,HUGO,MiPOD,HUGO,MiPOD,HILL,S-UNIWARD,WOW,,"HUGO,MiPOD,HILL,S-UNIWARD",4,0,1.0,1.0,0.0,0.8820159792170348,0.8,4,0.9549939471744772,0.8,4,0.9794150093912357,0.8,4,1.0,1.0,5,1.0,1.0,5
COVER__test__9048.pgm,9048.pgm,COVER,0,MULTI_CANDIDATE,S-UNIWARD,HILL,S-UNIWARD,HILL,HUGO,MiPOD,WOW,,"S-UNIWARD,HILL,HUGO,MiPOD",4,0,1.0,1.0,0.0,0.8995321806162476,0.8,4,1.0,1.0,5,1.0,1.0,5,1.0,1.0,5,1.0,1.0,5
COVER__test__9050.pgm,9050.pgm,COVER,0,MULTI_CANDIDATE,WOW,S-UNIWARD,WOW,S-UNIWARD,HILL,HUGO,MiPOD,,"WOW,S-UNIWARD,HILL,HUGO,MiPOD",5,0,1.0,1.0,0.0,1.0,1.0,5,1.0,1.0,5,1.0,1.0,5,1.0,1.0,5,1.0,1.0,5
COVER__test__9053.pgm,9053.pgm,COVER,0,MULTI_CANDIDATE,WOW,S-UNIWARD,WOW,S-UNIWARD,HUGO,MiPOD,HILL,,"WOW,S-UNIWARD,HUGO,MiPOD,HILL",5,0,1.0,1.0,0.0,1.0,1.0,5,1.0,1.0,5,0.9477241024073887,0.8,4,1.0,1.0,5,1.0,1.0,5
COVER__test__9058.pgm,9058.pgm,COVER,0,MULTI_CANDIDATE,S-UNIWARD,WOW,S-UNIWARD,WOW,HILL,MiPOD,HUGO,,"S-UNIWARD,WOW,HILL,MiPOD",4,0,1.0,0.9826243640168542,0.017375635983145843,0.9826243640168542,0.8,4,1.0,1.0,5,0.9772672329649316,0.8,4,0.8441542423542933,0.8,4,0.955026004824078,0.8,4
COVER__test__9072.pgm,9072.pgm,COVER,0,MULTI_CANDIDATE,WOW,S-UNIWARD,WOW,S-UNIWARD,HILL,HUGO,MiPOD,,"WOW,S-UNIWARD,HILL,HUGO,MiPOD",5,0,1.0,1.0,0.0,1.0,1.0,5,1.0,1.0,5,1.0,1.0,5,1.0,1.0,5,1.0,1.0,5
COVER__test__9077.pgm,9077.pgm,COVER,0,MULTI_CANDIDATE,WOW,S-UNIWARD,WOW,S-UNIWARD,HILL,HUGO,MiPOD,,"WOW,S-UNIWARD,HILL,HUGO,MiPOD",5,0,1.0,1.0,0.0,1.0,1.0,5,1.0,1.0,5,1.0,1.0,5,1.0,1.0,5,1.0,1.0,5
COVER__test__9078.pgm,9078.pgm,COVER,0,MULTI_CANDIDATE,WOW,S-UNIWARD,WOW,S-UNIWARD,HILL,HUGO,MiPOD,,"WOW,S-UNIWARD,HILL,HUGO,MiPOD",5,0,1.0,1.0,0.0,1.0,1.0,5,1.0,1.0,5,1.0,1.0,5,1.0,1.0,5,1.0,1.0,5
COVER__test__9095.pgm,9095.pgm,COVER,0,SINGLE_CANDIDATE,S-UNIWARD,,S-UNIWARD,MiPOD,HUGO,WOW,HILL,,S-UNIWARD,1,0,0.9091983132664033,0.8361310973606763,0.07306721590572707,0.7720119173682305,0.4,2,0.9091983132664033,0.6,3,0.7717315883230964,0.6,3,0.8231469267365105,0.6,3,0.8361310973606763,0.8,4
COVER__test__9097.pgm,9097.pgm,COVER,0,MULTI_CANDIDATE,WOW,S-UNIWARD,WOW,S-UNIWARD,HILL,MiPOD,HUGO,,"WOW,S-UNIWARD,HILL,MiPOD,HUGO",5,0,1.0,1.0,0.0,1.0,1.0,5,1.0,1.0,5,1.0,1.0,5,0.9519738919439458,0.8,4,1.0,1.0,5
COVER__test__9104.pgm,9104.pgm,COVER,0,SINGLE_CANDIDATE,S-UNIWARD,,S-UNIWARD,MiPOD,WOW,HUGO,HILL,,S-UNIWARD,1,0,0.982812985358418,0.8549925003956214,0.12782048496279663,0.8407277780205525,0.6,3,0.982812985358418,0.8,4,0.7905392075649428,0.6,3,0.8354251561332557,0.8,4,0.8549925003956214,0.8,4
COVER__test__9105.pgm,9105.pgm,COVER,0,MULTI_CANDIDATE,MiPOD,HILL,MiPOD,HILL,WOW,S-UNIWARD,HUGO,,"MiPOD,HILL",2,0,1.0,0.988830105962054,0.011169894037945993,0.8652302780572944,0.6,3,0.8392908904167464,0.8,4,0.988830105962054,0.8,4,0.8319233932633843,0.8,4,1.0,1.0,5
COVER__test__9109.pgm,9109.pgm,COVER,0,UNKNOWN_OR_COVER,UNKNOWN,,HUGO,S-UNIWARD,MiPOD,HILL,WOW,,,0,0,0.8274447380151834,0.8109619324181029,0.016482805597080485,0.431155050087343,0.2,1,0.8109619324181029,0.2,1,0.6908699852179484,0.4,2,0.8274447380151834,0.6,3,0.7769411397806938,0.4,2
COVER__test__9112.pgm,9112.pgm,COVER,0,UNKNOWN_OR_COVER,UNKNOWN,,HUGO,S-UNIWARD,MiPOD,HILL,WOW,,,0,0,0.8289831021965867,0.8262029870119652,0.002780115184621512,0.47047518409017586,0.2,1,0.8262029870119652,0.6,3,0.7200946194529855,0.4,2,0.8289831021965867,0.6,3,0.8018511324230821,0.4,2
COVER__test__9113.pgm,9113.pgm,COVER,0,UNKNOWN_OR_COVER,UNKNOWN,,HUGO,MiPOD,S-UNIWARD,HILL,WOW,,,0,0,0.819128750860395,0.7655922962089097,0.05353645465148538,0.41781972644757903,0.2,1,0.7638310462540856,0.2,1,0.6786422221501652,0.2,1,0.819128750860395,0.4,2,0.7655922962089097,0.2,1
COVER__test__912.pgm,912.pgm,COVER,0,SINGLE_CANDIDATE,MiPOD,,MiPOD,S-UNIWARD,HUGO,HILL,WOW,,MiPOD,1,0,0.9488109622413546,0.8581658976768052,0.09064506456454946,0.66673940569059,0.2,1,0.8581658976768052,0.8,4,0.8463864555656817,0.6,3,0.8543691420768635,0.8,4,0.9488109622413546,0.8,4
COVER__test__9126.pgm,9126.pgm,COVER,0,MULTI_CANDIDATE,HILL,MiPOD,HILL,MiPOD,S-UNIWARD,HUGO,WOW,,"HILL,MiPOD,S-UNIWARD,HUGO",4,0,1.0,1.0,0.0,0.8577271971767668,0.8,4,0.9783506377159302,0.8,4,1.0,1.0,5,0.958062726683281,0.8,4,1.0,1.0,5
COVER__test__9132.pgm,9132.pgm,COVER,0,UNKNOWN_OR_COVER,UNKNOWN,,HUGO,S-UNIWARD,MiPOD,HILL,WOW,,,0,0,0.8096834949197402,0.7581063665264979,0.051577128393242355,0.41366515562071565,0.2,1,0.7581063665264979,0.2,1,0.6719405492428299,0.2,1,0.8096834949197402,0.2,1,0.7580602187582611,0.2,1
COVER__test__9136.pgm,9136.pgm,COVER,0,MULTI_CANDIDATE,HILL,MiPOD,HILL,MiPOD,S-UNIWARD,HUGO,WOW,,"HILL,MiPOD",2,0,1.0,1.0,0.0,0.767984639769532,0.6,3,0.8514941374032032,0.8,4,1.0,1.0,5,0.8346833809391182,0.8,4,1.0,1.0,5
COVER__test__9137.pgm,9137.pgm,COVER,0,UNKNOWN_OR_COVER,UNKNOWN,,HUGO,S-UNIWARD,MiPOD,HILL,WOW,,,0,0,0.8321565762294533,0.8282564820244307,0.003900094205022575,0.44015168518651526,0.2,1,0.8282564820244307,0.4,2,0.6986390296422124,0.6,3,0.8321565762294533,0.8,4,0.7867231375544835,0.6,3
COVER__test__9138.pgm,9138.pgm,COVER,0,UNKNOWN_OR_COVER,UNKNOWN,,HUGO,S-UNIWARD,MiPOD,HILL,WOW,,,0,0,0.8324986242034601,0.8306798325388971,0.001818791664563002,0.4558600653385813,0.2,1,0.8306798325388971,0.4,2,0.7128851288846315,0.6,3,0.8324986242034601,0.8,4,0.7989601879016324,0.6,3
COVER__test__9141.pgm,9141.pgm,COVER,0,MULTI_CANDIDATE,HILL,MiPOD,HILL,MiPOD,S-UNIWARD,HUGO,WOW,,"HILL,MiPOD",2,0,1.0,1.0,0.0,0.7811832465884018,0.6,3,0.8561324243866574,0.8,4,1.0,1.0,5,0.8429425578400039,0.8,4,1.0,1.0,5
COVER__test__9145.pgm,9145.pgm,COVER,0,UNKNOWN_OR_COVER,UNKNOWN,,HUGO,MiPOD,S-UNIWARD,HILL,WOW,,,0,0,0.8067737113563289,0.7565353432913124,0.05023836806501647,0.4130538765780748,0.0,0,0.7548081325932288,0.0,0,0.6718555208431717,0.2,1,0.8067737113563289,0.0,0,0.7565353432913124,0.0,0
COVER__test__9153.pgm,9153.pgm,COVER,0,UNKNOWN_OR_COVER,UNKNOWN,,HUGO,MiPOD,S-UNIWARD,HILL,WOW,,,0,0,0.8098419707113811,0.7584425384623172,0.05139943224906385,0.4137466234016215,0.0,0,0.7555759662580381,0.0,0,0.6737222775910533,0.0,0,0.8098419707113811,0.0,0,0.7584425384623172,0.0,0
COVER__test__9156.pgm,9156.pgm,COVER,0,UNKNOWN_OR_COVER,UNKNOWN,,HUGO,MiPOD,S-UNIWARD,HILL,WOW,,,0,0,0.8085259024514844,0.758081511460293,0.05044439099119136,0.4138971189739181,0.2,1,0.7554178787756703,0.2,1,0.6729372251019309,0.2,1,0.8085259024514844,0.0,0,0.758081511460293,0.2,1
COVER__test__9158.pgm,9158.pgm,COVER,0,UNKNOWN_OR_COVER,UNKNOWN,,HUGO,S-UNIWARD,MiPOD,HILL,WOW,,,0,0,0.8091464679483285,0.7626955174575037,0.046450950490824705,0.4141279530486742,0.2,1,0.7626955174575037,0.4,2,0.6724763054862095,0.4,2,0.8091464679483285,0.2,1,0.7580131219056675,0.4,2
COVER__test__916.pgm,916.pgm,COVER,0,MULTI_CANDIDATE,WOW,S-UNIWARD,WOW,S-UNIWARD,HILL,MiPOD,HUGO,,"WOW,S-UNIWARD,HILL,MiPOD",4,0,1.0,1.0,0.0,1.0,1.0,5,1.0,1.0,5,1.0,1.0,5,0.8903505897170672,0.8,4,1.0,1.0,5
COVER__test__9166.pgm,9166.pgm,COVER,0,UNKNOWN_OR_COVER,UNKNOWN,,HUGO,MiPOD,S-UNIWARD,HILL,WOW,,,0,0,0.8096916542547052,0.7585096415749739,0.051182012679731326,0.4140798450023057,0.0,0,0.7575688579043726,0.0,0,0.6743871650431857,0.4,2,0.8096916542547052,0.2,1,0.7585096415749739,0.2,1
COVER__test__917.pgm,917.pgm,COVER,0,SINGLE_CANDIDATE,S-UNIWARD,,S-UNIWARD,MiPOD,HUGO,HILL,WOW,,S-UNIWARD,1,0,0.9283273803750024,0.8924329057903014,0.035894474584700964,0.6525725322617835,0.4,2,0.9283273803750024,0.8,4,0.7772157826993288,0.6,3,0.8446526119989659,0.8,4,0.8924329057903014,0.8,4
COVER__test__9173.pgm,9173.pgm,COVER,0,UNKNOWN_OR_COVER,UNKNOWN,,HUGO,MiPOD,S-UNIWARD,HILL,WOW,,,0,0,0.8053368252927419,0.7552289144461194,0.05010791084662247,0.4127371730683202,0.2,1,0.7541069494685885,0.2,1,0.6700049059531537,0.2,1,0.8053368252927419,0.0,0,0.7552289144461194,0.2,1
COVER__test__9176.pgm,9176.pgm,COVER,0,SINGLE_CANDIDATE,S-UNIWARD,,S-UNIWARD,HILL,MiPOD,HUGO,WOW,,S-UNIWARD,1,0,0.9700859648501302,0.8635701651535277,0.10651579969660252,0.6995511826285722,0.6,3,0.9700859648501302,0.8,4,0.8635701651535277,0.8,4,0.833615457977752,0.8,4,0.8555941928179575,0.8,4
COVER__test__9179.pgm,9179.pgm,COVER,0,MULTI_CANDIDATE,HUGO,WOW,HUGO,WOW,MiPOD,S-UNIWARD,HILL,,"HUGO,WOW,MiPOD,S-UNIWARD,HILL",5,0,0.9842472442548196,0.9718799725263114,0.012367271728508156,0.9718799725263114,0.8,4,0.955423925717828,0.8,4,0.9084859731438876,0.8,4,0.9842472442548196,0.6,3,0.9655992675359126,0.8,4
COVER__test__9185.pgm,9185.pgm,COVER,0,UNKNOWN_OR_COVER,UNKNOWN,,HUGO,S-UNIWARD,MiPOD,HILL,WOW,,,0,0,0.8270062690458474,0.781452347187795,0.045553921858052404,0.4216584619880373,0.2,1,0.781452347187795,0.2,1,0.6812569458131186,0.4,2,0.8270062690458474,0.6,3,0.7685045017552528,0.4,2
COVER__test__9191.pgm,9191.pgm,COVER,0,MULTI_CANDIDATE,HILL,MiPOD,HILL,MiPOD,S-UNIWARD,HUGO,WOW,,"HILL,MiPOD,S-UNIWARD",3,0,1.0,1.0,0.0,0.827539229711434,0.8,4,0.9815523875628663,0.8,4,1.0,1.0,5,0.8331956128803981,0.8,4,1.0,1.0,5
COVER__test__9193.pgm,9193.pgm,COVER,0,UNKNOWN_OR_COVER,UNKNOWN,,HUGO,S-UNIWARD,MiPOD,HILL,WOW,,,0,0,0.8062379740908842,0.7561011466678396,0.050136827423044594,0.4120696280867987,0.2,1,0.7561011466678396,0.2,1,0.6684380886438915,0.2,1,0.8062379740908842,0.0,0,0.7537713432743187,0.2,1
COVER__test__9194.pgm,9194.pgm,COVER,0,UNKNOWN_OR_COVER,UNKNOWN,,HUGO,MiPOD,S-UNIWARD,HILL,WOW,,,0,0,0.8056076093479924,0.7559711290847787,0.049636480263213656,0.4127082701197037,0.2,1,0.7548623931222245,0.2,1,0.6711316968462838,0.2,1,0.8056076093479924,0.2,1,0.7559711290847787,0.0,0
COVER__test__9195.pgm,9195.pgm,COVER,0,UNKNOWN_OR_COVER,UNKNOWN,,HUGO,MiPOD,S-UNIWARD,HILL,WOW,,,0,0,0.8058499278781808,0.7560876688913256,0.04976225898685516,0.4127230641392724,0.0,0,0.7540708043235634,0.0,0,0.6721178418185781,0.2,1,0.8058499278781808,0.2,1,0.7560876688913256,0.0,0
COVER__test__921.pgm,921.pgm,COVER,0,UNKNOWN_OR_COVER,UNKNOWN,,HUGO,MiPOD,S-UNIWARD,HILL,WOW,,,0,0,0.8242135656321439,0.7924477380984885,0.03176582753365542,0.4469709938096752,0.2,1,0.7859835737259433,0.6,3,0.6889764771669272,0.6,3,0.8242135656321439,0.6,3,0.7924477380984885,0.6,3
COVER__test__9210.pgm,9210.pgm,COVER,0,UNKNOWN_OR_COVER,UNKNOWN,,HILL,MiPOD,HUGO,S-UNIWARD,WOW,,,0,0,0.8407625087142494,0.8349682664804747,0.005794242233774671,0.6637535211964332,0.2,1,0.8055955544731616,0.4,2,0.8407625087142494,0.6,3,0.8103260364059978,0.6,3,0.8349682664804747,0.6,3
COVER__test__9217.pgm,9217.pgm,COVER,0,UNKNOWN_OR_COVER,UNKNOWN,,HUGO,MiPOD,S-UNIWARD,HILL,WOW,,,0,0,0.80988142787015,0.7593584171739503,0.0505230106961998,0.4140482758114922,0.0,0,0.7579822752464915,0.0,0,0.6742753444740242,0.4,2,0.80988142787015,0.2,1,0.7593584171739503,0.2,1
COVER__test__9223.pgm,9223.pgm,COVER,0,UNKNOWN_OR_COVER,UNKNOWN,,HUGO,MiPOD,S-UNIWARD,HILL,WOW,,,0,0,0.8055940633206988,0.7565346799554621,0.04905938336523674,0.41287852916773904,0.2,1,0.7543677037977842,0.2,1,0.6720181802988446,0.2,1,0.8055940633206988,0.2,1,0.7565346799554621,0.2,1
COVER__test__9227.pgm,9227.pgm,COVER,0,UNKNOWN_OR_COVER,UNKNOWN,,HUGO,MiPOD,S-UNIWARD,HILL,WOW,,,0,0,0.810446907221586,0.7605305542477034,0.04991635297388253,0.4146139218827044,0.2,1,0.7577999856051948,0.2,1,0.6749301525392741,0.4,2,0.810446907221586,0.2,1,0.7605305542477034,0.4,2
COVER__test__9228.pgm,9228.pgm,COVER,0,UNKNOWN_OR_COVER,UNKNOWN,,HUGO,S-UNIWARD,MiPOD,HILL,WOW,,,0,0,0.8093085732235463,0.7596706763001783,0.04963789692336806,0.4142759232842323,0.2,1,0.7596706763001783,0.2,1,0.6736958007707081,0.4,2,0.8093085732235463,0.2,1,0.7593569471228632,0.4,2
COVER__test__924.pgm,924.pgm,COVER,0,UNKNOWN_OR_COVER,UNKNOWN,,HUGO,S-UNIWARD,MiPOD,HILL,WOW,,,0,0,0.8291896559031453,0.772873155650743,0.05631650025240231,0.42036135705414585,0.2,1,0.772873155650743,0.2,1,0.6816923950260841,0.4,2,0.8291896559031453,0.4,2,0.7671495214044839,0.4,2
COVER__test__9241.pgm,9241.pgm,COVER,0,MULTI_CANDIDATE,WOW,S-UNIWARD,WOW,S-UNIWARD,HILL,HUGO,MiPOD,,"WOW,S-UNIWARD,HILL,HUGO,MiPOD",5,0,1.0,1.0,0.0,1.0,1.0,5,1.0,1.0,5,1.0,1.0,5,1.0,1.0,5,1.0,1.0,5
COVER__test__9254.pgm,9254.pgm,COVER,0,MULTI_CANDIDATE,HUGO,WOW,HUGO,WOW,MiPOD,S-UNIWARD,HILL,,"HUGO,WOW,MiPOD,S-UNIWARD,HILL",5,0,1.0,0.9956529998608957,0.004347000139104273,0.9956529998608957,0.6,3,0.977500075452163,0.8,4,0.9238951360262326,0.8,4,1.0,1.0,5,0.9891207054942879,0.8,4
COVER__test__9269.pgm,9269.pgm,COVER,0,UNKNOWN_OR_COVER,UNKNOWN,,HUGO,MiPOD,S-UNIWARD,HILL,WOW,,,0,0,0.8071441894155921,0.7564417448198083,0.05070244459578377,0.41309278351155215,0.0,0,0.7545060200643313,0.0,0,0.6715123423700178,0.0,0,0.8071441894155921,0.0,0,0.7564417448198083,0.0,0
COVER__test__9271.pgm,9271.pgm,COVER,0,UNKNOWN_OR_COVER,UNKNOWN,,HUGO,MiPOD,S-UNIWARD,HILL,WOW,,,0,0,0.8077460508664112,0.7582212994553056,0.04952475141110557,0.41352046114093444,0.0,0,0.7565709088736441,0.0,0,0.6737297224832028,0.4,2,0.8077460508664112,0.2,1,0.7582212994553056,0.2,1
COVER__test__9274.pgm,9274.pgm,COVER,0,UNKNOWN_OR_COVER,UNKNOWN,,HUGO,MiPOD,S-UNIWARD,HILL,WOW,,,0,0,0.8086834270783797,0.7580560725841852,0.05062735449419453,0.4137438709035087,0.0,0,0.7559744457967263,0.0,0,0.6729677015898257,0.2,1,0.8086834270783797,0.0,0,0.7580560725841852,0.0,0
COVER__test__9276.pgm,9276.pgm,COVER,0,UNKNOWN_OR_COVER,UNKNOWN,,HUGO,MiPOD,S-UNIWARD,HILL,WOW,,,0,0,0.8108048093052058,0.7607126442949609,0.05009216501024494,0.4148080869985177,0.2,1,0.7571081118552717,0.2,1,0.6751668992156359,0.2,1,0.8108048093052058,0.2,1,0.7607126442949609,0.2,1
COVER__test__9289.pgm,9289.pgm,COVER,0,UNKNOWN_OR_COVER,UNKNOWN,,HUGO,MiPOD,S-UNIWARD,HILL,WOW,,,0,0,0.8134106986874856,0.7620255721328407,0.05138512655464489,0.41560824677074865,0.2,1,0.7596777681277038,0.2,1,0.6763688769258844,0.4,2,0.8134106986874856,0.2,1,0.7620255721328407,0.4,2
COVER__test__9298.pgm,9298.pgm,COVER,0,MULTI_CANDIDATE,HILL,MiPOD,HILL,MiPOD,S-UNIWARD,HUGO,WOW,,"HILL,MiPOD",2,0,0.9161120322537736,0.9151070962209455,0.00100493603282803,0.7623241743091,0.6,3,0.8974934030691243,0.8,4,0.9161120322537736,0.6,3,0.8355704120847903,0.8,4,0.9151070962209455,0.8,4
COVER__test__930.pgm,930.pgm,COVER,0,MULTI_CANDIDATE,HILL,MiPOD,HILL,MiPOD,WOW,HUGO,S-UNIWARD,,"HILL,MiPOD,WOW,HUGO",4,0,0.9685207045804324,0.9637658807311104,0.004754823849322021,0.9612418339432803,0.6,3,0.8848933922060656,0.8,4,0.9685207045804324,0.6,3,0.9341973802557744,0.8,4,0.9637658807311104,0.8,4
COVER__test__9301.pgm,9301.pgm,COVER,0,UNKNOWN_OR_COVER,UNKNOWN,,HUGO,MiPOD,S-UNIWARD,HILL,WOW,,,0,0,0.8175832305197949,0.7582848715354961,0.059298358984298805,0.4138787728444321,0.2,1,0.7575980538637507,0.2,1,0.6733871172268653,0.2,1,0.8175832305197949,0.2,1,0.7582848715354961,0.4,2
COVER__test__9314.pgm,9314.pgm,COVER,0,UNKNOWN_OR_COVER,UNKNOWN,,HUGO,MiPOD,S-UNIWARD,HILL,WOW,,,0,0,0.8076955931410119,0.7560173277049503,0.05167826543606158,0.4131528538146213,0.2,1,0.7557250215522384,0.2,1,0.6711890056198421,0.2,1,0.8076955931410119,0.0,0,0.7560173277049503,0.2,1
COVER__test__9316.pgm,9316.pgm,COVER,0,UNKNOWN_OR_COVER,UNKNOWN,,HUGO,S-UNIWARD,MiPOD,HILL,WOW,,,0,0,0.810889631903794,0.7593258073747392,0.051563824529054836,0.4143474784046962,0.0,0,0.7593258073747392,0.2,1,0.6739649383703373,0.4,2,0.810889631903794,0.2,1,0.7589857417536512,0.2,1
COVER__test__932.pgm,932.pgm,COVER,0,UNKNOWN_OR_COVER,UNKNOWN,,S-UNIWARD,HUGO,MiPOD,HILL,WOW,,,0,0,0.8867250149218939,0.8095198572912624,0.07720515763063152,0.5375768680609407,0.2,1,0.8867250149218939,0.4,2,0.6793895377622073,0.4,2,0.8095198572912624,0.6,3,0.7800285497796665,0.4,2
COVER__test__9327.pgm,9327.pgm,COVER,0,MULTI_CANDIDATE,WOW,S-UNIWARD,WOW,S-UNIWARD,HILL,MiPOD,HUGO,,"WOW,S-UNIWARD,HILL,MiPOD,HUGO",5,0,1.0,1.0,0.0,1.0,1.0,5,1.0,1.0,5,1.0,1.0,5,0.9539820531462165,0.8,4,1.0,1.0,5
COVER__test__9332.pgm,9332.pgm,COVER,0,UNKNOWN_OR_COVER,UNKNOWN,,HUGO,MiPOD,S-UNIWARD,HILL,WOW,,,0,0,0.8069126301674162,0.7558269734286425,0.051085656738773744,0.4133031461837633,0.2,1,0.7546920902545194,0.2,1,0.6707313336964417,0.2,1,0.8069126301674162,0.0,0,0.7558269734286425,0.2,1
COVER__test__9343.pgm,9343.pgm,COVER,0,MULTI_CANDIDATE,HUGO,MiPOD,HUGO,MiPOD,S-UNIWARD,HILL,WOW,,"HUGO,MiPOD",2,0,0.9721051663746149,0.9396850470008138,0.03242011937380107,0.6703961163724083,0.2,1,0.8674958978172317,0.8,4,0.8298265470596137,0.6,3,0.9721051663746149,0.8,4,0.9396850470008138,0.6,3
COVER__test__9355.pgm,9355.pgm,COVER,0,MULTI_CANDIDATE,HILL,MiPOD,HILL,MiPOD,WOW,S-UNIWARD,HUGO,,"HILL,MiPOD,WOW",3,0,1.0,1.0,0.0,0.9165684736837584,0.8,4,0.8418465297444847,0.8,4,1.0,1.0,5,0.8131848407588228,0.6,3,1.0,1.0,5
COVER__test__9357.pgm,9357.pgm,COVER,0,UNKNOWN_OR_COVER,UNKNOWN,,HUGO,S-UNIWARD,MiPOD,HILL,WOW,,,0,0,0.8165614354836386,0.7621581150946227,0.05440332038901585,0.41584044661718994,0.0,0,0.7621581150946227,0.2,1,0.6749686135226902,0.2,1,0.8165614354836386,0.2,1,0.7606280254054074,0.0,0
COVER__test__9361.pgm,9361.pgm,COVER,0,UNKNOWN_OR_COVER,UNKNOWN,,HUGO,MiPOD,S-UNIWARD,HILL,WOW,,,0,0,0.808589647900712,0.7575830353311075,0.05100661256960448,0.41391141957112565,0.2,1,0.7553312843724989,0.2,1,0.6727662250456656,0.2,1,0.808589647900712,0.0,0,0.7575830353311075,0.2,1
COVER__test__9364.pgm,9364.pgm,COVER,0,UNKNOWN_OR_COVER,UNKNOWN,,HUGO,MiPOD,S-UNIWARD,HILL,WOW,,,0,0,0.8129540387194323,0.7635507026991668,0.049403336020265476,0.41626421034058253,0.2,1,0.7580781662033405,0.2,1,0.6784955427314598,0.4,2,0.8129540387194323,0.2,1,0.7635507026991668,0.4,2
COVER__test__9372.pgm,9372.pgm,COVER,0,UNKNOWN_OR_COVER,UNKNOWN,,HILL,MiPOD,HUGO,S-UNIWARD,WOW,,,0,0,0.8524328831478438,0.8458542747007621,0.006578608447081691,0.6212407505448201,0.4,2,0.8219712439423862,0.6,3,0.8524328831478438,0.8,4,0.8334195244813186,0.8,4,0.8458542747007621,0.8,4
COVER__test__9377.pgm,9377.pgm,COVER,0,MULTI_CANDIDATE,HUGO,WOW,HUGO,WOW,MiPOD,S-UNIWARD,HILL,,"HUGO,WOW,MiPOD,S-UNIWARD,HILL",5,0,1.0,0.975453377606992,0.024546622393007977,0.975453377606992,0.8,4,0.9586552076272683,0.8,4,0.9107414094342069,0.8,4,1.0,1.0,5,0.9690420960125067,0.8,4
COVER__test__939.pgm,939.pgm,COVER,0,MULTI_CANDIDATE,HUGO,MiPOD,HUGO,MiPOD,S-UNIWARD,HILL,WOW,,"HUGO,MiPOD,S-UNIWARD",3,0,1.0,0.9360044021091187,0.06399559789088127,0.6781842221724612,0.6,3,0.9146325515646643,0.4,2,0.8396379445302173,0.8,4,1.0,1.0,5,0.9360044021091187,0.8,4
COVER__test__9390.pgm,9390.pgm,COVER,0,UNKNOWN_OR_COVER,UNKNOWN,,HUGO,MiPOD,S-UNIWARD,HILL,WOW,,,0,0,0.8064287924789391,0.7557758595839361,0.050652932895002944,0.412818617577253,0.0,0,0.7533905756545222,0.0,0,0.6710585287959224,0.0,0,0.8064287924789391,0.0,0,0.7557758595839361,0.0,0
COVER__test__9399.pgm,9399.pgm,COVER,0,UNKNOWN_OR_COVER,UNKNOWN,,HUGO,MiPOD,S-UNIWARD,HILL,WOW,,,0,0,0.8196083256082399,0.7648958766713967,0.05471244893684324,0.4262844552543291,0.2,1,0.7632326496989907,0.2,1,0.6794120615736758,0.4,2,0.8196083256082399,0.2,1,0.7648958766713967,0.4,2
COVER__test__94.pgm,94.pgm,COVER,0,MULTI_CANDIDATE,HILL,MiPOD,HILL,MiPOD,HUGO,S-UNIWARD,WOW,,"HILL,MiPOD,HUGO",3,0,1.0,1.0,0.0,0.8321079172004018,0.6,3,0.8419759939785288,0.8,4,1.0,1.0,5,0.9244060931992217,0.8,4,1.0,1.0,5
COVER__test__9411.pgm,9411.pgm,COVER,0,MULTI_CANDIDATE,HILL,MiPOD,HILL,MiPOD,S-UNIWARD,WOW,HUGO,,"HILL,MiPOD,S-UNIWARD,WOW",4,0,1.0,1.0,0.0,0.9093440393771861,0.8,4,0.9820915820621711,0.8,4,1.0,1.0,5,0.8314574880969825,0.8,4,1.0,1.0,5
COVER__test__9414.pgm,9414.pgm,COVER,0,MULTI_CANDIDATE,S-UNIWARD,WOW,S-UNIWARD,WOW,HILL,MiPOD,HUGO,,"S-UNIWARD,WOW,HILL",3,0,0.9949446111605329,0.9123547798565138,0.08258983130401909,0.9123547798565138,0.8,4,0.9949446111605329,0.8,4,0.9090589475438783,0.8,4,0.8013848979906882,0.6,3,0.8953756238266033,0.8,4
COVER__test__9418.pgm,9418.pgm,COVER,0,MULTI_CANDIDATE,S-UNIWARD,HUGO,S-UNIWARD,HUGO,MiPOD,WOW,HILL,,"S-UNIWARD,HUGO,MiPOD,WOW,HILL",5,0,1.0,1.0,0.0,0.9982599789624331,0.8,4,1.0,1.0,5,0.9777659041909544,0.8,4,1.0,1.0,5,1.0,1.0,5
COVER__test__9431.pgm,9431.pgm,COVER,0,UNKNOWN_OR_COVER,UNKNOWN,,HUGO,MiPOD,S-UNIWARD,HILL,WOW,,,0,0,0.8153168285398953,0.8107853461765634,0.004531482363331896,0.43541549708089866,0.0,0,0.7708910231609755,0.2,1,0.6886546996927729,0.0,0,0.8153168285398953,0.2,1,0.8107853461765634,0.0,0
COVER__test__9433.pgm,9433.pgm,COVER,0,UNKNOWN_OR_COVER,UNKNOWN,,HUGO,MiPOD,S-UNIWARD,HILL,WOW,,,0,0,0.8069075812202687,0.7572350193444424,0.04967256187582636,0.4136670576994609,0.2,1,0.7539483634072311,0.2,1,0.6723188984570936,0.2,1,0.8069075812202687,0.0,0,0.7572350193444424,0.2,1
COVER__test__944.pgm,944.pgm,COVER,0,UNKNOWN_OR_COVER,UNKNOWN,,HUGO,S-UNIWARD,MiPOD,HILL,WOW,,,0,0,0.8317948875074179,0.7980375948107145,0.03375729269670347,0.45130474155266376,0.2,1,0.7980375948107145,0.4,2,0.6918218489257927,0.6,3,0.8317948875074179,0.8,4,0.7906605151092452,0.6,3
COVER__test__9440.pgm,9440.pgm,COVER,0,MULTI_CANDIDATE,S-UNIWARD,HUGO,S-UNIWARD,HUGO,MiPOD,HILL,WOW,,"S-UNIWARD,HUGO,MiPOD,HILL",4,0,0.9945403491368587,0.9922463823860997,0.002293966750758991,0.8391586227642538,0.6,3,0.9945403491368587,0.8,4,0.9903554200751209,0.8,4,0.9922463823860997,0.8,4,0.9919679985054687,0.6,3
COVER__test__9444.pgm,9444.pgm,COVER,0,MULTI_CANDIDATE,HUGO,MiPOD,HUGO,MiPOD,S-UNIWARD,WOW,HILL,,"HUGO,MiPOD",2,0,1.0,0.9011065763112576,0.09889342368874243,0.8295130123366927,0.6,3,0.8590629489046482,0.4,2,0.7498087600276822,0.6,3,1.0,1.0,5,0.9011065763112576,0.6,3
COVER__test__9456.pgm,9456.pgm,COVER,0,UNKNOWN_OR_COVER,UNKNOWN,,MiPOD,HUGO,S-UNIWARD,HILL,WOW,,,0,0,0.8430162547283592,0.8351240964652217,0.007892158263137494,0.5120359050013684,0.2,1,0.8342453655279396,0.4,2,0.763101822012912,0.6,3,0.8351240964652217,0.8,4,0.8430162547283592,0.6,3
COVER__test__9467.pgm,9467.pgm,COVER,0,MULTI_CANDIDATE,WOW,S-UNIWARD,WOW,S-UNIWARD,HILL,HUGO,MiPOD,,"WOW,S-UNIWARD,HILL,HUGO,MiPOD",5,0,1.0,1.0,0.0,1.0,1.0,5,1.0,1.0,5,1.0,1.0,5,1.0,1.0,5,1.0,1.0,5
COVER__test__9487.pgm,9487.pgm,COVER,0,MULTI_CANDIDATE,S-UNIWARD,HUGO,S-UNIWARD,HUGO,MiPOD,HILL,WOW,,"S-UNIWARD,HUGO,MiPOD,HILL",4,0,1.0,1.0,0.0,0.8558121993325667,0.8,4,1.0,1.0,5,0.9943528937561984,0.8,4,1.0,1.0,5,1.0,1.0,5
COVER__test__9495.pgm,9495.pgm,COVER,0,UNKNOWN_OR_COVER,UNKNOWN,,MiPOD,HUGO,HILL,S-UNIWARD,WOW,,,0,0,0.8382244510211503,0.8303684067201796,0.007856044300970644,0.5752106147585512,0.2,1,0.7836757699281274,0.2,1,0.8212753780042075,0.2,1,0.8303684067201796,0.6,3,0.8382244510211503,0.4,2
COVER__test__9497.pgm,9497.pgm,COVER,0,MULTI_CANDIDATE,HUGO,MiPOD,HUGO,MiPOD,S-UNIWARD,HILL,WOW,,"HUGO,MiPOD,S-UNIWARD,HILL",4,0,1.0,1.0,0.0,0.8159696670543587,0.6,3,0.9898105180428101,0.8,4,0.9293298944714543,0.8,4,1.0,1.0,5,1.0,1.0,5
COVER__test__950.pgm,950.pgm,COVER,0,UNKNOWN_OR_COVER,UNKNOWN,,MiPOD,HUGO,S-UNIWARD,HILL,WOW,,,0,0,0.896713394910272,0.8363864184733503,0.06032697643692175,0.5874157714157492,0.2,1,0.836294507598048,0.8,4,0.818269345302768,0.6,3,0.8363864184733503,0.8,4,0.896713394910272,0.8,4
COVER__test__9501.pgm,9501.pgm,COVER,0,UNKNOWN_OR_COVER,UNKNOWN,,HUGO,MiPOD,S-UNIWARD,HILL,WOW,,,0,0,0.8022261951466125,0.7533128419354713,0.04891335321114121,0.4122235959371129,0.2,1,0.7512093387209149,0.2,1,0.6688136170233435,0.2,1,0.8022261951466125,0.0,0,0.7533128419354713,0.0,0
COVER__test__9511.pgm,9511.pgm,COVER,0,UNKNOWN_OR_COVER,UNKNOWN,,HUGO,MiPOD,S-UNIWARD,HILL,WOW,,,0,0,0.8113936694457872,0.7600930355445411,0.05130063390124606,0.41480765467907316,0.2,1,0.7568386837760458,0.2,1,0.6746551867197152,0.2,1,0.8113936694457872,0.2,1,0.7600930355445411,0.2,1
COVER__test__9527.pgm,9527.pgm,COVER,0,UNKNOWN_OR_COVER,UNKNOWN,,HUGO,MiPOD,S-UNIWARD,HILL,WOW,,,0,0,0.8189510170686962,0.7638917342472306,0.05505928282146566,0.4170735654578982,0.2,1,0.7625928771728766,0.2,1,0.6781506859764264,0.2,1,0.8189510170686962,0.2,1,0.7638917342472306,0.2,1
COVER__test__9535.pgm,9535.pgm,COVER,0,UNKNOWN_OR_COVER,UNKNOWN,,HUGO,MiPOD,S-UNIWARD,HILL,WOW,,,0,0,0.8220282352082446,0.7668484302985556,0.05517980490968899,0.41898322587349107,0.2,1,0.7646922112763932,0.2,1,0.6812305915525629,0.6,3,0.8220282352082446,0.4,2,0.7668484302985556,0.6,3
COVER__test__9538.pgm,9538.pgm,COVER,0,UNKNOWN_OR_COVER,UNKNOWN,,HUGO,MiPOD,S-UNIWARD,HILL,WOW,,,0,0,0.8070766767664045,0.755185105879812,0.051891570886592464,0.41295132589338407,0.2,1,0.7550299958361812,0.2,1,0.6707122170144566,0.2,1,0.8070766767664045,0.0,0,0.755185105879812,0.2,1
COVER__test__9539.pgm,9539.pgm,COVER,0,UNKNOWN_OR_COVER,UNKNOWN,,S-UNIWARD,HILL,MiPOD,HUGO,WOW,,,0,0,0.8442025680538612,0.8395271043607488,0.004675463693112336,0.665894579772955,0.4,2,0.8442025680538612,0.4,2,0.8395271043607488,0.6,3,0.8263139945520106,0.6,3,0.8332625316604861,0.6,3
COVER__test__9540.pgm,9540.pgm,COVER,0,SINGLE_CANDIDATE,HUGO,,HUGO,S-UNIWARD,MiPOD,HILL,WOW,,HUGO,1,0,0.9790753529549934,0.7836327045721032,0.19544264838289016,0.48277644467775954,0.2,1,0.7836327045721032,0.4,2,0.6244466209216409,0.4,2,0.9790753529549934,0.8,4,0.7651854522501005,0.6,3
COVER__test__9546.pgm,9546.pgm,COVER,0,MULTI_CANDIDATE,WOW,S-UNIWARD,WOW,S-UNIWARD,HILL,MiPOD,HUGO,,"WOW,S-UNIWARD,HILL,MiPOD,HUGO",5,0,1.0,1.0,0.0,1.0,1.0,5,1.0,1.0,5,1.0,1.0,5,0.9808517210718222,0.8,4,1.0,1.0,5
COVER__test__9550.pgm,9550.pgm,COVER,0,MULTI_CANDIDATE,WOW,S-UNIWARD,WOW,S-UNIWARD,HILL,HUGO,MiPOD,,"WOW,S-UNIWARD,HILL,HUGO,MiPOD",5,0,1.0,1.0,0.0,1.0,1.0,5,1.0,1.0,5,1.0,1.0,5,1.0,1.0,5,1.0,1.0,5
COVER__test__9556.pgm,9556.pgm,COVER,0,UNKNOWN_OR_COVER,UNKNOWN,,MiPOD,S-UNIWARD,HUGO,HILL,WOW,,,0,0,0.8501173466623196,0.8289448819663884,0.02117246469593126,0.4988280404072604,0.2,1,0.8289448819663884,0.6,3,0.7382465287095151,0.4,2,0.8198390420180403,0.6,3,0.8501173466623196,0.6,3
COVER__test__956.pgm,956.pgm,COVER,0,MULTI_CANDIDATE,HUGO,S-UNIWARD,HUGO,S-UNIWARD,MiPOD,HILL,WOW,,"HUGO,S-UNIWARD,MiPOD",3,0,1.0,0.9846116278648827,0.015388372135117345,0.6976135136431904,0.6,3,0.9846116278648827,0.8,4,0.7804388616892577,0.6,3,1.0,1.0,5,0.9736769417477529,0.6,3
COVER__test__9570.pgm,9570.pgm,COVER,0,MULTI_CANDIDATE,S-UNIWARD,HUGO,S-UNIWARD,HUGO,MiPOD,HILL,WOW,,"S-UNIWARD,HUGO,MiPOD",3,0,1.0,1.0,0.0,0.6966158665132867,0.6,3,1.0,1.0,5,0.8428309780768259,0.8,4,1.0,1.0,5,0.9469602330324352,0.8,4
COVER__test__9573.pgm,9573.pgm,COVER,0,UNKNOWN_OR_COVER,UNKNOWN,,HUGO,S-UNIWARD,MiPOD,HILL,WOW,,,0,0,0.831312805400571,0.7868155058442337,0.0444972995563373,0.4256141871248351,0.2,1,0.7868155058442337,0.2,1,0.6871780815025541,0.2,1,0.831312805400571,0.4,2,0.7720416027785428,0.2,1
COVER__test__958.pgm,958.pgm,COVER,0,MULTI_CANDIDATE,HILL,HUGO,HILL,HUGO,MiPOD,S-UNIWARD,WOW,,"HILL,HUGO,MiPOD,S-UNIWARD,WOW",5,0,1.0,1.0,0.0,0.9400871651013436,0.8,4,0.9762475651225457,0.8,4,1.0,1.0,5,1.0,1.0,5,1.0,1.0,5
COVER__test__9588.pgm,9588.pgm,COVER,0,MULTI_CANDIDATE,HILL,MiPOD,HILL,MiPOD,HUGO,S-UNIWARD,WOW,,"HILL,MiPOD,HUGO",3,0,1.0,1.0,0.0,0.78991914527413,0.6,3,0.8539429471479132,0.8,4,1.0,1.0,5,0.9448947507829801,0.8,4,1.0,1.0,5
COVER__test__9602.pgm,9602.pgm,COVER,0,UNKNOWN_OR_COVER,UNKNOWN,,HUGO,S-UNIWARD,MiPOD,HILL,WOW,,,0,0,0.826955629096618,0.7922993944566616,0.034656234639956374,0.42478618828120895,0.0,0,0.7922993944566616,0.2,1,0.6850950804251006,0.2,1,0.826955629096618,0.4,2,0.768696463391531,0.2,1
COVER__test__9604.pgm,9604.pgm,COVER,0,UNKNOWN_OR_COVER,UNKNOWN,,HUGO,MiPOD,S-UNIWARD,HILL,WOW,,,0,0,0.80543211017625,0.756367913398126,0.049064196778124014,0.4127214365460453,0.0,0,0.7534752299410047,0.0,0,0.6720240562546581,0.2,1,0.80543211017625,0.2,1,0.756367913398126,0.0,0
COVER__test__9612.pgm,9612.pgm,COVER,0,MULTI_CANDIDATE,S-UNIWARD,HILL,S-UNIWARD,HILL,MiPOD,WOW,HUGO,,"S-UNIWARD,HILL,MiPOD",3,0,1.0,1.0,0.0,0.886201574702746,0.8,4,1.0,1.0,5,1.0,1.0,5,0.8479534441535389,0.8,4,1.0,1.0,5
COVER__test__9618.pgm,9618.pgm,COVER,0,MULTI_CANDIDATE,HILL,MiPOD,HILL,MiPOD,S-UNIWARD,HUGO,WOW,,"HILL,MiPOD",2,0,1.0,0.992091381803999,0.007908618196000972,0.7237399927725587,0.4,2,0.8325084579098135,0.6,3,1.0,1.0,5,0.8313876876888543,0.8,4,0.992091381803999,0.6,3
COVER__test__9623.pgm,9623.pgm,COVER,0,MULTI_CANDIDATE,HILL,MiPOD,HILL,MiPOD,WOW,S-UNIWARD,HUGO,,"HILL,MiPOD,WOW",3,0,1.0,1.0,0.0,0.9887627176408671,0.8,4,0.8677633019356321,0.8,4,1.0,1.0,5,0.8422750401200887,0.8,4,1.0,1.0,5
COVER__test__9636.pgm,9636.pgm,COVER,0,MULTI_CANDIDATE,HILL,HUGO,HILL,HUGO,MiPOD,S-UNIWARD,WOW,,"HILL,HUGO,MiPOD",3,0,1.0,1.0,0.0,0.8408567980310531,0.8,4,0.8796891121950523,0.8,4,1.0,1.0,5,1.0,1.0,5,1.0,1.0,5
COVER__test__9637.pgm,9637.pgm,COVER,0,UNKNOWN_OR_COVER,UNKNOWN,,HUGO,S-UNIWARD,MiPOD,HILL,WOW,,,0,0,0.8021864643857235,0.7613249279375136,0.04086153644820989,0.4126904147980931,0.0,0,0.7613249279375136,0.0,0,0.6709093995598908,0.2,1,0.8021864643857235,0.4,2,0.7589536781303263,0.2,1
COVER__test__9649.pgm,9649.pgm,COVER,0,MULTI_CANDIDATE,MiPOD,HILL,MiPOD,HILL,S-UNIWARD,HUGO,WOW,,"MiPOD,HILL",2,0,0.9913811944154339,0.9202811549089078,0.0711000395065261,0.7679025843599988,0.4,2,0.845995017571034,0.8,4,0.9202811549089078,0.8,4,0.8316206552576485,0.8,4,0.9913811944154339,0.8,4
COVER__test__9651.pgm,9651.pgm,COVER,0,MULTI_CANDIDATE,S-UNIWARD,MiPOD,S-UNIWARD,MiPOD,HILL,WOW,HUGO,,"S-UNIWARD,MiPOD,HILL,WOW",4,0,1.0,1.0,0.0,0.9657352339867581,0.8,4,1.0,1.0,5,0.966242476021575,0.8,4,0.8375840920021744,0.8,4,1.0,1.0,5
COVER__test__9655.pgm,9655.pgm,COVER,0,UNKNOWN_OR_COVER,UNKNOWN,,MiPOD,HUGO,S-UNIWARD,HILL,WOW,,,0,0,0.8360854748542422,0.8247862079747424,0.01129926687949978,0.4885618146549112,0.2,1,0.7910992240490266,0.4,2,0.728536181714596,0.2,1,0.8247862079747424,0.6,3,0.8360854748542422,0.4,2
COVER__test__9661.pgm,9661.pgm,COVER,0,UNKNOWN_OR_COVER,UNKNOWN,,HUGO,MiPOD,S-UNIWARD,HILL,WOW,,,0,0,0.8110500876580209,0.7617282316541696,0.049321856003851305,0.41546912653954243,0.2,1,0.7546326926370837,0.2,1,0.6769110545498128,0.2,1,0.8110500876580209,0.2,1,0.7617282316541696,0.2,1
COVER__test__9673.pgm,9673.pgm,COVER,0,UNKNOWN_OR_COVER,UNKNOWN,,MiPOD,HUGO,S-UNIWARD,HILL,WOW,,,0,0,0.8481184979434302,0.8394756872730422,0.008642810670387968,0.5110661282674527,0.2,1,0.8360731980376126,0.8,4,0.745482591476389,0.6,3,0.8394756872730422,0.8,4,0.8481184979434302,0.6,3
COVER__test__9676.pgm,9676.pgm,COVER,0,UNKNOWN_OR_COVER,UNKNOWN,,HUGO,MiPOD,S-UNIWARD,HILL,WOW,,,0,0,0.8089644344822913,0.7580265963145587,0.05093783816773256,0.41426513665658027,0.2,1,0.7546894801680984,0.2,1,0.6732393262238346,0.2,1,0.8089644344822913,0.0,0,0.7580265963145587,0.2,1
COVER__test__9683.pgm,9683.pgm,COVER,0,UNKNOWN_OR_COVER,UNKNOWN,,HUGO,MiPOD,S-UNIWARD,HILL,WOW,,,0,0,0.810365325067443,0.7592528053722485,0.05111251969519448,0.41413039105920424,0.0,0,0.7563191006230003,0.0,0,0.6739796135237672,0.0,0,0.810365325067443,0.0,0,0.7592528053722485,0.0,0
COVER__test__9686.pgm,9686.pgm,COVER,0,UNKNOWN_OR_COVER,UNKNOWN,,HUGO,MiPOD,S-UNIWARD,HILL,WOW,,,0,0,0.8113458919167105,0.7611331613835544,0.050212730533156114,0.4151353676390964,0.2,1,0.7589923147301467,0.2,1,0.675706653878406,0.4,2,0.8113458919167105,0.2,1,0.7611331613835544,0.4,2
COVER__test__9688.pgm,9688.pgm,COVER,0,UNKNOWN_OR_COVER,UNKNOWN,,HUGO,MiPOD,S-UNIWARD,HILL,WOW,,,0,0,0.8114151060795616,0.7612251017257963,0.050190004353765305,0.4154037747669347,0.2,1,0.7602245025055216,0.2,1,0.6760207131836335,0.4,2,0.8114151060795616,0.2,1,0.7612251017257963,0.4,2
COVER__test__9696.pgm,9696.pgm,COVER,0,UNKNOWN_OR_COVER,UNKNOWN,,HUGO,MiPOD,S-UNIWARD,HILL,WOW,,,0,0,0.8088401404893999,0.7595713002453022,0.04926884024409772,0.41464304824407583,0.2,1,0.7543781040136481,0.2,1,0.6746011444047795,0.2,1,0.8088401404893999,0.0,0,0.7595713002453022,0.0,0
COVER__test__9705.pgm,9705.pgm,COVER,0,UNKNOWN_OR_COVER,UNKNOWN,,HUGO,MiPOD,S-UNIWARD,HILL,WOW,,,0,0,0.8099625226133023,0.7599140732139441,0.05004844939935815,0.4144319427708208,0.2,1,0.7577497899166408,0.2,1,0.6745860814613149,0.4,2,0.8099625226133023,0.2,1,0.7599140732139441,0.4,2
COVER__test__9721.pgm,9721.pgm,COVER,0,UNKNOWN_OR_COVER,UNKNOWN,,HUGO,MiPOD,S-UNIWARD,HILL,WOW,,,0,0,0.8083601051869567,0.7571209020335243,0.05123920315343233,0.4139305771734139,0.2,1,0.7553678868597019,0.2,1,0.6716942542089346,0.2,1,0.8083601051869567,0.0,0,0.7571209020335243,0.2,1
COVER__test__9744.pgm,9744.pgm,COVER,0,UNKNOWN_OR_COVER,UNKNOWN,,HUGO,MiPOD,S-UNIWARD,HILL,WOW,,,0,0,0.8095910131235262,0.758937425940761,0.05065358718276525,0.41416232084613486,0.2,1,0.7565372239763188,0.2,1,0.6732155861496755,0.2,1,0.8095910131235262,0.0,0,0.758937425940761,0.2,1
COVER__test__9763.pgm,9763.pgm,COVER,0,UNKNOWN_OR_COVER,UNKNOWN,,HUGO,MiPOD,S-UNIWARD,HILL,WOW,,,0,0,0.809471519512291,0.7597325639846806,0.04973895552761043,0.4142817066871274,0.2,1,0.7575233051519473,0.2,1,0.6743306605529251,0.4,2,0.809471519512291,0.2,1,0.7597325639846806,0.4,2
COVER__test__9766.pgm,9766.pgm,COVER,0,UNKNOWN_OR_COVER,UNKNOWN,,HUGO,MiPOD,S-UNIWARD,HILL,WOW,,,0,0,0.8083868679022338,0.757365807625917,0.05102106027631681,0.41370452088667486,0.2,1,0.7551320250164799,0.2,1,0.6724593802459803,0.2,1,0.8083868679022338,0.0,0,0.757365807625917,0.2,1
COVER__test__9771.pgm,9771.pgm,COVER,0,MULTI_CANDIDATE,HUGO,MiPOD,HUGO,MiPOD,S-UNIWARD,HILL,WOW,,"HUGO,MiPOD",2,0,1.0,0.9412364561367557,0.05876354386324434,0.6263954274658614,0.2,1,0.8208806010052054,0.6,3,0.7852275529039556,0.4,2,1.0,1.0,5,0.9412364561367557,0.6,3
COVER__test__9772.pgm,9772.pgm,COVER,0,MULTI_CANDIDATE,HILL,HUGO,HILL,HUGO,MiPOD,S-UNIWARD,WOW,,"HILL,HUGO,MiPOD",3,0,1.0,1.0,0.0,0.8241044380860683,0.8,4,0.8727978357627105,0.8,4,1.0,1.0,5,1.0,1.0,5,1.0,1.0,5
COVER__test__9778.pgm,9778.pgm,COVER,0,MULTI_CANDIDATE,S-UNIWARD,MiPOD,S-UNIWARD,MiPOD,HILL,HUGO,WOW,,"S-UNIWARD,MiPOD",2,0,1.0,0.9796738059490234,0.020326194050976576,0.6968065607207762,0.6,3,1.0,1.0,5,0.8523652193847845,0.8,4,0.832143420903976,0.8,4,0.9796738059490234,0.8,4
COVER__test__978.pgm,978.pgm,COVER,0,UNKNOWN_OR_COVER,UNKNOWN,,MiPOD,S-UNIWARD,HUGO,HILL,WOW,,,0,0,0.8368875176659107,0.8352797504113119,0.0016077672545988797,0.49636294479320825,0.2,1,0.8352797504113119,0.8,4,0.7545881601239735,0.4,2,0.8312344892828294,0.6,3,0.8368875176659107,0.4,2
COVER__test__9786.pgm,9786.pgm,COVER,0,UNKNOWN_OR_COVER,UNKNOWN,,HUGO,MiPOD,S-UNIWARD,HILL,WOW,,,0,0,0.8073292320678214,0.7579216796227299,0.04940755244509143,0.4135917525328299,0.2,1,0.7545671012712104,0.2,1,0.6728929884438715,0.2,1,0.8073292320678214,0.2,1,0.7579216796227299,0.2,1
COVER__test__9793.pgm,9793.pgm,COVER,0,SINGLE_CANDIDATE,MiPOD,,MiPOD,HILL,S-UNIWARD,HUGO,WOW,,MiPOD,1,0,0.9974939475155471,0.8616642590042103,0.1358296885113368,0.6091617333997783,0.4,2,0.8311755355896231,0.6,3,0.8616642590042103,0.6,3,0.829056429257313,0.6,3,0.9974939475155471,0.8,4
COVER__test__9796.pgm,9796.pgm,COVER,0,MULTI_CANDIDATE,HILL,MiPOD,HILL,MiPOD,S-UNIWARD,HUGO,WOW,,"HILL,MiPOD",2,0,1.0,1.0,0.0,0.830279448332859,0.6,3,0.8705311588309087,0.8,4,1.0,1.0,5,0.8314860049532917,0.8,4,1.0,1.0,5
COVER__test__98.pgm,98.pgm,COVER,0,MULTI_CANDIDATE,MiPOD,HILL,MiPOD,HILL,S-UNIWARD,HUGO,WOW,,"MiPOD,HILL",2,0,1.0,0.9223114551309122,0.07768854486908783,0.7953472534597227,0.6,3,0.8866740500140422,0.8,4,0.9223114551309122,0.8,4,0.8344127589161291,0.8,4,1.0,1.0,5
COVER__test__9805.pgm,9805.pgm,COVER,0,UNKNOWN_OR_COVER,UNKNOWN,,HUGO,S-UNIWARD,MiPOD,HILL,WOW,,,0,0,0.8139979679835367,0.7596788071227567,0.054319160860780036,0.4152255375654308,0.2,1,0.7596788071227567,0.2,1,0.6743454387333061,0.2,1,0.8139979679835367,0.0,0,0.7596748910134713,0.2,1
COVER__test__982.pgm,982.pgm,COVER,0,UNKNOWN_OR_COVER,UNKNOWN,,HUGO,MiPOD,S-UNIWARD,HILL,WOW,,,0,0,0.808086213646059,0.7572528444553666,0.05083336919069248,0.4133476042426956,0.2,1,0.7567557734657682,0.2,1,0.6716332504098671,0.2,1,0.808086213646059,0.2,1,0.7572528444553666,0.2,1
COVER__test__9824.pgm,9824.pgm,COVER,0,UNKNOWN_OR_COVER,UNKNOWN,,HUGO,MiPOD,S-UNIWARD,HILL,WOW,,,0,0,0.8090520221248783,0.759947670559791,0.0491043515650873,0.4144563077840708,0.2,1,0.7566551180049437,0.2,1,0.675086654272664,0.4,2,0.8090520221248783,0.2,1,0.759947670559791,0.4,2
COVER__test__9825.pgm,9825.pgm,COVER,0,MULTI_CANDIDATE,MiPOD,HILL,MiPOD,HILL,S-UNIWARD,HUGO,WOW,,"MiPOD,HILL",2,0,0.9904473194776775,0.9890242505569347,0.0014230689207428426,0.7157998214365656,0.2,1,0.8154556676549094,0.2,1,0.9890242505569347,0.2,1,0.8069753680780434,0.0,0,0.9904473194776775,0.4,2
COVER__test__9830.pgm,9830.pgm,COVER,0,UNKNOWN_OR_COVER,UNKNOWN,,S-UNIWARD,HUGO,MiPOD,HILL,WOW,,,0,0,0.8254626512690443,0.825367022662445,9.562860659928507e-05,0.43818038437207446,0.2,1,0.8254626512690443,0.4,2,0.695653134038456,0.2,1,0.825367022662445,0.4,2,0.7827610843126099,0.2,1
COVER__test__9843.pgm,9843.pgm,COVER,0,UNKNOWN_OR_COVER,UNKNOWN,,HUGO,MiPOD,S-UNIWARD,HILL,WOW,,,0,0,0.810755201685556,0.7587260512118268,0.052029150473729247,0.4146481931399312,0.2,1,0.7569556356376401,0.2,1,0.6732514884289384,0.2,1,0.810755201685556,0.0,0,0.7587260512118268,0.2,1
COVER__test__9859.pgm,9859.pgm,COVER,0,UNKNOWN_OR_COVER,UNKNOWN,,HUGO,S-UNIWARD,MiPOD,HILL,WOW,,,0,0,0.8278575896030184,0.7934935141895836,0.03436407541343478,0.4260858116817028,0.2,1,0.7934935141895836,0.2,1,0.6862554458334339,0.4,2,0.8278575896030184,0.6,3,0.7733457276966391,0.4,2
COVER__test__9862.pgm,9862.pgm,COVER,0,UNKNOWN_OR_COVER,UNKNOWN,,HUGO,MiPOD,S-UNIWARD,HILL,WOW,,,0,0,0.8089334315588651,0.759227523653787,0.04970590790507812,0.4142244475757179,0.2,1,0.7572805079241736,0.2,1,0.6743662305886684,0.4,2,0.8089334315588651,0.2,1,0.759227523653787,0.4,2
COVER__test__9865.pgm,9865.pgm,COVER,0,UNKNOWN_OR_COVER,UNKNOWN,,HUGO,MiPOD,S-UNIWARD,HILL,WOW,,,0,0,0.808184599551718,0.7579398377687997,0.05024476178291826,0.41373339490664174,0.2,1,0.7554342335713661,0.2,1,0.6729904140930841,0.2,1,0.808184599551718,0.2,1,0.7579398377687997,0.2,1
COVER__test__9868.pgm,9868.pgm,COVER,0,SINGLE_CANDIDATE,S-UNIWARD,,S-UNIWARD,HILL,MiPOD,HUGO,WOW,,S-UNIWARD,1,0,0.9178744541647406,0.8451103327812011,0.07276412138353949,0.6712740273107844,0.4,2,0.9178744541647406,0.4,2,0.8451103327812011,0.6,3,0.8291713059226865,0.6,3,0.8387705811186846,0.6,3
COVER__test__987.pgm,987.pgm,COVER,0,UNKNOWN_OR_COVER,UNKNOWN,,HUGO,MiPOD,S-UNIWARD,HILL,WOW,,,0,0,0.8082270630237675,0.7575162823613284,0.05071078066243906,0.41305587104944175,0.0,0,0.7551877031879062,0.0,0,0.6728693725042085,0.0,0,0.8082270630237675,0.2,1,0.7575162823613284,0.0,0
COVER__test__9872.pgm,9872.pgm,COVER,0,UNKNOWN_OR_COVER,UNKNOWN,,HUGO,S-UNIWARD,MiPOD,HILL,WOW,,,0,0,0.8078537689903639,0.7583406284377718,0.04951314055259204,0.41360032567255106,0.2,1,0.7583406284377718,0.2,1,0.6727077777267412,0.4,2,0.8078537689903639,0.2,1,0.7575068194451988,0.4,2
COVER__test__9876.pgm,9876.pgm,COVER,0,UNKNOWN_OR_COVER,UNKNOWN,,HUGO,MiPOD,S-UNIWARD,HILL,WOW,,,0,0,0.8056466732391809,0.7566672283947276,0.04897944484445338,0.41304331027992436,0.2,1,0.753951549381509,0.2,1,0.6722958561451435,0.2,1,0.8056466732391809,0.2,1,0.7566672283947276,0.0,0
COVER__test__9877.pgm,9877.pgm,COVER,0,UNKNOWN_OR_COVER,UNKNOWN,,HUGO,MiPOD,S-UNIWARD,HILL,WOW,,,0,0,0.8050476081442733,0.7556635891230327,0.04938401902124068,0.4130537968738893,0.2,1,0.7530291273018586,0.2,1,0.6707859598097449,0.2,1,0.8050476081442733,0.0,0,0.7556635891230327,0.0,0
COVER__test__9882.pgm,9882.pgm,COVER,0,UNKNOWN_OR_COVER,UNKNOWN,,HUGO,S-UNIWARD,MiPOD,HILL,WOW,,,0,0,0.8217605347468526,0.7669442826735413,0.05481625207331131,0.4177070858600895,0.2,1,0.7669442826735413,0.2,1,0.678284121639629,0.4,2,0.8217605347468526,0.2,1,0.763712597805754,0.4,2
COVER__test__9884.pgm,9884.pgm,COVER,0,UNKNOWN_OR_COVER,UNKNOWN,,HUGO,MiPOD,S-UNIWARD,HILL,WOW,,,0,0,0.8099028565887629,0.7596470951706387,0.05025576141812427,0.4144867403332236,0.2,1,0.7560221507361871,0.2,1,0.6740477436051041,0.2,1,0.8099028565887629,0.0,0,0.7596470951706387,0.2,1
COVER__test__9886.pgm,9886.pgm,COVER,0,SINGLE_CANDIDATE,HUGO,,HUGO,S-UNIWARD,MiPOD,HILL,WOW,,HUGO,1,0,0.9986942485050225,0.7783797743692515,0.220314474135771,0.43384333202036685,0.2,1,0.7783797743692515,0.2,1,0.6346986236335329,0.2,1,0.9986942485050225,0.8,4,0.769303944829568,0.4,2
COVER__test__9896.pgm,9896.pgm,COVER,0,UNKNOWN_OR_COVER,UNKNOWN,,HUGO,MiPOD,S-UNIWARD,HILL,WOW,,,0,0,0.8093193995580797,0.7581214634874605,0.05119793607061929,0.4139766124316339,0.2,1,0.7565775016297307,0.2,1,0.6730029124920583,0.2,1,0.8093193995580797,0.2,1,0.7581214634874605,0.2,1
COVER__test__9900.pgm,9900.pgm,COVER,0,UNKNOWN_OR_COVER,UNKNOWN,,HUGO,S-UNIWARD,MiPOD,HILL,WOW,,,0,0,0.8103076972081293,0.759921778242538,0.0503859189655913,0.41449223747190433,0.2,1,0.759921778242538,0.2,1,0.6740005333003637,0.4,2,0.8103076972081293,0.2,1,0.7599077459258317,0.4,2
COVER__test__9909.pgm,9909.pgm,COVER,0,UNKNOWN_OR_COVER,UNKNOWN,,HUGO,MiPOD,S-UNIWARD,HILL,WOW,,,0,0,0.8103914472858442,0.76069183405034,0.0496996132355042,0.4147955082939164,0.2,1,0.758253853949029,0.2,1,0.6752200413958775,0.4,2,0.8103914472858442,0.2,1,0.76069183405034,0.4,2
COVER__test__9933.pgm,9933.pgm,COVER,0,UNKNOWN_OR_COVER,UNKNOWN,,HUGO,MiPOD,S-UNIWARD,HILL,WOW,,,0,0,0.8029305299226432,0.7573171937193097,0.04561333620333352,0.4132829785515595,0.2,1,0.7491074768553403,0.2,1,0.6725596656506727,0.2,1,0.8029305299226432,0.0,0,0.7573171937193097,0.2,1
COVER__test__9935.pgm,9935.pgm,COVER,0,MULTI_CANDIDATE,HUGO,MiPOD,HUGO,MiPOD,S-UNIWARD,HILL,WOW,,"HUGO,MiPOD",2,0,0.9912744561461146,0.9230958718070561,0.06817858433905855,0.5862623979488569,0.4,2,0.8203210006631421,0.6,3,0.7872255225927351,0.6,3,0.9912744561461146,0.8,4,0.9230958718070561,0.8,4
COVER__test__9940.pgm,9940.pgm,COVER,0,MULTI_CANDIDATE,HILL,HUGO,HILL,HUGO,MiPOD,S-UNIWARD,WOW,,"HILL,HUGO,MiPOD",3,0,1.0,1.0,0.0,0.7346713631837402,0.6,3,0.8390682007744239,0.8,4,1.0,1.0,5,1.0,1.0,5,1.0,1.0,5
COVER__test__9958.pgm,9958.pgm,COVER,0,UNKNOWN_OR_COVER,UNKNOWN,,HUGO,MiPOD,S-UNIWARD,HILL,WOW,,,0,0,0.8068027809333073,0.7568603423135574,0.049942438619749896,0.41270156461337004,0.0,0,0.7536875583984184,0.0,0,0.6726058328925922,0.0,0,0.8068027809333073,0.2,1,0.7568603423135574,0.0,0
COVER__test__9960.pgm,9960.pgm,COVER,0,UNKNOWN_OR_COVER,UNKNOWN,,HUGO,S-UNIWARD,MiPOD,HILL,WOW,,,0,0,0.8215499452057582,0.8150920094462737,0.006457935759484501,0.4346105964190394,0.0,0,0.8150920094462737,0.2,1,0.693013019603083,0.2,1,0.8215499452057582,0.4,2,0.774664448834335,0.0,0
COVER__test__9963.pgm,9963.pgm,COVER,0,UNKNOWN_OR_COVER,UNKNOWN,,HUGO,MiPOD,S-UNIWARD,HILL,WOW,,,0,0,0.8081777636484582,0.7621095627564065,0.04606820089205166,0.42037180902434307,0.2,1,0.7577968105303756,0.4,2,0.6783962922645206,0.6,3,0.8081777636484582,0.4,2,0.7621095627564065,0.6,3
COVER__test__9975.pgm,9975.pgm,COVER,0,UNKNOWN_OR_COVER,UNKNOWN,,HUGO,MiPOD,S-UNIWARD,HILL,WOW,,,0,0,0.8096895553829857,0.7588919615302484,0.0507975938527373,0.41385306576305414,0.0,0,0.755616308114426,0.0,0,0.6742109089450088,0.0,0,0.8096895553829857,0.2,1,0.7588919615302484,0.0,0
COVER__test__999.pgm,999.pgm,COVER,0,MULTI_CANDIDATE,S-UNIWARD,HILL,S-UNIWARD,HILL,HUGO,MiPOD,WOW,,"S-UNIWARD,HILL,HUGO,MiPOD,WOW",5,0,1.0,1.0,0.0,0.963188545361722,0.8,4,1.0,1.0,5,1.0,1.0,5,1.0,1.0,5,1.0,1.0,5
