sample_id,image_name,true_algo,is_stego,decision,top1,top2,rank1_full,rank2_full,rank3_full,rank4_full,rank5_full,true_rank,candidate_set,candidate_size,candidate_contains_true,top1_score,top2_score,score_gap,score_WOW,hard_WOW,inside_count_WOW,score_S-UNIWARD,hard_S-UNIWARD,inside_count_S-UNIWARD,score_HILL,hard_HILL,inside_count_HILL,score_HUGO,hard_HUGO,inside_count_HUGO,score_MiPOD,hard_MiPOD,inside_count_MiPOD
COVER__TEST__52.pgm,52.pgm,COVER,0,UNKNOWN_OR_COVER,UNKNOWN,,HUGO,S-UNIWARD,MiPOD,HILL,WOW,,,0,0,0.8192420608965456,0.7774243871005246,0.04181767379602097,0.44083132048040213,0.2,1,0.7774243871005246,0.2,1,0.6782037886556728,0.2,1,0.8192420608965456,0.2,1,0.7741411607473803,0.2,1
COVER__TEST__7548.pgm,7548.pgm,COVER,0,UNKNOWN_OR_COVER,UNKNOWN,,HUGO,S-UNIWARD,MiPOD,HILL,WOW,,,0,0,0.8163193701973283,0.7785547402199315,0.03776462997739671,0.43974742577580433,0.2,1,0.7785547402199315,0.2,1,0.6763193761732608,0.4,2,0.8163193701973283,0.2,1,0.7724142087020808,0.4,2
COVER__TEST__450.pgm,450.pgm,COVER,0,MULTI_CANDIDATE,WOW,S-UNIWARD,WOW,S-UNIWARD,HILL,HUGO,MiPOD,,"WOW,S-UNIWARD,HILL,HUGO,MiPOD",5,0,1.0,1.0,0.0,1.0,1.0,5,1.0,1.0,5,1.0,1.0,5,1.0,1.0,5,1.0,1.0,5
COVER__TEST__637.pgm,637.pgm,COVER,0,MULTI_CANDIDATE,HILL,MiPOD,HILL,MiPOD,WOW,S-UNIWARD,HUGO,,"HILL,MiPOD,WOW",3,0,1.0,1.0,0.0,0.9154231481965265,0.8,4,0.8888116351398393,0.8,4,1.0,1.0,5,0.8485889615813516,0.8,4,1.0,1.0,5
COVER__TEST__7056.pgm,7056.pgm,COVER,0,UNKNOWN_OR_COVER,UNKNOWN,,HUGO,S-UNIWARD,MiPOD,HILL,WOW,,,0,0,0.8195925142114605,0.7897434752805339,0.029849038930926608,0.476588019019644,0.2,1,0.7897434752805339,0.2,1,0.6796039834415369,0.6,3,0.8195925142114605,0.4,2,0.7756162133868765,0.6,3
COVER__TEST__9661.pgm,9661.pgm,COVER,0,UNKNOWN_OR_COVER,UNKNOWN,,HUGO,S-UNIWARD,MiPOD,HILL,WOW,,,0,0,0.8164155590756188,0.7757026181635779,0.04071294091204092,0.4403181085933238,0.2,1,0.7757026181635779,0.2,1,0.6787617515117556,0.4,2,0.8164155590756188,0.2,1,0.7736535273840487,0.4,2
COVER__TEST__7451.pgm,7451.pgm,COVER,0,UNKNOWN_OR_COVER,UNKNOWN,,HUGO,S-UNIWARD,MiPOD,HILL,WOW,,,0,0,0.8103749972521133,0.7722174078378684,0.03815758941424485,0.4376821543480204,0.2,1,0.7722174078378684,0.2,1,0.6736831216462841,0.2,1,0.8103749972521133,0.0,0,0.7686582299961391,0.2,1
COVER__TEST__3439.pgm,3439.pgm,COVER,0,MULTI_CANDIDATE,WOW,S-UNIWARD,WOW,S-UNIWARD,HILL,HUGO,MiPOD,,"WOW,S-UNIWARD,HILL,HUGO,MiPOD",5,0,1.0,1.0,0.0,1.0,1.0,5,1.0,1.0,5,1.0,1.0,5,1.0,1.0,5,1.0,1.0,5
COVER__TEST__3664.pgm,3664.pgm,COVER,0,MULTI_CANDIDATE,HUGO,MiPOD,HUGO,MiPOD,S-UNIWARD,HILL,WOW,,"HUGO,MiPOD",2,0,1.0,0.9654458833470017,0.034554116652998346,0.672808701429898,0.2,1,0.8583389777909485,0.8,4,0.8414945975064596,0.6,3,1.0,1.0,5,0.9654458833470017,0.8,4
COVER__TEST__3390.pgm,3390.pgm,COVER,0,MULTI_CANDIDATE,WOW,HILL,WOW,HILL,HUGO,MiPOD,S-UNIWARD,,"WOW,HILL,HUGO,MiPOD,S-UNIWARD",5,0,1.0,1.0,0.0,1.0,1.0,5,0.978182260516526,0.8,4,1.0,1.0,5,1.0,1.0,5,1.0,1.0,5
COVER__TEST__3272.pgm,3272.pgm,COVER,0,MULTI_CANDIDATE,S-UNIWARD,HILL,S-UNIWARD,HILL,HUGO,MiPOD,WOW,,"S-UNIWARD,HILL,HUGO,MiPOD,WOW",5,0,1.0,1.0,0.0,0.9715661723167266,0.8,4,1.0,1.0,5,1.0,1.0,5,1.0,1.0,5,1.0,1.0,5
COVER__TEST__6553.pgm,6553.pgm,COVER,0,MULTI_CANDIDATE,MiPOD,S-UNIWARD,MiPOD,S-UNIWARD,HUGO,HILL,WOW,,"MiPOD,S-UNIWARD,HUGO",3,0,0.9183459459306447,0.9145243482374376,0.0038215976932071127,0.6539400297575155,0.4,2,0.9145243482374376,0.6,3,0.7880756350038431,0.6,3,0.9017339956753115,0.8,4,0.9183459459306447,0.6,3
COVER__TEST__2930.pgm,2930.pgm,COVER,0,MULTI_CANDIDATE,HUGO,HILL,HUGO,HILL,MiPOD,S-UNIWARD,WOW,,"HUGO,HILL,MiPOD",3,0,1.0,0.9199170003000546,0.08008299969994537,0.7986101701384308,0.6,3,0.8843016597292411,0.8,4,0.9199170003000546,0.6,3,1.0,1.0,5,0.9123115626054638,0.8,4
COVER__TEST__5964.pgm,5964.pgm,COVER,0,UNKNOWN_OR_COVER,UNKNOWN,,HUGO,S-UNIWARD,MiPOD,HILL,WOW,,,0,0,0.8184891917664912,0.7853149283261299,0.03317426344036123,0.44258320272170454,0.0,0,0.7853149283261299,0.2,1,0.6786679829168221,0.4,2,0.8184891917664912,0.4,2,0.7781059778547376,0.2,1
COVER__TEST__1554.pgm,1554.pgm,COVER,0,UNKNOWN_OR_COVER,UNKNOWN,,HUGO,S-UNIWARD,MiPOD,HILL,WOW,,,0,0,0.8314850996981751,0.8067995835027494,0.024685516195425694,0.44865447382507984,0.2,1,0.8067995835027494,0.2,1,0.6864695557176339,0.2,1,0.8314850996981751,0.4,2,0.7814722349044896,0.2,1
COVER__TEST__987.pgm,987.pgm,COVER,0,UNKNOWN_OR_COVER,UNKNOWN,,HUGO,S-UNIWARD,MiPOD,HILL,WOW,,,0,0,0.813841936208765,0.7756539412396082,0.03818799496915681,0.43792895073051435,0.0,0,0.7756539412396082,0.0,0,0.6747257601385283,0.2,1,0.813841936208765,0.2,1,0.7698905888528054,0.2,1
COVER__TEST__249.pgm,249.pgm,COVER,0,SINGLE_CANDIDATE,HUGO,S-UNIWARD,HUGO,S-UNIWARD,MiPOD,WOW,HILL,,HUGO,1,0,0.9141691579777003,0.8818201684912694,0.032348989486430835,0.7399625941288068,0.6,3,0.8818201684912694,0.6,3,0.6498624360974607,0.4,2,0.9141691579777003,0.8,4,0.8118458981454477,0.4,2
COVER__TEST__536.pgm,536.pgm,COVER,0,MULTI_CANDIDATE,HILL,S-UNIWARD,HILL,S-UNIWARD,MiPOD,HUGO,WOW,,"HILL,S-UNIWARD,MiPOD",3,0,0.9762150958109718,0.9607224142855465,0.015492681525425267,0.8140165932931287,0.6,3,0.9607224142855465,0.8,4,0.9762150958109718,0.8,4,0.8768242607046529,0.8,4,0.9584059721155549,0.8,4
COVER__TEST__2135.pgm,2135.pgm,COVER,0,MULTI_CANDIDATE,S-UNIWARD,MiPOD,S-UNIWARD,MiPOD,HILL,HUGO,WOW,,"S-UNIWARD,MiPOD",2,0,1.0,0.9363393778100253,0.0636606221899747,0.7027256429080697,0.6,3,1.0,1.0,5,0.8396282202454067,0.8,4,0.8379932400196022,0.8,4,0.9363393778100253,0.6,3
COVER__TEST__3282.pgm,3282.pgm,COVER,0,UNKNOWN_OR_COVER,UNKNOWN,,HUGO,S-UNIWARD,MiPOD,HILL,WOW,,,0,0,0.8248536135342597,0.7835664019014441,0.04128721163281557,0.4463390880165622,0.2,1,0.7835664019014441,0.2,1,0.6803901369453456,0.6,3,0.8248536135342597,0.4,2,0.7774988935251803,0.6,3
COVER__TEST__3025.pgm,3025.pgm,COVER,0,MULTI_CANDIDATE,WOW,S-UNIWARD,WOW,S-UNIWARD,HILL,HUGO,MiPOD,,"WOW,S-UNIWARD,HILL,HUGO,MiPOD",5,0,1.0,1.0,0.0,1.0,1.0,5,1.0,1.0,5,1.0,1.0,5,1.0,1.0,5,1.0,1.0,5
COVER__TEST__4338.pgm,4338.pgm,COVER,0,MULTI_CANDIDATE,HILL,MiPOD,HILL,MiPOD,S-UNIWARD,HUGO,WOW,,"HILL,MiPOD",2,0,0.9995475390619522,0.999150903536615,0.0003966355253371967,0.8257344786274425,0.6,3,0.8965614551571954,0.4,2,0.9995475390619522,0.8,4,0.8336760200868906,0.8,4,0.999150903536615,0.8,4
COVER__TEST__3829.pgm,3829.pgm,COVER,0,MULTI_CANDIDATE,HILL,S-UNIWARD,HILL,S-UNIWARD,MiPOD,WOW,HUGO,,"HILL,S-UNIWARD,MiPOD,WOW",4,0,0.9956767122984594,0.995484407173663,0.00019230512479639916,0.9507739737722417,0.6,3,0.995484407173663,0.8,4,0.9956767122984594,0.8,4,0.8330227720415724,0.8,4,0.9952877707161999,0.8,4
COVER__TEST__8169.pgm,8169.pgm,COVER,0,SINGLE_CANDIDATE,S-UNIWARD,MiPOD,S-UNIWARD,MiPOD,HUGO,HILL,WOW,,S-UNIWARD,1,0,0.9999337028386964,0.8855219534474627,0.11441174939123377,0.7188497148557975,0.4,2,0.9999337028386964,0.8,4,0.8235846992503859,0.6,3,0.8337743822524135,0.8,4,0.8855219534474627,0.6,3
COVER__TEST__6036.pgm,6036.pgm,COVER,0,UNKNOWN_OR_COVER,UNKNOWN,,HUGO,S-UNIWARD,MiPOD,HILL,WOW,,,0,0,0.8287703852708048,0.7873139272045211,0.04145645806628373,0.441571768388256,0.2,1,0.7873139272045211,0.2,1,0.6776503797440637,0.4,2,0.8287703852708048,0.2,1,0.7735505765335501,0.4,2
COVER__TEST__4156.pgm,4156.pgm,COVER,0,UNKNOWN_OR_COVER,UNKNOWN,,MiPOD,S-UNIWARD,HUGO,HILL,WOW,,,0,0,0.870263981647135,0.8372707818136373,0.03299319983349769,0.525906132286871,0.2,1,0.8372707818136373,0.8,4,0.7414839492687831,0.4,2,0.830564718486652,0.6,3,0.870263981647135,0.6,3
COVER__TEST__3656.pgm,3656.pgm,COVER,0,MULTI_CANDIDATE,HUGO,S-UNIWARD,HUGO,S-UNIWARD,MiPOD,HILL,WOW,,"HUGO,S-UNIWARD",2,0,1.0,0.934480692169293,0.06551930783070703,0.6663040665186474,0.4,2,0.934480692169293,0.8,4,0.7716129724622849,0.6,3,1.0,1.0,5,0.8803472245173316,0.8,4
COVER__TEST__5552.pgm,5552.pgm,COVER,0,SINGLE_CANDIDATE,HUGO,MiPOD,HUGO,MiPOD,S-UNIWARD,HILL,WOW,,HUGO,1,0,0.9200640639984536,0.8043155273200586,0.11574853667839502,0.4717991287154219,0.2,1,0.7912501866915461,0.6,3,0.6861046638139408,0.6,3,0.9200640639984536,0.6,3,0.8043155273200586,0.6,3
COVER__TEST__6344.pgm,6344.pgm,COVER,0,MULTI_CANDIDATE,MiPOD,HUGO,MiPOD,HUGO,HILL,S-UNIWARD,WOW,,"MiPOD,HUGO,HILL",3,0,0.9726913316385918,0.9606194553217946,0.012071876316797181,0.8191919307022735,0.6,3,0.8859291223309251,0.8,4,0.9604009529519928,0.6,3,0.9606194553217946,0.8,4,0.9726913316385918,0.8,4
COVER__TEST__1266.pgm,1266.pgm,COVER,0,UNKNOWN_OR_COVER,UNKNOWN,,HUGO,S-UNIWARD,MiPOD,HILL,WOW,,,0,0,0.8135653494422665,0.7757760154835118,0.03778933395875472,0.43829334441145146,0.2,1,0.7757760154835118,0.2,1,0.6737346067550656,0.2,1,0.8135653494422665,0.2,1,0.7694827677123149,0.2,1
COVER__TEST__8774.pgm,8774.pgm,COVER,0,SINGLE_CANDIDATE,HUGO,MiPOD,HUGO,MiPOD,S-UNIWARD,HILL,WOW,,HUGO,1,0,0.9697103452039911,0.746198945816237,0.2235113993877541,0.42593984217008574,0.0,0,0.7306319907515577,0.0,0,0.6008990700669379,0.2,1,0.9697103452039911,0.4,2,0.746198945816237,0.2,1
COVER__TEST__8497.pgm,8497.pgm,COVER,0,UNKNOWN_OR_COVER,UNKNOWN,,HUGO,S-UNIWARD,MiPOD,HILL,WOW,,,0,0,0.8094667330664137,0.7724922589187021,0.0369744741477116,0.4360808825123012,0.0,0,0.7724922589187021,0.0,0,0.670754170897937,0.0,0,0.8094667330664137,0.0,0,0.7656289630389261,0.0,0
COVER__TEST__7241.pgm,7241.pgm,COVER,0,UNKNOWN_OR_COVER,UNKNOWN,,HUGO,S-UNIWARD,MiPOD,HILL,WOW,,,0,0,0.814711942025658,0.7743661119073848,0.040345830118273196,0.438686494050793,0.2,1,0.7743661119073848,0.2,1,0.6745721233112523,0.2,1,0.814711942025658,0.0,0,0.7701114816164132,0.2,1
COVER__TEST__2376.pgm,2376.pgm,COVER,0,UNKNOWN_OR_COVER,UNKNOWN,,HUGO,S-UNIWARD,MiPOD,HILL,WOW,,,0,0,0.8209198094895148,0.7792867564624496,0.041633053027065214,0.441072895766082,0.2,1,0.7792867564624496,0.2,1,0.6774502460406367,0.2,1,0.8209198094895148,0.0,0,0.7733919560856053,0.2,1
COVER__TEST__2882.pgm,2882.pgm,COVER,0,MULTI_CANDIDATE,S-UNIWARD,HUGO,S-UNIWARD,HUGO,MiPOD,HILL,WOW,,"S-UNIWARD,HUGO,MiPOD,HILL,WOW",5,0,1.0,1.0,0.0,0.9676936125967501,0.8,4,1.0,1.0,5,0.9913961391398667,0.8,4,1.0,1.0,5,0.9933962110983975,0.8,4
COVER__TEST__5841.pgm,5841.pgm,COVER,0,MULTI_CANDIDATE,WOW,S-UNIWARD,WOW,S-UNIWARD,HILL,HUGO,MiPOD,,"WOW,S-UNIWARD,HILL,HUGO,MiPOD",5,0,1.0,1.0,0.0,1.0,1.0,5,1.0,1.0,5,1.0,1.0,5,1.0,1.0,5,1.0,1.0,5
COVER__TEST__6552.pgm,6552.pgm,COVER,0,MULTI_CANDIDATE,WOW,S-UNIWARD,WOW,S-UNIWARD,HILL,MiPOD,HUGO,,"WOW,S-UNIWARD,HILL,MiPOD",4,0,1.0,1.0,0.0,1.0,1.0,5,1.0,1.0,5,1.0,1.0,5,0.8460653034163327,0.8,4,1.0,1.0,5
COVER__TEST__5563.pgm,5563.pgm,COVER,0,UNKNOWN_OR_COVER,UNKNOWN,,HUGO,S-UNIWARD,MiPOD,HILL,WOW,,,0,0,0.8169546347618295,0.7780816296031672,0.03887300515866232,0.43932473498778013,0.2,1,0.7780816296031672,0.2,1,0.6744364883909291,0.2,1,0.8169546347618295,0.0,0,0.7708517692718979,0.2,1
COVER__TEST__2247.pgm,2247.pgm,COVER,0,UNKNOWN_OR_COVER,UNKNOWN,,HUGO,S-UNIWARD,MiPOD,HILL,WOW,,,0,0,0.8160349370022437,0.779545599933021,0.03648933706922275,0.43872856945102734,0.2,1,0.779545599933021,0.2,1,0.6741836114772369,0.4,2,0.8160349370022437,0.2,1,0.7699407363743156,0.4,2
COVER__TEST__29.pgm,29.pgm,COVER,0,MULTI_CANDIDATE,WOW,S-UNIWARD,WOW,S-UNIWARD,MiPOD,HILL,HUGO,,"WOW,S-UNIWARD,MiPOD,HILL",4,0,1.0,1.0,0.0,1.0,1.0,5,1.0,1.0,5,0.9763831072945767,0.8,4,0.7697905313720708,0.6,3,0.9978699332662693,0.8,4
COVER__TEST__6778.pgm,6778.pgm,COVER,0,MULTI_CANDIDATE,MiPOD,HILL,MiPOD,HILL,HUGO,S-UNIWARD,WOW,,"MiPOD,HILL",2,0,0.9931610439820252,0.9229960147414568,0.07016502924056844,0.7417941285673008,0.6,3,0.841226701159637,0.8,4,0.9229960147414568,0.8,4,0.8531725292117833,0.8,4,0.9931610439820252,0.8,4
COVER__TEST__5572.pgm,5572.pgm,COVER,0,UNKNOWN_OR_COVER,UNKNOWN,,HUGO,S-UNIWARD,MiPOD,HILL,WOW,,,0,0,0.8333657106289708,0.828211857226443,0.00515385340252783,0.46395865800253305,0.2,1,0.828211857226443,0.4,2,0.6973908982398549,0.6,3,0.8333657106289708,0.6,3,0.8094839465646946,0.4,2
COVER__TEST__6156.pgm,6156.pgm,COVER,0,MULTI_CANDIDATE,HUGO,MiPOD,HUGO,MiPOD,S-UNIWARD,HILL,WOW,,"HUGO,MiPOD,S-UNIWARD,HILL",4,0,1.0,1.0,0.0,0.8278582412592298,0.8,4,0.9667556209965984,0.8,4,0.9582395502578471,0.8,4,1.0,1.0,5,1.0,1.0,5
COVER__TEST__3083.pgm,3083.pgm,COVER,0,MULTI_CANDIDATE,HILL,MiPOD,HILL,MiPOD,HUGO,S-UNIWARD,WOW,,"HILL,MiPOD",2,0,0.9960169380783188,0.9949114756414037,0.0011054624369151167,0.7312095582247526,0.6,3,0.8371801948422235,0.8,4,0.9960169380783188,0.8,4,0.8737915647000701,0.6,3,0.9949114756414037,0.8,4
COVER__TEST__22.pgm,22.pgm,COVER,0,UNKNOWN_OR_COVER,UNKNOWN,,HUGO,S-UNIWARD,MiPOD,HILL,WOW,,,0,0,0.8339308847791024,0.7933203715576127,0.040610513221489675,0.446967586447228,0.2,1,0.7933203715576127,0.2,1,0.6833546310237308,0.6,3,0.8339308847791024,0.8,4,0.7807294263826742,0.6,3
COVER__TEST__5913.pgm,5913.pgm,COVER,0,MULTI_CANDIDATE,HILL,MiPOD,HILL,MiPOD,S-UNIWARD,HUGO,WOW,,"HILL,MiPOD",2,0,1.0,1.0,0.0,0.7333412910177677,0.6,3,0.8360981909318126,0.6,3,1.0,1.0,5,0.8356732724228412,0.8,4,1.0,1.0,5
COVER__TEST__3214.pgm,3214.pgm,COVER,0,MULTI_CANDIDATE,HILL,MiPOD,HILL,MiPOD,HUGO,S-UNIWARD,WOW,,"HILL,MiPOD",2,0,1.0,1.0,0.0,0.7529615168822407,0.6,3,0.8451967705331003,0.8,4,1.0,1.0,5,0.858989976318054,0.8,4,1.0,1.0,5
COVER__TEST__4713.pgm,4713.pgm,COVER,0,MULTI_CANDIDATE,MiPOD,WOW,MiPOD,WOW,HILL,S-UNIWARD,HUGO,,"MiPOD,WOW",2,0,1.0,0.9243040133387337,0.07569598666126631,0.9243040133387337,0.4,2,0.8715050754053874,0.8,4,0.8894229459092605,0.8,4,0.8509178765929182,0.8,4,1.0,1.0,5
COVER__TEST__5188.pgm,5188.pgm,COVER,0,UNKNOWN_OR_COVER,UNKNOWN,,HUGO,S-UNIWARD,MiPOD,HILL,WOW,,,0,0,0.8186953733301753,0.7800806150399244,0.03861475829025085,0.44076664189916775,0.2,1,0.7800806150399244,0.2,1,0.6774948832059963,0.4,2,0.8186953733301753,0.4,2,0.7745346493864633,0.4,2
COVER__TEST__6699.pgm,6699.pgm,COVER,0,UNKNOWN_OR_COVER,UNKNOWN,,HUGO,S-UNIWARD,MiPOD,HILL,WOW,,,0,0,0.8338071284813461,0.813184116159775,0.020623012321571044,0.4512263208404252,0.2,1,0.813184116159775,0.2,1,0.6887949978112701,0.6,3,0.8338071284813461,0.6,3,0.7869029734981582,0.4,2
COVER__TEST__2391.pgm,2391.pgm,COVER,0,UNKNOWN_OR_COVER,UNKNOWN,,MiPOD,HUGO,HILL,S-UNIWARD,WOW,,,0,0,0.8410205457108386,0.8343994407195658,0.006621104991272775,0.5789733638168164,0.4,2,0.798660878861795,0.4,2,0.8083599817682823,0.6,3,0.8343994407195658,0.8,4,0.8410205457108386,0.8,4
COVER__TEST__586.pgm,586.pgm,COVER,0,UNKNOWN_OR_COVER,UNKNOWN,,MiPOD,HUGO,S-UNIWARD,HILL,WOW,,,0,0,0.8680675239839808,0.8532599193065724,0.014807604677408381,0.5542643729437213,0.2,1,0.8448546435618207,0.8,4,0.774061881028533,0.6,3,0.8532599193065724,0.8,4,0.8680675239839808,0.6,3
COVER__TEST__197.pgm,197.pgm,COVER,0,UNKNOWN_OR_COVER,UNKNOWN,,HUGO,S-UNIWARD,MiPOD,HILL,WOW,,,0,0,0.8128686752717675,0.7744416037972066,0.038427071474560925,0.4383174781945568,0.2,1,0.7744416037972066,0.2,1,0.6736299804823013,0.2,1,0.8128686752717675,0.0,0,0.7688996401366711,0.2,1
COVER__TEST__5932.pgm,5932.pgm,COVER,0,UNKNOWN_OR_COVER,UNKNOWN,,HUGO,S-UNIWARD,MiPOD,HILL,WOW,,,0,0,0.8122736792459584,0.774333140215416,0.0379405390305424,0.43765334342292467,0.0,0,0.774333140215416,0.0,0,0.6731193385170726,0.2,1,0.8122736792459584,0.0,0,0.7679780983582877,0.0,0
COVER__TEST__177.pgm,177.pgm,COVER,0,MULTI_CANDIDATE,WOW,S-UNIWARD,WOW,S-UNIWARD,HILL,HUGO,MiPOD,,"WOW,S-UNIWARD,HILL,HUGO,MiPOD",5,0,1.0,1.0,0.0,1.0,1.0,5,1.0,1.0,5,1.0,1.0,5,1.0,1.0,5,1.0,1.0,5
COVER__TEST__5988.pgm,5988.pgm,COVER,0,UNKNOWN_OR_COVER,UNKNOWN,,HUGO,S-UNIWARD,MiPOD,HILL,WOW,,,0,0,0.8103150190755313,0.7727953359208527,0.037519683154678574,0.43743145322753474,0.2,1,0.7727953359208527,0.2,1,0.6710812636095379,0.2,1,0.8103150190755313,0.0,0,0.7665584072239169,0.2,1
COVER__TEST__7025.pgm,7025.pgm,COVER,0,UNKNOWN_OR_COVER,UNKNOWN,,HUGO,S-UNIWARD,MiPOD,HILL,WOW,,,0,0,0.8170798792436134,0.7797758523282406,0.03730402691537271,0.43985315149982257,0.2,1,0.7797758523282406,0.2,1,0.6762674194971331,0.4,2,0.8170798792436134,0.2,1,0.7722151304122337,0.4,2
COVER__TEST__6710.pgm,6710.pgm,COVER,0,UNKNOWN_OR_COVER,UNKNOWN,,HUGO,S-UNIWARD,MiPOD,HILL,WOW,,,0,0,0.8196363964459851,0.7773313601223153,0.042305036323669776,0.44341070229704566,0.2,1,0.7773313601223153,0.2,1,0.6787280218563924,0.4,2,0.8196363964459851,0.2,1,0.7754194866609623,0.4,2
COVER__TEST__9153.pgm,9153.pgm,COVER,0,UNKNOWN_OR_COVER,UNKNOWN,,HUGO,S-UNIWARD,MiPOD,HILL,WOW,,,0,0,0.8164237240861387,0.776241335751846,0.04018238833429277,0.43892308384166706,0.0,0,0.776241335751846,0.0,0,0.6756188303521743,0.0,0,0.8164237240861387,0.0,0,0.7710246228112048,0.0,0
COVER__TEST__6496.pgm,6496.pgm,COVER,0,UNKNOWN_OR_COVER,UNKNOWN,,HUGO,S-UNIWARD,MiPOD,HILL,WOW,,,0,0,0.8196989653519433,0.7821921446056447,0.03750682074629863,0.4408260261743586,0.2,1,0.7821921446056447,0.2,1,0.6770116625871894,0.4,2,0.8196989653519433,0.4,2,0.7741203558660367,0.4,2
COVER__TEST__6364.pgm,6364.pgm,COVER,0,UNKNOWN_OR_COVER,UNKNOWN,,HUGO,S-UNIWARD,MiPOD,HILL,WOW,,,0,0,0.81462630173797,0.7744728973486295,0.04015340438934056,0.43908934083909335,0.2,1,0.7744728973486295,0.2,1,0.6752234689171814,0.2,1,0.81462630173797,0.0,0,0.7703341657799683,0.2,1
COVER__TEST__3338.pgm,3338.pgm,COVER,0,MULTI_CANDIDATE,HILL,HUGO,HILL,HUGO,MiPOD,S-UNIWARD,WOW,,"HILL,HUGO,MiPOD,S-UNIWARD",4,0,1.0,1.0,0.0,0.8407039106803229,0.8,4,0.9871947972849011,0.8,4,1.0,1.0,5,1.0,1.0,5,0.99632511942775,0.8,4
COVER__TEST__7478.pgm,7478.pgm,COVER,0,MULTI_CANDIDATE,WOW,S-UNIWARD,WOW,S-UNIWARD,HILL,HUGO,MiPOD,,"WOW,S-UNIWARD,HILL,HUGO,MiPOD",5,0,1.0,1.0,0.0,1.0,1.0,5,1.0,1.0,5,1.0,1.0,5,1.0,1.0,5,1.0,1.0,5
COVER__TEST__9241.pgm,9241.pgm,COVER,0,MULTI_CANDIDATE,S-UNIWARD,HILL,S-UNIWARD,HILL,HUGO,MiPOD,WOW,,"S-UNIWARD,HILL,HUGO,MiPOD,WOW",5,0,1.0,1.0,0.0,0.929821857230275,0.8,4,1.0,1.0,5,1.0,1.0,5,1.0,1.0,5,1.0,1.0,5
COVER__TEST__4651.pgm,4651.pgm,COVER,0,UNKNOWN_OR_COVER,UNKNOWN,,HUGO,S-UNIWARD,MiPOD,HILL,WOW,,,0,0,0.8323298774746121,0.827756445453257,0.004573432021355073,0.4820957392563665,0.2,1,0.827756445453257,0.6,3,0.7189284924631373,0.6,3,0.8323298774746121,0.6,3,0.8114891275426468,0.6,3
COVER__TEST__1575.pgm,1575.pgm,COVER,0,UNKNOWN_OR_COVER,UNKNOWN,,HUGO,S-UNIWARD,MiPOD,HILL,WOW,,,0,0,0.812887740771077,0.7756078942192293,0.037279846551847684,0.4378182530612696,0.2,1,0.7756078942192293,0.2,1,0.673535330239665,0.2,1,0.812887740771077,0.2,1,0.7685753121066873,0.2,1
COVER__TEST__3542.pgm,3542.pgm,COVER,0,MULTI_CANDIDATE,S-UNIWARD,HILL,S-UNIWARD,HILL,MiPOD,HUGO,WOW,,"S-UNIWARD,HILL,MiPOD",3,0,1.0,1.0,0.0,0.8335437189321523,0.8,4,1.0,1.0,5,1.0,1.0,5,0.8775191643132757,0.8,4,1.0,1.0,5
COVER__TEST__8438.pgm,8438.pgm,COVER,0,MULTI_CANDIDATE,S-UNIWARD,MiPOD,S-UNIWARD,MiPOD,WOW,HILL,HUGO,,"S-UNIWARD,MiPOD,WOW",3,0,0.9943463267314765,0.9273328949925848,0.06701343173889174,0.9075873705307437,0.4,2,0.9943463267314765,0.8,4,0.8355514520726907,0.4,2,0.8328305184928076,0.8,4,0.9273328949925848,0.6,3
COVER__TEST__2240.pgm,2240.pgm,COVER,0,MULTI_CANDIDATE,S-UNIWARD,MiPOD,S-UNIWARD,MiPOD,HILL,HUGO,WOW,,"S-UNIWARD,MiPOD",2,0,0.9899390388195399,0.937879041644627,0.05205999717491294,0.6955190577145662,0.6,3,0.9899390388195399,0.8,4,0.8368200806623861,0.8,4,0.8321715397187855,0.6,3,0.937879041644627,0.8,4
COVER__TEST__6061.pgm,6061.pgm,COVER,0,UNKNOWN_OR_COVER,UNKNOWN,,HUGO,S-UNIWARD,MiPOD,HILL,WOW,,,0,0,0.8127877635358477,0.7747564308156437,0.03803133272020398,0.43838847550403076,0.2,1,0.7747564308156437,0.2,1,0.6745330152253026,0.2,1,0.8127877635358477,0.2,1,0.7700935834246645,0.2,1
COVER__TEST__2523.pgm,2523.pgm,COVER,0,UNKNOWN_OR_COVER,UNKNOWN,,HUGO,S-UNIWARD,MiPOD,HILL,WOW,,,0,0,0.8169976273826025,0.7793105655128445,0.03768706186975801,0.4392832130847471,0.2,1,0.7793105655128445,0.2,1,0.6751461416206401,0.4,2,0.8169976273826025,0.2,1,0.7713379018977031,0.4,2
COVER__TEST__9271.pgm,9271.pgm,COVER,0,UNKNOWN_OR_COVER,UNKNOWN,,HUGO,S-UNIWARD,MiPOD,HILL,WOW,,,0,0,0.8148275937391896,0.7777694227210602,0.03705817101812936,0.4390088209316129,0.0,0,0.7777694227210602,0.0,0,0.6757712082512228,0.4,2,0.8148275937391896,0.2,1,0.7711807319601344,0.2,1
COVER__TEST__191.pgm,191.pgm,COVER,0,UNKNOWN_OR_COVER,UNKNOWN,,HUGO,S-UNIWARD,MiPOD,HILL,WOW,,,0,0,0.8363634193816036,0.8106974008842072,0.02566601849739647,0.47099168417704185,0.2,1,0.8106974008842072,0.4,2,0.6859647835089705,0.6,3,0.8363634193816036,0.8,4,0.7878773964353067,0.6,3
COVER__TEST__9501.pgm,9501.pgm,COVER,0,UNKNOWN_OR_COVER,UNKNOWN,,HUGO,S-UNIWARD,MiPOD,HILL,WOW,,,0,0,0.8085060185398358,0.7712727860192583,0.03723323252057753,0.4368810863851012,0.0,0,0.7712727860192583,0.0,0,0.6705841474815082,0.2,1,0.8085060185398358,0.0,0,0.7654403178313361,0.0,0
COVER__TEST__8391.pgm,8391.pgm,COVER,0,UNKNOWN_OR_COVER,UNKNOWN,,HUGO,S-UNIWARD,MiPOD,HILL,WOW,,,0,0,0.8154610250043962,0.7756992841438263,0.03976174086056994,0.4393908219440049,0.2,1,0.7756992841438263,0.2,1,0.6756917995523035,0.2,1,0.8154610250043962,0.0,0,0.7714348444326927,0.2,1
COVER__TEST__8010.pgm,8010.pgm,COVER,0,UNKNOWN_OR_COVER,UNKNOWN,,HUGO,S-UNIWARD,MiPOD,HILL,WOW,,,0,0,0.8127129487703668,0.7762479604851928,0.03646498828517397,0.43871982258562997,0.2,1,0.7762479604851928,0.2,1,0.6752703728878358,0.4,2,0.8127129487703668,0.2,1,0.7705691975533366,0.4,2
COVER__TEST__5739.pgm,5739.pgm,COVER,0,UNKNOWN_OR_COVER,UNKNOWN,,MiPOD,S-UNIWARD,HUGO,HILL,WOW,,,0,0,0.8950679956764815,0.8389036008517575,0.05616439482472402,0.5577990644082143,0.2,1,0.8389036008517575,0.8,4,0.7912091267804348,0.6,3,0.836830058445355,0.8,4,0.8950679956764815,0.6,3
COVER__TEST__3774.pgm,3774.pgm,COVER,0,UNKNOWN_OR_COVER,UNKNOWN,,HUGO,S-UNIWARD,MiPOD,HILL,WOW,,,0,0,0.8232233351765827,0.7801093753864775,0.04311395979010524,0.44180540159185816,0.0,0,0.7801093753864775,0.0,0,0.679408047128679,0.2,1,0.8232233351765827,0.0,0,0.7744870287375393,0.0,0
COVER__TEST__763.pgm,763.pgm,COVER,0,MULTI_CANDIDATE,HUGO,S-UNIWARD,HUGO,S-UNIWARD,MiPOD,HILL,WOW,,"HUGO,S-UNIWARD,MiPOD",3,0,1.0,0.9928034487598666,0.007196551240133409,0.7909686364334799,0.4,2,0.9928034487598666,0.8,4,0.8397188407584443,0.4,2,1.0,1.0,5,0.9665160156093808,0.8,4
COVER__TEST__9411.pgm,9411.pgm,COVER,0,MULTI_CANDIDATE,WOW,HILL,WOW,HILL,MiPOD,S-UNIWARD,HUGO,,"WOW,HILL,MiPOD,S-UNIWARD",4,0,1.0,1.0,0.0,1.0,1.0,5,0.9191234273892176,0.8,4,1.0,1.0,5,0.8338238882610028,0.8,4,1.0,1.0,5
COVER__TEST__7821.pgm,7821.pgm,COVER,0,UNKNOWN_OR_COVER,UNKNOWN,,S-UNIWARD,HUGO,MiPOD,HILL,WOW,,,0,0,0.8719709678090407,0.8716137302713086,0.0003572375377320913,0.5752243680786915,0.4,2,0.8719709678090407,0.6,3,0.7130749741982644,0.6,3,0.8716137302713086,0.8,4,0.8115180662570467,0.6,3
COVER__TEST__6668.pgm,6668.pgm,COVER,0,UNKNOWN_OR_COVER,UNKNOWN,,HUGO,S-UNIWARD,MiPOD,HILL,WOW,,,0,0,0.8168314191038937,0.7783055385754462,0.03852588052844752,0.4395608510655311,0.2,1,0.7783055385754462,0.2,1,0.675512345488402,0.2,1,0.8168314191038937,0.4,2,0.7720648640388917,0.2,1
COVER__TEST__8475.pgm,8475.pgm,COVER,0,UNKNOWN_OR_COVER,UNKNOWN,,HUGO,S-UNIWARD,MiPOD,HILL,WOW,,,0,0,0.8269919239968004,0.7915489082587293,0.03544301573807118,0.44218272334632724,0.2,1,0.7915489082587293,0.2,1,0.6775454587521659,0.4,2,0.8269919239968004,0.6,3,0.7738224602211334,0.4,2
COVER__TEST__9014.pgm,9014.pgm,COVER,0,MULTI_CANDIDATE,WOW,S-UNIWARD,WOW,S-UNIWARD,MiPOD,HUGO,HILL,,"WOW,S-UNIWARD,MiPOD,HUGO,HILL",5,0,1.0,1.0,0.0,1.0,1.0,5,1.0,1.0,5,0.9587576591263562,0.8,4,0.9692369970258099,0.8,4,0.9872713481937921,0.8,4
COVER__TEST__2129.pgm,2129.pgm,COVER,0,UNKNOWN_OR_COVER,UNKNOWN,,HUGO,S-UNIWARD,MiPOD,HILL,WOW,,,0,0,0.8329238540654297,0.8296523457341298,0.003271508331299855,0.4960379800189423,0.2,1,0.8296523457341298,0.4,2,0.7353062434159636,0.2,1,0.8329238540654297,0.6,3,0.8276691892576242,0.2,1
COVER__TEST__5230.pgm,5230.pgm,COVER,0,UNKNOWN_OR_COVER,UNKNOWN,,HUGO,S-UNIWARD,MiPOD,HILL,WOW,,,0,0,0.8173142797611034,0.7786739295145751,0.03864035024652823,0.43912625022463103,0.2,1,0.7786739295145751,0.2,1,0.6745560935153945,0.2,1,0.8173142797611034,0.2,1,0.7703379824483853,0.2,1
COVER__TEST__6435.pgm,6435.pgm,COVER,0,MULTI_CANDIDATE,S-UNIWARD,HILL,S-UNIWARD,HILL,MiPOD,WOW,HUGO,,"S-UNIWARD,HILL,MiPOD",3,0,1.0,1.0,0.0,0.8944770390370985,0.8,4,1.0,1.0,5,1.0,1.0,5,0.8776695611847067,0.8,4,1.0,1.0,5
COVER__TEST__1837.pgm,1837.pgm,COVER,0,UNKNOWN_OR_COVER,UNKNOWN,,HUGO,S-UNIWARD,MiPOD,HILL,WOW,,,0,0,0.835269888297448,0.7994219616320974,0.03584792666535053,0.44980953875437263,0.2,1,0.7994219616320974,0.4,2,0.6849059077949466,0.4,2,0.835269888297448,0.8,4,0.7880628627062017,0.4,2
COVER__TEST__1552.pgm,1552.pgm,COVER,0,UNKNOWN_OR_COVER,UNKNOWN,,HUGO,S-UNIWARD,MiPOD,HILL,WOW,,,0,0,0.8123226997516731,0.786723977414439,0.025598722337234148,0.6063894708169377,0.2,1,0.786723977414439,0.2,1,0.6675595153712875,0.2,1,0.8123226997516731,0.4,2,0.7588755213893434,0.2,1
COVER__TEST__7662.pgm,7662.pgm,COVER,0,UNKNOWN_OR_COVER,UNKNOWN,,HILL,MiPOD,S-UNIWARD,HUGO,WOW,,,0,0,0.8439320249731649,0.8394920485719574,0.004439976401207524,0.6695407261477545,0.6,3,0.8366538821730245,0.6,3,0.8439320249731649,0.8,4,0.8275842252754881,0.6,3,0.8394920485719574,0.8,4
COVER__TEST__7807.pgm,7807.pgm,COVER,0,UNKNOWN_OR_COVER,UNKNOWN,,HUGO,S-UNIWARD,MiPOD,HILL,WOW,,,0,0,0.812006305239559,0.7738883084710022,0.03811799676855676,0.43811809821745984,0.2,1,0.7738883084710022,0.2,1,0.6726455280717546,0.2,1,0.812006305239559,0.0,0,0.7682000001577883,0.2,1
COVER__TEST__9556.pgm,9556.pgm,COVER,0,UNKNOWN_OR_COVER,UNKNOWN,,MiPOD,S-UNIWARD,HUGO,HILL,WOW,,,0,0,0.8489207267456692,0.8348385251076171,0.014082201638052072,0.4982879529358115,0.2,1,0.8348385251076171,0.6,3,0.7146514565197983,0.4,2,0.8228164471166126,0.6,3,0.8489207267456692,0.6,3
COVER__TEST__2091.pgm,2091.pgm,COVER,0,UNKNOWN_OR_COVER,UNKNOWN,,HUGO,MiPOD,S-UNIWARD,HILL,WOW,,,0,0,0.8237087101758963,0.8136186726064514,0.010090037569444932,0.46040192044957606,0.2,1,0.790786285434557,0.4,2,0.6894495015257069,0.4,2,0.8237087101758963,0.4,2,0.8136186726064514,0.4,2
COVER__TEST__848.pgm,848.pgm,COVER,0,MULTI_CANDIDATE,WOW,S-UNIWARD,WOW,S-UNIWARD,HILL,HUGO,MiPOD,,"WOW,S-UNIWARD,HILL,HUGO,MiPOD",5,0,1.0,1.0,0.0,1.0,1.0,5,1.0,1.0,5,1.0,1.0,5,1.0,1.0,5,1.0,1.0,5
COVER__TEST__6188.pgm,6188.pgm,COVER,0,UNKNOWN_OR_COVER,UNKNOWN,,HUGO,S-UNIWARD,MiPOD,HILL,WOW,,,0,0,0.812780057687512,0.7747296695390614,0.03805038814845063,0.4379080395007072,0.2,1,0.7747296695390614,0.2,1,0.6723568470494992,0.2,1,0.812780057687512,0.0,0,0.7676970551044671,0.2,1
COVER__TEST__1826.pgm,1826.pgm,COVER,0,MULTI_CANDIDATE,HILL,MiPOD,HILL,MiPOD,S-UNIWARD,HUGO,WOW,,"HILL,MiPOD",2,0,0.9994897408964813,0.9994897408964813,0.0,0.7364158071502718,0.6,3,0.8365325700809159,0.6,3,0.9994897408964813,0.8,4,0.8339308847791024,0.8,4,0.9994897408964813,0.8,4
COVER__TEST__5048.pgm,5048.pgm,COVER,0,UNKNOWN_OR_COVER,UNKNOWN,,HUGO,S-UNIWARD,MiPOD,HILL,WOW,,,0,0,0.8330526349779535,0.8107251689901009,0.022327465987852513,0.4925197127746662,0.2,1,0.8107251689901009,0.4,2,0.6831816997990565,0.6,3,0.8330526349779535,0.6,3,0.7826811843657798,0.6,3
COVER__TEST__5463.pgm,5463.pgm,COVER,0,UNKNOWN_OR_COVER,UNKNOWN,,HUGO,S-UNIWARD,MiPOD,HILL,WOW,,,0,0,0.8120493592620395,0.7736166450131495,0.03843271424888994,0.4381337183771506,0.2,1,0.7736166450131495,0.2,1,0.6732833677005652,0.2,1,0.8120493592620395,0.0,0,0.7685836180914902,0.2,1
COVER__TEST__9228.pgm,9228.pgm,COVER,0,UNKNOWN_OR_COVER,UNKNOWN,,HUGO,S-UNIWARD,MiPOD,HILL,WOW,,,0,0,0.8163590856896864,0.7804390744127678,0.03592001127691857,0.43980410145513626,0.2,1,0.7804390744127678,0.2,1,0.6757015287921607,0.4,2,0.8163590856896864,0.4,2,0.7722943304674849,0.4,2
COVER__TEST__7912.pgm,7912.pgm,COVER,0,UNKNOWN_OR_COVER,UNKNOWN,,HUGO,S-UNIWARD,MiPOD,HILL,WOW,,,0,0,0.8129319160517582,0.7747584080449013,0.03817350800685693,0.4380869990246469,0.2,1,0.7747584080449013,0.2,1,0.6733181898800695,0.2,1,0.8129319160517582,0.0,0,0.7682419720844675,0.0,0
COVER__TEST__2003.pgm,2003.pgm,COVER,0,MULTI_CANDIDATE,WOW,S-UNIWARD,WOW,S-UNIWARD,HILL,MiPOD,HUGO,,"WOW,S-UNIWARD,HILL,MiPOD",4,0,1.0,1.0,0.0,1.0,1.0,5,1.0,1.0,5,1.0,1.0,5,0.8424619832725483,0.8,4,1.0,1.0,5
COVER__TEST__7483.pgm,7483.pgm,COVER,0,SINGLE_CANDIDATE,HUGO,MiPOD,HUGO,MiPOD,S-UNIWARD,HILL,WOW,,HUGO,1,0,0.9295443755534889,0.837302741626569,0.09224163392691986,0.6513673637775383,0.4,2,0.8349328327296677,0.6,3,0.7223955124120068,0.6,3,0.9295443755534889,0.6,3,0.837302741626569,0.8,4
COVER__TEST__3223.pgm,3223.pgm,COVER,0,MULTI_CANDIDATE,MiPOD,HILL,MiPOD,HILL,S-UNIWARD,HUGO,WOW,,"MiPOD,HILL,S-UNIWARD",3,0,1.0,0.9563574050706551,0.04364259492934486,0.8344096974310882,0.8,4,0.9254207371000133,0.8,4,0.9563574050706551,0.8,4,0.8887340608842532,0.8,4,1.0,1.0,5
COVER__TEST__566.pgm,566.pgm,COVER,0,UNKNOWN_OR_COVER,UNKNOWN,,HUGO,S-UNIWARD,MiPOD,HILL,WOW,,,0,0,0.8160165527115447,0.7792065566455088,0.036809996066035966,0.4390137392262215,0.0,0,0.7792065566455088,0.0,0,0.6753740925771593,0.4,2,0.8160165527115447,0.2,1,0.7707629098061846,0.2,1
COVER__TEST__5764.pgm,5764.pgm,COVER,0,UNKNOWN_OR_COVER,UNKNOWN,,HUGO,S-UNIWARD,MiPOD,HILL,WOW,,,0,0,0.8151706560901951,0.7771478028826685,0.03802285320752663,0.4388399015265714,0.2,1,0.7771478028826685,0.2,1,0.6736807370149235,0.2,1,0.8151706560901951,0.2,1,0.7702647347737513,0.2,1
COVER__TEST__7617.pgm,7617.pgm,COVER,0,MULTI_CANDIDATE,WOW,S-UNIWARD,WOW,S-UNIWARD,MiPOD,HILL,HUGO,,"WOW,S-UNIWARD,MiPOD,HILL",4,0,1.0,1.0,0.0,1.0,1.0,5,1.0,1.0,5,0.9206475879192191,0.8,4,0.8463454089208369,0.8,4,1.0,1.0,5
COVER__TEST__784.pgm,784.pgm,COVER,0,MULTI_CANDIDATE,HUGO,MiPOD,HUGO,MiPOD,S-UNIWARD,HILL,WOW,,"HUGO,MiPOD,S-UNIWARD,HILL",4,0,1.0,1.0,0.0,0.8817257937612958,0.8,4,0.9955177599595055,0.8,4,0.9503992868051675,0.8,4,1.0,1.0,5,1.0,1.0,5
COVER__TEST__8284.pgm,8284.pgm,COVER,0,MULTI_CANDIDATE,MiPOD,HILL,MiPOD,HILL,S-UNIWARD,HUGO,WOW,,"MiPOD,HILL,S-UNIWARD",3,0,1.0,0.9781574938972973,0.021842506102702663,0.8269428840889932,0.8,4,0.9282891454210376,0.8,4,0.9781574938972973,0.8,4,0.8433568734675184,0.8,4,1.0,1.0,5
COVER__TEST__361.pgm,361.pgm,COVER,0,UNKNOWN_OR_COVER,UNKNOWN,,HUGO,S-UNIWARD,MiPOD,HILL,WOW,,,0,0,0.8199649144834122,0.7802254538998359,0.03973946058357636,0.43952695054986524,0.2,1,0.7802254538998359,0.2,1,0.6754068532698496,0.2,1,0.8199649144834122,0.2,1,0.7701356066566072,0.2,1
COVER__TEST__2108.pgm,2108.pgm,COVER,0,MULTI_CANDIDATE,HUGO,MiPOD,HUGO,MiPOD,HILL,S-UNIWARD,WOW,,"HUGO,MiPOD,HILL",3,0,1.0,1.0,0.0,0.7591963778415238,0.6,3,0.8469581286567681,0.8,4,0.9868156735448558,0.8,4,1.0,1.0,5,1.0,1.0,5
COVER__TEST__9868.pgm,9868.pgm,COVER,0,SINGLE_CANDIDATE,S-UNIWARD,HILL,S-UNIWARD,HILL,MiPOD,HUGO,WOW,,S-UNIWARD,1,0,0.9585154546794051,0.8443426928435789,0.11417276183582625,0.6717862246144618,0.4,2,0.9585154546794051,0.6,3,0.8443426928435789,0.6,3,0.8303814515052668,0.6,3,0.8394111090374627,0.6,3
COVER__TEST__3556.pgm,3556.pgm,COVER,0,UNKNOWN_OR_COVER,UNKNOWN,,HUGO,S-UNIWARD,MiPOD,HILL,WOW,,,0,0,0.8294237407494844,0.7878985016365156,0.04152523911296879,0.44524994518255073,0.2,1,0.7878985016365156,0.2,1,0.6819596370087425,0.6,3,0.8294237407494844,0.6,3,0.7799824710274856,0.6,3
COVER__TEST__3907.pgm,3907.pgm,COVER,0,MULTI_CANDIDATE,WOW,S-UNIWARD,WOW,S-UNIWARD,HILL,HUGO,MiPOD,,"WOW,S-UNIWARD,HILL,HUGO,MiPOD",5,0,1.0,1.0,0.0,1.0,1.0,5,1.0,1.0,5,1.0,1.0,5,1.0,1.0,5,1.0,1.0,5
COVER__TEST__4772.pgm,4772.pgm,COVER,0,UNKNOWN_OR_COVER,UNKNOWN,,MiPOD,HUGO,S-UNIWARD,HILL,WOW,,,0,0,0.8382791960111907,0.8305026265006937,0.007776569510496989,0.567925145898341,0.2,1,0.7968288311517516,0.6,3,0.7358297377255504,0.6,3,0.8305026265006937,0.6,3,0.8382791960111907,0.8,4
COVER__TEST__3157.pgm,3157.pgm,COVER,0,SINGLE_CANDIDATE,HUGO,HILL,HUGO,HILL,MiPOD,S-UNIWARD,WOW,,HUGO,1,0,0.994061059967277,0.8456788425982277,0.14838221736904933,0.5795849701927452,0.4,2,0.8150824165167189,0.4,2,0.8456788425982277,0.4,2,0.994061059967277,0.6,3,0.8393859558079955,0.4,2
COVER__TEST__9651.pgm,9651.pgm,COVER,0,MULTI_CANDIDATE,S-UNIWARD,MiPOD,S-UNIWARD,MiPOD,HILL,HUGO,WOW,,"S-UNIWARD,MiPOD",2,0,1.0,1.0,0.0,0.7704458948125218,0.6,3,1.0,1.0,5,0.8698323005451319,0.8,4,0.8385534557532743,0.8,4,1.0,1.0,5
COVER__TEST__4482.pgm,4482.pgm,COVER,0,MULTI_CANDIDATE,WOW,S-UNIWARD,WOW,S-UNIWARD,HILL,HUGO,MiPOD,,"WOW,S-UNIWARD,HILL,HUGO,MiPOD",5,0,1.0,1.0,0.0,1.0,1.0,5,1.0,1.0,5,1.0,1.0,5,1.0,1.0,5,1.0,1.0,5
COVER__TEST__3175.pgm,3175.pgm,COVER,0,MULTI_CANDIDATE,HUGO,MiPOD,HUGO,MiPOD,HILL,S-UNIWARD,WOW,,"HUGO,MiPOD,HILL,S-UNIWARD",4,0,1.0,1.0,0.0,0.8390087081570877,0.8,4,0.9053937109555894,0.8,4,0.9857312712646007,0.8,4,1.0,1.0,5,1.0,1.0,5
COVER__TEST__6175.pgm,6175.pgm,COVER,0,UNKNOWN_OR_COVER,UNKNOWN,,S-UNIWARD,HUGO,MiPOD,HILL,WOW,,,0,0,0.8926735164467811,0.8327099450904768,0.05996357135630426,0.580243917890247,0.4,2,0.8926735164467811,0.4,2,0.7249601954120435,0.4,2,0.8327099450904768,0.4,2,0.8172242482912117,0.4,2
COVER__TEST__615.pgm,615.pgm,COVER,0,UNKNOWN_OR_COVER,UNKNOWN,,HILL,MiPOD,S-UNIWARD,HUGO,WOW,,,0,0,0.8671845430456327,0.8603945581580541,0.006789984887578648,0.6441611960111682,0.4,2,0.8545740207626007,0.8,4,0.8671845430456327,0.8,4,0.836321319178715,0.8,4,0.8603945581580541,0.8,4
COVER__TEST__3857.pgm,3857.pgm,COVER,0,UNKNOWN_OR_COVER,UNKNOWN,,HUGO,S-UNIWARD,MiPOD,HILL,WOW,,,0,0,0.8129273024944961,0.7753501637800112,0.03757713871448487,0.43807537384142015,0.2,1,0.7753501637800112,0.2,1,0.673485958594617,0.2,1,0.8129273024944961,0.2,1,0.7692193109156159,0.2,1
COVER__TEST__8518.pgm,8518.pgm,COVER,0,UNKNOWN_OR_COVER,UNKNOWN,,HUGO,S-UNIWARD,MiPOD,HILL,WOW,,,0,0,0.8181870758583842,0.7774831884881815,0.040703887370202696,0.4404269600771089,0.0,0,0.7774831884881815,0.0,0,0.6786687916385981,0.4,2,0.8181870758583842,0.2,1,0.7739842945350638,0.2,1
COVER__TEST__268.pgm,268.pgm,COVER,0,MULTI_CANDIDATE,WOW,S-UNIWARD,WOW,S-UNIWARD,HILL,HUGO,MiPOD,,"WOW,S-UNIWARD,HILL,HUGO,MiPOD",5,0,1.0,1.0,0.0,1.0,1.0,5,1.0,1.0,5,1.0,1.0,5,1.0,1.0,5,1.0,1.0,5
COVER__TEST__8525.pgm,8525.pgm,COVER,0,UNKNOWN_OR_COVER,UNKNOWN,,HUGO,S-UNIWARD,MiPOD,HILL,WOW,,,0,0,0.8322798045213519,0.7957268713296323,0.036552933191719594,0.44595466712807347,0.2,1,0.7957268713296323,0.6,3,0.6797059112526816,0.4,2,0.8322798045213519,0.4,2,0.782741485691451,0.4,2
COVER__TEST__2123.pgm,2123.pgm,COVER,0,UNKNOWN_OR_COVER,UNKNOWN,,HUGO,S-UNIWARD,MiPOD,HILL,WOW,,,0,0,0.8101930576408563,0.7729948263839855,0.03719823125687072,0.4374039708663264,0.2,1,0.7729948263839855,0.2,1,0.6693523174562117,0.2,1,0.8101930576408563,0.0,0,0.7651590871805164,0.2,1
COVER__TEST__3477.pgm,3477.pgm,COVER,0,MULTI_CANDIDATE,S-UNIWARD,HILL,S-UNIWARD,HILL,MiPOD,WOW,HUGO,,"S-UNIWARD,HILL,MiPOD,WOW,HUGO",5,0,1.0,1.0,0.0,0.9056212448095767,0.8,4,1.0,1.0,5,1.0,1.0,5,0.9022051783529484,0.8,4,1.0,1.0,5
COVER__TEST__5909.pgm,5909.pgm,COVER,0,MULTI_CANDIDATE,WOW,MiPOD,WOW,MiPOD,S-UNIWARD,HILL,HUGO,,"WOW,MiPOD,S-UNIWARD,HILL",4,0,0.9894989950745519,0.9868834160528819,0.002615579021669978,0.9894989950745519,0.6,3,0.9862717672030051,0.6,3,0.9856014313949835,0.6,3,0.82000624965634,0.4,2,0.9868834160528819,0.6,3
COVER__TEST__9357.pgm,9357.pgm,COVER,0,UNKNOWN_OR_COVER,UNKNOWN,,HUGO,S-UNIWARD,MiPOD,HILL,WOW,,,0,0,0.8222368366801408,0.7833324458398685,0.03890439084027231,0.44118997416400596,0.0,0,0.7833324458398685,0.2,1,0.6775664450933653,0.2,1,0.8222368366801408,0.4,2,0.774229586638192,0.0,0
COVER__TEST__6003.pgm,6003.pgm,COVER,0,MULTI_CANDIDATE,HUGO,MiPOD,HUGO,MiPOD,HILL,S-UNIWARD,WOW,,"HUGO,MiPOD,HILL",3,0,1.0,1.0,0.0,0.7386663731710035,0.6,3,0.8397629139158427,0.8,4,0.976502661483649,0.8,4,1.0,1.0,5,1.0,1.0,5
COVER__TEST__5573.pgm,5573.pgm,COVER,0,MULTI_CANDIDATE,HILL,MiPOD,HILL,MiPOD,S-UNIWARD,HUGO,WOW,,"HILL,MiPOD",2,0,1.0,1.0,0.0,0.7574203946334694,0.6,3,0.8416134873386631,0.8,4,1.0,1.0,5,0.839399452677403,0.8,4,1.0,1.0,5
COVER__TEST__9053.pgm,9053.pgm,COVER,0,MULTI_CANDIDATE,WOW,S-UNIWARD,WOW,S-UNIWARD,HUGO,MiPOD,HILL,,"WOW,S-UNIWARD,HUGO,MiPOD,HILL",5,0,1.0,1.0,0.0,1.0,1.0,5,1.0,1.0,5,0.9231449201676751,0.8,4,1.0,1.0,5,1.0,1.0,5
COVER__TEST__2157.pgm,2157.pgm,COVER,0,SINGLE_CANDIDATE,S-UNIWARD,HUGO,S-UNIWARD,HUGO,MiPOD,HILL,WOW,,S-UNIWARD,1,0,0.9477300063173221,0.8168782346807089,0.1308517716366132,0.5430275243189261,0.4,2,0.9477300063173221,0.8,4,0.6830151004569454,0.6,3,0.8168782346807089,0.6,3,0.792398321113267,0.6,3
COVER__TEST__8724.pgm,8724.pgm,COVER,0,MULTI_CANDIDATE,S-UNIWARD,HILL,S-UNIWARD,HILL,HUGO,MiPOD,WOW,,"S-UNIWARD,HILL,HUGO,MiPOD,WOW",5,0,1.0,1.0,0.0,0.9868319795548064,0.8,4,1.0,1.0,5,1.0,1.0,5,1.0,1.0,5,1.0,1.0,5
COVER__TEST__6902.pgm,6902.pgm,COVER,0,MULTI_CANDIDATE,S-UNIWARD,HUGO,S-UNIWARD,HUGO,HILL,MiPOD,WOW,,"S-UNIWARD,HUGO,HILL,MiPOD",4,0,1.0,1.0,0.0,0.8015387096533682,0.6,3,1.0,1.0,5,0.9790769171225888,0.8,4,1.0,1.0,5,0.9609785643489355,0.8,4
COVER__TEST__7422.pgm,7422.pgm,COVER,0,UNKNOWN_OR_COVER,UNKNOWN,,HUGO,S-UNIWARD,MiPOD,HILL,WOW,,,0,0,0.8300248948882925,0.7943634031783516,0.03566149170994082,0.4479553658770282,0.2,1,0.7943634031783516,0.2,1,0.6831415735495369,0.6,3,0.8300248948882925,0.6,3,0.784177578953657,0.6,3
COVER__TEST__9355.pgm,9355.pgm,COVER,0,MULTI_CANDIDATE,HILL,MiPOD,HILL,MiPOD,WOW,S-UNIWARD,HUGO,,"HILL,MiPOD,WOW",3,0,1.0,1.0,0.0,0.9376447297984637,0.8,4,0.8493495931505961,0.8,4,1.0,1.0,5,0.8357529159282553,0.6,3,1.0,1.0,5
COVER__TEST__2559.pgm,2559.pgm,COVER,0,MULTI_CANDIDATE,WOW,S-UNIWARD,WOW,S-UNIWARD,HILL,HUGO,MiPOD,,"WOW,S-UNIWARD,HILL,HUGO,MiPOD",5,0,1.0,1.0,0.0,1.0,1.0,5,1.0,1.0,5,1.0,1.0,5,1.0,1.0,5,1.0,1.0,5
COVER__TEST__7438.pgm,7438.pgm,COVER,0,UNKNOWN_OR_COVER,UNKNOWN,,HUGO,S-UNIWARD,MiPOD,HILL,WOW,,,0,0,0.812577249138861,0.774546709757864,0.038030539380996986,0.4379446143967621,0.2,1,0.774546709757864,0.2,1,0.6728627274582049,0.2,1,0.812577249138861,0.0,0,0.7681932154324118,0.2,1
COVER__TEST__2297.pgm,2297.pgm,COVER,0,MULTI_CANDIDATE,WOW,S-UNIWARD,WOW,S-UNIWARD,HILL,HUGO,MiPOD,,"WOW,S-UNIWARD,HILL,HUGO,MiPOD",5,0,1.0,1.0,0.0,1.0,1.0,5,1.0,1.0,5,1.0,1.0,5,1.0,1.0,5,1.0,1.0,5
COVER__TEST__6333.pgm,6333.pgm,COVER,0,MULTI_CANDIDATE,S-UNIWARD,HILL,S-UNIWARD,HILL,MiPOD,HUGO,WOW,,"S-UNIWARD,HILL,MiPOD,HUGO,WOW",5,0,1.0,1.0,0.0,0.9694003244110692,0.8,4,1.0,1.0,5,1.0,1.0,5,0.992360849563427,0.8,4,1.0,1.0,5
COVER__TEST__7783.pgm,7783.pgm,COVER,0,UNKNOWN_OR_COVER,UNKNOWN,,HUGO,S-UNIWARD,MiPOD,HILL,WOW,,,0,0,0.8121170188353288,0.7737232476950575,0.038393771140271316,0.4381723201631744,0.0,0,0.7737232476950575,0.2,1,0.6727295250373826,0.2,1,0.8121170188353288,0.0,0,0.7678321270159418,0.0,0
COVER__TEST__3531.pgm,3531.pgm,COVER,0,UNKNOWN_OR_COVER,UNKNOWN,,HUGO,S-UNIWARD,MiPOD,HILL,WOW,,,0,0,0.8238460448898346,0.8208200537657415,0.003025991124093075,0.5383980342730157,0.4,2,0.8208200537657415,0.2,1,0.6814797852118551,0.6,3,0.8238460448898346,0.6,3,0.7819723493757497,0.6,3
COVER__TEST__5788.pgm,5788.pgm,COVER,0,UNKNOWN_OR_COVER,UNKNOWN,,HUGO,S-UNIWARD,MiPOD,HILL,WOW,,,0,0,0.8130656715529909,0.7746699584240527,0.03839571312893819,0.4380529976989308,0.0,0,0.7746699584240527,0.0,0,0.6733864481638484,0.0,0,0.8130656715529909,0.0,0,0.768710259107248,0.0,0
COVER__TEST__1304.pgm,1304.pgm,COVER,0,UNKNOWN_OR_COVER,UNKNOWN,,HUGO,S-UNIWARD,MiPOD,HILL,WOW,,,0,0,0.8166199275347484,0.7788517882506343,0.037768139284114155,0.4396588698157745,0.2,1,0.7788517882506343,0.2,1,0.6760618014436067,0.4,2,0.8166199275347484,0.2,1,0.7721580040811337,0.4,2
COVER__TEST__6971.pgm,6971.pgm,COVER,0,UNKNOWN_OR_COVER,UNKNOWN,,HUGO,S-UNIWARD,MiPOD,HILL,WOW,,,0,0,0.8188207987968799,0.7772123043923954,0.04160849440448444,0.4408353823087935,0.2,1,0.7772123043923954,0.2,1,0.6778564382352845,0.2,1,0.8188207987968799,0.0,0,0.7738509243729816,0.2,1
COVER__TEST__2697.pgm,2697.pgm,COVER,0,UNKNOWN_OR_COVER,UNKNOWN,,HUGO,S-UNIWARD,MiPOD,HILL,WOW,,,0,0,0.8158029661592832,0.7876376664408393,0.028165299718443837,0.44146651042375834,0.2,1,0.7876376664408393,0.2,1,0.6754700417095699,0.4,2,0.8158029661592832,0.4,2,0.7755581708779835,0.4,2
COVER__TEST__5267.pgm,5267.pgm,COVER,0,UNKNOWN_OR_COVER,UNKNOWN,,HUGO,S-UNIWARD,MiPOD,HILL,WOW,,,0,0,0.8263879178981026,0.7904431196428698,0.03594479825523278,0.44463817850115667,0.2,1,0.7904431196428698,0.4,2,0.681395012891086,0.4,2,0.8263879178981026,0.4,2,0.7799262967643322,0.4,2
COVER__TEST__7157.pgm,7157.pgm,COVER,0,UNKNOWN_OR_COVER,UNKNOWN,,HUGO,S-UNIWARD,MiPOD,HILL,WOW,,,0,0,0.8254181761205622,0.7924155858884472,0.03300259023211505,0.44540592517043953,0.2,1,0.7924155858884472,0.2,1,0.6817186461517408,0.4,2,0.8254181761205622,0.4,2,0.7823854999136851,0.4,2
COVER__TEST__6962.pgm,6962.pgm,COVER,0,UNKNOWN_OR_COVER,UNKNOWN,,HUGO,S-UNIWARD,MiPOD,HILL,WOW,,,0,0,0.8133051817788088,0.7746167974375999,0.038688384341208915,0.43852422187412204,0.2,1,0.7746167974375999,0.2,1,0.6746982066846586,0.2,1,0.8133051817788088,0.2,1,0.7700207376706608,0.2,1
COVER__TEST__7328.pgm,7328.pgm,COVER,0,UNKNOWN_OR_COVER,UNKNOWN,,HUGO,S-UNIWARD,MiPOD,HILL,WOW,,,0,0,0.8419463365876585,0.8286801078027775,0.01326622878488104,0.46274690146152214,0.2,1,0.8286801078027775,0.4,2,0.6927604276171764,0.6,3,0.8419463365876585,0.6,3,0.7870686338538135,0.6,3
COVER__TEST__5614.pgm,5614.pgm,COVER,0,UNKNOWN_OR_COVER,UNKNOWN,,HUGO,S-UNIWARD,MiPOD,HILL,WOW,,,0,0,0.8160102213754581,0.7794432415326413,0.03656697984281676,0.4397013271347074,0.2,1,0.7794432415326413,0.2,1,0.6762372849178121,0.4,2,0.8160102213754581,0.2,1,0.7717926689156502,0.4,2
COVER__TEST__2145.pgm,2145.pgm,COVER,0,UNKNOWN_OR_COVER,UNKNOWN,,HUGO,S-UNIWARD,MiPOD,HILL,WOW,,,0,0,0.8326519756322239,0.7931902471976647,0.039461728434559196,0.45392126133921123,0.2,1,0.7931902471976647,0.4,2,0.6847149243285962,0.6,3,0.8326519756322239,0.6,3,0.7925575858736426,0.6,3
COVER__TEST__94.pgm,94.pgm,COVER,0,MULTI_CANDIDATE,HILL,MiPOD,HILL,MiPOD,HUGO,S-UNIWARD,WOW,,"HILL,MiPOD",2,0,1.0,1.0,0.0,0.8283736600970502,0.6,3,0.8473356691188784,0.8,4,1.0,1.0,5,0.8936161441994152,0.8,4,1.0,1.0,5
COVER__TEST__1274.pgm,1274.pgm,COVER,0,MULTI_CANDIDATE,S-UNIWARD,MiPOD,S-UNIWARD,MiPOD,HILL,WOW,HUGO,,"S-UNIWARD,MiPOD,HILL",3,0,0.9984430170940982,0.998243404590708,0.00019961250339017855,0.8702092807044071,0.6,3,0.9984430170940982,0.8,4,0.9553698644455368,0.6,3,0.8335225638273984,0.8,4,0.998243404590708,0.8,4
COVER__TEST__7430.pgm,7430.pgm,COVER,0,MULTI_CANDIDATE,S-UNIWARD,WOW,S-UNIWARD,WOW,MiPOD,HILL,HUGO,,"S-UNIWARD,WOW,MiPOD,HILL",4,0,0.9943466445408496,0.9942177741626246,0.00012887037822506553,0.9942177741626246,0.8,4,0.9943466445408496,0.8,4,0.9705685030598469,0.6,3,0.8328305721796804,0.8,4,0.9941511525512077,0.8,4
COVER__TEST__1621.pgm,1621.pgm,COVER,0,SINGLE_CANDIDATE,S-UNIWARD,HUGO,S-UNIWARD,HUGO,MiPOD,HILL,WOW,,S-UNIWARD,1,0,0.9090644730496878,0.8244015639222771,0.0846629091274107,0.5361140488036259,0.4,2,0.9090644730496878,0.2,1,0.6803315298059737,0.6,3,0.8244015639222771,0.4,2,0.7766910183932504,0.6,3
COVER__TEST__6853.pgm,6853.pgm,COVER,0,MULTI_CANDIDATE,S-UNIWARD,HUGO,S-UNIWARD,HUGO,MiPOD,HILL,WOW,,"S-UNIWARD,HUGO,MiPOD,HILL,WOW",5,0,1.0,1.0,0.0,0.9171991071217246,0.8,4,1.0,1.0,5,0.9972519711117626,0.8,4,1.0,1.0,5,1.0,1.0,5
COVER__TEST__206.pgm,206.pgm,COVER,0,UNKNOWN_OR_COVER,UNKNOWN,,HUGO,S-UNIWARD,MiPOD,HILL,WOW,,,0,0,0.8199834724670134,0.7834518449859947,0.03653162748101868,0.4419124915377755,0.2,1,0.7834518449859947,0.2,1,0.6782739119152091,0.4,2,0.8199834724670134,0.4,2,0.7765989150903286,0.4,2
COVER__TEST__622.pgm,622.pgm,COVER,0,UNKNOWN_OR_COVER,UNKNOWN,,HUGO,S-UNIWARD,MiPOD,HILL,WOW,,,0,0,0.8166442970796755,0.7777472685083807,0.038897028571294734,0.43950637303895324,0.2,1,0.7777472685083807,0.2,1,0.6759943259522041,0.2,1,0.8166442970796755,0.2,1,0.7718603724945862,0.2,1
COVER__TEST__8375.pgm,8375.pgm,COVER,0,MULTI_CANDIDATE,MiPOD,HILL,MiPOD,HILL,S-UNIWARD,HUGO,WOW,,"MiPOD,HILL",2,0,1.0,0.9479844441840706,0.052015555815929426,0.7497376936379236,0.6,3,0.8438883439650555,0.6,3,0.9479844441840706,0.8,4,0.8347122231921131,0.8,4,1.0,1.0,5
COVER__TEST__9048.pgm,9048.pgm,COVER,0,MULTI_CANDIDATE,WOW,S-UNIWARD,WOW,S-UNIWARD,HILL,HUGO,MiPOD,,"WOW,S-UNIWARD,HILL,HUGO,MiPOD",5,0,1.0,1.0,0.0,1.0,1.0,5,1.0,1.0,5,1.0,1.0,5,1.0,1.0,5,1.0,1.0,5
COVER__TEST__6604.pgm,6604.pgm,COVER,0,MULTI_CANDIDATE,S-UNIWARD,HUGO,S-UNIWARD,HUGO,MiPOD,HILL,WOW,,"S-UNIWARD,HUGO,MiPOD,HILL,WOW",5,0,1.0,1.0,0.0,0.9165846716079965,0.8,4,1.0,1.0,5,0.9801530487824255,0.8,4,1.0,1.0,5,1.0,1.0,5
COVER__TEST__2902.pgm,2902.pgm,COVER,0,UNKNOWN_OR_COVER,UNKNOWN,,HILL,MiPOD,S-UNIWARD,HUGO,WOW,,,0,0,0.8746345145119534,0.8657882609937122,0.008846253518241198,0.718086703879614,0.4,2,0.8375870213977079,0.8,4,0.8746345145119534,0.6,3,0.8347060376960226,0.6,3,0.8657882609937122,0.6,3
COVER__TEST__3589.pgm,3589.pgm,COVER,0,UNKNOWN_OR_COVER,UNKNOWN,,HUGO,S-UNIWARD,MiPOD,HILL,WOW,,,0,0,0.8194630412620126,0.781867747915277,0.037595293346735614,0.44058123652863096,0.2,1,0.781867747915277,0.2,1,0.6767380926406893,0.4,2,0.8194630412620126,0.4,2,0.7735813753585166,0.4,2
COVER__TEST__7348.pgm,7348.pgm,COVER,0,UNKNOWN_OR_COVER,UNKNOWN,,HUGO,S-UNIWARD,MiPOD,HILL,WOW,,,0,0,0.8159389908145798,0.7759798182963807,0.039959172518199026,0.43971615400712183,0.2,1,0.7759798182963807,0.2,1,0.6758763238997745,0.2,1,0.8159389908145798,0.0,0,0.7718258470135078,0.2,1
COVER__TEST__8332.pgm,8332.pgm,COVER,0,UNKNOWN_OR_COVER,UNKNOWN,,MiPOD,HUGO,S-UNIWARD,HILL,WOW,,,0,0,0.8427709514750322,0.8345351247145743,0.008235826760457976,0.6700504135485239,0.2,1,0.8103427679175388,0.6,3,0.7513159538788429,0.6,3,0.8345351247145743,0.8,4,0.8427709514750322,0.8,4
COVER__TEST__1110.pgm,1110.pgm,COVER,0,UNKNOWN_OR_COVER,UNKNOWN,,HUGO,S-UNIWARD,MiPOD,HILL,WOW,,,0,0,0.832004891984294,0.7923217137952913,0.03968317818900269,0.4447494980948469,0.2,1,0.7923217137952913,0.2,1,0.6826459122791684,0.4,2,0.832004891984294,0.4,2,0.7784436378887033,0.4,2
COVER__TEST__2767.pgm,2767.pgm,COVER,0,MULTI_CANDIDATE,WOW,S-UNIWARD,WOW,S-UNIWARD,HILL,HUGO,MiPOD,,"WOW,S-UNIWARD,HILL,HUGO,MiPOD",5,0,1.0,1.0,0.0,1.0,1.0,5,1.0,1.0,5,1.0,1.0,5,1.0,1.0,5,1.0,1.0,5
COVER__TEST__5836.pgm,5836.pgm,COVER,0,MULTI_CANDIDATE,HILL,MiPOD,HILL,MiPOD,S-UNIWARD,HUGO,WOW,,"HILL,MiPOD",2,0,1.0,1.0,0.0,0.7417608692518863,0.6,3,0.8406757036526671,0.8,4,1.0,1.0,5,0.8392673591292794,0.8,4,1.0,1.0,5
COVER__TEST__5266.pgm,5266.pgm,COVER,0,MULTI_CANDIDATE,WOW,S-UNIWARD,WOW,S-UNIWARD,HILL,HUGO,MiPOD,,"WOW,S-UNIWARD,HILL,HUGO,MiPOD",5,0,1.0,1.0,0.0,1.0,1.0,5,1.0,1.0,5,1.0,1.0,5,1.0,1.0,5,0.9993218300932571,0.8,4
COVER__TEST__4766.pgm,4766.pgm,COVER,0,MULTI_CANDIDATE,HUGO,MiPOD,HUGO,MiPOD,S-UNIWARD,HILL,WOW,,"HUGO,MiPOD,S-UNIWARD,HILL",4,0,1.0,1.0,0.0,0.8607929368907421,0.8,4,0.9423886996025466,0.8,4,0.9224029123327453,0.8,4,1.0,1.0,5,1.0,1.0,5
COVER__TEST__3020.pgm,3020.pgm,COVER,0,UNKNOWN_OR_COVER,UNKNOWN,,HUGO,S-UNIWARD,MiPOD,HILL,WOW,,,0,0,0.8159496775084591,0.7752377877892995,0.04071188971915962,0.4396851727010673,0.2,1,0.7752377877892995,0.2,1,0.6757460868627884,0.2,1,0.8159496775084591,0.0,0,0.7711363576012379,0.2,1
COVER__TEST__4111.pgm,4111.pgm,COVER,0,MULTI_CANDIDATE,WOW,S-UNIWARD,WOW,S-UNIWARD,HILL,HUGO,MiPOD,,"WOW,S-UNIWARD,HILL,HUGO,MiPOD",5,0,1.0,1.0,0.0,1.0,1.0,5,1.0,1.0,5,1.0,1.0,5,1.0,1.0,5,1.0,1.0,5
COVER__TEST__5442.pgm,5442.pgm,COVER,0,UNKNOWN_OR_COVER,UNKNOWN,,HUGO,S-UNIWARD,MiPOD,HILL,WOW,,,0,0,0.8148772997437307,0.7774078705219889,0.03746942922174179,0.4380528750760826,0.2,1,0.7774078705219889,0.2,1,0.6715000617100378,0.2,1,0.8148772997437307,0.0,0,0.7672528753517984,0.2,1
COVER__TEST__4011.pgm,4011.pgm,COVER,0,MULTI_CANDIDATE,S-UNIWARD,HILL,S-UNIWARD,HILL,HUGO,MiPOD,WOW,,"S-UNIWARD,HILL,HUGO,MiPOD",4,0,1.0,1.0,0.0,0.8393975853317114,0.8,4,1.0,1.0,5,1.0,1.0,5,1.0,1.0,5,1.0,1.0,5
COVER__TEST__111.pgm,111.pgm,COVER,0,MULTI_CANDIDATE,WOW,S-UNIWARD,WOW,S-UNIWARD,HILL,MiPOD,HUGO,,"WOW,S-UNIWARD,HILL,MiPOD,HUGO",5,0,1.0,1.0,0.0,1.0,1.0,5,1.0,1.0,5,1.0,1.0,5,0.985785117340533,0.8,4,1.0,1.0,5
COVER__TEST__1805.pgm,1805.pgm,COVER,0,UNKNOWN_OR_COVER,UNKNOWN,,HUGO,S-UNIWARD,MiPOD,HILL,WOW,,,0,0,0.8207814238961063,0.7812733397478355,0.03950808414827078,0.4405576658922521,0.2,1,0.7812733397478355,0.2,1,0.6773099507483828,0.4,2,0.8207814238961063,0.2,1,0.7731302040919694,0.4,2
COVER__TEST__6826.pgm,6826.pgm,COVER,0,UNKNOWN_OR_COVER,UNKNOWN,,HUGO,S-UNIWARD,MiPOD,HILL,WOW,,,0,0,0.8200624880166092,0.784791632983499,0.03527085503311023,0.4417748835874358,0.2,1,0.784791632983499,0.2,1,0.677864447340105,0.4,2,0.8200624880166092,0.4,2,0.7757077730245718,0.4,2
COVER__TEST__4249.pgm,4249.pgm,COVER,0,MULTI_CANDIDATE,WOW,S-UNIWARD,WOW,S-UNIWARD,HILL,HUGO,MiPOD,,"WOW,S-UNIWARD,HILL,HUGO,MiPOD",5,0,1.0,1.0,0.0,1.0,1.0,5,1.0,1.0,5,1.0,1.0,5,1.0,1.0,5,1.0,1.0,5
COVER__TEST__1668.pgm,1668.pgm,COVER,0,SINGLE_CANDIDATE,MiPOD,HILL,MiPOD,HILL,S-UNIWARD,HUGO,WOW,,MiPOD,1,0,1.0,0.8557659126655224,0.14423408733447762,0.6437890427511093,0.4,2,0.8410539355361436,0.8,4,0.8557659126655224,0.8,4,0.8343092515881374,0.8,4,1.0,1.0,5
COVER__TEST__5546.pgm,5546.pgm,COVER,0,MULTI_CANDIDATE,HILL,MiPOD,HILL,MiPOD,S-UNIWARD,HUGO,WOW,,"HILL,MiPOD",2,0,1.0,1.0,0.0,0.7356399488666371,0.6,3,0.8388059141745821,0.8,4,1.0,1.0,5,0.8370104077040192,0.8,4,1.0,1.0,5
COVER__TEST__8769.pgm,8769.pgm,COVER,0,MULTI_CANDIDATE,WOW,S-UNIWARD,WOW,S-UNIWARD,HILL,HUGO,MiPOD,,"WOW,S-UNIWARD,HILL,HUGO,MiPOD",5,0,1.0,1.0,0.0,1.0,1.0,5,1.0,1.0,5,1.0,1.0,5,1.0,1.0,5,1.0,1.0,5
COVER__TEST__8173.pgm,8173.pgm,COVER,0,MULTI_CANDIDATE,WOW,S-UNIWARD,WOW,S-UNIWARD,HILL,HUGO,MiPOD,,"WOW,S-UNIWARD,HILL,HUGO,MiPOD",5,0,1.0,1.0,0.0,1.0,1.0,5,1.0,1.0,5,1.0,1.0,5,1.0,1.0,5,1.0,1.0,5
COVER__TEST__5174.pgm,5174.pgm,COVER,0,UNKNOWN_OR_COVER,UNKNOWN,,HUGO,S-UNIWARD,MiPOD,HILL,WOW,,,0,0,0.8093380870050361,0.7723801930838385,0.03695789392119753,0.43712651120232493,0.2,1,0.7723801930838385,0.2,1,0.6713008563008108,0.2,1,0.8093380870050361,0.0,0,0.7664866820894636,0.0,0
COVER__TEST__2632.pgm,2632.pgm,COVER,0,UNKNOWN_OR_COVER,UNKNOWN,,HUGO,S-UNIWARD,MiPOD,HILL,WOW,,,0,0,0.8141933866685156,0.7756468710239329,0.03854651564458267,0.43861197080483283,0.2,1,0.7756468710239329,0.2,1,0.6739094123762638,0.2,1,0.8141933866685156,0.0,0,0.7695041146453209,0.2,1
COVER__TEST__9570.pgm,9570.pgm,COVER,0,MULTI_CANDIDATE,S-UNIWARD,HUGO,S-UNIWARD,HUGO,MiPOD,HILL,WOW,,"S-UNIWARD,HUGO,MiPOD",3,0,1.0,1.0,0.0,0.7559854679112668,0.6,3,1.0,1.0,5,0.8412701277107576,0.8,4,1.0,1.0,5,0.9545429981396971,0.8,4
COVER__TEST__6088.pgm,6088.pgm,COVER,0,UNKNOWN_OR_COVER,UNKNOWN,,HUGO,S-UNIWARD,MiPOD,HILL,WOW,,,0,0,0.810351182614769,0.772882387089921,0.03746879552484805,0.4371295003033421,0.2,1,0.772882387089921,0.2,1,0.6722843025805119,0.2,1,0.810351182614769,0.0,0,0.7668167660068098,0.2,1
COVER__TEST__2676.pgm,2676.pgm,COVER,0,UNKNOWN_OR_COVER,UNKNOWN,,HUGO,S-UNIWARD,MiPOD,HILL,WOW,,,0,0,0.8182280221125975,0.7779088335740116,0.04031918853858585,0.43967600374165433,0.2,1,0.7779088335740116,0.2,1,0.6758106648888992,0.2,1,0.8182280221125975,0.0,0,0.7713513203157399,0.2,1
COVER__TEST__8553.pgm,8553.pgm,COVER,0,MULTI_CANDIDATE,S-UNIWARD,HILL,S-UNIWARD,HILL,HUGO,MiPOD,WOW,,"S-UNIWARD,HILL,HUGO,MiPOD,WOW",5,0,1.0,1.0,0.0,0.90790211941569,0.8,4,1.0,1.0,5,1.0,1.0,5,1.0,1.0,5,1.0,1.0,5
COVER__TEST__4176.pgm,4176.pgm,COVER,0,MULTI_CANDIDATE,S-UNIWARD,HILL,S-UNIWARD,HILL,HUGO,MiPOD,WOW,,"S-UNIWARD,HILL,HUGO,MiPOD",4,0,1.0,1.0,0.0,0.8938931050747005,0.8,4,1.0,1.0,5,1.0,1.0,5,1.0,1.0,5,1.0,1.0,5
COVER__TEST__5025.pgm,5025.pgm,COVER,0,UNKNOWN_OR_COVER,UNKNOWN,,HUGO,S-UNIWARD,MiPOD,HILL,WOW,,,0,0,0.8282928868783206,0.7876069607026368,0.040685926175683784,0.4420356557718098,0.2,1,0.7876069607026368,0.2,1,0.6784787689485376,0.4,2,0.8282928868783206,0.2,1,0.7744068278569859,0.4,2
COVER__TEST__7104.pgm,7104.pgm,COVER,0,UNKNOWN_OR_COVER,UNKNOWN,,HUGO,S-UNIWARD,MiPOD,HILL,WOW,,,0,0,0.8203204483341853,0.7811938624627438,0.039126585871441466,0.4397212907890496,0.2,1,0.7811938624627438,0.2,1,0.6755613052274734,0.2,1,0.8203204483341853,0.2,1,0.7711227455398759,0.2,1
COVER__TEST__9195.pgm,9195.pgm,COVER,0,UNKNOWN_OR_COVER,UNKNOWN,,HUGO,S-UNIWARD,MiPOD,HILL,WOW,,,0,0,0.8121441935672813,0.774091677587867,0.03805251597941428,0.4377948591862598,0.0,0,0.774091677587867,0.0,0,0.6744376540653491,0.2,1,0.8121441935672813,0.2,1,0.7687704434795811,0.0,0
COVER__TEST__816.pgm,816.pgm,COVER,0,MULTI_CANDIDATE,WOW,S-UNIWARD,WOW,S-UNIWARD,HILL,MiPOD,HUGO,,"WOW,S-UNIWARD,HILL,MiPOD,HUGO",5,0,1.0,1.0,0.0,1.0,1.0,5,1.0,1.0,5,1.0,1.0,5,0.9561900839226208,0.8,4,1.0,1.0,5
COVER__TEST__7250.pgm,7250.pgm,COVER,0,UNKNOWN_OR_COVER,UNKNOWN,,HUGO,S-UNIWARD,MiPOD,HILL,WOW,,,0,0,0.8139372799338982,0.7752836300034412,0.038653649930456946,0.4386909608865929,0.2,1,0.7752836300034412,0.2,1,0.6756789154689568,0.4,2,0.8139372799338982,0.2,1,0.770504203106477,0.4,2
COVER__TEST__7531.pgm,7531.pgm,COVER,0,MULTI_CANDIDATE,S-UNIWARD,MiPOD,S-UNIWARD,MiPOD,WOW,HILL,HUGO,,"S-UNIWARD,MiPOD,WOW,HILL",4,0,1.0,1.0,0.0,0.9605631825717722,0.8,4,1.0,1.0,5,0.9249009184296959,0.8,4,0.8393330592408667,0.8,4,1.0,1.0,5
COVER__TEST__501.pgm,501.pgm,COVER,0,MULTI_CANDIDATE,HILL,MiPOD,HILL,MiPOD,HUGO,S-UNIWARD,WOW,,"HILL,MiPOD",2,0,1.0,1.0,0.0,0.7627025536143484,0.6,3,0.8453334344399078,0.8,4,1.0,1.0,5,0.8510337780676298,0.8,4,1.0,1.0,5
COVER__TEST__220.pgm,220.pgm,COVER,0,UNKNOWN_OR_COVER,UNKNOWN,,HUGO,S-UNIWARD,MiPOD,HILL,WOW,,,0,0,0.8205110072256648,0.7821713142762806,0.03833969294938422,0.4396980591863507,0.2,1,0.7821713142762806,0.2,1,0.6752364541204616,0.2,1,0.8205110072256648,0.2,1,0.7711167647872468,0.2,1
COVER__TEST__1731.pgm,1731.pgm,COVER,0,MULTI_CANDIDATE,MiPOD,S-UNIWARD,MiPOD,S-UNIWARD,HILL,HUGO,WOW,,"MiPOD,S-UNIWARD",2,0,1.0,0.9742308941512559,0.025769105848744145,0.7267539481702164,0.6,3,0.9742308941512559,0.8,4,0.8544186105494397,0.8,4,0.8343446814839244,0.8,4,1.0,1.0,5
COVER__TEST__9744.pgm,9744.pgm,COVER,0,UNKNOWN_OR_COVER,UNKNOWN,,HUGO,S-UNIWARD,MiPOD,HILL,WOW,,,0,0,0.8163573431528149,0.7776760278775909,0.038681315275224004,0.4395257133270216,0.2,1,0.7776760278775909,0.2,1,0.6758662916475575,0.2,1,0.8163573431528149,0.2,1,0.7722148880302717,0.2,1
COVER__TEST__3292.pgm,3292.pgm,COVER,0,MULTI_CANDIDATE,HUGO,MiPOD,HUGO,MiPOD,HILL,S-UNIWARD,WOW,,"HUGO,MiPOD,HILL",3,0,1.0,1.0,0.0,0.8176424169557542,0.6,3,0.8760032724360819,0.8,4,0.9038521947927214,0.8,4,1.0,1.0,5,1.0,1.0,5
COVER__TEST__1773.pgm,1773.pgm,COVER,0,UNKNOWN_OR_COVER,UNKNOWN,,HUGO,S-UNIWARD,MiPOD,HILL,WOW,,,0,0,0.8185158579358955,0.7777931720596296,0.04072268587626593,0.44028224505109115,0.2,1,0.7777931720596296,0.2,1,0.6768144794221794,0.2,1,0.8185158579358955,0.0,0,0.7728622674749975,0.2,1
COVER__TEST__225.pgm,225.pgm,COVER,0,MULTI_CANDIDATE,HILL,S-UNIWARD,HILL,S-UNIWARD,MiPOD,HUGO,WOW,,"HILL,S-UNIWARD,MiPOD,HUGO",4,0,0.9766158265538285,0.9620025790756944,0.014613247478134084,0.7981737698885173,0.6,3,0.9620025790756944,0.8,4,0.9766158265538285,0.6,3,0.9220671418863704,0.8,4,0.9591265722038379,0.8,4
COVER__TEST__9095.pgm,9095.pgm,COVER,0,SINGLE_CANDIDATE,S-UNIWARD,WOW,S-UNIWARD,WOW,MiPOD,HUGO,HILL,,S-UNIWARD,1,0,0.903899061702359,0.8400679453553165,0.06383111634704253,0.8400679453553165,0.8,4,0.903899061702359,0.6,3,0.7724167625352847,0.6,3,0.8166055936200627,0.6,3,0.8373027303009438,0.8,4
COVER__TEST__5593.pgm,5593.pgm,COVER,0,UNKNOWN_OR_COVER,UNKNOWN,,HUGO,S-UNIWARD,MiPOD,HILL,WOW,,,0,0,0.8191663432225418,0.791809063884353,0.027357279338188767,0.44857294382160184,0.2,1,0.791809063884353,0.6,3,0.6788383986957853,0.4,2,0.8191663432225418,0.4,2,0.7840212939545262,0.4,2
COVER__TEST__6454.pgm,6454.pgm,COVER,0,UNKNOWN_OR_COVER,UNKNOWN,,HUGO,S-UNIWARD,MiPOD,HILL,WOW,,,0,0,0.8205200792397589,0.7804760692784063,0.0400440099613526,0.4402402706336339,0.2,1,0.7804760692784063,0.2,1,0.6769647525744233,0.2,1,0.8205200792397589,0.2,1,0.772341617524902,0.2,1
COVER__TEST__3318.pgm,3318.pgm,COVER,0,UNKNOWN_OR_COVER,UNKNOWN,,S-UNIWARD,HUGO,MiPOD,HILL,WOW,,,0,0,0.8373999477579612,0.8070809336950561,0.03031901406290516,0.5329707298986426,0.2,1,0.8373999477579612,0.2,1,0.6742697666526193,0.4,2,0.8070809336950561,0.4,2,0.7674587221917364,0.4,2
COVER__TEST__6024.pgm,6024.pgm,COVER,0,UNKNOWN_OR_COVER,UNKNOWN,,HUGO,S-UNIWARD,MiPOD,HILL,WOW,,,0,0,0.8129822642428527,0.7739378492221253,0.03904441502072742,0.43854300801477253,0.2,1,0.7739378492221253,0.2,1,0.6740639773823056,0.2,1,0.8129822642428527,0.0,0,0.7694202898998301,0.2,1
COVER__TEST__8986.pgm,8986.pgm,COVER,0,UNKNOWN_OR_COVER,UNKNOWN,,HUGO,S-UNIWARD,MiPOD,HILL,WOW,,,0,0,0.8109680917901747,0.774099726281102,0.03686836550907269,0.4372758401664652,0.2,1,0.774099726281102,0.2,1,0.6707000479395484,0.2,1,0.8109680917901747,0.0,0,0.7660815280537707,0.2,1
COVER__TEST__7189.pgm,7189.pgm,COVER,0,UNKNOWN_OR_COVER,UNKNOWN,,HUGO,S-UNIWARD,MiPOD,HILL,WOW,,,0,0,0.8183735682146367,0.7778255490212066,0.040548019193430096,0.44040919466240036,0.2,1,0.7778255490212066,0.2,1,0.6777724551398276,0.2,1,0.8183735682146367,0.2,1,0.77354567346321,0.2,1
COVER__TEST__6545.pgm,6545.pgm,COVER,0,MULTI_CANDIDATE,MiPOD,HILL,MiPOD,HILL,HUGO,S-UNIWARD,WOW,,"MiPOD,HILL",2,0,0.9676930007046234,0.9489160268541038,0.018776973850519574,0.7147335911746528,0.4,2,0.8375764960847529,0.6,3,0.9489160268541038,0.4,2,0.8669681013718513,0.6,3,0.9676930007046234,0.6,3
COVER__TEST__417.pgm,417.pgm,COVER,0,MULTI_CANDIDATE,WOW,S-UNIWARD,WOW,S-UNIWARD,HILL,HUGO,MiPOD,,"WOW,S-UNIWARD,HILL,HUGO,MiPOD",5,0,1.0,1.0,0.0,1.0,1.0,5,1.0,1.0,5,1.0,1.0,5,1.0,1.0,5,1.0,1.0,5
COVER__TEST__8820.pgm,8820.pgm,COVER,0,MULTI_CANDIDATE,WOW,S-UNIWARD,WOW,S-UNIWARD,HILL,HUGO,MiPOD,,"WOW,S-UNIWARD,HILL,HUGO,MiPOD",5,0,1.0,1.0,0.0,1.0,1.0,5,1.0,1.0,5,1.0,1.0,5,1.0,1.0,5,1.0,1.0,5
COVER__TEST__2350.pgm,2350.pgm,COVER,0,UNKNOWN_OR_COVER,UNKNOWN,,HUGO,S-UNIWARD,MiPOD,HILL,WOW,,,0,0,0.821879489528577,0.7792800459343667,0.04259944359421031,0.4422042532400271,0.2,1,0.7792800459343667,0.2,1,0.6796111449892471,0.4,2,0.821879489528577,0.4,2,0.7768928996038401,0.2,1
COVER__TEST__145.pgm,145.pgm,COVER,0,MULTI_CANDIDATE,WOW,S-UNIWARD,WOW,S-UNIWARD,HILL,HUGO,MiPOD,,"WOW,S-UNIWARD,HILL,HUGO,MiPOD",5,0,1.0,1.0,0.0,1.0,1.0,5,1.0,1.0,5,1.0,1.0,5,1.0,1.0,5,1.0,1.0,5
COVER__TEST__309.pgm,309.pgm,COVER,0,UNKNOWN_OR_COVER,UNKNOWN,,HUGO,S-UNIWARD,MiPOD,HILL,WOW,,,0,0,0.8300955032637006,0.7880761923226484,0.04201931094105227,0.4428968496116494,0.2,1,0.7880761923226484,0.2,1,0.6793158918247918,0.2,1,0.8300955032637006,0.4,2,0.7760971719361252,0.2,1
COVER__TEST__2023.pgm,2023.pgm,COVER,0,UNKNOWN_OR_COVER,UNKNOWN,,MiPOD,HUGO,S-UNIWARD,HILL,WOW,,,0,0,0.8600686606025665,0.838858291046163,0.02121036955640343,0.5167723469126548,0.2,1,0.8369270584189362,0.8,4,0.746073365070947,0.4,2,0.838858291046163,0.6,3,0.8600686606025665,0.4,2
COVER__TEST__6908.pgm,6908.pgm,COVER,0,MULTI_CANDIDATE,S-UNIWARD,MiPOD,S-UNIWARD,MiPOD,HILL,HUGO,WOW,,"S-UNIWARD,MiPOD",2,0,0.998485140502068,0.9834228743804154,0.015062266121652623,0.716430467123365,0.6,3,0.998485140502068,0.8,4,0.8489823902853969,0.8,4,0.836413192082607,0.8,4,0.9834228743804154,0.8,4
COVER__TEST__311.pgm,311.pgm,COVER,0,UNKNOWN_OR_COVER,UNKNOWN,,S-UNIWARD,HUGO,MiPOD,HILL,WOW,,,0,0,0.8340208537139085,0.8320034972422237,0.0020173564716848835,0.4753918290419163,0.2,1,0.8340208537139085,0.6,3,0.7100704060013143,0.2,1,0.8320034972422237,0.4,2,0.8130077073206463,0.2,1
COVER__TEST__3673.pgm,3673.pgm,COVER,0,UNKNOWN_OR_COVER,UNKNOWN,,HUGO,S-UNIWARD,MiPOD,HILL,WOW,,,0,0,0.8178949686865176,0.7780128521321653,0.039882116554352254,0.43998673885672285,0.2,1,0.7780128521321653,0.2,1,0.676218149507968,0.2,1,0.8178949686865176,0.2,1,0.7724922958801421,0.2,1
COVER__TEST__1088.pgm,1088.pgm,COVER,0,UNKNOWN_OR_COVER,UNKNOWN,,HUGO,S-UNIWARD,MiPOD,HILL,WOW,,,0,0,0.8293505987174179,0.8219212292054678,0.007429369511950057,0.4511176395998751,0.2,1,0.8219212292054678,0.2,1,0.6874489335651275,0.4,2,0.8293505987174179,0.6,3,0.7828414150005096,0.4,2
COVER__TEST__6174.pgm,6174.pgm,COVER,0,UNKNOWN_OR_COVER,UNKNOWN,,HUGO,S-UNIWARD,MiPOD,HILL,WOW,,,0,0,0.8145256734329074,0.7761559291967622,0.03836974423614514,0.4386224867654839,0.2,1,0.7761559291967622,0.2,1,0.6738718457611196,0.2,1,0.8145256734329074,0.0,0,0.769932794232631,0.2,1
COVER__TEST__6008.pgm,6008.pgm,COVER,0,UNKNOWN_OR_COVER,UNKNOWN,,HUGO,S-UNIWARD,MiPOD,HILL,WOW,,,0,0,0.8153869067232036,0.7753550879060755,0.04003181881712803,0.4394951558049886,0.2,1,0.7753550879060755,0.2,1,0.6748610487529545,0.2,1,0.8153869067232036,0.0,0,0.7709015672280622,0.2,1
COVER__TEST__5554.pgm,5554.pgm,COVER,0,UNKNOWN_OR_COVER,UNKNOWN,,S-UNIWARD,HUGO,MiPOD,HILL,WOW,,,0,0,0.8372884186848862,0.8306924864693283,0.006595932215557987,0.49630152848307274,0.2,1,0.8372884186848862,0.8,4,0.7228083769266603,0.4,2,0.8306924864693283,0.6,3,0.8244622348161181,0.4,2
COVER__TEST__5027.pgm,5027.pgm,COVER,0,UNKNOWN_OR_COVER,UNKNOWN,,HUGO,S-UNIWARD,MiPOD,HILL,WOW,,,0,0,0.8136320140721768,0.7748354042699936,0.038796609802183135,0.43867473940395507,0.2,1,0.7748354042699936,0.2,1,0.6748579174989582,0.2,1,0.8136320140721768,0.2,1,0.7702887101170834,0.2,1
COVER__TEST__3658.pgm,3658.pgm,COVER,0,UNKNOWN_OR_COVER,UNKNOWN,,HUGO,S-UNIWARD,MiPOD,HILL,WOW,,,0,0,0.8385650457604832,0.8263780557498966,0.01218699001058654,0.48310355186160214,0.2,1,0.8263780557498966,0.2,1,0.6893082576168404,0.6,3,0.8385650457604832,0.8,4,0.7885108535435982,0.6,3
COVER__TEST__9191.pgm,9191.pgm,COVER,0,MULTI_CANDIDATE,HILL,MiPOD,HILL,MiPOD,S-UNIWARD,HUGO,WOW,,"HILL,MiPOD,S-UNIWARD",3,0,1.0,1.0,0.0,0.8275418504064351,0.8,4,0.9341930012134328,0.8,4,1.0,1.0,5,0.835269888297448,0.8,4,1.0,1.0,5
COVER__TEST__4941.pgm,4941.pgm,COVER,0,MULTI_CANDIDATE,S-UNIWARD,WOW,S-UNIWARD,WOW,HILL,MiPOD,HUGO,,"S-UNIWARD,WOW,HILL,MiPOD",4,0,1.0,0.9118413993671162,0.08815860063288383,0.9118413993671162,0.8,4,1.0,1.0,5,0.9066887872779892,0.6,3,0.8751360646222042,0.8,4,0.904122872287938,0.8,4
COVER__TEST__1385.pgm,1385.pgm,COVER,0,MULTI_CANDIDATE,HUGO,S-UNIWARD,HUGO,S-UNIWARD,MiPOD,HILL,WOW,,"HUGO,S-UNIWARD",2,0,1.0,0.984606608096216,0.01539339190378397,0.6793820445690422,0.6,3,0.984606608096216,0.8,4,0.8411749739191515,0.6,3,1.0,1.0,5,0.8467633525754608,0.8,4
COVER__TEST__7325.pgm,7325.pgm,COVER,0,UNKNOWN_OR_COVER,UNKNOWN,,MiPOD,S-UNIWARD,HUGO,HILL,WOW,,,0,0,0.840063787370491,0.8356999429510239,0.004363844419467133,0.4995237690704334,0.2,1,0.8356999429510239,0.6,3,0.7324522314349945,0.4,2,0.8288040473839404,0.6,3,0.840063787370491,0.4,2
COVER__TEST__4332.pgm,4332.pgm,COVER,0,UNKNOWN_OR_COVER,UNKNOWN,,HUGO,S-UNIWARD,MiPOD,HILL,WOW,,,0,0,0.8864778491138244,0.7985355227162895,0.08794232639753496,0.45112333619481665,0.2,1,0.7985355227162895,0.6,3,0.678301873015964,0.4,2,0.8864778491138244,0.6,3,0.7922901035269511,0.4,2
COVER__TEST__9623.pgm,9623.pgm,COVER,0,MULTI_CANDIDATE,WOW,HILL,WOW,HILL,MiPOD,HUGO,S-UNIWARD,,"WOW,HILL,MiPOD,HUGO,S-UNIWARD",5,0,1.0,1.0,0.0,1.0,1.0,5,0.9526200013150528,0.8,4,1.0,1.0,5,0.971896953848567,0.8,4,1.0,1.0,5
COVER__TEST__2692.pgm,2692.pgm,COVER,0,UNKNOWN_OR_COVER,UNKNOWN,,S-UNIWARD,HUGO,MiPOD,HILL,WOW,,,0,0,0.8343059188100181,0.8272098058865238,0.007096112923494324,0.4671219213316851,0.2,1,0.8343059188100181,0.6,3,0.6963669509126392,0.2,1,0.8272098058865238,0.6,3,0.8132524055558596,0.2,1
COVER__TEST__6418.pgm,6418.pgm,COVER,0,UNKNOWN_OR_COVER,UNKNOWN,,HUGO,S-UNIWARD,MiPOD,HILL,WOW,,,0,0,0.8301436353092285,0.7960717122599921,0.03407192304923645,0.4688347651297063,0.2,1,0.7960717122599921,0.2,1,0.6813896209566428,0.6,3,0.8301436353092285,0.6,3,0.7808638315400154,0.6,3
COVER__TEST__6160.pgm,6160.pgm,COVER,0,MULTI_CANDIDATE,MiPOD,HILL,MiPOD,HILL,S-UNIWARD,HUGO,WOW,,"MiPOD,HILL",2,0,1.0,0.9677018039825682,0.03229819601743178,0.7573697174050226,0.6,3,0.8451967705331003,0.8,4,0.9677018039825682,0.8,4,0.8345418740022051,0.8,4,1.0,1.0,5
COVER__TEST__2594.pgm,2594.pgm,COVER,0,UNKNOWN_OR_COVER,UNKNOWN,,HUGO,S-UNIWARD,MiPOD,HILL,WOW,,,0,0,0.8284739984830785,0.7845243297802085,0.04394966870286998,0.4432391360772834,0.2,1,0.7845243297802085,0.2,1,0.6808213665352397,0.2,1,0.8284739984830785,0.0,0,0.7770777566765432,0.2,1
COVER__TEST__4304.pgm,4304.pgm,COVER,0,MULTI_CANDIDATE,S-UNIWARD,HILL,S-UNIWARD,HILL,MiPOD,WOW,HUGO,,"S-UNIWARD,HILL,MiPOD,WOW",4,0,1.0,1.0,0.0,0.9101974359705955,0.8,4,1.0,1.0,5,1.0,1.0,5,0.8452092228444765,0.8,4,1.0,1.0,5
COVER__TEST__8108.pgm,8108.pgm,COVER,0,UNKNOWN_OR_COVER,UNKNOWN,,HUGO,S-UNIWARD,MiPOD,HILL,WOW,,,0,0,0.8108492695116958,0.7728991795622482,0.037950089949447596,0.43756673910606186,0.2,1,0.7728991795622482,0.2,1,0.6728490293992383,0.2,1,0.8108492695116958,0.0,0,0.7675384438011065,0.2,1
COVER__TEST__328.pgm,328.pgm,COVER,0,UNKNOWN_OR_COVER,UNKNOWN,,HUGO,S-UNIWARD,MiPOD,HILL,WOW,,,0,0,0.8131649318682808,0.7754450037584227,0.037719928109858025,0.43845885303982224,0.2,1,0.7754450037584227,0.2,1,0.6747771215643171,0.4,2,0.8131649318682808,0.2,1,0.770482934778298,0.4,2
COVER__TEST__4134.pgm,4134.pgm,COVER,0,MULTI_CANDIDATE,HUGO,S-UNIWARD,HUGO,S-UNIWARD,HILL,WOW,MiPOD,,"HUGO,S-UNIWARD",2,0,0.9777507454795009,0.947281658648153,0.03046908683134797,0.8400740758039532,0.8,4,0.947281658648153,0.8,4,0.8415029170329001,0.8,4,0.9777507454795009,0.6,3,0.8373084376680199,0.8,4
COVER__TEST__8480.pgm,8480.pgm,COVER,0,UNKNOWN_OR_COVER,UNKNOWN,,HUGO,S-UNIWARD,MiPOD,HILL,WOW,,,0,0,0.8125054919998614,0.7759145322474518,0.03659095975240967,0.437720517546148,0.2,1,0.7759145322474518,0.2,1,0.6729288866617721,0.2,1,0.8125054919998614,0.2,1,0.7686983749259692,0.2,1
COVER__TEST__9696.pgm,9696.pgm,COVER,0,UNKNOWN_OR_COVER,UNKNOWN,,HUGO,S-UNIWARD,MiPOD,HILL,WOW,,,0,0,0.8158743328898455,0.7748856250619662,0.04098870782787922,0.4400421735145129,0.2,1,0.7748856250619662,0.2,1,0.6776096350995703,0.2,1,0.8158743328898455,0.2,1,0.7729873867060084,0.2,1
COVER__TEST__6183.pgm,6183.pgm,COVER,0,SINGLE_CANDIDATE,MiPOD,S-UNIWARD,MiPOD,S-UNIWARD,HILL,HUGO,WOW,,MiPOD,1,0,0.9508050114027992,0.8488054397548661,0.10199957164793305,0.6463413622293906,0.4,2,0.8488054397548661,0.6,3,0.8395258397286026,0.6,3,0.8338879811335058,0.6,3,0.9508050114027992,0.6,3
COVER__TEST__5605.pgm,5605.pgm,COVER,0,UNKNOWN_OR_COVER,UNKNOWN,,HUGO,S-UNIWARD,MiPOD,HILL,WOW,,,0,0,0.8195091931821704,0.7808404835046473,0.038668709677523116,0.440873245552263,0.2,1,0.7808404835046473,0.2,1,0.6777877305290827,0.4,2,0.8195091931821704,0.2,1,0.7742057968223772,0.4,2
COVER__TEST__9072.pgm,9072.pgm,COVER,0,MULTI_CANDIDATE,WOW,S-UNIWARD,WOW,S-UNIWARD,HILL,HUGO,MiPOD,,"WOW,S-UNIWARD,HILL,HUGO,MiPOD",5,0,1.0,1.0,0.0,1.0,1.0,5,1.0,1.0,5,1.0,1.0,5,1.0,1.0,5,1.0,1.0,5
COVER__TEST__1756.pgm,1756.pgm,COVER,0,UNKNOWN_OR_COVER,UNKNOWN,,HUGO,S-UNIWARD,MiPOD,HILL,WOW,,,0,0,0.8144215765237313,0.7783623157670568,0.03605926075667443,0.43857987416721633,0.2,1,0.7783623157670568,0.2,1,0.6742931535098576,0.4,2,0.8144215765237313,0.2,1,0.7698686622330546,0.4,2
COVER__TEST__7234.pgm,7234.pgm,COVER,0,UNKNOWN_OR_COVER,UNKNOWN,,HUGO,S-UNIWARD,MiPOD,HILL,WOW,,,0,0,0.826124081290806,0.7837710214939465,0.04235305979685944,0.44275985355248204,0.2,1,0.7837710214939465,0.2,1,0.6808385829599893,0.4,2,0.826124081290806,0.2,1,0.7770228286939899,0.4,2
COVER__TEST__6211.pgm,6211.pgm,COVER,0,UNKNOWN_OR_COVER,UNKNOWN,,HUGO,S-UNIWARD,MiPOD,HILL,WOW,,,0,0,0.8208334248392735,0.7795055747461245,0.04132785009314899,0.44201238552326244,0.2,1,0.7795055747461245,0.2,1,0.6797434931279513,0.4,2,0.8208334248392735,0.4,2,0.7767627137872448,0.2,1
COVER__TEST__9909.pgm,9909.pgm,COVER,0,UNKNOWN_OR_COVER,UNKNOWN,,HUGO,S-UNIWARD,MiPOD,HILL,WOW,,,0,0,0.8163818400751669,0.7790091141597553,0.03737272591541163,0.43993814958854927,0.2,1,0.7790091141597553,0.2,1,0.6765892997757637,0.4,2,0.8163818400751669,0.2,1,0.7726589776804198,0.4,2
COVER__TEST__280.pgm,280.pgm,COVER,0,MULTI_CANDIDATE,HILL,MiPOD,HILL,MiPOD,S-UNIWARD,HUGO,WOW,,"HILL,MiPOD",2,0,1.0,0.9846426233344392,0.015357376665560807,0.8153886390287024,0.4,2,0.8521822859992259,0.8,4,1.0,1.0,5,0.8452869529084841,0.8,4,0.9846426233344392,0.8,4
COVER__TEST__5859.pgm,5859.pgm,COVER,0,UNKNOWN_OR_COVER,UNKNOWN,,HUGO,S-UNIWARD,MiPOD,HILL,WOW,,,0,0,0.8144179905590248,0.7765947488185817,0.03782324174044305,0.43854895690652046,0.2,1,0.7765947488185817,0.2,1,0.6745364870948238,0.2,1,0.8144179905590248,0.2,1,0.7701185386395081,0.2,1
COVER__TEST__1882.pgm,1882.pgm,COVER,0,MULTI_CANDIDATE,HUGO,MiPOD,HUGO,MiPOD,HILL,S-UNIWARD,WOW,,"HUGO,MiPOD,HILL",3,0,0.9916160213943466,0.9914757237205469,0.00014029767379963864,0.7285807796531983,0.6,3,0.8358793526151087,0.6,3,0.9187896902608121,0.6,3,0.9916160213943466,0.8,4,0.9914757237205469,0.8,4
COVER__TEST__2916.pgm,2916.pgm,COVER,0,MULTI_CANDIDATE,HILL,S-UNIWARD,HILL,S-UNIWARD,WOW,MiPOD,HUGO,,"HILL,S-UNIWARD,WOW,MiPOD",4,0,0.9945865170174791,0.9943952833034659,0.00019123371401319478,0.994266380673098,0.8,4,0.9943952833034659,0.8,4,0.9945865170174791,0.8,4,0.8328387886241195,0.8,4,0.994199742388418,0.8,4
COVER__TEST__6493.pgm,6493.pgm,COVER,0,MULTI_CANDIDATE,S-UNIWARD,HILL,S-UNIWARD,HILL,HUGO,MiPOD,WOW,,"S-UNIWARD,HILL,HUGO,MiPOD,WOW",5,0,1.0,1.0,0.0,0.9789375323663272,0.8,4,1.0,1.0,5,1.0,1.0,5,1.0,1.0,5,1.0,1.0,5
COVER__TEST__2421.pgm,2421.pgm,COVER,0,UNKNOWN_OR_COVER,UNKNOWN,,MiPOD,S-UNIWARD,HUGO,HILL,WOW,,,0,0,0.8634548147734347,0.8424464803977404,0.02100833437569427,0.5433456855525246,0.2,1,0.8424464803977404,0.6,3,0.7638515521557501,0.6,3,0.8341598872510655,0.8,4,0.8634548147734347,0.6,3
COVER__TEST__7366.pgm,7366.pgm,COVER,0,SINGLE_CANDIDATE,MiPOD,HILL,MiPOD,HILL,S-UNIWARD,HUGO,WOW,,MiPOD,1,0,0.9941053294557474,0.8644781759870976,0.12962715346864973,0.6606659580578816,0.2,1,0.8361898386564006,0.6,3,0.8644781759870976,0.4,2,0.8291325072576301,0.6,3,0.9941053294557474,0.6,3
COVER__TEST__9179.pgm,9179.pgm,COVER,0,MULTI_CANDIDATE,HUGO,WOW,HUGO,WOW,MiPOD,S-UNIWARD,HILL,,"HUGO,WOW,MiPOD,S-UNIWARD,HILL",5,0,0.9954124591565551,0.97826079322287,0.017151665933685112,0.97826079322287,0.8,4,0.9616285905966165,0.8,4,0.9243305199389059,0.8,4,0.9954124591565551,0.8,4,0.9743089699597054,0.8,4
COVER__TEST__2256.pgm,2256.pgm,COVER,0,UNKNOWN_OR_COVER,UNKNOWN,,HUGO,S-UNIWARD,MiPOD,HILL,WOW,,,0,0,0.8245082344817931,0.8006809338490756,0.02382730063271754,0.49690607095566025,0.2,1,0.8006809338490756,0.2,1,0.6796996325913143,0.4,2,0.8245082344817931,0.4,2,0.7775883478721801,0.4,2
COVER__TEST__9223.pgm,9223.pgm,COVER,0,UNKNOWN_OR_COVER,UNKNOWN,,HUGO,S-UNIWARD,MiPOD,HILL,WOW,,,0,0,0.8114915933617158,0.7749518405370309,0.03653975282468491,0.4377344516116102,0.2,1,0.7749518405370309,0.2,1,0.6739331150064481,0.4,2,0.8114915933617158,0.2,1,0.7686310130157751,0.4,2
COVER__TEST__1988.pgm,1988.pgm,COVER,0,UNKNOWN_OR_COVER,UNKNOWN,,MiPOD,S-UNIWARD,HUGO,HILL,WOW,,,0,0,0.8664246942176229,0.836215984413408,0.03020870980421486,0.6048661538858857,0.2,1,0.836215984413408,0.4,2,0.8252058533804594,0.6,3,0.8330758907310599,0.6,3,0.8664246942176229,0.4,2
COVER__TEST__7992.pgm,7992.pgm,COVER,0,UNKNOWN_OR_COVER,UNKNOWN,,HUGO,S-UNIWARD,MiPOD,HILL,WOW,,,0,0,0.817368349987747,0.7795887411795086,0.037779608808238385,0.43981952185200085,0.2,1,0.7795887411795086,0.2,1,0.6759630940328535,0.4,2,0.817368349987747,0.4,2,0.7725374297801381,0.4,2
COVER__TEST__3248.pgm,3248.pgm,COVER,0,MULTI_CANDIDATE,HUGO,MiPOD,HUGO,MiPOD,HILL,S-UNIWARD,WOW,,"HUGO,MiPOD,HILL",3,0,1.0,1.0,0.0,0.8247979089852933,0.6,3,0.8537126037928606,0.8,4,0.9759524640658516,0.8,4,1.0,1.0,5,1.0,1.0,5
COVER__TEST__6517.pgm,6517.pgm,COVER,0,MULTI_CANDIDATE,HUGO,MiPOD,HUGO,MiPOD,S-UNIWARD,HILL,WOW,,"HUGO,MiPOD",2,0,1.0,0.9193031395703588,0.08069686042964119,0.6783125908552823,0.2,1,0.8557772832441234,0.8,4,0.8218976272190115,0.6,3,1.0,1.0,5,0.9193031395703588,0.8,4
COVER__TEST__4757.pgm,4757.pgm,COVER,0,UNKNOWN_OR_COVER,UNKNOWN,,MiPOD,HUGO,S-UNIWARD,HILL,WOW,,,0,0,0.8645565553375741,0.8375098360577089,0.02704671927986524,0.5346917078632049,0.2,1,0.8372991338532391,0.6,3,0.7444986324828177,0.4,2,0.8375098360577089,0.6,3,0.8645565553375741,0.6,3
COVER__TEST__8889.pgm,8889.pgm,COVER,0,UNKNOWN_OR_COVER,UNKNOWN,,HUGO,S-UNIWARD,MiPOD,HILL,WOW,,,0,0,0.8133906685897256,0.774949783637665,0.03844088495206066,0.43839624731872373,0.0,0,0.774949783637665,0.2,1,0.6744366444722938,0.2,1,0.8133906685897256,0.2,1,0.7698226306429035,0.0,0
COVER__TEST__7291.pgm,7291.pgm,COVER,0,UNKNOWN_OR_COVER,UNKNOWN,,HUGO,S-UNIWARD,MiPOD,HILL,WOW,,,0,0,0.8136634181732918,0.7746059958696814,0.03905742230361042,0.4386232743510349,0.0,0,0.7746059958696814,0.2,1,0.6749119546312226,0.2,1,0.8136634181732918,0.0,0,0.769887593100372,0.0,0
COVER__TEST__5606.pgm,5606.pgm,COVER,0,UNKNOWN_OR_COVER,UNKNOWN,,HUGO,S-UNIWARD,MiPOD,HILL,WOW,,,0,0,0.8131839559899394,0.7768093185975085,0.036374637392430964,0.4384921492923842,0.2,1,0.7768093185975085,0.2,1,0.6746297816252342,0.4,2,0.8131839559899394,0.2,1,0.7699815593747238,0.2,1
COVER__TEST__24.pgm,24.pgm,COVER,0,UNKNOWN_OR_COVER,UNKNOWN,,HUGO,S-UNIWARD,MiPOD,HILL,WOW,,,0,0,0.8294827823481317,0.802444320233832,0.02703846211429961,0.4467075800925734,0.2,1,0.802444320233832,0.2,1,0.682526819315697,0.4,2,0.8294827823481317,0.6,3,0.7811075270362569,0.4,2
COVER__TEST__7131.pgm,7131.pgm,COVER,0,UNKNOWN_OR_COVER,UNKNOWN,,HUGO,S-UNIWARD,MiPOD,HILL,WOW,,,0,0,0.8178774188373673,0.7775718359677588,0.0403055828696085,0.4401145815268343,0.2,1,0.7775718359677588,0.2,1,0.6769069912549839,0.2,1,0.8178774188373673,0.2,1,0.77289206453196,0.2,1
COVER__TEST__6878.pgm,6878.pgm,COVER,0,UNKNOWN_OR_COVER,UNKNOWN,,HUGO,S-UNIWARD,MiPOD,HILL,WOW,,,0,0,0.812185261356646,0.772442642433548,0.03974261892309805,0.43844560732159443,0.2,1,0.772442642433548,0.2,1,0.6746842379296185,0.2,1,0.812185261356646,0.0,0,0.7691358722666684,0.2,1
COVER__TEST__7686.pgm,7686.pgm,COVER,0,MULTI_CANDIDATE,HUGO,MiPOD,HUGO,MiPOD,HILL,S-UNIWARD,WOW,,"HUGO,MiPOD,HILL,S-UNIWARD",4,0,1.0,1.0,0.0,0.8271142150334129,0.8,4,0.9174901510539287,0.8,4,0.9277835397346952,0.8,4,1.0,1.0,5,1.0,1.0,5
COVER__TEST__5997.pgm,5997.pgm,COVER,0,UNKNOWN_OR_COVER,UNKNOWN,,HUGO,S-UNIWARD,MiPOD,HILL,WOW,,,0,0,0.8132562255784492,0.7757967884107201,0.03745943716772915,0.4383391465625225,0.2,1,0.7757967884107201,0.2,1,0.6744867627465533,0.4,2,0.8132562255784492,0.2,1,0.7700998361507716,0.4,2
COVER__TEST__71.pgm,71.pgm,COVER,0,MULTI_CANDIDATE,MiPOD,HILL,MiPOD,HILL,S-UNIWARD,HUGO,WOW,,"MiPOD,HILL",2,0,0.9842148983571221,0.904123192529801,0.08009170582732106,0.7304767655079096,0.2,1,0.8387582465906268,0.8,4,0.904123192529801,0.8,4,0.8346038468755304,0.8,4,0.9842148983571221,0.8,4
COVER__TEST__4367.pgm,4367.pgm,COVER,0,MULTI_CANDIDATE,HILL,MiPOD,HILL,MiPOD,S-UNIWARD,HUGO,WOW,,"HILL,MiPOD",2,0,0.9976516934494963,0.9965370116018807,0.0011146818476156506,0.7328118686071832,0.6,3,0.8374902727559771,0.8,4,0.9976516934494963,0.8,4,0.8331665588921651,0.6,3,0.9965370116018807,0.8,4
COVER__TEST__7657.pgm,7657.pgm,COVER,0,UNKNOWN_OR_COVER,UNKNOWN,,HUGO,S-UNIWARD,MiPOD,HILL,WOW,,,0,0,0.830657319107037,0.7821483556493378,0.04850896345769917,0.44923532627925844,0.2,1,0.7821483556493378,0.4,2,0.6796587163011586,0.6,3,0.830657319107037,0.4,2,0.7753674172100629,0.6,3
COVER__TEST__734.pgm,734.pgm,COVER,0,MULTI_CANDIDATE,HILL,MiPOD,HILL,MiPOD,S-UNIWARD,WOW,HUGO,,"HILL,MiPOD,S-UNIWARD",3,0,1.0,1.0,0.0,0.8999703656798246,0.8,4,0.9097611427375456,0.8,4,1.0,1.0,5,0.8339571817540994,0.8,4,1.0,1.0,5
COVER__TEST__4168.pgm,4168.pgm,COVER,0,MULTI_CANDIDATE,HUGO,WOW,HUGO,WOW,HILL,MiPOD,S-UNIWARD,,"HUGO,WOW,HILL,MiPOD",4,0,0.9990016616948445,0.9895396579544145,0.009462003740430047,0.9895396579544145,0.8,4,0.8719862453909464,0.8,4,0.9773368481054799,0.6,3,0.9990016616948445,0.8,4,0.9764589294336886,0.8,4
COVER__TEST__9431.pgm,9431.pgm,COVER,0,UNKNOWN_OR_COVER,UNKNOWN,,MiPOD,HUGO,S-UNIWARD,HILL,WOW,,,0,0,0.8317675803459045,0.8185231192432425,0.013244461102661975,0.5105295023332206,0.0,0,0.78698469012584,0.2,1,0.7137430967556678,0.0,0,0.8185231192432425,0.2,1,0.8317675803459045,0.2,1
COVER__TEST__246.pgm,246.pgm,COVER,0,UNKNOWN_OR_COVER,UNKNOWN,,HUGO,S-UNIWARD,MiPOD,HILL,WOW,,,0,0,0.8138662556109514,0.7752383258488685,0.03862792976208285,0.43872651583118716,0.2,1,0.7752383258488685,0.2,1,0.6751506908826685,0.2,1,0.8138662556109514,0.2,1,0.770538934788023,0.2,1
COVER__TEST__7341.pgm,7341.pgm,COVER,0,SINGLE_CANDIDATE,MiPOD,HILL,MiPOD,HILL,S-UNIWARD,HUGO,WOW,,MiPOD,1,0,0.9754922878536121,0.846211840589621,0.12928044726399113,0.6194409978645029,0.4,2,0.8376893394466765,0.8,4,0.846211840589621,0.6,3,0.8317748588063345,0.6,3,0.9754922878536121,0.6,3
COVER__TEST__8452.pgm,8452.pgm,COVER,0,UNKNOWN_OR_COVER,UNKNOWN,,HUGO,S-UNIWARD,MiPOD,HILL,WOW,,,0,0,0.8182178098769427,0.7778924513226284,0.040325358554314295,0.44060589594153693,0.2,1,0.7778924513226284,0.2,1,0.6787076389756944,0.4,2,0.8182178098769427,0.2,1,0.7736777268074435,0.4,2
COVER__TEST__9877.pgm,9877.pgm,COVER,0,UNKNOWN_OR_COVER,UNKNOWN,,HUGO,S-UNIWARD,MiPOD,HILL,WOW,,,0,0,0.8117231008415506,0.7735278942740853,0.038195206567465334,0.4380188892448233,0.2,1,0.7735278942740853,0.2,1,0.6734669906874644,0.2,1,0.8117231008415506,0.0,0,0.7686239237135337,0.0,0
COVER__TEST__5346.pgm,5346.pgm,COVER,0,UNKNOWN_OR_COVER,UNKNOWN,,HUGO,S-UNIWARD,MiPOD,HILL,WOW,,,0,0,0.8116759454076072,0.7749007675102578,0.03677517789734941,0.43760850647905547,0.2,1,0.7749007675102578,0.2,1,0.6735656026850203,0.4,2,0.8116759454076072,0.2,1,0.7685506363440971,0.4,2
COVER__TEST__8821.pgm,8821.pgm,COVER,0,MULTI_CANDIDATE,WOW,S-UNIWARD,WOW,S-UNIWARD,HILL,HUGO,MiPOD,,"WOW,S-UNIWARD,HILL,HUGO,MiPOD",5,0,1.0,1.0,0.0,1.0,1.0,5,1.0,1.0,5,1.0,1.0,5,1.0,1.0,5,0.9908966689175625,0.8,4
COVER__TEST__6614.pgm,6614.pgm,COVER,0,MULTI_CANDIDATE,MiPOD,HILL,MiPOD,HILL,WOW,S-UNIWARD,HUGO,,"MiPOD,HILL,WOW",3,0,0.9909204019649754,0.9898152482604814,0.001105153704494044,0.9085959881921702,0.8,4,0.8351384005194202,0.6,3,0.9898152482604814,0.8,4,0.7275608430122319,0.6,3,0.9909204019649754,0.8,4
COVER__TEST__5793.pgm,5793.pgm,COVER,0,UNKNOWN_OR_COVER,UNKNOWN,,HUGO,S-UNIWARD,MiPOD,HILL,WOW,,,0,0,0.8120285040694167,0.7750278290431243,0.03700067502629245,0.43759401574085477,0.2,1,0.7750278290431243,0.2,1,0.67227484484951,0.2,1,0.8120285040694167,0.0,0,0.767838272982643,0.2,1
COVER__TEST__5052.pgm,5052.pgm,COVER,0,MULTI_CANDIDATE,S-UNIWARD,MiPOD,S-UNIWARD,MiPOD,HILL,HUGO,WOW,,"S-UNIWARD,MiPOD",2,0,1.0,1.0,0.0,0.8161355360337075,0.6,3,1.0,1.0,5,0.8836073179103993,0.8,4,0.8793071260861339,0.8,4,1.0,1.0,5
COVER__TEST__2859.pgm,2859.pgm,COVER,0,UNKNOWN_OR_COVER,UNKNOWN,,S-UNIWARD,HUGO,MiPOD,HILL,WOW,,,0,0,0.8516898398303347,0.8366884327865038,0.015001407043830906,0.5067010373148368,0.2,1,0.8516898398303347,0.6,3,0.6967834067519608,0.6,3,0.8366884327865038,0.8,4,0.7955399384135202,0.6,3
COVER__TEST__1967.pgm,1967.pgm,COVER,0,UNKNOWN_OR_COVER,UNKNOWN,,HUGO,S-UNIWARD,MiPOD,HILL,WOW,,,0,0,0.8165417798170862,0.7757710833357941,0.04077069648129206,0.4401094172527483,0.2,1,0.7757710833357941,0.2,1,0.6777004193399272,0.2,1,0.8165417798170862,0.2,1,0.7731239889223185,0.2,1
COVER__TEST__3185.pgm,3185.pgm,COVER,0,MULTI_CANDIDATE,HILL,S-UNIWARD,HILL,S-UNIWARD,MiPOD,WOW,HUGO,,"HILL,S-UNIWARD,MiPOD,WOW",4,0,0.9945585783582496,0.9943673721015014,0.0001912062567481776,0.903152832918105,0.6,3,0.9943673721015014,0.8,4,0.9945585783582496,0.8,4,0.8328340736431489,0.8,4,0.9941718592621449,0.8,4
COVER__TEST__5748.pgm,5748.pgm,COVER,0,MULTI_CANDIDATE,HUGO,S-UNIWARD,HUGO,S-UNIWARD,MiPOD,HILL,WOW,,"HUGO,S-UNIWARD",2,0,1.0,0.9257349351418679,0.07426506485813211,0.5597477023915213,0.4,2,0.9257349351418679,0.8,4,0.6975412042445754,0.6,3,1.0,1.0,5,0.7996788831097967,0.6,3
COVER__TEST__2189.pgm,2189.pgm,COVER,0,UNKNOWN_OR_COVER,UNKNOWN,,MiPOD,HUGO,S-UNIWARD,HILL,WOW,,,0,0,0.8135407813448594,0.8117083940644303,0.0018323872804291153,0.46184145732048104,0.2,1,0.7820589009978328,0.4,2,0.6820985657124585,0.2,1,0.8117083940644303,0.2,1,0.8135407813448594,0.2,1
COVER__TEST__2081.pgm,2081.pgm,COVER,0,MULTI_CANDIDATE,MiPOD,HILL,MiPOD,HILL,S-UNIWARD,HUGO,WOW,,"MiPOD,HILL",2,0,0.9992167100053957,0.9943269303698845,0.004889779635511182,0.7413250743627655,0.6,3,0.8380358932107246,0.6,3,0.9943269303698845,0.6,3,0.8356830336617602,0.6,3,0.9992167100053957,0.8,4
COVER__TEST__7539.pgm,7539.pgm,COVER,0,UNKNOWN_OR_COVER,UNKNOWN,,HUGO,S-UNIWARD,MiPOD,HILL,WOW,,,0,0,0.8143166336447833,0.7770411347656946,0.037275498879088764,0.43887943681780256,0.2,1,0.7770411347656946,0.2,1,0.6751937022775413,0.4,2,0.8143166336447833,0.2,1,0.7708755707149193,0.4,2
COVER__TEST__8227.pgm,8227.pgm,COVER,0,MULTI_CANDIDATE,HUGO,S-UNIWARD,HUGO,S-UNIWARD,MiPOD,HILL,WOW,,"HUGO,S-UNIWARD",2,0,0.9899945157285561,0.9584382775968272,0.03155623813172892,0.6039616138829977,0.4,2,0.9584382775968272,0.8,4,0.7071434745342897,0.6,3,0.9899945157285561,0.6,3,0.8401345602582524,0.8,4
COVER__TEST__259.pgm,259.pgm,COVER,0,UNKNOWN_OR_COVER,UNKNOWN,,HUGO,S-UNIWARD,MiPOD,HILL,WOW,,,0,0,0.8258899902218774,0.7917173796539212,0.034172610567956174,0.4517671228807858,0.2,1,0.7917173796539212,0.2,1,0.6817059277597648,0.6,3,0.8258899902218774,0.6,3,0.7821168382300565,0.6,3
COVER__TEST__7284.pgm,7284.pgm,COVER,0,UNKNOWN_OR_COVER,UNKNOWN,,HUGO,S-UNIWARD,MiPOD,HILL,WOW,,,0,0,0.8163611868559023,0.7768776498228942,0.03948353703300811,0.4396911065238336,0.2,1,0.7768776498228942,0.2,1,0.6767084556989884,0.2,1,0.8163611868559023,0.2,1,0.7722535342634966,0.2,1
COVER__TEST__6920.pgm,6920.pgm,COVER,0,SINGLE_CANDIDATE,S-UNIWARD,MiPOD,S-UNIWARD,MiPOD,HUGO,HILL,WOW,,S-UNIWARD,1,0,0.9095468591701626,0.8964080824747702,0.013138776695392429,0.6410015021679489,0.4,2,0.9095468591701626,0.8,4,0.7672510135297629,0.6,3,0.8416100171652487,0.8,4,0.8964080824747702,0.8,4
COVER__TEST__8060.pgm,8060.pgm,COVER,0,UNKNOWN_OR_COVER,UNKNOWN,,HUGO,S-UNIWARD,MiPOD,HILL,WOW,,,0,0,0.8280696639489475,0.7828896386982475,0.045180025250700084,0.44330388701159906,0.2,1,0.7828896386982475,0.2,1,0.6797004300082484,0.4,2,0.8280696639489475,0.0,0,0.77649325535077,0.2,1
COVER__TEST__1895.pgm,1895.pgm,COVER,0,SINGLE_CANDIDATE,S-UNIWARD,MiPOD,S-UNIWARD,MiPOD,HUGO,HILL,WOW,,S-UNIWARD,1,0,0.9967615179972963,0.876433555108607,0.1203279628886893,0.622208561794988,0.4,2,0.9967615179972963,0.8,4,0.7466462513363084,0.4,2,0.8339671983447057,0.6,3,0.876433555108607,0.6,3
COVER__TEST__1457.pgm,1457.pgm,COVER,0,UNKNOWN_OR_COVER,UNKNOWN,,HUGO,S-UNIWARD,MiPOD,HILL,WOW,,,0,0,0.8199650626329176,0.7787936995276163,0.04117136310530123,0.4428890701785734,0.2,1,0.7787936995276163,0.2,1,0.6796521099176975,0.6,3,0.8199650626329176,0.4,2,0.7760802638640671,0.6,3
COVER__TEST__7752.pgm,7752.pgm,COVER,0,UNKNOWN_OR_COVER,UNKNOWN,,HUGO,S-UNIWARD,MiPOD,HILL,WOW,,,0,0,0.8310773127071123,0.8287155130991894,0.002361799607922821,0.45553562540998477,0.2,1,0.8287155130991894,0.4,2,0.6922028180463322,0.4,2,0.8310773127071123,0.6,3,0.7876879266849821,0.4,2
COVER__TEST__9414.pgm,9414.pgm,COVER,0,SINGLE_CANDIDATE,S-UNIWARD,WOW,S-UNIWARD,WOW,MiPOD,HILL,HUGO,,S-UNIWARD,1,0,0.9904209133970063,0.899864244603165,0.09055666879384128,0.899864244603165,0.8,4,0.9904209133970063,0.8,4,0.8888446775703425,0.6,3,0.838205881233941,0.8,4,0.892972298681771,0.8,4
COVER__TEST__8688.pgm,8688.pgm,COVER,0,UNKNOWN_OR_COVER,UNKNOWN,,HUGO,S-UNIWARD,MiPOD,HILL,WOW,,,0,0,0.8223873866566473,0.7858575335939044,0.03652985306274292,0.4431255954493404,0.2,1,0.7858575335939044,0.2,1,0.6779880264226413,0.2,1,0.8223873866566473,0.2,1,0.7770937585097452,0.2,1
COVER__TEST__1637.pgm,1637.pgm,COVER,0,UNKNOWN_OR_COVER,UNKNOWN,,S-UNIWARD,HUGO,MiPOD,HILL,WOW,,,0,0,0.8367484022121108,0.8322451937092463,0.004503208502864453,0.46297870937877567,0.2,1,0.8367484022121108,0.6,3,0.6988753637052623,0.4,2,0.8322451937092463,0.6,3,0.8013312664216776,0.4,2
COVER__TEST__4264.pgm,4264.pgm,COVER,0,MULTI_CANDIDATE,WOW,S-UNIWARD,WOW,S-UNIWARD,HILL,HUGO,MiPOD,,"WOW,S-UNIWARD,HILL,HUGO,MiPOD",5,0,1.0,1.0,0.0,1.0,1.0,5,1.0,1.0,5,1.0,1.0,5,1.0,1.0,5,1.0,1.0,5
COVER__TEST__8427.pgm,8427.pgm,COVER,0,UNKNOWN_OR_COVER,UNKNOWN,,HUGO,S-UNIWARD,MiPOD,HILL,WOW,,,0,0,0.815156030580531,0.7767264745637903,0.038429556016740696,0.43880583084243086,0.2,1,0.7767264745637903,0.2,1,0.6754788426874636,0.2,1,0.815156030580531,0.2,1,0.7703131127022077,0.2,1
COVER__TEST__7663.pgm,7663.pgm,COVER,0,UNKNOWN_OR_COVER,UNKNOWN,,HUGO,S-UNIWARD,MiPOD,HILL,WOW,,,0,0,0.8165917008971701,0.776033955661489,0.04055774523568112,0.439817168330214,0.2,1,0.776033955661489,0.2,1,0.6763059710366834,0.2,1,0.8165917008971701,0.0,0,0.7719061815290786,0.2,1
COVER__TEST__2605.pgm,2605.pgm,COVER,0,UNKNOWN_OR_COVER,UNKNOWN,,HUGO,S-UNIWARD,MiPOD,HILL,WOW,,,0,0,0.8767750595858065,0.8420684425737568,0.03470661701204969,0.5057106947776834,0.2,1,0.8420684425737568,0.4,2,0.7126617616851959,0.4,2,0.8767750595858065,0.8,4,0.8089468068092138,0.4,2
COVER__TEST__8566.pgm,8566.pgm,COVER,0,UNKNOWN_OR_COVER,UNKNOWN,,HUGO,S-UNIWARD,MiPOD,HILL,WOW,,,0,0,0.8276245713427233,0.7895294933715489,0.038095077971174396,0.4426617298771781,0.2,1,0.7895294933715489,0.2,1,0.6774450674531016,0.2,1,0.8276245713427233,0.2,1,0.7750535291612775,0.2,1
COVER__TEST__6336.pgm,6336.pgm,COVER,0,MULTI_CANDIDATE,S-UNIWARD,HUGO,S-UNIWARD,HUGO,MiPOD,HILL,WOW,,"S-UNIWARD,HUGO,MiPOD,HILL,WOW",5,0,0.9954107836465422,0.9932869959033777,0.0021237877431645735,0.9517993280311335,0.6,3,0.9954107836465422,0.8,4,0.9918082225872608,0.8,4,0.9932869959033777,0.8,4,0.9927939801882086,0.8,4
COVER__TEST__7608.pgm,7608.pgm,COVER,0,SINGLE_CANDIDATE,S-UNIWARD,HUGO,S-UNIWARD,HUGO,MiPOD,HILL,WOW,,S-UNIWARD,1,0,0.9326468926890374,0.8320300533682158,0.10061683932082166,0.5399073591242827,0.2,1,0.9326468926890374,0.0,0,0.6826433926307021,0.2,1,0.8320300533682158,0.6,3,0.7793661869986166,0.2,1
COVER__TEST__802.pgm,802.pgm,COVER,0,SINGLE_CANDIDATE,S-UNIWARD,MiPOD,S-UNIWARD,MiPOD,HUGO,HILL,WOW,,S-UNIWARD,1,0,0.9212845591999874,0.83145498854874,0.08982957065124741,0.6300243231275569,0.2,1,0.9212845591999874,0.4,2,0.7248572160123481,0.4,2,0.8147491160973594,0.6,3,0.83145498854874,0.6,3
COVER__TEST__1935.pgm,1935.pgm,COVER,0,SINGLE_CANDIDATE,MiPOD,HILL,MiPOD,HILL,HUGO,S-UNIWARD,WOW,,MiPOD,1,0,1.0,0.8773641067613671,0.12263589323863289,0.7350054798122121,0.4,2,0.84855085273533,0.8,4,0.8773641067613671,0.8,4,0.8514853897019401,0.8,4,1.0,1.0,5
COVER__TEST__2674.pgm,2674.pgm,COVER,0,SINGLE_CANDIDATE,S-UNIWARD,MiPOD,S-UNIWARD,MiPOD,HILL,HUGO,WOW,,S-UNIWARD,1,0,0.9943463306394532,0.8805812550468779,0.11376507559257532,0.7236680416265028,0.4,2,0.9943463306394532,0.8,4,0.8548105326337833,0.4,2,0.832830519152974,0.8,4,0.8805812550468779,0.6,3
COVER__TEST__8756.pgm,8756.pgm,COVER,0,MULTI_CANDIDATE,WOW,S-UNIWARD,WOW,S-UNIWARD,HILL,HUGO,MiPOD,,"WOW,S-UNIWARD,HILL,HUGO,MiPOD",5,0,1.0,1.0,0.0,1.0,1.0,5,1.0,1.0,5,1.0,1.0,5,1.0,1.0,5,1.0,1.0,5
COVER__TEST__7205.pgm,7205.pgm,COVER,0,UNKNOWN_OR_COVER,UNKNOWN,,HUGO,S-UNIWARD,MiPOD,HILL,WOW,,,0,0,0.8182992655361148,0.7770751470401885,0.04122411849592622,0.44065650319718497,0.2,1,0.7770751470401885,0.2,1,0.6771743552184253,0.2,1,0.8182992655361148,0.0,0,0.7731625545541133,0.2,1
COVER__TEST__2867.pgm,2867.pgm,COVER,0,MULTI_CANDIDATE,WOW,S-UNIWARD,WOW,S-UNIWARD,HILL,HUGO,MiPOD,,"WOW,S-UNIWARD,HILL,HUGO,MiPOD",5,0,1.0,1.0,0.0,1.0,1.0,5,1.0,1.0,5,1.0,1.0,5,1.0,1.0,5,1.0,1.0,5
COVER__TEST__1770.pgm,1770.pgm,COVER,0,MULTI_CANDIDATE,WOW,S-UNIWARD,WOW,S-UNIWARD,HILL,MiPOD,HUGO,,"WOW,S-UNIWARD,HILL,MiPOD,HUGO",5,0,1.0,1.0,0.0,1.0,1.0,5,1.0,1.0,5,1.0,1.0,5,0.9357181454093448,0.8,4,1.0,1.0,5
COVER__TEST__4910.pgm,4910.pgm,COVER,0,MULTI_CANDIDATE,WOW,MiPOD,WOW,MiPOD,HILL,S-UNIWARD,HUGO,,"WOW,MiPOD,HILL,S-UNIWARD",4,0,1.0,1.0,0.0,1.0,1.0,5,0.9204442518131749,0.8,4,0.979431724435457,0.8,4,0.8359897934256584,0.8,4,1.0,1.0,5
COVER__TEST__3567.pgm,3567.pgm,COVER,0,SINGLE_CANDIDATE,HUGO,S-UNIWARD,HUGO,S-UNIWARD,MiPOD,HILL,WOW,,HUGO,1,0,1.0,0.8194587482545028,0.18054125174549718,0.5054185638670194,0.2,1,0.8194587482545028,0.2,1,0.6373949156012289,0.4,2,1.0,1.0,5,0.7835217598140785,0.6,3
COVER__TEST__123.pgm,123.pgm,COVER,0,SINGLE_CANDIDATE,S-UNIWARD,HUGO,S-UNIWARD,HUGO,MiPOD,HILL,WOW,,S-UNIWARD,1,0,0.9634951491918956,0.8444191073671472,0.1190760418247484,0.5425970756193552,0.4,2,0.9634951491918956,0.4,2,0.6837547905008027,0.4,2,0.8444191073671472,0.6,3,0.7815080255001461,0.4,2
COVER__TEST__5772.pgm,5772.pgm,COVER,0,UNKNOWN_OR_COVER,UNKNOWN,,HUGO,S-UNIWARD,MiPOD,HILL,WOW,,,0,0,0.8156018098181692,0.7750707376862394,0.04053107213192986,0.4395452625953621,0.2,1,0.7750707376862394,0.2,1,0.6762557355278963,0.2,1,0.8156018098181692,0.0,0,0.7711604207745805,0.2,1
COVER__TEST__4506.pgm,4506.pgm,COVER,0,MULTI_CANDIDATE,WOW,S-UNIWARD,WOW,S-UNIWARD,HILL,HUGO,MiPOD,,"WOW,S-UNIWARD,HILL,HUGO,MiPOD",5,0,1.0,1.0,0.0,1.0,1.0,5,1.0,1.0,5,1.0,1.0,5,1.0,1.0,5,1.0,1.0,5
COVER__TEST__6280.pgm,6280.pgm,COVER,0,MULTI_CANDIDATE,WOW,S-UNIWARD,WOW,S-UNIWARD,HILL,HUGO,MiPOD,,"WOW,S-UNIWARD,HILL,HUGO,MiPOD",5,0,1.0,1.0,0.0,1.0,1.0,5,1.0,1.0,5,1.0,1.0,5,1.0,1.0,5,1.0,1.0,5
COVER__TEST__1216.pgm,1216.pgm,COVER,0,MULTI_CANDIDATE,HUGO,MiPOD,HUGO,MiPOD,HILL,S-UNIWARD,WOW,,"HUGO,MiPOD",2,0,1.0,0.9993976400708513,0.0006023599291486992,0.6902897670188997,0.4,2,0.82798935343698,0.4,2,0.8281315264653983,0.4,2,1.0,1.0,5,0.9993976400708513,0.8,4
COVER__TEST__2941.pgm,2941.pgm,COVER,0,MULTI_CANDIDATE,HUGO,MiPOD,HUGO,MiPOD,S-UNIWARD,HILL,WOW,,"HUGO,MiPOD",2,0,1.0,0.9373046242567664,0.06269537574323358,0.647958571025562,0.2,1,0.8451581000337232,0.8,4,0.8310916597773638,0.6,3,1.0,1.0,5,0.9373046242567664,0.8,4
COVER__TEST__1378.pgm,1378.pgm,COVER,0,UNKNOWN_OR_COVER,UNKNOWN,,HUGO,S-UNIWARD,MiPOD,HILL,WOW,,,0,0,0.8449285384846366,0.8310995581127599,0.013828980371876631,0.484484071896888,0.2,1,0.8310995581127599,0.6,3,0.6988361474178257,0.6,3,0.8449285384846366,0.8,4,0.8197855786009957,0.6,3
COVER__TEST__2619.pgm,2619.pgm,COVER,0,UNKNOWN_OR_COVER,UNKNOWN,,HUGO,S-UNIWARD,MiPOD,HILL,WOW,,,0,0,0.8202997805001976,0.7797837183139017,0.04051606218629589,0.4495474898906213,0.2,1,0.7797837183139017,0.2,1,0.6785978607133073,0.4,2,0.8202997805001976,0.2,1,0.7753143960206327,0.4,2
COVER__TEST__3570.pgm,3570.pgm,COVER,0,MULTI_CANDIDATE,MiPOD,HILL,MiPOD,HILL,S-UNIWARD,WOW,HUGO,,"MiPOD,HILL,S-UNIWARD",3,0,1.0,0.9804344551622762,0.01956554483772377,0.8611243445058389,0.8,4,0.9099760708070797,0.8,4,0.9804344551622762,0.8,4,0.8352030444884122,0.8,4,1.0,1.0,5
COVER__TEST__9044.pgm,9044.pgm,COVER,0,MULTI_CANDIDATE,HUGO,MiPOD,HUGO,MiPOD,HILL,S-UNIWARD,WOW,,"HUGO,MiPOD,HILL,S-UNIWARD",4,0,1.0,0.9988260989771718,0.0011739010228282165,0.8983119188341405,0.8,4,0.9590591401190938,0.8,4,0.9846745650338609,0.8,4,1.0,1.0,5,0.9988260989771718,0.8,4
COVER__TEST__2914.pgm,2914.pgm,COVER,0,MULTI_CANDIDATE,WOW,S-UNIWARD,WOW,S-UNIWARD,HILL,MiPOD,HUGO,,"WOW,S-UNIWARD,HILL,MiPOD,HUGO",5,0,1.0,1.0,0.0,1.0,1.0,5,1.0,1.0,5,1.0,1.0,5,0.9970233689368551,0.8,4,1.0,1.0,5
COVER__TEST__3130.pgm,3130.pgm,COVER,0,UNKNOWN_OR_COVER,UNKNOWN,,MiPOD,S-UNIWARD,HUGO,HILL,WOW,,,0,0,0.8551785079244961,0.8383368304095772,0.01684167751491894,0.5987124751263257,0.2,1,0.8383368304095772,0.8,4,0.7530919058136327,0.6,3,0.8348273078606464,0.8,4,0.8551785079244961,0.8,4
COVER__TEST__5086.pgm,5086.pgm,COVER,0,UNKNOWN_OR_COVER,UNKNOWN,,HUGO,S-UNIWARD,MiPOD,HILL,WOW,,,0,0,0.8252271849356345,0.7781936833308652,0.04703350160476927,0.441032867550226,0.2,1,0.7781936833308652,0.2,1,0.6784128494252262,0.2,1,0.8252271849356345,0.4,2,0.774930450062844,0.2,1
COVER__TEST__1039.pgm,1039.pgm,COVER,0,MULTI_CANDIDATE,HILL,HUGO,HILL,HUGO,MiPOD,S-UNIWARD,WOW,,"HILL,HUGO,MiPOD,S-UNIWARD",4,0,1.0,1.0,0.0,0.8657973176596597,0.8,4,0.9310280294622757,0.8,4,1.0,1.0,5,1.0,1.0,5,1.0,1.0,5
COVER__TEST__9540.pgm,9540.pgm,COVER,0,SINGLE_CANDIDATE,HUGO,S-UNIWARD,HUGO,S-UNIWARD,MiPOD,HILL,WOW,,HUGO,1,0,0.9819084403676037,0.8132356039895174,0.16867283637808628,0.5360887705863673,0.4,2,0.8132356039895174,0.2,1,0.6228632135919507,0.4,2,0.9819084403676037,0.6,3,0.7762725824654935,0.6,3
COVER__TEST__978.pgm,978.pgm,COVER,0,UNKNOWN_OR_COVER,UNKNOWN,,HUGO,S-UNIWARD,MiPOD,HILL,WOW,,,0,0,0.83250562993214,0.8317443336990745,0.0007612962330654227,0.48693920233361165,0.2,1,0.8317443336990745,0.6,3,0.7251451826966704,0.4,2,0.83250562993214,0.6,3,0.8182902731673476,0.4,2
COVER__TEST__4433.pgm,4433.pgm,COVER,0,MULTI_CANDIDATE,S-UNIWARD,HILL,S-UNIWARD,HILL,HUGO,MiPOD,WOW,,"S-UNIWARD,HILL,HUGO,MiPOD,WOW",5,0,1.0,1.0,0.0,0.9924861045382638,0.8,4,1.0,1.0,5,1.0,1.0,5,1.0,1.0,5,1.0,1.0,5
COVER__TEST__4182.pgm,4182.pgm,COVER,0,MULTI_CANDIDATE,S-UNIWARD,HILL,S-UNIWARD,HILL,HUGO,MiPOD,WOW,,"S-UNIWARD,HILL,HUGO,MiPOD",4,0,1.0,1.0,0.0,0.8309297714972217,0.8,4,1.0,1.0,5,1.0,1.0,5,1.0,1.0,5,1.0,1.0,5
COVER__TEST__4052.pgm,4052.pgm,COVER,0,MULTI_CANDIDATE,WOW,S-UNIWARD,WOW,S-UNIWARD,HILL,HUGO,MiPOD,,"WOW,S-UNIWARD,HILL,HUGO,MiPOD",5,0,1.0,1.0,0.0,1.0,1.0,5,1.0,1.0,5,1.0,1.0,5,1.0,1.0,5,1.0,1.0,5
COVER__TEST__9440.pgm,9440.pgm,COVER,0,MULTI_CANDIDATE,S-UNIWARD,HUGO,S-UNIWARD,HUGO,HILL,MiPOD,WOW,,"S-UNIWARD,HUGO,HILL,MiPOD",4,0,0.9948718309976682,0.9927539007666043,0.0021179302310638803,0.8303971333490681,0.4,2,0.9948718309976682,0.8,4,0.9912792059807556,0.8,4,0.9927539007666043,0.8,4,0.9781357262110779,0.6,3
COVER__TEST__4023.pgm,4023.pgm,COVER,0,MULTI_CANDIDATE,S-UNIWARD,HILL,S-UNIWARD,HILL,HUGO,MiPOD,WOW,,"S-UNIWARD,HILL,HUGO,MiPOD,WOW",5,0,1.0,1.0,0.0,0.9986791966825393,0.8,4,1.0,1.0,5,1.0,1.0,5,1.0,1.0,5,1.0,1.0,5
COVER__TEST__2855.pgm,2855.pgm,COVER,0,UNKNOWN_OR_COVER,UNKNOWN,,HUGO,S-UNIWARD,MiPOD,HILL,WOW,,,0,0,0.8259494330542374,0.7952815907601982,0.030667842294039183,0.46191432929627574,0.2,1,0.7952815907601982,0.4,2,0.6817378120355226,0.6,3,0.8259494330542374,0.6,3,0.781383222668709,0.6,3
COVER__TEST__459.pgm,459.pgm,COVER,0,SINGLE_CANDIDATE,S-UNIWARD,HUGO,S-UNIWARD,HUGO,MiPOD,HILL,WOW,,S-UNIWARD,1,0,0.9369301209094246,0.8403094429419774,0.09662067796744722,0.5736369879194595,0.4,2,0.9369301209094246,0.6,3,0.6782646881022913,0.6,3,0.8403094429419774,0.4,2,0.774987190772715,0.6,3
COVER__TEST__9824.pgm,9824.pgm,COVER,0,UNKNOWN_OR_COVER,UNKNOWN,,HUGO,S-UNIWARD,MiPOD,HILL,WOW,,,0,0,0.8158996044897036,0.7777133555061464,0.03818624898355716,0.43973904290162363,0.2,1,0.7777133555061464,0.2,1,0.6767227043560016,0.4,2,0.8158996044897036,0.2,1,0.7723923404604122,0.4,2
COVER__TEST__9778.pgm,9778.pgm,COVER,0,MULTI_CANDIDATE,S-UNIWARD,MiPOD,S-UNIWARD,MiPOD,HILL,HUGO,WOW,,"S-UNIWARD,MiPOD",2,0,1.0,1.0,0.0,0.746769540092056,0.6,3,1.0,1.0,5,0.8638121114666305,0.8,4,0.8347804423703872,0.8,4,1.0,1.0,5
COVER__TEST__1311.pgm,1311.pgm,COVER,0,SINGLE_CANDIDATE,S-UNIWARD,MiPOD,S-UNIWARD,MiPOD,HUGO,HILL,WOW,,S-UNIWARD,1,0,0.9162165619738843,0.8355853597257262,0.08063120224815812,0.5730079517441399,0.4,2,0.9162165619738843,0.8,4,0.7069208739946906,0.6,3,0.8340494997576979,0.8,4,0.8355853597257262,0.6,3
COVER__TEST__9377.pgm,9377.pgm,COVER,0,MULTI_CANDIDATE,HUGO,WOW,HUGO,WOW,MiPOD,S-UNIWARD,HILL,,"HUGO,WOW,MiPOD,S-UNIWARD,HILL",5,0,1.0,0.9869752089971942,0.013024791002805847,0.9869752089971942,0.8,4,0.9695299283726465,0.8,4,0.93040851288731,0.8,4,1.0,1.0,5,0.9828301978189572,0.8,4
COVER__TEST__2349.pgm,2349.pgm,COVER,0,SINGLE_CANDIDATE,S-UNIWARD,HUGO,S-UNIWARD,HUGO,MiPOD,HILL,WOW,,S-UNIWARD,1,0,0.9884834120347594,0.8341546574760841,0.15432875455867534,0.5550300873297672,0.4,2,0.9884834120347594,0.6,3,0.6953287978796139,0.6,3,0.8341546574760841,0.8,4,0.8048192367058637,0.6,3
COVER__TEST__7703.pgm,7703.pgm,COVER,0,MULTI_CANDIDATE,S-UNIWARD,HILL,S-UNIWARD,HILL,MiPOD,HUGO,WOW,,"S-UNIWARD,HILL,MiPOD",3,0,1.0,1.0,0.0,0.827685281819112,0.8,4,1.0,1.0,5,1.0,1.0,5,0.8341863503781509,0.8,4,1.0,1.0,5
COVER__TEST__28.pgm,28.pgm,COVER,0,UNKNOWN_OR_COVER,UNKNOWN,,MiPOD,S-UNIWARD,HUGO,HILL,WOW,,,0,0,0.8925470225918856,0.835057126926638,0.05748989566524754,0.6240290780378435,0.2,1,0.835057126926638,0.6,3,0.8054939123061853,0.4,2,0.8329233932150053,0.6,3,0.8925470225918856,0.6,3
COVER__TEST__3797.pgm,3797.pgm,COVER,0,MULTI_CANDIDATE,S-UNIWARD,HILL,S-UNIWARD,HILL,HUGO,MiPOD,WOW,,"S-UNIWARD,HILL,HUGO,MiPOD",4,0,1.0,1.0,0.0,0.8680474232551472,0.8,4,1.0,1.0,5,1.0,1.0,5,1.0,1.0,5,1.0,1.0,5
COVER__TEST__5066.pgm,5066.pgm,COVER,0,MULTI_CANDIDATE,MiPOD,HILL,MiPOD,HILL,HUGO,S-UNIWARD,WOW,,"MiPOD,HILL,HUGO",3,0,1.0,0.9352851666966309,0.06471483330336913,0.8276622494568189,0.8,4,0.8913580010531105,0.8,4,0.9352851666966309,0.8,4,0.900378191787199,0.8,4,1.0,1.0,5
COVER__TEST__687.pgm,687.pgm,COVER,0,MULTI_CANDIDATE,S-UNIWARD,HILL,S-UNIWARD,HILL,MiPOD,HUGO,WOW,,"S-UNIWARD,HILL,MiPOD,HUGO,WOW",5,0,1.0,1.0,0.0,0.9008370681500694,0.8,4,1.0,1.0,5,1.0,1.0,5,0.9789046959937806,0.8,4,1.0,1.0,5
COVER__TEST__1891.pgm,1891.pgm,COVER,0,SINGLE_CANDIDATE,MiPOD,S-UNIWARD,MiPOD,S-UNIWARD,HILL,HUGO,WOW,,MiPOD,1,0,0.9341361980983279,0.8713462053920745,0.0627899927062534,0.6963247178384294,0.2,1,0.8713462053920745,0.8,4,0.8403871430063239,0.8,4,0.8396860521444319,0.8,4,0.9341361980983279,0.6,3
COVER__TEST__6287.pgm,6287.pgm,COVER,0,SINGLE_CANDIDATE,S-UNIWARD,HILL,S-UNIWARD,HILL,MiPOD,HUGO,WOW,,S-UNIWARD,1,0,0.9651900093032275,0.8426814465156337,0.12250856278759381,0.799194823087668,0.4,2,0.9651900093032275,0.6,3,0.8426814465156337,0.6,3,0.8328308491029149,0.8,4,0.8374293116905808,0.6,3
COVER__TEST__6414.pgm,6414.pgm,COVER,0,MULTI_CANDIDATE,S-UNIWARD,HILL,S-UNIWARD,HILL,MiPOD,HUGO,WOW,,"S-UNIWARD,HILL,MiPOD",3,0,1.0,0.9554457425727302,0.04455425742726982,0.7848531360866182,0.6,3,1.0,1.0,5,0.9554457425727302,0.8,4,0.8808991198792366,0.8,4,0.93973566708423,0.8,4
COVER__TEST__2462.pgm,2462.pgm,COVER,0,UNKNOWN_OR_COVER,UNKNOWN,,HUGO,S-UNIWARD,MiPOD,HILL,WOW,,,0,0,0.8233557299317052,0.780513504841467,0.04284222509023827,0.4415533965325464,0.2,1,0.780513504841467,0.2,1,0.678657331111488,0.2,1,0.8233557299317052,0.2,1,0.7748422422479317,0.2,1
COVER__TEST__6346.pgm,6346.pgm,COVER,0,MULTI_CANDIDATE,HILL,MiPOD,HILL,MiPOD,HUGO,S-UNIWARD,WOW,,"HILL,MiPOD,HUGO,S-UNIWARD",4,0,1.0,1.0,0.0,0.8293326132993066,0.8,4,0.9677498395529502,0.8,4,1.0,1.0,5,0.9762229881870257,0.8,4,1.0,1.0,5
COVER__TEST__448.pgm,448.pgm,COVER,0,UNKNOWN_OR_COVER,UNKNOWN,,HUGO,S-UNIWARD,MiPOD,HILL,WOW,,,0,0,0.8247061461232752,0.7876167463584473,0.037089399764827946,0.4417901368657766,0.0,0,0.7876167463584473,0.0,0,0.6769407658118489,0.0,0,0.8247061461232752,0.2,1,0.7746353102545098,0.0,0
COVER__TEST__7555.pgm,7555.pgm,COVER,0,UNKNOWN_OR_COVER,UNKNOWN,,HUGO,S-UNIWARD,MiPOD,HILL,WOW,,,0,0,0.8134628629902995,0.7752855204737068,0.03817734251659266,0.43843013819761234,0.2,1,0.7752855204737068,0.2,1,0.67461112656248,0.2,1,0.8134628629902995,0.2,1,0.7699352180462296,0.2,1
COVER__TEST__7536.pgm,7536.pgm,COVER,0,UNKNOWN_OR_COVER,UNKNOWN,,HUGO,S-UNIWARD,MiPOD,HILL,WOW,,,0,0,0.8149144049689863,0.7764802044386198,0.0384342005303665,0.43905859933502905,0.0,0,0.7764802044386198,0.2,1,0.6755532963126949,0.2,1,0.8149144049689863,0.2,1,0.7711900254976221,0.0,0
COVER__TEST__4200.pgm,4200.pgm,COVER,0,MULTI_CANDIDATE,S-UNIWARD,HUGO,S-UNIWARD,HUGO,MiPOD,HILL,WOW,,"S-UNIWARD,HUGO,MiPOD,HILL",4,0,1.0,1.0,0.0,0.8331277746833937,0.8,4,1.0,1.0,5,0.9162756531660345,0.8,4,1.0,1.0,5,1.0,1.0,5
COVER__TEST__6461.pgm,6461.pgm,COVER,0,UNKNOWN_OR_COVER,UNKNOWN,,HUGO,S-UNIWARD,MiPOD,HILL,WOW,,,0,0,0.81761372764594,0.7781241308752274,0.03948959677071262,0.4392001369860001,0.0,0,0.7781241308752274,0.0,0,0.6765069266402957,0.2,1,0.81761372764594,0.2,1,0.7718292084967497,0.2,1
COVER__TEST__1480.pgm,1480.pgm,COVER,0,UNKNOWN_OR_COVER,UNKNOWN,,HUGO,S-UNIWARD,MiPOD,HILL,WOW,,,0,0,0.8328239355127327,0.8079682421218237,0.024855693390908984,0.4565540488099832,0.2,1,0.8079682421218237,0.2,1,0.6869714588125452,0.6,3,0.8328239355127327,0.6,3,0.7830033472260638,0.6,3
COVER__TEST__5122.pgm,5122.pgm,COVER,0,UNKNOWN_OR_COVER,UNKNOWN,,HUGO,S-UNIWARD,MiPOD,HILL,WOW,,,0,0,0.8182131884800052,0.7781059022505402,0.04010728622946502,0.44035345127796227,0.2,1,0.7781059022505402,0.2,1,0.6777560397287784,0.4,2,0.8182131884800052,0.2,1,0.77358794073575,0.4,2
COVER__TEST__7015.pgm,7015.pgm,COVER,0,UNKNOWN_OR_COVER,UNKNOWN,,S-UNIWARD,HUGO,MiPOD,HILL,WOW,,,0,0,0.8377084758411998,0.8336339231769841,0.004074552664215636,0.4933156263136788,0.0,0,0.8377084758411998,0.4,2,0.7099403913846364,0.4,2,0.8336339231769841,0.8,4,0.8046682815164898,0.4,2
COVER__TEST__8213.pgm,8213.pgm,COVER,0,UNKNOWN_OR_COVER,UNKNOWN,,HUGO,S-UNIWARD,MiPOD,HILL,WOW,,,0,0,0.8271395549294661,0.8161268076657766,0.011012747263689504,0.5236313604565259,0.2,1,0.8161268076657766,0.4,2,0.6815317758401078,0.6,3,0.8271395549294661,0.6,3,0.7799251382179269,0.6,3
COVER__TEST__2458.pgm,2458.pgm,COVER,0,MULTI_CANDIDATE,S-UNIWARD,MiPOD,S-UNIWARD,MiPOD,HILL,HUGO,WOW,,"S-UNIWARD,MiPOD",2,0,1.0,0.9901816904134824,0.009818309586517637,0.7442316819089259,0.6,3,1.0,1.0,5,0.8635679749468007,0.8,4,0.8545961159722406,0.8,4,0.9901816904134824,0.8,4
COVER__TEST__9497.pgm,9497.pgm,COVER,0,MULTI_CANDIDATE,HILL,HUGO,HILL,HUGO,MiPOD,S-UNIWARD,WOW,,"HILL,HUGO,MiPOD,S-UNIWARD",4,0,1.0,1.0,0.0,0.8355874617062756,0.8,4,0.9949907930460313,0.8,4,1.0,1.0,5,1.0,1.0,5,1.0,1.0,5
COVER__TEST__3276.pgm,3276.pgm,COVER,0,MULTI_CANDIDATE,S-UNIWARD,HILL,S-UNIWARD,HILL,MiPOD,HUGO,WOW,,"S-UNIWARD,HILL,MiPOD,HUGO",4,0,1.0,1.0,0.0,0.8756389273211009,0.8,4,1.0,1.0,5,1.0,1.0,5,0.9880280611741099,0.8,4,1.0,1.0,5
COVER__TEST__7178.pgm,7178.pgm,COVER,0,UNKNOWN_OR_COVER,UNKNOWN,,HUGO,S-UNIWARD,MiPOD,HILL,WOW,,,0,0,0.8125319633391541,0.7744822889157174,0.03804967442343676,0.43706101130459885,0.0,0,0.7744822889157174,0.0,0,0.6737478690161783,0.2,1,0.8125319633391541,0.2,1,0.7686381913971339,0.2,1
COVER__TEST__8964.pgm,8964.pgm,COVER,0,MULTI_CANDIDATE,HILL,HUGO,HILL,HUGO,MiPOD,S-UNIWARD,WOW,,"HILL,HUGO,MiPOD,S-UNIWARD",4,0,1.0,1.0,0.0,0.8272739247819365,0.8,4,0.929429631482478,0.8,4,1.0,1.0,5,1.0,1.0,5,1.0,1.0,5
COVER__TEST__6469.pgm,6469.pgm,COVER,0,SINGLE_CANDIDATE,HUGO,S-UNIWARD,HUGO,S-UNIWARD,MiPOD,HILL,WOW,,HUGO,1,0,0.9736805594628077,0.7967696349239379,0.1769109245388698,0.6065589798871301,0.2,1,0.7967696349239379,0.4,2,0.6770960905221031,0.6,3,0.9736805594628077,0.6,3,0.7706111849395676,0.6,3
COVER__TEST__7688.pgm,7688.pgm,COVER,0,MULTI_CANDIDATE,S-UNIWARD,HILL,S-UNIWARD,HILL,HUGO,MiPOD,WOW,,"S-UNIWARD,HILL,HUGO,MiPOD,WOW",5,0,1.0,1.0,0.0,0.9739859387562747,0.8,4,1.0,1.0,5,1.0,1.0,5,1.0,1.0,5,1.0,1.0,5
COVER__TEST__6729.pgm,6729.pgm,COVER,0,UNKNOWN_OR_COVER,UNKNOWN,,HUGO,S-UNIWARD,MiPOD,HILL,WOW,,,0,0,0.8221786667908602,0.7824455691431245,0.03973309764773569,0.44170573311505096,0.2,1,0.7824455691431245,0.2,1,0.6791085910641578,0.4,2,0.8221786667908602,0.2,1,0.7752962759290967,0.4,2
COVER__TEST__2999.pgm,2999.pgm,COVER,0,MULTI_CANDIDATE,S-UNIWARD,HUGO,S-UNIWARD,HUGO,MiPOD,HILL,WOW,,"S-UNIWARD,HUGO,MiPOD,HILL,WOW",5,0,0.9948711801801373,0.9927532570223695,0.0021179231577678204,0.9444249971422364,0.6,3,0.9948711801801373,0.8,4,0.9463516097304916,0.6,3,0.9927532570223695,0.8,4,0.9922616027110285,0.8,4
COVER__TEST__8925.pgm,8925.pgm,COVER,0,MULTI_CANDIDATE,HUGO,HILL,HUGO,HILL,MiPOD,S-UNIWARD,WOW,,"HUGO,HILL",2,0,1.0,0.9098271501884575,0.0901728498115425,0.8412405307796422,0.6,3,0.8484710986913667,0.8,4,0.9098271501884575,0.8,4,1.0,1.0,5,0.8987275035105162,0.8,4
COVER__TEST__9105.pgm,9105.pgm,COVER,0,MULTI_CANDIDATE,MiPOD,HILL,MiPOD,HILL,S-UNIWARD,HUGO,WOW,,"MiPOD,HILL",2,0,1.0,0.9178005703438619,0.08219942965613813,0.8184988002574144,0.6,3,0.8433590528695124,0.8,4,0.9178005703438619,0.8,4,0.8343150979045258,0.8,4,1.0,1.0,5
COVER__TEST__2430.pgm,2430.pgm,COVER,0,UNKNOWN_OR_COVER,UNKNOWN,,HUGO,S-UNIWARD,MiPOD,HILL,WOW,,,0,0,0.8309043818914894,0.7970410674150975,0.033863314476391904,0.4513232414643725,0.2,1,0.7970410674150975,0.4,2,0.684374778464694,0.2,1,0.8309043818914894,0.4,2,0.7910071461687116,0.2,1
COVER__TEST__271.pgm,271.pgm,COVER,0,SINGLE_CANDIDATE,HUGO,S-UNIWARD,HUGO,S-UNIWARD,MiPOD,WOW,HILL,,HUGO,1,0,0.9431323490508403,0.8557784941894193,0.087353854861421,0.7932438521358837,0.6,3,0.8557784941894193,0.6,3,0.725071219971757,0.6,3,0.9431323490508403,0.6,3,0.837417886927113,0.8,4
COVER__TEST__8262.pgm,8262.pgm,COVER,0,MULTI_CANDIDATE,MiPOD,HILL,MiPOD,HILL,S-UNIWARD,HUGO,WOW,,"MiPOD,HILL",2,0,0.998605017844478,0.9277312646769911,0.0708737531674869,0.7407280189475217,0.6,3,0.8404829934831479,0.8,4,0.9277312646769911,0.8,4,0.8338278029828583,0.8,4,0.998605017844478,0.8,4
COVER__TEST__5486.pgm,5486.pgm,COVER,0,UNKNOWN_OR_COVER,UNKNOWN,,HUGO,S-UNIWARD,MiPOD,HILL,WOW,,,0,0,0.8142671164109446,0.7756396517850833,0.03862746462586131,0.4388020390797981,0.2,1,0.7756396517850833,0.2,1,0.6751541181136624,0.2,1,0.8142671164109446,0.2,1,0.7705559623073462,0.2,1
COVER__TEST__1546.pgm,1546.pgm,COVER,0,UNKNOWN_OR_COVER,UNKNOWN,,S-UNIWARD,HUGO,MiPOD,HILL,WOW,,,0,0,0.8584219217726428,0.8424619832725483,0.015959938500094473,0.5590398225962769,0.2,1,0.8584219217726428,0.6,3,0.7384324709477903,0.6,3,0.8424619832725483,0.8,4,0.8347504856777054,0.6,3
COVER__TEST__1666.pgm,1666.pgm,COVER,0,MULTI_CANDIDATE,MiPOD,S-UNIWARD,MiPOD,S-UNIWARD,HILL,HUGO,WOW,,"MiPOD,S-UNIWARD,HILL",3,0,0.9878090925159343,0.987182325588288,0.0006267669276462939,0.8178343781241081,0.4,2,0.987182325588288,0.6,3,0.9443522093049468,0.4,2,0.8313007927635638,0.4,2,0.9878090925159343,0.6,3
COVER__TEST__3059.pgm,3059.pgm,COVER,0,MULTI_CANDIDATE,WOW,S-UNIWARD,WOW,S-UNIWARD,HILL,HUGO,MiPOD,,"WOW,S-UNIWARD,HILL,HUGO,MiPOD",5,0,1.0,1.0,0.0,1.0,1.0,5,1.0,1.0,5,1.0,1.0,5,1.0,1.0,5,1.0,1.0,5
COVER__TEST__2718.pgm,2718.pgm,COVER,0,UNKNOWN_OR_COVER,UNKNOWN,,HUGO,S-UNIWARD,MiPOD,HILL,WOW,,,0,0,0.8225366286264307,0.7848063024439744,0.03773032618245631,0.4425240755005845,0.2,1,0.7848063024439744,0.2,1,0.6775020174903881,0.2,1,0.8225366286264307,0.2,1,0.7757910846147558,0.2,1
COVER__TEST__7018.pgm,7018.pgm,COVER,0,UNKNOWN_OR_COVER,UNKNOWN,,MiPOD,S-UNIWARD,HUGO,HILL,WOW,,,0,0,0.8343540720049045,0.833387419834384,0.0009666521705204989,0.49068348047018323,0.2,1,0.833387419834384,0.6,3,0.7210112333519337,0.2,1,0.8317246578531574,0.4,2,0.8343540720049045,0.2,1
COVER__TEST__5454.pgm,5454.pgm,COVER,0,UNKNOWN_OR_COVER,UNKNOWN,,HUGO,S-UNIWARD,MiPOD,HILL,WOW,,,0,0,0.816256955975781,0.7782805027844607,0.03797645319132026,0.4389126900747361,0.2,1,0.7782805027844607,0.2,1,0.6742267046699321,0.2,1,0.816256955975781,0.2,1,0.7705853684591328,0.2,1
COVER__TEST__7844.pgm,7844.pgm,COVER,0,UNKNOWN_OR_COVER,UNKNOWN,,HUGO,S-UNIWARD,MiPOD,HILL,WOW,,,0,0,0.816146455066691,0.7777039622730729,0.03844249279361811,0.4396292212037819,0.2,1,0.7777039622730729,0.2,1,0.6755895905778858,0.2,1,0.816146455066691,0.4,2,0.772281497334697,0.2,1
COVER__TEST__193.pgm,193.pgm,COVER,0,MULTI_CANDIDATE,S-UNIWARD,MiPOD,S-UNIWARD,MiPOD,WOW,HILL,HUGO,,"S-UNIWARD,MiPOD,WOW,HILL",4,0,1.0,1.0,0.0,0.9652008111990629,0.8,4,1.0,1.0,5,0.9488440036987724,0.8,4,0.8459275446691965,0.8,4,1.0,1.0,5
COVER__TEST__4261.pgm,4261.pgm,COVER,0,MULTI_CANDIDATE,WOW,S-UNIWARD,WOW,S-UNIWARD,HILL,HUGO,MiPOD,,"WOW,S-UNIWARD,HILL,HUGO,MiPOD",5,0,1.0,1.0,0.0,1.0,1.0,5,1.0,1.0,5,1.0,1.0,5,1.0,1.0,5,1.0,1.0,5
COVER__TEST__5835.pgm,5835.pgm,COVER,0,MULTI_CANDIDATE,S-UNIWARD,MiPOD,S-UNIWARD,MiPOD,HILL,HUGO,WOW,,"S-UNIWARD,MiPOD",2,0,0.9291075088386552,0.9131886875800262,0.01591882125862898,0.7600666059693834,0.4,2,0.9291075088386552,0.6,3,0.8690638453120967,0.4,2,0.8328389189136189,0.8,4,0.9131886875800262,0.6,3
COVER__TEST__1367.pgm,1367.pgm,COVER,0,MULTI_CANDIDATE,WOW,S-UNIWARD,WOW,S-UNIWARD,MiPOD,HILL,HUGO,,"WOW,S-UNIWARD,MiPOD,HILL",4,0,1.0,1.0,0.0,1.0,1.0,5,1.0,1.0,5,0.9494847763153714,0.8,4,0.8439397512497688,0.8,4,1.0,1.0,5
COVER__TEST__7950.pgm,7950.pgm,COVER,0,SINGLE_CANDIDATE,HUGO,S-UNIWARD,HUGO,S-UNIWARD,MiPOD,HILL,WOW,,HUGO,1,0,0.9503282691618946,0.8366018761461941,0.11372639301570053,0.597910208917318,0.2,1,0.8366018761461941,0.6,3,0.7362617441919208,0.6,3,0.9503282691618946,0.6,3,0.8275269962662607,0.6,3
COVER__TEST__4445.pgm,4445.pgm,COVER,0,UNKNOWN_OR_COVER,UNKNOWN,,HUGO,S-UNIWARD,MiPOD,HILL,WOW,,,0,0,0.8215144139481996,0.7798742416503285,0.04164017229787109,0.4413944572627916,0.2,1,0.7798742416503285,0.2,1,0.6780858251199715,0.2,1,0.8215144139481996,0.0,0,0.7744319306024869,0.2,1
COVER__TEST__2596.pgm,2596.pgm,COVER,0,MULTI_CANDIDATE,HILL,S-UNIWARD,HILL,S-UNIWARD,WOW,MiPOD,HUGO,,"HILL,S-UNIWARD,WOW,MiPOD",4,0,0.9945374949166726,0.99434630938009,0.0001911855365825943,0.9942174392241085,0.8,4,0.99434630938009,0.8,4,0.9945374949166726,0.8,4,0.8328305155616743,0.8,4,0.994150817727584,0.8,4
COVER__TEST__6476.pgm,6476.pgm,COVER,0,MULTI_CANDIDATE,S-UNIWARD,MiPOD,S-UNIWARD,MiPOD,HUGO,HILL,WOW,,"S-UNIWARD,MiPOD,HUGO,HILL,WOW",5,0,1.0,1.0,0.0,0.960154442731721,0.8,4,1.0,1.0,5,0.9923443407154233,0.8,4,0.9982909174766068,0.8,4,1.0,1.0,5
COVER__TEST__6616.pgm,6616.pgm,COVER,0,UNKNOWN_OR_COVER,UNKNOWN,,HUGO,S-UNIWARD,MiPOD,HILL,WOW,,,0,0,0.8175329365878203,0.7898603997145448,0.027672536873275533,0.44638740216799605,0.2,1,0.7898603997145448,0.6,3,0.679292803614618,0.4,2,0.8175329365878203,0.4,2,0.7846885180214633,0.4,2
COVER__TEST__4864.pgm,4864.pgm,COVER,0,UNKNOWN_OR_COVER,UNKNOWN,,HUGO,S-UNIWARD,MiPOD,HILL,WOW,,,0,0,0.8160268313298691,0.7769554161266088,0.039071415203260296,0.4392806197023894,0.2,1,0.7769554161266088,0.2,1,0.6753148330538233,0.2,1,0.8160268313298691,0.2,1,0.7711911029789454,0.2,1
COVER__TEST__6432.pgm,6432.pgm,COVER,0,UNKNOWN_OR_COVER,UNKNOWN,,MiPOD,HUGO,S-UNIWARD,HILL,WOW,,,0,0,0.8351644804346202,0.8290092736075974,0.006155206827022863,0.5424426144041823,0.0,0,0.7991315813002402,0.2,1,0.733189680067903,0.0,0,0.8290092736075974,0.4,2,0.8351644804346202,0.2,1
COVER__TEST__921.pgm,921.pgm,COVER,0,UNKNOWN_OR_COVER,UNKNOWN,,HUGO,S-UNIWARD,MiPOD,HILL,WOW,,,0,0,0.8349411475922951,0.8131070110008303,0.021834136591464826,0.4651293937529575,0.2,1,0.8131070110008303,0.6,3,0.6917696749732574,0.6,3,0.8349411475922951,0.8,4,0.8050198541105402,0.6,3
COVER__TEST__282.pgm,282.pgm,COVER,0,SINGLE_CANDIDATE,S-UNIWARD,MiPOD,S-UNIWARD,MiPOD,HUGO,HILL,WOW,,S-UNIWARD,1,0,0.9416055202186575,0.8314535690707819,0.11015195114787557,0.7346650301410578,0.4,2,0.9416055202186575,0.6,3,0.8027414126145118,0.4,2,0.8147461873397204,0.6,3,0.8314535690707819,0.6,3
COVER__TEST__8910.pgm,8910.pgm,COVER,0,SINGLE_CANDIDATE,S-UNIWARD,HILL,S-UNIWARD,HILL,MiPOD,HUGO,WOW,,S-UNIWARD,1,0,0.9416054370225201,0.8360340628734573,0.10557137414906281,0.8038161132439345,0.4,2,0.9416054370225201,0.6,3,0.8360340628734573,0.6,3,0.8147460845770744,0.6,3,0.8314535479868855,0.6,3
COVER__TEST__4898.pgm,4898.pgm,COVER,0,UNKNOWN_OR_COVER,UNKNOWN,,HUGO,S-UNIWARD,MiPOD,HILL,WOW,,,0,0,0.8148280306225244,0.7771541098584203,0.03767392076410414,0.43853595281885943,0.0,0,0.7771541098584203,0.0,0,0.6750154942626241,0.2,1,0.8148280306225244,0.2,1,0.7707715763495221,0.2,1
COVER__TEST__1202.pgm,1202.pgm,COVER,0,SINGLE_CANDIDATE,S-UNIWARD,MiPOD,S-UNIWARD,MiPOD,HUGO,HILL,WOW,,S-UNIWARD,1,0,1.0,0.8551785079244961,0.14482149207550388,0.6869037557790004,0.6,3,1.0,1.0,5,0.821636449715364,0.6,3,0.8355623907520933,0.8,4,0.8551785079244961,0.8,4
COVER__TEST__6816.pgm,6816.pgm,COVER,0,UNKNOWN_OR_COVER,UNKNOWN,,MiPOD,S-UNIWARD,HUGO,HILL,WOW,,,0,0,0.8430261907441366,0.8324767862757984,0.010549404468338297,0.5129516425027725,0.2,1,0.8324767862757984,0.4,2,0.7504529329403196,0.2,1,0.8296805348628784,0.6,3,0.8430261907441366,0.2,1
COVER__TEST__2329.pgm,2329.pgm,COVER,0,UNKNOWN_OR_COVER,UNKNOWN,,HUGO,S-UNIWARD,MiPOD,HILL,WOW,,,0,0,0.8137103592487172,0.7757193496982823,0.037991009550434884,0.43787217225951364,0.0,0,0.7757193496982823,0.0,0,0.6727887713460452,0.0,0,0.8137103592487172,0.0,0,0.7684895325633704,0.0,0
COVER__TEST__6391.pgm,6391.pgm,COVER,0,MULTI_CANDIDATE,WOW,S-UNIWARD,WOW,S-UNIWARD,HUGO,MiPOD,HILL,,"WOW,S-UNIWARD,HUGO,MiPOD,HILL",5,0,1.0,1.0,0.0,1.0,1.0,5,1.0,1.0,5,0.9679607766263348,0.8,4,1.0,1.0,5,1.0,1.0,5
COVER__TEST__6859.pgm,6859.pgm,COVER,0,MULTI_CANDIDATE,S-UNIWARD,MiPOD,S-UNIWARD,MiPOD,WOW,HUGO,HILL,,"S-UNIWARD,MiPOD,WOW,HUGO,HILL",5,0,1.0,0.9970020209543892,0.0029979790456108324,0.9842313869167032,0.8,4,1.0,1.0,5,0.9307581929724644,0.8,4,0.9467270630564769,0.8,4,0.9970020209543892,0.8,4
COVER__TEST__4324.pgm,4324.pgm,COVER,0,MULTI_CANDIDATE,S-UNIWARD,HUGO,S-UNIWARD,HUGO,HILL,MiPOD,WOW,,"S-UNIWARD,HUGO,HILL,MiPOD,WOW",5,0,1.0,1.0,0.0,0.9122622552241191,0.6,3,1.0,1.0,5,0.9965243798643122,0.8,4,1.0,1.0,5,0.9766627047106523,0.8,4
COVER__TEST__3073.pgm,3073.pgm,COVER,0,UNKNOWN_OR_COVER,UNKNOWN,,HUGO,S-UNIWARD,MiPOD,HILL,WOW,,,0,0,0.8433629461826726,0.799671824972218,0.0436911212104546,0.4448928932981051,0.2,1,0.799671824972218,0.2,1,0.6809303163186213,0.4,2,0.8433629461826726,0.4,2,0.7767439671777655,0.4,2
COVER__TEST__2107.pgm,2107.pgm,COVER,0,SINGLE_CANDIDATE,MiPOD,S-UNIWARD,MiPOD,S-UNIWARD,HILL,HUGO,WOW,,MiPOD,1,0,1.0,0.8902245520627655,0.10977544793723448,0.7335507625006226,0.6,3,0.8902245520627655,0.8,4,0.8578258143277946,0.8,4,0.8371036839465926,0.8,4,1.0,1.0,5
COVER__TEST__7904.pgm,7904.pgm,COVER,0,UNKNOWN_OR_COVER,UNKNOWN,,HUGO,S-UNIWARD,MiPOD,HILL,WOW,,,0,0,0.8224923808271501,0.7890952684846375,0.033397112342512636,0.44233412704340475,0.2,1,0.7890952684846375,0.2,1,0.6774048380293487,0.4,2,0.8224923808271501,0.4,2,0.7761399466960831,0.4,2
COVER__TEST__2696.pgm,2696.pgm,COVER,0,UNKNOWN_OR_COVER,UNKNOWN,,HUGO,S-UNIWARD,MiPOD,HILL,WOW,,,0,0,0.8244634839754319,0.7812599245741184,0.043203559401313485,0.4423428535878539,0.2,1,0.7812599245741184,0.2,1,0.6803724066097654,0.4,2,0.8244634839754319,0.2,1,0.7764544069357432,0.2,1
COVER__TEST__5993.pgm,5993.pgm,COVER,0,UNKNOWN_OR_COVER,UNKNOWN,,HUGO,S-UNIWARD,MiPOD,HILL,WOW,,,0,0,0.8151824665027936,0.7765694316941224,0.038613034808671176,0.43904258427768,0.2,1,0.7765694316941224,0.2,1,0.6747710021155797,0.2,1,0.8151824665027936,0.2,1,0.7710374074680703,0.2,1
COVER__TEST__9035.pgm,9035.pgm,COVER,0,MULTI_CANDIDATE,S-UNIWARD,HILL,S-UNIWARD,HILL,HUGO,MiPOD,WOW,,"S-UNIWARD,HILL,HUGO,MiPOD,WOW",5,0,1.0,1.0,0.0,0.9147661373658178,0.8,4,1.0,1.0,5,1.0,1.0,5,1.0,1.0,5,1.0,1.0,5
COVER__TEST__8102.pgm,8102.pgm,COVER,0,UNKNOWN_OR_COVER,UNKNOWN,,HUGO,S-UNIWARD,MiPOD,HILL,WOW,,,0,0,0.8178033701250242,0.7785354847363426,0.039267885388681645,0.43974920638086434,0.2,1,0.7785354847363426,0.2,1,0.6756351977746393,0.2,1,0.8178033701250242,0.2,1,0.7719122961810873,0.2,1
COVER__TEST__4788.pgm,4788.pgm,COVER,0,MULTI_CANDIDATE,S-UNIWARD,HILL,S-UNIWARD,HILL,HUGO,MiPOD,WOW,,"S-UNIWARD,HILL,HUGO,MiPOD,WOW",5,0,1.0,1.0,0.0,0.9777656237775169,0.8,4,1.0,1.0,5,1.0,1.0,5,1.0,1.0,5,1.0,1.0,5
COVER__TEST__3423.pgm,3423.pgm,COVER,0,MULTI_CANDIDATE,WOW,S-UNIWARD,WOW,S-UNIWARD,HILL,HUGO,MiPOD,,"WOW,S-UNIWARD,HILL,HUGO,MiPOD",5,0,1.0,1.0,0.0,1.0,1.0,5,1.0,1.0,5,1.0,1.0,5,1.0,1.0,5,1.0,1.0,5
COVER__TEST__5016.pgm,5016.pgm,COVER,0,UNKNOWN_OR_COVER,UNKNOWN,,HUGO,S-UNIWARD,MiPOD,HILL,WOW,,,0,0,0.8134257917255756,0.7759491667287602,0.037476624996815366,0.4389927675598816,0.2,1,0.7759491667287602,0.2,1,0.6757550401292669,0.4,2,0.8134257917255756,0.2,1,0.7713470133089084,0.4,2
COVER__TEST__8398.pgm,8398.pgm,COVER,0,UNKNOWN_OR_COVER,UNKNOWN,,HUGO,S-UNIWARD,MiPOD,HILL,WOW,,,0,0,0.8160724842964934,0.7775830469933119,0.03848943730318144,0.4391800066291034,0.2,1,0.7775830469933119,0.2,1,0.6753211228564646,0.2,1,0.8160724842964934,0.2,1,0.771129545575189,0.2,1
COVER__TEST__8826.pgm,8826.pgm,COVER,0,MULTI_CANDIDATE,HUGO,MiPOD,HUGO,MiPOD,S-UNIWARD,HILL,WOW,,"HUGO,MiPOD",2,0,1.0,1.0,0.0,0.7583753033694204,0.4,2,0.8679639231997325,0.8,4,0.8608066097277423,0.8,4,1.0,1.0,5,1.0,1.0,5
COVER__TEST__6393.pgm,6393.pgm,COVER,0,MULTI_CANDIDATE,S-UNIWARD,HILL,S-UNIWARD,HILL,HUGO,MiPOD,WOW,,"S-UNIWARD,HILL,HUGO,MiPOD",4,0,1.0,1.0,0.0,0.8462478219029389,0.8,4,1.0,1.0,5,1.0,1.0,5,1.0,1.0,5,1.0,1.0,5
COVER__TEST__9444.pgm,9444.pgm,COVER,0,SINGLE_CANDIDATE,HUGO,MiPOD,HUGO,MiPOD,S-UNIWARD,HILL,WOW,,HUGO,1,0,1.0,0.8741387281468421,0.12586127185315787,0.7256354843482014,0.2,1,0.7984951952208241,0.4,2,0.7371118557716897,0.4,2,1.0,1.0,5,0.8741387281468421,0.4,2
COVER__TEST__2947.pgm,2947.pgm,COVER,0,SINGLE_CANDIDATE,HUGO,S-UNIWARD,HUGO,S-UNIWARD,MiPOD,HILL,WOW,,HUGO,1,0,1.0,0.8276168426195563,0.17238315738044374,0.46780582342698446,0.2,1,0.8276168426195563,0.4,2,0.6916916759097399,0.6,3,1.0,1.0,5,0.7902788818303689,0.6,3
COVER__TEST__3959.pgm,3959.pgm,COVER,0,MULTI_CANDIDATE,WOW,S-UNIWARD,WOW,S-UNIWARD,HILL,HUGO,MiPOD,,"WOW,S-UNIWARD,HILL,HUGO,MiPOD",5,0,1.0,1.0,0.0,1.0,1.0,5,1.0,1.0,5,1.0,1.0,5,1.0,1.0,5,1.0,1.0,5
COVER__TEST__3588.pgm,3588.pgm,COVER,0,SINGLE_CANDIDATE,S-UNIWARD,HUGO,S-UNIWARD,HUGO,MiPOD,WOW,HILL,,S-UNIWARD,1,0,0.9515168891033546,0.8317857060536836,0.11973118304967101,0.711223239728566,0.6,3,0.9515168891033546,0.6,3,0.6826399543334938,0.6,3,0.8317857060536836,0.6,3,0.7772590622818244,0.6,3
COVER__TEST__917.pgm,917.pgm,COVER,0,SINGLE_CANDIDATE,S-UNIWARD,MiPOD,S-UNIWARD,MiPOD,HUGO,HILL,WOW,,S-UNIWARD,1,0,1.0,0.8880714834700282,0.11192851652997182,0.7085243468312381,0.4,2,1.0,1.0,5,0.7895567853356944,0.6,3,0.8525928940638053,0.8,4,0.8880714834700282,0.8,4
COVER__TEST__5815.pgm,5815.pgm,COVER,0,UNKNOWN_OR_COVER,UNKNOWN,,HUGO,S-UNIWARD,MiPOD,HILL,WOW,,,0,0,0.8383689868546188,0.7853933634185851,0.05297562343603368,0.4418501582197011,0.2,1,0.7853933634185851,0.2,1,0.67760882637164,0.2,1,0.8383689868546188,0.0,0,0.7730774577581148,0.2,1
COVER__TEST__535.pgm,535.pgm,COVER,0,UNKNOWN_OR_COVER,UNKNOWN,,HUGO,S-UNIWARD,MiPOD,HILL,WOW,,,0,0,0.8348923163886752,0.8074697801663948,0.027422536222280414,0.45425048570779036,0.2,1,0.8074697801663948,0.2,1,0.6862926626091851,0.4,2,0.8348923163886752,0.6,3,0.7840834332321294,0.4,2
COVER__TEST__2326.pgm,2326.pgm,COVER,0,MULTI_CANDIDATE,MiPOD,HILL,MiPOD,HILL,S-UNIWARD,HUGO,WOW,,"MiPOD,HILL",2,0,0.9940985431625678,0.9260655588103752,0.06803298435219263,0.7301452411401562,0.6,3,0.8370251245065378,0.8,4,0.9260655588103752,0.6,3,0.8306396613074838,0.6,3,0.9940985431625678,0.8,4
COVER__TEST__2936.pgm,2936.pgm,COVER,0,MULTI_CANDIDATE,S-UNIWARD,HUGO,S-UNIWARD,HUGO,MiPOD,WOW,HILL,,"S-UNIWARD,HUGO,MiPOD,WOW,HILL",5,0,1.0,1.0,0.0,0.9385637588478343,0.4,2,1.0,1.0,5,0.9047582127996738,0.6,3,1.0,1.0,5,0.9782649800854566,0.8,4
COVER__TEST__9940.pgm,9940.pgm,COVER,0,MULTI_CANDIDATE,HILL,HUGO,HILL,HUGO,MiPOD,S-UNIWARD,WOW,,"HILL,HUGO,MiPOD",3,0,1.0,1.0,0.0,0.7447340796733182,0.6,3,0.8415548744792346,0.8,4,1.0,1.0,5,1.0,1.0,5,1.0,1.0,5
COVER__TEST__149.pgm,149.pgm,COVER,0,MULTI_CANDIDATE,WOW,S-UNIWARD,WOW,S-UNIWARD,HILL,MiPOD,HUGO,,"WOW,S-UNIWARD,HILL,MiPOD,HUGO",5,0,1.0,1.0,0.0,1.0,1.0,5,1.0,1.0,5,1.0,1.0,5,0.9862271844907097,0.8,4,1.0,1.0,5
COVER__TEST__7499.pgm,7499.pgm,COVER,0,MULTI_CANDIDATE,S-UNIWARD,HILL,S-UNIWARD,HILL,HUGO,MiPOD,WOW,,"S-UNIWARD,HILL,HUGO,MiPOD",4,0,1.0,1.0,0.0,0.8697440770879066,0.8,4,1.0,1.0,5,1.0,1.0,5,1.0,1.0,5,1.0,1.0,5
COVER__TEST__5553.pgm,5553.pgm,COVER,0,MULTI_CANDIDATE,WOW,S-UNIWARD,WOW,S-UNIWARD,HILL,HUGO,MiPOD,,"WOW,S-UNIWARD,HILL,HUGO,MiPOD",5,0,1.0,1.0,0.0,1.0,1.0,5,1.0,1.0,5,1.0,1.0,5,1.0,1.0,5,1.0,1.0,5
COVER__TEST__1579.pgm,1579.pgm,COVER,0,MULTI_CANDIDATE,WOW,S-UNIWARD,WOW,S-UNIWARD,HILL,HUGO,MiPOD,,"WOW,S-UNIWARD,HILL,HUGO,MiPOD",5,0,1.0,1.0,0.0,1.0,1.0,5,1.0,1.0,5,1.0,1.0,5,1.0,1.0,5,1.0,1.0,5
COVER__TEST__243.pgm,243.pgm,COVER,0,UNKNOWN_OR_COVER,UNKNOWN,,HUGO,S-UNIWARD,MiPOD,HILL,WOW,,,0,0,0.8261679068358848,0.825162560660494,0.001005346175390831,0.47437278805384836,0.2,1,0.825162560660494,0.4,2,0.7114013811600068,0.4,2,0.8261679068358848,0.4,2,0.8034755265130377,0.4,2
COVER__TEST__3013.pgm,3013.pgm,COVER,0,MULTI_CANDIDATE,HILL,MiPOD,HILL,MiPOD,S-UNIWARD,HUGO,WOW,,"HILL,MiPOD,S-UNIWARD",3,0,1.0,1.0,0.0,0.8267334051250173,0.8,4,0.9097460284326697,0.6,3,1.0,1.0,5,0.8803622262182815,0.8,4,1.0,1.0,5
COVER__TEST__4694.pgm,4694.pgm,COVER,0,MULTI_CANDIDATE,WOW,S-UNIWARD,WOW,S-UNIWARD,HILL,HUGO,MiPOD,,"WOW,S-UNIWARD,HILL,HUGO,MiPOD",5,0,1.0,1.0,0.0,1.0,1.0,5,1.0,1.0,5,1.0,1.0,5,1.0,1.0,5,1.0,1.0,5
COVER__TEST__3801.pgm,3801.pgm,COVER,0,MULTI_CANDIDATE,S-UNIWARD,HUGO,S-UNIWARD,HUGO,MiPOD,HILL,WOW,,"S-UNIWARD,HUGO,MiPOD,HILL",4,0,1.0,1.0,0.0,0.8876107765489163,0.8,4,1.0,1.0,5,0.9991048471128835,0.8,4,1.0,1.0,5,1.0,1.0,5
COVER__TEST__4227.pgm,4227.pgm,COVER,0,MULTI_CANDIDATE,S-UNIWARD,HILL,S-UNIWARD,HILL,HUGO,MiPOD,WOW,,"S-UNIWARD,HILL,HUGO,MiPOD,WOW",5,0,1.0,1.0,0.0,0.9536555195676751,0.8,4,1.0,1.0,5,1.0,1.0,5,1.0,1.0,5,1.0,1.0,5
COVER__TEST__6193.pgm,6193.pgm,COVER,0,SINGLE_CANDIDATE,HUGO,S-UNIWARD,HUGO,S-UNIWARD,MiPOD,HILL,WOW,,HUGO,1,0,0.9987693802763109,0.8201361178417909,0.17863326243452005,0.48097006867306674,0.2,1,0.8201361178417909,0.4,2,0.6633415136969539,0.4,2,0.9987693802763109,0.8,4,0.7839558105637294,0.6,3
COVER__TEST__9825.pgm,9825.pgm,COVER,0,MULTI_CANDIDATE,HILL,MiPOD,HILL,MiPOD,S-UNIWARD,HUGO,WOW,,"HILL,MiPOD",2,0,0.9941066555166046,0.9932954143581876,0.0008112411584170198,0.72896362101716,0.4,2,0.8283790336927863,0.4,2,0.9941066555166046,0.4,2,0.8243133321938059,0.0,0,0.9932954143581876,0.4,2
COVER__TEST__5218.pgm,5218.pgm,COVER,0,UNKNOWN_OR_COVER,UNKNOWN,,HUGO,S-UNIWARD,MiPOD,HILL,WOW,,,0,0,0.8177502651961295,0.778591252364705,0.03915901283142442,0.43996953104164865,0.2,1,0.778591252364705,0.2,1,0.6764706230859161,0.2,1,0.8177502651961295,0.2,1,0.7728091438491431,0.2,1
COVER__TEST__8322.pgm,8322.pgm,COVER,0,MULTI_CANDIDATE,WOW,S-UNIWARD,WOW,S-UNIWARD,HILL,MiPOD,HUGO,,"WOW,S-UNIWARD,HILL,MiPOD",4,0,1.0,1.0,0.0,1.0,1.0,5,1.0,1.0,5,1.0,1.0,5,0.8386941443003877,0.8,4,1.0,1.0,5
COVER__TEST__1720.pgm,1720.pgm,COVER,0,SINGLE_CANDIDATE,S-UNIWARD,HUGO,S-UNIWARD,HUGO,MiPOD,HILL,WOW,,S-UNIWARD,1,0,0.9578964276381405,0.8403444025485609,0.11755202508957963,0.5403329858708641,0.4,2,0.9578964276381405,0.4,2,0.6847694076680167,0.6,3,0.8403444025485609,0.6,3,0.7809961503659866,0.6,3
COVER__TEST__1116.pgm,1116.pgm,COVER,0,MULTI_CANDIDATE,HUGO,S-UNIWARD,HUGO,S-UNIWARD,MiPOD,HILL,WOW,,"HUGO,S-UNIWARD,MiPOD",3,0,0.9877726937146198,0.9836893722676503,0.004083321446969546,0.7085686270590902,0.6,3,0.9836893722676503,0.8,4,0.8425857083348877,0.8,4,0.9877726937146198,0.8,4,0.9594694130849689,0.8,4
COVER__TEST__5045.pgm,5045.pgm,COVER,0,MULTI_CANDIDATE,S-UNIWARD,HILL,S-UNIWARD,HILL,MiPOD,HUGO,WOW,,"S-UNIWARD,HILL,MiPOD",3,0,1.0,0.9665567107682447,0.033443289231755324,0.7876453577896181,0.6,3,1.0,1.0,5,0.9665567107682447,0.8,4,0.8383600762873616,0.8,4,0.9497237087446534,0.8,4
COVER__TEST__9721.pgm,9721.pgm,COVER,0,UNKNOWN_OR_COVER,UNKNOWN,,HUGO,S-UNIWARD,MiPOD,HILL,WOW,,,0,0,0.8140236007169216,0.7751412181508858,0.03888238256603582,0.43879358560682197,0.2,1,0.7751412181508858,0.2,1,0.6731060631869916,0.2,1,0.8140236007169216,0.0,0,0.7689856020432583,0.2,1
COVER__TEST__1320.pgm,1320.pgm,COVER,0,UNKNOWN_OR_COVER,UNKNOWN,,HUGO,S-UNIWARD,MiPOD,HILL,WOW,,,0,0,0.8263049127958313,0.7827618559765324,0.04354305681929893,0.4434452122104515,0.2,1,0.7827618559765324,0.2,1,0.6799059199874782,0.4,2,0.8263049127958313,0.2,1,0.7775960406529605,0.2,1
COVER__TEST__5351.pgm,5351.pgm,COVER,0,SINGLE_CANDIDATE,HUGO,S-UNIWARD,HUGO,S-UNIWARD,MiPOD,HILL,WOW,,HUGO,1,0,0.9290604367764302,0.8933841322266378,0.035676304549792426,0.6980605711191654,0.6,3,0.8933841322266378,0.6,3,0.7712350343388517,0.6,3,0.9290604367764302,0.6,3,0.8373027302712324,0.8,4
COVER__TEST__5360.pgm,5360.pgm,COVER,0,UNKNOWN_OR_COVER,UNKNOWN,,HUGO,S-UNIWARD,MiPOD,HILL,WOW,,,0,0,0.8305722646777808,0.8076303873534257,0.022941877324355042,0.5359420293454914,0.4,2,0.8076303873534257,0.4,2,0.6774609199945405,0.6,3,0.8305722646777808,0.4,2,0.7719770764870763,0.6,3
COVER__TEST__9963.pgm,9963.pgm,COVER,0,UNKNOWN_OR_COVER,UNKNOWN,,HUGO,S-UNIWARD,MiPOD,HILL,WOW,,,0,0,0.8138559552060649,0.7758203888053528,0.03803556640071215,0.44614319007335024,0.2,1,0.7758203888053528,0.4,2,0.6782546706182415,0.6,3,0.8138559552060649,0.4,2,0.7736651979218447,0.6,3
COVER__TEST__6621.pgm,6621.pgm,COVER,0,MULTI_CANDIDATE,MiPOD,HILL,MiPOD,HILL,S-UNIWARD,HUGO,WOW,,"MiPOD,HILL",2,0,1.0,0.915320090023986,0.08467990997601405,0.8317836734569599,0.6,3,0.8577146442002679,0.8,4,0.915320090023986,0.8,4,0.8549503701022095,0.8,4,1.0,1.0,5
COVER__TEST__4496.pgm,4496.pgm,COVER,0,MULTI_CANDIDATE,S-UNIWARD,HUGO,S-UNIWARD,HUGO,MiPOD,HILL,WOW,,"S-UNIWARD,HUGO,MiPOD,HILL,WOW",5,0,1.0,1.0,0.0,0.932696813886227,0.8,4,1.0,1.0,5,0.9761089213044386,0.8,4,1.0,1.0,5,1.0,1.0,5
COVER__TEST__2570.pgm,2570.pgm,COVER,0,UNKNOWN_OR_COVER,UNKNOWN,,HUGO,S-UNIWARD,MiPOD,HILL,WOW,,,0,0,0.8358644526556629,0.7977945404523809,0.03806991220328204,0.47237258739816673,0.2,1,0.7977945404523809,0.6,3,0.6813760031844293,0.6,3,0.8358644526556629,0.6,3,0.7843260344949485,0.6,3
COVER__TEST__8122.pgm,8122.pgm,COVER,0,UNKNOWN_OR_COVER,UNKNOWN,,HUGO,S-UNIWARD,MiPOD,HILL,WOW,,,0,0,0.8162130608112784,0.7765575187991606,0.03965554201211785,0.440231391039181,0.2,1,0.7765575187991606,0.2,1,0.6735471235763184,0.2,1,0.8162130608112784,0.2,1,0.7703033473313544,0.2,1
COVER__TEST__6670.pgm,6670.pgm,COVER,0,UNKNOWN_OR_COVER,UNKNOWN,,HUGO,S-UNIWARD,MiPOD,HILL,WOW,,,0,0,0.8187920750751813,0.7785277754716204,0.040264299603560816,0.4405303677084058,0.0,0,0.7785277754716204,0.2,1,0.6766162847345949,0.2,1,0.8187920750751813,0.2,1,0.7730026261490842,0.0,0
COVER__TEST__3935.pgm,3935.pgm,COVER,0,MULTI_CANDIDATE,WOW,S-UNIWARD,WOW,S-UNIWARD,HILL,HUGO,MiPOD,,"WOW,S-UNIWARD,HILL,HUGO,MiPOD",5,0,1.0,1.0,0.0,1.0,1.0,5,1.0,1.0,5,1.0,1.0,5,1.0,1.0,5,1.0,1.0,5
COVER__TEST__5452.pgm,5452.pgm,COVER,0,UNKNOWN_OR_COVER,UNKNOWN,,HUGO,S-UNIWARD,MiPOD,HILL,WOW,,,0,0,0.8192934672818313,0.7795429290137804,0.03975053826805086,0.4399969605926988,0.2,1,0.7795429290137804,0.2,1,0.6765659227935867,0.4,2,0.8192934672818313,0.2,1,0.7726096388224601,0.4,2
COVER__TEST__7734.pgm,7734.pgm,COVER,0,UNKNOWN_OR_COVER,UNKNOWN,,HUGO,S-UNIWARD,MiPOD,HILL,WOW,,,0,0,0.8134748622209524,0.7743183750652727,0.039156487155679764,0.4386024394226147,0.2,1,0.7743183750652727,0.2,1,0.674410552242603,0.2,1,0.8134748622209524,0.0,0,0.7692768105289145,0.2,1
COVER__TEST__4686.pgm,4686.pgm,COVER,0,MULTI_CANDIDATE,MiPOD,HILL,MiPOD,HILL,S-UNIWARD,HUGO,WOW,,"MiPOD,HILL,S-UNIWARD",3,0,1.0,0.9801932191010255,0.019806780898974474,0.832749393235316,0.8,4,0.9207406665371642,0.8,4,0.9801932191010255,0.8,4,0.8423632062541675,0.8,4,1.0,1.0,5
COVER__TEST__7254.pgm,7254.pgm,COVER,0,UNKNOWN_OR_COVER,UNKNOWN,,HUGO,S-UNIWARD,MiPOD,HILL,WOW,,,0,0,0.8165478015400133,0.7774250996146219,0.03912270192539136,0.43936374916816423,0.2,1,0.7774250996146219,0.2,1,0.675291498016738,0.2,1,0.8165478015400133,0.2,1,0.7711677913823646,0.2,1
COVER__TEST__5409.pgm,5409.pgm,COVER,0,UNKNOWN_OR_COVER,UNKNOWN,,HUGO,S-UNIWARD,MiPOD,HILL,WOW,,,0,0,0.8126339820727093,0.7742715626460951,0.038362419426614225,0.4382089948086472,0.2,1,0.7742715626460951,0.2,1,0.673771677071483,0.2,1,0.8126339820727093,0.0,0,0.768980330989702,0.2,1
COVER__TEST__6093.pgm,6093.pgm,COVER,0,UNKNOWN_OR_COVER,UNKNOWN,,HUGO,S-UNIWARD,MiPOD,HILL,WOW,,,0,0,0.8137332481347848,0.7758927518670741,0.03784049626771069,0.43837883476512607,0.2,1,0.7758927518670741,0.2,1,0.6742970224423479,0.2,1,0.8137332481347848,0.2,1,0.7698688730243484,0.2,1
COVER__TEST__7511.pgm,7511.pgm,COVER,0,MULTI_CANDIDATE,S-UNIWARD,HILL,S-UNIWARD,HILL,MiPOD,HUGO,WOW,,"S-UNIWARD,HILL,MiPOD,HUGO,WOW",5,0,1.0,1.0,0.0,0.9789605940165107,0.8,4,1.0,1.0,5,1.0,1.0,5,0.9811805134666368,0.8,4,1.0,1.0,5
COVER__TEST__2087.pgm,2087.pgm,COVER,0,UNKNOWN_OR_COVER,UNKNOWN,,HUGO,S-UNIWARD,MiPOD,HILL,WOW,,,0,0,0.815662302365563,0.7760583227445289,0.039603979621034124,0.4391694712405063,0.2,1,0.7760583227445289,0.2,1,0.6743377643103596,0.2,1,0.815662302365563,0.0,0,0.769686906345297,0.2,1
COVER__TEST__3327.pgm,3327.pgm,COVER,0,MULTI_CANDIDATE,S-UNIWARD,MiPOD,S-UNIWARD,MiPOD,HILL,WOW,HUGO,,"S-UNIWARD,MiPOD,HILL",3,0,0.998725745682,0.9985258487838145,0.00019989689818555867,0.8859798097903641,0.6,3,0.998725745682,0.8,4,0.9414545960651317,0.6,3,0.8335703245764161,0.8,4,0.9985258487838145,0.8,4
COVER__TEST__9058.pgm,9058.pgm,COVER,0,MULTI_CANDIDATE,S-UNIWARD,HILL,S-UNIWARD,HILL,WOW,MiPOD,HUGO,,"S-UNIWARD,HILL,WOW,MiPOD",4,0,1.0,0.9120037827793546,0.08799621722064543,0.9081477737545841,0.8,4,1.0,1.0,5,0.9120037827793546,0.8,4,0.8604843976938727,0.8,4,0.9006841554075212,0.8,4
COVER__TEST__5239.pgm,5239.pgm,COVER,0,UNKNOWN_OR_COVER,UNKNOWN,,HUGO,S-UNIWARD,MiPOD,HILL,WOW,,,0,0,0.8136897376308951,0.7747032182484784,0.03898651938241671,0.4384941548565939,0.2,1,0.7747032182484784,0.2,1,0.6746364470321493,0.2,1,0.8136897376308951,0.2,1,0.7698443414719968,0.2,1
COVER__TEST__7859.pgm,7859.pgm,COVER,0,UNKNOWN_OR_COVER,UNKNOWN,,HUGO,S-UNIWARD,MiPOD,HILL,WOW,,,0,0,0.8067343147380205,0.7710992812739776,0.03563503346404284,0.43580163557442014,0.0,0,0.7710992812739776,0.0,0,0.6688665915118713,0.2,1,0.8067343147380205,0.0,0,0.7633995511595469,0.0,0
COVER__TEST__1135.pgm,1135.pgm,COVER,0,MULTI_CANDIDATE,WOW,S-UNIWARD,WOW,S-UNIWARD,HILL,HUGO,MiPOD,,"WOW,S-UNIWARD,HILL,HUGO,MiPOD",5,0,1.0,1.0,0.0,1.0,1.0,5,1.0,1.0,5,1.0,1.0,5,1.0,1.0,5,1.0,1.0,5
COVER__TEST__4763.pgm,4763.pgm,COVER,0,MULTI_CANDIDATE,S-UNIWARD,MiPOD,S-UNIWARD,MiPOD,HILL,HUGO,WOW,,"S-UNIWARD,MiPOD,HILL,HUGO",4,0,1.0,1.0,0.0,0.828356815447739,0.8,4,1.0,1.0,5,0.9973630604320036,0.8,4,0.9230865646537214,0.8,4,1.0,1.0,5
COVER__TEST__7775.pgm,7775.pgm,COVER,0,UNKNOWN_OR_COVER,UNKNOWN,,HUGO,S-UNIWARD,MiPOD,HILL,WOW,,,0,0,0.8243774609356977,0.7862939332154024,0.03808352772029533,0.4418472502539597,0.2,1,0.7862939332154024,0.2,1,0.6781958998097612,0.4,2,0.8243774609356977,0.4,2,0.774725357135552,0.4,2
COVER__TEST__4743.pgm,4743.pgm,COVER,0,SINGLE_CANDIDATE,S-UNIWARD,HUGO,S-UNIWARD,HUGO,MiPOD,HILL,WOW,,S-UNIWARD,1,0,0.9499299697664416,0.8537853249351424,0.09614464483129925,0.5380472391679147,0.4,2,0.9499299697664416,0.4,2,0.6825332762025976,0.6,3,0.8537853249351424,0.6,3,0.7784523615347456,0.6,3
COVER__TEST__7799.pgm,7799.pgm,COVER,0,UNKNOWN_OR_COVER,UNKNOWN,,HUGO,S-UNIWARD,MiPOD,HILL,WOW,,,0,0,0.8158173774296907,0.7760914983753994,0.03972587905429137,0.4391920551465927,0.0,0,0.7760914983753994,0.0,0,0.6756996483286614,0.2,1,0.8158173774296907,0.0,0,0.7708184759082647,0.0,0
COVER__TEST__4421.pgm,4421.pgm,COVER,0,MULTI_CANDIDATE,WOW,S-UNIWARD,WOW,S-UNIWARD,HILL,HUGO,MiPOD,,"WOW,S-UNIWARD,HILL,HUGO,MiPOD",5,0,1.0,1.0,0.0,1.0,1.0,5,1.0,1.0,5,1.0,1.0,5,1.0,1.0,5,1.0,1.0,5
COVER__TEST__3107.pgm,3107.pgm,COVER,0,UNKNOWN_OR_COVER,UNKNOWN,,MiPOD,S-UNIWARD,HUGO,HILL,WOW,,,0,0,0.862423476059587,0.8379630739269018,0.02446040213268519,0.6450192532384001,0.2,1,0.8379630739269018,0.8,4,0.7324933819941772,0.6,3,0.8362394570754208,0.6,3,0.862423476059587,0.4,2
COVER__TEST__8336.pgm,8336.pgm,COVER,0,SINGLE_CANDIDATE,S-UNIWARD,HILL,S-UNIWARD,HILL,MiPOD,WOW,HUGO,,S-UNIWARD,1,0,0.9446580315621459,0.8390896603606157,0.10556837120153018,0.8176163612426104,0.4,2,0.9446580315621459,0.6,3,0.8390896603606157,0.6,3,0.8152617529892296,0.6,3,0.8345030719412586,0.6,3
COVER__TEST__4549.pgm,4549.pgm,COVER,0,MULTI_CANDIDATE,S-UNIWARD,MiPOD,S-UNIWARD,MiPOD,HILL,HUGO,WOW,,"S-UNIWARD,MiPOD",2,0,0.9594460517889332,0.9195878108864243,0.03985824090250889,0.8097611118532863,0.4,2,0.9594460517889332,0.6,3,0.8843822622776344,0.4,2,0.832857645496448,0.8,4,0.9195878108864243,0.6,3
COVER__TEST__9636.pgm,9636.pgm,COVER,0,MULTI_CANDIDATE,HILL,HUGO,HILL,HUGO,MiPOD,S-UNIWARD,WOW,,"HILL,HUGO,MiPOD",3,0,1.0,1.0,0.0,0.8238647748395799,0.6,3,0.8667086825222887,0.8,4,1.0,1.0,5,1.0,1.0,5,1.0,1.0,5
COVER__TEST__2161.pgm,2161.pgm,COVER,0,UNKNOWN_OR_COVER,UNKNOWN,,HUGO,S-UNIWARD,MiPOD,HILL,WOW,,,0,0,0.8082078532777892,0.7654860976536427,0.042721755624146485,0.4311025329592578,0.0,0,0.7654860976536427,0.0,0,0.667689069791585,0.0,0,0.8082078532777892,0.0,0,0.7600088364933948,0.0,0
COVER__TEST__358.pgm,358.pgm,COVER,0,MULTI_CANDIDATE,HUGO,HILL,HUGO,HILL,MiPOD,S-UNIWARD,WOW,,"HUGO,HILL,MiPOD,S-UNIWARD",4,0,1.0,0.9984109779609589,0.0015890220390410992,0.8207170717003631,0.6,3,0.9299777146803088,0.8,4,0.9984109779609589,0.8,4,1.0,1.0,5,0.9783586343591045,0.8,4
COVER__TEST__3504.pgm,3504.pgm,COVER,0,UNKNOWN_OR_COVER,UNKNOWN,,HUGO,S-UNIWARD,MiPOD,HILL,WOW,,,0,0,0.8181054917483024,0.778745536835832,0.03935995491247035,0.439194461908152,0.0,0,0.778745536835832,0.0,0,0.6757103795276432,0.0,0,0.8181054917483024,0.2,1,0.7705668095089359,0.0,0
COVER__TEST__3653.pgm,3653.pgm,COVER,0,SINGLE_CANDIDATE,HUGO,S-UNIWARD,HUGO,S-UNIWARD,MiPOD,HILL,WOW,,HUGO,1,0,0.9901435150453656,0.7850108136024203,0.20513270144294526,0.4460811687550291,0.2,1,0.7850108136024203,0.4,2,0.6806023481596221,0.6,3,0.9901435150453656,0.8,4,0.7783998937423983,0.6,3
COVER__TEST__7074.pgm,7074.pgm,COVER,0,UNKNOWN_OR_COVER,UNKNOWN,,HUGO,S-UNIWARD,MiPOD,HILL,WOW,,,0,0,0.8259617268696242,0.7890858716455578,0.036875855224066445,0.4436151923949014,0.2,1,0.7890858716455578,0.2,1,0.6802643604134457,0.4,2,0.8259617268696242,0.4,2,0.7783001127132019,0.4,2
COVER__TEST__9527.pgm,9527.pgm,COVER,0,UNKNOWN_OR_COVER,UNKNOWN,,HUGO,S-UNIWARD,MiPOD,HILL,WOW,,,0,0,0.8277299241274603,0.7839594431114035,0.04377048101605674,0.4437462808981663,0.2,1,0.7839594431114035,0.2,1,0.6811216866225298,0.6,3,0.8277299241274603,0.6,3,0.7786166937487137,0.6,3
COVER__TEST__4599.pgm,4599.pgm,COVER,0,SINGLE_CANDIDATE,S-UNIWARD,HILL,S-UNIWARD,HILL,WOW,MiPOD,HUGO,,S-UNIWARD,1,0,1.0,0.869137563345966,0.13086243665403396,0.8667573306288455,0.8,4,1.0,1.0,5,0.869137563345966,0.8,4,0.8324923937136394,0.6,3,0.862150197070895,0.8,4
COVER__TEST__3144.pgm,3144.pgm,COVER,0,MULTI_CANDIDATE,S-UNIWARD,HILL,S-UNIWARD,HILL,HUGO,MiPOD,WOW,,"S-UNIWARD,HILL,HUGO,MiPOD",4,0,1.0,1.0,0.0,0.8794414195495506,0.8,4,1.0,1.0,5,1.0,1.0,5,1.0,1.0,5,1.0,1.0,5
COVER__TEST__7349.pgm,7349.pgm,COVER,0,SINGLE_CANDIDATE,MiPOD,S-UNIWARD,MiPOD,S-UNIWARD,HILL,HUGO,WOW,,MiPOD,1,0,0.940543496437155,0.8486306455841952,0.09191285085295975,0.6491892778433217,0.4,2,0.8486306455841952,0.6,3,0.8375316133160219,0.8,4,0.8339795790088808,0.8,4,0.940543496437155,0.8,4
COVER__TEST__6525.pgm,6525.pgm,COVER,0,UNKNOWN_OR_COVER,UNKNOWN,,S-UNIWARD,HUGO,MiPOD,HILL,WOW,,,0,0,0.8422739414550087,0.8348672329101057,0.007406708544902996,0.4752528533230807,0.2,1,0.8422739414550087,0.8,4,0.6985820727536847,0.6,3,0.8348672329101057,0.8,4,0.8044561909892318,0.6,3
COVER__TEST__6284.pgm,6284.pgm,COVER,0,SINGLE_CANDIDATE,HUGO,S-UNIWARD,HUGO,S-UNIWARD,MiPOD,HILL,WOW,,HUGO,1,0,0.9819155690154201,0.8985236625612053,0.08339190645421479,0.6707306141670274,0.6,3,0.8985236625612053,0.6,3,0.8028053122771593,0.6,3,0.9819155690154201,0.8,4,0.8373027302593055,0.8,4
COVER__TEST__5323.pgm,5323.pgm,COVER,0,SINGLE_CANDIDATE,HUGO,S-UNIWARD,HUGO,S-UNIWARD,MiPOD,HILL,WOW,,HUGO,1,0,0.9220534777315648,0.7805749086682929,0.14147856906327183,0.4395913839909298,0.2,1,0.7805749086682929,0.2,1,0.6755565559928856,0.4,2,0.9220534777315648,0.2,1,0.7714412499846838,0.4,2
COVER__TEST__1825.pgm,1825.pgm,COVER,0,MULTI_CANDIDATE,WOW,S-UNIWARD,WOW,S-UNIWARD,HILL,HUGO,MiPOD,,"WOW,S-UNIWARD,HILL,HUGO,MiPOD",5,0,1.0,1.0,0.0,1.0,1.0,5,1.0,1.0,5,1.0,1.0,5,1.0,1.0,5,1.0,1.0,5
COVER__TEST__5781.pgm,5781.pgm,COVER,0,UNKNOWN_OR_COVER,UNKNOWN,,HUGO,S-UNIWARD,MiPOD,HILL,WOW,,,0,0,0.8152649203668403,0.775243869617972,0.0400210507488683,0.4385741703075444,0.0,0,0.775243869617972,0.0,0,0.6752396354042005,0.0,0,0.8152649203668403,0.0,0,0.7702536407942489,0.0,0
COVER__TEST__1676.pgm,1676.pgm,COVER,0,SINGLE_CANDIDATE,MiPOD,HILL,MiPOD,HILL,S-UNIWARD,HUGO,WOW,,MiPOD,1,0,0.9161371637711733,0.8199010976586092,0.09623606611256408,0.5875696814265072,0.2,1,0.8139542846777477,0.4,2,0.8199010976586092,0.4,2,0.8134021141232172,0.4,2,0.9161371637711733,0.4,2
COVER__TEST__1424.pgm,1424.pgm,COVER,0,MULTI_CANDIDATE,WOW,S-UNIWARD,WOW,S-UNIWARD,HILL,MiPOD,HUGO,,"WOW,S-UNIWARD,HILL,MiPOD,HUGO",5,0,1.0,1.0,0.0,1.0,1.0,5,1.0,1.0,5,1.0,1.0,5,0.940591645536529,0.8,4,1.0,1.0,5
COVER__TEST__5413.pgm,5413.pgm,COVER,0,UNKNOWN_OR_COVER,UNKNOWN,,HUGO,S-UNIWARD,MiPOD,HILL,WOW,,,0,0,0.8170187671903907,0.779600145594394,0.03741862159599674,0.43992172262083,0.2,1,0.779600145594394,0.2,1,0.6764352545165003,0.4,2,0.8170187671903907,0.2,1,0.7724166819216084,0.4,2
COVER__TEST__3450.pgm,3450.pgm,COVER,0,MULTI_CANDIDATE,WOW,S-UNIWARD,WOW,S-UNIWARD,HILL,HUGO,MiPOD,,"WOW,S-UNIWARD,HILL,HUGO,MiPOD",5,0,1.0,1.0,0.0,1.0,1.0,5,1.0,1.0,5,1.0,1.0,5,1.0,1.0,5,1.0,1.0,5
COVER__TEST__7540.pgm,7540.pgm,COVER,0,UNKNOWN_OR_COVER,UNKNOWN,,HUGO,S-UNIWARD,MiPOD,HILL,WOW,,,0,0,0.8153070562402928,0.7780518998900974,0.037255156350195384,0.43950323267953867,0.2,1,0.7780518998900974,0.2,1,0.6758293826071713,0.4,2,0.8153070562402928,0.2,1,0.7722397711174505,0.4,2
COVER__TEST__248.pgm,248.pgm,COVER,0,UNKNOWN_OR_COVER,UNKNOWN,,HUGO,S-UNIWARD,MiPOD,HILL,WOW,,,0,0,0.8121325704448432,0.7736834441253071,0.03844912631953612,0.4379578863131325,0.2,1,0.7736834441253071,0.2,1,0.6732242939933062,0.2,1,0.8121325704448432,0.0,0,0.7680849714117888,0.2,1
COVER__TEST__9796.pgm,9796.pgm,COVER,0,MULTI_CANDIDATE,HILL,MiPOD,HILL,MiPOD,WOW,S-UNIWARD,HUGO,,"HILL,MiPOD",2,0,1.0,1.0,0.0,0.8836896766931268,0.8,4,0.8795979647083829,0.8,4,1.0,1.0,5,0.8339136978166225,0.8,4,1.0,1.0,5
COVER__TEST__7398.pgm,7398.pgm,COVER,0,MULTI_CANDIDATE,S-UNIWARD,MiPOD,S-UNIWARD,MiPOD,HILL,HUGO,WOW,,"S-UNIWARD,MiPOD,HILL",3,0,0.9664131583839968,0.9635330578100506,0.002880100573946165,0.8172551741773144,0.6,3,0.9664131583839968,0.8,4,0.9182824601613152,0.6,3,0.8607269016793122,0.8,4,0.9635330578100506,0.8,4
COVER__TEST__233.pgm,233.pgm,COVER,0,UNKNOWN_OR_COVER,UNKNOWN,,MiPOD,HUGO,S-UNIWARD,HILL,WOW,,,0,0,0.8448815635601447,0.8313622800275393,0.013519283532605342,0.5189749214063037,0.2,1,0.8254152863071834,0.4,2,0.7561520757020416,0.2,1,0.8313622800275393,0.4,2,0.8448815635601447,0.2,1
COVER__TEST__9327.pgm,9327.pgm,COVER,0,MULTI_CANDIDATE,WOW,S-UNIWARD,WOW,S-UNIWARD,HILL,HUGO,MiPOD,,"WOW,S-UNIWARD,HILL,HUGO,MiPOD",5,0,1.0,1.0,0.0,1.0,1.0,5,1.0,1.0,5,1.0,1.0,5,1.0,1.0,5,1.0,1.0,5
COVER__TEST__5235.pgm,5235.pgm,COVER,0,SINGLE_CANDIDATE,S-UNIWARD,HUGO,S-UNIWARD,HUGO,MiPOD,HILL,WOW,,S-UNIWARD,1,0,0.9446429710409097,0.8345017797538002,0.11014119128710942,0.5463975594315972,0.4,2,0.9446429710409097,0.4,2,0.6898396791746377,0.6,3,0.8345017797538002,0.8,4,0.7882600178511943,0.6,3
COVER__TEST__446.pgm,446.pgm,COVER,0,UNKNOWN_OR_COVER,UNKNOWN,,HUGO,S-UNIWARD,MiPOD,HILL,WOW,,,0,0,0.8126642694800713,0.7727278062431286,0.039936463236942665,0.4366237716078504,0.0,0,0.7727278062431286,0.0,0,0.6727446094772789,0.0,0,0.8126642694800713,0.0,0,0.7677199850564984,0.0,0
COVER__TEST__2006.pgm,2006.pgm,COVER,0,MULTI_CANDIDATE,WOW,S-UNIWARD,WOW,S-UNIWARD,HILL,HUGO,MiPOD,,"WOW,S-UNIWARD,HILL,HUGO,MiPOD",5,0,1.0,1.0,0.0,1.0,1.0,5,1.0,1.0,5,1.0,1.0,5,1.0,1.0,5,1.0,1.0,5
COVER__TEST__1527.pgm,1527.pgm,COVER,0,UNKNOWN_OR_COVER,UNKNOWN,,HUGO,S-UNIWARD,MiPOD,HILL,WOW,,,0,0,0.8044343011163022,0.7730600515183481,0.031374249597954096,0.43437537466265175,0.2,1,0.7730600515183481,0.2,1,0.6672025398186713,0.4,2,0.8044343011163022,0.2,1,0.7632045240270806,0.4,2
COVER__TEST__8977.pgm,8977.pgm,COVER,0,MULTI_CANDIDATE,S-UNIWARD,MiPOD,S-UNIWARD,MiPOD,HUGO,HILL,WOW,,"S-UNIWARD,MiPOD,HUGO",3,0,1.0,0.9668921786649921,0.03310782133500789,0.7124323962774046,0.4,2,1.0,1.0,5,0.8396581159308832,0.6,3,0.9089811928167334,0.8,4,0.9668921786649921,0.6,3
COVER__TEST__8193.pgm,8193.pgm,COVER,0,UNKNOWN_OR_COVER,UNKNOWN,,HUGO,S-UNIWARD,MiPOD,HILL,WOW,,,0,0,0.8194388948227992,0.7796085953550387,0.03983029946776051,0.44076061562583463,0.2,1,0.7796085953550387,0.2,1,0.6782241225105496,0.4,2,0.8194388948227992,0.2,1,0.7739140137298062,0.4,2
COVER__TEST__5668.pgm,5668.pgm,COVER,0,UNKNOWN_OR_COVER,UNKNOWN,,HUGO,S-UNIWARD,MiPOD,HILL,WOW,,,0,0,0.8173244313277801,0.7774094307528616,0.03991500057491848,0.43992697482363335,0.2,1,0.7774094307528616,0.2,1,0.6764959730700121,0.2,1,0.8173244313277801,0.2,1,0.7723901385596451,0.2,1
COVER__TEST__6601.pgm,6601.pgm,COVER,0,UNKNOWN_OR_COVER,UNKNOWN,,HUGO,S-UNIWARD,MiPOD,HILL,WOW,,,0,0,0.8151366882020333,0.7752459973500126,0.03989069085202068,0.4394547573826825,0.2,1,0.7752459973500126,0.2,1,0.675393936965703,0.2,1,0.8151366882020333,0.0,0,0.7709634438739228,0.2,1
COVER__TEST__8867.pgm,8867.pgm,COVER,0,UNKNOWN_OR_COVER,UNKNOWN,,HUGO,S-UNIWARD,MiPOD,HILL,WOW,,,0,0,0.8129397053654357,0.7763399231045359,0.03659978226089977,0.4378184766980544,0.2,1,0.7763399231045359,0.2,1,0.6712048033432703,0.2,1,0.8129397053654357,0.0,0,0.7675634710812379,0.2,1
COVER__TEST__5843.pgm,5843.pgm,COVER,0,UNKNOWN_OR_COVER,UNKNOWN,,HUGO,S-UNIWARD,MiPOD,HILL,WOW,,,0,0,0.8130237455633527,0.7750006604530633,0.0380230851102894,0.4381779758824031,0.0,0,0.7750006604530633,0.0,0,0.6748299799696298,0.2,1,0.8130237455633527,0.2,1,0.7698975040926194,0.0,0
COVER__TEST__2181.pgm,2181.pgm,COVER,0,UNKNOWN_OR_COVER,UNKNOWN,,S-UNIWARD,HUGO,MiPOD,HILL,WOW,,,0,0,0.8606484299947965,0.8342976285963875,0.026350801398409063,0.5466971607703689,0.4,2,0.8606484299947965,0.2,1,0.6900782906301509,0.6,3,0.8342976285963875,0.8,4,0.788907041383935,0.6,3
COVER__TEST__686.pgm,686.pgm,COVER,0,MULTI_CANDIDATE,MiPOD,HILL,MiPOD,HILL,S-UNIWARD,HUGO,WOW,,"MiPOD,HILL",2,0,0.9893677670509792,0.9412971121287708,0.04807065492220841,0.7394255342222197,0.6,3,0.8374394287241479,0.6,3,0.9412971121287708,0.6,3,0.8338992787739116,0.6,3,0.9893677670509792,0.6,3
COVER__TEST__5990.pgm,5990.pgm,COVER,0,UNKNOWN_OR_COVER,UNKNOWN,,HUGO,S-UNIWARD,MiPOD,HILL,WOW,,,0,0,0.8160008948994342,0.7781625694393591,0.03783832546007504,0.4392773837507722,0.2,1,0.7781625694393591,0.2,1,0.6753473036118864,0.4,2,0.8160008948994342,0.2,1,0.7716879478861162,0.2,1
COVER__TEST__9843.pgm,9843.pgm,COVER,0,UNKNOWN_OR_COVER,UNKNOWN,,HUGO,S-UNIWARD,MiPOD,HILL,WOW,,,0,0,0.8179287533092697,0.7778825817006638,0.04004617160860591,0.44000000144176565,0.2,1,0.7778825817006638,0.2,1,0.6758716276475771,0.2,1,0.8179287533092697,0.0,0,0.7718748487492777,0.2,1
COVER__TEST__7921.pgm,7921.pgm,COVER,0,UNKNOWN_OR_COVER,UNKNOWN,,HUGO,S-UNIWARD,MiPOD,HILL,WOW,,,0,0,0.8152303259676597,0.7751439774377462,0.04008634852991344,0.43934787173558193,0.2,1,0.7751439774377462,0.2,1,0.6756738437587032,0.2,1,0.8152303259676597,0.0,0,0.7710831325249743,0.2,1
COVER__TEST__210.pgm,210.pgm,COVER,0,UNKNOWN_OR_COVER,UNKNOWN,,HUGO,S-UNIWARD,MiPOD,HILL,WOW,,,0,0,0.8286047250994629,0.7974282270697297,0.031176498029733213,0.4543239833041276,0.0,0,0.7974282270697297,0.6,3,0.6846341763605914,0.6,3,0.8286047250994629,0.6,3,0.7903859111837255,0.4,2
COVER__TEST__3274.pgm,3274.pgm,COVER,0,SINGLE_CANDIDATE,S-UNIWARD,HILL,S-UNIWARD,HILL,WOW,MiPOD,HUGO,,S-UNIWARD,1,0,1.0,0.8699436116523017,0.13005638834769828,0.8675356287158001,0.8,4,1.0,1.0,5,0.8699436116523017,0.8,4,0.7603793752457336,0.6,3,0.8628747823565627,0.8,4
COVER__TEST__7043.pgm,7043.pgm,COVER,0,UNKNOWN_OR_COVER,UNKNOWN,,HUGO,S-UNIWARD,MiPOD,HILL,WOW,,,0,0,0.8310779381813141,0.805384239532479,0.025693698648835195,0.44809775404445656,0.2,1,0.805384239532479,0.2,1,0.6853484746112166,0.4,2,0.8310779381813141,0.6,3,0.7820281223601444,0.4,2
COVER__TEST__3122.pgm,3122.pgm,COVER,0,UNKNOWN_OR_COVER,UNKNOWN,,HUGO,MiPOD,S-UNIWARD,HILL,WOW,,,0,0,0.8723758049900301,0.8556648042610554,0.01671100072897469,0.4959495273144732,0.2,1,0.8361079597144739,0.6,3,0.7226491335358742,0.4,2,0.8723758049900301,0.6,3,0.8556648042610554,0.4,2
COVER__TEST__1223.pgm,1223.pgm,COVER,0,UNKNOWN_OR_COVER,UNKNOWN,,MiPOD,S-UNIWARD,HUGO,WOW,HILL,,,0,0,0.8808190732672045,0.8608679860931121,0.01995108717409244,0.8041316899298941,0.4,2,0.8608679860931121,0.8,4,0.770351988203935,0.6,3,0.845235076159353,0.8,4,0.8808190732672045,0.8,4
COVER__TEST__7736.pgm,7736.pgm,COVER,0,UNKNOWN_OR_COVER,UNKNOWN,,HUGO,S-UNIWARD,MiPOD,HILL,WOW,,,0,0,0.8169247760321868,0.778348877249439,0.03857589878274781,0.43960466833417355,0.2,1,0.778348877249439,0.2,1,0.6763298225249974,0.4,2,0.8169247760321868,0.2,1,0.7718913852964143,0.4,2
COVER__TEST__8754.pgm,8754.pgm,COVER,0,SINGLE_CANDIDATE,MiPOD,HILL,MiPOD,HILL,S-UNIWARD,HUGO,WOW,,MiPOD,1,0,0.9772289082261043,0.843264412126653,0.13396449609945127,0.6203018611494276,0.4,2,0.8368083808708476,0.8,4,0.843264412126653,0.6,3,0.8296780184923007,0.6,3,0.9772289082261043,0.6,3
COVER__TEST__2468.pgm,2468.pgm,COVER,0,UNKNOWN_OR_COVER,UNKNOWN,,HUGO,S-UNIWARD,MiPOD,HILL,WOW,,,0,0,0.8155339073733854,0.7765302758431973,0.03900363153018804,0.4390399362826079,0.0,0,0.7765302758431973,0.0,0,0.6756792479548233,0.2,1,0.8155339073733854,0.2,1,0.7711773026635764,0.0,0
COVER__TEST__7490.pgm,7490.pgm,COVER,0,MULTI_CANDIDATE,HUGO,HILL,HUGO,HILL,WOW,S-UNIWARD,MiPOD,,"HUGO,HILL,WOW,S-UNIWARD,MiPOD",5,0,0.9953743993684462,0.9872149362906079,0.008159463077838325,0.9807695960887457,0.8,4,0.9772767430990307,0.8,4,0.9872149362906079,0.8,4,0.9953743993684462,0.8,4,0.9682941171480438,0.8,4
COVER__TEST__2478.pgm,2478.pgm,COVER,0,UNKNOWN_OR_COVER,UNKNOWN,,HUGO,S-UNIWARD,MiPOD,HILL,WOW,,,0,0,0.8181990647753832,0.7780753022320889,0.040123762543294306,0.4400850043607658,0.2,1,0.7780753022320889,0.2,1,0.6767734903142216,0.2,1,0.8181990647753832,0.2,1,0.7729724443546633,0.2,1
COVER__TEST__5894.pgm,5894.pgm,COVER,0,SINGLE_CANDIDATE,S-UNIWARD,HILL,S-UNIWARD,HILL,WOW,MiPOD,HUGO,,S-UNIWARD,1,0,0.941917917140714,0.8361221904760768,0.10579572666463721,0.8343704814533652,0.6,3,0.941917917140714,0.6,3,0.8361221904760768,0.6,3,0.8151319966223823,0.6,3,0.8315327790593832,0.6,3
COVER__TEST__8404.pgm,8404.pgm,COVER,0,UNKNOWN_OR_COVER,UNKNOWN,,HUGO,S-UNIWARD,MiPOD,HILL,WOW,,,0,0,0.8219487898908154,0.7784198109526926,0.0435289789381228,0.4414804343468651,0.2,1,0.7784198109526926,0.2,1,0.6795096735701961,0.2,1,0.8219487898908154,0.2,1,0.7752888031910641,0.2,1
COVER__TEST__9316.pgm,9316.pgm,COVER,0,UNKNOWN_OR_COVER,UNKNOWN,,HUGO,S-UNIWARD,MiPOD,HILL,WOW,,,0,0,0.8165280651593243,0.7790628010635118,0.03746526409581252,0.4387254774400618,0.0,0,0.7790628010635118,0.0,0,0.6747737643724372,0.2,1,0.8165280651593243,0.2,1,0.7706215980133578,0.2,1
COVER__TEST__1543.pgm,1543.pgm,COVER,0,UNKNOWN_OR_COVER,UNKNOWN,,HUGO,S-UNIWARD,MiPOD,HILL,WOW,,,0,0,0.8789307188829347,0.7872748842397417,0.09165583464319305,0.44581849451812483,0.2,1,0.7872748842397417,0.6,3,0.6730870949524832,0.4,2,0.8789307188829347,0.4,2,0.7809815417113813,0.4,2
COVER__TEST__8301.pgm,8301.pgm,COVER,0,MULTI_CANDIDATE,WOW,S-UNIWARD,WOW,S-UNIWARD,HILL,HUGO,MiPOD,,"WOW,S-UNIWARD,HILL,HUGO,MiPOD",5,0,1.0,1.0,0.0,1.0,1.0,5,1.0,1.0,5,1.0,1.0,5,1.0,1.0,5,1.0,1.0,5
COVER__TEST__3240.pgm,3240.pgm,COVER,0,MULTI_CANDIDATE,S-UNIWARD,HUGO,S-UNIWARD,HUGO,MiPOD,HILL,WOW,,"S-UNIWARD,HUGO",2,0,0.9528929686270293,0.9266921245933183,0.026200844033711035,0.7383629633803631,0.6,3,0.9528929686270293,0.8,4,0.8343067225799402,0.6,3,0.9266921245933183,0.8,4,0.8923039160380479,0.8,4
COVER__TEST__6691.pgm,6691.pgm,COVER,0,UNKNOWN_OR_COVER,UNKNOWN,,MiPOD,HILL,S-UNIWARD,HUGO,WOW,,,0,0,0.8593200308612472,0.8500041906821016,0.009315840179145551,0.5994537690088665,0.4,2,0.8370205869743697,0.6,3,0.8500041906821016,0.6,3,0.8342576695563835,0.8,4,0.8593200308612472,0.8,4
COVER__TEST__662.pgm,662.pgm,COVER,0,MULTI_CANDIDATE,HILL,MiPOD,HILL,MiPOD,S-UNIWARD,HUGO,WOW,,"HILL,MiPOD",2,0,0.9979763093867625,0.9968597968263087,0.001116512560453864,0.7318668821377627,0.6,3,0.8375518454134975,0.8,4,0.9979763093867625,0.8,4,0.8308841701667493,0.6,3,0.9968597968263087,0.8,4
COVER__TEST__9805.pgm,9805.pgm,COVER,0,UNKNOWN_OR_COVER,UNKNOWN,,HUGO,S-UNIWARD,MiPOD,HILL,WOW,,,0,0,0.818582515784281,0.7787715912713746,0.039810924512906354,0.4397871517239154,0.2,1,0.7787715912713746,0.2,1,0.6757513710838303,0.2,1,0.818582515784281,0.0,0,0.7713944215064082,0.2,1
COVER__TEST__5690.pgm,5690.pgm,COVER,0,UNKNOWN_OR_COVER,UNKNOWN,,HUGO,S-UNIWARD,MiPOD,HILL,WOW,,,0,0,0.8158888224218412,0.7784464451239302,0.037442377297911,0.43905718837137675,0.2,1,0.7784464451239302,0.2,1,0.6749836467025548,0.4,2,0.8158888224218412,0.2,1,0.7710647025556885,0.4,2
COVER__TEST__1641.pgm,1641.pgm,COVER,0,MULTI_CANDIDATE,HUGO,MiPOD,HUGO,MiPOD,S-UNIWARD,HILL,WOW,,"HUGO,MiPOD,S-UNIWARD",3,0,1.0,0.978007430368776,0.02199256963122398,0.7076844716569877,0.4,2,0.9647557274553329,0.6,3,0.7795433200692738,0.4,2,1.0,1.0,5,0.978007430368776,0.6,3
COVER__TEST__7055.pgm,7055.pgm,COVER,0,UNKNOWN_OR_COVER,UNKNOWN,,HUGO,S-UNIWARD,MiPOD,HILL,WOW,,,0,0,0.8211829469050403,0.7837312795924909,0.03745166731254945,0.4552803618116628,0.2,1,0.7837312795924909,0.2,1,0.6798385298254374,0.6,3,0.8211829469050403,0.4,2,0.7767621728694929,0.6,3
COVER__TEST__4441.pgm,4441.pgm,COVER,0,SINGLE_CANDIDATE,HUGO,S-UNIWARD,HUGO,S-UNIWARD,MiPOD,WOW,HILL,,HUGO,1,0,0.9842756389846132,0.8812843724034973,0.1029912665811159,0.6843549927379929,0.4,2,0.8812843724034973,0.4,2,0.6804580799246476,0.6,3,0.9842756389846132,0.8,4,0.7816687150565578,0.6,3
COVER__TEST__6645.pgm,6645.pgm,COVER,0,UNKNOWN_OR_COVER,UNKNOWN,,HILL,MiPOD,S-UNIWARD,HUGO,WOW,,,0,0,0.8560113221807889,0.8489918088973404,0.00701951328344852,0.58749102288582,0.4,2,0.8356082902996352,0.6,3,0.8560113221807889,0.6,3,0.8313081927613153,0.6,3,0.8489918088973404,0.6,3
COVER__TEST__4519.pgm,4519.pgm,COVER,0,MULTI_CANDIDATE,WOW,S-UNIWARD,WOW,S-UNIWARD,HILL,HUGO,MiPOD,,"WOW,S-UNIWARD,HILL,HUGO,MiPOD",5,0,1.0,1.0,0.0,1.0,1.0,5,1.0,1.0,5,1.0,1.0,5,1.0,1.0,5,1.0,1.0,5
COVER__TEST__378.pgm,378.pgm,COVER,0,MULTI_CANDIDATE,WOW,S-UNIWARD,WOW,S-UNIWARD,HILL,HUGO,MiPOD,,"WOW,S-UNIWARD,HILL,HUGO,MiPOD",5,0,1.0,1.0,0.0,1.0,1.0,5,1.0,1.0,5,1.0,1.0,5,1.0,1.0,5,0.998773437330585,0.8,4
COVER__TEST__5743.pgm,5743.pgm,COVER,0,MULTI_CANDIDATE,MiPOD,S-UNIWARD,MiPOD,S-UNIWARD,HILL,HUGO,WOW,,"MiPOD,S-UNIWARD",2,0,0.9580237066962767,0.9044733203603241,0.05355038633595255,0.7820013341131843,0.6,3,0.9044733203603241,0.8,4,0.8421996378689862,0.8,4,0.8344886271005688,0.8,4,0.9580237066962767,0.8,4
COVER__TEST__7712.pgm,7712.pgm,COVER,0,UNKNOWN_OR_COVER,UNKNOWN,,HUGO,S-UNIWARD,MiPOD,HILL,WOW,,,0,0,0.825379428370596,0.7810024377421827,0.04437699062841327,0.44265577801785894,0.2,1,0.7810024377421827,0.2,1,0.6791299713882821,0.4,2,0.825379428370596,0.0,0,0.7749160742502793,0.2,1
COVER__TEST__6560.pgm,6560.pgm,COVER,0,UNKNOWN_OR_COVER,UNKNOWN,,MiPOD,S-UNIWARD,HUGO,HILL,WOW,,,0,0,0.868835925162937,0.8403912463556061,0.028444678807330814,0.55207062289126,0.2,1,0.8403912463556061,0.6,3,0.7779433329874418,0.6,3,0.8382276352239068,0.8,4,0.868835925162937,0.6,3
COVER__TEST__9010.pgm,9010.pgm,COVER,0,SINGLE_CANDIDATE,HUGO,MiPOD,HUGO,MiPOD,S-UNIWARD,HILL,WOW,,HUGO,1,0,0.9789562409131278,0.7770798639764146,0.20187637693671323,0.4416031899245728,0.2,1,0.77394914998202,0.2,1,0.6255909816343403,0.2,1,0.9789562409131278,0.6,3,0.7770798639764146,0.4,2
COVER__TEST__9136.pgm,9136.pgm,COVER,0,MULTI_CANDIDATE,HILL,MiPOD,HILL,MiPOD,S-UNIWARD,HUGO,WOW,,"HILL,MiPOD",2,0,1.0,1.0,0.0,0.7975493642136638,0.6,3,0.8587822856078496,0.8,4,1.0,1.0,5,0.8380772385273214,0.8,4,1.0,1.0,5
COVER__TEST__590.pgm,590.pgm,COVER,0,UNKNOWN_OR_COVER,UNKNOWN,,HUGO,S-UNIWARD,MiPOD,HILL,WOW,,,0,0,0.8106472802374824,0.7760748511905431,0.03457242904693936,0.4361298163356483,0.2,1,0.7760748511905431,0.2,1,0.6688927483424603,0.2,1,0.8106472802374824,0.0,0,0.7651513504784841,0.2,1
COVER__TEST__6087.pgm,6087.pgm,COVER,0,UNKNOWN_OR_COVER,UNKNOWN,,HUGO,S-UNIWARD,MiPOD,HILL,WOW,,,0,0,0.8149107821686193,0.7760898116692141,0.03882097049940525,0.43897105891022614,0.2,1,0.7760898116692141,0.2,1,0.6746096981240233,0.2,1,0.8149107821686193,0.0,0,0.7704113637726002,0.2,1
COVER__TEST__814.pgm,814.pgm,COVER,0,MULTI_CANDIDATE,WOW,S-UNIWARD,WOW,S-UNIWARD,HILL,MiPOD,HUGO,,"WOW,S-UNIWARD,HILL,MiPOD,HUGO",5,0,1.0,1.0,0.0,1.0,1.0,5,1.0,1.0,5,1.0,1.0,5,0.9485371823655608,0.8,4,1.0,1.0,5
COVER__TEST__8940.pgm,8940.pgm,COVER,0,MULTI_CANDIDATE,S-UNIWARD,HILL,S-UNIWARD,HILL,HUGO,MiPOD,WOW,,"S-UNIWARD,HILL,HUGO,MiPOD,WOW",5,0,1.0,1.0,0.0,0.9691398471762943,0.8,4,1.0,1.0,5,1.0,1.0,5,1.0,1.0,5,1.0,1.0,5
COVER__TEST__7583.pgm,7583.pgm,COVER,0,UNKNOWN_OR_COVER,UNKNOWN,,HUGO,S-UNIWARD,MiPOD,HILL,WOW,,,0,0,0.8193031183379462,0.7809993518862143,0.038303766451731946,0.44050819631103055,0.0,0,0.7809993518862143,0.0,0,0.6777621952206275,0.2,1,0.8193031183379462,0.4,2,0.7743929171535948,0.2,1
COVER__TEST__3189.pgm,3189.pgm,COVER,0,MULTI_CANDIDATE,HILL,MiPOD,HILL,MiPOD,S-UNIWARD,HUGO,WOW,,"HILL,MiPOD,S-UNIWARD",3,0,1.0,1.0,0.0,0.8269428840889932,0.8,4,0.9975320292310912,0.8,4,1.0,1.0,5,0.8630134754738048,0.8,4,1.0,1.0,5
COVER__TEST__8218.pgm,8218.pgm,COVER,0,MULTI_CANDIDATE,S-UNIWARD,HUGO,S-UNIWARD,HUGO,MiPOD,WOW,HILL,,"S-UNIWARD,HUGO,MiPOD,WOW,HILL",5,0,1.0,1.0,0.0,0.9551827028806124,0.8,4,1.0,1.0,5,0.9546701567329829,0.8,4,1.0,1.0,5,1.0,1.0,5
COVER__TEST__540.pgm,540.pgm,COVER,0,MULTI_CANDIDATE,HILL,MiPOD,HILL,MiPOD,S-UNIWARD,HUGO,WOW,,"HILL,MiPOD",2,0,1.0,1.0,0.0,0.7505992079937569,0.6,3,0.843772151368605,0.8,4,1.0,1.0,5,0.8348834284773157,0.8,4,1.0,1.0,5
COVER__TEST__5169.pgm,5169.pgm,COVER,0,UNKNOWN_OR_COVER,UNKNOWN,,HUGO,MiPOD,S-UNIWARD,HILL,WOW,,,0,0,0.832189837911098,0.8296682322003652,0.0025216057107327883,0.4994292401607561,0.2,1,0.826217768833111,0.4,2,0.7396737371415842,0.2,1,0.832189837911098,0.4,2,0.8296682322003652,0.2,1
COVER__TEST__1035.pgm,1035.pgm,COVER,0,UNKNOWN_OR_COVER,UNKNOWN,,HUGO,S-UNIWARD,MiPOD,HILL,WOW,,,0,0,0.8285143189196897,0.7934038200994012,0.035110498820288494,0.5153057503724952,0.2,1,0.7934038200994012,0.4,2,0.6823397912117756,0.6,3,0.8285143189196897,0.6,3,0.7828345302516218,0.6,3
COVER__TEST__4938.pgm,4938.pgm,COVER,0,MULTI_CANDIDATE,S-UNIWARD,HUGO,S-UNIWARD,HUGO,WOW,MiPOD,HILL,,"S-UNIWARD,HUGO",2,0,1.0,1.0,0.0,0.8659745798334761,0.8,4,1.0,1.0,5,0.807057437188582,0.6,3,1.0,1.0,5,0.8614214663722383,0.8,4
COVER__TEST__8485.pgm,8485.pgm,COVER,0,UNKNOWN_OR_COVER,UNKNOWN,,S-UNIWARD,HUGO,MiPOD,HILL,WOW,,,0,0,0.834152535415621,0.8202480708179193,0.013904464597701671,0.5595732724393467,0.4,2,0.834152535415621,0.6,3,0.6867363204567531,0.6,3,0.8202480708179193,0.6,3,0.8061210111598985,0.6,3
COVER__TEST__6009.pgm,6009.pgm,COVER,0,UNKNOWN_OR_COVER,UNKNOWN,,HUGO,S-UNIWARD,MiPOD,HILL,WOW,,,0,0,0.8222118082893125,0.7864396345194741,0.03577217376983843,0.44142306758459393,0.2,1,0.7864396345194741,0.4,2,0.6769881193258128,0.4,2,0.8222118082893125,0.4,2,0.7741184987201298,0.4,2
COVER__TEST__7116.pgm,7116.pgm,COVER,0,MULTI_CANDIDATE,MiPOD,HILL,MiPOD,HILL,HUGO,S-UNIWARD,WOW,,"MiPOD,HILL",2,0,0.9549249156461622,0.944016964105532,0.010907951540630179,0.7487412549866843,0.4,2,0.8546735295119507,0.6,3,0.944016964105532,0.6,3,0.883224018541441,0.8,4,0.9549249156461622,0.8,4
COVER__TEST__9372.pgm,9372.pgm,COVER,0,UNKNOWN_OR_COVER,UNKNOWN,,HILL,MiPOD,HUGO,S-UNIWARD,WOW,,,0,0,0.8460204395140026,0.8413693981486163,0.004651041365386299,0.6272864302813982,0.4,2,0.8185827543792052,0.6,3,0.8460204395140026,0.8,4,0.8344820900579286,0.8,4,0.8413693981486163,0.8,4
COVER__TEST__2026.pgm,2026.pgm,COVER,0,UNKNOWN_OR_COVER,UNKNOWN,,HUGO,S-UNIWARD,MiPOD,HILL,WOW,,,0,0,0.8341598872510655,0.8181342845930256,0.016025602658039872,0.4710179115379932,0.2,1,0.8181342845930256,0.6,3,0.688897305744255,0.6,3,0.8341598872510655,0.8,4,0.7932010951120096,0.6,3
COVER__TEST__301.pgm,301.pgm,COVER,0,MULTI_CANDIDATE,S-UNIWARD,HILL,S-UNIWARD,HILL,HUGO,MiPOD,WOW,,"S-UNIWARD,HILL,HUGO,MiPOD",4,0,1.0,1.0,0.0,0.8393068021111956,0.8,4,1.0,1.0,5,1.0,1.0,5,1.0,1.0,5,1.0,1.0,5
COVER__TEST__8493.pgm,8493.pgm,COVER,0,UNKNOWN_OR_COVER,UNKNOWN,,HUGO,S-UNIWARD,MiPOD,HILL,WOW,,,0,0,0.8126259373226725,0.7750757258724221,0.03755021145025039,0.43738922561514626,0.0,0,0.7750757258724221,0.0,0,0.6723304659026468,0.0,0,0.8126259373226725,0.2,1,0.7687158243753003,0.0,0
COVER__TEST__3808.pgm,3808.pgm,COVER,0,SINGLE_CANDIDATE,S-UNIWARD,HUGO,S-UNIWARD,HUGO,MiPOD,HILL,WOW,,S-UNIWARD,1,0,0.9000112906554504,0.8178552555970097,0.08215603505844071,0.5500530218406292,0.2,1,0.9000112906554504,0.4,2,0.6790751985921938,0.4,2,0.8178552555970097,0.6,3,0.7905435628229307,0.4,2
COVER__TEST__6654.pgm,6654.pgm,COVER,0,UNKNOWN_OR_COVER,UNKNOWN,,HUGO,S-UNIWARD,MiPOD,HILL,WOW,,,0,0,0.8131695413117559,0.7753836966866634,0.03778584462509249,0.4382526949815554,0.2,1,0.7753836966866634,0.2,1,0.6730299840738454,0.2,1,0.8131695413117559,0.0,0,0.7689025003463985,0.2,1
COVER__TEST__313.pgm,313.pgm,COVER,0,MULTI_CANDIDATE,HUGO,S-UNIWARD,HUGO,S-UNIWARD,HILL,MiPOD,WOW,,"HUGO,S-UNIWARD",2,0,0.981915572504309,0.9472591304666725,0.034656442037636515,0.674105592304707,0.6,3,0.9472591304666725,0.8,4,0.841496568752636,0.8,4,0.981915572504309,0.8,4,0.8373027309747204,0.8,4
COVER__TEST__9126.pgm,9126.pgm,COVER,0,MULTI_CANDIDATE,HILL,MiPOD,HILL,MiPOD,S-UNIWARD,HUGO,WOW,,"HILL,MiPOD,S-UNIWARD,HUGO",4,0,1.0,1.0,0.0,0.8620530456374199,0.8,4,0.9798428162178487,0.8,4,1.0,1.0,5,0.9450386262013246,0.8,4,1.0,1.0,5
COVER__TEST__7733.pgm,7733.pgm,COVER,0,MULTI_CANDIDATE,S-UNIWARD,MiPOD,S-UNIWARD,MiPOD,WOW,HILL,HUGO,,"S-UNIWARD,MiPOD,WOW",3,0,0.9992125185068768,0.9938482827221528,0.005364235784724003,0.9382471910353771,0.8,4,0.9992125185068768,0.8,4,0.8681007910092353,0.6,3,0.7310318265161941,0.6,3,0.9938482827221528,0.8,4
COVER__TEST__4592.pgm,4592.pgm,COVER,0,MULTI_CANDIDATE,HILL,MiPOD,HILL,MiPOD,HUGO,S-UNIWARD,WOW,,"HILL,MiPOD",2,0,1.0,1.0,0.0,0.8267754346982805,0.6,3,0.8642584074255844,0.8,4,1.0,1.0,5,0.8727522885871938,0.8,4,1.0,1.0,5
COVER__TEST__7961.pgm,7961.pgm,COVER,0,MULTI_CANDIDATE,HUGO,HILL,HUGO,HILL,MiPOD,S-UNIWARD,WOW,,"HUGO,HILL,MiPOD",3,0,0.9951411079776911,0.9849664273059975,0.010174680671693581,0.7133976381979754,0.4,2,0.8371967434726602,0.8,4,0.9849664273059975,0.6,3,0.9951411079776911,0.8,4,0.9647731691005348,0.6,3
COVER__TEST__8112.pgm,8112.pgm,COVER,0,UNKNOWN_OR_COVER,UNKNOWN,,HUGO,S-UNIWARD,MiPOD,HILL,WOW,,,0,0,0.812412528672537,0.7744614705496893,0.037951058122847714,0.43794707863712656,0.0,0,0.7744614705496893,0.2,1,0.6739666644055385,0.2,1,0.812412528672537,0.2,1,0.7687513570477127,0.0,0
COVER__TEST__7124.pgm,7124.pgm,COVER,0,UNKNOWN_OR_COVER,UNKNOWN,,HUGO,S-UNIWARD,MiPOD,HILL,WOW,,,0,0,0.8365823090823487,0.7832181956494383,0.053364113432910365,0.44061213763519075,0.2,1,0.7832181956494383,0.2,1,0.6764835882895437,0.4,2,0.8365823090823487,0.4,2,0.7732206653877863,0.4,2
COVER__TEST__5029.pgm,5029.pgm,COVER,0,SINGLE_CANDIDATE,MiPOD,HILL,MiPOD,HILL,S-UNIWARD,HUGO,WOW,,MiPOD,1,0,0.99412410892993,0.8631238452187002,0.13100026371122975,0.6564325058168825,0.4,2,0.8370300012856433,0.8,4,0.8631238452187002,0.6,3,0.8320957131194424,0.6,3,0.99412410892993,0.8,4
COVER__TEST__8501.pgm,8501.pgm,COVER,0,UNKNOWN_OR_COVER,UNKNOWN,,HUGO,S-UNIWARD,MiPOD,HILL,WOW,,,0,0,0.835052741435814,0.8123805912655199,0.022672150170294114,0.483025934379351,0.2,1,0.8123805912655199,0.4,2,0.6850205703203056,0.6,3,0.835052741435814,0.8,4,0.7858021611010739,0.6,3
COVER__TEST__5300.pgm,5300.pgm,COVER,0,UNKNOWN_OR_COVER,UNKNOWN,,HUGO,S-UNIWARD,MiPOD,HILL,WOW,,,0,0,0.8160545123719809,0.7787918379831089,0.037262674388871986,0.4387645948055037,0.0,0,0.7787918379831089,0.0,0,0.6746799487792223,0.0,0,0.8160545123719809,0.4,2,0.7708933539831841,0.0,0
COVER__TEST__8347.pgm,8347.pgm,COVER,0,UNKNOWN_OR_COVER,UNKNOWN,,HUGO,S-UNIWARD,MiPOD,HILL,WOW,,,0,0,0.8130341319742109,0.7747529987457307,0.03828113322848026,0.43815726341923683,0.2,1,0.7747529987457307,0.2,1,0.6725605706317098,0.2,1,0.8130341319742109,0.0,0,0.76795738635331,0.2,1
COVER__TEST__3268.pgm,3268.pgm,COVER,0,MULTI_CANDIDATE,WOW,S-UNIWARD,WOW,S-UNIWARD,HILL,HUGO,MiPOD,,"WOW,S-UNIWARD,HILL,HUGO,MiPOD",5,0,1.0,1.0,0.0,1.0,1.0,5,1.0,1.0,5,1.0,1.0,5,1.0,1.0,5,1.0,1.0,5
COVER__TEST__273.pgm,273.pgm,COVER,0,UNKNOWN_OR_COVER,UNKNOWN,,HUGO,S-UNIWARD,MiPOD,HILL,WOW,,,0,0,0.8188283468904949,0.7784416268147643,0.04038672007573063,0.44077407974419724,0.2,1,0.7784416268147643,0.2,1,0.6772738989710719,0.2,1,0.8188283468904949,0.2,1,0.7740081398217697,0.2,1
COVER__TEST__7802.pgm,7802.pgm,COVER,0,UNKNOWN_OR_COVER,UNKNOWN,,HUGO,S-UNIWARD,MiPOD,HILL,WOW,,,0,0,0.8173028675394347,0.7775858000425802,0.03971706749685455,0.4396916057331898,0.2,1,0.7775858000425802,0.2,1,0.6753648037642825,0.2,1,0.8173028675394347,0.0,0,0.7713773860610583,0.2,1
COVER__TEST__2670.pgm,2670.pgm,COVER,0,UNKNOWN_OR_COVER,UNKNOWN,,HUGO,S-UNIWARD,MiPOD,HILL,WOW,,,0,0,0.8144002576640774,0.7766575140936435,0.037742743570433945,0.43815987856748545,0.2,1,0.7766575140936435,0.2,1,0.6727557953143122,0.2,1,0.8144002576640774,0.0,0,0.7685688549149443,0.2,1
COVER__TEST__9862.pgm,9862.pgm,COVER,0,UNKNOWN_OR_COVER,UNKNOWN,,HUGO,S-UNIWARD,MiPOD,HILL,WOW,,,0,0,0.8145569420781278,0.7783317591051602,0.03622518297296762,0.43918534913537305,0.2,1,0.7783317591051602,0.2,1,0.675745275379473,0.4,2,0.8145569420781278,0.2,1,0.7707927142434075,0.4,2
COVER__TEST__2372.pgm,2372.pgm,COVER,0,UNKNOWN_OR_COVER,UNKNOWN,,HUGO,S-UNIWARD,MiPOD,HILL,WOW,,,0,0,0.816661025605147,0.7771382678780595,0.039522757727087465,0.4392874247770734,0.2,1,0.7771382678780595,0.2,1,0.6753590290258319,0.2,1,0.816661025605147,0.0,0,0.7708556732876041,0.2,1
COVER__TEST__7013.pgm,7013.pgm,COVER,0,SINGLE_CANDIDATE,S-UNIWARD,MiPOD,S-UNIWARD,MiPOD,HILL,HUGO,WOW,,S-UNIWARD,1,0,0.9416598721732556,0.8314876624520025,0.11017220972125319,0.6771382323350087,0.4,2,0.9416598721732556,0.6,3,0.8209915992414587,0.4,2,0.8147842629763415,0.6,3,0.8314876624520025,0.6,3
COVER__TEST__9141.pgm,9141.pgm,COVER,0,MULTI_CANDIDATE,HILL,MiPOD,HILL,MiPOD,S-UNIWARD,HUGO,WOW,,"HILL,MiPOD",2,0,1.0,1.0,0.0,0.7596653732693557,0.6,3,0.8468199084350513,0.8,4,1.0,1.0,5,0.843644205181214,0.8,4,1.0,1.0,5
COVER__TEST__12.pgm,12.pgm,COVER,0,UNKNOWN_OR_COVER,UNKNOWN,,S-UNIWARD,HUGO,MiPOD,HILL,WOW,,,0,0,0.8828993502220243,0.8164595383754492,0.0664398118465751,0.5369884777206534,0.4,2,0.8828993502220243,0.4,2,0.6789510026391676,0.6,3,0.8164595383754492,0.6,3,0.7772977519473031,0.6,3
COVER__TEST__912.pgm,912.pgm,COVER,0,SINGLE_CANDIDATE,MiPOD,S-UNIWARD,MiPOD,S-UNIWARD,HUGO,HILL,WOW,,MiPOD,1,0,0.9360018439712754,0.8663693583440188,0.06963248562725655,0.6869656576817107,0.2,1,0.8663693583440188,0.8,4,0.8209369071051082,0.6,3,0.8544096408021856,0.8,4,0.9360018439712754,0.8,4
COVER__TEST__5580.pgm,5580.pgm,COVER,0,UNKNOWN_OR_COVER,UNKNOWN,,HUGO,S-UNIWARD,MiPOD,HILL,WOW,,,0,0,0.8146964553035485,0.7769871053072492,0.03770934999629927,0.4383775454598403,0.2,1,0.7769871053072492,0.2,1,0.6738743517157153,0.2,1,0.8146964553035485,0.2,1,0.7693699378456419,0.2,1
COVER__TEST__3332.pgm,3332.pgm,COVER,0,UNKNOWN_OR_COVER,UNKNOWN,,HUGO,S-UNIWARD,MiPOD,HILL,WOW,,,0,0,0.8172809253045059,0.7791715502194363,0.03810937508506962,0.43977806430676586,0.2,1,0.7791715502194363,0.2,1,0.6760281273892695,0.4,2,0.8172809253045059,0.4,2,0.7725271510074125,0.4,2
COVER__TEST__4526.pgm,4526.pgm,COVER,0,MULTI_CANDIDATE,WOW,S-UNIWARD,WOW,S-UNIWARD,HILL,MiPOD,HUGO,,"WOW,S-UNIWARD,HILL,MiPOD",4,0,1.0,1.0,0.0,1.0,1.0,5,1.0,1.0,5,1.0,1.0,5,0.8347650693017726,0.8,4,1.0,1.0,5
COVER__TEST__1422.pgm,1422.pgm,COVER,0,UNKNOWN_OR_COVER,UNKNOWN,,HUGO,S-UNIWARD,MiPOD,HILL,WOW,,,0,0,0.8115969723549726,0.7749114528881983,0.03668551946677434,0.4376020357743712,0.2,1,0.7749114528881983,0.2,1,0.6728555049536913,0.4,2,0.8115969723549726,0.2,1,0.7693838789871263,0.4,2
COVER__TEST__2789.pgm,2789.pgm,COVER,0,SINGLE_CANDIDATE,MiPOD,S-UNIWARD,MiPOD,S-UNIWARD,HUGO,HILL,WOW,,MiPOD,1,0,0.9093156344954891,0.8363777242765498,0.07293791021893936,0.559993853940888,0.2,1,0.8363777242765498,0.6,3,0.7814694067460983,0.4,2,0.8297223813386445,0.6,3,0.9093156344954891,0.6,3
COVER__TEST__8145.pgm,8145.pgm,COVER,0,MULTI_CANDIDATE,WOW,S-UNIWARD,WOW,S-UNIWARD,HILL,HUGO,MiPOD,,"WOW,S-UNIWARD,HILL,HUGO,MiPOD",5,0,1.0,1.0,0.0,1.0,1.0,5,1.0,1.0,5,1.0,1.0,5,1.0,1.0,5,1.0,1.0,5
COVER__TEST__7459.pgm,7459.pgm,COVER,0,MULTI_CANDIDATE,WOW,S-UNIWARD,WOW,S-UNIWARD,HILL,HUGO,MiPOD,,"WOW,S-UNIWARD,HILL,HUGO,MiPOD",5,0,1.0,1.0,0.0,1.0,1.0,5,1.0,1.0,5,1.0,1.0,5,1.0,1.0,5,1.0,1.0,5
COVER__TEST__5245.pgm,5245.pgm,COVER,0,UNKNOWN_OR_COVER,UNKNOWN,,MiPOD,HUGO,S-UNIWARD,HILL,WOW,,,0,0,0.8358999891206393,0.8290684245333282,0.006831564587311156,0.49720479006174817,0.2,1,0.8013633094595436,0.6,3,0.7027614187339905,0.4,2,0.8290684245333282,0.6,3,0.8358999891206393,0.6,3
COVER__TEST__293.pgm,293.pgm,COVER,0,UNKNOWN_OR_COVER,UNKNOWN,,MiPOD,S-UNIWARD,HUGO,HILL,WOW,,,0,0,0.8581213294316961,0.8382376753090215,0.019883654122674566,0.5368228291124739,0.2,1,0.8382376753090215,0.8,4,0.7414213721226646,0.6,3,0.8340591410730209,0.8,4,0.8581213294316961,0.8,4
COVER__TEST__9097.pgm,9097.pgm,COVER,0,MULTI_CANDIDATE,WOW,S-UNIWARD,WOW,S-UNIWARD,HILL,MiPOD,HUGO,,"WOW,S-UNIWARD,HILL,MiPOD,HUGO",5,0,1.0,1.0,0.0,1.0,1.0,5,1.0,1.0,5,1.0,1.0,5,0.9965423006708354,0.8,4,1.0,1.0,5
COVER__TEST__4936.pgm,4936.pgm,COVER,0,MULTI_CANDIDATE,S-UNIWARD,HUGO,S-UNIWARD,HUGO,MiPOD,WOW,HILL,,"S-UNIWARD,HUGO,MiPOD,WOW,HILL",5,0,1.0,1.0,0.0,0.9889697233338038,0.8,4,1.0,1.0,5,0.9755230323840924,0.8,4,1.0,1.0,5,1.0,1.0,5
COVER__TEST__9686.pgm,9686.pgm,COVER,0,UNKNOWN_OR_COVER,UNKNOWN,,HUGO,S-UNIWARD,MiPOD,HILL,WOW,,,0,0,0.8166645324879763,0.778507406185341,0.03815712630263535,0.44012063384001826,0.2,1,0.778507406185341,0.2,1,0.6772588279995352,0.4,2,0.8166645324879763,0.2,1,0.7729448500207237,0.4,2
COVER__TEST__1759.pgm,1759.pgm,COVER,0,SINGLE_CANDIDATE,S-UNIWARD,HILL,S-UNIWARD,HILL,MiPOD,HUGO,WOW,,S-UNIWARD,1,0,0.9425450357076507,0.836971961287283,0.10557307442036767,0.671787029124108,0.4,2,0.9425450357076507,0.6,3,0.836971961287283,0.6,3,0.8149087007545506,0.6,3,0.8323894802768159,0.6,3
COVER__TEST__7516.pgm,7516.pgm,COVER,0,MULTI_CANDIDATE,WOW,S-UNIWARD,WOW,S-UNIWARD,HILL,HUGO,MiPOD,,"WOW,S-UNIWARD,HILL,HUGO,MiPOD",5,0,1.0,1.0,0.0,1.0,1.0,5,1.0,1.0,5,1.0,1.0,5,1.0,1.0,5,1.0,1.0,5
COVER__TEST__8349.pgm,8349.pgm,COVER,0,UNKNOWN_OR_COVER,UNKNOWN,,HUGO,S-UNIWARD,MiPOD,HILL,WOW,,,0,0,0.8114095581536132,0.7739531277753207,0.03745643037829249,0.4374503936949063,0.2,1,0.7739531277753207,0.2,1,0.6725954589542684,0.2,1,0.8114095581536132,0.0,0,0.7677235447072155,0.2,1
COVER__TEST__6332.pgm,6332.pgm,COVER,0,SINGLE_CANDIDATE,HUGO,S-UNIWARD,HUGO,S-UNIWARD,MiPOD,HILL,WOW,,HUGO,1,0,0.9436831689344387,0.8461055420412485,0.09757762689319016,0.6652590313440941,0.4,2,0.8461055420412485,0.6,3,0.72752779360201,0.6,3,0.9436831689344387,0.6,3,0.8373027302780713,0.8,4
COVER__TEST__8643.pgm,8643.pgm,COVER,0,UNKNOWN_OR_COVER,UNKNOWN,,HUGO,S-UNIWARD,MiPOD,HILL,WOW,,,0,0,0.8344307225853026,0.8135149359079502,0.020915786677352388,0.45452835849507134,0.2,1,0.8135149359079502,0.4,2,0.6897198736393984,0.6,3,0.8344307225853026,0.8,4,0.7946964522646803,0.4,2
COVER__TEST__3764.pgm,3764.pgm,COVER,0,MULTI_CANDIDATE,WOW,MiPOD,WOW,MiPOD,HILL,S-UNIWARD,HUGO,,"WOW,MiPOD,HILL,S-UNIWARD",4,0,1.0,0.9924014924167974,0.007598507583202574,1.0,1.0,5,0.9820583795154529,0.6,3,0.9912877653352169,0.8,4,0.7281078199108265,0.6,3,0.9924014924167974,0.8,4
COVER__TEST__1798.pgm,1798.pgm,COVER,0,UNKNOWN_OR_COVER,UNKNOWN,,HUGO,S-UNIWARD,MiPOD,HILL,WOW,,,0,0,0.8160604679640677,0.7781937421480057,0.037866725816061986,0.4396632645074199,0.2,1,0.7781937421480057,0.2,1,0.6765811574240777,0.4,2,0.8160604679640677,0.2,1,0.771947031515728,0.4,2
COVER__TEST__7091.pgm,7091.pgm,COVER,0,SINGLE_CANDIDATE,S-UNIWARD,HUGO,S-UNIWARD,HUGO,MiPOD,HILL,WOW,,S-UNIWARD,1,0,0.9336828264060948,0.8119856843744759,0.12169714203161885,0.5336724252091806,0.4,2,0.9336828264060948,0.6,3,0.6777604465670487,0.6,3,0.8119856843744759,0.4,2,0.7719568221246204,0.6,3
COVER__TEST__7810.pgm,7810.pgm,COVER,0,UNKNOWN_OR_COVER,UNKNOWN,,HUGO,S-UNIWARD,MiPOD,HILL,WOW,,,0,0,0.8183956727205602,0.7833445652582318,0.035051107462328424,0.4405856379122316,0.0,0,0.7833445652582318,0.0,0,0.6752525975153253,0.2,1,0.8183956727205602,0.2,1,0.7732445751725843,0.0,0
COVER__TEST__9.pgm,9.pgm,COVER,0,SINGLE_CANDIDATE,S-UNIWARD,MiPOD,S-UNIWARD,MiPOD,HUGO,HILL,WOW,,S-UNIWARD,1,0,0.9513131890354962,0.8906156122102253,0.06069757682527088,0.6668819889506237,0.2,1,0.9513131890354962,0.4,2,0.8116160171274249,0.4,2,0.8246281316724705,0.6,3,0.8906156122102253,0.4,2
COVER__TEST__1013.pgm,1013.pgm,COVER,0,SINGLE_CANDIDATE,HUGO,S-UNIWARD,HUGO,S-UNIWARD,MiPOD,HILL,WOW,,HUGO,1,0,0.9871211016758382,0.7818965828046208,0.2052245188712174,0.44090437363548407,0.2,1,0.7818965828046208,0.2,1,0.6776287102569288,0.4,2,0.9871211016758382,0.4,2,0.773896893111507,0.4,2
COVER__TEST__8587.pgm,8587.pgm,COVER,0,UNKNOWN_OR_COVER,UNKNOWN,,HUGO,S-UNIWARD,MiPOD,HILL,WOW,,,0,0,0.815017055310425,0.778049149001012,0.036967906309413046,0.43924619718419217,0.2,1,0.778049149001012,0.2,1,0.6756101469678508,0.4,2,0.815017055310425,0.2,1,0.7713837001507681,0.4,2
COVER__TEST__6959.pgm,6959.pgm,COVER,0,UNKNOWN_OR_COVER,UNKNOWN,,HUGO,S-UNIWARD,MiPOD,HILL,WOW,,,0,0,0.8149152641317057,0.7733570662850558,0.041558197846649825,0.4439688915369372,0.2,1,0.7733570662850558,0.2,1,0.6765225248033756,0.4,2,0.8149152641317057,0.2,1,0.7726794845011897,0.4,2
COVER__TEST__2707.pgm,2707.pgm,COVER,0,UNKNOWN_OR_COVER,UNKNOWN,,HUGO,S-UNIWARD,MiPOD,HILL,WOW,,,0,0,0.8257765089453482,0.8124685893503859,0.013307919594962248,0.5268779299483513,0.2,1,0.8124685893503859,0.2,1,0.6806037244074178,0.6,3,0.8257765089453482,0.4,2,0.7758333564136026,0.6,3
COVER__TEST__5765.pgm,5765.pgm,COVER,0,UNKNOWN_OR_COVER,UNKNOWN,,HUGO,S-UNIWARD,MiPOD,HILL,WOW,,,0,0,0.8193116038905085,0.7812326518847363,0.03807895200577216,0.4451568452981971,0.2,1,0.7812326518847363,0.4,2,0.6768431919617928,0.4,2,0.8193116038905085,0.2,1,0.7721649963295037,0.4,2
COVER__TEST__472.pgm,472.pgm,COVER,0,UNKNOWN_OR_COVER,UNKNOWN,,HUGO,S-UNIWARD,MiPOD,HILL,WOW,,,0,0,0.811091191943499,0.7731686313997284,0.037922560543770634,0.4378092401970385,0.2,1,0.7731686313997284,0.2,1,0.6723148854553828,0.2,1,0.811091191943499,0.0,0,0.7675653128315527,0.2,1
COVER__TEST__5636.pgm,5636.pgm,COVER,0,MULTI_CANDIDATE,WOW,S-UNIWARD,WOW,S-UNIWARD,HILL,HUGO,MiPOD,,"WOW,S-UNIWARD,HILL,HUGO,MiPOD",5,0,1.0,1.0,0.0,1.0,1.0,5,1.0,1.0,5,1.0,1.0,5,1.0,1.0,5,1.0,1.0,5
COVER__TEST__2296.pgm,2296.pgm,COVER,0,MULTI_CANDIDATE,S-UNIWARD,HUGO,S-UNIWARD,HUGO,MiPOD,HILL,WOW,,"S-UNIWARD,HUGO,MiPOD,HILL",4,0,1.0,1.0,0.0,0.8320082646401886,0.8,4,1.0,1.0,5,0.9998242200025965,0.8,4,1.0,1.0,5,1.0,1.0,5
COVER__TEST__7704.pgm,7704.pgm,COVER,0,UNKNOWN_OR_COVER,UNKNOWN,,HUGO,S-UNIWARD,MiPOD,HILL,WOW,,,0,0,0.8345351247145743,0.7984093224317617,0.03612580228281259,0.4512963147971324,0.2,1,0.7984093224317617,0.2,1,0.6841358686938137,0.6,3,0.8345351247145743,0.8,4,0.7840990921808901,0.6,3
COVER__TEST__1539.pgm,1539.pgm,COVER,0,SINGLE_CANDIDATE,HUGO,S-UNIWARD,HUGO,S-UNIWARD,MiPOD,HILL,WOW,,HUGO,1,0,0.9887605613350445,0.8359805181517042,0.15278004318334037,0.45716043206760953,0.2,1,0.8359805181517042,0.8,4,0.6861445333833148,0.2,1,0.9887605613350445,0.8,4,0.7919799315922786,0.4,2
COVER__TEST__9109.pgm,9109.pgm,COVER,0,UNKNOWN_OR_COVER,UNKNOWN,,HUGO,S-UNIWARD,MiPOD,HILL,WOW,,,0,0,0.8304895961867202,0.8152251903942102,0.015264405792510094,0.4501722419020734,0.2,1,0.8152251903942102,0.2,1,0.6872027003917645,0.4,2,0.8304895961867202,0.6,3,0.7830079639987073,0.4,2
COVER__TEST__6903.pgm,6903.pgm,COVER,0,UNKNOWN_OR_COVER,UNKNOWN,,S-UNIWARD,HUGO,MiPOD,HILL,WOW,,,0,0,0.826303251394816,0.8180617634374536,0.008241487957362348,0.5444575157278558,0.4,2,0.826303251394816,0.6,3,0.6838341507131409,0.6,3,0.8180617634374536,0.6,3,0.7948509374507579,0.6,3
COVER__TEST__5248.pgm,5248.pgm,COVER,0,UNKNOWN_OR_COVER,UNKNOWN,,S-UNIWARD,HUGO,MiPOD,HILL,WOW,,,0,0,0.8373987843491475,0.8303349974648327,0.007063786884314749,0.47278190536647846,0.2,1,0.8373987843491475,0.8,4,0.7045154160842528,0.4,2,0.8303349974648327,0.6,3,0.8136213551212125,0.4,2
COVER__TEST__8303.pgm,8303.pgm,COVER,0,MULTI_CANDIDATE,WOW,S-UNIWARD,WOW,S-UNIWARD,HILL,HUGO,MiPOD,,"WOW,S-UNIWARD,HILL,HUGO,MiPOD",5,0,1.0,1.0,0.0,1.0,1.0,5,1.0,1.0,5,1.0,1.0,5,1.0,1.0,5,1.0,1.0,5
COVER__TEST__7068.pgm,7068.pgm,COVER,0,UNKNOWN_OR_COVER,UNKNOWN,,HUGO,S-UNIWARD,MiPOD,HILL,WOW,,,0,0,0.8131762734281317,0.7718324262192182,0.04134384720891349,0.4375524259362039,0.0,0,0.7718324262192182,0.0,0,0.6737209317824737,0.0,0,0.8131762734281317,0.0,0,0.7682002007455779,0.0,0
COVER__TEST__5861.pgm,5861.pgm,COVER,0,UNKNOWN_OR_COVER,UNKNOWN,,HUGO,S-UNIWARD,MiPOD,HILL,WOW,,,0,0,0.8168463368847181,0.7762344035020698,0.040611933382648235,0.4399491812369762,0.2,1,0.7762344035020698,0.2,1,0.6758540478511195,0.2,1,0.8168463368847181,0.0,0,0.7718626210232623,0.2,1
COVER__TEST__3369.pgm,3369.pgm,COVER,0,UNKNOWN_OR_COVER,UNKNOWN,,HUGO,S-UNIWARD,MiPOD,HILL,WOW,,,0,0,0.8135627580921904,0.7737216776443576,0.039841080447832744,0.43883067192908837,0.0,0,0.7737216776443576,0.2,1,0.675499157199882,0.2,1,0.8135627580921904,0.0,0,0.7700436219422759,0.0,0
COVER__TEST__254.pgm,254.pgm,COVER,0,MULTI_CANDIDATE,S-UNIWARD,HUGO,S-UNIWARD,HUGO,MiPOD,HILL,WOW,,"S-UNIWARD,HUGO,MiPOD,HILL",4,0,1.0,1.0,0.0,0.8279341509382714,0.8,4,1.0,1.0,5,0.9760697919696033,0.8,4,1.0,1.0,5,1.0,1.0,5
COVER__TEST__5732.pgm,5732.pgm,COVER,0,MULTI_CANDIDATE,HUGO,MiPOD,HUGO,MiPOD,HILL,S-UNIWARD,WOW,,"HUGO,MiPOD,HILL",3,0,1.0,1.0,0.0,0.7557888932709819,0.6,3,0.8460485489050452,0.8,4,0.9962794859788797,0.8,4,1.0,1.0,5,1.0,1.0,5
COVER__TEST__5912.pgm,5912.pgm,COVER,0,UNKNOWN_OR_COVER,UNKNOWN,,HUGO,S-UNIWARD,MiPOD,HILL,WOW,,,0,0,0.8142595673935397,0.7747496590414509,0.039509908352088785,0.43897447988947214,0.2,1,0.7747496590414509,0.2,1,0.6749350876077254,0.2,1,0.8142595673935397,0.0,0,0.7699937779546696,0.0,0
COVER__TEST__7019.pgm,7019.pgm,COVER,0,UNKNOWN_OR_COVER,UNKNOWN,,HUGO,S-UNIWARD,MiPOD,HILL,WOW,,,0,0,0.8319423015102128,0.8161863688178776,0.015755932692335106,0.451484084106163,0.2,1,0.8161863688178776,0.2,1,0.6893645725314841,0.2,1,0.8319423015102128,0.6,3,0.7852526393667695,0.2,1
COVER__TEST__6128.pgm,6128.pgm,COVER,0,UNKNOWN_OR_COVER,UNKNOWN,,HUGO,S-UNIWARD,MiPOD,HILL,WOW,,,0,0,0.8168828720382105,0.7775138000890267,0.03936907194918382,0.43926240388154075,0.2,1,0.7775138000890267,0.2,1,0.6752604182935309,0.2,1,0.8168828720382105,0.2,1,0.7707753953176056,0.2,1
COVER__TEST__7929.pgm,7929.pgm,COVER,0,MULTI_CANDIDATE,MiPOD,HILL,MiPOD,HILL,S-UNIWARD,HUGO,WOW,,"MiPOD,HILL",2,0,1.0,0.967332661838781,0.03266733816121903,0.804536863613642,0.6,3,0.8633672866630098,0.8,4,0.967332661838781,0.8,4,0.8349748655449494,0.8,4,1.0,1.0,5
COVER__TEST__2342.pgm,2342.pgm,COVER,0,UNKNOWN_OR_COVER,UNKNOWN,,HUGO,S-UNIWARD,MiPOD,HILL,WOW,,,0,0,0.8214138302934539,0.7795009020162266,0.04191292827722737,0.44346555260212106,0.2,1,0.7795009020162266,0.2,1,0.6799831466544629,0.6,3,0.8214138302934539,0.4,2,0.7767393880978484,0.4,2
COVER__TEST__9301.pgm,9301.pgm,COVER,0,UNKNOWN_OR_COVER,UNKNOWN,,HUGO,S-UNIWARD,MiPOD,HILL,WOW,,,0,0,0.8192644661750144,0.778109291080813,0.04115517509420141,0.4389033634483006,0.2,1,0.778109291080813,0.2,1,0.6750268228343022,0.4,2,0.8192644661750144,0.2,1,0.770537670611739,0.4,2
COVER__TEST__7425.pgm,7425.pgm,COVER,0,SINGLE_CANDIDATE,S-UNIWARD,HUGO,S-UNIWARD,HUGO,MiPOD,HILL,WOW,,S-UNIWARD,1,0,0.9493910679977196,0.8216873760500916,0.12770369194762798,0.5587974269666484,0.4,2,0.9493910679977196,0.8,4,0.6862984185069051,0.6,3,0.8216873760500916,0.6,3,0.8033612448755207,0.6,3
COVER__TEST__3674.pgm,3674.pgm,COVER,0,MULTI_CANDIDATE,WOW,S-UNIWARD,WOW,S-UNIWARD,HILL,MiPOD,HUGO,,"WOW,S-UNIWARD,HILL,MiPOD,HUGO",5,0,1.0,1.0,0.0,1.0,1.0,5,1.0,1.0,5,1.0,1.0,5,0.9579654666271351,0.8,4,1.0,1.0,5
COVER__TEST__9975.pgm,9975.pgm,COVER,0,UNKNOWN_OR_COVER,UNKNOWN,,HUGO,S-UNIWARD,MiPOD,HILL,WOW,,,0,0,0.8149907461985635,0.7757464350566389,0.039244311141924615,0.43887623896497985,0.0,0,0.7757464350566389,0.0,0,0.6764579961046345,0.2,1,0.8149907461985635,0.2,1,0.7713876174366284,0.2,1
COVER__TEST__7519.pgm,7519.pgm,COVER,0,MULTI_CANDIDATE,S-UNIWARD,HUGO,S-UNIWARD,HUGO,MiPOD,HILL,WOW,,"S-UNIWARD,HUGO,MiPOD,HILL,WOW",5,0,1.0,1.0,0.0,0.9330246848713472,0.8,4,1.0,1.0,5,0.9910097231396732,0.8,4,1.0,1.0,5,0.9996918278161455,0.8,4
COVER__TEST__8650.pgm,8650.pgm,COVER,0,UNKNOWN_OR_COVER,UNKNOWN,,HUGO,S-UNIWARD,MiPOD,HILL,WOW,,,0,0,0.8141176557062609,0.7759193656688809,0.03819829003738007,0.4378288455091532,0.0,0,0.7759193656688809,0.0,0,0.6738754583092039,0.0,0,0.8141176557062609,0.2,1,0.7692857101938426,0.0,0
COVER__TEST__7936.pgm,7936.pgm,COVER,0,MULTI_CANDIDATE,S-UNIWARD,HILL,S-UNIWARD,HILL,HUGO,MiPOD,WOW,,"S-UNIWARD,HILL,HUGO,MiPOD,WOW",5,0,1.0,1.0,0.0,0.9838274156128177,0.8,4,1.0,1.0,5,1.0,1.0,5,1.0,1.0,5,1.0,1.0,5
COVER__TEST__3581.pgm,3581.pgm,COVER,0,MULTI_CANDIDATE,HILL,MiPOD,HILL,MiPOD,S-UNIWARD,HUGO,WOW,,"HILL,MiPOD",2,0,0.9196046341196015,0.9075168290778246,0.012087805041776867,0.7136959502127155,0.4,2,0.8611701889671786,0.8,4,0.9196046341196015,0.8,4,0.8462045854968021,0.8,4,0.9075168290778246,0.8,4
COVER__TEST__944.pgm,944.pgm,COVER,0,UNKNOWN_OR_COVER,UNKNOWN,,MiPOD,S-UNIWARD,HUGO,HILL,WOW,,,0,0,0.8640368221628878,0.8487661213066172,0.01527070085627058,0.5592731190407308,0.2,1,0.8487661213066172,0.8,4,0.765247027452683,0.6,3,0.8341863503781509,0.8,4,0.8640368221628878,0.6,3
COVER__TEST__4972.pgm,4972.pgm,COVER,0,UNKNOWN_OR_COVER,UNKNOWN,,HUGO,S-UNIWARD,MiPOD,HILL,WOW,,,0,0,0.8167825363292804,0.7777513055779546,0.03903123075132586,0.4380364122967698,0.0,0,0.7777513055779546,0.0,0,0.6729615698327475,0.0,0,0.8167825363292804,0.0,0,0.7682255397276935,0.0,0
COVER__TEST__1302.pgm,1302.pgm,COVER,0,UNKNOWN_OR_COVER,UNKNOWN,,HUGO,S-UNIWARD,MiPOD,HILL,WOW,,,0,0,0.8188966698323238,0.7758372278411436,0.04305944199118017,0.4418279431013577,0.2,1,0.7758372278411436,0.2,1,0.6782728002686229,0.4,2,0.8188966698323238,0.2,1,0.7747201863496093,0.4,2
COVER__TEST__982.pgm,982.pgm,COVER,0,UNKNOWN_OR_COVER,UNKNOWN,,HUGO,S-UNIWARD,MiPOD,HILL,WOW,,,0,0,0.8150877368805167,0.7775487742134432,0.03753896266707357,0.43877714615999264,0.2,1,0.7775487742134432,0.2,1,0.6744334767594127,0.2,1,0.8150877368805167,0.2,1,0.7706017019496827,0.2,1
COVER__TEST__2344.pgm,2344.pgm,COVER,0,UNKNOWN_OR_COVER,UNKNOWN,,HUGO,S-UNIWARD,MiPOD,HILL,WOW,,,0,0,0.82122687736013,0.7792394501388007,0.04198742722132931,0.44132780821398987,0.2,1,0.7792394501388007,0.2,1,0.6783466320480271,0.2,1,0.82122687736013,0.0,0,0.7743321277611329,0.2,1
COVER__TEST__1379.pgm,1379.pgm,COVER,0,MULTI_CANDIDATE,S-UNIWARD,HUGO,S-UNIWARD,HUGO,MiPOD,HILL,WOW,,"S-UNIWARD,HUGO,MiPOD",3,0,1.0,1.0,0.0,0.7085896554881954,0.6,3,1.0,1.0,5,0.840044162926395,0.8,4,1.0,1.0,5,0.9499521649172522,0.8,4
COVER__TEST__4690.pgm,4690.pgm,COVER,0,UNKNOWN_OR_COVER,UNKNOWN,,HUGO,S-UNIWARD,MiPOD,HILL,WOW,,,0,0,0.8135913483059809,0.7750181881928773,0.03857316011310363,0.4387454903380775,0.2,1,0.7750181881928773,0.2,1,0.6734952903304721,0.2,1,0.8135913483059809,0.0,0,0.7696430130460823,0.2,1
COVER__TEST__939.pgm,939.pgm,COVER,0,MULTI_CANDIDATE,HUGO,MiPOD,HUGO,MiPOD,S-UNIWARD,HILL,WOW,,"HUGO,MiPOD",2,0,1.0,0.9631113706904113,0.036888629309588694,0.7065669612228798,0.6,3,0.8940979036702373,0.6,3,0.8435582794465073,0.8,4,1.0,1.0,5,0.9631113706904113,0.8,4
COVER__TEST__7369.pgm,7369.pgm,COVER,0,UNKNOWN_OR_COVER,UNKNOWN,,MiPOD,S-UNIWARD,HUGO,HILL,WOW,,,0,0,0.864783709967791,0.8348657306326054,0.029917979335185585,0.514609409908721,0.2,1,0.8348657306326054,0.6,3,0.7335114125772186,0.2,1,0.8305063795360631,0.6,3,0.864783709967791,0.4,2
COVER__TEST__9655.pgm,9655.pgm,COVER,0,UNKNOWN_OR_COVER,UNKNOWN,,MiPOD,S-UNIWARD,HUGO,HILL,WOW,,,0,0,0.8454361982167008,0.834614774708499,0.01082142350820181,0.5851881932485778,0.4,2,0.834614774708499,0.6,3,0.8257601443409734,0.4,2,0.8275954373482943,0.6,3,0.8454361982167008,0.6,3
COVER__TEST__2183.pgm,2183.pgm,COVER,0,MULTI_CANDIDATE,WOW,S-UNIWARD,WOW,S-UNIWARD,HILL,HUGO,MiPOD,,"WOW,S-UNIWARD,HILL,HUGO,MiPOD",5,0,1.0,1.0,0.0,1.0,1.0,5,1.0,1.0,5,1.0,1.0,5,1.0,1.0,5,1.0,1.0,5
COVER__TEST__7453.pgm,7453.pgm,COVER,0,UNKNOWN_OR_COVER,UNKNOWN,,HUGO,S-UNIWARD,MiPOD,HILL,WOW,,,0,0,0.8118940303211628,0.7766165347502291,0.03527749557093374,0.43727314449786386,0.2,1,0.7766165347502291,0.2,1,0.673068236412543,0.4,2,0.8118940303211628,0.2,1,0.7666717787094285,0.4,2
COVER__TEST__828.pgm,828.pgm,COVER,0,MULTI_CANDIDATE,S-UNIWARD,MiPOD,S-UNIWARD,MiPOD,HILL,HUGO,WOW,,"S-UNIWARD,MiPOD,HILL",3,0,0.9687126897663116,0.9431122859433543,0.025600403822957363,0.8368522953067703,0.6,3,0.9687126897663116,0.8,4,0.9304210593604448,0.6,3,0.8389242381808577,0.8,4,0.9431122859433543,0.8,4
COVER__TEST__8961.pgm,8961.pgm,COVER,0,MULTI_CANDIDATE,HILL,HUGO,HILL,HUGO,MiPOD,S-UNIWARD,WOW,,"HILL,HUGO,MiPOD",3,0,1.0,1.0,0.0,0.7790789203899933,0.6,3,0.8540988412725523,0.8,4,1.0,1.0,5,1.0,1.0,5,1.0,1.0,5
COVER__TEST__8378.pgm,8378.pgm,COVER,0,UNKNOWN_OR_COVER,UNKNOWN,,HUGO,S-UNIWARD,MiPOD,HILL,WOW,,,0,0,0.8180882786690591,0.7824387695861633,0.03564950908289577,0.43971413668988324,0.2,1,0.7824387695861633,0.2,1,0.6750792548341598,0.4,2,0.8180882786690591,0.2,1,0.7714585713590016,0.4,2
COVER__TEST__5011.pgm,5011.pgm,COVER,0,UNKNOWN_OR_COVER,UNKNOWN,,HUGO,S-UNIWARD,MiPOD,HILL,WOW,,,0,0,0.8145264366591677,0.7748647548899984,0.03966168176916929,0.4367040961501285,0.0,0,0.7748647548899984,0.0,0,0.6727260859608993,0.0,0,0.8145264366591677,0.2,1,0.768496589933853,0.0,0
COVER__TEST__6933.pgm,6933.pgm,COVER,0,MULTI_CANDIDATE,HILL,MiPOD,HILL,MiPOD,S-UNIWARD,HUGO,WOW,,"HILL,MiPOD,S-UNIWARD,HUGO,WOW",5,0,1.0,1.0,0.0,0.9494403287821627,0.8,4,0.9871510466501834,0.8,4,1.0,1.0,5,0.9495180267167725,0.8,4,1.0,1.0,5
COVER__TEST__5482.pgm,5482.pgm,COVER,0,UNKNOWN_OR_COVER,UNKNOWN,,HUGO,S-UNIWARD,MiPOD,HILL,WOW,,,0,0,0.8170646395630425,0.7800873478895659,0.03697729167347663,0.43984787775157985,0.2,1,0.7800873478895659,0.2,1,0.6759094012811171,0.4,2,0.8170646395630425,0.4,2,0.7724363293096004,0.4,2
COVER__TEST__791.pgm,791.pgm,COVER,0,UNKNOWN_OR_COVER,UNKNOWN,,HUGO,S-UNIWARD,MiPOD,HILL,WOW,,,0,0,0.847181071385595,0.7779216170006564,0.06925945438493852,0.4413306194953887,0.2,1,0.7779216170006564,0.2,1,0.6796297029779335,0.6,3,0.847181071385595,0.2,1,0.7753211096464939,0.4,2
COVER__TEST__2831.pgm,2831.pgm,COVER,0,MULTI_CANDIDATE,MiPOD,HILL,MiPOD,HILL,S-UNIWARD,WOW,HUGO,,"MiPOD,HILL",2,0,0.9799780991149133,0.9253071804543154,0.05467091866059792,0.840058845897256,0.4,2,0.8473356691188784,0.8,4,0.9253071804543154,0.8,4,0.8343209675604705,0.8,4,0.9799780991149133,0.8,4
COVER__TEST__7474.pgm,7474.pgm,COVER,0,MULTI_CANDIDATE,HUGO,HILL,HUGO,HILL,MiPOD,WOW,S-UNIWARD,,"HUGO,HILL,MiPOD,WOW",4,0,1.0,0.9410399880838256,0.05896001191617439,0.9062596059981736,0.6,3,0.887673660212938,0.8,4,0.9410399880838256,0.8,4,1.0,1.0,5,0.9267858256794911,0.8,4
COVER__TEST__5253.pgm,5253.pgm,COVER,0,UNKNOWN_OR_COVER,UNKNOWN,,HUGO,S-UNIWARD,MiPOD,HILL,WOW,,,0,0,0.8145737207919181,0.774978729529505,0.03959499126241317,0.43874602870250384,0.2,1,0.774978729529505,0.2,1,0.6749669489811192,0.2,1,0.8145737207919181,0.0,0,0.7701152950151654,0.2,1
COVER__TEST__5533.pgm,5533.pgm,COVER,0,MULTI_CANDIDATE,HILL,MiPOD,HILL,MiPOD,S-UNIWARD,HUGO,WOW,,"HILL,MiPOD,S-UNIWARD",3,0,0.9980895639511098,0.9980895639511098,0.0,0.8262179311714556,0.8,4,0.9957065723273922,0.8,4,0.9980895639511098,0.8,4,0.8337011050058803,0.6,3,0.9980895639511098,0.8,4
COVER__TEST__3444.pgm,3444.pgm,COVER,0,MULTI_CANDIDATE,WOW,S-UNIWARD,WOW,S-UNIWARD,HILL,HUGO,MiPOD,,"WOW,S-UNIWARD,HILL,HUGO,MiPOD",5,0,1.0,1.0,0.0,1.0,1.0,5,1.0,1.0,5,1.0,1.0,5,1.0,1.0,5,1.0,1.0,5
COVER__TEST__1878.pgm,1878.pgm,COVER,0,UNKNOWN_OR_COVER,UNKNOWN,,HUGO,S-UNIWARD,MiPOD,HILL,WOW,,,0,0,0.8340835820857173,0.8005445505474285,0.033539031538288855,0.4492354354633461,0.2,1,0.8005445505474285,0.2,1,0.6848212166610403,0.6,3,0.8340835820857173,0.8,4,0.7846443640805153,0.6,3
COVER__TEST__9935.pgm,9935.pgm,COVER,0,MULTI_CANDIDATE,HUGO,MiPOD,HUGO,MiPOD,S-UNIWARD,HILL,WOW,,"HUGO,MiPOD",2,0,0.9917343163930461,0.9332871311281996,0.05844718526484649,0.6164761791805062,0.4,2,0.8126848772245954,0.4,2,0.7819576085120177,0.6,3,0.9917343163930461,0.8,4,0.9332871311281996,0.8,4
COVER__TEST__3095.pgm,3095.pgm,COVER,0,MULTI_CANDIDATE,HILL,HUGO,HILL,HUGO,MiPOD,S-UNIWARD,WOW,,"HILL,HUGO,MiPOD",3,0,1.0,1.0,0.0,0.8277038776058309,0.8,4,0.8897903745090749,0.8,4,1.0,1.0,5,1.0,1.0,5,1.0,1.0,5
COVER__TEST__4915.pgm,4915.pgm,COVER,0,MULTI_CANDIDATE,WOW,HILL,WOW,HILL,HUGO,MiPOD,S-UNIWARD,,"WOW,HILL,HUGO,MiPOD,S-UNIWARD",5,0,1.0,1.0,0.0,1.0,1.0,5,0.9779759772892278,0.8,4,1.0,1.0,5,1.0,1.0,5,1.0,1.0,5
COVER__TEST__3195.pgm,3195.pgm,COVER,0,MULTI_CANDIDATE,HILL,HUGO,HILL,HUGO,MiPOD,S-UNIWARD,WOW,,"HILL,HUGO,MiPOD,S-UNIWARD",4,0,1.0,1.0,0.0,0.8265427747720508,0.8,4,0.9981314023873707,0.8,4,1.0,1.0,5,1.0,1.0,5,1.0,1.0,5
COVER__TEST__4312.pgm,4312.pgm,COVER,0,MULTI_CANDIDATE,HILL,MiPOD,HILL,MiPOD,S-UNIWARD,WOW,HUGO,,"HILL,MiPOD,S-UNIWARD",3,0,1.0,1.0,0.0,0.8498839028013421,0.8,4,0.999356785572407,0.8,4,1.0,1.0,5,0.8490967565200176,0.8,4,1.0,1.0,5
COVER__TEST__9028.pgm,9028.pgm,COVER,0,MULTI_CANDIDATE,WOW,S-UNIWARD,WOW,S-UNIWARD,HILL,HUGO,MiPOD,,"WOW,S-UNIWARD,HILL,HUGO,MiPOD",5,0,1.0,1.0,0.0,1.0,1.0,5,1.0,1.0,5,1.0,1.0,5,1.0,1.0,5,1.0,1.0,5
COVER__TEST__2690.pgm,2690.pgm,COVER,0,MULTI_CANDIDATE,MiPOD,HILL,MiPOD,HILL,WOW,S-UNIWARD,HUGO,,"MiPOD,HILL,WOW,S-UNIWARD",4,0,1.0,0.9863560264769301,0.013643973523069897,0.970490408912154,0.8,4,0.9578792574218775,0.8,4,0.9863560264769301,0.8,4,0.8345760279669807,0.8,4,1.0,1.0,5
COVER__TEST__9538.pgm,9538.pgm,COVER,0,UNKNOWN_OR_COVER,UNKNOWN,,HUGO,S-UNIWARD,MiPOD,HILL,WOW,,,0,0,0.8134897060558144,0.7750146363003975,0.038475069755416924,0.43782115460417054,0.2,1,0.7750146363003975,0.2,1,0.6732063430568834,0.2,1,0.8134897060558144,0.0,0,0.7679082551317025,0.2,1
COVER__TEST__3915.pgm,3915.pgm,COVER,0,MULTI_CANDIDATE,HUGO,MiPOD,HUGO,MiPOD,HILL,S-UNIWARD,WOW,,"HUGO,MiPOD,HILL",3,0,1.0,1.0,0.0,0.7964425783782627,0.6,3,0.8498126702772353,0.8,4,0.9371084694219824,0.8,4,1.0,1.0,5,1.0,1.0,5
COVER__TEST__49.pgm,49.pgm,COVER,0,UNKNOWN_OR_COVER,UNKNOWN,,HUGO,S-UNIWARD,MiPOD,HILL,WOW,,,0,0,0.8297603997451916,0.7996899447069274,0.03007045503826411,0.449250304415899,0.2,1,0.7996899447069274,0.4,2,0.6833768770081604,0.2,1,0.8297603997451916,0.6,3,0.7881356333143243,0.2,1
COVER__TEST__444.pgm,444.pgm,COVER,0,UNKNOWN_OR_COVER,UNKNOWN,,HUGO,S-UNIWARD,MiPOD,HILL,WOW,,,0,0,0.8127948331809283,0.7743129280733152,0.03848190510761307,0.43827412205994687,0.2,1,0.7743129280733152,0.2,1,0.6737547516605189,0.2,1,0.8127948331809283,0.0,0,0.7690711416021163,0.2,1
COVER__TEST__2047.pgm,2047.pgm,COVER,0,UNKNOWN_OR_COVER,UNKNOWN,,HUGO,S-UNIWARD,MiPOD,HILL,WOW,,,0,0,0.8267380290480985,0.7923177845019165,0.03442024454618198,0.4675379274732552,0.2,1,0.7923177845019165,0.2,1,0.6807350236245913,0.4,2,0.8267380290480985,0.6,3,0.7788467871383211,0.4,2
COVER__TEST__7693.pgm,7693.pgm,COVER,0,SINGLE_CANDIDATE,MiPOD,HUGO,MiPOD,HUGO,HILL,S-UNIWARD,WOW,,MiPOD,1,0,0.9674205773187993,0.8626190138118659,0.10480156350693337,0.6339138083228825,0.4,2,0.8434508324448089,0.6,3,0.844709036905767,0.8,4,0.8626190138118659,0.8,4,0.9674205773187993,0.8,4
COVER__TEST__5167.pgm,5167.pgm,COVER,0,MULTI_CANDIDATE,HUGO,S-UNIWARD,HUGO,S-UNIWARD,MiPOD,HILL,WOW,,"HUGO,S-UNIWARD",2,0,0.9747970209301491,0.9422562619073979,0.03254075902275122,0.6848916791854667,0.2,1,0.9422562619073979,0.6,3,0.7092450966404452,0.4,2,0.9747970209301491,0.6,3,0.8296778494980271,0.6,3
COVER__TEST__5246.pgm,5246.pgm,COVER,0,UNKNOWN_OR_COVER,UNKNOWN,,HUGO,S-UNIWARD,MiPOD,HILL,WOW,,,0,0,0.8244441267009552,0.7868833820902834,0.037560744610671826,0.4519836012968975,0.2,1,0.7868833820902834,0.2,1,0.6806010464803074,0.6,3,0.8244441267009552,0.6,3,0.7781140747195463,0.6,3
COVER__TEST__4410.pgm,4410.pgm,COVER,0,MULTI_CANDIDATE,S-UNIWARD,WOW,S-UNIWARD,WOW,MiPOD,HILL,HUGO,,"S-UNIWARD,WOW,MiPOD,HILL",4,0,0.9960492739608886,0.9959192745768203,0.00012999938406832445,0.9959192745768203,0.8,4,0.9960492739608886,0.8,4,0.9670451682126165,0.6,3,0.8331181938065004,0.8,4,0.9958520693077029,0.8,4
COVER__TEST__1479.pgm,1479.pgm,COVER,0,UNKNOWN_OR_COVER,UNKNOWN,,HUGO,S-UNIWARD,MiPOD,HILL,WOW,,,0,0,0.812589185175319,0.7743797705117105,0.0382094146636085,0.43813970670023855,0.2,1,0.7743797705117105,0.2,1,0.6747343229427374,0.2,1,0.812589185175319,0.2,1,0.7692663726907674,0.2,1
COVER__TEST__5292.pgm,5292.pgm,COVER,0,UNKNOWN_OR_COVER,UNKNOWN,,HUGO,S-UNIWARD,MiPOD,HILL,WOW,,,0,0,0.8177199036387257,0.7771695113116889,0.04055039232703683,0.4400663948057173,0.2,1,0.7771695113116889,0.2,1,0.6760411242104408,0.2,1,0.8177199036387257,0.0,0,0.771710302054597,0.2,1
COVER__TEST__7928.pgm,7928.pgm,COVER,0,MULTI_CANDIDATE,WOW,S-UNIWARD,WOW,S-UNIWARD,HILL,HUGO,MiPOD,,"WOW,S-UNIWARD,HILL,HUGO,MiPOD",5,0,1.0,1.0,0.0,1.0,1.0,5,1.0,1.0,5,1.0,1.0,5,1.0,1.0,5,1.0,1.0,5
COVER__TEST__9289.pgm,9289.pgm,COVER,0,UNKNOWN_OR_COVER,UNKNOWN,,HUGO,S-UNIWARD,MiPOD,HILL,WOW,,,0,0,0.8195287742865756,0.7794541959595187,0.04007457832705685,0.44075978123082943,0.2,1,0.7794541959595187,0.2,1,0.6780137644698262,0.4,2,0.8195287742865756,0.2,1,0.7742514352490908,0.4,2
COVER__TEST__7021.pgm,7021.pgm,COVER,0,UNKNOWN_OR_COVER,UNKNOWN,,HUGO,S-UNIWARD,MiPOD,HILL,WOW,,,0,0,0.8133113614809838,0.7742754106949228,0.039035950786061036,0.4384828250557316,0.2,1,0.7742754106949228,0.2,1,0.6746641339203394,0.2,1,0.8133113614809838,0.0,0,0.7698824601549072,0.2,1
COVER__TEST__1036.pgm,1036.pgm,COVER,0,MULTI_CANDIDATE,S-UNIWARD,HUGO,S-UNIWARD,HUGO,HILL,MiPOD,WOW,,"S-UNIWARD,HUGO,HILL,MiPOD",4,0,1.0,1.0,0.0,0.8770004902581586,0.6,3,1.0,1.0,5,0.9974519807010221,0.8,4,1.0,1.0,5,0.9834399926368551,0.8,4
COVER__TEST__3305.pgm,3305.pgm,COVER,0,MULTI_CANDIDATE,S-UNIWARD,HILL,S-UNIWARD,HILL,HUGO,MiPOD,WOW,,"S-UNIWARD,HILL,HUGO,MiPOD",4,0,1.0,1.0,0.0,0.844770010257999,0.8,4,1.0,1.0,5,1.0,1.0,5,1.0,1.0,5,1.0,1.0,5
COVER__TEST__2103.pgm,2103.pgm,COVER,0,MULTI_CANDIDATE,S-UNIWARD,MiPOD,S-UNIWARD,MiPOD,HILL,HUGO,WOW,,"S-UNIWARD,MiPOD",2,0,0.9779590201312487,0.9274375014419034,0.05052151868934529,0.7049953819042825,0.4,2,0.9779590201312487,0.6,3,0.8301312036271831,0.6,3,0.8245641883472412,0.6,3,0.9274375014419034,0.6,3
COVER__TEST__9137.pgm,9137.pgm,COVER,0,UNKNOWN_OR_COVER,UNKNOWN,,HUGO,S-UNIWARD,MiPOD,HILL,WOW,,,0,0,0.8347271712096667,0.8330679292550689,0.0016592419545977677,0.47900816580006955,0.2,1,0.8330679292550689,0.6,3,0.7085355816800925,0.6,3,0.8347271712096667,0.8,4,0.80422097111761,0.6,3
COVER__TEST__3560.pgm,3560.pgm,COVER,0,SINGLE_CANDIDATE,HUGO,S-UNIWARD,HUGO,S-UNIWARD,MiPOD,HILL,WOW,,HUGO,1,0,1.0,0.8713505925789974,0.12864940742100262,0.6203169850510839,0.4,2,0.8713505925789974,0.4,2,0.7320352968802679,0.6,3,1.0,1.0,5,0.8501732681953367,0.8,4
COVER__TEST__4534.pgm,4534.pgm,COVER,0,MULTI_CANDIDATE,WOW,S-UNIWARD,WOW,S-UNIWARD,HILL,MiPOD,HUGO,,"WOW,S-UNIWARD,HILL,MiPOD",4,0,1.0,1.0,0.0,1.0,1.0,5,1.0,1.0,5,1.0,1.0,5,0.8433133820873184,0.8,4,1.0,1.0,5
COVER__TEST__3313.pgm,3313.pgm,COVER,0,UNKNOWN_OR_COVER,UNKNOWN,,HUGO,S-UNIWARD,MiPOD,HILL,WOW,,,0,0,0.8159626749024502,0.7785658075010554,0.03739686740139481,0.44005061116599353,0.2,1,0.7785658075010554,0.2,1,0.6770924686852282,0.4,2,0.8159626749024502,0.2,1,0.7728127186017753,0.4,2
COVER__TEST__2195.pgm,2195.pgm,COVER,0,UNKNOWN_OR_COVER,UNKNOWN,,HUGO,S-UNIWARD,MiPOD,HILL,WOW,,,0,0,0.8259498161077206,0.7844967702721495,0.04145304583557108,0.44266564462022817,0.2,1,0.7844967702721495,0.2,1,0.6797395317605378,0.2,1,0.8259498161077206,0.4,2,0.7766414287876338,0.2,1
COVER__TEST__490.pgm,490.pgm,COVER,0,UNKNOWN_OR_COVER,UNKNOWN,,HUGO,S-UNIWARD,MiPOD,HILL,WOW,,,0,0,0.8270140760094604,0.784569109797806,0.04244496621165439,0.4424101295320395,0.2,1,0.784569109797806,0.2,1,0.6801884513406429,0.4,2,0.8270140760094604,0.2,1,0.7757915975733407,0.4,2
COVER__TEST__4109.pgm,4109.pgm,COVER,0,MULTI_CANDIDATE,WOW,S-UNIWARD,WOW,S-UNIWARD,HILL,HUGO,MiPOD,,"WOW,S-UNIWARD,HILL,HUGO,MiPOD",5,0,1.0,1.0,0.0,1.0,1.0,5,1.0,1.0,5,1.0,1.0,5,1.0,1.0,5,1.0,1.0,5
COVER__TEST__4061.pgm,4061.pgm,COVER,0,MULTI_CANDIDATE,WOW,S-UNIWARD,WOW,S-UNIWARD,HILL,HUGO,MiPOD,,"WOW,S-UNIWARD,HILL,HUGO,MiPOD",5,0,1.0,1.0,0.0,1.0,1.0,5,1.0,1.0,5,1.0,1.0,5,1.0,1.0,5,1.0,1.0,5
COVER__TEST__2460.pgm,2460.pgm,COVER,0,SINGLE_CANDIDATE,S-UNIWARD,HUGO,S-UNIWARD,HUGO,MiPOD,HILL,WOW,,S-UNIWARD,1,0,0.9917846979306887,0.8339352242754254,0.15784947365526325,0.5504609380617728,0.4,2,0.9917846979306887,0.6,3,0.6931919840989321,0.6,3,0.8339352242754254,0.8,4,0.7945049273658551,0.6,3
COVER__TEST__1886.pgm,1886.pgm,COVER,0,UNKNOWN_OR_COVER,UNKNOWN,,HUGO,S-UNIWARD,MiPOD,HILL,WOW,,,0,0,0.8231046444154181,0.7822745487464504,0.04083009566896767,0.44261103589202894,0.2,1,0.7822745487464504,0.2,1,0.6804161263159638,0.6,3,0.8231046444154181,0.4,2,0.7773315310697513,0.4,2
COVER__TEST__5500.pgm,5500.pgm,COVER,0,UNKNOWN_OR_COVER,UNKNOWN,,HUGO,S-UNIWARD,MiPOD,HILL,WOW,,,0,0,0.8341288182293727,0.832553295267474,0.0015755229618986677,0.4626331304175042,0.2,1,0.832553295267474,0.4,2,0.6952494615069151,0.6,3,0.8341288182293727,0.8,4,0.800915138110585,0.6,3
COVER__TEST__7320.pgm,7320.pgm,COVER,0,UNKNOWN_OR_COVER,UNKNOWN,,HUGO,S-UNIWARD,MiPOD,HILL,WOW,,,0,0,0.8160781614014867,0.7760116738918683,0.04006648750961839,0.439605922340575,0.2,1,0.7760116738918683,0.2,1,0.6757479806439949,0.2,1,0.8160781614014867,0.0,0,0.7714159465257475,0.2,1
COVER__TEST__5382.pgm,5382.pgm,COVER,0,UNKNOWN_OR_COVER,UNKNOWN,,HUGO,S-UNIWARD,MiPOD,HILL,WOW,,,0,0,0.8196994567131947,0.7845145431159152,0.03518491359727949,0.4416875843627338,0.2,1,0.7845145431159152,0.4,2,0.6770460141400396,0.4,2,0.8196994567131947,0.4,2,0.7743148577393975,0.4,2
COVER__TEST__7526.pgm,7526.pgm,COVER,0,MULTI_CANDIDATE,S-UNIWARD,HILL,S-UNIWARD,HILL,MiPOD,HUGO,WOW,,"S-UNIWARD,HILL,MiPOD",3,0,1.0,1.0,0.0,0.8410077862042049,0.8,4,1.0,1.0,5,1.0,1.0,5,0.874526442298281,0.8,4,1.0,1.0,5
COVER__TEST__7641.pgm,7641.pgm,COVER,0,UNKNOWN_OR_COVER,UNKNOWN,,HUGO,S-UNIWARD,MiPOD,HILL,WOW,,,0,0,0.8163192882119411,0.7769339864085032,0.03938530180343791,0.4391785182959361,0.2,1,0.7769339864085032,0.2,1,0.6749558981986022,0.2,1,0.8163192882119411,0.0,0,0.7707229868269099,0.2,1
COVER__TEST__9546.pgm,9546.pgm,COVER,0,MULTI_CANDIDATE,WOW,S-UNIWARD,WOW,S-UNIWARD,HILL,MiPOD,HUGO,,"WOW,S-UNIWARD,HILL,MiPOD,HUGO",5,0,1.0,1.0,0.0,1.0,1.0,5,1.0,1.0,5,1.0,1.0,5,0.9921972925900274,0.8,4,1.0,1.0,5
COVER__TEST__8703.pgm,8703.pgm,COVER,0,MULTI_CANDIDATE,WOW,S-UNIWARD,WOW,S-UNIWARD,HILL,HUGO,MiPOD,,"WOW,S-UNIWARD,HILL,HUGO,MiPOD",5,0,1.0,1.0,0.0,1.0,1.0,5,1.0,1.0,5,1.0,1.0,5,1.0,1.0,5,1.0,1.0,5
COVER__TEST__4325.pgm,4325.pgm,COVER,0,UNKNOWN_OR_COVER,UNKNOWN,,MiPOD,HUGO,S-UNIWARD,HILL,WOW,,,0,0,0.8930947110457621,0.888670928826355,0.004423782219407091,0.5988932050807524,0.2,1,0.8420413728118057,0.8,4,0.7879261561320146,0.6,3,0.888670928826355,0.8,4,0.8930947110457621,0.8,4
COVER__TEST__7134.pgm,7134.pgm,COVER,0,UNKNOWN_OR_COVER,UNKNOWN,,HUGO,S-UNIWARD,MiPOD,HILL,WOW,,,0,0,0.814372075721727,0.7750670875585742,0.039304988163152754,0.4388727450485092,0.2,1,0.7750670875585742,0.2,1,0.6746976309453144,0.2,1,0.814372075721727,0.0,0,0.7702289123283504,0.2,1
COVER__TEST__9227.pgm,9227.pgm,COVER,0,UNKNOWN_OR_COVER,UNKNOWN,,HUGO,S-UNIWARD,MiPOD,HILL,WOW,,,0,0,0.8161821190281229,0.7772967797682296,0.03888533925989324,0.4395534236778647,0.2,1,0.7772967797682296,0.2,1,0.6762875438801672,0.4,2,0.8161821190281229,0.2,1,0.772344839386227,0.4,2
COVER__TEST__2744.pgm,2744.pgm,COVER,0,UNKNOWN_OR_COVER,UNKNOWN,,HUGO,S-UNIWARD,MiPOD,HILL,WOW,,,0,0,0.8250745521404929,0.784124399174376,0.040950152966116815,0.44254429828176145,0.2,1,0.784124399174376,0.2,1,0.6801945981168122,0.4,2,0.8250745521404929,0.4,2,0.7766459839660143,0.4,2
COVER__TEST__4658.pgm,4658.pgm,COVER,0,MULTI_CANDIDATE,WOW,S-UNIWARD,WOW,S-UNIWARD,HILL,HUGO,MiPOD,,"WOW,S-UNIWARD,HILL,HUGO,MiPOD",5,0,1.0,1.0,0.0,1.0,1.0,5,1.0,1.0,5,1.0,1.0,5,1.0,1.0,5,1.0,1.0,5
COVER__TEST__2253.pgm,2253.pgm,COVER,0,UNKNOWN_OR_COVER,UNKNOWN,,HUGO,S-UNIWARD,MiPOD,HILL,WOW,,,0,0,0.8180523200990317,0.7826271041725024,0.03542521592652936,0.44121658506424577,0.2,1,0.7826271041725024,0.4,2,0.6772754713237735,0.4,2,0.8180523200990317,0.4,2,0.7746190341233679,0.4,2
COVER__TEST__9573.pgm,9573.pgm,COVER,0,UNKNOWN_OR_COVER,UNKNOWN,,HUGO,S-UNIWARD,MiPOD,HILL,WOW,,,0,0,0.8350536528331908,0.8050230207639736,0.03003063206921719,0.4492460157057039,0.2,1,0.8050230207639736,0.2,1,0.686838913419482,0.6,3,0.8350536528331908,0.6,3,0.7844519836250734,0.4,2
COVER__TEST__9298.pgm,9298.pgm,COVER,0,MULTI_CANDIDATE,S-UNIWARD,HILL,S-UNIWARD,HILL,MiPOD,HUGO,WOW,,"S-UNIWARD,HILL,MiPOD",3,0,0.982708073465699,0.9665567107682447,0.01615136269745432,0.7936336647222696,0.6,3,0.982708073465699,0.8,4,0.9665567107682447,0.8,4,0.8371641492329994,0.8,4,0.9497237087446534,0.8,4
COVER__TEST__3198.pgm,3198.pgm,COVER,0,MULTI_CANDIDATE,HILL,MiPOD,HILL,MiPOD,S-UNIWARD,HUGO,WOW,,"HILL,MiPOD,S-UNIWARD,HUGO",4,0,1.0,1.0,0.0,0.8422339898359261,0.8,4,0.9903316730633733,0.8,4,1.0,1.0,5,0.9894714246583817,0.8,4,1.0,1.0,5
COVER__TEST__3234.pgm,3234.pgm,COVER,0,MULTI_CANDIDATE,S-UNIWARD,HILL,S-UNIWARD,HILL,MiPOD,HUGO,WOW,,"S-UNIWARD,HILL,MiPOD,HUGO,WOW",5,0,1.0,1.0,0.0,0.9271784024343848,0.8,4,1.0,1.0,5,1.0,1.0,5,0.9584217984135923,0.8,4,1.0,1.0,5
COVER__TEST__1789.pgm,1789.pgm,COVER,0,UNKNOWN_OR_COVER,UNKNOWN,,MiPOD,S-UNIWARD,HUGO,HILL,WOW,,,0,0,0.8436400133132039,0.8361417689106976,0.007498244402506349,0.5108959202405894,0.2,1,0.8361417689106976,0.6,3,0.7473364816204606,0.4,2,0.8347196822371441,0.8,4,0.8436400133132039,0.4,2
COVER__TEST__209.pgm,209.pgm,COVER,0,MULTI_CANDIDATE,HUGO,S-UNIWARD,HUGO,S-UNIWARD,HILL,WOW,MiPOD,,"HUGO,S-UNIWARD",2,0,0.9819160592588553,0.9472595244903959,0.034656534768459424,0.8400680532895143,0.8,4,0.9472595244903959,0.8,4,0.8414966797857003,0.8,4,0.9819160592588553,0.8,4,0.8373028307862629,0.8,4
COVER__TEST__8249.pgm,8249.pgm,COVER,0,UNKNOWN_OR_COVER,UNKNOWN,,HUGO,S-UNIWARD,MiPOD,HILL,WOW,,,0,0,0.8132536700100086,0.7745854709581148,0.03866819905189378,0.4386181486237568,0.2,1,0.7745854709581148,0.2,1,0.6730975448052761,0.2,1,0.8132536700100086,0.0,0,0.768878416545414,0.2,1
COVER__TEST__6907.pgm,6907.pgm,COVER,0,UNKNOWN_OR_COVER,UNKNOWN,,HUGO,S-UNIWARD,MiPOD,HILL,WOW,,,0,0,0.8343231301864836,0.8258188540803151,0.008504276106168551,0.45868912070695467,0.2,1,0.8258188540803151,0.4,2,0.6967923781509346,0.2,1,0.8343231301864836,0.2,1,0.7912433920422867,0.2,1
COVER__TEST__1961.pgm,1961.pgm,COVER,0,MULTI_CANDIDATE,WOW,S-UNIWARD,WOW,S-UNIWARD,HILL,HUGO,MiPOD,,"WOW,S-UNIWARD,HILL,HUGO,MiPOD",5,0,1.0,1.0,0.0,1.0,1.0,5,1.0,1.0,5,1.0,1.0,5,1.0,1.0,5,1.0,1.0,5
COVER__TEST__2680.pgm,2680.pgm,COVER,0,UNKNOWN_OR_COVER,UNKNOWN,,HUGO,MiPOD,S-UNIWARD,HILL,WOW,,,0,0,0.8178666936887717,0.8013592632055563,0.016507430483215457,0.45418784718934696,0.2,1,0.7887096135978607,0.4,2,0.6822255170896236,0.2,1,0.8178666936887717,0.4,2,0.8013592632055563,0.2,1
COVER__TEST__8042.pgm,8042.pgm,COVER,0,UNKNOWN_OR_COVER,UNKNOWN,,HUGO,S-UNIWARD,MiPOD,HILL,WOW,,,0,0,0.8739300574567039,0.8229336494619934,0.0509964079947105,0.45231745330012824,0.2,1,0.8229336494619934,0.2,1,0.6897687005480203,0.4,2,0.8739300574567039,0.4,2,0.7846740151295268,0.4,2
COVER__TEST__4720.pgm,4720.pgm,COVER,0,MULTI_CANDIDATE,WOW,S-UNIWARD,WOW,S-UNIWARD,HILL,HUGO,MiPOD,,"WOW,S-UNIWARD,HILL,HUGO,MiPOD",5,0,1.0,1.0,0.0,1.0,1.0,5,1.0,1.0,5,1.0,1.0,5,1.0,1.0,5,1.0,1.0,5
COVER__TEST__1755.pgm,1755.pgm,COVER,0,MULTI_CANDIDATE,HILL,MiPOD,HILL,MiPOD,S-UNIWARD,HUGO,WOW,,"HILL,MiPOD,S-UNIWARD",3,0,0.9999018283850047,0.9999018283850047,0.0,0.8264577914813307,0.8,4,0.9972617564172651,0.6,3,0.9999018283850047,0.8,4,0.8577575926240956,0.6,3,0.9999018283850047,0.8,4
COVER__TEST__3716.pgm,3716.pgm,COVER,0,MULTI_CANDIDATE,S-UNIWARD,HILL,S-UNIWARD,HILL,MiPOD,HUGO,WOW,,"S-UNIWARD,HILL,MiPOD,HUGO,WOW",5,0,1.0,1.0,0.0,0.9422584934177859,0.8,4,1.0,1.0,5,1.0,1.0,5,0.9624900178727132,0.8,4,1.0,1.0,5
COVER__TEST__6021.pgm,6021.pgm,COVER,0,UNKNOWN_OR_COVER,UNKNOWN,,HUGO,S-UNIWARD,MiPOD,HILL,WOW,,,0,0,0.814059876257887,0.7766112179597146,0.037448658298172455,0.4391166808059784,0.2,1,0.7766112179597146,0.2,1,0.6759971906119584,0.4,2,0.814059876257887,0.2,1,0.7712031697055233,0.4,2
COVER__TEST__7493.pgm,7493.pgm,COVER,0,MULTI_CANDIDATE,WOW,S-UNIWARD,WOW,S-UNIWARD,HILL,HUGO,MiPOD,,"WOW,S-UNIWARD,HILL,HUGO,MiPOD",5,0,1.0,1.0,0.0,1.0,1.0,5,1.0,1.0,5,1.0,1.0,5,1.0,1.0,5,1.0,1.0,5
COVER__TEST__8057.pgm,8057.pgm,COVER,0,UNKNOWN_OR_COVER,UNKNOWN,,HUGO,S-UNIWARD,MiPOD,HILL,WOW,,,0,0,0.8279484633735132,0.7910996043979707,0.036848858975542576,0.4421925157800725,0.2,1,0.7910996043979707,0.2,1,0.6775706102425566,0.4,2,0.8279484633735132,0.6,3,0.7741274488591227,0.4,2
COVER__TEST__792.pgm,792.pgm,COVER,0,UNKNOWN_OR_COVER,UNKNOWN,,HUGO,S-UNIWARD,MiPOD,HILL,WOW,,,0,0,0.8236137632960849,0.7869643016037898,0.036649461692295104,0.44394448613533893,0.2,1,0.7869643016037898,0.2,1,0.6806451073583695,0.2,1,0.8236137632960849,0.4,2,0.7798155587944067,0.2,1
COVER__TEST__5190.pgm,5190.pgm,COVER,0,UNKNOWN_OR_COVER,UNKNOWN,,HUGO,S-UNIWARD,MiPOD,HILL,WOW,,,0,0,0.8248646282619303,0.7836801150685744,0.04118451319335592,0.44661956710248435,0.2,1,0.7836801150685744,0.2,1,0.6805891428678612,0.6,3,0.8248646282619303,0.4,2,0.7778201535053804,0.6,3
COVER__TEST__1178.pgm,1178.pgm,COVER,0,UNKNOWN_OR_COVER,UNKNOWN,,HUGO,S-UNIWARD,MiPOD,HILL,WOW,,,0,0,0.822804042396325,0.7831784395244028,0.03962560287192218,0.4413000617013207,0.2,1,0.7831784395244028,0.2,1,0.6779595741294686,0.4,2,0.822804042396325,0.4,2,0.7744589048689454,0.4,2
COVER__TEST__251.pgm,251.pgm,COVER,0,SINGLE_CANDIDATE,S-UNIWARD,MiPOD,S-UNIWARD,MiPOD,HILL,WOW,HUGO,,S-UNIWARD,1,0,0.9416693144992374,0.8315173594908234,0.11015195500841402,0.8167113042506688,0.4,2,0.9416693144992374,0.6,3,0.8308354773819419,0.4,2,0.8147568777237867,0.6,3,0.8315173594908234,0.6,3
COVER__TEST__8236.pgm,8236.pgm,COVER,0,SINGLE_CANDIDATE,MiPOD,HILL,MiPOD,HILL,HUGO,S-UNIWARD,WOW,,MiPOD,1,0,0.9395320141869682,0.8372615007768266,0.1022705134101416,0.6030109179735406,0.4,2,0.8308756184455497,0.6,3,0.8372615007768266,0.8,4,0.8367350622959744,0.8,4,0.9395320141869682,0.8,4
COVER__TEST__9433.pgm,9433.pgm,COVER,0,UNKNOWN_OR_COVER,UNKNOWN,,HUGO,S-UNIWARD,MiPOD,HILL,WOW,,,0,0,0.8136013633130108,0.7744822755503011,0.03911908776270967,0.43863145170662066,0.2,1,0.7744822755503011,0.2,1,0.6748754124525294,0.2,1,0.8136013633130108,0.0,0,0.7699544648363779,0.2,1
COVER__TEST__5305.pgm,5305.pgm,COVER,0,UNKNOWN_OR_COVER,UNKNOWN,,HUGO,S-UNIWARD,MiPOD,HILL,WOW,,,0,0,0.8134136818559471,0.7752692899505353,0.038144391905411745,0.43827292338566703,0.0,0,0.7752692899505353,0.2,1,0.6739107983046522,0.2,1,0.8134136818559471,0.0,0,0.769319559917904,0.0,0
COVER__TEST__9158.pgm,9158.pgm,COVER,0,UNKNOWN_OR_COVER,UNKNOWN,,HUGO,S-UNIWARD,MiPOD,HILL,WOW,,,0,0,0.8147066040515462,0.7802190057174214,0.034487598334124736,0.4390907624316177,0.2,1,0.7802190057174214,0.4,2,0.6737278575233512,0.4,2,0.8147066040515462,0.2,1,0.76975077046226,0.4,2
COVER__TEST__1801.pgm,1801.pgm,COVER,0,UNKNOWN_OR_COVER,UNKNOWN,,HUGO,S-UNIWARD,MiPOD,HILL,WOW,,,0,0,0.8562847349911833,0.8030780659584857,0.05320666903269755,0.44982426818898774,0.2,1,0.8030780659584857,0.6,3,0.6854998969658904,0.4,2,0.8562847349911833,0.6,3,0.7880652573771788,0.4,2
COVER__TEST__1669.pgm,1669.pgm,COVER,0,UNKNOWN_OR_COVER,UNKNOWN,,HUGO,S-UNIWARD,MiPOD,HILL,WOW,,,0,0,0.8092244963564378,0.7786204591829257,0.030604037173512122,0.43632944013205577,0.2,1,0.7786204591829257,0.2,1,0.6686690914083353,0.4,2,0.8092244963564378,0.4,2,0.7666665645002833,0.4,2
COVER__TEST__5042.pgm,5042.pgm,COVER,0,MULTI_CANDIDATE,S-UNIWARD,HUGO,S-UNIWARD,HUGO,MiPOD,WOW,HILL,,"S-UNIWARD,HUGO,MiPOD",3,0,1.0,1.0,0.0,0.8743809464887959,0.8,4,1.0,1.0,5,0.8311237478933045,0.6,3,1.0,1.0,5,0.9518602058406449,0.8,4
COVER__TEST__2864.pgm,2864.pgm,COVER,0,SINGLE_CANDIDATE,MiPOD,HILL,MiPOD,HILL,S-UNIWARD,HUGO,WOW,,MiPOD,1,0,0.999157355008192,0.8937184615209091,0.10543889348728297,0.7106364775702674,0.4,2,0.836500633160908,0.6,3,0.8937184615209091,0.6,3,0.8347309050591474,0.6,3,0.999157355008192,0.8,4
COVER__TEST__9467.pgm,9467.pgm,COVER,0,MULTI_CANDIDATE,WOW,S-UNIWARD,WOW,S-UNIWARD,HILL,HUGO,MiPOD,,"WOW,S-UNIWARD,HILL,HUGO,MiPOD",5,0,1.0,1.0,0.0,1.0,1.0,5,1.0,1.0,5,1.0,1.0,5,1.0,1.0,5,1.0,1.0,5
COVER__TEST__1205.pgm,1205.pgm,COVER,0,MULTI_CANDIDATE,HILL,MiPOD,HILL,MiPOD,HUGO,S-UNIWARD,WOW,,"HILL,MiPOD",2,0,1.0,1.0,0.0,0.8557770415938958,0.8,4,0.872886439681084,0.8,4,1.0,1.0,5,0.8826600559330524,0.8,4,1.0,1.0,5
COVER__TEST__5455.pgm,5455.pgm,COVER,0,UNKNOWN_OR_COVER,UNKNOWN,,HUGO,S-UNIWARD,MiPOD,HILL,WOW,,,0,0,0.826230353654511,0.7879746915304761,0.03825566212403497,0.4417404378624637,0.2,1,0.7879746915304761,0.2,1,0.6773886993725231,0.4,2,0.826230353654511,0.4,2,0.774214664823846,0.4,2
COVER__TEST__3643.pgm,3643.pgm,COVER,0,UNKNOWN_OR_COVER,UNKNOWN,,HUGO,S-UNIWARD,MiPOD,HILL,WOW,,,0,0,0.8213846041616412,0.7792107069049992,0.042173897256642,0.4423941505938166,0.2,1,0.7792107069049992,0.2,1,0.6799195522227756,0.6,3,0.8213846041616412,0.4,2,0.7769837469407423,0.6,3
COVER__TEST__6319.pgm,6319.pgm,COVER,0,SINGLE_CANDIDATE,S-UNIWARD,HILL,S-UNIWARD,HILL,MiPOD,HUGO,WOW,,S-UNIWARD,1,0,0.941960438201289,0.8363894132795684,0.10557102492172066,0.7374300680648253,0.4,2,0.941960438201289,0.6,3,0.8363894132795684,0.6,3,0.814806054184056,0.6,3,0.8318081920720994,0.6,3
COVER__TEST__4352.pgm,4352.pgm,COVER,0,MULTI_CANDIDATE,S-UNIWARD,HILL,S-UNIWARD,HILL,HUGO,WOW,MiPOD,,"S-UNIWARD,HILL,HUGO,WOW,MiPOD",5,0,1.0,1.0,0.0,0.9990843140745442,0.8,4,1.0,1.0,5,1.0,1.0,5,1.0,1.0,5,0.9853448787856488,0.8,4
COVER__TEST__5366.pgm,5366.pgm,COVER,0,UNKNOWN_OR_COVER,UNKNOWN,,HUGO,S-UNIWARD,MiPOD,HILL,WOW,,,0,0,0.835752061073537,0.826796187514861,0.008955873558675997,0.45399864135158835,0.2,1,0.826796187514861,0.2,1,0.6913524076875339,0.4,2,0.835752061073537,0.6,3,0.7878278685332487,0.4,2
COVER__TEST__3860.pgm,3860.pgm,COVER,0,SINGLE_CANDIDATE,HUGO,S-UNIWARD,HUGO,S-UNIWARD,MiPOD,HILL,WOW,,HUGO,1,0,1.0,0.8085517556681406,0.19144824433185936,0.46747896512801235,0.0,0,0.8085517556681406,0.2,1,0.6352311966952551,0.4,2,1.0,1.0,5,0.7859105900981813,0.4,2
COVER__TEST__2480.pgm,2480.pgm,COVER,0,UNKNOWN_OR_COVER,UNKNOWN,,HUGO,S-UNIWARD,MiPOD,HILL,WOW,,,0,0,0.8206632435722646,0.7780853434699989,0.0425779001022657,0.44260764437793465,0.2,1,0.7780853434699989,0.2,1,0.6794546784849174,0.4,2,0.8206632435722646,0.4,2,0.7763442204957116,0.4,2
COVER__TEST__5170.pgm,5170.pgm,COVER,0,UNKNOWN_OR_COVER,UNKNOWN,,MiPOD,HUGO,S-UNIWARD,HILL,WOW,,,0,0,0.8869390356602445,0.8250072943570862,0.06193174130315826,0.5653073924716356,0.2,1,0.8219246562826843,0.4,2,0.8053150043731113,0.2,1,0.8250072943570862,0.2,1,0.8869390356602445,0.2,1
COVER__TEST__8734.pgm,8734.pgm,COVER,0,MULTI_CANDIDATE,WOW,S-UNIWARD,WOW,S-UNIWARD,HILL,HUGO,MiPOD,,"WOW,S-UNIWARD,HILL,HUGO,MiPOD",5,0,1.0,1.0,0.0,1.0,1.0,5,1.0,1.0,5,1.0,1.0,5,1.0,1.0,5,1.0,1.0,5
COVER__TEST__5075.pgm,5075.pgm,COVER,0,UNKNOWN_OR_COVER,UNKNOWN,,HUGO,S-UNIWARD,MiPOD,HILL,WOW,,,0,0,0.8157907596868241,0.77690191769736,0.038888841989464185,0.4390287396314161,0.2,1,0.77690191769736,0.2,1,0.6740865286128211,0.2,1,0.8157907596868241,0.0,0,0.7704291945658992,0.2,1
COVER__TEST__8138.pgm,8138.pgm,COVER,0,UNKNOWN_OR_COVER,UNKNOWN,,HUGO,S-UNIWARD,MiPOD,HILL,WOW,,,0,0,0.8181297510132637,0.7796363222473759,0.038493428765887794,0.4397350394177372,0.2,1,0.7796363222473759,0.2,1,0.6762310713880934,0.4,2,0.8181297510132637,0.2,1,0.7718128924051348,0.4,2
COVER__TEST__4189.pgm,4189.pgm,COVER,0,MULTI_CANDIDATE,WOW,S-UNIWARD,WOW,S-UNIWARD,HILL,HUGO,MiPOD,,"WOW,S-UNIWARD,HILL,HUGO,MiPOD",5,0,1.0,1.0,0.0,1.0,1.0,5,1.0,1.0,5,1.0,1.0,5,1.0,1.0,5,1.0,1.0,5
COVER__TEST__3822.pgm,3822.pgm,COVER,0,MULTI_CANDIDATE,S-UNIWARD,HILL,S-UNIWARD,HILL,MiPOD,HUGO,WOW,,"S-UNIWARD,HILL,MiPOD,HUGO",4,0,1.0,1.0,0.0,0.8427607349703369,0.8,4,1.0,1.0,5,1.0,1.0,5,0.9266921245933183,0.8,4,1.0,1.0,5
COVER__TEST__3728.pgm,3728.pgm,COVER,0,SINGLE_CANDIDATE,HUGO,S-UNIWARD,HUGO,S-UNIWARD,MiPOD,HILL,WOW,,HUGO,1,0,1.0,0.8569713926528767,0.1430286073471233,0.5694871648812938,0.2,1,0.8569713926528767,0.8,4,0.6907942607426911,0.4,2,1.0,1.0,5,0.8567643667661979,0.8,4
COVER__TEST__890.pgm,890.pgm,COVER,0,MULTI_CANDIDATE,S-UNIWARD,HILL,S-UNIWARD,HILL,HUGO,MiPOD,WOW,,"S-UNIWARD,HILL,HUGO,MiPOD,WOW",5,0,1.0,1.0,0.0,0.9136818702251162,0.8,4,1.0,1.0,5,1.0,1.0,5,1.0,1.0,5,1.0,1.0,5
COVER__TEST__2760.pgm,2760.pgm,COVER,0,UNKNOWN_OR_COVER,UNKNOWN,,HUGO,MiPOD,S-UNIWARD,HILL,WOW,,,0,0,0.8234487596842077,0.7909426273484859,0.03250613233572186,0.449819120676117,0.2,1,0.7879145453969859,0.4,2,0.6829470163976679,0.4,2,0.8234487596842077,0.4,2,0.7909426273484859,0.4,2
COVER__TEST__5650.pgm,5650.pgm,COVER,0,UNKNOWN_OR_COVER,UNKNOWN,,HUGO,S-UNIWARD,MiPOD,HILL,WOW,,,0,0,0.8151145230041115,0.7757698909613797,0.03934463204273175,0.43906027726374475,0.2,1,0.7757698909613797,0.2,1,0.6757050476003489,0.2,1,0.8151145230041115,0.2,1,0.7708037054748078,0.2,1
COVER__TEST__3838.pgm,3838.pgm,COVER,0,MULTI_CANDIDATE,HILL,S-UNIWARD,HILL,S-UNIWARD,MiPOD,WOW,HUGO,,"HILL,S-UNIWARD,MiPOD,WOW",4,0,0.9986382327111338,0.9984430170940982,0.00019521561703561563,0.9910219084482244,0.6,3,0.9984430170940982,0.8,4,0.9986382327111338,0.8,4,0.8335225638273984,0.8,4,0.998243404590708,0.8,4
COVER__TEST__2777.pgm,2777.pgm,COVER,0,MULTI_CANDIDATE,HUGO,MiPOD,HUGO,MiPOD,HILL,WOW,S-UNIWARD,,"HUGO,MiPOD,HILL",3,0,1.0,0.9839974687415094,0.016002531258490604,0.851088808591604,0.6,3,0.8480423895302576,0.6,3,0.9278943592972084,0.6,3,1.0,1.0,5,0.9839974687415094,0.8,4
COVER__TEST__4398.pgm,4398.pgm,COVER,0,MULTI_CANDIDATE,S-UNIWARD,HILL,S-UNIWARD,HILL,HUGO,MiPOD,WOW,,"S-UNIWARD,HILL,HUGO,MiPOD,WOW",5,0,1.0,1.0,0.0,0.9931600438422171,0.8,4,1.0,1.0,5,1.0,1.0,5,1.0,1.0,5,1.0,1.0,5
COVER__TEST__4704.pgm,4704.pgm,COVER,0,SINGLE_CANDIDATE,HUGO,MiPOD,HUGO,MiPOD,S-UNIWARD,HILL,WOW,,HUGO,1,0,0.9823738692139795,0.8373967070903003,0.14497716212367917,0.6667884088375469,0.6,3,0.8184825634585151,0.4,2,0.7847408112351542,0.6,3,0.9823738692139795,0.8,4,0.8373967070903003,0.8,4
COVER__TEST__5519.pgm,5519.pgm,COVER,0,SINGLE_CANDIDATE,HUGO,S-UNIWARD,HUGO,S-UNIWARD,MiPOD,HILL,WOW,,HUGO,1,0,0.9987577164576944,0.8445109348700779,0.1542467815876165,0.5192724666014015,0.2,1,0.8445109348700779,0.4,2,0.7036895274741815,0.4,2,0.9987577164576944,0.6,3,0.7983193477960381,0.4,2
COVER__TEST__4993.pgm,4993.pgm,COVER,0,SINGLE_CANDIDATE,MiPOD,HILL,MiPOD,HILL,S-UNIWARD,HUGO,WOW,,MiPOD,1,0,0.9956670877949161,0.859893060151343,0.13577402764357305,0.6468169571498982,0.4,2,0.8373243310815098,0.8,4,0.859893060151343,0.6,3,0.8314499920360575,0.6,3,0.9956670877949161,0.8,4
COVER__TEST__769.pgm,769.pgm,COVER,0,SINGLE_CANDIDATE,MiPOD,HILL,MiPOD,HILL,HUGO,S-UNIWARD,WOW,,MiPOD,1,0,0.9348695169401531,0.8344327731550842,0.10043674378506884,0.5998020509323441,0.4,2,0.8237477717516167,0.4,2,0.8344327731550842,0.6,3,0.8305238982564059,0.2,1,0.9348695169401531,0.4,2
COVER__TEST__6186.pgm,6186.pgm,COVER,0,UNKNOWN_OR_COVER,UNKNOWN,,HUGO,S-UNIWARD,MiPOD,HILL,WOW,,,0,0,0.8152223752520804,0.7775721051807194,0.037650270071361014,0.43946862966856715,0.2,1,0.7775721051807194,0.2,1,0.6760427197092522,0.4,2,0.8152223752520804,0.2,1,0.7721129041120505,0.4,2
COVER__TEST__5876.pgm,5876.pgm,COVER,0,UNKNOWN_OR_COVER,UNKNOWN,,HUGO,S-UNIWARD,MiPOD,HILL,WOW,,,0,0,0.8129681277778165,0.7750145154421186,0.03795361233569783,0.4382363207019052,0.2,1,0.7750145154421186,0.2,1,0.6741315871702757,0.2,1,0.8129681277778165,0.2,1,0.7695496771566912,0.2,1
COVER__TEST__9113.pgm,9113.pgm,COVER,0,UNKNOWN_OR_COVER,UNKNOWN,,HUGO,S-UNIWARD,MiPOD,HILL,WOW,,,0,0,0.8231660880170374,0.7831611212770584,0.040004966739979,0.4425617219839081,0.2,1,0.7831611212770584,0.2,1,0.6797028164867851,0.2,1,0.8231660880170374,0.4,2,0.7771694004119618,0.2,1
COVER__TEST__7272.pgm,7272.pgm,COVER,0,UNKNOWN_OR_COVER,UNKNOWN,,HUGO,S-UNIWARD,MiPOD,HILL,WOW,,,0,0,0.816469502127355,0.777299813488753,0.03916968863860204,0.4396244543648864,0.0,0,0.777299813488753,0.0,0,0.6772402981880709,0.4,2,0.816469502127355,0.2,1,0.7723712141557191,0.2,1
COVER__TEST__6067.pgm,6067.pgm,COVER,0,UNKNOWN_OR_COVER,UNKNOWN,,HUGO,S-UNIWARD,MiPOD,HILL,WOW,,,0,0,0.8151400360091767,0.7759583928844523,0.039181643124724386,0.43909209511969216,0.2,1,0.7759583928844523,0.2,1,0.6759063738296044,0.2,1,0.8151400360091767,0.2,1,0.7710776490195338,0.2,1
COVER__TEST__8827.pgm,8827.pgm,COVER,0,UNKNOWN_OR_COVER,UNKNOWN,,MiPOD,S-UNIWARD,HUGO,HILL,WOW,,,0,0,0.8796646245081764,0.8608953259612651,0.01876929854691134,0.633448321908197,0.2,1,0.8608953259612651,0.6,3,0.7923420393554906,0.6,3,0.8353287032995471,0.8,4,0.8796646245081764,0.6,3
COVER__TEST__916.pgm,916.pgm,COVER,0,MULTI_CANDIDATE,WOW,S-UNIWARD,WOW,S-UNIWARD,HILL,MiPOD,HUGO,,"WOW,S-UNIWARD,HILL,MiPOD,HUGO",5,0,1.0,1.0,0.0,1.0,1.0,5,1.0,1.0,5,1.0,1.0,5,0.9370242561030864,0.8,4,1.0,1.0,5
COVER__TEST__7977.pgm,7977.pgm,COVER,0,UNKNOWN_OR_COVER,UNKNOWN,,HUGO,S-UNIWARD,MiPOD,HILL,WOW,,,0,0,0.817417117396281,0.7785321942223493,0.03888492317393166,0.4405197949237179,0.0,0,0.7785321942223493,0.0,0,0.6755464229592343,0.0,0,0.817417117396281,0.2,1,0.772425263259536,0.0,0
COVER__TEST__644.pgm,644.pgm,COVER,0,UNKNOWN_OR_COVER,UNKNOWN,,HUGO,S-UNIWARD,MiPOD,HILL,WOW,,,0,0,0.8123322381568231,0.7728922070913298,0.03944003106549332,0.43856666563738955,0.2,1,0.7728922070913298,0.2,1,0.6745579765494961,0.2,1,0.8123322381568231,0.0,0,0.76926744365568,0.0,0
COVER__TEST__5512.pgm,5512.pgm,COVER,0,UNKNOWN_OR_COVER,UNKNOWN,,HUGO,S-UNIWARD,MiPOD,HILL,WOW,,,0,0,0.8284133881313572,0.8059971436423667,0.02241624448899049,0.4496372807071977,0.0,0,0.8059971436423667,0.2,1,0.6837100223623009,0.0,0,0.8284133881313572,0.6,3,0.7873419666781543,0.0,0
COVER__TEST__4586.pgm,4586.pgm,COVER,0,MULTI_CANDIDATE,WOW,S-UNIWARD,WOW,S-UNIWARD,HILL,HUGO,MiPOD,,"WOW,S-UNIWARD,HILL,HUGO,MiPOD",5,0,1.0,1.0,0.0,1.0,1.0,5,1.0,1.0,5,1.0,1.0,5,1.0,1.0,5,1.0,1.0,5
COVER__TEST__6961.pgm,6961.pgm,COVER,0,UNKNOWN_OR_COVER,UNKNOWN,,HUGO,S-UNIWARD,MiPOD,HILL,WOW,,,0,0,0.8182279494166984,0.7796533872417377,0.03857456217496069,0.4402562335676179,0.2,1,0.7796533872417377,0.2,1,0.6768035420916357,0.4,2,0.8182279494166984,0.4,2,0.7733958376040918,0.4,2
COVER__TEST__4265.pgm,4265.pgm,COVER,0,MULTI_CANDIDATE,WOW,S-UNIWARD,WOW,S-UNIWARD,HILL,HUGO,MiPOD,,"WOW,S-UNIWARD,HILL,HUGO,MiPOD",5,0,1.0,1.0,0.0,1.0,1.0,5,1.0,1.0,5,1.0,1.0,5,1.0,1.0,5,1.0,1.0,5
COVER__TEST__5336.pgm,5336.pgm,COVER,0,MULTI_CANDIDATE,HILL,MiPOD,HILL,MiPOD,S-UNIWARD,HUGO,WOW,,"HILL,MiPOD",2,0,0.9967449651211687,0.9956353968832101,0.0011095682379586025,0.7695064387142312,0.6,3,0.8373182859050108,0.8,4,0.9967449651211687,0.8,4,0.830287138002034,0.6,3,0.9956353968832101,0.8,4
COVER__TEST__237.pgm,237.pgm,COVER,0,MULTI_CANDIDATE,S-UNIWARD,HUGO,S-UNIWARD,HUGO,MiPOD,HILL,WOW,,"S-UNIWARD,HUGO,MiPOD",3,0,1.0,1.0,0.0,0.6470566829917533,0.4,2,1.0,1.0,5,0.7834563252632984,0.6,3,1.0,1.0,5,0.9009009618451774,0.6,3
COVER__TEST__1251.pgm,1251.pgm,COVER,0,UNKNOWN_OR_COVER,UNKNOWN,,HUGO,S-UNIWARD,MiPOD,HILL,WOW,,,0,0,0.8330948875224763,0.7916907035104556,0.04140418401202073,0.4461013728425763,0.2,1,0.7916907035104556,0.4,2,0.682779920390344,0.6,3,0.8330948875224763,0.6,3,0.7795248104687229,0.6,3
COVER__TEST__7606.pgm,7606.pgm,COVER,0,UNKNOWN_OR_COVER,UNKNOWN,,HUGO,S-UNIWARD,MiPOD,HILL,WOW,,,0,0,0.8145296927564413,0.7752302231278536,0.03929946962858766,0.4380217155558281,0.0,0,0.7752302231278536,0.0,0,0.6748233603921915,0.0,0,0.8145296927564413,0.2,1,0.7700616867414543,0.0,0
COVER__TEST__8235.pgm,8235.pgm,COVER,0,UNKNOWN_OR_COVER,UNKNOWN,,HUGO,S-UNIWARD,MiPOD,HILL,WOW,,,0,0,0.8131669209726382,0.7749649795006468,0.03820194147199141,0.438331658919056,0.2,1,0.7749649795006468,0.2,1,0.6741751880789569,0.2,1,0.8131669209726382,0.2,1,0.7697381819565513,0.2,1
COVER__TEST__8018.pgm,8018.pgm,COVER,0,UNKNOWN_OR_COVER,UNKNOWN,,HUGO,S-UNIWARD,MiPOD,HILL,WOW,,,0,0,0.818341531883816,0.7785550685906257,0.039786463293190244,0.44039542829814815,0.2,1,0.7785550685906257,0.2,1,0.6775900396735293,0.4,2,0.818341531883816,0.2,1,0.7737048642674026,0.4,2
COVER__TEST__4541.pgm,4541.pgm,COVER,0,MULTI_CANDIDATE,HILL,MiPOD,HILL,MiPOD,S-UNIWARD,HUGO,WOW,,"HILL,MiPOD,S-UNIWARD",3,0,1.0,1.0,0.0,0.826887638208612,0.8,4,0.9215363048708818,0.8,4,1.0,1.0,5,0.847622842081001,0.8,4,1.0,1.0,5
COVER__TEST__9185.pgm,9185.pgm,COVER,0,UNKNOWN_OR_COVER,UNKNOWN,,HUGO,S-UNIWARD,MiPOD,HILL,WOW,,,0,0,0.8291695474334777,0.7996022503861256,0.02956729704735206,0.44608340319494166,0.2,1,0.7996022503861256,0.4,2,0.6809337815090939,0.4,2,0.8291695474334777,0.6,3,0.781777717104158,0.4,2
COVER__TEST__9683.pgm,9683.pgm,COVER,0,UNKNOWN_OR_COVER,UNKNOWN,,HUGO,S-UNIWARD,MiPOD,HILL,WOW,,,0,0,0.8163093030384401,0.7758559598774817,0.04045334316095839,0.4393767750174541,0.0,0,0.7758559598774817,0.0,0,0.676191679798354,0.0,0,0.8163093030384401,0.0,0,0.7718987453638675,0.0,0
COVER__TEST__9649.pgm,9649.pgm,COVER,0,SINGLE_CANDIDATE,MiPOD,S-UNIWARD,MiPOD,S-UNIWARD,WOW,HILL,HUGO,,MiPOD,1,0,0.9540691751031007,0.8561234453969361,0.09794572970616466,0.8528627231558561,0.4,2,0.8561234453969361,0.8,4,0.8427237345384399,0.6,3,0.8342689729918422,0.8,4,0.9540691751031007,0.8,4
COVER__TEST__4557.pgm,4557.pgm,COVER,0,UNKNOWN_OR_COVER,UNKNOWN,,HUGO,S-UNIWARD,MiPOD,HILL,WOW,,,0,0,0.8152714531599271,0.7792459825249617,0.03602547063496542,0.43885878042986926,0.2,1,0.7792459825249617,0.2,1,0.6743704968757824,0.4,2,0.8152714531599271,0.2,1,0.7704684775154843,0.4,2
COVER__TEST__226.pgm,226.pgm,COVER,0,SINGLE_CANDIDATE,HUGO,MiPOD,HUGO,MiPOD,S-UNIWARD,HILL,WOW,,HUGO,1,0,1.0,0.8426408307119825,0.15735916928801752,0.5922942001272606,0.4,2,0.8089298865150193,0.6,3,0.7780312782171512,0.6,3,1.0,1.0,5,0.8426408307119825,0.8,4
COVER__TEST__3815.pgm,3815.pgm,COVER,0,MULTI_CANDIDATE,S-UNIWARD,HILL,S-UNIWARD,HILL,MiPOD,WOW,HUGO,,"S-UNIWARD,HILL,MiPOD,WOW",4,0,1.0,1.0,0.0,0.9881407354335462,0.8,4,1.0,1.0,5,1.0,1.0,5,0.8480335992008895,0.8,4,1.0,1.0,5
COVER__TEST__8616.pgm,8616.pgm,COVER,0,UNKNOWN_OR_COVER,UNKNOWN,,HUGO,S-UNIWARD,MiPOD,HILL,WOW,,,0,0,0.8162039901798694,0.7775543576947678,0.03864963248510167,0.43932456303470613,0.2,1,0.7775543576947678,0.2,1,0.6756498995607207,0.2,1,0.8162039901798694,0.2,1,0.7717400469604606,0.2,1
COVER__TEST__1147.pgm,1147.pgm,COVER,0,UNKNOWN_OR_COVER,UNKNOWN,,S-UNIWARD,HUGO,MiPOD,HILL,WOW,,,0,0,0.8374691452796827,0.8346835437492096,0.0027856015304731363,0.4764837872206953,0.2,1,0.8374691452796827,0.6,3,0.7135523369942224,0.6,3,0.8346835437492096,0.6,3,0.8127120686867217,0.4,2
COVER__TEST__9194.pgm,9194.pgm,COVER,0,UNKNOWN_OR_COVER,UNKNOWN,,HUGO,S-UNIWARD,MiPOD,HILL,WOW,,,0,0,0.8128205889806468,0.7755160758175018,0.03730451316314498,0.4380939019659766,0.2,1,0.7755160758175018,0.2,1,0.67403512170269,0.2,1,0.8128205889806468,0.2,1,0.7694479813334337,0.2,1
COVER__TEST__5071.pgm,5071.pgm,COVER,0,UNKNOWN_OR_COVER,UNKNOWN,,HUGO,S-UNIWARD,MiPOD,HILL,WOW,,,0,0,0.833393894566389,0.8032656153884903,0.03012827917789873,0.47748639026220935,0.2,1,0.8032656153884903,0.2,1,0.682780297186176,0.6,3,0.833393894566389,0.6,3,0.7809845082371126,0.6,3
COVER__TEST__5120.pgm,5120.pgm,COVER,0,UNKNOWN_OR_COVER,UNKNOWN,,HUGO,S-UNIWARD,MiPOD,HILL,WOW,,,0,0,0.8209297309592676,0.780879010898208,0.040050720061059586,0.44150796002288334,0.2,1,0.780879010898208,0.2,1,0.6791420063839682,0.4,2,0.8209297309592676,0.2,1,0.7753265809772522,0.4,2
COVER__TEST__6016.pgm,6016.pgm,COVER,0,SINGLE_CANDIDATE,S-UNIWARD,MiPOD,S-UNIWARD,MiPOD,HILL,HUGO,WOW,,S-UNIWARD,1,0,1.0,0.8614984617127218,0.13850153828727818,0.7247751102871692,0.6,3,1.0,1.0,5,0.8480443168730408,0.6,3,0.8430352270969903,0.8,4,0.8614984617127218,0.8,4
COVER__TEST__4807.pgm,4807.pgm,COVER,0,MULTI_CANDIDATE,S-UNIWARD,HILL,S-UNIWARD,HILL,MiPOD,HUGO,WOW,,"S-UNIWARD,HILL,MiPOD",3,0,1.0,1.0,0.0,0.834277594690241,0.8,4,1.0,1.0,5,1.0,1.0,5,0.8464877919261735,0.8,4,1.0,1.0,5
COVER__TEST__623.pgm,623.pgm,COVER,0,MULTI_CANDIDATE,HILL,HUGO,HILL,HUGO,MiPOD,S-UNIWARD,WOW,,"HILL,HUGO,MiPOD",3,0,1.0,1.0,0.0,0.8428566463753745,0.8,4,0.8888116351398393,0.8,4,1.0,1.0,5,1.0,1.0,5,0.9914626252575507,0.8,4
COVER__TEST__4125.pgm,4125.pgm,COVER,0,MULTI_CANDIDATE,HILL,S-UNIWARD,HILL,S-UNIWARD,MiPOD,WOW,HUGO,,"HILL,S-UNIWARD,MiPOD",3,0,0.9949232380670378,0.9947316734338123,0.00019156463322544948,0.8570862813456552,0.6,3,0.9947316734338123,0.8,4,0.9949232380670378,0.8,4,0.8328956143052675,0.8,4,0.9945357941461828,0.8,4
COVER__TEST__8188.pgm,8188.pgm,COVER,0,MULTI_CANDIDATE,WOW,S-UNIWARD,WOW,S-UNIWARD,HILL,HUGO,MiPOD,,"WOW,S-UNIWARD,HILL,HUGO,MiPOD",5,0,1.0,1.0,0.0,1.0,1.0,5,1.0,1.0,5,1.0,1.0,5,1.0,1.0,5,1.0,1.0,5
COVER__TEST__368.pgm,368.pgm,COVER,0,MULTI_CANDIDATE,WOW,S-UNIWARD,WOW,S-UNIWARD,HILL,HUGO,MiPOD,,"WOW,S-UNIWARD,HILL,HUGO,MiPOD",5,0,1.0,1.0,0.0,1.0,1.0,5,1.0,1.0,5,1.0,1.0,5,1.0,1.0,5,1.0,1.0,5
COVER__TEST__5791.pgm,5791.pgm,COVER,0,UNKNOWN_OR_COVER,UNKNOWN,,HUGO,S-UNIWARD,MiPOD,HILL,WOW,,,0,0,0.825214487808314,0.7844182579501878,0.04079622985812614,0.4413442205148086,0.2,1,0.7844182579501878,0.2,1,0.6783137810772566,0.4,2,0.825214487808314,0.2,1,0.773481033771706,0.4,2
COVER__TEST__8287.pgm,8287.pgm,COVER,0,UNKNOWN_OR_COVER,UNKNOWN,,HUGO,S-UNIWARD,MiPOD,HILL,WOW,,,0,0,0.81952050002243,0.7824939713546184,0.03702652866781164,0.4414133385667771,0.2,1,0.7824939713546184,0.2,1,0.6777304611964903,0.2,1,0.81952050002243,0.4,2,0.7754950024565739,0.2,1
COVER__TEST__1420.pgm,1420.pgm,COVER,0,UNKNOWN_OR_COVER,UNKNOWN,,HUGO,S-UNIWARD,MiPOD,HILL,WOW,,,0,0,0.8154944180349372,0.7835067936725342,0.03198762436240299,0.43872284065820144,0.2,1,0.7835067936725342,0.2,1,0.6722746441988409,0.4,2,0.8154944180349372,0.4,2,0.7698608276148051,0.4,2
COVER__TEST__5959.pgm,5959.pgm,COVER,0,UNKNOWN_OR_COVER,UNKNOWN,,HUGO,S-UNIWARD,MiPOD,HILL,WOW,,,0,0,0.81584064503318,0.77695855238143,0.03888209265175002,0.4388939442059172,0.0,0,0.77695855238143,0.0,0,0.6763090599095614,0.2,1,0.81584064503318,0.2,1,0.7713056872106359,0.2,1
COVER__TEST__9766.pgm,9766.pgm,COVER,0,UNKNOWN_OR_COVER,UNKNOWN,,HUGO,S-UNIWARD,MiPOD,HILL,WOW,,,0,0,0.8148115187078144,0.7752194087162881,0.03959210999152629,0.43872213222146633,0.2,1,0.7752194087162881,0.2,1,0.6744261125572635,0.2,1,0.8148115187078144,0.0,0,0.7696166203118865,0.2,1
COVER__TEST__7850.pgm,7850.pgm,COVER,0,UNKNOWN_OR_COVER,UNKNOWN,,HUGO,S-UNIWARD,MiPOD,HILL,WOW,,,0,0,0.818059912860277,0.778493257552793,0.039566655307484044,0.4400794903938122,0.0,0,0.778493257552793,0.0,0,0.677927303268775,0.2,1,0.818059912860277,0.2,1,0.7735987743890129,0.2,1
COVER__TEST__4594.pgm,4594.pgm,COVER,0,UNKNOWN_OR_COVER,UNKNOWN,,HUGO,MiPOD,S-UNIWARD,HILL,WOW,,,0,0,0.8348273078606464,0.8079505174981876,0.026876790362458824,0.4625325146607676,0.2,1,0.8065822164868861,0.4,2,0.6916256516280441,0.6,3,0.8348273078606464,0.8,4,0.8079505174981876,0.6,3
COVER__TEST__7645.pgm,7645.pgm,COVER,0,UNKNOWN_OR_COVER,UNKNOWN,,HUGO,S-UNIWARD,MiPOD,HILL,WOW,,,0,0,0.8332611176315232,0.8107110981549666,0.02255001947655666,0.44950876202085366,0.0,0,0.8107110981549666,0.2,1,0.6857544101082498,0.4,2,0.8332611176315232,0.8,4,0.7836371204832113,0.4,2
COVER__TEST__511.pgm,511.pgm,COVER,0,UNKNOWN_OR_COVER,UNKNOWN,,MiPOD,HUGO,S-UNIWARD,HILL,WOW,,,0,0,0.8383466310775365,0.8208342007398757,0.01751243033766081,0.5535103495329349,0.2,1,0.8149741349953572,0.4,2,0.6981887665088891,0.6,3,0.8208342007398757,0.6,3,0.8383466310775365,0.8,4
COVER__TEST__2275.pgm,2275.pgm,COVER,0,UNKNOWN_OR_COVER,UNKNOWN,,HUGO,S-UNIWARD,MiPOD,HILL,WOW,,,0,0,0.8059116551164882,0.7816772014658825,0.024234453650605725,0.4422245389274755,0.2,1,0.7816772014658825,0.4,2,0.6696036085315027,0.4,2,0.8059116551164882,0.4,2,0.7697114870792067,0.4,2
COVER__TEST__4618.pgm,4618.pgm,COVER,0,MULTI_CANDIDATE,HILL,MiPOD,HILL,MiPOD,S-UNIWARD,WOW,HUGO,,"HILL,MiPOD,S-UNIWARD",3,0,1.0,1.0,0.0,0.8432657388860729,0.8,4,0.9379399716275675,0.8,4,1.0,1.0,5,0.8371208710139232,0.8,4,1.0,1.0,5
COVER__TEST__5750.pgm,5750.pgm,COVER,0,MULTI_CANDIDATE,HILL,MiPOD,HILL,MiPOD,S-UNIWARD,HUGO,WOW,,"HILL,MiPOD",2,0,0.9484475522978976,0.933444746726739,0.015002805571158517,0.7640380003444344,0.4,2,0.8680709548363094,0.8,4,0.9484475522978976,0.8,4,0.837564844397232,0.8,4,0.933444746726739,0.8,4
COVER__TEST__4956.pgm,4956.pgm,COVER,0,UNKNOWN_OR_COVER,UNKNOWN,,HUGO,S-UNIWARD,MiPOD,HILL,WOW,,,0,0,0.827786357658049,0.7900525472734347,0.03773381038461432,0.4431131284161302,0.2,1,0.7900525472734347,0.2,1,0.6794709345295079,0.4,2,0.827786357658049,0.4,2,0.776483108957372,0.4,2
COVER__TEST__7420.pgm,7420.pgm,COVER,0,MULTI_CANDIDATE,S-UNIWARD,HILL,S-UNIWARD,HILL,HUGO,MiPOD,WOW,,"S-UNIWARD,HILL,HUGO,MiPOD,WOW",5,0,1.0,1.0,0.0,0.9207410019972603,0.8,4,1.0,1.0,5,1.0,1.0,5,1.0,1.0,5,1.0,1.0,5
COVER__TEST__7853.pgm,7853.pgm,COVER,0,UNKNOWN_OR_COVER,UNKNOWN,,HUGO,S-UNIWARD,MiPOD,HILL,WOW,,,0,0,0.8202573371328927,0.7905146865670132,0.029742650565879547,0.44367542004655336,0.2,1,0.7905146865670132,0.4,2,0.6781906425008968,0.4,2,0.8202573371328927,0.4,2,0.7796103616552138,0.4,2
COVER__TEST__8127.pgm,8127.pgm,COVER,0,MULTI_CANDIDATE,HILL,MiPOD,HILL,MiPOD,S-UNIWARD,WOW,HUGO,,"HILL,MiPOD,S-UNIWARD",3,0,1.0,1.0,0.0,0.8710773847488223,0.8,4,0.9188811558464378,0.8,4,1.0,1.0,5,0.838850587436623,0.8,4,1.0,1.0,5
COVER__TEST__8934.pgm,8934.pgm,COVER,0,MULTI_CANDIDATE,HUGO,MiPOD,HUGO,MiPOD,HILL,S-UNIWARD,WOW,,"HUGO,MiPOD,HILL,S-UNIWARD",4,0,1.0,0.9995966173230956,0.0004033826769044291,0.8327801707875349,0.8,4,0.9706979492064146,0.8,4,0.9757180785572487,0.8,4,1.0,1.0,5,0.9995966173230956,0.8,4
COVER__TEST__4981.pgm,4981.pgm,COVER,0,UNKNOWN_OR_COVER,UNKNOWN,,S-UNIWARD,HUGO,MiPOD,HILL,WOW,,,0,0,0.8335199179111491,0.8293930263150748,0.004126891596074267,0.4735390757628881,0.2,1,0.8335199179111491,0.6,3,0.7070586224262863,0.2,1,0.8293930263150748,0.4,2,0.8082813972256462,0.2,1
COVER__TEST__8692.pgm,8692.pgm,COVER,0,UNKNOWN_OR_COVER,UNKNOWN,,HUGO,MiPOD,S-UNIWARD,HILL,WOW,,,0,0,0.8345162936105723,0.8034967555455997,0.031019538064972596,0.45826876765518537,0.2,1,0.7999353531123317,0.4,2,0.6890272378923636,0.4,2,0.8345162936105723,0.6,3,0.8034967555455997,0.4,2
COVER__TEST__3595.pgm,3595.pgm,COVER,0,MULTI_CANDIDATE,S-UNIWARD,MiPOD,S-UNIWARD,MiPOD,HUGO,HILL,WOW,,"S-UNIWARD,MiPOD",2,0,0.9997582737769989,0.9614574688702892,0.03830080490670973,0.7058423938284848,0.6,3,0.9997582737769989,0.8,4,0.8431166111719228,0.8,4,0.8472844079496419,0.8,4,0.9614574688702892,0.8,4
COVER__TEST__742.pgm,742.pgm,COVER,0,UNKNOWN_OR_COVER,UNKNOWN,,HUGO,S-UNIWARD,MiPOD,HILL,WOW,,,0,0,0.815602563326965,0.7766985421009488,0.03890402122601622,0.4393928681890341,0.2,1,0.7766985421009488,0.2,1,0.6733582235927995,0.2,1,0.815602563326965,0.2,1,0.7699112657537583,0.2,1
COVER__TEST__3253.pgm,3253.pgm,COVER,0,UNKNOWN_OR_COVER,UNKNOWN,,HUGO,S-UNIWARD,MiPOD,HILL,WOW,,,0,0,0.8178946374434035,0.7776070177378807,0.04028761970552286,0.43986898143275655,0.2,1,0.7776070177378807,0.2,1,0.676656491302855,0.2,1,0.8178946374434035,0.2,1,0.7719597796023355,0.2,1
COVER__TEST__7778.pgm,7778.pgm,COVER,0,UNKNOWN_OR_COVER,UNKNOWN,,HUGO,S-UNIWARD,MiPOD,HILL,WOW,,,0,0,0.8127377766623415,0.7751532914941457,0.03758448516819579,0.4381961627602622,0.2,1,0.7751532914941457,0.2,1,0.6745351367177002,0.4,2,0.8127377766623415,0.2,1,0.7697981090629337,0.4,2
COVER__TEST__6339.pgm,6339.pgm,COVER,0,MULTI_CANDIDATE,S-UNIWARD,MiPOD,S-UNIWARD,MiPOD,HILL,WOW,HUGO,,"S-UNIWARD,MiPOD,HILL,WOW",4,0,1.0,1.0,0.0,0.9627491839961815,0.8,4,1.0,1.0,5,0.9789128163192025,0.8,4,0.8876088854354917,0.8,4,1.0,1.0,5
COVER__TEST__7390.pgm,7390.pgm,COVER,0,UNKNOWN_OR_COVER,UNKNOWN,,HUGO,S-UNIWARD,MiPOD,HILL,WOW,,,0,0,0.8123509696513267,0.7745133990402885,0.03783757061103821,0.43806250822258813,0.2,1,0.7745133990402885,0.2,1,0.6729605664066072,0.2,1,0.8123509696513267,0.0,0,0.7686115485117836,0.2,1
COVER__TEST__2554.pgm,2554.pgm,COVER,0,UNKNOWN_OR_COVER,UNKNOWN,,HUGO,S-UNIWARD,MiPOD,HILL,WOW,,,0,0,0.8134002328927654,0.7740554257476193,0.0393448071451461,0.4384824421191669,0.2,1,0.7740554257476193,0.2,1,0.6747214423619872,0.2,1,0.8134002328927654,0.0,0,0.7694802063659497,0.2,1
COVER__TEST__8226.pgm,8226.pgm,COVER,0,MULTI_CANDIDATE,WOW,S-UNIWARD,WOW,S-UNIWARD,HILL,HUGO,MiPOD,,"WOW,S-UNIWARD,HILL,HUGO,MiPOD",5,0,1.0,1.0,0.0,1.0,1.0,5,1.0,1.0,5,1.0,1.0,5,1.0,1.0,5,1.0,1.0,5
COVER__TEST__7192.pgm,7192.pgm,COVER,0,UNKNOWN_OR_COVER,UNKNOWN,,HUGO,S-UNIWARD,MiPOD,HILL,WOW,,,0,0,0.8240204908842974,0.7795713765063532,0.04444911437794419,0.4386441115787575,0.2,1,0.7795713765063532,0.2,1,0.6727801652358847,0.2,1,0.8240204908842974,0.4,2,0.7706699777088696,0.2,1
COVER__TEST__1184.pgm,1184.pgm,COVER,0,MULTI_CANDIDATE,WOW,S-UNIWARD,WOW,S-UNIWARD,HILL,MiPOD,HUGO,,"WOW,S-UNIWARD,HILL,MiPOD,HUGO",5,0,1.0,1.0,0.0,1.0,1.0,5,1.0,1.0,5,1.0,1.0,5,0.9972577337409853,0.8,4,1.0,1.0,5
COVER__TEST__6029.pgm,6029.pgm,COVER,0,MULTI_CANDIDATE,WOW,S-UNIWARD,WOW,S-UNIWARD,HILL,MiPOD,HUGO,,"WOW,S-UNIWARD,HILL,MiPOD",4,0,1.0,1.0,0.0,1.0,1.0,5,1.0,1.0,5,1.0,1.0,5,0.8877327401096778,0.8,4,1.0,1.0,5
COVER__TEST__8459.pgm,8459.pgm,COVER,0,UNKNOWN_OR_COVER,UNKNOWN,,HUGO,S-UNIWARD,MiPOD,HILL,WOW,,,0,0,0.8153949329389223,0.7770144159728374,0.03838051696608491,0.439075167808239,0.2,1,0.7770144159728374,0.2,1,0.6751665047158729,0.2,1,0.8153949329389223,0.2,1,0.7712684571873324,0.2,1
COVER__TEST__2013.pgm,2013.pgm,COVER,0,MULTI_CANDIDATE,HUGO,S-UNIWARD,HUGO,S-UNIWARD,MiPOD,WOW,HILL,,"HUGO,S-UNIWARD",2,0,0.9773243494392411,0.9088797199323828,0.06844462950685826,0.7317534244047282,0.4,2,0.9088797199323828,0.6,3,0.6276588764518246,0.4,2,0.9773243494392411,0.6,3,0.8114152540357689,0.6,3
COVER__TEST__6462.pgm,6462.pgm,COVER,0,UNKNOWN_OR_COVER,UNKNOWN,,HUGO,S-UNIWARD,MiPOD,HILL,WOW,,,0,0,0.8124053279319426,0.7738706230217224,0.03853470491022026,0.4377442921712168,0.0,0,0.7738706230217224,0.0,0,0.6725919798338786,0.0,0,0.8124053279319426,0.0,0,0.7679032921190345,0.0,0
COVER__TEST__7314.pgm,7314.pgm,COVER,0,UNKNOWN_OR_COVER,UNKNOWN,,HUGO,S-UNIWARD,MiPOD,HILL,WOW,,,0,0,0.8204886228846314,0.7811689469916748,0.039319675892956596,0.44140745175933277,0.2,1,0.7811689469916748,0.2,1,0.6788816660804562,0.4,2,0.8204886228846314,0.2,1,0.7750296046011306,0.4,2
COVER__TEST__8854.pgm,8854.pgm,COVER,0,MULTI_CANDIDATE,HUGO,MiPOD,HUGO,MiPOD,HILL,S-UNIWARD,WOW,,"HUGO,MiPOD,HILL",3,0,1.0,1.0,0.0,0.8412486049045906,0.8,4,0.8861007500049741,0.8,4,0.9404150332581281,0.6,3,1.0,1.0,5,1.0,1.0,5
COVER__TEST__6117.pgm,6117.pgm,COVER,0,UNKNOWN_OR_COVER,UNKNOWN,,HUGO,S-UNIWARD,MiPOD,HILL,WOW,,,0,0,0.8142088428234256,0.775786458134345,0.03842238468908066,0.43834723855524593,0.2,1,0.775786458134345,0.2,1,0.6723553097462709,0.2,1,0.8142088428234256,0.0,0,0.7674474685341152,0.2,1
COVER__TEST__1602.pgm,1602.pgm,COVER,0,MULTI_CANDIDATE,S-UNIWARD,HUGO,S-UNIWARD,HUGO,MiPOD,HILL,WOW,,"S-UNIWARD,HUGO,MiPOD",3,0,1.0,1.0,0.0,0.7041475974081632,0.6,3,1.0,1.0,5,0.8297649084424616,0.6,3,1.0,1.0,5,0.9566602240519954,0.8,4
COVER__TEST__9343.pgm,9343.pgm,COVER,0,MULTI_CANDIDATE,HUGO,MiPOD,HUGO,MiPOD,HILL,S-UNIWARD,WOW,,"HUGO,MiPOD",2,0,1.0,1.0,0.0,0.6921597225209781,0.4,2,0.8552697357312324,0.8,4,0.8576833738993223,0.8,4,1.0,1.0,5,1.0,1.0,5
COVER__TEST__2783.pgm,2783.pgm,COVER,0,MULTI_CANDIDATE,S-UNIWARD,HUGO,S-UNIWARD,HUGO,MiPOD,HILL,WOW,,"S-UNIWARD,HUGO,MiPOD,HILL",4,0,1.0,1.0,0.0,0.8423827138928054,0.8,4,1.0,1.0,5,0.9778405557914296,0.8,4,1.0,1.0,5,1.0,1.0,5
COVER__TEST__5445.pgm,5445.pgm,COVER,0,SINGLE_CANDIDATE,HUGO,S-UNIWARD,HUGO,S-UNIWARD,MiPOD,HILL,WOW,,HUGO,1,0,0.9915209442962784,0.7854034396022015,0.20611750469407686,0.4427882693599262,0.2,1,0.7854034396022015,0.2,1,0.6714796194064366,0.2,1,0.9915209442962784,0.6,3,0.7769507850639101,0.4,2
COVER__TEST__250.pgm,250.pgm,COVER,0,SINGLE_CANDIDATE,MiPOD,HILL,MiPOD,HILL,S-UNIWARD,HUGO,WOW,,MiPOD,1,0,1.0,0.8661135425019779,0.13388645749802208,0.711554103774546,0.4,2,0.8565651378924383,0.8,4,0.8661135425019779,0.8,4,0.8404996853688733,0.8,4,1.0,1.0,5
COVER__TEST__4579.pgm,4579.pgm,COVER,0,MULTI_CANDIDATE,HILL,HUGO,HILL,HUGO,MiPOD,S-UNIWARD,WOW,,"HILL,HUGO,MiPOD,S-UNIWARD",4,0,1.0,1.0,0.0,0.8345245779606097,0.8,4,0.9764175117172833,0.8,4,1.0,1.0,5,1.0,1.0,5,1.0,1.0,5
COVER__TEST__2118.pgm,2118.pgm,COVER,0,SINGLE_CANDIDATE,MiPOD,S-UNIWARD,MiPOD,S-UNIWARD,HILL,HUGO,WOW,,MiPOD,1,0,0.9666597773016725,0.8753159374372631,0.09134383986440942,0.7081771876349026,0.6,3,0.8753159374372631,0.6,3,0.8445058681161932,0.8,4,0.8369604112094393,0.8,4,0.9666597773016725,0.8,4
COVER__TEST__3922.pgm,3922.pgm,COVER,0,MULTI_CANDIDATE,WOW,S-UNIWARD,WOW,S-UNIWARD,HILL,HUGO,MiPOD,,"WOW,S-UNIWARD,HILL,HUGO,MiPOD",5,0,1.0,1.0,0.0,1.0,1.0,5,1.0,1.0,5,1.0,1.0,5,1.0,1.0,5,1.0,1.0,5
COVER__TEST__6847.pgm,6847.pgm,COVER,0,MULTI_CANDIDATE,HUGO,HILL,HUGO,HILL,S-UNIWARD,MiPOD,WOW,,"HUGO,HILL,S-UNIWARD,MiPOD",4,0,1.0,0.9877230395229806,0.012276960477019427,0.8081660381781222,0.6,3,0.9804702604856967,0.8,4,0.9877230395229806,0.8,4,1.0,1.0,5,0.9687508690857177,0.8,4
COVER__TEST__6532.pgm,6532.pgm,COVER,0,MULTI_CANDIDATE,HILL,MiPOD,HILL,MiPOD,WOW,S-UNIWARD,HUGO,,"HILL,MiPOD,WOW",3,0,1.0,1.0,0.0,0.9100533756467298,0.8,4,0.8394572993892894,0.8,4,1.0,1.0,5,0.8166525332864737,0.6,3,1.0,1.0,5
COVER__TEST__5599.pgm,5599.pgm,COVER,0,UNKNOWN_OR_COVER,UNKNOWN,,HUGO,S-UNIWARD,MiPOD,HILL,WOW,,,0,0,0.8210845770990047,0.7804623663396626,0.04062221075934214,0.44116889880078,0.2,1,0.7804623663396626,0.2,1,0.6776202971981533,0.2,1,0.8210845770990047,0.2,1,0.7742430896229566,0.2,1
COVER__TEST__1376.pgm,1376.pgm,COVER,0,UNKNOWN_OR_COVER,UNKNOWN,,HUGO,S-UNIWARD,MiPOD,HILL,WOW,,,0,0,0.8158567067733395,0.7789731628254944,0.0368835439478451,0.43937464446910035,0.2,1,0.7789731628254944,0.2,1,0.6753512834540658,0.4,2,0.8158567067733395,0.2,1,0.7717058538915114,0.4,2
COVER__TEST__9637.pgm,9637.pgm,COVER,0,UNKNOWN_OR_COVER,UNKNOWN,,HUGO,S-UNIWARD,MiPOD,HILL,WOW,,,0,0,0.803990379220252,0.7738243069843861,0.03016607223586587,0.43582465610657584,0.2,1,0.7738243069843861,0.4,2,0.668392823602432,0.4,2,0.803990379220252,0.2,1,0.7644003012913746,0.4,2
COVER__TEST__5585.pgm,5585.pgm,COVER,0,MULTI_CANDIDATE,HILL,MiPOD,HILL,MiPOD,S-UNIWARD,HUGO,WOW,,"HILL,MiPOD",2,0,1.0,1.0,0.0,0.8018806260519863,0.6,3,0.8418911286327029,0.8,4,1.0,1.0,5,0.8350882676113862,0.8,4,1.0,1.0,5
COVER__TEST__3412.pgm,3412.pgm,COVER,0,MULTI_CANDIDATE,S-UNIWARD,HILL,S-UNIWARD,HILL,HUGO,MiPOD,WOW,,"S-UNIWARD,HILL,HUGO,MiPOD,WOW",5,0,1.0,1.0,0.0,0.9987950922317357,0.8,4,1.0,1.0,5,1.0,1.0,5,1.0,1.0,5,1.0,1.0,5
COVER__TEST__9884.pgm,9884.pgm,COVER,0,UNKNOWN_OR_COVER,UNKNOWN,,HUGO,S-UNIWARD,MiPOD,HILL,WOW,,,0,0,0.8157438004405376,0.7756635567249824,0.040080243715555186,0.4396026830358378,0.2,1,0.7756635567249824,0.2,1,0.6758656282094603,0.2,1,0.8157438004405376,0.0,0,0.7717209881489477,0.2,1
COVER__TEST__3472.pgm,3472.pgm,COVER,0,UNKNOWN_OR_COVER,UNKNOWN,,HILL,MiPOD,HUGO,S-UNIWARD,WOW,,,0,0,0.840965889509131,0.836595357277884,0.0043705322312469486,0.6238579286066197,0.4,2,0.8047122277460466,0.4,2,0.840965889509131,0.6,3,0.8218014395079403,0.4,2,0.836595357277884,0.6,3
COVER__TEST__6437.pgm,6437.pgm,COVER,0,MULTI_CANDIDATE,S-UNIWARD,HILL,S-UNIWARD,HILL,MiPOD,HUGO,WOW,,"S-UNIWARD,HILL,MiPOD,HUGO",4,0,1.0,1.0,0.0,0.840083012192259,0.8,4,1.0,1.0,5,1.0,1.0,5,0.9792683325088507,0.8,4,1.0,1.0,5
COVER__TEST__4777.pgm,4777.pgm,COVER,0,MULTI_CANDIDATE,WOW,S-UNIWARD,WOW,S-UNIWARD,HILL,HUGO,MiPOD,,"WOW,S-UNIWARD,HILL,HUGO,MiPOD",5,0,1.0,1.0,0.0,1.0,1.0,5,1.0,1.0,5,1.0,1.0,5,1.0,1.0,5,1.0,1.0,5
COVER__TEST__7856.pgm,7856.pgm,COVER,0,UNKNOWN_OR_COVER,UNKNOWN,,HUGO,S-UNIWARD,MiPOD,HILL,WOW,,,0,0,0.8174970227689229,0.7765373978002963,0.040959624968626596,0.4401794343776805,0.2,1,0.7765373978002963,0.2,1,0.6765172013072978,0.2,1,0.8174970227689229,0.0,0,0.771887199930513,0.2,1
COVER__TEST__4211.pgm,4211.pgm,COVER,0,MULTI_CANDIDATE,WOW,S-UNIWARD,WOW,S-UNIWARD,HILL,HUGO,MiPOD,,"WOW,S-UNIWARD,HILL,HUGO,MiPOD",5,0,1.0,1.0,0.0,1.0,1.0,5,1.0,1.0,5,1.0,1.0,5,1.0,1.0,5,1.0,1.0,5
COVER__TEST__9314.pgm,9314.pgm,COVER,0,UNKNOWN_OR_COVER,UNKNOWN,,HUGO,S-UNIWARD,MiPOD,HILL,WOW,,,0,0,0.8138693750640128,0.7761669657509798,0.037702409313033036,0.43788273145979756,0.2,1,0.7761669657509798,0.2,1,0.6727599316728811,0.2,1,0.8138693750640128,0.0,0,0.7681613954542577,0.2,1
COVER__TEST__2685.pgm,2685.pgm,COVER,0,UNKNOWN_OR_COVER,UNKNOWN,,HUGO,S-UNIWARD,MiPOD,HILL,WOW,,,0,0,0.834218808781533,0.8317322116376816,0.0024865971438513546,0.459122747577225,0.2,1,0.8317322116376816,0.4,2,0.6945010586793978,0.6,3,0.834218808781533,0.8,4,0.7972496521959382,0.6,3
COVER__TEST__7981.pgm,7981.pgm,COVER,0,UNKNOWN_OR_COVER,UNKNOWN,,HUGO,S-UNIWARD,MiPOD,HILL,WOW,,,0,0,0.8122378355110976,0.7738063475056662,0.03843148800543139,0.4380981233442484,0.2,1,0.7738063475056662,0.2,1,0.6731974102363901,0.2,1,0.8122378355110976,0.0,0,0.7684182190411718,0.2,1
COVER__TEST__286.pgm,286.pgm,COVER,0,MULTI_CANDIDATE,WOW,S-UNIWARD,WOW,S-UNIWARD,HILL,HUGO,MiPOD,,"WOW,S-UNIWARD,HILL,HUGO,MiPOD",5,0,1.0,1.0,0.0,1.0,1.0,5,1.0,1.0,5,1.0,1.0,5,1.0,1.0,5,1.0,1.0,5
COVER__TEST__4515.pgm,4515.pgm,COVER,0,UNKNOWN_OR_COVER,UNKNOWN,,HUGO,S-UNIWARD,MiPOD,HILL,WOW,,,0,0,0.8191465029747992,0.7799402551425848,0.03920624783221438,0.44055729285685163,0.2,1,0.7799402551425848,0.2,1,0.677845436562507,0.4,2,0.8191465029747992,0.2,1,0.773288093528686,0.4,2
COVER__TEST__3244.pgm,3244.pgm,COVER,0,MULTI_CANDIDATE,S-UNIWARD,HILL,S-UNIWARD,HILL,HUGO,MiPOD,WOW,,"S-UNIWARD,HILL,HUGO,MiPOD",4,0,1.0,1.0,0.0,0.8655605158187443,0.8,4,1.0,1.0,5,1.0,1.0,5,1.0,1.0,5,1.0,1.0,5
COVER__TEST__1298.pgm,1298.pgm,COVER,0,UNKNOWN_OR_COVER,UNKNOWN,,HUGO,S-UNIWARD,MiPOD,HILL,WOW,,,0,0,0.8213095860558927,0.7789904837780389,0.04231910227785374,0.441120194823054,0.2,1,0.7789904837780389,0.2,1,0.6773592474305081,0.2,1,0.8213095860558927,0.0,0,0.7728815516158394,0.2,1
COVER__TEST__3938.pgm,3938.pgm,COVER,0,MULTI_CANDIDATE,WOW,S-UNIWARD,WOW,S-UNIWARD,HILL,HUGO,MiPOD,,"WOW,S-UNIWARD,HILL,HUGO,MiPOD",5,0,1.0,1.0,0.0,1.0,1.0,5,1.0,1.0,5,1.0,1.0,5,1.0,1.0,5,1.0,1.0,5
COVER__TEST__4644.pgm,4644.pgm,COVER,0,MULTI_CANDIDATE,WOW,S-UNIWARD,WOW,S-UNIWARD,HILL,HUGO,MiPOD,,"WOW,S-UNIWARD,HILL,HUGO,MiPOD",5,0,1.0,1.0,0.0,1.0,1.0,5,1.0,1.0,5,1.0,1.0,5,1.0,1.0,5,1.0,1.0,5
COVER__TEST__1455.pgm,1455.pgm,COVER,0,MULTI_CANDIDATE,S-UNIWARD,HUGO,S-UNIWARD,HUGO,MiPOD,HILL,WOW,,"S-UNIWARD,HUGO",2,0,0.9400367353301468,0.9017953803560002,0.0382413549741466,0.554110859736141,0.4,2,0.9400367353301468,0.6,3,0.6789310711479027,0.6,3,0.9017953803560002,0.6,3,0.7768975238205853,0.6,3
COVER__TEST__1591.pgm,1591.pgm,COVER,0,UNKNOWN_OR_COVER,UNKNOWN,,HUGO,S-UNIWARD,MiPOD,HILL,WOW,,,0,0,0.8213440651355489,0.7788282895438007,0.04251577559174824,0.4462060255432777,0.2,1,0.7788282895438007,0.2,1,0.6795083506301658,0.4,2,0.8213440651355489,0.4,2,0.7759569719958385,0.4,2
COVER__TEST__2009.pgm,2009.pgm,COVER,0,MULTI_CANDIDATE,WOW,S-UNIWARD,WOW,S-UNIWARD,HILL,HUGO,MiPOD,,"WOW,S-UNIWARD,HILL,HUGO,MiPOD",5,0,1.0,1.0,0.0,1.0,1.0,5,1.0,1.0,5,1.0,1.0,5,1.0,1.0,5,1.0,1.0,5
COVER__TEST__4303.pgm,4303.pgm,COVER,0,MULTI_CANDIDATE,HILL,MiPOD,HILL,MiPOD,WOW,S-UNIWARD,HUGO,,"HILL,MiPOD",2,0,0.9782273221514952,0.9602148334286008,0.018012488722894404,0.8894942578196685,0.6,3,0.8420922990047213,0.8,4,0.9782273221514952,0.8,4,0.8354093706213899,0.8,4,0.9602148334286008,0.8,4
COVER__TEST__6158.pgm,6158.pgm,COVER,0,UNKNOWN_OR_COVER,UNKNOWN,,HUGO,S-UNIWARD,MiPOD,HILL,WOW,,,0,0,0.830955479849387,0.8006623330270696,0.03029314682231743,0.44746008473453813,0.2,1,0.8006623330270696,0.6,3,0.6826256861848233,0.4,2,0.830955479849387,0.6,3,0.7840709819140936,0.4,2
COVER__TEST__1766.pgm,1766.pgm,COVER,0,MULTI_CANDIDATE,HUGO,WOW,HUGO,WOW,MiPOD,S-UNIWARD,HILL,,"HUGO,WOW,MiPOD,S-UNIWARD,HILL",5,0,0.9967868620680358,0.9795145625795726,0.017272299488463205,0.9795145625795726,0.8,4,0.9627653799623168,0.8,4,0.9252049791690261,0.8,4,0.9967868620680358,0.8,4,0.9755349447867143,0.8,4
COVER__TEST__9865.pgm,9865.pgm,COVER,0,UNKNOWN_OR_COVER,UNKNOWN,,HUGO,S-UNIWARD,MiPOD,HILL,WOW,,,0,0,0.8148111865745576,0.7755233947343404,0.039287791840217245,0.43884330486059503,0.2,1,0.7755233947343404,0.2,1,0.6750538917027166,0.2,1,0.8148111865745576,0.2,1,0.7703113035643673,0.2,1
COVER__TEST__1283.pgm,1283.pgm,COVER,0,MULTI_CANDIDATE,WOW,HILL,WOW,HILL,HUGO,MiPOD,S-UNIWARD,,"WOW,HILL,HUGO,MiPOD,S-UNIWARD",5,0,1.0,1.0,0.0,1.0,1.0,5,0.96156223357256,0.8,4,1.0,1.0,5,1.0,1.0,5,1.0,1.0,5
COVER__TEST__7933.pgm,7933.pgm,COVER,0,UNKNOWN_OR_COVER,UNKNOWN,,HUGO,S-UNIWARD,MiPOD,HILL,WOW,,,0,0,0.8159314390897201,0.7768289388651599,0.03910250022456019,0.43908012434300786,0.2,1,0.7768289388651599,0.2,1,0.674866424532126,0.2,1,0.8159314390897201,0.0,0,0.7707288006842027,0.2,1
COVER__TEST__2204.pgm,2204.pgm,COVER,0,UNKNOWN_OR_COVER,UNKNOWN,,HUGO,S-UNIWARD,MiPOD,HILL,WOW,,,0,0,0.825014582332628,0.7857144177734456,0.03930016455918239,0.4472966356745675,0.2,1,0.7857144177734456,0.2,1,0.6804147456262599,0.4,2,0.825014582332628,0.4,2,0.7796818276006866,0.4,2
COVER__TEST__4718.pgm,4718.pgm,COVER,0,UNKNOWN_OR_COVER,UNKNOWN,,HUGO,MiPOD,S-UNIWARD,HILL,WOW,,,0,0,0.8328404685054401,0.8320032009495947,0.0008372675558454556,0.4722283817166072,0.2,1,0.8097724920599019,0.4,2,0.6986185513962058,0.4,2,0.8328404685054401,0.6,3,0.8320032009495947,0.4,2
COVER__TEST__7213.pgm,7213.pgm,COVER,0,UNKNOWN_OR_COVER,UNKNOWN,,HUGO,S-UNIWARD,MiPOD,HILL,WOW,,,0,0,0.8157979837237773,0.775606771559342,0.04019121216443533,0.43931230749606154,0.2,1,0.775606771559342,0.2,1,0.6760312031376059,0.2,1,0.8157979837237773,0.0,0,0.770999395060061,0.2,1
COVER__TEST__510.pgm,510.pgm,COVER,0,SINGLE_CANDIDATE,MiPOD,HILL,MiPOD,HILL,S-UNIWARD,HUGO,WOW,,MiPOD,1,0,1.0,0.8734428022437047,0.12655719775629526,0.6681856332441765,0.4,2,0.836947324629239,0.6,3,0.8734428022437047,0.8,4,0.8345968503857353,0.8,4,1.0,1.0,5
COVER__TEST__9456.pgm,9456.pgm,COVER,0,UNKNOWN_OR_COVER,UNKNOWN,,MiPOD,S-UNIWARD,HUGO,HILL,WOW,,,0,0,0.8557132618709608,0.8416250640423432,0.014088197828617588,0.5335983232209134,0.2,1,0.8416250640423432,0.6,3,0.7570304796601709,0.6,3,0.8388019977305203,0.8,4,0.8557132618709608,0.6,3
COVER__TEST__5975.pgm,5975.pgm,COVER,0,MULTI_CANDIDATE,S-UNIWARD,HILL,S-UNIWARD,HILL,MiPOD,HUGO,WOW,,"S-UNIWARD,HILL,MiPOD,HUGO",4,0,1.0,1.0,0.0,0.8307833923001574,0.8,4,1.0,1.0,5,1.0,1.0,5,0.9633982861854349,0.8,4,1.0,1.0,5
COVER__TEST__5818.pgm,5818.pgm,COVER,0,MULTI_CANDIDATE,HUGO,HILL,HUGO,HILL,MiPOD,S-UNIWARD,WOW,,"HUGO,HILL,MiPOD,S-UNIWARD",4,0,0.9984298173431743,0.9977688744062103,0.0006609429369639486,0.8261754866516744,0.8,4,0.9882837655008636,0.6,3,0.9977688744062103,0.8,4,0.9984298173431743,0.8,4,0.9977688744062103,0.8,4
COVER__TEST__7702.pgm,7702.pgm,COVER,0,UNKNOWN_OR_COVER,UNKNOWN,,HUGO,S-UNIWARD,MiPOD,HILL,WOW,,,0,0,0.819596779854263,0.7777131927819205,0.04188358707234252,0.44365462689060486,0.2,1,0.7777131927819205,0.2,1,0.6794487721400281,0.6,3,0.819596779854263,0.4,2,0.77494781219755,0.6,3
COVER__TEST__4118.pgm,4118.pgm,COVER,0,MULTI_CANDIDATE,S-UNIWARD,HILL,S-UNIWARD,HILL,MiPOD,HUGO,WOW,,"S-UNIWARD,HILL,MiPOD,HUGO,WOW",5,0,1.0,0.9996029935240806,0.00039700647591944804,0.9276770454579294,0.6,3,1.0,1.0,5,0.9996029935240806,0.8,4,0.9419790429393895,0.8,4,0.9794301792411371,0.8,4
COVER__TEST__5825.pgm,5825.pgm,COVER,0,UNKNOWN_OR_COVER,UNKNOWN,,HUGO,S-UNIWARD,MiPOD,HILL,WOW,,,0,0,0.8154290788135974,0.7759346745758868,0.039494404237710556,0.4390153587582465,0.2,1,0.7759346745758868,0.2,1,0.6740900670825787,0.2,1,0.8154290788135974,0.0,0,0.7698481342820223,0.2,1
COVER__TEST__958.pgm,958.pgm,COVER,0,MULTI_CANDIDATE,HUGO,HILL,HUGO,HILL,MiPOD,S-UNIWARD,WOW,,"HUGO,HILL,MiPOD,S-UNIWARD,WOW",5,0,1.0,0.9985569375776873,0.0014430624223127353,0.9040133218307354,0.6,3,0.957204946680503,0.8,4,0.9985569375776873,0.8,4,1.0,1.0,5,0.9784898426126938,0.8,4
COVER__TEST__4834.pgm,4834.pgm,COVER,0,UNKNOWN_OR_COVER,UNKNOWN,,S-UNIWARD,MiPOD,HUGO,HILL,WOW,,,0,0,0.854816803905442,0.8363887104407176,0.018428093464724404,0.5677850238574492,0.4,2,0.854816803905442,0.4,2,0.699856187554744,0.6,3,0.834668090586803,0.8,4,0.8363887104407176,0.6,3
COVER__TEST__1739.pgm,1739.pgm,COVER,0,UNKNOWN_OR_COVER,UNKNOWN,,HUGO,S-UNIWARD,MiPOD,HILL,WOW,,,0,0,0.8342133450951476,0.7946437950644897,0.039569550030657874,0.4498530533115462,0.2,1,0.7946437950644897,0.2,1,0.68372017239378,0.6,3,0.8342133450951476,0.8,4,0.7823092021078097,0.6,3
COVER__TEST__3678.pgm,3678.pgm,COVER,0,UNKNOWN_OR_COVER,UNKNOWN,,HUGO,S-UNIWARD,MiPOD,HILL,WOW,,,0,0,0.8175903994306617,0.7796206309129359,0.03796976851772582,0.4458015190961582,0.2,1,0.7796206309129359,0.2,1,0.6792555362465612,0.6,3,0.8175903994306617,0.6,3,0.7786965846342015,0.6,3
COVER__TEST__7806.pgm,7806.pgm,COVER,0,UNKNOWN_OR_COVER,UNKNOWN,,HUGO,S-UNIWARD,MiPOD,HILL,WOW,,,0,0,0.8170639889802922,0.7788337350480257,0.038230253932266534,0.4392525981383354,0.0,0,0.7788337350480257,0.0,0,0.6754482581779924,0.2,1,0.8170639889802922,0.2,1,0.7715181915332412,0.0,0
COVER__TEST__3.pgm,3.pgm,COVER,0,MULTI_CANDIDATE,HILL,HUGO,HILL,HUGO,MiPOD,S-UNIWARD,WOW,,"HILL,HUGO,MiPOD,S-UNIWARD",4,0,1.0,1.0,0.0,0.8286335339619277,0.8,4,0.9385382329454016,0.8,4,1.0,1.0,5,1.0,1.0,5,1.0,1.0,5
COVER__TEST__7318.pgm,7318.pgm,COVER,0,UNKNOWN_OR_COVER,UNKNOWN,,HUGO,S-UNIWARD,MiPOD,HILL,WOW,,,0,0,0.811603144162266,0.7731826776387706,0.0384204665234954,0.43756689100460483,0.0,0,0.7731826776387706,0.0,0,0.6746115822708629,0.0,0,0.811603144162266,0.2,1,0.768780018509177,0.0,0
COVER__TEST__2235.pgm,2235.pgm,COVER,0,SINGLE_CANDIDATE,S-UNIWARD,MiPOD,S-UNIWARD,MiPOD,HUGO,HILL,WOW,,S-UNIWARD,1,0,0.9096324953754482,0.8588791532323896,0.0507533421430586,0.5899713723026501,0.4,2,0.9096324953754482,0.8,4,0.7215841035526116,0.6,3,0.8344626347913303,0.8,4,0.8588791532323896,0.6,3
COVER__TEST__1398.pgm,1398.pgm,COVER,0,MULTI_CANDIDATE,HUGO,MiPOD,HUGO,MiPOD,HILL,S-UNIWARD,WOW,,"HUGO,MiPOD,HILL,S-UNIWARD",4,0,1.0,1.0,0.0,0.8276806565358378,0.8,4,0.9848923659109685,0.8,4,0.9881600345892314,0.8,4,1.0,1.0,5,1.0,1.0,5
COVER__TEST__932.pgm,932.pgm,COVER,0,SINGLE_CANDIDATE,S-UNIWARD,HUGO,S-UNIWARD,HUGO,MiPOD,HILL,WOW,,S-UNIWARD,1,0,0.9262812797867872,0.8075896029381615,0.1186916768486257,0.5277906027892078,0.2,1,0.9262812797867872,0.4,2,0.6718341454536658,0.4,2,0.8075896029381615,0.4,2,0.7655120679848254,0.4,2
COVER__TEST__6808.pgm,6808.pgm,COVER,0,UNKNOWN_OR_COVER,UNKNOWN,,HUGO,S-UNIWARD,MiPOD,HILL,WOW,,,0,0,0.8215442087318582,0.7825031289780061,0.03904107975385207,0.440106650465727,0.2,1,0.7825031289780061,0.2,1,0.675875999417256,0.4,2,0.8215442087318582,0.2,1,0.7721595851034341,0.4,2
COVER__TEST__1395.pgm,1395.pgm,COVER,0,MULTI_CANDIDATE,HILL,S-UNIWARD,HILL,S-UNIWARD,MiPOD,WOW,HUGO,,"HILL,S-UNIWARD,MiPOD",3,0,0.9945762741174284,0.9943850504698262,0.00019122364760226773,0.8407618788139277,0.6,3,0.9943850504698262,0.8,4,0.9945762741174284,0.8,4,0.832837060012935,0.8,4,0.9941895198479169,0.8,4
COVER__TEST__9933.pgm,9933.pgm,COVER,0,UNKNOWN_OR_COVER,UNKNOWN,,HUGO,MiPOD,S-UNIWARD,HILL,WOW,,,0,0,0.8085077618456926,0.7687603800951175,0.03974738175057513,0.43773623650350846,0.0,0,0.7672843247455666,0.0,0,0.6746251888783055,0.0,0,0.8085077618456926,0.0,0,0.7687603800951175,0.0,0
COVER__TEST__2880.pgm,2880.pgm,COVER,0,MULTI_CANDIDATE,WOW,S-UNIWARD,WOW,S-UNIWARD,HILL,HUGO,MiPOD,,"WOW,S-UNIWARD,HILL,HUGO,MiPOD",5,0,1.0,1.0,0.0,1.0,1.0,5,1.0,1.0,5,1.0,1.0,5,1.0,1.0,5,1.0,1.0,5
COVER__TEST__7890.pgm,7890.pgm,COVER,0,UNKNOWN_OR_COVER,UNKNOWN,,HUGO,S-UNIWARD,MiPOD,HILL,WOW,,,0,0,0.8131219793811688,0.775312080696984,0.03780989868418483,0.43810540783736096,0.2,1,0.775312080696984,0.2,1,0.6727161860684128,0.2,1,0.8131219793811688,0.0,0,0.7683128444267696,0.2,1
COVER__TEST__3431.pgm,3431.pgm,COVER,0,MULTI_CANDIDATE,WOW,S-UNIWARD,WOW,S-UNIWARD,HILL,HUGO,MiPOD,,"WOW,S-UNIWARD,HILL,HUGO,MiPOD",5,0,1.0,1.0,0.0,1.0,1.0,5,1.0,1.0,5,1.0,1.0,5,1.0,1.0,5,1.0,1.0,5
COVER__TEST__6960.pgm,6960.pgm,COVER,0,UNKNOWN_OR_COVER,UNKNOWN,,HUGO,S-UNIWARD,MiPOD,HILL,WOW,,,0,0,0.8208357827614641,0.7813455340001262,0.03949024876133789,0.4414909126769612,0.2,1,0.7813455340001262,0.2,1,0.6787388475446655,0.4,2,0.8208357827614641,0.4,2,0.7754542020238642,0.4,2
COVER__TEST__5955.pgm,5955.pgm,COVER,0,UNKNOWN_OR_COVER,UNKNOWN,,HUGO,S-UNIWARD,MiPOD,HILL,WOW,,,0,0,0.8119613277648019,0.77525818048527,0.036703147279531945,0.4371335424798678,0.0,0,0.77525818048527,0.0,0,0.6734034041241455,0.2,1,0.8119613277648019,0.2,1,0.7680304843175928,0.2,1
COVER__TEST__6732.pgm,6732.pgm,COVER,0,UNKNOWN_OR_COVER,UNKNOWN,,HUGO,S-UNIWARD,MiPOD,HILL,WOW,,,0,0,0.8159779328447518,0.7786300901157109,0.0373478427290409,0.43970451915231895,0.2,1,0.7786300901157109,0.2,1,0.6763871476038728,0.4,2,0.8159779328447518,0.2,1,0.7721062530291295,0.4,2
COVER__TEST__1425.pgm,1425.pgm,COVER,0,MULTI_CANDIDATE,S-UNIWARD,HILL,S-UNIWARD,HILL,MiPOD,HUGO,WOW,,"S-UNIWARD,HILL,MiPOD",3,0,1.0,1.0,0.0,0.8305447445407893,0.8,4,1.0,1.0,5,1.0,1.0,5,0.8682806876322819,0.8,4,1.0,1.0,5
COVER__TEST__9771.pgm,9771.pgm,COVER,0,MULTI_CANDIDATE,HUGO,MiPOD,HUGO,MiPOD,S-UNIWARD,HILL,WOW,,"HUGO,MiPOD",2,0,1.0,0.9255700588047793,0.07442994119522073,0.6697293494454813,0.0,0,0.8209190405304294,0.6,3,0.788969355883309,0.4,2,1.0,1.0,5,0.9255700588047793,0.6,3
COVER__TEST__7424.pgm,7424.pgm,COVER,0,UNKNOWN_OR_COVER,UNKNOWN,,HUGO,S-UNIWARD,MiPOD,HILL,WOW,,,0,0,0.8213594021898205,0.780229987652625,0.04112941453719554,0.4417443342003069,0.2,1,0.780229987652625,0.2,1,0.6793393998067353,0.4,2,0.8213594021898205,0.4,2,0.7764975721356498,0.4,2
COVER__TEST__5021.pgm,5021.pgm,COVER,0,UNKNOWN_OR_COVER,UNKNOWN,,S-UNIWARD,HUGO,MiPOD,HILL,WOW,,,0,0,0.8672586079940932,0.825131175541423,0.042127432452670144,0.5349486293864112,0.2,1,0.8672586079940932,0.0,0,0.6787033193465368,0.4,2,0.825131175541423,0.6,3,0.7769854787150251,0.4,2
COVER__TEST__4233.pgm,4233.pgm,COVER,0,MULTI_CANDIDATE,S-UNIWARD,HILL,S-UNIWARD,HILL,HUGO,MiPOD,WOW,,"S-UNIWARD,HILL,HUGO,MiPOD",4,0,1.0,1.0,0.0,0.8613331683099631,0.8,4,1.0,1.0,5,1.0,1.0,5,1.0,1.0,5,1.0,1.0,5
COVER__TEST__8198.pgm,8198.pgm,COVER,0,SINGLE_CANDIDATE,MiPOD,S-UNIWARD,MiPOD,S-UNIWARD,HILL,HUGO,WOW,,MiPOD,1,0,0.9322975631032587,0.8303849320955127,0.10191263100774606,0.5984664657983425,0.2,1,0.8303849320955127,0.6,3,0.8238922817300702,0.4,2,0.8210993855212798,0.6,3,0.9322975631032587,0.4,2
COVER__TEST__425.pgm,425.pgm,COVER,0,UNKNOWN_OR_COVER,UNKNOWN,,HUGO,S-UNIWARD,MiPOD,HILL,WOW,,,0,0,0.8196772788613188,0.7828740327876217,0.036803246073697116,0.4412700930070314,0.2,1,0.7828740327876217,0.4,2,0.6755127043172007,0.4,2,0.8196772788613188,0.4,2,0.7721756737421615,0.4,2
COVER__TEST__9050.pgm,9050.pgm,COVER,0,MULTI_CANDIDATE,S-UNIWARD,HILL,S-UNIWARD,HILL,HUGO,MiPOD,WOW,,"S-UNIWARD,HILL,HUGO,MiPOD,WOW",5,0,1.0,1.0,0.0,0.9173112699640121,0.8,4,1.0,1.0,5,1.0,1.0,5,1.0,1.0,5,1.0,1.0,5
COVER__TEST__8935.pgm,8935.pgm,COVER,0,SINGLE_CANDIDATE,HUGO,MiPOD,HUGO,MiPOD,S-UNIWARD,HILL,WOW,,HUGO,1,0,0.9464510594314616,0.8373033087535964,0.1091477506778652,0.5878574381403615,0.4,2,0.8297260162775764,0.6,3,0.7050045022710308,0.6,3,0.9464510594314616,0.6,3,0.8373033087535964,0.8,4
COVER__TEST__7177.pgm,7177.pgm,COVER,0,UNKNOWN_OR_COVER,UNKNOWN,,HUGO,S-UNIWARD,MiPOD,HILL,WOW,,,0,0,0.8160758508432373,0.7754073589175735,0.0406684919256638,0.4396469825731374,0.2,1,0.7754073589175735,0.2,1,0.676736551708959,0.2,1,0.8160758508432373,0.0,0,0.771532246985454,0.2,1
COVER__TEST__6749.pgm,6749.pgm,COVER,0,MULTI_CANDIDATE,HUGO,S-UNIWARD,HUGO,S-UNIWARD,MiPOD,HILL,WOW,,"HUGO,S-UNIWARD",2,0,0.9586681548693665,0.9065532053841734,0.05211494948519313,0.5910560892455432,0.4,2,0.9065532053841734,0.6,3,0.7160118571644729,0.6,3,0.9586681548693665,0.8,4,0.8506058027552745,0.8,4
COVER__TEST__5400.pgm,5400.pgm,COVER,0,SINGLE_CANDIDATE,S-UNIWARD,MiPOD,S-UNIWARD,MiPOD,HUGO,HILL,WOW,,S-UNIWARD,1,0,0.9423177485789113,0.832162722697249,0.11015502588166226,0.6916596461677563,0.4,2,0.9423177485789113,0.6,3,0.7767674360669007,0.4,2,0.8148698752588196,0.6,3,0.832162722697249,0.6,3
COVER__TEST__6185.pgm,6185.pgm,COVER,0,UNKNOWN_OR_COVER,UNKNOWN,,HUGO,S-UNIWARD,MiPOD,HILL,WOW,,,0,0,0.8289084013495553,0.7940822765760697,0.03482612477348568,0.4453309528232355,0.2,1,0.7940822765760697,0.2,1,0.6816430885343158,0.4,2,0.8289084013495553,0.4,2,0.7811688709719656,0.4,2
COVER__TEST__1084.pgm,1084.pgm,COVER,0,UNKNOWN_OR_COVER,UNKNOWN,,S-UNIWARD,HUGO,MiPOD,HILL,WOW,,,0,0,0.8377559204111418,0.8321524476705692,0.0056034727405726015,0.47119212888438067,0.2,1,0.8377559204111418,0.6,3,0.7066268331389833,0.4,2,0.8321524476705692,0.6,3,0.810311997980321,0.4,2
COVER__TEST__8030.pgm,8030.pgm,COVER,0,UNKNOWN_OR_COVER,UNKNOWN,,HUGO,S-UNIWARD,MiPOD,HILL,WOW,,,0,0,0.8282206279517006,0.7881681554527145,0.040052472498986136,0.44204589138695544,0.2,1,0.7881681554527145,0.2,1,0.6781776400705588,0.4,2,0.8282206279517006,0.4,2,0.7744791677829148,0.4,2
COVER__TEST__6607.pgm,6607.pgm,COVER,0,MULTI_CANDIDATE,WOW,HILL,WOW,HILL,HUGO,MiPOD,S-UNIWARD,,"WOW,HILL,HUGO,MiPOD,S-UNIWARD",5,0,1.0,1.0,0.0,1.0,1.0,5,0.9435779675953576,0.8,4,1.0,1.0,5,1.0,1.0,5,1.0,1.0,5
COVER__TEST__1286.pgm,1286.pgm,COVER,0,UNKNOWN_OR_COVER,UNKNOWN,,HUGO,S-UNIWARD,MiPOD,HILL,WOW,,,0,0,0.8230732376720539,0.7799391518854717,0.04313408578658218,0.44202265116415945,0.2,1,0.7799391518854717,0.2,1,0.6793560621417465,0.2,1,0.8230732376720539,0.0,0,0.7749792008958113,0.2,1
COVER__TEST__6741.pgm,6741.pgm,COVER,0,MULTI_CANDIDATE,HILL,MiPOD,HILL,MiPOD,S-UNIWARD,HUGO,WOW,,"HILL,MiPOD",2,0,0.9257691516233171,0.9130583315427833,0.012710820080533813,0.7514741092361834,0.4,2,0.8569713926528767,0.8,4,0.9257691516233171,0.8,4,0.8340494997576979,0.8,4,0.9130583315427833,0.8,4
COVER__TEST__7193.pgm,7193.pgm,COVER,0,UNKNOWN_OR_COVER,UNKNOWN,,HUGO,S-UNIWARD,MiPOD,HILL,WOW,,,0,0,0.8181186027974586,0.7825650436170685,0.03555355918039016,0.4391318424517143,0.2,1,0.7825650436170685,0.4,2,0.6723082181401498,0.4,2,0.8181186027974586,0.4,2,0.769915387082234,0.4,2
COVER__TEST__4047.pgm,4047.pgm,COVER,0,MULTI_CANDIDATE,S-UNIWARD,HILL,S-UNIWARD,HILL,HUGO,MiPOD,WOW,,"S-UNIWARD,HILL,HUGO,MiPOD,WOW",5,0,1.0,1.0,0.0,0.9979083364675757,0.8,4,1.0,1.0,5,1.0,1.0,5,1.0,1.0,5,1.0,1.0,5
COVER__TEST__1916.pgm,1916.pgm,COVER,0,UNKNOWN_OR_COVER,UNKNOWN,,HUGO,S-UNIWARD,MiPOD,HILL,WOW,,,0,0,0.8162555287120732,0.7768736391026385,0.03938188960943467,0.43936586388512594,0.2,1,0.7768736391026385,0.2,1,0.6762661191519086,0.2,1,0.8162555287120732,0.2,1,0.7714374264224874,0.2,1
COVER__TEST__7129.pgm,7129.pgm,COVER,0,UNKNOWN_OR_COVER,UNKNOWN,,HUGO,S-UNIWARD,MiPOD,HILL,WOW,,,0,0,0.8132708820935293,0.7738295479506915,0.03944133414283779,0.43890438530109127,0.2,1,0.7738295479506915,0.2,1,0.6732042850049177,0.2,1,0.8132708820935293,0.0,0,0.768649769926953,0.2,1
COVER__TEST__7869.pgm,7869.pgm,COVER,0,UNKNOWN_OR_COVER,UNKNOWN,,HUGO,S-UNIWARD,MiPOD,HILL,WOW,,,0,0,0.8119832172989596,0.7737299601395513,0.038253257159408305,0.43685904308118395,0.0,0,0.7737299601395513,0.0,0,0.6722123046230298,0.0,0,0.8119832172989596,0.0,0,0.7671522261359329,0.0,0
COVER__TEST__90.pgm,90.pgm,COVER,0,UNKNOWN_OR_COVER,UNKNOWN,,HUGO,S-UNIWARD,MiPOD,HILL,WOW,,,0,0,0.8158535149365193,0.7750270747581602,0.040826440178359014,0.4399905455839951,0.2,1,0.7750270747581602,0.2,1,0.675691397339315,0.2,1,0.8158535149365193,0.0,0,0.7714883517332576,0.2,1
COVER__TEST__5878.pgm,5878.pgm,COVER,0,UNKNOWN_OR_COVER,UNKNOWN,,HUGO,S-UNIWARD,MiPOD,HILL,WOW,,,0,0,0.8182384422721339,0.7799685799568877,0.038269862315246206,0.4405801966629704,0.0,0,0.7799685799568877,0.2,1,0.6775797141721418,0.4,2,0.8182384422721339,0.4,2,0.7739971299157171,0.2,1
COVER__TEST__7008.pgm,7008.pgm,COVER,0,UNKNOWN_OR_COVER,UNKNOWN,,HUGO,S-UNIWARD,MiPOD,HILL,WOW,,,0,0,0.8065411888929018,0.7934743820720562,0.0130668068208456,0.5163702506704506,0.0,0,0.7934743820720562,0.2,1,0.671991561494536,0.4,2,0.8065411888929018,0.4,2,0.7651032972269111,0.4,2
COVER__TEST__7115.pgm,7115.pgm,COVER,0,SINGLE_CANDIDATE,HUGO,MiPOD,HUGO,MiPOD,S-UNIWARD,HILL,WOW,,HUGO,1,0,0.982258773982864,0.8373731062166441,0.14488566776621992,0.6365723661938472,0.4,2,0.8079990100008201,0.6,3,0.7548414536916855,0.6,3,0.982258773982864,0.8,4,0.8373731062166441,0.8,4
COVER__TEST__1945.pgm,1945.pgm,COVER,0,UNKNOWN_OR_COVER,UNKNOWN,,HUGO,S-UNIWARD,MiPOD,HILL,WOW,,,0,0,0.8227964919868196,0.7833534646144699,0.039443027372349726,0.4416746777721241,0.0,0,0.7833534646144699,0.2,1,0.6785995492394885,0.4,2,0.8227964919868196,0.4,2,0.7752965838654757,0.2,1
COVER__TEST__4152.pgm,4152.pgm,COVER,0,MULTI_CANDIDATE,HILL,HUGO,HILL,HUGO,MiPOD,WOW,S-UNIWARD,,"HILL,HUGO,MiPOD,WOW,S-UNIWARD",5,0,1.0,1.0,0.0,0.9827390393025578,0.8,4,0.9253162526728932,0.8,4,1.0,1.0,5,1.0,1.0,5,1.0,1.0,5
COVER__TEST__3250.pgm,3250.pgm,COVER,0,MULTI_CANDIDATE,WOW,S-UNIWARD,WOW,S-UNIWARD,HILL,HUGO,MiPOD,,"WOW,S-UNIWARD,HILL,HUGO,MiPOD",5,0,1.0,1.0,0.0,1.0,1.0,5,1.0,1.0,5,1.0,1.0,5,1.0,1.0,5,1.0,1.0,5
COVER__TEST__6646.pgm,6646.pgm,COVER,0,UNKNOWN_OR_COVER,UNKNOWN,,HUGO,S-UNIWARD,MiPOD,HILL,WOW,,,0,0,0.829424973866859,0.8049356075109572,0.02448936635590182,0.4500735011315182,0.2,1,0.8049356075109572,0.4,2,0.6835635403610558,0.2,1,0.829424973866859,0.6,3,0.7878300767752211,0.2,1
COVER__TEST__4407.pgm,4407.pgm,COVER,0,MULTI_CANDIDATE,WOW,S-UNIWARD,WOW,S-UNIWARD,HILL,HUGO,MiPOD,,"WOW,S-UNIWARD,HILL,HUGO,MiPOD",5,0,1.0,1.0,0.0,1.0,1.0,5,1.0,1.0,5,1.0,1.0,5,1.0,1.0,5,1.0,1.0,5
COVER__TEST__3221.pgm,3221.pgm,COVER,0,MULTI_CANDIDATE,WOW,S-UNIWARD,WOW,S-UNIWARD,HILL,HUGO,MiPOD,,"WOW,S-UNIWARD,HILL,HUGO,MiPOD",5,0,1.0,1.0,0.0,1.0,1.0,5,1.0,1.0,5,1.0,1.0,5,1.0,1.0,5,1.0,1.0,5
COVER__TEST__3038.pgm,3038.pgm,COVER,0,MULTI_CANDIDATE,S-UNIWARD,HILL,S-UNIWARD,HILL,HUGO,MiPOD,WOW,,"S-UNIWARD,HILL,HUGO,MiPOD,WOW",5,0,1.0,1.0,0.0,0.9784539762829549,0.8,4,1.0,1.0,5,1.0,1.0,5,1.0,1.0,5,1.0,1.0,5
COVER__TEST__2186.pgm,2186.pgm,COVER,0,MULTI_CANDIDATE,MiPOD,S-UNIWARD,MiPOD,S-UNIWARD,HILL,HUGO,WOW,,"MiPOD,S-UNIWARD,HILL",3,0,0.9985076925936811,0.9961196709369169,0.0023880216567642165,0.8262732721382037,0.8,4,0.9961196709369169,0.8,4,0.9752440470939133,0.6,3,0.8349015241794847,0.6,3,0.9985076925936811,0.8,4
COVER__TEST__8963.pgm,8963.pgm,COVER,0,MULTI_CANDIDATE,WOW,S-UNIWARD,WOW,S-UNIWARD,HILL,HUGO,MiPOD,,"WOW,S-UNIWARD,HILL,HUGO,MiPOD",5,0,1.0,1.0,0.0,1.0,1.0,5,1.0,1.0,5,1.0,1.0,5,1.0,1.0,5,1.0,1.0,5
COVER__TEST__5712.pgm,5712.pgm,COVER,0,UNKNOWN_OR_COVER,UNKNOWN,,HUGO,MiPOD,S-UNIWARD,HILL,WOW,,,0,0,0.8303329220485571,0.8155416039324083,0.014791318116148866,0.4633458304183714,0.2,1,0.8043028068453509,0.4,2,0.692008745583689,0.4,2,0.8303329220485571,0.6,3,0.8155416039324083,0.4,2
COVER__TEST__5950.pgm,5950.pgm,COVER,0,UNKNOWN_OR_COVER,UNKNOWN,,HUGO,S-UNIWARD,MiPOD,HILL,WOW,,,0,0,0.8178582991642456,0.7794765188353019,0.03838178032894368,0.44013250747887467,0.2,1,0.7794765188353019,0.2,1,0.6766211912056261,0.4,2,0.8178582991642456,0.4,2,0.7731786297942351,0.4,2
COVER__TEST__5003.pgm,5003.pgm,COVER,0,UNKNOWN_OR_COVER,UNKNOWN,,HUGO,S-UNIWARD,MiPOD,HILL,WOW,,,0,0,0.8090257107331855,0.7710251522295126,0.0380005585036729,0.4373311020237023,0.2,1,0.7710251522295126,0.2,1,0.6715720110194912,0.2,1,0.8090257107331855,0.0,0,0.7662780884839607,0.2,1
COVER__TEST__4455.pgm,4455.pgm,COVER,0,UNKNOWN_OR_COVER,UNKNOWN,,HUGO,MiPOD,S-UNIWARD,HILL,WOW,,,0,0,0.8061533917932847,0.8008263230327237,0.005327068760560993,0.4536263616638907,0.2,1,0.7841017798285536,0.6,3,0.6781252148796129,0.4,2,0.8061533917932847,0.4,2,0.8008263230327237,0.4,2
COVER__TEST__5210.pgm,5210.pgm,COVER,0,MULTI_CANDIDATE,S-UNIWARD,HILL,S-UNIWARD,HILL,HUGO,MiPOD,WOW,,"S-UNIWARD,HILL,HUGO,MiPOD,WOW",5,0,1.0,1.0,0.0,0.9878126420105158,0.8,4,1.0,1.0,5,1.0,1.0,5,1.0,1.0,5,1.0,1.0,5
COVER__TEST__214.pgm,214.pgm,COVER,0,UNKNOWN_OR_COVER,UNKNOWN,,HUGO,S-UNIWARD,MiPOD,HILL,WOW,,,0,0,0.8301859439080447,0.790098289797664,0.04008765411038062,0.45041379489989125,0.2,1,0.790098289797664,0.4,2,0.6818604439630886,0.6,3,0.8301859439080447,0.4,2,0.77849329219826,0.6,3
COVER__TEST__7484.pgm,7484.pgm,COVER,0,MULTI_CANDIDATE,S-UNIWARD,HILL,S-UNIWARD,HILL,MiPOD,WOW,HUGO,,"S-UNIWARD,HILL,MiPOD,WOW",4,0,1.0,1.0,0.0,0.9400369898299565,0.8,4,1.0,1.0,5,1.0,1.0,5,0.8618463622585297,0.8,4,1.0,1.0,5
COVER__TEST__5047.pgm,5047.pgm,COVER,0,SINGLE_CANDIDATE,MiPOD,S-UNIWARD,MiPOD,S-UNIWARD,HILL,HUGO,WOW,,MiPOD,1,0,0.9459854915239043,0.8769177363364106,0.06906775518749375,0.698956194096289,0.6,3,0.8769177363364106,0.8,4,0.8389848776821527,0.8,4,0.8347727404369134,0.8,4,0.9459854915239043,0.8,4
COVER__TEST__4525.pgm,4525.pgm,COVER,0,UNKNOWN_OR_COVER,UNKNOWN,,HUGO,S-UNIWARD,MiPOD,HILL,WOW,,,0,0,0.8124820333426779,0.7739148083672719,0.03856722497540599,0.43805848876382986,0.2,1,0.7739148083672719,0.2,1,0.6733235093868649,0.2,1,0.8124820333426779,0.0,0,0.7679670565940895,0.2,1
COVER__TEST__8143.pgm,8143.pgm,COVER,0,UNKNOWN_OR_COVER,UNKNOWN,,HUGO,S-UNIWARD,MiPOD,HILL,WOW,,,0,0,0.816270170046506,0.7776914660845741,0.03857870396193197,0.43928403086958384,0.2,1,0.7776914660845741,0.2,1,0.6753527400932617,0.2,1,0.816270170046506,0.2,1,0.7714825316424183,0.2,1
COVER__TEST__8685.pgm,8685.pgm,COVER,0,MULTI_CANDIDATE,HUGO,HILL,HUGO,HILL,MiPOD,S-UNIWARD,WOW,,"HUGO,HILL,MiPOD,S-UNIWARD",4,0,1.0,0.9532895363179378,0.04671046368206222,0.8107569171233513,0.6,3,0.9290478953018383,0.8,4,0.9532895363179378,0.8,4,1.0,1.0,5,0.9377973771420424,0.8,4
COVER__TEST__5087.pgm,5087.pgm,COVER,0,UNKNOWN_OR_COVER,UNKNOWN,,HUGO,S-UNIWARD,MiPOD,HILL,WOW,,,0,0,0.8132179613458804,0.7748886889721381,0.038329272373742285,0.4385837183226524,0.2,1,0.7748886889721381,0.2,1,0.675553300367018,0.4,2,0.8132179613458804,0.2,1,0.7704228330226159,0.4,2
COVER__TEST__4643.pgm,4643.pgm,COVER,0,MULTI_CANDIDATE,HUGO,HILL,HUGO,HILL,WOW,MiPOD,S-UNIWARD,,"HUGO,HILL,WOW,MiPOD,S-UNIWARD",5,0,1.0,0.9939860356432202,0.006013964356779811,0.9904461515612587,0.6,3,0.9788442844143486,0.8,4,0.9939860356432202,0.6,3,1.0,1.0,5,0.9795245157914547,0.8,4
COVER__TEST__482.pgm,482.pgm,COVER,0,MULTI_CANDIDATE,HILL,WOW,HILL,WOW,MiPOD,S-UNIWARD,HUGO,,"HILL,WOW,MiPOD",3,0,0.9319171286288992,0.9273755531044643,0.004541575524434904,0.9273755531044643,0.8,4,0.8742817715113717,0.8,4,0.9319171286288992,0.8,4,0.8379106237799869,0.8,4,0.9185849651698932,0.8,4
COVER__TEST__7634.pgm,7634.pgm,COVER,0,UNKNOWN_OR_COVER,UNKNOWN,,HUGO,S-UNIWARD,MiPOD,HILL,WOW,,,0,0,0.8138377813333848,0.7741170704440774,0.0397207108893074,0.4391540705430058,0.2,1,0.7741170704440774,0.2,1,0.6747138671695351,0.2,1,0.8138377813333848,0.0,0,0.7701551254971604,0.2,1
COVER__TEST__7999.pgm,7999.pgm,COVER,0,UNKNOWN_OR_COVER,UNKNOWN,,HUGO,S-UNIWARD,MiPOD,HILL,WOW,,,0,0,0.821467084647286,0.7842769366185796,0.03719014802870646,0.4407433891913112,0.2,1,0.7842769366185796,0.2,1,0.6750188745469043,0.2,1,0.821467084647286,0.2,1,0.7726603639054732,0.2,1
COVER__TEST__3344.pgm,3344.pgm,COVER,0,MULTI_CANDIDATE,S-UNIWARD,HILL,S-UNIWARD,HILL,HUGO,MiPOD,WOW,,"S-UNIWARD,HILL,HUGO,MiPOD,WOW",5,0,1.0,1.0,0.0,0.9884328812157616,0.8,4,1.0,1.0,5,1.0,1.0,5,1.0,1.0,5,1.0,1.0,5
COVER__TEST__7573.pgm,7573.pgm,COVER,0,MULTI_CANDIDATE,MiPOD,WOW,MiPOD,WOW,S-UNIWARD,HILL,HUGO,,"MiPOD,WOW,S-UNIWARD",3,0,1.0,0.9188146056298564,0.0811853943701436,0.9188146056298564,0.8,4,0.906204475667057,0.8,4,0.8647796495396023,0.8,4,0.797515849380585,0.6,3,1.0,1.0,5
COVER__TEST__9077.pgm,9077.pgm,COVER,0,MULTI_CANDIDATE,WOW,S-UNIWARD,WOW,S-UNIWARD,HILL,HUGO,MiPOD,,"WOW,S-UNIWARD,HILL,HUGO,MiPOD",5,0,1.0,1.0,0.0,1.0,1.0,5,1.0,1.0,5,1.0,1.0,5,1.0,1.0,5,1.0,1.0,5
COVER__TEST__7290.pgm,7290.pgm,COVER,0,UNKNOWN_OR_COVER,UNKNOWN,,HUGO,S-UNIWARD,MiPOD,HILL,WOW,,,0,0,0.8186459387049687,0.7790594566841578,0.03958648202081094,0.44081067194213286,0.2,1,0.7790594566841578,0.2,1,0.6782264902670946,0.4,2,0.8186459387049687,0.2,1,0.7744595947149194,0.4,2
COVER__TEST__8441.pgm,8441.pgm,COVER,0,UNKNOWN_OR_COVER,UNKNOWN,,S-UNIWARD,HUGO,MiPOD,HILL,WOW,,,0,0,0.8301488025100682,0.8274474188110738,0.0027013836989944195,0.45467587936810555,0.2,1,0.8301488025100682,0.4,2,0.6882599549374092,0.2,1,0.8274474188110738,0.4,2,0.7882122687717421,0.2,1
COVER__TEST__7524.pgm,7524.pgm,COVER,0,MULTI_CANDIDATE,HILL,MiPOD,HILL,MiPOD,S-UNIWARD,HUGO,WOW,,"HILL,MiPOD",2,0,0.9988960325101404,0.9795188865900973,0.019377145920043026,0.7689936304400117,0.4,2,0.8498010437373662,0.6,3,0.9988960325101404,0.8,4,0.8431825566579555,0.6,3,0.9795188865900973,0.6,3
COVER__TEST__5677.pgm,5677.pgm,COVER,0,UNKNOWN_OR_COVER,UNKNOWN,,HUGO,S-UNIWARD,MiPOD,HILL,WOW,,,0,0,0.8177178604057221,0.7780100115162523,0.03970784888946988,0.4400101466875966,0.2,1,0.7780100115162523,0.2,1,0.6764859163567734,0.2,1,0.8177178604057221,0.2,1,0.7726823452779031,0.2,1
COVER__TEST__924.pgm,924.pgm,COVER,0,UNKNOWN_OR_COVER,UNKNOWN,,HUGO,S-UNIWARD,MiPOD,HILL,WOW,,,0,0,0.8325314691788513,0.7941341256922746,0.03839734348657675,0.4460083265033016,0.2,1,0.7941341256922746,0.4,2,0.6828843369156029,0.4,2,0.8325314691788513,0.6,3,0.7792070985640172,0.4,2
COVER__TEST__8830.pgm,8830.pgm,COVER,0,UNKNOWN_OR_COVER,UNKNOWN,,HUGO,S-UNIWARD,MiPOD,HILL,WOW,,,0,0,0.8189738528156711,0.8151671411968631,0.0038067116188080785,0.5327164663069205,0.2,1,0.8151671411968631,0.4,2,0.6799881531061852,0.6,3,0.8189738528156711,0.6,3,0.7801052273194811,0.6,3
COVER__TEST__785.pgm,785.pgm,COVER,0,MULTI_CANDIDATE,HUGO,MiPOD,HUGO,MiPOD,S-UNIWARD,HILL,WOW,,"HUGO,MiPOD,S-UNIWARD,HILL",4,0,1.0,1.0,0.0,0.8311630776050926,0.8,4,0.9430756209654609,0.8,4,0.913090574562976,0.8,4,1.0,1.0,5,1.0,1.0,5
COVER__TEST__2964.pgm,2964.pgm,COVER,0,MULTI_CANDIDATE,WOW,S-UNIWARD,WOW,S-UNIWARD,HILL,HUGO,MiPOD,,"WOW,S-UNIWARD,HILL,HUGO,MiPOD",5,0,1.0,1.0,0.0,1.0,1.0,5,1.0,1.0,5,1.0,1.0,5,1.0,1.0,5,1.0,1.0,5
COVER__TEST__7729.pgm,7729.pgm,COVER,0,UNKNOWN_OR_COVER,UNKNOWN,,HUGO,S-UNIWARD,MiPOD,HILL,WOW,,,0,0,0.8317327719508827,0.7956455341200099,0.036087237830872754,0.44832496104634434,0.2,1,0.7956455341200099,0.2,1,0.6836964796685269,0.6,3,0.8317327719508827,0.6,3,0.7853686395341971,0.6,3
COVER__TEST__2788.pgm,2788.pgm,COVER,0,MULTI_CANDIDATE,HUGO,MiPOD,HUGO,MiPOD,HILL,S-UNIWARD,WOW,,"HUGO,MiPOD",2,0,0.996931249908528,0.9784583213332393,0.018472928575288705,0.6497055164995,0.2,1,0.837537970653704,0.8,4,0.8649302316507599,0.6,3,0.996931249908528,0.8,4,0.9784583213332393,0.6,3
COVER__TEST__4672.pgm,4672.pgm,COVER,0,MULTI_CANDIDATE,S-UNIWARD,HILL,S-UNIWARD,HILL,MiPOD,HUGO,WOW,,"S-UNIWARD,HILL,MiPOD,HUGO",4,0,1.0,1.0,0.0,0.8275331925268194,0.8,4,1.0,1.0,5,1.0,1.0,5,0.9747414412644272,0.8,4,1.0,1.0,5
COVER__TEST__9217.pgm,9217.pgm,COVER,0,UNKNOWN_OR_COVER,UNKNOWN,,HUGO,S-UNIWARD,MiPOD,HILL,WOW,,,0,0,0.8153444802958385,0.7774517782630938,0.03789270203274475,0.4387158726712298,0.0,0,0.7774517782630938,0.0,0,0.675384715805561,0.2,1,0.8153444802958385,0.2,1,0.7708705836728043,0.2,1
COVER__TEST__1738.pgm,1738.pgm,COVER,0,UNKNOWN_OR_COVER,UNKNOWN,,HUGO,S-UNIWARD,MiPOD,HILL,WOW,,,0,0,0.8116270031365534,0.7747176478471689,0.03690935528938455,0.43694967712274063,0.2,1,0.7747176478471689,0.2,1,0.6717194553407672,0.2,1,0.8116270031365534,0.0,0,0.7661980472122039,0.2,1
COVER__TEST__7849.pgm,7849.pgm,COVER,0,UNKNOWN_OR_COVER,UNKNOWN,,HUGO,S-UNIWARD,MiPOD,HILL,WOW,,,0,0,0.8238012231185913,0.7797672232938624,0.04403399982472889,0.4431548344544186,0.2,1,0.7797672232938624,0.2,1,0.679916993071443,0.4,2,0.8238012231185913,0.4,2,0.7762919589313728,0.4,2
COVER__TEST__8636.pgm,8636.pgm,COVER,0,UNKNOWN_OR_COVER,UNKNOWN,,HUGO,S-UNIWARD,MiPOD,HILL,WOW,,,0,0,0.8326285320545062,0.7898989281669302,0.04272960388757596,0.45222407601960135,0.2,1,0.7898989281669302,0.2,1,0.6816694735638724,0.4,2,0.8326285320545062,0.4,2,0.7780366173750434,0.4,2
COVER__TEST__3591.pgm,3591.pgm,COVER,0,MULTI_CANDIDATE,S-UNIWARD,HUGO,S-UNIWARD,HUGO,MiPOD,HILL,WOW,,"S-UNIWARD,HUGO,MiPOD,HILL",4,0,1.0,1.0,0.0,0.8307391645594299,0.8,4,1.0,1.0,5,0.9783956219848357,0.8,4,1.0,1.0,5,1.0,1.0,5
COVER__TEST__4224.pgm,4224.pgm,COVER,0,MULTI_CANDIDATE,WOW,S-UNIWARD,WOW,S-UNIWARD,HILL,HUGO,MiPOD,,"WOW,S-UNIWARD,HILL,HUGO,MiPOD",5,0,1.0,1.0,0.0,1.0,1.0,5,1.0,1.0,5,1.0,1.0,5,1.0,1.0,5,1.0,1.0,5
COVER__TEST__7267.pgm,7267.pgm,COVER,0,UNKNOWN_OR_COVER,UNKNOWN,,HUGO,S-UNIWARD,MiPOD,HILL,WOW,,,0,0,0.8177682205489314,0.7792853293783756,0.03848289117055581,0.44031287405312874,0.2,1,0.7792853293783756,0.2,1,0.6771874233007322,0.4,2,0.8177682205489314,0.2,1,0.7734029417531741,0.4,2
COVER__TEST__257.pgm,257.pgm,COVER,0,UNKNOWN_OR_COVER,UNKNOWN,,MiPOD,HUGO,S-UNIWARD,HILL,WOW,,,0,0,0.8444655561681067,0.8346536136543399,0.009811942513766825,0.5188093032369878,0.2,1,0.8143456387960579,0.4,2,0.722121763764868,0.6,3,0.8346536136543399,0.8,4,0.8444655561681067,0.8,4
COVER__TEST__1079.pgm,1079.pgm,COVER,0,MULTI_CANDIDATE,HUGO,MiPOD,HUGO,MiPOD,HILL,S-UNIWARD,WOW,,"HUGO,MiPOD",2,0,0.9980458667892567,0.9974215481131624,0.0006243186760942487,0.6559119442926806,0.4,2,0.8348709118655628,0.6,3,0.8662663479145909,0.4,2,0.9980458667892567,0.8,4,0.9974215481131624,0.6,3
COVER__TEST__3173.pgm,3173.pgm,COVER,0,MULTI_CANDIDATE,HUGO,MiPOD,HUGO,MiPOD,HILL,S-UNIWARD,WOW,,"HUGO,MiPOD,HILL",3,0,1.0,1.0,0.0,0.7922627576083886,0.6,3,0.857809484927817,0.8,4,0.9913746489939526,0.8,4,1.0,1.0,5,1.0,1.0,5
COVER__TEST__4596.pgm,4596.pgm,COVER,0,MULTI_CANDIDATE,HUGO,MiPOD,HUGO,MiPOD,S-UNIWARD,HILL,WOW,,"HUGO,MiPOD,S-UNIWARD,HILL",4,0,1.0,0.9871452323664919,0.012854767633508124,0.8976965922879087,0.6,3,0.9735310589653805,0.8,4,0.933486326318101,0.8,4,1.0,1.0,5,0.9871452323664919,0.8,4
COVER__TEST__6891.pgm,6891.pgm,COVER,0,UNKNOWN_OR_COVER,UNKNOWN,,HUGO,S-UNIWARD,MiPOD,HILL,WOW,,,0,0,0.8223059965567712,0.7786783515157458,0.04362764504102534,0.44202434659305095,0.2,1,0.7786783515157458,0.2,1,0.6788912623850507,0.4,2,0.8223059965567712,0.0,0,0.7747323752945218,0.2,1
COVER__TEST__8288.pgm,8288.pgm,COVER,0,UNKNOWN_OR_COVER,UNKNOWN,,HUGO,S-UNIWARD,MiPOD,HILL,WOW,,,0,0,0.8186670185262319,0.7810096457748823,0.037657372751349616,0.4407312456941209,0.2,1,0.7810096457748823,0.4,2,0.6775955343065772,0.4,2,0.8186670185262319,0.2,1,0.7737223240820335,0.4,2
COVER__TEST__6660.pgm,6660.pgm,COVER,0,UNKNOWN_OR_COVER,UNKNOWN,,HUGO,S-UNIWARD,MiPOD,HILL,WOW,,,0,0,0.8193737062495584,0.7804738867297921,0.03889981951976629,0.4411787962807515,0.2,1,0.7804738867297921,0.2,1,0.6783204762882974,0.4,2,0.8193737062495584,0.4,2,0.775112220560447,0.4,2
COVER__TEST__3865.pgm,3865.pgm,COVER,0,UNKNOWN_OR_COVER,UNKNOWN,,HUGO,S-UNIWARD,MiPOD,HILL,WOW,,,0,0,0.8167229090035661,0.7788083792444238,0.037914529759142335,0.4399901166119665,0.2,1,0.7788083792444238,0.2,1,0.6769018644310245,0.4,2,0.8167229090035661,0.2,1,0.7726268041438493,0.4,2
COVER__TEST__9487.pgm,9487.pgm,COVER,0,MULTI_CANDIDATE,S-UNIWARD,HUGO,S-UNIWARD,HUGO,MiPOD,HILL,WOW,,"S-UNIWARD,HUGO,MiPOD,HILL",4,0,1.0,1.0,0.0,0.8767305630069423,0.8,4,1.0,1.0,5,0.9212796744209768,0.6,3,1.0,1.0,5,1.0,1.0,5
COVER__TEST__7109.pgm,7109.pgm,COVER,0,UNKNOWN_OR_COVER,UNKNOWN,,HUGO,S-UNIWARD,MiPOD,HILL,WOW,,,0,0,0.8151729607823232,0.7780504441591247,0.03712251662319843,0.43936572036470356,0.2,1,0.7780504441591247,0.2,1,0.675993627239116,0.4,2,0.8151729607823232,0.2,1,0.7714469416171805,0.4,2
COVER__TEST__7713.pgm,7713.pgm,COVER,0,UNKNOWN_OR_COVER,UNKNOWN,,HUGO,S-UNIWARD,MiPOD,HILL,WOW,,,0,0,0.8134185719821362,0.773960545065537,0.039458026916599165,0.4386774425957524,0.2,1,0.773960545065537,0.2,1,0.6742493755169422,0.2,1,0.8134185719821362,0.0,0,0.7692956243949031,0.2,1
COVER__TEST__2071.pgm,2071.pgm,COVER,0,UNKNOWN_OR_COVER,UNKNOWN,,HUGO,S-UNIWARD,MiPOD,HILL,WOW,,,0,0,0.8057728941980071,0.7822825299717767,0.02349036422623041,0.4415272214643352,0.2,1,0.7822825299717767,0.4,2,0.671724170516695,0.4,2,0.8057728941980071,0.4,2,0.7779045974945594,0.4,2
COVER__TEST__8003.pgm,8003.pgm,COVER,0,UNKNOWN_OR_COVER,UNKNOWN,,HUGO,S-UNIWARD,MiPOD,HILL,WOW,,,0,0,0.814560093476494,0.7763341997844673,0.03822589369202678,0.4386679425821768,0.2,1,0.7763341997844673,0.2,1,0.6746495269622741,0.2,1,0.814560093476494,0.2,1,0.7703040860600165,0.2,1
COVER__TEST__4608.pgm,4608.pgm,COVER,0,SINGLE_CANDIDATE,HUGO,S-UNIWARD,HUGO,S-UNIWARD,MiPOD,HILL,WOW,,HUGO,1,0,0.9915708506682481,0.8241368965349475,0.16743395413330064,0.4509183327772723,0.2,1,0.8241368965349475,0.4,2,0.6842676760888468,0.4,2,0.9915708506682481,0.8,4,0.7835445154869787,0.4,2
COVER__TEST__168.pgm,168.pgm,COVER,0,MULTI_CANDIDATE,WOW,S-UNIWARD,WOW,S-UNIWARD,HILL,HUGO,MiPOD,,"WOW,S-UNIWARD,HILL,HUGO,MiPOD",5,0,1.0,1.0,0.0,1.0,1.0,5,1.0,1.0,5,1.0,1.0,5,1.0,1.0,5,1.0,1.0,5
COVER__TEST__1358.pgm,1358.pgm,COVER,0,UNKNOWN_OR_COVER,UNKNOWN,,HUGO,S-UNIWARD,MiPOD,HILL,WOW,,,0,0,0.826265363965406,0.783485523428399,0.0427798405370069,0.44275648149256436,0.2,1,0.783485523428399,0.4,2,0.6804995368517784,0.6,3,0.826265363965406,0.4,2,0.7771512444212092,0.4,2
COVER__TEST__3170.pgm,3170.pgm,COVER,0,MULTI_CANDIDATE,WOW,S-UNIWARD,WOW,S-UNIWARD,HILL,HUGO,MiPOD,,"WOW,S-UNIWARD,HILL,HUGO,MiPOD",5,0,1.0,1.0,0.0,1.0,1.0,5,1.0,1.0,5,1.0,1.0,5,1.0,1.0,5,1.0,1.0,5
COVER__TEST__3934.pgm,3934.pgm,COVER,0,MULTI_CANDIDATE,WOW,S-UNIWARD,WOW,S-UNIWARD,HILL,HUGO,MiPOD,,"WOW,S-UNIWARD,HILL,HUGO,MiPOD",5,0,1.0,1.0,0.0,1.0,1.0,5,1.0,1.0,5,1.0,1.0,5,1.0,1.0,5,1.0,1.0,5
COVER__TEST__431.pgm,431.pgm,COVER,0,MULTI_CANDIDATE,S-UNIWARD,HUGO,S-UNIWARD,HUGO,HILL,MiPOD,WOW,,"S-UNIWARD,HUGO,HILL,MiPOD",4,0,1.0,1.0,0.0,0.8766666005988663,0.6,3,1.0,1.0,5,0.9932964601595353,0.8,4,1.0,1.0,5,0.9737610137040278,0.8,4
COVER__TEST__5575.pgm,5575.pgm,COVER,0,MULTI_CANDIDATE,WOW,S-UNIWARD,WOW,S-UNIWARD,HILL,HUGO,MiPOD,,"WOW,S-UNIWARD,HILL,HUGO,MiPOD",5,0,1.0,1.0,0.0,1.0,1.0,5,1.0,1.0,5,1.0,1.0,5,1.0,1.0,5,1.0,1.0,5
COVER__TEST__4461.pgm,4461.pgm,COVER,0,MULTI_CANDIDATE,S-UNIWARD,HUGO,S-UNIWARD,HUGO,MiPOD,HILL,WOW,,"S-UNIWARD,HUGO,MiPOD,HILL",4,0,1.0,1.0,0.0,0.8750398694953174,0.6,3,1.0,1.0,5,0.9276541963884583,0.6,3,1.0,1.0,5,0.9434874618936389,0.8,4
COVER__TEST__2375.pgm,2375.pgm,COVER,0,UNKNOWN_OR_COVER,UNKNOWN,,S-UNIWARD,HUGO,MiPOD,HILL,WOW,,,0,0,0.8502906515431501,0.8340639905227958,0.016226661020354305,0.542611752227937,0.2,1,0.8502906515431501,0.6,3,0.6916819593290391,0.6,3,0.8340639905227958,0.8,4,0.7975126258424334,0.6,3
COVER__TEST__5940.pgm,5940.pgm,COVER,0,UNKNOWN_OR_COVER,UNKNOWN,,HUGO,S-UNIWARD,MiPOD,HILL,WOW,,,0,0,0.8161710126461159,0.7760519695747415,0.04011904307137437,0.43897785844941517,0.0,0,0.7760519695747415,0.0,0,0.6766212276009698,0.0,0,0.8161710126461159,0.2,1,0.7709125774759528,0.0,0
COVER__TEST__86.pgm,86.pgm,COVER,0,UNKNOWN_OR_COVER,UNKNOWN,,HUGO,S-UNIWARD,MiPOD,HILL,WOW,,,0,0,0.8250867882976476,0.7871643373399475,0.03792245095770008,0.4431893794575733,0.2,1,0.7871643373399475,0.2,1,0.6799279233780232,0.4,2,0.8250867882976476,0.4,2,0.7779730007168426,0.4,2
COVER__TEST__5182.pgm,5182.pgm,COVER,0,UNKNOWN_OR_COVER,UNKNOWN,,HUGO,MiPOD,S-UNIWARD,HILL,WOW,,,0,0,0.829766460213633,0.7989493774059965,0.03081708280763651,0.45414335443100684,0.2,1,0.7951640307809003,0.4,2,0.6863387144699333,0.2,1,0.829766460213633,0.4,2,0.7989493774059965,0.2,1
COVER__TEST__2248.pgm,2248.pgm,COVER,0,UNKNOWN_OR_COVER,UNKNOWN,,HUGO,S-UNIWARD,MiPOD,HILL,WOW,,,0,0,0.8128686176993268,0.7771219454776717,0.035746672221655174,0.4386668082835715,0.0,0,0.7771219454776717,0.2,1,0.6729391545116307,0.2,1,0.8128686176993268,0.2,1,0.7700936532792242,0.0,0
COVER__TEST__350.pgm,350.pgm,COVER,0,MULTI_CANDIDATE,WOW,S-UNIWARD,WOW,S-UNIWARD,HILL,HUGO,MiPOD,,"WOW,S-UNIWARD,HILL,HUGO,MiPOD",5,0,1.0,1.0,0.0,1.0,1.0,5,1.0,1.0,5,1.0,1.0,5,1.0,1.0,5,1.0,1.0,5
COVER__TEST__7976.pgm,7976.pgm,COVER,0,UNKNOWN_OR_COVER,UNKNOWN,,HUGO,S-UNIWARD,MiPOD,HILL,WOW,,,0,0,0.8196473453141788,0.7804123736426172,0.03923497167156165,0.4404268182062202,0.0,0,0.7804123736426172,0.0,0,0.6777171472265364,0.2,1,0.8196473453141788,0.4,2,0.7742792099813334,0.2,1
COVER__TEST__8536.pgm,8536.pgm,COVER,0,UNKNOWN_OR_COVER,UNKNOWN,,HUGO,S-UNIWARD,MiPOD,HILL,WOW,,,0,0,0.8279512955999533,0.7861385519299404,0.041812743670012864,0.44173827277942773,0.2,1,0.7861385519299404,0.2,1,0.6779811826129607,0.2,1,0.8279512955999533,0.2,1,0.7733784463806748,0.2,1
COVER__TEST__4149.pgm,4149.pgm,COVER,0,MULTI_CANDIDATE,WOW,S-UNIWARD,WOW,S-UNIWARD,HILL,HUGO,MiPOD,,"WOW,S-UNIWARD,HILL,HUGO,MiPOD",5,0,1.0,1.0,0.0,1.0,1.0,5,1.0,1.0,5,1.0,1.0,5,1.0,1.0,5,1.0,1.0,5
COVER__TEST__7518.pgm,7518.pgm,COVER,0,MULTI_CANDIDATE,WOW,S-UNIWARD,WOW,S-UNIWARD,HILL,HUGO,MiPOD,,"WOW,S-UNIWARD,HILL,HUGO,MiPOD",5,0,1.0,1.0,0.0,1.0,1.0,5,1.0,1.0,5,1.0,1.0,5,1.0,1.0,5,1.0,1.0,5
COVER__TEST__7512.pgm,7512.pgm,COVER,0,MULTI_CANDIDATE,S-UNIWARD,HILL,S-UNIWARD,HILL,MiPOD,WOW,HUGO,,"S-UNIWARD,HILL,MiPOD,WOW,HUGO",5,0,1.0,1.0,0.0,0.9994208392368528,0.8,4,1.0,1.0,5,1.0,1.0,5,0.9622367480205789,0.8,4,1.0,1.0,5
COVER__TEST__7855.pgm,7855.pgm,COVER,0,UNKNOWN_OR_COVER,UNKNOWN,,HUGO,S-UNIWARD,MiPOD,HILL,WOW,,,0,0,0.818885908618854,0.781272999877964,0.03761290874089007,0.4413933650680546,0.2,1,0.781272999877964,0.2,1,0.6781812935615459,0.4,2,0.818885908618854,0.4,2,0.7757397044643178,0.4,2
COVER__TEST__575.pgm,575.pgm,COVER,0,MULTI_CANDIDATE,HILL,HUGO,HILL,HUGO,MiPOD,S-UNIWARD,WOW,,"HILL,HUGO,MiPOD",3,0,1.0,1.0,0.0,0.8298191601054089,0.8,4,0.872433394702661,0.8,4,1.0,1.0,5,1.0,1.0,5,1.0,1.0,5
COVER__TEST__9550.pgm,9550.pgm,COVER,0,MULTI_CANDIDATE,WOW,S-UNIWARD,WOW,S-UNIWARD,HILL,HUGO,MiPOD,,"WOW,S-UNIWARD,HILL,HUGO,MiPOD",5,0,1.0,1.0,0.0,1.0,1.0,5,1.0,1.0,5,1.0,1.0,5,1.0,1.0,5,1.0,1.0,5
COVER__TEST__7337.pgm,7337.pgm,COVER,0,UNKNOWN_OR_COVER,UNKNOWN,,HUGO,S-UNIWARD,MiPOD,HILL,WOW,,,0,0,0.8116466647414672,0.7743688292078101,0.037277835533657044,0.43763604159596337,0.2,1,0.7743688292078101,0.2,1,0.6736765764133128,0.2,1,0.8116466647414672,0.2,1,0.7684892725940864,0.2,1
COVER__TEST__4097.pgm,4097.pgm,COVER,0,MULTI_CANDIDATE,HUGO,S-UNIWARD,HUGO,S-UNIWARD,MiPOD,HILL,WOW,,"HUGO,S-UNIWARD",2,0,0.9819171148834055,0.9472603790096172,0.03465673587378826,0.7058656034565232,0.6,3,0.9472603790096172,0.8,4,0.8248754565578841,0.6,3,0.9819171148834055,0.8,4,0.8373030472475479,0.8,4
COVER__TEST__5228.pgm,5228.pgm,COVER,0,UNKNOWN_OR_COVER,UNKNOWN,,HUGO,S-UNIWARD,MiPOD,HILL,WOW,,,0,0,0.8147184442667973,0.7769302935071677,0.0377881507596296,0.43914936695795825,0.2,1,0.7769302935071677,0.2,1,0.6758694943903022,0.4,2,0.8147184442667973,0.2,1,0.7713048829528014,0.4,2
COVER__TEST__5479.pgm,5479.pgm,COVER,0,MULTI_CANDIDATE,S-UNIWARD,HILL,S-UNIWARD,HILL,HUGO,MiPOD,WOW,,"S-UNIWARD,HILL,HUGO,MiPOD",4,0,1.0,1.0,0.0,0.872119284821489,0.8,4,1.0,1.0,5,1.0,1.0,5,1.0,1.0,5,1.0,1.0,5
COVER__TEST__1002.pgm,1002.pgm,COVER,0,MULTI_CANDIDATE,HUGO,MiPOD,HUGO,MiPOD,HILL,S-UNIWARD,WOW,,"HUGO,MiPOD",2,0,0.9991163293067705,0.9287491089142869,0.07036722039248366,0.6721243905201659,0.4,2,0.8379544786805677,0.8,4,0.8774202707070907,0.6,3,0.9991163293067705,0.8,4,0.9287491089142869,0.6,3
COVER__TEST__9078.pgm,9078.pgm,COVER,0,MULTI_CANDIDATE,WOW,S-UNIWARD,WOW,S-UNIWARD,HILL,HUGO,MiPOD,,"WOW,S-UNIWARD,HILL,HUGO,MiPOD",5,0,1.0,1.0,0.0,1.0,1.0,5,1.0,1.0,5,1.0,1.0,5,1.0,1.0,5,1.0,1.0,5
COVER__TEST__6987.pgm,6987.pgm,COVER,0,MULTI_CANDIDATE,HILL,MiPOD,HILL,MiPOD,HUGO,S-UNIWARD,WOW,,"HILL,MiPOD",2,0,0.9783010093253053,0.9602810734311733,0.018019935894131978,0.7636741963054277,0.4,2,0.8586582207696167,0.8,4,0.9783010093253053,0.8,4,0.8590469406880393,0.8,4,0.9602810734311733,0.8,4
COVER__TEST__5435.pgm,5435.pgm,COVER,0,UNKNOWN_OR_COVER,UNKNOWN,,HUGO,S-UNIWARD,MiPOD,HILL,WOW,,,0,0,0.8397158084207659,0.8035635927128464,0.03615221570791949,0.44771088383062585,0.2,1,0.8035635927128464,0.4,2,0.6808895365029154,0.4,2,0.8397158084207659,0.6,3,0.7809047912956063,0.4,2
COVER__TEST__9390.pgm,9390.pgm,COVER,0,UNKNOWN_OR_COVER,UNKNOWN,,HUGO,S-UNIWARD,MiPOD,HILL,WOW,,,0,0,0.8116542587940382,0.7729675378714301,0.03868672092260805,0.4377968602971391,0.0,0,0.7729675378714301,0.0,0,0.6729261831807575,0.0,0,0.8116542587940382,0.0,0,0.7681393795849384,0.0,0
COVER__TEST__3564.pgm,3564.pgm,COVER,0,UNKNOWN_OR_COVER,UNKNOWN,,HILL,MiPOD,S-UNIWARD,HUGO,WOW,,,0,0,0.8566358152599974,0.8509119342558522,0.005723881004145226,0.5935061297312205,0.4,2,0.8380625170337879,0.6,3,0.8566358152599974,0.8,4,0.8370951168797088,0.8,4,0.8509119342558522,0.8,4
COVER__TEST__6589.pgm,6589.pgm,COVER,0,MULTI_CANDIDATE,HILL,MiPOD,HILL,MiPOD,S-UNIWARD,HUGO,WOW,,"HILL,MiPOD",2,0,0.9335724858449834,0.9200730242252515,0.013499461619731923,0.7593417640650313,0.6,3,0.8744980196450591,0.8,4,0.9335724858449834,0.8,4,0.8488576711408994,0.8,4,0.9200730242252515,0.8,4
COVER__TEST__7198.pgm,7198.pgm,COVER,0,UNKNOWN_OR_COVER,UNKNOWN,,HUGO,S-UNIWARD,MiPOD,HILL,WOW,,,0,0,0.8159568891883839,0.7773279304804441,0.03862895870793981,0.43971661849226107,0.2,1,0.7773279304804441,0.2,1,0.6769655843098755,0.4,2,0.8159568891883839,0.2,1,0.772227814375316,0.4,2
COVER__TEST__3827.pgm,3827.pgm,COVER,0,MULTI_CANDIDATE,WOW,S-UNIWARD,WOW,S-UNIWARD,HILL,HUGO,MiPOD,,"WOW,S-UNIWARD,HILL,HUGO,MiPOD",5,0,1.0,1.0,0.0,1.0,1.0,5,1.0,1.0,5,1.0,1.0,5,1.0,1.0,5,1.0,1.0,5
COVER__TEST__2875.pgm,2875.pgm,COVER,0,MULTI_CANDIDATE,WOW,S-UNIWARD,WOW,S-UNIWARD,HILL,HUGO,MiPOD,,"WOW,S-UNIWARD,HILL,HUGO,MiPOD",5,0,1.0,1.0,0.0,1.0,1.0,5,1.0,1.0,5,1.0,1.0,5,1.0,1.0,5,1.0,1.0,5
COVER__TEST__9173.pgm,9173.pgm,COVER,0,UNKNOWN_OR_COVER,UNKNOWN,,HUGO,S-UNIWARD,MiPOD,HILL,WOW,,,0,0,0.8106513505944442,0.7732180567002114,0.03743329389423278,0.4373454188768576,0.2,1,0.7732180567002114,0.2,1,0.6722926796679278,0.2,1,0.8106513505944442,0.0,0,0.7672375644807058,0.2,1
COVER__TEST__5358.pgm,5358.pgm,COVER,0,UNKNOWN_OR_COVER,UNKNOWN,,HUGO,S-UNIWARD,MiPOD,HILL,WOW,,,0,0,0.8136106250233691,0.775254499324256,0.038356125699113064,0.4384856785821395,0.2,1,0.775254499324256,0.2,1,0.6741834473981372,0.2,1,0.8136106250233691,0.2,1,0.7699590273905329,0.2,1
COVER__TEST__6931.pgm,6931.pgm,COVER,0,UNKNOWN_OR_COVER,UNKNOWN,,HUGO,S-UNIWARD,MiPOD,HILL,WOW,,,0,0,0.821038333327307,0.7785015880216096,0.0425367453056974,0.4429328363054201,0.2,1,0.7785015880216096,0.2,1,0.6797895797362471,0.6,3,0.821038333327307,0.4,2,0.7760808791765219,0.6,3
COVER__TEST__5808.pgm,5808.pgm,COVER,0,SINGLE_CANDIDATE,HUGO,HILL,HUGO,HILL,MiPOD,WOW,S-UNIWARD,,HUGO,1,0,1.0,0.8869033103634731,0.11309668963652686,0.8757489567571561,0.6,3,0.8675747033794596,0.8,4,0.8869033103634731,0.6,3,1.0,1.0,5,0.8812483175860043,0.8,4
COVER__TEST__702.pgm,702.pgm,COVER,0,SINGLE_CANDIDATE,MiPOD,S-UNIWARD,MiPOD,S-UNIWARD,HUGO,HILL,WOW,,MiPOD,1,0,0.9058757172568097,0.8367275844940034,0.06914813276280629,0.5547509062138369,0.2,1,0.8367275844940034,0.6,3,0.7833588720765196,0.4,2,0.8324988195059214,0.6,3,0.9058757172568097,0.4,2
COVER__TEST__5559.pgm,5559.pgm,COVER,0,MULTI_CANDIDATE,HILL,HUGO,HILL,HUGO,MiPOD,S-UNIWARD,WOW,,"HILL,HUGO,MiPOD,S-UNIWARD",4,0,1.0,1.0,0.0,0.8526436349991897,0.8,4,0.9459319204460048,0.8,4,1.0,1.0,5,1.0,1.0,5,1.0,1.0,5
COVER__TEST__8476.pgm,8476.pgm,COVER,0,UNKNOWN_OR_COVER,UNKNOWN,,HUGO,S-UNIWARD,MiPOD,HILL,WOW,,,0,0,0.8281878516641583,0.8136021340744153,0.01458571758974303,0.4512550685229514,0.2,1,0.8136021340744153,0.4,2,0.6848248329139033,0.2,1,0.8281878516641583,0.6,3,0.7875799196154298,0.2,1
COVER__TEST__5426.pgm,5426.pgm,COVER,0,UNKNOWN_OR_COVER,UNKNOWN,,HUGO,S-UNIWARD,MiPOD,HILL,WOW,,,0,0,0.8356728738273557,0.8147031510116977,0.02096972281565801,0.4529141322546579,0.2,1,0.8147031510116977,0.6,3,0.6867949835631084,0.4,2,0.8356728738273557,0.6,3,0.7903472934831891,0.4,2
COVER__TEST__2835.pgm,2835.pgm,COVER,0,MULTI_CANDIDATE,S-UNIWARD,WOW,S-UNIWARD,WOW,MiPOD,HILL,HUGO,,"S-UNIWARD,WOW,MiPOD,HILL",4,0,0.9943463163906838,0.9942174462300537,0.00012887016063012346,0.9942174462300537,0.8,4,0.9943463163906838,0.8,4,0.9854186109846055,0.6,3,0.8328305167459593,0.8,4,0.9941508247311258,0.8,4
COVER__TEST__5627.pgm,5627.pgm,COVER,0,UNKNOWN_OR_COVER,UNKNOWN,,HUGO,S-UNIWARD,MiPOD,HILL,WOW,,,0,0,0.8141559200440144,0.7766833138235808,0.03747260622043358,0.43885097032832776,0.2,1,0.7766833138235808,0.2,1,0.6753539427804077,0.4,2,0.8141559200440144,0.2,1,0.770768273204439,0.4,2
COVER__TEST__5867.pgm,5867.pgm,COVER,0,UNKNOWN_OR_COVER,UNKNOWN,,HUGO,S-UNIWARD,MiPOD,HILL,WOW,,,0,0,0.8151330019098684,0.7768118630609505,0.03832113884891786,0.43867772666904126,0.2,1,0.7768118630609505,0.2,1,0.6751693434252427,0.4,2,0.8151330019098684,0.2,1,0.7701495142034214,0.4,2
COVER__TEST__2029.pgm,2029.pgm,COVER,0,UNKNOWN_OR_COVER,UNKNOWN,,HUGO,S-UNIWARD,MiPOD,HILL,WOW,,,0,0,0.8120827813726343,0.7740003711499231,0.038082410222711194,0.437889800213979,0.2,1,0.7740003711499231,0.2,1,0.6736105847334407,0.2,1,0.8120827813726343,0.2,1,0.7689258156213148,0.2,1
COVER__TEST__7358.pgm,7358.pgm,COVER,0,UNKNOWN_OR_COVER,UNKNOWN,,HUGO,S-UNIWARD,MiPOD,HILL,WOW,,,0,0,0.8172762846988263,0.7775820078045603,0.03969427689426597,0.4396898798259635,0.2,1,0.7775820078045603,0.2,1,0.6767635781297976,0.2,1,0.8172762846988263,0.2,1,0.7719033768932392,0.2,1
COVER__TEST__6369.pgm,6369.pgm,COVER,0,SINGLE_CANDIDATE,S-UNIWARD,HUGO,S-UNIWARD,HUGO,MiPOD,HILL,WOW,,S-UNIWARD,1,0,0.9850952822369979,0.8555299322516852,0.12956534998531277,0.5476306958094628,0.4,2,0.9850952822369979,0.4,2,0.6917368403002057,0.6,3,0.8555299322516852,0.8,4,0.7883002073455534,0.6,3
COVER__TEST__3903.pgm,3903.pgm,COVER,0,MULTI_CANDIDATE,HILL,HUGO,HILL,HUGO,MiPOD,S-UNIWARD,WOW,,"HILL,HUGO,MiPOD,S-UNIWARD",4,0,1.0,1.0,0.0,0.8421601529062972,0.8,4,0.924847604103789,0.8,4,1.0,1.0,5,1.0,1.0,5,1.0,1.0,5
COVER__TEST__8938.pgm,8938.pgm,COVER,0,UNKNOWN_OR_COVER,UNKNOWN,,HUGO,S-UNIWARD,MiPOD,HILL,WOW,,,0,0,0.819559034662532,0.7797228548781007,0.039836179784431325,0.44019050509588,0.2,1,0.7797228548781007,0.2,1,0.6767751322010713,0.4,2,0.819559034662532,0.2,1,0.7730993482833263,0.4,2
COVER__TEST__8665.pgm,8665.pgm,COVER,0,MULTI_CANDIDATE,HILL,MiPOD,HILL,MiPOD,S-UNIWARD,HUGO,WOW,,"HILL,MiPOD",2,0,1.0,1.0,0.0,0.7675034949736419,0.6,3,0.850292458125138,0.8,4,1.0,1.0,5,0.8346321143025655,0.8,4,1.0,1.0,5
COVER__TEST__1021.pgm,1021.pgm,COVER,0,MULTI_CANDIDATE,S-UNIWARD,HILL,S-UNIWARD,HILL,HUGO,MiPOD,WOW,,"S-UNIWARD,HILL,HUGO,MiPOD,WOW",5,0,1.0,1.0,0.0,0.9978955149520035,0.8,4,1.0,1.0,5,1.0,1.0,5,1.0,1.0,5,1.0,1.0,5
COVER__TEST__7428.pgm,7428.pgm,COVER,0,UNKNOWN_OR_COVER,UNKNOWN,,HUGO,S-UNIWARD,MiPOD,HILL,WOW,,,0,0,0.8208205182838482,0.7805301900438365,0.040290328240011664,0.4485921758680599,0.0,0,0.7805301900438365,0.0,0,0.6794693097700474,0.4,2,0.8208205182838482,0.4,2,0.7741815995154815,0.4,2
COVER__TEST__1652.pgm,1652.pgm,COVER,0,UNKNOWN_OR_COVER,UNKNOWN,,HUGO,S-UNIWARD,MiPOD,HILL,WOW,,,0,0,0.818099637620749,0.7803378534196836,0.03776178420106535,0.44062536107085337,0.2,1,0.7803378534196836,0.2,1,0.6777358146993617,0.4,2,0.818099637620749,0.2,1,0.7734935441890929,0.4,2
COVER__TEST__4754.pgm,4754.pgm,COVER,0,MULTI_CANDIDATE,HUGO,S-UNIWARD,HUGO,S-UNIWARD,MiPOD,HILL,WOW,,"HUGO,S-UNIWARD",2,0,0.99666090980514,0.9626612029470836,0.03399970685805642,0.7130618333661672,0.4,2,0.9626612029470836,0.8,4,0.7612791760622575,0.4,2,0.99666090980514,0.8,4,0.8670067117858148,0.6,3
COVER__TEST__3800.pgm,3800.pgm,COVER,0,MULTI_CANDIDATE,HUGO,S-UNIWARD,HUGO,S-UNIWARD,MiPOD,HILL,WOW,,"HUGO,S-UNIWARD",2,0,0.9775399964769752,0.9344658277829307,0.04307416869404446,0.5532409018595752,0.4,2,0.9344658277829307,0.6,3,0.6778503907858106,0.6,3,0.9775399964769752,0.6,3,0.7728575559651979,0.6,3
COVER__TEST__950.pgm,950.pgm,COVER,0,SINGLE_CANDIDATE,MiPOD,HILL,MiPOD,HILL,S-UNIWARD,HUGO,WOW,,MiPOD,1,0,0.9866399161280226,0.8927941519832443,0.0938457641447783,0.7142976155648576,0.4,2,0.8416339106161018,0.6,3,0.8927941519832443,0.8,4,0.8378293659966903,0.8,4,0.9866399161280226,0.8,4
COVER__TEST__6679.pgm,6679.pgm,COVER,0,UNKNOWN_OR_COVER,UNKNOWN,,HILL,MiPOD,S-UNIWARD,HUGO,WOW,,,0,0,0.8603192043824563,0.8541777612036983,0.006141443178758088,0.6025253872375259,0.4,2,0.8392562721529366,0.6,3,0.8603192043824563,0.6,3,0.8342918517331931,0.8,4,0.8541777612036983,0.6,3
COVER__TEST__2702.pgm,2702.pgm,COVER,0,SINGLE_CANDIDATE,MiPOD,HILL,MiPOD,HILL,HUGO,S-UNIWARD,WOW,,MiPOD,1,0,0.942690067543262,0.838181310224504,0.10450875731875797,0.6028295662688382,0.4,2,0.8331886760047962,0.4,2,0.838181310224504,0.8,4,0.8341518562544501,0.6,3,0.942690067543262,0.6,3
COVER__TEST__854.pgm,854.pgm,COVER,0,SINGLE_CANDIDATE,HUGO,MiPOD,HUGO,MiPOD,S-UNIWARD,HILL,WOW,,HUGO,1,0,1.0,0.832891649657285,0.16710835034271498,0.49791778325671315,0.2,1,0.8216418073854896,0.6,3,0.7005105011860534,0.6,3,1.0,1.0,5,0.832891649657285,0.6,3
COVER__TEST__7432.pgm,7432.pgm,COVER,0,UNKNOWN_OR_COVER,UNKNOWN,,HUGO,S-UNIWARD,MiPOD,HILL,WOW,,,0,0,0.8117487244960314,0.7737141097645425,0.03803461473148895,0.4378606827071187,0.2,1,0.7737141097645425,0.2,1,0.6726565515816907,0.2,1,0.8117487244960314,0.0,0,0.7677921251637626,0.2,1
COVER__TEST__5623.pgm,5623.pgm,COVER,0,UNKNOWN_OR_COVER,UNKNOWN,,HUGO,S-UNIWARD,MiPOD,HILL,WOW,,,0,0,0.8133256638014779,0.7760306497893072,0.03729501401217061,0.4378076708277886,0.0,0,0.7760306497893072,0.0,0,0.673895444040423,0.0,0,0.8133256638014779,0.2,1,0.7690492023865385,0.0,0
COVER__TEST__6095.pgm,6095.pgm,COVER,0,UNKNOWN_OR_COVER,UNKNOWN,,HUGO,S-UNIWARD,MiPOD,HILL,WOW,,,0,0,0.8159097529550692,0.7795329177309313,0.03637683522413793,0.43934273835015125,0.2,1,0.7795329177309313,0.2,1,0.6750507761232358,0.4,2,0.8159097529550692,0.4,2,0.7715936703354119,0.4,2
COVER__TEST__7405.pgm,7405.pgm,COVER,0,UNKNOWN_OR_COVER,UNKNOWN,,S-UNIWARD,HUGO,MiPOD,HILL,WOW,,,0,0,0.8698964885815604,0.8182554306441097,0.051641057937450774,0.5429129417899129,0.4,2,0.8698964885815604,0.4,2,0.6796091803447587,0.6,3,0.8182554306441097,0.6,3,0.7799873197682882,0.6,3
COVER__TEST__2597.pgm,2597.pgm,COVER,0,UNKNOWN_OR_COVER,UNKNOWN,,HUGO,S-UNIWARD,MiPOD,HILL,WOW,,,0,0,0.8159481311656774,0.7792330361885658,0.03671509497711167,0.43884683508035477,0.2,1,0.7792330361885658,0.2,1,0.6744562199830062,0.4,2,0.8159481311656774,0.2,1,0.7703187084612145,0.4,2
COVER__TEST__1561.pgm,1561.pgm,COVER,0,SINGLE_CANDIDATE,MiPOD,S-UNIWARD,MiPOD,S-UNIWARD,HUGO,HILL,WOW,,MiPOD,1,0,0.9399392822271715,0.8392131691528408,0.10072611307433066,0.6296300342709771,0.4,2,0.8392131691528408,0.4,2,0.8373702601786371,0.8,4,0.8377593614100889,0.8,4,0.9399392822271715,0.8,4
COVER__TEST__4912.pgm,4912.pgm,COVER,0,MULTI_CANDIDATE,HILL,MiPOD,HILL,MiPOD,S-UNIWARD,WOW,HUGO,,"HILL,MiPOD,S-UNIWARD",3,0,1.0,1.0,0.0,0.8439090705355751,0.8,4,0.9115867509669886,0.8,4,1.0,1.0,5,0.8341546574760841,0.8,4,1.0,1.0,5
COVER__TEST__956.pgm,956.pgm,COVER,0,MULTI_CANDIDATE,S-UNIWARD,HUGO,S-UNIWARD,HUGO,MiPOD,HILL,WOW,,"S-UNIWARD,HUGO,MiPOD",3,0,1.0,1.0,0.0,0.7601081616564386,0.6,3,1.0,1.0,5,0.8273147473330067,0.6,3,1.0,1.0,5,1.0,1.0,5
COVER__TEST__3630.pgm,3630.pgm,COVER,0,UNKNOWN_OR_COVER,UNKNOWN,,S-UNIWARD,MiPOD,HUGO,HILL,WOW,,,0,0,0.8390861309222588,0.8357558289036031,0.0033303020186556953,0.48757108433138796,0.2,1,0.8390861309222588,0.6,3,0.7117797110409347,0.6,3,0.8344690940089647,0.8,4,0.8357558289036031,0.6,3
COVER__TEST__485.pgm,485.pgm,COVER,0,UNKNOWN_OR_COVER,UNKNOWN,,HUGO,S-UNIWARD,MiPOD,HILL,WOW,,,0,0,0.8297857183596182,0.8052395108274485,0.02454620753216974,0.4467383188490709,0.2,1,0.8052395108274485,0.2,1,0.6827847258386199,0.4,2,0.8297857183596182,0.6,3,0.7792743135821613,0.4,2
COVER__TEST__2699.pgm,2699.pgm,COVER,0,MULTI_CANDIDATE,WOW,S-UNIWARD,WOW,S-UNIWARD,HILL,HUGO,MiPOD,,"WOW,S-UNIWARD,HILL,HUGO,MiPOD",5,0,1.0,1.0,0.0,1.0,1.0,5,1.0,1.0,5,1.0,1.0,5,1.0,1.0,5,1.0,1.0,5
COVER__TEST__1404.pgm,1404.pgm,COVER,0,UNKNOWN_OR_COVER,UNKNOWN,,HUGO,S-UNIWARD,MiPOD,HILL,WOW,,,0,0,0.8259272373469685,0.7857758207193697,0.0401514166275988,0.4427525203020958,0.2,1,0.7857758207193697,0.2,1,0.6797183821891071,0.2,1,0.8259272373469685,0.4,2,0.7769219929783981,0.2,1
COVER__TEST__5881.pgm,5881.pgm,COVER,0,SINGLE_CANDIDATE,MiPOD,HILL,MiPOD,HILL,S-UNIWARD,HUGO,WOW,,MiPOD,1,0,0.9748783553772178,0.8467006085499978,0.12817774682721994,0.6191717319894894,0.4,2,0.837800846936245,0.6,3,0.8467006085499978,0.8,4,0.8344820900579286,0.8,4,0.9748783553772178,0.8,4
COVER__TEST__9958.pgm,9958.pgm,COVER,0,UNKNOWN_OR_COVER,UNKNOWN,,HUGO,S-UNIWARD,MiPOD,HILL,WOW,,,0,0,0.8137873813799713,0.7747642522091318,0.0390231291708395,0.43849466096436407,0.0,0,0.7747642522091318,0.0,0,0.6756465244516073,0.0,0,0.8137873813799713,0.2,1,0.77058191645631,0.0,0
COVER__TEST__6892.pgm,6892.pgm,COVER,0,UNKNOWN_OR_COVER,UNKNOWN,,HUGO,S-UNIWARD,MiPOD,HILL,WOW,,,0,0,0.8273906300034175,0.7962824592660589,0.03110817073735861,0.4781244967648669,0.2,1,0.7962824592660589,0.2,1,0.6804937728872055,0.4,2,0.8273906300034175,0.4,2,0.7784280585634747,0.4,2
COVER__TEST__851.pgm,851.pgm,COVER,0,UNKNOWN_OR_COVER,UNKNOWN,,HUGO,S-UNIWARD,MiPOD,HILL,WOW,,,0,0,0.8150068780772705,0.7756123331564376,0.03939454492083283,0.4394938755191462,0.2,1,0.7756123331564376,0.2,1,0.6769838146737425,0.4,2,0.8150068780772705,0.2,1,0.772246430720666,0.4,2
COVER__TEST__6176.pgm,6176.pgm,COVER,0,UNKNOWN_OR_COVER,UNKNOWN,,HUGO,S-UNIWARD,MiPOD,HILL,WOW,,,0,0,0.8263125349980072,0.7956939148312504,0.03061862016675676,0.4774619242471806,0.2,1,0.7956939148312504,0.4,2,0.6811057516059814,0.6,3,0.8263125349980072,0.6,3,0.7789639300372356,0.6,3
COVER__TEST__5113.pgm,5113.pgm,COVER,0,UNKNOWN_OR_COVER,UNKNOWN,,HUGO,S-UNIWARD,MiPOD,HILL,WOW,,,0,0,0.8204560738691997,0.7829162559002125,0.0375398179689872,0.44079756274155846,0.2,1,0.7829162559002125,0.2,1,0.6771188566697086,0.4,2,0.8204560738691997,0.2,1,0.7734530015918974,0.4,2
COVER__TEST__2020.pgm,2020.pgm,COVER,0,MULTI_CANDIDATE,S-UNIWARD,HILL,S-UNIWARD,HILL,HUGO,MiPOD,WOW,,"S-UNIWARD,HILL,HUGO,MiPOD",4,0,1.0,1.0,0.0,0.8512240089733994,0.8,4,1.0,1.0,5,1.0,1.0,5,1.0,1.0,5,1.0,1.0,5
COVER__TEST__5105.pgm,5105.pgm,COVER,0,UNKNOWN_OR_COVER,UNKNOWN,,HUGO,S-UNIWARD,MiPOD,HILL,WOW,,,0,0,0.8156965043844948,0.7802742331759529,0.03542227120854191,0.43920288125499785,0.2,1,0.7802742331759529,0.4,2,0.6747215031785798,0.4,2,0.8156965043844948,0.2,1,0.7706650600921321,0.4,2
COVER__TEST__5839.pgm,5839.pgm,COVER,0,UNKNOWN_OR_COVER,UNKNOWN,,HUGO,S-UNIWARD,MiPOD,HILL,WOW,,,0,0,0.8158741234310766,0.7760569289635768,0.03981719446749976,0.4396478156165561,0.2,1,0.7760569289635768,0.2,1,0.6755675705725188,0.2,1,0.8158741234310766,0.0,0,0.7715417066242012,0.2,1
COVER__TEST__6874.pgm,6874.pgm,COVER,0,UNKNOWN_OR_COVER,UNKNOWN,,HUGO,S-UNIWARD,MiPOD,HILL,WOW,,,0,0,0.8129421149311632,0.774872613783978,0.038069501147185214,0.4378947727414868,0.0,0,0.774872613783978,0.0,0,0.6744771348858519,0.0,0,0.8129421149311632,0.2,1,0.769577990766366,0.0,0
COVER__TEST__3846.pgm,3846.pgm,COVER,0,UNKNOWN_OR_COVER,UNKNOWN,,S-UNIWARD,HUGO,MiPOD,HILL,WOW,,,0,0,0.8309215801472154,0.820572812516815,0.01034876763040038,0.5619057973561331,0.4,2,0.8309215801472154,0.4,2,0.6807696767317017,0.6,3,0.820572812516815,0.6,3,0.7816198652333153,0.6,3
COVER__TEST__1346.pgm,1346.pgm,COVER,0,MULTI_CANDIDATE,S-UNIWARD,MiPOD,S-UNIWARD,MiPOD,HILL,HUGO,WOW,,"S-UNIWARD,MiPOD",2,0,1.0,0.9425375311902293,0.057462468809770684,0.842159069368482,0.6,3,1.0,1.0,5,0.8876095895709625,0.6,3,0.8499454564168409,0.8,4,0.9425375311902293,0.8,4
COVER__TEST__4285.pgm,4285.pgm,COVER,0,MULTI_CANDIDATE,WOW,S-UNIWARD,WOW,S-UNIWARD,HILL,HUGO,MiPOD,,"WOW,S-UNIWARD,HILL,HUGO,MiPOD",5,0,1.0,1.0,0.0,1.0,1.0,5,1.0,1.0,5,1.0,1.0,5,1.0,1.0,5,1.0,1.0,5
COVER__TEST__4353.pgm,4353.pgm,COVER,0,MULTI_CANDIDATE,S-UNIWARD,HILL,S-UNIWARD,HILL,MiPOD,HUGO,WOW,,"S-UNIWARD,HILL,MiPOD,HUGO",4,0,1.0,1.0,0.0,0.8443028077707323,0.8,4,1.0,1.0,5,1.0,1.0,5,0.9242730599476996,0.8,4,1.0,1.0,5
COVER__TEST__5499.pgm,5499.pgm,COVER,0,SINGLE_CANDIDATE,HUGO,MiPOD,HUGO,MiPOD,S-UNIWARD,HILL,WOW,,HUGO,1,0,0.9306183085840691,0.8373166378778064,0.09330167070626272,0.660323909490909,0.2,1,0.8174924755232439,0.6,3,0.729680316210706,0.6,3,0.9306183085840691,0.6,3,0.8373166378778064,0.8,4
COVER__TEST__6153.pgm,6153.pgm,COVER,0,UNKNOWN_OR_COVER,UNKNOWN,,HUGO,S-UNIWARD,MiPOD,HILL,WOW,,,0,0,0.8135483489938544,0.7749285809231103,0.038619768070744076,0.4381126649462769,0.2,1,0.7749285809231103,0.2,1,0.6739173651282399,0.2,1,0.8135483489938544,0.0,0,0.768181042530275,0.2,1
COVER__TEST__7786.pgm,7786.pgm,COVER,0,UNKNOWN_OR_COVER,UNKNOWN,,HUGO,S-UNIWARD,MiPOD,HILL,WOW,,,0,0,0.8134431031745916,0.7748535324386192,0.038589570735972356,0.43856183839625096,0.2,1,0.7748535324386192,0.2,1,0.6734433854294292,0.2,1,0.8134431031745916,0.0,0,0.7691729708677129,0.2,1
COVER__TEST__3940.pgm,3940.pgm,COVER,0,MULTI_CANDIDATE,WOW,S-UNIWARD,WOW,S-UNIWARD,HILL,HUGO,MiPOD,,"WOW,S-UNIWARD,HILL,HUGO,MiPOD",5,0,1.0,1.0,0.0,1.0,1.0,5,1.0,1.0,5,1.0,1.0,5,1.0,1.0,5,1.0,1.0,5
COVER__TEST__4278.pgm,4278.pgm,COVER,0,MULTI_CANDIDATE,WOW,S-UNIWARD,WOW,S-UNIWARD,HILL,HUGO,MiPOD,,"WOW,S-UNIWARD,HILL,HUGO,MiPOD",5,0,1.0,1.0,0.0,1.0,1.0,5,1.0,1.0,5,1.0,1.0,5,1.0,1.0,5,1.0,1.0,5
COVER__TEST__7939.pgm,7939.pgm,COVER,0,SINGLE_CANDIDATE,S-UNIWARD,HUGO,S-UNIWARD,HUGO,MiPOD,HILL,WOW,,S-UNIWARD,1,0,0.9308719114753632,0.8084452572541029,0.12242665422126031,0.5393348784559361,0.4,2,0.9308719114753632,0.6,3,0.67709029083435,0.6,3,0.8084452572541029,0.4,2,0.7705894670245634,0.6,3
COVER__TEST__1569.pgm,1569.pgm,COVER,0,UNKNOWN_OR_COVER,UNKNOWN,,HUGO,S-UNIWARD,MiPOD,HILL,WOW,,,0,0,0.8384958667593854,0.8073973262984211,0.031098540460964275,0.4611566800775104,0.2,1,0.8073973262984211,0.4,2,0.6856309272605825,0.6,3,0.8384958667593854,0.8,4,0.7853300952287088,0.6,3
COVER__TEST__6639.pgm,6639.pgm,COVER,0,UNKNOWN_OR_COVER,UNKNOWN,,HUGO,S-UNIWARD,MiPOD,HILL,WOW,,,0,0,0.813322201758598,0.7751258342341899,0.03819636752440814,0.4384949258878749,0.2,1,0.7751258342341899,0.2,1,0.6752955119704909,0.4,2,0.813322201758598,0.2,1,0.7702054959990273,0.4,2
COVER__TEST__2592.pgm,2592.pgm,COVER,0,UNKNOWN_OR_COVER,UNKNOWN,,HUGO,S-UNIWARD,MiPOD,HILL,WOW,,,0,0,0.8110702282740041,0.7753878139018889,0.03568241437211517,0.4368433138749956,0.2,1,0.7753878139018889,0.2,1,0.6713574492484237,0.2,1,0.8110702282740041,0.2,1,0.7669298236228104,0.2,1
COVER__TEST__3345.pgm,3345.pgm,COVER,0,MULTI_CANDIDATE,WOW,S-UNIWARD,WOW,S-UNIWARD,HILL,HUGO,MiPOD,,"WOW,S-UNIWARD,HILL,HUGO,MiPOD",5,0,1.0,1.0,0.0,1.0,1.0,5,1.0,1.0,5,1.0,1.0,5,1.0,1.0,5,1.0,1.0,5
COVER__TEST__9882.pgm,9882.pgm,COVER,0,UNKNOWN_OR_COVER,UNKNOWN,,HUGO,S-UNIWARD,MiPOD,HILL,WOW,,,0,0,0.827149401193078,0.7860262111870108,0.041123190006067234,0.4426195544858803,0.2,1,0.7860262111870108,0.2,1,0.6798960416147362,0.4,2,0.827149401193078,0.4,2,0.7761973930417628,0.4,2
COVER__TEST__4657.pgm,4657.pgm,COVER,0,MULTI_CANDIDATE,WOW,S-UNIWARD,WOW,S-UNIWARD,HILL,HUGO,MiPOD,,"WOW,S-UNIWARD,HILL,HUGO,MiPOD",5,0,1.0,1.0,0.0,1.0,1.0,5,1.0,1.0,5,1.0,1.0,5,1.0,1.0,5,1.0,1.0,5
COVER__TEST__7069.pgm,7069.pgm,COVER,0,UNKNOWN_OR_COVER,UNKNOWN,,HUGO,S-UNIWARD,MiPOD,HILL,WOW,,,0,0,0.8182299458108788,0.7770066473304453,0.04122329848043349,0.44067770234543974,0.2,1,0.7770066473304453,0.2,1,0.6777133644731544,0.2,1,0.8182299458108788,0.0,0,0.7738454959563501,0.2,1
COVER__TEST__5897.pgm,5897.pgm,COVER,0,UNKNOWN_OR_COVER,UNKNOWN,,HUGO,S-UNIWARD,MiPOD,HILL,WOW,,,0,0,0.816801025993269,0.7781417660346266,0.03865925995864239,0.4397244272126638,0.2,1,0.7781417660346266,0.2,1,0.6764563368014469,0.4,2,0.816801025993269,0.2,1,0.7723867547053228,0.4,2
COVER__TEST__3642.pgm,3642.pgm,COVER,0,UNKNOWN_OR_COVER,UNKNOWN,,HUGO,S-UNIWARD,MiPOD,HILL,WOW,,,0,0,0.8188142655100427,0.7785056637586972,0.04030860175134543,0.44065484467759736,0.2,1,0.7785056637586972,0.2,1,0.6781566386101494,0.2,1,0.8188142655100427,0.2,1,0.77411112506446,0.2,1
COVER__TEST__1363.pgm,1363.pgm,COVER,0,MULTI_CANDIDATE,WOW,S-UNIWARD,WOW,S-UNIWARD,HILL,HUGO,MiPOD,,"WOW,S-UNIWARD,HILL,HUGO,MiPOD",5,0,1.0,1.0,0.0,1.0,1.0,5,1.0,1.0,5,1.0,1.0,5,1.0,1.0,5,1.0,1.0,5
COVER__TEST__7078.pgm,7078.pgm,COVER,0,UNKNOWN_OR_COVER,UNKNOWN,,HUGO,S-UNIWARD,MiPOD,HILL,WOW,,,0,0,0.8330650016919636,0.7884960098970815,0.04456899179488216,0.4448158819172902,0.2,1,0.7884960098970815,0.2,1,0.6825594041025629,0.6,3,0.8330650016919636,0.4,2,0.7796236255927982,0.6,3
COVER__TEST__3608.pgm,3608.pgm,COVER,0,UNKNOWN_OR_COVER,UNKNOWN,,HUGO,S-UNIWARD,MiPOD,HILL,WOW,,,0,0,0.8215886878195631,0.7803828069697725,0.0412058808497906,0.4417970738540256,0.2,1,0.7803828069697725,0.2,1,0.6797443024102708,0.4,2,0.8215886878195631,0.2,1,0.776149494708988,0.4,2
COVER__TEST__3394.pgm,3394.pgm,COVER,0,MULTI_CANDIDATE,WOW,S-UNIWARD,WOW,S-UNIWARD,HILL,HUGO,MiPOD,,"WOW,S-UNIWARD,HILL,HUGO,MiPOD",5,0,1.0,1.0,0.0,1.0,1.0,5,1.0,1.0,5,1.0,1.0,5,1.0,1.0,5,1.0,1.0,5
COVER__TEST__4489.pgm,4489.pgm,COVER,0,MULTI_CANDIDATE,S-UNIWARD,HILL,S-UNIWARD,HILL,HUGO,MiPOD,WOW,,"S-UNIWARD,HILL,HUGO,MiPOD,WOW",5,0,1.0,1.0,0.0,0.9688581615614833,0.8,4,1.0,1.0,5,1.0,1.0,5,1.0,1.0,5,1.0,1.0,5
COVER__TEST__3277.pgm,3277.pgm,COVER,0,SINGLE_CANDIDATE,S-UNIWARD,HILL,S-UNIWARD,HILL,WOW,MiPOD,HUGO,,S-UNIWARD,1,0,0.9847452920979419,0.8546996416175254,0.1300456504804165,0.8523478588292297,0.4,2,0.9847452920979419,0.6,3,0.8546996416175254,0.4,2,0.7297605742000304,0.4,2,0.8484237147131607,0.4,2
COVER__TEST__9772.pgm,9772.pgm,COVER,0,MULTI_CANDIDATE,HILL,HUGO,HILL,HUGO,MiPOD,S-UNIWARD,WOW,,"HILL,HUGO,MiPOD",3,0,1.0,1.0,0.0,0.7932629207250782,0.6,3,0.8595934792186416,0.8,4,1.0,1.0,5,1.0,1.0,5,1.0,1.0,5
COVER__TEST__9254.pgm,9254.pgm,COVER,0,MULTI_CANDIDATE,HUGO,MiPOD,HUGO,MiPOD,S-UNIWARD,HILL,WOW,,"HUGO,MiPOD,S-UNIWARD,HILL",4,0,1.0,0.9962930854288086,0.003706914571191433,0.8489347625516352,0.8,4,0.9820134371114333,0.8,4,0.9400112763985555,0.8,4,1.0,1.0,5,0.9962930854288086,0.8,4
COVER__TEST__6212.pgm,6212.pgm,COVER,0,UNKNOWN_OR_COVER,UNKNOWN,,HUGO,S-UNIWARD,MiPOD,HILL,WOW,,,0,0,0.8139821259976803,0.7762480687204728,0.03773405727720747,0.43886218106372227,0.2,1,0.7762480687204728,0.2,1,0.6756142766736223,0.4,2,0.8139821259976803,0.2,1,0.7707673394976753,0.4,2
COVER__TEST__2513.pgm,2513.pgm,COVER,0,UNKNOWN_OR_COVER,UNKNOWN,,HUGO,S-UNIWARD,MiPOD,HILL,WOW,,,0,0,0.8225413541114415,0.7812818894079305,0.04125946470351094,0.4405178930141817,0.2,1,0.7812818894079305,0.2,1,0.6772195914344218,0.4,2,0.8225413541114415,0.2,1,0.7730728756757306,0.4,2
COVER__TEST__4678.pgm,4678.pgm,COVER,0,SINGLE_CANDIDATE,MiPOD,HUGO,MiPOD,HUGO,S-UNIWARD,HILL,WOW,,MiPOD,1,0,0.9009521720922942,0.8976738457945144,0.003278326297779799,0.5555034922866595,0.2,1,0.8385198503314797,0.6,3,0.7776477023757845,0.4,2,0.8976738457945144,0.8,4,0.9009521720922942,0.4,2
COVER__TEST__4095.pgm,4095.pgm,COVER,0,MULTI_CANDIDATE,WOW,S-UNIWARD,WOW,S-UNIWARD,HILL,HUGO,MiPOD,,"WOW,S-UNIWARD,HILL,HUGO,MiPOD",5,0,1.0,1.0,0.0,1.0,1.0,5,1.0,1.0,5,1.0,1.0,5,1.0,1.0,5,1.0,1.0,5
COVER__TEST__6274.pgm,6274.pgm,COVER,0,MULTI_CANDIDATE,MiPOD,HUGO,MiPOD,HUGO,HILL,S-UNIWARD,WOW,,"MiPOD,HUGO",2,0,1.0,0.9844865423294984,0.015513457670501607,0.6918871722223566,0.4,2,0.8386881784169484,0.8,4,0.8855252301682682,0.8,4,0.9844865423294984,0.8,4,1.0,1.0,5
COVER__TEST__1586.pgm,1586.pgm,COVER,0,UNKNOWN_OR_COVER,UNKNOWN,,HUGO,S-UNIWARD,MiPOD,HILL,WOW,,,0,0,0.8142483508589624,0.7753194554558654,0.038928895403096964,0.4388508885111869,0.2,1,0.7753194554558654,0.2,1,0.675699652301018,0.2,1,0.8142483508589624,0.2,1,0.7707956406754543,0.2,1
COVER__TEST__6375.pgm,6375.pgm,COVER,0,UNKNOWN_OR_COVER,UNKNOWN,,HUGO,MiPOD,S-UNIWARD,HILL,WOW,,,0,0,0.8584274886913772,0.8500338560107761,0.008393632680601115,0.48909304545173915,0.2,1,0.839056210847264,0.8,4,0.7111742027796613,0.6,3,0.8584274886913772,0.8,4,0.8500338560107761,0.6,3
COVER__TEST__5543.pgm,5543.pgm,COVER,0,UNKNOWN_OR_COVER,UNKNOWN,,HUGO,S-UNIWARD,MiPOD,HILL,WOW,,,0,0,0.8103168837413903,0.7740203161444981,0.03629656759689226,0.4366594950149745,0.0,0,0.7740203161444981,0.0,0,0.672325382910528,0.0,0,0.8103168837413903,0.2,1,0.7668718103245352,0.0,0
COVER__TEST__1614.pgm,1614.pgm,COVER,0,MULTI_CANDIDATE,MiPOD,S-UNIWARD,MiPOD,S-UNIWARD,HUGO,HILL,WOW,,"MiPOD,S-UNIWARD",2,0,0.9147682301596317,0.9029525177471915,0.011815712412440171,0.6855495043438966,0.4,2,0.9029525177471915,0.6,3,0.8321571707496602,0.6,3,0.8346900244015835,0.8,4,0.9147682301596317,0.6,3
COVER__TEST__2878.pgm,2878.pgm,COVER,0,MULTI_CANDIDATE,WOW,S-UNIWARD,WOW,S-UNIWARD,HILL,HUGO,MiPOD,,"WOW,S-UNIWARD,HILL,HUGO,MiPOD",5,0,1.0,1.0,0.0,1.0,1.0,5,1.0,1.0,5,1.0,1.0,5,1.0,1.0,5,1.0,1.0,5
COVER__TEST__7335.pgm,7335.pgm,COVER,0,MULTI_CANDIDATE,HILL,MiPOD,HILL,MiPOD,WOW,S-UNIWARD,HUGO,,"HILL,MiPOD,WOW",3,0,1.0,1.0,0.0,0.9573976093280068,0.8,4,0.8564315683904979,0.8,4,1.0,1.0,5,0.8165319833461131,0.6,3,1.0,1.0,5
COVER__TEST__3181.pgm,3181.pgm,COVER,0,MULTI_CANDIDATE,HILL,HUGO,HILL,HUGO,MiPOD,S-UNIWARD,WOW,,"HILL,HUGO,MiPOD,S-UNIWARD",4,0,1.0,1.0,0.0,0.8972129509787514,0.8,4,0.9135944858398769,0.8,4,1.0,1.0,5,1.0,1.0,5,0.9966580574131065,0.8,4
COVER__TEST__9145.pgm,9145.pgm,COVER,0,UNKNOWN_OR_COVER,UNKNOWN,,HUGO,S-UNIWARD,MiPOD,HILL,WOW,,,0,0,0.8131839307010047,0.7753632813612524,0.037820649339752266,0.43821940141245863,0.2,1,0.7753632813612524,0.2,1,0.6741814294822002,0.2,1,0.8131839307010047,0.2,1,0.7694152456755123,0.2,1
COVER__TEST__9588.pgm,9588.pgm,COVER,0,MULTI_CANDIDATE,HILL,MiPOD,HILL,MiPOD,HUGO,S-UNIWARD,WOW,,"HILL,MiPOD,HUGO",3,0,1.0,1.0,0.0,0.7965779087629481,0.6,3,0.8562989119443047,0.8,4,1.0,1.0,5,0.9054722135738256,0.8,4,1.0,1.0,5
COVER__TEST__6442.pgm,6442.pgm,COVER,0,MULTI_CANDIDATE,S-UNIWARD,HILL,S-UNIWARD,HILL,HUGO,MiPOD,WOW,,"S-UNIWARD,HILL,HUGO,MiPOD",4,0,1.0,1.0,0.0,0.8402761187853635,0.8,4,1.0,1.0,5,1.0,1.0,5,1.0,1.0,5,1.0,1.0,5
COVER__TEST__1529.pgm,1529.pgm,COVER,0,UNKNOWN_OR_COVER,UNKNOWN,,HUGO,S-UNIWARD,MiPOD,HILL,WOW,,,0,0,0.8340558574294177,0.806470773877191,0.027585083552226664,0.4484858900915203,0.2,1,0.806470773877191,0.2,1,0.6864509821568852,0.4,2,0.8340558574294177,0.4,2,0.7817422275562416,0.4,2
COVER__TEST__9042.pgm,9042.pgm,COVER,0,MULTI_CANDIDATE,S-UNIWARD,HUGO,S-UNIWARD,HUGO,MiPOD,HILL,WOW,,"S-UNIWARD,HUGO,MiPOD,HILL",4,0,1.0,1.0,0.0,0.8894800566461981,0.8,4,1.0,1.0,5,0.9948689439496492,0.8,4,1.0,1.0,5,1.0,1.0,5
COVER__TEST__3196.pgm,3196.pgm,COVER,0,MULTI_CANDIDATE,HILL,HUGO,HILL,HUGO,MiPOD,S-UNIWARD,WOW,,"HILL,HUGO,MiPOD",3,0,1.0,1.0,0.0,0.7374832888608605,0.6,3,0.8376789273749555,0.6,3,1.0,1.0,5,1.0,1.0,5,1.0,1.0,5
COVER__TEST__2106.pgm,2106.pgm,COVER,0,UNKNOWN_OR_COVER,UNKNOWN,,HILL,MiPOD,HUGO,S-UNIWARD,WOW,,,0,0,0.842626331140227,0.8383183142789903,0.004308016861236719,0.5919020712938018,0.4,2,0.7929291450795712,0.6,3,0.842626331140227,0.8,4,0.8214237579550675,0.6,3,0.8383183142789903,0.8,4
COVER__TEST__9859.pgm,9859.pgm,COVER,0,UNKNOWN_OR_COVER,UNKNOWN,,HUGO,S-UNIWARD,MiPOD,HILL,WOW,,,0,0,0.8295365809440429,0.8041137328751133,0.025422848068929582,0.447264320573454,0.2,1,0.8041137328751133,0.2,1,0.6826586485686386,0.4,2,0.8295365809440429,0.6,3,0.7824028601020053,0.4,2
COVER__TEST__114.pgm,114.pgm,COVER,0,MULTI_CANDIDATE,HILL,MiPOD,HILL,MiPOD,HUGO,S-UNIWARD,WOW,,"HILL,MiPOD",2,0,0.9675441088945439,0.9498549461203885,0.017689162774155442,0.6945886050873458,0.4,2,0.8380065718166609,0.8,4,0.9675441088945439,0.8,4,0.848975906645002,0.6,3,0.9498549461203885,0.6,3
COVER__TEST__9269.pgm,9269.pgm,COVER,0,UNKNOWN_OR_COVER,UNKNOWN,,HUGO,S-UNIWARD,MiPOD,HILL,WOW,,,0,0,0.8134059672311397,0.7750553432489118,0.03835062398222788,0.4380347778392415,0.0,0,0.7750553432489118,0.0,0,0.6736307948108039,0.0,0,0.8134059672311397,0.0,0,0.7691742306757839,0.0,0
COVER__TEST__7304.pgm,7304.pgm,COVER,0,UNKNOWN_OR_COVER,UNKNOWN,,HUGO,S-UNIWARD,MiPOD,HILL,WOW,,,0,0,0.815742410184925,0.7784282459486661,0.037314164236258884,0.43881870400723655,0.2,1,0.7784282459486661,0.2,1,0.6745953724606752,0.4,2,0.815742410184925,0.2,1,0.7704971324917564,0.4,2
COVER__TEST__9132.pgm,9132.pgm,COVER,0,UNKNOWN_OR_COVER,UNKNOWN,,HUGO,S-UNIWARD,MiPOD,HILL,WOW,,,0,0,0.8159897431166125,0.7780641278711493,0.03792561524546323,0.4390281410375402,0.2,1,0.7780641278711493,0.2,1,0.6739348776403217,0.2,1,0.8159897431166125,0.2,1,0.770625038541778,0.2,1
COVER__TEST__7513.pgm,7513.pgm,COVER,0,MULTI_CANDIDATE,S-UNIWARD,HUGO,S-UNIWARD,HUGO,MiPOD,HILL,WOW,,"S-UNIWARD,HUGO",2,0,0.9472701081947292,0.929978815667539,0.017291292527190194,0.7284376961444421,0.6,3,0.9472701081947292,0.8,4,0.8155871038781433,0.6,3,0.929978815667539,0.6,3,0.8373055117818262,0.8,4
COVER__TEST__3380.pgm,3380.pgm,COVER,0,UNKNOWN_OR_COVER,UNKNOWN,,S-UNIWARD,HUGO,MiPOD,WOW,HILL,,,0,0,0.8346453234943583,0.8117716331843962,0.022873690309962114,0.7061901826323675,0.6,3,0.8346453234943583,0.4,2,0.6779587538280742,0.6,3,0.8117716331843962,0.4,2,0.7713701253051054,0.6,3
COVER__TEST__4860.pgm,4860.pgm,COVER,0,UNKNOWN_OR_COVER,UNKNOWN,,HUGO,S-UNIWARD,MiPOD,HILL,WOW,,,0,0,0.8176528561285599,0.7784653217274864,0.039187534401073476,0.4402448293785029,0.2,1,0.7784653217274864,0.2,1,0.6775650767401008,0.4,2,0.8176528561285599,0.2,1,0.7731369789549883,0.4,2
COVER__TEST__2927.pgm,2927.pgm,COVER,0,MULTI_CANDIDATE,S-UNIWARD,HUGO,S-UNIWARD,HUGO,MiPOD,HILL,WOW,,"S-UNIWARD,HUGO,MiPOD,HILL,WOW",5,0,1.0,1.0,0.0,0.9237569731807597,0.8,4,1.0,1.0,5,0.9913531615067823,0.8,4,1.0,1.0,5,1.0,1.0,5
COVER__TEST__5916.pgm,5916.pgm,COVER,0,UNKNOWN_OR_COVER,UNKNOWN,,HUGO,S-UNIWARD,MiPOD,HILL,WOW,,,0,0,0.8138505308748764,0.7748582885836398,0.038992242291236545,0.4381913593167476,0.0,0,0.7748582885836398,0.0,0,0.6747468882810859,0.0,0,0.8138505308748764,0.2,1,0.7697196932003454,0.0,0
COVER__TEST__105.pgm,105.pgm,COVER,0,UNKNOWN_OR_COVER,UNKNOWN,,HUGO,S-UNIWARD,MiPOD,HILL,WOW,,,0,0,0.8402575554083633,0.7936763545854697,0.04658120082289363,0.4502423572121659,0.2,1,0.7936763545854697,0.2,1,0.6831306838067458,0.6,3,0.8402575554083633,0.6,3,0.7815559569616907,0.6,3
COVER__TEST__1648.pgm,1648.pgm,COVER,0,UNKNOWN_OR_COVER,UNKNOWN,,S-UNIWARD,HUGO,MiPOD,HILL,WOW,,,0,0,0.8731636143095253,0.8337156791489981,0.03944793516052714,0.5426415525643701,0.4,2,0.8731636143095253,0.2,1,0.6868119031801704,0.6,3,0.8337156791489981,0.6,3,0.7833342916771855,0.6,3
COVER__TEST__5078.pgm,5078.pgm,COVER,0,UNKNOWN_OR_COVER,UNKNOWN,,MiPOD,HUGO,S-UNIWARD,HILL,WOW,,,0,0,0.8341040878760382,0.8209747851530385,0.013129302722999725,0.4930804470497069,0.2,1,0.7901817937568097,0.4,2,0.7054403223959056,0.4,2,0.8209747851530385,0.4,2,0.8341040878760382,0.6,3
COVER__TEST__98.pgm,98.pgm,COVER,0,MULTI_CANDIDATE,MiPOD,HILL,MiPOD,HILL,S-UNIWARD,HUGO,WOW,,"MiPOD,HILL",2,0,1.0,0.945567409984059,0.05443259001594103,0.8219869087224699,0.6,3,0.867928330221452,0.8,4,0.945567409984059,0.8,4,0.8365968743031804,0.8,4,1.0,1.0,5
COVER__TEST__2359.pgm,2359.pgm,COVER,0,UNKNOWN_OR_COVER,UNKNOWN,,HUGO,S-UNIWARD,MiPOD,HILL,WOW,,,0,0,0.8124245824681001,0.7809964940979739,0.03142808837012623,0.43651230798159346,0.2,1,0.7809964940979739,0.4,2,0.6696136078053307,0.4,2,0.8124245824681001,0.2,1,0.7647792436908015,0.4,2
COVER__TEST__1747.pgm,1747.pgm,COVER,0,MULTI_CANDIDATE,WOW,S-UNIWARD,WOW,S-UNIWARD,HILL,HUGO,MiPOD,,"WOW,S-UNIWARD,HILL,HUGO,MiPOD",5,0,1.0,1.0,0.0,1.0,1.0,5,1.0,1.0,5,1.0,1.0,5,1.0,1.0,5,1.0,1.0,5
COVER__TEST__4700.pgm,4700.pgm,COVER,0,MULTI_CANDIDATE,S-UNIWARD,HUGO,S-UNIWARD,HUGO,MiPOD,WOW,HILL,,"S-UNIWARD,HUGO,MiPOD,WOW,HILL",5,0,1.0,1.0,0.0,0.9383376883691344,0.8,4,1.0,1.0,5,0.9189277401431404,0.8,4,1.0,1.0,5,1.0,1.0,5
COVER__TEST__8201.pgm,8201.pgm,COVER,0,UNKNOWN_OR_COVER,UNKNOWN,,HUGO,S-UNIWARD,MiPOD,HILL,WOW,,,0,0,0.8184329038394006,0.7817387535913668,0.0366941502480338,0.4405428829525039,0.2,1,0.7817387535913668,0.4,2,0.6768024995492569,0.4,2,0.8184329038394006,0.2,1,0.773090569722289,0.4,2
COVER__TEST__8450.pgm,8450.pgm,COVER,0,MULTI_CANDIDATE,HILL,HUGO,HILL,HUGO,MiPOD,S-UNIWARD,WOW,,"HILL,HUGO,MiPOD,S-UNIWARD",4,0,1.0,1.0,0.0,0.8272363686699963,0.8,4,0.9840321450698533,0.8,4,1.0,1.0,5,1.0,1.0,5,1.0,1.0,5
COVER__TEST__4891.pgm,4891.pgm,COVER,0,UNKNOWN_OR_COVER,UNKNOWN,,HUGO,S-UNIWARD,MiPOD,HILL,WOW,,,0,0,0.8159429851766632,0.7779653988538814,0.03797758632278181,0.439517293358546,0.2,1,0.7779653988538814,0.2,1,0.6762011734009357,0.4,2,0.8159429851766632,0.2,1,0.7718981442736514,0.4,2
COVER__TEST__40.pgm,40.pgm,COVER,0,UNKNOWN_OR_COVER,UNKNOWN,,HUGO,S-UNIWARD,MiPOD,HILL,WOW,,,0,0,0.8187067908565314,0.778278199875488,0.040428590981043455,0.44035971813422226,0.2,1,0.778278199875488,0.2,1,0.6770976895672539,0.2,1,0.8187067908565314,0.2,1,0.7731069123371194,0.2,1
COVER__TEST__6053.pgm,6053.pgm,COVER,0,UNKNOWN_OR_COVER,UNKNOWN,,HUGO,S-UNIWARD,MiPOD,HILL,WOW,,,0,0,0.8187760800317087,0.783773154527574,0.03500292550413464,0.4403600881769843,0.2,1,0.783773154527574,0.2,1,0.6753408407344567,0.4,2,0.8187760800317087,0.4,2,0.7731606034944376,0.4,2
COVER__TEST__4102.pgm,4102.pgm,COVER,0,MULTI_CANDIDATE,WOW,S-UNIWARD,WOW,S-UNIWARD,HILL,MiPOD,HUGO,,"WOW,S-UNIWARD,HILL,MiPOD",4,0,1.0,1.0,0.0,1.0,1.0,5,1.0,1.0,5,1.0,1.0,5,0.8546664832880427,0.8,4,1.0,1.0,5
COVER__TEST__5152.pgm,5152.pgm,COVER,0,MULTI_CANDIDATE,MiPOD,S-UNIWARD,MiPOD,S-UNIWARD,HILL,WOW,HUGO,,"MiPOD,S-UNIWARD,HILL",3,0,0.9984072499709544,0.9842342863332545,0.014172963637699931,0.8370496259968849,0.6,3,0.9842342863332545,0.6,3,0.9121571648838748,0.6,3,0.8335502697540015,0.8,4,0.9984072499709544,0.8,4
COVER__TEST__5013.pgm,5013.pgm,COVER,0,UNKNOWN_OR_COVER,UNKNOWN,,HUGO,S-UNIWARD,MiPOD,HILL,WOW,,,0,0,0.8162837036994404,0.7784710380110071,0.03781266568843322,0.4392160759053265,0.2,1,0.7784710380110071,0.2,1,0.6745749880827387,0.2,1,0.8162837036994404,0.4,2,0.7711716059248296,0.2,1
COVER__TEST__329.pgm,329.pgm,COVER,0,UNKNOWN_OR_COVER,UNKNOWN,,S-UNIWARD,HUGO,MiPOD,HILL,WOW,,,0,0,0.8694227184731126,0.8445321259768533,0.024890592496259245,0.5579845874101483,0.2,1,0.8694227184731126,0.8,4,0.7019591415107328,0.6,3,0.8445321259768533,0.8,4,0.8196404430178829,0.6,3
COVER__TEST__9886.pgm,9886.pgm,COVER,0,MULTI_CANDIDATE,HUGO,S-UNIWARD,HUGO,S-UNIWARD,MiPOD,HILL,WOW,,"HUGO,S-UNIWARD",2,0,0.9991390671176503,0.9573222707966142,0.041816796321036076,0.5402293210037981,0.4,2,0.9573222707966142,0.4,2,0.6845236483688053,0.6,3,0.9991390671176503,0.8,4,0.7811837014760326,0.6,3
COVER__TEST__2576.pgm,2576.pgm,COVER,0,MULTI_CANDIDATE,HUGO,MiPOD,HUGO,MiPOD,S-UNIWARD,HILL,WOW,,"HUGO,MiPOD",2,0,0.9635495836894206,0.957946659720883,0.005602923968537565,0.6137789208891237,0.4,2,0.8360569720521378,0.8,4,0.8352056071490359,0.6,3,0.9635495836894206,0.6,3,0.957946659720883,0.6,3
COVER__TEST__270.pgm,270.pgm,COVER,0,MULTI_CANDIDATE,HUGO,MiPOD,HUGO,MiPOD,HILL,S-UNIWARD,WOW,,"HUGO,MiPOD,HILL,S-UNIWARD",4,0,1.0,1.0,0.0,0.8265998708526267,0.8,4,0.9358435176968367,0.6,3,0.9641615109571383,0.8,4,1.0,1.0,5,1.0,1.0,5
COVER__TEST__9960.pgm,9960.pgm,COVER,0,UNKNOWN_OR_COVER,UNKNOWN,,HUGO,S-UNIWARD,MiPOD,HILL,WOW,,,0,0,0.8246257668692802,0.7910412078086159,0.033584559060664376,0.4423104596010249,0.2,1,0.7910412078086159,0.2,1,0.6780936494553604,0.2,1,0.8246257668692802,0.4,2,0.7726141268216741,0.2,1
COVER__TEST__2979.pgm,2979.pgm,COVER,0,MULTI_CANDIDATE,S-UNIWARD,HILL,S-UNIWARD,HILL,HUGO,MiPOD,WOW,,"S-UNIWARD,HILL,HUGO,MiPOD",4,0,1.0,1.0,0.0,0.8566647829070579,0.8,4,1.0,1.0,5,1.0,1.0,5,1.0,1.0,5,1.0,1.0,5
COVER__TEST__2525.pgm,2525.pgm,COVER,0,UNKNOWN_OR_COVER,UNKNOWN,,HUGO,S-UNIWARD,MiPOD,HILL,WOW,,,0,0,0.8356117326319706,0.7947953490226164,0.040816383609354245,0.45087401944355826,0.2,1,0.7947953490226164,0.2,1,0.6837971923557334,0.6,3,0.8356117326319706,0.8,4,0.7811629774441576,0.6,3
COVER__TEST__5412.pgm,5412.pgm,COVER,0,UNKNOWN_OR_COVER,UNKNOWN,,HUGO,S-UNIWARD,MiPOD,HILL,WOW,,,0,0,0.8167298765171029,0.7745217114311868,0.04220816508591618,0.44043884052117777,0.2,1,0.7745217114311868,0.2,1,0.6779851029399583,0.4,2,0.8167298765171029,0.0,0,0.7728644789424246,0.2,1
COVER__TEST__9176.pgm,9176.pgm,COVER,0,MULTI_CANDIDATE,HILL,MiPOD,HILL,MiPOD,S-UNIWARD,HUGO,WOW,,"HILL,MiPOD,S-UNIWARD",3,0,1.0,1.0,0.0,0.8355658307472386,0.8,4,0.9810582168949242,0.8,4,1.0,1.0,5,0.8478742115707636,0.8,4,1.0,1.0,5
COVER__TEST__1112.pgm,1112.pgm,COVER,0,UNKNOWN_OR_COVER,UNKNOWN,,HUGO,S-UNIWARD,MiPOD,HILL,WOW,,,0,0,0.8172369963996904,0.776878452700487,0.04035854369920333,0.43995643498164866,0.2,1,0.776878452700487,0.2,1,0.6763003516065983,0.2,1,0.8172369963996904,0.0,0,0.7722761031120553,0.2,1
COVER__TEST__8799.pgm,8799.pgm,COVER,0,SINGLE_CANDIDATE,HUGO,MiPOD,HUGO,MiPOD,S-UNIWARD,HILL,WOW,,HUGO,1,0,0.993765015214495,0.8544882876710777,0.13927672754341736,0.5269578703307707,0.2,1,0.8265581383191289,0.2,1,0.7149106462040412,0.0,0,0.993765015214495,0.6,3,0.8544882876710777,0.2,1
COVER__TEST__5459.pgm,5459.pgm,COVER,0,UNKNOWN_OR_COVER,UNKNOWN,,HUGO,S-UNIWARD,MiPOD,HILL,WOW,,,0,0,0.8292175773977153,0.8014598856881928,0.02775769170952247,0.4449148356968756,0.0,0,0.8014598856881928,0.2,1,0.6803582217728338,0.2,1,0.8292175773977153,0.6,3,0.7807122129438472,0.2,1
COVER__TEST__9008.pgm,9008.pgm,COVER,0,MULTI_CANDIDATE,HUGO,HILL,HUGO,HILL,MiPOD,S-UNIWARD,WOW,,"HUGO,HILL,MiPOD",3,0,1.0,0.9999671454020124,3.285459798763046e-05,0.8264664364448617,0.8,4,0.8756059707146244,0.6,3,0.9999671454020124,0.8,4,1.0,1.0,5,0.9999671454020124,0.8,4
COVER__TEST__746.pgm,746.pgm,COVER,0,SINGLE_CANDIDATE,S-UNIWARD,HUGO,S-UNIWARD,HUGO,MiPOD,HILL,WOW,,S-UNIWARD,1,0,0.9306713113332767,0.8121710348463431,0.11850027648693362,0.5315271919270202,0.2,1,0.9306713113332767,0.2,1,0.6749408012607603,0.2,1,0.8121710348463431,0.2,1,0.771037132081952,0.2,1
COVER__TEST__3323.pgm,3323.pgm,COVER,0,MULTI_CANDIDATE,HILL,HUGO,HILL,HUGO,MiPOD,S-UNIWARD,WOW,,"HILL,HUGO,MiPOD,S-UNIWARD",4,0,1.0,1.0,0.0,0.8265757473090307,0.8,4,0.9983775294425922,0.8,4,1.0,1.0,5,1.0,1.0,5,1.0,1.0,5
COVER__TEST__520.pgm,520.pgm,COVER,0,MULTI_CANDIDATE,WOW,S-UNIWARD,WOW,S-UNIWARD,HILL,MiPOD,HUGO,,"WOW,S-UNIWARD,HILL,MiPOD,HUGO",5,0,1.0,1.0,0.0,1.0,1.0,5,1.0,1.0,5,1.0,1.0,5,0.9891282297435741,0.8,4,1.0,1.0,5
COVER__TEST__6447.pgm,6447.pgm,COVER,0,UNKNOWN_OR_COVER,UNKNOWN,,HUGO,S-UNIWARD,MiPOD,HILL,WOW,,,0,0,0.8194322826365841,0.7780601022356999,0.041372180400884195,0.4405410383648401,0.2,1,0.7780601022356999,0.2,1,0.6770482884217385,0.2,1,0.8194322826365841,0.0,0,0.7727149163763212,0.2,1
COVER__TEST__460.pgm,460.pgm,COVER,0,UNKNOWN_OR_COVER,UNKNOWN,,HUGO,S-UNIWARD,MiPOD,HILL,WOW,,,0,0,0.8282962741379756,0.7886940803406353,0.03960219379734031,0.4436465781693206,0.2,1,0.7886940803406353,0.2,1,0.681115093240407,0.4,2,0.8282962741379756,0.4,2,0.7776475282170339,0.4,2
COVER__TEST__2011.pgm,2011.pgm,COVER,0,UNKNOWN_OR_COVER,UNKNOWN,,HILL,MiPOD,HUGO,S-UNIWARD,WOW,,,0,0,0.838108511496723,0.8326497302172801,0.005458781279442992,0.5715158062999306,0.4,2,0.786980898274365,0.4,2,0.838108511496723,0.4,2,0.8175599922183094,0.4,2,0.8326497302172801,0.4,2
COVER__TEST__6144.pgm,6144.pgm,COVER,0,MULTI_CANDIDATE,S-UNIWARD,HILL,S-UNIWARD,HILL,MiPOD,WOW,HUGO,,"S-UNIWARD,HILL,MiPOD,WOW,HUGO",5,0,1.0,1.0,0.0,0.9583698853112494,0.8,4,1.0,1.0,5,1.0,1.0,5,0.9546772637928364,0.8,4,1.0,1.0,5
COVER__TEST__2951.pgm,2951.pgm,COVER,0,MULTI_CANDIDATE,S-UNIWARD,HILL,S-UNIWARD,HILL,HUGO,MiPOD,WOW,,"S-UNIWARD,HILL,HUGO,MiPOD",4,0,1.0,1.0,0.0,0.847031907203549,0.8,4,1.0,1.0,5,1.0,1.0,5,1.0,1.0,5,1.0,1.0,5
COVER__TEST__9763.pgm,9763.pgm,COVER,0,UNKNOWN_OR_COVER,UNKNOWN,,HUGO,S-UNIWARD,MiPOD,HILL,WOW,,,0,0,0.8158790852529858,0.7781041773786732,0.03777490787431259,0.4395096199397964,0.2,1,0.7781041773786732,0.2,1,0.675965731324637,0.4,2,0.8158790852529858,0.2,1,0.7720672520029128,0.4,2
COVER__TEST__8458.pgm,8458.pgm,COVER,0,UNKNOWN_OR_COVER,UNKNOWN,,HUGO,S-UNIWARD,MiPOD,HILL,WOW,,,0,0,0.8174583233084103,0.7813045768462235,0.03615374646218683,0.44086482742822586,0.2,1,0.7813045768462235,0.4,2,0.6771187032669703,0.4,2,0.8174583233084103,0.4,2,0.7739193362070321,0.4,2
COVER__TEST__4140.pgm,4140.pgm,COVER,0,MULTI_CANDIDATE,HUGO,HILL,HUGO,HILL,MiPOD,S-UNIWARD,WOW,,"HUGO,HILL,MiPOD",3,0,1.0,0.9776024442125101,0.02239755578748992,0.8111308239646104,0.6,3,0.8854744713751638,0.8,4,0.9776024442125101,0.8,4,1.0,1.0,5,0.9596531085836155,0.8,4
COVER__TEST__8926.pgm,8926.pgm,COVER,0,SINGLE_CANDIDATE,HUGO,S-UNIWARD,HUGO,S-UNIWARD,MiPOD,HILL,WOW,,HUGO,1,0,0.9712734893023096,0.8111180022255743,0.16015548707673533,0.5222334039937235,0.2,1,0.8111180022255743,0.6,3,0.68343499899271,0.6,3,0.9712734893023096,0.6,3,0.7943453542290717,0.6,3
COVER__TEST__2078.pgm,2078.pgm,COVER,0,UNKNOWN_OR_COVER,UNKNOWN,,HUGO,S-UNIWARD,MiPOD,HILL,WOW,,,0,0,0.8177850368893635,0.7843151800381436,0.03346985685121995,0.44031504801029875,0.2,1,0.7843151800381436,0.2,1,0.6744594427345312,0.2,1,0.8177850368893635,0.4,2,0.7729825177707821,0.2,1
COVER__TEST__2472.pgm,2472.pgm,COVER,0,UNKNOWN_OR_COVER,UNKNOWN,,HUGO,S-UNIWARD,MiPOD,HILL,WOW,,,0,0,0.8331410846659588,0.8321029405339821,0.0010381441319766704,0.4572428581510143,0.2,1,0.8321029405339821,0.4,2,0.6942599559323447,0.2,1,0.8331410846659588,0.4,2,0.7924072886041736,0.2,1
COVER__TEST__930.pgm,930.pgm,COVER,0,MULTI_CANDIDATE,HILL,WOW,HILL,WOW,MiPOD,S-UNIWARD,HUGO,,"HILL,WOW,MiPOD",3,0,1.0,0.9899376396786046,0.010062360321395403,0.9899376396786046,0.8,4,0.896215823157583,0.8,4,1.0,1.0,5,0.8945530520937226,0.8,4,0.9876671682942723,0.8,4
COVER__TEST__7756.pgm,7756.pgm,COVER,0,UNKNOWN_OR_COVER,UNKNOWN,,S-UNIWARD,HUGO,MiPOD,HILL,WOW,,,0,0,0.8371353389780845,0.8356541063777211,0.0014812326003633691,0.4737606862200578,0.2,1,0.8371353389780845,0.6,3,0.7104796408240996,0.6,3,0.8356541063777211,0.6,3,0.8112382781645294,0.4,2
COVER__TEST__1134.pgm,1134.pgm,COVER,0,UNKNOWN_OR_COVER,UNKNOWN,,S-UNIWARD,HUGO,MiPOD,HILL,WOW,,,0,0,0.8995291447989653,0.8576614284333448,0.04186771636562048,0.6727895141158855,0.6,3,0.8995291447989653,0.4,2,0.7644129126018896,0.6,3,0.8576614284333448,0.8,4,0.8429836572001774,0.8,4
COVER__TEST__2067.pgm,2067.pgm,COVER,0,UNKNOWN_OR_COVER,UNKNOWN,,HUGO,S-UNIWARD,MiPOD,HILL,WOW,,,0,0,0.8140677153578618,0.7754744284794403,0.03859328687842156,0.43861596267958636,0.2,1,0.7754744284794403,0.2,1,0.6730740562431963,0.2,1,0.8140677153578618,0.0,0,0.7689710016932121,0.2,1
COVER__TEST__5660.pgm,5660.pgm,COVER,0,UNKNOWN_OR_COVER,UNKNOWN,,HUGO,S-UNIWARD,MiPOD,HILL,WOW,,,0,0,0.8143642507401433,0.7748859985484156,0.039478252191727736,0.43887167795758036,0.2,1,0.7748859985484156,0.2,1,0.6753049423066018,0.2,1,0.8143642507401433,0.0,0,0.7704456019371593,0.2,1
COVER__TEST__7740.pgm,7740.pgm,COVER,0,MULTI_CANDIDATE,MiPOD,S-UNIWARD,MiPOD,S-UNIWARD,HILL,HUGO,WOW,,"MiPOD,S-UNIWARD",2,0,1.0,0.9986673882342479,0.0013326117657520564,0.7294130459690271,0.6,3,0.9986673882342479,0.8,4,0.8560473913762119,0.8,4,0.8482923312671652,0.8,4,1.0,1.0,5
COVER__TEST__5421.pgm,5421.pgm,COVER,0,UNKNOWN_OR_COVER,UNKNOWN,,HUGO,S-UNIWARD,MiPOD,HILL,WOW,,,0,0,0.8174350784475359,0.7789418936632277,0.03849318478430819,0.43994867079611233,0.2,1,0.7789418936632277,0.2,1,0.6768013191042488,0.4,2,0.8174350784475359,0.2,1,0.7724829000535662,0.4,2
COVER__TEST__2928.pgm,2928.pgm,COVER,0,MULTI_CANDIDATE,WOW,S-UNIWARD,WOW,S-UNIWARD,HILL,MiPOD,HUGO,,"WOW,S-UNIWARD,HILL,MiPOD,HUGO",5,0,1.0,1.0,0.0,1.0,1.0,5,1.0,1.0,5,1.0,1.0,5,0.900647166366811,0.8,4,1.0,1.0,5
COVER__TEST__6834.pgm,6834.pgm,COVER,0,UNKNOWN_OR_COVER,UNKNOWN,,HUGO,S-UNIWARD,MiPOD,HILL,WOW,,,0,0,0.8140987487699063,0.7747486663894019,0.039350082380504414,0.43898476400588676,0.2,1,0.7747486663894019,0.2,1,0.6763901094206813,0.4,2,0.8140987487699063,0.2,1,0.7712498821715665,0.4,2
COVER__TEST__4914.pgm,4914.pgm,COVER,0,MULTI_CANDIDATE,MiPOD,WOW,MiPOD,WOW,HILL,S-UNIWARD,HUGO,,"MiPOD,WOW,HILL,S-UNIWARD",4,0,0.9757017279211674,0.9671343226357421,0.008567405285425322,0.9671343226357421,0.6,3,0.9184950218300119,0.8,4,0.9634531745348227,0.6,3,0.8340786549737504,0.8,4,0.9757017279211674,0.8,4
COVER__TEST__4517.pgm,4517.pgm,COVER,0,MULTI_CANDIDATE,S-UNIWARD,HILL,S-UNIWARD,HILL,HUGO,MiPOD,WOW,,"S-UNIWARD,HILL,HUGO,MiPOD,WOW",5,0,1.0,1.0,0.0,0.9823856214977023,0.8,4,1.0,1.0,5,1.0,1.0,5,1.0,1.0,5,1.0,1.0,5
COVER__TEST__5630.pgm,5630.pgm,COVER,0,UNKNOWN_OR_COVER,UNKNOWN,,HUGO,S-UNIWARD,MiPOD,HILL,WOW,,,0,0,0.8129626495891247,0.7757434531861179,0.03721919640300675,0.43766576082650294,0.0,0,0.7757434531861179,0.0,0,0.6740404650587999,0.2,1,0.8129626495891247,0.2,1,0.7686801404420799,0.2,1
COVER__TEST__4009.pgm,4009.pgm,COVER,0,MULTI_CANDIDATE,S-UNIWARD,HILL,S-UNIWARD,HILL,MiPOD,HUGO,WOW,,"S-UNIWARD,HILL,MiPOD,HUGO,WOW",5,0,1.0,1.0,0.0,0.9505004804932323,0.8,4,1.0,1.0,5,1.0,1.0,5,0.9984937183768743,0.8,4,1.0,1.0,5
COVER__TEST__4843.pgm,4843.pgm,COVER,0,UNKNOWN_OR_COVER,UNKNOWN,,HUGO,S-UNIWARD,MiPOD,HILL,WOW,,,0,0,0.8162345879343491,0.7769532131903332,0.03928137474401594,0.43955223230021384,0.2,1,0.7769532131903332,0.2,1,0.6742862243558617,0.2,1,0.8162345879343491,0.2,1,0.7707790707312321,0.2,1
COVER__TEST__5663.pgm,5663.pgm,COVER,0,UNKNOWN_OR_COVER,UNKNOWN,,HUGO,S-UNIWARD,MiPOD,HILL,WOW,,,0,0,0.8172511840693849,0.778236193946507,0.0390149901228779,0.4398211749771117,0.2,1,0.778236193946507,0.2,1,0.6755135594663714,0.2,1,0.8172511840693849,0.2,1,0.7722185969871274,0.2,1
COVER__TEST__8707.pgm,8707.pgm,COVER,0,UNKNOWN_OR_COVER,UNKNOWN,,HUGO,S-UNIWARD,MiPOD,HILL,WOW,,,0,0,0.8185538545141512,0.780341286265131,0.038212568249020196,0.44026912888421366,0.2,1,0.780341286265131,0.4,2,0.6765491588911298,0.4,2,0.8185538545141512,0.2,1,0.7729279688921362,0.4,2
COVER__TEST__9332.pgm,9332.pgm,COVER,0,UNKNOWN_OR_COVER,UNKNOWN,,HUGO,S-UNIWARD,MiPOD,HILL,WOW,,,0,0,0.8133806445712987,0.7749661974113325,0.038414447159966114,0.4383479556353633,0.2,1,0.7749661974113325,0.2,1,0.6725269492758558,0.2,1,0.8133806445712987,0.0,0,0.7682113791903262,0.2,1
COVER__TEST__9604.pgm,9604.pgm,COVER,0,UNKNOWN_OR_COVER,UNKNOWN,,HUGO,S-UNIWARD,MiPOD,HILL,WOW,,,0,0,0.8126306677433295,0.7742164222183044,0.03841424552502504,0.43789271040939387,0.0,0,0.7742164222183044,0.0,0,0.6746205645606498,0.0,0,0.8126306677433295,0.2,1,0.7696062481996795,0.0,0
COVER__TEST__718.pgm,718.pgm,COVER,0,MULTI_CANDIDATE,S-UNIWARD,HILL,S-UNIWARD,HILL,HUGO,MiPOD,WOW,,"S-UNIWARD,HILL,HUGO,MiPOD",4,0,1.0,1.0,0.0,0.8374347756110693,0.8,4,1.0,1.0,5,1.0,1.0,5,1.0,1.0,5,1.0,1.0,5
COVER__TEST__2206.pgm,2206.pgm,COVER,0,UNKNOWN_OR_COVER,UNKNOWN,,MiPOD,S-UNIWARD,HUGO,HILL,WOW,,,0,0,0.8427789368002504,0.8315176886644661,0.01126124813578433,0.5514970178307371,0.2,1,0.8315176886644661,0.4,2,0.7415050768565393,0.4,2,0.8274064812397068,0.6,3,0.8427789368002504,0.6,3
COVER__TEST__1584.pgm,1584.pgm,COVER,0,UNKNOWN_OR_COVER,UNKNOWN,,S-UNIWARD,HUGO,MiPOD,HILL,WOW,,,0,0,0.8364046044648858,0.8346753726170366,0.001729231847849233,0.4594939975316506,0.2,1,0.8364046044648858,0.4,2,0.6952964477061381,0.6,3,0.8346753726170366,0.8,4,0.7977684495005022,0.6,3
COVER__TEST__9535.pgm,9535.pgm,COVER,0,UNKNOWN_OR_COVER,UNKNOWN,,HUGO,S-UNIWARD,MiPOD,HILL,WOW,,,0,0,0.8243361329600875,0.7899690162580659,0.03436711670202153,0.4440231640183015,0.2,1,0.7899690162580659,0.4,2,0.6799501298800099,0.4,2,0.8243361329600875,0.4,2,0.779069014933768,0.4,2
COVER__TEST__4628.pgm,4628.pgm,COVER,0,UNKNOWN_OR_COVER,UNKNOWN,,HUGO,S-UNIWARD,MiPOD,HILL,WOW,,,0,0,0.818396753106639,0.7787727789010719,0.03962397420556707,0.44021177382317667,0.2,1,0.7787727789010719,0.2,1,0.6768163214759934,0.2,1,0.818396753106639,0.2,1,0.7731298814545884,0.2,1
COVER__TEST__9399.pgm,9399.pgm,COVER,0,UNKNOWN_OR_COVER,UNKNOWN,,HUGO,S-UNIWARD,MiPOD,HILL,WOW,,,0,0,0.8241468490519452,0.7815394399820734,0.042607409069871816,0.4474602023225141,0.2,1,0.7815394399820734,0.2,1,0.6792715098587049,0.4,2,0.8241468490519452,0.2,1,0.7766797955475699,0.4,2
COVER__TEST__2766.pgm,2766.pgm,COVER,0,UNKNOWN_OR_COVER,UNKNOWN,,HUGO,S-UNIWARD,MiPOD,HILL,WOW,,,0,0,0.8341748271278945,0.8140036941498596,0.020171132978034856,0.4626783029142407,0.2,1,0.8140036941498596,0.4,2,0.6944010296501875,0.6,3,0.8341748271278945,0.6,3,0.8111781116463259,0.4,2
COVER__TEST__6952.pgm,6952.pgm,COVER,0,UNKNOWN_OR_COVER,UNKNOWN,,HUGO,S-UNIWARD,MiPOD,HILL,WOW,,,0,0,0.814666196003276,0.7760829129085877,0.03858328309468839,0.43893852004921285,0.0,0,0.7760829129085877,0.2,1,0.6760669501029921,0.4,2,0.814666196003276,0.2,1,0.7709462746530311,0.2,1
COVER__TEST__4466.pgm,4466.pgm,COVER,0,MULTI_CANDIDATE,S-UNIWARD,HUGO,S-UNIWARD,HUGO,MiPOD,HILL,WOW,,"S-UNIWARD,HUGO,MiPOD,HILL,WOW",5,0,0.9948711795720285,0.9927532564208696,0.0021179231511588847,0.9700118269398914,0.6,3,0.9948711795720285,0.8,4,0.9912785665646918,0.8,4,0.9927532564208696,0.8,4,0.992261602111063,0.8,4
COVER__TEST__20.pgm,20.pgm,COVER,0,UNKNOWN_OR_COVER,UNKNOWN,,HUGO,S-UNIWARD,MiPOD,HILL,WOW,,,0,0,0.8178783742633922,0.7768562986757848,0.0410220755876074,0.4404318147309899,0.2,1,0.7768562986757848,0.2,1,0.6769019520705922,0.2,1,0.8178783742633922,0.0,0,0.7728839971298133,0.2,1
COVER__TEST__2007.pgm,2007.pgm,COVER,0,UNKNOWN_OR_COVER,UNKNOWN,,HUGO,S-UNIWARD,MiPOD,HILL,WOW,,,0,0,0.8167342871979681,0.786619615946026,0.030114671251942116,0.4453985126631822,0.2,1,0.786619615946026,0.4,2,0.6763604530273999,0.2,1,0.8167342871979681,0.2,1,0.7821227428986715,0.2,1
COVER__TEST__3738.pgm,3738.pgm,COVER,0,MULTI_CANDIDATE,WOW,S-UNIWARD,WOW,S-UNIWARD,HILL,HUGO,MiPOD,,"WOW,S-UNIWARD,HILL,HUGO,MiPOD",5,0,1.0,1.0,0.0,1.0,1.0,5,1.0,1.0,5,1.0,1.0,5,1.0,1.0,5,1.0,1.0,5
COVER__TEST__2179.pgm,2179.pgm,COVER,0,MULTI_CANDIDATE,HUGO,S-UNIWARD,HUGO,S-UNIWARD,MiPOD,HILL,WOW,,"HUGO,S-UNIWARD",2,0,0.9884631040480496,0.9525593023461937,0.03590380170185592,0.5514374847885832,0.4,2,0.9525593023461937,0.8,4,0.6865809568346226,0.6,3,0.9884631040480496,0.8,4,0.8018786264362149,0.6,3
COVER__TEST__8487.pgm,8487.pgm,COVER,0,MULTI_CANDIDATE,S-UNIWARD,HUGO,S-UNIWARD,HUGO,WOW,MiPOD,HILL,,"S-UNIWARD,HUGO,WOW,MiPOD,HILL",5,0,1.0,0.966753990514509,0.033246009485490946,0.9518784605166315,0.8,4,1.0,1.0,5,0.9328167196232764,0.6,3,0.966753990514509,0.8,4,0.9413968497993555,0.8,4
COVER__TEST__1836.pgm,1836.pgm,COVER,0,MULTI_CANDIDATE,S-UNIWARD,MiPOD,S-UNIWARD,MiPOD,HILL,HUGO,WOW,,"S-UNIWARD,MiPOD,HILL,HUGO",4,0,0.9930237191176001,0.9927617044833161,0.0002620146342839913,0.8243175716766824,0.6,3,0.9930237191176001,0.6,3,0.9917761119083789,0.8,4,0.9915513125597315,0.6,3,0.9927617044833161,0.8,4
COVER__TEST__3319.pgm,3319.pgm,COVER,0,SINGLE_CANDIDATE,S-UNIWARD,HUGO,S-UNIWARD,HUGO,MiPOD,HILL,WOW,,S-UNIWARD,1,0,0.958978961275539,0.8353132564524319,0.12366570482310713,0.5409594523630038,0.4,2,0.958978961275539,0.6,3,0.6837941056259138,0.6,3,0.8353132564524319,0.6,3,0.7842471750173029,0.6,3
COVER__TEST__883.pgm,883.pgm,COVER,0,MULTI_CANDIDATE,S-UNIWARD,HILL,S-UNIWARD,HILL,MiPOD,HUGO,WOW,,"S-UNIWARD,HILL,MiPOD,HUGO",4,0,1.0,1.0,0.0,0.8315706339298385,0.8,4,1.0,1.0,5,1.0,1.0,5,0.9487001146616649,0.8,4,1.0,1.0,5
COVER__TEST__8412.pgm,8412.pgm,COVER,0,UNKNOWN_OR_COVER,UNKNOWN,,HUGO,S-UNIWARD,MiPOD,HILL,WOW,,,0,0,0.831325191526241,0.8131014396321055,0.018223751894135498,0.4525372853389785,0.2,1,0.8131014396321055,0.6,3,0.6874277691642002,0.4,2,0.831325191526241,0.6,3,0.7900780137076084,0.4,2
COVER__TEST__8028.pgm,8028.pgm,COVER,0,UNKNOWN_OR_COVER,UNKNOWN,,HUGO,S-UNIWARD,MiPOD,HILL,WOW,,,0,0,0.8271986730238879,0.7908626594530477,0.036336013570840264,0.4412037269504682,0.0,0,0.7908626594530477,0.0,0,0.6773765616038186,0.0,0,0.8271986730238879,0.4,2,0.7729443877604497,0.0,0
COVER__TEST__9612.pgm,9612.pgm,COVER,0,MULTI_CANDIDATE,HILL,MiPOD,HILL,MiPOD,S-UNIWARD,WOW,HUGO,,"HILL,MiPOD,S-UNIWARD",3,0,1.0,1.0,0.0,0.8656077568655556,0.8,4,0.9901087835273529,0.8,4,1.0,1.0,5,0.8575539889906565,0.8,4,1.0,1.0,5
COVER__TEST__1737.pgm,1737.pgm,COVER,0,MULTI_CANDIDATE,S-UNIWARD,HILL,S-UNIWARD,HILL,HUGO,MiPOD,WOW,,"S-UNIWARD,HILL,HUGO,MiPOD,WOW",5,0,1.0,1.0,0.0,0.9800945403022954,0.8,4,1.0,1.0,5,1.0,1.0,5,1.0,1.0,5,1.0,1.0,5
COVER__TEST__1840.pgm,1840.pgm,COVER,0,UNKNOWN_OR_COVER,UNKNOWN,,S-UNIWARD,HUGO,MiPOD,HILL,WOW,,,0,0,0.8360523190763572,0.8257440285811057,0.010308290495251504,0.48157384864768915,0.2,1,0.8360523190763572,0.6,3,0.7125156358933677,0.4,2,0.8257440285811057,0.6,3,0.8190522536545304,0.4,2
COVER__TEST__5622.pgm,5622.pgm,COVER,0,UNKNOWN_OR_COVER,UNKNOWN,,HUGO,S-UNIWARD,MiPOD,HILL,WOW,,,0,0,0.8173517650441557,0.7817687132381236,0.03558305180603216,0.4407325939987358,0.2,1,0.7817687132381236,0.4,2,0.6766851201319976,0.4,2,0.8173517650441557,0.4,2,0.773587340881593,0.4,2
COVER__TEST__1897.pgm,1897.pgm,COVER,0,UNKNOWN_OR_COVER,UNKNOWN,,MiPOD,HUGO,S-UNIWARD,HILL,WOW,,,0,0,0.8373615277029188,0.8163057960779938,0.021055731624925023,0.5666035917255121,0.2,1,0.8058302187450452,0.6,3,0.7161085576029771,0.6,3,0.8163057960779938,0.6,3,0.8373615277029188,0.8,4
COVER__TEST__8994.pgm,8994.pgm,COVER,0,MULTI_CANDIDATE,HILL,HUGO,HILL,HUGO,MiPOD,S-UNIWARD,WOW,,"HILL,HUGO,MiPOD,S-UNIWARD,WOW",5,0,1.0,1.0,0.0,0.9148753018514973,0.8,4,0.9699940304978238,0.8,4,1.0,1.0,5,1.0,1.0,5,1.0,1.0,5
COVER__TEST__9539.pgm,9539.pgm,COVER,0,UNKNOWN_OR_COVER,UNKNOWN,,S-UNIWARD,HILL,MiPOD,HUGO,WOW,,,0,0,0.896716953744247,0.8531956670113002,0.04352128673294675,0.684230248885079,0.4,2,0.896716953744247,0.6,3,0.8531956670113002,0.4,2,0.8328319987689927,0.8,4,0.8518680205380595,0.6,3
COVER__TEST__1860.pgm,1860.pgm,COVER,0,UNKNOWN_OR_COVER,UNKNOWN,,MiPOD,HUGO,S-UNIWARD,HILL,WOW,,,0,0,0.8398271452730816,0.8285771439601973,0.011250001312884228,0.49487641503462265,0.2,1,0.7956042333441937,0.4,2,0.7079031649998462,0.6,3,0.8285771439601973,0.6,3,0.8398271452730816,0.8,4
COVER__TEST__4207.pgm,4207.pgm,COVER,0,MULTI_CANDIDATE,WOW,S-UNIWARD,WOW,S-UNIWARD,HILL,HUGO,MiPOD,,"WOW,S-UNIWARD,HILL,HUGO,MiPOD",5,0,1.0,1.0,0.0,1.0,1.0,5,1.0,1.0,5,1.0,1.0,5,1.0,1.0,5,1.0,1.0,5
COVER__TEST__5373.pgm,5373.pgm,COVER,0,UNKNOWN_OR_COVER,UNKNOWN,,HUGO,S-UNIWARD,MiPOD,HILL,WOW,,,0,0,0.8213166103562901,0.7907053220759936,0.030611288280296467,0.44681296286339983,0.2,1,0.7907053220759936,0.4,2,0.680253788195968,0.4,2,0.8213166103562901,0.4,2,0.7859388006589626,0.4,2
COVER__TEST__3799.pgm,3799.pgm,COVER,0,MULTI_CANDIDATE,WOW,S-UNIWARD,WOW,S-UNIWARD,HILL,HUGO,MiPOD,,"WOW,S-UNIWARD,HILL,HUGO,MiPOD",5,0,1.0,1.0,0.0,1.0,1.0,5,1.0,1.0,5,1.0,1.0,5,1.0,1.0,5,1.0,1.0,5
COVER__TEST__3280.pgm,3280.pgm,COVER,0,SINGLE_CANDIDATE,MiPOD,HUGO,MiPOD,HUGO,S-UNIWARD,HILL,WOW,,MiPOD,1,0,0.9506711769018157,0.875707092976989,0.07496408392482667,0.6312556031530838,0.4,2,0.8445196953750427,0.6,3,0.8402120914778017,0.6,3,0.875707092976989,0.8,4,0.9506711769018157,0.6,3
COVER__TEST__8174.pgm,8174.pgm,COVER,0,MULTI_CANDIDATE,S-UNIWARD,HILL,S-UNIWARD,HILL,HUGO,MiPOD,WOW,,"S-UNIWARD,HILL,HUGO,MiPOD,WOW",5,0,1.0,1.0,0.0,0.992548403144357,0.8,4,1.0,1.0,5,1.0,1.0,5,1.0,1.0,5,1.0,1.0,5
COVER__TEST__9193.pgm,9193.pgm,COVER,0,UNKNOWN_OR_COVER,UNKNOWN,,HUGO,S-UNIWARD,MiPOD,HILL,WOW,,,0,0,0.8108215279186197,0.7751635775941256,0.03565795032449415,0.4362214457117739,0.2,1,0.7751635775941256,0.2,1,0.6699397662328842,0.2,1,0.8108215279186197,0.2,1,0.7653633335263567,0.2,1
COVER__TEST__7235.pgm,7235.pgm,COVER,0,UNKNOWN_OR_COVER,UNKNOWN,,HUGO,S-UNIWARD,MiPOD,HILL,WOW,,,0,0,0.8218297230804426,0.7822655406263677,0.03956418245407489,0.44303407966468383,0.2,1,0.7822655406263677,0.2,1,0.6806053218605199,0.6,3,0.8218297230804426,0.4,2,0.7788908077456229,0.4,2
COVER__TEST__5203.pgm,5203.pgm,COVER,0,SINGLE_CANDIDATE,MiPOD,HILL,MiPOD,HILL,HUGO,S-UNIWARD,WOW,,MiPOD,1,0,0.9689269239293241,0.8632054705252804,0.10572145340404371,0.6539411719439021,0.2,1,0.8382474119514175,0.8,4,0.8632054705252804,0.6,3,0.8441258170127405,0.8,4,0.9689269239293241,0.8,4
COVER__TEST__7707.pgm,7707.pgm,COVER,0,UNKNOWN_OR_COVER,UNKNOWN,,HUGO,S-UNIWARD,MiPOD,HILL,WOW,,,0,0,0.8190733685672452,0.7796623326519717,0.03941103591527351,0.4410555547481615,0.2,1,0.7796623326519717,0.2,1,0.6784451157015273,0.4,2,0.8190733685672452,0.4,2,0.7749128934976555,0.4,2
COVER__TEST__4909.pgm,4909.pgm,COVER,0,SINGLE_CANDIDATE,MiPOD,HILL,MiPOD,HILL,S-UNIWARD,HUGO,WOW,,MiPOD,1,0,0.9833184419584647,0.848954501999011,0.13436393995945373,0.6334886035525094,0.4,2,0.8385202757039183,0.8,4,0.848954501999011,0.8,4,0.8353188017189851,0.8,4,0.9833184419584647,0.8,4
COVER__TEST__6755.pgm,6755.pgm,COVER,0,MULTI_CANDIDATE,WOW,S-UNIWARD,WOW,S-UNIWARD,HILL,MiPOD,HUGO,,"WOW,S-UNIWARD,HILL,MiPOD",4,0,1.0,1.0,0.0,1.0,1.0,5,1.0,1.0,5,1.0,1.0,5,0.7473968219450077,0.6,3,1.0,1.0,5
COVER__TEST__1029.pgm,1029.pgm,COVER,0,UNKNOWN_OR_COVER,UNKNOWN,,MiPOD,S-UNIWARD,HUGO,HILL,WOW,,,0,0,0.8861884178222637,0.8409801364081051,0.04520828141415856,0.56138354929616,0.2,1,0.8409801364081051,0.8,4,0.792177594177281,0.6,3,0.8399419999107444,0.8,4,0.8861884178222637,0.6,3
COVER__TEST__6587.pgm,6587.pgm,COVER,0,MULTI_CANDIDATE,S-UNIWARD,MiPOD,S-UNIWARD,MiPOD,HILL,HUGO,WOW,,"S-UNIWARD,MiPOD",2,0,1.0,1.0,0.0,0.7924730325048925,0.6,3,1.0,1.0,5,0.8900313131909989,0.8,4,0.8357769781215941,0.8,4,1.0,1.0,5
COVER__TEST__3425.pgm,3425.pgm,COVER,0,MULTI_CANDIDATE,WOW,S-UNIWARD,WOW,S-UNIWARD,HILL,HUGO,MiPOD,,"WOW,S-UNIWARD,HILL,HUGO,MiPOD",5,0,1.0,1.0,0.0,1.0,1.0,5,1.0,1.0,5,1.0,1.0,5,1.0,1.0,5,1.0,1.0,5
COVER__TEST__1862.pgm,1862.pgm,COVER,0,MULTI_CANDIDATE,WOW,S-UNIWARD,WOW,S-UNIWARD,HILL,HUGO,MiPOD,,"WOW,S-UNIWARD,HILL,HUGO,MiPOD",5,0,1.0,1.0,0.0,1.0,1.0,5,1.0,1.0,5,1.0,1.0,5,1.0,1.0,5,1.0,1.0,5
COVER__TEST__6911.pgm,6911.pgm,COVER,0,MULTI_CANDIDATE,HUGO,MiPOD,HUGO,MiPOD,HILL,S-UNIWARD,WOW,,"HUGO,MiPOD,HILL",3,0,1.0,0.9993671837762115,0.0006328162237885238,0.7392225187444588,0.6,3,0.8374235897757277,0.6,3,0.9932883564332652,0.6,3,1.0,1.0,5,0.9993671837762115,0.8,4
COVER__TEST__415.pgm,415.pgm,COVER,0,MULTI_CANDIDATE,S-UNIWARD,HILL,S-UNIWARD,HILL,HUGO,MiPOD,WOW,,"S-UNIWARD,HILL,HUGO,MiPOD",4,0,1.0,1.0,0.0,0.8315834420092898,0.8,4,1.0,1.0,5,1.0,1.0,5,1.0,1.0,5,1.0,1.0,5
COVER__TEST__8096.pgm,8096.pgm,COVER,0,UNKNOWN_OR_COVER,UNKNOWN,,HUGO,S-UNIWARD,MiPOD,HILL,WOW,,,0,0,0.8096866634419289,0.7738186351773262,0.03586802826460267,0.436681846306836,0.2,1,0.7738186351773262,0.2,1,0.6704520103298889,0.2,1,0.8096866634419289,0.0,0,0.7660134403904018,0.2,1
COVER__TEST__8159.pgm,8159.pgm,COVER,0,UNKNOWN_OR_COVER,UNKNOWN,,HUGO,S-UNIWARD,MiPOD,HILL,WOW,,,0,0,0.8163282513721691,0.7783325827262895,0.037995668645879666,0.4397205730476898,0.2,1,0.7783325827262895,0.2,1,0.6763742030041329,0.4,2,0.8163282513721691,0.2,1,0.7723613269134045,0.4,2
COVER__TEST__6991.pgm,6991.pgm,COVER,0,UNKNOWN_OR_COVER,UNKNOWN,,HUGO,S-UNIWARD,MiPOD,HILL,WOW,,,0,0,0.8120484811662034,0.772653516398031,0.03939496476817239,0.438442541985525,0.2,1,0.772653516398031,0.2,1,0.6739847764629203,0.2,1,0.8120484811662034,0.0,0,0.7686822166291908,0.2,1
COVER__TEST__345.pgm,345.pgm,COVER,0,MULTI_CANDIDATE,WOW,S-UNIWARD,WOW,S-UNIWARD,HILL,HUGO,MiPOD,,"WOW,S-UNIWARD,HILL,HUGO,MiPOD",5,0,1.0,1.0,0.0,1.0,1.0,5,1.0,1.0,5,1.0,1.0,5,1.0,1.0,5,1.0,1.0,5
COVER__TEST__4483.pgm,4483.pgm,COVER,0,UNKNOWN_OR_COVER,UNKNOWN,,HUGO,S-UNIWARD,MiPOD,HILL,WOW,,,0,0,0.8160391236419746,0.7776144001095124,0.03842472353246218,0.4392015318127928,0.2,1,0.7776144001095124,0.2,1,0.6756068682095278,0.2,1,0.8160391236419746,0.2,1,0.7713619460055411,0.2,1
COVER__TEST__2373.pgm,2373.pgm,COVER,0,UNKNOWN_OR_COVER,UNKNOWN,,HUGO,S-UNIWARD,MiPOD,HILL,WOW,,,0,0,0.8055759347179772,0.7750555144656104,0.030520420252366787,0.4351335507114212,0.2,1,0.7750555144656104,0.4,2,0.6678315733487123,0.4,2,0.8055759347179772,0.2,1,0.7643456740029138,0.4,2
COVER__TEST__1214.pgm,1214.pgm,COVER,0,UNKNOWN_OR_COVER,UNKNOWN,,HUGO,S-UNIWARD,MiPOD,HILL,WOW,,,0,0,0.8175465245460618,0.7771101632263642,0.040436361319697633,0.4396002803175304,0.2,1,0.7771101632263642,0.2,1,0.6750843100383126,0.2,1,0.8175465245460618,0.0,0,0.7706820740480118,0.2,1
COVER__TEST__897.pgm,897.pgm,COVER,0,MULTI_CANDIDATE,S-UNIWARD,HUGO,S-UNIWARD,HUGO,MiPOD,HILL,WOW,,"S-UNIWARD,HUGO",2,0,1.0,1.0,0.0,0.6295959274754239,0.4,2,1.0,1.0,5,0.7622180455861975,0.6,3,1.0,1.0,5,0.8820984814426567,0.6,3
COVER__TEST__1743.pgm,1743.pgm,COVER,0,UNKNOWN_OR_COVER,UNKNOWN,,HUGO,S-UNIWARD,MiPOD,HILL,WOW,,,0,0,0.8090665866987086,0.772598078457787,0.036468508240921516,0.435795634500721,0.0,0,0.772598078457787,0.0,0,0.6704092524081371,0.0,0,0.8090665866987086,0.0,0,0.764418265452653,0.0,0
COVER__TEST__2441.pgm,2441.pgm,COVER,0,UNKNOWN_OR_COVER,UNKNOWN,,HUGO,S-UNIWARD,MiPOD,HILL,WOW,,,0,0,0.8300097242985791,0.7881963699796423,0.041813354318936846,0.44346659247278425,0.2,1,0.7881963699796423,0.2,1,0.6815459070296727,0.2,1,0.8300097242985791,0.4,2,0.7765350717708984,0.2,1
COVER__TEST__9112.pgm,9112.pgm,COVER,0,UNKNOWN_OR_COVER,UNKNOWN,,HUGO,S-UNIWARD,MiPOD,HILL,WOW,,,0,0,0.8309499260641175,0.8306034758626272,0.0003464502014903781,0.47374287138758947,0.2,1,0.8306034758626272,0.6,3,0.7035028962078143,0.4,2,0.8309499260641175,0.6,3,0.7982232146080229,0.4,2
COVER__TEST__7532.pgm,7532.pgm,COVER,0,MULTI_CANDIDATE,WOW,S-UNIWARD,WOW,S-UNIWARD,HILL,HUGO,MiPOD,,"WOW,S-UNIWARD,HILL,HUGO,MiPOD",5,0,1.0,1.0,0.0,1.0,1.0,5,1.0,1.0,5,1.0,1.0,5,1.0,1.0,5,1.0,1.0,5
COVER__TEST__2109.pgm,2109.pgm,COVER,0,MULTI_CANDIDATE,WOW,S-UNIWARD,WOW,S-UNIWARD,HILL,MiPOD,HUGO,,"WOW,S-UNIWARD,HILL,MiPOD",4,0,1.0,1.0,0.0,1.0,1.0,5,1.0,1.0,5,1.0,1.0,5,0.8474065218374374,0.8,4,1.0,1.0,5
COVER__TEST__4681.pgm,4681.pgm,COVER,0,MULTI_CANDIDATE,S-UNIWARD,HILL,S-UNIWARD,HILL,HUGO,MiPOD,WOW,,"S-UNIWARD,HILL,HUGO,MiPOD,WOW",5,0,1.0,1.0,0.0,0.9109247063965811,0.8,4,1.0,1.0,5,1.0,1.0,5,1.0,1.0,5,1.0,1.0,5
COVER__TEST__782.pgm,782.pgm,COVER,0,MULTI_CANDIDATE,WOW,S-UNIWARD,WOW,S-UNIWARD,HILL,HUGO,MiPOD,,"WOW,S-UNIWARD,HILL,HUGO,MiPOD",5,0,1.0,1.0,0.0,1.0,1.0,5,1.0,1.0,5,1.0,1.0,5,1.0,1.0,5,1.0,1.0,5
COVER__TEST__5104.pgm,5104.pgm,COVER,0,UNKNOWN_OR_COVER,UNKNOWN,,HUGO,S-UNIWARD,MiPOD,HILL,WOW,,,0,0,0.8151117222470321,0.7777250481584324,0.03738667408859975,0.4385033778399453,0.2,1,0.7777250481584324,0.2,1,0.6738268145616451,0.2,1,0.8151117222470321,0.2,1,0.7701745305423806,0.2,1
COVER__TEST__3703.pgm,3703.pgm,COVER,0,SINGLE_CANDIDATE,HUGO,S-UNIWARD,HUGO,S-UNIWARD,MiPOD,HILL,WOW,,HUGO,1,0,0.9965065149568421,0.8337588450805761,0.162747669876266,0.4766267174923356,0.2,1,0.8337588450805761,0.4,2,0.705096070172231,0.0,0,0.9965065149568421,0.8,4,0.810443906326415,0.2,1
COVER__TEST__999.pgm,999.pgm,COVER,0,MULTI_CANDIDATE,S-UNIWARD,HILL,S-UNIWARD,HILL,HUGO,MiPOD,WOW,,"S-UNIWARD,HILL,HUGO,MiPOD,WOW",5,0,1.0,1.0,0.0,0.9556956148235155,0.8,4,1.0,1.0,5,1.0,1.0,5,1.0,1.0,5,1.0,1.0,5
COVER__TEST__3064.pgm,3064.pgm,COVER,0,MULTI_CANDIDATE,WOW,S-UNIWARD,WOW,S-UNIWARD,HILL,HUGO,MiPOD,,"WOW,S-UNIWARD,HILL,HUGO,MiPOD",5,0,1.0,1.0,0.0,1.0,1.0,5,1.0,1.0,5,1.0,1.0,5,1.0,1.0,5,1.0,1.0,5
COVER__TEST__7613.pgm,7613.pgm,COVER,0,SINGLE_CANDIDATE,MiPOD,S-UNIWARD,MiPOD,S-UNIWARD,HILL,HUGO,WOW,,MiPOD,1,0,0.9686330103687446,0.8851501562409583,0.08348285412778633,0.7087779714890858,0.4,2,0.8851501562409583,0.4,2,0.8446199560975416,0.6,3,0.8360213590556965,0.6,3,0.9686330103687446,0.6,3
COVER__TEST__8906.pgm,8906.pgm,COVER,0,MULTI_CANDIDATE,WOW,S-UNIWARD,WOW,S-UNIWARD,HILL,HUGO,MiPOD,,"WOW,S-UNIWARD,HILL,HUGO,MiPOD",5,0,1.0,1.0,0.0,1.0,1.0,5,1.0,1.0,5,1.0,1.0,5,1.0,1.0,5,1.0,1.0,5
COVER__TEST__3802.pgm,3802.pgm,COVER,0,MULTI_CANDIDATE,S-UNIWARD,HUGO,S-UNIWARD,HUGO,MiPOD,HILL,WOW,,"S-UNIWARD,HUGO,MiPOD,HILL",4,0,1.0,1.0,0.0,0.8597784348868057,0.8,4,1.0,1.0,5,0.9820317797934024,0.8,4,1.0,1.0,5,0.9935395051102196,0.8,4
COVER__TEST__3823.pgm,3823.pgm,COVER,0,MULTI_CANDIDATE,S-UNIWARD,HILL,S-UNIWARD,HILL,HUGO,MiPOD,WOW,,"S-UNIWARD,HILL,HUGO,MiPOD,WOW",5,0,1.0,1.0,0.0,0.9344458100220846,0.8,4,1.0,1.0,5,1.0,1.0,5,1.0,1.0,5,1.0,1.0,5
COVER__TEST__4664.pgm,4664.pgm,COVER,0,UNKNOWN_OR_COVER,UNKNOWN,,HUGO,S-UNIWARD,MiPOD,HILL,WOW,,,0,0,0.814013613621093,0.7789683159569979,0.03504529766409514,0.43703236869783213,0.2,1,0.7789683159569979,0.2,1,0.6711992871527295,0.4,2,0.814013613621093,0.2,1,0.7664559915454761,0.4,2
COVER__TEST__2609.pgm,2609.pgm,COVER,0,UNKNOWN_OR_COVER,UNKNOWN,,HUGO,S-UNIWARD,MiPOD,HILL,WOW,,,0,0,0.8108192552104155,0.7749860740219199,0.035833181188495655,0.4369417144244845,0.2,1,0.7749860740219199,0.2,1,0.6717688265264841,0.2,1,0.8108192552104155,0.2,1,0.7671030362073086,0.2,1
COVER__TEST__6000.pgm,6000.pgm,COVER,0,UNKNOWN_OR_COVER,UNKNOWN,,HUGO,S-UNIWARD,MiPOD,HILL,WOW,,,0,0,0.8137310571577876,0.7751209498346362,0.0386101073231514,0.4385624242552499,0.2,1,0.7751209498346362,0.2,1,0.673871389517454,0.2,1,0.8137310571577876,0.0,0,0.7697106072296972,0.2,1
COVER__TEST__6935.pgm,6935.pgm,COVER,0,MULTI_CANDIDATE,WOW,S-UNIWARD,WOW,S-UNIWARD,HILL,MiPOD,HUGO,,"WOW,S-UNIWARD,HILL,MiPOD",4,0,1.0,1.0,0.0,1.0,1.0,5,1.0,1.0,5,1.0,1.0,5,0.8051913622864879,0.6,3,1.0,1.0,5
COVER__TEST__1892.pgm,1892.pgm,COVER,0,SINGLE_CANDIDATE,S-UNIWARD,MiPOD,S-UNIWARD,MiPOD,HUGO,HILL,WOW,,S-UNIWARD,1,0,0.9208656172645343,0.8413856550089778,0.07947996225555654,0.5941832502017164,0.4,2,0.9208656172645343,0.6,3,0.712689973289135,0.6,3,0.8356676211043459,0.8,4,0.8413856550089778,0.8,4
COVER__TEST__2449.pgm,2449.pgm,COVER,0,MULTI_CANDIDATE,S-UNIWARD,MiPOD,S-UNIWARD,MiPOD,HILL,HUGO,WOW,,"S-UNIWARD,MiPOD",2,0,1.0,0.9437189618534949,0.05628103814650509,0.7962590548471903,0.6,3,1.0,1.0,5,0.8747909258091807,0.6,3,0.8340257287895028,0.8,4,0.9437189618534949,0.8,4
COVER__TEST__1797.pgm,1797.pgm,COVER,0,UNKNOWN_OR_COVER,UNKNOWN,,HUGO,S-UNIWARD,MiPOD,HILL,WOW,,,0,0,0.8162975865355108,0.7752452698676533,0.04105231666785747,0.4399152590382859,0.2,1,0.7752452698676533,0.2,1,0.6757520522315706,0.2,1,0.8162975865355108,0.0,0,0.7714476102409782,0.2,1
COVER__TEST__7885.pgm,7885.pgm,COVER,0,UNKNOWN_OR_COVER,UNKNOWN,,HUGO,S-UNIWARD,MiPOD,HILL,WOW,,,0,0,0.8124372492872286,0.7736742588297967,0.03876299045743192,0.43823689173750485,0.2,1,0.7736742588297967,0.2,1,0.6740753793168223,0.2,1,0.8124372492872286,0.0,0,0.7689013315188877,0.2,1
COVER__TEST__706.pgm,706.pgm,COVER,0,UNKNOWN_OR_COVER,UNKNOWN,,HUGO,S-UNIWARD,MiPOD,HILL,WOW,,,0,0,0.8091576595292261,0.7709877257432043,0.03816993378602185,0.4373800968453073,0.2,1,0.7709877257432043,0.2,1,0.6713839841927942,0.2,1,0.8091576595292261,0.0,0,0.7660130236377913,0.2,1
COVER__TEST__7243.pgm,7243.pgm,COVER,0,UNKNOWN_OR_COVER,UNKNOWN,,HUGO,S-UNIWARD,MiPOD,HILL,WOW,,,0,0,0.815136575772609,0.77656796597388,0.038568609798729,0.43868020952624204,0.0,0,0.77656796597388,0.0,0,0.6745465147378348,0.2,1,0.815136575772609,0.0,0,0.770022718845053,0.0,0
COVER__TEST__6221.pgm,6221.pgm,COVER,0,UNKNOWN_OR_COVER,UNKNOWN,,MiPOD,HUGO,S-UNIWARD,HILL,WOW,,,0,0,0.8377133086501116,0.8287933203624342,0.008919988287677372,0.6807682107860391,0.4,2,0.8119133070559748,0.6,3,0.7148142855325499,0.4,2,0.8287933203624342,0.6,3,0.8377133086501116,0.6,3
COVER__TEST__7354.pgm,7354.pgm,COVER,0,UNKNOWN_OR_COVER,UNKNOWN,,HUGO,S-UNIWARD,MiPOD,HILL,WOW,,,0,0,0.8190326335246582,0.7790146402254046,0.040017993299253596,0.44083321779805723,0.2,1,0.7790146402254046,0.2,1,0.6784492234559336,0.4,2,0.8190326335246582,0.2,1,0.7743126294236614,0.4,2
COVER__TEST__2427.pgm,2427.pgm,COVER,0,UNKNOWN_OR_COVER,UNKNOWN,,HUGO,S-UNIWARD,MiPOD,HILL,WOW,,,0,0,0.8156571554873446,0.7781423164575485,0.03751483902979613,0.43864381115577966,0.2,1,0.7781423164575485,0.2,1,0.6744032680174988,0.4,2,0.8156571554873446,0.2,1,0.7701337538869488,0.4,2
COVER__TEST__2389.pgm,2389.pgm,COVER,0,UNKNOWN_OR_COVER,UNKNOWN,,HUGO,S-UNIWARD,MiPOD,HILL,WOW,,,0,0,0.830211185838818,0.7880962354685702,0.04211495037024782,0.44341328280207637,0.2,1,0.7880962354685702,0.2,1,0.6805170720286824,0.2,1,0.830211185838818,0.4,2,0.7771052095087815,0.2,1
COVER__TEST__3805.pgm,3805.pgm,COVER,0,MULTI_CANDIDATE,HILL,S-UNIWARD,HILL,S-UNIWARD,MiPOD,WOW,HUGO,,"HILL,S-UNIWARD,MiPOD,WOW",4,0,0.9945374958516627,0.9943463103141612,0.0001911855375015259,0.960287085352309,0.6,3,0.9943463103141612,0.8,4,0.9945374958516627,0.8,4,0.8328305157194649,0.8,4,0.9941508186607155,0.8,4
COVER__TEST__700.pgm,700.pgm,COVER,0,MULTI_CANDIDATE,S-UNIWARD,HILL,S-UNIWARD,HILL,MiPOD,HUGO,WOW,,"S-UNIWARD,HILL,MiPOD",3,0,1.0,1.0,0.0,0.8295728797000803,0.6,3,1.0,1.0,5,1.0,1.0,5,0.8978580295791418,0.8,4,0.9838657478663245,0.8,4
COVER__TEST__7973.pgm,7973.pgm,COVER,0,UNKNOWN_OR_COVER,UNKNOWN,,HUGO,S-UNIWARD,MiPOD,HILL,WOW,,,0,0,0.8172144534794985,0.7786968319452481,0.038517621534250424,0.4401247007610521,0.2,1,0.7786968319452481,0.2,1,0.6770177423771562,0.4,2,0.8172144534794985,0.2,1,0.7731351382379319,0.4,2
COVER__TEST__4581.pgm,4581.pgm,COVER,0,MULTI_CANDIDATE,S-UNIWARD,HILL,S-UNIWARD,HILL,MiPOD,WOW,HUGO,,"S-UNIWARD,HILL,MiPOD",3,0,1.0,1.0,0.0,0.8555333735153067,0.8,4,1.0,1.0,5,1.0,1.0,5,0.8348915751242056,0.8,4,1.0,1.0,5
COVER__TEST__7969.pgm,7969.pgm,COVER,0,UNKNOWN_OR_COVER,UNKNOWN,,HUGO,S-UNIWARD,MiPOD,HILL,WOW,,,0,0,0.8168671848539095,0.7774159233831882,0.03945126147072131,0.44004901415310826,0.2,1,0.7774159233831882,0.2,1,0.6772876679761038,0.4,2,0.8168671848539095,0.2,1,0.7732356181149671,0.4,2
COVER__TEST__9495.pgm,9495.pgm,COVER,0,UNKNOWN_OR_COVER,UNKNOWN,,HILL,MiPOD,HUGO,S-UNIWARD,WOW,,,0,0,0.8448850509716543,0.8398532157420142,0.005031835229640125,0.5782939350644398,0.2,1,0.7979948320489099,0.2,1,0.8448850509716543,0.4,2,0.833699599396061,0.8,4,0.8398532157420142,0.4,2
COVER__TEST__9418.pgm,9418.pgm,COVER,0,MULTI_CANDIDATE,HUGO,WOW,HUGO,WOW,MiPOD,S-UNIWARD,HILL,,"HUGO,WOW,MiPOD,S-UNIWARD,HILL",5,0,1.0,0.9997377078938502,0.00026229210614980847,0.9997377078938502,0.8,4,0.9827015031346331,0.8,4,0.9405405615089493,0.8,4,1.0,1.0,5,0.9970351328557239,0.8,4
COVER__TEST__2949.pgm,2949.pgm,COVER,0,MULTI_CANDIDATE,HILL,HUGO,HILL,HUGO,MiPOD,WOW,S-UNIWARD,,"HILL,HUGO,MiPOD,WOW",4,0,1.0,1.0,0.0,0.9024871560790032,0.6,3,0.8596710774469114,0.8,4,1.0,1.0,5,1.0,1.0,5,1.0,1.0,5
COVER__TEST__895.pgm,895.pgm,COVER,0,UNKNOWN_OR_COVER,UNKNOWN,,HUGO,S-UNIWARD,MiPOD,HILL,WOW,,,0,0,0.8321920532065257,0.8012838563728918,0.030908196833633883,0.4641223496417304,0.2,1,0.8012838563728918,0.6,3,0.6838759354915724,0.6,3,0.8321920532065257,0.6,3,0.7859811304124125,0.6,3
COVER__TEST__4157.pgm,4157.pgm,COVER,0,MULTI_CANDIDATE,WOW,S-UNIWARD,WOW,S-UNIWARD,HILL,HUGO,MiPOD,,"WOW,S-UNIWARD,HILL,HUGO,MiPOD",5,0,1.0,1.0,0.0,1.0,1.0,5,1.0,1.0,5,1.0,1.0,5,1.0,1.0,5,1.0,1.0,5
COVER__TEST__8156.pgm,8156.pgm,COVER,0,UNKNOWN_OR_COVER,UNKNOWN,,HUGO,S-UNIWARD,MiPOD,HILL,WOW,,,0,0,0.8126864316203269,0.7768539320445024,0.03583249957582457,0.43858658951629215,0.2,1,0.7768539320445024,0.2,1,0.6749516937416662,0.4,2,0.8126864316203269,0.2,1,0.770009990068347,0.4,2
COVER__TEST__5103.pgm,5103.pgm,COVER,0,UNKNOWN_OR_COVER,UNKNOWN,,HUGO,S-UNIWARD,MiPOD,HILL,WOW,,,0,0,0.8121017559624008,0.774158579511526,0.03794317645087475,0.4372475520933504,0.0,0,0.774158579511526,0.0,0,0.6714556432814833,0.0,0,0.8121017559624008,0.0,0,0.767078922491822,0.0,0
COVER__TEST__4507.pgm,4507.pgm,COVER,0,MULTI_CANDIDATE,HILL,S-UNIWARD,HILL,S-UNIWARD,WOW,MiPOD,HUGO,,"HILL,S-UNIWARD,WOW,MiPOD",4,0,0.9967884212263727,0.9965950235478349,0.00019339767853776557,0.9964646622796917,0.8,4,0.9965950235478349,0.8,4,0.9967884212263727,0.8,4,0.8332103861427693,0.8,4,0.9963972699287906,0.8,4
COVER__TEST__858.pgm,858.pgm,COVER,0,UNKNOWN_OR_COVER,UNKNOWN,,MiPOD,HUGO,S-UNIWARD,HILL,WOW,,,0,0,0.8374019925541856,0.8188128371088,0.01858915544538553,0.5579508218765409,0.2,1,0.7942992063888787,0.4,2,0.7270204980086679,0.6,3,0.8188128371088,0.6,3,0.8374019925541856,0.8,4
COVER__TEST__2041.pgm,2041.pgm,COVER,0,MULTI_CANDIDATE,HUGO,MiPOD,HUGO,MiPOD,S-UNIWARD,HILL,WOW,,"HUGO,MiPOD,S-UNIWARD,HILL",4,0,0.9951888275633107,0.9757718395428625,0.019416988020448223,0.8096840455483143,0.4,2,0.9648768271637674,0.4,2,0.9228562683536963,0.6,3,0.9951888275633107,0.8,4,0.9757718395428625,0.6,3
COVER__TEST__5870.pgm,5870.pgm,COVER,0,UNKNOWN_OR_COVER,UNKNOWN,,HUGO,S-UNIWARD,MiPOD,HILL,WOW,,,0,0,0.8165891250035774,0.7776654285345714,0.03892369646900595,0.4396720045132561,0.2,1,0.7776654285345714,0.2,1,0.6761309759251918,0.2,1,0.8165891250035774,0.2,1,0.7722835982308959,0.0,0
COVER__TEST__1460.pgm,1460.pgm,COVER,0,SINGLE_CANDIDATE,S-UNIWARD,MiPOD,S-UNIWARD,MiPOD,HUGO,HILL,WOW,,S-UNIWARD,1,0,0.9359358380493736,0.8376337582260431,0.0983020798233305,0.6359986974197346,0.4,2,0.9359358380493736,0.6,3,0.7332598076961837,0.6,3,0.8184214801549914,0.6,3,0.8376337582260431,0.8,4
COVER__TEST__1992.pgm,1992.pgm,COVER,0,UNKNOWN_OR_COVER,UNKNOWN,,HUGO,S-UNIWARD,MiPOD,HILL,WOW,,,0,0,0.824350135485241,0.7806580206901883,0.04369211479505275,0.4424681957854336,0.2,1,0.7806580206901883,0.2,1,0.6804514840836322,0.6,3,0.824350135485241,0.2,1,0.7770414595263679,0.4,2
COVER__TEST__4373.pgm,4373.pgm,COVER,0,UNKNOWN_OR_COVER,UNKNOWN,,HUGO,S-UNIWARD,MiPOD,HILL,WOW,,,0,0,0.8297226181278011,0.8172978863226457,0.012424731805155464,0.4534030283987526,0.2,1,0.8172978863226457,0.4,2,0.6876592853463992,0.4,2,0.8297226181278011,0.6,3,0.7913516160754123,0.4,2
COVER__TEST__1866.pgm,1866.pgm,COVER,0,MULTI_CANDIDATE,MiPOD,HILL,MiPOD,HILL,HUGO,S-UNIWARD,WOW,,"MiPOD,HILL,HUGO",3,0,0.9952965408668994,0.994996504914417,0.00030003595248240256,0.7416851929174643,0.4,2,0.8327889048670016,0.4,2,0.994996504914417,0.6,3,0.992729204622741,0.8,4,0.9952965408668994,0.6,3
COVER__TEST__2044.pgm,2044.pgm,COVER,0,UNKNOWN_OR_COVER,UNKNOWN,,HUGO,S-UNIWARD,MiPOD,HILL,WOW,,,0,0,0.8113052039959916,0.7742630286338155,0.03704217536217613,0.43718280142313015,0.2,1,0.7742630286338155,0.2,1,0.672385333301721,0.2,1,0.8113052039959916,0.2,1,0.7672214616354257,0.2,1
COVER__TEST__1102.pgm,1102.pgm,COVER,0,MULTI_CANDIDATE,MiPOD,HILL,MiPOD,HILL,WOW,HUGO,S-UNIWARD,,"MiPOD,HILL,WOW,HUGO",4,0,1.0,0.9973718859312088,0.002628114068791154,0.9665054842251539,0.8,4,0.8596970034078708,0.8,4,0.9973718859312088,0.8,4,0.9074673908046915,0.8,4,1.0,1.0,5
COVER__TEST__4245.pgm,4245.pgm,COVER,0,MULTI_CANDIDATE,WOW,S-UNIWARD,WOW,S-UNIWARD,HILL,HUGO,MiPOD,,"WOW,S-UNIWARD,HILL,HUGO,MiPOD",5,0,1.0,1.0,0.0,1.0,1.0,5,1.0,1.0,5,1.0,1.0,5,1.0,1.0,5,1.0,1.0,5
COVER__TEST__9676.pgm,9676.pgm,COVER,0,UNKNOWN_OR_COVER,UNKNOWN,,HUGO,S-UNIWARD,MiPOD,HILL,WOW,,,0,0,0.8150402827849987,0.7746065914710993,0.0404336913138994,0.43923240095932237,0.2,1,0.7746065914710993,0.2,1,0.6753634188666677,0.2,1,0.8150402827849987,0.0,0,0.7704078937134335,0.2,1
COVER__TEST__4391.pgm,4391.pgm,COVER,0,MULTI_CANDIDATE,WOW,S-UNIWARD,WOW,S-UNIWARD,HILL,HUGO,MiPOD,,"WOW,S-UNIWARD,HILL,HUGO,MiPOD",5,0,1.0,1.0,0.0,1.0,1.0,5,1.0,1.0,5,1.0,1.0,5,1.0,1.0,5,1.0,1.0,5
COVER__TEST__9166.pgm,9166.pgm,COVER,0,UNKNOWN_OR_COVER,UNKNOWN,,HUGO,S-UNIWARD,MiPOD,HILL,WOW,,,0,0,0.8152567677896652,0.7771053157338669,0.038151452055798285,0.4387183512222542,0.0,0,0.7771053157338669,0.0,0,0.6755836512368181,0.4,2,0.8152567677896652,0.2,1,0.7703988166951016,0.2,1
COVER__TEST__9673.pgm,9673.pgm,COVER,0,UNKNOWN_OR_COVER,UNKNOWN,,HUGO,S-UNIWARD,MiPOD,HILL,WOW,,,0,0,0.8526352249105512,0.8383776256182042,0.014257599292347045,0.5164689847198872,0.2,1,0.8383776256182042,0.8,4,0.7201925782365933,0.6,3,0.8526352249105512,0.8,4,0.8301849716298346,0.6,3
COVER__TEST__1307.pgm,1307.pgm,COVER,0,MULTI_CANDIDATE,WOW,S-UNIWARD,WOW,S-UNIWARD,HILL,HUGO,MiPOD,,"WOW,S-UNIWARD,HILL,HUGO,MiPOD",5,0,1.0,1.0,0.0,1.0,1.0,5,1.0,1.0,5,1.0,1.0,5,1.0,1.0,5,1.0,1.0,5
COVER__TEST__5984.pgm,5984.pgm,COVER,0,UNKNOWN_OR_COVER,UNKNOWN,,HUGO,S-UNIWARD,MiPOD,HILL,WOW,,,0,0,0.8185608065651433,0.7788904563572222,0.03967035020792109,0.4396647587414809,0.2,1,0.7788904563572222,0.2,1,0.6758307757072056,0.2,1,0.8185608065651433,0.2,1,0.7713660238261755,0.2,1
COVER__TEST__1942.pgm,1942.pgm,COVER,0,UNKNOWN_OR_COVER,UNKNOWN,,HUGO,S-UNIWARD,MiPOD,HILL,WOW,,,0,0,0.8153602230914853,0.782265345400015,0.03309487769147024,0.4406457421885487,0.2,1,0.782265345400015,0.4,2,0.6756272914252512,0.4,2,0.8153602230914853,0.4,2,0.773729395932899,0.4,2
COVER__TEST__4310.pgm,4310.pgm,COVER,0,MULTI_CANDIDATE,S-UNIWARD,HILL,S-UNIWARD,HILL,HUGO,MiPOD,WOW,,"S-UNIWARD,HILL,HUGO,MiPOD,WOW",5,0,1.0,1.0,0.0,0.982857007603221,0.8,4,1.0,1.0,5,1.0,1.0,5,1.0,1.0,5,1.0,1.0,5
COVER__TEST__4653.pgm,4653.pgm,COVER,0,MULTI_CANDIDATE,MiPOD,S-UNIWARD,MiPOD,S-UNIWARD,HILL,HUGO,WOW,,"MiPOD,S-UNIWARD",2,0,0.9477156114921194,0.9268966043342578,0.020819007157861558,0.8020135507036473,0.6,3,0.9268966043342578,0.8,4,0.8394468997271674,0.8,4,0.8347650693017726,0.8,4,0.9477156114921194,0.8,4
COVER__TEST__2782.pgm,2782.pgm,COVER,0,MULTI_CANDIDATE,HUGO,S-UNIWARD,HUGO,S-UNIWARD,MiPOD,HILL,WOW,,"HUGO,S-UNIWARD",2,0,0.9949542478312232,0.932506495202133,0.06244775262909019,0.5366508427008294,0.2,1,0.932506495202133,0.4,2,0.6199553695108484,0.4,2,0.9949542478312232,0.8,4,0.7749869878229327,0.4,2
COVER__TEST__7656.pgm,7656.pgm,COVER,0,UNKNOWN_OR_COVER,UNKNOWN,,HUGO,S-UNIWARD,MiPOD,HILL,WOW,,,0,0,0.8170136090878899,0.7784151995610155,0.03859840952687443,0.43909753679482233,0.2,1,0.7784151995610155,0.2,1,0.6750841187674996,0.2,1,0.8170136090878899,0.2,1,0.7708430887544531,0.2,1
COVER__TEST__863.pgm,863.pgm,COVER,0,UNKNOWN_OR_COVER,UNKNOWN,,HUGO,S-UNIWARD,MiPOD,HILL,WOW,,,0,0,0.8356619812154804,0.8172577224244378,0.01840425879104257,0.46566447200131805,0.2,1,0.8172577224244378,0.4,2,0.6884935108502386,0.6,3,0.8356619812154804,0.8,4,0.7910244224372213,0.6,3
COVER__TEST__7458.pgm,7458.pgm,COVER,0,UNKNOWN_OR_COVER,UNKNOWN,,HUGO,S-UNIWARD,MiPOD,HILL,WOW,,,0,0,0.8196563986177174,0.7823303295741947,0.03732606904352276,0.44216060597029705,0.2,1,0.7823303295741947,0.2,1,0.6790376815056888,0.2,1,0.8196563986177174,0.4,2,0.7772128632355199,0.2,1
COVER__TEST__6504.pgm,6504.pgm,COVER,0,UNKNOWN_OR_COVER,UNKNOWN,,HUGO,S-UNIWARD,MiPOD,HILL,WOW,,,0,0,0.8210133155677246,0.7800458485786342,0.04096746698909037,0.4404422081507476,0.2,1,0.7800458485786342,0.2,1,0.6751043704711229,0.2,1,0.8210133155677246,0.2,1,0.7715048875634756,0.2,1
COVER__TEST__6882.pgm,6882.pgm,COVER,0,UNKNOWN_OR_COVER,UNKNOWN,,HUGO,S-UNIWARD,MiPOD,HILL,WOW,,,0,0,0.826821941622018,0.8044489917172127,0.022372949904805317,0.5050309639576377,0.2,1,0.8044489917172127,0.4,2,0.6802155003964169,0.6,3,0.826821941622018,0.4,2,0.7769301776400309,0.6,3
COVER__TEST__5595.pgm,5595.pgm,COVER,0,UNKNOWN_OR_COVER,UNKNOWN,,HUGO,S-UNIWARD,MiPOD,HILL,WOW,,,0,0,0.8283828980754991,0.7990480832714921,0.029334814804007014,0.451173942192925,0.0,0,0.7990480832714921,0.2,1,0.68011461487602,0.2,1,0.8283828980754991,0.6,3,0.7793343038118052,0.2,1
COVER__TEST__3964.pgm,3964.pgm,COVER,0,MULTI_CANDIDATE,WOW,S-UNIWARD,WOW,S-UNIWARD,HILL,HUGO,MiPOD,,"WOW,S-UNIWARD,HILL,HUGO,MiPOD",5,0,1.0,1.0,0.0,1.0,1.0,5,1.0,1.0,5,1.0,1.0,5,1.0,1.0,5,1.0,1.0,5
COVER__TEST__8950.pgm,8950.pgm,COVER,0,MULTI_CANDIDATE,HUGO,MiPOD,HUGO,MiPOD,HILL,S-UNIWARD,WOW,,"HUGO,MiPOD,HILL",3,0,1.0,1.0,0.0,0.8190959977322425,0.6,3,0.8757615462130808,0.6,3,0.904864312400153,0.8,4,1.0,1.0,5,1.0,1.0,5
COVER__TEST__4120.pgm,4120.pgm,COVER,0,MULTI_CANDIDATE,WOW,S-UNIWARD,WOW,S-UNIWARD,HILL,MiPOD,HUGO,,"WOW,S-UNIWARD,HILL,MiPOD,HUGO",5,0,1.0,1.0,0.0,1.0,1.0,5,1.0,1.0,5,1.0,1.0,5,0.9694647946590613,0.8,4,1.0,1.0,5
COVER__TEST__7237.pgm,7237.pgm,COVER,0,UNKNOWN_OR_COVER,UNKNOWN,,HUGO,S-UNIWARD,MiPOD,HILL,WOW,,,0,0,0.8244997888796567,0.7829404182910421,0.041559370588614586,0.44135037290748286,0.2,1,0.7829404182910421,0.2,1,0.6775948031929386,0.2,1,0.8244997888796567,0.0,0,0.7729993031816137,0.2,1
COVER__TEST__878.pgm,878.pgm,COVER,0,SINGLE_CANDIDATE,S-UNIWARD,MiPOD,S-UNIWARD,MiPOD,HUGO,HILL,WOW,,S-UNIWARD,1,0,0.9581642721404251,0.8904057941373804,0.06775847800304469,0.6403031479533172,0.4,2,0.9581642721404251,0.8,4,0.7629502358381897,0.6,3,0.8340447077377462,0.8,4,0.8904057941373804,0.8,4
COVER__TEST__4906.pgm,4906.pgm,COVER,0,MULTI_CANDIDATE,S-UNIWARD,HILL,S-UNIWARD,HILL,HUGO,MiPOD,WOW,,"S-UNIWARD,HILL,HUGO,MiPOD,WOW",5,0,1.0,1.0,0.0,0.9476802163425034,0.8,4,1.0,1.0,5,1.0,1.0,5,1.0,1.0,5,1.0,1.0,5
COVER__TEST__3432.pgm,3432.pgm,COVER,0,MULTI_CANDIDATE,S-UNIWARD,HILL,S-UNIWARD,HILL,HUGO,MiPOD,WOW,,"S-UNIWARD,HILL,HUGO,MiPOD",4,0,1.0,1.0,0.0,0.8787338193811667,0.8,4,1.0,1.0,5,1.0,1.0,5,1.0,1.0,5,1.0,1.0,5
COVER__TEST__9104.pgm,9104.pgm,COVER,0,UNKNOWN_OR_COVER,UNKNOWN,,S-UNIWARD,WOW,MiPOD,HUGO,HILL,,,0,0,0.891090130348017,0.8404773157640623,0.050612814583954724,0.8404773157640623,0.8,4,0.891090130348017,0.6,3,0.7557176268245921,0.6,3,0.8281611854543407,0.6,3,0.8376838487689664,0.8,4
COVER__TEST__8006.pgm,8006.pgm,COVER,0,UNKNOWN_OR_COVER,UNKNOWN,,HUGO,S-UNIWARD,MiPOD,HILL,WOW,,,0,0,0.8099656667399129,0.7720631518266975,0.03790251491321539,0.4365463998332976,0.0,0,0.7720631518266975,0.0,0,0.6716882792670137,0.0,0,0.8099656667399129,0.0,0,0.7662439240675558,0.0,0
COVER__TEST__2891.pgm,2891.pgm,COVER,0,UNKNOWN_OR_COVER,UNKNOWN,,HUGO,S-UNIWARD,MiPOD,HILL,WOW,,,0,0,0.8340447077377462,0.8305199457433405,0.0035247619944056563,0.4885916079414792,0.2,1,0.8305199457433405,0.4,2,0.7222370221806252,0.6,3,0.8340447077377462,0.8,4,0.8162290113979644,0.6,3
COVER__TEST__2852.pgm,2852.pgm,COVER,0,UNKNOWN_OR_COVER,UNKNOWN,,HUGO,S-UNIWARD,MiPOD,HILL,WOW,,,0,0,0.8303832277270692,0.7925422028540321,0.03784102487303709,0.4525648282446322,0.2,1,0.7925422028540321,0.4,2,0.6821299379533496,0.6,3,0.8303832277270692,0.6,3,0.7803170828885623,0.6,3
COVER__TEST__8853.pgm,8853.pgm,COVER,0,MULTI_CANDIDATE,HILL,MiPOD,HILL,MiPOD,HUGO,S-UNIWARD,WOW,,"HILL,MiPOD",2,0,0.9952380279740616,0.9941307323347042,0.0011072956393574085,0.7301987699694055,0.6,3,0.8337451904078129,0.6,3,0.9952380279740616,0.6,3,0.8572652427044141,0.4,2,0.9941307323347042,0.6,3
COVER__TEST__2017.pgm,2017.pgm,COVER,0,MULTI_CANDIDATE,S-UNIWARD,HILL,S-UNIWARD,HILL,MiPOD,HUGO,WOW,,"S-UNIWARD,HILL,MiPOD",3,0,1.0,1.0,0.0,0.8363060497736455,0.8,4,1.0,1.0,5,1.0,1.0,5,0.8924233218108559,0.8,4,1.0,1.0,5
COVER__TEST__8164.pgm,8164.pgm,COVER,0,UNKNOWN_OR_COVER,UNKNOWN,,HUGO,S-UNIWARD,MiPOD,HILL,WOW,,,0,0,0.8343034285167956,0.7949086758365054,0.039394752680290246,0.449240966310606,0.2,1,0.7949086758365054,0.2,1,0.6835290599396819,0.6,3,0.8343034285167956,0.8,4,0.7812758381169982,0.6,3
COVER__TEST__2260.pgm,2260.pgm,COVER,0,SINGLE_CANDIDATE,HUGO,S-UNIWARD,HUGO,S-UNIWARD,MiPOD,HILL,WOW,,HUGO,1,0,0.9804350506750314,0.7794967850443831,0.20093826563064832,0.4401422140347173,0.2,1,0.7794967850443831,0.2,1,0.6763431484679366,0.4,2,0.9804350506750314,0.6,3,0.7735670961634078,0.4,2
COVER__TEST__2159.pgm,2159.pgm,COVER,0,MULTI_CANDIDATE,WOW,S-UNIWARD,WOW,S-UNIWARD,HILL,HUGO,MiPOD,,"WOW,S-UNIWARD,HILL,HUGO,MiPOD",5,0,1.0,1.0,0.0,1.0,1.0,5,1.0,1.0,5,1.0,1.0,5,1.0,1.0,5,1.0,1.0,5
COVER__TEST__9364.pgm,9364.pgm,COVER,0,UNKNOWN_OR_COVER,UNKNOWN,,HUGO,S-UNIWARD,MiPOD,HILL,WOW,,,0,0,0.8196072646996866,0.7790564807376723,0.04055078396201428,0.44196607977134655,0.2,1,0.7790564807376723,0.2,1,0.6795104519151016,0.6,3,0.8196072646996866,0.4,2,0.7762686893359347,0.6,3
COVER__TEST__455.pgm,455.pgm,COVER,0,UNKNOWN_OR_COVER,UNKNOWN,,HUGO,S-UNIWARD,MiPOD,HILL,WOW,,,0,0,0.8126624800091431,0.7734157476751985,0.0392467323339446,0.43846322110065206,0.2,1,0.7734157476751985,0.2,1,0.6749161794771988,0.2,1,0.8126624800091431,0.0,0,0.7694990323530625,0.0,0
COVER__TEST__1852.pgm,1852.pgm,COVER,0,UNKNOWN_OR_COVER,UNKNOWN,,HUGO,S-UNIWARD,MiPOD,HILL,WOW,,,0,0,0.8227487678602239,0.7956017554975091,0.027147012362714773,0.47370020728209833,0.2,1,0.7956017554975091,0.2,1,0.6806742450352804,0.6,3,0.8227487678602239,0.6,3,0.7797094641484762,0.6,3
COVER__TEST__4529.pgm,4529.pgm,COVER,0,MULTI_CANDIDATE,MiPOD,HILL,MiPOD,HILL,S-UNIWARD,WOW,HUGO,,"MiPOD,HILL,S-UNIWARD",3,0,0.9989582742651649,0.9813050444418787,0.01765322982328621,0.841446660421527,0.6,3,0.9104378845330757,0.6,3,0.9813050444418787,0.6,3,0.8336434468617657,0.8,4,0.9989582742651649,0.8,4
COVER__TEST__5532.pgm,5532.pgm,COVER,0,UNKNOWN_OR_COVER,UNKNOWN,,HUGO,S-UNIWARD,MiPOD,HILL,WOW,,,0,0,0.8166406139753631,0.7796679187518027,0.03697269522356039,0.4401775793278042,0.2,1,0.7796679187518027,0.4,2,0.6768857580783074,0.4,2,0.8166406139753631,0.2,1,0.7722781021766644,0.4,2
COVER__TEST__6350.pgm,6350.pgm,COVER,0,MULTI_CANDIDATE,MiPOD,S-UNIWARD,MiPOD,S-UNIWARD,HUGO,HILL,WOW,,"MiPOD,S-UNIWARD,HUGO,HILL",4,0,1.0,0.9757255952335495,0.024274404766450486,0.8269916292755528,0.6,3,0.9757255952335495,0.8,4,0.9020608022496335,0.8,4,0.9635806413064358,0.8,4,1.0,1.0,5
COVER__TEST__2647.pgm,2647.pgm,COVER,0,SINGLE_CANDIDATE,HILL,MiPOD,HILL,MiPOD,S-UNIWARD,HUGO,WOW,,HILL,1,0,0.9058525805294172,0.8951546224943708,0.010697958035046362,0.6432396142332135,0.4,2,0.840695416344564,0.8,4,0.9058525805294172,0.8,4,0.8339660873864319,0.8,4,0.8951546224943708,0.8,4
COVER__TEST__1285.pgm,1285.pgm,COVER,0,UNKNOWN_OR_COVER,UNKNOWN,,S-UNIWARD,HUGO,MiPOD,HILL,WOW,,,0,0,0.8419783121271823,0.8352795922638011,0.0066987198633812195,0.4874787171769803,0.2,1,0.8419783121271823,0.8,4,0.7001869575455982,0.6,3,0.8352795922638011,0.8,4,0.8011965250346144,0.6,3
COVER__TEST__8202.pgm,8202.pgm,COVER,0,UNKNOWN_OR_COVER,UNKNOWN,,HUGO,S-UNIWARD,MiPOD,HILL,WOW,,,0,0,0.8159791293113502,0.7794941003290194,0.03648502898233075,0.43973828768991396,0.2,1,0.7794941003290194,0.4,2,0.6762462586110597,0.4,2,0.8159791293113502,0.2,1,0.7715532536169999,0.4,2
COVER__TEST__5778.pgm,5778.pgm,COVER,0,UNKNOWN_OR_COVER,UNKNOWN,,HUGO,S-UNIWARD,MiPOD,HILL,WOW,,,0,0,0.8183775731166006,0.7822779776686812,0.03609959544791941,0.44131268703596216,0.0,0,0.7822779776686812,0.0,0,0.6780875567421651,0.2,1,0.8183775731166006,0.4,2,0.7759930053765267,0.2,1
COVER__TEST__9830.pgm,9830.pgm,COVER,0,UNKNOWN_OR_COVER,UNKNOWN,,S-UNIWARD,HUGO,MiPOD,HILL,WOW,,,0,0,0.828097356995093,0.8280892924151264,8.06457996660459e-06,0.4719631476423925,0.0,0,0.828097356995093,0.4,2,0.7079635074060265,0.2,1,0.8280892924151264,0.4,2,0.8025077171246744,0.0,0
COVER__TEST__1005.pgm,1005.pgm,COVER,0,MULTI_CANDIDATE,S-UNIWARD,HILL,S-UNIWARD,HILL,HUGO,MiPOD,WOW,,"S-UNIWARD,HILL,HUGO,MiPOD",4,0,1.0,1.0,0.0,0.880488427600595,0.8,4,1.0,1.0,5,1.0,1.0,5,1.0,1.0,5,1.0,1.0,5
COVER__TEST__8819.pgm,8819.pgm,COVER,0,SINGLE_CANDIDATE,MiPOD,HILL,MiPOD,HILL,S-UNIWARD,HUGO,WOW,,MiPOD,1,0,0.9068627753325066,0.8950642570447694,0.011798518287737148,0.6531439739623693,0.4,2,0.8398514383460063,0.8,4,0.8950642570447694,0.6,3,0.8365001890912591,0.8,4,0.9068627753325066,0.8,4
COVER__TEST__8952.pgm,8952.pgm,COVER,0,UNKNOWN_OR_COVER,UNKNOWN,,HUGO,S-UNIWARD,MiPOD,HILL,WOW,,,0,0,0.8205474561742261,0.7789641405624068,0.04158331561181927,0.44070059622006647,0.2,1,0.7789641405624068,0.2,1,0.6777191074172403,0.2,1,0.8205474561742261,0.0,0,0.7728996871764192,0.2,1
COVER__TEST__338.pgm,338.pgm,COVER,0,UNKNOWN_OR_COVER,UNKNOWN,,HUGO,S-UNIWARD,MiPOD,HILL,WOW,,,0,0,0.8189375562900091,0.7804563979805983,0.03848115830941079,0.440481529168116,0.2,1,0.7804563979805983,0.2,1,0.677452135284019,0.4,2,0.8189375562900091,0.2,1,0.7731279065810972,0.4,2
COVER__TEST__6511.pgm,6511.pgm,COVER,0,MULTI_CANDIDATE,HILL,MiPOD,HILL,MiPOD,S-UNIWARD,HUGO,WOW,,"HILL,MiPOD,S-UNIWARD",3,0,1.0,1.0,0.0,0.8269554352093305,0.8,4,0.9112792779578485,0.8,4,1.0,1.0,5,0.8354144993315735,0.8,4,1.0,1.0,5
COVER__TEST__9896.pgm,9896.pgm,COVER,0,UNKNOWN_OR_COVER,UNKNOWN,,HUGO,S-UNIWARD,MiPOD,HILL,WOW,,,0,0,0.8149679013024519,0.776260066291963,0.03870783501048891,0.4387390390086627,0.2,1,0.776260066291963,0.2,1,0.6744571990305467,0.2,1,0.8149679013024519,0.0,0,0.7698695608789254,0.2,1
COVER__TEST__3930.pgm,3930.pgm,COVER,0,MULTI_CANDIDATE,S-UNIWARD,HILL,S-UNIWARD,HILL,MiPOD,WOW,HUGO,,"S-UNIWARD,HILL,MiPOD,WOW,HUGO",5,0,1.0,1.0,0.0,0.9988079738107997,0.8,4,1.0,1.0,5,1.0,1.0,5,0.9784412268858043,0.8,4,1.0,1.0,5
COVER__TEST__9872.pgm,9872.pgm,COVER,0,UNKNOWN_OR_COVER,UNKNOWN,,HUGO,S-UNIWARD,MiPOD,HILL,WOW,,,0,0,0.8150008862824538,0.7796163838136069,0.035384502468846946,0.43883137615213386,0.2,1,0.7796163838136069,0.2,1,0.6745535156173469,0.4,2,0.8150008862824538,0.2,1,0.7699137759706713,0.4,2
COVER__TEST__5399.pgm,5399.pgm,COVER,0,UNKNOWN_OR_COVER,UNKNOWN,,HUGO,S-UNIWARD,MiPOD,HILL,WOW,,,0,0,0.8201359315721588,0.777880795693606,0.042255135878552785,0.4402429094849592,0.0,0,0.777880795693606,0.0,0,0.6781247172782455,0.0,0,0.8201359315721588,0.2,1,0.773853099233374,0.0,0
COVER__TEST__2567.pgm,2567.pgm,COVER,0,UNKNOWN_OR_COVER,UNKNOWN,,HUGO,S-UNIWARD,MiPOD,HILL,WOW,,,0,0,0.8249734579763455,0.7881723840756789,0.03680107390066656,0.4527015965110218,0.2,1,0.7881723840756789,0.2,1,0.6810062018957143,0.6,3,0.8249734579763455,0.6,3,0.7794738395145343,0.6,3
COVER__TEST__8484.pgm,8484.pgm,COVER,0,UNKNOWN_OR_COVER,UNKNOWN,,HUGO,MiPOD,S-UNIWARD,HILL,WOW,,,0,0,0.8295361898652374,0.8090310999814401,0.02050508988379729,0.4792429658266304,0.2,1,0.7981659221936848,0.6,3,0.6889115842926329,0.6,3,0.8295361898652374,0.6,3,0.8090310999814401,0.6,3
COVER__TEST__3632.pgm,3632.pgm,COVER,0,UNKNOWN_OR_COVER,UNKNOWN,,HUGO,S-UNIWARD,MiPOD,HILL,WOW,,,0,0,0.8167492348846771,0.7775670835330435,0.03918215135163361,0.44021339363991585,0.2,1,0.7775670835330435,0.2,1,0.6778049235801071,0.4,2,0.8167492348846771,0.2,1,0.7732493844213952,0.4,2
COVER__TEST__838.pgm,838.pgm,COVER,0,MULTI_CANDIDATE,HUGO,MiPOD,HUGO,MiPOD,HILL,S-UNIWARD,WOW,,"HUGO,MiPOD,HILL,S-UNIWARD",4,0,1.0,1.0,0.0,0.8407373593228472,0.8,4,0.9078555713529066,0.8,4,0.9150491701990104,0.8,4,1.0,1.0,5,1.0,1.0,5
COVER__TEST__4882.pgm,4882.pgm,COVER,0,UNKNOWN_OR_COVER,UNKNOWN,,HUGO,S-UNIWARD,MiPOD,HILL,WOW,,,0,0,0.8174404918983036,0.7796611227977217,0.03777936910058188,0.43926935219657776,0.0,0,0.7796611227977217,0.0,0,0.6759675213084831,0.2,1,0.8174404918983036,0.2,1,0.7710760659353426,0.2,1
COVER__TEST__1045.pgm,1045.pgm,COVER,0,UNKNOWN_OR_COVER,UNKNOWN,,HUGO,S-UNIWARD,MiPOD,HILL,WOW,,,0,0,0.8174673858595922,0.7746443924902906,0.04282299336930162,0.4427756347037274,0.2,1,0.7746443924902906,0.2,1,0.6772717905985971,0.4,2,0.8174673858595922,0.2,1,0.7727059544625912,0.4,2
COVER__TEST__7689.pgm,7689.pgm,COVER,0,MULTI_CANDIDATE,S-UNIWARD,HILL,S-UNIWARD,HILL,HUGO,MiPOD,WOW,,"S-UNIWARD,HILL,HUGO,MiPOD,WOW",5,0,1.0,1.0,0.0,0.924359425375662,0.8,4,1.0,1.0,5,1.0,1.0,5,1.0,1.0,5,1.0,1.0,5
COVER__TEST__333.pgm,333.pgm,COVER,0,MULTI_CANDIDATE,MiPOD,HILL,MiPOD,HILL,S-UNIWARD,HUGO,WOW,,"MiPOD,HILL,S-UNIWARD",3,0,1.0,0.9838094046632768,0.01619059533672318,0.8789258238867206,0.8,4,0.9712085426699009,0.8,4,0.9838094046632768,0.8,4,0.8871163503947394,0.8,4,1.0,1.0,5
COVER__TEST__7409.pgm,7409.pgm,COVER,0,SINGLE_CANDIDATE,HUGO,S-UNIWARD,HUGO,S-UNIWARD,MiPOD,HILL,WOW,,HUGO,1,0,0.9560620208487661,0.8921779751214892,0.0638840457272769,0.5558532222002946,0.4,2,0.8921779751214892,0.4,2,0.6770902993683615,0.6,3,0.9560620208487661,0.4,2,0.7705894343282049,0.6,3
COVER__TEST__5325.pgm,5325.pgm,COVER,0,UNKNOWN_OR_COVER,UNKNOWN,,HUGO,S-UNIWARD,MiPOD,HILL,WOW,,,0,0,0.8330989289380687,0.8231989852980399,0.009899943640028774,0.5292081315388147,0.2,1,0.8231989852980399,0.4,2,0.6892658541484342,0.6,3,0.8330989289380687,0.6,3,0.8050957452898497,0.6,3
COVER__TEST__2642.pgm,2642.pgm,COVER,0,UNKNOWN_OR_COVER,UNKNOWN,,HUGO,S-UNIWARD,MiPOD,HILL,WOW,,,0,0,0.8188884944186556,0.7804098322175824,0.03847866220107321,0.4412752110271979,0.2,1,0.7804098322175824,0.4,2,0.6785659809018885,0.4,2,0.8188884944186556,0.2,1,0.7744437892996343,0.4,2
COVER__TEST__6013.pgm,6013.pgm,COVER,0,UNKNOWN_OR_COVER,UNKNOWN,,HUGO,S-UNIWARD,MiPOD,HILL,WOW,,,0,0,0.8244579803466017,0.786487474371831,0.037970505974770696,0.44934715729780167,0.2,1,0.786487474371831,0.2,1,0.6804786724648209,0.4,2,0.8244579803466017,0.4,2,0.780108004343729,0.4,2
COVER__TEST__4932.pgm,4932.pgm,COVER,0,MULTI_CANDIDATE,WOW,S-UNIWARD,WOW,S-UNIWARD,MiPOD,HILL,HUGO,,"WOW,S-UNIWARD,MiPOD,HILL,HUGO",5,0,1.0,1.0,0.0,1.0,1.0,5,1.0,1.0,5,0.9940379465957543,0.8,4,0.9459595264139942,0.8,4,1.0,1.0,5
COVER__TEST__8916.pgm,8916.pgm,COVER,0,MULTI_CANDIDATE,WOW,S-UNIWARD,WOW,S-UNIWARD,HILL,HUGO,MiPOD,,"WOW,S-UNIWARD,HILL,HUGO,MiPOD",5,0,1.0,1.0,0.0,1.0,1.0,5,1.0,1.0,5,1.0,1.0,5,1.0,1.0,5,1.0,1.0,5
COVER__TEST__2687.pgm,2687.pgm,COVER,0,UNKNOWN_OR_COVER,UNKNOWN,,HUGO,S-UNIWARD,MiPOD,HILL,WOW,,,0,0,0.8148679899210531,0.7744082697632149,0.040459720157838275,0.43921466892656513,0.2,1,0.7744082697632149,0.2,1,0.6756492023035583,0.2,1,0.8148679899210531,0.0,0,0.7704063649915188,0.2,1
COVER__TEST__1167.pgm,1167.pgm,COVER,0,MULTI_CANDIDATE,MiPOD,HILL,MiPOD,HILL,S-UNIWARD,HUGO,WOW,,"MiPOD,HILL,S-UNIWARD,HUGO",4,0,1.0,0.9983435725202229,0.0016564274797771228,0.8748658669937956,0.8,4,0.9913608581070108,0.8,4,0.9983435725202229,0.8,4,0.974879132609215,0.8,4,1.0,1.0,5
COVER__TEST__9156.pgm,9156.pgm,COVER,0,UNKNOWN_OR_COVER,UNKNOWN,,HUGO,S-UNIWARD,MiPOD,HILL,WOW,,,0,0,0.8136214519388847,0.7745828374889119,0.03903861444997281,0.43866966406643104,0.2,1,0.7745828374889119,0.2,1,0.6735477760125365,0.2,1,0.8136214519388847,0.0,0,0.7691095526352487,0.2,1
COVER__TEST__4705.pgm,4705.pgm,COVER,0,UNKNOWN_OR_COVER,UNKNOWN,,HUGO,S-UNIWARD,MiPOD,HILL,WOW,,,0,0,0.8348194184607429,0.8332428094724523,0.0015766089882905954,0.47935037215394083,0.2,1,0.8332428094724523,0.4,2,0.7126239300178974,0.6,3,0.8348194184607429,0.8,4,0.8091216820639275,0.6,3
COVER__TEST__8800.pgm,8800.pgm,COVER,0,UNKNOWN_OR_COVER,UNKNOWN,,HUGO,S-UNIWARD,MiPOD,HILL,WOW,,,0,0,0.8289779752367487,0.7919249477271965,0.037053027509552194,0.4437580174978997,0.2,1,0.7919249477271965,0.4,2,0.6797861768544947,0.4,2,0.8289779752367487,0.4,2,0.7777597317629702,0.4,2
COVER__TEST__790.pgm,790.pgm,COVER,0,MULTI_CANDIDATE,S-UNIWARD,HILL,S-UNIWARD,HILL,MiPOD,WOW,HUGO,,"S-UNIWARD,HILL,MiPOD",3,0,1.0,1.0,0.0,0.8421970278001767,0.8,4,1.0,1.0,5,1.0,1.0,5,0.8342803668055252,0.8,4,1.0,1.0,5
COVER__TEST__9786.pgm,9786.pgm,COVER,0,UNKNOWN_OR_COVER,UNKNOWN,,HUGO,S-UNIWARD,MiPOD,HILL,WOW,,,0,0,0.8132725382005381,0.7738240133958328,0.03944852480470529,0.4386252910185169,0.2,1,0.7738240133958328,0.2,1,0.6746948005780211,0.2,1,0.8132725382005381,0.0,0,0.7698909175851145,0.2,1
COVER__TEST__6625.pgm,6625.pgm,COVER,0,MULTI_CANDIDATE,WOW,HILL,WOW,HILL,HUGO,MiPOD,S-UNIWARD,,"WOW,HILL,HUGO,MiPOD,S-UNIWARD",5,0,1.0,1.0,0.0,1.0,1.0,5,0.9299777146803088,0.8,4,1.0,1.0,5,1.0,1.0,5,1.0,1.0,5
COVER__TEST__6672.pgm,6672.pgm,COVER,0,UNKNOWN_OR_COVER,UNKNOWN,,HUGO,S-UNIWARD,MiPOD,HILL,WOW,,,0,0,0.8165217447872835,0.7771426764042539,0.039379068383029514,0.43925283189956604,0.2,1,0.7771426764042539,0.2,1,0.6742350658415937,0.2,1,0.8165217447872835,0.0,0,0.7701090320109215,0.2,1
COVER__TEST__1934.pgm,1934.pgm,COVER,0,MULTI_CANDIDATE,S-UNIWARD,MiPOD,S-UNIWARD,MiPOD,HUGO,HILL,WOW,,"S-UNIWARD,MiPOD",2,0,0.9975615667182746,0.9861871073046201,0.011374459413654447,0.7176767501985406,0.6,3,0.9975615667182746,0.8,4,0.8496964874137806,0.6,3,0.855578949536328,0.8,4,0.9861871073046201,0.6,3
COVER__TEST__9793.pgm,9793.pgm,COVER,0,SINGLE_CANDIDATE,MiPOD,HILL,MiPOD,HILL,S-UNIWARD,HUGO,WOW,,MiPOD,1,0,0.9975412705554019,0.885090123344843,0.11245114721055882,0.6902928162854415,0.4,2,0.8367632506265157,0.6,3,0.885090123344843,0.6,3,0.831730720301168,0.6,3,0.9975412705554019,0.8,4
COVER__TEST__7222.pgm,7222.pgm,COVER,0,UNKNOWN_OR_COVER,UNKNOWN,,HUGO,S-UNIWARD,MiPOD,HILL,WOW,,,0,0,0.8214418102851486,0.7817453726885188,0.039696437596629774,0.44105131552033605,0.2,1,0.7817453726885188,0.2,1,0.6785017054877795,0.4,2,0.8214418102851486,0.2,1,0.7735831166357533,0.4,2
COVER__TEST__3357.pgm,3357.pgm,COVER,0,SINGLE_CANDIDATE,MiPOD,HUGO,MiPOD,HUGO,S-UNIWARD,HILL,WOW,,MiPOD,1,0,0.9103155299041978,0.8524454881554121,0.05787004174878574,0.559329979281684,0.2,1,0.8398841272059379,0.8,4,0.7783340298455257,0.6,3,0.8524454881554121,0.8,4,0.9103155299041978,0.8,4
COVER__TEST__3251.pgm,3251.pgm,COVER,0,MULTI_CANDIDATE,WOW,S-UNIWARD,WOW,S-UNIWARD,HILL,HUGO,MiPOD,,"WOW,S-UNIWARD,HILL,HUGO,MiPOD",5,0,1.0,1.0,0.0,1.0,1.0,5,1.0,1.0,5,1.0,1.0,5,1.0,1.0,5,1.0,1.0,5
COVER__TEST__2614.pgm,2614.pgm,COVER,0,UNKNOWN_OR_COVER,UNKNOWN,,MiPOD,HUGO,S-UNIWARD,HILL,WOW,,,0,0,0.837467087338454,0.8177875282030804,0.01967955913537356,0.49783909116909814,0.2,1,0.7920650662256717,0.6,3,0.7003309439114619,0.6,3,0.8177875282030804,0.6,3,0.837467087338454,0.8,4
COVER__TEST__1692.pgm,1692.pgm,COVER,0,UNKNOWN_OR_COVER,UNKNOWN,,HUGO,S-UNIWARD,MiPOD,HILL,WOW,,,0,0,0.8154116200972161,0.7767328026612083,0.03867881743600787,0.43905402889933176,0.0,0,0.7767328026612083,0.0,0,0.6762027877974142,0.4,2,0.8154116200972161,0.2,1,0.7714024982773899,0.2,1
COVER__TEST__2338.pgm,2338.pgm,COVER,0,UNKNOWN_OR_COVER,UNKNOWN,,HUGO,S-UNIWARD,MiPOD,HILL,WOW,,,0,0,0.8110655728635301,0.7722527105871712,0.03881286227635894,0.4364451702027953,0.0,0,0.7722527105871712,0.0,0,0.6730644152446612,0.0,0,0.8110655728635301,0.2,1,0.7667759117227135,0.0,0
COVER__TEST__8275.pgm,8275.pgm,COVER,0,UNKNOWN_OR_COVER,UNKNOWN,,HUGO,S-UNIWARD,MiPOD,HILL,WOW,,,0,0,0.8112676789719007,0.7740288188668899,0.03723886010501076,0.43753998399182653,0.2,1,0.7740288188668899,0.2,1,0.6718171268015193,0.2,1,0.8112676789719007,0.0,0,0.7673916970658452,0.2,1
COVER__TEST__8511.pgm,8511.pgm,COVER,0,MULTI_CANDIDATE,HUGO,S-UNIWARD,HUGO,S-UNIWARD,MiPOD,HILL,WOW,,"HUGO,S-UNIWARD,MiPOD",3,0,0.9982366061790223,0.9898402096086073,0.008396396570415021,0.6998446414614868,0.6,3,0.9898402096086073,0.8,4,0.8368009224127657,0.8,4,0.9982366061790223,0.8,4,0.9378073003271254,0.8,4
COVER__TEST__3037.pgm,3037.pgm,COVER,0,MULTI_CANDIDATE,WOW,S-UNIWARD,WOW,S-UNIWARD,HILL,HUGO,MiPOD,,"WOW,S-UNIWARD,HILL,HUGO,MiPOD",5,0,1.0,1.0,0.0,1.0,1.0,5,1.0,1.0,5,1.0,1.0,5,1.0,1.0,5,1.0,1.0,5
COVER__TEST__4231.pgm,4231.pgm,COVER,0,MULTI_CANDIDATE,S-UNIWARD,HILL,S-UNIWARD,HILL,HUGO,MiPOD,WOW,,"S-UNIWARD,HILL,HUGO,MiPOD,WOW",5,0,1.0,1.0,0.0,0.9997765436766123,0.8,4,1.0,1.0,5,1.0,1.0,5,1.0,1.0,5,1.0,1.0,5
COVER__TEST__6335.pgm,6335.pgm,COVER,0,MULTI_CANDIDATE,WOW,S-UNIWARD,WOW,S-UNIWARD,HUGO,MiPOD,HILL,,"WOW,S-UNIWARD,HUGO,MiPOD,HILL",5,0,1.0,1.0,0.0,1.0,1.0,5,1.0,1.0,5,0.9927120735657858,0.8,4,1.0,1.0,5,1.0,1.0,5
COVER__TEST__6888.pgm,6888.pgm,COVER,0,MULTI_CANDIDATE,HILL,MiPOD,HILL,MiPOD,HUGO,S-UNIWARD,WOW,,"HILL,MiPOD",2,0,1.0,1.0,0.0,0.73521830863771,0.6,3,0.8371609823567624,0.6,3,1.0,1.0,5,0.8615307095285832,0.8,4,1.0,1.0,5
COVER__TEST__9602.pgm,9602.pgm,COVER,0,UNKNOWN_OR_COVER,UNKNOWN,,HUGO,S-UNIWARD,MiPOD,HILL,WOW,,,0,0,0.8325820867726694,0.801469755346511,0.031112331426158435,0.4473142132148865,0.0,0,0.801469755346511,0.2,1,0.6845292652049763,0.4,2,0.8325820867726694,0.4,2,0.7801135906414991,0.2,1
COVER__TEST__7315.pgm,7315.pgm,COVER,0,UNKNOWN_OR_COVER,UNKNOWN,,HUGO,S-UNIWARD,MiPOD,HILL,WOW,,,0,0,0.8203931709444653,0.7794687210928466,0.040924449851618694,0.4412660581202924,0.2,1,0.7794687210928466,0.2,1,0.6792056029361876,0.4,2,0.8203931709444653,0.2,1,0.7750199986166637,0.4,2
COVER__TEST__9618.pgm,9618.pgm,COVER,0,MULTI_CANDIDATE,HILL,MiPOD,HILL,MiPOD,S-UNIWARD,HUGO,WOW,,"HILL,MiPOD",2,0,1.0,0.9999564516290473,4.354837095266184e-05,0.7378078490499229,0.6,3,0.8384983955737436,0.6,3,1.0,1.0,5,0.8338122366606541,0.8,4,0.9999564516290473,0.8,4
COVER__TEST__4872.pgm,4872.pgm,COVER,0,UNKNOWN_OR_COVER,UNKNOWN,,MiPOD,HUGO,S-UNIWARD,HILL,WOW,,,0,0,0.8265750372354423,0.8067410300728394,0.019834007162602973,0.7087052797570506,0.4,2,0.7846773176701689,0.6,3,0.7233375005589434,0.4,2,0.8067410300728394,0.4,2,0.8265750372354423,0.6,3
COVER__TEST__8946.pgm,8946.pgm,COVER,0,MULTI_CANDIDATE,HUGO,S-UNIWARD,HUGO,S-UNIWARD,MiPOD,WOW,HILL,,"HUGO,S-UNIWARD",2,0,0.9819377596907273,0.9472770908080246,0.034660668882702694,0.7867365481166856,0.4,2,0.9472770908080246,0.8,4,0.7456636260012369,0.6,3,0.9819377596907273,0.8,4,0.8373072805722872,0.8,4
COVER__TEST__9276.pgm,9276.pgm,COVER,0,UNKNOWN_OR_COVER,UNKNOWN,,HUGO,S-UNIWARD,MiPOD,HILL,WOW,,,0,0,0.8169273850189042,0.7770859216347985,0.03984146338410566,0.4400401555008283,0.2,1,0.7770859216347985,0.2,1,0.6774498140946255,0.4,2,0.8169273850189042,0.2,1,0.7731969355543188,0.4,2
COVER__TEST__4634.pgm,4634.pgm,COVER,0,MULTI_CANDIDATE,WOW,S-UNIWARD,WOW,S-UNIWARD,HILL,HUGO,MiPOD,,"WOW,S-UNIWARD,HILL,HUGO,MiPOD",5,0,1.0,1.0,0.0,1.0,1.0,5,1.0,1.0,5,1.0,1.0,5,1.0,1.0,5,1.0,1.0,5
COVER__TEST__3056.pgm,3056.pgm,COVER,0,MULTI_CANDIDATE,WOW,S-UNIWARD,WOW,S-UNIWARD,HILL,HUGO,MiPOD,,"WOW,S-UNIWARD,HILL,HUGO,MiPOD",5,0,1.0,1.0,0.0,1.0,1.0,5,1.0,1.0,5,1.0,1.0,5,1.0,1.0,5,1.0,1.0,5
COVER__TEST__4903.pgm,4903.pgm,COVER,0,UNKNOWN_OR_COVER,UNKNOWN,,HUGO,S-UNIWARD,MiPOD,HILL,WOW,,,0,0,0.8148138903640447,0.7755786202721953,0.03923527009184946,0.4389437651744654,0.0,0,0.7755786202721953,0.0,0,0.6755034583491084,0.2,1,0.8148138903640447,0.2,1,0.7708740274743577,0.0,0
COVER__TEST__3103.pgm,3103.pgm,COVER,0,MULTI_CANDIDATE,S-UNIWARD,HILL,S-UNIWARD,HILL,MiPOD,WOW,HUGO,,"S-UNIWARD,HILL,MiPOD,WOW",4,0,1.0,1.0,0.0,0.9217947494126777,0.8,4,1.0,1.0,5,1.0,1.0,5,0.8354873993277119,0.8,4,1.0,1.0,5
COVER__TEST__7764.pgm,7764.pgm,COVER,0,UNKNOWN_OR_COVER,UNKNOWN,,HUGO,S-UNIWARD,MiPOD,HILL,WOW,,,0,0,0.8156416454818542,0.7790985047529394,0.03654314072891485,0.4390178390266003,0.2,1,0.7790985047529394,0.2,1,0.6749463306502876,0.4,2,0.8156416454818542,0.2,1,0.7705660506198444,0.4,2
COVER__TEST__6832.pgm,6832.pgm,COVER,0,UNKNOWN_OR_COVER,UNKNOWN,,HUGO,S-UNIWARD,MiPOD,HILL,WOW,,,0,0,0.8162014091707276,0.7758149064583684,0.04038650271235922,0.43982167368576963,0.2,1,0.7758149064583684,0.2,1,0.6767468469149143,0.2,1,0.8162014091707276,0.0,0,0.7723079990816906,0.2,1
COVER__TEST__836.pgm,836.pgm,COVER,0,MULTI_CANDIDATE,WOW,S-UNIWARD,WOW,S-UNIWARD,MiPOD,HILL,HUGO,,"WOW,S-UNIWARD,MiPOD,HILL,HUGO",5,0,1.0,1.0,0.0,1.0,1.0,5,1.0,1.0,5,0.9984106172100686,0.8,4,0.9421640582309468,0.8,4,1.0,1.0,5
COVER__TEST__4132.pgm,4132.pgm,COVER,0,MULTI_CANDIDATE,S-UNIWARD,HILL,S-UNIWARD,HILL,HUGO,MiPOD,WOW,,"S-UNIWARD,HILL,HUGO,MiPOD,WOW",5,0,1.0,1.0,0.0,0.9819390065712735,0.8,4,1.0,1.0,5,1.0,1.0,5,1.0,1.0,5,0.9961381022939644,0.8,4
COVER__TEST__5638.pgm,5638.pgm,COVER,0,UNKNOWN_OR_COVER,UNKNOWN,,HUGO,S-UNIWARD,MiPOD,HILL,WOW,,,0,0,0.8152793856161002,0.7792070064416113,0.03607237917448891,0.4433804408797236,0.2,1,0.7792070064416113,0.4,2,0.6754965313102301,0.4,2,0.8152793856161002,0.2,1,0.771175006646388,0.4,2
COVER__TEST__9361.pgm,9361.pgm,COVER,0,UNKNOWN_OR_COVER,UNKNOWN,,HUGO,S-UNIWARD,MiPOD,HILL,WOW,,,0,0,0.8148369670497131,0.7758159541324681,0.039021012917245024,0.4387569659492668,0.2,1,0.7758159541324681,0.2,1,0.6750394756738581,0.2,1,0.8148369670497131,0.2,1,0.7701837659527189,0.2,1
COVER__TEST__4108.pgm,4108.pgm,COVER,0,MULTI_CANDIDATE,WOW,S-UNIWARD,WOW,S-UNIWARD,HILL,HUGO,MiPOD,,"WOW,S-UNIWARD,HILL,HUGO,MiPOD",5,0,1.0,1.0,0.0,1.0,1.0,5,1.0,1.0,5,1.0,1.0,5,1.0,1.0,5,1.0,1.0,5
COVER__TEST__1974.pgm,1974.pgm,COVER,0,UNKNOWN_OR_COVER,UNKNOWN,,MiPOD,S-UNIWARD,HUGO,HILL,WOW,,,0,0,0.8592534697634949,0.8372785627525235,0.02197490701097138,0.5992270062051757,0.4,2,0.8372785627525235,0.6,3,0.7878773032073053,0.4,2,0.8308354220225119,0.6,3,0.8592534697634949,0.6,3
COVER__TEST__4946.pgm,4946.pgm,COVER,0,MULTI_CANDIDATE,HUGO,S-UNIWARD,HUGO,S-UNIWARD,MiPOD,HILL,WOW,,"HUGO,S-UNIWARD",2,0,0.9737243747632871,0.9309437890670301,0.04278058569625698,0.6035563150758638,0.4,2,0.9309437890670301,0.6,3,0.6771042244561027,0.6,3,0.9737243747632871,0.6,3,0.7706416438362201,0.6,3
COVER__TEST__6913.pgm,6913.pgm,COVER,0,UNKNOWN_OR_COVER,UNKNOWN,,S-UNIWARD,HUGO,MiPOD,HILL,WOW,,,0,0,0.8517318696893257,0.833607027940699,0.01812484174862672,0.5432023161206476,0.4,2,0.8517318696893257,0.2,1,0.6863410512169047,0.4,2,0.833607027940699,0.4,2,0.7830855325550296,0.4,2
COVER__TEST__565.pgm,565.pgm,COVER,0,MULTI_CANDIDATE,HILL,MiPOD,HILL,MiPOD,S-UNIWARD,HUGO,WOW,,"HILL,MiPOD",2,0,1.0,1.0,0.0,0.8350815000663246,0.8,4,0.8747592276546614,0.8,4,1.0,1.0,5,0.8542248559310067,0.8,4,1.0,1.0,5
COVER__TEST__1470.pgm,1470.pgm,COVER,0,MULTI_CANDIDATE,S-UNIWARD,HILL,S-UNIWARD,HILL,MiPOD,HUGO,WOW,,"S-UNIWARD,HILL,MiPOD",3,0,1.0,1.0,0.0,0.8315578534522052,0.8,4,1.0,1.0,5,1.0,1.0,5,0.8340399347071983,0.8,4,1.0,1.0,5
COVER__TEST__4375.pgm,4375.pgm,COVER,0,UNKNOWN_OR_COVER,UNKNOWN,,HILL,MiPOD,HUGO,S-UNIWARD,WOW,,,0,0,0.8465300857247307,0.84057567256918,0.005954413155550675,0.5782349248805855,0.4,2,0.8074200419560036,0.6,3,0.8465300857247307,0.6,3,0.837609639251163,0.6,3,0.84057567256918,0.6,3
COVER__TEST__1822.pgm,1822.pgm,COVER,0,SINGLE_CANDIDATE,MiPOD,S-UNIWARD,MiPOD,S-UNIWARD,HILL,HUGO,WOW,,MiPOD,1,0,0.9534928238467693,0.8411775207213512,0.11231530312541804,0.6177749100862538,0.2,1,0.8411775207213512,0.6,3,0.8354323041799366,0.6,3,0.8347650693017726,0.8,4,0.9534928238467693,0.6,3
COVER__TEST__5780.pgm,5780.pgm,COVER,0,UNKNOWN_OR_COVER,UNKNOWN,,HUGO,S-UNIWARD,MiPOD,HILL,WOW,,,0,0,0.8167987453991001,0.7782760142474388,0.03852273115166138,0.4398373676530909,0.2,1,0.7782760142474388,0.2,1,0.6766779708502974,0.4,2,0.8167987453991001,0.2,1,0.7725356613264499,0.4,2
COVER__TEST__4236.pgm,4236.pgm,COVER,0,MULTI_CANDIDATE,HILL,S-UNIWARD,HILL,S-UNIWARD,WOW,HUGO,MiPOD,,"HILL,S-UNIWARD,WOW,HUGO,MiPOD",5,0,1.0,0.9983251005797372,0.0016748994202627765,0.9937267500469729,0.8,4,0.9983251005797372,0.8,4,1.0,1.0,5,0.9897292555954225,0.8,4,0.9803570571187707,0.8,4
COVER__TEST__9210.pgm,9210.pgm,COVER,0,UNKNOWN_OR_COVER,UNKNOWN,,HILL,MiPOD,HUGO,S-UNIWARD,WOW,,,0,0,0.8382761904188915,0.8336912189128893,0.004584971506002122,0.5880853526441905,0.2,1,0.7884248158427308,0.4,2,0.8382761904188915,0.6,3,0.8151244702627027,0.6,3,0.8336912189128893,0.6,3
COVER__TEST__4979.pgm,4979.pgm,COVER,0,UNKNOWN_OR_COVER,UNKNOWN,,S-UNIWARD,MiPOD,HUGO,HILL,WOW,,,0,0,0.8373487541519576,0.8338995748855156,0.0034491792664420595,0.49183289924368817,0.2,1,0.8373487541519576,0.8,4,0.7243466678676493,0.4,2,0.8302246824079983,0.6,3,0.8338995748855156,0.4,2
COVER__TEST__6593.pgm,6593.pgm,COVER,0,UNKNOWN_OR_COVER,UNKNOWN,,HUGO,S-UNIWARD,MiPOD,HILL,WOW,,,0,0,0.8245546999510331,0.7872025236492849,0.03735217630174825,0.4413713620329527,0.2,1,0.7872025236492849,0.2,1,0.6747579795379254,0.2,1,0.8245546999510331,0.2,1,0.7699632428247405,0.2,1
COVER__TEST__7814.pgm,7814.pgm,COVER,0,UNKNOWN_OR_COVER,UNKNOWN,,HUGO,S-UNIWARD,MiPOD,HILL,WOW,,,0,0,0.8115331314922546,0.7746911637459345,0.03684196774632009,0.43737941031478683,0.2,1,0.7746911637459345,0.2,1,0.6709538995884439,0.2,1,0.8115331314922546,0.0,0,0.7667567953470863,0.2,1
COVER__TEST__3407.pgm,3407.pgm,COVER,0,SINGLE_CANDIDATE,MiPOD,S-UNIWARD,MiPOD,S-UNIWARD,HUGO,HILL,WOW,,MiPOD,1,0,0.9304396226071667,0.8392164519205352,0.09122317068663155,0.6061153967487789,0.2,1,0.8392164519205352,0.8,4,0.8152771801374172,0.6,3,0.8340494997576979,0.8,4,0.9304396226071667,0.8,4
COVER__TEST__4607.pgm,4607.pgm,COVER,0,MULTI_CANDIDATE,MiPOD,WOW,MiPOD,WOW,HILL,S-UNIWARD,HUGO,,"MiPOD,WOW",2,0,0.9962731514170334,0.963487624611839,0.03278552680519442,0.963487624611839,0.6,3,0.8651157388323576,0.8,4,0.899157562690162,0.8,4,0.8437568911069953,0.8,4,0.9962731514170334,0.8,4
COVER__TEST__8875.pgm,8875.pgm,COVER,0,MULTI_CANDIDATE,WOW,HILL,WOW,HILL,MiPOD,HUGO,S-UNIWARD,,"WOW,HILL,MiPOD,HUGO,S-UNIWARD",5,0,1.0,1.0,0.0,1.0,1.0,5,0.9889988542581388,0.8,4,1.0,1.0,5,0.9897292555954225,0.8,4,1.0,1.0,5
COVER__TEST__3520.pgm,3520.pgm,COVER,0,UNKNOWN_OR_COVER,UNKNOWN,,HUGO,S-UNIWARD,MiPOD,HILL,WOW,,,0,0,0.8211874246398014,0.7816869382256094,0.039500486414192015,0.44329725686143684,0.2,1,0.7816869382256094,0.4,2,0.6799045545645686,0.6,3,0.8211874246398014,0.6,3,0.7776637478772159,0.6,3
COVER__TEST__205.pgm,205.pgm,COVER,0,MULTI_CANDIDATE,WOW,S-UNIWARD,WOW,S-UNIWARD,HILL,HUGO,MiPOD,,"WOW,S-UNIWARD,HILL,HUGO,MiPOD",5,0,1.0,1.0,0.0,1.0,1.0,5,1.0,1.0,5,1.0,1.0,5,1.0,1.0,5,1.0,1.0,5
COVER__TEST__4935.pgm,4935.pgm,COVER,0,SINGLE_CANDIDATE,HUGO,S-UNIWARD,HUGO,S-UNIWARD,MiPOD,HILL,WOW,,HUGO,1,0,0.9819155719996221,0.8028012679230052,0.17911430407661688,0.49839702980049283,0.2,1,0.8028012679230052,0.4,2,0.679836660825663,0.6,3,0.9819155719996221,0.8,4,0.7808737136710908,0.6,3
COVER__TEST__4087.pgm,4087.pgm,COVER,0,MULTI_CANDIDATE,WOW,S-UNIWARD,WOW,S-UNIWARD,HILL,HUGO,MiPOD,,"WOW,S-UNIWARD,HILL,HUGO,MiPOD",5,0,1.0,1.0,0.0,1.0,1.0,5,1.0,1.0,5,1.0,1.0,5,1.0,1.0,5,1.0,1.0,5
COVER__TEST__6236.pgm,6236.pgm,COVER,0,UNKNOWN_OR_COVER,UNKNOWN,,S-UNIWARD,HUGO,MiPOD,HILL,WOW,,,0,0,0.8098211413123616,0.8066790920519168,0.0031420492604448125,0.5336632173643605,0.2,1,0.8098211413123616,0.2,1,0.6728033814867423,0.4,2,0.8066790920519168,0.4,2,0.7659139978538333,0.4,2
COVER__TEST__6457.pgm,6457.pgm,COVER,0,MULTI_CANDIDATE,HILL,MiPOD,HILL,MiPOD,S-UNIWARD,HUGO,WOW,,"HILL,MiPOD",2,0,0.9957057975117596,0.994602089791617,0.001103707720142566,0.730094313955112,0.6,3,0.8353572204669538,0.6,3,0.9957057975117596,0.8,4,0.8305511411703762,0.6,3,0.994602089791617,0.8,4
COVER__TEST__3396.pgm,3396.pgm,COVER,0,MULTI_CANDIDATE,HILL,HUGO,HILL,HUGO,MiPOD,S-UNIWARD,WOW,,"HILL,HUGO,MiPOD",3,0,1.0,1.0,0.0,0.8317524881270373,0.8,4,0.8844120819681034,0.8,4,1.0,1.0,5,1.0,1.0,5,1.0,1.0,5
COVER__TEST__6378.pgm,6378.pgm,COVER,0,SINGLE_CANDIDATE,MiPOD,HUGO,MiPOD,HUGO,HILL,S-UNIWARD,WOW,,MiPOD,1,0,0.9746734096267383,0.8650703667493292,0.10960304287740907,0.6514926232621605,0.2,1,0.8468887929996274,0.8,4,0.8516661868788173,0.6,3,0.8650703667493292,0.8,4,0.9746734096267383,0.8,4
COVER__TEST__7684.pgm,7684.pgm,COVER,0,UNKNOWN_OR_COVER,UNKNOWN,,HUGO,S-UNIWARD,MiPOD,HILL,WOW,,,0,0,0.8106689511070009,0.7735828591135574,0.03708609199344348,0.43680720276317564,0.0,0,0.7735828591135574,0.0,0,0.6724648019769819,0.0,0,0.8106689511070009,0.2,1,0.7671823305307065,0.0,0
COVER__TEST__5097.pgm,5097.pgm,COVER,0,UNKNOWN_OR_COVER,UNKNOWN,,HUGO,S-UNIWARD,MiPOD,HILL,WOW,,,0,0,0.8155582117546768,0.7764006388431739,0.0391575729115029,0.43902703859653,0.2,1,0.7764006388431739,0.2,1,0.6745217856838763,0.2,1,0.8155582117546768,0.0,0,0.7699434696709782,0.2,1
COVER__TEST__6602.pgm,6602.pgm,COVER,0,MULTI_CANDIDATE,WOW,S-UNIWARD,WOW,S-UNIWARD,HILL,HUGO,MiPOD,,"WOW,S-UNIWARD,HILL,HUGO,MiPOD",5,0,1.0,1.0,0.0,1.0,1.0,5,1.0,1.0,5,1.0,1.0,5,1.0,1.0,5,1.0,1.0,5
COVER__TEST__2487.pgm,2487.pgm,COVER,0,UNKNOWN_OR_COVER,UNKNOWN,,HUGO,S-UNIWARD,MiPOD,HILL,WOW,,,0,0,0.8304476375642317,0.7930855070330723,0.03736213053115933,0.46453216484396676,0.2,1,0.7930855070330723,0.2,1,0.6819133663913222,0.4,2,0.8304476375642317,0.4,2,0.7779204254944411,0.4,2
COVER__TEST__4430.pgm,4430.pgm,COVER,0,UNKNOWN_OR_COVER,UNKNOWN,,HUGO,S-UNIWARD,MiPOD,HILL,WOW,,,0,0,0.8300379226095389,0.8014009102814971,0.028637012328041833,0.4478758686504044,0.2,1,0.8014009102814971,0.4,2,0.6823067146745982,0.4,2,0.8300379226095389,0.6,3,0.7849136554687145,0.4,2
COVER__TEST__2174.pgm,2174.pgm,COVER,0,UNKNOWN_OR_COVER,UNKNOWN,,HUGO,S-UNIWARD,MiPOD,HILL,WOW,,,0,0,0.8249536632059684,0.7990527107570953,0.025900952448873138,0.4831994764892917,0.2,1,0.7990527107570953,0.4,2,0.6808016515759961,0.6,3,0.8249536632059684,0.6,3,0.7786159284328567,0.6,3
COVER__TEST__5265.pgm,5265.pgm,COVER,0,MULTI_CANDIDATE,WOW,S-UNIWARD,WOW,S-UNIWARD,HILL,HUGO,MiPOD,,"WOW,S-UNIWARD,HILL,HUGO,MiPOD",5,0,1.0,1.0,0.0,1.0,1.0,5,1.0,1.0,5,1.0,1.0,5,1.0,1.0,5,1.0,1.0,5
COVER__TEST__4358.pgm,4358.pgm,COVER,0,UNKNOWN_OR_COVER,UNKNOWN,,HUGO,S-UNIWARD,MiPOD,HILL,WOW,,,0,0,0.8180749472334254,0.7809766337985202,0.03709831343490522,0.43964538091456573,0.0,0,0.7809766337985202,0.0,0,0.6760246131303266,0.2,1,0.8180749472334254,0.2,1,0.7720088941184204,0.2,1
COVER__TEST__1673.pgm,1673.pgm,COVER,0,UNKNOWN_OR_COVER,UNKNOWN,,MiPOD,HUGO,S-UNIWARD,HILL,WOW,,,0,0,0.8255661879409038,0.8058162155015631,0.019749972439340624,0.4878155601546606,0.2,1,0.7840254290606496,0.6,3,0.6871629600923377,0.4,2,0.8058162155015631,0.4,2,0.8255661879409038,0.6,3
COVER__TEST__2022.pgm,2022.pgm,COVER,0,UNKNOWN_OR_COVER,UNKNOWN,,HUGO,S-UNIWARD,MiPOD,HILL,WOW,,,0,0,0.8176162223641642,0.7822961836234238,0.03532003874074041,0.4397531421714051,0.0,0,0.7822961836234238,0.0,0,0.6749752099736973,0.2,1,0.8176162223641642,0.4,2,0.772226398752738,0.0,0
COVER__TEST__3833.pgm,3833.pgm,COVER,0,MULTI_CANDIDATE,S-UNIWARD,HILL,S-UNIWARD,HILL,HUGO,MiPOD,WOW,,"S-UNIWARD,HILL,HUGO,MiPOD,WOW",5,0,1.0,1.0,0.0,0.9992077291439152,0.8,4,1.0,1.0,5,1.0,1.0,5,1.0,1.0,5,1.0,1.0,5
COVER__TEST__9511.pgm,9511.pgm,COVER,0,UNKNOWN_OR_COVER,UNKNOWN,,HUGO,S-UNIWARD,MiPOD,HILL,WOW,,,0,0,0.817183061030794,0.7770245481136668,0.04015851291712713,0.4397991896327615,0.2,1,0.7770245481136668,0.2,1,0.6767574459375036,0.2,1,0.817183061030794,0.2,1,0.7725089339121959,0.2,1
COVER__TEST__6330.pgm,6330.pgm,COVER,0,MULTI_CANDIDATE,WOW,S-UNIWARD,WOW,S-UNIWARD,HILL,HUGO,MiPOD,,"WOW,S-UNIWARD,HILL,HUGO,MiPOD",5,0,1.0,1.0,0.0,1.0,1.0,5,1.0,1.0,5,1.0,1.0,5,1.0,1.0,5,1.0,1.0,5
COVER__TEST__5320.pgm,5320.pgm,COVER,0,UNKNOWN_OR_COVER,UNKNOWN,,HUGO,S-UNIWARD,MiPOD,HILL,WOW,,,0,0,0.8164615642796498,0.7790684083889974,0.037393155890652396,0.4400211504472044,0.2,1,0.7790684083889974,0.2,1,0.6767872176113634,0.4,2,0.8164615642796498,0.2,1,0.7727484321696464,0.4,2
COVER__TEST__9138.pgm,9138.pgm,COVER,0,UNKNOWN_OR_COVER,UNKNOWN,,HUGO,S-UNIWARD,MiPOD,HILL,WOW,,,0,0,0.8360214490983091,0.8354429733301846,0.0005784757681245312,0.4745826822830767,0.2,1,0.8354429733301846,0.4,2,0.7090530224646793,0.6,3,0.8360214490983091,0.8,4,0.8074057809653661,0.6,3
COVER__TEST__216.pgm,216.pgm,COVER,0,MULTI_CANDIDATE,HILL,HUGO,HILL,HUGO,S-UNIWARD,MiPOD,WOW,,"HILL,HUGO,S-UNIWARD,MiPOD",4,0,1.0,1.0,0.0,0.8302848898247348,0.6,3,0.992080595929983,0.8,4,1.0,1.0,5,1.0,1.0,5,0.9843314430640377,0.8,4
COVER__TEST__658.pgm,658.pgm,COVER,0,MULTI_CANDIDATE,S-UNIWARD,HILL,S-UNIWARD,HILL,MiPOD,HUGO,WOW,,"S-UNIWARD,HILL,MiPOD,HUGO",4,0,1.0,1.0,0.0,0.8320773430788411,0.8,4,1.0,1.0,5,1.0,1.0,5,0.9296666722835546,0.8,4,0.9866005283748052,0.8,4
COVER__TEST__2839.pgm,2839.pgm,COVER,0,UNKNOWN_OR_COVER,UNKNOWN,,HUGO,S-UNIWARD,MiPOD,HILL,WOW,,,0,0,0.8156732667696025,0.7761527626289497,0.03952050414065278,0.4394123791627176,0.0,0,0.7761527626289497,0.0,0,0.6749475882029217,0.2,1,0.8156732667696025,0.2,1,0.7711099949989667,0.0,0
COVER__TEST__8905.pgm,8905.pgm,COVER,0,MULTI_CANDIDATE,S-UNIWARD,HILL,S-UNIWARD,HILL,HUGO,MiPOD,WOW,,"S-UNIWARD,HILL,HUGO,MiPOD,WOW",5,0,1.0,1.0,0.0,0.9877883628084444,0.8,4,1.0,1.0,5,1.0,1.0,5,1.0,1.0,5,1.0,1.0,5
COVER__TEST__7773.pgm,7773.pgm,COVER,0,UNKNOWN_OR_COVER,UNKNOWN,,HUGO,S-UNIWARD,MiPOD,HILL,WOW,,,0,0,0.814506066231775,0.7762698357835246,0.03823623044825042,0.4389535922376863,0.2,1,0.7762698357835246,0.2,1,0.675589809799375,0.4,2,0.814506066231775,0.2,1,0.7711735307968265,0.4,2
COVER__TEST__1638.pgm,1638.pgm,COVER,0,UNKNOWN_OR_COVER,UNKNOWN,,HUGO,S-UNIWARD,MiPOD,HILL,WOW,,,0,0,0.8124441268937602,0.774253762053929,0.03819036483983118,0.4379416394452682,0.2,1,0.774253762053929,0.2,1,0.67375704543102,0.2,1,0.8124441268937602,0.0,0,0.7686217063271905,0.2,1
COVER__TEST__4899.pgm,4899.pgm,COVER,0,UNKNOWN_OR_COVER,UNKNOWN,,HUGO,S-UNIWARD,MiPOD,HILL,WOW,,,0,0,0.812645166149933,0.7756148107118749,0.037030355438058105,0.4379380378696558,0.2,1,0.7756148107118749,0.2,1,0.673985238684845,0.4,2,0.812645166149933,0.2,1,0.7690573106701727,0.4,2
COVER__TEST__9900.pgm,9900.pgm,COVER,0,UNKNOWN_OR_COVER,UNKNOWN,,HUGO,S-UNIWARD,MiPOD,HILL,WOW,,,0,0,0.816066853196749,0.7813791637651686,0.034687689431580404,0.4401377550165134,0.2,1,0.7813791637651686,0.2,1,0.6757048102928478,0.4,2,0.816066853196749,0.4,2,0.7731846821533909,0.4,2
COVER__TEST__607.pgm,607.pgm,COVER,0,MULTI_CANDIDATE,HILL,S-UNIWARD,HILL,S-UNIWARD,WOW,MiPOD,HUGO,,"HILL,S-UNIWARD,WOW,MiPOD",4,0,0.9945374949197431,0.9943463093831573,0.00019118553658581394,0.9942174392271739,0.8,4,0.9943463093831573,0.8,4,0.9945374949197431,0.8,4,0.8328305155621925,0.8,4,0.9941508177306482,0.8,4
COVER__TEST__6291.pgm,6291.pgm,COVER,0,MULTI_CANDIDATE,WOW,S-UNIWARD,WOW,S-UNIWARD,HILL,HUGO,MiPOD,,"WOW,S-UNIWARD,HILL,HUGO,MiPOD",5,0,1.0,1.0,0.0,1.0,1.0,5,1.0,1.0,5,1.0,1.0,5,1.0,1.0,5,1.0,1.0,5
COVER__TEST__2423.pgm,2423.pgm,COVER,0,SINGLE_CANDIDATE,S-UNIWARD,HUGO,S-UNIWARD,HUGO,MiPOD,HILL,WOW,,S-UNIWARD,1,0,0.9472787028359937,0.8426058164684319,0.10467288636756178,0.5863966889705576,0.4,2,0.9472787028359937,0.8,4,0.6974841525463027,0.6,3,0.8426058164684319,0.6,3,0.8373076889207915,0.8,4
COVER__TEST__660.pgm,660.pgm,COVER,0,MULTI_CANDIDATE,WOW,S-UNIWARD,WOW,S-UNIWARD,HILL,HUGO,MiPOD,,"WOW,S-UNIWARD,HILL,HUGO,MiPOD",5,0,1.0,1.0,0.0,1.0,1.0,5,1.0,1.0,5,1.0,1.0,5,1.0,1.0,5,1.0,1.0,5
COVER__TEST__2365.pgm,2365.pgm,COVER,0,UNKNOWN_OR_COVER,UNKNOWN,,HUGO,S-UNIWARD,MiPOD,HILL,WOW,,,0,0,0.813592985174315,0.7774538012237735,0.0361391839505415,0.43778784268452897,0.0,0,0.7774538012237735,0.0,0,0.6737417523936753,0.2,1,0.813592985174315,0.2,1,0.7687639032333966,0.2,1
COVER__TEST__2504.pgm,2504.pgm,COVER,0,UNKNOWN_OR_COVER,UNKNOWN,,HUGO,S-UNIWARD,MiPOD,HILL,WOW,,,0,0,0.8259773282267432,0.7840882083626681,0.041889119864075064,0.446592348221429,0.2,1,0.7840882083626681,0.2,1,0.6808257163008204,0.6,3,0.8259773282267432,0.4,2,0.7775917274295487,0.6,3
COVER__TEST__5961.pgm,5961.pgm,COVER,0,UNKNOWN_OR_COVER,UNKNOWN,,HUGO,S-UNIWARD,MiPOD,HILL,WOW,,,0,0,0.8185607868838378,0.780814444218725,0.037746342665112786,0.4406539650308612,0.2,1,0.780814444218725,0.2,1,0.6773541285708348,0.4,2,0.8185607868838378,0.2,1,0.7737929596544129,0.4,2
COVER__TEST__4172.pgm,4172.pgm,COVER,0,MULTI_CANDIDATE,WOW,S-UNIWARD,WOW,S-UNIWARD,HILL,MiPOD,HUGO,,"WOW,S-UNIWARD,HILL,MiPOD,HUGO",5,0,1.0,1.0,0.0,1.0,1.0,5,1.0,1.0,5,1.0,1.0,5,0.9565363399368236,0.8,4,1.0,1.0,5
COVER__TEST__3290.pgm,3290.pgm,COVER,0,MULTI_CANDIDATE,WOW,S-UNIWARD,WOW,S-UNIWARD,HILL,HUGO,MiPOD,,"WOW,S-UNIWARD,HILL,HUGO,MiPOD",5,0,1.0,1.0,0.0,1.0,1.0,5,1.0,1.0,5,1.0,1.0,5,1.0,1.0,5,1.0,1.0,5
COVER__TEST__5095.pgm,5095.pgm,COVER,0,UNKNOWN_OR_COVER,UNKNOWN,,HUGO,S-UNIWARD,MiPOD,HILL,WOW,,,0,0,0.8169892154266467,0.7780775084426669,0.03891170698397983,0.43932427028172166,0.0,0,0.7780775084426669,0.0,0,0.6754950022848866,0.0,0,0.8169892154266467,0.2,1,0.7722318091440639,0.0,0
COVER__TEST__6014.pgm,6014.pgm,COVER,0,UNKNOWN_OR_COVER,UNKNOWN,,HUGO,S-UNIWARD,MiPOD,HILL,WOW,,,0,0,0.8128389561213794,0.7738985988480136,0.038940357273365755,0.4386859128817632,0.2,1,0.7738985988480136,0.2,1,0.6735460402877508,0.2,1,0.8128389561213794,0.0,0,0.7692054213618407,0.2,1
COVER__TEST__723.pgm,723.pgm,COVER,0,MULTI_CANDIDATE,S-UNIWARD,HILL,S-UNIWARD,HILL,MiPOD,HUGO,WOW,,"S-UNIWARD,HILL,MiPOD,HUGO,WOW",5,0,1.0,1.0,0.0,0.9899499251117796,0.8,4,1.0,1.0,5,1.0,1.0,5,0.9935098637297669,0.8,4,1.0,1.0,5
COVER__TEST__3351.pgm,3351.pgm,COVER,0,UNKNOWN_OR_COVER,UNKNOWN,,HUGO,S-UNIWARD,MiPOD,HILL,WOW,,,0,0,0.8266499984656648,0.7898911147584112,0.036758883707253553,0.4443564121893703,0.2,1,0.7898911147584112,0.4,2,0.6811117743043067,0.4,2,0.8266499984656648,0.4,2,0.7794734683895969,0.4,2
COVER__TEST__1093.pgm,1093.pgm,COVER,0,UNKNOWN_OR_COVER,UNKNOWN,,HUGO,S-UNIWARD,MiPOD,HILL,WOW,,,0,0,0.8276705066940722,0.8130007673957593,0.014669739298312834,0.44843858475199594,0.0,0,0.8130007673957593,0.0,0,0.6831618606001909,0.0,0,0.8276705066940722,0.6,3,0.7827677071232881,0.0,0
COVER__TEST__51.pgm,51.pgm,COVER,0,UNKNOWN_OR_COVER,UNKNOWN,,HUGO,S-UNIWARD,MiPOD,HILL,WOW,,,0,0,0.8383377725479513,0.8381180858782609,0.00021968666969041095,0.4928597797048416,0.2,1,0.8381180858782609,0.6,3,0.728197013004092,0.6,3,0.8383377725479513,0.8,4,0.8327827160237643,0.6,3
COVER__TEST__9688.pgm,9688.pgm,COVER,0,UNKNOWN_OR_COVER,UNKNOWN,,HUGO,S-UNIWARD,MiPOD,HILL,WOW,,,0,0,0.8197157213331618,0.7815802725192476,0.038135448813914286,0.44103670493250113,0.2,1,0.7815802725192476,0.2,1,0.6781845781790844,0.4,2,0.8197157213331618,0.2,1,0.7740096323283692,0.4,2
COVER__TEST__7621.pgm,7621.pgm,COVER,0,UNKNOWN_OR_COVER,UNKNOWN,,HUGO,S-UNIWARD,MiPOD,HILL,WOW,,,0,0,0.8884938777393916,0.8375588244868197,0.05093505325257186,0.46031628974036637,0.2,1,0.8375588244868197,0.8,4,0.69556666093704,0.4,2,0.8884938777393916,0.6,3,0.7971123092158663,0.4,2
COVER__TEST__4248.pgm,4248.pgm,COVER,0,MULTI_CANDIDATE,WOW,S-UNIWARD,WOW,S-UNIWARD,HILL,HUGO,MiPOD,,"WOW,S-UNIWARD,HILL,HUGO,MiPOD",5,0,1.0,1.0,0.0,1.0,1.0,5,1.0,1.0,5,1.0,1.0,5,1.0,1.0,5,0.9976080931176755,0.8,4
COVER__TEST__7184.pgm,7184.pgm,COVER,0,UNKNOWN_OR_COVER,UNKNOWN,,HUGO,S-UNIWARD,MiPOD,HILL,WOW,,,0,0,0.8152189887203075,0.7746822331459632,0.04053675557434433,0.43965944757742675,0.2,1,0.7746822331459632,0.2,1,0.6762608783665407,0.2,1,0.8152189887203075,0.0,0,0.7715747825875157,0.2,1
COVER__TEST__9033.pgm,9033.pgm,COVER,0,MULTI_CANDIDATE,S-UNIWARD,HUGO,S-UNIWARD,HUGO,HILL,MiPOD,WOW,,"S-UNIWARD,HUGO,HILL,MiPOD",4,0,1.0,1.0,0.0,0.8377326097212535,0.6,3,1.0,1.0,5,0.9972476072880131,0.8,4,1.0,1.0,5,0.9773128393803564,0.8,4
COVER__TEST__393.pgm,393.pgm,COVER,0,SINGLE_CANDIDATE,HUGO,S-UNIWARD,HUGO,S-UNIWARD,MiPOD,HILL,WOW,,HUGO,1,0,0.9865944649861023,0.7775261053588758,0.20906835962722647,0.44188835015977473,0.2,1,0.7775261053588758,0.2,1,0.6489884397748134,0.2,1,0.9865944649861023,0.6,3,0.7756335956661906,0.4,2
COVER__TEST__9274.pgm,9274.pgm,COVER,0,UNKNOWN_OR_COVER,UNKNOWN,,HUGO,S-UNIWARD,MiPOD,HILL,WOW,,,0,0,0.8143096036742866,0.7751706979129536,0.039138905761333054,0.4389855616901614,0.2,1,0.7751706979129536,0.2,1,0.6758830826755069,0.2,1,0.8143096036742866,0.2,1,0.7708314347595395,0.0,0
COVER__TEST__1389.pgm,1389.pgm,COVER,0,MULTI_CANDIDATE,S-UNIWARD,HILL,S-UNIWARD,HILL,WOW,MiPOD,HUGO,,"S-UNIWARD,HILL,WOW,MiPOD",4,0,1.0,1.0,0.0,0.9998673809074198,0.8,4,1.0,1.0,5,1.0,1.0,5,0.8337855816932098,0.8,4,0.9997988213379203,0.8,4
COVER__TEST__9876.pgm,9876.pgm,COVER,0,UNKNOWN_OR_COVER,UNKNOWN,,HUGO,S-UNIWARD,MiPOD,HILL,WOW,,,0,0,0.8118796056668017,0.7743948518284214,0.03748475383838035,0.43789611922894994,0.2,1,0.7743948518284214,0.2,1,0.6744340489953201,0.4,2,0.8118796056668017,0.2,1,0.7690376147365721,0.2,1
COVER__TEST__845.pgm,845.pgm,COVER,0,UNKNOWN_OR_COVER,UNKNOWN,,HUGO,S-UNIWARD,MiPOD,HILL,WOW,,,0,0,0.81393613287686,0.7770030699162971,0.03693306296056287,0.43811720794370146,0.2,1,0.7770030699162971,0.2,1,0.6738730474953313,0.4,2,0.81393613287686,0.2,1,0.7691487783187498,0.4,2
COVER__TEST__4428.pgm,4428.pgm,COVER,0,UNKNOWN_OR_COVER,UNKNOWN,,HUGO,MiPOD,S-UNIWARD,HILL,WOW,,,0,0,0.8519897345118667,0.8429348672816903,0.009054867230176344,0.4920854487991163,0.2,1,0.8409696808757481,0.8,4,0.708703589250151,0.6,3,0.8519897345118667,0.8,4,0.8429348672816903,0.6,3
COVER__TEST__4221.pgm,4221.pgm,COVER,0,MULTI_CANDIDATE,WOW,S-UNIWARD,WOW,S-UNIWARD,HILL,HUGO,MiPOD,,"WOW,S-UNIWARD,HILL,HUGO,MiPOD",5,0,1.0,1.0,0.0,1.0,1.0,5,1.0,1.0,5,1.0,1.0,5,1.0,1.0,5,1.0,1.0,5
COVER__TEST__238.pgm,238.pgm,COVER,0,UNKNOWN_OR_COVER,UNKNOWN,,HUGO,S-UNIWARD,MiPOD,HILL,WOW,,,0,0,0.8149413440575678,0.7771190793905985,0.03782226466696925,0.43784252817242236,0.2,1,0.7771190793905985,0.2,1,0.6725861760960081,0.2,1,0.8149413440575678,0.2,1,0.7682990790934554,0.2,1
COVER__TEST__1437.pgm,1437.pgm,COVER,0,UNKNOWN_OR_COVER,UNKNOWN,,HUGO,S-UNIWARD,MiPOD,HILL,WOW,,,0,0,0.8209125262444866,0.7776137887578085,0.04329873748667812,0.44383122430262273,0.0,0,0.7776137887578085,0.0,0,0.6774210787511081,0.2,1,0.8209125262444866,0.2,1,0.7735897334883279,0.2,1
COVER__TEST__1466.pgm,1466.pgm,COVER,0,UNKNOWN_OR_COVER,UNKNOWN,,HUGO,S-UNIWARD,MiPOD,HILL,WOW,,,0,0,0.818580475640832,0.7902624827627467,0.02831799287808534,0.4454256199031734,0.2,1,0.7902624827627467,0.4,2,0.6781466659959448,0.4,2,0.818580475640832,0.4,2,0.7833128962734739,0.4,2
COVER__TEST__7219.pgm,7219.pgm,COVER,0,UNKNOWN_OR_COVER,UNKNOWN,,HUGO,S-UNIWARD,MiPOD,HILL,WOW,,,0,0,0.8160516678274374,0.7751516180978687,0.04090004972956873,0.43975099086918934,0.2,1,0.7751516180978687,0.2,1,0.6769851772195228,0.2,1,0.8160516678274374,0.0,0,0.7721059792669112,0.2,1
COVER__TEST__9705.pgm,9705.pgm,COVER,0,UNKNOWN_OR_COVER,UNKNOWN,,HUGO,S-UNIWARD,MiPOD,HILL,WOW,,,0,0,0.8168922990939,0.777894323100518,0.03899797599338206,0.4396688261304707,0.2,1,0.777894323100518,0.2,1,0.6764175625596118,0.4,2,0.8168922990939,0.2,1,0.7723368777441694,0.4,2
COVER__TEST__228.pgm,228.pgm,COVER,0,UNKNOWN_OR_COVER,UNKNOWN,,HUGO,S-UNIWARD,MiPOD,HILL,WOW,,,0,0,0.8169688698039733,0.7794955575240692,0.037473312279904136,0.43974588044386137,0.2,1,0.7794955575240692,0.2,1,0.674698668209161,0.2,1,0.8169688698039733,0.2,1,0.7717284732505955,0.2,1
COVER__TEST__904.pgm,904.pgm,COVER,0,MULTI_CANDIDATE,S-UNIWARD,HILL,S-UNIWARD,HILL,HUGO,MiPOD,WOW,,"S-UNIWARD,HILL,HUGO,MiPOD,WOW",5,0,1.0,1.0,0.0,0.9922495616791384,0.8,4,1.0,1.0,5,1.0,1.0,5,1.0,1.0,5,1.0,1.0,5
COVER__TEST__2509.pgm,2509.pgm,COVER,0,UNKNOWN_OR_COVER,UNKNOWN,,HUGO,S-UNIWARD,MiPOD,HILL,WOW,,,0,0,0.8171127790696658,0.7761321497646122,0.04098062930505364,0.4399567043768168,0.0,0,0.7761321497646122,0.0,0,0.6784987374240338,0.2,1,0.8171127790696658,0.2,1,0.7734527534870181,0.2,1
COVER__TEST__3055.pgm,3055.pgm,COVER,0,MULTI_CANDIDATE,S-UNIWARD,HILL,S-UNIWARD,HILL,HUGO,MiPOD,WOW,,"S-UNIWARD,HILL,HUGO,MiPOD",4,0,1.0,1.0,0.0,0.8376171544472077,0.8,4,1.0,1.0,5,1.0,1.0,5,1.0,1.0,5,1.0,1.0,5
COVER__TEST__429.pgm,429.pgm,COVER,0,MULTI_CANDIDATE,HILL,MiPOD,HILL,MiPOD,S-UNIWARD,HUGO,WOW,,"HILL,MiPOD",2,0,1.0,1.0,0.0,0.7390603703932718,0.6,3,0.8402084349566756,0.8,4,1.0,1.0,5,0.8346608376388069,0.8,4,1.0,1.0,5
COVER__TEST__4609.pgm,4609.pgm,COVER,0,UNKNOWN_OR_COVER,UNKNOWN,,HUGO,S-UNIWARD,MiPOD,HILL,WOW,,,0,0,0.814084099309474,0.7754856407414654,0.03859845856800859,0.43864746509274716,0.2,1,0.7754856407414654,0.2,1,0.673940161771138,0.2,1,0.814084099309474,0.0,0,0.7695936772307863,0.2,1
COVER__TEST__5053.pgm,5053.pgm,COVER,0,MULTI_CANDIDATE,WOW,S-UNIWARD,WOW,S-UNIWARD,HUGO,MiPOD,HILL,,"WOW,S-UNIWARD,HUGO,MiPOD,HILL",5,0,0.9952968466521881,0.9948820269220422,0.0004148197301458989,0.9952968466521881,0.8,4,0.9948820269220422,0.8,4,0.9912892139347452,0.8,4,0.9927639858783671,0.8,4,0.9922723042010121,0.8,4
COVER__TEST__1366.pgm,1366.pgm,COVER,0,UNKNOWN_OR_COVER,UNKNOWN,,S-UNIWARD,MiPOD,HUGO,WOW,HILL,,,0,0,0.8716712331911196,0.8714198510409521,0.00025138215016751175,0.8260897892337103,0.4,2,0.8716712331911196,0.6,3,0.7613371741603686,0.4,2,0.8336152109896181,0.8,4,0.8714198510409521,0.6,3
COVER__TEST__264.pgm,264.pgm,COVER,0,UNKNOWN_OR_COVER,UNKNOWN,,S-UNIWARD,HILL,MiPOD,HUGO,WOW,,,0,0,0.8858027532202559,0.8421263016498907,0.04367645157036526,0.6680903449424258,0.6,3,0.8858027532202559,0.4,2,0.8421263016498907,0.6,3,0.8236614757597671,0.4,2,0.8377543714908547,0.6,3
